Date	Source	Sentiment	Headline	Summary	URL
2026-03-26	Google	0.3	Brooklyn Nets vs Golden State Warriors Odds - Wednesday March 25 2026 - Odds Shark		https://news.google.com/rss/articles/CBMihAFBVV95cUxQM3ZrU0UyeXdkeTRxQ3ZzZ1RKa3NzR2M0cnU3ajFGRjNOWTNmV2dxMVFkU0lNSF9MNTRqWUNRTS13cENHb2pEZENKSmZkTmJ1dUp4UjRndTBFQ0oyYUZQX01WcENkUjJUNHdWNGxxZUtGQzdHbUl5S3RZTVBNTWxZYTV5U2k?oc=5
2026-03-26	Google	0.0	Birdie G’s to Reopen at Fairmont Century Plaza This Summer - lamag.com		https://news.google.com/rss/articles/CBMie0FVX3lxTE5zMjFaMnRFUjNuUmlCaVpfNHRXaW1VaGpLcG95eVBfQ09WTGFpTzRLaFdsaWRFQUV4YjRVakltN3RpbUNONE0yMmhZZFFhb0daX0R1ZmdReE5mS0tTY0Z6NzRHWGVzZTZfQ2VKSk0ybFJHVjdNTGxnOFlpSQ?oc=5
2026-03-25	Google	0.75	Buick Gave A Famous Nameplate An Impressive Swansong - CarBuzz		https://news.google.com/rss/articles/CBMiZkFVX3lxTE1NOFIwUXZTOEw1Y211RXRQVXlNSGFaZmM1VUhZd0R1bEEwc1ZWdXE2UlJOQkZhUncyTzhVOUg4RTBnRUk1TGkyWmVocFZ5QTVpcHQ3WEVCLVNFOWlabnRUbFZZTVNyZw?oc=5
2026-03-25	Google	0.625	Why Goldman Sachs (GS) is a Top Value Stock for the Long-Term - Yahoo! Finance Canada		https://news.google.com/rss/articles/CBMifkFVX3lxTE1OTklaa3dWa1dBcVdhN083WHBCTW1zUEVmMDlnSGtiUzUwSWstQnJwUTN5dDZfYkt4Rkw2eHUwVl9wcElBMlNkOU00YTUySFZ6UDFReVpGY0JyRW1PYUJDeWlBOXhMTFlWMG04QVNPejJ4QktNMFVIV2N4dUhMUQ?oc=5
2026-03-25	Google	0.5	GS logistics team makes top 4 at Colorado event - Statesboro Herald		https://news.google.com/rss/articles/CBMikAFBVV95cUxOTEFsNTFmckRjTHduOEVHbmdCcFM4RFRJQkdJQTNNQXZTQ1VXNHlQTm50bTdIWWpmcjk5UTFLTHlFb1RyRDdHUTdjZ2pKcXdPVzhBaEZtaGw1dzNwcHdjd19SMFhxbzRrNDlWdTZoSU1nRVRIT2x2cWFuX1FLSElnM0hYd3NnLUtiY01RVDNZejI?oc=5
2026-03-25	Yahoo	0.5	Moelis & Company vs. Goldman: Which Finance Stock Has Better Upside?	Does GS emerge as the stronger long-term bet than MC, backed by scale, AI push and restructuring? Let us find out.	https://finance.yahoo.com/markets/stocks/articles/moelis-company-vs-goldman-finance-135800193.html?.tsrc=rss
2026-03-25	Yahoo	0.478	Why Goldman Sachs (GS) is a Top Value Stock for the Long-Term	Whether you're a value, growth, or momentum investor, finding strong stocks becomes easier with the Zacks Style Scores, a top feature of the Zacks Premium research service.	https://finance.yahoo.com/markets/stocks/articles/why-goldman-sachs-gs-top-134003815.html?.tsrc=rss
2026-03-25	Google	0.333	Quick Bites: Bella G's Pizza & Pasta House - The Retrospect		https://news.google.com/rss/articles/CBMikAFBVV95cUxOZExLbkNlb0lxQ05aOVNzR3AyVjRLOTBmeml5TVBjMlNXV2s0bFFldmFsLWhJU3dQcDBkeTFVcmF3VUpnV0h4dW5BdlpXNFdXT2RLQjUxTkw4NnBmTzJGOXhTNFJlSmJvTFVKTjVWNUZPbzBsaGFJNUl2RThHU3JzdjA5SGtSNWotX2ZPTElrRXE?oc=5
2026-03-25	Yahoo	0.272	How The NetApp (NTAP) Story Is Shifting With Memory Costs And Flash Cloud Expectations	NetApp’s latest analyst update keeps the core fair value estimate anchored at US$117.93, while Street price targets now range from the high US$80s to around US$128. That spread reflects very different reads on how memory and component costs, flash storage positioning, and public cloud exposure could shape the risk and reward profile. As you read on, you will see how to interpret these shifting targets and track the evolving narrative around the stock. Analyst Price Targets don't always...	https://finance.yahoo.com/markets/stocks/articles/netapp-ntap-story-shifting-memory-110548071.html?.tsrc=rss
2026-03-25	Yahoo	0.25	Has the AI Bubble Burst Already? Why This Economist Says the S&P 500 Peak Has Passed.	Software recently has come under pressure, but John Higgins at Capital Economics believes there’s more at play.	https://finance.yahoo.com/m/b13b5b36-68b5-33d2-9572-67824accaec0/has-the-ai-bubble-burst.html?.tsrc=rss
2026-03-25	Google	0.25	Stunning Shiffrin crowned Overall champion as Scheib delights in GS Globe - FIS		https://news.google.com/rss/articles/CBMiuwFBVV95cUxQdWczQXF3Y3dXcVU2cGppNklSNTVGdVUxWWFGc0ZObU5JZjd2cGFjdXBNRVpxeGtOS08waUdReG40LXZkU2ZfVlY5UC1UMUlNdV9hcXp4SmpWVG9CNGFieGJXYy1CbzlRNi1hTTI1T3RZbXFRdmhONmJsR2JZLUtxTUxqWk9PX3I1TXNiN3dkejRTSF9HMS1rVW1vejVxa3dIRUVHVzFTdXlMY3VuNzlnM1JKdVlJOUdiWHB3?oc=5
2026-03-25	Yahoo	0.227	AT&T Receives 2 Price Target Hikes From Goldman Sachs and KeyBanc	AT&amp;T (NYSE:T) received price target increases from two Wall Street firms on Wednesday, with Goldman Sachs and KeyBanc both citing the company’s new segment reporting structure and converged customer momentum as reasons to revise their outlooks higher. The stock is up more than 5% over the past week, bringing its year-to-date gain to more than ... AT&amp;T Receives 2 Price Target Hikes From Goldman Sachs and KeyBanc	https://247wallst.com/investing/2026/03/25/att-receives-2-price-target-hikes-from-goldman-sachs-and-keybanc/?.tsrc=rss
2026-03-25	Yahoo	0.222	Visa Becomes ‘Super Validator’ For Canton Network	Credit card giant Visa (NYSE: $V) says it has become a “super validator” for the Canton Network that pr...	https://www.cryptoprowl.com/releases/visa-becomes-super-validator-for-canton-network-3967?.tsrc=rss
2026-03-25	Yahoo	0.188	Polymarket is 72% Sure That Goldman Will Lead SpaceX's IPO	Everywhere other than prediction markets, Goldman Sachs and Morgan Stanley are splitting the odds on the biggest IPO mandate in history	https://app.moby.co/home/news/news-polymarket-is-72-sure-that-goldman-will-lead-spacexs-ipo?utm_source=yahoo_finance&utm_medium=rss&.tsrc=rss
2026-03-25	Yahoo	0.156	Goldman M&A Head Sees ‘Massive’ Capital Pools Driving M&A	(Bloomberg) -- Wall Street is awash in “massive pools of capital” that should drive M&amp;A activity over the long-term, even as volatility upends dealmaking, according to one of Goldman Sachs Group Inc.’s top dealmakers. “There is an incredible amount of capital sitting with investors,” Stephan Feldgoise, Goldman’s head of global M&amp;A, said in an interview Wednesday with Bloomberg TV. “Public equity, private equity, public debt, private debt. That quantum of capital is substantial, looking t	https://finance.yahoo.com/markets/stocks/articles/goldman-m-head-sees-massive-165416935.html?.tsrc=rss
2026-03-25	Yahoo	0.141	Golar LNG Limited announces strategic review to maximize stakeholder value and appoints Goldman Sachs as financial advisor	Golar LNG Limited (NASDAQ: GLNG) (“Golar” or the “Company”) today announced its Board of Directors has initiated a formal process to evaluate strategic alternatives for the Company. As previewed on the 4th Quarter 2025 results, this review aims to accelerate the FLNG growth pipeline and maximize shareholder value, reflecting Golar’s successful transition into a high-growth, pure-play Floating Liquefied Natural Gas (FLNG) company. To support this process, the Company has appointed Goldman Sachs I	https://finance.yahoo.com/markets/stocks/articles/golar-lng-limited-announces-strategic-220300971.html?.tsrc=rss
2026-03-25	Yahoo	0.14	Top Stock Reports for Amazon.com, TJX and Eaton Corp.	Today's Research Daily features new research reports on 16 major stocks, including Amazon.com, Inc. (AMZN), The TJX Companies, Inc. (TJX) and Eaton Corporation plc (ETN), as well as two micro-cap stocks, Blue Ridge Bankshares, Inc. (BRBS) and Security Federal Corporation (SFDL).	https://finance.yahoo.com/markets/stocks/articles/top-stock-reports-amazon-com-210300664.html?.tsrc=rss
2026-03-25	Google	0.136	Does Goldman's New Macro Playbook Alter the Bull Case for Goldman Sachs Group (GS)? - simplywall.st		https://news.google.com/rss/articles/CBMi4gFBVV95cUxOWDgwZ0NOeTF0ZHhCYkhDUUhQclFsb3E2MV9nMVZkcE1iXzFNRy1ESXdLTEMwaS1RVVozTWFYeEFKdFA4WEY4Z1ZfZW9Bdm1yOThqUnZPTmFfWE1QaXdNR2RkOXpoQ1V2UVVZaFVmdVFFYm5SSEFCQmtzeEl3TTI0YzFYZDlwbi1PUmF4OWVfT2JzMUM3c2JyczNhZlV1Yzh3VXpIeGlIS1VES2pFQXE3eURkel9XZUVrVXlJNFRRbTNLMVhlVWRYeWdyQmp1VndvVUVoUEZqbGxuWThnZ1BueTlB0gHnAUFVX3lxTE1nR3hxWEpoNmVOWktXMlZicEdYTHpYdVllNGN5WnMzQy1WVU0tSFlDaHlzZHV5VHpnb1piRURkNngydGFJSmlBU3AxaTlfb1BJR3F1RW1FQ29zS1ZsVkwtcWxQTXpZVFZBYzh5emEyY2l4bklaYjJzeGU1NnZCRnU5czU0UUYzX0dQdE9jbDlHYmdIdHJydE1BVVIwc0VIWWVYR2tJQkJ6WTkzMVFRcXEtOElMM0tsdENHZ0ZFdC1RN3o2UEExMGIxTmhlMTRjWlJRa2FNc0VPMmU1cmtyNlI3X2Z1ZDZ6RQ?oc=5
2026-03-25	Google	0.136	Karol G’s Cut-Out Dress Comes With an Asymmetrical Twist in New Photos - thefashionspot.com		https://news.google.com/rss/articles/CBMinAFBVV95cUxNanpLOTBkWTRFcUR6bjJ6QzFoaVl3UXJvdDRRc3JDZ3lRc2RicEFrZ01FX0dHQTRrOWxVbElLQ2ktbGNpSnJHc09tdmhOek40cFRRNWZBeVBUalFKbTRxTERscUR1MlRvSzU4TVVNQXN2YldUcmcyTHl4bjR0NEo2VDAtMmxVVk9WRGQwZV9mSzRQbkV3cVJqbE9WcErSAaIBQVVfeXFMT3VESmRhRkpkaU4tMjBDbHRoWEk1MEJ5Q3ZhWEN6U1BKenhaRzZ6bElPZHNEUnhvS2VpSjJrdzRPMjBxdmVGT0hPVWJ6WEhCVllFbzVuNmxJV1VObEFXWWY2akFuVFhzbUM5OHA5cFlDRFFrRVRpV0c2ay1mY1B0SG9sNW42SVhnOUh5bS05OE9zcFRXQ0dqZ2djdlhPb09fbEl3?oc=5
2026-03-25	Yahoo	0.135	How The CoStar Group (CSGP) Investment Story Is Shifting After Homescom And Activist Pressure	CoStar Group’s modeled fair value has been trimmed slightly, with the price target moving from US$65.42 to US$64.89 per share. Analysts link this reset to a broader round of refreshed targets following Q4 results, updated 2026 and medium term guidance, and mixed views on the Homes.com investment case. As you read on, you will see how these shifting price targets fit into the evolving story around growth, risk, and what to watch next. Analyst Price Targets don't always capture the full story...	https://finance.yahoo.com/markets/stocks/articles/costar-group-csgp-investment-story-090526320.html?.tsrc=rss
2026-03-25	Yahoo	0.107	Should Goldman Sachs Equal Weight U.S. Large Cap Equity ETF (GSEW) Be on Your Investing Radar?	Style Box ETF report for GSEW	https://finance.yahoo.com/markets/stocks/articles/goldman-sachs-equal-weight-u-102002967.html?.tsrc=rss
2026-03-25	Yahoo	0.017	3 Market-Beating Stocks with Promising Prospects	The best-performing stocks typically have robust sales growth, increasing margins, and rising returns on capital, and those that can maintain this trifecta year in and year out often become the legends of the investing world.	https://finance.yahoo.com/markets/stocks/articles/3-market-beating-stocks-promising-114830987.html?.tsrc=rss
2026-03-25	Google	0.0	BMW F450 GS Global Launch Date Revealed: UK Prices Show What Indian Pricing Could Be - Cartoq		https://news.google.com/rss/articles/CBMie0FVX3lxTE1QN24xREJ5VGFtc0MwR2lEdVp2TnVWYXNHenZnS3lPZ3YzekJ5N0J5OXk1bkRhQ2ROeWxSM0stdkIxU042YVpFRFFYaHpkSHNLTHBFdUZNUThlRWpIc1BaRTl6MjdXbmJ4RnJRLTRsSnhVZmRkV3NCd1dKMA?oc=5
2026-03-25	Google	0.0	Birdie G’s Comes Back to Life as an All-Day Restaurant in Century City - Eater Los Angeles		https://news.google.com/rss/articles/CBMiogFBVV95cUxPRExuTVRCSUo4RGhUR01mdWx5ekxsTUtDZFNVT3NzNW1CbWdTbE1DYm1zSUlzd0lVbkpqQXh0S1BsUW5TMFdIMlNjUUdWZ190OHUtc2VMdG1rUDV0WWJtMkVwWjBRQ011SFNFZHhSY21iYmhlSU5RMmhwYnVPVGtlUExtNE1BOVlIR1YtSHBUZmFlcVdFZkx6UEpuaUhNZGROREE?oc=5
2026-03-25	Google	0.0	Birdie G’s Reopens At Fairmont Century Plaza In Los Angeles - Hoodline		https://news.google.com/rss/articles/CBMiiAFBVV95cUxNcG0wUTEzNVVEdDBvdFZzYjRKb3FWM3FvMVNQMlhZZHNEVmV5RFV3U0VKOEtrN3JnRW4zV1pnNmJZU0s2R1ZmckE2VlFsS1JSMWlLbEZaalItQTNxeW9kdENpeXE5YzNKdEhrWks3WmkwRi10dTJsMGZfZUtvdTE2NUJpZWJMYTE0?oc=5
2026-03-25	Google	0.0	Corvette Racing Decal C4 Corvette GS Fender Stripes, Hash Marks C4 Corvette Decals - hotelier.com.py		https://news.google.com/rss/articles/CBMihgFBVV95cUxOUFJ0SWJTRWtXam9zd0NpdFdjYVZld1pLV2N4TFZTQlhFaDNGbmZXSnoyTzE5RVhCRDRwaWVoNzYwampXSXhXYUFRczI4d01xY2VHZ3FKVDc4Nk9WU0s4RmtSbVA2VW5YZ2dLdUNObTFxYUt2V05yVFVHV3VTYUJ1TXZ6aWdvQQ?oc=5
2026-03-25	Google	0.0	Dolezych 1-Part Lashing Strap, 700 Dan, 4m Length - For Securing Loads, GS Certified - ruhrkanal.news		https://news.google.com/rss/articles/CBMiggFBVV95cUxOMjZibllCSWhwNUd5WXgzVzBkRTl5UlJlaFNfaG5CaU4tLVI1bzJwVmlXbno1N1RtaGxNSjdhMW1QVlhUVEYtWWRKaWV5cVZocVNvaEU5V2dCZzRUaVhPWkxzOW9NTUs4SW1WNld6R3ZQZ0lXenNKbzNGZVF5akZpVVJn?oc=5
2026-03-25	Yahoo	0.0	Earnings Preview: What To Expect From Goldman Sachs' Report	Goldman Sachs is poised to release its first-quarter results in April, and analysts predict a double-digit surge in the company’s bottom-line figure.	https://www.barchart.com/story/news/944387/earnings-preview-what-to-expect-from-goldman-sachs-report?.tsrc=rss
2026-03-25	Google	0.0	FIS Alpine Skiing Women's World Cup: GS - RUN 1 - Lillehammer - CBC		https://news.google.com/rss/articles/CBMiWkFVX3lxTFBLR1VXS3BwTFQtQzByLWxHYzlOQnJhWnRIUjN3ZVJZVUR3NVlSOEZockNIMm1wcm1iUkpIM3Z4UTJKWllBbzdsd3pwYVpQSGIxeU0wVElQSkFxdw?oc=5
2026-03-25	Google	0.0	Form FWP GS Finance Corp. Filed by: GS Finance Corp. - StreetInsider		https://news.google.com/rss/articles/CBMirwFBVV95cUxNaVVvSldYdm1yX3RKRk1uX0FlVmFIM1VSTEZibjltTnlLMnplSEhXemloSnlxdWpObTZOalFHZEc5a1hMbDFDSGZtTTF3OE1NamtEZ1VrR01hYUxObmdxNFFIYW5aRXNySWxYTTZGMUVJY1RXdDQ1ekJ1czRfNWlyMklFWG5JNmRLLXlxeU5xSzZXSS0tZTVKZjlyN1A4b1owRkxsVkd3NklzckM1TWZV?oc=5
2026-03-25	Google	0.0	Funding and M&A Roundup: GS Power Partners Secures $250 Million - Mercomindia.com		https://news.google.com/rss/articles/CBMijAFBVV95cUxQQzFxc2U1Q2JlQURvYnI3VzNUeFFSeTRDSDdYRkhWMU51V3RhVVZ3dW9MNHlPLURZdHJka2VjNzBpNV9QMVJXVGZ4eWx2NWJrZnh0UWszazVNb1FhRXdTenRUTWNHaUhBQnN2Qy1WelpicTJQeGRHZjVTcTRtWFZKN2h2eHdDS0Q5cDBsUQ?oc=5
2026-03-25	Google	0.0	GS E&C opens Changwon Xi The Sky model home, starts sales in South Korea - CHOSUNBIZ - Chosunbiz		https://news.google.com/rss/articles/CBMihAFBVV95cUxQeS1DQ0dNMndWcGl5djhHOV9Sa0NNRURoVGgta2pkcGw2M1hxVnJkaWJfdllONmw5ODdtX0FNT0VNY2ZMaXBDM0Z6WmEtM19vVGRjUm5JRHJob042MlRaaGVLMnZsQWdKTzFvV0xqelVSc3RmdVVWcU5jcGpFLVhvbFZIcmfSAZgBQVVfeXFMTU55UEdnTE4tYlMxV0UtUDVwd1R5OTl0VklYU19DOTRmaVo1TVMzUkNnQlA3Wkh0dzFrX0x6ZWREcndGcXJwcXl6MGRaZ1pXLTdtdkJ4UkNNQktlRzJYemdDX296b2hnN3RQNVVobl9FSkg5MG96R05zT0dQWW81R01fb3Jsb3VoWlhQSWtfVEtLNEtvaXZYdHI?oc=5
2026-03-25	Google	0.0	Gile sweeps GS at Highlands in NorAms finals - Aspen Daily News		https://news.google.com/rss/articles/CBMiygFBVV95cUxQOEFBRGdtc1VCTjkzMHNTMjZkQ09tQ21zN19vZkJOTV9mMlZTS2pxWVhnaks1dWRjUi13SFM5X1JTUDBaUmJXOGMwU2FlNV9abDdIYzFzX1hhT2NsaXhPRzZmdHRMWjlMSElZSldkT0I4enpTMVdBTjhma2t4d0pjajNpQUNhVkQzRV91WXJIMmRlLVNSc0FvbWtIU0tEQ2gtR1Nhb0FLd2tzSm16NjBnWkI1NlFDWmh2NUs3cVBZT0RLaTRJaTNKcjVB0gHPAUFVX3lxTFBtb04yRmJsMk9Xb2t1X1p4dF9tNk1NSnh2UjBmSC1sVjc3RnJxQTlVRVJvbDNGbnFmejIySURWTDVCb3Rfcms0WFpISWpCcDR6RzVaZUllRG10RGdGbkNpN1ZRanVtLTV3ZnZJeHdpa2pKVFh5YlNmMk5WaW5KWW5tOVFMTE9QNGp0T1JUdm9famd1c054ZUZnczc1anQ1MzVueDI3RkxVSTdrT2ZhdmFjWEtmUFhvT1libFFOaVkxSkx3TmRMYkRrc0EyTlBjcw?oc=5
2026-03-25	Yahoo	0.0	Goldman, BlackRock CEOs Predict Massive Growth in Alternatives	By 2030, Goldman alone expects its alternative assets under supervision to reach $750 billion.	https://www.thedailyupside.com/etf/industry-news-etf/goldman-blackrock-ceos-predict-massive-growth-in-alternatives/?.tsrc=rss
2026-03-25	Google	0.0	Grenier Closes in Style as Shiffrin Claims Overall Globe at World Cup Finals - Ski Racing Media		https://news.google.com/rss/articles/CBMioAFBVV95cUxQY1FqY2lIYWcxT3hZMTZ2cDRhYVBoZFBEWFlaSjgwUmpuakVTWlBoQ05CMEJxWTlUWEtTVG1WTXJrNk5zTDRNc2pZTFMtVkE4UEZ0cmJWUDZSN21MZWVTRFVrMEY0bEZmS0Z2cGhrbU1hclI4alkyRlFWV0NYLTJpNDVIS2w1Yy1yZ0gxd284WjllYXRFUldIdDVvYTY4dkR2?oc=5
2026-03-25	Google	0.0	Mikaela Shiffrin claims sixth-career overall crystal globe after finishing 11th in World Cup Finals GS - VailDaily.com		https://news.google.com/rss/articles/CBMizwFBVV95cUxNLUJfeUNVWGVYUVFsYS1CdXNCMnNJbGx6Q2xRbkg0WFQ4Q09fU1FnVXF3bTRlODVtTnY2a1pBaUozNkdPSWxuYTdVSnhKRHNrUzRseW14NkxXWExQWVpzZlNIa0s3UnN2Q3lSMzBkcEduNVcyUTdCU0k4YjRlbHdBY3VHT3Z3UHBfNFhTenBBR2Fja3VwTG1qd21NMFQ5bjFMdlBSMU4zejJmZ2JrMWNYS0FQcjlMWW53Z3BqTDVKQTBWbFMxa3NBQkpHaGZJWEU?oc=5
2026-03-25	Google	0.0	NBA Power Rankings: The Thunder reign while East teams rise - ESPN		https://news.google.com/rss/articles/CBMiogFBVV95cUxOeTBxQVMwb3g3WjZ6WjZOLWlacGpTNEthV05DUVpmRVR1eXd4UFpleFYxUnJSSmJJdVhxODJLSHlqLXNrNXV0ZDlKSmtSWmxuak1uQXNWblRUVzJPLU5jN1Y0QU9oVXZ0M0p2bG16Rkc5ZEtQMGI5aGl5SjRYdUsxZU9FdjlBV0hzaF9GYy1uVE1mNHdicVkxNExwbmR4b0NfU0E?oc=5
2026-03-25	Google	0.0	What happened with my BMW R1300 GS in last 2 months: Ownership update - Team-BHP		https://news.google.com/rss/articles/CBMilAFBVV95cUxPNU9meUNTUTdlbFhrZnlMYTdZRGxDT256d2FjcTRoZ2F6eHN3MXJLU01oejZqX2c5eEdFVXV1T3lHS1k1RmIxcXJneGRBZjZPWlMxMkdMcnJxTDB5bGVhbkRYdzFhOHJ4WWJ5S1JDd2VSa3MtcElsd2FVQ29UVlBobVoyRzBDSEIydnNvcmJ6aXNKWGt50gGaAUFVX3lxTE1PV0VTYS1mNms5NG9UakpuOGJ1OENGSUV2M3llOVdfQ0VLLWV4UDNkTkdZYjVVQUtFLWs4QUxxc0I1WFBtVFZOT3h6ZngzVllHNDJPdlQ0QmxTVmxLT0p0LWNJX0J3WVVvVWFaclZVWjBZRms2YTF0ZHBuOHpTOGhpYVZhcjJaSkRYZl9NeVNtLV9wNTZxTmw3NEE?oc=5
2026-03-25	Google	-0.025	Karol G’s dream come true alongside Alicia Keys and the meaning of her version of ‘Try Sleeping with a Broken Heart’ - latination.com		https://news.google.com/rss/articles/CBMieEFVX3lxTE0xUmNDemMweUxueUVnSEtINktCVHEweUQyb2t2bXd2RmU3Slp5dVJVZTdiUUd5OUxWSTBnQ3JIeWhCR2RsR0FrVFV1aWpoZFFONnh6TkhybGE4M0lOTUJ3RXZLZkthZ1FXOE13Z3RhVUFVSUNKbUh3Yg?oc=5
2026-03-25	Yahoo	-0.033	Record Earnings Could Not Stop MS Shares From Falling 6%	One of the biggest names in financial services and investment banking, Morgan Stanley (NYSE:MS) posted a record $70.6 billion in 2025 revenue and an 11.2% Q4 earnings beat, yet Reddit sentiment has collapsed from very bullish scores of 82 to 88 in mid-January to a bearish 28 by late March. The trigger was not the ... Record Earnings Could Not Stop MS Shares From Falling 6%	https://247wallst.com/investing/2026/03/25/record-earnings-could-not-stop-ms-shares-from-falling-6/?.tsrc=rss
2026-03-25	Google	-0.044	Canada’s Valerie Grenier Wins in Hafjell, Norway, as Shiffrin Secures 6th Overall Globe in Dramatic GS Finale - SnowBrains		https://news.google.com/rss/articles/CBMiygFBVV95cUxQaUxaQVpxekw4NUdUNld2Vkk2WUJvNkRYaUxIMjQ3dTZOeTRNQUxHZUpYT0lXX3hZRWFSTmQ0VVhwZFEycUctMjRqWjRGblR1ODQ4d1pzLXZtQzdLT1dMa2VOejVmdzhlOTE1d3lGdlgtQ3VOazRqWG9FUHRJQ01IZnZkb0ZBa1lwZUtiaXVwSXFBYzlKYTNBeDNyTWVOb3dKcW1jd0dIX0U2bUJCV2trS0ZSMUlPS1dxODVrcThOdHYya2huMXd4c05B?oc=5
2026-03-25	Google	-0.2	Tibhar Grass D.Tecs GS Table Tennis Rubber - Glue Sheet, Green, OX (No Sponge) - ruhrkanal.news		https://news.google.com/rss/articles/CBMikwFBVV95cUxQVUVJcmZ3TEp5SThlUm1qNndvbUZrei1KcUw0QWR1UmZuamptNzR3LWJsTG9pZWZ3NllEWW1NRk4tZXZzLWd6bHV1WDYyeFNxUVdsckM3THNFSmVuT0FldjdsVXdlZkFaOTNJNW5zaDZuTDRvMG1JT2xkX0xnM3VtRVpRTF8wNUpHWjVLVHRWc0dISDQ?oc=5
2026-03-25	Google	-0.7	GS Caltex Cuts Refining Volume Amid Crude Supply Crunch - 서울경제신문		https://news.google.com/rss/articles/CBMingFBVV95cUxPdkVlQ0RjQ1RNUWIyLUtZRVZkVlBDbWJYMlFCRUVFZTFOWnpuc3dnNVBSbzFhMVg4ZktLLVFjRFRCM1lXZ1NkcldKYU9PRTdxV0VpU0hhZlFxTGcwdnBZR1RvWUxKWEhYSllqMDc4VGk0S3BWTVJYbzg3b25yd1NsemlOalBYUjE4emNTSy1FMzdLSGpRMjNjSW5lamx6Zw?oc=5
2026-03-24	Google	0.8	Silva propels GS Caltex into playoffs with 42-point win over Heungkuk Life - CHOSUNBIZ - Chosunbiz		https://news.google.com/rss/articles/CBMif0FVX3lxTE5HOWxDVG03V2o3MlVuUWxpcGJwYTdXTkszQ0hQUUotSnBDT0dNWWFLZHpjbGxSZTA0V0FiUDgyMEl6TGpFREhHcUs1LTQwWDY2bkpjaFFWWlptNFhtc3luNjRJQ1BvY0xyMC1jeE0zSTBtT1JtS3VYQWJiY3IzcjDSAZMBQVVfeXFMUHg3WFhBczBzOFpieDhRS0tYRkNZN0FaMUhXeUpBcFlvQTBrcW4zb2k5ZHNEYlRwVzVwRlJnM0lROTVOV2FjOUE5ZFhmd21lQ1lId3hodkt1Q3k5dE9DaU5xelBYRHVFWTVWQUN1b0RKZ0Z3bE14N1k1LXpzNnFOREIyclpZeGxKWmN1S0M1UDY1RlM4?oc=5
2026-03-24	Google	0.5	Karol G’s styling secrets and her stunning look at the Con Cora gala - latination.com		https://news.google.com/rss/articles/CBMihAFBVV95cUxPZVFsYklHbk12ZVBOQ1dnZkhoNWdCT0JfVUlWWU9BN3ZuUUgtWWI0WEVFYlRCU09HRk1aQVRNWlpqY1ZHcDdXdGg2ZHI2TVQycGx0UEhlRUpWTjFGQU5hQWdMS2hEUVQwLXkyU3FYSHRBbTFrajdfdXNjOHBiZkRfWUU5eXI?oc=5
2026-03-24	Google	0.5	The BMW That Gets Respect Everywhere It Goes - Top Speed		https://news.google.com/rss/articles/CBMiekFVX3lxTFBsSzNNUkNyZ2cxbWNMcFhTTEI3eFZyOE01VnBGLVpHc1JkOUsxWnphZTJNSnB6dmtkNFc2YnREbnljM01aRXh1b3NuclZfZTBKVmMwOC01a3IyekpnZHg0SzYxTFAwMzY3OWoyNHZnMldsSVhvbnUxZnp3?oc=5
2026-03-24	Google	0.4	Shiffrin on verge of record-equalling Overall title after ninth Slalom win - FIS		https://news.google.com/rss/articles/CBMizAFBVV95cUxQWEhmR09heUU3ZHZSZm93dGl1X2Z4UjhySVh0Z2ZiTE44R0FjMnJBblFaRzVid3ZiRlhKX3RtVTY3N0YwU3piMG5UWkNFWGUyTGliaDRzaTJrTTByaEJzakpHMENaV291di1DdFE4dU5Nc3pINFpabmUtR3NnQnI0SHhPQWtnVkJHMWhQaWswNWJGb0ZsRF9meGdUcmgxUHY1MjhiT0I0azFZSXdlUFc2bEg2X0VwZFdIaU9zcW05MkdwWDhxZlFrVFpXdFU?oc=5
2026-03-24	Yahoo	0.299	VIX Signals Traders Want Proof It’s Safe to Buy the S&P 500 Dip	(Bloomberg) -- As stocks staged a powerful rally on Monday after President Donald Trump eased off his threats on Iran, the message among some money managers was clear: don’t get comfortable just yet.Concern that more volatility may lie ahead was on display in Wall Street’s chief fear gauge, the VIX Index, which barely budged from its perch above 26 as the S&amp;P 500 Index jumped almost 1.2% in its best day in a month. And a measure comparing the number of stocks moving up versus down on a secon	https://finance.yahoo.com/markets/stocks/articles/vix-signals-traders-want-proof-113546374.html?.tsrc=rss
2026-03-24	Yahoo	0.28	Goldman Sachs Top Energy Picks Have Big Upside and Pay Solid Dividends	Goldman Sachs is the acknowledged leader in the investment landscape on Wall Street and worldwide. The firm’s top-notch research department continues to provide institutional and high-net-worth clients with the best ideas across the investment spectrum and is likely to do so for years to come. Founded in 1869, Goldman Sachs is the world’s second-largest investment ... Goldman Sachs Top Energy Picks Have Big Upside and Pay Solid Dividends	https://247wallst.com/investing/2026/03/24/goldman-sachs-strong-buy-energy-picks-have-big-upside-and-pay-dividends/?.tsrc=rss
2026-03-24	Google	0.25	MagGo GS Launches on Kickstarter as the First Magnetic Gaming Sling for Switch and Steam Deck - The National Law Review		https://news.google.com/rss/articles/CBMitAFBVV95cUxOaldxRXVYWi1KcGhIa2ZhdVVpWThRQy1mazRRWG54Wl9yME5QWnF6Y1p2Z2dxM05obVVGaVoyaWJIYUpDQnh1MVE1Y2ROVFZBX2xqZVQ3ZHAtMFpYb2FvaEY1bzBIbUJtVkItaUtTenZ3VUd1bzItT2VVT09tdzJDZkxJcVNTS3pyb3dRNldJQ3RxcWIzZ2JvalR5TGUxOEs1dE5QSVoxSHNjOHFoTTl1RGtvVVI?oc=5
2026-03-24	Google	0.208	Becky G’s Bold Crop Top Literally Hands by Only 2 Strings for Big Update - thefashionspot.com		https://news.google.com/rss/articles/CBMinwFBVV95cUxQTEczOVBHaGIxTGZZR0ZxbEs4MGI1SFltMEo1VTRYakdVZTFNcEM0Nmt0RGlQUWJfRVlfV0ZhLWJmc1lvdHlYcy1BTEhScVRESHFFdmdpanllQVJ5U2tSRDdjR3hDM1NmazdCc3VxY29EQmIzaUJiSXlLUEx2UTRlVWpocTd5UjB0WEllaTcyUVdNS2lqejZadmRGVWp5SHfSAaQBQVVfeXFMT0JXRWJMcC04MkxveDJta0xaQWpLRmYxVHF1aGlnRllCUkZNNEgySEx3LW82VEFZek9xSWs0QzBpN1kzeUNqd3U2a1duWVBvM2NYaFhXVlhGRmJVSXM1bGFpOVBrbEdhMHZwcm1KU0dlU3JMRnhLLUZ4TGF0MllNdVVBdXZQWVlydjZGUnVDcE5YdDh0NGJaMHY1b00xbzNaWHo4YkQ?oc=5
2026-03-24	Yahoo	0.2	Want Better Returns? Don't Ignore These 2 Finance Stocks Set to Beat Earnings	Finding stocks expected to beat quarterly earnings estimates becomes an easier task with our Zacks Earnings ESP.	https://finance.yahoo.com/markets/stocks/articles/want-better-returns-dont-ignore-130003341.html?.tsrc=rss
2026-03-24	Yahoo	0.178	Goldman Sachs resets recession risks for 2026	Goldman Sachs just bumped its U.S. recession probability to 30% from 25%, underscoring how quickly things are moving. Just weeks ago, the odds were closer to 20%, but now we’re seeing the risk being repriced in real time. For perspective, the bank isn’t talking about a specific trigger. Goldman ...	https://www.thestreet.com/economy/goldman-sachs-resets-recession-risks-for-2026?.tsrc=rss
2026-03-24	Yahoo	0.16	Oil Advances on Troop Plans, Fears of Extended Hormuz Closure	(Bloomberg) -- Oil resumed its ascent on Tuesday with lingering uncertainty over the time-frame for reopening the vital Strait of Hormuz.After a steep decline on Monday, the global benchmark Brent climbed 4.6% to settle near $104.50 a barrel on Tuesday. It had traded below $100. Prices pared most gains post-settlement after an Israeli media report that the US is seeking a one-month ceasefire with Iran.Trading marked another volatile session, with swings tracking the day’s developments out of the	https://finance.yahoo.com/news/oil-holds-hefty-drop-trump-232733718.html?.tsrc=rss
2026-03-24	Yahoo	0.154	2 New IPO Stocks Goldman Sachs Thinks the Market Is Mispricing	Initial public offerings (IPOs) are the lifeblood of the stock markets. They bring new stocks to attract investor dollars and offer new vistas for innovators and capitalists. Although the IPO scene has been depressed in recent years, suffering from the aftershocks of the COVID pandemic, this year is shaping up to be a good one, with plenty of companies waiting to launch their initial offerings. In a recent note, the team at Goldman Sachs lays out the case for a strong year in IPO activity, writi	https://finance.yahoo.com/markets/stocks/articles/2-ipo-stocks-goldman-sachs-111331773.html?.tsrc=rss
2026-03-24	Google	0.15	Lucas Pinheiro Braathen Wins GS Globe in Last Run of Season After Odermatt DNF in Hafjell - Ski Racing Media		https://news.google.com/rss/articles/CBMiiwFBVV95cUxQUmtiUzd3bEZOU2d4Q29QLUJCNWtsRzVKanFDQVgwcEJweTlVNEhzSkZkU192bll0c09ZZnU1QzRNR0lJZ010dExGcHJWTU9zYUhNSmFrVjVxdzNpSENSOXE4em9CeHFmWkZIWUthcVhNNGNoRU9WbUFEWUZKbzJsV3FfdmEyLW1uRGhR?oc=5
2026-03-24	Google	0.067	Is It Too Late To Consider Goldman Sachs Group (GS) After Its Strong Multi‑Year Rally? - simplywall.st		https://news.google.com/rss/articles/CBMi4AFBVV95cUxQSktjVUxhcDQwaFQxanVENXVILUxBNkY1Q1FaY3F1ZFF3bDdQd0dOSEc3WXdjenlRWFNWZVgzbm5OV1NYQjBlNVh2Y2VZYjI0bmh4dUlVVmdrSXpuQ3JMZWl2YU1EajRrWW1hWkJlNGpGV2Vsb3Q5Q2tOdG4yR0R1akNEeHZYcE0xaXBxOUtXSFFGV0kxNkpPZmZaNGJjQVN6MTNZVjRqemQ0TXBRZC1PU1ZhNkNtbkNLTndJTHU0MlhiQVZJb2h5LTVIYTBpZXBLV0VfdkdydFNRdzZPbzB0WtIB5gFBVV95cUxNdWZPTF8xZGRPb2h2d1N1WHk0dW5scXcwZWF3N2lldGIwWU5zaTBiZWNxVXliOFlzUWxUT0N6bFAzdUxIVkJkYU1jMUg0eC1HdHp1b25tYVlfdmRGanpaOEpsWmJFajdBaS1QaDdjZVUwOTZnQS1yZUp4TkVCRTg1RTFuZVR3ZS11cWc5Tk1UUlNWSXN0TG1OUlFQalNuajhBNV9QTWN0czdvR0x6N0x1UVlQX3EyVjB5S2lybFZ5em9HTGxySHpMWkdlRmtnMGFHUzVZQV9fTlA4V0tWTENpeERQMUZXZw?oc=5
2026-03-24	Yahoo	0.031	This Power Player Owns $154 Million in XRP ETFs. Should You Buy It, Too?	A major investment bank has taken an interest in the coin, but it's unclear if it'll last.	https://www.fool.com/investing/2026/03/24/this-power-player-owns-154-million-in-xrp-etfs-sho/?.tsrc=rss
2026-03-24	Google	0.0	1970-72 Buick Skylark / GS Hood Latch Release Handle Without Clip - hotelier.com.py		https://news.google.com/rss/articles/CBMiiAFBVV95cUxQZXNRTlVPb05jSXc5TE9Sd21oQUFZZkF0R1RoZldIdXo4YVZ5QmFCRERzSzA1Q3kyWEpGazRZamY3T3R0dnVyZWZtanAtLWFUbHdOaGx0blZKcndzV2p3WUJqOGNCQzhSeXBSUm5QVXpJSHBlam5mdUlobVFpeDF5dHc0aEVVZU94?oc=5
2026-03-24	Google	0.0	Ashley-G's Photos - ClickOnDetroit | WDIV Local 4		https://news.google.com/rss/articles/CBMigwFBVV95cUxQSmcya1kzZ1gzRGxlTF9iMS1DVFdWQ0tuQ0ZSMUdQN2EyNGUyNVhrNG12TlF2c1I0LXhBSzU1VkNRTUV2YkdOX0V3RDQwcXNpZnNyZG5US0xmVUktUWFZcEhtZlhqSXUwV3FNNlY4NWFBVV9XMDhQS1Z5MFFsZGlxT0dXZw?oc=5
2026-03-24	Google	0.0	Bilateral Meeting of the WFTU GS with OATUU GS - WFTU		https://news.google.com/rss/articles/CBMigAFBVV95cUxOX3dwbkZLV05ocVc5SjVjalVsRHZaalRoNk9xcllqTUJPQUpYNmtEZ1M0d3VWTFlZTjhJWEdmTnZfMnlpbC1uOVpYazNfN1ZSNmdZa0drRlVXVWQwaGxuZnJaMVVOSzFta2dIMTlydV9tV1AxcW9RR3VKRWFIcXM3ZQ?oc=5
2026-03-24	Yahoo	0.0	DB to Exit India Retail Unit in Strategic Pivot to Core Operations	Deutsche Bank to exit India retail unit, sharpening focus on core, capital-light businesses under its Global Hausbank strategy.	https://finance.yahoo.com/markets/stocks/articles/db-exit-india-retail-unit-144000093.html?.tsrc=rss
2026-03-24	Google	0.0	Emotional Pinheiro Braathen makes Brazilian ski history by sealing GS Globe - FIS		https://news.google.com/rss/articles/CBMixAFBVV95cUxNWDlYQ1d4Z1NXZmdZcDBxNU05N0xpWVNYZzUxcHhtRGJOS1U3dVJoRnQxSHZGU1BFT2VSRXg5QWozSmxja2JLQlhlNzMzSTlsRUdDaUFYalZiQm9wRWZQLXFkcTk5dzhESzBXemtUWW52N1V0NjZyRWhmMjNNd1RnYXhxMENlTWNlVHdlcFZ3NXJWcmN1ekMwUDQ4cEYzNHQ3VlJQN0Z6c0JNOEJvNGI2czhQbWJiM05wX2lkLWgtRFNwQnJa?oc=5
2026-03-24	Google	0.0	GS Caltex Advances to Playoffs After Silva's 42-Point Performance - 조선일보		https://news.google.com/rss/articles/CBMihgFBVV95cUxNQWxSYWNYc0ctQ2lIVHl0VTdCaVJVa3Z0eWtwMnE5ZjhQMmpTb29CSVo4eFJJMHdSOERHRnJ4ZGV3Ql9YVm5TbGI3Y2tDek9jdDhybnNULVNRZmwtLWNrdV9NeWlwWEVtaXZlLUhlMGtGS3BwczJ3T0JtZEtCUDgteUFQdFBydw?oc=5
2026-03-24	Google	0.0	GS Caltex Advances to Playoffs, Beating Heungkuk Life 3-1 - 조선일보		https://news.google.com/rss/articles/CBMihgFBVV95cUxPV1ZweEpqelF0bU11ZlBTM2pIMnhBYkFBWUR2R1NVM1JFVGpjaDVVMW1BQjB2MEFodl9ZeEJIMzB6ekFscTluSXNfaXN3UGVjWExDWlpobmdBMk5oUW9wLVZmb1paWWxoRFlsdEVXTFhnb1RTUno5VUR6T0hiX0xiTnU4M1lLdw?oc=5
2026-03-24	Google	0.0	GS Finance (NYSE: GS) 0% notes — 150% upside; maturity Apr 3, 2031 - Stock Titan		https://news.google.com/rss/articles/CBMisAFBVV95cUxNSlVZc2dtQ215ZmdBYmNDMC1DdlpZUWl3VVdMV0FLU0NkOWF2NXZrUkNySU90ZXppSlRibG1pdzdfcGIyazFCXzFVeHY1R1B6LUxkRjR1Q1k2NXV1N28tR0FKRTV3ZUhFMXkweEZsOEhnQ3lmVjk1QXBXR1BLVGF3WFZLcUlyaVVWWFhGa3ZZRlZ4UE1CZWltX3ltNEdJc3dDVmJMVG1YMEQ0MFowa0FJOQ?oc=5
2026-03-24	Google	0.0	GS1250 Rear Wing Fender Mudguard For BMW R1250GS R1200GS LC ADV 2013-2023 R1250 GS Motorcycle Tire Hugger Mud Splash Guard - hotelier.com.py		https://news.google.com/rss/articles/CBMioAFBVV95cUxPbjNMT2V3cGZlZ3ZyeGRqTmV0cUdqY1RmZEdkeTZlZjF1RVJpTXJjY3ZXQ2tXc2lWa19rLTdzR0xfQ3owZXN1NEtBbjFULVB1WHpLZEpXNm0zYlJDM2JTM0JEczlUWGxlaThPQ0pnUnpqazBLYm1vVmtzdm5sMnltdzJpRDZoWVNnRDJCci1KMW5aeDE0TGx0QldRbS1kbnFz?oc=5
2026-03-24	Yahoo	0.0	Goldman Sachs Revises Asia Rate Outlook as Oil Seen at $115	War-driven energy shock prompts tighter policy expectations in India, Philippines, and others, while inflation forecasts rise across parts of Asia.	https://finance.yahoo.com/economy/policy/articles/goldman-sachs-revises-asia-rate-230429190.html?.tsrc=rss
2026-03-24	Yahoo	0.0	Goldman Sachs reveals two bullish trades of 2026	John Storey, co-head of equities distribution in Goldman Sachs Global Banking & Markets, recently painted a picture of a market that appears resilient amid the volatility. Storey appeared in Goldman Sachs' “The Markets” podcast on March 18 and spoke about emerging market trends amid the ...	https://www.thestreet.com/crypto/markets/goldman-sachs-reveals-two-bullish-trades-of-2026?.tsrc=rss
2026-03-24	Google	0.0	Marco Odermatt DNF as Pinheiro Braathen Takes Control of GS Title in Hafjell - Ski Racing Media		https://news.google.com/rss/articles/CBMiggFBVV95cUxNY1dVaW1nNWVndWl5Z2t3aDUxd1BIa2ZVRHhud2JERkZqX0NHM1V3Wi1YZE9LdWloYkZFSG5vdnZCR2NIdEhaZUxrWmdjTTEtaUZYT1pCWnN2SnNVczhabV9aZEUzQ0VGX0NPcXJkYVNvS25BN2xoRElsTXRfNlhnTldR?oc=5
2026-03-24	Google	0.0	Restored 1965 Buick Riviera GS With 360 BHP Nailhead V8 - Motorious		https://news.google.com/rss/articles/CBMinAFBVV95cUxOeGxWSjEwOXBVb2JYblR4YmJuQUZoQ2k1dVN4SGRwRzgxN2RNMm1GeERvaUNMMi1tbnpyVkZNd05udmkyT0xOQkxkZFVCaUh6VXo5c21kQ1otRlh3TV9vbTFsRDVlZTF0TzRtdFNsQlJMd0ZRdHVJdVZGUVQ5S3BGNXdyVEVjVV8zWFgtaHpwM3h1QXZBM1l5c05FaXE?oc=5
2026-03-24	Google	0.0	Silva Scores 42 Points as GS Caltex Advance to Playoffs - 서울경제신문		https://news.google.com/rss/articles/CBMinAFBVV95cUxQSE1hSzRsTEo3emF3aklMelZRNjRYNDc2cER0UTdPTk8tb2o0ZWk2WkN6RFBQdVdwdVhJUUNXekxFekREMktmV3NoQnJzM2JjcjFVT01PenhvbUpzaWw2Zkt2OEM0YmtieTdaZkl3aFN4bE9rRmM2dkU5WUVvWFIzd09vWXQ3eVVVNVlUQmhaUTNmWkxaOWJ1VUVXZEk?oc=5
2026-03-24	Google	0.0	Women’s GS Start List Hafjell Finals: Shiffrin vs Aicher for Overall Title - Ski Racing Media		https://news.google.com/rss/articles/CBMiggFBVV95cUxQWjNFd1FEVDNGYm5fdklSUnB1MXg0NTB6SEhGV2pQekx1YlZQZUowdVZvczd2TjE4RXFGSjRCeUNqb3IwMmZaS2c2bmN4dFBrQ2l5aFdldk85YlZ5UXB6M2J6SWRVMjlDdHotMjJhdDRRVV9JbUVnVi0zb1U3d1RGdHBB?oc=5
2026-03-24	Yahoo	-0.054	Oil Claws Back Drop as Iran Official Rejects Talks With the US	(Bloomberg) -- Oil rose — following a steep drop on Monday — as an Iranian lawmaker ruled out talks with the US, and concerns mounted that other regional nations could be drawn into the war.Brent climbed above $103 a barrel, after plunging 11% on Monday as President Donald Trump backed down from a threat to strike Iran’s energy infrastructure for five days, claiming there were talks with Iran. Still, Tehran denied negotiations were taking place, while Israel kept up attacks. US crude benchmark W	https://finance.yahoo.com/sectors/energy/articles/oil-holds-hefty-drop-trump-232733718.html?.tsrc=rss
2026-03-24	Google	-0.15	You either love him or hate him: Kenny G's life and career - MSN		https://news.google.com/rss/articles/CBMi6wFBVV95cUxOekJudEF4UzlTX0h4VldmaXJTMU14R0xEZm9CLW9ycFd3RTFiaE43ZkNnZHAxZ3FwcG13SnByYjFNLXlsQkc4bjZWTHR2V1Jwdi1TYnByVGU0djhFcHNEd3hEWDdrSnJycGpfRy02V1VVOFU5MVBLRlZPUm5JV1VyUndPdzgwQkd3SW15QncxWW1lVEhxRzVWSmVWcml4TDVidDlZODNVQ213TmRiUkI4LVhZVHZZc1FDM0g1TEpkZFo0WldUQTNzem0zcHpfbkctdGlFU2N3cEExNHhUX3N1ZmVMYTgwYWdkeml3?oc=5
2026-03-24	Yahoo	-0.225	Goldman Sachs reset oil price forecast for the rest of 2026	Goldman Sachs raised its oil price forecasts for 2026 this week, on March 22. The reason is the prolonged closure of the Strait of Hormuz. The bank described it as the largest supply shock in the history of the global crude market. This is not a minor model tweak. It is a fundamental reassessment ...	https://www.thestreet.com/investing/goldman-sachs-reset-oil-price-forecast-for-the-rest-of-2026?.tsrc=rss
2026-03-24	Google	-0.4	Goldman Sachs Group Inc Stock (GS) Moved Up by 3.28% on Mar 24: Facts Behind the Movement - TradingKey		https://news.google.com/rss/articles/CBMiiAFBVV95cUxOMENiUEhNSW1aUEZRYzRGMWhGcm5IRjFFZU1wQWhHTnNOWTQ4QWpyejJKMnI0NmRTaGxfbnhITVJfbzFrT1ZTdmY0czJaT3h5MlQ2T3RxYlZUR3BTY2dLa0k5NzFSUkNpVjZqS01mNk9wODFzQVpsWFBMQlo1cWpHaWV5ZnFxYm1W?oc=5
2026-03-23	Google	0.8	Slovenia’s ruling liberals win slim lead over conservatives - TVP World		https://news.google.com/rss/articles/CBMikwFBVV95cUxPX2puVjZudVNvMF9PSFoyNjVOb3pJTG5sVGFWZ0k0ZXZkZ3JyOWdGc3RnaUpNWmxlTTh0VEQ1eXNkWmpCMFBsYW1lOGp5cXF1d0ZHVzBGWWwyZThZUUlQSlV0WHhYT2F1aXl0bWxJLTFHVkplQVlTYVMwSnNiRlFheDlrLS1aaXZkZkZKNWt0ZjhzYTA?oc=5
2026-03-23	Google	0.7	Goldman Sachs: Selloff Represents Good Entry Point For Investors (NYSE:GS) - Seeking Alpha		https://news.google.com/rss/articles/CBMipwFBVV95cUxON2l4RzR2WExDMDdzUUdtc2Q2anNycWVTcFVSLU8xX0pNM3ZKX0hhcGQ4R2VGVDhUdU5kTlJlbERBSW0ydVlTY25fV0o5MGdRWHV4N2VtdnpXWUJOQV9uWU5XNVlmM1UwenBHWEx2NUFWWVdLWjRsejBuVnRfOUVZaUFFMjdfWEhyR3N1Tlc5SktDMXZxZEpIOU9nRnJVUjdtN1BETDJHbw?oc=5
2026-03-23	Yahoo	0.5	Make the Most of Your Retirement with These Top-Ranked Mutual Funds	Adding these three top-ranked, best-performing, and well-managed mutual funds to your retirement portfolio could maximize your returns.	https://finance.yahoo.com/markets/stocks/articles/most-retirement-top-ranked-mutual-120002648.html?.tsrc=rss
2026-03-23	Google	0.4	"The ""NINJA WARRIORS"" of SKATEBOARDING | KASSO FEST Skate & Sound Livestream - Boardstation.de"		https://news.google.com/rss/articles/CBMirAFBVV95cUxOWE9DZkJxbENTd2pRRVpJVXpYZ0JrNFduVzlQNGhxX1F2ZFotbHpHeDZDMHBZZGxUSWlsZnV2ZXVMZ2xNVjlwNW5uSnpCNm44M2ZuV0RYVDd2Tjg1bHRYUl83ZUc0NjFoQjcxZWVVRS1iajhubVVNMUpfd1RRVVp4eUNFUEJOWEotaDg1ZC1jZjhpcDREUTBwRW1WZ1JNUHRCZFlhdXQweldNbDF4?oc=5
2026-03-23	Google	0.3	Goldman Sachs (GS) Surpasses Market Returns: Some Facts Worth Knowing - Yahoo Finance		https://news.google.com/rss/articles/CBMinwFBVV95cUxPSmpUTXlQNlNnMXNQUnVIa3ZkUm9wOUY2Vk5UaDdnUXY3Wl9QMFdaS1htMVNnSHZnbVV2ODMxazQzWVJlNDMtQ3VQUVVtZkxjN3cwbDA2X2hnT1BZMXBzTU94OWhiZ1VzckNsUVN2YmJ3N0hHTDJBTmtZN2lwVjJuOFZyeEtzZUcwbzF1cHZ0bWpJR0NzNjhNUTRNeUlhdjA?oc=5
2026-03-23	Google	0.25	GS Caltex and Heungkuk Life Insurance will hold their first spring volleyball schedule this season.G.. - 매일경제		https://news.google.com/rss/articles/CBMiUEFVX3lxTE5kQ2tPd1RKdjNqSFRRUk0zeG1fMFpWNTN5UC1zV3pUOVY0SGRCSGR2emxDYUc3M19MaXBJWHRUeklvaVpqMlNhcTZmNFNvZm1u?oc=5
2026-03-23	Google	0.241	First C8 GS Pictures with Custom Wheels! Revealing the New AEROLARRI Starblade Style! - CorvetteBlogger		https://news.google.com/rss/articles/CBMixgFBVV95cUxONHNCN1FoYkpXcVZqTmJ3Wi0yR3piRkUtd2RNb3Vka2dENXZybzVhalFJb3BOOE9RUHI0eEdZUUlpQVFyTjNCbDlnaTdjY2pNRlFRQjlOYmVhNThFNHlHM3QwVFpSeU9NMTJDS3FnZTRWaklKOVN2R3hzTDZiQ2I5R0hubFJoa0pLQmhkZ2pLeUpCQzVUWEpyakdXc0RKQkNQU3l3TmhxdXFNWE8zdkVKNUR5VHllckFidlJXLWZlMUxPYU0wbUE?oc=5
2026-03-23	Google	0.2	'Spring volleyball after 5 seasons' GS Caltex will play with promising volleyball players... Performance and municipal events 'Pungseong' - starnewskorea.com		https://news.google.com/rss/articles/CBMiekFVX3lxTFBnSER6c1RyZlpId25ZeWdXQ20tMEltanBsR182dlVkWkhEMzhyaEVyZ1ctejlJQm8xb0pfVkl2dmpCaEJSUDdzQk5tZG5ZSjVlR25HY1k3YXZWV3R0dFJ2TGRxVlVhLXdHRXNGSFRhWGpCSzdUNEVQR2RB?oc=5
2026-03-23	Yahoo	0.175	Goldman Sachs (GS) Surpasses Market Returns: Some Facts Worth Knowing	Goldman Sachs (GS) closed at $831.27 in the latest trading session, marking a +2.18% move from the prior day.	https://finance.yahoo.com/markets/stocks/articles/goldman-sachs-gs-surpasses-market-214504565.html?.tsrc=rss
2026-03-23	Google	0.16	Asan Tangjeong Xi Metro City Sale Anticipates High Demand - 조선일보		https://news.google.com/rss/articles/CBMiiAFBVV95cUxOWWVWVUdTTDdvaXhNX3ZBWkRfNVhDbC10TnloSmR0YmkybmlzdEl3QWxXcldFYmJYV0N5aUc1Znl6OTNJbFVDSEt4WUNMc1lLekNDVWRoVDl5YjY4STNoZ20zdXN5UnVfMUJVSmc1d2VsdEZiWVVuVkN0ZVAtSEJFMDZ5WUI3SzUz?oc=5
2026-03-23	Yahoo	0.144	How Hartford Insurance Group (HIG) Story Is Shifting As Price Targets Cluster Around US$150	Several research firms have recently moved their price targets for Hartford Insurance Group into the low to mid US$150s range, while a model fair value estimate holds steady at US$150.85. Analysts link these targets to a balance of constructive views on underwriting and pricing, set against concerns about softening P&amp;C conditions and rising loss costs in some lines. As you read on, you will see how to track these shifting viewpoints and what to watch as the narrative develops from here. Stay	https://finance.yahoo.com/markets/stocks/articles/hartford-insurance-group-hig-story-090732887.html?.tsrc=rss
2026-03-23	Yahoo	0.016	Market's winners & losers last week: Why these 2 sectors stand out	Barron's Investor Circle newsletter editor Josh Schafer sits down with Yahoo Finance Head of News Myles Udland to go over the top winners and losers in the markets (^DJI, ^GSPC, ^IXIC) last week, highlighting two sectors in particular.	https://finance.yahoo.com/video/markets-winners-losers-last-week-145947214.html?.tsrc=rss
2026-03-23	Google	0.0	B-G’s Matthew Wombacker Competes At Both USATF And Nationals - The Evening Sun | Chenango County, NY's Hometown Newspaper		https://news.google.com/rss/articles/CBMivgFBVV95cUxNbEtORDdBeEk5MXl4S0xCb1JadC1sbXc3UXJ4NzVzQU5td3lKN1l1NXFpNk5IOC1USXhpU2dOUVZLSHljcGdhNG04MlhGanZUbkl5akI3Y2RDaThPQUN1MzRKbkJ5SUt0TVlGUUh3eUk1eXpsalJ4UWF0UDZUSUQ5aFVMaGNhbEk2MVdCMk1KQW9HODM1OUFsZ1VFbFhHLU9uNlBLdE8xaVNmQUpyTUg4YUladjZuanU3eDdiT093?oc=5
2026-03-23	Google	0.0	CBC Sports: FIS Alpine Skiing Women's World Cup: GS - Lillehammer - CBC		https://news.google.com/rss/articles/CBMiWkFVX3lxTE14NWFrN1p0Q0hQNHRGOWwwMFlrUW83aTJJU2J4UkY4aldaa25VeUtyMWtwM2IyQTI2bk1RQUdrTHhGTWJTUzBmUmJMZVV5RTZBNFhUZWw3a3JTZw?oc=5
2026-03-23	Google	0.0	GS (NYSE: GS) issues autocallable, no‑interest notes with 250% upside - Stock Titan		https://news.google.com/rss/articles/CBMisAFBVV95cUxNRW4wMWU2Nk55U3o3SHFVWDdpQnE4UEJKWU5PRUp5UXJKTXJQQjhTRk5PLXZRWUc5NTZoUmZtZkdhbVNoNDRJNVVLelhOVlhwbnBwSDBxRFV1ZHppVTJyMkVreWZBQVgyX3Eyc28tbDJjOHh4VUUxZWpDTmJzSGRQUFd0WUVaNjZoM2s1b0lYSkVlOWN6aDZ5UnREczR2R1VJTHRpcGwxd1Exd2RnaHZLcg?oc=5
2026-03-23	Google	0.0	GS Finance Corp. (NYSE: GS) basket-linked notes maturing April 2027 - Stock Titan		https://news.google.com/rss/articles/CBMisAFBVV95cUxOaW01b0pMbWUzSVdJaDlzNjFUelhab2RvYzZxU3FwdVE5UVMyS0FoRHp2Nm9FNTd1aElXakdtSXF6NTdCZlczRms1RWk4NzBRMU42dWVSZjAzX0RVcHpIYkllUFhiRzFSV3I3ZVUwNEJLTzYycnRhZVBUMGt0OENzcGx6dVZ3QlZnS3FuM3ZwMmF2aUxCcEFqZUxiUWhJaGh2Mkg0ek5GWHpoeXp0eXk1Uw?oc=5
2026-03-23	Google	0.0	GS Power Partners Secures $250M to Scale Solar Platform - connectmoney.com		https://news.google.com/rss/articles/CBMilwFBVV95cUxNakVyOXFOZUY3ZmhZU0h2OS1pOEJENGwwR1JHaUNkTXJfRzUyeWtxVVRWQ0p2ZG1iTUdURWo0c2pxNGhLN0t1WndzRC1YQ21fSkNzRGxpd3JqSWptUXNuYXVDcHhmOU91NTZwRVgtX2dVX08tWGpyQ183X3pMd2oxT3hnbVA0aTBTNUJ3MWJnZUlhN1pKdWs0?oc=5
2026-03-23	Yahoo	0.0	Goldman Raises 2026 Oil Forecasts as Hormuz Flows Drop to 5%	Bank lifts Brent to $85 and WTI to $79, citing prolonged disruption and over 800 million barrels in potential supply losses.	https://finance.yahoo.com/sectors/energy/articles/goldman-raises-2026-oil-forecasts-122716736.html?.tsrc=rss
2026-03-23	Google	0.0	Indulge in elegance and friendship: Afternoon tea returns with Julia by Neli G’s on Friday - Euro Weekly News		https://news.google.com/rss/articles/CBMixgFBVV95cUxQZ2x4dFViWmJmSkNrYXRUa19tTFdrVmZGNUFFU2dmdjhabkpta1kwNU0wSnI2NlhaQkpDZzdRbWhsNUYtbVVZdHJLV3BDX1JMU2FIWW9DN2J4TXIta1FqQWxMLWVEWldZYTRkclJkSndQX2JtTTEzMTJSOHZfT290bHdScHBwYWtXdGJMQURSOTEtSHpJTFVyWkE1Zm1CSE9WSVg4VGNWRUxaMXI1LTQ0OENQSTFxaWdVNTZjX3Qxb0RvQkNpS2c?oc=5
2026-03-23	Google	0.0	Men’s Giant Slalom World Cup Finals Hafjell Start List & How to Watch - Ski Racing Media		https://news.google.com/rss/articles/CBMihgFBVV95cUxPR2dDdUwzVUloRmtsQTJjWmd0UWhhTXQzaGtxV0JKYkp0Y2FWOGtwQVM3WjN0Z0dhMFN2M2l6Uk80bk5wZl9pR0FacEZHMzZkRGJKbm1yNndrT0xNaVNyb3Njb2IyYkxTbzNIYVZ3VV81RjlRZmVOdEYzUXdMWWhiNHZkMm1hQQ?oc=5
2026-03-23	Google	0.0	Peso GS Weekly: Currency shock keeps bonds on edge - Metrobank Wealth Insights		https://news.google.com/rss/articles/CBMijAFBVV95cUxQeHNJR1A3UEJrMDJhaUthc3IyRWZJSnhnNHBqN2pWWmptTGh6NWJHYVR0S3JlNmZNb21UUXdibGxFeGtCM0ZkcW1UMXNtNlZjTkNJcVE3S01OMTVmRkFKMzlvaDNRcG5JaGNaZ05aZWRJS0hNcVRGZ3liYXBkT2JfSEk2c1NhbEpLd2lIWg?oc=5
2026-03-23	Google	0.0	Photo Gallery: Men’s Soccer Club Against GS Armstrong - The George-Anne		https://news.google.com/rss/articles/CBMimAFBVV95cUxNSFhLelB4ZFNGTFhLRjdBTFVOdHpHU0VEQ3F3eDRvWFA2MnJRS25WamJnWE9zaU9Ec0loLU9RdUp0U1V4SU1HZWVGa0N4cnZYQ3lSZ2pnSFFkdDNNV2VHWTVObmk2bHM0RExXWmF2OFdRUnJCYUNRSV9wWlRmYmdhb2ZnbmZhdVBGOEhMaE9BSFl5aDZha011cA?oc=5
2026-03-23	Google	0.0	Price tag for RapidRide G’s big orange panel repairs: $650,000 - CHS Capitol Hill Seattle News		https://news.google.com/rss/articles/CBMipAFBVV95cUxQS19VV1lEdFBoQ19jNmJkWjc5UzJaVm9VbjdBTTZEcnVZYldtN0pDWEZSaHI4VE1oREk3b1F6elI1YnJoMEt1cmtoNlY5VXdwUE1HQXJlb0x1ZW50WXpFNmotZU0yZktPQm9ENlhjb3ZLWDkyMzdWckNvU0V2aFg2ZVVyNWt0c0o2amdLTFpKLWtqV29rYzRXSHJndVJHUjNYZ05zLQ?oc=5
2026-03-23	Google	0.0	Protezione Piastra Forcella Per BMW R1200GS & R1200GS Adventure | Accessori - hotelier.com.py		https://news.google.com/rss/articles/CBMioAFBVV95cUxObmlzbUw3OEgyT0Nsem80MXlCb3BPQjdaSlNuWlFFaTVwQUt1NFZJT3l6WndMNmNIZ1pONThGVmZNVG91NXdtbFM4V1hTZTJsaGN5ZTBWN1Z0OUdIVkFjaXpLSkx5MEJZdThDcU5vSncxT19vNVlqQzh6aXFEYVpHaGtjZEFmTjhNVm93eUJDUHhiTGRIS3BtbmwwVF8wRGtu?oc=5
2026-03-23	Yahoo	-0.062	Oil Is Back Under $100. Trump Says Iran Has Agreed to No Nuclear Weapons.	Brent and WTI fell sharply after President Donald Trump said Iran had agreed to no nuclear weapons on Monday.	https://finance.yahoo.com/m/1a0d3215-33cc-3240-b80c-ffa5cc8b7fd3/oil-is-back-under-%24100.-trump.html?.tsrc=rss
2026-03-23	Google	-0.4	Warriors vs Mavericks Game Overview, Stats, Injuries, Records - NBA Game on March 23, 2026 - Covers.com		https://news.google.com/rss/articles/CBMiakFVX3lxTE03RzJBSlVjMXd1bVp0aGdiWHp6YVNhRnBTNHA1dnYtOVl3cURsQzlUem4waTlUNThsUnJHZVhaZWxGWWpTem1kUmxvY3AxM3BKZXJiV0VveElNbERRWEc0REozTVR3TU1zSkE?oc=5
2026-03-23	Google	-0.7	Opinion | The ugly truth about ‘merit’ promotion in the federal government - The Washington Post		https://news.google.com/rss/articles/CBMikgFBVV95cUxNbV9Hc2pOMjhYTVd4d0NCX1B3TUxISkVZcWprLWZBT3E5Sm9TZTVKTG5UaEZSRlhjbWxEa0tpRDNqTEd0VW00R2RIQ0lwV29wZHEwbzk5ZzBfYUhLVDRwSDgyMzlCcVFGSjE2cXN5dG1xTTV1ZDB1M29Tam1oaXlzQ0U0NDVvZTc4Q3pUaWVaSXpzdw?oc=5
2026-03-22	Google	0.5	The Adventure Bike With Honda Reliability And Harley-Level Presence - Top Speed		https://news.google.com/rss/articles/CBMif0FVX3lxTE10di1zTG1iN1lnd3RDM3FMRkVUeE9teklqekJTNFhDNTlfNGJQRjJwVmw2VUxjMmpZV2ktUWs4eThLWl83RGtFbUpmU0hmTjQzZDJWekhwNDRpSmxIbVl6RlduM2Z4a2tSaXlma3VST1QxUWpWZnlrbGQzbzNTdnM?oc=5
2026-03-22	Google	0.3	Golden State Warriors @ Dallas Mavericks Odds - FanDuel Sportsbook		https://news.google.com/rss/articles/CBMimwFBVV95cUxQYTFIX1Aza0k1bmpibGM0NzZnRkI4aGh6LUpUVERPdTdNM19tYTcwV1VwcWlTLWpENHRPeVRIT01pdWUzbFZFSXo1V1RsZXFmckg1STY2eWlxSHVISFN1OHBqbDd5ZnFGTW1yY3NpVWU1Z1QzTTJ1a2gtdS1LLWZ1cGxwZXdiN1lqSnZ5dk91VERMRk9XMGJ2QUtWbw?oc=5
2026-03-22	Google	0.3	Golden State Warriors vs Atlanta Hawks Odds - Saturday March 21 2026 - Odds Shark		https://news.google.com/rss/articles/CBMigwFBVV95cUxPMVY0RUJqakJtNHhkUmFKRkVjNlhPTTRaOHFRbUw2b1FENE9pYXdXLWMxLTJMZmdrUXdnTVZ2ejFWRENOVkYxdGlBRHlqU1k2SmhnWUpMSTNUc0FnejVWaGV6bm8xMDRzck5WRmVkUmpWbHpzd1llX3VBYkxMM0tTMUhZWQ?oc=5
2026-03-22	Google	0.3	Golden State Warriors vs Dallas Mavericks Odds - Monday March 23 2026 - Odds Shark		https://news.google.com/rss/articles/CBMiggFBVV95cUxNTFdGcDVDdEJsRWhfaDF4emlmdExMcTdhQWt0cF9HMkJoLXBTaURDcVUweWowdmQ0YzJ3a3ZsSHY1N1N1TXNyXzV2V2xZX0E0ZVAxNldRZEZieFRoZGpvS05OVDd6SGdKTXFTWmFMa2NkbVNHd3RKb3JCSk9XcHFnbVJ3?oc=5
2026-03-22	Google	0.164	Pink Steel Kick Step – 400mm High, GS Approved, With Spring-Loaded Castors For Easy Moving - ruhrkanal.news		https://news.google.com/rss/articles/CBMijgFBVV95cUxOZUY4Q0dzMnk3NW1HZE8zTXdscm5tanp4RTZPa3hTUHZiNUthaUEyZzNGTGlxc2dOckdSc0dtbkxFMHZpcUlzX3hVOG1tOTdKQWM0Y18wNU9ubEN5YkpFMGkyMlZYdG01YXY1UG8wOElvYXZfYndrLTd5cFFiS0F4MzVLQXUyUlZSUVVNWmZR?oc=5
2026-03-22	Google	0.15	Mikey G's Finally Has a Home, and It Was Worth the Wait - The Raincross Gazette		https://news.google.com/rss/articles/CBMikAFBVV95cUxOZVJJSlYyTTdsME9pTHBpVFJjdE83eXI5R05IM3lTclZpODg3WTRkbEpBbktjMGVFb2RjVVpZMjBwY2FqWUFYOGRPdGdrdU5YRmhfSEg1UnpBZ3FvN0RjanltYUQybWdEc2RCdzVjMjhER2RRWkFJLUJDN2xCb21XRmgxR2RkdEtfN3gwekprRUY?oc=5
2026-03-22	Yahoo	0.086	Goldman Sachs sends blunt message on Nvidia stock after GTC	Despite all the bearish noise, Goldman Sachs isn’t backing down on Nvidia (NVDA) stock yet. After another stellar GTC showing, the bank reiterated its $250 price target and maintained a buy rating, underscoring confidence in the AI giant’s tremendous upside from current levels. ...	https://www.thestreet.com/investing/stocks/goldman-sachs-sends-blunt-message-on-nvidia-stock-after-gtc?.tsrc=rss
2026-03-22	Google	0.0	Bazzana (GS, 5 RBIs), LaViolette (HR) put on Guards power display - WFIN		https://news.google.com/rss/articles/CBMi8gFBVV95cUxNOXI2VlRVSm1EeFRaS2QzX3lpUnA4WjRJTHllYkZjclpZekEwTWJwaUV5NVpxVl9TOFBWem5oUWlwQ2F4d1ZSZmMwd3FUSXRzVk16X1hJRGtyODNEWG16UVdHd3VrSENnazZUNzZDbWJpTzVobm1fSWpTS1dJeU1lMkVsYTBfS004Qk5lR1ZUelo3WlByeF9ldGd3dVpoeHdXUHYzbWVQazdscDA5emZud21EcEJQM1plcF9WQzhxN0JTRTlSeFJXa3l0WHp4SlFoRnNKWml3bEJtRm5XRF8wVGNvNk9hSDhoZnZGNUQ1UkJsUQ?oc=5
2026-03-22	Google	0.0	DHEA regulates chloride homeostasis and sperm motility via the membrane receptor ADGRG2 - EurekAlert!		https://news.google.com/rss/articles/CBMiXEFVX3lxTE9XQnJvWTFJc09pRWM1SnVpOXd0bjBNUXRCQXU0ZWhLMU1HQWxiR0labUtvbEtOb2J3ZWplV2lWSXhSd0tkU3RwamhTSjBnUGkzN2RTaVVDaG1lc1Nh?oc=5
2026-03-22	Google	0.0	GS Retail Removes Clause Excluding Cumulative Voting System, Moves to Protect Shareholder Rights - 매일경제		https://news.google.com/rss/articles/CBMiU0FVX3lxTE5NUkJoeThFdWh4VndqTTV4bDBPdzZLVnlWSlZudkxOUVNwa0hMVUJ3dEV2a2JJQjdRMzd4NnEwS0lMZHlVRE5zY1QtRGpILTJwNzJV?oc=5
2026-03-22	Google	0.0	Goldman Sachs (GS) Warns Energy Surge Is Driving Inflation and Pushing Rate Cuts Off Track - TipRanks		https://news.google.com/rss/articles/CBMiugFBVV95cUxNc3dqVi1HQzNFdllvRFJmYUNWeGJnWjVPMzlyZmpJN3N0QVZuaWRQMlVhWU5EWEpNakFXRnBHdl9QZG9QVFJONE9KOXczZkJmV1dQclo1MkRLY3RPaURnaUhVR2puZVlDcHNRTXJSd2xFRmdPSXBNUjl3VEJVc0tyU2pfNmhrWVRGMzJURUU2MzZJSHRMdUYyUkp4TEZIMWFmdEJ4VXBmY29wc29vQTN4LWp1bXZyMmRpdGc?oc=5
2026-03-22	Google	0.0	Karol G’s Con Cora Foundation’s Con Cora Land Benefit Gala - Red Carpet Fashion Awards		https://news.google.com/rss/articles/CBMirAFBVV95cUxPYWVrSkhYRjhCYjdzVUhMV3JVTTkyNDV5dnlvVi1jX1RrYTJLamJxTUFaUWhMVl9vNXJSbXpsNnl0VkRhdUZxQUcyclZGYjhZR0M0QmI4ODVLQnpqbjg2Y095UTVJa3RSQkNwUEdLWFJBX3RJNnZ1dUhYcTBsVUt3ZWJLNncyMmV4UUgxSEEtSlpXM3ppdjdlY29TODVnVGRLMExtelhQemtWMHJ4?oc=5
2026-03-22	Google	0.0	Labelbike 3D Resin Tank Pad Stickers Kit For BMW R1300 GS Adventure (2024+) - Blue - ruhrkanal.news		https://news.google.com/rss/articles/CBMikwFBVV95cUxNel9NcDZFY1RNMVVEVTlHeDF0dWVzQUxxekRoZFExbmRlek5LSWx6RjdRNllOeXd4TGRIOVgxdmZhLXdfemdQVV9NV2FNbkJtOFBOVHQ0bUNrUHhzOHVId1djb0l5ei1mb1RkVDVYSjNoZ1BHR092Wl92QTlzM2hQRlFWdWtjM0dsRENydVhnbGVCSXc?oc=5
2026-03-22	Google	0.0	Yerba Mate Canarias Serena 1 Kg - GS International Groceries - GS - hotelier.com.py		https://news.google.com/rss/articles/CBMiogFBVV95cUxNYlpiTkxpVm85U21yb09FZ3pfLVZ3NTFYcVBicEZ5YXBtYXNLdDNvdFJhc1JWdlRpRlVUdF9DNy1QTUhadXNGRVdDWG5WLTgxYU9Tc3pzYkdQRW5iMHdSRC1Tc1FIWW1yWFQ1NlhTSmRoVUZqNzFELVlVUVhzbFRtZzVxTnBXSzNNMVNQSWpmSVpCZ0xtcS1jR0t1U2F6QzRDeHc?oc=5
2026-03-22	Yahoo	-0.067	Beijing vows broader market access as goods trade surplus hits record levels	Investing.com -- People’s Bank of China Governor Pan Gongsheng has issued a firm defense of the nation’s ballooning trade surplus, characterized as a stabilizing force for global financial markets.	https://finance.yahoo.com/economy/policy/articles/beijing-vows-broader-market-access-102341457.html?.tsrc=rss
2026-03-22	Google	-0.167	Motorcycle Radiator Cowl Side Bags For BMW R 1300 GS Adventure (2024+) – 4L Storage, Waterproof, Black Nylon, Max Load 2kg - ruhrkanal.news		https://news.google.com/rss/articles/CBMiiAFBVV95cUxPdV9PQ2lHdFR5MnY2V3d6aWppbk5hTl83OTlsS19Od2lXTFI4aWozYnlYNEpFZVlzcmNSV3Z0dWZRQXllOFktSmd1eC1QLWpfSF9qWTBqWnBETlpJZkxCY2FHTFJ1bkdnQnFkdnlHVVkxTGhSWmQyYWU0UG5qQlFKTzg3bWpzamhH?oc=5
2026-03-21	Yahoo	0.142	Barclays warns of succession risks as Fed and DOJ enter collision course	Investing.com -- The Federal Reserve is facing a profound institutional crisis as a deepening legal standoff with the Department of Justice (DOJ) threatens to upend the leadership transition of Chair Jerome Powell.	https://finance.yahoo.com/economy/policy/articles/barclays-warns-succession-risks-fed-010049435.html?.tsrc=rss
2026-03-21	Google	0.136	GS Marko vs PS Kalamata live score, H2H and lineups - Sofascore		https://news.google.com/rss/articles/CBMigAFBVV95cUxQQ1dpWnMzQWJiaFNYdkRxQ2tOc3Q1YUswWFl6Z3BkT2d2X3JoQ1B3cDN1QWczVXVTUjZ6RjRZakxrbGQwNVNDX2YwV1RlQlBoYmljczk2LVczTEVWM0xCTE1YNUd2eGxNbXNFNkZSM3EtTGRyd2N2cGlRXzZKQS0zSw?oc=5
2026-03-21	Yahoo	0.01	Goldman Sachs Flags Private Credit Risks While Building Shorting And Funding Tools	Goldman Sachs (NYSE:GS) CEO David Solomon has warned about rising risks in the US$1.8t private credit market, pointing to weaker underwriting standards and potential systemic effects if conditions worsen. At the same time, Goldman Sachs and other large banks are giving hedge funds tools to short private credit, while liquidity constraints are affecting several firms in the sector. For you as an investor, this puts a spotlight on how Goldman Sachs is positioned in one of the fastest growing...	https://finance.yahoo.com/markets/stocks/articles/goldman-sachs-flags-private-credit-120532350.html?.tsrc=rss
2026-03-21	Google	0.0	Anklesh Kumari appointed state GS of Cong OBC dept - The Times of India		https://news.google.com/rss/articles/CBMiwgFBVV95cUxQMF93eWRuMFV6VEdYSGMyTFVyVXZHaDlWYXl1RGVKcFltSEFaSV8yMXJkbDdnX043aWEzSV9xTnBLMmdYWGxoZ3ZyOE44dlBzZENXVzVuTV9GOEhDUjhJU2RQYWFoUlBfRTZJTHpMYnZPc3BtRGljOEJkZHNoem5qeHJCc0RGZUpaX0xYcmRwd0UzSEtDTHNKT0c2VlA3eFE5elo5dWpXcThtbXBIN2hhOE1jZlpvd0VIRUQ3b3hUeC1vd9IBxwFBVV95cUxPRmRIRU9pSThtNkd3dm5EV2pKMVU1Q3U0SHQzeEtvR3FFWVlXdFJDMUYwMGpvb0xYaUxDLUVlZVJPMzVhbjdod0V0OWZRTVpuVWxzdFI2VG1tYUs1NlR3Ym9IWmF6UEVYTXBpdE5Wdzh6aXNkYkw0TUdLcEQtMG1zdkV1cFJmd2VRMHloZmR4T0JvcXMtRnlRSGRLTVJ0UnVTQVR2Y0ltbEdYXzZTTTZzSXNqdGUtR3dnZjFMT0NNTDdZcVJDZzBF?oc=5
2026-03-21	Google	0.0	Floating Tapping Chuck Holder For M2-M16 Taps - Telescopic Toolholder With ER20 Adapter For CNC Lathes (GS-TER20A-D25) - ruhrkanal.news		https://news.google.com/rss/articles/CBMikgFBVV95cUxPZUh2dE53dGt1TEl3X1ZDakhST1FKbUpoZmRSUmNScWtwZnhhREM4S010NzhPbGIwQjFVOUo3S1ZQc3Q1TWhiVFR6WEpmSFV0YWNjTFZZVHNCeXNnd1g0VkRSUEtDZ1JvemVvYW5LalFNc1JLUURhS19ZMDc0cW9OSUF5Zl9mbHpST0pxUUR5MnZ1UQ?oc=5
2026-03-21	Google	0.0	GS Masonic Square & Compass Cufflinks - Assorted Designs, Presented In Velour Lined Box - umlconnector.com		https://news.google.com/rss/articles/CBMilAFBVV95cUxNWWI1c2gzWUh1NWliYmE3ZHVFUWFWVnFLRGQwUU5zNFlrdndrVDl2SUo2NmNJNFpJU1AyRTA5Q2oydVVJM2xEdzVtX0VidzJ1UTBWdkNBa29PMVhXcDZYRTFOZTVhSGQyMHc5RkJ0cWtGVElVTGUxMkVkQUtGazhQalZFT0JaSFhDVXZKZkFTYnBVOFg2?oc=5
2026-03-21	Yahoo	0.0	Goldman Sachs Just Sounded the Alarm on Private Credit. Here Are 2 Things Investors Need to Know.	A crisis could be building in the private credit market.	https://www.fool.com/investing/2026/03/21/goldman-sachs-just-sounded-the-alarm-on-private-cr/?.tsrc=rss
2026-03-21	Google	0.0	Is this the GS the G310 should have been? BMW F 450 GS review - Visordown		https://news.google.com/rss/articles/CBMie0FVX3lxTE05RUpZdGoxZ3N1SlV1cGJGNGFKTVUtcEs0WVdidFM5SkhHMVJ0UGFmOTZHcTN2dkItdnp0bXhPMUx5Z0owYmpQbUtwWHh4OWlXZjR6ckg4X1J1V1dia3A2b3pTMXZxWEc1bVduV1FhRURpS2EybTNkT0hKaw?oc=5
2026-03-21	Google	0.0	Suzuki Gs500 Tires GS Series Replacement Speedometer Cable For Suzuki GS 550 650 750 Suzuki Throttle Cables - hotelier.com.py		https://news.google.com/rss/articles/CBMibEFVX3lxTE83eWVxRlpXQm5UYmtGUnFQQ1VJeGRJcXBCYktMNS10aHhNbjNYT0p1RVdDdGF6aTVWVmd3MXB4Q09pOWZ3eVoyNndmSHlIYkFOVVROanpIZExobDBHWWY1czdocFE5SW1PU1p6cw?oc=5
2026-03-21	Yahoo	-0.033	Goldman Sachs Projects $700 Billion in Artificial Intelligence (AI) Capex This Year. Here's My Top Stock to Buy.	With massive amounts of cash going to AI, the biggest bottleneck could be solved by a company like Brookfield Renewable.	https://www.fool.com/investing/2026/03/21/goldman-sachs-projects-700-billion-in-artificial-i/?.tsrc=rss
2026-03-21	Google	-0.05	Golden State Warriors vs. Atlanta Hawks Odds, Betting Lines, Expert picks, Game Projections, DFS Projections and Player Prop Projections - Saturday 03/21 17:00 PM - SportsLine		https://news.google.com/rss/articles/CBMic0FVX3lxTFBpRXM4d09PalNJMDk5eVNSeGNvOGhiX3VUMlJabGtQeTk5THRhWlN6WHFZWEx5eUNqYzdNMEVIdGNLTWZac2ZFSmlPalVJdXVJVUtKYTlrTGdTWTh0Zlptd2VxWThRTzhoTktlUEU0MXl1enc?oc=5
2026-03-21	Google	-0.078	Coach G’s Corner: Cleveland’s Grant Hurst breaks down Virginia - Local 3 News		https://news.google.com/rss/articles/CBMi5gFBVV95cUxOejFUeVItTGIwSEs2TXBHZnZSM3JyYkxOeUdqRGI2SlI5VklQcGJ6YVFoVVNzVWRzSjRKRWNPdHpiZGpzb1lsVXl3S0hHQXltSlgzTXh4MXZzMjBWN0xUdGRNWGRFRDdWY2t3TC1vdElQckNHa0hMZS1HeFBRQ2kySTlNSE5VbUlVel9LTkZoWldrUGl0WmVyMGpEUnhJc3JOZm9xSGN2dTBwM1BmNV9lSFRtdjRXbG5LcHhIUXMtQUlUNTRUT1NoV25FX3FiTnRfd0FjaDdkTGMxM2dhZFVEektFTFNqZw?oc=5
2026-03-21	Yahoo	-0.144	Goldman Sachs resets oil-price bets as war rages on	Three weeks in, and the U.S.-Israel war against Iran seems no closer to a conclusion than when the bombs, missiles and drones first began to fill the skies over Iran and other parts of the Middle East. And everyone in the world is feeling the war's effects: It has boosted the price of crude oil ...	https://www.thestreet.com/economy/goldman-sachs-resets-oil-price-bets-as-war-rages-on?.tsrc=rss
2026-03-21	Yahoo	-0.333	Former Goldman Sachs boss: Rising oil prices are the worst of all worlds	Lloyd Blankfein may be retired, but the 71-year-old former boss of Goldman Sachs continues to divide opinion.	https://uk.finance.yahoo.com/news/former-goldman-sachs-boss-rising-060000910.html?.tsrc=rss
2026-03-20	Google	0.8	Heungkuk Life faces quarterfinal test after Kim Yeon‑kyung exit as GS Caltex favored - CHOSUNBIZ - Chosunbiz		https://news.google.com/rss/articles/CBMif0FVX3lxTE1yX1hrdnI4OVpsRW1na2xYYWp0TEZsSWxJaHkxcVhXTFhyVko5dTl5QUl3YVRzcFprbVUwcXlTc3JUcFU3N3lTV0JDUTJ5N1hGSVpmd2I5LUc2UHY5RGZMS2FwbTI2ai14VnNuajNQOFJ1VlU4S1Y2UlZFNG9CYUnSAZMBQVVfeXFMTmJaNTlYWVR2azltY2tmM1VCb3JSQml6MkNvOXF5bDdLdThFaFhwU3JtM2JDcjhYYXZRYW52UW43MWFYQjlZQnhkOHZpOUZmQjNtbUFGX0EyRXhWNkEtWHllOFBnVHNVaF9hSnF4d3RIWmdKdVBuV21UZzM5MnBtd0VoT0dxVmJuNk1QNlFkcDFyeWVR?oc=5
2026-03-20	Google	0.433	Adjustable Folding Gear Shifter Pedal For BMW GS 900 F900 GS Adventure F800GS 800 GS 2023 2024 – T6 Aluminum, Foldable Tip, Easy Install, Crash Protection - kliksolonews.com		https://news.google.com/rss/articles/CBMimAFBVV95cUxQdjN4cVVQTDZ6Y0cxbGNOZEZ6ajJFbGhMaGZDZlYyeUhvRjZYMGw0UVZWQzFPZ25UQ2c5TW9TZ1RaWUFpVlNBb1NRSlpQV2VuUXBSNzNUY1hTN1RUeXlOLUZKMUhTTU5kcjRZMk13RVR3S2tCMUFlVERWR1pVWC1ST1lVek9KX3V3emFrTmhqWXdoWGtHd1V1dQ?oc=5
2026-03-20	Yahoo	0.333	JPMorgan Chase CEO Jamie Dimon Sees an End on the Horizon. But Not Yet.	After two decades, JPMorgan Chase’s CEO says he has three or four more years on the job—or maybe more. But even he’s talking about what comes next.	https://finance.yahoo.com/m/90b3c286-ecfc-3aac-9f8b-c769575144ff/jpmorgan-chase-ceo-jamie.html?.tsrc=rss
2026-03-20	Google	0.33	Vintage NOS IRC Grand High Speed GS-11 AW 3.50H19 Motorcycle Tire Front - alessandria24.com		https://news.google.com/rss/articles/CBMiqAFBVV95cUxPY044eEJrMU1zT1B0MnhGVDFmZ1p4b3hRVXhKX0U1MnR6cG96WWJkTk5hZ2RPdE43RW5fbkdrTWx1bXlmOG8yakpEWDZuckdVamh2X3BwSGtUcDhZNm5zMEY0Y3BzdWxPV1drVFRrejBYTm1PTFJnX2VqTndaUjJFLWI4bFBuVDNOaUQ1UnpOQlJ1bmdIU1RZWVlpZUJlSF9yRjdnS1FleWQ?oc=5
2026-03-20	Google	0.278	nike sb check kids Best Sale Nike SB Check Canvas GS Black White Grade School Kids Sneakers 905373 003 eBay - bahmut1571.com.ua		https://news.google.com/rss/articles/CBMiWEFVX3lxTE1SY0w4SUdMZkduMERUUnRyZy02Y1lHN3VZdWVlRnNjdFZyYkxBLXVSbm0xMzZ1dmhjVkM3YkkwRTFqRGQ3QXpjemRVcExaRTBtRzAtaGZSNkE?oc=5
2026-03-20	Google	0.267	Forget the M5, this is the V8 super saloon you really want - Car Magazine		https://news.google.com/rss/articles/CBMiY0FVX3lxTFBtUHpUQ1J0R0RNbVEyclFQdV80bHJzQWpnY2w1aGJDc2RyaS1RVlRpMUtPZG5wTFJEZGRpWkZ1U2RMN2JyVEIyRXk1RnZVN2RaWFo5aExVQko3V0dXUWdGUldtaw?oc=5
2026-03-20	Yahoo	0.041	How The Reliance Industries (NSEI:RELIANCE) Story Is Evolving On Small Valuation Tweaks And New Deals	Reliance Industries has seen its modelled fair value adjusted slightly, from ₹1,718.08 to ₹1,717.11, a change of less than ₹1. Street research on transport names such as Ryder shows how analysts often fine tune targets when they reassess earnings assumptions and valuation frameworks, which helps put this minor reset for Reliance into context. As you read on, you will see how to interpret these small price target moves and track the evolving analyst story around the stock. Analyst Price...	https://finance.yahoo.com/markets/stocks/articles/reliance-industries-nsei-reliance-story-100650348.html?.tsrc=rss
2026-03-20	Google	0.0	GS Enzymes Build the Brain’s Wiring - Neuroscience News		https://news.google.com/rss/articles/CBMihgFBVV95cUxOaXc4Nmh2dnFJbFJhNTRiQnRpaEx1aHlMN0xzVDN2VW9NUmdCaXgwdkNpV2pwOXdWRURra1ljMWNkTXJ5b0RnS1JGaVZubUR6dkZPekVfUGUzNFIxYjlvb3Y0NTJ6YnJUNFFGanRfZkJsNktQUzV1dldCSl9TZ2JXSFBLNEFCQQ?oc=5
2026-03-20	Google	0.0	GS downgrades Lufthansa to “sell” as $1 bln fuel hedge loss hits 2026 earnings - Investing.com UK		https://news.google.com/rss/articles/CBMiywFBVV95cUxPdzJsS2pNRTZINlNFQmJpUWwya3lhb292MjZ0TjBwbHJFWS04ZUhjREZhZ1l5c3B2b3dTNWdxMlItNFJZRDVqZURMQVVDYXRxOHhlQ3BNSWw1ME9GN3ZvTFlnZjdTMzllVGlNZF9MU3lQcDVEb0c0S3ROdkRkZjcwaGo2YW1tdDJ1M1hkdUFoSHpSRG9lVTlwZ0p2VnZYUjl1WmlLaXlieW5CYV92UTB4YXdoMFJjMU1fMUl4WnIxVUdHWEtxRnBmckxfWQ?oc=5
2026-03-20	Yahoo	0.0	GS' Rolling Layoffs in 2026: A Strategic Shift in Workforce Management	Goldman's shifts to rolling layoffs in 2026, replacing annual cuts with smaller, phased reductions as AI and flexibility reshape workforce strategy.	https://finance.yahoo.com/markets/stocks/articles/gs-rolling-layoffs-2026-strategic-162700923.html?.tsrc=rss
2026-03-20	Google	0.0	GS' Rolling Layoffs in 2026: A Strategic Shift in Workforce Management - Zacks Investment Research		https://news.google.com/rss/articles/CBMirgFBVV95cUxPQmNaZTVLbVhMeUowaGxBMjVHUEd4azlaNUJoNV9xRDFZTThIVmhINUE4YlVJWF81YzdYemdqVDVpN0pvZUhvUUtFMjVROHp0czNiYWlwelBSWVNJVnp5bjZiMDVKQ090ZW5jWXpZbXlnam1fZnVybHNOdTBmeVdjYkxEbGRHMGgwYlh3dWxGVDBiREpDdHBObmp4U2JZdG5Ga0NEcWM1cXpnTnpPcGc?oc=5
2026-03-20	Google	0.0	Goldman CEO sees increased dealmaking amid changed regulatory environment (GS:NYSE) - Seeking Alpha		https://news.google.com/rss/articles/CBMiygFBVV95cUxOMFVZQTZpMXd2VDN5RVNReVoyOWlrcDY4cndYX1pIR1BFYVJ5SzQyT09mOEVxLVVnQm1EcEtjZXB1UURQVEpDaERkOWRKZzZyS3JtX3V6cXNkOGxuQzRwekc1Z0puSkU3Tk1zVEt6Z1pTWTdrZklBSmk0Y2ZnUkljSXJqY204TjZjUUpGSXJFZDBHa0NvNEM0SlpnaHZEU1YyNnF4U0stS29jSC1HWHc4c2EtMWV6aWFRemFnc3hIdmpYc0o1YS1FZXdB?oc=5
2026-03-20	Google	0.0	Goldman Sachs: Capital Markets Titan At A Discounted Valuation (NYSE:GS) - Seeking Alpha		https://news.google.com/rss/articles/CBMipAFBVV95cUxPZlhBbVFyZUxTa2Q0S0xjVjVFUGh5dXZPd3VYRHhPdWc5TDdNNU9TMkFYaE1tQ3dBZHp6aTJLYmRMOVVGU0ZKLWt3YlA3Z3dCdlFkSXVPakZGeXp1TlF5dzlvOGlaekxkc1VvQXpxYXNZcTREN2l1S1JZeGxQVDhMSlpzYUNlcFdLS3d6WFpBbVdQT1dVUVc1aGdmejFrcmZnbzJ2TA?oc=5
2026-03-20	Google	0.0	Moto Morini’s BMW F 450 GS Rival Unveiled in the UK - BikeWale		https://news.google.com/rss/articles/CBMiiAFBVV95cUxPYy1CU2VySTBOZTRCcjI5T0VkOEV1S3NoTm5xd0V4VEdfY1VuNm9td045UjFlRzZ0Q0VxQ1R5UlY1cFNiNVphZHl3cVBYdGd0UTA5Q2FLNFVEalF1NUg2OW5BbG9KZG5fT2F3X1JNSl8zRzJEOGpEM1doU3NOV3pNRHJ4UFIzc3U3?oc=5
2026-03-20	Google	0.0	Steven Mnuchin: Navigating Credit Cycles, AI Investment, and Fiscal Policy - Goldman Sachs		https://news.google.com/rss/articles/CBMickFVX3lxTE9LeDV3QURibUdBb1laR3h0LXJUSHNWU1lkcmhDSXB1cm00Qm1kTDBsbklwdVFLUmU5V0ppX0xFSVJpMDdBRW9sWDBKZ3lmWnFlM25tWmJjVllTWkFMd0wta0dWZ2U2bFl5cXdOZS1JeklSQQ?oc=5
2026-03-20	Yahoo	0.0	Update: Goldman Sachs CEO Expects Upswing in M&A Activity in 2026 Despite Middle East Conflict	(Updates with medium-term return targets for asset and wealth division in fifth paragraph.) Goldm	https://finance.yahoo.com/markets/stocks/articles/goldman-sachs-ceo-expects-upswing-125203711.html?.tsrc=rss
2026-03-20	Yahoo	-0.05	Inverse Equity ETFs Poised to Gain as Middle East Conflicts Drag On	Inverse ETFs like SH and SPDN could benefit as Middle-East tensions and rising volatility keep U.S. markets under pressure.	https://finance.yahoo.com/markets/stocks/articles/inverse-equity-etfs-poised-gain-164500917.html?.tsrc=rss
2026-03-20	Yahoo	-0.082	CA Sri Lanka introduces new business law and compliance faculty	With this initiative, CA Sri Lanka aims to prepare chartered accountants for increasingly complex regulatory settings.	https://www.theaccountant-online.com/news/ca-sri-lanka-introduces-new/?.tsrc=rss
2026-03-20	Yahoo	-0.25	‘Streetwise’ Review: A Banker’s Goldman Age	Lloyd Blankfein’s memoir of leading Goldman Sachs credits his anxious nature as a strength that helped him steer the ship.	https://finance.yahoo.com/m/531cae84-3aa1-3172-9d0b-d0981990f189/%E2%80%98streetwise%E2%80%99-review%3A-a.html?.tsrc=rss
2026-03-19	Yahoo	0.5	Goldman Sachs Invests $42.5M in GeoWealth	The turnkey asset management platform will use most of the capital for shareholder liquidity, with the remainder funding UMA technology development, tax and AI planning.	https://www.wealthmanagement.com/advisor-support-platforms/goldman-sachs-invests-425m-in-geowealths-series-c-round?.tsrc=rss
2026-03-19	Yahoo	0.474	Goldman Sachs (GS) is a Top Dividend Stock Right Now: Should You Buy?	Dividends are one of the best benefits to being a shareholder, but finding a great dividend stock is no easy task. Does Goldman (GS) have what it takes? Let's find out.	https://finance.yahoo.com/markets/stocks/articles/goldman-sachs-gs-top-dividend-154502335.html?.tsrc=rss
2026-03-19	Google	0.433	U of G’s Enactus team advances to nationals after strong regional showing - Guelph News		https://news.google.com/rss/articles/CBMivAFBVV95cUxNa1dRdHlFQTVYN09yYlU5MmRQc2RFR2k2NFJWU0hETU0zYkZZamlvUWhKNU5HYW1fenNYcTEtcDFDdWoyM3BiSUdORlJzLVU5eUk3WHRaTnlYTHM1Tldia1JGLWpCTE1vNE8wWGxRYXNOZ1NSNjgtWkowWllfLTByMk1Wa0pLTjcybkdwX3EzaFRCbW8zNUhJb2pnYkVhQmxtQnc0WXZrNzg2SmdGakpOS25BVWQzUFdTNmJ0Xw?oc=5
2026-03-19	Google	0.4	ANOTHER BROWNOUT: Celtics veteran leads win over GS - nashuatelegraph.com		https://news.google.com/rss/articles/CBMitAFBVV95cUxNaVYtV2VsTEVyWWxGWUZlZG5pYWxRbmhZajhYX3V3RTZQVmQwUHdwcF9sdEZnX2JGcXpocXdIUnB6NmZfU2pPODA2bXROcWN4VFhYN20tUmRWclMzU0Q3S0tBV0thMC1Zdk5pV21hTkltZEZjNVpnZHBBRldGZXFNa2hmWURBc0JHS0pLcjE3MGNJQjFCT20wdkttdDNpa2RQUUhFRXRNU3dXSWNQWVFHdXB2Rkc?oc=5
2026-03-19	Yahoo	0.4	Here is What to Know Beyond Why The Goldman Sachs Group, Inc. (GS) is a Trending Stock	Goldman (GS) has been one of the stocks most watched by Zacks.com users lately. So, it is worth exploring what lies ahead for the stock.	https://finance.yahoo.com/markets/stocks/articles/know-beyond-why-goldman-sachs-130004363.html?.tsrc=rss
2026-03-19	Google	0.393	Goldman Sachs (GS) is a Top Dividend Stock Right Now: Should You Buy? - Yahoo Finance Australia		https://news.google.com/rss/articles/CBMihAFBVV95cUxNTzE2NDJRN2YtUy1lOVdOVjFEVGMybTN0Y3VWVEpCWHNLZUNMTXFOdFFXVEh0V2RjWjRWWjJaUnVTc21wODVENmZ6VV84NE5fRmctMngtSmxQTmtGT0xaeE5UV01yYjkwMnJxOVlxRF9NMWJOTUNKbWwwQTJpdFd5NmszTUw?oc=5
2026-03-19	Google	0.3	Golden State Warriors vs Detroit Pistons Odds - Friday March 20 2026 - Odds Shark		https://news.google.com/rss/articles/CBMigwFBVV95cUxPTGlYN29fZ0xXY3E1QUNFX0o1MTRabEktSzFraUdHMEZLY19kZjIzQzlJTFdkMVFqZGVsdWJvT0RGRTdPdkFVYXpHMmVfQzBDTjE5UGNOamxJQlNNb1VBcVlvUGNwMGhTZjYwRWU5UkhSR3lxMm4wWHZadFI5LTllSDZSbw?oc=5
2026-03-19	Google	0.3	Locals bring fresh beef to HPS - gspublishing.net		https://news.google.com/rss/articles/CBMiigFBVV95cUxNX2p1RHU3Qmhlbmt0M1dYNG9SYTF1T056RkEtRE51ZldhcnRiQkZxeGN4R1NueXc5TldWeGJOeHFaeTlQN0phVWs2WVktY3NTY203TF9vRzY2UGZxX3RhUUlQWEx0MFQtTFRSa08tQUFZS1E3SnBodlJzLXVGWUh0b0o4ZnpzOGMxcHc?oc=5
2026-03-19	Google	0.3	Parent Career Days at Lincoln Elementary - gspublishing.net		https://news.google.com/rss/articles/CBMilwFBVV95cUxQTDZKMVRTOTZzWHdGVFI0bHVRS3Zzc2ZLRkFHLWExTFpzakRRWW1xalRuRnRvQ3lLOU82SlFwS1JLdnl5eVNWYlZ4MFJMVWlTX1RidTRDOGctTWN5T1pDbXhkSlhHYzBLTTVKcDdqYjYtcmswak9iQjFiNWxma2g5Nm1PWjVfOGRWb2lJSXVTLWtiNk5IN2Rj?oc=5
2026-03-19	Google	0.25	Made-in-India BMW F450 GS Twin Cylinder Adventure Bike: First Ride Reviews Out [Video] - Cartoq		https://news.google.com/rss/articles/CBMiggFBVV95cUxQYUNNNGRUazBxUmJmOFFZazdpVklheWFlM0x5Zks5Qjl1TVota0c3elFHU0tUNmJIS2NIQkdJQ1dvZHlLblFRRl9jeW5NSzMxT3RJaklnaWdrR2lCSERNWGc0bC0yc0dxVERCTVJpMnhWYnBnQ0E0TjZsQW11LVU2VENR?oc=5
2026-03-19	Google	0.218	New England student wins farm safety contest - gspublishing.net		https://news.google.com/rss/articles/CBMinAFBVV95cUxQYm82RzJwU1gtdzduMnNFaFRtY3U4eml2Qmx3V19iVkVZSkc1ODFvQW5DY2pWdXdYN3U1d1dTTFdDbWhCZ2ZNaXVVNXgtekZPZXJDOHB6TzNrTDRNOXBDRGFlbXJKN1phTmc3eWtzd0NoTGpWcFNESnRlVTVPWWlrTGZja1RMR281V2NLTzJoTEhzN1NxUnViYnFZQ0o?oc=5
2026-03-19	Yahoo	0.212	Bond markets may be too focused on inflation, Goldman Sachs warns	Goldman Sachs has warned that bond markets may be too focused on inflation and not focused enough on the risk of a deeper growth scare, arguing that downside risks to yields are now underpriced after the latest surge in energy-driven volatility. In a new rates volatility note, the bank's...	https://www.proactiveinvestors.com/companies/news/1089160/bond-markets-may-be-too-focused-on-inflation-goldman-sachs-warns-1089160.html?.tsrc=rss
2026-03-19	Google	0.2	GS Retail Co Ltd Aktie: Korean Retailer Navigates Consumer Slowdown Amid Economic Pressures in 2026 - AD HOC NEWS		https://news.google.com/rss/articles/CBMiygFBVV95cUxQXzk5dkpCZEl4aHRqN014bWdFeUNRM0FRbEltQ2Y2cHRMU19iaF9Jek1JMmwwWk5PaXdxdXJmOGNmTW0xR25CRkgxNWNRTHJmVkVGUGtiN3U1aWV6Vmh6enRrbG9iQ2VsUjFsTlZ0dnJiTDV4MEVyaW9EUTBkZ3Rjb3RGeUpjN191dU01Z1RlOUZTLWN3YnZvSzlxZzE5ZHF6YmhQeUl5V29Jcm85SWV0OE1oV1M2MlBSdGxSamMtc2VYYllMMkJ0cURn?oc=5
2026-03-19	Google	0.2	SWA thanks customers - gspublishing.net		https://news.google.com/rss/articles/CBMifEFVX3lxTE43dFNBcjRKdUdXdkJYWGU4Qm1ZN2VzdUVzMVRyNzFSeUk0aXVRMkE4eG15RDBGM3FweE5VUC1OaHZ2WXd4cGxOSmVmVXYxYnRGU2VsOGJuSVI1TWhEYk85U3dvdXlrS2ZQalg5VFZFMHY2NWdpU0h4MndTNmM?oc=5
2026-03-19	Google	0.2	This Jordan Tatum 4 Is Already Ready For Summer Vacation - Sneaker News		https://news.google.com/rss/articles/CBMiiwFBVV95cUxNUGFvYndnR2tvM1N0bTUxa194ZU9nVVFQVzlnSU9uekJoZVVfVGVWVFdpR1c0REd4ZHBubENPeHpIUnl6cFRMczh1ZmtyaXlGSERZd3hObnJBTVE2MHVtWTh3YlRwY3RfOHBCd0FGSHFMZ2kwNWRfLU5TYWNqLXFNQmFwQjl5TW51YzZZ0gGLAUFVX3lxTE1QYW9id2dHa28zU3RtNTFrX3hlT2dVUVBXOWdJT256QmhlVV9UZVZUV2lHVzRER3hkcG5sQ094ekhSeXpwVExzOHVma3JpeUZIRFl3eE5uckFNUTYwdW1ZOHdiVHBjdF84cEJ3QUZIcUxnaTA1ZF8tTlNhY2otcU1CYXBCOXlNbnVjNlk?oc=5
2026-03-19	Yahoo	0.15	GeoWealth Extends Series C Round With $42.5 Million Strategic Investment From Goldman Sachs	CHICAGO, March 19, 2026--GeoWealth, a proprietary technology and turnkey asset management platform (TAMP), today announced it has expanded its Series C financing to include a $42.5 million minority investment from Goldman Sachs to support its rapid momentum with an additional growth investment, while also providing liquidity to shareholders. With the latest investment, GeoWealth’s family office owner, The Globe Resources Group, retains majority ownership, while Apollo, BlackRock, J.P. Morgan Ass	https://finance.yahoo.com/markets/stocks/articles/geowealth-extends-series-c-round-130000031.html?.tsrc=rss
2026-03-19	Google	0.136	Grant County celebrates new NHS members - gspublishing.net		https://news.google.com/rss/articles/CBMilgFBVV95cUxQZnRILWV2UEtNNjRJaklXQ0tNY04wWTN3cjB5Q2FtZW5qa1kzVUpmYTgtTzVfMDEzTlpTdHhuaTZrQTFNbWE1T3ZNV2Rwek0yWDB6c1BDYVRGVnpiLThHZzMyRFVOUWZHeVZ5czJqRFZ5UE5kUDlldDBUTUViejRZZVRULTVhaG9ZbUItczhsM2g0TFVBd2c?oc=5
2026-03-19	Google	0.136	New 'I voted' sticker unveiled - gspublishing.net		https://news.google.com/rss/articles/CBMihwFBVV95cUxPdXRxZnFsMHM1RFg0VWFYeGhIYV9SbHI5VmNoTVpuMDRxeWhROHVLUVl3VlNDSHFFa0x0SDY5UVJvcWp3ODdmaFNQUzJETnVfanZDS3JOeFRCcnBHQWE0ZjlXeE5zZEgxRW10dVZNeS1KNl9kNlBtTWdvamxuLW5FbnR5STNvbGc?oc=5
2026-03-19	Yahoo	0.129	‘S&P500 Outlook Points to Recovery’: Goldman Sachs Sees Headwinds Priced in and Suggests 2 Stocks to Buy	War in the Middle East is weighing on markets, adding pressure through elevated oil prices and broader risk concerns. At the same time, the strong upward momentum seen earlier in the year has begun to moderate, leaving investors reassessing the path forward. The key question now is how markets will evolve in the near term and how portfolios should be positioned accordingly. Goldman Sachs strategist Ben Snider has been examining these dynamics and suggests that, while the headwinds are meaningful	https://finance.yahoo.com/markets/stocks/articles/p500-outlook-points-recovery-goldman-110916427.html?.tsrc=rss
2026-03-19	Google	0.118	Goldman Sachs (GS) Eyes $10B for New Direct Lending Fund - GuruFocus		https://news.google.com/rss/articles/CBMilwFBVV95cUxQQko5RFViRkNWV2MwaEJQOGZiaUhPWE1jem9fa2tnQk10b3dGbjBFeGR6cTd0VE9kTnFKdXk4b1RxSldXVmZLdy1fSzNiekhySDRRQUtOaXRZUHMzRXFzNlhaaFg4UC0xTXdka0JhNThvbnhMZ1pCWGFWWkxDV0xxMU4taXdsTi1qd0Vob05pVHFjRnJrcXZJ?oc=5
2026-03-19	Google	0.107	GS Entec showcases Nakwol wind farm project at World Smart Energy Week - Korea JoongAng Daily		https://news.google.com/rss/articles/CBMi4wFBVV95cUxQdGpoWVg3eTgzeS0wbkxjTGVwRkFqelQ3R0VRZEc5TUhLaEJwemlwbW5JMFZJbzFqaGFXQ2pITFNKODZUOElMTDBGWTRPcnd6QlJQVDBKQ0pLRzBySkhudk1qOGNqOWJSRXlBbXlwbGdXZ2RvVTBTa0o1LXlxQWlPSURwc1NoZkNjdldhczhEZUQyb01pWXc4Si1NM3pDOWpjU3BXZW9ZOUxLcDZwWnAtWldBTnV6QmIteE13TnY2QVZ0eDRsdWhIdzdSRTNtcXh1azJHbmhHTk1iQTh2X2lNem9SNA?oc=5
2026-03-19	Yahoo	0.107	Goldman Sachs Loves 3 Strong Buy Natural Gas Energy Stocks	Founded in 1869, Goldman Sachs is the world’s second-largest investment bank by revenue and is ranked 55th on the Fortune 500 list of the largest United States corporations by total revenue. The Wall Street white-glove giant offers financing, advisory services, risk distribution, and hedging for the firm’s institutional and corporate clients. Goldman Sachs is the ... Goldman Sachs Loves 3 Strong Buy Natural Gas Energy Stocks	https://247wallst.com/investing/2026/03/19/goldman-sachs-loves-3-strong-buy-natural-gas-energy-stocks/?.tsrc=rss
2026-03-19	Yahoo	0.1	Goldman Sachs to Invest $42.5M in TAMP GeoWealth	The majority will provide liquidity to early shareholders instead of going directly to GeoWealth’s balance sheet.	https://www.thedailyupside.com/advisor/industry-news/goldman-sachs-to-invest-42-5m-in-tamp-geowealth/?.tsrc=rss
2026-03-19	Google	0.1	Motorcycle Air Intake Filter For BMW R 1150, 1100 GS, RT, R Models - Direct Replacement - noescinetodoloquereluce.com		https://news.google.com/rss/articles/CBMiqgFBVV95cUxPYWVqVmdxRFhiUzBmMGc1cWtBdmtFOTJXNWlSR2FZdC1ZbDdUYzh3djh0cHlicEN6MUFKaTBsYjRNZXRRaXRoMHFkUWlaS25wOURuNFc5NTRNelZpbTkwY2tUSlo5Mm5MdFZwb2ZJdGhJTTktR283YTAzZ0ZCLVRZdlNkQXRBTzMtajBySW9nT3FGM2ZIQjI4WWdtYjBiUVdYRFFzU0h1eW9UZw?oc=5
2026-03-19	Yahoo	0.099	Fed proposes easing capital rules for major banks	The Federal Reserve has unveiled new proposals to ease capital rules for major banks. Yahoo Finance Senior Fed Reporter Jennifer Schonberger comes on the program to highlight the new banking regulation proposals under the Basel III Endgame guidelines.	https://finance.yahoo.com/video/fed-proposes-easing-capital-rules-144143929.html?.tsrc=rss
2026-03-19	Google	0.05	Local couple working to transform old Almont K-6 schoolhouse - gspublishing.net		https://news.google.com/rss/articles/CBMisgFBVV95cUxOdDhrS3dIc1J2Mlc2ZHc1NGNRbzNkQlpBTmpqWkF3dlAyN283VGR5QllLY3RsSVNXNE9sdEZmMVp4WjBfRlFqN2l1UVM1X0poNHNWbGtVRVRqS2tSVUdRZl92TURJX3QwaTJJTGJtbm1jZGpabG9hYnFpY2RjczRVWHNwTWJYS3pIckhNNFNPWmdiMkoySUJGNUdQbmUxWmJ3TGVvOUdjMU16ZWJNQjNLMkp3?oc=5
2026-03-19	Yahoo	0.047	KBRA Assigns Preliminary Ratings to GS Mortgage-Backed Securities Trust 2026-HE1 (GSMBS 2026-HE1)	NEW YORK, March 19, 2026--KBRA assigns preliminary ratings to 6 classes of mortgage-backed notes from GS Mortgage-Backed Securities Trust 2026-HE1 (GSMBS 2026-HE1), a $301.4 million RMBS transaction sponsored by Goldman Sachs Mortgage Company (Goldman Sachs or GSMC), consisting of first lien (6.6%) and second lien (93.4%) home equity line of credit (HELOC) loans. The underlying pool is seasoned approximately six months and comprises 3,092 loans, with United Wholesale Mortgage, LLC (UWM; 79.5%) a	https://finance.yahoo.com/markets/stocks/articles/kbra-assigns-preliminary-ratings-gs-204600429.html?.tsrc=rss
2026-03-19	Google	0.0	Autocallable S&P 500 Notes Guaranteed by Goldman (NYSE: GS) - Stock Titan		https://news.google.com/rss/articles/CBMisAFBVV95cUxPSHotbzN0SFpXSU9YaENqNHQxRzZJMUx6eUwzdHNVWnBEck1pMVZXZDFXSHQyT3ZobWRfbXVUVS01S3RHVEt1M09hODRFWTk1R19faHppazBCX3RRRk9zS016ZEdZMGhqRm5yU3luN1VjaFFLSzRPZUlHcDN5QVlTLUYyZ3RDQlFsdUYzZERwWVoyaW15VVRvSTQzTmRhc3BNdUJ5N2xLNFpERUVrRkdGMQ?oc=5
2026-03-19	Google	0.0	BMW ADV-X Off-Road Motorcycle Event Turns The Canadian Rockies Into A GS-Only Playground - RideApart.com		https://news.google.com/rss/articles/CBMieEFVX3lxTE4zeGRpbXVadk1sRm9sZGpWYlBBa181a1l1QjFKYzVZLW03ZHFvcDlYdmREaWw5U3VmXzVhSC1aZ0ROUXJSQ2dPNHlxd0ZZYTNNVVNiR1ZFSXBhLUphZzFVX1VIaXVPTk1TMEEtYzg2ZHdRQ0V3MXF5Tg?oc=5
2026-03-19	Google	0.0	Billings County Rural Fire Protection District - gspublishing.net		https://news.google.com/rss/articles/CBMinwFBVV95cUxPTkxXbU5LSWRUa2RuWndTQVZNVDFiRFptbS1qcXFBeG9Vbk1iYU5OZE03S3M2MWlsOTdhdDlPcTlmZkw1WFpNQzhVcmI1ZXZUWTNuaWNhdm5JOFhYOFJCdTBETGRKT2xKUTlXVlcxTVZyU0J2bGpma3pTU016ZDRwd2wzenI2YVNBU29fWTBoS2VhUHViLW5TTmxOSUI5Z2c?oc=5
2026-03-19	Google	0.0	Capped basket notes from GS Finance (NYSE: GS) maturing March 29, 2029 - Stock Titan		https://news.google.com/rss/articles/CBMisAFBVV95cUxQdTNoQ3BNbkxQVjlZUzk1NFl3djlScEFrV0RpeEpOaExYeUFtbkF6Q0wwbWFnU1BwZHcycHROY1NHbmJtY3RBcV90c0ZOcHo5TG9JYTRVM0FWMkhTa2puRi1NeldqOURDbFMyZi1aTlJoNWJfbV96b2E0N2hXMENOZ2NTTFpDclRHV0xCdktrS0N0RFVBMlV4LU1SYV9XUDFsbmFYcFd3czVGU0o1R1JlSQ?oc=5
2026-03-19	Google	0.0	GS Chairman Huh's Pay Falls 24% to $3.2M Amid Refining Slump - 서울경제신문		https://news.google.com/rss/articles/CBMiogFBVV95cUxNV01IN2I5MGMzUzZjbVVLcFpkdF9maHZGVzF5YU9wTjBSLWlvemVDQ3pXVHR0RGw0Nkp4RzVhNldRbjlndWJVZ2dGdW53bVEtUGMzQnkya0Z5dzVmMk5FeXFXalFMWjNjbS0tcENFcHkwa1RJendfLXExcVhkTmQta0Jrd0haUXNBQ1BsUTdLV1JfNWx6am54cEd6cEV6al8xN3c?oc=5
2026-03-19	Google	0.0	GS Entec eyes Korea, Japan offshore wind markets - The Korea Times		https://news.google.com/rss/articles/CBMiqwFBVV95cUxOczNnQkRjd1JjM3NGeWdOTDFRV2xuc2pqWGRpQ2xhZkwwNmhycmRyc0kzZS13cUFQZzJjZmd6QmlGR05BNnBoM3BkMmdydzlPMWxtc2FyLXR1RGNPdXVQQWFlQi1VcHFkSUNQWGJHeld6YUF5bWJNVG82bmFXcjFlVW5BS0Q5V21IMDliY0sxN1dMdmR2YS1XLWZpR0gwYWNrcFVVaXcwQ01GUDDSAbABQVVfeXFMUFNzWU8yUHQtRlBqSmc5X09BOC1oYzJGRThHTmV5VXI1Q2Q3WVRxS0lHQmVsTDdWRFB4WWVENWdsWWVVTnBQeTZ1OVlEVWtBZGxaTEkxbWRTb09pZ1BGX01NZUxSa0FJZXh2eXNSQ3NlbE5jTmx5clN6NG9COVFuZWFxS2pnYWtVYlpSeHpsM29odEtDVk41OXRxRGhUR0dYUTlxeEdIZTNFaWxSUmlQWHM?oc=5
2026-03-19	Google	0.0	GS Finance (NYSE: GS) launches callable notes linked to QQQ, DIA, IWM - Stock Titan		https://news.google.com/rss/articles/CBMisAFBVV95cUxPNmhjb3NrM002UkZ0RmxPbFAxbmRHS25nUEJPZnNOcENUS2NLV3NsdmJWYzNqTDBqellRTVVfQlFuYmZubldkdmE0czZVdmtYeFFJZ1pKd1ZtaFdpMWRDNGdSSWRkU3dzREF4ZHh0QkU5Y3VzN3owTUpoTE05SHNCRDVNUWc3em44UTRvaWZyelhFSmh4b3AyWnVtbURqMFZYTlF5Sk5SNXh3M0hsNHoxcQ?oc=5
2026-03-19	Google	0.0	GS Stock Quote Price and Forecast - CNN		https://news.google.com/rss/articles/CBMiTkFVX3lxTE95bGF6YU10Vlk5ZGxkZEx6QWJvQXN0bmF0N1pxNWl2WDdHWFNWb0dKNThPeGF5d216NVNvOU9jQ21kNy1yTW16TGl2ckZrdw?oc=5
2026-03-19	Google	0.0	GS Weekly Roundup - Week 12 - Nexus Hub		https://news.google.com/rss/articles/CBMia0FVX3lxTE5yMkkzTlZyWkx5ejZHNy1YSVRUY1NpdG50QXVkUG9teFNSeFh5WWoyVWpXdW1ONmk0cGJQRlNoVjYtTkc0QkVqbFQ0S1YzOHR2TFFnUDZWcmRIRHdoMkRhY3VKLVVfTWRMbmhJ?oc=5
2026-03-19	Google	0.0	Goldman Sachs (GS) Enables Hedge Funds to Bet Against Private Cr - GuruFocus		https://news.google.com/rss/articles/CBMisgFBVV95cUxNUjFhRHlONWVVaWR6VXI3dWQ3cWxseDlhU085anZVZkhfTVhTYnZGc0twODFxeUt1eTR1RHZ4OVZxT3QyWDJUU3NaeXlKdGNBaHdQc29XR2U2MFI5dGVxbzJJSXlKSkRaM0pJT1JpY2YzcEVwYmVxYUZWakZ0TmJXUDV2YUIwVXdfN2NNRXZKR0ROMks5RHg3QVRXN2Y2bmxKUmg3c3pmd0VlZjVndWZMODlB?oc=5
2026-03-19	Google	0.0	Goldman Sachs (GS) Plans Multiple Layoff Rounds in Strategic Shi - GuruFocus		https://news.google.com/rss/articles/CBMipgFBVV95cUxQT0kxbld4QkJUMFJvN1NER0FSSXNwYUU3M0VseEpxTnhpdDZHQ0M5RTBON21kQm14aFJVV3o1bVVGc1NreWNNSjl5NHlvMXRGUVEycHJ4VW5qNGRtLWZFMVNSdS1udEpYVDl1YW12b05WQ3RIVVJUOWJrTFNveEpRdHA2UmUzYm1VUlRqSFRxVVhLYmR6Q0FmTFZRTzd1X1h6Qm5JelVR?oc=5
2026-03-19	Google	0.0	Goldman Sachs (GS) issues callable notes linked to SCHW, C, AMD, TSLA - Stock Titan		https://news.google.com/rss/articles/CBMisAFBVV95cUxPRTNhZ0szcTgwanJ1bmV0aDFHV0p6dy1feEZNektQa3NlbEs1MHlJeEFRdFBkeWQ3eWduWHExRU1yTmZMaFlFeWJybnh1M1J6VldZYlpGYno2Z1AxeFJuRXJSY1NvQUdZUEpQT0I2enFiQWRJdzF3UE5pSk9WYVNEbWJseFBuZFpVR1NOdXREYlBSZmlYN1d6RkVucG9PVnBraVNCZmQ2MmNycm1GM2lNVQ?oc=5
2026-03-19	Yahoo	0.0	Goldman Sachs Buys $42.5 Million Minority Stake in GeoWealth. Here’s Why.	The investment builds on a growing relationship between the bank and the technology and asset-management services provider.	https://finance.yahoo.com/m/7440367b-f75a-3f3d-a9b0-2a2154cea91a/goldman-sachs-buys-%2442.5.html?.tsrc=rss
2026-03-19	Google	0.0	Grant County Speech Team earns multiple placings - gspublishing.net		https://news.google.com/rss/articles/CBMiogFBVV95cUxOWXlWcllsLTNlT1VmTUFGOU8xemhnNWFESlpmT1dySWo5b1lVa0REYkJGUFRPOHRySmVTYkMxUE9WSTlUaUl3Z1B3QlJEdVBOelAwY1B1R3BfeW1tSDVraHF4UHpZVXIyVkN3cVlwMjV6WlU4TnFWZDEtUzV6bjVwUWdhMGZPTEs1QWxpSVh0XzNid0pSVVFRcWF4ckctRGJZYmc?oc=5
2026-03-19	Google	0.0	HyOrc Corp enters $150,000 convertible note agreement with GS Capital Partners - Investing.com		https://news.google.com/rss/articles/CBMizAFBVV95cUxPU0Y4dHc5VE9GWW5yaWZpOHBYcGR6emdjT21sb1RoeE5aRlYtSGQwaUMtc3d6UF9zdE13SDREZW10Y0lZVWRRZ1pWQ2N2LV9weFRQcUEzdllWdmFKVjZqcWtLVmVMLW04X3QyRm9zdjlRQ2tiU0VRZGptYUFBUEtVWi04TXRJUjBWMFkxakgwNV83U0xZakR5VGxoanh5R19Dd0NyMzdUQlh5OEpSQ01QUDBLcUN3a3QybHNCSVhmZUJnXzVOaC1LM2VMRTc?oc=5
2026-03-19	Google	0.0	HyOrc Secures $150,000 Convertible Note From GS Capital Partners, Maturing Sep 2026 - TradingView		https://news.google.com/rss/articles/CBMi2wFBVV95cUxNNFVZMERkS0RwaFEySnMzQ1NnS1pnLW40N3BrQkREc1hGZHcxU3VpZ3lsdjRyZFpIZjRXTjhXbkdxVGRiaUlRc29DMjJoNHk1NjVMVTVuUUltX014cGYzWU1ZTEp2YkJxS243Unl3dHU4VHZpTFVnamFCd29BbzlTNU54SHE2T3o3V0NmRVhFOWU4ajduV20zU3JMUEJYb3pqbldkZ0tYZWtNeXFQdFR2MEJKVERyVHRkUHhmbTdmX3JTVkZ3LXA5MnBtUGJydnV0eDd0RzRwLXEwSmc?oc=5
2026-03-19	Google	0.0	La Casa de Los Famosos heats up as Laura G's surprise nominations rock the house tonight - artthreat.net		https://news.google.com/rss/articles/CBMitgFBVV95cUxNanp2Tm90WV9aby15M2xYRk1zZU5IM2tUNWJ6QVI0RDMwc29kbDZnM2VkTTBuSEVMNUZRcXdFelUwVFlkOU5seTM3Y1FFdkJJdWNwR2VPMDg0R2RJMmdQcFBkbnZiZXFqcl9HOEhXVDZmamtKSi00UkEzS2lrbWZDTXR5amFwSUMzdkk5LWRZblgyNUwwb200TDhlQlZRbmVEQkREQmt6MFl2aDNkUG1IMDdlSi14QQ?oc=5
2026-03-19	Google	0.0	Mary Graner announces candidacy for ND Senate, District 31 - gspublishing.net		https://news.google.com/rss/articles/CBMirgFBVV95cUxNTFlsMXh4eXlOVm5STE51eHY1LS05dkUybHc4bW5BZkJGa2t5Wmh4bGZRdEJhNHNkRktZU3puVE5uV3VBWl9xWXpVQWhGUDBCeDVvRlE5VVRpVGV3UEx0OWZKd1dwekw0VWdvWjlXOXhfNGZQRXFacldSN2NzVUNmR0R1dU9WVmZaVlZpN1ZxRE1HX0FmRFFwNDFqUzRmeDd6RVJFRlJMM1NjQVB4SHc?oc=5
2026-03-19	Google	0.0	Mongolia and Mandan meet at Know My Culture showcase - gspublishing.net		https://news.google.com/rss/articles/CBMipwFBVV95cUxOVTI3M1V4TktWNHNLRm10NWVkMld0d0hldXl1UmlwbmQ1SElvZGhramg3MkExSkZzOW4tN0JUR1QzU0lyUWdaMk5NTlFGMFJzZTI1Y3BPOEU5X0RKTDFicFRwMzVoSl9EQjZUSmxFV01SMlFfREtlbmhqX21hWGlXZUw1YnVuVHJXWld6Vm1NTVNQbGlURHpvdzBob2xCRkZTTll4V0o5SQ?oc=5
2026-03-19	Google	0.0	News from the Senate - gspublishing.net		https://news.google.com/rss/articles/CBMifEFVX3lxTE5SMHR2alBodllCY0xYaC1KQlM0SERENGFNOUQ3Q3RJT3hQVVdjV0JIYUxFN1g3d2VGdXF5WVoyQlhPcDB3QkVjbWdmQmpNblhHand2a1VLazVualc1U0VEMGJjWDZOdE90Uy1Jbzdvd3JPQ3lsSUVwd1dObXM?oc=5
2026-03-19	Google	0.0	On the road to state Class B - gspublishing.net		https://news.google.com/rss/articles/CBMihwFBVV95cUxPLXlPbjYzVDVhRGpjeGZobWNJZ3lxRmJFRnpCT1dLNG05QU9wSzN6bTBFNy1rUUo4NlM3cDdpN2IwVTR4UnRndmJaa3NpN3NJWjhUdU5NRFl3RmJTaThKa0RRaXktVU5pOC1HbGZGRWstRndLSnNfemZTX2ZQdm41LXNBYVNYdU0?oc=5
2026-03-19	Google	0.0	Quality Title Acquires Grant Co. Abstract - gspublishing.net		https://news.google.com/rss/articles/CBMilwFBVV95cUxPWGE5YXNCSTdYNW5pMWl0MENRRFlpZThIMTF1SWRYa05ERW0wRnFTeF9aUEJfdzBTdnF3emJVUmtIeENMT0JmeWZYSmpVdFloYjJVX0tpMzY5aTJLS1lxeTFnYjZieUNqWklNNTJsNEFLWHppSVpscVNwZUVSQmpEUnlrd2VIZnNMandXNEc0Q190OTRiemJn?oc=5
2026-03-19	Google	0.0	School board recommends hearing - gspublishing.net		https://news.google.com/rss/articles/CBMikwFBVV95cUxQem5oRkNoN3VRQVRZY1FpaGREb3dsSmN1czdJRTNuX2NKaXhuQ3dDeGZfTVNkdTM1NmlPZThxY180amJrc3g0WWw2Q1ZSYWFXd0xLdGNLRzF6N2o5UUhHN3M3NHQzNEp4X2ZIWVhUeU5EQ001cWstR2d1Z241SklRV3I2VG5BdW9wcDI5SDVjanBwUms?oc=5
2026-03-19	Yahoo	0.0	Sector Update: Financial Stocks Fall Thursday Afternoon	Financial stocks were lower in Thursday afternoon trading, with the NYSE Financial Index falling 1%	https://finance.yahoo.com/markets/stocks/articles/sector-financial-stocks-fall-thursday-180419492.html?.tsrc=rss
2026-03-19	Google	0.0	Shells of tradition - gspublishing.net		https://news.google.com/rss/articles/CBMikwFBVV95cUxObjdkVURSNWxobk1SazlYMGhWYVVLUmNRN1JRTV9tU0VCVUZaNHN1NGc0UlVIdjlMSEZFNkJsLU8wb3JQZmgwOHEwZlRac3ZmaExCY1ZYX1BJS0UwQnFTV0ZQRHJjX09kYXhPVFVabE5qRUNsWTNfMWZsZDFqdzFIOWJnYTVLQVFrdHFUcU9nQkkwdXM?oc=5
2026-03-19	Google	0.0	Sunshine week - gspublishing.net		https://news.google.com/rss/articles/CBMigAFBVV95cUxQRVB3TmkxWHNuTGd4U3laRkt0X0I2MHFmeXJEazE0cUlnZFo4OExKUzg4TFluSVJMdXpMSXJWSUdiUlJTMHExYTVNR1JwbjA4YkF3RUNJT3hJdEdZbk56QmdCYnMxajhfUzFUUzMyeU91YUs0UTM4NzhwWlRGdnl1Uw?oc=5
2026-03-19	Yahoo	0.0	The Metaverse Was a $100 Billion Flop. It Should Make Us Think Twice About AI Predictions.	Reality Labs, the Meta division that hosts the project, has racked up around $75 billion in operating losses since 2020.	https://finance.yahoo.com/m/e04cf6fe-bb6b-3af7-b551-6c727e49c593/the-metaverse-was-a-%24100.html?.tsrc=rss
2026-03-19	Google	0.0	Water Meter finish line closing in - gspublishing.net		https://news.google.com/rss/articles/CBMijwFBVV95cUxNWmRxZko5UHJsWXBJUzJyUHUzaWRFVk1nc3Fod2lRUFAwNll2SUR2ajVTR3FSSjMtRGVmaHViQk15WUF5NWlfLVJUTm5UdlM4enNMMzVqemYxUElaQnFKVFpBQ3p6UG1EUThlUGd4Unhkd2tMWnNVQm1IaHh3dy1HMEc0TWxxTG15eHlnNjA0MA?oc=5
2026-03-19	Google	0.0	Water break leads to boil order - gspublishing.net		https://news.google.com/rss/articles/CBMiiwFBVV95cUxNWVZlOXdPY08xVEloR2d2aWs3TUFpczBtRkVPV1hpTEZlbXhXRmM0aWg4Y0JaaGdXY3MtTjJ4cktfeTJyVnJoNnNHYms1VHhQel9hVVVDTnh3Qi10dzlHOTlqVF9PU3RkSWctbl9KTW90MlZ4QXRYWGxCTS1vM3Z4RXRLV2diLVU0Smxn?oc=5
2026-03-19	Google	0.0	Wind, rain hits area - gspublishing.net		https://news.google.com/rss/articles/CBMie0FVX3lxTE9wMExLV2U0SVJLQlR0em84TjdkUDQ5WXBlS1EtbVFNUm4zeENzZnJSRnUwREtVaTcwc201N09oeGJUYkRIVjBmanhPWDJXcGdTZWY3MWp4UDA5ZTZrRHNBX1JkdERBR0xJWVl3VFNaYkh4b2QwTTc0dmdsdw?oc=5
2026-03-19	Google	-0.012	Goldman Sachs (GS) offers index-linked notes due Apr 6, 2028 with cap and downside - Stock Titan		https://news.google.com/rss/articles/CBMisAFBVV95cUxNWkhvdUVwX1dZMGZhek5YSTNBZ2hycmUxb2dIcXVsLXVSN3drSjJaRDhpaWZVM1hybWk1RTZiU0JzXzRfaF9NUGZhOWNhaXdVOEFxTnVkU1ZrYjVUZzdRb0FZVXQ0QU5vOHhsNXVic0FsM0lpNDQ1WnIwakd1N05sM1JjNFFuQnh3QndGRFlaYVBrMDZHTG9DTGRBMnluVWRVak1Fa3o5UVp1bnFJWG5kbQ?oc=5
2026-03-19	Yahoo	-0.024	Goldman strategist says bear market risk remains limited	Investing.com -- Goldman Sachs says the risk of a deeper market downturn remains contained despite recent pressure on global assets.	https://finance.yahoo.com/markets/stocks/articles/goldman-strategist-says-bear-market-133206076.html?.tsrc=rss
2026-03-19	Yahoo	-0.067	Goldman Sachs Names Sara Naison-Tarajano as Head of $26B Ayco	The 27-year Goldman veteran takes the helm of the $26 billion workplace financial planning unit, succeeding David Fox, who's retiring from the firm.	https://www.wealthmanagement.com/career-moves/goldman-sachs-names-new-head-of-26b-ayco-business?.tsrc=rss
2026-03-19	Google	-0.078	Coach G's Corner: Cleveland grad breaks down Vols' match-up against Miami (OH) - Local 3 News		https://news.google.com/rss/articles/CBMi9gFBVV95cUxPaHFYemNJUnNxdzZ5Rk5xTjMtYnN0eW5vWHQ1SGMyS0hoOXQ1emhvU0tZRE50TGx2dVFDZEczQ0FwRFRaMGhEY2pSM0FGazM3cDI4ZURlLWlMWEJWdE96dkp3c2EzeUFPbUh1ZnFNUzYtYlppQVIxNUNqQlN3dnpiMXhWclJZc212V2U3MUxKZTFaNmdYMklBejdUZ0l6cEVEYi1ScWc1dWp3bkliNVc4bk51b2JDSkVKZElqeW95cktOZ1h5clBHMThhNzlfSFZMd01EanEyX2pfZm8tY3NnWU1XSHpHN2dFTVRSYUd2Rk1NLVV3ckE?oc=5
2026-03-19	Google	-0.083	Regular Headcount Management Is Nothing Out Of Ordinary For A Public Co, GS Spokesperson Says - TradingView		https://news.google.com/rss/articles/CBMi9AFBVV95cUxOXzl4c05xMjVKOXR3cFZRM2FBbXl4UW5FVFN1N1UyMU52T1kwZWVDa3M0SkZiX0l4RmFPTG5rTDIzLTNYWml2eUtfYVNKQ2ZFRzVpY0NrWXZhdG1qVDg4WlE2cFZUeFZrZTRlbmFDMWNnalJlMkFubmM4UlhtbnJESlpDRkxjbThEc2N4cUxhSWxZTnk4aWVFVHBBcmpDNWl4N3F5UFlOczZYTzlMU25RSXFNb2dQSmNkd1QyQ21qblp5QnZ6RTBKYVJWLTRRVU5Ea21Fcm5JUHhoYmZpeW5nb1E0Y09TRnBtR2RHeVZhOUtWVEpT?oc=5
2026-03-19	Yahoo	-0.086	Sector Update: Financial Stocks Mixed Late Afternoon	Financial stocks were mixed in late Thursday afternoon trading, with the NYSE Financial Index 0.2% l	https://finance.yahoo.com/markets/stocks/articles/sector-financial-stocks-mixed-afternoon-195649882.html?.tsrc=rss
2026-03-19	Yahoo	-0.125	Trump Is No Crusader for Markets. Why the Fed Failed to Deliver the Holy Grail.	When Richard the Lionheart led crusades to the Middle East they were funded by crippling taxes at home. President Donald Trump’s war in Iran could well hit regular Americans’ pockets and draw the same ire from markets.	https://finance.yahoo.com/m/3b78623c-f310-3fbc-bfcd-cc9d0df44e01/trump-is-no-crusader-for.html?.tsrc=rss
2026-03-19	Google	-0.2	Woori Card Araujo and GS Caltex Silva Named 6th Round MVPs - 조선일보		https://news.google.com/rss/articles/CBMihgFBVV95cUxNR1E1RExDM1p4N0x4RVJwYzA4QlVQWmU5OEtWd1Y5TFU1ZHFZSkpaNE1HQl9kWkhmalFxUlIxSkNBM1NucGctN1BzaWg0WFE2eEMxdkpfSDYtdjFjczZOcFRISUw0QzN0bTR2bEl0QUdNa05FQmFITVNaNkxENHBrMlFtcHE3QQ?oc=5
2026-03-19	Yahoo	-0.35	Brent Crude Prices Are Surging. Why Europe Is Facing an Energy Shock and the U.S. Isn’t.	The energy shock from the Iran war is threatening to become a full-blown global crisis. But you wouldn’t know it looking at U.S. oil prices.	https://finance.yahoo.com/m/68c28c60-b5b6-3f34-a51e-041afa1bfe14/brent-crude-prices-are.html?.tsrc=rss
2026-03-19	Google	-0.4	How The Chicago Bears Helped Keep Bobby G’s Packed On Game Days - ungvanguard.org		https://news.google.com/rss/articles/CBMiqwFBVV95cUxNS0pjbXY1d3VRQzZEY1NUaGhyVWZUdWtqeVF2ZUpzZm1DQmVTNUhOVmZ1cjg0c3NCNnYxaEZDZFBCUkFnUXI3RXcweEppY1hOZ3pPR1d1TldvWms2LVpZN3BFTGQ0M3lCRmtvREZ4aUZ6X2dlT0RQQkpvaWZ2UHkyVmJjems1N2hGamJJWk1vaGMwVHJaNEhMaVpfUE40VUxrVmZ4MFFuOWZkT28?oc=5
2026-03-18	Google	0.375	"Breaking the 14-year-old milestone, ""I'm going to breathe now."""" Silva, the top scorer, sings 'spring' to GS Caltex for the first time in four years [the scene of Jangchung] - starnewskorea.com"		https://news.google.com/rss/articles/CBMiekFVX3lxTE82alF2eW0tNU1Vc1FRb01hWVNNRmJEeXBoUGpGMVlmSUc0NFlyOC1IdzVLaW40XzFzUXlSbHhLNmZTS0VRUUpvaFNfTmQ1alcwb0JQZ25xZ1FscXVmT0RpTFU3VTZabVhDaUdJMzFfN3g5RzBTVXU3cTF3?oc=5
2026-03-18	Google	0.3	Golden State Warriors vs Boston Celtics Odds - Wednesday March 18 2026 - Odds Shark		https://news.google.com/rss/articles/CBMiggFBVV95cUxPSzRHTkJTenVPYUdhbnZmZWhpOVQ4WGt2NjRjTXJldjRjM2N1alhuTjlXbUpyb0tya0Z0eDE1SVNsRE5NU3lYWDhGaEhiRjdTbF9SLU1lWjUtdFhKU1RCTjFiYVl4ODE1ZkYwME9aWlhYekZsbWpINkR6MEp2cmlETHh3?oc=5
2026-03-18	Google	0.25	"[B-Hind ★] ""Yongbyeong-gye Kim Yeon-koung."" Giselle Silva again! Triple Crown! GS's first spring party in 4 years with 'Bullet Volleyball' - starnewskorea.com"		https://news.google.com/rss/articles/CBMiekFVX3lxTE5ORTBCeExGdy1BcVpQY3paaUVGdjVPZDZMQnl4aFFSa2sxUWc5WnJkdHk4SmlWUThYZ3RvYTF2TFhMX0dEdU9BNnFxMHlaRGZWX0p0SkIxZjhzODQ3em5CUWdjaGZTaE43Qy1OMy1nM3J5NDdzV2dvYi13?oc=5
2026-03-18	Yahoo	0.209	How The Investment Story For Société Générale (ENXTPA:GLE) Is Shifting With New Analyst Targets	The updated fair value estimate for Société Générale Société anonyme moves from €68.42 to €79.99, placing the central price target closer to the higher €78 to €84 range now cited in several research notes. This change is generally in line with recent analyst commentary, with more optimistic firms lifting their targets into the high €70s and low €80s, while more cautious institutions highlight profit taking and valuation concerns. As you read on, you will see how this evolving target range...	https://finance.yahoo.com/news/investment-story-soci-t-g-220716985.html?.tsrc=rss
2026-03-18	Yahoo	0.142	Private Club to the Stars Tests Its Appeal by Pursuing New Investors	San Vicente aims to sell a stake in the company to fund global expansion. Members might bump into “Succession” actor Jeremy Strong.	https://finance.yahoo.com/m/b0fc360e-40ef-3b3f-8f98-72cff4f114a1/private-club-to-the-stars.html?.tsrc=rss
2026-03-18	Google	0.136	Galatasaray vs Liverpool Box Score - March 18, 2026 - The Athletic - The New York Times		https://news.google.com/rss/articles/CBMimwFBVV95cUxPVWJWVnZoWm9jcE45UHFvWGNtOXNRUElIb2hoYmx3MmNQY05lRFdUSVVYa0M3bFp2N0ZCZDJwS3E5dUluZnByV3RuX25tVVlmSTVuMnB5bmVoNVNpbVpEMllxSUhQOUJ6ZXZpQ3JkS2djY1IzbWp1bEV0SUVpRXFTSllmOVlhS1Z1VWVmVEJwLTZkMW1iV2dNZE5yZw?oc=5
2026-03-18	Yahoo	0.125	Participation notifications by The Goldman Sachs Group	Press release Regulated information Brussels, March 18, 2026, 17:45 CET In line with Belgian transparency legislation (Law of May 2, 2007), The Goldman Sachs Group, Inc recently sent to Solvay the following transparency notifications. Here is a summary of the notifications: Date on which the threshold is crossedVoting rights after the transactionEquivalent financial instruments after the transactionTotal March 9, 2026 0.14% 7.08% 7.22%March 10, 20260.25%7.55%7.80% The latest notification, dated	https://finance.yahoo.com/news/participation-notifications-goldman-sachs-group-164500600.html?.tsrc=rss
2026-03-18	Yahoo	0.105	Goldman Sachs says small businesses are embracing AI, but fewer than 1 in 5 are good at actually integrating it	Getting smaller firms behind AI is easy. It’s also just the first step.	https://finance.yahoo.com/news/goldman-sachs-says-small-businesses-191451877.html?.tsrc=rss
2026-03-18	Yahoo	0.083	A Look At Goldman Sachs (GS) Valuation As Investors Weigh Oil Shock And Inflation Risks	Goldman Sachs Group (GS) is back in focus as its research teams track the oil shock triggered by the U.S. attack on Iran. The teams are tying energy price swings and inflation risk to potential paths for global growth and equity markets. See our latest analysis for Goldman Sachs Group. At a share price of $807.04, Goldman Sachs has seen a 10.84% 1 month share price decline and an 11.74% year to date share price decline. However, its 1 year total shareholder return of 49.29% and 5 year total...	https://finance.yahoo.com/news/look-goldman-sachs-gs-valuation-090736745.html?.tsrc=rss
2026-03-18	Google	0.0	224,702 Shares in The Goldman Sachs Group, Inc. $GS Acquired by Danske Bank A S - MarketBeat		https://news.google.com/rss/articles/CBMi0gFBVV95cUxOQ0d4dGZmUHd3c0FIOXh2QXIwVHVsZjBJdWZnUTZ4OVpTZXFlY3pzdktpNDl2NWpYdEFaWmt1U1JiOGxXbl81UUk2NV96c3lWaUE2T1VnWXVOYlhrSjdPTmhVXzBqT0h5NlkwNUhubS1DekhRTktIUS13YUpjdGlackpBNGpjY1dQY1VBUkVsbHN2VjZiUVptVHpXZFVNTENEcEdYZnZqa2daMkROREZYZDNFT0RhRHFrOHZIMkFIT2hrekNlRE9BZHFWQ3hCTGFaM1E?oc=5
2026-03-18	Yahoo	0.0	3 Top-Ranked Mutual Funds for Your Retirement	You might want to consider adding these three top-ranked, best-performing and well-managed mutual funds to your retirement portfolio to maximize your returns.	https://finance.yahoo.com/news/3-top-ranked-mutual-funds-120002246.html?.tsrc=rss
2026-03-18	Google	0.0	Aluminum Radiator Grille Guard For BMW G310GS / G310 GS Motorcycle (2017-2022) - Accessory Protector - kliksolonews.com		https://news.google.com/rss/articles/CBMiigFBVV95cUxOenBkVmNYR1ZBMm1DSjA2OEQwNlVvYkp5NW16RU54aHNjREU1WTJhZXk0QXlzc1RneWhfS2lwTEFzbk8tV19ZOHVMUTFwVllIZFNCYTJwcDZSbjZDZXZYc1pmU0hoVXZKMThjb2tLUUF0bHExd3hHRXFFVm44TGJIak9qZWc1UGV0TEE?oc=5
2026-03-18	Google	0.0	Analysts Offer Insights on Financial Companies: Bread Financial Holdings (BFH), Visa (V) and Goldman Sachs Group (GS) - The Globe and Mail		https://news.google.com/rss/articles/CBMimwJBVV95cUxQS1JiVGcyb1oya1RoOTRJWWctdVFlWk5vM0h5Y2ZEaDlneHVlM3FEQjd5MkU3ZG80NW5vdE9ROGJOZFgyNHRPRTJRdFFrS245OGpnQzN6ZGNLaVN1OHFZcTA2Tl9paVVqYTdTZ2RfUm40UHdCajdrbWdzUTBNWktQSzdUMEZFQ3lSZ3p6aHl3MU5NWVdIcXZZeWhieFd1T1pNeWRZOUxoTUMtMjVUZTI3dkZjMzZtRmg4eVR0b2d0bGE4UVd3S1RfOVRlYmtlVkwwYXdDbzZwSFN0LXNUUEF6RHN4X0lpcTRaaEgxQzg4a3AyT2IzemNkN1dQZnR5Ymt2NjdnU2lLOFV1UEwyQ3RlN2ZCTE9tWUdvNVVF?oc=5
2026-03-18	Google	0.0	Austrian skier Scheib locks up World Cup GS title. Shiffrin finishes 5th and protects overall lead - Chronicle-Tribune		https://news.google.com/rss/articles/CBMilwJBVV95cUxNaWxDNmg2WVE0SDFORnVhY00yT3hRVEVyOGV6bTVEY054MEVFWUEtQjhkRzZXbnNkalI4SnlMSXBGVVl3VjdCYzJad1ppM1Z6NEt2LWVhVWlXaVBkLWxGOUVHOGczWUpwVlJ4OFVsUVhFR0ZTOVhkcXhBT1BmTUZHdEhlZ01aSnZzcnd3bmMzRWhOQUV0c3NLX29yb0JXSm5qSFE0RkE5S2IzV3pCSmxZRzF0ZXRzU3Q5Rms5VWFQTjRnd0d2SnRLbVNlZ19xRF8zN1QxcVBNc1ZZNVdUUllFRnRCenByOEIyM3BpalROZkpudTlsRW01QW1BYy00ZjRiV3ZZMWdLXzFHSHRXNWE1MTFvN3llUGM?oc=5
2026-03-18	Google	0.0	GS Caltex Climbs to 3rd, Advances to Semifinals - 조선일보		https://news.google.com/rss/articles/CBMihgFBVV95cUxOQ2twTjdqNDdEZU1Ucjh1UUZtN3poVzBFd2NPNUNaeENWbTQ3SU1DdmdFaXpDemZka2kxY3psa1BGNjRGU3ZFSXRRajA5bVNXaHdBNVpxLS00RWpyVnRiMmw0RENFOWQ3OGVKMlUzWW9tYjNCd2xQMFl2QlQ5THR2d1o4YzVrdw?oc=5
2026-03-18	Google	0.0	GS Caltex Volleyball Team Returns to Semifinals After Five Seasons - 조선일보		https://news.google.com/rss/articles/CBMihgFBVV95cUxQcHQzSU96NEI5X2M2dm94azFfZlF2cGsydUduRzhIekVNNWU4MWF2SDg2a3ZqMlJsMmN0SU92dXdxbkhjSmFvWEZROWlIaGpFb2l0Z3NSaHhXMkl6X3c4Z3Q4OGhDbkNfTzN0Q2lvYU1IdW5LQ0JKZHgycHVzMFI1NlpPemhRQQ?oc=5
2026-03-18	Google	0.0	GS Caltex clinches third place, returns to spring volleyball after five seasons - CHOSUNBIZ - Chosunbiz		https://news.google.com/rss/articles/CBMif0FVX3lxTE1odzN3UFJVZnJPZ2NKLTlPZTFMY3o5emg0WGRIZHFEWDRWU0dGRUpaOTVueDZwQmxvWjIxdml1TC03YlZfNXE5R3psUXM0R0c2blBDbmloUVg1V1loU1VVOGxNN094WFRiczFWN0w4eE9YOFo5TXRxa2RmbkZNakXSAZMBQVVfeXFMUE9uMVRxR0lwOGcyUkx2aGRXcllTU0Vyd0dSVXFTaWdEWGtvNDg4OU04UXJKbmxtUnI2LVNwZWZfNUlEaTlscjV2QXhZejFYQjdqd0NxUm5SQlIyQk51ZUR2YUwzRk5OZVRENEI4T1ZQQzJTN2RKbWRuWGQ5RFltYjdBNjlVRERwdng1dy15R3BoQ1Mw?oc=5
2026-03-18	Google	0.0	GS Retail launches first-half hiring with internship, campus recruiting - CHOSUNBIZ - Chosunbiz		https://news.google.com/rss/articles/CBMif0FVX3lxTE9wUWRnSVZRZUcycl9pN3hXQTRxcWl0TmZfbHliY1hlQ2lfMDZzWUtLaW1kckhuN0IwRFdhbWc4UGEySzRFMmhtQ1p0R0xKYmVlTHRkal9WbnM3UTR0QTlIM0VtXzh4LUt5S2NzeTVxeXJvbE1uamQ2ekRROFd0d3PSAZMBQVVfeXFMTXNZY3F3eXVvalFBbDlidG5wZ2E4Zkx5T3RRbnZYQllDRlotVmtzNmt6aE9CV3hVbm1EUGR4M0pwSDZ5SERRR2NXYzdwUExTb0VuU1RZazY2WktwLUg1OHY5WTJlM1ZTamVsQWN1Y3JvRFVfVVNFRkpDc3dncFNYNThoRkRXSXJYY3R0S2owVUJtRW5j?oc=5
2026-03-18	Google	0.0	How Will AI Affect the US Labor Market? - Goldman Sachs		https://news.google.com/rss/articles/CBMijgFBVV95cUxQWGRxQTBKa1JQSmJQUkNnTWlzXzFSeDJkcXhSeVYwSWZpOHZSYUNialVlem1mWnhBck94dkgwVG1OTkFEeHlVblV2b2VHNjdhTDF1VmhRRlByUVRjS1VlZ3QtM05faWJHZy05ZnZRNVR0SEdKVUNibXh0R3IyNWUtTmo3djRBQnRWbC1vSWRR?oc=5
2026-03-18	Google	0.0	Niche Push Pull Throttle Cable Set For Suzuki GS1000 GS750 GS850G 58300 45610 Mk1005893 622f9099 3d1b 4ce1 B19a A3eaaf5a676d.046099bd195f91c4ae91191ea2fab3fb - hotelier.com.py		https://news.google.com/rss/articles/CBMiowFBVV95cUxPUlJhakowQXhyM2dMMjB1bFlCOWRBZVpYazBvYUNELUM3ZWptSkw5RGJnSHg0Y2JSM0c1b21pczM3YmV5SGtadldQYmNMdEd0UlpsMEhyRGJmdmdJY2JhTUh6eWp6SEp2OHNlSWxESnE0V3FicHJpUjRBb3dhbmpXcVpReGM2SUhnN2VuZWJjWVdLRDBUUWJuaU1ZZkd5bk1vaEtN?oc=5
2026-03-18	Google	0.0	The Goldman Sachs Group, Inc. $GS Shares Bought by Cacti Asset Management LLC - MarketBeat		https://news.google.com/rss/articles/CBMi0AFBVV95cUxNMlNLdHNSSVB6UDhBOVowVmt4MzN3dXVfTE9jZS1vWl9TXzBzSXJTT09GUDZVXzBrTVB1Tm1Oc18wYVVWa21MbDd3cG4tTHJ5bUlGZUR6NmJreER6YkNTRy1uVkVTbUlwQ2VCSnBOWl9ZSkc2Xy1ic0lya28xbTlsU05XbUpGUEtVemtxSWtSMlF0UkhIWUhCM2lQSnFCdUh1eFFEXzZmQl9GeF9xVjhVMDBrWDJTdE43QndLNFFKV3ZlSkd4bFRQTkptdjl3QmxT?oc=5
2026-03-18	Yahoo	0.0	Trump Waives Jones Act for 60 Days. What Is It and How Will It Help Lower Oil Prices?	The Trump administration has waived the century-old Jones Act—a maritime law that requires all vessels carrying goods between two U.S. ports to be American built and owned.	https://finance.yahoo.com/m/31dfcec6-f170-3cf4-8259-fafc4f044cc1/trump-waives-jones-act-for-60.html?.tsrc=rss
2026-03-18	Google	0.0	UPSC Essentials | Mains Answer Practice GS 2 : UNCLOS and AI governance (Week 146) - The Indian Express		https://news.google.com/rss/articles/CBMizAFBVV95cUxPM1daNGZYOWRNODRDX0R1MDF1WENBcjdCS1p0VDdlY1JmWUtwa0JwaEM3YjB6bGsyVkdjVWRyTi1zanppNFVwS0htZHNpdElDNFd6VWtTZnZ2WXliSDJvVm1BX1E3dER1NGlvNUYtdWlUNkNYTzE0WWoyWkdnOGxVaHd4amE5U2F4ay1LY1lNWF9lT0t3SEVTM01sX0ZtWDNPeUpGSHdOQTJoX01kWU5CcnVETi1zTWVhdUplUVJqMUlWakhiNHFra0FLRHTSAdMBQVVfeXFMTVdRa1loOVFOUXJsQ3hQbmVWNXc4M29oQjNTTlYxQTR3b2lublp0aGV1aDFNYm12NnZhajA3T3F1MlM3ZXl6X1BDTWpFQ3QtLWIwX2k2bVl6YkVyLThCNnVjcTBUa2MwOFdfTEp2eHdKamV0U3JnaGk4anJGSDRRWGU4aS1yWG1ka2dUTnNGYWpmWkRucVgzN01GMDVwSnlia3podC1mdmlYa3p6WWhRaUFOZXZWX184S0pyN0poQWZLUmZ4TmYwSVR4em1MYmpBWEtEUQ?oc=5
2026-03-18	Google	-0.008	Key facts: DB >13% RoTE by 2028; $27–32bn private credit; no losses; Q1'26 rev flat; $150M Africa; $250M GS - TradingView		https://news.google.com/rss/articles/CBMi7wFBVV95cUxPSnJWZFhsSHB6Y3VXRmZoVkRidHN0VDc4VExuSU1oTnRlclZIZlBISDV6UDZFVmhqamRrOGZFc3ZCdHFWcXJGbi1ONkg5eDQyMTllZU5BQ2llTXVyTGJ2RVd4Wm5rZ3BfeDk3NlN6WmNUeG5nTzlZaUVRRjVKWTN0bnF2dzhlZnl1VzFrazdNczY4OVhXN0FJem81cU9xbUlrWS1jeUJpRDZLamdybUJFLVFiZ1VSM3RvREVrSkJfZ0dCbTh2YUM2WWZaYW5oaXJmVzN2dEtBdm91Szl3ODkzcmhXMFFpQ1lqbDRaS0lfQQ?oc=5
2026-03-18	Yahoo	-0.047	Should Goldman Sachs’ (GS) Cybersecurity Bet and Debt Issuance Shift Its Long‑Term Risk Narrative?	In recent weeks, Goldman Sachs has been highly active in debt markets, issuing a series of fixed and floating-rate notes across maturities extending into the 2040s, while also facing governance changes as long‑time director Lakshmi Mittal prepares to retire at the 2026 annual meeting. At the same time, the firm is deepening its role in fast‑moving sectors by expanding energy market research during the ongoing Gulf supply shock and committing capital to cybersecurity compliance provider...	https://finance.yahoo.com/news/goldman-sachs-gs-cybersecurity-bet-200541131.html?.tsrc=rss
2026-03-18	Yahoo	-0.126	Goldman Sachs Just Issued a New Warning on the U.S. Economy — And It’s Not Just About Oil	The leading investment bank has cut its growth forecast and raised the probability of recession. That means some tough decisions ahead for the Federal Reserve.	https://www.barchart.com/story/news/825616/goldman-sachs-just-issued-a-new-warning-on-the-u-s-economy-and-its-not-just-about-oil?.tsrc=rss
2026-03-18	Google	-0.4	Warriors vs Celtics Game Overview, Stats, Injuries, Records - NBA Game on March 18, 2026 - Covers.com		https://news.google.com/rss/articles/CBMiakFVX3lxTE5QeGhraVNXbFA0bHFqVWVBQ3hWQ09WcVJ4Q2Z4QlZIWDZkVmFTcHZ1UlFPcUF6UHlzOUF5TFdZbmFQMmdYejh0eFJiOU16cGtSSXh0WmtZTkU1SWZRRFJwQzAzTDluTzB2Smc?oc=5
2026-03-17	Google	0.367	Karol G’s Strapless Ashi Studio Fit Works as Bold Micro Minidress - theFashionSpot		https://news.google.com/rss/articles/CBMiqAFBVV95cUxNZ2xSNHY4eG9fZnZuMm1HSENyRzdJdU03WE5aN0JjZ1hTNjR5SlZoT1VkLVhmMGZjSmQxUW5XQzYzM1prUFRHLVBTYTdIbXZucmRuc3RibXhkR2ozMll6R0FSMFFWNFlYUnhlREk0cVI1X2x6TkdrYXVQeDJzM0MyQTc5TllzQWE3RFJ6ZHRYRHk2NzgyYm5maHM3ekZtQjhXMnplSlEwRDLSAa4BQVVfeXFMTmxuN1VTeFBOUGR6bG5RZjlweU05LTR3a0V4VkNmU2l0Z09WVUhnc01JaHZvcTl6YTJ2TU5FMWt4Tmk4ODBzMzMwREVJRVFvcUpWLVhCeGhhOHNGQTU4ekxuUWhYeEU4c1dLVlY3em1VNjFpRE5HRzdNVERlTVliRHBjZU9ZVml0RHlkY2EwanNuSmVDaE9FWER1OS1hUzhadHB6VUt0eWQxTmhrMURn?oc=5
2026-03-17	Yahoo	0.117	CrowdStrike Has Wall Street’s Attention Right Now, and Here’s Why	Morgan Stanley has upgraded CrowdStrike (NASDAQ: CRWD) to Overweight and named it a Top Pick following Q4 fiscal 2026 earnings, and Goldman Sachs packaged it into $1,635,000 in Autocallable Basket-Linked Notes due 2028 alongside other high-conviction growth names. These two very different institutional moves have one shared data point: both firms acted on CrowdStrike at ... CrowdStrike Has Wall Street’s Attention Right Now, and Here’s Why	https://247wallst.com/investing/2026/03/17/crowdstrike-has-wall-streets-attention-right-now-and-heres-why/?.tsrc=rss
2026-03-17	Google	0.1	G.S. Precision Announces Acquisitions of Headwater Precision and Lush Heat Treatment to Expand Strategic Platform and Enhance Vertical Integration - Business Wire		https://news.google.com/rss/articles/CBMiqwJBVV95cUxPSDE5TWNnV3ZIbjdmZmtIUG5OZXdFRG5hODRzQkdIdC0wZnNoV3FrOFljQ1ZKWWxzT1Y1ZnFkTVJBRENxSUxnS19ncnM4WXZUYlhTN0VxY1BEUTJzQXo4eGJQT2FfUUpodnZKNGlVTGVSWG03S2VoWkFlaXRWMHJPdDJhd25YY3J0S3NsV3BIamN2X0ZOXzVwTkRfX2p1R21UUEFSaXFUeTFteXZ3REdlSHRvemJZaU9jaVdxUExUUU9Qd1JlaTlPWkZTR1piZmN5WEttWmxTdHZaUGZuU3Y5cnRBR3ZodWUxN2RyV21HUGpJOVh2aTZqak5oSmc2QW0xRjN3Z2dtVy1yaXlpdGdGUVpnanV0Z2gxdFJFZk9wZkozUjVqV2Zscjd0MA?oc=5
2026-03-17	Google	0.1	Goldman Sachs (GS) sells $3,000,000 10-year, 5.00% fixed senior notes - Stock Titan		https://news.google.com/rss/articles/CBMisAFBVV95cUxNeEJIRTY0Q3lwQm5GMEloTHczOTNxRmNlalNvckxEdXg5MEpCUW1QZnVlMy04QUs0Z3dhNHNERkRZVEx6bmRkankwaFFqR0Rpbml1U0tFLXc0RDVvRnZRaG82dllLbW9wSkExLUZoYWFPRTN2Nm13V2VWN1psTm9jUlN4ZnB3Y2I5ekxnaWxzenIyVWx3WVB1T0NnMDdUWGZBbkFETWwxZjFfSW5Yc3pyZA?oc=5
2026-03-17	Google	0.1	Red Real Carbon Fiber Car Gear Shift Knob Trim Cover For Lexus ES IS RX GS NX RC - hotelier.com.py		https://news.google.com/rss/articles/CBMiowFBVV95cUxPM01Ebkw0UVZIVHFHVjVkMVg1c2k1WGo5ZFFLQ05ld0ZBZ3cyaEVjcWY5dV9TXzZqbVNUVklkZmRFWFNZTmZtT1NHd05nelE1NkJ5MC1VeUhJbVotTW9IUWlTN3E2ZFhVeDZmLUIzaWQxVXZWR0hvXzNjMGVSNWFMMUhyTDdqQVQzeDZQRXlKa195aHVvOXdfSkJMSW4za3I3RUpz?oc=5
2026-03-17	Google	0.1	Second Round of Season Already Pivotal in GS - Sportscar365		https://news.google.com/rss/articles/CBMihwFBVV95cUxOZ1dFbGxCY2tMbFgyVHJIMVZwYzNJQ0ZkWXFobzZyakVnZWpPTTZaYVA3bV9HZXhfdHc3ajg3S3R2OFFlSXV1MG5kWWtER2hfSUxnaXVHUzVLSkhGMDZwU2MtYVBOajdERkxwN0lwX2N2cWpGcHRvTl9zYkNLUzJ3LXhnNlpKaDA?oc=5
2026-03-17	Google	0.0	BMW is bringing its biggest Demo Tour yet to locations all over the UK - Visordown		https://news.google.com/rss/articles/CBMilAFBVV95cUxQZ21VbHVWSVdtbGMxdlFZaVNES1F4bFlIUDlURkVfdGhvZHpoQ2FNaU52aTJJLUlVeUJuYjA0WFptTmRuVnF3ZjZXR2hOZWhtSENRMklaWGwyYW1uN2xOWTZpWk9lSkpwYjNnS0Y0N3ZxUG1HaHhwYkhJREEzWGxvODZ2RE52ZVJjT0hOQnd2OW0wWW0w?oc=5
2026-03-17	Google	0.0	Back Country Trail, G.S. & O.B. up for 10Best awards in Gulf Shores & Orange Beach - Mullet Wrapper		https://news.google.com/rss/articles/CBMif0FVX3lxTE1Ha1JDUU50aFRYZGZzZ0VBNzh2YzA2VTFhZ1RteWQzNVN0MmZDY3ZqdUhmUkNDanlSWklkZzZVTUF3cmpJUmt0LUJNNFdFLVJLa3FjMUJTUFNiWUt0bmhkSy1yTlF2enRXcUxIMVNTRW8zbGFFbzVrZWEwVHM5VUk?oc=5
2026-03-17	Google	0.0	Brembo Brake Pads Front + Rear For BMW R 1200 GS 2010 - hotelier.com.py		https://news.google.com/rss/articles/CBMifEFVX3lxTE5aUHRuVkJ6bTZRWHRfRnozLThKTUhYZnhfblQwOERkZ3FHU09BZ2lxdnFFVnczcWZGX3p5TDZCWElJalp2TUhVWXp6MFZfN2xjbTlKdVR3cUZXdjl6SDFOYktHdVQzNkNQaUgwV3g2d0l2UGw2MThCWFVueFY?oc=5
2026-03-17	Google	0.0	Chennai-Courtallam-Munnar: Republic day group ride with my BMW F850 GS - Team-BHP		https://news.google.com/rss/articles/CBMimgFBVV95cUxQUG0tN05sUWtNYVlkZzljUXVubGl6SXlyZkJ6OWtOR1pTNXBVbm1GRTIySXB3WW4tcnNsM29SdUJ4d2QwN3gwWnhNWnFrRjRDTGtlYlg5bWxkQ1UtVjZreENEeHRzWDR3U2VCTmdaYXlnWndCbkhTT3RVbDd0OVZycGFpSUFON0JJeTF2eUFudFpYaTlGMTJzU1h30gGfAUFVX3lxTE9EVmFiTDhWVXp4YWkwX1o2Q0QzSEYyUGEzV0ZxUUVmOFJrU1Fmcjd6Z1NsMlIxNG9zM0FNWThwV0hrcXZhQWpOczZkRmNjZE92ajhPcnYwS09MZk42V1k5ZUdDYjh3YnE3UTZzc1Y3dEdia0F2MkRUa2ZZV3ZhVWNzdU8wMHpXUnNtUEVwd2wxdlJKXy1FOXRYZXZJS2NrUQ?oc=5
2026-03-17	Google	0.0	G.S. Wilcox & Co. completes $18.9 million financing for two retail properties in Greensboro and Richmond - NYREJ		https://news.google.com/rss/articles/CBMitgFBVV95cUxQRkFta0hkNW4xb3BUS0RDcHZfcnBUV2ZBUlBHTlRxelVYSHpBSEVaaUtaaUJRRUdaenlUd19zUjczcEFDWlQ2WTdUZTRLNEkzcXljYkozN0R5VzJ1cTd5TldOTDd1ejNtUV9rR0VRcmhwOUtscWVubDF6VXZlS25KMXVKbXgtajZYanduS1F1ZDl6Zm96bm9hcmxYTGIyMXUzRW1oT3dOYk5sRDBSTzdETUNrNEQyUQ?oc=5
2026-03-17	Google	0.0	GS Power Partners Secures $250 Million Investment from Deutsche Bank - citybiz		https://news.google.com/rss/articles/CBMiqgFBVV95cUxQYzFDNDRGWkZkdk5fejM5YmF1MUhBNXoyQk45UlJZQlBGTmJrN2pZLTRXQnA2d2puU0dxOFhWTjdpaEphZVZZN1o3d3N0OGdNVTNhRGJ5UEFqS1JWNWVfS2JRSkx5eHJid0kxeUhvc0cxOTVaQXFjMEQ4M1pDelhkUVZNcXdhcG1oWFFBYXNXY0NMSGhlWHRZVkxrXzh6R2NDS2hFbkVSaTUzQQ?oc=5
2026-03-17	Google	0.0	GS Power Partners Secures $250 Mln Investment From Deutsche Bank - TradingView		https://news.google.com/rss/articles/CBMizgFBVV95cUxOekYzRElEYzFsOFl0T3VCZmpZYUFwVkZTeGJ2SUdseEFxZVp0YWdTVWV4Uk5pV1lUYV9XdGdORWlDLUpQd2trNUVyMVJPaGFnTnZycnJ0LWYwQXgwY2RHdENSS2cyWlVkUjdPQm8zbERENi1GRDM3OXc4MWtHWnBFNmJVbDBTVFZKUkNXN083WDJMZnhySnZfSnRIcy1jaGxqTjI4NWJOdktRNHNoNmQtNmVrYnozR2UxOUFiWlRBZGZJdnFVXzIwNWlUakVUQQ?oc=5
2026-03-17	Google	0.0	GS Power Partners: $250 Million Debt Facility Secured To Expand Distributed Solar Platform - Pulse 2.0		https://news.google.com/rss/articles/CBMirAFBVV95cUxNZzlyaHZQVG5fQXdBdy0tRHdHNnlpR1M2bFhnel9WbjFOT3pUVDhKUzFvNkc4LUZhU0lucHVueFpKVzNLN1hxVkdHeGJCQ0FlMTRZV0lFT3pBUTdFamdITFB0STViVHJnb2N2WmJZdlcxSzBjODBkQ2ZNOUNoWkgwMDVlcWNDZG5kQk9iUkdYaEJBdVJ6aU0yVzY4bmVjdVpoa1lFSTIwSmhPVFBj0gGyAUFVX3lxTE4zMU93SkpJeURGeE9YTzdPeXAxbjFxNVpCS1ZPek4wdUdjS2FsZFcyeDdFbTRISm1XQmk1bHdUdE15UUNSNjFwM0p6ZmtyVm00RFNqZ0phYTliZW8zVGZ2OXBLZzZ3SjRCOXI2X1p3TmpoZGtGMDdLbzFyTXdMRFA4RHI4Si1Xd05hYVBfcjFHMXM5aTVMb1JSYkxuNzY4LXk2dm43Z1FwWF9nazkwa0F4VFE?oc=5
2026-03-17	Google	0.0	Goldman Sachs (NYSE: GS) issues $4.727M 5‑year 4.25% senior notes - Stock Titan		https://news.google.com/rss/articles/CBMisAFBVV95cUxOUlE3eTlnX1BLMlhmc0NJNF9hcWxkT19qellPUzI0d2gxWmZiUjhEeXIwTVplYW9NaHpZQk5lVmVydHVjdlVlNEVpZENHaWRtT19JOVpiYWN5ZFhROXVJbjFOWXI2cWw4bGh3bnJmQU91YzNCWnd2aTNzcjVPVkFnV29KSllKeks4TXJmaHZOaklBMzRLTVVKVkNRbWVKRVFhVV8tVGpvRThieUZhTEdJMA?oc=5
2026-03-17	Google	0.0	Lakshmi Mittal Retirement Signals Planned Board Refresh At Goldman Sachs - simplywall.st		https://news.google.com/rss/articles/CBMi4gFBVV95cUxNVzg5cm9GUnhmTXk4azd2eGluMUdBb1BlOFdFSTA4N2hob2NwdXBMbGh4a2dlMHlVRDhuU1k4SW9rbE5xbkwzd1pCeW12LUV0NjZZYnJXSTFuR21pd2NfTHppS18xQUE5aXk4dlZtV2tjUER6VmVoUlZHN3NmNEVHODgzUzliRmxWWW9xM2R0Q05OLURDVUEzRmpPbFJYc3R0dlEwN2thS3BFUU45SldCYWVFa2F0WTdycFFGb3U4UkVNMDhiV1R4R3ZlMUVwR0hHcGp1dWZYdDNjbDBBcEk1VFF30gHnAUFVX3lxTE1hZ1hkOFJDWWJ0M2hwR2FfS1ZBMHpnRVFtaFZiZU5VcGh1bFJOMFJRTXZMa21Ia3pubjBoRjF1bU9LT3doRFRCT2VDc1dRSldXTkhsVWVXUkFxQzB6aVd1OVFwMndvR2pYQW9sdUhia3VTZm44ODQ1QlhlWVpIQ3pGRFd4RVpidnRLWlhOWV9LVkp2OWV0SkItTUFLRUxncVlCekdKa1YwQkdzcVN6anRRdEg0OTRvV2FBc3UxUzd2NjJydjc5R1ZJeEJOX0FWUC1WRVBTVlNlSDJWV3ZFTTY5YUJjS3l5NA?oc=5
2026-03-17	Google	0.0	Loews Corp Invests $9.95 Million in The Goldman Sachs Group, Inc. $GS - MarketBeat		https://news.google.com/rss/articles/CBMiwwFBVV95cUxOazhvQkR5NkZrbTJoZHdoNlR5ampyaU5XaElpWEhNMGxONEZhNWtLOHRxSXRXMFd0cV80a3cwVFZodUlxY2I4eWlRYlVGRE1aTTBUdXVDaUtjUlhZNGpLQnlrOE5aeEl3S2ZfcUtXaEQ2QzFUNWZQeFJBUzNvZ2JxTEZaalF2aXk2SkxlaDQwTjFYWmxtME1QM1lpaHVCRFhUekJZMDlSbGxqemtkaGF0VzZZY010cGNseFlxTnBoVlJCU0E?oc=5
2026-03-17	Google	0.0	Manjur elected president, Liton GS of DUJA - The Daily Star		https://news.google.com/rss/articles/CBMinAFBVV95cUxPQW1wbjNlOGlDWjM0elQ0N1pnYWVMQVl3TkVQa3lPLVZyZVZFaWhEc2pWc0xjVUhYaGt4ZkloUFA5NlB4YnNtMlM5cmVGdHZ1SGtCNVozLU1rZGdyTnBDcHEzaGZudG9takE3NGlzb0pCbGZhbHlaUzd6U2NGMnk0REtsQkhpa2ZtWU0zLVE0UGRvclFqamRWX0ZTZzY?oc=5
2026-03-17	Google	0.0	March 28 G.S. Junior City Council Market is all local in Gulf Shores & Orange Beach - Mullet Wrapper		https://news.google.com/rss/articles/CBMiiAFBVV95cUxPay16Q3pGaEpEOWVhVmJiYmRsRUdXbTZSX25WQmY3R0ZMeHFvUE5laTFycWN2dkFjZmF2Nk1iY0dRQkxnaGtkRDNsdHhVbEV1UWQwT3VMNzRJYm9hMzBuYXQ2eHYyY2w5dWZ3OHV3SUpWZkJldmRpcy1OVEt1Zy1tM2lZTEcxZ0Qt?oc=5
2026-03-17	Google	0.0	Motorbike Model Maisto 1:18 Scale Diecast Model - BMW R1250 GS Adventure Motorcycle Maisto Die Cast Model Bike - noescinetodoloquereluce.com		https://news.google.com/rss/articles/CBMipwFBVV95cUxONlRxNkwwN2liYnd4MFJKZWtUVWZMU1JHb2x6TDQ4c0RaZnFLRlV2NUdIYWtYRkpMSmkxblJjV0V6dFBIZDljdFpRc2h2bnJfbXNfVm5qVjdJR0x0WEVJc3JubnE3LWJ5NmNVUl9HUkhBTG1CY0RuNmp1U2EycHJUSm1tWjhraXhaUndKODlKcnB2NVhBcTFOajdHT2trNEJQV0dhSldoYw?oc=5
2026-03-17	Google	0.0	PREVIEW: GS Travels to No. 21 South Carolina for Midweek Test - Georgia Southern University Athletics		https://news.google.com/rss/articles/CBMipwFBVV95cUxQX2MyVVBTck40NW4xTkJoT0RIanZRRUozaVdXaHNIT1pwSlNGalF4RFB5RXFMMzFyZlJlV2VZTnRXaDNXdVhBcklqUmtTSW44NDIzX1ltczBZUGhVUnBhVzhFbkhubFlxYUd0eXdTc2I2dWRYQ0dQOE12WC04WVpHUWducE9sbzFid0pGMjZpelJXTWhreFlldVFVLUszT3lraExSbnpZRQ?oc=5
2026-03-17	Google	0.0	The Federal-to-Private Sector Resume Translation Crisis: What It’s Actually Costing You - FedSmith.com		https://news.google.com/rss/articles/CBMikgFBVV95cUxPT2ZPM19DTHdEaHFKWmdTT2ZuYWIxSncwemkzLTZMOWxkM3Ntb0lzX0NRdTFKRTd6cV9BMXJmcURmNGRXLTNPR0c0azJ3ODYxbmV0cTZUV1pOX2MzNnJJalphM09NM1FfVVpuWjJBaFNwWVJSS3dVSGFLTF9YNjVEQUl0VnJQQ1BnMUNlMHhJdkwzUQ?oc=5
2026-03-17	Google	0.0	The Goldman Sachs Group, Inc. $GS Shares Purchased by Mariner LLC - MarketBeat		https://news.google.com/rss/articles/CBMiwAFBVV95cUxNdnNHdzMyckdHMFRjcFhRY0p4OTdhYTRrOHVqcFpCdjI5RE10YWt4NUk2UjlQTy1wdWtMa2FnN3lIc3YxVXVNaUJrb3VWZWZxSUNIalN1SWhuR0MzdTFvVDkzRzhTTDVTclREbWJKRnprNVZ6SzZXbVhHMExSZGVsY2JBTFZCVWRtOGJoNnRPU3VTY1lkWlFoZ1Vac09hb1BXNF9KNnBxUTc4bFJvSlE0QnhTWHg1RDRXUkpjVE14TTI?oc=5
2026-03-17	Yahoo	0.0	The Zacks Analyst Blog Highlights Philip Morris, Lam Research, Goldman Sachs, Palladyne and Eastern	Philip Morris gains on smoke-free momentum, while Lam Research and Goldman Sachs ride tech strength and strategic shifts to fuel growth.	https://finance.yahoo.com/news/zacks-analyst-blog-highlights-philip-090800767.html?.tsrc=rss
2026-03-17	Google	0.0	Upcoming BMW F450 GS To Get Semi-Automatic Clutch - Cartoq		https://news.google.com/rss/articles/CBMilgFBVV95cUxPUkoyN21MRGRsRWx0bUVSUVpxZWhQY1prVVhWSEMxVHk5eVo0V2Z2MjJIS1lqVTNMMmh2Zlp3bGl1LVM3dWQtc214TVRsLUdMRnlEWmVlY0s5aUZiOEZyT3I3bTVwVW5kLTlyQVVrMVg1ZnFkdmtqWDdiQmJFTVpha1NxN1pIaXc4NUFzNjdfR3Z3MWY4aFE?oc=5
2026-03-17	Google	0.0	[424B2] GOLDMAN SACHS GROUP INC Prospectus Supplement - Stock Titan		https://news.google.com/rss/articles/CBMisAFBVV95cUxNQXFPT1NQNFoybE9EN0Q1VHdnbjdkeTFsQjZpWVgtNEZPX0Jrc01oUENzeklXdkxkcmhLdk52VE9GMjBUQzdDWVJiNXVfeXBUcllLMHlIRzJwOGluaTVpSlNLR29lVndZX0FXaDVDNzFmTm5IWXdQTUlYYWRPQlNtam5kRHdSalRybmJfYi03YWlMeGdkeTJxcWNvWU5ZX202VDNzY1prSFhEckhxRGk0Tw?oc=5
2026-03-17	Google	-0.012	Goldman Sachs (NYSE: GS) offers $12M callable notes due 2033 at 4.70% - Stock Titan		https://news.google.com/rss/articles/CBMisAFBVV95cUxORk03MjM5b1ZRRXhLRFZzQjJVOVdEN0RyTXUyRTNrcUtwVWprR21aNE9CM0NzWGp5UUMzM1pYRWtQMndlenYyNHRUbTJLTDZNeFV3UVpaNmNGbWFOODZzeGtJNWRweDd3TlRsQ1NUbDVobGVGaFo0WnQ4aDFRRF9xb0szYl9vRnc4T3REZi1jSWNIbjNSTm4yWEtVOWZzZHZtV01pWmRpaXQ1NnJCR00tWg?oc=5
2026-03-17	Google	-0.012	Goldman Sachs (NYSE: GS) offers $5.47M callable notes, 5.10% due 2036 - Stock Titan		https://news.google.com/rss/articles/CBMisAFBVV95cUxOd3RLYThST3hlc2pPTDZGRnZySzhzMzB1YzVoZEFDWk1DbDVyZF9NcTZSOTJuUWdTclcxcmxjYzAxRndSTFd0UGNqb1pORGNXSWdCejNzbk1LUlh0ZHJuMUpFUy1KZy1HYmdZTGM0UkRWVG1maklhcjJxUHE0VUVKa091VjFoZUpiZ3Y4aXRFZU1RWXFHcElhOElnd1pnbVI0Um83ZnE5d0I2LThyUUpKNw?oc=5
2026-03-17	Google	-0.05	Long Length Tool Holder SOWA GS Tooling CAT40 End Mill Holders| Penn Tool Co., Inc 1 4 In Rotary Tool - hotelier.com.py		https://news.google.com/rss/articles/CBMijwFBVV95cUxOTnF2TzVHMlJna09VaFVSSnJ0QTRDSkw2QUdjRzJESXRqR0pfU3hGWUE2TUNyUVVQQ0FWRjhwMFZpZkVpV29jb0gyelFOWXhWNlZoM2ZvcjVKb3F1SmU4RG4tdC14VFk0NWhFUnA5NmRETFZReF9fQUNicnotdHNQREJpV1ZRaVVudHFLVldHdw?oc=5
2026-03-17	Yahoo	-0.13	Goldman Sachs doubles down on bold S&P 500 forecast	Goldman Sachs just doubled down on its bull case for U.S. stocks. According to Seeking Alpha reporting, the bank reiterated its base case call for the S&amp;P 500 to reach 7,600 (13.5% above current levels) by the end of 2026, backed by ongoing earnings momentum and an economy that’s still ...	https://www.thestreet.com/investing/goldman-sachs-doubles-down-on-bold-sp-500-forecast?.tsrc=rss
2026-03-17	Google	-0.2	Distributed generation firm GS Power gets USD 250m debt to drive growth - Renewables Now		https://news.google.com/rss/articles/CBMisAFBVV95cUxOcDlwX01nRjRCbEs5dkpfT2prTTJEUVQzR2VzV0hMVEYzWGdNOFB5ZTlWcE1hQjlWR2xUTkx4VF9ZTTctQllMQ2VibXg2blNpb1ZiRDVRYVptMlo5T0FQTzEzMXFmWEVnNGhRY2pkQnRwUWt6OGh0cFR0RGlmMkMtWGp3eTVSZ28taHpHN1p2TlNkU0ZYNjZ4czBJdEIzS1F3VGtzNXo4M01oWHFkMnZHUQ?oc=5
2026-03-17	Yahoo	-0.7	Refined Fuel Prices Jump Faster Than Crude as Oil Surges Over 40%	Goldman says diesel and jet fuel rally outpaces crude amid Gulf supply disruptions and refinery outages.	https://finance.yahoo.com/news/refined-fuel-prices-jump-faster-121333824.html?.tsrc=rss
2026-03-16	Yahoo	0.5	Top Research Reports for Philip Morris, Lam Research & Goldman Sachs	Philip Morris, Lam Research and Goldman Sachs lead today's top analyst reports, highlighting smoke-free growth, chip equipment demand and a strategic refocus on core banking.	https://finance.yahoo.com/news/top-research-reports-philip-morris-205700069.html?.tsrc=rss
2026-03-16	Google	0.3	Golden State Warriors vs Washington Wizards Odds - Monday March 16 2026 - Odds Shark		https://news.google.com/rss/articles/CBMihwFBVV95cUxONThZd0VqRHI2eGJ4WGdVNEJFYl9zUkFrUFhWWk1ER0pvbm56RVJNbjlZbllDLUozRGZMaDBUa293TmdKbnNTVExVN0dNbkF4MlNBVUNyUXBGcWJpT19ONURGVWZONTUxMnlSV0FfT01TR1g4b2o3NHdXNk1NOUVmelIxeFJQLU0?oc=5
2026-03-16	Yahoo	0.247	Clean Energy Regains Its Swagger as Hedge Against Wartime Oil Crisis	The iShares Global Clean Energy ETF jumped more than 5% last week, exceeding the oil-and-gas-focused Vanguard Energy ETF’s 1.3% gain.	https://www.thedailyupside.com/industries/energy/clean-energy-regains-its-swagger-as-hedge-against-wartime-oil-crisis/?.tsrc=rss
2026-03-16	Yahoo	0.233	Goldman Sachs Top Energy Picks Have Double-Digit Upside and Pay Big Dividends	With the U.S. attack on Iran, an escalation in pricing for oil was a given. So, of course, investors have bid up energy stocks fast in a big way. However, the companies we are focusing on have strong cash flows, rising dividends, and are not overbought. This combination has attracted both passive income-focused and value-oriented ... Goldman Sachs Top Energy Picks Have Double-Digit Upside and Pay Big Dividends	https://247wallst.com/investing/2026/03/16/goldman-sachs-top-energy-picks-have-double-digit-upside-and-pay-big-dividends/?.tsrc=rss
2026-03-16	Yahoo	0.219	JPMorgan Leverages Unique Ability to React Proactively to Private Credit Woes	Most of JPMorgan’s big banking peers don’t have NAV loan agreements that let them proactively revalue assets.	https://www.thedailyupside.com/finance/banking/jpmorgan-leverages-unique-ability-to-react-proactively-to-private-credit-woes/?.tsrc=rss
2026-03-16	Yahoo	0.217	Goldman Sachs Mixed on Global Payments (GPN) As Industry Valuation Multiples Remain Under Pressure	Global Payments Inc. (NYSE:GPN) secures a spot on our list of the 11 best very cheap stocks to buy according to billionaires. Goldman Sachs reinstated coverage of Global Payments Inc. (NYSE:GPN) on March 9, 2026, with a “Neutral” rating and an $88 price target, emphasizing the company’s size following its acquisition of Worldpay, which resulted in […]	https://finance.yahoo.com/news/goldman-sachs-mixed-global-payments-165812197.html?.tsrc=rss
2026-03-16	Google	0.125	Goldman Sachs (GS) Rises Higher Than Market: Key Facts - Yahoo Finance		https://news.google.com/rss/articles/CBMigAFBVV95cUxNSGJOQ0dYV0NycmtydGNKQ2pwRmxDeVFwbVZXc081eW03T0U4QjNLa3o1VmRZTVJweHo5eGpzRGFVSUVzSUtVdkRqVmpvYUYwTUhMTXp6NHQwZ3BUVGpCbnJJeTJmeWNRMEVqNHdwcmxZRS1abVZrWXB6N3dvTk1DNQ?oc=5
2026-03-16	Google	0.1	43A.SI GS Holdings (SES) +6.90% pre-market 17 Mar 2026: early price and forecast signals - Meyka		https://news.google.com/rss/articles/CBMirwFBVV95cUxQemVGZXZ1UFlJUWswaGhUd1RIbDVSVDVVOTdCWFlNWUJwU0Y2VDNLZW9pVnpyWEVuYWtGNW1lRENXTUZKeFU2RVpSYnJ0ckl1T0gyQ29rWkhTZ2xSQ2NyX2JHb1JYeFl0OVA5MjVFaGVkb0YxUUlXRDE5d0dHc0hUZ01jakJzelRlWXk0Y1k0TnJSd0tLejg4cTNHUHk4cGNWZGNISzItRnlZeEVDMTBZ?oc=5
2026-03-16	Yahoo	0.081	Goldman Sachs (GS) Rises Higher Than Market: Key Facts	In the most recent trading session, Goldman Sachs (GS) closed at $794.77, indicating a +1.61% shift from the previous trading day.	https://finance.yahoo.com/news/goldman-sachs-gs-rises-higher-214506189.html?.tsrc=rss
2026-03-16	Yahoo	0.061	Down 13.6% in 4 Weeks, Here's Why Goldman (GS) Looks Ripe for a Turnaround	Goldman (GS) has become technically an oversold stock now, which implies exhaustion of the heavy selling pressure on it. This, combined with strong agreement among Wall Street analysts in revising earnings estimates higher, indicates a potential trend reversal for the stock in the near term.	https://finance.yahoo.com/news/down-13-6-4-weeks-133502292.html?.tsrc=rss
2026-03-16	Google	0.0	3 top-tens for USA in Paralympic GS Skiing at Milan Cortina - TownLift Park City		https://news.google.com/rss/articles/CBMikwFBVV95cUxNbWRNVlpTeVZ1cUg4N2p4VjB3VVNVUzg3YkVEMlZrSktteDBETExZOGEzTWVHdnFySldmTHBpMXhUQTdKZzBWeXV1aG02VTdlQ2stOGd6WUtkQ1doWVNpVE9NbThyYzFXUV9pa1ptNTF6THFRX3p1VzRFTElmUUpHY1NzUVBtUDk1em9PZEVJU0szN0U?oc=5
2026-03-16	Google	0.0	B-G’s Larsen And SID/UN’s Tuttle Compete At Bowling States - The Evening Sun | Chenango County, NY's Hometown Newspaper		https://news.google.com/rss/articles/CBMixgFBVV95cUxQMTIzalZsaDJaTzVIc0pOQ1NSRmdsME9ZcnJxWVdFd0s1WHN6WFNDWkZXTjNBeGhsd2xDWnBMWmUxZ1dTT01UajlSUG9kY1NpdWpxQUtzdzdsaktVNEE0cEljdEo5a2NWeHQxdHB5YWNiUFQwVmJqeTVTNF9RMXlJblBNTzB6TTJfY1pRa3dBc1kwa3FWNHo0Z0dUdmEwZDZ5MzJ5VERaOWtCN2RqMTB5OEhkQ0lCU2RJZE5naVFqSzJMbVk4eVE?oc=5
2026-03-16	Google	0.0	Entry List Notebook – Alan Jay Automotive Network 120 at Sebring - IMSA		https://news.google.com/rss/articles/CBMipAFBVV95cUxOeXIydUNIMHM4MlRweHlCbVlNQ3ozRkkwVUd0YTZLUWY1Y1ZDWWhqYXFIdmJNMWVRRVN5UHdwS2ZPb2U0LUc0d1daMXd5c1ZwWHBQaTFpTTRDU29PZTcxTnF4c2NnVHdMbnFPTTVfUG1zekMyaEd3ZmlJSmFtbU5ULXJCd3BsTXY5Z2d2SEJhcFF0dV93d2xVcGJ0Z3hHWUhDaGdrTQ?oc=5
2026-03-16	Google	0.0	GS Finance (GS) issues callable notes with 1% monthly coupon and 6% decrement - Stock Titan		https://news.google.com/rss/articles/CBMisAFBVV95cUxQMEQ2a2FHYjFKZjFWdElRX1dKTmduRlY4MnVIa3JuMzFFbUt2RG9nOFN2cUtCZU9oaUVVbnpLTG91RDZhMHE4NkJrZXhEdjA0OC1DOTIxakJpeGFBMl9RZjRiRU5remhhem11b01OdFFqU0tweTNkbDAtM21pbl9KNUpFZzhlTjdLbk01c01mQnBoSkY1UDl2dzdiZmVtejRyc1B5V0sxYW1rSzV4S0tqSg?oc=5
2026-03-16	Google	0.0	Goldman Sachs (GS) Says a Bear Market Is Coming. Here Are the Stocks to Buy Now - TipRanks		https://news.google.com/rss/articles/CBMiqgFBVV95cUxNUExnWHdtOXlWdXJYVTRmcVFqQ0QwY2ZzaDlOdE54dG5qcGJ4WXVyMjl1MDJVU2ZyVEt2T3ZzRVRlS2dLbzhXMnJKX29lRTdPVi1kOWRpRWNZYmE2QUJXTUdUczVzdm1EU3JoZVo5ejd3VmJMeXB3d19VZGFQV1c0MEZOaFB0RFkzQzVOcEs5aFJydjR1OU0xeTJMT3M5NEs2N3I4OHBsY0pydw?oc=5
2026-03-16	Yahoo	0.0	Goldman's Expansion in Private Credit: Next Growth Engine?	GS is scaling private credit with global expansion, partnerships and buyouts, targeting a $300B portfolio by 2029.	https://finance.yahoo.com/news/goldmans-expansion-private-credit-next-133600848.html?.tsrc=rss
2026-03-16	Google	0.0	Goldman's Expansion in Private Credit: Next Growth Engine? - TradingView		https://news.google.com/rss/articles/CBMisgFBVV95cUxOa2o5RlZ3MnpST001dENVejZzZGltUmxSTml2cmxzNHZNYVZZYmhCMFNUcExTYm01SnBuX3IyX1RuUTRrOV9yLWxKX3B0NTFWQ0JkSG53alc3YUJWWjE2a3BiUEtaWVo0SEtpUWFnRnNuMUxOTXZ6Z2cyMVBwdWxzVm42eXdTdUZPQmlhZ2FSV1ZoS1NMYk9WRkp1VkY4VC1tTjRnMF95OEYtQnhUNS02Z0Rn?oc=5
2026-03-16	Google	0.0	Hound Partners LLC Has $92.38 Million Stock Holdings in The Goldman Sachs Group, Inc. $GS - MarketBeat		https://news.google.com/rss/articles/CBMi3gFBVV95cUxQYl81RWRrd3ZFUExlYk14c0Z2NWZCc092SkFBU3B0VUpwZmFxdEdiT01Lc3Z3YXFSeGtFS2RIbnRfRVEyZVcyczhlZXRVTVVOZDFJa2NBM0lIaWRzbUlabF9zN2JSb29KY0N5aGtIemxVbVlIaGdTVXViUXRtdy1ERm9YLVJ1VVpObTFvVWpXQ0hUTmJxWDF0QkJBX19pUXZVemo0ejkwaVJsakNjZDQ5dnJfcW5KS1RITVJxUkZZbHJHM1RJV2lPLTRuVXJpUGp6cjc2ZWZScWpqZHhGRlE?oc=5
2026-03-16	Google	0.0	Lighthouse Investment Partners LLC Sells 18,373 Shares of The Goldman Sachs Group, Inc. $GS - MarketBeat		https://news.google.com/rss/articles/CBMi4gFBVV95cUxOMXd4V2xUNWx6WV8tWFJOVW0zV1BiRlpyVGpUc1dqRldpYzNuNjkzMWJqMnRReG44dEJONXRKZW9JNWhHY2N5Vy11S0daZHZ3aDZIVHpZbTE4MkkzbVFLNDNycHFvTUJIMzNrV0hla0tJMm5kVUpDVXhMVVI1aWRyV21uMlFpMU9QU2lER3VRS0JpbndfdHRXc1g3YTdrSEx3X2pWcEtfQnNEaVJpTlNHLV91ZmxsdGRsTXJMNzM2YmZ6UEVxXzNyT25MLXdPYVFENEY0Z1l0bEdvOFR2UktBcGJB?oc=5
2026-03-16	Google	0.0	Precision Trading with Goldman Sachs Group Inc. (the) (GS) Risk Zones - Stock Traders Daily		https://news.google.com/rss/articles/CBMi3gFBVV95cUxOTDJ0TjcwYl9jSUJucXRMd0NUanliQ2ZNU1ZpdEVSVjlKamNRWXZlQUtjblRTOUdtQWZaMzg4THB2ekV2ZVFrUTVvUW5jS3RwMmwtSE5pSmpIamFUdGw1dzdKMVB5TEExRk96SHZMZEdNcC1KcGQ2NUhHeWxrOHlxVHZGbTluTHBRNnY3SVRjVnBBTjhQeVZjUGpHd3Q3ZzFpT2VUU2dVWHF0dHBwS0pWMDN3VkFRRzhlSU1pMmZKcmw3SXlYdzZZbVNuQnVmSDRLcTlXbzdDWW9oLWtKTkE?oc=5
2026-03-16	Google	0.0	Terence Tao GS ’96 receives James Madison Medal for mathematical contributions - The Daily Princetonian		https://news.google.com/rss/articles/CBMiqwFBVV95cUxPYnp5TnhGdDhVXzhSVXpaV0pXSHZjYUhwMzIyQldJSmdrSlY1b2ZYUmRKUlNRZXpPWXNxQ2JmNXRWazlfX1dNQTVRTlVtWGZCZ1gwQVN5eHdFVjh0YmRGVGZzSHkxSkd5M2lUM1lpZjhmeElubmVrRGc4aHYwbk9GZ1R5R2gxOE15Q0ZnTk5rN3ZMaUVzQllZRWFXSWxqTWdWbVo4WDZzVnlnX1E?oc=5
2026-03-16	Google	-0.012	Goldman Sachs (NYSE: GS) offers 5.35% callable notes due 2036, DTC book-entry - Stock Titan		https://news.google.com/rss/articles/CBMisAFBVV95cUxOZ203NnFEWnlKRWFzV0FQWkEycDM0WlpwREdydFlvYVdxSjl1cy03dV8wOTdLNkNuck9sSmliRU5YZlFhUlRwYnpsVVFRYUpRcjNYMW8yaXo5X0pjRGxFOV9mOXdPbE1xWENPOUpIWEtvU25xdHhKbVN5VjFNRExnR2tqeVhyS3JKLXI5TU83NW50UElTc3FrZG1rSFZmN3l2ZmF4TWJ1WlZjWmc3RGZvQw?oc=5
2026-03-16	Google	-0.05	Golden State Warriors vs. Washington Wizards Odds, Betting Lines, Expert picks, Game Projections, DFS Projections and Player Prop Projections - Monday 03/16 16:00 PM - SportsLine		https://news.google.com/rss/articles/CBMic0FVX3lxTE04N1J0ZW1MbXJLb0FwYl8xV0dtWW94YVFWQldFOU9LTFA2aXdBUzVJejMxTWxRejQxOEgxQXJhLW9mWUEzblF0Tm13UXIzd2ZEaE8zeUJSeWlidVQydTF2MzNGN2tNMEE0SnVnRXlOWTZISHc?oc=5
2026-03-16	Yahoo	-0.1	These 2 Finance Stocks Could Beat Earnings: Why They Should Be on Your Radar	Finding stocks expected to beat quarterly earnings estimates becomes an easier task with our Zacks Earnings ESP.	https://finance.yahoo.com/news/2-finance-stocks-could-beat-130003387.html?.tsrc=rss
2026-03-16	Yahoo	-0.25	Iran war unlikely to trigger global supply chain crisis, Goldman Sachs says	Goldman Sachs analysis finds the Iran war will boost oil prices, increase inflation and reduce global GDP growth, but is unlikely to lead to a pandemic-style supply chain crisis.	https://www.foxbusiness.com/economy/iran-war-unlikely-trigger-global-supply-chain-crisis-goldman-sachs-says?.tsrc=rss
2026-03-16	Yahoo	-0.35	Why stocks remain resilient despite oil volatility, Hormuz risks	Market Domination Host Josh Lipton is joined by Yahoo Finance Markets and Data Editor Jared Blikre and Breaking News Reporter Jake Conley to further discuss why the S&amp;P 500 (^GSPC) remains resilient despite geopolitical tensions, volatile crude oil prices (BZ=F, CL=F), and risks from a stronger US dollar and rising bond yields.	https://finance.yahoo.com/video/why-stocks-remain-resilient-despite-202253792.html?.tsrc=rss
2026-03-15	Google	0.8	Women’s World Cup Finals SL & GS Rosters: Shiffrin, Scheib Win Titles - Ski Racing Media		https://news.google.com/rss/articles/CBMijgFBVV95cUxPMnN2d29HM2dyeXZadGVpVWdrTGJ0WjUwclk2R0x3SzdLcng4Z0NlWHFPb19pSnNiOVpNWlpLX1RkQzhEYVZ1XzVNWUlHTzlEc1AyaWh1WmNISGhBdDNyMjVHbHdkM0FZNTBsU1QxT1I1YnBESmR2ZGU4T3Nhd1BlaXNVZC1JVWhBbHE1ekF3?oc=5
2026-03-15	Yahoo	0.25	UBS Lowers its Price Target on Lazard, Inc. (LAZ) to $48 from $59 and Maintains a Neutral Rating	Lazard, Inc. (NYSE:LAZ) is one of the 12 Most Undervalued Financial Stocks to Buy Now. On March 12, 2026, Lazard, Inc. (NYSE:LAZ) saw UBS lower its price target on the shares to $48 from $59 while maintaining a Neutral rating. Also on March 12, 2026, Goldman Sachs reduced its price target on Lazard to $46 […]	https://finance.yahoo.com/news/ubs-lowers-price-target-lazard-175615932.html?.tsrc=rss
2026-03-15	Yahoo	0.111	JPMorgan Raises its Price Target on The Goldman Sachs Group, Inc. (GS) to $826 from $815 and Maintains a Neutral Rating	The Goldman Sachs Group, Inc. (NYSE:GS) is one of the 12 Most Undervalued Financial Stocks to Buy Now. On March 10, 2026, The Goldman Sachs Group, Inc. (NYSE:GS) saw JPMorgan raise its price target on the shares to $826 from $815 previously while maintaining a Neutral rating. On March 5, 2026, Goldman Sachs Alternatives announced […]	https://finance.yahoo.com/news/jpmorgan-raises-price-target-goldman-175709193.html?.tsrc=rss
2026-03-15	Google	0.068	CNA Financial Corp Purchases New Holdings in The Goldman Sachs Group, Inc. $GS - MarketBeat		https://news.google.com/rss/articles/CBMi0gFBVV95cUxQR2ZxSEpvbEFHX2NPLXdiTnlkWElZdVItMWt6UFFGWkpYMTBGUUh4eERUYlBWZGp2S2hRQmZwLWh0UVJzTTR4SkVla1FHd2tIZEFOUnBRRnljd2xVQjhLdWxzTDNtSVREV3RPR053akluLVphSV9GZ0ZLREpiM2hIM0JRcU9XRWtWMmZET0Q2VklRSzVPTzVIY080S1QzU3NLX0lYTWZxY2Q1dVRWcHNwT2RVNUpScU0xV1pVUGpvUzRYSExiNmpGRWJVVkdCaTBiVlE?oc=5
2026-03-15	Google	0.0	"A 360 BHP ""Nailhead"" V8 1965 Buick Riviera GS - Silodrome - Gasoline Culture"		https://news.google.com/rss/articles/CBMiV0FVX3lxTFBDY0FMQjdZRERSNllXTzV1UGdOcDU2b1REUWItS2RUdGhMMEVZbFVjRUxjY3JOdE5HcWhmVEpRYWRpSE1ONGZsbF9VS3JDbVMzWDBMR2RrTQ?oc=5
2026-03-15	Google	0.0	Alliancebernstein L.P. Cuts Stock Position in The Goldman Sachs Group, Inc. $GS - MarketBeat		https://news.google.com/rss/articles/CBMi0AFBVV95cUxQZjRDTG5DZXlENWJyU1hYNklydV9Za2ZaTzlkOXZleEppX1pxb0oxRUlVcHQ2YXMxWnN1ZUlSZWtib2lJVUNWZWsyTkFOZnNQOHROVTVLdjJFSjVVUWduOTY5anJ2akpCT2dHYmNtM0RtRzAtZ0hoTmhtckdPVVVtcDFpQ3FtSzdpZWtsbjRIXzN3MGd5U3NVODJiRkZzclQ1NkpSWlY2bDVyRjUzdkM5b0p2VDNTVUVTZGhzUmF1bzZ1TW13MzVJOHI2SG9EUi1y?oc=5
2026-03-15	Google	0.0	The Goldman Sachs Group, Inc. $GS Shares Sold by Ameriprise Financial Inc. - MarketBeat		https://news.google.com/rss/articles/CBMiywFBVV95cUxPT25oSVpwc2JqWjQwNk1TWWxNQzZEZmNTNWlNV3VsV3FKb0hvVzNxVENnS2pnOUVfclpYTG1XMjJNY01kb2lKQmJ5MEV4NjQ2VGNkckJrS0l5dU5NVHNWU3dwZXcxaHJjN0tLTDNwbWhyV2pMX1VCZE5Lc3FGdmZlR1E2eVdQa2FMenNsMy1tMGtWcW5famk2azFwX292R3YzQWZqc2lkTEdROElkblowSGhrcVZiemUwemFrRXN6dHFFOG9qUzlobmsyZw?oc=5
2026-03-15	Yahoo	-0.397	Goldman Sachs revamps Brent crude forecast for the rest of 2026	Goldman Sachs just made it official: The pain at the pump is not going away anytime soon. The bank now expects Brent crude to average above $100 a barrel in March and $85 in April, a dramatic upward revision driven by the deepening crisis at the Strait of Hormuz. Brent futures for May were trading ...	https://www.thestreet.com/investing/goldman-sachs-revamps-brent-crude-forecast-for-the-rest-of-2026?.tsrc=rss
2026-03-14	Google	0.617	Is Goldman Sachs (GS) Attractive After A 17% Monthly Drop And Strong Five Year Run? - simplywall.st		https://news.google.com/rss/articles/CBMi4gFBVV95cUxQWThQS0NxeTZDWHlxQkhUVGNkTndlTmx6anFuOEJiNF9yeVNxVVVOUkhPM25wV0poYXRyZ3ZxRGNUM0JkeXpZT3JNYlF2Vmt6NG5FdzVQZjV2dEMxWFNESUQ4WHlxeGFZN2pTWk9zbm1sZlJlVVBYUWdPVllHcWFqaTY4bnZBRFRib2gyZXQtRjFabTJRY1hmU0NPbHdIbGN3WGh0WlRuTk9PdGNBRUtLcExidnR3VEZfVVF3S0NzeEZ1ZFFtdGstMG1GX3VObEpRQUVlNTZISV9SY3lpdG9GazdR0gHnAUFVX3lxTE1kVnlnMkoxZzhiUXFjS0RkekFrY25hRXNkMGRUSUxPS0ZXa2x0UGg4VG1LOHZnLUcwM3NjbU9nZ1NmcmxRTzFjYThIOXdRTXQ0b3BPcEdSZEJKOFlGWkswTGhzUDJRSFFobTg4d3FPcHBKZjVBbk1pNWFCMFc3VkV4djdGN2NwbFhzRXY1Q3I0NEJ1ZUZoNXZfaXpmUGhOTVlRN1dZY1ZsU18yTkxEMk1pS3dwQXJFckpqLVpwM2ZQMUoxUW95cGN4UTZjR3BBa3A0bW9zZEstTmRsMXRsMmlRRU52bGxGVQ?oc=5
2026-03-14	Google	0.4	Coastal Carolina Claims 4-2 Win Over GS Women's Tennis - Georgia Southern University Athletics		https://news.google.com/rss/articles/CBMikwFBVV95cUxQVEY5eFZlTk83aW9XSkdodFE5YTgyWXNYcmpTZXFGOG9ZbU5zOEllV29YYnY3b3N6QmF1VzhBaV95TmNhODVxVlFfVi1fN25nT0JsdndrU2p2TW9HZ3dpNjZ1OXB0cjVBTjVsYV9SLW9xNGxpMEd3OGJOU0xnWk96Z0pVRmdfTkVyMFlxOGUyZHV0Rjg?oc=5
2026-03-14	Google	0.2	Mishap costs fast Shiffrin 1st-run lead in World Cup GS as Rast and Scheib stand 1-2 - kare11.com		https://news.google.com/rss/articles/CBMikgJBVV95cUxQUWVrZGc0NWwwRTFrV2FCbS1rUThEOG9KWWlfWXZuOTdXcUdIeXdOdzR2LUhfOHM2YVVHNGNoMnNKdXVhY3ZkU29yOTZqRXlLRE1rcGp0R0EzMVpTc1dDUTBtaE0wWEZBLTlGOHBpZ1E0Q3RGOTlsWHVncjRaOWVlWGFpdmZCWHlScS1UVmpZNGp5NmF4b3JkZ1poZVNWSVUxQnpkYVZLd2JlYUZONW4wY3JkVU1sQm1KRXM1QzNmcVZ3R1RncFMwZTVIRTNuRlZueDVCbVdxMzFkbUZmMzBPMVl2ZWhFbU1CQ1l5bWI2M2VVN0E5QjFMVV8wTk5uR3otRXJ0TW5HOEtZU2FKVEg1dFlR?oc=5
2026-03-14	Google	0.2	Mishap costs fast Shiffrin 1st-run lead in World Cup GS as Rast and Scheib stand 1-2 - morningsun.net		https://news.google.com/rss/articles/CBMiwwFBVV95cUxONzRIREwwVWxpcldyX0tlX0lSNUdwM0ZqRklWYzY0bGkyNjZjaG9kcnQ0S2pRS2V2aUtDc0pYSFlIZWV1a0g1NUdtV0lZYUo1TS1fSHdaM01uZTVidGZOVTRrRlYyNFBkSTFhUU1xVjJnRnJ6NWZ0OUhOcHh1cDhkcDVTUXJTRC1tSDBxME1MbHVlRU1GZzhRaFpGZjc2X0VPSC05c2pVSC1LWHFrakl0a2lwdnZ4LWxPNkgxWW1TZm1xY3c?oc=5
2026-03-14	Google	0.15	Julia Scheib wins Åre GS and clinches 2026 World Cup title; Moltzan second - Ski Racing Media		https://news.google.com/rss/articles/CBMilAFBVV95cUxONFJUelVSY013ejZNaFpINUhSNE83WEdld3B1N0Juc08xN19OYi0tenQwUmYxOHVSUmpTa1g5QU00S1g3eldzTzVXaDZ0VEdsdGkyS3Nsay14X3VtbzAxeXdFWlp6VE40ajFWU3NpQ1ZfN3VORV9IUmtWdWZmZ293Uk1fUkU5NXU3eGl3eDB0MER5cUNf?oc=5
2026-03-14	Google	0.15	Scheib wins World Cup GS title; Shiffrin keeps overall lead - ESPN		https://news.google.com/rss/articles/CBMitgFBVV95cUxORFdJcGMwT1NLb1NfRVhzLVg1WkVMN2xZcm1URGFQVENlS2dTdURtZjY0STJnVHQ1LWdNUlpYSy1KSnF0cVl4T0E5WXEzWVJCVFBobG5yNENZRklqVl9XMFROTGZ6bzZla2ZXc1hBR0dfWkFJcU9yLWRiSlV3UmJFa0w5MXZmc0R6QlFXOFJRcEszMlVCdmp2UmpZZGF0Mk5wREdKeGo0WVR3Q0R4UUhzUkNEckViQQ?oc=5
2026-03-14	Google	0.1	Mishap costs fast Shiffrin 1st-run lead in World Cup GS as Rast and Scheib stand 1-2 - Daily Jefferson County Union		https://news.google.com/rss/articles/CBMi-wFBVV95cUxQZ24xdE53THF2Y3ZMdTZkM21ncGdLVlBYYk9rRnJGRk1iVkNOZWc4OTU5LWZiUm9pdHM5RXNyUlhtMy1PbWExdUtrZFd6c1Z1eEp0bTRxZTNFNDYwQUNOLXN0eVI0S2JoWnA2dUpYd0VrQ21mSzUxaEN4U3NkSTJPOGNMSEZxSTdqLUtKNVE1N3JtbVNYbGpMamdsSkpIZ1RYandmLWJzdjRtWjExbFl0SWhiczUyeHYwSjROMW5uT3ptcjBEeE83Ym1pZV9PdF9ESWo1a3dfeWRKaGJUYzJISXFVQnR1NXdRZDV0SkRwblVEUm1hNXRxT3ZXaw?oc=5
2026-03-14	Yahoo	0.045	$15 billion exit: Asian equities tumble as Goldman warns of prolonged oil shock	"Investing.com -- Asian equities suffered a sharp contraction this week as the persistent energy supply shock forced institutional analysts to issue a ""meaningful"" downgrade to regional growth and corporate earnings. According to the latest Goldman Sachs Group Inc (NYSE:GS) ""Asia-Pacific Weekly Kickstart"" report, the MSCI All Country Asia Pacific ex Japan tumbled 2.1%, while foreign investors liquidated a massive $15 billion in positions across emerging Asian markets."	https://finance.yahoo.com/news/15-billion-exit-asian-equities-235415042.html?.tsrc=rss
2026-03-14	Google	0.0	Austrian skier Scheib locks up World Cup GS title. Shiffrin finishes 5th and protects overall lead - Eagle-Tribune		https://news.google.com/rss/articles/CBMi6AFBVV95cUxNUm5jZV9Yak1uQVZRZjVXYUhDWGJHN3R6U2VLLVA1TUJfOUllOEh2WXRTSGZBRlVsSVZEODN6ckNEVnU1QXJJZ19vbXl5dkpvdTVvVFFiQUNsR2lFanB2UXJxR0dlRW5KZl92VnhZSEhRVWt6b3RVZ3F0bEZzZ3Qwd2ZYNS1BNDdDSlZ0dUYzOWNaVWlVUnlqMUItNVhZaTJyTnJmaEoyYUJvN0YxNDE0Y1k2ZkFsVU45YnZnYS1jdVlUbGFjMzRLcEtDWl9kTzFLM2FhZThRcEMxcU9fVGtzdTk1TXg3a000?oc=5
2026-03-14	Google	0.0	Austrian skier Scheib locks up World Cup GS title. Shiffrin finishes 5th and protects overall lead - The Lufkin Daily News		https://news.google.com/rss/articles/CBMijwJBVV95cUxNdEFKMjNXZ1B6UEpoUHdibGcxWks0TUlDSGd3U2VCVWNnZVIyUE13b2gxaG5jZ3NiVDFMSVVVdThlRFhQWEE5SnNDZlhjWF9Fem9VbHJzaHZIQ2JOUm9UVmJZTjFoRWhPVzRmcXlHQXpsUk9iRHNWWU5WS0oyR1JZdExyckptazVpbFVwMDMwNml6MjdZTUJHQUZBNW5LVnU0elZOUXdsdnhCV3pVWGFfbC11NERyQmplMjc2WU5lVXc4eEdOQllnczAxNGhWY2gxMHZ4ai13N3VRZFFqZUdLUTR0Zlp2XzZGQ2haQzd5UHRuMEg2dmVXY1lpSDNhYnlWY1c5MHJnOXNNR0JuUVlJ?oc=5
2026-03-14	Google	0.0	Comerica Bank Sells 3,991 Shares of The Goldman Sachs Group, Inc. $GS - MarketBeat		https://news.google.com/rss/articles/CBMixAFBVV95cUxQd3VSdlhZelV0dTNvSjdMZWNVNkxzUXBnRmdhZ3Exd2RLZUlWVnY2T1otRUxuZjVUUnJwMGNacU9ybE5LTEl1dlhzYjh0NlBnQ21HQ1JwMnFkMWxKeWZabGdhQ0lpTFJHRkJhZXhwTDl5NnNvenppWU5VbnQ2T0R5TnIyRHNmdmNSR0JoY0xSRURDMTd4U3lSc09sUmw0WmVHd0pJTlpQSERxYXAtYXQ2aTd0bWQxNnRtakRDTTRwYmVxTEpj?oc=5
2026-03-14	Google	0.0	Does Goldman Sachs (GS) Offer Value After Recent Share Price Pullback? - Yahoo Finance		https://news.google.com/rss/articles/CBMifkFVX3lxTE50QXFpa0xNOXNwaHdzQUJKVl9yV1Nyemxybmh1ckltQWpDaDU4YzhMZnBWbzdVeWpEeFl1b2VPSWotemFvYmsxVmFYS3hJRmZ6Xzl5cjJTdFZGd1FGdDBvSmg0dHRWeU5KbHlRNDN2WGhiX3plZE9GcXlqRzhudw?oc=5
2026-03-14	Google	0.0	Ossiam Sells 70,341 Shares of The Goldman Sachs Group, Inc. $GS - MarketBeat		https://news.google.com/rss/articles/CBMivAFBVV95cUxNaTNzY2c0MW5HVDJRZlY5Nm1YMzg0b1BmbmZ0bGp4QkFtZHh3TlVDZy1RRWJiR3VyYzlYa3VaX2FyXzBiY0Y3S3RIZVZTdUxHVWQ5VXExRG5DSi1Qc1ktb0o2RzY1LU8xQmpVZTgwRXFCSElNc0hSd3VJc05nOTREMUw0YUxZN2Jzek1Ob0wwQnRpQU1HaWZ6aENZYTJEYjMwVHZTY3dRMV9UTWZwenJ0ekNKY1lOTEVhQkEzZg?oc=5
2026-03-14	Google	0.0	Prudential PLC Decreases Stock Position in The Goldman Sachs Group, Inc. $GS - MarketBeat		https://news.google.com/rss/articles/CBMizwFBVV95cUxQUFF0M3ZLOWV2RmVJYk04aVJSalk1aWZmckxheks2b2UtTzZCRU90bTdDeGUyS211SWFIWjBNWmpWOXRvUXladmo5TkhXZkgwajdjeld5UkJ2bzV5T01sd2Q2VkZZV0pqWGFFMng3V0JIX3hZTEZFNkItTy02cFM1Q1BaUlExakdCM1JtOVV0V0hLa2ZJbGFGZlNyNDRhRU9UQWk5NTU5c2NXaVB3YmR3eDE2ZFh4d0hMSUtfQURHeXJhdG9Pakc0T1pnSVVJVlU?oc=5
2026-03-14	Google	0.0	Scheib claims 'dream' GS Globe in Åre as Rast challenge ends - FIS		https://news.google.com/rss/articles/CBMiwAFBVV95cUxPZlZHdzFQbE5yeEdWUDBUaGJST2FsQ3JCX2Y2YkJfRTNUOW9fVkdwajFPZkNTRG1nUFY0cko0R1JBeUFwZXVKT2p2Qm00NWhPZWkzWlNvdkZtaFNDQ2dtNTd0Mk5EaUlKVV9zdThQc2RGTmdIYVhuQk14djlDUG43anJjRVBuME43N0lZNzNJdzRSRFBsMDh3ZUhLREEyYk9iR0xrWDFlT0lQaWh4b0wyakE1d192UXk5bXVPdmRPMU8?oc=5
2026-03-14	Google	0.0	The Goldman Sachs Group, Inc. $GS Shares Bought by Dnca Finance - MarketBeat		https://news.google.com/rss/articles/CBMivgFBVV95cUxNSGEyZUxWYmtwZGNrMjAtNWZsbjVQMW1oZVpSTUpGVUUxRzlOMnUtQ3JjdHNKZ2dtOWlPOHVlWnpBMUVvSUdnOGd5S20wQ21sVVM1YjBURmhTY2ktZmh5eFJjTmhuQ2FIVU4temFXMWZyZjhVX2hWN1B3aEhDX1ZTV2wtQlN1MEpxcU1rMi10OWlqMjF0SnZ1RmFjVUU2cEoyWTM0Q0dzeEItSGJJSEFhckpsdjhtWVlqX0dBMmVB?oc=5
2026-03-14	Google	0.0	The Goldman Sachs Group, Inc. $GS Shares Bought by Wellington Management Group LLP - MarketBeat		https://news.google.com/rss/articles/CBMi1wFBVV95cUxQTkN1ekhOeHg1Q1U0cVhFckl0OVlRN3cycnFUSlZYTHVab3lrUFNmVTFFTjVVSGNJUk05M0NGRnZTR3l3YUFoUTlXZjgzT1RFeXlnTzYyeDQ4ZUNCaE9XZ0tCVmVfSnpZVVg0X2RzYVBzU2lTdmREWTdCNEs0Y2pzU3k2dXp0UHM1N1JPMTJGc0NrRDAxRXhkNzRxeWluTE9WT2EtSWw0NzM1am42TTZNN2x6TjB3SVFXRDlxbDdnSHpPd3RMVFBPcVNxeFg4WkpmdUVCci0xUQ?oc=5
2026-03-14	Google	0.0	The Goldman Sachs Group, Inc. $GS is Capital Wealth Planning LLC's 2nd Largest Position - MarketBeat		https://news.google.com/rss/articles/CBMi3AFBVV95cUxOU1ROYTVQcVo2d3RvYk56UEpwT20tR0pEb0xiUUltNzZlaTdHMVp2bGpMZGZPZU9lVXBBOEhDZUplY2cwSFNLbFVPdUd0QWlvNU5vV2xQaGlZdDdSM09TLXF4cXhZTHVRMDk4aVN0SEhoQWM0MVI3cnBycVpXcy15RHR5Z3ZCXzJuNTZDcWNiZERXWWpTYW16NVhTcnVxTXlUVWJhUmhHYW1wOWFvQVpsSjJIdzloYUw0dGxGS1otOFlwRExfXzJGSXFSMGt1SUFWRnVpVkl1bThUdWN0?oc=5
2026-03-14	Yahoo	-0.311	"Goldman Sachs Sees a ""Flight to Quality"" in Artificial Intelligence (AI). This Stock Fits the Bill for 2026."	Rather than fighting the tide by stubbornly sticking with a shaky stock, find a name that sits on solid ground.	https://www.fool.com/investing/2026/03/14/goldman-sachs-sees-a-flight-to-quality-in-ai-this/?.tsrc=rss
2026-03-13	Google	0.433	GS men’s Golf Start Strong at 46th Schenkel Invitational - Grice Connect		https://news.google.com/rss/articles/CBMiogFBVV95cUxNd2c3LVJLNjFqamZPUE4tTDNYNFRibWVDbUtsSzVtZzMzXzFHTWlwWlI3WUxpUjNIR3ROSllyQ1FNRzRmY3p1RW1CeTR3b2FmV0VYUnFlTFQ3aXhjUEdLRUtMNjJkZjhIVWVpaVdjeE9BWXRkcUx4RUswUUVjNzVJV2pXenNOUUV1YXFCZ25ZcDRYekpnS2ZYNTBtMC12MjhScGfSAacBQVVfeXFMT0FoRi16ZVVkZGc5SkVFQ215Y3ZETFFRMEE2WDExNWZzZnlyZ0hRNm52MVBnTUdUclRrUEZTZGtaMzBMbWFteGN6WE9IalB6eDNaX2hDZUFWZFUwSlVMemxuYXBLaEppTWlIMERValFad21BcUJmVGZVUzRGNThTS1FPbjhnZWFKLUVVNWJHWkdxUXdWRXdQamJLUXA0R3oxd3VHemJQNG8?oc=5
2026-03-13	Yahoo	0.429	GS or MKTX: Which Is the Better Value Stock Right Now?	GS vs. MKTX: Which Stock Is the Better Value Option?	https://finance.yahoo.com/news/gs-mktx-better-value-stock-154002447.html?.tsrc=rss
2026-03-13	Yahoo	0.127	Goldman Sachs Remains Bullish on Petco (WOOF) With $3.95 Price Target	Petco Health & Wellness (NASDAQ:WOOF) has surged nearly 48% over the past week and 37% over the past month, with shares now trading around $3.44 as of March 13. Year-to-date the stock is up more than 20%, though it remains well below its 52-week high of $4.50. Most Wall Street analysts carry a consensus price ... Goldman Sachs Remains Bullish on Petco (WOOF) With $3.95 Price Target	https://247wallst.com/investing/2026/03/13/goldman-sachs-remains-bullish-on-petco-woof-with-3-95-price-target/?.tsrc=rss
2026-03-13	Yahoo	0.08	What Is the Jones Act and Why Would Waiving It Matter for High Oil Prices?	The Trump administration is considering waiving the century-old Jones Act—a maritime law that requires all vessels carrying goods between two U.S. ports to be American built and owned	https://finance.yahoo.com/m/31dfcec6-f170-3cf4-8259-fafc4f044cc1/what-is-the-jones-act-and-why.html?.tsrc=rss
2026-03-13	Yahoo	0.05	Oil Prices Hover Near $100. India Asks Iran to Allow 23 Tankers Through Strait of Hormuz.	The U.S. has temporarily lifted sanctions on Russian oil already at sea, through April 11, in a bid to boost the reach of existing oil supply.	https://finance.yahoo.com/m/049adafd-39b7-3923-ba0f-83dc73478c47/oil-prices-hover-near-%24100..html?.tsrc=rss
2026-03-13	Yahoo	0.012	Why Goldman Sachs (GS) Shares Are Sliding Today	Shares of global investment bank Goldman Sachs (NYSE:GS) fell 4.2% in the afternoon session after investors raised concerns over the stability of the private credit market, following a key announcement from a major bank.	https://finance.yahoo.com/news/why-goldman-sachs-gs-shares-003151480.html?.tsrc=rss
2026-03-13	Yahoo	0.0	3 Big Reasons GS Should Be On Your Watchlist	Since September 2025, Goldman Sachs has been in a holding pattern, floating around $787.55.	https://finance.yahoo.com/news/3-big-reasons-gs-watchlist-123139888.html?.tsrc=rss
2026-03-13	Google	0.0	3 Big Reasons GS Should Be On Your Watchlist - The Globe and Mail		https://news.google.com/rss/articles/CBMixwFBVV95cUxOTXlGZjN6RWVTTWFDSjdfa3FpdUpsYUJJM1FOb05oTF9UalN2RFM2MmlyQmlZckUwcnpxRXd4b2UzYkZQTXg0WWxDYWNzV091cFZsQnVXZEozRVBrS3hxSjItY1JEYkZiWEl4VmU2YXM5eXlLcVhFNFcyN2UwbzBzTkM0elJ2VEs2d0NVX2lRbkxUbng0M21FSFRQU1E1dzBfbjVXMklwXzFBUERoTGVyS1lGQnQ0LTN3S1k2TV81WUtIdlRCa3Rr?oc=5
2026-03-13	Google	0.0	3 Big Reasons GS Should Be On Your Watchlist - TradingView		https://news.google.com/rss/articles/CBMiqAFBVV95cUxNeDFCWjJuRm1uZEktVERsby1OdXBVRU9hWi1tZ25VUTNmbEZQaGI4U19ZYUh1WUZKQ05DYzNvU20walJHUGthOFF2RzJnZ19HdFgyNWk4Ul9JNTVhR010S2JHMkJoSUZTaVd3aGZVOWFSVFd2aDk5N19kWXRyb0RmQTVvRlhPNmhKWUhhY1BkRk82UTM4VDNFRFN0VFg5MXF6ZTEzc0Q3ZW8?oc=5
2026-03-13	Google	0.0	3 Big Reasons GS Should Be On Your Watchlist - Yahoo Finance		https://news.google.com/rss/articles/CBMifEFVX3lxTE92Y3FvQXJoOTgzMjFGQlZVamNkMVRXZzZ0TkdYUVAwYlBJMXlxRGdKX1JweEp5bEQ5MFA4VDJ1SThDak5mYTNIeXhOTlUtc1pXTWpDLWJVWlBIelVlczItNXRhXy1sMkVRTEJFQVVWQU5mWE5MQkoyTHVHbmU?oc=5
2026-03-13	Google	0.0	B-G’s Tori Suda Attends The 2026 Nike Indoor Nationals - The Evening Sun | Chenango County, NY's Hometown Newspaper		https://news.google.com/rss/articles/CBMitgFBVV95cUxPWjRtWXM0RkUzb2xpZ3dBbk91U3EzM3pjTFlrNXB1d0U3UUdyQUstWkhoSUtqRk51b21md3dXQ0RfWVBHT1M3TDlXcXVmTGJfbUJPUzJTS2lLbzA2R05kTXlXNHlvWkRxcEd0d3QxMElSLTR1YTVRVWMyaVZ0NG5MN3BxNGFWY3p2R2hvcmFzT2djb2xKV1VoRy0xSU9Dc1dOVVZwdDZoWjZGakJQSVhSN2dYVW1HZw?oc=5
2026-03-13	Google	0.0	Bargain Alert: Wells Fargo and Goldman Sachs Look Deeply Oversold - MarketBeat		https://news.google.com/rss/articles/CBMipAFBVV95cUxQNUQxcS11Q2REenVRWkwxV3YzLUUyY1g0dm04NTAwcG9IR3plZ1ZjWm42Mk83MVhhY20tUUtpZ1pKZmNWMDk5bVlUR0lScDJsRjJ6NU9nWWdfTVdEeFhZWENXWXI0bGEzYUo3cU1Zb3FiRkxGTTF4VktwSUtHeTREMFhIRFIzSXVHNmpGWWpCY20xTndwUU1MRWIzUF9ZcHp5ZURyeQ?oc=5
2026-03-13	Google	0.0	Current energy supply shock will drive investment into grid infrastructure and storage solutions: GS - MSN		https://news.google.com/rss/articles/CBMihAJBVV95cUxOSGJpNy1nV0lYU0NMWE9YNEd1blVfSkp3ams3ek83MTBGWnJOTUZJMVN4NnFmclMyem9pR2lnNEJRRzVZb3lwMmExd3lfQ3RyS1dZTmdGaVVFZTc3MzcwU0NkQmYyTjdTd3MxQjAxcW9OMlVwRXZYVkIwdnlwVnp0RWp3UHEwcVk2QkpzS2c1R2lEeE9aTEdEN3g3R1RGSUY0Vy11YnRRV3huMEE3V1N5aUc4QW9ueHhnay1XRDA5NEdXSmNqTlJubVVfd1ByN1dtb3ZxWkkwal9Bd0duazNDWUhPOVFjZllmTWJaNW9icUVCWnpxdktkTTllSVZmcG51SkhzRA?oc=5
2026-03-13	Google	0.0	Dr. G's Brainworks to close in April - The News-Gazette		https://news.google.com/rss/articles/CBMiyAFBVV95cUxPNFVPYmV5Z2Q2S0ZkbkxUVWJfRWZ0d2pia3RldEVFVTlMaGQwNlAwX0RHX1J3aVV1YmZJQ3pGREZkeXhGckt4N3ktTmtYRkhTSGlXU25kY1lRV1V4cXhYdnpGbEJoZ0ljQm1FcTg1WnZTSHQ4SGhUdmlaSUFFb1lUbU1lYUZibFhXRHA3OXl5YkZLTVN1eUEyZGlXNEc1QXJoM1Z1NEsyVkhvS0MzNjV0SWFHNnctaWVuU0Q4b2FTMHlwLVdPNkVLcg?oc=5
2026-03-13	Google	0.0	GS Chairman Huh Tae-soo Goes to Nvidia GTC - 매일경제		https://news.google.com/rss/articles/CBMiU0FVX3lxTE9HQWRjeklJcFp2RlE0SzJOYWNFLTR6eEFBWWRvN0lucGY1OU5jTnpDT0tGQ05tbUx0RGVTMTdEREtJY3RBMWpKQjQtUWhNR0VOMXVr?oc=5
2026-03-13	Google	0.0	GS Finance notes (GS): 4x upside, cap ~110%, $1.4k max payout - Stock Titan		https://news.google.com/rss/articles/CBMisAFBVV95cUxNZHphRE5UazR3QXFWZ2pGaHc5VmN4c1YtOW1WVmFpQlpTSEVjVkxfOWt1MEt1SGxrb3JjV3dvV0xYM05LdkI4Tzg0b0l6ZFVILTdQczhCTFNyTUJSRkljYUx2dV9yXzJZY1kzQWNzVUkyN204X3FlR2FVeUo0OVduT0MtT1hUWTBGQXNpeG1yZ2RjVks1cU5La1NBenVEbkpaY0prbF9SRHVoUkZveVc0bw?oc=5
2026-03-13	Google	0.0	GS.jpg - Emporia Gazette		https://news.google.com/rss/articles/CBMihAFBVV95cUxNVlJyY0tSaVBnNGw4bFBNQWhZSGREQlVHMFpYaEthbmlKNXd0M2FRQUR3TVBWM0JJNWpQeExGelRlY0JQVzhnRE9nQVdObFpJRXIxOTNfbmZuR1BaVENVeWVRbXdIV2h3c29vMG9ObGpORlhIemxZdUVSQkRqdDBLYi1pOUU?oc=5
2026-03-13	Google	0.0	Goldman Sachs (GS) Announces Board Member Retirement - GuruFocus		https://news.google.com/rss/articles/CBMikwFBVV95cUxOeHFVd0tpcTJPaGV6WXVUQjZUQU5zVTZMNkJYdW9oLXltWmRPTVd0VTlOTTJ6NjV4Y3QtYlFxTm5YSmgxYUlSa3NCeU5CNHJZaE4wN1hXRjYwak9hU1owOWNvSXpjYUtsUVV6T1JkTFlaRU1NMmxPUC14TmhnWXMyZy0wOFk4eTI1cktVU1pacnlBc1E?oc=5
2026-03-13	Google	0.0	Invesco Ltd. Raises Stock Holdings in The Goldman Sachs Group, Inc. $GS - MarketBeat		https://news.google.com/rss/articles/CBMixwFBVV95cUxQOTFYX1BKZ2tJLUJkV1dQLV9YamlkTUxXSjFkS3NnajVkMlZzam1CbWhzS3ZKVGhjbmdCNzF0cmQ3Sk56MGhnQ3cyY3JrV3BBbURYVnFKb3VmMzlfcFE1TWxycGhFOERvMFB4SXA2S20tTjlELXBaNVFYdHFRNFFZUzd5UzhRV1NCWWI0ZVhJTTBCMGQ0WkZ2VEtDeDBJakRnSk5OV0lXcjVFcVkwMGROam81ZkNrRlNyT1FRY3hYR2FhZ2pPQ05B?oc=5
2026-03-13	Google	0.0	Timberwolves vs. Warriors Predictions, Odds & Stats – March 13 - iHeart		https://news.google.com/rss/articles/CBMitgFBVV95cUxOOTBUMEFKM21ydHMyZ1lwbkc2bmptOXV3ZlpxUzFnNS1yRTZYU2lyX1dmTGdIWDBiQURNaXNMNWx0NmtncHhYZzNrWFp0cDQ3Rml0R1RfaDFGVG1HdFB0bFlQb1R0V1phMmdnc2xhaDFfa25Vak9LeURaVmxYeWViUWk5Z0c2djNYeG1sVTVvZUp5dnpPbGtVb3cwbFJjczdZY0RRSWRwR0JZa1g3ZE9vd3R5a1pxZw?oc=5
2026-03-13	Google	0.0	Why Goldman Sachs (GS) Shares Are Sliding Today - Yahoo Finance		https://news.google.com/rss/articles/CBMifkFVX3lxTE5IOG5pYm1WV1JUWENJckk4ZksxQTl5aWFtWExVaFQ0dEd2OWJ3LXg0MWdUbmY3OWJOZjBTWUJiRHVWd05tOFBjaUJkV1hkZEFiaFlFRDlxdmRrSjhCdllweTMyTnRaTmJ6Z0ZWeUQ1ZV96SEdTQzI3WlRXVmhVQQ?oc=5
2026-03-13	Google	-0.05	Goldman Sachs Balances XRP ETF Exposure With Long Term Energy Financing - simplywall.st		https://news.google.com/rss/articles/CBMi4gFBVV95cUxQSFZiOG9fclRySzg0QjhRbVA2eUlUaVFpek12ZVZDbkdHbnRBdlNhbThDcDkwZVVvRVZ0ZVNjYnltZEJ6cDdFM0RfMEFmZ3lkcFlmY2FzVEFaZVd2QTRaUjFJdGViVlNwZVA5YS1iLXh0ZTlPVWM5clBZV0loWjJoWVR3dE1fSmRYODR4UE5ha0k2bGpoRk1XTGhnWjRBLTQ3ckxlbzNVV1FNY3M1NktrUnVaWTVxdGxVUi0yNlJvQ3FyUjRsdkpyaUl3NFVMSFZEaXhnR3hCRlFlVFZGa2o5VHRR0gHnAUFVX3lxTE1DOVVMLTl3Ymw3REFhU1B1bFpIZXd5VlE0NTlNcW1oTWFoRzFWOGZEWUpmNFc4elRyd1JQOXpvYThaWHlUUjRLVW4wSVExUkZGcmZUX0FqX2Rmb1VFRTJtOG1ScjJUei1RdFp0YW4zMmdLWnhSUUk5Q21NRVhtZlZyN29pZzZvck1PeTI5U1FnUE1CelZuSGJMbWNuczZrbnJRVHk3dlpHWUt1dVM1R3hiYmkwcHZiT0hha3U5OU01RmJidVhOSHpnbFk3bG5IR0xmR3hZa3FTVHNjUURJT3dLWEpCWno3MA?oc=5
2026-03-13	Google	-0.156	Down 12.9% in 4 Weeks, Here's Why Goldman (GS) Looks Ripe for a Turnaround - Yahoo Finance Australia		https://news.google.com/rss/articles/CBMidEFVX3lxTE9iVU83T3NFZ3ZycDROR2d1ZkhXOV96a2R4UzVtSWx6dGh4RVRoXzNYejZHR1MxVGJBcnR3V0RkVjVRaDg4RGs3YXpBYXB4ajBGU3EtOWJVanJKR0tQOE1EekZBZHl0UndkczY0MnNzWmRDMHBu?oc=5
2026-03-12	Google	0.7	Feeling good - gspublishing.net		https://news.google.com/rss/articles/CBMiiwFBVV95cUxPa051TmdoWS1nR0JlQ2NEMjJ4MVNYRWhmY2N0RjRYZHNob2V6UEg1alR5ZWtGRGlEeEtlbzBmU2s5MFMtOUpxMHpZQTVXbFBRcExtZnJZdlFUT1pieF9ONFhRX2RIMGpfTE4xTGNsWTNzd2JlMzVyMDB2eno4MWwwRDlmMFZLSU9pSk5n?oc=5
2026-03-12	Google	0.5	Do what you love - gspublishing.net		https://news.google.com/rss/articles/CBMid0FVX3lxTE5jXzJhWS1VZFBmSy03VDM4cmNSb3BNWjhSWGJRZEJDZG81bThDOHd0a0RCY3BmOUtpbm5uSzJpUDZSS1lHckQ2elhEczBlZ0FjYm45Wm9RU2xnc09UOG4yZ3F2ZTR6VlI0eFhHN25QdVdPdmlfcC04?oc=5
2026-03-12	Google	0.5	Goldman Sachs (GS) Declines More Than Market: Some Information for Investors - Yahoo Finance Singapore		https://news.google.com/rss/articles/CBMihgFBVV95cUxQWV9kaFFQUEYxcTJKVlVra2ZNZjJXZnA1QVZPZmJaLThNbk50Z2l4bWlqSjRGeEFBNUxaRlFjSmlheHFid0dnMXQtMHptOVA2Z19tVkFSVGpOVFRURkUyNnAtVDVoU2toM1U1NHQ0V2FFejlYVUFwemduSHNES0FoVXJYYmc2QQ?oc=5
2026-03-12	Yahoo	0.433	Should You Invest in Morgan Stanley Despite Its Premium Valuation?	MS trades at a premium to peers. Will strong growth in wealth and asset management, a rebound in IB, and strategic partnerships justify the valuation?	https://finance.yahoo.com/news/invest-morgan-stanley-despite-premium-153000501.html?.tsrc=rss
2026-03-12	Yahoo	0.344	Is Goldman Stock Still Worth Buying After 53.5% Rally in 2025?	Is the GS stock worth buying, with strong IB business, AI initiatives and private-market bets? Let us find out.	https://finance.yahoo.com/news/goldman-stock-still-worth-buying-151200048.html?.tsrc=rss
2026-03-12	Yahoo	0.333	Goldman Sachs Names The Progressive Corporation (PGR) among Appealing Insurance Investments	The Progressive Corporation (NYSE:PGR) ranks among the 14 safe stocks to buy now for a starter stock portfolio. Goldman Sachs reaffirmed its buy rating and $225 price target for The Progressive Corporation (NYSE:PGR) on February 23 in response to the company’s January 2026 results. The Progressive Corporation (NYSE:PGR) recorded net income of $1.16 billion, up […]	https://finance.yahoo.com/news/goldman-sachs-names-progressive-corporation-064635604.html?.tsrc=rss
2026-03-12	Google	0.3	Is Goldman Stock Still Worth Buying After 53.5% Rally in 2025? - The Globe and Mail		https://news.google.com/rss/articles/CBMi2AFBVV95cUxNTEtXNHM4cmNRWjI4LUlWSVpBQWtMYU1QenF4TTBxNlFvaEpaYVgwbG1iODhoZFh1eGdyNV95dUdGcEw3SzZyV1F2RjRwS3JoSWs3bnpZX2pSUk14cGthWi1tWWhNUW5kSXpmbW4tSmJJS3VDNGJxRGxYZnhFY2RXQmpTQUVYTkwxZjVWcjhvWXJTV1BNQVdvVE5xOTl2OGdrWmdQdW03ZTlCdXktdHBDaGN0dHJTMDFlX2FmYUYwQ1BSc0YzUzNFT3U3cnROb3I5bTJONy1tZVk?oc=5
2026-03-12	Google	0.3	Mandan School Board votes to close Custer Elementary - gspublishing.net		https://news.google.com/rss/articles/CBMipwFBVV95cUxQTW5xMXhGQ2lxYTVXalZGMzZPWHlCTlVEZDByLTFpWXhqeUh6RVNHS010UDBHejF3MFgxeUhINjlnVmlNVVpRWVBudnM2eGxwdmwxdVRhZzVETEc5VXY5ZFJrdVZlUDVURUt6U1VFeVVUZnZBa3I0aEpteWtjVVNWUVg4aWtDcVc1bmFCQVpvcUFJQVBQX0hxRGZ6RzhyODRLa3I2bmE4TQ?oc=5
2026-03-12	Yahoo	0.293	How The Cerence (CRNC) Story Is Shifting As Analysts Reset Fair Value To US$10	Cerence’s fair value estimate has been trimmed from US$12.50 to US$10.00, a roughly 20% cut that reflects an updated view of the story. Recent Street research has also moved closer to that US$10.00 level, as several firms reset their price targets around concerns about revenue growth and execution. As you read on, you will see how these shifting targets fit into the broader analyst narrative and what to watch in order to keep up with it. Analyst Price Targets don't always capture the full...	https://finance.yahoo.com/news/cerence-crnc-story-shifting-analysts-021034561.html?.tsrc=rss
2026-03-12	Google	0.25	Goldman Sachs Executive Says Some Clients Are 'Glad' Iran War Shifted Focus Away From Software Exposure, Private Credit Woes: Report - Benzinga		https://news.google.com/rss/articles/CBMinAJBVV95cUxPdVBfTUxDc3dxNDdJY3hrN0RZcUNyN2FpN2hDdGVnWHFjbG81Y1VxMnBGSldWNGF6djBXYmZPZkJ5WWY5NFZpUDVnRFlWQ0dyVUNDX1dGWXk3djlVUlNRa1gxVEdyTlhLTHdCS3lwczZoSE0zVlJ1eWRYeXFIc0UyTEJob0lSZVJ4NVMxU2ttcGc2eWJnWmQwV1VZZUg1QnhFMGZQU21yQTEtUUZnVklfUnppUGhhdXRyRXZaRFU3ck9ZbDYzM082U2JlcmVBeS1RT1pjd2pEM3FlUXNQTWJiRWk5WFZyR0NBRzdBQWotLWZLMEpBOVNBcFNEU2VVWU9EbVg5SkcxV1RDbUNfamFGY0k3RzRaeUg4T2JBWQ?oc=5
2026-03-12	Yahoo	0.15	Crypto Currents: Goldman tops ripple funds as bitcoin slips below $70K	Claim 70% Off TipRanks PremiumUnlock hedge fund-level data and powerful investing tools for smarter, sharper decisions Stay ahead of the market with the latest news and analysis and maximize your portfolio's potential Bitcoin (BTC-USD) dipped below $70,000 ahead of today’s February CPI print, pressured by the IEA’s historic release of strategic oil reserves and persistent miner selling, while spot ETF inflows continue to build with $1.56B net in March so far. Goldman Sachs surfaced as the domina	https://finance.yahoo.com/news/crypto-currents-goldman-tops-ripple-160137187.html?.tsrc=rss
2026-03-12	Yahoo	0.147	Goldman Sachs (GS) Declines More Than Market: Some Information for Investors	In the most recent trading session, Goldman Sachs (GS) closed at $787.52, indicating a -4.4% shift from the previous trading day.	https://finance.yahoo.com/news/goldman-sachs-gs-declines-more-215005211.html?.tsrc=rss
2026-03-12	Yahoo	0.143	Goldman Sachs Engineered a QYLD Competitor Yielding Over 10%	GPIQ launched in October 2023 as Goldman Sachs’s answer to one of the most popular income ETFs ever built. With $3.1 billion in assets and a yield that clears 10%, it has earned a serious look from income investors who have long defaulted to QYLD. The two funds share the same underlying index and the ... Goldman Sachs Engineered a QYLD Competitor Yielding Over 10%	https://247wallst.com/investing/2026/03/12/goldman-sachs-engineered-a-qyld-competitor-yielding-over-10/?.tsrc=rss
2026-03-12	Yahoo	0.129	Goldman Sachs Raises Price Targets on 3 Tech Giants by 10% and More	Founded in 1869, Goldman Sachs is the world’s second-largest investment bank by revenue and ranks 55th on the Fortune 500 list of the largest U.S. corporations by total revenue. The Wall Street white-glove giant offers financing, advisory services, risk distribution, and hedging for the firm’s institutional and corporate clients. In addition, it provides advice, investing, ... Goldman Sachs Raises Price Targets on 3 Tech Giants by 10% and More	https://247wallst.com/investing/2026/03/12/goldman-sachs-raising-price-targets-10-and-more-on-3-technology-giants/?.tsrc=rss
2026-03-12	Google	0.125	Choosing my first big ADV: Honda Transalp vs Tiger 900 GT vs F 900 GS - Team-BHP		https://news.google.com/rss/articles/CBMinwFBVV95cUxNYm1wX19WdDNRV3JFeVdOUXNwa25hdklGai10X0tHT0FmTGpxcXdlVVlhWmpHVjgwU0hvT1BDeC1QYzY1NGlwRldJdk1NSE0xOHhVTi1WOEtuNHhKN1lpbGJ4ZTFvRDJaeUxpaFVvY0VlSjVfTllPWGtHcjlzVGdIUm5MN3JCeEdzdl9HSHZoaXlMTWRTazByQXlVbnJpbFnSAaQBQVVfeXFMT2lsNjhrVnZHR0hod1c3eGZNai1pVFVBWE1rY1dabV9aaUoxVkZfX3psMFd6eXZaZGRsVEpxWXliNDNCbnRJS2R6bVliODVDcWNIMGtaMFE3VzVTYTV1b2NpMHNwNHlZZGtrM3REZEdraEhWRjJXcUpaaldYcGVyUjVDNGhUVHpWcjFOQWVHbVNVUG5lOXRqUGFkTUQzUlByQ243enA?oc=5
2026-03-12	Yahoo	0.107	Goldman Sachs Revises Fed Rate Cut Forecast to September as Iran War Threatens Inflation	Wall Street giant Goldman Sachs has revised its forecast on when the U.S. Federal Reserve will make the first rate cut this year. This delay in their forecast for the first Fed rate cut this year comes as the Iran war threatens to drive inflation higher, which could make the U.S. Central Bank more wary	https://coingape.com/goldman-sachs-revises-fed-rate-cut-forecast-to-september-as-iran-war-threatens-inflation/?.tsrc=rss
2026-03-12	Google	0.1	GS Finance (NYSE: GS) offers 300% leveraged PLUS tied to Russell 2000 - Stock Titan		https://news.google.com/rss/articles/CBMisAFBVV95cUxNQkJMNHEydDJHTUJzN3V6YXJmZlE3QVJRQlU1YUJCWGgyRkNyTzdYa0Nidk1jWjR1UUNlV2JmMTZtdjdXTjJzS0E0MkJ3X1pnSkpXQ0xwcUtpNVU3Q0pGbXpTUW5JTjdEenM2aHM3R3JKNUlMQTJlUDlRSGY5Z1Y0S191TEljeHRxVm5FUkZSR1Z3OXp3MjlnME5IcWNaUFVJajhyYk43RnlYSDM1ckg0eA?oc=5
2026-03-12	Yahoo	0.1	Goldman Sachs Has Fixed the Business;  Not the Valuation	The strategic reset worked, but the stock has outrun the fundamentals	https://finance.yahoo.com/news/goldman-sachs-fixed-business-not-134220739.html?.tsrc=rss
2026-03-12	Google	0.017	General Studies students launch GS Business Society to counter exclusion from traditional finance clubs - Columbia Daily Spectator		https://news.google.com/rss/articles/CBMi6gFBVV95cUxOcm93bUNqUXpTTmhjSWVYSmdENFBUM3ppdFlsaW5oeG1WWS1xSFhpeF9FbWFDc1BXQU85emd3eFB4b2hTV3pqZ2VnUm04Rm5lS0NQZldtV0RpbTBXSWJKeUpkeHlMUDJGZlY5N3l0SXp1RDR4Zk1Bb1JMWVRZQVQtSXhjSW1ZMnNndjNtX01taEM1VURzaEVqV3JfRTNsdnUwNGhySkpETTY0LWJsbzdEWlQ5NkhQaGNRMGw4bFFIOWNvdjVfZEV3YmJuWTdaLTVVcVJQeXc4NVo2T3AtY2lmUnR2X0xlaUNLR3c?oc=5
2026-03-12	Google	0.0	BMW F 450 GS, Norton Atlas Spied Testing Together - Inching Closer To Launch? - NDTV		https://news.google.com/rss/articles/CBMirAFBVV95cUxPN2VsbGsxRG0waE5WWmJwNnhRNDBnTk0yczVUeVNUWDhNRjZvSC1DYy14V2RMS3lfZmVoVVVaZXU1QXY4ZUR4czBsZTlWWXNFZTdBVXZwRDIwUHFld1dMQy1BU0daa3ZsQ2RyX05WLWFaQkszU3p4eVItMmdPelczOVlVQ1NJTTQyXzZOR0ZuSWNrN0hzV2RCSUpxTU8zT2xUaUdsWlNvdnlDLTN60gG0AUFVX3lxTE5WeVFJb2g2RDhIVDlvWFM5WW42OW4ybzl2cjRRSHR1SE5mcmZ1ZC1QazBlX1NoY2JEQzh4YmROeXFxOFJBWVFTaHF0VXBkTDNZMktrdGVUM1R0RVRHY2RxYkdPY0Q3REFBWUM3SUlOUnBGTkFMSUp1Sm1NZXVtNk1XaVkwa2FQM2VER1l1Q0NkZTBPRkRBYXo1b280STFmSmMwUTF4U0NwSTNsVmtMNzNJOWY2ZA?oc=5
2026-03-12	Google	0.0	DAILY COUNTDOWN 7 – Men's GS in Para Alpine and now Para Snowboard Banked Slalom - FIS		https://news.google.com/rss/articles/CBMi3AFBVV95cUxOaFdwLUdlZEZUbWJBOVk4SXYxOFB5UnBQMGhDazdwV0ZKaXdRNVRick03UHRkM0pxSS1WWEJ6QmF2cDlmeXpzUUUxdi1oTGt6ZXFqVTFSOTlxdmpwSUQxNEs4dFAwMFc0VVRxOWVsZFU5bE1OZ1V3azZhRjl4X0JDTzkxaldxMk9xUXB2UjVJWmF2MHJLUTBBX1NUSWJQUi1wSkE4b3dpR3BmT0NHTGFtUkxNZS1rYTRWNUtFMVNkRW9TSVNJa281TG15QUczT28yQk9kZ3cwWk5yZEZE?oc=5
2026-03-12	Google	0.0	DCM Advisors LLC Sells 2,223 Shares of The Goldman Sachs Group, Inc. $GS - MarketBeat		https://news.google.com/rss/articles/CBMiyAFBVV95cUxNM2N1UHJ5bnBWaUZCeFBXQVAwZDBoc0FKVUFGUmw5bDNMcGR6VktFUXZrb0FVSVdmS1BOTU5MQjUtSmw3MzU2QXU5bXBZTnJ5UGMxNmpvN1pKbnpvOXlQb2VqejlxVWRuVzN0bzBObEVCdlVkSE1jckRONFN3NVoyVURFamVGbjBUWnNkMGlfVk11S2x4SDhPelNyUWQwVWkwc0p1bVpxa1JjOG9ucG9rLTdDSmhRWGFPUmtQUjBYN2l3bG5WXzRxYw?oc=5
2026-03-12	Google	0.0	Farm bankruptcies jumped 46% in 2025 - gspublishing.net		https://news.google.com/rss/articles/CBMikAFBVV95cUxNNVdtLWpveXVJcklRVFpqZ0FqaXJrdDZkd3VzZy1mM25ENGRrUm9VWXppbmZBQ2NGNTk1T0xvd01xNVhCQUZId1RlOW5Pek9kU3I4SnpXaUdaN253QkFHM0JpcVZKMVBuV0I5QzdoY3YzZzN3YlhxMWFsVHIxT244RE1URElFeEhVak5oYmd6Ny0?oc=5
2026-03-12	Google	0.0	Form FWP GS Finance Corp. Filed by: GS Finance Corp. - StreetInsider		https://news.google.com/rss/articles/CBMirwFBVV95cUxOdk9vMlc0MTVpVE0teFJJTldaZHBRNEVVM051MTdBcUtQeEpNb0ZxVzJhVzR4VE9pNHIwc0h0XzduS05QcnpzS1A2d0lnSzJJY2dPVGdpSjJYVHZSZ2dfZVc5ZllRY1BTeVpvd2hrNWs0SVRpaUYxZElnd0FjRkxzeWZEZ1Q4R0VHMEl1ZmRnS3F1U2owZmFHNzEzUFViWHNvVVZfWS1hZmNlLXBzMEk4?oc=5
2026-03-12	Google	0.0	Goldman Sachs (NYSE: GS) prices worst‑of callable notes with 70% downside cap - Stock Titan		https://news.google.com/rss/articles/CBMisAFBVV95cUxOMnRSTzV5QThLOVNrdnhNQXgzNGpLclpZdzk4eHU5U29YYmxYOVZKcU55WjNPQXJjcHBna3hxbUF5dDhQYUdRZmVVNElsbHRRSnR3TF8wM09oUlQ5cHFGQ2FqREtScFZTZk9qVV9xX0xmZU1vUng4MDFnbDJkSWZ6UFpKMzlJdVA0blFCbHBYLUtTTnZhYmVPbFFPdWRJZmYwV3JtY3JISVlTUXpyRWQ0SA?oc=5
2026-03-12	Google	0.0	Herland Repeats as Men’s GS National Champion - University of Utah Athletics		https://news.google.com/rss/articles/CBMikAFBVV95cUxNaGpjNFNaSHJ4cURyRDF1M1YwNUxIRGdCX0ZuNlZNUE9xd3hObUNDRHNCcU16eDVrSmtJYXJJTWIzRllFOWVNT0s3aVZNMkpodnQ1eWh3elN0RUNwYUJscWVmTVJEQkc3VkR3dm5rUmxuTnN5SERzVE1oVEVLal9wSFc4a1FaR3RLelFXUEFzUG8?oc=5
2026-03-12	Google	0.0	Hunters Safety - gspublishing.net		https://news.google.com/rss/articles/CBMigAFBVV95cUxOOEljY21GdXhlVUprWHYzb2t6T3pJSk1abDBHZGZnaktkX2llZVVwWlo5bFRuWmQxeXRKTU8zWUwyNEcyREZVOU5zM3lEeWpMcnNWTWVwQ1FIV3N4cDM1WjRwU1d1SzRseXNjYnN3cVNqREFJb2swWnNCVGlMSFNCNA?oc=5
2026-03-12	Google	0.0	Investors bet $100M on AI platform to streamline corporate purchasing - Stock Titan		https://news.google.com/rss/articles/CBMivAFBVV95cUxOZ25CRUJQZFZsZjVPcFl4QXAzc1I4WE5tdjFkXzlqWkdpQlRSdTBVNV81RHhkb3ZLZTBKd1BTOTU1bW9OTjlkUG5WRXhHQU02NVBZSGRBdnZUMXNBalRBZWNwUDN0N1JnYjlObkZ6eFpFa0hSWE5ZWUw0cVBJZkotdm80bmljd3NyQ0NvUFVLSFRxVU1WdVpBT2NkbUduRXM0X0RqRmhoVG5WRTg0ZHM3UmdGbzctVEJ5em9Mcg?oc=5
2026-03-12	Google	0.0	JMHCC to sell house used for offices - gspublishing.net		https://news.google.com/rss/articles/CBMikgFBVV95cUxOUHlvaTRSTldrRXFRcTZPWTZySmZVa1VhR1Y1TGhpeVJuY2YyVmN1T1llYVZ4QkF2S3MweC1WNXNZTnFCcEg3d0d0SlN5OU12U0w5NWhKcUMwQzFzUlBwTWl0TjhYNS1kMHdmYTZxSkI1U2dJeUJnUnl5RGdJbjRDblQtY3BycEhrLWMwVFNJVnNUUQ?oc=5
2026-03-12	Google	0.0	Lighting the way - gspublishing.net		https://news.google.com/rss/articles/CBMid0FVX3lxTE53dVpoX2RSaVNXcDNXZXBHMU5WQ2F2d041Q1JMejk5cFlCMXZENVduNnFRSktfTjU5OG9XVVhvUy1OUFRTR3JhcG9tV2xtbU1ETTRZQUI2ckkyY0hnTkN6MXQ3Tk1NdDhVYnBrbUpVMkRmN21XUjlN?oc=5
2026-03-12	Google	0.0	NDSU Extension to offer spring gardening webinars - gspublishing.net		https://news.google.com/rss/articles/CBMiowFBVV95cUxQTFRJOWlRb2VXaE1Jbnk5TktlODlQUzVXREE0WDFhOFI4Q3EwSV81Q2s0dGxxM21PSWZISDNGX0VkMVdXNjBsbTRsQjFIZWxYU2dDcU9TODlBeHFkYTE2YXYxNl9vcjdrTVZUcWRYbGpYcmNlNVFIa05vUnJySGxreWc2Wi1tMFZRUDAwV09IenQ1RjJiNkh0bTlwUC1uaGZMWmlR?oc=5
2026-03-12	Google	0.0	Never dream too big - gspublishing.net		https://news.google.com/rss/articles/CBMigwFBVV95cUxNRWI3LXotR2Rjckg3UGN6Q3U1SU1nSG5pMGNJU3A1YWY0Zk9zN3dGdjg5SG5uTHdvMVh3Qm4wdXRka090Q3lNc2l6akNOdkwzR2dneVd1cTlELTZaMWs1dVdlNU10UEhnYnZ4eVdmcmcxSjdvRUU0bktERG1TaHM0cm0wUQ?oc=5
2026-03-12	Google	0.0	No. 6 GymDogs Close Out Regular Season Friday at No. 4 Alabama - University of Georgia Athletics - University of Georgia Athletics		https://news.google.com/rss/articles/CBMirwFBVV95cUxQYkNFV2N1NlZIM2kxN2dqQmQ3d1htak5JOEZULWNzMmRWMVZSOW9ubk1nT3VHcjIzdGR3OWdxZDQ5RDBqaFlWcXBWa3J6czhHT0ZCTjlWTElnQWkwWW5vRnNxNGl5MHdFcEdSQk84OEU1S0tUOUpseDBfYU9vc0w3V3pZZlo1M1lXZW14VGZURTJ0N2d4LU1UTVNIZlpUajJxOS1FcXB1OXBuT3hzMUY4?oc=5
2026-03-12	Google	0.0	Pickleball now in Golva - gspublishing.net		https://news.google.com/rss/articles/CBMigAFBVV95cUxNRWNLaGxzcXJHNGp6SzJ1b2RZcTRCOUFhY1lIRUxiWWxkN05VeUNyUUlVM0ZpVU00NVNSaUpYV0RjT2FCN3ZaZW9aczFlTTFTS0c4QkxuOG03SkNuQ3R2d0lyMW1EVFA3c2xkS2VTTGg1RWh3Rmo2RHAyWHlzQjdhMw?oc=5
2026-03-12	Google	0.0	Recall Alert: 2012-2013 Buick Regal Turbo, GS - Yahoo Autos		https://news.google.com/rss/articles/CBMimwFBVV95cUxOX3RhSEVaZ2ZHM25hWTZhMkw5TnVfNkJVT1dnZDYwX0ZadUZ2M2p3Y3hIZzBDN1JTaWcwR1RRWDM2YVE3OEhmd3NQZHlXNmtfSElZRWwtbHAxMVQ3NUV2OHh0U0ZuZ2VEZHdzWHJTcWJpdGI0czc2UXZlU2w2Ynk2WVNaakotYURnRkxzNklQSGxpTkFvb0xLdjdwdw?oc=5
2026-03-12	Google	0.0	Scholarship event - gspublishing.net		https://news.google.com/rss/articles/CBMioAFBVV95cUxOUGVwTWswdFl3eFBYSU02QVIxUS1HY21BV0hHZ0lQTU5USm5lMHBRYXBiRUVGcmlQMk5wM1VvazZkVHJ6NXRIUzh0amNiMmZvMzBCTTMxTjJqT3JyaVhBX0IwZ0VmQ091YTlOMW8yZ25ndnh2eXRPTTJ3MWVfX19Fb3JibWE1LVFQbVpqblBuX0xJMmo3bHpTaS1sSTJGdEhF?oc=5
2026-03-12	Google	0.0	Ski and Snowboard Club Vail siblings post top-5 finish in GS at 2026 Paralympic Games - VailDaily.com		https://news.google.com/rss/articles/CBMiuAFBVV95cUxQTzlMNFZJZmRxazN6NE8wTG9lVzBRX2dpRzZvdjFhNFQyX2NQREFaU1ZJMlppeS1maXhBQ3JDcjdtbkYwNkNud29hTlpzYlBOemMyMGRwTmxpRUtjaVk5blk2djZ5SnowTXJpUkR4NmF5a3dGR3d5cmpsOWVTdkx3bDJVcVRJeWRNWUhjZzh2MlctUHlKNHFwaEhYSFFfcEtMRDNHTXF2WUN0bFRsRjRNV3RoUmdMQlNG?oc=5
2026-03-12	Google	0.0	Stephens DNFs in GS but has another race Saturday - Idaho Mountain Express Newspaper		https://news.google.com/rss/articles/CBMi4gFBVV95cUxOTzFEaHhyVnZIRlpWMFdFY290X3Q2dUVMUXJqUVU0eTdfdjR6VVNHS1ZhWS1qR1ptTWpsZURrSlo1eVIySlJHaDR1UVpBWDBXdm1OWHMxb0RXU29tMktPQkNWREdjb1A0OUVaOUxIYnhPMk41Slo1eGlHQlZqTHRHNTcxY2IzQ1Zmd3FlTkExMUlvR3VERWZfYjBrMXhuVmZhNVlJMDNKZ2lkRDJCUHczTldpUE5KNXladmZnYnBWSExaQllRRzVhZW80QmJUMGpMaE5wZzF4bGtmZTNkTEp4YWFB?oc=5
2026-03-12	Google	0.0	Vikings Sign Veteran Quarterback Kyler Murray - Minnesota Vikings		https://news.google.com/rss/articles/CBMihgFBVV95cUxOd1o1V3ZpUUgxbVRzZ1dfWEV0ZFNGQ3ZjOWkycktKNHdKSlBFUzBrMkc4VVkySVFNWU5qWUxzdnpucnYtTGp1aThsVTFzYktMSTVoSHNIanpzNUdHRlNhYnByUXpoWUhjZldDOXVwNUVEREdHOWhIRm44UnVqNzRGN05HbEt0Zw?oc=5
2026-03-12	Google	0.0	WRHS Foundation raises $203,827 through Giving Hearts Day campaign - gspublishing.net		https://news.google.com/rss/articles/CBMitwFBVV95cUxNaTVnLURwYmpEaEZtc1ByRV9xWlNCODhWRWRNaWdJbXl5Q0hHTUxodHRtT2JHd25wem1URDYtSk0xSEp4WEYtVm1ZcmtmSV9aQWVJR0lrcmxqZlJTSm1Yd2JaRUdSczVqUUtMTWNpS3g3REg2X0h4SlQ5bUdnVkd3S09OSHJHNmp2V2gtR3JQYzYzRHFCOE15VldxS2lQcHNTRjF5ZGROdkRkT01BXzRyeFBVdGk2RWs?oc=5
2026-03-12	Google	0.0	Why Goldman Sachs (GS) Just Changed Its Fed Rate-Cut Timeline - TipRanks		https://news.google.com/rss/articles/CBMikwFBVV95cUxPeWJJNzJtMmZSTlduYm84UTVMM2kxdjhoMlZYTGtscGlVa3pBSzhWd095aHhzYVRfWmdhTElYd2hadThlMERXc0pWb3dqMktRMTVhSERQUU1vcDBVX1c2RThnbjFUdnVKZXI0M242RmZacmVDY1Y3Njh3QzBXOFdmaE93WUdTS29saTN4NmxRc21xUmc?oc=5
2026-03-12	Google	0.0	Wish You Were Here tosses the stigma against suicide - gspublishing.net		https://news.google.com/rss/articles/CBMipwFBVV95cUxNbVV4OVZxZG82S3FlSUdpSm9BYVJ4aHNQb3dMSjNjVHQ1OGg1VDU0QzUtbW1MRnNZOEJsMzJMNk4wYW1ET1A3OE5jRUN0TlJjdi1QOTduMFpXTGxoOE1HbnQ1alFJLVFDX1ZabFFCNFRySDhrMDBpZTEwOVJXN0NFNjY4dW1MLWxfYTE4N1Y5ck9xcUV2dERGY2ota2VKWm1uWDRCSnQ4aw?oc=5
2026-03-12	Yahoo	-0.012	Central Banks Could Tilt Hawkish as Middle East Conflict Fuels Inflation Risks	While it is uncertain how long the turbulence will last, some analysts are tempering expectations of monetary easing.	https://finance.yahoo.com/m/ee077888-d6f9-3fe7-8780-6a9c5f26a7d3/central-banks-could-tilt.html?.tsrc=rss
2026-03-12	Yahoo	-0.078	MoneyMasters Podcast 3-12-26- Is Your Portfolio Too Tech-Heavy	In this episode, David Keller, president and chief strategist at Sierra Alpha Research, joins the MoneyShow MoneyMasters Podcast to break down a stock market that is being pulled in multiple directions at once.	https://finance.yahoo.com/news/moneymasters-podcast-3-12-26-163000008.html?.tsrc=rss
2026-03-12	Yahoo	-0.094	Goldman Hikes Oil Price Forecast Again	Goldman Sachs raised its oil-price forecast for the second time in just over a week, anticipating a longer disruption of flows through the all-important Strait of Hormuz.  Commodity strategists now expect Brent crude oil futures to average $98 a barrel in March and April, up around 40% from its average price in 2025.  The strategists, led by Daan Struyven, expect prices to fall back to $71 by the fourth quarter—still higher than the roughly $60 at which Brent finished last year.	https://finance.yahoo.com/m/cdaa3fbd-e251-36b1-9e91-2ff5b672cff9/goldman-hikes-oil-price.html?.tsrc=rss
2026-03-12	Google	-0.2	Missing Person - gspublishing.net		https://news.google.com/rss/articles/CBMihAFBVV95cUxOajBONG45VUJkSlhyTERJVUVoOV8ybU10TVhrem5iZi1fV2U1UnlrWWJYeUpWTVE1Y0lGX1FaY0NxeVZ2cW5PUDZWYVMwR1dGUVlieUM5NlJrSzROQlZ0aU9xblVHNVNFOXBsQTZqWTNCeDBKZ1k5MzMxY3g3YThhWVBsbDQ?oc=5
2026-03-12	Google	-0.35	UPSC Essentials | Mains answer practice — GS 3 : Questions on surge in global crude oil prices and desalination technology (Week 145) - The Indian Express		https://news.google.com/rss/articles/CBMizAFBVV95cUxQLXZSZ3NpN1B4V19CcE85aFBQSVNrVFNnNndVZjlDdnZiTTBuNVdnT0V0TV9mTDdJQ1VScWxWbER1eHpFODJXa1kzdXBnaTV5ZEhzUXp1OGljeExLb28zYWJzV3huWGVjMjM5dXlsVC1mQThTOHQtYld2N3BOenJpd2VSeWdZSmJnVnNHSWp5M19EQkFrZmdzM05ldml6aDhpenRZMmUzSEhnbHdsTVZyeksza1ZyQUszaEExRzBoRTc5dTBZa1dxMHhOM2_SAdMBQVVfeXFMT1F3VkFGZEk2aE1iTDk3bHZ4YVV0ZHFlWV9NanlLUVBuS2RlODR3QVcwRlRZb05uZ19vOG1NcVNJb1Z3Rk1LNDdadEhZZUdLU2VQVDFoeUIybVNQZGxpaGZiU093VjZlLVhpS0x6QnR5eVVvb3JxcnRXQ1k2anEtTGRCejRHd3djZzFMSU1fZGExWDIxSm4yNnlZdkxxa19saW5MYVhLQ0VSQTJQMU9HbzJsbV9NR25SV3B6Ul9lcXRhcjVLMllLX0E0WkZ2UVN3VktJNA?oc=5
2026-03-11	Google	0.5	Stanton and Johnson in top 20, women's alpine sixth in GS to begin USCSA National Championships - St. Olaf College Athletics		https://news.google.com/rss/articles/CBMi9gFBVV95cUxQM3hpVWdUbDJXUW5ISnZNMGhyTGlLalo1enhqdnJySTg3cktJSkpJbk52RTRVZWNjTGhUNG8tak5DYktic0ZDTFF4QzlIanhnR0cwWmdqSzRCZGhybHlhOUNxaVFXdmpwb09DMFdZSGdnTGEyZm9DQmlaaWJJb2ZtWG5zNFpncUphN0VMRXZ4TDZjYjM1RktEUkpnUTU5c2FUVWxsalFIeHpnQ1RFNnRRdXBua0FvMC1aVlExMHBNUmJwVE5Nb0I1M3VwVnJEOVl6blNHM09QVm9VNUh5TXRrdzdqemlNd2JORUhYNWpRRTdIUUtYR3c?oc=5
2026-03-11	Yahoo	0.423	Best CD rates today, March 11, 2026 (Earn up to 4% APY)	Some of the highest CD rates are above 4% APY. Not sure where to find them? Learn more about where to get the best CD rates right now.	https://finance.yahoo.com/personal-finance/banking/article/best-cd-rates-today-wednesday-march-11-2026-100020232.html?.tsrc=rss
2026-03-11	Yahoo	0.25	Why Is XRP’s Price Not Rising? Goldman Sachs Tops XRP ETF Holder List as Withdrawals Surge	Goldman Sachs leads institutional XRP ETF holdings. Most XRP ETF capital remains outside institutional filings. XRP price remains under pressure despite inflows. Wall Street bank ...	https://www.ccn.com/news/crypto/why-is-xrps-price-not-rising-goldman-sachs-tops-xrp-etf-holder-list-as-withdrawals-surge/?.tsrc=rss
2026-03-11	Yahoo	0.125	The Economic Winners and Losers of the Iran War	The economic shock waves of the Iran war are leaving no part of the world untouched. Economists are wrestling with two divergent scenarios for the global economy. In the first, the Middle East conflict ends quickly, allowing oil and natural-gas prices to normalize by the summer, and leaving growth and inflation largely unscathed.	https://finance.yahoo.com/m/03675c72-7157-3db2-bdd9-55dd11b59f8e/the-economic-winners-and.html?.tsrc=rss
2026-03-11	Google	0.1	Becky G’s Halter Micro Minidress Goes Completely Backless at Event - AOL.com		https://news.google.com/rss/articles/CBMif0FVX3lxTE5WaGprX0JxUmN1Ul9DbjZjdWxESjV2Uk02X1ptNjJVRDNHaGhJMzVpdFdtOXdXZmphRGtPVXRQSHZDNXBBTXJ4NnJjekdzQm0yOE1xOXMzams5V1J6Tm9lMkk1NFdiTFFjQnVDZVNMYWZXSjRFeVN3NkVCNWtqclE?oc=5
2026-03-11	Google	0.1	GB Athletes in Action This week - PlanetSKI		https://news.google.com/rss/articles/CBMidEFVX3lxTE0zeDZ0WHNUam1SLUVuMUdMaWJfbTIyQUhSNGlCb3JXdXR3S1R6czJKMTQ0Z1VGNEZfTzN6Y29SUHRzb3lGQk9qRW1lVkJyWnQ0VllmcllPUDktSXRJWHJYUDVablZZdGQ5TmFUcTNJeGdVbzU4?oc=5
2026-03-11	Yahoo	0.1	Kohl’s Corporation Faces Fresh Downgrades From Goldman Sachs and JP Morgan	Goldman Sachs trimmed its price target on Kohl’s Corporation (NYSE:KSS) to $13 from $15 on Tuesday, maintaining its Sell rating after the department store chain reported what the firm characterized as mixed fourth-quarter results. The analyst noted that below-the-line items masked an underlying picture of decelerating comparable sales momentum and a top-line miss. Kohl’s stock ... Kohl’s Corporation Faces Fresh Downgrades From Goldman Sachs and JP Morgan	https://247wallst.com/investing/2026/03/11/kohls-corporation-faces-fresh-downgrades-from-goldman-sachs-and-jp-morgan/?.tsrc=rss
2026-03-11	Google	0.0	"""We're going to spring volleyball, too."" GS Caltex catches Pepper and sees ""JunPO""... Korea Electric Power Corporation retook third place [V League] - starnewskorea.com"		https://news.google.com/rss/articles/CBMiekFVX3lxTE1Ib0xRYUJWVUdES0pkUDNhMkVBeFJ5M3JMdXJmOVl1eEhORmJ5bDlWc1p5RHI0YTdxQlNYeDVMUjJfZElRcXFtZWZyZ3lhVy1BcEpBQXNhbklZbHVzZy1tZGlNbW5RNzlxVDcwdW14UU0wRGE2YmNvZVlB?oc=5
2026-03-11	Google	0.0	$920M battery project in California aims to back up 385,000 homes - Stock Titan		https://news.google.com/rss/articles/CBMiuwFBVV95cUxQU1NOLXFlem9RS3pmYVA4dnBVLUVUaVhIdlJScS1vejNrN3I3anF2c0w0bkpqX0N5MlZFc2UzRW4tS29zN3lUWmhzb011ZFpVVWZJOVFXZVhnQmt2MHd4YjBrSElRYS00d0l1bzlKMW5Zc0gzb3BOeGl0c0hZWUtoNWpxYXV2OUU0T0pQSnFxdV9oUzkxZWRkTUFSQ0xIZ2lsMHBoSjRUaWVfZUkwVzdmRDViVElQQ0M4OXg4?oc=5
2026-03-11	Yahoo	0.0	3 Top-Performing Mutual Funds to Consider for Your Retirement Portfolio	Take advantage of these top-ranked, best-performing and well-managed mutual funds to maximize your retirement portfolio returns.	https://finance.yahoo.com/news/3-top-performing-mutual-funds-120002392.html?.tsrc=rss
2026-03-11	Google	0.0	BMW F 450 GS Spotted Testing Alongside Norton Atlas - BikeWale		https://news.google.com/rss/articles/CBMiigFBVV95cUxPYVp3UEN2cEJyTlp3akVXTG5ibUtiRGdNVUk0QmtNU2oxZEQ4bnFiZWo4Y3Y4RFpqcVJvMTBSZTNPWk5FanA5Nml1d3NRTHU0NndSU3VsNFV2ZTFjbng5RjVFMGhJUGlza3NwU0JIN2ZZRzBlVlQ2TmdzZUxpQUgzYU1vc3VHX2ExeUE?oc=5
2026-03-11	Google	0.0	BMW F 450 GS, Noton Atlas GT Spotted On Test In India - Car and Bike		https://news.google.com/rss/articles/CBMilwFBVV95cUxNNjBDQno3TGxmVWJTT2JvaEhIWkd4aVRGQXp2QlZyQ0VkTENZbjl5S0Vqay1HYy1ZbWg5dzJTRWd1VWxQY1hWaWFZcUh1dVNiRHZhYV96b0kzNk8tNHVqemdFUFJ2WHRRRXBaLU01UUNhUmlNVzNkWndDNzNJVU9KTDRLbkV5Z2ZqSktfcEJQYnJyT0czVlVj?oc=5
2026-03-11	Google	0.0	BMW Motorrad ADV-X returns for 2026 with reimagined backcountry route across the Canadian Rockies. - BMW Group		https://news.google.com/rss/articles/CBMigwJBVV95cUxQYUNsNlVrVGNhLW1rNElqQUhBUzJYOWJ5RHR4ZWxvcXk5RThIcXQ3c3dTckVMRGdTRjJqa2pGWEQzWmFfY3M1QXhkdWs3RW4xOGJoYzFCVFR3MkFWV2NQMm1qNHBwMzgzbkhyczJKSkROeXpWNnAtclB5ZGFxUmRDcXJJR0ZkQU9Dc2hLajNwQnJSTEE1MWJnRTc5N3IwcWNjMmFCM3RwUWwyZTIwSmVoLWZLQkJxN09pRUpSZlQ3eW15SGhuUGhsc0dXSGIxWjZKc19SRkVPeThNMUhnc1hqdEJ1RlBuTUJhVGlGV0JtZlh1ZjVPSmwwM2tLS1pRUW16TVVV?oc=5
2026-03-11	Google	0.0	Becky G’s Revolve Micro Minidress Is So Fearlessly Backless at Event - thefashionspot.com		https://news.google.com/rss/articles/CBMirAFBVV95cUxOdnRkWXRKRE1Ka3BtYVJBZDlqbUJURHN0MW54TGxvd28yWlBQQzVIaGItWlhBbzNPcnZHUk9iM0lqVzgtMUZKZ05ubjh3YWh2MmVOeElUV1FMS29mMi1QdGRfaWpITTgtUGtQUHRiMWVyUXJVeVg1YXJibEs3OEZreUxfcW84QzBqUFNnNTYwUjBBTVpvWUVZM3dXcFI3cVVBZGRPbWdOS3lPTGR00gGyAUFVX3lxTE83S1ExMnVQc3BoX2ZyU0RvYnlleXdkSmsyTk1Qek5EVmM2RUFwbzJRQW12b3JjalR5aFNrNm1qb25iSkUyUk8tUVNBTFRyU1hoQnBDUEtSa3BVV1JkRmpKWFV3MVYyMHhjOU1lQUFDYVI2RHBDSTRJRExfcmNxbnRuUVFfbVl5SHpQU2hJVkJoYlRTdlNscmZ5d3ZHQmMwUGh6ZmZTamVlLTNWc01RYm5Wd1E?oc=5
2026-03-11	Google	0.0	Capital International Inc. CA Purchases 5,527 Shares of The Goldman Sachs Group, Inc. $GS - MarketBeat		https://news.google.com/rss/articles/CBMi3gFBVV95cUxQb1JmMElRTlJzMFFmNDZsY2dpU1B3dDBObGNzdWlMMkpKQm1JalZBMEF5MVVKX1d5RHFsUVFINXoyZHR5NWpLR1RlTlh2b1V1YUtMdWl5VHl1eGJfdlprclEzNk9FSVRRYmgxX0Z5V0s4OVNjM3ZsV1UySEZUN1BDQWFPSGZNZzlTNlRNRG41bkV3ZXpHNDFpSzg0RFQxVllOZmNiMFpaMy1manFKREF5bjNSWTRXdWxabThTLU84VUdnTVFuUEkzYTctdW56Y2lmY2xCbkIydURLMlNwM2c?oc=5
2026-03-11	Google	0.0	DE Burlo Group Inc. Raises Stock Holdings in The Goldman Sachs Group, Inc. $GS - MarketBeat		https://news.google.com/rss/articles/CBMi0AFBVV95cUxNZ0FyVHprWFBkRUZSc3IxOS1qZUtuTjA0THViNVJTSENoTlY3bU53Nm92c002eUN2N3VyNmtYY2JYcFkxRVRVbDNEbmFfaDN4TUwxUmJCXzh1TlN5LXo3Q1MwR3Zmc1VlTENrSHZPUjRzR3JxVkR1QmZPUUoxOUN1S2JaOFpoa1ZVNHJOeG5DMFJLWkNXZnp2dkY1TUVZNWlwVWNvOGptYzFnT0hZWERhaG5kRmJia3MteXBoM3ZKcEZmT1BGR080dDlnNkZPaVlz?oc=5
2026-03-11	Google	0.0	Downhill already on Friday, two Super-Gs at the weekend - blue News		https://news.google.com/rss/articles/CBMipgFBVV95cUxQeU1SUnlkeVdRUHZfRlplYm1JbUtrdUFMS2UwNHNvYUt2SVp2VmtsUkxHdUQwTF8wZk1sakxDeDJwV1Vqc0R0NEc0bHVaN3lOVmxyVVJUb3dXSXVSLVNDYTIwRmhXMTJ0S2MyTXktMnBxZjU2WTlnb212RVl2Z25oY1VkeVhsNjBCRlRKZTZNaFdPbkZhaHc2bV9VMzlhRVowdVA4REhn?oc=5
2026-03-11	Google	0.0	GS graduate student goes global for sports industry program - Grice Connect		https://news.google.com/rss/articles/CBMirAFBVV95cUxNRFRCT1E4MHc4NHA4bUhRLWJMOGJtRF9nMzBzQ3RIZkt3Vk1GT0cyQXpzNWJEM0ZocVR5eDRkcHhUWHNIcUhEQlRQOVdZaGlQOUlxU1VOaDl1V09IMEhoWXZsbHhlZGpRTkRieWNqeUIxLXpPdjNVeVVnc25uOU1LMk5JZ0U2c1ItY3RiTzlYMV9rSzhfMEdlRi1JOHpFNnJfVnNONF9DSkJEUjMw0gGyAUFVX3lxTE5UUnJseWpKY0ZZQmdCTnBaVm9WMTZybXNqMUhZWk80ODZNTFZxMW92OFpsN0hoY29KWEdIeUp6bUkyU09HTVhCdlRZLVJISWE5SDZReHg0c0VScVpBNWdURTVSTlNnSUZVTlhwVDRLdHZMdE1ZUmUxUkxKX3l3Q3N3cVJiMER4QkVLOFFESnZNVXFLSEdOQjk2c2tMN3Jidkl1Y3RSbk90ekVMWGM4QzlrNWc?oc=5
2026-03-11	Google	0.0	Georgia Southern @ James Madison - Watch/Listen - Powered by SIDEARM Showcase - Georgia Southern University Athletics		https://news.google.com/rss/articles/CBMiW0FVX3lxTE1udHRVdzNGOUJzcTN6SjhvRTRQU0xyVGdEYTdzd2VjZHgzRHJQVnBabG9wNEQxemRROG1kQU5pNnVwNlBOVEc0NHpLa084QlFmYmZzeGczTURrMjg?oc=5
2026-03-11	Google	0.0	Goldman Sachs Group (GS) Valuation Check After Recent Share Price Pullback - simplywall.st		https://news.google.com/rss/articles/CBMi4gFBVV95cUxQTzdMTkJPU0lDRjVYWmhUcU5CTVYwQWhhSC0tLV9jc2RvV2M3WjBkbkhtWVFqU3NUS01vNWdVQVlGMy1nTDE0U19QR0xzaTBoX29WTDhJMzFaN29hNTF5eWtqeHY0UVdTbE02c3Z3WG1oZjFvSFkwYS03bmpNbHVzRXd6U0FjVS10eGloX08tYml6VUYtZHBKcFBVMVhaRXVNaS1RbEstWjN4dWYzYzFEZF9vYWs3b1ZxUEZOZnBGRlltcDM4RFNnQ1pqc3hiX05UaFVlcmtTRUdpOGJCWXlVWk1n0gHnAUFVX3lxTE0wLXE3dkhXbHk5WnQ0R0hBSmFkOXNDNkVEdlpkd1RhNHdtUy13SDk4VDhGVWhuTENCWkRYQXhrZ2p5ZlI1ZkxRdG1ILTFjYjlLS3VndW9FZE1EbHJWUWUwOTl2Y3VpcWNhTEtIc1VSQUNuaWkxdkJFd29fSFZYNTlFam9tVGlSdktCcmlhVV9FeUVQT0NzYndxNmNucEhWZmVib1RvTjV5NFkyRkQyOXpOcXN5SEdlcFV0SDVON3pvNEYwdS1hTi1iRG1DQ3BMdkJJNDlGbUtwSW5heHpXSEdBWFpzclZqOA?oc=5
2026-03-11	Google	0.0	Herzberg 12: A BMW R12 G/S from VTR Customs - Bike EXIF		https://news.google.com/rss/articles/CBMiV0FVX3lxTE5Na3NZaU04d3g5YjBpMGxGaFF3eW9CYmhxa054RzhXSGNCalVmQ05yLVlWdGw1bUN4WElwcWI5dFpIVFgzTjYyb04xOGIyWC1peGc5S2tSWQ?oc=5
2026-03-11	Google	0.0	Hunt Climbs Into Podium Position in GS at NCAA Championships - University of Denver Athletics		https://news.google.com/rss/articles/CBMiygFBVV95cUxPc1g4VGxHcy12R0lqN2wwT2JWRFVMdkdnQVhLUkNKRnhZdUZXWGJfaTV2MVZLc2Nma0p5YmFfVGVsUFROUWR5UUFNRVZZZDFqbWVvUnpReEM4aVhsejdhOS04YmJyRVJONWxld2ZMVms4VlMyb3BzYTJZNU1HVzlrTUZNNzJxRVRTci05SVdnc3JQRm9ERDFCUGlYbXBUajJZdDBLaDhGcTMyUUhnZFIyTmVveExIQnBfRXZReVljNjltRGVndERUYlBB?oc=5
2026-03-11	Google	0.0	Justine Lamontagne Captures GS National Championship to Lead Bobcats at Day One of NCAA Championships - Montana State University Athletics		https://news.google.com/rss/articles/CBMi5gFBVV95cUxNRzFESlQyN0JnNlZiZ0tNdlZtMHQ4QWNsdEhmdG1LUFFfMEpmRGdmaVAxNEFLcG80NU91NERDZFg0bVJ5dHlNSVZaTkxzOTNFOGg3SWQ4NVRmLWVsRm5XdUFYSTluVFBTZjltZ2NaMmZOeXhlZTRrWE9PWThmNmwyTkZkMFZzRkh3RGo2cEMyaU1JSGxBX0V6ZDFQbU5aQjludDVnVWFxemQ5TmlTSmlkdjJIYXdEZTlETEtXMU1NTjFyNU9nVGEtXzZSdU1FMERVQTVZTDVTZnUxVS04bkZnMW5QUEFPUQ?oc=5
2026-03-11	Google	0.0	KB Securities boosts GS P&L on Korea tourism rebound, sets 60,000-won target - CHOSUNBIZ - Chosunbiz		https://news.google.com/rss/articles/CBMigAFBVV95cUxOdTI2Ulp5eGZLRzdISXlmUXRILXJLRmRNMjJmVGxYZnRLdjlGS29OVHdYTWd5aEh0OHp0VmpVMWVBM2xwVjFza0hXTUFmVU8zLWFxbzA4YWpyckM4Y1R5c2lfTlF1NDQxdngxWUpsSnpQWG1RVjNJRUFRWEc4R09OddIBlAFBVV95cUxNT0F6UnRXZGdBM2s3YlRCaXRXdXR2TmRKLUpERzh4V0hIMmllTzJ5TWVvWXUyQ3haS21VMVpDLXp0YXNQSFAwTjFPUTNuOUVsS3FzVUo4enMtMmVEZ1hvN3Njcm9LaW53YXVOZWNHd2phQi1ESlFNSEV6MDJ1Vnp4OU0zM1hlVVpYbjNuNVpMU0hIcmdw?oc=5
2026-03-11	Google	0.0	Mackenzie Financial Corp Raises Stock Position in The Goldman Sachs Group, Inc. $GS - MarketBeat		https://news.google.com/rss/articles/CBMi2AFBVV95cUxOUDIyaEdZYUtQbF9RRjdLWUlrV1pLSDVqQkZvaFU4TEpjZEhpZ2dKNjFmWGJLUFBzbnVIYkItMjBCaDI2eGxMRFN4cTJZbkZUX1lxU1NYZTN2Ul9ZSnZQb0RXcEQzQ0VoaThJTkx1cVJkTXYzaVhCWVJuTzMzOWthYTFIdnVndlEzcVctLVFfRDlRUnlzbVV1eFlqaU9RQ08yaExGWDlYLVZDQWpuMDcxV09kS3liMGR4cWwtWmRLVmRCSFU5YTVJbm9LY1REYi11TE1lM1B0ZmM?oc=5
2026-03-11	Google	0.0	Recall Alert: 2012-2013 Buick Regal Turbo, GS - thetruthaboutcars.com		https://news.google.com/rss/articles/CBMiowFBVV95cUxPMVdvS00xbVR4TmM0N2xnN0hwOWhJdURuSFF6d0dXNGdVNlRrSlhvU3ZVX2xZdU9XblJlalZiWVBHRUtZVEtEaWdzWVltRWZKNU1xeGxJQnV5U0RFeC1NcDVMMVIxemxwa2xnSzlnR2lJU1ZHZTk1YWhSMmNDd2IzckJnTy1PRVozdFhBZ1BIQl8zbXlCOXAybkY4VUd4YkhRMUZj?oc=5
2026-03-11	Google	0.0	RedPenSoft earns GS Grade 1, targets Korea supply chain security market - CHOSUNBIZ - Chosunbiz		https://news.google.com/rss/articles/CBMiekFVX3lxTE8zVXpZT0x1VkFDXy1Rbk5TZHhWRFhxQ1c2SGljUG8xUWItRDRXZmtzQ0hGS2dDeHFRTFRjVlRaMVR3UmxzWmgtRVJFU1FxaFd1RktSRXFEWUp5bkVzakpFcy0wczk5TDZkZDFVYlplcllGZ3RORWQ4dFFB0gGOAUFVX3lxTE5mR2swZGQ2U2dfMGhFbHZmNFNsR28ycmRNTnlPRVVRblNsQkVSZnhmQW9iMWRVUDdIcGc1OTVjYWJzNmlDZTlSZmh3Z2toVi03cWw2VWVCNldTYWpTWnhiUTB4VVNWS1Fndl9aZ1BESm1pS0RlOC1YMU1MbUhUOHN1UlBPeWFxN1J5ZjNOQ0E?oc=5
2026-03-11	Google	0.0	The Goldman Sachs Group, Inc. $GS Shares Sold by Franklin Resources Inc. - MarketBeat		https://news.google.com/rss/articles/CBMiyAFBVV95cUxORGJMYVNtUFVlbXNoRENEMVg5dE40dmFEWkFiU1YxTFZsX2lKM0hWdlVveVhqa1IwMVc4YlRtOHFhUTdVc3R6YUI0OEtyTzRpMlltU1hBSkl5UXNWVmxmM3h0RG5NM0hUTE1OclRlNHQ5N1hOclVQdTFsY3RadnJmaGlIaGtJTTJwUFd1aV9IVlI4SmhTRlJiVjhWaUt0UnJyMGhfMnd2ZUpjdTNYTkRLeEI4NmdGTk1FWHpVVl82YUJ5Z1dLalMyZg?oc=5
2026-03-11	Google	0.0	Thunderbirds Take NASCAR Drivers to 9 Gs - Autoweek		https://news.google.com/rss/articles/CBMigwFBVV95cUxPMVA3aGJ2cXZqdHFvN3ZBdTAtMThBVV9uSmRKZmlGamJ4QjRUbDQwYk1Gb1A2X1dIQ0JPRFFranRJUE1UZVhwMGFNUXFEVExTRGNTak9wWS1NZmw5T0VDLUZrd3RWOFluYzg2ZXRJQndIb0xVUWZBaDZOV2MyRW9DZURzRQ?oc=5
2026-03-11	Yahoo	-0.004	3 Financials Stocks to Consider Right Now	Financial institutions play a critical role, offering everything from consumer banking to wealth management and specialized financial solutions. Still, investors are uneasy as companies face challenges from an unpredictable interest rate and inflation environment. These doubts have caused the industry to lag recently as financials stocks have collectively shed 11.5% over the past six months. This drop is a far cry from the S&amp;P 500’s 3.1% ascent.	https://finance.yahoo.com/news/3-financials-stocks-consider-now-144513910.html?.tsrc=rss
2026-03-11	Yahoo	-0.033	Arevon Closes $920 Million in Financing for its 1,200 Megawatt-Hour Nighthawk Energy Storage Project in California	Arevon Energy, Inc., a leading American energy developer, owner, and operator, today announced it has successfully closed a $920 million financing package for its 300 megawatt (MW)/1,200 megawatt-hour (MWh) Nighthawk Energy Storage Project, currently under construction in Poway, California.	https://finance.yahoo.com/news/arevon-closes-920-million-financing-120000986.html?.tsrc=rss
2026-03-11	Yahoo	-0.071	Wall Street Is Optimistic That Worst of Software Wipeout Is Over	The S&amp;P 500 software index is coming off its best week since May. The widely followed iShares Expanded Tech-Software Sector ETF, ticker IGV, just posted its strongest week in 11 months and is up 13% since Feb. 23, when Citrini Research rattled the market with its dystopian vision of an AI future.  A Goldman Sachs software basket is trading for 22 times forward earnings, compared with 21 for the S&amp;P 500 Index.  Over the past decade, the basket has traded at an average multiple of 52, whil	https://finance.yahoo.com/news/wall-street-optimistic-worst-software-104059646.html?.tsrc=rss
2026-03-10	Google	0.367	Lexus' Brilliant BMW M5 Rival Can Be Purchased For Less Than $50k - CarBuzz		https://news.google.com/rss/articles/CBMic0FVX3lxTFBiY1FXMTF6NHF2OFJQR3BTaEtPMEFqbEVGR01DbXg2LWJKQ2NyZWRXOTdlTGNoaWtVZXIyV204cEU5RkxfZ1FzWHpadF9IWkRSWEhVUFFBMHA4U2htVllneXB3R1N4RkRLbXM3Tm5XcDFDSW8?oc=5
2026-03-10	Google	0.3	Golden State Warriors vs Utah Jazz Odds - Monday March 9 2026 - Odds Shark		https://news.google.com/rss/articles/CBMifkFVX3lxTFBjZUZ0OG9YQ2VIeUhpM1pxWk5YTkVacHgwalVlb2tTcGpYLWVCczhxNm1NNlY2MGNvYkFPOWIwTUhiUkRfaWlmYVpNMWJUUnNBLW50a0Y4NkhWQVR5SXlTVkRMM29LLXRnX2dQQmk0TzZ4SkdEMm1BaDJlWUt2QQ?oc=5
2026-03-10	Google	0.3	N&N SP's control network security monitoring solution nNetNDR V2.0 wins GS certification - 디지털투데이		https://news.google.com/rss/articles/CBMiygFBVV95cUxORF9KQTFpQTZIN2NpaGFGXzBuSnR6eGxXVzRHVUVPSWR4eW1fYUJKWV8xRHJZcWptM1RwUENJQ0JtVXVrREt3M0Q4MklpTk1zUlFGcWk5cnVlb2toQWlKYU1wODJJX1VWWmVJOU41TXdVVnZWUE92b19kZTRqQ3U3V0RraW9TYzl6WDVzYmZkZzlVZzZ1ajdROG9Yc1lCcm5oYXJIQ0taajBXM2JETmFmSFFaSjVtbUhIdHh4bG1BV3FEbldiY2dFdkl3?oc=5
2026-03-10	Yahoo	0.242	How The Hasbro (HAS) Story Is Evolving With Gaming Upside And Tariff Shifts	Hasbro's fair value estimate has been nudged from US$113.38 to US$114.50, a small move that still matters if you are tracking how the story is evolving. Analysts tying this adjustment to stronger than expected Q4 results and a 2026 outlook that leaves room for gaming and entertainment upside are helping shape where expectations sit today. As you read on, you will see how these shifts in price targets fit into the broader analyst narrative and what to watch next. Stay updated as the Fair Value...	https://finance.yahoo.com/news/hasbro-story-evolving-gaming-upside-090934923.html?.tsrc=rss
2026-03-10	Yahoo	0.226	How The PWR Holdings (ASX:PWH) Story Is Shifting Around Premium Valuation And Growth Assumptions	PWR Holdings is back in focus with analysts setting a price target of A$10.40, supported by an updated fair value estimate of A$9.72, compared with the prior A$9.16. Bullish commentary centres on the view that this A$10.40 level fits the company’s medium term growth profile. More cautious voices highlight the limited room for error baked into that target. As you read on, you will see how these differing views shape the evolving narrative and what to watch if you are tracking the story...	https://finance.yahoo.com/news/pwr-holdings-asx-pwh-story-151354338.html?.tsrc=rss
2026-03-10	Yahoo	0.2	Amazon Prepares Massive Bond Sale For AI	Funding tied to huge AI spending push	https://finance.yahoo.com/news/amazon-prepares-massive-bond-sale-195720245.html?.tsrc=rss
2026-03-10	Yahoo	0.145	Former Goldman Sachs CEO got into Harvard University at just 16 from public housing in Brooklyn—and says higher education is still the best way of breaking into the middle class	Lloyd Blankfein, the former CEO of financial giant Goldman Sachs, says education is the “real accelerator” of wealth and success—hitting back at anti-college leaders like Peter Thiel.	https://finance.yahoo.com/news/former-goldman-sachs-ceo-got-154013267.html?.tsrc=rss
2026-03-10	Google	0.136	Goldman Sachs (GS) Introduces New Derivative Product for Hedge F - GuruFocus		https://news.google.com/rss/articles/CBMiqAFBVV95cUxPVGtFLXN3WmtQZVpEUHAyekU0U254T2FCRFNaRW1fckxZVVlxZEhxTzRpNmUxUFk5cHNhNHdjWk8tQ0xYMEVQdThwczU4TlpsbkJCRXJESC1MVzhZRFVjMG5MUXRkVWNvaW1LY2otZzBUZ0JObHhkNlljTlhzSmpCSGxxQ05pdjdGbnpZanBsY1dwZ3gtTktNRzdtZFpVb1ZlaXBWQ0xhTno?oc=5
2026-03-10	Yahoo	0.125	Participation notifications by The Goldman Sachs Group	Press release Regulated information Brussels, March 10, 2026, 17:45 CET In line with Belgian transparency legislation (Law of May 2, 2007), The Goldman Sachs Group, Inc recently sent to Solvay the following transparency notifications. Here is a summary of the notifications: Date on which the threshold is crossedVoting rights after the transactionEquivalent financial instruments after the transactionTotal February 27, 2026 0.14% 7.46% 7.61%March 3, 20260.16%7.52%7.68% The latest notification, dat	https://finance.yahoo.com/news/participation-notifications-goldman-sachs-group-164500786.html?.tsrc=rss
2026-03-10	Google	0.107	The Return of the “Smart Cookie” Challenge with The Girl Scouts of Southern Appalachians - Hits 96		https://news.google.com/rss/articles/CBMirwFBVV95cUxPRG1JNjJxbzRWM3lXOXp6VFBBMG5vQWV0aGM0Tk5FbDEtZVNGUDZGMVBjNUJWa2IwLXZld2o5dU5hLVc2LWtKcGQxaHVNSG9BaEpYTkRaaDFYT0c2Z1d6azJrWUZWaUg5TWRhdlEtLWNqUjR2N21QdnVaUk9TRWt1eTk1QVVfOWhrMzVXMXFqbnRoRVkzRlNFWWY5WGNCc25pNmhtcXR5NC1qWGd4MWpj?oc=5
2026-03-10	Google	0.1	GS Shop announced on the 10th that it has completely reorganized and opened its partner system for t.. - 매일경제		https://news.google.com/rss/articles/CBMiU0FVX3lxTE1fNjZlUTlad0llN3VWaGVCSk5FVGhHQWttcXc3RkpxZFpTSHlTZG5TMm50UUk5d2ZzNlJGWkpCeDlnMzB5S2dmaS1zMzJsVmhweGxR?oc=5
2026-03-10	Google	0.0	Air Jordan 3 Spring Flowers GS - Apr 2026 - II0599-600 - KicksOnFire.com		https://news.google.com/rss/articles/CBMiakFVX3lxTFBKNlJ2Nk9oRmVGNzh2OFJ5ZWkwR2NxVmtIemk0c2hITEZ0eXlrZDdVRmMzNDdzUHAzclRNa1JFYmxWaFVfYWNCMzdPX2tJTjhaZnVDZTRqMjM3dEF2VUdUSFVWTmpiMkhSX1E?oc=5
2026-03-10	Yahoo	0.0	Amazon Targets $42 Billion Bond Sale	Tech giant launches 11-tranche offering to fund AI infrastructure expansion	https://finance.yahoo.com/news/amazon-targets-42-billion-bond-201016843.html?.tsrc=rss
2026-03-10	Google	0.0	Analyst Expectations For Goldman Sachs Group's Future - Benzinga		https://news.google.com/rss/articles/CBMiuAFBVV95cUxPdjJ0N3hzVV9SWDNkbExiQlBZcFc3M3Q4QkdJRXlOd0VHSFg1WXZWaXZsSFh0YTVRVFBIT3YwUHlzelFUczdTdE9aTXR5dFZ5aGZGYXBFcEhybnZCQ3U3bFVmNGY4LTZkRnRWZzR3OEF1bVBKbi1qUUxFSzBpNlpXU0tPQlhsdXlOYkhCQWtxX2dHR3oxTzdSQmhjMzRfaXFoa2x0YkNxZVZ1d05OVmFtd0ZRYnh6bV9p?oc=5
2026-03-10	Google	0.0	Capital International Sarl Grows Position in The Goldman Sachs Group, Inc. $GS - MarketBeat		https://news.google.com/rss/articles/CBMi0gFBVV95cUxQV09JOFlDS014dmdBZjdkWExudXJ3dmpydC0yWEJSX0t3SmZCMHpUMzdhOVBhd3dEUHc5RWFMLXloV1FUbC1CeGhwdVdZVHVZZkdlczJKblFfbEdERWw5cVhxLU8wb0FUaGlwRDk4cWFVV3hfS1F5Wkt5R3lxejlyNXl2V21PS1poUXZ0Zjh0T1ozVlljc0lmQ0JTdDFDa3BpMmtuNW9mNFhjVHVzUmlWRjBRT2hmX29wcHAwaEZYV1JOb1cwNWlYSTNDaDk5UkY3SUE?oc=5
2026-03-10	Google	0.0	Capital World Investors Sells 137,372 Shares of The Goldman Sachs Group, Inc. $GS - MarketBeat		https://news.google.com/rss/articles/CBMi1AFBVV95cUxORDRZMUhsU3dIOW5MSmE2OWxCc0RuaTI1ZENvQXpGOEJFLVdOWlZ4ckNRUTlyUHVxeFVRNTZ3XzIzTlJiaUJkRmZMSnFhLXNqOTZPOTZQUGhBb09sZEJZZDNha21QdFZnQ2RJOXdFS3hBUnhjM0lpRHZkaC1BU1VZVjZFZzMyX2t2dVMxQVJfZmVoY1lZc1Q3bHV6T2hCUXJJTllobHY4OUJJZ2ljUk9ldWE3NFB6aFNMRVpYUDg4WHNacEJLX01TdEI3MHZXSFVGY2Y1Qw?oc=5
2026-03-10	Google	0.0	Eco-Friendly Plant-Based Amino Acid Fertilizer For Organic Gardening Announced - markets.businessinsider.com		https://news.google.com/rss/articles/CBMi0wFBVV95cUxOMEJVVG91SzQ0M0RxUGJOUEE2TXRkdmN1dFptUTJ4eHBzTWhRaDRmbVZlQmdXaWp0ZmdoeXdQM25ieDlTZkR2REFlZGFoUG5pV29QUC1obFhVeDlTellnc3RrSFJSSVBNNEw5X3BLQXZEOHZSNTU4N0VDOE9BLVItRGlhRWthWjd6cVdGNndPNUZkcC10WjNtSUhrWXBjN1hLdUc4aEk2aXotMk1OcHNzVlpXSjJHSC1YaFhIRDYyY2JvQkpISjZ6ekN4WGxSMzBVNmU4?oc=5
2026-03-10	Google	0.0	Fair value of crude prices is in the low $60s without the Iran shock: GS - Investing.com UK		https://news.google.com/rss/articles/CBMiwwFBVV95cUxOSUxZNk1xNEpMcDdjWVVrZllPWldSZEJjOGZtbFZqeGtiUW1jZEt2MFhWMW1tZ2Q2dEpQc29QV0xYSUJPZ29weklvQVlzWGNqSzA1TF9IZUczcmJpS1FtZG9fMFdhMi0xVGpUOGU3bk1Qa3NQeEdtZkt0NWhReUtaV3Q2V1pBZUxwallmbzdqLTRkWWk3cjZKTUxTUGc1aFJUNW1NQVUweW4wMUtOV3J1a2g0cGo5SmxTaUZ4WEtLbi1ndkE?oc=5
2026-03-10	Yahoo	0.0	Former Goldman Sachs CEO says DEI programs are ‘counterproductive,’ arguing ‘you’re branding the people in that program’	Former Goldman Sachs CEO Lloyd Blankfein thinks some DEI initiatives are self-defeating.	https://finance.yahoo.com/news/former-goldman-sachs-ceo-says-073800080.html?.tsrc=rss
2026-03-10	Google	0.0	GS Holdings Says Unit Entered Into Facility Agreement For Aggregate Principal Amount Of S$33.5 Million - TradingView		https://news.google.com/rss/articles/CBMiggJBVV95cUxQNE1QNDhzQUJpWi1ENE1TS3dRWkNyYXBTdjN5dTNzZFFXQTdPYXE4WUd4YWhoeVNqb1lPTmQyZnJJWExaMWp1dGg1UFBJNFE0cnFZdlJEbnZFd1M2MnYtNjV2RGlRd3kwU1FrRTZ6SWRnd1Zfb1FoZWVyamhEakdGbnA3MTFQWkdiWFgyNG94bE1XR1ZBbDNJWkxGejhtNU1ZMTBPRTFCWmx4Z1NRbWp1MUttZEFYWmRaMzg5bThZYUNPdkxqSUh3VFhfbkhOMHNHSkZKc08zRktDM0R6bTNvV1JubWhYbjU1MHJTenU3WW1JaktkQVpkT055SFhGTkZBQ3c?oc=5
2026-03-10	Google	0.0	GS Holdings Secures S$33.5 Million UOB Facility Backed by Share Pledge - TipRanks		https://news.google.com/rss/articles/CBMivgFBVV95cUxQTlVaNUo2bDlJMlQ0VXdoQ1VZbjVKQi1USTVuTHBZRnJzQ0dOWWdmMUtReGE0RDVJRW5LX1ROcWRYdnhlY1JHaWF5dGpFb21rVXBpaWNOVjZJQTR3dEhGQ3RCUjJqcVljX29uc3ZiNkVEZGFuNG93MzdzOXJacXVsdEw1U25wQThDcDFtR2JObDdCQVRDT1FsbmFXN05BZnFuQnAtd3lxdU1RX3JIX1dFZ2FTaEpFdUo3a0M4Q0tB?oc=5
2026-03-10	Google	0.0	Goldman Sachs (GS) Analyst Rating Update: JP Morgan Raises Price Target | GS Stock News - GuruFocus		https://news.google.com/rss/articles/CBMivgFBVV95cUxOYXNzMm5RWmE3b0Z6ZkNIM3czSGZaZEhzUVBYXzNuWU5JUTluTVdGN1MzdjJIMXRqbEw0c1lNOXJMZzc5UVNucGdpZEpraTVkUTYzSHUyTWZNYVBuRFI5dTZ3REJHbnVBZzhOY3RTdExjcW1PSFZBOVJyNEZoMmZYR3BabV9FNmVvSktmU05PSEk3VUlLeXg5UjJUMDFPd3FtU0E1S1UxZkZnMXVLRl94N0M3aFY1NmFSdko5Vlhn?oc=5
2026-03-10	Google	0.0	"Goldman Sachs (GS.US) reportedly marketed corporate loan derivatives to hedge funds, enabling ""short selling."" - 富途牛牛"		https://news.google.com/rss/articles/CBMitgFBVV95cUxOck02VG5sd1FtYmVSSVlTWURvLURsRnlPdHpWYjdIYWd4UFFScjVIOFJOT05JNlByMWs3Y1VJa3k1UnRURVlHLVk1V3Fwc0tMeEtxSTZoSmRORDNtM05ISDVhNFZpd1RBaUJRYVVzMEZqYzdRWlU3UndMTktGbm5MYlJrZm8xckI0MmRLdExrQ3F0dGRGMzhfcFQwUXZDeGNQM3dVeC1aVGtjS3lfcEJ2c3dsaXI1QQ?oc=5
2026-03-10	Google	0.0	JPMorgan Chase & Co. Boosts The Goldman Sachs Group (NYSE:GS) Price Target to $826.00 - MarketBeat		https://news.google.com/rss/articles/CBMiywFBVV95cUxNYmwxSjE2Q2pUVzdfc1J1TkNfei02SEdXWERZTm1RUTluNlhwaEplWTlVd0dCd3BHR2xFX3VBRVRDXzBfdjFvNnlfb1FrRGl6bmQ3b3h1VDBWMHpvdkJpeEo3czZESm1yRmJ6bjBuM01Yc3YyUHVtR1pQU05mT2xlejNjNTkwX2w0RTlPNEdYelhCcGxuMjlmM25HZ2I2a2NuUWlhVFNwUExUZG52LW5nR1pxc1BzTWJQQ2Z2czBCZ0FqWDR0dm8tWVRhMA?oc=5
2026-03-10	Google	0.0	Michigan dairy debuts first-of-its-kind retail milk vending machine - Huron Daily Tribune		https://news.google.com/rss/articles/CBMijwFBVV95cUxPMGwxTjFMT1RmR3VfalhGeXA2RDJhY0VxWU9nZ0FacDcxTFVSUlRqWUFmTUhjM3kxSldicWJlM3FzVWZkVk1TX2NuQmhxcWZrM0Q4NTNvb1hvUW5jNVJtWXRpQzlzQ3h2N2wyZk90RVIzNGZhRlk1a1ZDWUNsTHNqdjluSEFpMFFFSWpEaXFXbw?oc=5
2026-03-10	Yahoo	0.0	Sallie Mae Enters $200M Accelerated Share Buyback Agreement	SLM enters a $200M accelerated buyback with GS, part of its $500M share repurchase program through 2028.	https://finance.yahoo.com/news/sallie-mae-enters-200m-accelerated-174400207.html?.tsrc=rss
2026-03-10	Google	0.0	Up to $20k in water grants for GS and Wheatbelt farmers - countryman.com.au		https://news.google.com/rss/articles/CBMi9AFBVV95cUxQZG43QmdPajRUcXFiNzdwRjBMbk9laXJvMVBBOWx4YjZNbmxRMkJqRVZYZFUxTV8tQTRSRG5TbWdqOVJZUHVxMmFEUGxZaGxmVjUzdVF1T2w4NzZQUHdMY290cTVubWYyTEFqeXFXVFY2RDBSSFRRYUx6RGg4MVdfSHBtdDJfd05ZUkZmVnNjZnFDZk1INkRQTFZmbzhwVmNNWGhxbHp1cjQ3ZjNrNXlUdGhVdEhyZVJwT0VoQjBrSlR0NVBqSFJIVEN5aEEtdWUtUHJrQnhNT0hJLTRBOVc0UWNyMmNUQW14dGEybjRzVng3Ymtz?oc=5
2026-03-10	Google	0.0	Vestcor Inc Acquires 1,789 Shares of The Goldman Sachs Group, Inc. $GS - MarketBeat		https://news.google.com/rss/articles/CBMixgFBVV95cUxPTDZxMVRCaGZVR1Ztdi1VZi1KMF8tdzRUUURyZUVqS1c0SlFQR0FBbXVPZGU4aFA1bkh3OEVvTlRoME1yc3V5eUtkd1dZeWZFa2xuZFp4ZklvbF9Vc0VEVnUwbmdiOWZzbmRua1F4VEM5NXpRM0F3QmxOZWQ0LTVvWllXdXJVMlVWaWFWcXhaUENURmhGWlg1NS12NlhHWlhvTjVObTlRcFowZzlIYTdTcEx2UVllZjlDS3diS2hwSG1zcC14cnc?oc=5
2026-03-10	Yahoo	0.0	Will Morgan Stanley's Strategic Collaborations Drive Long-Term Growth?	MS expands growth strategy via EquityZen buyout, Zerohash crypto tie-up and others, aiming to broaden markets and boost its wealth platform.	https://finance.yahoo.com/news/morgan-stanleys-strategic-collaborations-drive-172400061.html?.tsrc=rss
2026-03-10	Google	-0.05	Golden State Warriors vs. Utah Jazz Odds, Betting Lines, Expert picks, Game Projections, DFS Projections and Player Prop Projections - Monday 03/09 18:00 PM - SportsLine		https://news.google.com/rss/articles/CBMic0FVX3lxTFBuVTZtMHhLZEJ4ck5Ed2s5aTU4VERYTWkzWXNvM21IbGJHRFZieU5tOFo3dERLRmpac3VnWHVXM2UxMnhnQUhlaUl1eE44dk1felBmV2lHQmVMaHBWU1h4d1pENWJFM201Szc5akRyV0o0Ujg?oc=5
2026-03-10	Google	-0.05	Vikings Agree to Terms with Long Snapper Andrew DePaola - Minnesota Vikings		https://news.google.com/rss/articles/CBMiekFVX3lxTE5xSHByMFJWZ2tLcFg0aktzbW4tb1A3dl9uWnlrQk5XN3FmbjZoM1hLcnBDQ2lJallzS3M0anhObnlDaWJrM2xpd1UyVVRPUHk0UXF2V2FvQ1VnZVdaTmNIVTlyUnBxMTlQUWNSWHN4djRjYnpsNGxzLUtn?oc=5
2026-03-10	Yahoo	-0.067	Goldman Sachs now the largest institutional holder of XRP	Goldman Sachs has quietly become the largest institutional holder of spot XRP exchange-traded fund (ETF) shares. Data shared by Bloomberg Intelligence analysts suggests that while Wall Street firms are beginning to accumulate positions, the real driving force behind XRP ETFs may still be the ...	https://www.thestreet.com/crypto/investing/goldman-sachs-now-the-largest-institutional-holder-of-xrp?.tsrc=rss
2026-03-10	Google	-0.1	Draymond Green gets real on financial sacrifice to stay with Warriors - ClutchPoints		https://news.google.com/rss/articles/CBMiqwFBVV95cUxNMU9TcGFMY1Q3UEt5SElVTjFtbU03aHNvN1hfS0pERUxmMmZ0NE5nT1ZGa3lqUFpIV0UtTDRZRHQ5ajJOSnkzbWFIZ2h3Smllc1BRNHM5eGVLcUFKcUMxNHEwNHlHV0pDb1BfcGZMdkRlU0ZQaGtsdzRiZi05Z1Q0MmxHWFVmSWZBU1pCY2hOc2NVd3lYenhWRTBoTHg5dElfaGtMUmotR1FidjA?oc=5
2026-03-09	Google	0.75	Astro A50 best EQ settings: get the most out of Logitech G’s high-end headset - The Shortcut | Matt Swider		https://news.google.com/rss/articles/CBMiZ0FVX3lxTE1jbGtKWFlIcGhmTVA0cjQ2d3NNTUwzRlg1UEVxOHZITlJFNUxFcE5ZdFhZVHVMRWcxZkRsVzh4WlZ5anJHbVIwZmNhM3lfN21UMl8tQlBIN2xKaTNpdHU5cEtlR2Z4UnM?oc=5
2026-03-09	Yahoo	0.6	Investors Offload Bonds on Inflation Fears as Dollar, Swiss Franc Gain	Investors sold government bonds and the Swiss franc rose to its highest level against the euro since 2015 on safe-haven demand.	https://finance.yahoo.com/m/43180ee0-8a48-3266-8132-2dc91e1aa2b5/investors-offload-bonds-on.html?.tsrc=rss
2026-03-09	Google	0.5	The ADV With The Longest Range In 2026 - Top Speed		https://news.google.com/rss/articles/CBMickFVX3lxTE9FQksyVkRjOUJlMjhDWWMyOVhtR08zUDRkUDFDOFZMZVpmU2UtanYtcUFjanZ1bHJQaktob2dSWExOSEg4V2lSaWMxQlhUWVdGR0xoSlMzQndxakI0elNhMWNaaFg3R28yejN2dVJaaXJWZw?oc=5
2026-03-09	Yahoo	0.375	Transparency Declaration Notification	Regulatory information In accordance with the requirements of Article 14 of the Belgian Law of May 2, 2007 on the disclosure of significant shareholdings in listed companies, Ontex Group NV (“Ontex”) discloses the notifications of significant shareholding by the Goldman Sachs Group, Inc., that it has received on March 3 and 4, 2026. On March 3, 2026, the Company received a transparency declaration confirming that, on February 26, 2025, the Goldman Sachs Group, Inc., detained 358,662 Ontex voting	https://finance.yahoo.com/news/transparency-declaration-notification-170000301.html?.tsrc=rss
2026-03-09	Yahoo	0.338	Goldman Sachs Lifts PT on Vista Energy, S.A.B. de C.V. (VIST) to $66.90 from $53.20	Vista Energy, S.A.B. de C.V. (NYSE:VIST) is one of the best oil stocks with highest upside potential. Goldman Sachs lifted the price target on Vista Energy, S.A.B. de C.V. (NYSE:VIST) to $66.90 from $53.20 on March 4, reiterating a Buy rating on the shares. The company announced financial results for fiscal Q4 and the full […]	https://finance.yahoo.com/news/goldman-sachs-lifts-pt-vista-070701280.html?.tsrc=rss
2026-03-09	Google	0.3	Chicago Bulls vs Golden State Warriors Odds - Tuesday March 10 2026 - Odds Shark		https://news.google.com/rss/articles/CBMigwFBVV95cUxQYlBZV3NYbktGTENtdjNSOG1oT1FJa0ViX1doemJPeFdWVE1rbUZnUERVUkVDQUstbjJyS0RKcXFQMko0U2Vud1k4eVUxTnMtTXYyaGQxejRQeW80VEpla0NhdVh6cEpSY09DbUFMZUpPc09jYnRFWHo4bmFmaDc0OW1FYw?oc=5
2026-03-09	Yahoo	0.288	How The Evolving Narrative Is Reframing CVC Capital Partners (ENXTAM:CVC) Valuation Potential	CVC Capital Partners is now covered with an analyst fair value estimate of €18.79, a small adjustment from the prior €18.88 target. Supportive analysts link this tweak to the latest conviction list inclusion and updated assumptions, while more cautious voices highlight what it could imply for upside versus risk. As you read on, you will see how this evolving narrative might shape the way you track CVC from here. Analyst Price Targets don't always capture the full story. Head over to our...	https://finance.yahoo.com/news/evolving-narrative-reframing-cvc-capital-040646856.html?.tsrc=rss
2026-03-09	Yahoo	0.183	Goldman Sachs Lifts PT on Weatherford International plc (WFRD) to $107 From $83 – Here’s Why	Weatherford International plc (NASDAQ:WFRD) is one of the best oil stocks with highest upside potential. Goldman Sachs lifted the price target on Weatherford International plc (NASDAQ:WFRD) to $107 from $83 on March 4, reiterating a Neutral rating on the shares and telling investors that while geopolitical risks may create near-term challenges, early signs of dislocations […]	https://finance.yahoo.com/news/goldman-sachs-lifts-pt-weatherford-075942315.html?.tsrc=rss
2026-03-09	Yahoo	0.162	How The HELLENiQ ENERGY (ATSE:ELPE) Narrative Is Shifting With New Analyst Assumptions	The recent analyst update for HELLENiQ ENERGY Holdings includes a revised price target of €36 per share, alongside a fair value adjustment from €8.80 to about €8.89 per share. This shift lines up with a move from a Sell to a Neutral stance at a major global bank, as analysts reassess how current pricing reflects known risks and relative performance versus peers. As you read on, you will see how these price target changes fit into the broader, evolving narrative around valuation and risk for...	https://finance.yahoo.com/news/helleniq-energy-atse-elpe-narrative-231125683.html?.tsrc=rss
2026-03-09	Yahoo	0.136	Schellman secures investment from Goldman Sachs Alternatives	Schellman noted that the new capital infusion will support growth and expand its capabilities.	https://www.internationalaccountingbulletin.com/news/schellman-secures-investment/?.tsrc=rss
2026-03-09	Yahoo	0.054	Direct lenders take the keys to 146 European companies since 2017 – Goldman Sachs	Some 146 companies involved in European LBOs have been subject to debt-for-equity swaps since 2017, according to a report by Goldman Sachs. Since 2021, more than 100 companies have ceded control to lenders. The report — which provides insights into the stress and frequency of lenders taking the keys in Europe’s direct lending market — said that while headline default rates in both the private credit and syndicated loan markets remained at roughly 2% in 2025, this reading understates the stress t	https://finance.yahoo.com/news/direct-lenders-keys-146-european-151608433.html?.tsrc=rss
2026-03-09	Google	0.045	Govt Buys Back Rs 6,309 Crore In G-Secs, Issues New Bonds Via RBI's Fourth Switch Auction - NDTV Profit		https://news.google.com/rss/articles/CBMiywFBVV95cUxNeWoxWXhBRmpHVFU1MVAwZnV6UTN5ZEtEMlEzNjRvQW52RFZ1cTktV0lBR1R0WGN2ejZ0blFxa2dpSHVmZFAzaUJ0RWl4N0xVZVZLVzFXZlBzaEhoNnlOLUVDTUMxTG5mbUtJamlLelBEcUxLRmpoNUhreXhMcENBaUhwbF8yMThiZ0VDVkpuM0IyblBvTl9NSWtwVjRzMGM2YXZBbmxZbFpjdFlYZy1xckFiZXpqc3h2MDVDNDRtVS1EOFFWTERROU5jVdIB0wFBVV95cUxQdzFXWUZUdDllVkt6bmMxd3dLcm51NFM1ZWRuR2gxTExhdnRQaEpZZU5ncWNjaDhocHNBLVV4QjU5N0ZTcXNGYkNCSFlaRWR0YjlDV3FnN3FXR29zaXJNMmlGcElZZjRJNmh5ZFVWcElQYlFGdWV0QnQxZlpkbXJqcG9tSFB5X0QxcXFsc2RXbnhEM1dRckZnNksxaV8yRFNic0pDSm1CSFU2ejZLRFc0bmFsdDk4eXFidnVRby15VzRGcm5JVW44SkdIektLSC1UcFRR?oc=5
2026-03-09	Yahoo	0.034	Goldman pitches hedge funds on strategies to bet against corporate loans	Goldman Sachs has pitched hedge funds on strategies to short corporate loans as investors look for new tools to bet against the debt of enterprise...	https://finance.yahoo.com/news/goldman-pitches-hedge-funds-strategies-210001528.html?.tsrc=rss
2026-03-09	Yahoo	0.002	Goldman pitches hedge funds product to bet against corporate loans, source says	Wall Street investment banking giant Goldman Sachs is pitching ‌hedge funds a financial product that allows them to take ‌a short or long position on corporate loans, a source familiar with the ​matter said.  The product, known as a total return swap, is a derivative contract that allows investors to profit from changes in market value of the loans, the source said.  The Financial Times earlier reported the news, saying the Wall Street bank has offered clients complex ⁠trades that would allow th	https://finance.yahoo.com/news/goldman-pitches-hedge-funds-product-232859478.html?.tsrc=rss
2026-03-09	Google	0.0	$120M battery farm aims to power 95,000 Texas homes at peak - Stock Titan		https://news.google.com/rss/articles/CBMiuwFBVV95cUxQeW1SZ0lXdEwyOTZ3TlozM0VRVFRuN0lSangyTHZfbmNjY29xUzkwZEtxbjBSTlVoWU9mSXM2R2liUmlqMFI2alNad3h5d21KUExHZWNjQlVJTWFwbkRxdFk3ZzR5WTZqQk9pel9wdEdOQWlySl9VVDZ1aFRKRU1adlZUeUlRUUNRdlRNa1l4XzFCWDBNZ1NHQW1lZ3VjZjF3MnNadWJoUUhEYkg5anl3VERydlR2VG9YTWRF?oc=5
2026-03-09	Google	0.0	Diversify Advisory Services LLC Sells 2,085 Shares of The Goldman Sachs Group, Inc. $GS - MarketBeat		https://news.google.com/rss/articles/CBMi3AFBVV95cUxPR1ZwNDFXNnJ5bmE2MlhqOEgzcmxrUVJHRjRnamZVb201REhhSDNaXzFTMVAyaV9hY2N2X2JlSFlrU1Z4TjJXRi1nTWkwUzdfVUttc2kzRzJHZkNwUjVMOFRLVFRBdkpwVjRRa2NNdTkxVXVGc0ZPMFd3blJCV1IyQzBRUHNPblRvREEtRF8wR014b21sOEtQSWR2UjZnZEZRUHNzVFFyZG84cTRTRGlpZml5aGFOaHRUUEJTaEktYVhabGtHRWV2UDJzX3Rwd0RYZTgzbFRhTTB3LTBF?oc=5
2026-03-09	Google	0.0	Form FWP GS Finance Corp. Filed by: GS Finance Corp. - StreetInsider		https://news.google.com/rss/articles/CBMirwFBVV95cUxOWXdCaHIzMkREa0tGbmNieDNmMW5pSzFKYXZUWlRocm5CMS1KalZKUHVkSTFwT2N3dTFNZG5OaEkySFVVSlg3OTJwdnpEX2VRTGZnbklKUlA1X2tmb3hwRGVWT0NaRXdxZE80YjRfLWdBSk5CelZBX25fR2htQmpTSGZWRllnczV4aldZUVRhZDZaZ2tPZGE0bXNEWV84X2NIQWV5WUJ3Qlh6Y2g4X2Zz?oc=5
2026-03-09	Google	0.0	GS Engineering & Construction will strengthen its cooperation system for shared growth with part.. - 매일경제		https://news.google.com/rss/articles/CBMiVkFVX3lxTE5rbXhHRXVSdFA4Tmhtd1VfZmNqZUpCVV9zdFVDc0lRUFp4ZDRlaGo5VVhURnAxUWZwU3NjTHBLdHloLWZ5aHhJUmJEemNWc1JuTGlncFFB?oc=5
2026-03-09	Google	0.0	GS Enhanced Income, Short Duration Bond And Government Funds Q4 2025 Commentary - Seeking Alpha		https://news.google.com/rss/articles/CBMi3gFBVV95cUxNbjRjQ2tOZzFOeEVoSDdaSUhmb2ItR3BaSzZiYUdlejBSR1N1ME01TmFLVFVGRk5YQkxwcVFzWmtFWUNIUVhtTnd6V0xZUkJuQ2ZCVm9RWHRyWEFZOVhGblgySmFNWFo0ZUgtX0Z1RW91X1pFZVJzeXZMSWVVZ0MwUXVJOE9TNWFHSlNYMDdGRXdtTHFWVjdIYjk0LTNxQVAzd0ItOU8tUV9VR3lZdHROUDY3Ul9sWGpaTEpicUpqM3lQRUttcFdqY1Vhd2JnZmE5NVpaU2RTWFBsWDZpSEE?oc=5
2026-03-09	Yahoo	0.0	Goldman Sachs Backs Schellman To Strengthen AI Governance And Fee Revenues	Goldman Sachs Alternatives has made a private equity investment in Schellman, an attestation and compliance services provider. The deal is intended to support Schellman's growth in AI governance, federal compliance, and digital trust services. The move signals a broader push by NYSE:GS into compliance and technology assurance as demand for AI oversight increases. Goldman Sachs Group, trading on the NYSE under ticker GS, is adding another piece to its broader push into technology related...	https://finance.yahoo.com/news/goldman-sachs-backs-schellman-strengthen-161330288.html?.tsrc=rss
2026-03-09	Google	0.0	Grantham Mayo Van Otterloo & Co. LLC Sells 14,402 Shares of The Goldman Sachs Group, Inc. $GS - MarketBeat		https://news.google.com/rss/articles/CBMi4AFBVV95cUxQZ012R1puNzQ0SlhyNGl4OG1SN1VrTjh2VERVcEMyY0dZTk14TTF2ek9BTTUyRU5XWmRTMjZHc2tTS2p6S2UtdnE4YThMYXpZM0FCbV9yQzZJTTNRcEQ3V1BkNnFaUXZoY3ROQVBGLTZJV1U3VWJ0cFBBZ1AwUnVXLU9pMlZ1anJES2YwQUtTSGlzZnJOT1J3VHFtMkFrMElPVzNCYjVnblJ5QnVwbUN0bW9xWVljc3F1dFZidWxkblFyc1BLY0lRSXhkaE5lMm9hdVh5dEJFbDBUM2hsb0JtUg?oc=5
2026-03-09	Yahoo	0.0	Hedge Funds Boost ETF Shorts 8.3% as Middle East Tensions Shake Markets	Goldman Sachs data show fast-money investors increasing bearish ETF bets while selectively buying individual stocks amid rising volatility.	https://finance.yahoo.com/news/hedge-funds-boost-etf-shorts-122946734.html?.tsrc=rss
2026-03-09	Google	0.0	LGT Group Foundation Has $26.36 Million Stock Holdings in The Goldman Sachs Group, Inc. $GS - MarketBeat		https://news.google.com/rss/articles/CBMi4AFBVV95cUxQU1A0YTV1ME5RcW9zdWRydVMyamp2ZTIyaXBYOEZFSXg3RmlyVXE5ZVRHd1cxdmpQd0NyVEFTb3p6QmNqYU40bFI4azNOOUdnaXZVLVZvZ1d5UFBzZGJUbnZ0RlE2aUdCdjNSNWNRRDh2em5ySi1sbDg4UkE0NWowTEQtd1B6QjdkU19KUUJwbXFCeEtkeEV3TUxRUzY5Z1d6ZFkwZXJ3QS03THM2VlNxdFg4bWJkQXN5blFOdHhwY2xqUHlNWjRCS0doRWFsXzJvdW1ZQnEtX3BxZWZySFdGWQ?oc=5
2026-03-09	Google	0.0	Vikings Awarded 1 Compensatory Selection in 2026 NFL Draft - Minnesota Vikings		https://news.google.com/rss/articles/CBMie0FVX3lxTE9Ubk92OHc3RDhrTFFvOUQ4OURpSjYxc2ZHdG1JQWdmbDNqZHNFYmhxOHZJb0Q3Q3FRNFBEZnM1bElha1AxRFVCZmN0Yjd5X1dWTkxrbloyZDh2MWk3OUs5dDRRMi1WRzVuTFY2ck1KVDJTRmVEOFVsbU45OA?oc=5
2026-03-09	Google	0.0	Will Goldman Sachs’ (GS) Expanded Bond Issuance Amid Geopolitical Strains Change Its Risk Narrative? - simplywall.st		https://news.google.com/rss/articles/CBMi4gFBVV95cUxPZ0hHTzVuRFA0Mk5uRmE0cG5kMGNZNFNuVDRhSVFJNFVsUEZjNTgwYjlVRGtzazBkMldiLWRvczVpaEtTYU9nRTl1NmV6ejVBNUtLQXEtMWVNTEZOWFBCaXJCcDJPeEtJRklrSTkxTzUxYTVVeVlSVGdYbXpGeE9PejEtcXBnZmx0LU01OFRhRzFoZHR4ZGtOWG1KRy1XSjJVSEJaX1dSX0ZzbmozdUFTSVJmcFNJQmZSOHJiMU0xMG15bEhYNTRUY0lYcFI0NGZ0RmtvRnJkUEpTX09IMnBPQW530gHnAUFVX3lxTE5oTklZQi1YSVMtS0hQbVRUU2loSEw4b3RNODFUQnBJM1g4UnZ2MkVOOEw1UlpwWEo1VXFwN0xnVkR0ZmNUbXQzemY0dFdqMlRSNGMtZTJ4Y2ktUDVnYTNSM1VIekRPZ1F3QzhKeUotV1E1WWEyc3hVN1NRSll5YjVXWXltOEY1VE44dE5PRDNrSnV1YjBiS1BpSTlra1FrSkdkQU1QQWhYbjBvcWI0S01oMnNSTlE1X0hVbjdtNkVjNXFzMDZGWkNHQzNPSi0xNmk3cjgtLWlqNHVyZzE3TS01bG41LXNhdw?oc=5
2026-03-09	Yahoo	0.0	Zacks.com featured highlights include Intuit, Goldman Sachs and Octave Specialty	Intuit, Goldman Sachs and Octave Specialty have been highlighted in this Screen of The Week article.	https://finance.yahoo.com/news/zacks-com-featured-highlights-intuit-075700738.html?.tsrc=rss
2026-03-09	Yahoo	-0.026	Goldman Sachs delivers quiet warning on oil prices	Oil prices tend to move markets quickly, but it’s typically the long-lasting moves that matter most for the broader economy. Crude oil prices have shot to the moon in the wake of the Iran conflict, rising sharply from pre-war levels. Consequently, Goldman Sachs believes a sustained rise in ...	https://www.thestreet.com/economy/goldman-sachs-delivers-quiet-warning-on-oil-prices?.tsrc=rss
2026-03-09	Yahoo	-0.034	5 Big Takeaways From the Middle East Energy Shock	It’s tough to say where oil prices go next as the war with Iran enters its second week.  Beyond the volatility, the key for energy investors is where prices settle after the fighting winds down.  The next moves will depend on how soon the war ends and much damage is done to Middle East energy infrastructure.	https://finance.yahoo.com/m/cb69ac1f-aee7-33aa-b3b0-4e81aae17731/5-big-takeaways-from-the.html?.tsrc=rss
2026-03-09	Yahoo	-0.162	Momentum Trades Rapidly Unwind as Global Selloff Takes Hold	Momentum — a strategy that entails chasing winners and selling losers — had been the best-performing group over the past year among 12 factors tracked by Bloomberg.  “The market is still heavily concentrated in the winners that have driven this cycle,” Lee Coppersmith, a managing director at Goldman, wrote in a weekend note.	https://finance.yahoo.com/news/momentum-trades-rapidly-unwind-global-114950502.html?.tsrc=rss
2026-03-08	Yahoo	0.217	How Sunrun (RUN) Narrative Is Shifting As Cash Generation Meets Valuation Doubts	Sunrun’s fair value estimate in the model has been trimmed from US$22.74 to US$22.20, a small adjustment that still matters if you are watching the stock closely. That shift sits alongside mixed analyst commentary, with some highlighting cash generation and asset monetization, while others focus on valuation risk and a more cautious long term outlook. As you read on, you will see how these moving pieces fit together and how you can track the story as the narrative evolves. Analyst Price...	https://finance.yahoo.com/news/sunrun-run-narrative-shifting-cash-110925944.html?.tsrc=rss
2026-03-08	Yahoo	0.197	UBS Raises The Goldman Sachs Group, Inc. (GS) Price Target on Strong Capital Markets Outlook	The Goldman Sachs Group, Inc. (NYSE:GS) is among the 10 Best Affordable Stocks to Invest In for the Long Term. On February 4, UBS raised the firm’s price target on The Goldman Sachs Group, Inc. (NYSE:GS) to $990 from $970 and maintained a Neutral rating on the shares, reflecting continued confidence in the firm’s earnings […]	https://finance.yahoo.com/news/ubs-raises-goldman-sachs-group-111243727.html?.tsrc=rss
2026-03-08	Google	0.0	B. Metzler seel. Sohn & Co. AG Sells 2,370 Shares of The Goldman Sachs Group, Inc. $GS - MarketBeat		https://news.google.com/rss/articles/CBMi1AFBVV95cUxNU09pb0d4SFFiRzFjU1d6dzkzS3VjQzliakJ4ZmhCbmJZcXFOVVVUakxqOGlIaTJPV2dqRVY3NFY0VUc5SFNIdkFKQkMtSmdxV3R4c2JZMEhldTZJTE5ueENucThTUHB2UnRVUTZmeElSSENZM3ZDZEZRYWZQS3FuVEp3alhjVUdIamlyWDhTYmpSRExEZ3BtVGxQSjN1ODU5THl0eVM5M3BNZ1BEWVMyVWpDNTc5XzdPS0JfeklmREk4T1NFWURpVzRyaFotaDZ0dWJtRg?oc=5
2026-03-08	Google	0.0	FIS Alpine Skiing Women's World Cup: GS - RUN 2 - Are - CBC		https://news.google.com/rss/articles/CBMiWkFVX3lxTE01SXlnV0p5NVZjUjIwOVlKTy1QeTVrSFNaSVpzR0RySFBsQkx3ZGQ0ZUJibFZYUzlxdTlJSjBBMFI3ZXhaYnFYNHdvWUpNUldQdktrbUw0Wjhudw?oc=5
2026-03-08	Google	0.0	GS Stock Today: March 8 — Culture Backlash Puts Brand, Hiring in Focus - Meyka		https://news.google.com/rss/articles/CBMimwFBVV95cUxQTm5VTkFMRGUyeU15RHpqWW1EZE1QalN0bEZzQWFDVWllQ2dhV3ZISlEtamN2RVctNlN0NENod0VVUk96RDFXS0hWRHYyS25uYWlkTEp3ZC1KNjZHTElvUkpyU25QNktaVm05U2FHSThUeWZxSWFXV1BxbmRpbTROcm5FUXdPOW92SXkwVEFGN09PV2hKdHZBUkRQbw?oc=5
2026-03-08	Google	0.0	Marvin & Palmer Associates Inc. Has $8.82 Million Holdings in The Goldman Sachs Group, Inc. $GS - MarketBeat		https://news.google.com/rss/articles/CBMi4gFBVV95cUxOZFBVN2MxUm05ekQ0TER2SzZXUi1tLW5kNGRya1R3QkJ4SFhjV0R1OW01anFzWWsyNVBjQWVBTGlnZ2YtMmtBWU9KMWxiX3dkcTZ1dFptX1lRTTlramc2TGtGcDd4UlhWbWJja0FsalJTUThwOUdxQlBDT1NuTGR2Rm8tbDQ0SFc1Mi02RUFsSnZocDhEMU00OHVnekhwMC1HZjdBb09yUFpjbnRwSnBod001Z0dRQ1BicEJvejVCUzYzMmozc3R4Y1RZMzg4aDNzRERrSzJ1OXBjRnZtWWRTRzRR?oc=5
2026-03-08	Google	0.0	Natixis Advisors LLC Sells 13,775 Shares of The Goldman Sachs Group, Inc. $GS - MarketBeat		https://news.google.com/rss/articles/CBMizwFBVV95cUxQdzdYaU0xamNjWDZVQ2tmYTNrY3N4NEFjUUhvTXpzZ2JjZ3dkcW5UaEdxRnJpRE5La1JQeV9LMFZ5VFlaMTU5b2xqMG1CVFlaOTN6WTdTOVV6VWJfeWdEUjhmNElOY1B0WFhzRVR1UHdseVRhOEVFcXNFMkdXUWhqWC0yYm9sdXgtZnpJWU56ajFySk1oby10enVHQ1B1eDhQYVZ5Qm85bGg5U3V0YXNackpBanBfNDBRSFV1Y0M2T2w1cXozRFJRalZaSG9SOVU?oc=5
2026-03-08	Google	0.0	The Goldman Sachs Group, Inc. $GS Shares Bought by Rathbones Group PLC - MarketBeat		https://news.google.com/rss/articles/CBMixwFBVV95cUxNTFFseXB5TGFlaGNNRXVvUVZUaVNwUVZTMEdEbnpycU1TZENZV2YzeEZDQ0FPRFhzd2Jpd1BybGtxVlZwbHFWN0lTWXNDenpNQmhvdHEtd09GZUtIanF4N1V0TFpjbm9mNllNa2FyYUlhNE1FVEJSdldQQTBDSDZzS1dJRFJUTk1ZWXBYSWZmRkRYTGdLMW5UWnBkLUJQMVdnTllDUWdyZlFjeEhrdVZCZTlxUEc4WEZScktQYTBuZWtteERKWWVR?oc=5
2026-03-08	Google	0.0	The Goldman Sachs Group, Inc. $GS is Matthew 25 Management Corp's 6th Largest Position - MarketBeat		https://news.google.com/rss/articles/CBMi2wFBVV95cUxOOUV6SzREdkQzWVJWY3pPcjRBcTRNaXY3MEFlRUtUWDBnazFNLXRweXY3VEM0Qi03SWl3V0dVVlNFQlE0elhjdHN5dngwMmFObHd3TUg2c1dqZGVUMEJHMm1IX2taSlhfLUJMNVV0Qm1CalA5dk1SbEJtMm1xZTZDV1dBWjR0MERrLVVRT2FkMHhhVEdPdzE0bDVxd3RZNE1aVG1JaDliRjVzU3J3MFZPMUU4dWEyYllxRFJZNDJSYkttZ05rTVdXX2U2cHF3RFBDN0IzYk5ENXRsZkk?oc=5
2026-03-08	Yahoo	-0.014	DIA Skips the S&P 500 Noise and Delivers Monthly Checks to Retirees Instead	Monthly dividend checks. A portfolio anchored in Goldman Sachs, Caterpillar, and Microsoft. An expense ratio so low it barely registers. For retirees navigating a market where the VIX has climbed nearly 30% in a single month and consumer sentiment sits at a recessionary 56.4, the case for owning the Dow Jones Industrial Average through SPDR ... DIA Skips the S&amp;P 500 Noise and Delivers Monthly Checks to Retirees Instead	https://247wallst.com/investing/2026/03/08/dia-skips-the-sp-500-noise-and-delivers-monthly-checks-to-retirees-instead/?.tsrc=rss
2026-03-07	Google	0.4	Pinheiro Braathen puts pressure on Odermatt with crucial GS win - FIS		https://news.google.com/rss/articles/CBMiugFBVV95cUxOcFo2M3JuaUMxaDFyMmpOOWZKVk1CZTRKbU1TU0pIQVVCVHh0aGlHSVlZcl9icm9xWjF4WlFaTnNYLUkyOGswUnlvcmFhclFoWDdyUWNoUmtkdmJELVJBVldJUkpUWG0tcWRDaHJYc2FaSjk1azdPdWZDT1dXamF1ZE9sMUFzTEdiM1lKbEJrRDZGX2xkNl9pNTMwSVFBNm5nRkdOeDI5NGZMbnFuYlJEanpQbjRqVUoyQ0E?oc=5
2026-03-07	Google	0.2	Pinheiro Braathen wins Kranjska Gora GS, globe fight alive - Ski Racing Media		https://news.google.com/rss/articles/CBMihwFBVV95cUxPMFp4UThVaVZGRG9USlI4V0VSR2FyNXRIekFPc0gxSmtHcE82R1h2V1FVbzc3bGVLaVBtS3JOSmdybm5yaFBEaXJLQXF2N0FabTFocnVYc21VYXNmTzFpenhmdUo4MUtFcDkzSGplX0xjcTNvSm5KNHB6WkVEUFg5eTF2MTJJejQ?oc=5
2026-03-07	Google	0.067	Pinheiro Braathen Wins Thriller to Blow GS Globe Race Wide Open - Snow Industry News		https://news.google.com/rss/articles/CBMivgFBVV95cUxPUkFiTWwzUWYxNWtfOHplYlF2Uk5mWVl2dmtTUnE2RkphTjZ3ZkZxYzJXLURMdTZDS01kNmJzaHJ0VHhLUFNHZHNrdDZZclhoVGl6cGpsdWZ6NXJVVXJLSFhFQlhGQmg0YUttV1dwSDJKTGE3a2FHUVdCZFJiZGgtNnFsSTZWYUtQcWg4STYtbE5DTDVIQlNrZHlCLTFkQWZLRFRIQXJlOUNVX2JGeVpvY053WDVuWlFJeTA5dnhn?oc=5
2026-03-07	Google	0.0	Accambray, Wahlqvist Sweep RMISA GS MVP Awards - University of Colorado Athletics		https://news.google.com/rss/articles/CBMijwFBVV95cUxNVVBLZXFBUTg5UUloeUNnTFZlNmtRVEV3bWNEeF9na2ZOa3luWS10UDJNNVJtMGZJOU5fcHJRVmRyeTNhWlVLczdFOFNoamxicHZYNDBNVjFNNXdXUGV1NHpTR3B4d2g1NWNXbV8tVXhlTUcxTzdPM0pXY0pYSzE5YjFka25BaTZFOHlqZ09YUQ?oc=5
2026-03-07	Google	0.0	Boys: Fort Chiswell vs. Patrick Henry (GS) - WDBJ7		https://news.google.com/rss/articles/CBMihAFBVV95cUxNREJwMFRBSFFzeHZHdno4Nm9CbnJmcWdKTDZHdFRVMHUzbk90d0ZwbmQtNjh0TmtjN1pxSkhxZkxZb2xfNnozbXdFQ2lrRUlzaEtTMXV6d05NYnhnMHFSdkNNUHBWRTNXV3p4eWVuZU5PM281ZlRXcTdZRVlqM3B5Y3BDbk8?oc=5
2026-03-07	Google	0.0	Braathen Leads Kranjska Gora GS After Run 1; Three Americans Advance - Ski Racing Media		https://news.google.com/rss/articles/CBMif0FVX3lxTE5heTBjWWxjYzdNeWV0dlVRMDRIN09HRjctcHhhMjNZRUd4b0VHREVwVE9QWjhmNmVvOXVQZ2R2THdmSlEzZW1IRzloamxzYzBYbWpHekkwbm5jdUJ1b3ZoOUltdzFfaHowckktQ3pXOU04WHFOYmJqcjRmejQtNEE?oc=5
2026-03-07	Google	0.0	Goldman Sachs Remains A Stock To Hold, Despite Uncertainty In Markets (Downgrade) (NYSE:GS) - Seeking Alpha		https://news.google.com/rss/articles/CBMirgFBVV95cUxQbGpoZnI3R21YWF9HSS1ZeVFTV0xJSUxrbTU1M1JqMDlOYnR4YVJCal9GV0pUQks3anp4Vld1aEk3TkV6UnFyY0otU1g1VmMtazd0X1laLUJzU2RuczVGLUd0ZTdSanlBZHR2NkNWUTZuSUVLTExZejlIVFVNQ010OE4wX09OeXpTM3pZSEZKM0FDcUk3VnBzb0pVRWdqTDdWWEpCTlhIS3J3dXVUdnc?oc=5
2026-03-07	Google	0.0	The Forgotten V8 That Punched Above Its Weight - HotCars		https://news.google.com/rss/articles/CBMidkFVX3lxTE1ORjFpSW5LQ3VGcWstdlIzNmdYUmYtRDdVOC1vSk1hbGthR2RLOS1XbUU4b24zN0lEaXBRdTV5Wk1uZjRQMEIxSUxfbFM1dTUtaUZ2LUw0SEZkY1V6Q29nTkZCckJFQkZ5cGxHeFBtcHFJMGFlSUE?oc=5
2026-03-07	Google	0.0	The Goldman Sachs Group, Inc. $GS Stock Holdings Lifted by Blair William & Co. IL - MarketBeat		https://news.google.com/rss/articles/CBMi0gFBVV95cUxNZmNZRUphb2Vra1F2LXlCbmFNVGVxTWdFRzgwNHl6cUFGN1c5SGlDRHFoNXZqRTdIT0VfZlhwYWM0VFJZWHJ6SWF2SkVVSG5adno2elRGTy1GYjFybV92SGpNWGdoZEtSdFNRdTRYR0NoRnRYQVczOTNFY1pfcUw1bGN1V1hvbS02UERycWRDX1l2OVQ3dXlEU2Rxb2xldERBOUZrOThQY0tDV2FPbG12MkxzTWJ0aHR6bnRaVUNGZmJXN0RBQlNJemtUaXRUOUt2a1E?oc=5
2026-03-07	Google	0.0	The Goldman Sachs Group, Inc. $GS Stock Position Reduced by DKRT Investments Corp. - MarketBeat		https://news.google.com/rss/articles/CBMi1gFBVV95cUxPeFRPSDI2dFRrenhnS1cxaV96UVVpTF94RTFxOG94TWM1SHh0NHlScm9UcEJDdTBPb25WSER0ZW1vMTJkeGd1Ul96d0pQWHItVEJmci1feXB6T2Y2THBReks5Nk1SOXRQVWxCbHBGa2pkbUREX01YWlE5dGRjQWprOGc1Vkd1clc5bWk5S3VPd2dRLUtDWGQwaXdlZ2JHTkJBZkhmcW53Zjk3dG14VUliSjZjMnZBWDBwb2pNNHBvRUJUTmdac2JIOGdWTkVka2cwUzVkTDF3?oc=5
2026-03-07	Yahoo	-0.047	Goldman Sachs Sees Market Warning Signs – But Likes These 2 Stocks	Is everything old new again? We had a financial crisis in 2008, and while market moods are better than that these days, some analysts are starting to see some disturbing parallels. That’s the view of Goldman Sachs strategist Peter Oppenheimer, who notes that risk premia in the equity markets are down and are running at levels we haven’t seen since the run-up to the 2008 crisis. While that might present a presentiment of the bad old days, Oppenheimer isn’t all doom-and-gloom; in a recent note, he	https://finance.yahoo.com/news/goldman-sachs-sees-market-warning-115000046.html?.tsrc=rss
2026-03-06	Yahoo	1.0	3 Best Earnings Acceleration Stocks to Buy in March 2026	Intuit leads a screen of 17 stocks showing rising EPS growth rates, highlighting earnings acceleration that often precedes share price rallies.	https://finance.yahoo.com/news/3-best-earnings-acceleration-stocks-200500861.html?.tsrc=rss
2026-03-06	Google	0.5	Northampton skatepark play Top G's Like Me explores masculinity - BBC		https://news.google.com/rss/articles/CBMiWkFVX3lxTE5IRm16SnFKUzBPeVBUcUJtb1FEUFNxWC1DNlNfZzlwaGhQWlhfV0x3UWdweDc5WENqRnFkSFh3V25aSnlqVUJSMzJUSDN0NHVnamsyYUlUc0g2QQ?oc=5
2026-03-06	Google	0.35	Sweet G’s Ice Cream in Nappanee adding donuts to the menu - WNDU		https://news.google.com/rss/articles/CBMihgFBVV95cUxQMTdNNXB2LXV5SVVlSHlTdHBCT0NqTEx1YWJoc2JQcEp1ZEw0NkpnRm9XZHd3YTl5RXJMM0xiU1VxS3g3N0tLNWItcVVob3VvdXF5c2dnSm4zRm1ob3AtemZkZ2ktdndYRWtKMHMwZWRzQWNvRFdWSW5KQjZwZDUtdkxMbFp0QdIBmgFBVV95cUxNdEVHMHB2SGgtNWQxLWxoVUxtQldCeG5xMS1QbGhlbWJVMGt4UFN4cjh6QVpMZU9HaXBNWlpRNmVwZ3RuZ2V6d3BlNGwtRks3T1BXNTJqS0lzczBfd1lfVzFjUGlVXzBRUV9Ydm9EampSaE83Z29GbE5RcVl5NTFQMk1iWWRkUWhJZmFiWGpUQ3ZxckRVaXBVakFn?oc=5
2026-03-06	Google	0.0	BONESUPPORT Data Underscore CERAMENT G’s Role in Infection Prevention for Severe Fractures - TipRanks		https://news.google.com/rss/articles/CBMi2AFBVV95cUxPQjVQUTM3SHNKLU1FZW41UDBxWjZpT18tRVNQNG9hbjN5RUNHckVMNGY5ejJ1RVgta3VqUVU3MkRQR0NKTi1VWDdHU2NROUNrNE9QWEdDbmhpdDdNQnM0UHRUZ0ZCM0tUUWVfWE9XNXNIdEdHcFZxOFhONDFvc25zeDMwaTQ3ZVZ3NldGQlhlOHJEX2YzUUhlbThwOExsQTJXdU04bFh2V25BeFk2WlMwU1RycUtpblhvVTIzV09VdWpCWGVqTHZRQXBpU0VnRnJaMWNVUzdnUV8?oc=5
2026-03-06	Google	0.0	Becky G’s Off-White Slip Micro Minidress Is a Lacy Masterpiece - theFashionSpot		https://news.google.com/rss/articles/CBMitAFBVV95cUxQZmdOTTR1dVNiUDcybHRuTUpvVEJBc3FBc1l0cTNrZ0JrYWd6VWowaVp4by1QY1loWlBVRGRleTM3ekVnNXpSVDBCaU55X2hWZmZsZGF0V2VqUnZCNWRZaExBSlVyNU9ZV290NThYSElEYm51aWtZZ2FXOHJxYkp3cUxsdTRpa3FWWXlvTW0yNnVRZFVMUlhVMEt4SzQ3SGVPOWluZV8wSnZfaDhUUkhHd1QxN3jSAboBQVVfeXFMUEJHWFVEWmw0akxiVUg1NXRTbnFEOUVKcTRfaDZtaG5qOVhzZzZ1enJRMWhHbkxTOUhsRGhWb1FUZDJWdVB6Z3ZtZFR4SnRleE9TWTVrdDZUNnp0UzJBSTRMTG5HbEpEcGNTck5fVkpQSEkxSGFDNmZGa2F1dUxyX0hIeFNIWTNpVHphRjJKVzM2ZE9IbnhJV2VOMnlvdW9oZ25oZXZWenhNNGV2VzhVQmlPSWs1djh4Sm1R?oc=5
2026-03-06	Google	0.0	Medical examiner releases post-mortem for Maria Catotola Bowling GS - The Daily Princetonian		https://news.google.com/rss/articles/CBMiuwFBVV95cUxQYXVHVlR1VHJ5bmRsUE1OVmZYV0tMMHBIN0xoWVFabkpSM0k4Uk5hRzZMdERWN1hScVprWmZaTXRjby0ydW1vUlk5SUhxcGtZaW9TVGUtX18yX0JvNEFNaHdxSEk1cVNZRXJXanZNMklQUGtvYWFldDc1T1FxMDZHbkdPZEsyZGhXMWNHQmJ5VDVMRGwyZHhNZ2xsa2xsdjVTSUlITEFKS3g2c0R2aVNPb3Bjd19BOXd2QlZR?oc=5
2026-03-06	Google	0.0	The Goldman Sachs Group, Inc. $GS Shares Sold by Edgar Lomax Co. VA - MarketBeat		https://news.google.com/rss/articles/CBMiwgFBVV95cUxNcUQyWTQyVVZKTGtmcHUwY2VxenBLSERNanEzYlphci1DeTBmUzB4T1lpWGl0bmF0UWFYenk5SnptLWh1OGpRUjJSeFJjQXZjeHRLRzgxd2doa1JLVnRON2NIdzZPdlFpNVd1UW5oOUR3LXNJWDdNMGN0T0tCMFE4RGtidUhuM1RkTFdNbmdseHIyNjFXTlpEYkNKcGFSa0JiZE8zQ2ZiOXJpcHJvMkhtSnI1a2xOc1NDTzNucl9MT3l5QQ?oc=5
2026-03-06	Google	-0.017	Elected officials and community activists discuss resistance to ICE at town hall, following arrest of Ellie Aghayeva, GS ’26 - Columbia Daily Spectator		https://news.google.com/rss/articles/CBMiiAJBVV95cUxQMWhuTlRSWlZWOWFEM2lpZ2Z2dFpnUXJZZ3FxLWVUZWwtcmZiMTVKYkROcDZnc3k0a1RQZjNKSUpqekhPa05GUERlcFVuLTJLNkFtUUlaYmdhTDRmdk9Uc2NqVzBBVnZkaldObkFYR2U0QTVud0pUUkJYbVhaaUtMdGVCZXZuUl9Fdl9uaF81SURkcHRCV1JCSzNEZGtxYXFfdmszRUpUTk85M184WUNnODVjMG9DZ05KUXlYUVNXVGRaaUU5dzBvVlp5dUFxajdmbVhSM3ROWWpPbVlTU0ZwNFVkYVlpRzBuSUJpRDN4VFcxVHV1VU1rdjZrcGZITnZiTEstYk4zZXg?oc=5
2026-03-06	Google	-0.15	"The Goldman Sachs Group, Inc. (NYSE:GS) Given Average Rating of ""Hold"" by Brokerages - MarketBeat"		https://news.google.com/rss/articles/CBMiywFBVV95cUxPdDBUa0NjWWp0VzBaS0FrRUJZSndlTWtHYjVyY3pMb0xlcDZIVTlFYVNkVFBkTE02ZDR1ODFha1daNTlxc0o0eEl3bkN6b3RKRV9oTTI1WkQ0MG05OE9sbnNVVVd0Q3k5akVQOEZlSHpVVGJrTFdVX3d2ZnZ3S09WbUJJTkUtTXJHeXo0WUFOTFZFNVFodVhZRmRfYUQwV3dKaVZ5dE9SZXNWaG9KZU94S0ZVMDBPeG0wazl1Y2pnOG40SDVpbXpaaW9icw?oc=5
2026-03-06	Google	-0.4	Goldman Junior Bankers’ Photo Shoot in Hermes, Tom Ford Sparks Blame Game - Bloomberg.com		https://news.google.com/rss/articles/CBMitAFBVV95cUxPQjhuaUhiMHpfU2NtSnA1MG8xdDJBdWp6c0tfcHFobVRkU0c2d1dxS2YtSmowLU04S25icW5GYTlkUWxBcC14elJZWFN3dC13ZUF1c1RKR2kzaEJfZS1XNFZjLTIzdEgyZTZrODlIU3hLb09kQkRIWm1nRFU3TGF5M1lvMkxFLXNFMFVYS1JBcGZtRHktNzN3YWtzM0Vabmt5cDlXLThqRDZwSHlQNk5jcThBdVc?oc=5
2026-03-05	Google	0.5	The Most Durable Adventure Bike For U.S. Conditions - Top Speed		https://news.google.com/rss/articles/CBMigAFBVV95cUxON0ZyU2FXQ29jSE83YTZHU20yaFllRWxWUjBqYlptSGRMamRwRmVuNlBYZGhYMkQ5Rk1ocGptOVFmUXJjajFOVGJTdm1Oa1ZPbUQyZTdRa3ZGVnFQUkp2VmF0N3pEdmhjSGZIcHVjb3RDMEFKSFdtMF9WZDNNMnhxSA?oc=5
2026-03-05	Google	0.117	‘Nightmare come true’: Faculty and students express fear, confusion, and relief over ICE’s brief detention of Ellie Aghayeva, GS ’26 - Columbia Daily Spectator		https://news.google.com/rss/articles/CBMihgJBVV95cUxOLTVqVXhneEd4V29NcFNSakxQRndaWGVXNWY1c0FMZ1ZzcjV5TGZCSTZXbmwxTmdiSnoyZDFLUEMybFBtQTlUQVRNVjNWd1NTVkpYR0hHOFVCbS1ESDEwVGNCN2hLanZZX3hGNk5fVkZnSE9wbXRHOEZfcWZLbWVQMk9aRVZLMEdJYUIyX0plYk9yR2U1anllNEJvc0hxRkdvWFB3b2xqUjNpc2hVbzBYNGxtYkpIMzNLc2t5MDlJaTA5aE9Qa0pJMGFtS182bktuczh6NWtwdURvREptTWl2VDB6eFhrbHMwd0JoS0hSTnZ0RXdFa0syVTZkMU5YOXQ0VzJoanRn?oc=5
2026-03-05	Google	0.0	GS SUSTAIN: How Rising Hyperscaler Reinvestment Impacts the 6 Ps Driving Power Growth/Constraints - Goldman Sachs		https://news.google.com/rss/articles/CBMiyAFBVV95cUxOOVR3eHhEdlBWTVRpN2lJMVdHcGpFYTBIQ1UwRDhramJtUGlqYVRkRWJtSmJSU0pkb3pqaEpZZy1kaTItZGdENEpGNXM2RDIya0pZd05MdmNKN1NNTUszVXZ0a3FBUDdVOWNTSWdmd1hTd292M3ZZZThfc3pGNS1YSEJSbXdmbF9nVm1ISkd1dFdtMnRfTV9tY3dHMmdtQU9FRDNDM3Q2cDZoSlNuWnM3LTFjenpaeEM3aFNqSC03NnB5M2p5RXRJMA?oc=5
2026-03-05	Google	0.0	Goldman backs $65M bet on AI to ease America's caregiving crunch - Stock Titan		https://news.google.com/rss/articles/CBMitAFBVV95cUxNRkpWYmp4QkNIRkdEVUY0aFkwUzJzMjVPcUN2RXZFaHc3Vkp4UGFoZHVzSkZBMGtlcUFiQm94MDJoZVNRZk1PSnBmSExSaW1GT21zR3lSOW5NZ042bU9iN2tiZkdpMnJ3VjhYUnptTU9PbVVvTjRYb3VyN0hDU0drUmJwUUhHOGZnWGs3U2EzdkV4bDZsUFgtdzkzN2V1R2VaZmF3NHMzemJSX0RGdWxTY1kyUVQ?oc=5
2026-03-05	Google	0.0	IVV, GS, UBER, SYK: ETF Outflow Alert - Nasdaq		https://news.google.com/rss/articles/CBMic0FVX3lxTE1wVlJ4RmkzZXlQSV9YWmpXSGZIWWhKRGVUTDhpaGo0NW9jUk01MHhXTi11a3B4bXFCUS1MM29NMzEyTjljLTlwbWFjUkNlSmd3OVdaVFFBdXhHekZPMDNJRml6UlhXRUhUSXBrOW5iUEF3RE0?oc=5
2026-03-05	Google	0.0	Is It Time To Reassess Goldman Sachs (GS) After Its Recent Share Price Pullback? - simplywall.st		https://news.google.com/rss/articles/CBMi4gFBVV95cUxQVVIzUkNOMEw0eEpQaHBmcU9SUlVPUmszbm5tdHRSdUl2eDltQ3ZsN3YyQ1l3WXVXWXBHOG1uOHpROTczem0zMW4tRzdweTNZU29hWmdQVDE4NWFLYXpIX0txM0NHNm9hbWpqVkNRdlg5WHVuZ2dKVWVibWJyOHRiZUNGdFhmV3JDc1A2dGhGUW5zVUJ3dTVKbzYwb1lfOGdOZ3NBZU1oQ05pWFF6dnJzbFFicnN4eXRYcXp5WDNDMHVtVDJyY3VUYVVkQ2JVbXRPUlJwRUlfTnBUZk42MkdWdVVR0gHnAUFVX3lxTE5ibmJoQ1NnYUN0bDhwM2JPaVVtRFFsbmtWOHZ3MEJZMG83d0w0NnAyQklSUTZnc1NJTG55ZGk1LXVHSG95ZFM5UFlaaExaMS1KR1k1a3JYcGJZcnUtVEFxOXE5ZjBpYnB3bDJhczRHRmMwS0hCTzMtXzhCaXVmeHFiVGI5LVJvS002b3lIWFB0RklKVkp5OGc0LUtXcVhKRXdEMnZsWWNXclZadTA1T2U0b2FzUXBrdTFjZXhlWldKdk1qSGwxMzJibFF0WHEtbUtDVjMtVFQxaWVtWkdmcUY1aG9HdUktOA?oc=5
2026-03-05	Google	0.0	Sage Raises $65M Series C Led By Goldman Sachs Alternatives to Redefine Care for America's Aging Population - PR Newswire		https://news.google.com/rss/articles/CBMi8wFBVV95cUxQRHJfOWZLQnd3UTJnZXJha1M1MzFvX0hydmJJRkRzOW5xTFNuS1gxSWtfYXhMdno3OS1ZRTlBeVhmTkd6TXlEcXBIRFV4Q0didjJnMDlhV0ZoQkZVRDFvSGthaDhISjU3Sy0yWXRFUXJ6bjlOU29RZ2t4UllKRHZ0RV85ZjBmQllIR2dXSEZrV0NhX282OUttTTJOcjV0OWNDNUFLMk05TmlyUzNNalowZV9xSVRnZTFOMHhpRXU0enkyVmtqSFhDaDVVSF9ISmdhanJDSnVwVzF6ajl4RlpYWklBM1ZBMmJCMlVZbF9kZFBPZWs?oc=5
2026-03-05	Google	0.0	The Goldman Sachs Group, Inc. (GS) is Attracting Investor Attention: Here is What You Should Know - Yahoo Finance		https://news.google.com/rss/articles/CBMifEFVX3lxTE9HRzl2ZnprLTRHOUlmU3RPQ2JPdnpBRFlqd0lwaVEycGVHbVN1YzRqUndMWUVNd1ZOQlAtUkFGZDRlbGFjZUVpcFVOdS1FdUdYVTA4dy1Odk1JazhvTFJJVXJQMXJBYm9Kb2JIdVNzbEhsY3RnbjRZLV9mbHQ?oc=5
2026-03-05	Google	-0.156	Goldman Sachs Group Inc Stock (GS) Moved Down by 3.20% on Mar 5: What Signal Does It Send? - TradingKey		https://news.google.com/rss/articles/CBMif0FVX3lxTE9yeHVnYkc0azJIUXpQdHNEZlRfYkhka0tiZ2RLNHdjOUdjck9sMmFoY3Z3WXIxaUVfNmNpOUhkeDVVWk01dFI2LWtBT3FHTFFuWURyckVZUWM0anFjVUQ0c29BQXhmSU9fVzNmRzNqOGVfdkxwVTJfaWxnOGRoZDA?oc=5
2026-03-05	Google	-0.2	Goldman Sachs backs near-$1B firm managing mega projects - Stock Titan		https://news.google.com/rss/articles/CBMiuwFBVV95cUxOVXpuaXBhSU0yTHBzeWU1NkRRcWlzdVN2dHEwQ1JYXzdTQTUxMnZGSGJTd0U2T3ZNT21IbkFIMWhKMk9oMUtJSmVoSXlvVl9Ya2h1YktoVUJOcld2SzJ5QTdqQUZfajB5cXZ4R0NpeS1nd255WGpEdkltU0Fjd19JM3RMSGd0Z1RlQlVVSzRZem0yZ3ExNkJ4UDE0UXVWZ0lRNkI3S0ZjMW5QUUxiVXE1Wk5BY0V6bHNkeGxN?oc=5
2026-03-04	Google	0.267	NBA Power Rankings: Most intriguing games left for all 30 teams - ESPN		https://news.google.com/rss/articles/CBMizwFBVV95cUxNU3E5MnBfN2pFTzhTcHVoUVNTaDk0OG1tbk0tOW5WTFQ0bjhDYUd5X2ZSOFU4WEZLNlR0OV80OVhWWHp2ZTZoMjRhTlJiMklBWGM0RzRYVGJIVlRnVkJSMTZveEU3aE05Q1Q1YzlSYUZmek5WMTNJZFNNdW1OSlFZcVBwMWdhRUJRZ2JoOXB6OTgxUE5zSV9SbjhXXzlIWWxFcDU3dmRIbXQwQ2QxVW90VW5RS2dRNVE3OVVjNWJkNzRDbDc3ZEp1SHVQU2tJNm8?oc=5
2026-03-04	Google	0.0	A Look At Goldman Sachs (GS) Valuation As Private Credit Risks And Regulatory Scrutiny Intensify - Yahoo Finance		https://news.google.com/rss/articles/CBMigwFBVV95cUxOU2J3RmI4WUs5bFJubllXMlZRc080OUFIdVlPVzNwd3NvTm1JOFdkTUZieWNaM0lMeHF5NW80UFRsZVpBVDZ2RXcwTEkzcThYdW5pc1JMeGI5cldFd1c4bVVLejVqLWNybnJhVEdmLXlxOWJ2Wjl0bXdxcHlFMGRUT3hSUQ?oc=5
2026-03-03	Google	0.433	Here's Why Goldman Sachs (GS) is a Strong Growth Stock - Nasdaq		https://news.google.com/rss/articles/CBMihAFBVV95cUxPZzlpOTd2LTFCc3NON2FKVHFLSVNGRWJOclVXWnRza3hldWF1QVM2c2pRZjM4aEw0NjFyd2pUZ1ViV0xVOUlKOTBvVFA0WkI0NGtMVlpiXzNOeXJ2OFkxTFN3NnRBaVk2SFNhcjNPcGN5QjQ4aml0ajlMMkExakNFaDVOVFQ?oc=5
2026-03-03	Google	0.0	Lloyd Blankfein on His Memoir, Risk Management and Leadership - Goldman Sachs		https://news.google.com/rss/articles/CBMic0FVX3lxTE91U1h4NFkySFVSdUktQ1A0Z1pvZmQ3cTZZZXlaekZ6a1lUV1Yxc3ozaGtFNzRSODlQRGJ0UkpBNVdsTlJEMzRwN0dSd0lMdjVkZWxnck9EZ1EwS280UklQY3dNaTY0VkNYdjNEcXlUZlJYbEk?oc=5
2026-03-03	Google	0.0	Market Pulse March - Goldman Sachs Asset Management		https://news.google.com/rss/articles/CBMib0FVX3lxTE1hYXNVa3ptaElsOFUtVDQ0RXRsdUF0dWo5eF9PdjZfQVRTSlZ3ZldFZHVwT242azFISWtjT0M0TTd3QUJNYlNWWmZYRVljUEV4UU5kN1l6NkNRSU5ZY3o4OElYSWEwdkg3ZEpxVzk2OA?oc=5
2026-03-03	Google	0.0	The Russians are coming! | GS Theatre presents “Uncle Vanya” - Grice Connect		https://news.google.com/rss/articles/CBMipwFBVV95cUxQQkUyRDcwNkRXckhsQVl0SVNKMGc0YzhkZ2kxRkxwNGlHR1dXWXVfWFJya0s2bi1nWm9tSnhtZlU3QjIxZ1BLVHVQck5QWjFqTGlDdlRqR2NIcmp1UWlXM1QtT1ZxandrczRBX0Z0V3d2V0E1b0pmTkdscXB2ei1NaTczRTA4bTdvaUFMX3pmQm5qbURESElRQUNSblZOZlM3cktxb2h1UdIBrAFBVV95cUxQaFh2WEg4bW1faVV2NjdrS1FhQ1cwRjFYaElSbG4tVnRLS0FfMHN5dUg0aV8tcy14eUc4ODdaeml4cE1aaDd4bjBjNzZIRlI2djJCM3pabHEwS3A5S0ZYazBPaUo3X0NUd3NsS0xkXzVYWHlBd284SE11cGVDdGo5Vm9vSFdwQ3Y3QS02Z1gzeXBKMG9mT2xabmxjcHg5QWlYUG5LMGJOWW5pamJf?oc=5
2026-03-02	Google	0.0	How Investors May Respond To Goldman Sachs (GS) Amid Inflation Jitters And Private‑Credit Risk Warnings - Yahoo Finance		https://news.google.com/rss/articles/CBMiiAFBVV95cUxPZ1N3ZjRiSDB4TnpWUG53M080dk1NSWFTai1FV2d4bVEyYTZhWTU2Qm1VamRFa0czMEtYd09nMlVkMEtZeTFaQTI1TW5Jd1JqX0djMkxVQ1A1akw4d21YdUk5NnlIYjNqLUVhVUJ3OGFkcDRIRTc4T0hFV19yUFVSUDFIVnJqcmNV?oc=5
2026-02-27	Google	0.283	Top Gs Like Me review – dark comedy sees Andrew Tate-style influencer tackling wrestlers, health gurus and sexual assault - The Guardian		https://news.google.com/rss/articles/CBMiswFBVV95cUxOLXdGYUhOSHUwNXJQNVN2VE1xRS1sY3dBOWpKYzBvOEhYMnBZcnRHV0hmZG5xbS1mN2kyWVZfSzN3V080MkRwaEszVF9hUHoxLVBQeGZUUWptZkkwZ2k0Q3hRMjJpRUR4Wm1pR0pCOTI2LTBuWVVNa2xydFpuY3hybV9waVpRMVJrWk0zaUtnQjZ4VEpFd1I5WGo4cHFINXBkUGVhZGZjT0Y0c3FpTmd1MkI5aw?oc=5
2026-02-27	Google	0.05	Spinney GS, Rehayee GS: Speed bumps on College Hill are vital to campus safety - The Brown Daily Herald		https://news.google.com/rss/articles/CBMiwwFBVV95cUxQeGZLU0FPN1p6QTVCTkZmQjd5em00Y0JBT2lzR1l0SDJUY0YwLS1zZUpMZmV5b0hOd0JYOEtMYm5VOHNOOTJicUVsQlh4dWZxN0lybERNWU45OGFJWjl3cXkzQWVtS0w5dXBlcEtUZDlwT2FpVWFvRHRqUERnV0JRQVBhQzNNSnlqVDJSSE1QdklOOGktTERSNXZWb3VXYi1VOHJKTkZNZnVRZ1dBRnhoc001US11bXFhMHNzQWVHSlQ5M2c?oc=5
2026-02-27	Google	0.0	What’s In Store? A tour of Mamma G’s at Pittsford Plaza - RochesterFirst		https://news.google.com/rss/articles/CBMiswFBVV95cUxONnM1OEczcTA0SEc3dmJCR1NudDlsc1FCS0pYVWZYYmQwZlFZbUFXMk96TVJBbUstWVpDYnp0X3VBLWpZV18tUjd2d0ttMHZZajhubXNvaGVOQTI1a25WRFNLM25lWkdnckhBeFpERnc3SXRCUFhyUzdOZ2Y4eWZwSzN3T296WVhHdVZEZjliMWlOZFFDWlh2czcyMVd4OXl4VW14OHF2NU16NV9Eal83UHZpONIBuAFBVV95cUxPYVE5dWtBTjNlVHZ2VGd0cUFOUVNBbWt0ZTVnaU94MEUyYmhVY1J0YkJvTVE0TExtZEFyN3FzWUlVYlpuZGZ0aDhnMG9tb1U1S1VnVlFLMWVETXlyU1BMSGZ4bWN2ZjJ1d05pdHZPOFkwRUN2N01LQjBNN3FWdlMtTDVzU1V6dV82UFdWSFVMZGx0QmpVdlgxb0hyc2MzVDhUY09ndXAzVUNIRDlrdEVJbmRjY0c2SGFY?oc=5
2026-02-27	Google	-0.156	Why Goldman Sachs (GS) Stock Is Down Today - Yahoo Finance		https://news.google.com/rss/articles/CBMifEFVX3lxTE1nUGVabUJqbkZrNmFOem0zblNVdGZ2SGRnVk5KTDB0NlVmTnZqX1lyaE5lQmk3X0NpdHQzSUpjZXVsSFVhVVBaWDdxVmdBSXgtc2dJYUpkRkR6NWhnZFhHU1JDRGxEOVJ0QzVySUllQU9uNFlINnFyNHZWWXA?oc=5
2026-02-26	Google	0.0	Elmina Aghayeva, GS ’26, released from ICE custody, after Mamdani, Trump talks - Columbia Daily Spectator		https://news.google.com/rss/articles/CBMiwgFBVV95cUxNTU9mOWJuaHhQZkVzcGFpYUNST0pBZXFHT3RSZ3QyeVJhMmxQcDNjMlNpUnFLR2oxRi05SnBWa1FOdU0yVVVmVXZBNVI5RldfOWlQay10Z2RRb3ZOTnRFLUFhMXZtSVpFUEUzejBUanVzS1A1bGxNZGlncHI0bml6T2dnX19aMFkzVk15UVpZRUFCcklnNktfN25hckpZejRjbXJPZTV5anNUNUlpZ3U2VWlfVG4wUFFpUjQ2U0ZKR2xpQQ?oc=5
2026-02-26	Google	0.0	Emergency rally to protest ICE detainment of Elmina Aghayeva, GS ’26, draws hundreds of faculty, students, community members - Columbia Daily Spectator		https://news.google.com/rss/articles/CBMigAJBVV95cUxNdnlOS21DdmhsYVUzSkZncEROSlp0aDhUR2t5SXJ0QVZYR01oU2JnTmRKOFRoaEhMUnNlR2JzM3JPVzRIVHhtMktULXEwSWJ0NTdqaElpSl9wem1UYnQ0TWNNQ3BFZGRYQUtfMGtCS0pxU2RoRklLRzlwd0g4ZEFxTEM2MGY0THVYdFU5d3FiV1FHQVpxcUJMQzBtY2Etd2xOeVA1bVpreVNZSk5XbjNjZkV2STFNbG56U256Skp4cE5jVzlFOFZPUG5oQk1HX1RxWUR4N1l5QXFodEtKSzdCTVBXSVZxNXhhek1Sb3hpT1d3VzUzcHk5djRGNE5Qekg0?oc=5
2026-02-20	Google	0.0	Built, Not Bought: Bates USEA Mare of the Year Freedom GS and the GS Story - USEA		https://news.google.com/rss/articles/CBMisAFBVV95cUxQdmlZaFZlQlE4cUNkdktPcWdCNUxfdjFMM3VGZ0xmSjl5WHVOWDU0WlZKcm9JM0RKQVR0U3Z4U25McGZZSnctSWdjTzB2OHhSV1pjdmxoMGV3UzlRYVRlNTkyRTRMOGtJeVFsYTgyaWY3YkhiMURXU1NfWUY0OVhwam16dUlkZm1wUDAzcFRqd0xReGdUWjJJNXFrbU1LVmpLd1ZFZFdWTktZVllzX2dGaw?oc=5
2026-02-19	Google	0.062	GS Liberty Campus electrical engineering major James Eldridge honored with 2026 MLK Youth Award - Grice Connect		https://news.google.com/rss/articles/CBMi3AFBVV95cUxPVEdNVTNPd1MyNWlkdEExSThuM2tYSGpnSzQtLWZBb0pSczlXTmsxZEFPdGJzSWRnOWxyczZKRjdIRy1OTG5JOWZ3cG01MG92VGdzSFc4bXphcUFLNGZsZXljWjBXQkhWZzRJZEo2UzBlaG1aWUNlRTJES0hZV0RjZkNGVnVpM0VfeGxqUUFWZU5vaFhibUN0RE1qUmhQdGc3c2ktLTJiU2p2ZGRYcXhzbGwxc2tHekxUczlNRWtGeFpTLUdENnYxM19pdW8yV1B6VVFMNklVOUZlOERB0gHiAUFVX3lxTE5zaV8wWkpVcllfZWgtVGVBUlliOGV2d2t5ZDk1bXB3SWtpdWlKQUN0MTRzRl96ZXF2bENEd2Fha1U1eExLRWR4SDFtWkhsRHVYRHlYdTZuMmN4dnQwQXkycl9RNkNkQ3dTYW9TSGJ2MkJKOVdNWFpmcDBFQVdwaGpnV3FkT21udk9adS02SmpUdHc0ZjBLOHpvVFpVMkNSZW1rNDJDUkFDTFRBVF9UZWEzTEw4ZnQwY29LX0hkQ3dBRU93aGo4ZVJGU2dwMzBoYjUxSkdPMXVMbDNMQWRpVzdqZGc?oc=5
2026-02-17	Google	0.0	Mamma G's opens second location in Monroe County - 13wham.com		https://news.google.com/rss/articles/CBMivwFBVV95cUxQbEdUQ19tZ2lSNWQxbHdnb3IyOEYtUS00UzQwd3JzUDhFNFJUM2dDUk9MaHN0QnVNZ3dneHlSVWl0blhmUk1HUW5QNVVaeVpWNHBqRkhTLVU3alFmZEZtZEttQloySWN2QVdJNTlybUhHT0lRWER6VWxBRTNWRzB1TDZvaUhOUDNCVEs1Y2FWWk1FdGg0Zk8xcXVCQUlzZExYT3J2WkpWQzJkS0NPMVQ4NFhWbnVSMldDZ0pSSGJtMA?oc=5
2026-02-17	Google	0.0	Mamma G’s to open second location in Pittsford Plaza on Wednesday - RochesterFirst		https://news.google.com/rss/articles/CBMiwwFBVV95cUxPMHo5b3M3RS1xa0ROTlVyZGpqUnpPazNrbnl2RWZraTVGNl9yRnBrb1QtenpubmNZcEpBQWZ2V0dfSEhhRURSdzFqSC1NSk54N1gxZ1RJQk81NDJIUWk1bG1LVHU4RHp6cU5OaHRBTmRYQ0gzWFR6WWNPR0h0cHNMcmRkNHoxUkhuRDhaY0NpVEZyR2FfV1FZQTZnUXlZSGFyZ1BaVUkwRENuTkE3S3R4bXFkYTJBMkVJRTBGcmx5WTlHTUHSAcgBQVVfeXFMTTBFMFRzODJYY1BZMG9uczl1cWdEdm56dlRIMEZBQUE0SWJVekxmRGUxVFZ3am90dWRZM0VhWTRaZWg4M1Z6bUNzczBtNDV5N3NGM2I3cFdSam81LU92NjFGU2psRTkxME5IdXZYNXhOZk5LN09JaW1VcWl6WlVfMURNZXV5SE9RZVpqdV9SZ09FM2lyWkROUlBmSFRsZmtlQ0ZUX19EbHdLbnNnM1M3ZnZDTmcwQ3pWb015NTNqVWVGSVAwRkJsNnM?oc=5
2026-02-15	Google	0.0	Shiffrin's Olympic GS ends without medal but plenty of optimism - ESPN		https://news.google.com/rss/articles/CBMinAFBVV95cUxPYTdVTUpxeGEyNzZHVER0NkZyY2lTOXpIZ2xWd093M21zdHBldGV2azM1YklmcVdNY2tSX1BZWFo3OE9IMTA0YmdVNElNSjNfNWUtRE9jelk3dkFoYmJVQk1fS3RTNWhaOFJxeUJ4TGUydXlWa1c1V3NhU1BIWm5mNWxYVzhQQWMtaHdrUGctTnRRc044d0xITHg2dkM?oc=5
2026-02-14	Google	0.3	Welter Wins GS at USCSA Eastern Regionals - Clarkson University Athletics		https://news.google.com/rss/articles/CBMipAFBVV95cUxPMlExVS1LVXExX05NbjRVZzRPX2lBSWFDdm9KNHpnalRGRm40SVhERk1WY1VxUE5CVmVGTU44amNYYmNYcHQtS2V1N2V2U21LaDJHVVNJcjh4UTZyWjJXOVhjZ3drcnpvTG9kVTV1WVJmcGtnb1FnMmdsY3VNNjNXbTFucUpOcnFZYThfbkRVb1hDOUtQT1V4dzZ1MDh1LUtRYVA5Wg?oc=5
2026-02-14	Google	0.0	Schedule & Results - olympics.com		https://news.google.com/rss/articles/CBMiiAFBVV95cUxQVXJjMHN1d3hTclV6RDlsOEw0MENkd0NRbVhyNVlNZEEwbzQwTWctUjUzNER4N1N3MXZNSnc5M0VtbV9XbTNTZmRPLU5qWUFjWFQzS1FJZDA0QWhSRGFZeHo3aFRyN0RyR3VIdTRtT0NTSU12QU0wYml4SnZHeXBpYVFTa2JxTU5w?oc=5
2026-02-13	Google	0.214	GS Stock Up 37.5% in a Year: Smart Entry Point or Wait for Pullback? - Yahoo Finance		https://news.google.com/rss/articles/CBMic0FVX3lxTE81ME1wX2N3a2VDVnBjR1NGYk5OR1o2bUtVRWRwMDc3NkhvY0tvX0Jjd3pxUEVYWmViRUVCN0FBS011b0VzYS0yaWVmSDhUQ2M4clhncUpqTHRVV2NVVlNhd3lJbC1BUHZYR0hQN01kWEJMR28?oc=5
2026-02-13	Google	0.0	Mules Net Two Top-10's in Williams GS - colbyathletics.com		https://news.google.com/rss/articles/CBMingFBVV95cUxQNWlQajNTNmNLay1GM0xZZlBjTWctUUhKWnVuR0hvOE00UTVLT2dYQUl5M3ZtX1hUXy1ueHNlSHlSTjQ3NTdyU0hDOTVYSHljVVNnV01OU2l1UWZtaC1oa3lQT2hOTHQyQ2N2RjdLRzdoXzFZTjg3dmFwLXA4ZlFyMUEtU1BCTWxkUUpYRFRaQV9GSURoVWwtVVE3d1V1QQ?oc=5
2026-02-12	Google	-0.033	Miss G of Miss G’s Tortas and Tamales deported after traffic stop for alleged broken headlight - Chattanooga Times Free Press		https://news.google.com/rss/articles/CBMimgFBVV95cUxNLWtyY216Q3FTVTdLd3B4ZHhDM0FkVHR4WGs3UDlfLXpWaUVUdnQybTFvQ0dqRUhuVlV0LUpWMUV2T3JPN2ZaQkVLQm4wSS0wR0djdjU3UTZwV0tJTzVBSm01NDJyODJ3bHEzR3Z1MmJkNmFoOWw5UWVSRzlZSDdvaXZMVHVweldQWHdrbHpZbE40NE1CbWJBYUtR?oc=5
2026-02-12	Google	-0.083	Speedland GS:BLK Review: Back in Black - Believe in the Run		https://news.google.com/rss/articles/CBMic0FVX3lxTE5NUGU4WE9ZUHExOFlvUjlMQl9Qa3dCM0UzaXRac1FqaUR5SDBxdk9DX2dtMzNXWG1JYndGck5RTTc5eDE0aENGMk1vYnVLUTdKWmtSSjlBSHNyQlY4TmljLThKM2kxTnVSZzlSeFB1azA1OUE?oc=5
2026-02-11	Google	0.5	"Obituary | G.S. ""Shen"" Adams III of Grand Rapids, Minnesota - Rowe Funeral Home of Grand Rapids, Minnesota"		https://news.google.com/rss/articles/CBMiekFVX3lxTE9McTRJNHRCMUJHVUkycWRrQUF4Q3N2N1F2Mkc1WEdfSUU2ZzZpZXJvOFdhNUpNRTBzdHNYanlyWE5KWW9PcjhWZ29UWWZJZWhoUWFkM3AtR3Uyb29sbHdDLWNFNmdpMVRlaTZHWDRWUFJrcHRNbE0tSUZB?oc=5
2026-02-10	Google	0.0	Train for the Untamed Terrain. BMW Motorrad kick-starts GS Experience 2026 training program. - BMW Group		https://news.google.com/rss/articles/CBMi6AFBVV95cUxOYVNLVE5VRjNNU3E5NUlISXhsUkRjY3J2RkZHZlhJaWt2MkRxeTcyTkEwc2FvcFRwVUI2djF0UEI0T2l0czFodkViZ1hSUUw3ZzNoZTVPcmdTOUJBS1VuNjFwTWNHalg1b01TQmlXM1hVajkwR2Z4Yi1PTWRraDlvUGJaMEhHZHdkOE5CdjY3VGxPN0ZJV3VlYUR0cmRwWm4zSnhRSS1zLVd4d2ZleWh3WHFZQ3ZENjlhT3pnbDZCOGlrUnpFZEVIQmFwVVFvYkFMNmJxOHhhNTJNOEd4blB2dG1OSWtHMGR0?oc=5
2026-02-08	Google	0.0	Brochu and Goetz Leads Knights in GS at NEC Carnival - Clarkson University Athletics		https://news.google.com/rss/articles/CBMisgFBVV95cUxPWXd5ZEQ4ZXZOdlBNZzNkbGJGWDhDTHZpdHJtMmxZeC1ERloxNE9jeWpLX0VIYXQ2OTB2ZmJNaFQtV2V6eXVGc2d5Zlh0Q2t2MWxwSnFKWUlrYURfNGFsMW42cmxtRDVnWTZvamJxV2RUY3o1NlBJY2IzQkVZaGdsT2pZZmdObXdDWEd2aXpBVGlWcjJOYnUtaEQwQ0ZlWWRmLTZpS2VyMFpzMDVVZzdVNWR3?oc=5
2026-02-05	Google	0.25	Mikell Just Misses First Podium to Lead Colby in UVM GS - colbyathletics.com		https://news.google.com/rss/articles/CBMitwFBVV95cUxNLTFSNjNIcjVnQk5fWXl0YjhvaUV4dWg5dVBpT1gwQkFNdVgtR1lsWmwycW03X2xZa1ptcFVrQUc1VFN2UkIzb21MRmlTUFJWUnRMTzJxN3BCTlNwSDNnVmZtZ1hSSDNoMGhFUzNPZThJam1wWjFIMnUxUTc3emZvTjg5Tkw5WkkyN1A3ZDQwdktVTzFFcTlNQTl0RmRESUJfMG0takkwaUtNaWVYUWlNcFUxOVB5ZVU?oc=5
2026-02-04	Google	0.0	DU’s Italian Duo Leads Pioneers in GS at Nevada Invitational - University of Denver Athletics		https://news.google.com/rss/articles/CBMiugFBVV95cUxQQ09PUWRTaGE0TnQzeU9reUtzTnZobTZZaXVUdEhrQ0QxV2F3VlNVWXR1cml6UDZidHlRVkxPSC1QYVl2WWp1MnhjZ3lNMllwRmQwQkpieVFzRVhQY1plQW9OdVNfcjRtak1GS09zWkZLM1ZKWm9jX2xaMThVTEFrYmxSejNpelQ5blJNMjZ1YVRGaWJ2eDJWRDBBazZLVEJKQkMtbVd0R2lRNGlXWS1nYXpZX1NXS0c1ZUE?oc=5
2026-02-02	Google	0.25	Myklebust Notches First Podium of Season in Monday’s GS - University of Utah Athletics - University of Utah Athletics		https://news.google.com/rss/articles/CBMinAFBVV95cUxOQzZCR1RLWjJTc3AzU3RGemY2YXBMeEZsNklXRDhJVkFPVVRoTmVOWFVtUVBKQWNsTnF3eTZZVEhzeVEwV0xySTJFMm1SVWhPT0xOcDNGNUxDZ013WTZ1dkpBdUNXMDVXVXNBa0xtbC1jdmhlVF9KMFkwUU5sUDJEVVI0QTlieXlkU2lUWHVjUXkyNVZ2djZiY2h0Ul8?oc=5
2026-02-02	Google	0.183	Wahlqvist Wins First Career GS Race, Tenth Overall - University of Colorado Athletics		https://news.google.com/rss/articles/CBMilAFBVV95cUxNMnFyeE4yYkVjRTRtRWllenJ6VHlZbWk0R1RBVXRmeXZJblRWU1Zoc1ctU3VfTDRHanRrX21jTmpZakhLbTN2Y1VsTnNqSXpfMUNpbHNJUGhTNzdSWU9tTEUwekY0Y0Y4VUlqVVlLM1UtWGxYRU9HcTBndjFxZVdNeHFIajNmbTRKbDByTTZPRTVGdlpP?oc=5
2026-01-27	Google	0.3	Meillard Wins Schladming GS as Odermatt Misses Podium - Ski Racing Media		https://news.google.com/rss/articles/CBMiggFBVV95cUxOTDBjY05wdkVXRUgtMHRmSXlNZlFZN1VHOHpQdXBXdW9leFRGaENlRi1sVllpanJxMy11bV8tRjRRTXM1dFNPbnhUX29nTVo4bzB6QS1tc2VwUGxfckxKc1BtejZjYVFrbDB3NVlZTnZHTlB4MXE0cjZsTXVHR2VsY3NR?oc=5
2026-01-27	Google	0.0	Meillard shines in the Schladming night race for GS victory - FIS		https://news.google.com/rss/articles/CBMirgFBVV95cUxQdUdjdUNoeHFiM1BPMVA5OWNtWFNsZFRlYmVtbGJxU1FsQjJsZkFyX0NtNDcwV3ZVVldWanFKY0lHYjZfQXBpMUFDWFI2Zk9OTjhOeU5YZ3NvNGVvMzlsOTFvWnUzU1hIMkk4X25PZW1ReTJ1bmpEOXA0UEdrb0phVUdfdldXcjVmc0hqbU92ZnA4MmdsdDk4aFFpRjBKQ1BHWUVUUmxscVFZQWtqcEE?oc=5
2026-01-24	Google	0.8	Olympic champ Hector denies Moltzan with statement GS win - FIS		https://news.google.com/rss/articles/CBMimwFBVV95cUxQSFRjeFRTZFVqNnBYdzREb2hOU0hnVnQyc0dFZmY5Nkt6a0Z1TWV4VzhrN01INHRPNFVhc2trTXAweTQ3aHFnMXdEeFRpQlIxNkVscHdtbFQzOXJ5akZyRFhIY1ZrSmdZZ0dHVFROdFgtSGtqMWN3clpqNG9CRDc3Y0MxUTJjNVZsdVdwallkRGI3bDd5QWNObzg3TQ?oc=5
2026-01-24	Google	0.0	Shiffrin back on GS podium after 2 years; Hector, Moltzan go 1-2 - ESPN		https://news.google.com/rss/articles/CBMirwFBVV95cUxQRG14S01QN2pIYkhnR2lFNkNBQU5KRlVfVUZOa2tYNkJid1hGdGFuZ0xKUVp0Tjk5QU1VN2p0eHVtNU9NUTV6SDhWX1BTcFREV1o0Y3ktZVIxaVVLYkk3bG9IUFMtWUJ1aF9OMVNWMmYxVFRlSkc2VmJ5NzJHUDJuYWJXS2NNVHRoc0pZajdGZnhsU1ZQTE1jNkFGRHhTSXlobTNTMEw3dmVxSlJCS2s0?oc=5
2026-01-22	Google	0.0	Alpine Skiing Completes Day One of St. Lawrence Carnival Racing the GS - University of Vermont Athletics		https://news.google.com/rss/articles/CBMitAFBVV95cUxPeEgySC05RFZZaHFGcUJhWU5PRGd3elJ1cUdVREtWMGtuWDVTemhpRnZPUWpfd295N2g3VWR2LUQ0dWZZYVV6ZjZVa0xUMXR4WElYZG1HOERtd0NJNUs0cTBlM0dQeEszWmwwNlpzZkRDVDV6WTZPSENIZkY0MFU4c1ZIY2xfLUE3b25wVEhhbWVLVmg5ZEV4RUlZQy1YR192aXJGendQdGNxTkVOZm5Qb2wtY1A?oc=5
2026-01-21	Google	0.0	ASUS Republic of Gamers Announces ROG Strix GS-BE7200 Dual-Band WiFi 7 Gaming Router - ASUS Pressroom		https://news.google.com/rss/articles/CBMijAFBVV95cUxNczEyNTVtX1hHQXo0dFhsVkJMODRmeWY4SUczTGRHaGEzRHBIUUhWeDRlUW04M29ZMEJ6SUdvZTdCTVpDYnN6RF9BV2tEQ3Y4dzg2YTZMT245MEN1YWVMOU9neUI2Y2otV2lqRzlPWTFPaHlwR2trQjB3elM4NnozeHFoelJ6THJ4d0pWSA?oc=5
2026-01-20	Google	0.05	Alpine teams take second in GS and SL at Wild Mountain - St. Olaf College Athletics		https://news.google.com/rss/articles/CBMivwFBVV95cUxNMlVlbHI5aFlzMENGM09odDM5bi16XzhKd3pkTnJzRS1uamloaFVXZzFyLXMwcUF3bTk1RmRfcXNBeFJmTjJ0Vnp1TWJ1ZkFQZ1k5d3dIbzlKRkVzWGhaWTUtSjlxSkE5R3U1akpKMVBVc29Rd1N0OG8wSTJLWDAxQ3dzdkpiOFRKVzRtV1VseFFIV0x0VS1WajhiaTU3SlNZNmJjRTNlbkF1RTJiRTdveUUtQ1VrckQtQURUc1VnNA?oc=5
2026-01-19	Google	0.0	'I am here to test my leg': Brignone back for Kronplatz GS - FIS		https://news.google.com/rss/articles/CBMitgFBVV95cUxOYk5MWFQ4eklNQlVfUnlJZzU5ZGlUbDlkYXpoejhnMW9vM1BsN0VwbDlWTHQyRWxMekJTQ0FrcmJpNVljVUQ1NTluM2ppdTJTWUlMWlhweEdQbFloWkFGZ0IzMDNjUm9ndHo5cmlNR29aSFEyRkd4bkpvbEkwbFVmVVhQQjBPT2xUdUgzaFdYT2tHd3ZWamZMSEY5YmZtQTBLT3NsX2h6c2xWWE5TbVF0X1c2LXdEdw?oc=5
2026-01-15	Google	0.0	Goldman Sachs tops profit estimates as equities, asset and wealth management outperform - CNBC		https://news.google.com/rss/articles/CBMiekFVX3lxTE14N2RKLTVQS0psV3Ffd2ozWnJOcTVuSkZrX1FJY29ZNTB5NUxhaDFmcXp2Snh2Uk15VVBrZnlFNUpSeHZTaHRuWVZ0cHR3eTZZbkhUcTREOGNVdjk1SjFFUHZSclJoRTZvQ2VzdGJseUxRbVV4QUNlNDFB0gF_QVVfeXFMUGJCeVhKUTNSQk1PTy1SUmlsUnQ0cnh5OUxpVDNra1paWUFkbW13MkIzVGlOWWo5bE4wNDNZMmxDSkYtWV96cjdHdTFldVZqYUNZeDRUeVluSFNyY2NEWWl1cmRDcGY4RUNpS0NicVRYcHhwT0dGMjh5OWpNdzFlOA?oc=5
2026-01-14	Google	0.0	Herland Continues Dominant Stretch in GS Season Debut - University of Utah Athletics		https://news.google.com/rss/articles/CBMinAFBVV95cUxPYlhVOEthb1Z3bVV6ZUFMcGFnZS1VTjU4cHA3NVQxV1J0UmR0Ry1xRnBRODZpQkZGbkMxRnJVb1pWeDRvdjhJNG5zU3dUd1NFRUdDMkdPT21PbGk1N1hhaEtfMmhsLXVCNE5vQUZkN2NsVkVycmcxV0g1cmtBdy02Q1hib0dHQU93bWUwWVBCNkhrUDZ2ajNaTnM0RmQ?oc=5
2026-01-14	Google	0.0	Market Know-How 1Q 2026 - Goldman Sachs Asset Management		https://news.google.com/rss/articles/CBMic0FVX3lxTFBObUhxM2xzVmxaNDd0ZGxMRncwUEJxVTBqU2I5cThCNVJYZUxnLXdhRV9iTXVlU2xVcnliYjhLU3U0bjQ0dHpLTDRzRUIzdklhWlFtamZuR1VQbzhoSm5aLUNMLVJQWVRTMmpXLUlWcGxzNms?oc=5
2026-01-10	Google	0.212	Authentic German bakery Mama G’s opens new Manatee location. Take a look - Bradenton Herald		https://news.google.com/rss/articles/CBMifkFVX3lxTE9JLW5hOXowaUU2VXZRNnM1bEt3bzZvNTMweThzRk5WSGV0YjkxLU16eHRvUmpTaEVnTHJJQktlX3Y0UXA0VEZMb1F2RXQ3WEVHaXpqY1ZZUDVOT3RDTm9GX0JMeDZHeTc5VE8yRWVOSm5Pd1d3ZDhpaGtnZ1EzQdIBfkFVX3lxTE40WUg3a05PZWQ1SFM3SDRzOXpHSW9zalpyRm91RW4wTmt5Ulg1SWlwVldaUmxwNE9FRm1ONjg3S0FCWkVEWTV3b09DaWdteFdnZlVjSEVqME4yeGljUFBhaHlFNTR0NWQ0eW1rTEpDYkFkM2ZNMmM5ZVh6UVZTZw?oc=5
2026-01-09	Google	0.0	Streamlined rAAV HeLaS3 producer cell line generation via GS selection - Nature		https://news.google.com/rss/articles/CBMiX0FVX3lxTE5lOVJsal82TmRIT2JxT0ZpTDFKclE2Vkg3UXd1NWlrQjdpMVlhb21DcU9vWC03RDVIa3JFZk94bkpub1BkckhfZkczdHFLdm0wYmRpdkNCbkxBV09HalBV?oc=5
2026-01-06	Google	0.0	Georgia Southern forward Jack Ireland (24) during the NCAA men’s soccer match between Georgia Southern and South Carolina at Bo Pitts Field on October 31, 2025 in Statesboro, Georgia. (Photograph by AJ Henderson / Georgia Southern Athletics) - Georgia Southern University Athletics		https://news.google.com/rss/articles/CBMisAFBVV95cUxNRnktUkVqdzVDLVp2NHBZQUVjQWVmN2dUMW5jQWp4TmhNdFF6OVpxYlRYQXpnSW9Dd3MxbWc5aVdLb2lkNzRiOFNObExMRVVmTVJkR1ZwM1B4TFM0b2tUOGlobEhrT21oTTk1RjVNYWlFcXFlZ0RDQ09LX0F5enlWZE9HWUxfUzI1MnVGenpkSUduUTJMRlprd2NMWkR2XzVaMHdMTHNxeXE2NDZ4Y2tyMQ?oc=5
2026-01-03	Google	0.8	Rast dedicates maiden GS win to Crans-Montana fire victims - FIS		https://news.google.com/rss/articles/CBMirgFBVV95cUxOemhIczRDeldza29QY0NBZW04WnF0MWFpOWQwVlZuRTlnY2g2Z3NDbTQ0TFcxUTN5TnR3QXJNbjJaRkg1QlNNWDFHRUNtTXFWb2xhd3czQUw4Nm9KN0dka25SR25LbzlEbHZ5NjI3dndHaTlUMVpXc2hFeHVoMUk3bjQ1UXgwSDFwQVQtVmdvc3RKc1RDSkI5amxobmowTzItVFR2anhOdWtfNEVRTkE?oc=5
2026-01-03	Google	0.0	GSSC doubles the size of existing research grants for GS students - Columbia Daily Spectator		https://news.google.com/rss/articles/CBMitwFBVV95cUxOQ3FUdEY3cWxzY1EzdThubFRVNmZnVDlLMGhIbW9yWHBycTAzcnpnRVlucmxNRWhxanQyT3FGVTl6TXhESHZISDBpZXotVTg2SWt1Yk1XMTRENU0zVTBPUUE3SmVLdVlnbTBOU2lYc0VDUXA2dUc3WU9zQkREZnV5SDhGcWlITnVac2FPZDFJM0haX21RZXJfTHFjeTI3dlhIb0t1ZVNBZ0VhaXkzWHlJV0ZDU3FBRkU?oc=5
2025-12-29	Google	0.0	Keefe Bruyette Updates Goldman Sachs (GS) Outlook Following Conference Discussions - Yahoo Finance		https://news.google.com/rss/articles/CBMiigFBVV95cUxOWXdPRlJCQUFaT3E0aTVacC1HYjBYWjcxdzcwY2tSRjc3TUY5WDN3V0VSR1Q1MmQ5emp1SVlQWU53SFpyWDVBTUZvNklxNjdlOE1CQndndGRWOWxtTldKM251ZER4MFA1Rm5OZnNXUVV4cHZfSmhyNkNLbXo1Z3NkNnN6a0x0dHRfeXc?oc=5
2025-12-27	Google	0.4	Scheib takes World Cup GS for 3rd win of season; Shiffrin 6th - ESPN		https://news.google.com/rss/articles/CBMirwFBVV95cUxPc0NEX1NxR3F5M0p2cUpqRkphSnlPdGJ0N0JyOGtJcTFZYmRxNkdUUzJTd2toeG43Vk5LaEVsMy1mdUdKbHRHTy1icldCZnhieDQwUWdQY2FSaTQ4aE1MZnhOSmpPQTNpbkVNaDYwa05OSEQ2QzBaYlRfQi1ySmRVd2FudVFIWk9fMGRkTFlxQU84a0tWVjVPekVzTGRnbWNlZmFvSUFVQWNCM1FRVi00?oc=5
2025-12-27	Google	0.067	'Crazy': Scheib grabs her third GS win of the season - FIS		https://news.google.com/rss/articles/CBMiogFBVV95cUxNNDZiTTRWVGZxUkRnSU5KYUJqeTZEYmV3Z1I2S2ZaTVBkRHZLS3dwZHFsZFNraDhIT0JtTUtGMnhQcVcwT3BIV2poZFhnT0tXVzBmVWxNUmNfQUJ3d1hsaGtPYmpiYmJZZFN6bkI3MVEwRk9nUnhnSEcyRUlXWFlybkMzWE9OYnBjNmhwSU1rUndKb05wTDRJUGpiQmZYN1hCa2c?oc=5
2025-12-27	Google	0.0	Shiffrin sixth in Semmering GS as Scheib claims third victory of year - AspenTimes.com		https://news.google.com/rss/articles/CBMitgFBVV95cUxQMlp0dUFvekh0eGN2VG9INENPai02dGszTzFtd05nSlI4MXdtUjJha0xVcjU5VFVxNGhXSGdQQklTSWVxQndvM2RjbllzeEtKWGlQMndWOTNYemZKU2syNUVzRmcxQ2FCU3o4a1NEWDQ1WWdJNDkzbFBZMklQcWZlSGpJeXdmb1otUHBWQTFyNmF0WG9BcF9hTzZyQ3J4YlhSVm5kWFdMWDBnenZjRFNwS29iMjNKdw?oc=5
2025-12-23	Google	0.0	GS or MS: Which IB Stock Should You Buy on Solid 2026 Prospects? - Yahoo Finance		https://news.google.com/rss/articles/CBMickFVX3lxTFBLbHdzNUtpdExyS3RmbE9QRm1xQTJSN1VYeFlvaG1wQUFNVmJSdzhpSUg1cGxJUllMVGpOZGo0UlF4NnRZUWdSd0N1M3FzcmpIblE1ZGNpSWY2R1p4N0toMVI0OUpjcnZUemlrbWFxYWcxUQ?oc=5
2025-12-23	Google	-0.5	Random Vandals Racing Confirms IMSA Scholarship Recipient Hays, Megennis in BMW GS Entry - IMSA		https://news.google.com/rss/articles/CBMiwwFBVV95cUxNREtocktlV19MNHBkT200ODJMMDJGcUwxLVdoVHdONUZBSkx5YS1XTWhrdzEwcjBpMEcwSnhjVURMNkFYZDFscGF3TEJhNWRRYTVld2tRSjR5U3E1eGhCU2hicWczOHA5N25Fc251UDQtYm9KNGg3b1hPZnRGUi1aTFN2M0o3WXZOMlY5RmpCQWxvSXZEVURCNVUtRE5iUktDSTR5cVZCbFozeVgySDdjcDE1S3BCeWMzQ2dPRnpWTHZodEU?oc=5
2025-12-22	Google	0.0	2026 GS Locality Pay Table – Colorado Springs, CO - FEDweek		https://news.google.com/rss/articles/CBMijgFBVV95cUxPcTlqYlh1RXB4MGtUZFlmVXJEU19HdW5FZ1VUQ1R0SXpRTS0yMEVMMV85Mzc3a1czY3BSZzA2cVNscjR2RTF0RFY1dGdlbzJEeUdFYmI2aVRnbGNzY2hzRk5OZk4zTkh6QW5Iak5zeTRaNWVtbTliczB4cV9rcUtCX1l1SHFIM2NMWjU2c0Vn?oc=5
2025-12-19	Google	0.525	Freddy Carrick-Smith Makes History With First GBR Men’s Europa Cup GS Win in Valloire - Ski Racing Media		https://news.google.com/rss/articles/CBMilAFBVV95cUxNMGxqclRqYnZNbkRLVlNkSUNkMmZCUUE3cVg1VVBqNTExVFVwcENEWDlfd0Q5VDhKSEVQUkNKd2FhVnZ3ZlJMcFEydngyU3dBQ1VBenVCOFpVNl9xVDFOd1F5UWNKc29CdmJfaTJfajg0ZWNwdEpZWVM2TC1QQW9GYmNpZ21fdkdfYmVWM1l5M2l5T05z?oc=5
2025-12-18	Google	0.0	Israel/OPT: States must not assist the Holger G’s transportation of explosives to Israel - Amnesty International		https://news.google.com/rss/articles/CBMizwFBVV95cUxPMjBPMjUtVXNUUVBzTDNOMHJnTVBCc0dtUUZ4enNaandORUhubnFSckRqaS1jdlc2bmhDcDRZeTZCN3lheTFfcjJDcmpIN2hHa2ZJa3l4SmM4ZkFoRDJpWG9TWFI4Q3QzaHF1UGVrcWxCVWRKbEI5RTVlOHhBT3EtYU1WemxvQmU1RE5nZ0l6TEdXNmN1SkFPSXRIT1ZnWE1XTDV1S2RrZU9nTy1UamJ5c2tGMGtvZW1RbkNXZFlyUzJ2TGZoNTVrWDFza0FSRlU?oc=5
2025-12-17	Google	0.25	First KohR Ford Mustang GS 2026 Lineup Revealed - IMSA		https://news.google.com/rss/articles/CBMijgFBVV95cUxPTmtlS0pTQ1BmNkZjVG9vWjBEUGR0dXh1WkVwTG5Kamh1V3hsckpScjNKckVhdXVvbE52bUk3S3lxMnNYeWQ5VTlyM1JvVTVPQlE1Qng2NjRtMFdFWWljYVRJdkpkWnhGcmZZUmFJc01xdjZoLUJrdlpXeUo2aEVyZnlmMURzM3BaaFFoakd3?oc=5
2025-12-16	Google	0.0	GenSci and RTW Investments Announce Strategic Partnership on Anti-TSHR Antibody GS-098 (YB-101) for Graves’ Disease and Thyroid Eye Disease, With Global Ex-China Development Being Led by Yarrow Bioscience - BioSpace		https://news.google.com/rss/articles/CBMi3AJBVV95cUxNdFUtblN4eXF6Mk5KcUdZdXNIZDA1WlFRWlhlNzMtcC1ON1NCc2huOFMyZjA2SjdJNWRrdERjY1oyclNIUUhvdW5OZld5Y2E3UFJ2Y3FHaGRIWDJWUUh3QmFPVjlNOXFWZC1rZTlMdENVTlRjQ2FROExYUGRINlBCazUtbC10OThtanVqejU2bHhybDdiNFJKeEgtcGRHSG5lTG4tMkhPMWpEYVVGYmlBQjFfdDJNUXVKRkRnMnJXVTBnZWdQLWhzdlVhclZEX3hTSzF2VTJBRHJFUkdHQW5yT1hBUnVJSnpieU1xLUVmMDhxdEQ5ak5yOEhzcFdnN0h5c0ZoSmstNEVTRElOWEY3YzZGdnlLUk9IbWZxQzVFM3oxdkhaVXUxdFEzUV9GYWh4TkxHQ0N5eTk2QjhIdk1PSGtqSkdYbFhwQV9OYjN3NTN3X2NYS3hlRGItU0s?oc=5
2025-12-13	Google	0.036	Val d’Isère Men’s GS First Run: Brennsteiner Leads Tight Field - Ski Racing Media		https://news.google.com/rss/articles/CBMiigFBVV95cUxNVFY4VV94eUJocDJKTTlza0hWUUp0bVBGendZTWxaY1EwZjFDb05kNTdDRG0wdUhqcEhYVHItZVVweWtIZWdDbkQwdk1ncTY3OFhQZmdQYzVTWXJ4OHZvNjFUalJCRTA1TXJWdFpuV1R6QmtBZUxfTWNGaVZ0dExHNXhsbXRBRWEtUFE?oc=5
2025-12-12	Google	0.325	Sweet G’s Ice Cream in Nappanee wins national award in prestigious competition - WNDU		https://news.google.com/rss/articles/CBMipwFBVV95cUxNblpBZE96ek81OUNuNEppX3ozVXBMX3doc3BvSUt3cGVUMG5yLUJpYTdXbDFodm85Nl8xQU1tZUU2cEpCTzlhTExNRHZsRlFBMnJiLWhGZzk0VUZXNjBIVXhITjdEY1dpNVhpT1pOU0h4VEZNeE9EaktOQTBxYUxySnYwSmdoVGlTVWZfNlhCRVA3ZG41eFBMakVqWXV3RVdySndWRDVkd9IBuwFBVV95cUxPQ1ZsVXhWakZDdVZnNFY1OGhuY2Y4aVQxTXdxcDVGeV9QZGFhR1pha2JOdWdfWXBNV3dXN090dFZEWnFpQWNiRl9yM3pXa2FidTBLVndoY2pNdktIY1VENHRDaTVMaTdJM1dENEFGX29zT1NkanEwWHZ0NVZNMkd0RlZfcFlDWEE0UXF1M3U3dUtxOFBVUlZNTTVoS0pkNWRHZERNVThCcU5OUDM2MmhkVUxNVmI2aGlOd19z?oc=5
2025-12-12	Google	0.0	How Are 2024 GS Pay Scales with Locality Calculated? - FEDmanager		https://news.google.com/rss/articles/CBMiiwFBVV95cUxNT3NaUE5sX3lBZGNmNGNwemV4aHhWdVl0dzRVQUt0cFNWYWFUczhaTjZ1d1JzalVFYVdVUXRhSXNfNXM2a1FuLWt0TTJIdzFJVnhHaXdReU5aRGZzZjBsOExkdlljSF9mbkgzcDRzU21lYVVsNldHMlhQNzFXWFozZU5sdVM2TW90RWpF?oc=5
2025-12-11	Google	0.0	Preview: Men’s World Cup Returns to Europe for Val d’Isère GS and Slalom - Ski Racing Media		https://news.google.com/rss/articles/CBMiZ0FVX3lxTE1jWGdNRFcxSUFJWTZxS3ptV0hESF80TmZkNGpWUS1rcG9SellabkxTSW9jVjVmMDRaUDZ5NFRWNWF6NThZc3VMb21oR1RYSFJGSU9kNnpxUzZ1bW0zdVhHWkVWdjhZRFk?oc=5
2025-12-11	Google	-0.07	Georgia Southern Rifle sophomore Bremen Butler during Small Bore Finals in the SoCon Rifle Championships at Shooting Sports Education Center on February 8, 2025 in Statesboro, Georgia. (Photograph by AJ Henderson / Georgia Southern Athletics) - Georgia Southern University Athletics		https://news.google.com/rss/articles/CBMirAFBVV95cUxPSTJDeFFTdWZrbmFlWmVLTzJqbmpBR3ZESlp3VmFDN2F3MGsxZU1YMkRFSWN0MHZ5ZXF4ekRzb01UMUxqUDNFUWU3M3lsUERHRmEyMkdEUTFjZjZ3UnlKOHhGV252U3BuM1ZZUGo0eGx6TWRFVzJyLW1oc0VxbDVZYWJXNEp1VEd0T0hvODNCRUg1dkU1NGxxOGdvbFVCdy1mWEUwYVBUYUJQNmlj?oc=5
2025-12-09	Google	0.4	Ericsson and Nokia get set for the end of the Gs - Light Reading		https://news.google.com/rss/articles/CBMihwFBVV95cUxNaXVEOTRGc1V1WUxZSUlrLTlQMUU2T0lkT3BUR0Z2ak5WYk4ydTZXMm5KakJVSldjT2xETkh0ZVhidno2ZWxfOTZTUmgtSm5pSGJhTE93ZkY5R0NnRGNtYnA0QjdJeTdTRU1uZHNPMjcyM1RnMTU0VWhtMkNYcTd4T1ZlenB2QlU?oc=5
2025-12-08	Google	0.0	Analysis of risk factors, clinical data, treatment outcomes for cats with feline infectious peritonitis using GS-441524 (2020–2024) - Nature		https://news.google.com/rss/articles/CBMiX0FVX3lxTFB6dmw3cF9peVhBbG9yeFc0TjZZeVV1NE5KRGJGS3AtUkZaLWRvR0JYVXB2R0IzNXpKX0M0M09YMHBVS1haRGxfVHpqNkROY0NTYm56YXFLYmhxMEt0aVJ3?oc=5
2025-12-07	Google	0.411	Julia Scheib uses strong final run to win GS; Shiffrin 4th - ESPN		https://news.google.com/rss/articles/CBMisAFBVV95cUxOVTctOW8yWE5CZFo0RHl0LVlGYTBWQmpkQ2dpamlqbTBJQkw5a0J1V0dibEVPNWVjcGZjS212aUpCcUU3TW8yaHZwcFBac2FFdFE2UXBaWGtqMzRIRXlRRDRaMlN6c0R1OG5haTF4Y1dyUkVIcUZHX09xUTN6U29HYU42X1R4NTNPSVpiNlV0bWk3LURCVFlxN1dfR3RUS3VhblNCelFsOHhNdnFCVjhxRg?oc=5
2025-12-07	Google	-0.044	Scheib wins Tremblant GS in dramatic second run showdown - Ski Racing Media		https://news.google.com/rss/articles/CBMihgFBVV95cUxNU2hFZS12ZVpEeUx3blE5c0hUQmxTT3hrN3cwWjZBcUtQQ0RNSTNsN3dTdXBGVmRVTzVseU1XWEhZTDFuZnFWQktYcG1IS19lOUR4Q3pxN1lQek5XYzU1UnR3ZC1jVVU2MGJoVWRsMEhTLVFhQ0N0cl9GbUY2aW5JalpkYVZkUQ?oc=5
2025-12-06	Google	0.167	Alice Robinson wins 2nd straight World Cup GS; Shiffrin 6th - ESPN		https://news.google.com/rss/articles/CBMitgFBVV95cUxOY1BGRG5sTDdJbERCUkMxQW9YWXZnQUxuZ28yZG5rN0Q0ZW94aVBmbnZGTFFXWGczTWdEanFNMVA3QlZUVmxSRHRpV1k0ejZGeHNTdGhaNE5UcUJESHRjZ2hJa3hiNHFjU2FSOHo4emRaX1JIa0NvcGcyOWZyMmhzWDhTVGo4RnZDSGZHNEdXemJUMklZS0ktQzlpdkt5ZEtNSEFYaXZWT25iY3pHWlh4cEQ4N2puZw?oc=5
2025-12-06	Google	0.0	Mikaela Shiffrin slides off podium in second GS run at Mont Tremblant World Cup - VailDaily.com		https://news.google.com/rss/articles/CBMirAFBVV95cUxOT3IwLURyM0FCc216X29iZGpOYk15RTVxZmJkRGdkYUVtZGoxOGdDZlZKVUVuNjA5UVFGSWhwV0xEcHc5WldxWllmdG9pMmd6VGpDUWFUVmpJNXY5Vlp3eW9IVnd2aUpfaE90amVheHo5cy0xVGlxV1gzdGRMTGRPRlk2MDYzVElGY0R0TFp4N0U4N1pWeGFDakd0RDI2XzVrUzN4WTZjank0TGhN?oc=5
2025-12-06	Google	0.0	Robinson Leads Tremblant GS as Shiffrin Surges Back Into Contention - Ski Racing Media		https://news.google.com/rss/articles/CBMidkFVX3lxTE1ERURzU3l5TmJnUEFXN3Z2N09ETFZ2WjgxTmdyRlhabXBoa3d6SGtHVnBucE5TeHprdk9iTFAzVTRJWFFfRThpLXVJZUNLTWd3Q01MUEF1RTBlWmNJbXFiWnI4bUFmS05sX0lFTmxheHg1bGxuRHc?oc=5
2025-12-06	Google	0.0	Stifel Birds of Prey Men’s GS Start List and Program | Beaver Creek World Cup - Ski Racing Media		https://news.google.com/rss/articles/CBMicEFVX3lxTFA1U3hwa0dhSkF4TFMtYzJ0UkxpeFdrM3dIbWFERi1lM3ZqRGEzT0JQU3hXU21QcEtMd0FMV29idzFSdm1Gc2k3QlZUR1RRNjQzRWtwSU00dGhjLUQwdUtDNEl6WlQxZEhmS25KSFNfcjg?oc=5
2025-12-06	Google	0.0	Tremblant women’s GS startlist and Sunday program | Dec. 7 - Ski Racing Media		https://news.google.com/rss/articles/CBMidkFVX3lxTE9XM2ZmaUJ0ajVLdDVfcUhiaUc3STNrUHRBNURjYVNCSjF1LXJGTmtUWXNQeTRCSVdOTUNtbFl0czJ3cGctNVo5c19KSTNzMkp6RXVKMXl0cG41NVFOOXRnTVFYTEZXR1M0S2p1SlIySUlHallXanc?oc=5
2025-12-05	Google	0.0	Tremblant Women’s GS Preview: December 6–7 - Ski Racing Media		https://news.google.com/rss/articles/CBMicEFVX3lxTE9LN01sSU10ZlNsZVVPbnFYTS00UXYyWWV4TlctZlVYeUpaTi16MnRfMDZ2bXZqaWgybEhHLXh1Tm8xam5hNWJ5b0MxQ3ZNUnlvbEN3bUt0c05STGNsdW9feFFWbkwyLVo3VlJiSHRzOXI?oc=5
2025-11-29	Google	0.1	'Complete disbelief': Robinson makes history with GS victory - FIS		https://news.google.com/rss/articles/CBMirAFBVV95cUxNUUtXQVJvcXlGSElQWFFKVjJBcERGRklhRE5KZF9SZTYteHptU1FvcGJYODJwZlBfRXIxX3pwMk1YaHhZWU9iOXc3WVBEakg3cWJLZFBfSjdrc1YxYUZpQ3ZZOUZ0M0FiSmx5WmdsY1hRbk5xaGV4SEZJQlI5al93blhyaHFWMENGTldkNDRCMExvY0E1NEdtbEhFNjRUS09HY1dNQ0hwRzg3NlRi?oc=5
2025-11-29	Google	0.0	Alice Robinson dominates Copper GS with commanding victory - Ski Racing Media		https://news.google.com/rss/articles/CBMiiAFBVV95cUxNeXE1VWtudFlNMEppSTYzV0N6bFd0VTlBVGNWVUVNWVRtRUVfQk0xQl9jZE5ZNzNyZFNJdWtwU25LZ0IxYzNsaHlnckVwWm1FcDljZDFNdzdTQ3kxd2tKQWE0WkF0Sl9XQ1dnMlNlQnl2eExEdUVISktwWUhWZWEzLXNTdk5nX0V6?oc=5
2025-11-29	Google	0.0	Robinson sets Copper GS pace; five North Americans qualify - Ski Racing Media		https://news.google.com/rss/articles/CBMihwFBVV95cUxQQnNEeGFnQkFiNXBZSV9QWFloUS1zR1V4MWxRRkhUdTZOOFlZNUVJbHItMWJDZlpzaHU5WExaT2R2aVAzN0Jfd2VPaEQ5QWE0bzQwb2M2TGJzbjh4UnBvZGlRYzB4aVlaZDEzTGlMT09McmFfODVkam1ROGJlcWFjdHdFd3l2V2M?oc=5
2025-11-28	Google	0.0	Stifel Copper Cup: Men’s GS First-Run Start List & Friday Program - Ski Racing Media		https://news.google.com/rss/articles/CBMijAFBVV95cUxQQ1VuY0htYkhRX1ZCZ0Ezb24xZHRKSHhNdlZyZ1M5QkZYS3duT1gzaklTVVBpZElPLUpON3VzVXRRRDZYVG1DVEQtX2xmUDdsUHlJV1pZb1V0c3U0SjJ5SDljN0RaUVliTW10MjNzMjlYVHZqa0k3bWFKRE43UGdlY3NyN09TRFZ1MzVlUw?oc=5
2025-11-28	Google	-0.089	Brennsteiner Leads Tight Copper GS as Six Skiers Stay Within a Second - Ski Racing Media		https://news.google.com/rss/articles/CBMiXEFVX3lxTE1LblB1bDA1NXlWN1MyY3pDRk05enpyMVUwemdqY2xtNlQzUDc1RGxyeEUwY1FnZndiMWhLb0o2bjNXdE4wTjUzc090eTNha1ZIejBqX1BHN2JTVFJr?oc=5
2025-11-27	Google	0.0	BMW F 450 GS - Additional photos. - BMW Group		https://news.google.com/rss/articles/CBMiqgFBVV95cUxOdVZ5czFuTGl4Q1VKN2dLSG9QYTRaMlM0Mjlqd0hMdGg3UkdOSkx0c3B4OHZUWVo5cmpmcHhDeFd4b3BKaU1TM212YlBwZnNNS2RYWU5zRW0wQmhEV1VnRzlTQ3hPYlNqQVd4akpBUWtIVlVoQzNvdS1idkJsT3lDWU5qWWxna3Bfd01ZS1FLRzUyeTYxYjY4QjRCTW1KMUVlNzZyWHV2STNIUQ?oc=5
2025-11-27	Google	0.0	BMW Motorrad Model Update 2026. - BMW Group		https://news.google.com/rss/articles/CBMiqgFBVV95cUxQTEdHVlRjQUJrZFlPYlVnX2Z6VWhSRVM5Nkt6WVIyOWhRR2lReE1KQS0zcnU4bXlrU284OThEcEdaR0hseFhKWXV1Z0tTVzF4cktyRmJkMmFOYzRPWkNiUnJ6ZEhqNjg2YjJVZnRxS0xlSXNDLU1uUE9vcE9IVmdPQ2ExUG5SYVQ4MTI5Ujh3T2tscHJrQlgwbE5Pd05ZSjZmMXNDYlJseXBodw?oc=5
2025-11-17	Google	0.0	EVSDA 2025 – ‘ARCHITECTURE’ SHORTLIST – LAM VILLA (PHẠM TUẤN ANH & GS TEAM) - EEAS		https://news.google.com/rss/articles/CBMid0FVX3lxTFBiNTgzRk51b1duLVJwNVliVmtaVGI3M21jakQ1bnptcjZYNTlUUTlSelNXSnhFQVF4c2tJQ253UEQ1R2lBZEVoUkJENDRTRDZFeU1KS1hKYWJCclg3azNRSFV5ODBqOWtKc2V2UjBKQkhEenRGMFZv?oc=5
2025-11-13	Google	0.0	I Thought BMW's R 1300 GS Was Too Tall For Me, But To My Surprise, I Grew To Appreciate It - RideApart.com		https://news.google.com/rss/articles/CBMilAFBVV95cUxPU1pJM3kzaUdiTGlFUGQwRm9vU001OTNCdkNkdmxyTHE3bXowamdJdjZGYVM1TkYyZlV5UzNuQUIxVm5laU1jMWdpNXZrU0JwRGFPMHhsRV9xRVNBUlNtTGY3eTBsQWtpRXJLdXBhTUhIMjE4RjNJakJzNTFFUFZLZTVhbjBYaTc1bzdETlNlZWdRdDE2?oc=5
2025-11-11	Google	0.286	8 Nights at Birdie G’s, Presented by Resy — Resy | Right This Way - Resy | Right This Way		https://news.google.com/rss/articles/CBMid0FVX3lxTFBSWTdaTlpWb2NpUnRYNGloTVBjOXVEZ3lBRVJtVm5VVXk5MnE1ODBYd0NCQnNUZWd4UldlMTdtMzVCaUhZYUthWmtZQUJaLXhISnNHVVljUFJQRFNVazNiRzc0bXRUaTRRcEl3aUFCZl9NeTRtWXNZ?oc=5
2025-11-06	Google	0.0	2027 BMW F 450 GS Preview - Rider Magazine		https://news.google.com/rss/articles/CBMicEFVX3lxTE85ZHRaS1hSR1hVb2FKeHJtME1aN3VNZnk3LU5sYk1WRTJLR3laV3lmbWRJaXFySkRNU1VhOS1pMWU2YnY0N2U1V084aDNUYlJ4dWMtMDY1bjN2Q0NoM214Zzc0NElqNWZmdklqRG1YZUw?oc=5
2025-11-05	Google	0.4	F 450 GS, a genuine BMW GS in the 48 hp A2 class - EICMA		https://news.google.com/rss/articles/CBMifEFVX3lxTE1CM01YdGZOZ2Z2QWZ2WGYwOV9hNnhHYkxVeDNtY3B0X2hic0lQc1JyeGk1YTdsMUZSRzVkNFdERXd4a1BpdWlRNmdDR1NKaEZRM3FqNDNCN3IxOXI4MkI2NjFWaEJGZHkxaXc2Y1puNFZRampzUENEUEVTOVg?oc=5
2025-11-04	Google	0.0	2027 BMW F 450 GS Unveiled at EICMA - Cycle World		https://news.google.com/rss/articles/CBMibkFVX3lxTE9qWnZFZnRPSlBrd2tfUDBiMDBjVXRyemxtSnZGWC1sdmx0N2hsY0RBZHJWNjFsMzZXczFpOVROdmN4dFBfLUk4VHpraTJUNVplNGJjMnFqNXhsRnQ5eTM0ak9FZnNDcGFjOXBqeFlB?oc=5
2025-11-04	Google	0.0	BMW Motorrad presents the BMW F 450 GS. - BMW Group		https://news.google.com/rss/articles/CBMiuAFBVV95cUxPaFktQk5VYnhrWm56ZTNsbVZPMmxOeTBERjFPWW1MQ3FuejVHeTdlUzdrNWtEOEN1RlVCaDVRNFZBeXg0WG9SRS0wWXliZ2pvelM2dEVXeFNyRmxZQ1BFZHE4RDVBcjRVZ0s3aWtlaUZxY1ZYNDNuZWprRUluNnJxbXBWRjQtWGRYRl9rM1NodmV1bFBHQllmRFdldFJqMG1qSktQZzVPVmt3clViUk1YZXNBQlA3SkpU?oc=5
2025-11-04	Google	0.0	It’s Here: A Closer Look at the 2027 BMW F 450 GS - Motorcyclist		https://news.google.com/rss/articles/CBMickFVX3lxTE13YmltRnl1aFJ2aDlfeUt4ZU92emJrbGRZR0lvNjBRUk43aWV6V1VUVjNua2V1ZC1nU0ZuMHZUZmNESlljQmJMaVVWb1YtdGZUNVRkQ1pxUmhZLXNtRXVwand1NldqXzN6M0tRaTdjejlHUQ?oc=5
2025-10-28	Google	0.0	Shipman apologizes to GS students for sudden housing relocation following release of GSSC survey report - Columbia Daily Spectator		https://news.google.com/rss/articles/CBMi6gFBVV95cUxPZnY5NzBpNTNLc0p0MTFGXzRYNnA0eUhEcGRCalJQOVpkZXd1aG9ZeEFfVHRTSlR5VTByQ0tFZmlaZG9uUnRFNlFRU3BaSE91LV94UF9oemlGdXFfWVpEcTA4eEQzTUJyRDUwY2pkbUpWTHo2T3cybzZDdXZaUnM3bmd2cjE2aHlOaV9xSkpKaVZ4YXJyeXNYMnlxM3VRM2tzSjRoNmZMTnVKWE5Ld3ZVOHBNbFJwWGZ3TEVnVHdONERndjhuZllVZU5jbXdZSlNIVk4wd1ZGUy1QT0x0bUxENWpnVHNvT1BzV3c?oc=5
2025-10-24	Google	0.333	Navigating A Breast Cancer Diagnosis While Pregnant: Lauren Gulliver’s Story - Stamford Health		https://news.google.com/rss/articles/CBMia0FVX3lxTE1MZUlHd0ZiTFhUY1hWVjRreGpZekNOQWZRLVhvaFRFdDIyM2RpVUJUd0RfY25kRW1xTGl0ejBkcS1tMW5FZ09EdGNvaFEtVlphSlBEdTNoYnBLVFN2dHFxMC04MVZxRVBUSUhz?oc=5
2025-10-21	Google	0.469	‘Fresh, excited, very hyped’: women’s best GS skiers kick season off in Sölden - FIS		https://news.google.com/rss/articles/CBMixAFBVV95cUxPdFk3TkJOd2R0dHh0TDR6MHB2elEyOTlnWlBPcTl6ZWFJVFlOTVVqWnRPeUxJRFlZOHRQRUgtS0hnS1hZcnFZM1B2ZWxET0pzRWh0U0pad0hsZzg0X3RzVVhFWU5WNGpkdmtXbWhLc2Vsai1GaTMwaGRvOTlHRnhNbWtRNWt1SUtPT0VNLW5OdzNJSTNoMlBDX1U3QTZwdzBabjMzdERQZUxERHpRWUZycXdZSkl5QkZkakdLQXNLM0N3b1J2?oc=5
2025-10-21	Google	0.0	Sixth Street CEO Alan Waxman on Sports Investing and Identifying Opportunities Across the Risk-Reward Spectrum - Goldman Sachs		https://news.google.com/rss/articles/CBMibkFVX3lxTFBVemVMY1pleUZ4UWNDdzJrc2M3QzBITUxZamtwc2x5T2RtTHFXQzhDMU11Qk9ucndsN3FiZHNoUmRLMGtzNnhYclpYSjA1LXY0ODF4djZ3dUlpYnpUWWdhZHJqeXNjRWp6cE1fRHJn?oc=5
2025-10-12	Google	-0.05	Eagles Host GS Fall Shootout Over Wet Weekend At Wallis - Georgia Southern University Athletics		https://news.google.com/rss/articles/CBMiqgFBVV95cUxNNmhPZWMtbXVacTFlYTdzRmhzaDlCblgwM1dMVGFlM3RWZDBiODFDbmhaSHM4Vi1DemRjX1lKU0JZWEJ0WWEwSVB0VHZuNWYxU0lLV0dpdkxYQXEtQzAwQnlrbld6bnpJQjF2bzdqQnBQMWpRM3BFUVlSMVluZHNZV2F5cFNNajAtaWNIVFRSanRjODBHZ0V4ckxnNVlUaDhWdU1HNjNVZDdrQQ?oc=5
2025-10-06	Google	0.0	Stone GS: Lessons from Jane Goodall in her final days - The Brown Daily Herald		https://news.google.com/rss/articles/CBMiowFBVV95cUxNYjdpWmtXT1dfSDNpT21uZU1mQnNwUjJyS1R2MmItZ1hrVVREd0N2RnRRTEgwaHJiUGlYcVRWRGt2MDRTcGQ3ZzFPUGJJZk9JLWJzVTBweEJ3UlVsRTZ1N2NsZHZRYnFLajYzNmlOU216VjRCc3NEVURta2JGbTNjWmxZXzQyZjltX1ZIV1N2bW1mM21qY2lId1RzU0YxZ2FzZHRV?oc=5
2025-09-29	Google	0.0	GS SUSTAIN: Adaptation: Mitigating Physical Risk: Where We Expect to See Investment Tailwinds and Why - Goldman Sachs		https://news.google.com/rss/articles/CBMisgFBVV95cUxNSVprR040UFdpU0hHUUNMRUhzWkhXM2hIN0p4M3lQSzA2M1ZRYTBfejZzekFKWGdweDNvbmx4a2ZySEVVa01sbWFfaHFfUm1PdU11MXUwQzJWQWN2VDZwU0txcVZuWWtOeFVqV3JGZk5aeUYyLTRIbWFPQlh0Sy1QV3dEQ1ZKUV94b0hxa2laOExndnR2a3hpUjBIcl9QWGExTDV5UlhfX2UyakhoLTR3dGR3?oc=5
2025-09-21	Google	0.1	Birdie G’s to close citing economic troubles and civic neglect - Santa Monica Daily Press		https://news.google.com/rss/articles/CBMiiwFBVV95cUxNY2lOT0pEOWdKUy13SVVTcWhfcVdjUjdZVGRGS0pRcXh4anRpSFY3MlNyZmdBZS0zaHQ2ZHZqMmtqVFJMQWVxeWV2SG5QOEpXekpJYWNqNzZTanM1RFNpMjh3dUVTZHhzaTlfOS1oVFVUYlJkUWlyVHpEaF9vdGRvOW95OXdwNUdLVERv?oc=5
2025-09-18	Google	0.0	Santa Monica Restaurant Birdie G’s Will Close at the End of the Year - Eater Los Angeles		https://news.google.com/rss/articles/CBMiogFBVV95cUxPY0k3NlJRanJiUlBUNUU4cU5KaTNBVnNkRE5DbHNCRVd6WFlfXzFCVjFONnFxV1NTQjdhTEJoQnZfVFZKS2JWMWVCekYwNElENnNGa2RsVDl4T1g5YzJHaV9qbm9CLTRFbmFjeVVMd0pFZEVZS2F5MlRlTFpmSkNxcjgtcVJWMl9VTHpPdjV4bWlmQlhpT1pzWl9TbW1zR0k2TkE?oc=5
2025-09-17	Google	0.0	Birdie G’s, once called ‘Santa Monica’s hottest restaurant,’ set to close in December - Los Angeles Times		https://news.google.com/rss/articles/CBMinwFBVV95cUxPdXFhN0NUQV95UEx3bTY5TnhwWWVvOEJhRGxoNmllcE1LNEYzcU5OazBsZlVIaWM1a2t3VkRaMi1sc1V0LTc5YUxqVmttWFdwUEJNZXlhWFRIYWIyYVN0TDZ1ZUViQ0FkMk1XV3F3YkV2dGhTSHI2RWlDWm0wTzNXS2xjQ2pEVDFPY0FvcnVzTHVhdTNOT25lY1NvWGNVYVU?oc=5
2025-09-12	Google	0.083	Astronomers find first direct evidence of “Monster Stars” from the cosmic dawn - Center for Astrophysics | Harvard & Smithsonian		https://news.google.com/rss/articles/CBMingFBVV95cUxQTmREQXBrc0pReGt4T3UzSHBZczZPYW90aHVEc2FZWDZucGJocFVmaU9odjh0RGp4VkVlSmxtak9McWhOTUJVV29mNFY1aHlTWXllTVItSC0wc0ZnZ3p3eTJkV3RndlBuSTBhaDAwWWgtaDhsSkZNbFVIeElfYzMzbWJpdXRIZk9Eb08yZ1ltM2hocE52Yjh4NGtjX213Zw?oc=5
2025-09-10	Google	0.0	Taqa in the $1.2 billion purchase of GS Inima: Advisors - Iberian Lawyer		https://news.google.com/rss/articles/CBMihgFBVV95cUxONDR4cEZSdDg5VnFTakNPZzVQM2wxcUQwQUJBN1ZYbGRzbzBodkx3bEsyb0pTRGNudXpBREJRWFZTOU9zR0xwQllCSkVoanAzdWR5Z2F4Q1ZaV0hSTkRuWUVWYlJPelNlcFFqV3NKdmJob1pfelJSRG5WRDVPd0lIRm9LNTYxUQ?oc=5
2025-09-05	Google	0.0	2026 BMW R 12 G/S Riding Impression - Cycle World		https://news.google.com/rss/articles/CBMic0FVX3lxTE9xUFkzSjRMcnJDN0Mza1JPeG9mS2xIWVVSeDlCSUZMWGktWW0zTENhb2FnVGd0MVQwdkVSY0VIODU0MzRLb0FRaXlUX2tpTVpTanpaeUprVkltWGNXZzJUbGNLdDdFSDIwY3BYTlVDazNyUnc?oc=5
2025-08-28	Google	0.0	K&L Gates Advises South Korea's GS Engineering & Construction on US$1.2 Billion Sale of Water Treatment Subsidiary to UAE's TAQA - K&L Gates		https://news.google.com/rss/articles/CBMi6wFBVV95cUxQWkNMUEpPRDNSQ1JnUXdnczYya1RXR3Z0c2xSa0w2d3hpQmVCc3dwb3lWM3dNaVotV3RmZVJXREp0UW94T0lQMGpHdUk5N000QkZRLU0xVHl3ZlN5czVmLVZpeXhkdzVSWDMyZHpGaElmUEppUHIxc254VVJDTEtUZXMtQWlvMHM2X3VkRlAxekFobWpBQVF3SEdQcFlycU9YLVVIMHlSQ3Rjd1FLZTYzWURkR25jZGpDU0FINFFlekVlTFBkaFdxZlJNS25fS0plbkNSWlkzRWtvNlJyQkVLQndNbkhzN2h4TXJ3?oc=5
2025-08-26	Google	0.0	Deciphering molecular determinants of GPBAR1-Gs protein interactions by HDX-MS and cryo-EM - Nature		https://news.google.com/rss/articles/CBMiX0FVX3lxTE9JRkRDeksxS2JZNXpWLTNHdXJtTzdoLUNfXzIwNmZ1aWtzWENKZjRWZ3QtSnZsQ3VyT1FuNTJDS3o4WWlfTTRJUHppU2QxS1YtME1ldHpLRm1KM1I2amJ3?oc=5
2025-08-26	Google	0.0	Dentons advises TAQA on its acquisition of GS Inima - Dentons		https://news.google.com/rss/articles/CBMizAFBVV95cUxPYzNIa3NuUjl4VHVCLWt5Zk9yNW1iYzN3YWI2TGQ2bDVRdW9Rbk9KbF9RRWczNXdSdmN1MkluamJ2bTQzTW1CaEozYWhFTGRjUmtPUXNoN09QQWNfZWNzT0dsODdpNmFWWm9jWlZWNzRwRklDOXpuc1J6ZXQxX3dhZ1FSVS1yRE84N3J6XzFubEw3VGlzUmVmSjZ2WDZYNDFoRnNxSDlUT1N2Z2lZbG5UUkFuSVdtbXhPTldibWlpOE5BaGlhWmVZLXJ4Vjg?oc=5
2025-08-25	Google	0.0	Abu Dhabi's TAQA to use $1.2 billion GS Inima deal as launchpad for global water expansion - Reuters		https://news.google.com/rss/articles/CBMiywFBVV95cUxNa2hXSG1aT2Vnb1FoQ3JsRFQyQTZUa3ljd3dSdXJwZVpEWVkyNTRuM3diS0hxWVIyanJ1bV8xXzFqZFhfNWMwb2dPRnVNNUhvSWJudUZoY2V1anlhLThWWVEybDBRakExU1A0cXBqZ0tWZU1ENE1rVVNnU1ZmcXJXdW1oS0EzSklaUHB6bnJwa01Hdlo3YWNJZ3BCbEVuSmVhOHFxTmdkckZIS2hVLUdtdm9pUTAzaVZtMW9wNFNONm16TWdVbHVCckpVQQ?oc=5
2025-08-22	Google	0.0	Media Mondays Schedule for GS Football Announced - Georgia Southern University Athletics		https://news.google.com/rss/articles/CBMijAFBVV95cUxPMUR4S0JmTjFrekxFTS0tZ3plUU1hQ2dPVmpMbHRwRlJXTUlBSHB0cjFyVzI4cHY4NWd6VWZnTFE1T3ZsNE9IV29ZOU04V1BrUXpVQ0ttZW5PektoR04yZEJqZjN6MENQR0FSMy1EeE9iT2JkRGpIa05OT200Sm5pSzE3ZWRVbWJ3TXpLVQ?oc=5
2025-08-20	Google	0.0	Stablecoin summer - Goldman Sachs		https://news.google.com/rss/articles/CBMidkFVX3lxTE1ldUVvaF85TjExTWRuMnVIcmJQTHpMVWktUmRNcEJkaUVMVUtoemltNWJLcml3YTRJS1YweF85OWJiSmpEdGNvYW9lbnBIcXVsRmlpRV94cDNKSlZzeXMtYXRMYTlTcDZzR2dtUXdhd2ozWGZoanc?oc=5
2025-08-11	Google	0.0	BMW Motorrad International GS Trophy 2026 Romania. - BMW Group		https://news.google.com/rss/articles/CBMiwwFBVV95cUxPMnRidHVtNUNwZUZLcW1RVENHMXd2VTUzbmVNV2dTM0pDOEFrUGQwLWl1Mm5SUWJtM2hXajA0R1JLcTVzemxNYUlPbms2N0thNmJWN2NlM2kxVEpOczZpYUx6MERiSjZYTzNPY2w4LVQ2ak9WRHZOdFVEc05XX1dLVXU4WGVUcnNEREllT1pGZU0yZWJTbGV3bTFSY01nRk11YlJYSGgwOVZuRjNRbERCVGNBZmNwRWJJdXNrdkt5YUtxdmc?oc=5
2025-08-11	Google	0.0	reverses pharmacological and neurodegenerative cognitive impairment in mice - Nature		https://news.google.com/rss/articles/CBMiX0FVX3lxTE5sSmt0QTlHZm92bFRZcDhDNDQ1ejBFY1RBbDV0YzY2dDdtaVZ6MnV0Y2dyeTFNNmVqRXQ1YlhFRndUU2VRelBKOGNYY1M4UXRiSXJvUnJXYUExZWpQbTE0?oc=5
2025-08-08	Google	0.0	Georgia Southern Golf Course – Campus Recreation & Intramurals - Georgia Southern University		https://news.google.com/rss/articles/CBMidkFVX3lxTE5pY1h0WE0zcXp1aG5OV0RQQTJWVUVfclFEX3d1ckhGY3lla3V2WW9idnZ1ckJMVHJsNnlSTmNRYmo3am4yeFJzUDdYWjRNVjFHMjB6VHF6ZUNIWkNyQTZHSGpGVk01QzYzdHR0bUlmcTY2aldBZ0E?oc=5
2025-08-05	Google	0.0	Versatile Family SUV: The Opel Frontera GS Seven-seater - Stellantis Media		https://news.google.com/rss/articles/CBMipwFBVV95cUxNUEpnTUw0cWFHMTFoVGpaVF91eU8tNUw3b1VMM3NBRjh1RHRyOHdsczJ0enNCX19ra0k4TUZwNkhQNU81ZEN2YXdOeTN6ZnFuTnlHV3AwdWpvX2Z6QjNMb3k4MUdfdnhYaFRlWk5abFp5RldlOVo0dFRDQkpHWk9xRU44bWE1aVpEQ3ZiOUdLcGxBQlFIa1liS3NtcGsxeVg4NEdPcjFaTQ?oc=5
2025-07-30	Google	0.0	U.S. Women’s GS Depth Sets Up Cortina 2026 Battle - Ski Racing Media		https://news.google.com/rss/articles/CBMiekFVX3lxTE5vTWotU0p5eG0tVW1wOUVLWkdMc2gyeDBYMGgyRE41SGdDYlo5NHgwRmwwdnFSdUk2YzBOUjZna0w5dl9ZQ0tzeDhoVWh1OTVhWkVlbE1RYjdYNE1CcFExYUlYbkxTcXNJeXRoSjBGRE1Cd096dEtHTG1R?oc=5
2025-07-17	Google	0.0	South Korea’s GS Caltex nears completion of biofuel refinery construction in Indonesia - S&P Global		https://news.google.com/rss/articles/CBMi9gFBVV95cUxNd3RmekE5ZHBlMXBta0ZaZkpQRUVJTk9WSUc4VVM4R1YtLWRIOEhhQjFjV3BPQ0JYMXc5NW1xbkF1MlJkalZkT0xOZFI2aXZLck1SQU8wWHRRN3RtN2VIclNNeDE0a21DSHlIX2hmVW9xR2pUZTZYS0hoTTN6S1dWdVdBYnRPenhMWF9UTldNaWxJcElIQ0lrRnlaRmhiTmMtZmpYcEZ3YzA0UGcyOEEzcFU1aDFZYzZVVmpaNzdvQXFCaDZaRHNWTHhHQkszOWVwWkFnVE5Cbmx0cWQtU3dYTW1XaFhHZllIWTZvWnhqbWZGUEpWbkE?oc=5
2025-07-16	Google	0.2	Goldman Sachs tops estimates as traders generate $840 million more revenue than expected - CNBC		https://news.google.com/rss/articles/CBMie0FVX3lxTFBjNkQ3QlZhSjVOeDlSbGpjcEtnUV96ckVheDdoRU5tVjVjdGtaMkVIWHhEVnhPOGhtdkJCU3ZYcUx1ZGk4SkdlcGNfTXlDS1hwV1Iwd2dfdFJ3Y2Iyd2drX0U0a2V5X1Jib2J6WjU5cG5pcVpMUjItX1kxQdIBgAFBVV95cUxQUGxBcW1XaWkyN25Qd2V6QlJHVXl0cDlBZ21UeFdFb2xhbDV1a2ZhWEdsZ1NLX05ZdHlLTm9RZktxaDVyQVFmNXd0UWdJNXB0RGhoM2hhNUhvZDdYWDd0eF9kWm5kd19DcGFHZV9SN1ZmRndySEJpSmxDYXdCZk9Yeg?oc=5
2025-06-26	Google	0.2	Axios’ Jim VandeHei on How to Build a Modern Media Company - Goldman Sachs		https://news.google.com/rss/articles/CBMib0FVX3lxTFBYOV9idGV6SkhWMFhIVGVTX0RtNFpqNTNQYmhpSEZ5dG9MTXJuRm9ueFV3U28xVk10c1RzbWJaTXZpR3NFVzdBVGRjTWFWMmVQaG1VZThJTVpQU1ZvWVFpZF9ZdHloQXlVb19sYnlxdw?oc=5
2025-06-11	Google	0.0	BMW Motorrad presents the helmet GS Rallye Carbon with sun visor and the BMW ConnectedRide COM P1 GS. - BMW Group		https://news.google.com/rss/articles/CBMihwJBVV95cUxQS21TUEVoOGdITHVSd2dsV1ZjY3Y5alYtdVlZVU1DWi05RnFzVkY1SlR3THRJQ0dOUHQ0eUt1QjJZbEQ4YkYyU1NQSFhDaUJHRzVTVTNSSE8yU0VOMlFQU1RpRjBUTGVIYU5helI4SlZ5WlJ3LXpLTWtNZXdNVnVYTDM0bngxSG1ILVNzUEp0MVJ1cG5rdW9aVnh4SnR0em5oelc5ajBad1ZEX3hxTkNibHR3S0d1Wk1qcTVsaF9yUG11RTExSXVUMWV3Nk9uanBHLUtYRlpwNGVmVE4zRWNkTWdsVkY5T19VZmVOOFU1S3hkTEJlUE5OQVA4Rm5yWlJ2TVlEMDVMaw?oc=5
2025-06-10	Google	0.0	Gilead provides update on clinical studies evaluating GS-1720 and/or GS-4182 for the treatment of HIV-1 infection - European AIDS Treatment Group		https://news.google.com/rss/articles/CBMi3AFBVV95cUxPZWQyc2MwcWZPUmt4TTRUYkhaLXhKVnhwR1pCb0JuU1ktckNRUVpGdWRsMUV4aGJBNERhQm5QWW5zWU5ZQTFfenB1MFBtNzl0a1ZabXpJYnJRMjl4TTd0R25mWUZGRjgwWndSa0N2cWItSFFPYkdwd01oVTd3YTZwSHZsVVgtdFhFYWhuWnpGakE2MXdQdldQdDBiYXhlY25UemhmdXJBakhodDBBWVdlNDZPZkp1WXpvMzk2MDFKX3d6czBUemFmVzZnNnA5VGRzT1RacGgxQ2Y2R1ho?oc=5
