Date	Source	Sentiment	Headline	Summary	URL
2026-03-21	Google	0.35	Trump eases sanctions on stranded Iranian oil for 30 days to cool energy prices - National News Desk		https://news.google.com/rss/articles/CBMi5wJBVV95cUxOemNMOTlZSXlWYmw2aDFXSjdQSDlzcjVMWV85UVpBdnpwU2FYMHUtSl9LLXA2QjVpQ2xqbzdPcGI0OHR5UXV0TlFXWm96VElONF9yU056a3NuSFd6RUVRcUI3WUNjSm1LNDlwczN1OHZBWS1PVDRsTHZmY3BXbXNCOFhBSmpSMmxNU1ZUcVJ5aVFvQUdPWUg2emZjWU9fVEFZNlpxd0Y4cDV3M0dNeDd0MjdHbGZHSVppcTRYOVVkMzRVZ3NONEtYNTVlQU8wYzk4MklKaHk2TjRkaVZ5RU56b2JPVEo5QnFIWXJ6OTJDVlhLVzJfbk9oNW5jb2cwRkVLWTZEdm1CUjJzckpBck5ZQnJqU2xRUHZzeC1IMVZ4anpiM1U1UEdSamZBSGNHVzV1RjNYVUdzNEwyS0x2ZWZFc3BtazNjbm9yZEtrbEF4Zm1nTWphQWYtWlBTLUp5QU02Y2xvYmY4RQ?oc=5
2026-03-21	Google	0.35	Trump eases sanctions on stranded Iranian oil for 30 days to cool energy prices - WJAR		https://news.google.com/rss/articles/CBMizAJBVV95cUxOdDJoZjE0QU90cVRYOThwWURaSDFOVFQ2OGJSWWhzWmhrVjl6RTRhMmJSMmtfckFlS0ZnU1YweFdpbTNwd1dDVW9aem5OazZXVG5icHZDeENkLUVmbXNRcEdRanB6NjJWU0dVV0tjOWdEYTRldjF2eFVEUVRZYkhTZlR0RnBPV1FESVRBVi1FaVZBTW1SMWhKTmpGVzVGN2lPZUo4dmRIOGVPeEp6ZjN0bU5NeUgzSkg0NEZCWE9PMjlMUTRxWGg2TnVnNXBER3NqUW8yc0RmbkhoUTdvZ0NCcXEySlhwRVNyTUduVEpDOEFoVEFwRXp1LUhJcExhR1dGOHpDSzNSWE9scklMU204UlpReUxUemh5bWpXSEo3eW5XV1FWWUJ6a2VNV3FLb3BxUzE0SEUwcE1jZnM4Ul9IbTZtOE9UQXhGWUFWUQ?oc=5
2026-03-21	Google	0.318	U.S. Pauses Sanctions on Some Iranian Oil to Get More to Market - The New York Times		https://news.google.com/rss/articles/CBMihAFBVV95cUxQeEwteWt2c054YVBIZ1VJM1NWLUUtRHpxMnQ4ZXlUU29Uc05DWll0TFhXT0lVZkx1SkVSOXBkZWFIZTI2VUVpRTh6RTk2cWxMYnladUVUcWt1UEJ2dFoyUkJLV1k2WWZpWGhvUzl2OXZPaUtyN2s0eXNpazJpRmNMVXJOWDU?oc=5
2026-03-21	Google	0.214	Opinion - Smart sanctions can save Trump’s ‘peace through strength’ plan - AOL.com		https://news.google.com/rss/articles/CBMif0FVX3lxTE5OUnVrdDVtOHVzWmpUY2ZwTUFvd3R0QW10SnE1YmZ0SzdobFM5OEU4SzhOQnVneU02cG5XZGk4dGcyM3NXSXVJck03Y3M5R3EybTNaUlpueVl4eHM0TWxkdnBVSWNKdnltMXZoWlY4QnBibXdTOXpBT0FDZ0VuVDg?oc=5
2026-03-21	Google	0.214	Why the Trump administration is easing sanctions on certain Iranian oil stockpiles - CNN		https://news.google.com/rss/articles/CBMidEFVX3lxTFBhT043cUxxQks4aEhiNFJjODVNZG10MzRHLXUyV2hJWkRMSGR6ZTNUbEVySmFTUnlQWFl1STFNM1VzR09OaTBOTmpwdGx6MWd1em85b1BhR1pRY183UjJRRnBkVGdHekloRnJyR3FiTzNsemxt?oc=5
2026-03-21	Google	0.15	White House considers easing Iran sanctions to calm oil markets - mezha.net		https://news.google.com/rss/articles/CBMiX0FVX3lxTE5NOWNiVW5YOURSMnpmOHI0Um1HYWhuZndMbTBTT0MzZm9nTERBT0NxWGJiM1N1MVFsNG1OVFd1QUxPU20tcjBINlN3UEtjM3ZIU2NvMDQyWHl0UU9ZRXFv?oc=5
2026-03-21	Google	0.136	US pauses sanctions on Iranian oil ‘stranded at sea’ to help curb skyrocketing energy prices - New York Post		https://news.google.com/rss/articles/CBMitwFBVV95cUxNZmxRUVhfV2tGZF9RZGJESXcxazdXdXFnLXZuRWluNVRlU2dlQTlOUE5Ubjhxc2QwNFF4bnhxaktPbzNDMENCVXJmcTBCMGRxMW1vMjJaOEUzZWROY01LV3llZG9Pcmo1UWVEMDhZdVMyLUJVM0QwSXB5M0RQTXZmNnpJVkViUjRycUpHZTdjdHpyX0VxWXQ1SHlVNnVWM213b3FGMnU0NGFfbEJzQzktUzRPXzVTejA?oc=5
2026-03-21	Google	0.0	'Bring almost 140 mn barrels to global markets': After Russian, US eases sanctions on Iranian oil - The Times of India		https://news.google.com/rss/articles/CBMilwJBVV95cUxNbFZLRHBMU2IwY2c3ZGUwbHp4ZVo2eTc3aEdnVXQxeUtOcjZ4SXZaRG1sSW5XLW01U2tleXZwU3Rad3pjeEl5WEZYeV9MOW1iQ3ZsNzNlQjQ5N1I1OVNPZWFmTVNpMVJPakRRVC1rc284b2dEWnBLZVd2Y0loYzJFQW9PV1ZGd2xYN3JIdWw5dlZsOGVpSWRoZk9DMWpFRUxSbFo4R2VuUHlhX1kyUDUtNmpuV3VMYi1UZDh1NGRLN2x0UkdnbnExeFA0ZmxBY3ZZU1hRMlBncFRfVm9aWDBTSkFVWlhYZmpKRmRNS3F5WFJabXR0cjY0MnRCUFlIZUE1TFRPWlJad3FCWVpKYkpXUFRNb1p3cVnSAZwCQVVfeXFMUF9xS0lDdzEzMEp4cVU5UC1jclhNWjJMVE44cXMzZjU4dUotRUFwdGRHU2pEYU5MQVVvZ085M2tuSS01STNfczRfMHNhUllLSmw1VWZWcU9WM2tzUXdmYTQ5N2hkb1hTaGEtdlp6MWYxVWZsYmYxMDZpc0xNZnl0eXJUcTlNT09xUE1BR2M1X1U2ODRQeFB1aTJRMXNDdE1rQXJSSndRQU8tQ2R2Y25TZDVjazUxdm04Qmo3NjFwNHhLRlA0d0RWX1BDUllJNm9hcGF5bGZDeEVNYzJyM3V4bHViV0tFNHNFQUU4N25lTE80Ym9VQVFQSDJvaXI3VmxMbDA3X0FsMzI3MUVCVTZPR2lPbG9fcGZNVDA4X08?oc=5
2026-03-21	Google	0.0	'Using their barrels against them': Trump floods market with Iranian oil to crash global prices, issues 30-day sanctions waiver - WION		https://news.google.com/rss/articles/CBMikwJBVV95cUxQa2lwSWdKLWtTc294M2V2U1VfdW1xYjh0eVFwZU5Ud21feWJHR0NoamJCaGQxLUZPakplMUszLUR5aDJPZzhFQV9iQ094dDZVdkJlakFpVkluOVZmRVd3M0M0bnNoU2p2TGl3T0txQXF0anNSMVJKdm9zSWhWcjVOWDhTTDV6TmtnSmdPVGZNUDR0cEtieXlRVUVieDhQTWc5aDFQM19IWUdjc2VoNlM1M2puVThGdGxyS2N3eVgzQURrNWJ3cldPM3d5c083NzVPSWk2X0R2WUZkR1N3ZnZlVDNNd1M1c0FXend3LWJ2cFBFUWw1eThOdGp3TE9keWJTeDNpNXRKQmY5N25XWDcxUERQTdIBmAJBVV95cUxQdzBtWjR6T1VReFVvWXJobkZ0dUcwYWtjTk40OEtGMkZubk03TzdGMkhNRjRQdlRDUTFVZlRHT2t1a2pxWHBIS1p1NUxOcGdSZlJqVlJKZjdKRjBVeTg3UXdGUkpYS0FyVFUyUkdfQXRSU3hGaDBoSzVuS2wzb204Qy1sQ0ZoNUZOaFlPRW9Gc19TQ1FST08xaWZwbUx5U3A0U3JseWNkcU5ENUpUWWpwQmdhR19aUlBEanhFelJEdWV3VHo0VDdXZnl3LTF4dFVRUlpwMUpQN3FlVGgyNGpYY3VlY0ltRkVvbEw3Z1lQeWZ1bjRiZjJmZjRNRmJNWXJMNXo3S2RmcHo1SjlCREJlYi1NUVlVd3M2?oc=5
2026-03-21	Google	0.0	Bessent eases oil sanctions on Iran and allows sale in US - Washington Examiner		https://news.google.com/rss/articles/CBMivgFBVV95cUxQOWdPSzdkOUU3cjhVX1cxNWtoaFpLWFZBb0FEaGlJT3FNQ2I2dFU2WUgzb0FNWGVvWXdleUpYTG5wNWZpLTd3Ry1jby1mRUdhckZHeXRzQzl1LXh3b1IzeFJ1RFNPUWdraW9QbDAzWm5vZmlzbEJQeVdWZktiY1hrZEZwcEozRXdPLVlCUEdEQXNNM283WUZQRjlqSDN4OUlCOWpoNjlaeWdSOXN5ODc0elM4TlNPa1FNUVdRc053?oc=5
2026-03-21	Google	0.0	Donald Trump admin waives sanctions on Iranian oil purchase at sea for 30 days | World News - Hindustan Times		https://news.google.com/rss/articles/CBMi2AFBVV95cUxNLXhrSmE0RnpKbGxIdXZidWxFQXdsVFd3MWJBS1lLd3VsOXhoRUtZdUU2SUFtRVpuSDl2VkxkQzhEZ3FhVjF1eWlqZ0otSzR6WVhCNzFhMlduVFRlRnllanpkamhwcVBjek1nUUVueEpSRU9jMjF4cVk2VGpjLW94ZDN2c3NKZkJUR1J6akRqQndkYTU4OTZ1eG5GWHE0VXJ5NC15SjJaUjFUcGhRdTA0Z0pESXBIWHozbjh5YjRKZ2txMmJJWG5vNkx2NDctS25lWDB0cVg4QjjSAd4BQVVfeXFMUDNLMnFZY3RFQUZTeHpzeDBYMllsbnF0cm4wOVhhNWduaEo5U0VtSXhRNXBHR2VDaUVGcGxjMnBhNU5UellQa2tJb0lOMW9mNTBIZW9NRFlmQzZCWk9pbDMwNmcyaGpnSFM5a196TV8yU085V0VBQ1ZwZzVrc3loVzdOUTNwWDVtVnkwcHNTTHEyOGZuSWJXNG1VWkRlQ29UdU9VUG96V3FNUnpHaGwxU1FRTnBuRmRYaDNMZkoxQ1lRTFNkUERrSlI0MVltT3FsTG9zaV80VXNmS2pacHFn?oc=5
2026-03-21	Google	0.0	Iran oil sanctions LIFTED by Donald Trump - just days after Russia also allowed to start selling - GB News		https://news.google.com/rss/articles/CBMihgFBVV95cUxPLXFFSEo5UnZOM0poZktBdjZxdFpaZDVnUkNROVNhVEZEMGxJdDJMN3pxX3drNmlTbXhxSXdiNVp6VEpkOEEzbi1fZndUd1BoSHJFRHNfQkx6dXJhRVR6bURfQW1acHUwVC0ycnIxSFRxT1FzQWk2X0FHX1IyVlJRVWRSWkxoQQ?oc=5
2026-03-21	Google	0.0	Prosecutors argue for sanctions against former Dallas County judge Amber Givens - Dallas News		https://news.google.com/rss/articles/CBMiwAFBVV95cUxPOGNkUnh5ek9WdXhDbVhueUZCY0ZPa2tob1p2Vmg2NlY4NDFMLW1VbFdZM2lxZEc3bXJkN2d6MVBKTnpNSVZ4UmR4ZmJHQVhDcHFxR19aQllUZmdpb3N6N2tzeVBmUmNwQ2V1akQ3My1ZV3BiZWQ2dkZrRk1OTG94eDNfMldUYUtkeFVId0dxNDJPQ1Q3RWEwSGtuUzZQaGd4QmRMbWVoZWh3WDdaSGtYem01ZjJjLTgydURiVVQxRzM?oc=5
2026-03-21	Google	0.0	Trump Admin Eases Sanctions on Iranian Oil at Sea for 1 Month: What We Know - Newsweek		https://news.google.com/rss/articles/CBMirAFBVV95cUxNazZyVkJYTEhZeWFaZ2hqM0t6TUs4U3hlMDNFSy13dGg3T1R1REVDU2xmVXBiV1hPQV9FVUVXX2JVdmZvUnBSa3F3Zm90LUpPT1BETHUySGZ2Zm5qamthYWVrWThOOFQxSGZ0bklVajY1YzBGMnJtV0FYNDBLbFZBMHE3WENveFFnREx6T3ctaXVNbGg1SFpLQi00QWlkMlhoaFMyVjVEZzZld2hz?oc=5
2026-03-21	Google	0.0	Trump administration lifts sanctions on Iranian oil at sea as prices soar - AOL.com		https://news.google.com/rss/articles/CBMijAFBVV95cUxNcGVFMzlQRFNhS2J5U0FpY1JpNlRtc2tObW5hNVdkMUVlME04NExiR3puRkZJUzZNOXdMZUFsVzVIVXZVLTV5V3d4VnBIQmRtVGNaa1J2UE41dVpnNm14N0c3cXJpT05iS0ZUTUdnVV9pbnVsYVNuWUpWY0RWc3BnaGM2N3dWZjU1d19heQ?oc=5
2026-03-21	Google	0.0	Trump administration lifts sanctions on Iranian oil at sea as prices soar - The Independent		https://news.google.com/rss/articles/CBMisAFBVV95cUxPU0FZNjhUakhFQmIydGVidTFwWHlKbXJObHVmVFA5ZVA5V0laNG5tSGpMZ0ZMclJ0dGhrd2lBTjFCbUE2LVl3cTVNRENFTzVBcDNXaGQ5bU1aWXZwc3BRTm0zSldEZFZ1VWdhbXpVMzFEWjFaYUNicGJuT0RhNElFRHppNWw1ZHU4LWlRRW5Rc0pfSkpObnk0YVduOFVzdDM4NEhQRkJialpLY09aSmp1SQ?oc=5
2026-03-21	Google	0.0	Trump administration lifts sanctions on millions of barrels of Iranian oil - The Washington Post		https://news.google.com/rss/articles/CBMiggFBVV95cUxNRkowbUdIb204N3I0RzI1YXpPZFFfMHNyVkVsS1dwbFFNT3gxcE1JSjZOU2E2M19ma0U4R3A3eDdORkt3NFF5ZEExTHNJY0ZlS2FtMHhLcEQzWVFOSFdDanFtdFlhRXBjSFFTSGZEYXkxM1ZIcmc2YlF2UF96Q1lPNm9B?oc=5
2026-03-21	Google	0.0	Trump administration to lift sanction on Iranian oil at sea - WRAL		https://news.google.com/rss/articles/CBMinAFBVV95cUxNeTRNRmZuWkNmNmlIMjlHb3l6Q0RGYWZxeWlaeFlwYlI3al9uZWxuZzRja1U1bnhPOFVTRFlsSHF1Sm54SEFPVW0zZlpraUJvWklvd2dwUFZWM1luc2p4VTNoX2ptWUJxb2dDMVpJYjJDbEZWVUhwcEoxZDNuRWxVanhpNm9ZWlZQZU02U3BNUjVkVm1JZ0JDczgzZlY?oc=5
2026-03-21	Google	0.0	Trump eases Iran oil sanctions for 30 days to cap price surge - Nation Thailand		https://news.google.com/rss/articles/CBMiX0FVX3lxTE9SVG5hTDhHWGlhaUt5S29vUWxId1lzcUFOdHV6V3BjQ1NveHhWWnVFNEV6ckUzOWtvcnplX1ZYd3BaeEhscGMwaHRTUU1KaUJQMTBPLW5NR2JQQ0VVUHhj?oc=5
2026-03-21	Google	0.0	U.S. issues 30-day sanctions waiver for sale of Iranian oil at sea - CNBC		https://news.google.com/rss/articles/CBMiowFBVV95cUxOeVoxYlhpMFFVOVFsaWdSMVg3QUVwX01aa2VpRTRyMmkwaUlsYXNMcXhvRXg4R2hQZ29udTBoVlQ1eTUyZ0NUQmVNMS1KdmFNVUlCWG84MFp0MEtrRkdKVnlLakJ0WURFMjI0dEpLc3BudDdNZE90MHdzOUhwWUlDMVpsV053cklvVi1QVjdnQmhpSXNhamlSdmRrYmlDQlNYRVpr0gGoAUFVX3lxTE1jVXhiSDZrSG0tdW5WdG9lQm9VZE9SVHJ0WjIxc0U4d3g4S2tJMDl1OENEYW1JV3Vxd0pmdU5ZWEhhWm9JUUN2ZXhGNzBpT2lkQW1rTmdSMFQ4b0R2dmM0TWpjQWhkZHVtNXpMbEczT2NwbS1KQWxibjQ0cjlWVzJLaklGY0x2WW1HWVpzSndsSFc0UVhYQnRCQ2VGZGtYaU1oeWVBaXVGQQ?oc=5
2026-03-21	Google	0.0	US imposes sanctions targeting Hezbollah financial network, State Department says - The Jerusalem Post		https://news.google.com/rss/articles/CBMiX0FVX3lxTE9VRUY4RUdYallHR3VOMy1sQzN4Tm5PYmQyUVMzMjRFSDU0VGZJa2JueUM5THliM2pRcjl1MVQyREVRd1doYXdxY294dXNlV2VNWlF4b0liTjhtdTF1U09r?oc=5
2026-03-21	Google	0.0	US lifts sanctions on Iranian oil at sea amid soaring prices - Tribune India		https://news.google.com/rss/articles/CBMipwFBVV95cUxOWjhaVUw5c1ZkQk1GUEhuTTVzUXhNRkRvOHE0ZHpMYjF3d1F3b0NVLXYxTkdIUlBjOTZsNHUzSEY5T3BraU1XS1d6aW9KRjlhc1NxRnNzeEwxM01nU0JtUGRkZmVzTGQzbEJVcVlvWWFQNGVJTldOakZYZ0d5OHR0VmI3MHBzbzFpa3luZXdzdENkWDZQY1ZGUW1FX2xvWEZHb21EYk4tQdIBqwFBVV95cUxOSnpNTFZscWhqSE4zVTFjSXJ1TGFYMUZ5a1dLazJTSl9kcXlVWEFETWgyNFdpU0lWbWVFNHEzcHdkQ1RxVWNwVHI5Q1VQNGdEQllVejVZVTZwWVpWRWIyTUllTm81ZS1xZFRNaV9wd29TNmNJTnNLTmIyOHpEZWM4WjVOaTlyS1oxREtMRklvM3hLNUZXQjM0bUhKbTQ0MDhob3ZfMWNPTEFqT2c?oc=5
2026-03-21	Google	0.0	US lifts sanctions on Iranian oil at sea in bid to ease supply pressures - The Guardian		https://news.google.com/rss/articles/CBMifEFVX3lxTE03Ym43d3F3cm42anhTUGNHcVhnalJoWXBKOFM3UWt5XzAtcDhMSC1CSHB0ZFVydG9oc2Z6WnpaRDE1dXVValpEbHZEX2lxZ2JoOWtYeWk2RWRYTk9QOXJ2ZnEzZ0hLSzlGUmlCUHdEMzJqenNKeHY1M1A4UFo?oc=5
2026-03-21	Google	0.0	US lifts sanctions on Iranian oil stranded at sea - The Hill		https://news.google.com/rss/articles/CBMikgFBVV95cUxPT2Y1anlsN1NMMXRIZWZWNWIwaVVHNmZaWjBsRi1YQ1duT3lpMzJlUEFWc255QkdndVg5T05IbFUtaDFGeDZ2alZVSzNqbnVQS2dkb0JPVVE2U1JuZ1RkMVMtTFVpVlVhUlpzTkxZRXJpX3o4MFo0RGNrNHJDaFRIdmVNZnZhZDU5N0M1dFhxVWlUQdIBlwFBVV95cUxQNm1Sb1FFZmFrdU1qN0JoZlRyd0x4SDFrVEpfdzRzX2oxT0dsMENXOXo0RHA3QVVObTNaX2ZLMGJlcGdjbXNkQnJ6SFcxUWZHSGJqdjB2LWxNOGRVcjc2c3hZSXdJOXJENmVUN2tUaVZuRC1DSHh4TmZuM0VIWnZWckpQU1VacFdXY2EteTN2RlZlUjVUd1M4?oc=5
2026-03-21	Google	0.0	US lifts sanctions on Iranian oil to lower petrol prices - 9News		https://news.google.com/rss/articles/CBMixgFBVV95cUxQeV92cm9zMFJIWFpCdy13cFZHZXFKM0Nnc3lXM3dLanl3LU5KWmZ2SnJTNy1wTENqREVmV0ZzWGxSbU5NeFRzQ2NvQkxfeElSLVdUSW5hYnE2OTNqbUI2ZkFEWlZWRUtoQWFPaEdnemVmbS1pbzBnaV9QRm12XzN0TGlPQUcxVW1iMVI4NHIzcjZ0anVXNzFSbEFIWUxJSHVpbEd1eUU5RHJJRkVTUDZLWFN5SjNvSkVwNTVDTGVfLTJESUNQSnfSAXhBVV95cUxObWlwWktncFVyRV9PbHN3VEdxU2ZaMFpPQ0d1NF9pY0hybzM2MWZ2NHhIamdXZVR5MHo1MkJkcTFNZ282TUw3akpRVkVlbzYzTFRqTzRHTzlPVTRaN05mdjUwa0VGaEFQWjhQMzh4SkxfOVhFY2g2WVI?oc=5
2026-03-21	Google	0.0	US lifts sanctions on Russian nationals, Russia-linked entities - The Kyiv Independent		https://news.google.com/rss/articles/CBMilgFBVV95cUxQeEpIN3B6TG1uOTZUZXZPR25ULVpRQWhoWW50aDluWmpWclRHTEl1WWQ2Ym1jcnFJdnROOGtQVDc0RmZ0VHFUNDlLbkhEaFdMRUhnMlI0YkgtaVVZbkR5UFBnaXkzQU1oMUg0Rm95MVRUM2JWQTJvQkJSZjU4VW9uTlFCdU03VVlUMWFFY3NpdXhwVDd6a0E?oc=5
2026-03-21	Google	0.0	US pauses sanctions on Iranian oil at sea amid soaring prices - Firstpost		https://news.google.com/rss/articles/CBMiqwFBVV95cUxNNm9OZXg5RlJDX2tMeF9GQ1c3Y0RjLWtGRENzT1lmWnFtdDUtcG9JZ1FvOXRGX1NuTEN4NjNDbnhiM0ZNM0E2ODdFVDBGTzVqbkJDaTEwRUZaY3QtYlMxaENMQlJXV1U1S2JJaVhEUzF0UUtNMEF0N0Njd25zQlBwOUpmQmlDdDZZT2NDNUJWZy1SZFRPRnBXMG41eHlNelhNd0FhQVlDRjBDZ3PSAbABQVVfeXFMT3lrOFlGZm4tRjFsNENreFRVSnM3cjVPa0IzaWVVQ0ZwZDZHcnhsUVBCT19rRnM3dDk2dUVzTEJ6QjdlbnowUEFKX2t6SXFKN05yQ3RMeGxxQUd6anlOcE5UVmpDZ3NITXB1OWlkODloNWNWbWtmVF9RWTVJa0dRQU5jTnhSajNMb2JsdW9lQkZCWHRRVkhOY2pVMHFqTXlWNFk0d29zQ2tXQU40em5nNHo?oc=5
2026-03-21	Google	0.0	US pauses sanctions on some of Iran’s oil as gas prices surge - Politico		https://news.google.com/rss/articles/CBMirwFBVV95cUxPVGZ3OTd3MGo4T3BEWWVCcjVHZC1fOGE5aFIxNnJQVnFmTG1EaU1lTFpFaDZFY2UzM3VPTXhkQWF4TlltZVJLS29HU0ZucEtFaGpJcW53eUtfc3FDcjdrTm1PVWdmcFd4anBqTUwwRy0tbVdzdDdwUnZiOGM3cDZ2a3JDUmV2R1VETHVwVHV4VFU5UThIQVN1QTdwQW9aT3YzUE1EbU80MW9raVFmNTZJ?oc=5
2026-03-21	Google	0.0	US temporarily lifts sanctions on Iranian oil at sea - Geo News		https://news.google.com/rss/articles/CBMijgFBVV95cUxOUDNZRUdyOU1WUUZ4SnFBZkRUM0xBcXdiR2p3NF9ZX3lESkFjUGxOS1REX2FjZWh2cXpadTJHbURnbkE4a2tQREZlUkpvM3J2RWZOU1NtbDZoR1FqVDlacFVheXJWYzBnUTlra3pDemxWYlNaWlFMMzBodF9laEdNbDNra1ZfZGdKQU02STVn?oc=5
2026-03-21	Google	0.0	Waltz defends administration's decision to lift sanctions on some Iranian oil - CNN		https://news.google.com/rss/articles/CBMigwFBVV95cUxQODFKSzZqSWl4d2sxWlhfaGRsLVVaT0JQUE1mZlJBc25wM0NJbUNOa28yWGpqYUJDUVF4U1ZwM0NDckxORTYyQmxsV2h3ZmVOaXhpQjJJcGdyaGVsU3lneEkyVnRkOUpLRHB1T0tEbU0wVHhYNmpYY3gyM2N5UEJ6X2JSYw?oc=5
2026-03-21	Google	-0.05	US Eases Sanctions as Military Actions Intensify in Middle East - Oz Arab Media		https://news.google.com/rss/articles/CBMinAJBVV95cUxQY1k5VHRnVUhHQ24zbXZGZE5MeTZvUDdoQlJNM0ExVTQteGpOV2s0bU5Ianc5dEpkam80N09wV3VLUXNXd2g4Z2JoRW5NM1I3UTFsNmhERzNkaWprc0FXR3VxNGlTTm8tX1lRVlY0Y2RHX0k3YmZaOG5McG95aTBWQkY3MGlCc0xWLTM2S25yRGJZTG53cWE2OTdxVlZuUE4yS3ZpZmMycG82dTg0b2U5Z0N3Ry16WTFPVEYtSndoVXVyaWZLeVdvUGczUHR0c2Jpb1hVR1VpWV91eE1QSXk0UEpHVnpsVUpNNGd1NkFlNURWa2xENXlsUzhlQUtVQkJ5QmUyY0doa05jSHdYSlhDZHRMcjF0TjQwRFFGcQ?oc=5
2026-03-21	Google	-0.078	Trump says considering 'winding down' Iran war, US eases oil sanctions - Northeast Mississippi Daily Journal		https://news.google.com/rss/articles/CBMi7AFBVV95cUxQXzZUOWhuUzNyWVhxaUhWZWhuRlpvcGhvMlFBdjRvRGlQcTJ3UjZOMHNBcG9vRUdFbTRPeDFuTGRjTDRGZkM4MzJ1VzY2THExRk94V1gtQ1RkbjlKblBmdXFIVWpvTTdoUFI1Q2FzY212NHFicXpiYnlKSWZORHpZSUhTMHgyWHJDbDkwcWN6YlEtcWF4aGpNU2M5bjlEYlc0RE5nTGpGazl2REp0LWZMc1MwSGlGVFhRcnhEUUlDNXNObmxrajg4SkdGeFZNZGNwcXU1S25pcUp6Q3BmTGgyaUlrRTNhekNfenluUA?oc=5
2026-03-21	Google	-0.115	RAW: FILE: TRUMP REMOVES SANCTIONS ON IRANIAN OIL - Local 3 News		https://news.google.com/rss/articles/CBMi1wFBVV95cUxONEQ2c2JRQklrY1REaUVWenFyWVlUUHV6Q09oMHRyVUwyOEViSHhSN1JDZG0xczNhZDFlZUNqS2xtbHNWNFhBdlBsWjBrREtWd0dlWXNpRmFiZ3lTYV9zMWNwTW5TSVlXSkpDem9Cb2gxSXBfOVh2U1JGbW9zTi04dHMtTHNkb0ZpSHkwcXFIS0VwN3JfM3lnejdWMmFuYml5Z29oRUd2N2YzSmp1azN2ZkszSU5uRkRtTFdmVjFCMVFiR0RzcWt2X2U0NWRWNllpck5GOFNPYw?oc=5
2026-03-21	Google	-0.156	Trump says considering 'winding down' Iran war, US eases oil sanctions - Caledonian Record		https://news.google.com/rss/articles/CBMi9wFBVV95cUxPSnd1ZFVBQzJva2xpUFJLZ3E5SEwxUHZLRmdPRjVteU14dnpYMzZsOXRzVllGeC14UEZXSkVpS3ptOGpRRVJQX3Y5QlhKLXFkSXA1TEQtQnh2N1k2aTZLTnJqcmZBa2R2Mmg4MkpJSUFzT21rQWtVeDQ5cVUwX19jaFNyaE92Q1ZxLVV0M0U0Q0xoX3dBanVyRGVGbUh6ZWY1a1RuLVdyUDlCTUZHOFNOZHAwR0dNT2pFNi1ydjl4SVh6S1l2bkdieU1za3lpbUcwRDV0YlNJN3l1SnJKUk5hMnRkUG9EQy1OeW5KOWo1cXh1NGt0SHl3?oc=5
2026-03-21	Google	-0.156	Trump says considering 'winding down' Iran war, US eases oil sanctions - Community Newspaper Group		https://news.google.com/rss/articles/CBMi_gFBVV95cUxOdWNWMzQ1R1hZY2wxNkVCaTNpUUpkY2lob2FpdHd0UkdSRG0zRVpqRzhpeXppSEZMd1FOeG8xaHAtMUozbHdNX3pUeE1qdGl6VS1adjJOOWRSODBYZ3RTdTVBb0JaQkFDamhJbHFfc2d1c1diN2pPZlpqWE1XTGg3NVMyYVdfWHY2Y3JCa3JHNGFCalZUZ3BzRnZXbnlPYnlBVEVkVl9yLXhvMUxjZGh6T3hwQkVxYWd1bVFuaVM0azdMbGpkdjVEM1llTHItSExiNjZjZF9yQnBJemtOdnE2NVVLeG5ReGVaTmhNTlNEN3JlUWtQaTd5T3p0STZoQQ?oc=5
2026-03-21	Google	-0.156	Trump says considering 'winding down' Iran war, US eases oil sanctions - The Mountaineer		https://news.google.com/rss/articles/CBMi9AFBVV95cUxQMXk4U0VQWUVVUElpQWR5b3VkdjNWY1lWQTkwUmUwUEJzalBVV0lON1ZQeDB2SXlwdjBlSkdvdjB0NG45UWh5ZkNDS2xBcDRvSkNiMU1NbVRCeHA4Z3NlZHBfQnJRYVZIY0dEaHYxOFBlTHlRU29UNDZEc2J2UUhJS1BDeFNpMTV4alBXU3VuX3ZSNUo2c011SFBSMzh6bHBYTXAtTmdnMTJuRDE5a0tGY1djVDBLQUxETk5EWl9NVERJWFh1aXZmVG14MWduTVhPOEE0LUZBWTRhMEVPQTJYbHVoa3NETnBKaEE4Z19meE56NENh?oc=5
2026-03-21	Google	-0.175	Iran oil sanctions: US eases curbs for a month to cool crude prices markets - Deccan Herald		https://news.google.com/rss/articles/CBMinwFBVV95cUxNcTA1bEFKLW5wekpmQmd3czVlUzRhSHZMYjl1cUZHRDc2Yzh5R3A0SUVEQ0tjUnExSEpWak5yOE1nLU95Q21ldDBXNkVWMEhzSUF0cnhpOU5LR0JfQTBYcHNvbU5Cd1pGbW9CZWNQaXFYSk84VU5CNGhodjRtb1JOZE1lTTRUemNqS2I0dUdkUklwSUp5em9wVTJsdWxLRlU?oc=5
2026-03-21	Google	-0.7	US Treasury eases oil sanctions on Iran till April 19; temporarily permits sale of Iranian crude and refined products into US - ANI News		https://news.google.com/rss/articles/CBMihgJBVV95cUxNS2tBLUZFVC1lZElxM3VjQzVOZERDTlozajdNX0VNQXFkUmJTTE11aW1iSjFOZlVZWnRNREcteXZIVXMzY1lZaFhJbFdVb21FOGsyemxnTktMcndaeFZGcmZmemYyQmRDNjhsTlFLYnd0TnNyNWVoZURUZ1RGTUVFbThxbVVVQ2ZDdzBEYm51LVpINEoybGJDM20zV2dWeUNVRldQWU5USWw3bGhLZUdwdUdPRGNRLU1uazNpY1NNX2xrLUdEV0g0SF9DMHowUWstVjZJOERJVjhLMXNPbDRLQjE5akJ2Mm1WWDd6Yk9xcl9vaXRUb0ljQUh5MFhPRXZCd3hoRlRn0gGOAkFVX3lxTE5YdDJKeWI2T2wwbUctbnRUTTdZX01YakhjVXMxcV9WTzVmOXBfWDQydHFYYnRSdTc4LWF2OF9YLW05QlZOVHFMbEhLdHBMRWdTZVJGNWZHV1ZtaXh2TFpXVDBkSVFYNHpfLXQ5SHFqdnVFWWxjYzhMRnNRdEtwMGFLcHh3NER6alhJU3pMVFk4NFoyakdsSzd5N29yWl9BMmhBcFZiWXh1NWtWekJsaFpPMzhmZ2QtUFhjM3Zud0Z3N2Y2Z0NlU25lNUNLSXllOWJwTFlSd0tpWTlBU01KR1M0MUMzWFIwWVZEdE0xdFZlWHJ3N1N0bXc4VDNPTXlUS2U4b0ZBRHNxWVIwM3pGQQ?oc=5
2026-03-20	Google	0.7	Maduro asks federal judge to toss case, claiming U.S. sanctions deny fair trial - Miami Herald		https://news.google.com/rss/articles/CBMilwFBVV95cUxPUjJGc2VvZ09DXzR6M2J2ODNqX0thSXZqVWFZSk1fWFZJeVdsbENOanlVSzJyVXN1ZXJiX211aDhhcFowVmo3OXZxYUloZTFxc3BYNHFBRnMwcm9xbTRIbUxNQktuNW85QTZNYUdvU3VEb1czWTRnTVRWbGI5eVpkanZWcHc2aXJWUlg5cjBhbXBBRFE5R2lr0gGXAUFVX3lxTFBHQ0hkVmxRSGNubHV0eE9fZUd5NXU0RDdfRkg2OEVwNzAtMWlZR2VJekRaaUtIUHUweEEzVk1LSktxa0dUbW5nM21qMXhINEpUZ3dXUElqTDQyOXQzeURwaXg5RlM0LWVoQ0w3WW5EUkJkZTMxQ0V6aTFudDQ3ZEY1SFY0eGdDWTc1RzUwZHZwR25UN1J5Vjg?oc=5
2026-03-20	Google	0.2	Iran says no surplus oil available after US signals possible sanctions relief - Türkiye Today		https://news.google.com/rss/articles/CBMivgFBVV95cUxQNGlUeGNUbTBqQjJTSlYxUUZfbFFHUU8ydHRmdmYxT3ppU0xqVmVHbUh6NmY2SVhBNEJyRURERzN2eHFTc0RqVFRoNXRyWUZPRkxJQnBOOVNzTmZNSWJaRVBEYlFWdUx0aGx1ckY5Vnh0bUhGaVZHR2ljRmZYX2NIVHJXLVk4R2pFQXhtRGtrWlRkSTJuS3ZvVVIwaXJKQ1RKck9ZaWZsQlJOb2xTRDAtaS1qODQ0R3FwNFZwRFBn?oc=5
2026-03-20	Google	0.167	BCSC wins another legal victory in effort to collect financial sanctions from fraudster - Yahoo Finance		https://news.google.com/rss/articles/CBMinAFBVV95cUxOazJwV3lWeDhyb1gxZUNRREI1T25NeHBvdFYzSTNVWTZPbGxTUnBFOWltaVFiY0VRdURYd0NwY3Q2WTc3ZU1jQzB2c2NDNFk0dm5taE5idkVuWGczTElrbl96aDJVZlVoYWptbzlYcGNUTy1WbDh2OWZad1U5QWswd0ltakViQlpHNGtnUFRyRUZ1S1FxMDZxaWtFZFc?oc=5
2026-03-20	Google	0.1	Cari’s Legal Exchange — Iran Sanctions: Implications for Global Trade - Winston & Strawn		https://news.google.com/rss/articles/CBMi5wFBVV95cUxONXJtT1VOVXY0bEpZQUR0WVBzaVM3ZEg5bVhsdHMyTHo2d2ZvZ1k0ZkpPVWRxbjRDTUd5M1IzdkthY1BkeUhKOHhBR2JMYjJlZnhNNi1uVnpuMGpXQkRTQms4UkM1WFVLYVpYOHU4SDNQQ1l0TFhqSXdISTRsTVlZcnUxdVdvaUY1TDZSNmVQX3RreFpnZktUbkY5VWNfcGJselNjeGlwVlJTZHo0Z3dRelJIZTR1bXR6NXhjQ0xlZEVuTDhybGpGa0xTT2xCLTIyUFVBZV96bEpUdG5CZ3FIZ0ZHWjdtNWc?oc=5
2026-03-20	Google	0.045	How China plans to use new law to further its financial superpower ambitions - South China Morning Post		https://news.google.com/rss/articles/CBMi0AFBVV95cUxQSkpLSUJKVnRieXRWbVEzZHE3dkk2VDNJRmQwX2dHTTVQbDlEWkh1YW1jb1NtLVI0N3lLanZWUEJtSE9iYWh0NjhadXRtY0g2Mk1NM0lRRW56U0RDa2RSRC1SbzdJUUdxMDdqM0tkUC1yanI2OC1oR2dBT3VlZ0xfekZ2MXFDVHFkOVB6WjByNzRjM3JIWDhpeFgxMkx6OTIwcUpSQjZOVl8wRXQwekJpd2lQbmtoQW95RkJ2algydUNEdHZLU0RUdGotRmUtY0lB0gHQAUFVX3lxTE5ZM3FPWlVGZWRHTEM4N0NjQjNUQ2otYWVRSnBEd0k4MnBOcUZ5ak1fdVlidW1yU1ZETndJU2JrYVNNWDV5V0hTVkxqbVBaVm9ndXRvQm5kc2pheGtSOW4wbFpGZ0hTMVdhTE9fU2RZTGxpOThLRUU0Y3IxUDFHbXI5UktKMjBSTS15WUZQTTZ0cTMwRmtEcGY4ZjFEM3lYNmotanVjYTJvZXFMbUo0cUZUeVNoOE5KNDZfUm5zcHhhc09YQWhRb21fajRZd1NQYUY?oc=5
2026-03-20	Google	0.0	Central Bank Sanctions Return to the CJEU - EJIL: Talk!		https://news.google.com/rss/articles/CBMidkFVX3lxTFBTb09ZRUFzWlgxTjFEZEJUQVpKd2RmOWp5X1lwdkdSdzRXeVhUTHN3NHRnR2VfT2F0aDNNQkN5Mzd5ZUp0d0NnWVdHYmdWOTkyaUFMMEV6SmN2TGVtR3NUWldDT3dwanZBaEt6WTBiTUJTQm1BRnc?oc=5
2026-03-20	Google	0.0	Ex-CEO of Puerto Rican bank admits to investment fraud, sanctions violations - Global Investigations Review		https://news.google.com/rss/articles/CBMizwFBVV95cUxQb1R0YUtVdklaSHZfVnJOZFV2cElodE01NVEwUUpPRGZJZjROSXNReXpwUnNNNmFTbVdVZVQybzBpOUp6aFlpMHVobzdwa2tqOS1yQkJOVnFWNVpIUlNtdDUtYnlkUzlxQWNSV0tNdEg0UUNTX1dtX19QVGhDVXctVGRyZ0ZCNno0X0dSU0xQNmlvRklfWGEySTA5Ri1RdVAyUzFiSWYyenZjdmxtTlJuSnZLV21WT2hXZl9DcFZiUGtpSGtZOFBSb3ZvMlg5SXc?oc=5
2026-03-20	Google	0.0	How Russia Defied Sanctions To Maintain Its Long-Haul Commercial Fleet - Simple Flying		https://news.google.com/rss/articles/CBMihAFBVV95cUxQb21TLTF1S1AtT1oySkFGOGhNSGdISm9EdzFqaE9KOW9LMy0yQmZRMkoxZ2t5UFRId0pDRDJTalBtWDJlYXhqNG5EX3NMTzJRb25peW9MZXBIejFCcl95RDliNExENWZGOWhQME84N3dMVDBEMWpUczJyRzZpeERuOW5FX0M?oc=5
2026-03-20	Google	0.0	Iran hits Gulf energy sites, escalating war, as U.S. mulls sanctions rollback - The Washington Post		https://news.google.com/rss/articles/CBMiiwFBVV95cUxOZm05M1lGcFZGVEVReFcyb3pUWjlEdjRhVHNEeHJYNGhMSHh2b0JLVVZ3eGFzdFNRcWFxekR0clBLNVlYRjl3VFNLYTZ3ZEZNRkwxcUdOamdTU1UzWGVQVXJ2SVBCYTJabmFfdEowZkk5SGotUzUzT0lPV0NSQTN4eUpNclg3QnNpQVpZ?oc=5
2026-03-20	Google	0.0	Jon Rahm withdraws DPWT sanctions appeal. But his stance hasn’t changed - GOLF.com		https://news.google.com/rss/articles/CBMib0FVX3lxTE9MckZNWng2STRfQzJsV29nSWNtcTREWk9mMHFLTjk1YVVyMU9ocEVJYzZsOWJENzlKRDd1Nzl1Tl9MZ2lkeHZtQktOal9mVDJzd0hfSHhYSnNyZXVqOS15OF8tVV94XzdkUkxXSTR2TQ?oc=5
2026-03-20	Google	0.0	Kneecap in Cuba: Irish rap trio on colonialism, sectarianism and sanctions - Channel 4		https://news.google.com/rss/articles/CBMipAFBVV95cUxPbzNSYUlCNW9XOHJpTFZyQWFRSHBXLTQ2dDU3Q3RLV0xROW1ieGZxTExFLVd5ems0ZUhwSXpybUhrZm5OWmU2M3JqM0RodGMzcGZtbExqT0ZyUFdHdEZ6Z0FodlVKZE9mVFVteThMcnpGbndrbGpheDJWOXJRM1NGeFZoWm1IWjhManBVVm1NLVRRTHV1NTNIX3M3V0kyZTVoUEJldA?oc=5
2026-03-20	Google	0.0	Oil Falls Amid Prospects of Removal of U.S. Sanctions on Iranian Oil at Sea - WSJ		https://news.google.com/rss/articles/CBMi0ANBVV95cUxNRnlqUUx6a2tRbzlWVnZVZGhRb2dvaVFzVkstX2FKczdRYVMzQzl1N0k5UW9JaENnZDhFek9tNzNPdHAwR1QzOXQ2QjFQaEVzQTllWlVWQUhHSTFtYlR4WFBiQWlpNm54SXhEOFBZTGwxdHBILU9zeGV3cUtfUjEwbEc2S3dReGxuakVsaF9rZHVyRVp2Qi1iT19OUVdyUk02aWdQRVIwN2FwQXh0RVlpbUh1OWdDNzhyRElkVDQxZk9wdmVyNkpsRU96a3Z5ZDF5dVF3LV9KMGVVbXJiMzhYT0pjRzl1ekZVTnI4RHZrdWpwbUlLUEk2MTZneXkwSWVJNzAtdUVmTmRuY1RON29WQkg4T0kxYTZNRVNuQ0ZwX1ZEUTZaZGRiWTVtQmhJQlp2ZHVWYkFWS19Obi1WMnJrQUlxNHpNMjZkdWZZSnZQQ05GcTRkdTM3b0tTMnBDQVFJek9KX0JPc3Y5ZWFWWjhRQzNyR3dHQUlSdDUtanBmVUN5allJRUJBYUswSVJ0UjVGUS1CQWdxSUVZVERZQ1U4ejE4Ui1yTW8tQUZFNmlraXVtVUhXeWlhQmZEQURqN1lXVjBRbl9sYzBVaEhGRDlMZQ?oc=5
2026-03-20	Google	0.0	Peace talks and sanctions on Russia: Zelensky outlines expectations for meeting with Americans - Ukrinform		https://news.google.com/rss/articles/CBMi4gFBVV95cUxOd0NnamNUSVFPWmNqYkJMdzVwb3hYUE4tU2M4RkNfbjR4M25aR2hRX0NjeU52OWZvUmt2blpTYWcxdk5jLUw3VmFiWFRrZTNvSlJRUzNlckVwVEhaOEZ6ZzlMUjdyNWwwcldzT29xRC1WU1N0SjB0bHg0eldsZEtoRTFlUUZ3azlPTUhNWm1OTWNJX2xsdzZGOGc0dEdqbmhIYjhJWWxaeUZ6YzMwbWVWeU1QU2ExbDJSMXZaUTFuT0V6NU00WkU1Z2pwcGZDSzN0ZnVGdThjLUhueFR4TW9DYjFB0gHnAUFVX3lxTE9fRzRjMWFaMGZ3MFpnb09lQ0lYZTZvVzJnOXdtMG9WSDl1SU93UC12QlVreTZ2X2R6MW91VmhlcVNhank4VEdDSDZ4T0R1MmdhX3FScG5fSGtKVW55VTQyZWtPUm5ZcFkycHlhZm9VWmV0WG1ZeWtUMlJ3TTR4MDVQVWRwQTVBOHBsdUhlcmFmSXVoaU9oTzEyblRJdExMcjJaREFXRmx4YV9aNDJWRWdoNHpOZ01YazJveXljbDlQNW9YZ0pNZ1hMNnozaGlTbzlmeDJXT2dxaHFlOEVNaldId3hfcG51cw?oc=5
2026-03-20	Google	0.0	Removing sanctions on Iran oil will bring supply to ports, US energy secretary says - Reuters		https://news.google.com/rss/articles/CBMiygFBVV95cUxOV2xiUDNnNFhKU05US0lXUWFoZWFrRXVuUzlER2xlcU9RRUd2QnkyVzk0Zm9vTjRtdTdwWUktdk5ZMzV5aUtEclk5VTFza1JuZTBHMkZ2cjhYc3pReE9ORnFsUXFZNVBzMWxxOFFob290UEpIUC03NnRZa0h5UU0wNnFFYnFCWTFhZ2NhdWRPODdVa1ZlZDk5Ul8zWmUwY1RLb0k4YlZzSUNiZnpsQXFCLVp6aks1N3hncUtqcU5RaktBaUg0LUZobXBR?oc=5
2026-03-20	Google	0.0	TradeStation fined $1.1 million for violating US sanctions - WorldECR		https://news.google.com/rss/articles/CBMikgFBVV95cUxOR2xldDdsc1lnSnZ2TjVBRm5SemttQlpnU1c3RlFWT25lbEhKU0l5bkFJSTlsVWRGcGtET0lZdktGQXRCalQyeE5PaWwtTVpwZlc3N3UxdU5Hdzc4elFjRlM5QWM1d2lVSkJ6UnFQRVJuSXpqbENISVlzTGQ0OHVuZ0NLaE53VWd2cEpyYlJaQkMwUQ?oc=5
2026-03-20	Google	0.0	Trump administration temporarily lifts sanctions on Iranian oil at sea - Yahoo		https://news.google.com/rss/articles/CBMioAFBVV95cUxQNmpyVkRpZmR1X2RVY1JPdmthSUNnVzhMN0lVNmY5UUlaenJ2eVdMbjFJbk9NdVFzc185TnBxRnRTdVltTEUtM3o3TXZpOC04WVNlRXhCS0FNTEJOQms2OXRiSG51TXg0S2dUQ2x6NXozQ3l0MWplY0J4dy1zLWRxTUl4U1lkaEM4NHJ3ZWFsVE1sRzFrNm1fMHB2NGFlSnBY?oc=5
2026-03-20	Google	0.0	Trump administration temporarily lifts sanctions on Iranian oil at sea amid soaring prices - CBS News		https://news.google.com/rss/articles/CBMiogFBVV95cUxPY0p5bkZCdXY4UVZjaUlOQlBsNUVIdlpsY09WVWRQSTFfZ0s3emtVSHNfbWc3Y1lfMklRLW1DN1dNR1RyZE5Ec0V3b19pOXNKR0g4czNWYjFvZG1qZUJHQUNPZkRDODMtR2JpVEtQeHdpMFJ1X0w1RHl6NDdqZDdkdVF5d3ZOWkRaaTZHaWZGREpJOWk4YWV4SlRiUUdYQjlXR0HSAacBQVVfeXFMTjFTb2VDdnA0Z19sT3RDZzAydjdXQVk0QXZuc3RwT0RHMWxKYmxFX0FReXVOOGtQY2U2TmRZWlkwX2Z1RkVkdDJnX2s1b2pNQmhlY3RFcnMzeVlNc0FvQy1XbmxuN29rUEluYWdubldDenhmVzQ1MDZPNkdxSGdVMG9EX0JmYzRWdWdNNEpKNGVZWFFwVll4RDZsdEp2dlJIenpGT2JrWXc?oc=5
2026-03-20	Google	0.0	U.S. Tightens Sanctions Waiver on Russian Oil After Tanker Reportedly Delivers Fuel to Cuba - The Moscow Times		https://news.google.com/rss/articles/CBMi1AFBVV95cUxOXzROUXF5S3lqTVpnNGJfTFBXV2JycGIwZldnaDYwY1RMbnFjZ2pqX1p1NmVKR1ZBTHhIZmM2WlpvRzhEeW16WjV5bjhDWV9sSXdIX0JsOWlHZTRRNGJENUpUSEtVTFB0ZWtBZmp0cTk0YllPWWxvUzhzd1c5aTJnOEpVSHVVTk0zZFhoUkNUR1RhdnI1N3paRjlXMnREckd6d3djckM5VzF4TnBoWC1SZ0p3U2pvSUNvX3NoLVg0Q0JIVV9TNElzUEZtUWN1clhHTU5JZw?oc=5
2026-03-20	Google	0.0	US Sanctions On Global Network Financing Hezbollah - NDTV		https://news.google.com/rss/articles/CBMilgFBVV95cUxPd180amlaTkVXSExTc0Zza1lNajcteWQzdU9nU3QyRTZhUXFuQjZ3N2N6b0Vocm52WlQ2ZzVocy14QjlZRVBGVmRPT3BEOXBJTTZnWGJXaHBkXzJ4LWp6TGRrMTROVDhWUGpRcnFrWGNIRWdLSklBRlhOc1lwOHBKVEhjSWRWZi0wWDBBQ3M5cnNIcTJRSEHSAZ4BQVVfeXFMTVd4RTE4OTR2N2Y4b3FRV2R2ZXN5TGpvcUdnSzBiNVVYdjBMd01uMk5fNmxGb1lRZVEyVXgzalZMMlpTVzJqTG82RmQxZzRDSGR3ZXVtTVg4Wks0VUpOdVZiWWIxbERrR3lrSEFuUGtYQVViZjUzVzkxZ1FOa2lIc0NITDdJeVBqRXAwODFLODI3dHJWU2tSWXpFd1dlaGc?oc=5
2026-03-20	Google	0.0	US Treasury Sanctions Global Network Diverting Funds To Benefit Hezbollah - Eurasia Review		https://news.google.com/rss/articles/CBMiswFBVV95cUxQY1Z4LUswek5UVjhpWnJSV0hYM1RZZWlFYlhIT1NzSFZCUUNUTnNxRXkzME41YVFfc2RVQmhMTXAxZmZWMS1fdmZ4Ums0bmpHVzVvek80dW5SbS0wTVJRZkNkWXBOS05LaGx2Y0tISm9oSGNXaUtPMzRNQ2dZdTQyMktIRDR3cFkwYXBSazhxVUZZbUdERnlCOUNyeG41czBsT1hqR3ZRcG9YSVRweEhzU2pfcw?oc=5
2026-03-20	Google	0.0	US decision to lift sanctions against Belarus likely to aid Russia’s war effort – ISW - Ukrinform		https://news.google.com/rss/articles/CBMi0wFBVV95cUxOU0Y2OGlRVnFDSjdKNTNXaFhKeTJSWVBoTExLSjJZNXFTM3lOVWhqQ3dUQnVNR2lRa1pfTkRuZlcyWVViekZDNm83Y0prLTRHSUZIT2ZGTGNZOWVnOWg2dkpWS05FanZ4R2FzUGdUYl9ULXRxdE9fUmpJM0o1bEJScjJJTDBrRzRNYlVRcFdmSU1jWXZZUnktTTg0UDg3c1pBOC13TVVUQnUwZ3p6cm5ZMjA4dEN1RVRYUk5rcmhFMWZfY1p0S0xKVkJGVUV4dXQwS0I40gHYAUFVX3lxTFBPZWsyNUE3SDFNZmE2WVdSVW5kUGZXd2VPMkRhRnZtQnJud3hRX250ZUM4cGVuMFBndE1fNTE5OFhSbVNKaVd3Wkd1VzVFY0xXTDYxOTNWTFVpNDQxSmZGY29MODA2QTd3ZHBJdzBvY0dadUtEVGVhZDQ2ZkFnUkIxTE9lVkppS2dBRnd5QlJuYy1GVW9EQ1FVVll5Z1o5MjFwOGNYRl91ZzlWcFA5NFNVNTlaLWY2VWw2UDZfTmJ5bVZEcjVXUTltTFdNaDlIVmkxb2k1ZUFCaw?oc=5
2026-03-20	Google	0.0	US hints at easing Iran oil curbs - what it means for India - BBC		https://news.google.com/rss/articles/CBMiWkFVX3lxTE9ZNnlVY3VCRFdaNzhFZVV2YS01NjYwQmhMSHJhMXhyaUc2Y0FPU1AzaU9FRllIQlVqaVR2RHVCRklLWVAyOXhXaE5MZFB3MzRheFJSNUNpZHFmdw?oc=5
2026-03-20	Google	0.0	US may remove sanctions on Iranian oil stranded in tankers, Bessent says - The Guardian		https://news.google.com/rss/articles/CBMihgFBVV95cUxQVEpEVGYxalk0VDliMjNDXzNINWVKWkFwYTBDMVMtbkpHeXFaTnlEekZrZnA5LXViZHR0UUEwblFlYkt0Rmtka2FhLTFBWENyaENWVFhnWVFpNVJFclJGV0VMZ0haY3Y4a2pmZ29YT0NhZTBIMm1INTVjQkNycG1TeUZHUXB4Zw?oc=5
2026-03-20	Google	0.0	US mulls lifting sanctions on Iranian oil at sea despite war on Tehran - InsideNoVa.com		https://news.google.com/rss/articles/CBMi8wFBVV95cUxQSFFBazZkc2ZnTGl2NGdaN3BXQjFnUGI0djBhQW9pbXFVTlp1VHlia1FiV3NHRHNENGUycmNqTWZ2eW1ZYTE4YXN4LUtFNzFQT0hBbWQ5d1p4LVBTSDdORlZyUm5xMlJHSnNVREVyeGRfN0o3dnJPVjktdFdVSFdqM09kSjRQNDl6eUVaTU5BLXNhSnhWR29PUTJFRGdVTS0wQ3ctSHRPRTJxLU1oejhjams3eUJJZGN1bnNPN3FqLWxXZjdxVU9qcXgtY1FDbEg1TzdZS2FVRGNodk5YcExBbVM2M2xPZjhBb0pZakphNW5mREU?oc=5
2026-03-20	Google	0.0	US pauses sanctions on Iranian oil stranded on tankers at sea until April 19, as Washington seeks to curb soaring prices - Daily Jefferson County Union		https://news.google.com/rss/articles/CBMihAJBVV95cUxQb0FQZzRpUEVJMXNpb2t3Y25GM0k3S2pzN2lNbjF0cGhuQ0poN0RreElONEMtdlM2ME1QcGxwWlEyWHRCQTdYRWd6cUVlWC01a0Q2M2taMC1Xck9ZcmtVMTRfZ0t2VkdKc2lUZ3c3Y283cXNoTHIwVVhDTjk2dXdhSnJkRjg3a1pCYkhhT1NDUE1Bc2R0ODhsVXZLdVVTb293N3dTSndFOVhrX0g1d256SkhLTDNQenpzVXRUYlBQLTVfekRYTm1reHlLY3BaUFdlNldMZzEzMkZtNGxsd1F4ZmJ6VVhlbnVzMHdQbTZscWR2YlNaNmJXLTdnVUVGR2dJQnQ0bg?oc=5
2026-03-20	Google	0.0	US pauses sanctions on Iranian oil stranded on tankers at sea until April 19, as Washington seeks to curb soaring prices - KVUE		https://news.google.com/rss/articles/CBMivgJBVV95cUxOS3g5aHFKM1N0cFp0bjBrekFfcmdRY2YwSWZUcnF0Q0YxUU9FWnoyVTR1MjFCZ3B2Vmw2OE1PSDJBdnBoQm1sMDFRU282VTNndk1Cd0g1bE9vY1dvZE9EUEJiVFhTWmFzNTJUU3JzQUNzbk9Za3A0LWRkZzVpdGpXTUJhZlNteUZwdEhFcHgyNUhNSUxmbzVuUkNzcFR6ZVo5bTJRYzhub0tCcE9KdHhLQ3R6SHNGVGZSVFpKb2V4aE9aX1UzWGh1d3BwRG5oWTVVTFFvUFAzY183MnVOMXFvR3NlcDQ0UTEyMjZNbnVrT1dDeW9PYVpCbHpmcWlBaWstUXlLTGxoLVo4d0loVjI3RTNLcU9pRy1la2pIbXdpUVVZbkQ2OUdyVVQ2Z3RqbVFYM0M2cjB0ODJfZEhhd0E?oc=5
2026-03-20	Google	0.0	US sanctions Iran-backed Hezbollah funding streams - JNS		https://news.google.com/rss/articles/CBMijAFBVV95cUxOcUlFNE1aTGpxejlSREhSTnh5RWlQbmgzWlRwY0pCOEt3VmEwWHp6YU1uc3JHazlVVTlQWDNZb2w5Y29QRThPMmlmcUJ0cm9wSGFPYXJsZ2tQNDV2VEdRby1aWC1LQ0VUdWhkVmVXTHhHYjZNd00zcDBXMEtIVVQ2djlFcnN3ZDRScHZCcQ?oc=5
2026-03-20	Google	0.0	US sanctions global network accused of funding Hezbollah - Anadolu Ajansı		https://news.google.com/rss/articles/CBMinwFBVV95cUxQM2NhRmFnbDNqR2FiMUk2MWtHY1dpeEluQk5GZkRzRS13T3B3MEZaS1VCcl8wT0tYLTRsWVlfU0JxcU90LWR6cFp5NURLRDRqaWhMOURkal9mTDNfV0ZLRnV2QXM1MkVJaG9ZeWpBcW8wTUtfSThpOWhMOHBtQXZsWk5lOFZkUk8wWl8zdE1lU183NHMtRWJjWFlWS3Y5WFE?oc=5
2026-03-20	Google	0.0	Ukraine calls for stronger 'anti-missile' sanctions against Russia at OSCE - Ukrinform		https://news.google.com/rss/articles/CBMivgFBVV95cUxNcjdldHdoSy1jX3M3azBOcThCdS15NS1BUjVCVEgtT2djRUt5OGJNRGZIdnZSYmpFWjJSVDBLOWZJelFXNGc3Umhma2RIbGg1QUg1VUZzTUhtZGVDSjQwYkRERWZmY0F2NHpXVUI3RFVnWmJjOGFmZ2NBWFpJYVZzd3J2VnZQRDRrbDNmQ3VaQ21QUlJjU0ZOVlBpdldGdUoxU1FaMmpxZXJfc1VQUm9aamtTVnpfUGtSZE5CUDNR0gHDAUFVX3lxTE5pMmRDY2RSZ2hpWk5ma0Q1RFZ1QnBuak1YbUx0ekgzT2p1bm40ZzdrRXhMRXNsTlQwc2VIREF0NG9DRGsweFFBamlVTDJCRE1Zd19JME9GRTgtbk55WUFWcExpZzVEM1JWb2UzMi00OEVuNW1EX3FORklyOEoweVMyWHpXbnMwM0tZdUNDcDhUdGY4UHRMZ2NUclh5NkVRNVdYX1I3RWRvdEhSRmJxN3M2b0hxRUZILUxJYVZIRXZBVXktZw?oc=5
2026-03-20	Google	0.0	Washington floats easing sanctions on Iranian oil at sea - CNBC		https://news.google.com/rss/articles/CBMioAFBVV95cUxQNnEtUkZCMEhHaHZGblFKZUY0aGNtZklfSnJzaFFpdmJyNWRCWEJ1dkREamxPUTZhdEl2cWdKMG9GdjJEb2VoajdDdmY0dmFDVk1OZzZuUnJxYUcybE1DUkhxeEdYMmlmd2tKQUdKMTNPZy1mVHNTclExRk9xMXBHLTVKdUFETzRfaTZuZE5sRFVla3JzbVhaLWdRcUN1ZEhX?oc=5
2026-03-20	Google	0.0	Why Did the United States Lift Sanctions on Assad’s Chemical Weapons Scientists? - War on the Rocks		https://news.google.com/rss/articles/CBMiswFBVV95cUxNQUx3REQ5amFZVGFOYkZBYlNHNkd4ZlB6U0RmOEUxYlJSZ05TMHpCaThIZDQ1dWpSMVdPV3hWWjdrUThIVzlHclFNUXJSbWVrbUowZS16dEF2Z25uUF9YdUY2YlRBTFk3Q19FTzk3VGdDR3EwaW43M3RRUk04Q0dIMHlmZHUwNDkyMkdwRk8yNTQ3QmROb09ld3REdHkzclJZYTFIS0VpenlQT0VwYnJGamg5SQ?oc=5
2026-03-20	Google	0.0	“Iran Is The Head Of The Snake”: Treasury Sanctions Global Network Tied To Hezbollah - Yahoo		https://news.google.com/rss/articles/CBMijgFBVV95cUxNQXJMZDd4WGh3UjNVUmEzVWdSX1JBRnpBZ3k1elBudEtXd0FNdmxnYmJpMW5RZUtQZU8zeEYzQjBnRWdBdXlxSWxKZXlwc1ZCUm5LQlRhZkJ6R0gzUkNISVVLTVdZMXI5Z1dIOUNoRG5Nb09GaDJSM1BVZWZVVzBISExVNkJHNXQtSkRZTUZ3?oc=5
2026-03-20	Google	-0.067	Sanctions, bad weather drive more ship-to-ship transfers of Russian oil products, data shows - Reuters		https://news.google.com/rss/articles/CBMixwFBVV95cUxNU0hSM1pJMUxRX2hraUVSQ053blFMTDJOMkRGU2JSN2gzTHdMS2o3S0tMUjVTOXJFblZZSkNkNjBWVHpuNTlGSU1MZW0wS3d3OG9FRDU0cDA1a3dGNm1QMl9QRDlJVGxqSTVveURpSGM5VnF2bnF2QktQU2p2NDM4SmFDamhfZHp0UWlUclBCMXNGd2JDWUZJeHF6ZnBBU1Q2ajFFa2FJVzVHNWRrUEFKczlXOVYydzEyN2M3WW03X0tLUW1oQ3Iw?oc=5
2026-03-20	Google	-0.125	Lukoil Reports $12Bln Loss in 2025 as Sanctions Force Foreign Asset Write-Off - The Moscow Times		https://news.google.com/rss/articles/CBMiwwFBVV95cUxNNnR5eUlERDNZMVI4QlVhdGZ1WGJ0WXdKb3pHRElDN1ZVeXhBUElxS3VBWXM4X1JNOG5ZMW5YTkJmLVlOdjVJSWlrRG1RSkczVjg4M0QzRzZKTEJsc3JMc3ZGX1JxdGN4Rk0zQWtiaUJZOFdKYm5QMGp1MW5Lalc3QS03SHktTU9ndDFqUENibXNkNWQ2QXpaNGxKNElXcWJ0VTl5eE9ZNlltS1FvUUNpNDVrbEV0d092SGNleXVsRlc4WFk?oc=5
2026-03-20	Google	-0.2	Serbia secures US sanctions waiver for its NIS oil firm, energy minister says - Reuters		https://news.google.com/rss/articles/CBMiwgFBVV95cUxOZTVDOW9RLXV5WldjSGNZQldzeS03d3hEWXFwM2dSZGJWVS1lYXlXVW9KVWIyX00wcVVSLVFkOVpnWkZvMHhmSXFteElkcTJpZU5DTlhiRjk5ZGYzMENrM3FzRnVfbXdPUUw3aFdWZHJfbVAtTnY4a0ZtbGlXbnd5OWJJdWJHVndjUWpjT045Y0JWYmJEQjVKQXdNQUZCTzN5NVFJMEd4bmsyQU8wYXpYMlcyWC1oVFFVOXRJQXBqQXloZw?oc=5
2026-03-20	Google	-0.217	US allows 30-day sale of Iran oil at sea in bid to tame prices - Reuters		https://news.google.com/rss/articles/CBMirwFBVV95cUxPVThQV2w3RUFSVU5YeThFdFVXMUxVYTN2elRyRk5vdG5MWWtLdUpRM2lERkNpd29wZkVjQlYwaWR4RTFvNm5zUUwyc0ptVHlsbXR5MVlCa1B3dkVIUzgyaEs5aFM5WFpiWTVJUnJSY3o2M1FlOHdOZEV1ZUZPV1NCNDZ1VEQ1d0xOUjdtQl9rSHpZZ1J3RHh0LUpHVUxEekd2QmRJVFlqWXl6Q19uRnNz?oc=5
2026-03-20	Google	-0.3	The Dangerous Precedent of Removing Niels Troost from EU Sanctions - International Policy Digest		https://news.google.com/rss/articles/CBMimwFBVV95cUxNSTM3S2l3VmxHOWszcUktdU96LVN6S29MQVZ2X1cwYVlUaGdKNC1wcTcydGw0T0kwSVJlSVljUTNhVmRmTGpKdXN6Y1ROcExZV2xnVnZ3MWVaMW9lWjc5ODJqa09aaHBheUdseExPcHJSQ2o1d0pzQ1FiZldLbkxwLXJZRkxQT29XQl9KMjVHYk1WRGxzLWNTYnFiOA?oc=5
2026-03-20	Google	-0.5	Treasury Lifts Sanctions on Turkish National Who Aided Russia’s Illegal War on Ukraine - Foundation for Defense of Democracies		https://news.google.com/rss/articles/CBMixAFBVV95cUxQOHl4MlhoZV9SY0NMcDJZZVE0VGtoQVZ6XzRjbF9NZWhLY2x2UDJiMmJTM0dxNWJMNl9xZWR1bzlkYlhpVEFmQWNJMXhMNGNTckItQ2t3dDFrRUE1R0ZZdkx2WEZ4MGkzekJFeVgwQmdSQWxvMmMwWExOVjRkZWRCVnF3TE9EWjZkX0VEdzVJUC0tUFgyWUplUnhqaFJ3ZGxuYmZGVnJjSGtYUlNCZWpLaVBkY3BzcnZBVWlHQ1kzX21CT0R0?oc=5
2026-03-20	Google	-0.7	Trump administration to drop sanctions on Iranian crude. War updates - USA Today		https://news.google.com/rss/articles/CBMirAFBVV95cUxQSXRjckxQSWRKTjJkODIzeWs4WmxIUXk1NHJIRHZ1UzN2UU5hazJzQ0dCcTFmdWxETFpLSGtlcTRDVUZ3RFcwX1o1blZNbVExRlBlTERoRDZKY1dfdGNOQ1I5T05RUmFVOHBjY3BHdWdmXzI5anpJb0lWaXU1TVd4R1ZOcDNScG1JVVliTWJZazNMYWY4UGF4Ri15SHVxbVlldzgzbnNDS184SU5B?oc=5
2026-03-20	Google	-0.7	Venezuela's Security State Hardens as Sanctions Relief Lifts Oil Hopes - Crude Oil Prices Today | OilPrice.com		https://news.google.com/rss/articles/CBMiuAFBVV95cUxONXAzdm12bXFWQnZBSWJsLTQ2ZTUxNkRneGFPODhQRFRid0VKU0lBWE54c2pIaDBTRktPb09rTFZQMlBQeUd3TG5oY2hYLU9HWnpQUnhUUld0VFBCVjV5aWhRd2JJOVJkNGN4VFNQR2xUU0RHQnhUaHYxNVg1NGlQUmpoUjdxdVBBeWxPQ0lCNXY5TmFvSElKSWRzaW5yWF9GMzE2RW5XUElGYUtkbF9GUjNNaTBBZjJa0gG-AUFVX3lxTE12R3NkWGdKVWRxMUNkSFJvYWRtRThhd3NNTmFjZXYweDNtSG43RTZFWWRXWE4zSUJFa1JpNHY5Ri1jNmlBVTJZeWlnZGNIc1dKd2ZFdjNxTkRfVm9xYloxTEd5aVpHWW5zZnM5S3BxeC1RbVpxM3lMNDdrTl9ycms3Z2VKSHhJVFhXUEk2Wnc1UlFtX1d3bDM2cmZaekdtRjR6em9ucEJYN3N6QVVVQmpxS0x0a181bHhncUlSTlE?oc=5
2026-03-19	Google	0.5	Iran crisis lifts Russia oil exports as U.S. eases sanctions and Asia buys more - CHOSUNBIZ - Chosunbiz		https://news.google.com/rss/articles/CBMiiAFBVV95cUxPLTNWdk84cmJQb21Xa2dJbkdqc2VwSlkycGVwTF9aOU8xU2t2YXZrTzdCNmM3VTQzZVRxOUpEYmJTVFZYdExWaWFlWmF0ZWgzZFB5eDZINHMtY0VRRzVpOWhVLWJCcHdUaUhJX3g1TzdfSGlkZDNieF9ZWHlVU2pHSUVsblYtaUs20gGcAUFVX3lxTFBIOTNTZDNBX210QXRrZUgtR1h6Y3ZqQl80Z2JFSWFnYWJROTNuQjJEZmtiTWRob010UUJCdDBFcmlSSHdHY2thWnNvMjRQVjh6Ym5SNWhaR2ZqRzdUVDc1Y2hYc1Q3M3IwNk8tLUQ1OTRqTHFsNDNVMExacFNqbFlpOW5CQ2FKMEk2ZmxNRl8wMUZFWmxjWFR3SDAyYQ?oc=5
2026-03-19	Google	0.5	Lukashenko frees 250 Belarusian prisoners as U.S. removes more sanctions - Reuters Connect		https://news.google.com/rss/articles/CBMiyAJBVV95cUxOcnNNYmVBN3dyYmpKSXJwYlVZQ2dTRUNncUVEbUpWX1VydS1OX2hfQWdKbTFoX3lidHdPcHp5U2tvLVpIN052OG1KTnBUanJpR3dWNGJmSk04MmJxQ3EyZ1I5SUpCbjQtY0lWWkp4TXFjVElHOHBuYXhhMmd2VDFOa2taMUNmTWJyMzZKX2JSWVlUOWxJUjhwZFladjBUVU01dkZsSmhlV29QVjJ0WHRRX2xjV1Qzd21Nbi1qSFl2M01ldEV2ZUFZZGZLS1EyVTNjdEdoamN6Wkg3T3BxNVo3d01KeUs1SUlEd3owSjZsc3JqOHBwcFYwTmx0VWtqdXY4aVdfN01SWkVCZW14QzctY1ZmMTJtRnhTanZwSm9mdW8xZng0bHBJUzNvb1NYa2tjb2ttSW9jek81TndBNTJLcV9nakI4dGNV?oc=5
2026-03-19	Google	0.4	US signals u-turn on Iran sanctions, may free stranded oil tankers, says treasury secy Bessent | Hindustan Times - Hindustan Times		https://news.google.com/rss/articles/CBMikwJBVV95cUxPSkV2RFVGeVB4T0NEcTFzNVBPd29FYzdsUGpDcUZYcWhJaUZ2S2g0TlRibm9aallwbHlPVkZNTDNON250Z1BVc0pUTVpXbmdLeUZUQVRlY2ExMHZGVlpoRmczNF9lWjExS051NkVvLVJ1c3g3MF9EZlhjSUcwbnhrSk9pUXZVSUtLT3ZhcFctZ0QzbVNuRkU5Q1lLQVRPTUdMa1UtN3JoenJsRnlWWHZKMnJ2azhzMTBmNXd4cmlISGlndHFpdVdNcm9mWUhXS08tMkJKUFVvRjdhMkxjU2xETlFFT1dLN2R0SmZ5cXItaTJMVEhxNTRhOFBpN3JTZXJqOE9ua3daNXNxc2VfYXppcmdlWdIBmAJBVV95cUxQMFczUU5FZ0V5MkktMEFoYkM2UGZhSTZpRENBMTJSZVl4Z2JQaUFrVGFVakZGYnU0dHEyd3JvcGdFLVJldjFST2FpU09oWk9PM3A1VVNIbHgwRzRYbTR3Qk96Q2Q2c0plVEw5dW81YmMxYk9lWVg3cWV1RWJFRFBUYnI0dFJ4MHdld3FCS0QyRjNOWUdZY0VaajlOYUNlR2puanBzdU9keGdFTHFqRFczdGFPUGYzSS1ZVlV1d1VPQS1ZQTBtTmdrWWVMSTkxdko4Zzd6S0l5bTJTTE8ybm82cnNFcG9KNWhCWlNMSURfdU5URHNoWTJlWllVUnBnZGVPS2t3LUhqNkN5d1BMa0hnTVhqV1gxQ0ly?oc=5
2026-03-19	Google	0.4	Washington Eases Sanctions On Minsk As Belarus Releases 250 Prisoners - Radio Free Europe/Radio Liberty		https://news.google.com/rss/articles/CBMilAFBVV95cUxQUVFBYnp1cFUxaTR4bXF2a0dCcUVSMm5ablFsNzk5T1NReWpNOEh6NHJsTFJPMnNRYmp1c3ZZRVYzTjlMd19mcktDSjFuYjlJbGZDN3VRWWpnWi1kTDRrWmxNLXNvN091Ykd1b0lES3JncFhtX2ZQdEQ1NlZIU1lLSGN2SnI3SGJXLUh6MkNYcnJPWlRV0gGXAUFVX3lxTE1XNG5ieU51dHdhdHdfRHVSQk00Z196dmk4T2FrWEFpN0hPQTVRMlpnc25DVGsyR1BhRko1RjdhaXFsbHZwX3hiU1l3T1FQaHFQcGpFalV0eDEwRVFmdVZ3Z3dSSXhubkJoQXlaUUE4dFo1V29YakN6YVBQdnZaSlJEdldLVVVPUUVWVlVNd3RpbkplcXdLSjA?oc=5
2026-03-19	Google	0.3	Trump may lift sanctions on Iranian oil to calm energy prices, says Bessent - Firstpost		https://news.google.com/rss/articles/CBMihAJBVV95cUxNR2RIQkItT04zZnVOcnhTM3BwTkN1Y3lQWVpKODM5UExhOGVCY3ZnOVRHdzhKMGl1eEJPZUFwU052OG9fTkN1eTlZU1BidHdjNmdhbUoxazhjalA5VUdsbUZXTXBJVk9pNG9lejE1c3pBOUd1cW03aURlRWdOTmVTbllWS2JSejM2dkM0YXl3N3FvSjluQXlWZE45OEFUamw1UmM5UUNLQ29fS3hoaTVyaEdHbi0wbjdvRWlSRS1zTmJSTlFvVXFwXzR4cVEtcnA2cGpVNDFwVG9vbUR5V3k0SHNkbmRxTkdLc2JNWE02aTFSTmx6cmdxX0dXNDBpSmZfSWZPX9IBigJBVV95cUxPbDk0Nl9wR3VPR0s2M0FIZTFlWjc0LTF0ZXEtclF6eVhtZ3UtaDhYYjdhMmhSX0tNeE9zbmFEZlB2LW95aVJ6NjV3T2dhZnJQOHNvUGZZQWlsV09pMEU3U0dLWGpZRHRmcEZsUThaa2Q1YXRBQVh0SnlLalQ4cTg1SmxrbV9GRnYzdEJFNURlTDdfMDhoNjRlNWp6bzh0SDF3WlQ2eUxqeXRGZ01IVWNLZHhLZWxtZENHc0ZCQnZiMGl2ZnVJSkdKMDYyZ2F2WWFEeUJ3RXhwak11bHpuVm0zTlJYT1hWd2p0VUNLa2ZkOGcwYk5mWG54aG04LVJ3Q2I2U1hoR3FMNno1QQ?oc=5
2026-03-19	Google	0.214	Smart sanctions can save Trump’s ‘peace through strength’ plan - The Hill		https://news.google.com/rss/articles/CBMihgFBVV95cUxOeHlnNXhOYVltWndCbk9vcWhfTjBxSS1qUHFnT2ZwUDFEVU9Ta0VYX2t1OFBHN0RJeVhUYXByc1VTcnlId0RDSnpZWno2Y1VwRzlpZk5Fa3ZhNmtieS1tOUhHaWMzRnp6RXBqMk5vRE05X0IwbEZmc2ZWZ19PeUpwbDF6d1lUd9IBiwFBVV95cUxOYXUxOGMyY2txNVZqd0VDQ0pnN1VZaWN0RkZhRXJRSlF6RVNENHZPM0cyNWR3WlF0ODNVVHdPVWY5QXEwN05nZnU0dHFoVEtDUEQtaWV5b09ma0o0c01RRWZTNU9yYS12UEJ3YVFOTDZwNEJYcGQ3dmRyLVZKS1RxY1NGaEVDT1ZQSUFN?oc=5
2026-03-19	Google	0.2	US may remove sanctions on Iranian oil in tankers, plans to release 140 million barrels to ease supply and - The Economic Times		https://news.google.com/rss/articles/CBMinwJBVV95cUxOdjNKYUc4NWZrMk12dUU5blNKYTVicnI1ZDRPQlk5S3l1ZFFWTURWaXFfRXktRDc0M0VmQWNaWVFmbEhMWUdQNE1kdGVuWjVwdUR4M29iSnFORjBnbU1rbHg4MndBVWxkSGRFbmw5NmoyTjNuN0xKY3R2OHNoQjVrUnVzelFHVjE3Q1VQcENza2NQRGpTLVpvMXZZM01ZSTRlNVBnVzR3dDlra2dCRUhRZ25KZ1NoZWREZFBiTE5UMEtfeG5TVndmZDdGWXVDbTdGbGtvWng1UWYxVEF4Qkt5MnZKU0tPRHRYWmt5LVBFMUM0NDJxZGNpQmlqb0xVWDl0X3NsTTlmSXBrZjVXdDlWOFd1S3FZZGhKM2tMLUtMc9IBpAJBVV95cUxNMHFNU0FtaVB3SHF5T1h2MWV2SFhuakxGMzhyZG9tTXY2NlFmNG1WQ1Zfd2ZLQlIxSTZYR1NfVGdpWXM0NDdQWWJqV0lkYXBmVGhaM1pqTlh0eXhibGFMQi1idWZLbnBFZG9meG9lQ3h4WkpHMk9fb3JLeUNxWm1CN2JtNElLYlRCSW01ZzFGM2dPblpudHZ4SERYQ0h3N1NKOVM5YzZxYk90LWZHcUtpRkZDUE5MOFlMQ09ud09RaW5veUhtNUI3U01LcWlwZGhScEVEd0hqVlkwTkxKeXR4eTFuTm0xdmZqbk52RGZ1S0w3T0Y3RkxGa0QxemRSMFB4Y1RqWDdmRUVsZzFBTlV0R3NzNExENTRqX3AxZ21XX0ZjN0dZ?oc=5
2026-03-19	Google	0.2	US may remove sanctions on Iranian oil stranded in tankers, Bessent says - The Economic Times		https://news.google.com/rss/articles/CBMi6wFBVV95cUxNTEx5SG0xOExLX01jOUJER0hhcldRM08xTnJfS0xacENBMFFmSXEzbE44a21seHVaOGItY1g4R0t6R3VHS0pua1JIOENKelpabXhudERpRUc0T3R1cGw4WHhQQVQ1MzQ4Rmd4ZVhISzVWVk40NmNWOFFvbi1LY3gtLVlleEZPODFBTWJoOWtWR29odUJKbHN2dmh6blhSWXdnc2R3M042NUJvVnBveFFkTEt4RDdqMExSVTRwT0VUaDk4UjF3QTRYZERzUUZ6Ump4MHR6ZHJvbnNyeF9paWluNVcyRjBiUGt6ZldJ0gHwAUFVX3lxTE5pa0FqUmk3cmszT3BGZW4ySFpPNktUeE1JNUFNVlhzZE90STRTS2c1N3Etdk9lRmllX0tBWlZ0VmdtcGhHUDE0MjZ6VDcwNHNhRWJWRHpqeXJuS290WGVLcXRIcXA1cEtxbUlHSjVXZ2o1TnNyZnJLRTU4dk9BamFkUlctS1JPRFVvclYtZlpCbFpZODRsd1FFeVJDeThyQ3JTREstMW95amNOQVlCbjBXelB6TlBDMVY2Z0VHT2pXbmg4RlVUN1k1dEYydl9rYUh3ZE5LSlI4VlA0WDlxTjhtMXhScVJkTDdReHg2MEUwVQ?oc=5
2026-03-19	Google	0.136	U.S. Encourages Flow of Iranian Oil While It Battles Iran - The New York Times		https://news.google.com/rss/articles/CBMiekFVX3lxTE4yZUlEOUl0NFVpckRiM0swa3E1QS1iNFY5aE5qRV9tV0N2dnZCR3JmY0pWSHQ2UlJCa3F6cnFYUDN3WGc1RHJwOURsN2syU3IxUDRveXVlaldRWklxYTE3TUZSa01YMWVZZVJSX3VmYWt3ZDlHLU5wcmhR?oc=5
2026-03-19	Google	0.136	U.S. Lifts Fertilizer Sanctions on Belarus as Iran War Causes Price Surge - The New York Times		https://news.google.com/rss/articles/CBMinwFBVV95cUxPaE91Uk13Z3Q5VEF3d09iMUVOSDRyc29HRC10UTdGTTI4d3BXdHdKN21QYjBPcUowUnNCYkUzWnB2d2ZabzlBX2ljcndmNDNUdmNxSDlQZklleUI3VzZYWm1ocjJqZDAzOFVsZjBwclpBMGZGNGFBdWw2RTRiYUlyOXdESDlrUGNWS0VBSzJXYmpmTEN0SDhlaWR6U3d2cnM?oc=5
2026-03-19	Google	0.1	Moldova Expanded Sanctions Against Russia, Targeting Six Media and Cultural Propagandists - UNITED24 Media		https://news.google.com/rss/articles/CBMizAFBVV95cUxNa1hqU0FYeDFUWnRtbDI4OTE3aTRQTmNzZm5qczdBNEhIQ1lnZ0RMN0w4UjlrUldsQi1YeW8xczVQbHpDLWpUWkE3bkRzRFBQNkh5UkJHLXM5OHNGMks3OXdicGt3V0Q3bFRxQ1VJNXBNZFptR29fWmZaU1BOMXJoRUxwV0pILWJGc2Fjd2ZoM1BsSjdQTGplY05FbGFnV3V4LXUyZWtEVkVVNUJ3WkdFazY3LVd5bV9WZm1HSzRYcjIxb0pUZHJzbmlZXzg?oc=5
2026-03-19	Google	0.068	News Wrap: U.S. eases sanctions on Venezuelan oil - THIRTEEN - New York Public Media		https://news.google.com/rss/articles/CBMid0FVX3lxTE9UZzlMSWlfTnVHckdtMzc3Q3JWYS1mQ0Z4MjBhZjdVRmdfZzg2cl9iNUhTX1hCTXdjWWlnSlJFQ0kwOWVtOHFXcnQ1ZGd5RkJON0ZSUTVPSzdJMXY5SnhLSC0yNGZReUtyc3dRak1POEw0Z1hVazd3?oc=5
2026-03-19	Google	0.05	Running restricted goods to Russia used to get you sanctioned. Apparently it now gets you unsanctioned. - Euromaidan Press		https://news.google.com/rss/articles/CBMiiwFBVV95cUxNVTViSkVGS2NSejJYUGpfV0c5Z0FSSDNZMGQxMXJYb3R2Smo1cktKLWVyUXlEWUc0NFFtVjlVMlRlejVjdmR3cHlPSnhEeFo0dG5SUExGTThlZFVmUzhMMmZETlB0VnQ0cTRqeWt5LXpjTjI5N2ZNdWtiOUpmSFl1bUdkTUVWYW1LVGdF?oc=5
2026-03-19	Google	0.0	250 Belarusians freed after Washington lifts sanctions on banks and potash – regime calls it “humanitarian” - Euromaidan Press		https://news.google.com/rss/articles/CBMimgFBVV95cUxPSjNKamwwcHVDcEVFbldfT1NtTG5id08tSVJyZ2F2SVByMlg1dXdCaUk4WkVfMGd2ZnJkTFFNRHRXZ3puYnY2RUpweTMybldKak5ldGZfS0VKX2tsaVBINlo0bnZKUXJFMVNIRzFLYk1kdmsyRDdUa05kcUNObl9DZUVYVVA2WXVRUUpCa0FodGtCTGFBUkZ3MXBn?oc=5
2026-03-19	Google	0.0	An Integrated Approach to International Investment Protection | Pillsbury - Global Trade & Sanctions Law - JD Supra		https://news.google.com/rss/articles/CBMiigFBVV95cUxQUmV0Vzg5UzNPNjZYZWlMX2xkYTFFYzFvZjdlc2l0bTBvTmpoX2FkbDV0NHVKNWo0RW9fT01QdDVET3JOb2x1ZjRpRVo4aTBPXzFjSVdHMVZFX0xUN0ZMc283eUQ3ZHJIdVlTVGVKcEtDQ2NBY2FnVk1UcDZWMjlTanZpSjJUUVVaVVE?oc=5
2026-03-19	Google	0.0	Belarus Releases 250 Political Prisoners in Exchange For Further US Sanctions Relief - Kyiv Post		https://news.google.com/rss/articles/CBMiS0FVX3lxTE5zRW9yYTBGdXlvQ0JHWG5yUXY0Vmw4dm5yeGc2Smh0UXE3bno5S1BmZnZKSXNQYkhNcVZKNzB4NU9VXzQxNkNHaUhaSQ?oc=5
2026-03-19	Google	0.0	Belarus Releases 250 Prisoners as US Agrees to Sanctions Relief Deal - Global Banking & Finance Review®		https://news.google.com/rss/articles/CBMinwFBVV95cUxNZ3hlNmc2ZUtsVmFEc3BQdHh2amxvNmpib1ZwRmtnek5DOGRHb3hCVzZzNmpFc1JWWWpia3FFeGFQVlFpZmxwZjkxMi1GWWVTU2ItclJqUFJDTFJ4bmRzUDRjVUh4WnpZUEFUQW03SDZtanY1aVBtODAxQmpEYVhmelFtYmVXY1VkbTh5d1NxOUJKdmpncENFS3o3UV9wTlU?oc=5
2026-03-19	Google	0.0	Belarus Releases 250 Prisoners, US Agrees Sanctions Relief, Vilnius Embassy Says - U.S. News & World Report		https://news.google.com/rss/articles/CBMizAFBVV95cUxNVzN1bzNSZFJyTFVZcVBPOTdmOXRZWTFCYWJrNlA2djZNc3hUU3B6bUhyUnplQkJ0VE1qenlUa0hoSzZxaHYyRHRZNG1FaGM5bWpFQlAyNEs5SnJxdGN0cjlhZkVteFluYnJXWUR1d3hTQjZwUGhpRW0xME9XbC1hZ2FINGIxdkNZQnpwVHlJcEZPT2I1bm9uRExEUmRfYWJrcjFDcDgzLXNoVUxHcGRzc0VTYlo5TlgwU1ZEdG5GZjRobXdaQ1U2RENCVmM?oc=5
2026-03-19	Google	0.0	Belarus is releasing 250 prisoners in a deal with the US to lift some sanctions - Sentinel and Enterprise		https://news.google.com/rss/articles/CBMihAFBVV95cUxPejhzNFFEbDkybkZLcHh2cFN3b2ZoUFlNS0hsTllLQUZIc0t2V21wbmVIRXhWbHVNcWlJX3lSR29OaHVCamJZMWx1R3FaWEVoQzhLS0M3UGJIWC1LSXp3QWpFSkF0czB6SUo1d0x0ZVhidk5lcWdYdnNHTVQ2VjRsdlU2YzU?oc=5
2026-03-19	Google	0.0	Belarus releases 250 political prisoners in a deal with the US to lift some sanctions - AP News		https://news.google.com/rss/articles/CBMiqwFBVV95cUxOQjE5eFZ0dzFlcklUdWNFMFpSNTltNGJlUl9HbWJFM21oSjIxUk0yWm4tUXdTbmpqaFpPaVFkS2Q5QnZMZ3NqZ3NPcHd2WldmM29kQUxyTHJoNVgtUTE4OTRySFZ0aHBMMl9pOC1XNDFUQnpIUExRQ0VJVFVzV3BfRU9WQXN3Sy1qbjBXWF80NGZuc3E4WEZrUlY0RVRMQjNtaTZSQTZwLVV4TlU?oc=5
2026-03-19	Google	0.0	Belarus releases 250 prisoners, US agrees sanctions relief, Vilnius embassy says - Reuters		https://news.google.com/rss/articles/CBMixgFBVV95cUxONzZwWnhhQVBUZnptbDQ3Z0V1SEprUjRla1ZlWmRSSTZPMXpzZkZpeVlENWNFX2NScXptUXJYcTdZOFBpZEh0MUpJS0xYMnMxWlU2Vm1ZRmo1SVB0UE5PM2RhY3ljdXV5ZEkwbVg4bW45MVJ5Nll2WjlBRXpZRS1XcTJNeVhObkE0cXVXemVMbE9hbFhZLVdGRDlCTkFlblpaQ0JqT3ZDMFRDMzluaFc0RDh5SE1zNC1QQURHaU1MYmdGMWxGaEE?oc=5
2026-03-19	Google	0.0	Bessent Flags Potential Oil Reserve Release, No Market Intervention - Bloomberg.com		https://news.google.com/rss/articles/CBMiswFBVV95cUxOTVlLNEpZRUxiYTlESXdINkF0VVdIU0NiNWNhcGZDMm9jZUxaWFpsMDFzZ3lwWFhuMFd3NXdaN01TLUdBVzFfVG84S3JGeDJMTk5mMnpvcTdjQ2FkN2wwdlBqTEZibmJ5endEV1JxOHdoYVBod1BMY2wzN1I2eEF4N2ZxNlVZaHJxZFd2YnJrZWVnVkFfNU0tc2JiZWZsYTdIcVhlcDZrN0NtZTMzT0p4RlFXOA?oc=5
2026-03-19	Google	0.0	Bessent Floats Lifting Sanctions on Iranian Oil at Sea - WSJ		https://news.google.com/rss/articles/CBMi-ANBVV95cUxPRnBnU0NRYzZ2SlhIWWg3LUdna0VKRktncjlydHpVX1F5Vm12LVpQNDJzdHQ4ZzE4ckxCZGtnaGFMQWFjNGFxdE1NQlZEM2hTTl81UVJZQWJsVFRFMUlOZjdOWnF1MkVGTkxJZW1FRjYzY191STdEOC1CNUtXZ1RvQy1fcTJaQTB1SlhTU3VlZ2R2ZzBLdWRlU2tNY0ZmalRYVU1TcjdUaWJWNGFtN05ybFRTbzJzMzM3Z0UtUkgxcmZwZ3pFZEg1R2pGdG1jemRBWlF3VDBkQWVPM0tvRGJBWmYwQ3ozUTluNTlyZ0xxTldERXhVSzlZX1ZtQWFqckpoNjdvMlNIU3RpZDdIdmt3S1ZjdWQxLXZySjdvZlNJYzJMUDhWSW50dFl3ZWtRNFdZeld4WmNlUVRZU2I2M2N5MVFTWkVIOGVSdFhZSDBZV0h1a1k2RUlycXVYSUpEdUpzeHl3WDlESnpfdXpBb081YXdIYnpjUnFhZDk0M3lGWUJHTnFLb2xYN2x4U2NPYlF5VVZBSmZuQmJWTDlZdVo1QXU4WmhSN2NoNEtabXlXLVNfN3c4UVRQWk43RjkwM2Y3MXluNTRMalNHcm53eWJ0UWxkYkV2SUsxSGVrVV92a2VvQXpZNmpRQzR2OThEUEhKVkJselBjQmU?oc=5
2026-03-19	Google	0.0	Bessent says US may lift sanctions on Iranian oil stuck at sea - The Hill		https://news.google.com/rss/articles/CBMimAFBVV95cUxOOTk2bE80aXR5M2ZvTVRCV3pwWG1DN2drSWRKZmtveDNYVWpyUVA0MFFXWGhkenlSandZUDhhSUhWa3RBSnBqS3cxcGtLQnZUcndTemVQY0F5U1VKYW0ycWtYZC1WWHJ3UGFTZVhFNHFsa0JmNUVKaXRHcGlSbmtCT2ZSbUlpMW9pYmxsMk5JTUNiblNwcFRzU9IBngFBVV95cUxOeU5oeUdKcGhXTnJnMjduWkZMeHZ4cGUxaExnanhuZk85Y3AwdjVFclBOR3pGMEJHSVhmTkczMnNzX0h6dXpPZG9MSkJFTzVPTWFLZmp5VTB5SWhiS2Y3N05ER3hVR0JOWUY3djF6RUpaMlZQRlNVd0tIOEdXSzFEdEdER25JanY2dkc5RkIwMGcyU3dISWxHRmJCSm44dw?oc=5
2026-03-19	Google	0.0	Bessent: U.S. may lift sanctions on Iranian oil to ease gas prices - upi.com		https://news.google.com/rss/articles/CBMijgFBVV95cUxPUUhac0hmTDBNQWhZWVNhb1JrYldTTUNRSXlLMlIxNzRzYTR5TGNibzlnVnpldGl5eGFtX0ZUNmdMUWVTQnJleElkU01XTGdKcFNEUWRYRlJ1XzJrYjd1VXBia0lRTmV5S3V0QVpMakdCbTBJSlB4V1VESHRvOXhmNjVZSlJZZ0kxNHdtcnJB0gGTAUFVX3lxTE9SbEVfc2h6bzlwTHFEWmFQX0lwWDZUVXB0bjctX3ZqTjZIQjZ3b2NNYTM4MUlDcTcxY2ZYSlcwd1ZSTGx2QnFtcHlPYjU5U0dPanB2eGRBTWtHcFBKa3ZQWFpJMzh6UllESS0tdG41WU10MUw0czlOcFV1MFpEdk5QN29GRGFGSzVQNmczelA5c2FFcw?oc=5
2026-03-19	Google	0.0	CADE sanctions Meta for breaching WhatsApp interim injunction - Global Competition Review		https://news.google.com/rss/articles/CBMiowFBVV95cUxQazl2bHVCWXRKWTFzUHFmOExmamI1UXlUMm1KU0xQMER2YTJkc2lCOEpQTUdLNVZHZHoxUjJGM3VuOFR5YVVMdjdCM0pfSVBiQ3MtN2Z0a3pBYm5ycFM4YXZuN3pjNUIwSUdXamZBbTFlSjF0T1JmODBUSEU1cThRdVdJM1I4Wl9GZEpKUVp6TS0tYkRsQ09MdTVFX21vUDdOWWx3?oc=5
2026-03-19	Google	0.0	Chelsea Fined Record £10M Amid Calls for Stricter Sanctions - 조선일보		https://news.google.com/rss/articles/CBMihgFBVV95cUxPRjNEcFUzNTBzM1h0OV9uUHVmZ1hTX2YxV21NWWxUSWlmVEZ3eUtRejMyVlJDXzMwb1NpUlJyU2ZzbVFPbkNfLVJTRGI0MTlmdTZmMHJLOTB0LW1pWFFQSGNvZHVsRlpySkM1Z0t6U0ZkbjM2eVFLaDJBOThBN0JHSnl3c05kZw?oc=5
2026-03-19	Google	0.0	China sells 62% of Russia’s weapons-making machines. EU sanctions target Kyrgyzstan. - Euromaidan Press		https://news.google.com/rss/articles/CBMivAFBVV95cUxPWnNJYjI2Ny03V3Iwb052OXQ4YUp6eEdkY0kzQ0M0RkNoNWc5ZDFnOHlTNjQwMnZ1alMtTU9IZmVxNTJMUHgzX3hCbW9HN25VSVcwdlAzcHVQSW45QkJoOXlVWUNudGtoQ0syZ1Y0NlVqWThkaGp0Q1FqR3EzeUtWb3JGQ2pleDVPRzJJOHlYU0YwR1lrcDBCcGxEbHlGVGdmZHJpcjhEeU9HUzZXQjUxanZ5NXRJaVE3emhhdw?oc=5
2026-03-19	Google	0.0	Colombia Seeks US Sanctions Exemption to Invest in Venezuelan Energy, Possible Pipeline Reopening - Daily Pioneer		https://news.google.com/rss/articles/CBMiqwFBVV95cUxNWHUwU2RzejR1UHc1WFg5NlVGaWRNTU9Bd0xlTjhpMjVTY1ByQjVCWGdQU2RTaDdqZTNCSFEzS1JrTG81eGllckhyOEx1LUtvaHZpMkZiN3lGUGpEeUtTV1NyTGkwQXczbUFBeVY4VE10aG9RS00wQmJnTS1SbHExUi02aG02a2NVcFZNTHVWb0xsak9vSTFzclJza2dYMndYMmhCYUUwZUxrUU0?oc=5
2026-03-19	Google	0.0	EU Sanctions Chinese and Iranian Companies for Cyberattacks - Insurance Journal		https://news.google.com/rss/articles/CBMifkFVX3lxTE9qbExwY1pWTjRwN2E3U3lqVHpyQzhVSW41VHAxUmRhMU9TTlY0MXMxaFBwS080bzdpTVRqMnZKZEVZaENFRGVsdjBVbFpXcWx5QU1zT3gyaFhibnh6alVZZDduWGM1OXpBT0tIcEFac2tDa2ZGTWpzdnNlb3lfUQ?oc=5
2026-03-19	Google	0.0	Exclusive / Kyiv worries Moscow sanctions could crumble - Semafor		https://news.google.com/rss/articles/CBMijwFBVV95cUxPZnQ2R2JGZmVKX2hNSERQNlZmdGh0ZXlSemNBQTNUQjJwNG1rVm82YWloU013Y21BSDZ1S0lLc0hCa19xVTdYa0czSzI0WFhRTUE3NXRMM25JcVh5U3JOcXN2dV9saDNZWTVlVVlESWphSFFnY0dhZnM2UHZpWU8xTW1UZkZVUE4yYjZucDBYaw?oc=5
2026-03-19	Google	0.0	FIFA sanctions Israel Football Association after probe into discrimination - KTLA		https://news.google.com/rss/articles/CBMirgFBVV95cUxQaDkzU196OWxPZzUwU2pGbHpGT2ZUQzE5bzA5QU1HTlFQSDB2ekxidHNaYkpLVHVxSHdxWmVxMC1hVm0xR28yLTh0dTZ0S19Fa2hkd0pFeThUUnNMYzdfaDhobldvdVprdXhEa2ZpWFRXRERBa2Z3S0wtbkhJelZjMUduMkpjcVZESUJrMUpDSHdQSDRnVGFmZnN1MWM2TkdZdEJwemxvWndua2ItWGfSAbMBQVVfeXFMUDdxZ2RIZ1dpVy1HVXNHcHJIYzE4djMybXM5N2JMek8zT0hicExMMzYyRndfR29ZZGRBZW1QQ2hfVmVCWnhldG8yRldSRFFzRmR4NXo4TzQzeDBSMUQyY3FKZ2VTWmM3blllS0xUNV9NMUtPdS1rUmJMREQ2YkhlZVFrSmE3T0ROMk96eVFVaUZzc3VLQ2VXN2htWHFiemFaVnlPQTZqTlVqN243RlpRQVNuMFE?oc=5
2026-03-19	Google	0.0	FIFA sanctions Israel’s football association over Palestinian discrimination - KCTV		https://news.google.com/rss/articles/CBMirgFBVV95cUxPeVpTaFh0TGRIWWVoOXVHYVR0MTV4WTB3V2tjeEVnUW1kU0JkWW5FYjUzd3JRUm5hU0o1T2lMYy1ucWQ2ck01eWJHMUJqWkREZE1yTmRaSnFVSjVSUUlhdE5ocVpYYVMxUlZvOS1xZm0zZ1h3UXIxTnVYNjItN1VKczl6TVdxZ3ZnQzV4Z0dUMFpkM2N0S1ExM09XLXRQbERidzhNaEtLdlgtdEZ6bHc?oc=5
2026-03-19	Google	0.0	Former Gov. Asa Hutchinson, son testify at sanctions hearing over son’s 2023 felony drug conviction - Magnolia Banner News		https://news.google.com/rss/articles/CBMimAFBVV95cUxNRkF6NHdWY0tpZW92X3pQbzVhQi12RmhtekMzTW41SGRIeVFpVGRLQXpmekFkcG1PbTFmYWdQQjlGbENXY05EbENQZmc2OUVYcXZydnkyekx1alVLSkNvSVh3ZUJQQ1hYUE1NMGJpczZhYXJYRWZxMENxa0NrcDhycXBMbk1vMjFTS016SWg1SHBEOWczR3p3Sw?oc=5
2026-03-19	Google	0.0	Former Gov. Asa Hutchinson, son testify at sanctions hearing over son’s 2023 felony drug conviction - The Arkansas Democrat-Gazette		https://news.google.com/rss/articles/CBMikwFBVV95cUxNRUxtNVNnSXZvVUN4R21VRE1aV0NLZXM3RTk0aUNvTDRuUHBIcEFDa0ViQm9mYWpIM0lrNHkwNHlEcHNlUmZGZ09ZZVhMbEZqZmxHVldYQXV4QUZYUGZCUURFaWRQc3Z4VDhCTjE4eGs2bUhCRThEYlJUQWZ0cUwxTDk3Skc2emIyNlo5WE9mbnZFNzg?oc=5
2026-03-19	Google	0.0	How sanctions can weaponize US tech against the ICC - JusticeInfo.net		https://news.google.com/rss/articles/CBMimgFBVV95cUxPSGRKZUhaZmVIZFZYSnRPR3dUY21Xd05JR3hOODBjdkxram9ndWQ1LWpVTERidlRBQXVMclliRFZvQ190Q0pLQUZtUVFRd29GNHlwVWRMeUVmSFFDcFJLaFFFZk1vcmY3UUotTnhlb0Y3bHg2b1l5b1E5VVJySjFtNE9IWEhFSkpyWVFFMk1ZaWtZSGtEZVZFSndB?oc=5
2026-03-19	Google	0.0	Iran War Briefing Day 20: Gas Prices Spike, US Floats Oil Sanctions Relief - Newsweek		https://news.google.com/rss/articles/CBMiqgFBVV95cUxORERsTEloQmtmWVo2V2JCV2lxNXY4TWxyVlFISm44QlM0NTVXQ09oZnFIYkRNbHZFbVFrXzhCTTQ0ODI4MGNxdEY5UkRaajZXQTE3U2FWOERyWnl3bHBYNUE1aG5EcVFnMElxWTM3dWs3YzZwOXJtMkh0UTZBMU1ZbUlfdkdKSmR2SHd5UWF3a2xOYkhxbDdCVG1XdHJEZThKWkpMb3dpNnRiUQ?oc=5
2026-03-19	Google	0.0	Judge Tosses Sanctions Review For HK Electronics Co. - Law360		https://news.google.com/rss/articles/CBMilwFBVV95cUxQWjF3MnlHNUszcHliVTdqeHZzVm9SZ1c1NEU4c2hIVThvWGJJWkJLTXBfYTM2MFRYSXdFWFRXclpoU2o5eEtPNEd6VlhxOGxCVGNwTTZXRnFWZHpRcjF3bkxtRi16ZHpFWGt2VWNFNTE0NXcwZUR2RjF2SmdKYWhrZFlnUEloS281c21rbjFhQjVSdDJPSDZj0gFWQVVfeXFMTWhpMEJyZEtiaVJOTE56QmZHVm5meEZmNVZFQi1GcHE2Z0dZNmZ5cDBobVdXRnF0R2d0MmtBS19UMWdXNG5JSVBSV3ZSRmF3aTMtM29aTWc?oc=5
2026-03-19	Google	0.0	Lukashenko secures sanctions relief as Belarus frees 250 prisoners - EU Today		https://news.google.com/rss/articles/CBMikAFBVV95cUxNZU9FS2MxYi1RWVpNVTA5OUxvQmF2VUNyNkdpaUowUlNyeC1SdWRvWGpibmZwVWtFWjFxN3I4S0dFWlMyOTV6NjV1cFdHOVBra01BS3dpT2VCRjYydUlseURSSEF4OTNUT04xcXg3TXEzeWZzZmJYZlJ4TzhKNVFwbzVCSmE2MDd5V2dJTHlPd0o?oc=5
2026-03-19	Google	0.0	Middle East conflict: sanctions risk posed by re-routing of supply chains - Pinsent Masons		https://news.google.com/rss/articles/CBMikgFBVV95cUxQQ1JEekhPZUZneTk1aGQtejZ1ZEZVYTcydjc3TmtYYUNBX01BVG1La1hTYVdJLW02WGpIaGljekRXd3NsZGt1OFlSTER4bXVaUWRSUzdkOE15YmdEVWNSSG9sLUNndzdTTGlEaWxIVmhoWWxYcmVPNXd6X20zVVR4a0xjTnJGcVkwcHJyYVRiTGcwZw?oc=5
2026-03-19	Google	0.0	Middle East conflict’s cyber spillover tests limits of war wording and sanctions: Kennedys - Insurance Business		https://news.google.com/rss/articles/CBMi5gFBVV95cUxObVRjU2ZGd3lpNXpiS3Nnb1hJU0dHQ01Mb1FOTnR2eDNNZmRBak1obkExZi03cFN1TVZFRnp0R1pPdG5pY1k0ZkVWZW1adjRHdlEwNlJwS2NrU1pQNVFRU3YySC1kNVZuSmF2d3RqRFRsM2w2QkZoQWlrVzRDbk1abmhqZ2Ntc1JXazhJLUJjS2hHQzRxeVc0WHY5WWljS0dkN3AtWDM0Qi13WFBXZTNmanJ5WExSelpqRlJOd2hlQlh2cmJ4ZnhwWER3MGJyM1UxV0VDdTZialFFc0paT01pQVlNMUpfdw?oc=5
2026-03-19	Google	0.0	Morocco-Senegal dispute: sanctions for both teams, but their World Cup participation is not thought to be at risk - Goal.com		https://news.google.com/rss/articles/CBMi8wFBVV95cUxORzZYcnRkcFVTRTB3dUcyaFZUZHpaVmYycTNYVjFXakp5cDBTZ3dVWERRRENlRXBORTF4NGtrWE9oclpITkdibGhrcE13WVZ5U3VTVGhxOGVlb0taQk5HM2RyX3J0ZXNHMTM1WmNtTktHYWJWRkU2N3FISU05RjFCaXRZTkpLeWhjNjlHUWU5amxtM3hBY3ItWnpQZXdjV1VMbXE0YTk3aDhoVFYtVzJNOVNzZjVjOWlxc1NoRFJ1c0xEbGt5NTVCT0ExOHh4cUtJUlM5WmlpNWJmcXB3Zjc2T2VJRmdyUFlyU21kQ0hIellxLVU?oc=5
2026-03-19	Google	0.0	Mosaic slides as U.S. eases Belarus potash sanctions, raising supply concerns - Quiver Quantitative		https://news.google.com/rss/articles/CBMisgFBVV95cUxPT2hvdDdITl84SjhXamNjck1pbVFjYlNJRkc5b3RKMWZMcFpKWUEyTVBvdTVIYmx2VzZXQVpvdGpySDc0ZXZZbjNock1sV1VWLW5SdHlmMWRhS0JnRlN1UXg0ek1USjE4SEdqUmFlWWNWLVVLUWJTYWp1VFlSV1hCcmExazJsOHV4R2VOUVg2WUlyRENlQTBETFBtM3ZZYTFtMnVJTi1VV1ktV08xTzhQTUd3?oc=5
2026-03-19	Google	0.0	News Wrap: U.S. eases sanctions on Venezuelan oil - PBS		https://news.google.com/rss/articles/CBMiW0FVX3lxTE4zcV9xdjBYSnoxUDNOZG5abU1ZamFfT0IyVjY3UmJBWUFrbVZWd1pyc2VyX3VqaUpvZWp4OGdUSW1JMXZmRE8ySmRXRndoblJmVFlSa29WZEllNzA?oc=5
2026-03-19	Google	0.0	Nyrstar NV: Market Court judgment regarding the decision of the FSMA Sanctions Committee - Yahoo Finance Singapore		https://news.google.com/rss/articles/CBMiuAFBVV95cUxOSUdvaWMzMTNkcUZVOWNpTUZPcnhmc3VkS1JwbHg5YWV5MnF2TGR1S0JOc2dhV2tHM2E4bl9FYkZ5LVhtaFdPS3F3YTNTSWVxQzNuelJkNFZLdUlNSFBIaUNaLXAtdmZZOUJrZ3dzUnROeDluc1VVRzBtYWpBZmRqb1B3azJRR0RFeWVSVTZiN2FjRHFRTHh6ZmgxcE5WU19hTzFSTkhfRDZXQWluTWhWSUl5cGJ1S25v?oc=5
2026-03-19	Google	0.0	OFSI Publishes Consultation Response and Updated Enforcement Guidance: Key Changes for UK Sanctions Enforcement - JD Supra		https://news.google.com/rss/articles/CBMihgFBVV95cUxNSm9zY3N1YnJMUlZfV0VQQ0FsLVNGOFpva1dSa0x0MkJoV1Q3b2dmeW9vUWpvSGVkb0M0QmlfR01YVW9uN2NLNHBETHgtNmpLemZMTXF2MUd4YzlfVWItTC1qV0t5bDRfZHVOd0NiTnFlLTZtYmZ2YV9nRmFDYU9qSElVR3JKUQ?oc=5
2026-03-19	Google	0.0	State Sanctions May Not Affect Medicaid Managed Care - The American Journal of Managed Care® (AJMC®)		https://news.google.com/rss/articles/CBMihAFBVV95cUxNdXdKb24zdDNjNzBZWTB3Vm9kX0ltellmRjNkYjRlMEluWHBHR3prWmhLWFU1UVRIYlozYmJsSGJ4bnFsOGl0VlEwek01STJidXNjM3V2dUFHdG4teDNKd1lrb0JVQUREU0FLZUowS0RHNlhTYnMzZlJ5X3FQUXUtaHdDbmw?oc=5
2026-03-19	Google	0.0	The U.S. to lift sanctions on Belaruskali, Belinvestbank, Development Bank, and Finance Ministry - Белсат		https://news.google.com/rss/articles/CBMivgFBVV95cUxNUF84R0dCOXVoNUlZUVo2WGlQNHBXaTU5RmJIMXVKTVVYY2d0UEwySjhRUUlIVzY2d3FwM2hHMENsb2wxaXJONFNRMk5pY3p5enBlUmJvQjFTSFZVYmQxcDlFTmhITzdQZDltZjhTRTNMSjd3SXp1bnRWNWZkdGdMSkpXdC1BQWxLNW1GWGhRNWN4S2l4bGR0c3p3Yzl1SnhXeWFkMHM5MmFfUk5oaEwwQXp6SnpEbTBXRzB3a0Z3?oc=5
2026-03-19	Google	0.0	The U.S. weighs lifting Iranian oil sanctions to keep price in check - Axios		https://news.google.com/rss/articles/CBMiaEFVX3lxTFAwX0ItYmVfemFqYnZGMzZXSlk4RXV2aDJzYmQ2d2VPMnNjWXl6akpWb1kyeXNtdlduLUR4T21tcVJwSFYwa2l4ZXVOOHJzR1hROVN3NDVuX3F5VjdMSzVDeXczVUNCWXg3?oc=5
2026-03-19	Google	0.0	Treasury Secretary says US considering lifting sanctions on Iranian oil currently at sea - WDEF		https://news.google.com/rss/articles/CBMirwFBVV95cUxOOEhnU2hHQWFPTWU4ZTFtS0ZCVzVpdDA0YlFQRExIVkVVcTloSmk4TlpzQ2MxUkJhYkVnb1c0T3RUU3BiNDVQbWtrR05GRzF3QjduQ0VMRU9pMmlrdzRFRS1RdHFnQmxwaU1wdzZ0d2IzSVZzMkVYcUw2MDVTM3VpUk9yOU4xUDhMb2hnaTVpSXpCdTRhTjhnZHl4U1MydHNLR005WmlPaGRWT3l6Y05r?oc=5
2026-03-19	Google	0.0	Treasury eyes lifting sanctions on Iranian oil - Semafor		https://news.google.com/rss/articles/CBMikwFBVV95cUxNY0loaktwZWx5OXk0Nm1kcUhiUE5XbjlGZXp2dXNaY282Y0p0OGtmSVhONTlXeUEyQmhWMDBvblFfdkNiai1RYVpJNW1tSDNuWGY3ajBtZTJfZ2hqbXlzeWlQWlZKTWlZbjhEM0ZGWGdiOWRiUEFPMkVuem5zTW00dzR3Uy05S2d3U251Yi1LUFZwQTQ?oc=5
2026-03-19	Google	0.0	Trump Administration Eyeing Removal of Sanctions on Iranian Oil - NOTUS — News of the United States		https://news.google.com/rss/articles/CBMimAFBVV95cUxQdE9JcDNJeUFuOXFiT196c2ZXVEY1eUFSN19RT0otUzQ0am54SDdmbU13R2xEbWEzbXFORXNhLXhoOWdWTEZweWE4UlZ6Yk1DZjhOcTFEQUVjczZLaGZtSUNSeDQ5YnQ5MGVzWTZqWjFqOFczRkNNMWhTS1pKZHZ2bGV3NlFaT3F4Y1JWY29hLWJhcmFPLWNlVA?oc=5
2026-03-19	Google	0.0	Trump Eases Venezuela Oil Sanctions as Hormuz Disruptions Tighten Global Supply - Vision Times		https://news.google.com/rss/articles/CBMiwAFBVV95cUxOWFJEZ2pGaDcweEZlNW1BWEIySTFQX0J6c0tRZ21ZUm1wWUxVSHFfeERSdml6NXZUZWkwejdabXRRblpLekNxOC1LUjBRT2JPZ25QM1k5VFFQb185QzR5QVNfdURjNmZLQXpadkY3SmJjRExCZEV2MnZqelUwVkdJUkU4TWFwYzM2bDZualBGZTlwekMtN3ZrRnkyck1VSkI0aUZMSmo0X0JhQWRUQi1QYTFyY1lRNy1rTGt4dGg4VVo?oc=5
2026-03-19	Google	0.0	Trump Official Shocks Internet by Saying Iran Oil Sanctions May Be Lifted - Newsweek		https://news.google.com/rss/articles/CBMiqwFBVV95cUxPVzB4cnpmc3c1MTVBQndSUVU2YmJOS0V2WHFpZUszcGltNzNGVlNuNjVGNTNjTEZwMnRhMkFxQU4xUHgwbnVhN1dZTXQ1UWdKc3FqTC1MQmlfRHFNV0NSTmNfdVpGRkdRd2t4c003VFRsQlowZERqRkJoRnpfeUFma2s0ZTB2RmRkWDZ0RnYtZThYNmc5QmZaWFBROUE4cUp5TnFNODczUVVXWWs?oc=5
2026-03-19	Google	0.0	Trump administration may unsanction some Iranian oil as energy prices spike, Bessent says - Politico		https://news.google.com/rss/articles/CBMikAFBVV95cUxPZVJDQ0U1RDBVemFOQUZMWjVUV3RhdXQ1ZnFvNDAtem1OQnN6Q21ONFFYdS02TnBUSHFKTjlCZVJrbnVoZzA3RW5XbDZKLTdiSi1XaEI1Yk10dnY4cVBadGlOR0tSd1lHQWU1LU1WMkdNanN5UTZuSHVfdy12NFhDVGJzMTEwWW5lVWxLSTUydGM?oc=5
2026-03-19	Google	0.0	Trump envoy announces lifting of US sanctions on Belarusian banks and potash industry - Українська правда		https://news.google.com/rss/articles/CBMiZEFVX3lxTE92UjFmdnp2WE1ndUhhazVLNzJ1VXkyZTNJdzRYOThvc2YzUlpPczR4cVBSd0NvUXkyeEYzMlF4YWZNRi0zMjQ0QktTMkZhZWhsZURJVnF2MlZwTHczc2ZBT2Ita2_SAXBBVV95cUxNM01CM2dIQ2xWbVNnUnNPUFkzcTJjTmxuX29FV1hULVRoSE42VjF1TTFjbXhIa3dQQWp6cGNjOE1CZzIxeGI3UXFKOVBZVnFGQnMxZzRNcXhvcENiSW5jSUh6bzhSTDlLX2c3MWlFQUZ4?oc=5
2026-03-19	Google	0.0	Trump weighs lifting Iran oil sanctions as energy prices soar after Qatar LNG strike - Fox Business		https://news.google.com/rss/articles/CBMiW0FVX3lxTFBrdXExekxzc3RHdHhuNHZhdGtHTnRpaEZwc2t4cVkwYzR6UlJkWWhKLWZRNnVTZVBKSmhObHR0Mjl4SzdSem1nalFXRUNCaC1aMVRyd1VObng1VlU?oc=5
2026-03-19	Google	0.0	U.S. may lift sanctions on Iranian oil already shipped: Bessent - Xinhua		https://news.google.com/rss/articles/CBMifEFVX3lxTFBUUEhaUWUxblhNOVJDdzFkNXN2RExMWnNsUGs4NFM4ZmNVeFdaZDlOM1VoUjVrdVJEWVVwN2dPamxvZG5tbUhLakJFbVVFLXNoakxVQXd2aEFLUUg1SmNhZndWTFBVREVHTlZ2VGNyT0k5LW5td25IR3RvUFA?oc=5
2026-03-19	Google	0.0	U.S. mulls lifting oil sanctions on Iran as it hits key Gulf energy sites - Daily Herald		https://news.google.com/rss/articles/CBMixgFBVV95cUxQMExpOThweHZPeEQzNW5vckJLR3BTY0dVbEpVbnR5TkMtNHpRMHdPN0RHeWhhMWRMcXBXQWdXaGNlY1l2UlUtRmJSc3BhWm9BRENmZXdrNVJuVER4Z1BmakJSeDFBNENORFFwVTRfV0lEcXpBR2hqLV9VczdVWWZvRXVjY1p3SVRlbzNqYzFHU1d2SzUxWnFKN2pCVHVxRmZjQVNaTlJ2cUdkS1FIRm5zc2Vxdk9rLXVfZ1lMajliQlRWeFpycEE?oc=5
2026-03-19	Google	0.0	UK Moves to Dissolve Zedxion Crypto Exchange Over IRGC Sanctions Links - Bitcoin.com News		https://news.google.com/rss/articles/CBMinAFBVV95cUxOVXN3UkctMXZMbnYtR25NQUc4c0FkM1dHQ1Awb0dfMGRSTHRwclJ1eEdDMU1UT3ZJMDlraEpIYVotWE5qS2ZfSklBcks3MnVlSkxhTHBtdG5NUkgyUFNNb1dwOGN4ejAwdm5aSFJZTWdMdFJMbVRDeFVJbU5hdmE2dTFzWXI0VmtCT1h2eVR3OVJFSTZNNllLUFJIcVo?oc=5
2026-03-19	Google	0.0	UK to Dissolve Crypto Exchange Accused of Aiding Iranian Sanctions Evasion - Decrypt		https://news.google.com/rss/articles/CBMiogFBVV95cUxPZTlOSHVQeUx6b0xkX0pjbmZMZ3hTUVFaLUhkYmg5Q2dXLTJNVXdrQWpMRWV4aTRKU1NXS2IzZjRQNGxwVXkzdEFENzVxMzBxN0dmLXZjMWFZaUtXMThyMUFFTGpiMU1ic0I2OFNRYkZjVU93TzQ1TFRuaFhRZXZxNjd2R3Baa24zTDJzYWg3bTZuRTRCQVNVNEp0SnF1RFZjTEHSAaoBQVVfeXFMUFpuNnVlS3BaWGZFQVhGdDI3SDYwcDA2c0JtMjdMdGdEdElPRUZJR2dvakxVdFQwWDl0V0FTVXo3bEZseVNmdmtEcmwwNzhmQ1VQMVRqM2pnQVpPNnR4M05seWZwQjRZYkxKT0RMbUNnZEpIQ3BFNEtReURuU3JhWjBRTUxmRTFweEVKdlpUSmMtSmFOTWQ4dV9TTlFnYnBiWndHZDdpZ3Nzbmc?oc=5
2026-03-19	Google	0.0	US May Lift Sanctions on Iranian Oil at Sea - Newser		https://news.google.com/rss/articles/CBMijAFBVV95cUxNMWdvbHRoVWFqSDY1MlRSc0JjNE91eWF0U3lKX1FKV1lFN0w1TlVwZE9reHV0czNpTWYteVQ0RTJxUktEMVlJdWFfQWhFNjRmY1l3SUNFUTRYRzJ3Y1JVcXkwRGRxNVRURGlfVkxGa2x5VEZJSzNLMENYOUxacmFmRUdnWFlRLTZPZUxLLQ?oc=5
2026-03-19	Google	0.0	US Treasury signals possible sanctions relief for Iranian oil shipments - سانا		https://news.google.com/rss/articles/CBMiTEFVX3lxTE9uM215dlpvYmNPaEJORWMzOWprRWJLX0ROQlNIUEhwdTV6NHkzbWdabHFVYU9KLVQ4T0VSVVljLVl2dEJrd1VaNUZfRFc?oc=5
2026-03-19	Google	0.0	US considers lifting sanctions on some Iranian oil - BBC		https://news.google.com/rss/articles/CBMiWkFVX3lxTE1NT1NVOEVmVG9YTWw2N3BrVmNXbC01d0taOE9sa25IQk8ybjVkc1pzU1R4U0NFeTJZc1F2T0pxYmVtakUtejgtcXhVd1p2S3dFZzBxRVNlbzNCZw?oc=5
2026-03-19	Google	0.0	US eyes Cuba as next focus after Venezuela crackdown, says Trump - Mid-day		https://news.google.com/rss/articles/CBMiyAFBVV95cUxQS08yZ1RmSDVpX2taekRpQWtTNHJMU1Z6STJvY3JQbXdZc1pERHNhLXd1bE1wN3ZmemFJZ1BoSHRsVkc5MjdJQjdaZ0s2LVBHeVdoT0hjZzktQ3BzWTlEZUF5U2xWYk8yX1d4cFNCOHpuVExBVU00ZndNT2FRWnhVdS15ZGQwT1d3bU5wNjJhRWJJZTdTaTN4Y0RzTEVMRlIwb0JaRmpnMG0tZktDYkNadUVTR0dWZ0FCbzdmOHFDT1FXYUNLemNkdtIBzgFBVV95cUxPT3NUTGpvRFJfTmw4ZnU2OW1lajV0UzRlN1VFQVA4MExsb09OMWdUNS1URnNKaWZNdmxIVnVJRkxwbUN5TnJzMFVCcktoY2cwYUExZndNdVZmbVFjcnBtcDgwOFJ1SDl0eFBnZkJzS0JVcXVKOW5oaU5IbW0yOFZhek02elJyMU5UT0ZVaWlUZmNWTmV2OENSY3ZFY3Myeld2eXZXUUhwSDhmR1RXQTJlYVVZY3k3RjRYTV8xQW8tenRjTE9JSW95SUY0Nl9qUQ?oc=5
2026-03-19	Google	0.0	US leadership preparing possible Lukashenko visit, lifts sanctions - Yahoo		https://news.google.com/rss/articles/CBMimgFBVV95cUxOeU12OEVMMFpUS2JQeC13dU9sbktsTGlYRzJSSkc0SklVWFMxZnpfQU1tcUJncFhyRkNaRlA3VmFPYXltbTVQaFV0Uk9DZXZ1M0tGNGtYci1OODMtc2lZY3pxellLRXJnc2xMV0sxQlg0V3RKLVFmaVJuWWJhVDlZZTBFRmtIdjVtVTM3bXMwQlh4bURiOUdnQ3Zn?oc=5
2026-03-19	Google	0.0	US lifts anti-Russian sanctions from three individuals, three companies - Apa.az		https://news.google.com/rss/articles/CBMipgFBVV95cUxNaXBkTmhHQ25BS1dqbGhQeEJraG1UZklTd1hzNHRycC1rVUxpRFg4cHhranRHUDViQi15ODRSdTczODI5V3NPQnpid24zRWZ4ckZTbHB4X2VnTFJlZnQ0MkJYNS1pZExTRFN3Y1M0M04weC1kekQxbXlKeU1wSWNhS3FWeUprVy1WRWgxWkJVQUtUX3lVN0NyMkVFdFR1c3E3bHRfRnN3?oc=5
2026-03-19	Google	0.0	US lifts sanctions on fertilizer producer, key Belarusian financial institutions - Anadolu Ajansı		https://news.google.com/rss/articles/CBMiwwFBVV95cUxPNzM2dzE1ZzdYd0lodzdYc1I0RkZLZDhxTFpqVFhURlNsNk5iTU9yb2lpeG1nbXcwOG03b3FTNVl3T2VhckRvVG9HeXFwaDA0bkdpX0lhYlNQdTRlR1JLeHhxNWlUdEVqUmlNQk53MXhYRkRLdmdrTkJHZ1VvNHA1dDZ4NGdWY3h5TEhwM2hrcmhzYzlQdV9hUUdNLU1uLW15U2I0dDBRaDZuVWJ4ZW1lZjZpdFpvWGdDTWNvX29MOE4xQWs?oc=5
2026-03-19	Google	0.0	US may ease sanctions on Iranian oil, says Treasury Secretary Scott Bessent - Middle East Eye		https://news.google.com/rss/articles/CBMixwFBVV95cUxQbWZXMlppUkdnQkNmRFBPaDg0Y1VlVVhJTXphZjBqaTFydWNpR0ZiTTBpNVN1SzktNE1kYTlnUFBhWVgwX0czNFFZdUcyd3luLWpMZVFJVVJtWWJaSk9LU3JOcHRuQ25hX3ZiUnY1YXRiemhtaWpIaVNqY1o2ajJkckNsQjgzc3hSeHhEY0YxbWF4Tkp2LWZ1S2dJMmF0NmRORW8zV29OYmJPdWZqV0xDZldQNE4xd1hVcnFkSkhJX2FiQ1Yya3ZF?oc=5
2026-03-19	Google	0.0	US may lift sanctions on Iranian oil stranded in tankers: Treasury secretary - Anadolu Ajansı		https://news.google.com/rss/articles/CBMiuAFBVV95cUxNRC16UjRfVl95SXp6NFUtelItaktsYWhIN2VYNnVmVjFZd0xiS3JveTM2T0xnQWhsWUwzSmVZYU5LM2ZqcGxrMWNGbXRmWlpkVVZSeFNlT3h6MnlnSC02YTlWM1RCQzQxNXozWVc5OEZGcG5ubnlTYUJtOHRpNGN2OG1BZUhJSGttMmRuSVVyc1lNUEFIalM2WFF3VXlWQzFDX0paRGRFSE9xTmVzVjBPVWlpRDFmUWJH?oc=5
2026-03-19	Google	0.0	US mulls lifting sanctions on Iranian oil at sea despite war on Tehran - Community Newspaper Group		https://news.google.com/rss/articles/CBMiggJBVV95cUxNZXExU1oyTEo5NlNlV29QWEU0NWxfUkJXTGk4TW1FVHV6akJqV1NqdXNEUjZqRDBYaGNQQVJ1bHVpVXBVVWgyYnAwU3h6NEROOUMwWDhIeEwyUFoxdnlGUDhPcHpCOXlsZGZpdWlPeV9LMi1TSUd3Vk12enNiVkJ6OGNwUXZMRXFOUnZZWVJxbTJKeXR1QUVTNExBNE9SeWVORGNoZGxuaFM5eWVCRmZEd056WXlfUTh0SUkwRThMc3BUYkZZdE15LXJKWi1QRGZ0dFdSQ19vdkY0SlVfWVJHaHVheVVXUTQ5TDd1NVpBS3VITEozWG05UzEzYU1ERkVRZFE?oc=5
2026-03-19	Google	0.0	US mulls lifting sanctions on Iranian oil at sea despite war on Tehran - Key Biscayne Portal		https://news.google.com/rss/articles/CBMi_AFBVV95cUxQRV9ybUFOSTluR0o5UV8zY2tUR2IzQmo1NDU1eGlKXzd2NTkxbTNlY3UxSWxpZHNELVN6aW1fUGM3ekRHVkRpa29NV1FSZkYyU1hTamdOcjVxMDRNU3BIX2VENXFGYWpfVi1QSjZGX0xHNTV4NzNZRVlXVWZYZUVJVkNabzRTRmhOOHk3amt4alFOdEFCZXA0OGF0Z3d3a1poN0NRVGF4dnZOdFBJVGdwUGVaVXpFMkdhbXJjWmpoNlJtc2RKSHFsZy1qSHp4NmxqZVVlRXBoaVgyemk1UFlrZHlqTnNQTFBFX0VaWklMNnJubTdieU1tRVlReVA?oc=5
2026-03-19	Google	0.0	US mulls lifting sanctions on Iranian oil at sea despite war on Tehran - Northeast Mississippi Daily Journal		https://news.google.com/rss/articles/CBMi8AFBVV95cUxQNm9YQUp5SHhkQWFOY21DT0lDSWRqMWxQZzhhcGJIV1BROFd4UzZzYkVXSkc3WGRwX0JOdFc1Y2lsdU5VcEZCQW1yNFNwS3VZalg0OGxsckFGR0wtYnZrSHo2VlNULVNMcW9ZMU1SelZWZm0tUVkxR1VaM2RTUENaNnctREdxbjZnVU9leHl4eFBEbjBfSDJ5NkNHYXk0VkVxMmhDNTBYNjlIUDZnbWlHSHpSOHh2ckVQR0hxWFByUXZnSXoteUY4Mm1qZlVvbnBPNTZmS0JZT3YtV1ZuX3NhblVzS2Y1V2R5MG9VdHctTF8?oc=5
2026-03-19	Google	0.0	US mulls lifting sanctions on Iranian oil at sea despite war on Tehran - OC Today-Dispatch		https://news.google.com/rss/articles/CBMi-gFBVV95cUxNb3BqdlNZcVFCZTBmMkRWei1seVM1c3JpdFJ2NC1JREMzZVBzQzBEVFM5cGhOVzdPdjJzejlvMW01Skk3bzBhQWgtRm5fWldVMFhRY051ODdOdHowMDBNRU5UTW10cklHekI4VFBRNnhENUJNY05PZVZuYTdCLVctRXlVWEJlNzhoVDRiU1VhcF8xVWhXaGdCclVSaVNhaG12cC1zT182TmwtNnh0VUJwMzNQTDc1WGxKaWR6VDRBR2FJYWhjZWVIQ1BaaTBrQzd1dU1KZjVCeWR3RzM2VW1OdmxwSHFrOHBuSHZoN0I4Vmh1LXJldDJSazJR?oc=5
2026-03-19	Google	0.0	US mulls lifting sanctions on Iranian oil at sea despite war on Tehran - RFI		https://news.google.com/rss/articles/CBMivAFBVV95cUxPZzR6T1haYm42cmYtQklZU0ROcHJPcEdoOXNpR2FZanhjY2VUV3hKY2dNbktrRW9xdHVMZ2NNaF9VcVhTeV9FMEx3TUV3aWgxYlZ4RVU2eWs1YXRVWHlySWpkdmRoeU1Edkh6Y1FvaDZBU3djVlh5R2p3NWpsQVUtUVRUSGJjZ05BOEVtSS1wS0NLdDJ5cjIyVWJvMi01M1JaVVJWRVNaZkZMVFNzWVYyX0RkMFl1WEZSajRJQw?oc=5
2026-03-19	Google	0.0	US mulls lifting sanctions on Iranian oil at sea despite war on Tehran - The Sanford Herald		https://news.google.com/rss/articles/CBMi9wFBVV95cUxNVkZldDlWZENKU2U4SVFBeTZfQ0hUdzU4YTBKNGVNbng2c3RYWWFuVFdIV1kwcTM1aURhdVd4SXhORUJjd2ZlRGJETWM5QWw1enFTbHdqZHZkZ2lJY0NwanpybG5QajBCeHpZQmpPd29VTzBqeHl1bGlnWmZLV1ZyM1ZERXpUZjh0Z0Q5NS04eGxKQmFjYTd1RGVkSl9SRDVEcE8tYTdxZXN6TzJlZ01rbThUR0FTMzFfVDR4eHlBVFBZUkROM3hzWGVtVnVrWHh1T1ptc3drWWR4NXA1UWVDN0RfaU5UbUJ4YnBmOG5STi04dnM4dndj?oc=5
2026-03-19	Google	0.0	US mulls softer Iranian oil sanctions to ease battered energy markets - Tradewinds News		https://news.google.com/rss/articles/CBMivAFBVV95cUxNWTJudXMzQS11S2gwMHRVbS0zR2R0dnJ0dW05eFFpalhCeV9BV0RscGkwRkF3TE8tdE82UnlYM0FGS0o5OEI4Vzh1ejFZcHFOSHZtWng5MWM3aldWZkQ4RHRLaWhQWWxzck14UDhCTHhqQkNMTFJqeFA3dlA1RG5Ld1laeGNyVGpZSGEyYUVDVXd3SmhBUEZSendYa0tWMjRHcUFJbkpYV2FHSTluTlJ4TjgxTnU1RmN4bGtNMA?oc=5
2026-03-19	Google	0.0	US plans to ease sanctions on Iranian oil; Israeli officials say attack on Iranian gas field won't happen again - ynetnews		https://news.google.com/rss/articles/CBMiVkFVX3lxTE45clBoYlJ1U2NxeGY0d3dwZlYtNUlZMnBWSjAyZVM2WmhFZ3lQc3o0b0hUblYyZUM0dVZPVjN6alpwSkpUVUc4OEdxeEphNUM1SngzblNB?oc=5
2026-03-19	Google	0.0	Venice Biennale says it has Not breached Russia Sanctions - ArtDependence		https://news.google.com/rss/articles/CBMimAFBVV95cUxOVWVzd0E0ajBKbm05TlAyY2d6V3JZcW91MjNoaU1aU2tOeUltbF9WUzNUOHhXekJSSmEwNFRqbWVmUXBqLTBRcko2TFpPRWRVQ2NYOGNuRUphLTlZZ2EyZnJvSjBDb3ZNNWVDNEdnVG4zUEdiREV1czlHTjBVSTdialFUNFo1ckktRDMxYWhfcXZyRm5DNFpMMQ?oc=5
2026-03-19	Google	0.0	WTI Oil retreats from $100 peak as Venezuela sanctions ease, Middle East risks persist - FXStreet		https://news.google.com/rss/articles/CBMixgFBVV95cUxNR0RvNW81VE0wTXpodjlxX0Y0ckdad1ZMbFk5WUFvYnZFT1F6UmRLeW5RMXVrcG9Nb1NjZExydmpRVzlNZW9fMDVCOXFFM1haQVFzOENwcUREMmZiaHhMOFhLeExWVjM5TUJ2eUtmMkRuVDdzVDVZbUVYSVhfdTFQcmtaMWVSamRNdW5xUlJ1bjJhbmJ6bTMwWkhwVjBvbVN0blpBUnY2c0kwWWZSNWk5NTJSS0puSTFJT3ROVF9OV1JDb01TcWc?oc=5
2026-03-19	Google	-0.15	EU Sanctions Companies in China & Iran for Cyberattacks - Dark Reading		https://news.google.com/rss/articles/CBMimgFBVV95cUxPMXcxQTUteVhhX3FjWmhLSDJvczVaSEpoYnJnODBKaXdES1JqQ0lZU0pnLUV3RFg2aUFXeGZseDl6RXBaN2RRUm1yVmliRW5sSjk4Y1c2N2tMUHFUSmVhSE1wWm5IUy1fbVZkSW1Gb3llVjlVTUs1VFZpQTJWRHFwUmkwSEZ5a1lodkxGUnVDWWdydEc5X0Z3WGN3?oc=5
2026-03-18	Google	1.0	How Are Sanctions Pushing Russia to Negotiate? Hemingway Answered It Best - UNITED24 Media		https://news.google.com/rss/articles/CBMiuwFBVV95cUxPRDM1UE5sM2otcUlxZjBka1FfMllWNUFsb0k3MjhTMWYwajl1SGJES2djSUdmeG5maW9YZ2VrWHd3WUpndG9mMExBZzZEc3A0NDlsQXo4ellmN0pvUVFWdFYxSnhxOGFEM2MxTHJVZ29HNmhmc1lRbmNxbngtZFcxcXNqcmNfbkJ1YnNjSzlWTWdpTVdwQ243Wm82VzRUUHFZeU9mNUYwS3VXYkxPTTIwVFBYMVEyVzNYYjVr?oc=5
2026-03-18	Google	0.6	2026 Q1 sanctions update - Norton Rose Fulbright		https://news.google.com/rss/articles/CBMimwFBVV95cUxOZ3M2WVhmbXM5clVkOXVYd3RkdGQtOG9YeXNaSTFaZnhsdGVPdGR1QWY2cTVCWHJwNDdQeXQwRU5nblpnZWhPclpJQl9Pb2RUOWZVcXFlVGdRazdKNUpGMGhEZWtwNVI2dUI2U3BOVXRVRWNwWlgyQnJnXzBxdjdPWFB1d1I2MnJNQTVlV3dtOE9EaUUtQkpTWEt3dw?oc=5
2026-03-18	Google	0.5	Russia ships fuel to Cuba using 'spoofing' tactic challenging Trump embargo: reports - Fox News		https://news.google.com/rss/articles/CBMirAFBVV95cUxQY01ZOXhSY1RxV0ZkS0ZBOVM0eFN3NTJaRU1zRDd0ZVNYYURmcUNyQkZOUEJDLXVfNnlkVFlDcVpKU3BGbVFWeDVmVXAyTlhoNVV3ZVYyWkRWUmxlem9aLWV5WkVYU0FZenM5YzFhWjY0SkR1U1U0QjJydmJHM0U2SVRXaXBsYnBmeThzNUFpMGl2TDZpdHMwbFNfWlF3MVpjSXNtbHdPaG5Vcld40gGyAUFVX3lxTE9YVWhrdnZlM2hhVkk2NGFyTVFyUTFMNTBFZVZ2Q1JwbnZCMGkxUWgzN1RIbFBtTW43cmtMc21JUl9jYmtHTmFFcE5nV2FaWFZScUNjczlTWS10RENieVA4dzBBcHBlc0lFcFBXRnFMTm01Z3ktdUVmUjlCZEpBM3dPNnZxTEZKY3BjT1RoR1BycnpkTEd5SXFLSXFBUVd5YzE5cERnTXNISUswbWxwcE1wU1E?oc=5
2026-03-18	Google	0.25	U.S. eyes further easing of Venezuela sanctions to unlock more oil - report - Seeking Alpha		https://news.google.com/rss/articles/CBMisAFBVV95cUxOR19NNi0xNWhIeDEtb0JNNFBVbGNvUWoyYUVVVDJxeHprUXpYSWR1VjJsa1RTUnZjMlViRXd0d0xNbFhRbllmRTcxVlJuQUNGLUxMV3oxYnN1VlNkenlITzFIb2RjWGFYRWgzQ1lqLUQ3UXFzdG1MY3RDMkhXWUJKWlRoZm9HQUxqblVrek5zUzdBUVhhVEZydDFUNWFBeG1SbDk4ODlhQm5FZTRFZkRXSQ?oc=5
2026-03-18	Google	0.214	Venezuela, PDVSA Bonds Jump After US Waives Certain Sanctions - US News Money		https://news.google.com/rss/articles/CBMivAFBVV95cUxNTmhnSkpxanRycU9mbkJEQXliYUdaSmdUUG9YN1dIRVV0S0NKZWtLNDlKTmJmWi1LN1hlYmQwclJiSkxsNGpMSWZEZnpoa29BOG1NNEdqZlhWQUwtcmhJZVR4SmFlaVMtejVENGFTSlVJWm9tY3QzWjdxa0JJVW96QzBZekZzNE1sVHhxQVRPU3kzdHkydWVXTEtmWGVCeEE4MDVxT1A1cEd6cXNIak9sN1hEOEJUa3ZaT2wxUA?oc=5
2026-03-18	Google	0.214	Venezuela, PDVSA bonds jump after US waives certain sanctions - TradingView		https://news.google.com/rss/articles/CBMiygFBVV95cUxOYTNGVEs0Sk1oU2M4dHlIbWVQZndORUNNemVTcHVYRVpaMlM2bTdRNVhOOVZUc1VZdFlnNFNwakM3QmM3SXlGY0paYllZeFYtRnAxSFk5Y3pkVUtFZlFJTk9ZaVppN1JONFBPZS1WZ0JMVVM4T2ZMOUdUWXU1UEU2VWRYUzhNNktuQlE2OVdBTlVlWUJBWFVLTG5oWGQ2VDNSQzgwZ0s0V3NaNjdzX0xqZlc0ZVJxelV3RlNMZ2E0bDBnR2ZXZEQwNnRR?oc=5
2026-03-18	Google	0.125	EU Sanctions Chinese, Iranian Firms Supporting Hacking Operations - SecurityWeek		https://news.google.com/rss/articles/CBMimgFBVV95cUxQMmRuTHFYVTQyNlFJU2JqYzRqcmFvdTIyZ29yVV9SaTcyYnp3elZISUx4amUtWHlZY3RqUmV5Wjl5UWJEUGg1VzBHOEtySUxVSHVkTWxvbkhYcjBCUk1Nd045b2k4MUk1UDQ4NUUzZnJDV0YzZDctSjNlQk9BelY1VE9ZU0VobGFvekJUNDdCazNfQmVRLTdvVXp30gGfAUFVX3lxTE9NUWFEMjRyRTJtLWphUU9oMXY5d0JNaFc3Qi1uenpnekFqeTBTa3luVmhCZzlwc09JV21vQmVnUGFESGhuV3RWNm8xZWxDazBaMzhJRzlPN1dBS1JCTTkwRnRvdV9RQmxtb2h6UlQ2YkNZWW4yeW9BalFMTzgyQlVqRU9GRDlwRzJjQU1GY3JLVWNZbmRVcE5yQmlVdUlMSQ?oc=5
2026-03-18	Google	0.117	Washington’s Russia U-Turn Exposes the Real Logic of Sanctions - Social Europe		https://news.google.com/rss/articles/CBMikwFBVV95cUxOMGFHQWFnTTg1eG0yc0ZOWThERFBlbjZMWnBUMjhKZG54MUhOUUdfLXFXRTVMdHpIR3FSLTdHRk5feG5GOXRQLXVWU0F5T1ZvWWRBWHpUZGI5RjNiWFJlLVRWUnBxYTl0SE5KazVOQW1BS1lVZTcyMElpcUM2a0JtaHVnRDJ2NGxKYzktaGpfUDR4RFU?oc=5
2026-03-18	Google	0.062	Cuba’s blackouts not due to US sanctions: Official - NewsNation		https://news.google.com/rss/articles/CBMigAFBVV95cUxNLWV2QVVnTGh3NS1oUHlJak1MbkNiRGZnQkpucnNRVWc2NEdaTVFpY0ZHa2VOQUxvOGcxM2xVZ3FEVHVkbmZyZjhMbTJ1MURqdDNoYS1xdFpncXFNdXBvbGVuU3lNLTdaZ2NJZ3BZcVdrUDRnQ05YRDRkRnhDNXZSZ9IBhgFBVV95cUxNb1hkTEdOVmQyWEhTOEdRVkRyc0hZdTI3NzNCMjNZTzFabm9Da3VuSmxjVS1JeDFfVjJyWVc1OHBrOUFGbHJFdThTNWdEMWp2VUFpWm5PYmtIRmVOT1JxVlVZQ2JCTnA3MGJ5cDNmbUNndEp2Q1c1RXg3V0drMU9jUHdfUld0QQ?oc=5
2026-03-18	Google	0.062	US broadly authorizes transactions with Venezuela's oil company PDVSA - Reuters		https://news.google.com/rss/articles/CBMipwFBVV95cUxOVTRNelVFSHVZNGVob1B0Rk9GN2tjTllYMF9NcThWTjdMWnVXR1BQbmhqRFVfcDQtdzlCbURvTnhhWHI3SkxvX2NWdzRTRzdPNHV0dEFteW95c1o1b29DSlFQdXZPemlkSV9WczRiS3VZQThCTDdiMW15NmNUNC1NVGVOUlk5Yi1VVlluTDY0YndDbnM1UnM0SXdsNkpDeUhwdjA0c0JKbw?oc=5
2026-03-18	Google	0.05	NEWS: TradeStation Securities to pay OFAC $1.1m over apparent sanctions breaches - AML Intelligence		https://news.google.com/rss/articles/CBMiuwFBVV95cUxPLW15eXgzRkN2U2F3TVFoV05ndU5mcTYtYjJsZV84OXlyTFA4cDVBektUa1RuYlVRRFlqbU9UbENkdnFLeVlZV3BzQm5YMUdmakxjTVhCeEl6M3JyWjViT0RfOTdkSmlISGhZV0N4Nm5LbjRsby1PRXlja1ZVQUdiSFUtMjM4dHhFQWFFZ0lZb2k0LVJzX0tnc0VvNkFnczVjeFhaeVBON3UyM2FRb3h5MTNidVBka2FOMjhr?oc=5
2026-03-18	Google	0.05	OFAC Fines Broker $1.1M Over Apparent Sanctions Violations - Law360		https://news.google.com/rss/articles/CBMingFBVV95cUxNcmtZNkswRWp2aGs2V2x6MjVxUXhYWU5iVkx0VThGbHV2YXRKM2hVTUJsU1N0UHJlSTdqQlc5UXFyd1pTQ0V4Z0lpa0VodEF0cjFrNUdrMy1XTFNUSmlTNUEteXB4MTB5M2RPQURwd254WHR3cm45S1VVZXQzRWtCM3hNaUVBMFJ6MGZuVmlPbG4zZnhrUnVHWVkzQ21ZZ9IBVkFVX3lxTE1EaGpIODFXSEpPQTBiNnl0RmFVdVJ3TWl1UHBfV3JZeVBwLWszYVRjT1FkY1QwU0J4cVI4X0pQVHl6S3BRWE1hM2xtd1R4c2dkcU40eWVR?oc=5
2026-03-18	Google	0.0	Asia Races for Russian Oil as Sanctions Loosen Amid War Shock - Sri Lanka Guardian		https://news.google.com/rss/articles/CBMijgFBVV95cUxOTWxjbmtNLU1QZmJlRGxQSng5VEtaSDJyNEowMHR3eG5NYU5mNGNVWk1HS1dzUlBTUnFjRzVLcU5qdV9GVGpaeExIUk1WUU5xS2RqZWRvMTVmRzZFeU05cGRGTWdlZmNoclNvcGVzbTZYeU9qSG5PNEMwOWQ4bFZSU0oybXlsZmdWOUpHZVJn?oc=5
2026-03-18	Google	0.0	"How Russia is benefitting from ""America's war of choice in Iran"" - CBS News"		https://news.google.com/rss/articles/CBMiiAFBVV95cUxPOWFjSUNZVm9jaFNNZ0FfajE3b3BoYXNLLUhldjhVY2lRaEM2NzhVWDFnWEwxSHZ1bmRmTG41bkF5MXcxU0JacVNEWnZUUERvMlh3a0g3dG1LTW1mbUdOSFJzTHFQZVlDeUNNSkk3SU1jcVViTmlXNlVnVkh2ZV9KZ2dwaFdVQXdt0gGOAUFVX3lxTE51NXJVWnN2R0d1em10UTJZbDZfRjJkWGROaFZHdUo0SEllNl9ONDZoU3NwcTZUY3E2cnB3OG1BTnFFdEtLSl9DZEk1blBzLXJXcGhEME14b2F0MmtFQ0N3NzdySDNocHI5SnQ3SG80UnVHVGZRTnJjaGNqSl9yVjhwUXVwQW9WMHE1akdPSHc?oc=5
2026-03-18	Google	0.0	Investing in the defense sector: procurement, sanctions, and ESG - A&O Shearman		https://news.google.com/rss/articles/CBMiogFBVV95cUxOX2VUZHFtSnRPQUhQZGN6Y01OWjVkNFNVeGw1M3VYVUpCNno4U1hsVXNJLVQzVk9zLU1iZTRoT0tqYnZPZVNZQ3I5MHZhSkRIRHJRRUY3eU92RW0tOHVWS0xvMzVhUUtZUF9KbHBqaVdfLTNrMWZMaThTQ1pYeW1ITzhjdDhBNDJ0ZXl5UWJLNzFybUMycEY0WUZFRmZjTnYzZHc?oc=5
2026-03-18	Google	0.0	Iran, the yuan and the dollar sanctions system - mronline.org		https://news.google.com/rss/articles/CBMihAFBVV95cUxPdkwybVY5ZjBod01GTHo1cGtSUVJwRHQ2bWktWWhUbmI3RWZnQnpFZVZQSHpmUUdlX2dyZFRiM1VycGhZMVd6d0toQk54SXZtWTRYNjRLN1VVTnBPRm55c0JZZVk0Tnh6R1RHaklfb2UzSm82dnRvZkFaNHNDV0FvVWhMQ1c?oc=5
2026-03-18	Google	0.0	News Wrap: U.S. eases sanctions on Venezuela's state-owned oil company - PBS		https://news.google.com/rss/articles/CBMiowFBVV95cUxNbVpVY3V2Y0ZrY01WUHRKcmU5cDV3a2xxdlJheDNqdDZqNzhOeDU1b29QX0lvM0V3djNQQzhxaTFUTUJUMnFqczRaRjVaWGY1YmJMQkYyZDkwemRxZDJFdEFEaFNxdXBlZVV2TzVRMERIQy1rTjF2Y0RUOWVpR014V3lqN0dyV3pIbUZUMzNNV2h5LU9NS0NXTkNxOXdrcWcyZmJr?oc=5
2026-03-18	Google	0.0	Richard Grenell, Trump Ally, Warns of Sanctions on Nicaragua’s Mining Industry Over Confiscation of U.S. Company - La Prensa - Noticias de Nicaragua y el mundo		https://news.google.com/rss/articles/CBMi0AFBVV95cUxOckFsX2RmU2FWZGdZbW1PUGU4SU90Ym9oVUY5cFY4bG5PTE1CTTJyUEpUNU9DLW9kdTNwemp0YkMzeVN6MmRrZ3l6S0daTEdxNm9WY1Bxck9kTUpnV21xTlU5R2NCbk14c245a0t1d1hmWVZ3c21LSW5OZFJUM3RhUXlteTNnVTZkRjVvNHhiLW1NV0hlaTZ0T1hMOUl5R25WRW9RUktlV1lpMlRUSWZJRnBGUlQ4eTdqV1R6dTVPTGlpVFpzRl9ocFIzWWpvVFNq?oc=5
2026-03-18	Google	0.0	Russia Sees Short-Lived Effect From US Sanctions Waiver - Energy Intelligence		https://news.google.com/rss/articles/CBMickFVX3lxTFBVNno3dWg2Ri1WaE45d2wxcHJDeHZodGlKbkVzZlRTVEphdHRlejBpa0VvS2xyRjNsbm9md0k5dG1ELUpWd0ROa0tpeFVvTUREWHcxRTFNaGRpYVkxRHoyMGVlSWRmM29PUHlOS2lkc040dw?oc=5
2026-03-18	Google	0.0	Russian oil poised to flood world markets as Trump admin lifts sanctions - Read Lion		https://news.google.com/rss/articles/CBMimgFBVV95cUxQU25iNFVSQ1RUUXF2OEl5d0tNYkhrYld6MXlvWkx3VzRKRkJydTA0bXRTOERPb2xXNWxmZ2RHZ1MtdHk1Z3dHc2ZQUld1T0gxcE1sVWk3R0hCdGRZRFpUNl8yQVVOUDh0dVZSTDY2aVdiQTVxNmd0V2dQeGpjWmZPTlNWd2FEN0piNFQ1MjAzb2U2aG9XNW53ZmFR?oc=5
2026-03-18	Google	0.0	Russian oil poised to flood world markets as Trump admin lifts sanctions - The Heartlander		https://news.google.com/rss/articles/CBMisgFBVV95cUxPVEFOVWtPZGhiR01UMjdNUTZzQ09PaHZwUkQyLUE2WlNwaW9Xc1lRRUZrc1dGX2dUUzVMNXVBRG1GMlJYczFJdGU3VlQzVEJjd19zTmt0TU96U3VmWGVlejdCUHFzeE1RQ0NoZjdHWGMxNzNSX2JiR3FieXhQV3BHYWhuZFBNZ2w5SjgzZzRSUXYyVEJnVWRBT2ZqdnNuT1N1MlNuSUFWdFpqR3pfYzBqeEF3?oc=5
2026-03-18	Google	0.0	Sanctions at Sea: How Russia Uses African Flags to Protect Its Oil Exports - Robert Lansing Institute		https://news.google.com/rss/articles/CBMitAFBVV95cUxOcmMxcC1OMkI1LUcxWGZfU3pnNnFydnZ0N2hRMFd1SmVmN2pRTEN1eFhNM3VscjRqaTAtTHRFNmhUbXpPM1E4VTlKUk42MzI2ZmJocGw3X1ZvMVNITldYdUVXaUtWT2I4YnNNMURnZWpOc2JNTkZZdWhCNmRFUWxDTVF2SDAxNlExUVVzZDlrM2M0ZFJJamZxdVUyb05LREVwRndUMDlSUFpRMTBCQ1RZaEJEa0g?oc=5
2026-03-18	Google	0.0	Spain Arrests Three For Helping Russian Evade EU Sanctions - Kyiv Post		https://news.google.com/rss/articles/CBMiS0FVX3lxTE5yZ1JBZHV2Vk5ORm5hYWlpQS1FbE05YURVVzZpd1p3N0tfazBGY3YwY0RiX1VTR0tlMHNublNxZTBlX0pZaVZhNzAxVQ?oc=5
2026-03-18	Google	0.0	The Kremlin's negotiator urged Trump to hit Europe with sanctions because of Russia and Iran - EADaily		https://news.google.com/rss/articles/CBMiygFBVV95cUxQLWxOeWhFZl9rWm5MUFRFUU92Vm1Tb0Y0UkE0TFhpY0JSVzBLd2FnaVRQcWF6a3duaVFrTGtXMVVtNlRyT1ZmUEo4cmtVZVNKREgzYWh6aXFnZnlkbUFlWkJROHpYQjU0a0NtT2VYclVkQm12RzZVbnNPbmVSdlRSdWJwdEJBcVRSM1NnY1FiNmREYzJyUnRDcEo4LVoxOFpkNzBzS01ZTFh2ZkJ0QkZCTHZTLVR1cUpPWkhBWWYwa0xvZDlaTTExT2Fn0gHOAUFVX3lxTFBPb0hTbDB3NUxPUUdyZVptOUMtY3ZWenVZaHljZTBaV0RLMkdVcFhWckVFdTcwT3VDZ3hWa0p4WFBrczl4eGZFWnZwc3lHOEloZFlVeEw3d2R4Mk1rRWdneEQ3ejh6WUltZmVyZ1NrZkp5YWlNcFhUQ3p5NmFvTWFMMFlUTWdaVnBubGItSVo2VmNVaFE5bU9Ba0VMV0JtR1pZS0oyWmljSnlRVm5paVowZFU3eTBRWm54Q21sZTR6bk5rT3pmanlQUzMtbGF3?oc=5
2026-03-18	Google	0.0	Ticker: US eases Venezuela oil sanctions; Retailers forecast 4.4% sales gain - Boston Herald		https://news.google.com/rss/articles/CBMitAFBVV95cUxOLTNfUmJuUmlXaVlLeS03V3ducXpSVXkxZUhyVWo1SGdVRzdLdWdESTVuWWtPRFJ3aHp1SEZkS3l3TzJRUS1mRHU0dnVXR3lvXzFFZ0VoYlRDMnBIekYxQnVaZmU4RHRuN25fVnE1cEdzTVE0N2l0YzBwRExnWUlRd1hlLUt3QlduazdVXzFUSHUwR1YxNElpZTVRQld4elBteHYwYldwUzZzcHhUS3AzNWpCYTA?oc=5
2026-03-18	Google	0.0	Treasury easing Venezuela oil sanctions in bid to boost global supply - The Hill		https://news.google.com/rss/articles/CBMikgFBVV95cUxPUnN4UzlDWFltbXI2UE1rWG4xTFY4R2dYRndWanBQQlVPUWhWX0FhaFFKTnpMVDh5dm9UUUlseE1DdkFEeVFtemJMT2RCVjlSTV9vVkJ4d1djN0I2Q2J1WlpUUkVmaWt5WmFtQktKTV9RellVa2xySExXd0xRdXhFOE5TTEM4c1haQnVJZ29oaTEzQdIBlwFBVV95cUxNb3BPWmQ3dE1XMTZVQkY5MV9vRUgyNm9fdnpJYlZoN0NLYVJjanVNUHFFalR6b09lMG5lQjRUX0JyUWl5WFFEMUVrZmhsTkdNTDZ1UFIxUndpbm5wQjYzNnJ1MUFZN2dhS0tuaE4yRUgxLVVwazZrbkpHb1kxYlcyYjMtZ1BRcUZxVmk2RUhNVDhmNmo0a2JB?oc=5
2026-03-18	Google	0.0	Trump Administration Eases U.S. Sanctions on Venezuelan Oil Company PdVSA -- OPIS - marketscreener.com		https://news.google.com/rss/articles/CBMiygFBVV95cUxOaC1IUmVWc01Gbmd1ckNrcUlmMEdyMnVKTGhWNE5RS2NSQm1WRUJVZFZzdlJhRDVyUmpNbkUyNzJ3aU1zSk1tMnhvT1VwMWRvcnc1OUJLOWM1VWpjNkQ5dVVVUG5rWFAzMmlXa2dHc1VOYXZ3WVRueGFHbDhjV1dIVGNWWlR5a1pCNXB0TDRocC14cUpKVFgyZmdrWFhiWE5iMjlhYVR3MERWVlcwb0FIYmxJYkRra21qLUVya0pzNUtmVTkzel91U1Bn?oc=5
2026-03-18	Google	0.0	Trump eases Venezuela sanctions to boost oil supply and limit Iran disruptions - MSN		https://news.google.com/rss/articles/CBMi7AFBVV95cUxOR2NKVk1HNTFkYXEtay1xZ3ZBSHQ5bmJPMDJQS2R0c1dlNVJoWkJ3OWI4dldNNWRrUmpCeXBBZXJZYzdjcGI5MVRxdG5aNmM1SGNoRlNDMWVELTNfZDA5QVZLcmhFaWU4SUlwTU8wM25seUdPeU9lS1VwYllEQ2wzWXlpT1p1SmM1V2dxQkxDdFNFZmNJOHdDaWR6eG5pSmd2cHhCQW9KSE5FQW9HRC15VHU2YW5QYi1IczNuem9YMDRNMmhhYTFkTFZscDZMWWE3bWVOVWlUbkd1YmIzV0pEYzNVVE9ZbnJCdWlybw?oc=5
2026-03-18	Google	0.0	"Trump pressures media over war coverage and threatens sanctions for ""incorrect"" news - Українські Національні Новини (УНН)"		https://news.google.com/rss/articles/CBMiqAFBVV95cUxQUDdyekNjTWFxU1Y5SHlzNDhPb1k0NjFEcmViVnFzc0NFYWh1b3ZGeGNwZjdGMnBobGRQQ2NCRDcyRzJkNlByM3NDVWVLRnZWdHlScFZWd1gwWVgxMlk0TWxVQ1RvaVhuSXViX3d0WGNmUmlwdUNBN05TdEZPdEZhd2x6dm5PQ2wxYy1hMEpNQ3oybWl4eXZ0QTFCNTIwWmpWeWNSSGt3ZzLSAacBQVVfeXFMUHBmbmNYS2F3MHpkT1JZVmpkQVZ5aTN4T3VSRGNmMWxnUnF3Y2NjT1NZMVUtZWlEV3hpNF9la3VxNmxpUzdKdzk4TEZrbTN4clhxRTQxdkNIWG02U1NZZFdCSkQ2NWkxY0wxdlV6VWhVQmx6cE1nRVVJS3pIdlZBMG5IOUtTOTRxTDBKblpES25qaEZZTHdKdnZudEtJd0FxUVBaQkNqUU0?oc=5
2026-03-18	Google	0.0	U.K. and EU commit to extending Russian sanctions and strengthening enforcement - Compliance Week		https://news.google.com/rss/articles/CBMizAFBVV95cUxNc0p1QlgteHpIZlNzdXdZT2s3YVBzM19fLXY5MFNvaVQ4cFZzUGpmOUJWVy1veC14NmlIejZ5SHRDXzdZVV84b014QzlVU3dyWVdpRURmRmE0cEstZ0duS2x4SlFhR2FjdkRMYWxjZXg2UVZDUnVBY0Q2LWFmWmphTlZ3Q1lNQTYySXE0cEdKd2pzN1dnNUpRa0hTMjZ1d3BLMTV0cjVqa01QdWdXc19adElOQTRxdnhHR1pJekxtSzV3SkFETjJPNGYwbHM?oc=5
2026-03-18	Google	0.0	U.S. Eases Venezuela Oil Sanctions as Trump Seeks to Boost World Supply During Iran War - FM News 101 KXL		https://news.google.com/rss/articles/CBMiqwFBVV95cUxQRHNKUXFrX2IzM3JvTmE0VWpma0tLQnY2ZGFNOTNCTlREV3NUUU5HWW04clRpUkJzRWtpQ1N4OGZNT2lhcXdEZVRNc2tpSXpEYmZOM2M1WDNaZkh6N0NrWFVGT09JdlZZSUpSVUVTeW5PWnJaRzBaVldFWXdaODhGVVNkUEpYeUxiQUMtU3dNQ3VIejJLekVHX3FkUnVDSjQ3VEMycm95dmhqUFU?oc=5
2026-03-18	Google	0.0	U.S. eases Venezuela oil sanctions as Trump seeks to boost world oil supply during Iran war - Los Angeles Times		https://news.google.com/rss/articles/CBMi3AFBVV95cUxPVnhCUVdPZ1lxWU1jUmFfS2dPVmkza01NcU5PblliaDhjeHpYalBCejZSaXloemFOSlZsMXdUT2lQb3VyUnZoUU1lZFc4QWNpZjF5Ui1lMld4aWs0a09Bekg4d3NfUUpwSkpwWEpra0dISzVLNmFDWEJJd1hONzB4NU5UeFViMGZSanpGRW5DWHlmdlI1RUhrNVRuNnc3YUtWeVZhUXJ2Yl8xVVYtVWpGMkVBMjV3YU8tQ1gxZmVnMkRmNEJRVVhwMDBYUllOblQ5bkRqRXNVbzBZeVl0?oc=5
2026-03-18	Google	0.0	U.S. eases Venezuela oil sanctions as Trump seeks to boost world oil supply during Iran war - The Tribune-Democrat		https://news.google.com/rss/articles/CBMiggJBVV95cUxNMF9scXZGbHNuWDEzZWlWcW1Yckpwa05pbG9vOEZYMTd2V2NyRWZwSXM5YTk2X1hOSnNfRkRyR1kwa0RCLXk3UVBJVGUtMF9wVmF1eXdiOEsyeTlYM09LYkZVVGpXS3I1OVE3aFYySE5xWl9pU0NuS19zdUhFR05hUzNMZ28zcTdId1AwQm5mN0ZBR1R6WFhPQmNSTndqallYRWVfdU5zWS1PbzFSR2VWUGVqTUlVQjVxSjAtZDdPVHlsZEdLTFpuQzJHQzBrU3ptZTNfQV9UYnpPTjRCTzR1a21sYm5pNE5pM1h2d0d1ZHVoSkcta3FYRFBpWVNEWktJU1E?oc=5
2026-03-18	Google	0.0	US Eases Sanctions On Iranian-Linked Tankers To Stabilise Global Oil Markets - NDTV		https://news.google.com/rss/articles/CBMi7gFBVV95cUxOcGhqUlN3aU9KSVlVaGtYdnYxb25ObVN6ODZDUklXT1lBMHNCT2c0SnpFbkRBT2x6Z1BnTGw4Z01La1ZBZktrSXNwV05QVVJyNXhLeWdFVkNjQzVNT0xQc0ZJQmFRWW1FbkpGenJta04zUUVMdFRmam5yajV4OWRnbmljZHZQd19yZF9pSHdacEhPTDVra3dMOTl3NkI2TFRLaDk4cHFwcGVxMGg5WVg0Mi1lVGtsOVpJSFJISDM1cG5OcXNNSm9ZZkZoUnFpdEFkNWNSZDVuYWJpWklIaFJBaER1TDJYTXJzcDRPRG5n0gH2AUFVX3lxTE1lSWlSTElJZmw2TkpYekF2RkN1YmdyZDk3TkpZRDUwOXFfM1hwcFlMT1FMaTZobTJ4bzRFUU1FdUdxUlVRSHp2Q3pxemtKV1h4TDBvOFYwczY0aGJwSExkb1ZIZFk1Y0FxbHE2UDlvUDlFQ3ZBWDNGLXRUcS1UT2JsbWJFa0JEdU9NZVNsekVfaG16TFJfVFVBNDZsVURvME9zNlhOVXBid3BFdER6NHRmeE83NkRnenB6TmYzVUFLQWFXQUYyaldsN3lKdXM3YmlOV2hNZG9PUmVtSExrWW1OQWVZTzQxT1czcjZyUVRFZ0s3aEpnZw?oc=5
2026-03-18	Google	0.0	US Further Eases Venezuela Oil Sanctions - Energy Intelligence		https://news.google.com/rss/articles/CBMickFVX3lxTE1EVDdxTC1RdlFGeTdtU0Mya2RZa0dTemZMNi0zcjJDdWp4d0hFckNSLXZ6RmZTM19SYWF2ZkwxWUhPeVZJSXNQeGNfUHNQVnh1WjlYUFNVUUFUV29BbElfWWUtb09vTEZwTDFWdElLNEJEZw?oc=5
2026-03-18	Google	0.0	US Treasury Eases Venezuela Oil Sanctions as Oil Supply Tightens During Iran War - NTD News		https://news.google.com/rss/articles/CBMiswFBVV95cUxPSy1xTkdqMU5UY01EaElOeEpjYV9GSl9wSVpYZjJCdVRwWFhfYkNvbnlMa3FLN2VUekJaSU81cjAyM2kxdjVVQ1ozNE11ejVpbzcxcHBkdzQzdkNydUxLaHdnRmtPRkNHUUZHMjl1YmMtbXVFYkhJWTBiZ29UTlpVajZ3X0ZsRXpoSjlqSkpJZmllRjBXakJoZ3l1T0RTQnFDWHg3YkNFQnJvdVlVRkd3NGU4bw?oc=5
2026-03-18	Google	0.0	US eases Venezuela oil sanctions amid Iran war; Trump administration moves to boost global supply - The Times of India		https://news.google.com/rss/articles/CBMimgJBVV95cUxQN05FSkRMVU5Bc1cyRVVsNmZsQ0NyZ05lM1JFWWxiNjR6U1JpYTRRSFg5WldoN2VnMm0tSkhjakRNbGpxZzFjamRyeUNac2VNdDJJamw5N1FLQ21MWkMtSTJ2bkx4ZlhIQk1OUUhEQ1V4bWVrWUlhdUtEYkhOWk1jNFFmdGp0bVQ1OEpSbU1vMnFRbGpWalNnbjNMb2RUaHdrVy1ncjQ4S3V6aE9UTWcxXzBNeGd4QVAtbW1XbnpRZVdSSmFKdDN0RU1mVHk1YWJEUGZxN0p0blBLS3RMdDhwZVEtRkpCSlROb0hLS2ZiRGY5Wnl4dXVEcE92Wk1Sczh5M3FIaklPOWFkbDY3NDlPelBnRTBYZzlwamfSAZ8CQVVfeXFMT1BPRlBwZ1pvY3VfSjFNM2xSRjNsMC1pRzYzYTVZUmpRN1pFblpSbWdZcFBKOEtZQl9ydlhwc2hHNGxBSTBCQW1ZVXZtd3lDZ3JmSzBGQ0dMc0g1RVF6V2dzY3ZITkJtZnkxOW5KYzBwcTF0RFZqRlFvY191bTg3R0s2UTFWbWVDeTY1Y0p5ZXlWWU5aNHEzYmtoNXk3UmJ5elUzX1VwRW9RZVZnRWhCSDdfN3EzNXE3WnFOeGYxdkcyRXFBRWppVThMMkg4dGUwLUVxMHMtUVE1ZVRWTHZRTkEtaGY4OUo4RkY5Vm9TZEg0dGlsckc5N00xX1Q1eHJpOHN1QURmQl9WQldORGNpNjBqZV9oekJySXdUUmVzZEU?oc=5
2026-03-18	Google	0.0	US eases Venezuela oil sanctions as Trump seeks to boost world oil supply during Iran war - MyNorthwest.com		https://news.google.com/rss/articles/CBMiygFBVV95cUxNVTgwLThycEt1Z0ZlNWh3NE1zOWJOeW5NX1VuOTA0dmtPRFF4MVd2MW9jeWEzY0NsTEhZSXFLeUJGWFhiWldiZ1Y2dnNSVGF4RVl3RGJjU0pRSkI5bDJ5bDNPWUIxM29qX2FFcEFxcmptRmZYX3J1ck5Ta2xxMXl2YVExRHFrcmxFRUxPTWpqSHVlVTZFdDFRbFNZSWl2TU1wUDNiVkRrSDlpbXM4eXlaSHVualB0blMtZFI3ZFF5enVzZ2lKeU9vbjBn?oc=5
2026-03-18	Google	0.0	US eases Venezuela oil sanctions as Trump seeks to boost world oil supply during Iran war - Yahoo Finance		https://news.google.com/rss/articles/CBMihAFBVV95cUxQMGRXdERQaFVYS0dCNHpFT3ZZQkJ4S1Q0UFo2VGt5ejV5bFd6bkRBZDZrbEdJQTJ2NkR6ZkFrcEZwT19zdVlEN3JGRFI1TlBUN1ZQOENkdGN0YlQzdEhTeGFWTlg4X29JY0JqYzNsU1AyUjdxVTN2bHNvMHVVMGFOUWZJMzA?oc=5
2026-03-18	Google	0.0	US eases Venezuela oil sanctions to boost supply amid Iran war - National News Desk		https://news.google.com/rss/articles/CBMiuwJBVV95cUxPSWk4Q2dIYTdhVlBFQzltSHowT1JzOGFXemREQ2pjYjBrOUpiN18tQXR2OGJhNUNIUkpaeTBFemdINFdYMXNsQU9KV2d6SUszSF9nY3BnUmR3VjdOZDdqc0VCMkdIWHFzWEo4Sm16TF9zU3RPNDI4ZXFXcllKZy0xazgtQm92Rk1vWjEwdEhPcElyVlhLUjh4VDdISFJvZ0g0UFA3ZXltZDZlUGYxTGZmcVNMakFDczVPMGVSS0Q1bnFQRk8xZVR5dWh4c2liZmltTmV4VkZOcV9ZWHhwZVRYNEZJcXp4X0tCMjRMTmpRbEs5cC1uQXJIQTFhc0oxLUdUSzBQb1VJeEItenJqMi1rY2F5cFdzTGcxQWxveDRWT29peV93YU5mOUViaDRNeHZIZkoyRVVkSHFrRHM?oc=5
2026-03-18	Google	0.0	US eases Venezuela oil sanctions to boost supply amid Iran war - WGXA		https://news.google.com/rss/articles/CBMipgJBVV95cUxOVWduS1MtenZJbndfMVRURGtrWkhrc2hxbWs5a3BqV05KaWlQMjg3cHlIN1EwMGlnMHk3Qm92NEdjWXNMbzZJdzgybDJ5MGtNQUZVdGRDRElSX3hLTXNTckJjN25XMXZELXdtYWp4STF3Z3JPX1YwbWk3WXhQZkpkQ1NSOU81Mlp1cVV5U2FHTXpyLTlIMWdGQ3VyVExIQlJrTllhdmZwZk5QeVZpa3l3c3lhR0djbnpXQnc2aFlHRWNEdnJGdEZaWVBEd0dhbVhXd0hTYTRYeHdNdzR2UnV1VEtHYzFZSEp3R2ZITHphX1Q5cVoxU00tbUxXaGRmcTFEbmhXZGJ6Z0ozN1dlR05JVUhPZFJTeGNUSUU1LW1YLXNYak9RYlE?oc=5
2026-03-18	Google	0.0	US eases Venezuela sanctions and waives Jones Act to boost oil supply amid Iran war - BusinessLine		https://news.google.com/rss/articles/CBMiygFBVV95cUxPZWc4TlljSEdxNERqcjN1cTZYMXc2clQzUm1xeTJzZTJTUlI2aW5OeE4waXVVZ2FjNTRRbGtqWmFMc0g2dC1fMkJyX3ZiNG1sbWpkZk1NQk4zVzJOUjZCaUpzMVhJLXJiWjZ6Wm5iTV8wRlM0b3RWaFRsa0M0WjlWNmZ2SW9TcllfZGduTzFkeHFhMkZ1X3I3TnNwc0ZTNUpaNW94b3BEQVhncHVSWlU0MWxlbkV1VExsNEpjNm9KSUdsZ1hhMkVUa0Fn0gHQAUFVX3lxTE5jUHQ1MDZVd2dzc3dRcTN4S05PME9xQkdrdVVxRmRYNExIbGtRd1FFTTlyVUtrUkdDVHJrNFhiR3d5S0taU3BQMHMwd2NzU3J2d3pVME54UDlmZnFYejc5YnQ3ZUQ2YkhQbnhsZjZ1MXAzTzg1cFJVZEloWTJOSERVWVNMMVkyZ0l4eVgxZTR5ZHU1SGpZSTVaMDR5YUVyaV9pblR4Vy0zby1XbVd6M3h0TVdkQmtjWHFSYVp5SlFsTnRnT3dYMmNrbndLelNGd3M?oc=5
2026-03-18	Google	0.0	US relaxes sanctions on Venezuela’s PDVSA amid global energy squeeze - Financial Times		https://news.google.com/rss/articles/CBMicEFVX3lxTE1aZW5ESTltZGNuWHc4Z2ZNRUtjSkxCRVl2LWNxSXZfRkVXc0JDVm9tWVVmeGl2d3BxYkZoYmJmRnc0QlpfODdibS1RN2JpV2lGM3pINGNqb2VZSExIZjdWcXVBZDZrVkZ1VksyY1JmZEk?oc=5
2026-03-18	Google	0.0	US waives sanctions on deals involving Venezuela's PDVSA - marketscreener.com		https://news.google.com/rss/articles/CBMirgFBVV95cUxQZjRxOHNvZUtWbXBsUTdyZTJuNDhQa0pwaTI5YzlqcjlINUt2dzZVaGZOd0JTMDVHcXRqNk9HWXc3b3duaFZaTnZ4SExUQTZVUTlUVzFQX3J1WnRVeDZyczZhbW00THlOZ05vQjF2a0ZwSjlCWm01UWlZc1E1Q05lS09XUk5seElyLVNlNGJmaDNxS1dVb3djdHhpUXVYWFJJa19QOThxZE1tdXFGSHc?oc=5
2026-03-18	Google	0.0	US waives sanctions on deals involving Venezuela’s PDVSA By Reuters - Investing.com		https://news.google.com/rss/articles/CBMisAFBVV95cUxORG92OWVJeTVtUktQUUFZQTZwX0lzNzE5LXpsRU95OWdoY0RaSk1FU1FuWVQwTEVTV3o3NmprSklwaVVWUG1aSW41WmlfbndSd3RJaE9MNTU3dGVHd3paU091T2pJY2V6amNyWG5GYkNldEJuU1ZJMTdQUTZ4OWVBQjV5dTlMSlhScTZLN3JIX2MxWHpBTmtqLWtJY1pXdkpleWlrbmFsbVduLUlBem55OA?oc=5
2026-03-18	Google	-0.044	Russia Sanctions Relief Offers Moscow a Windfall, Little Relief to Energy Markets - Foundation for Defense of Democracies		https://news.google.com/rss/articles/CBMivgFBVV95cUxPSzd3OVU3LUgtSi1BY1EzdVdPQ25wVktsOXhnMjFNQWNNdjBsNHpzcGhJay14clU2NU1hU1NJb0U5VjNUQU5fYU5LVENFT1ljQWdZWWd4NFVLVnBTYlNpdUFOQUlyaUt0bEstSFdHTlVTbS1henVnOXdaQlVoUll3NmZ2NGFmVEFwWHVuZUdwQ0IwR2NDMzBodnR4RU9YYWsybE1xd1FrY0tYMFFET1Rhb2FmcV9rcGR0YTRxY2pn?oc=5
2026-03-18	Google	-0.062	U.S. Eases Sanctions and Lets Companies Do Business With Venezuelan State-Owned Oil Company As Global Prices Surge Due To Iran War - Latin Times		https://news.google.com/rss/articles/CBMixwFBVV95cUxQMGFiOVYwWXg0NVI5aDRGNjdOWDFqYnB0YzBEbU15S2wwT2taXzJXeElreEU4QmNaQlZXNE9nOFNsZlNwMW5MNDBZR1hXejJQRFRGX09KZlc1WC00UVFnV0J2emhKc1RYQUU0d0w4RlZCdFhaTVk3bkx1ak5BWjhxc1NBMUhKb3BCTkFfSjl4akZqSFQwNnFMeUtrMXNBdXFLLTJWNXFiZ0pjVmlPN0V2ekpvTWRReTNLRl84NC1SR3NfaUxydVVv?oc=5
2026-03-18	Google	-0.125	US prepares to ease sanctions on Venezuela due to oil crisis - Українські Національні Новини (УНН)		https://news.google.com/rss/articles/CBMiiwFBVV95cUxOTWN0eG5OMzRNTDJjdEtiRjZUeVdOa2xNbzZBVjVLNUh6UUpTOUVOTWE1WmxKYmMtYkRFLUlpYnFjc2xnNThZTi12X3JqY21Jd0dKRWNQOTUwalg5VXBGazZkclVZcjVWaUpjTjY5NTBHWmd6NGEtLTNRa1RUZk00cDVRSkNJbDdqNkxv0gGKAUFVX3lxTE8wU0pNMUphaTA2OFdWc1pUQjM1Znp6Q0VZdGhKTGw1RlFkdW5jbjVOcFpVeENKZExaRlB2OV9MZFdYMWlTaWlOZlV2dWRjbVE1OEdpQ291OXNkdVJjZ1J4UUNHSktQOFNiNXVPb0RubVpEb3hiT1lOUERpY2N2cTFpYkpxMWRSUnUyUQ?oc=5
2026-03-18	Google	-0.137	"DW News. . US Secretary of State Marco Rubio is on a Chinese sanctions list for allegedly being a ""vanguard of anti-China sentiment."" But does this mean Rubio will have to sit out US President Trump's planned trip to Beijing? #dwasia - facebook.com"		https://news.google.com/rss/articles/CBMiugFBVV95cUxPY1hFdjFkT3dGN2FlUklFbEFqdUo2U2RQT0xZNGNVb1BKU21EQTFlSThOZDBhZ2lGMXkwbXhnNnFXSjdDOHpUbXhlNWlHTXQxVkVQdnlfYTBwQ2p6ZkhuOGV4aTJwNUcwTk9vWnEyRE5mbk5CWHJROUlVaHU5U3JqTHg1WFJ4SHhyT21YcnltdUw2TW5IZjdoOEhEY19rV3l1a29hLUNsZW1WUXduSG9XOWpMQU1EV1VkeFE?oc=5
2026-03-18	Google	-0.2	Ryan Lipes: “Being unorganized can lead to heavy sanctions” - World of Showjumping		https://news.google.com/rss/articles/CBMivgFBVV95cUxOem5Tbk1rS3ZoTWZzM1VQam5pOXhWUDJtTThiUXRSSDdQZEYzWHdlc1VsdUpnNzVtdzBmX05LNTI5U1RCdEt6TGtPbnplOHM0UWhXc1dNeE9waHc4eWNYYVk2WWVJRUJYOHQ1Ul8tYmszZ2R3R2JPT1NXSURxUVN1Rlh0V0tkcGwwQW5ZdnVycjFOUjVScklFWEJ1Z0ZhNVQ1LUJtX0dwUUQ5OGdzRElrdXd4UndmUXF1QU5LbjZ3?oc=5
2026-03-18	Google	-0.3	OFAC Sanctions DPRK IT Worker Network Funding WMD Programs Through Fake Remote Jobs - The Hacker News		https://news.google.com/rss/articles/CBMiggFBVV95cUxQampGaTlDTGx2RHUtZTBoT2ZBN0lJVVBlMUpIX3JaQnBkellVSnQyZVpMNFZxbWh4cXIzLVIwTVhzX1I4dE5UUWZETnk2MTh0U3diRjN3YlNiUTBSXzExdmlFcm85ZkVKQU9vNlBrS0tCaVJYbUZ4SS1xX2drM3JNR293?oc=5
2026-03-18	Google	-0.333	FTC Says Amazon Seeks 'Impossible' Standard For Sanctions - Law360		https://news.google.com/rss/articles/CBMimwFBVV95cUxOaS1vT1BpWWNrSnlMMHM2OUFMbjJFRUFzYnJRNDJNMzd6alNJNWgwVmZmMTlObWVUeHlIQzlOczVVMmM0bmRublhZTkp2MEdlOE5MTzcycldZcW1uRC1KV19UbFk4Mm1zWWYtWV9YY1BMckJIOEY0OW5JZUV1OFBMZU1JTnFzR3VNV29hdFdhOXhiMUN5U2R0MjdESdIBVkFVX3lxTE01UGJWZVVfSGZ2ODdRR09DeEFVV1VlN1p4X0RMalNvdWNIeUV1ZWpZeFJ5dzNBUTBWUnVpUFZicjhVT2c4RXF6bC1QQUppNjEzb2dqWm93?oc=5
2026-03-18	Google	-0.4	Lawyer Behind Starbucks Labeling Challenge Gets Sanctions Lifted - Bloomberg Law News		https://news.google.com/rss/articles/CBMitwFBVV95cUxQcElQNXFzbVNQNlRRbXN5U2VrYjhFYkpfMDFUWDBfMzRTWG9jQjJlb0NzaXhpeXlvUXQ1Z3I2QzZlWG9fdzV1WXRnUFFuMlFRTW02b3hzS3k0QmVhZmtKMFAxWmFTdlBNdm9kTzk0WTlTNnIxajFMUGRsd1VKc1Nzd2VKYlhNcWxGRkVLT0ZVMnZYbzJva295em8yRFotd2dpbDcwMGdYUkRUcVdsVU1oTndLRkJld28?oc=5
2026-03-18	Google	-0.5	Sixth Circuit Slaps Steep Sanctions on Two Lawyers for Fake Citations and Misrepresentations in Appellate Briefs - LawSites | by Robert Ambrogi		https://news.google.com/rss/articles/CBMi4wFBVV95cUxQbnp2UXRBQVZTQ3JxSVYzbWJuM2JnZWM1STVHaER2X2htRUVlWGtqMWpYS3lETkhKaXJxOEd4QlE1dExwb3Q2SDlEYlhXR0w0cGZvMUlEeTlsZXBzMWxuN0Z2TkROV01RcFpycTBwYUFEN0Z5UEpycG04OWdMeGNlVmtKZ2NwN1g1TnBHcjVWeUg2RzhqZVBYZU5XMVlDS3J3TGRtQlJZYzFiTUlwajJPWVdXM05Qc0xCVlh1THFNQTduQlZJNzZUd2RsWlVINWNXdjVpSEF0RmVVdm5mTXEyNG5OSQ?oc=5
2026-03-17	Google	0.5	US to Ease Venezuela Sanctions to Unlock More Oil Amid Iran War - Bloomberg.com		https://news.google.com/rss/articles/CBMitAFBVV95cUxOeXdHc1ZqUEl6RXJKbXhVT1pmUklWd3RfVDh5bFJYNHYzMmNQN29TMXdZN1BuTFROZ0NWM2FxVnZyZG9TdGVjTERqSlJJaU9BeU1GOHhra2hmUUM2NTk1UHlLWTdXOXU3dEk5c1BwWnVkbDJCdzA1bl9oQlNxZEZwWEwyZVN4bTlCajd4a2tnOEtudFJVTHd4ZERfTGlUd1ZvTm93Rl8wTlpnUmJBemVUbXMyRHE?oc=5
2026-03-17	Google	0.3	Edible Arrangements Wins Sanctions, Beats Ex-COO's Claims - Law360		https://news.google.com/rss/articles/CBMiwAFBVV95cUxPVm51V1FMWFF3WHBzXy01S1g0ZElhOVZla3Q5NFNrcFdOeVNhZDFiV0NhUE1ad1otcEhxV0U5Z0l2WUt5ZEh1NHl2SFJLS2l4OWkySXBVNk5MWlNNM1lTVTVRWTBreFo4Z0xNYzBpQmtTdXMyUVF1bTdqX0o3MXMwcm05cEVoT1VEVGRBalg2Y2laOWQ1cEFDRzNIdjhVd0pDS1NBcG1MSVJhMGhvbW4zRk1uSmFGd2FVcTFLSjdFV3fSAXJBVV95cUxPTkRpdG1WSlR5Wmc0RXVrSWhZc21mZGdmb1piNTlvejhqOE1mRjJ4bW1LN1FIdy1Jdk4zWVJzcWF4OFFQbE9wRE1wSFVvZzRjR3dHMFNXRTVtNm1fMDdpVUJPS0llN2hYbnJMWl80ZF9aRnc?oc=5
2026-03-17	Google	0.2	Ukraine: EU sanctions nine individuals responsible for Bucha massacre - EU NEIGHBOURS east		https://news.google.com/rss/articles/CBMitAFBVV95cUxQNUZtaFVZcjdxMExGRW02M21NWm5pZU1Ua05iRlI1OW9XeWpnLWVseG5aaFhxMVlRekk4ZzduY1NJWTgzNnZTLW1JM3ZZRUEwSEkxTlRkN1pZTWhDRUVMbmVhZEFyRzZULS1BeXpqeWdjX1hvM09nakh1T1h2NUVQM09kRk5OVFQ4Z043MzFHLXFoeENwQ2pjeWpldGdweWp1N2o5UUlCbmp6ZjdnaUtLZ0N6VWM?oc=5
2026-03-17	Google	0.136	As War With Iran Hurts Oil Prices, U.S. Turns to Iranian Boats for Help - The New York Times		https://news.google.com/rss/articles/CBMigAFBVV95cUxQbVdCVnFsSVZVT3V0dHk5aXNjMTYwdjZSa2ZSOHI4UnBlTUNrekg1VTVXMWV4dVlNQ1psZmtxRkJhckt0c3NtRU54YXc1bjFOeTB3ZFk2V3hDdG9kT0p3R3pzVWwySGpob2VITEcwS2YzQjE5RzNwM1plVXF2RGFRTg?oc=5
2026-03-17	Google	0.136	China’s anti-foreign sanctions regime enters new era of enforcement - Pinsent Masons		https://news.google.com/rss/articles/CBMiigFBVV95cUxPMGd3d1ZqeGpqSFVuS19Va2x3OTg1VzI2LTVjMmJoa0RHU0hsNmVDN29UNFRRZ2gzdzNhSTFHT3FROEhjLXVmTHR2N0x6V2lrV3BUV0JtZVlyNVZVdE1SRHA3bEMycGZyQWZmbElsQ2o5TnNQMjd3UzNWUEM2VWVQYzF3SGVxdFVSRkE?oc=5
2026-03-17	Google	0.136	Rubio says Cuba needs ‘new people in charge’ as blackouts, unrest grip island - Fox News		https://news.google.com/rss/articles/CBMinwFBVV95cUxPNm44ekdCb0trSFZrMU9uWFk1TkJsVmpfNm1UQUxKUVdfbHd1dHBYWU9sSkFCVGhaU0VMbUlEVnUzd0xQTHlpRjd4bWoyWFhzV0JtMENCZHFucUdqbG1SN3prclU1QXllbi1iTTQ0ZF9xbmo3WFY1cmlYOXpnU09JbWVyajA0eFp6MzgzLTlaZWZZU24xYmdxRGZFVnpDWUHSAaQBQVVfeXFMUHRDaEV4S0pLeE9IMlZfMHhlZjJKQ3l6bXVEU2NsNUxaRDMwSE14NzUxWnl1T0g4RW9UczZ1WHV0Yml4Z2NJRmFGRDdnRUFkSlNiQy10elBsVmE2RTduM0xiSEdxR0FwTlhZRFdrWkwtNkVXREt5U2x2MTZ1MUpIQWpWM21QdGN3NThDRkxQQllxSGozeW4xOU1GNlpuOTc5SGhNVm0?oc=5
2026-03-17	Google	0.1	How do you get off the UK sanctions list? This billionaire wants to know - Financial Times		https://news.google.com/rss/articles/CBMicEFVX3lxTE5CeFhDVDlXSXFxZEwxYUNVZXcxMWZqRm0wcVNscEtZOGFmYmxPVXNEYWtCZ0J1ZldOV3lYeV9oS2VZLUNDUlR5ZDIyUDhPYlVRU1FhbFhsOEwyb19CNTNMZTNHQWJuazIzYWNfZTh0blE?oc=5
2026-03-17	Google	0.1	The era of US dominance in economic warfare is over - Financial Times		https://news.google.com/rss/articles/CBMicEFVX3lxTFBFUEw1bWxsUlpOeXh1YUJEem9GLUpPZXB3eGI0emZIR05DemtUMDJ1b0FUR3FDVDM5VXdqYTBzRFNpaTR5RnJ6d1F5RmZkdE5fbWdWb1lkMEJWLVQzY3UtWFlGVWdUOHJSS3ljUXlSZlk?oc=5
2026-03-17	Google	0.067	European Council sanctions nine individuals responsible for Bucha massacre in Ukraine - European Interest		https://news.google.com/rss/articles/CBMiugFBVV95cUxQa21Xb1FuQlZ4a2dsT2dLSnZyRjN3YXBKOFJHVnlhY2d3UFhJTW9sd25obTJhelhnRGc5SkVmSktlT2E1OFU1NnNfUjY1QlRiWWQ3dlU2am9FSElHbWFBWnhUajFuMEtuTEFaek9LcWhTcU9jT252dGlMUmdRd29jR1F6bUJReEJOWThQcW9Cd3NITnV6YVhmTUZqa0R5WlhNZE01SFZYVjRpYlV3c201ek9DaVktcDBGc3c?oc=5
2026-03-17	Google	0.0	4th+Circuit+reverses+sanctions+imposed+on+plaintiff%E2%80%99s+attorney - Virginia Lawyers Weekly		https://news.google.com/rss/articles/CBMilAFBVV95cUxQQmdISU5uTzVOampmeHNsSTlYSldGN2tQM3JFS1VUWnFZSkVKclNpbUFJQU5RSHM4QURtUDRzVXhxUTR4QkpDb0xMbmZGbHhWMDN2UEd2ZlluQ2c3R0RjWHNIQVY3VjVSbWpuV3YtSk9tWGlYMUtGYXlMRzlHWjNkOTZYZzlWU0k4dEc0cmNUM3VNQkhO?oc=5
2026-03-17	Google	0.0	AFCON: CAF Appeal Board Reduces Sanctions on Morocco - Morocco World News		https://news.google.com/rss/articles/CBMiogFBVV95cUxNTTZ1QU50cFhldTByOUl2SmRFMEJoQzNnVkZJb0Y5UVlmVDBPaHppci1qbkx2ZktpUDVmVG0tWk80V0Y1YW52dVppeGpDenF5ZGFIR2h1dnhLMVNETDRCVmRjN2tDcnhraGVhbkxnUTdIckFfZG9iWFlLcld5YlF2ejFUWFdnX2dBay1aanBOQkZRMTk2SEUwNkhhT000eUU0WEE?oc=5
2026-03-17	Google	0.0	Bay Area advocate claims Cuba regime, not U.S. sanctions, to blame for widespread blackouts - FOX 13 Tampa Bay		https://news.google.com/rss/articles/CBMioAFBVV95cUxNRUFCOXd1elJGcDNJeEhtTkIzWlhJNkpCMENkY1BXcXBBQnlra016N1BhN3E5bnFicTU5Z3I4MmNZUWFDaFdmeVdoaEdiUG5LbkN1bEhMWG9TOUduYzRpcmFNTUVuYnNEa0hSdXNkN1BUN0NwV2dQYVltSzA2QmxkVFNDMjAyejBraVBocFJrVXVaNGJ3WE9rWmZlQnhVR0dS0gGmAUFVX3lxTE1VWldMSzN5aktpT29kQ2hxYkpBM0hkaWpCLVJkSjQ2LVpyY28xbE4wcHp0aDNmYTNheWxxM1NlMTZVbDdGczNCejNOWVppbHlHMk1JYnhhd0lnekc5TDBBWkVyZ2xWRERDS09qN2FYLVRtQVNGNGFab3Q0UUVBVUh0TFZyWi1RanJXc08ybFNPaUs3TmNjYUFZWXc1ZTVUZTNHdzVYbkE?oc=5
2026-03-17	Google	0.0	China slams EU sanctions on firms over cyberattacks - breakingthenews.net		https://news.google.com/rss/articles/CBMinAFBVV95cUxPZTRqNmxCR2c5OVAxWGVRVEx6MzB0a292TFItV2Utaml1cEdKcGo5MHBSVXdaN3FOZ3pxVm1NdTl6dlRtN2x4UllMRHcybzdnbEU4RVRqZUk3OEdZOFB2ai1NbzVWY0dHU1loLVA4TGR2YmJueUV5Y3N0ZXJ0MGJQQzdwbHloZ2wwaTc3RkV3ZkI4ejFUNlFKTS1BRTA?oc=5
2026-03-17	Google	0.0	Colombia seeks a US sanctions exemption to invest in Venezuelan energy projects - Newsday		https://news.google.com/rss/articles/CBMimAFBVV95cUxOODk3bkJrYWdYcmY4c2RtUXlPb05UUkxxNjl2RUFScGtSYTNiMFBzTzhwcmE0X3dpV09lQjZNNDZaLW01ODYzUWN1WmpObElBelNZbGFURzdmR0g3c29wUkt3cEk1Z1pvY1Q2QnFwNTNNVEVTSGZIZktVdmdBNXZaOFdBcGlrc1l4LUNJbG1XZ2drU1R1M2tkbQ?oc=5
2026-03-17	Google	0.0	EU Belatedly Sanctions Chinese and Iranian Hackers - BankInfoSecurity		https://news.google.com/rss/articles/CBMikAFBVV95cUxOc245bllsVU1ER1NoZmlRVW1VS2FoanZlZjN5azVwVVBlTWs1RHRYX1Q4T3NtX0NQY1NDX2dFSFNlQlNmMmN0dnE0Y3pkeWZqQ2tCM2duQnYyY2NOQW5zNHRkLWVMd0x5LUQ1ejJPNGNaYTNpVXdhZDhkb0xFeGtFQ0NrajBzdG1XLVk3SUZDWF8?oc=5
2026-03-17	Google	0.0	EU Expands Sanctions on Iran Over Human Rights Abuses - irannewsupdate.com		https://news.google.com/rss/articles/CBMinAFBVV95cUxNd0FlYm0wbm5JRmdIQnVzUkpwcHktUnl6b0hldzFwWENwYVJvVlFCTEJFQ1p6N0NSMGpGR0xBWHlqMWdrTm9mNFh1TWZvUk9EOXh2TTVTWFZpQ091YWJxX1Ixdmo5VWpRMmluczJsX253aS0ycUNLNXdVbjJfWEpyUWNVd2pUX2h0ZWltdVozdzZEVFJ0Z2lnVDNXNznSAZwBQVVfeXFMTXdBZWJtMG5uSUZnSEJ1c1JKcHB5LVJ5em9IZXcxcFhDcGFSb1ZRQkxCRUNaejdDUjBqRkdMQVh5ajFna05vZjRYdU1mb1JPRDl4dk01U1hWaUNPdWFicV9SMXZqOVVqUTJpbnMybF9ud2ktMnFDSzV3VW4yX1hKclFjVXdqVF9odGVpbXVaM3c2RFRSdGdpZ1QzVzc5?oc=5
2026-03-17	Google	0.0	EU Sanctions 19 Individuals, Entities in Iran Over Human Rights Violations - IranWire		https://news.google.com/rss/articles/CBMirwFBVV95cUxOYkdZYzhaMDNIeFYtQTFpcjZ2Qkk1ZllEaG9MZ0szR1FpYjdtamt0bnRpTk9fdnhpSC16V1dvc2QxdWtTcVlYN3lVN3NuNnVZUTlHbURfenBjaVJKYm5mQm1ZTENfQjl3UjdGZzR6aTJnSEpSYWlvdzlid3NQMDZLUTVSamFYc2F0aFFqYjh6NGFiM01fbTRFTVRmeE5uSlN1TGtENGRURlFSeTF2dDQ4?oc=5
2026-03-17	Google	0.0	EU Sanctions on Russia Stalled, Says Kaja Kallas - Khaama Press		https://news.google.com/rss/articles/CBMie0FVX3lxTE5UUjNuWFhJaktUOVg2MFJuMGxwaGE2dENWeGNXQjlIY3BMUkE5aTZ1WTUyZ3VGcm4xbFRFMzBfeDFSZHJKN3dmdndxY2tjcEpXUTBrS3dtWW5weEhlVE1FOE9RenJNUW94SHpNY0ZuWnRxWkRmbTFzT1B1Z9IBe0FVX3lxTE5UUjNuWFhJaktUOVg2MFJuMGxwaGE2dENWeGNXQjlIY3BMUkE5aTZ1WTUyZ3VGcm4xbFRFMzBfeDFSZHJKN3dmdndxY2tjcEpXUTBrS3dtWW5weEhlVE1FOE9RenJNUW94SHpNY0ZuWnRxWkRmbTFzT1B1Zw?oc=5
2026-03-17	Google	0.0	EU adopts cyber-related sanctions on companies based in China and Iran - Digital Watch Observatory		https://news.google.com/rss/articles/CBMinAFBVV95cUxNUE5JWmlSWnVzUjNnS29hNGRHcUFtR2lrVy0zN2drdUpIY3h1N2ZKMm1XV21jZE5sQ3dPb01LWEdjbllEbXlUWmVXZFdQVUtPVkxuNnFwNTh5ZFVTUkZINi1qR2lrQlN5OHpaVXJXVlYwQzB5TjQ0VVkwWEQ2QkxBMkRodEZOVTAyUVAzUVZDM0pNNElVdjFTN0pCX24?oc=5
2026-03-17	Google	0.0	EU drops Kulevi port from sanctions list after Georgia and SOCAR vow to shut out Russia’s shadow fleet - AnewZ		https://news.google.com/rss/articles/CBMioAFBVV95cUxQaml6Z2ZEWnlQSDdYa2VjV0xwWHFnckRSamtDb0prRHczdnRxdGZYSEttdnhreHdOVWxidWQxSHYwZ1V5eGE5SFVCT2doWGlWWWJPa0xTUk93SjJYTEpVWm5adG8tZ0lLV0ptZi1NSmVmazBUWlBRMzhlWDRtY21SNENYT080UXR5OGc2Z2FiXzRFclMwYm1MV01NTFhvNWk3?oc=5
2026-03-17	Google	0.0	EU sanctions Chinese and Iranian actors over cyberattacks on critical infrastructure - Security Affairs		https://news.google.com/rss/articles/CBMizgFBVV95cUxPOGEyTGZkNnlwSE55UDk5N0c3LV8tOHZiSVJxeHFHTnpEZURLYmhIVjdNZjVKRlR6d3N6YnpiaWg1ZWlDSlJvZ09uaTdRNFYtVGVyX3JCT19DRURNc1kxVHhKaTU5OTd6MklvUnFzU21BMGtHWERDYXB1cDd1UmRHY1NmNzZvSEpMOUl3R1psbzV4OEVnZzdmSW1GejVZQUNheFlnZzZhUm93NGVUd0tLSEVYNU41UTZCMXE1VUw5SlFDQ0FJSDJ5NTB6WnFXUQ?oc=5
2026-03-17	Google	0.0	House approves bill intensifying sanctions on Iranian oil - E&E News by POLITICO		https://news.google.com/rss/articles/CBMilwFBVV95cUxOcDQxazBBaDJhSFZPajZXZDdaSGVHQmMtQlJhSkpCSy1NT3Zwc0xjUWl3UzZfcVR2b2wzcUNxaEdqNHpSNGl5YnhYeWlmMldzdzQ3NllQQUtST0g0eTMyeTNqUlVBc0gybU84UWVMZmZ0ci1TMS1hQmdyaktpd0l0U3U4YkF0OHBPUDdnTUJEaDBwNU1aSG1j?oc=5
2026-03-17	Google	0.0	How Trump's Treasury is shifting sanctions to punish his critics and reward friends - NPR		https://news.google.com/rss/articles/CBMijAFBVV95cUxQa19sUXc0b3A3N3FmcVZydzY4S054RmFfc1V6UHRnQmhBc2ozZUkwUDlUOGlIaG1jQ2wtVXMxakdsQTdEY0ppYWh4U3d6ZGdGQl9QeEY5QlQzWUNEa0JtN3hrSEc2bmhTQ2FPQTg3YXZuaW9PbTI5RlIxR3c1cXlfNXpKRjRjN2hja2xENA?oc=5
2026-03-17	Google	0.0	Hungary Creates Rift With EU And Ukraine Over Russian Energy Sanctions - Forbes		https://news.google.com/rss/articles/CBMiwgFBVV95cUxNRi00WU9oSU1yOGN6eVdpTVd0MEVaTXhGbGppd1lKeFhnbVByNnNuSkVmZUlRSDhnb3JEY3JDTkNwQXBvelFkWEZDOHg5S2ZUOXI1UzBQbE9GSHRfUjJGeG1pbTIzOFg0aUtWQ0hzSjZtU0NwNjNJV0VaUEtlNVJveHByY3lNTXpPN0hlX3IzS1YyWU1JOFhoUDVTS1BxWnEwdGMwazRhWHFZTlVYWkpKdDcxaWEwenI5dF9TRWljZTlndw?oc=5
2026-03-17	Google	0.0	Hungary expands its sanctions-rollback campaign from energy to food - Euromaidan Press		https://news.google.com/rss/articles/CBMijAFBVV95cUxNY21VMU9OY0pCQ29LbWNnc2N3X3Bia1FHVG1uUEN0d2hndWxhTFlROTA3TEc2d1dtZjVld1Fnc2FRNWxYdUFqNFBFNl9HTmtqR0syLWFabTU0LTVBR3dtMll2OFJfczJFeHFFY3p1RmNfaVlGMVVkU2MzMnVpbjdlcnVmbmxpR1RZNVVHMw?oc=5
2026-03-17	Google	0.0	Malaysia's Asian Cup dream over as AFC sanctions send Vietnam through - ESPN		https://news.google.com/rss/articles/CBMiqwFBVV95cUxQRVphOTZVdXRWSVEtMFhLclhia2FsTmZHejM3SFB6QVhqSDVyTGZNdVZkdm5UMkE5SHowQTJwdE1URkFtRjFXM3FaZmpPT3BqNGhzTVprdkR4aFRTRlRyRHhXVFhyQWNZWGxsWVZ3SG5iZTVDQnlRZEJ0ZUVXSExHREprQmh1WW5YYnh0QmR6WmJGU3RLNExDSDM3NDIxOW5OeE9vV2tVMUx4Sms?oc=5
2026-03-17	Google	0.0	March 17: Cuba Blackout Deepens Oil Sanctions Risk for Energy Markets - Meyka		https://news.google.com/rss/articles/CBMingFBVV95cUxOdEdJaVZVXzJKUzBIWGZIWVdBdE1nSVVZX1gyMFpDaWJGM3N2VTBDYXh0TEp2WGpLV2lfSmQxZlhPeDI0blAtajhyUzhYdFctU2pNRG5FMWtOSm45SURmQWE2RkF2b3ZwaVV0aUpPY0xCdW9INXVNNWptYm9XT3VnaXRjS2Z6TG9UeE8wQWxySmhza1lNdWl6Q1gwcWtHQQ?oc=5
2026-03-17	Google	0.0	Press Release: Warner Criticizes Trump Administration's Temporary Lifting of Sanctions on Russian Oil - Quiver Quantitative		https://news.google.com/rss/articles/CBMi1AFBVV95cUxNMTNvSVdmYkhxX3F4cHB6MFBfLVhaVnc5ZWxGd0NoUkJ5Q1I4X3Y1UE5Yc0hkbm5Sb2R4ZG1XQXUxWm5fZXhveWZwV0dVRDViR1hQX3lZWjFkZ0hTc19kVTc5MnBtV3dYci03YmZmVUM2ZnJ3c0JXczJMZ3BDb1BFUWVudHZBNWZhZmZGWXdYTFVIQXlQN01yV2tlajlMLThVek15c0hReDVJNDc0cmloNmpKazV6dno3Q0ktei0xYnBHOUpBUHRkclRUQ2VBZXdLRy1tUA?oc=5
2026-03-17	Google	0.0	Reference to €90bn loan and 20th sanctions package dropped from EU statement on Druzhba pipeline - Українська правда		https://news.google.com/rss/articles/CBMiZEFVX3lxTFBEZHRjSXdTdVd0ZE40SWQ1VE1Hc191NVdQNlBMck5MZVVOVEFWRjF0V1dPYXVQUS14d1RkckFCTXdITlJZV09FNzZyQXZvNjZPYlpHSVBCanotVmx1akFwMWVTMVXSAXBBVV95cUxOSFltS3MzUFItSFl5em00ZjhkdmNTYlRGX3pTWmdOTF9MNkd3eWIzX0JROVhaNDNJMnZNU3F4a2doUzJtYU9VRDRkUk0tM19leEFpUUlTNGM5OWFneHA2RVFvRWZLY004UzhXa2k0aTRx?oc=5
2026-03-17	Google	0.0	Russia’s energy revenues rise despite sanctions - Defence24.com		https://news.google.com/rss/articles/CBMihwFBVV95cUxOOU9VRjVLTUtONXI2bG5yamZaUTBVSWpnYkU5Z19KS1lnYTNseXNYSVRrUGF3Qkl3clNERHg3eFNEU2pjZ0Z5akdnTy13S0J3WUN4M04xb19VOVJtM0tNWVNPWUFhNFFRRmFDNWtrblRxQmJMYmJXMzFCckdHZzcycWxJWHk1emc?oc=5
2026-03-17	Google	0.0	Sanctions sought on Fawn Weaver after she attempts to file Uncle Nearest bankruptcy - Lexington Herald Leader		https://news.google.com/rss/articles/CBMicEFVX3lxTE9iUzZ6TEgtb3VsOHFiUkZIOXlITlhrNjFtNTF3LTlRT0pJWGo5cl95ZVpkVEpteUJlSmRwSzc0UEE5dm1qNDhLZHFxUndMNks0SlhYd3FqMHBTLVg4QW5hWno4VlY4cG85cmhEcFBFTlDSAXBBVV95cUxPSkZPT2dwRDBya0d6RXNVWUlfZ1oweHFqekVOX1RFc3VWVGZDTDhIa2NIdmFEWmlVUDBlaWdUbTJ5el8xTVhZNjlfWDRoQ0lZelN3WTVFaU0wTTZrVFZSb0gzRjd3UnpQMVdIZEpYa2VX?oc=5
2026-03-17	Google	0.0	US Lifts Sanctions on Wagner-Linked Officials in Mali - Human Rights Watch		https://news.google.com/rss/articles/CBMikwFBVV95cUxPSmV3UkdGVEtnN2JMcDNqcS1hS21Ua252Q0wyaldob2R3ZzhMa2lYa3ZjT0xFZzhiNnlvSDloSFhGclpPVHNpQmFqN3VBc3AwUWxhUnhhUHQzSmZUQUhtR0g2N0FxdFhQVDZGWjRHYnVUMHFUNU1KVXBGdVNwZTllVUdPQTdwVk8wQzhxNTVOU1V5UFk?oc=5
2026-03-17	Google	0.0	US ease-off on Russia sanctions will make no difference to insurers - Insurance Day		https://news.google.com/rss/articles/CBMiqgFBVV95cUxPcmNwVm1ub1hrNVdjMzlEdC1YWVJ2OXIwTFJkTEZfZkVoZTBUcmFDdFNqS0pSVERCczl2SkhCVUdjd0RMX0NJYWhNSERLaWVDYlhpQUZCTmxUc1FqS3RWMF9sUmppejYtQ2VSX2wzdzQ5aXd4dkdXaXZ0MkdaQXdNRWR3N1E5UkhNd2UyRjkzTURrYktaMFZ5cnZya1VwU1hOcWFaVVVTU3pGZw?oc=5
2026-03-17	Google	0.0	US weighs easing Venezuela oil sanctions to boost supply amid global disruptions - investingLive		https://news.google.com/rss/articles/CBMixwFBVV95cUxNTmVGb2R4aElrZ1Y1VmFjLWIzQWdfWEh5R21SQWhJVGtZVGt4TDR0LWhha3FxMmJibDAyM1E0MURZSjUyNEJTNGJKMHdoRHdCdi1zMkFVN24wNkk5dGozYmwxdzZ0aDFBaTJ2NzkxcHhDWWJfZm1PX1B6RU5GMzB5RHNoUks3LW5xT0VYaGRLcWIyYk1Peml1TVNvSXBjS1ZUX3pDak9yQ01lQnBsbUJpMDl2bzlpTTlsTWdNYjZ3bEtVUXl2Nk5B0gHMAUFVX3lxTE1YQko3eUVFRjRGR2dfRm9aR1E4SkFQOXBuMVZ3d243ZWR5N2dFRFJVUC1PTkNtRDc1SXhnVzRSNGhHVzZvTWZIbEJ0c1FqLVg5TW1sdXRrWGozRWl4VjVYRXVZOXl2b3FZTXM5WHVTNTRWX0J6OE02VFhMM1BzOXRTYVlMdlotQ1pEWkhqd1lqbVdSVUlNWmh4WTU5OWh3Y3BZcTVVVHpJeTFIdVVMb1lQbS1IdEhtaVY2anpDc1FFaFZNdWhFWVh6NzBQSQ?oc=5
2026-03-17	Google	0.0	US weighs easing some Iran oil sanctions, authorizes $16.5B in Gulf arms sales - AL-Monitor		https://news.google.com/rss/articles/CBMirgFBVV95cUxOV1I5ZmpVaE5rMmNBMDlXdFBZMTI4QmR3M0hER3VGLUEwVFRwb0h3TFJyTWtpaXMxS21nMWhQRm9YQlJVWlJfMmVqVnhvd19Vc1BCWDg1RTc0a19IdXgwNEZtQVdad2FrUzZsZEM2dU1tcVRkTHRRT0JoU1lENVNSWlZSaTZMSWYyUXQ3YkJQUEx2ckxtN1FjZmdwdjY0TTBIMGc3TFExRUNva3NrNUE?oc=5
2026-03-17	Google	0.0	USDA lifts PACA sanctions on Washington importer - bluebookservices.com		https://news.google.com/rss/articles/CBMiigFBVV95cUxNazBILVVaOHowb1F1Q0JTVUxGcDk0RDBMaU9lS1lzMEhGUXh3WWx2bEpUMlhzQk5MRl84dnRXMnFkNTUzbExldExCa19LSTZDbE5kb25pN2EybkRTUFZzeXBsUThVMGNJVG1GOEM0Yk5ST2NxWGMtMGdYbm5fYW9xVGt2MmJNYUlHQnc?oc=5
2026-03-17	Google	0.0	Ukraine's Zelensky throws shade at Trump for easing oil sanctions on Russia - MSN		https://news.google.com/rss/articles/CBMigwJBVV95cUxPdVVwVi1XRU1KeTg5N3kwUUNaRTMwcHh5QW9LNHJIcnVpTjBheDNQWEliY3A5M1BKQThTMkpsWUNTQ0NoSy1SSHJSWUY4T2Vfc0k1OFhKTjVJY1VlX0k4c1VfcUsxRllkSmp1TUhoWmxQOU5DeUNMMjVzWHpYcHhMMUE1cjNVallZTzd0UGxBV2dwUWlPMHVtLVJJRXprLWJubDBfc2ZvSzVhTExLRDB0RWFGNjVDZHpFNmZyM0VCRS1BMmZ2aWk4WWk4THZvZC1rRmtUMHRjOWFjb25SOXNmVjlLWDBzRlVJZHMwY0tZOUhGbjhmMTgtYm82eWQxYmRhcEFj?oc=5
2026-03-17	Google	0.0	Ukrainian intel names Russian manufacturers of Su-34 systems and components not yet under sanctions - Ukrinform		https://news.google.com/rss/articles/CBMi5wFBVV95cUxNWTRNTWpFU2xFX2JLUzBJaUlxSUZxWEFfSUc5ZE5VSllub29XWDEtbEpwaXRXU29RbXZlNEVFQWpXOXJzVzVUQ2hBaWZtZjQ3XzdqOGpTTWxnU3NSR09hM2pIRk9ubzhzVFNINHFpRElUeWJiZWxmTEk0cHkwM2pha0JnX3BQU0dHTEtpc0hWV2RoNXd1MEhlM0RNMHpGWVJxUWRMMUR4X2daZ2Fwbml2ZXNqcjVVY29UbTBIQWs1RXpjSFVyejdwYlhHVUppejJMUmRaOHBnY29Ed1cxZWFpbXJwc1VxZVnSAewBQVVfeXFMTVBwMWlDYzl2bFp4TmxidXYtZnluM1lVZG5kSlBHV0NXNFdLY3VkWndpRUNMVnFvcFNNdXdCYkRQZGtHdFFxMVY3UzVzdnE2SGJfX3paV25zNFdfanJtNlEwR1NpNW9nR3dBVzNkMHY5ZEZlUWFOMWVUR1NyZTJfSmpPaTBPc1NoMkRORlctM3pxckxiWklUdC0wS0hHbVNFWHlwakZFOFRZUEN5OWlUc0NUM2l5djd0VTE4LXlxbTlkcllYNlA2a0xRTW90ZVZubmN4TnlhZjRKMUlSU0w2amJpR0I3V1ZvX3k2UU0?oc=5
2026-03-17	Google	0.0	What Trump’s easing of Russia oil sanctions means for Putin’s war spending - The Kyiv Independent		https://news.google.com/rss/articles/CBMiswFBVV95cUxPRS1kbEVEVndPNW9kRXBmMDE3bmhORmlGWEpidGxkdlQyMlZuS1pJUHptM2hsWEZEdkhZaDBSbGRRVlJ4ZTlkekhpRFhnSmstVGVabThTcnBfV3duNWZtM256bVdscHVGSWZNV1FtemZuVWxrV0k3Wk1BVU94aXF5SUpoU1lxeGh0bXZ3OWNTQURGblBtT1JKeXh6dEl0eVlaNjdoZmp6b05yLWRLVGNDZW56RQ?oc=5
2026-03-17	Google	0.0	Zelenskyy in London to press for peace and Russia sanctions as Iran war steals focus - yourcentralvalley.com		https://news.google.com/rss/articles/CBMi1AFBVV95cUxQWVVnSnJNcEdVTU4tZ3E2TnlvUXpSOUxfQkN0dzRVM2JLMmJwZW5mVjQ4RXRHdmY2a3c2Qm1uVlRLUEZBYlVxT3ZoaEZkTVlWbkhPRGc2eVJjSHVmamxtV2dmbC1NZ3ZLWGtLSUtlbGxPcGx3WkNyMFF5VmYydzZYaG5lQngzbEJsMnRqX3cySGpfZzF4ZlVXZklMNnRDVHNFSFV3SGduMU93cTZrS3Y3RmwzS0pycW5yVjM0SnFwWE8zRUlUOGxnMF9ZcGx3WWhfZC1Jb9IB2gFBVV95cUxQM1hGQnNDTlA5Z1UxcnRfaGE5QldBc0VwaHplbk5nSUZNUXVTUXZLYUp1ZjJVdXdRMTNFSUZaYWRFT2xPaE5GODlvMV9mT2lTRER1M0NrQWNGOE03a3p3b2hVclRMR0xQUFVYaVp2TUtxM3hLOVNuOHZKRzZuU09qVV9tMExIS3V2WUNtZFd6NlNGN0VycDF0alhOdFpCQndqS3g1VVcwZ0Z0TXV3SndyWVhteXZSNlNHN0Exd1pDVG1UWFNsX19HOU8zMlVaUmpYU2tFX2x5Ym1pZw?oc=5
2026-03-17	Google	-0.042	EU foreign policy chief slams US decision on Russian oil, urges tougher European sanctions - Anadolu Agency		https://news.google.com/rss/articles/CBMiyAFBVV95cUxNSGZkaXhPMi1tU094enRJMTY5dEw5SmhEWENMWkRib2lESUdTMjRiYVZzaUt6bDRfUzNIMnF3NE1CdXBnRkJLM3dvY2lSRUo2LWRIcTNkQTlfamJxdjBvYkw4YjNKX1kzTzRxWGdjR3ltb3NUTGR3NURiQi1VOW1PbnZUUFg2Q3dmWXRaLUdBX0YtZ1J3aUZwZkZMWWNheXhOeVUxVU1EUTdmcEtUODJGSTQ4QzgyMGVfXzFoRjhFZGtUUVJIQ0RWQg?oc=5
2026-03-17	Google	-0.05	NBA venture in Africa suffers loss of top team because of U.S. sanctions against Rwandan army - The Globe and Mail		https://news.google.com/rss/articles/CBMiugFBVV95cUxNTjgwRHpwZ1d1ZDV0M0xTSUVrQWdnd1NQbWgyYVltd09xbHFSWnc5WHJIcmkyM1JQRFdqN2ZUUDZVTTN5TUxnbkQxckQwS0Jzc3otNWtGMTJRZjVBb0RVZEs3TFZXVTdqTXoxRGcwODdIWThPWWhwSG41VVJwaFd1RDRyRmNnZGlEeEJCMEhyZFVLUUFubzFlZUQyVEVFNjRoVk5Rd0c5N3dIVmRGb2ZiOXJxM3hMaEVMaGc?oc=5
2026-03-17	Google	-0.083	The hidden side of sanctions: fertilizer shortages threaten global food security - Baltic News Network		https://news.google.com/rss/articles/CBMiqwFBVV95cUxQN29jODc1WUJhYU45dzJSY2hNX1phalh2QS0yUDV5ZFRDWjlQYXVGbURuNExMRmlaUnNSOFRoSjY1S2JvZ2otRmphUno5ZXVleGdtWEFrTGdqdmZVeWhHV2tfUzB3WFZsdGNOV19BVWw4ZHdTdnBUVnRZcjNGaHk5RzBsUGxOemRCZnV2TlF3alh6QUZid196YWFpU0Z4RlFTNFdpWWg2bFBuUGc?oc=5
2026-03-17	Google	-0.125	Dutch foreign minister Tom Berendsen urges EU to expand Iran sanctions - mezha.net		https://news.google.com/rss/articles/CBMiYEFVX3lxTE1Gd1hQTUw0ZUdha0cwVjYycFlybnJiU1RWa2FYWkVkZG9iMnc5NmhQNXMxaFZDX2Y3cF8wR2hMNnNhOTY5S3hiVU9nbzFYZm5GTU40RmZ1S283RDU3VUpmVA?oc=5
2026-03-17	Google	-0.133	EU sanctions Chinese company behind 65,000-device hack - Help Net Security		https://news.google.com/rss/articles/CBMihwFBVV95cUxNTkFWbkNMNXBBTGpQaHlOR0d6THRlTW1Oa213LUFhbzR3TUUyckN2aTZtR0ZlemV6X1B4S1JtVHRLcjJiQWxjSmprcFVRelMwc2tjZWREbURxbnlLMzJHTlNXYVZNcXFyMGlYV2ZfWWxUdFNIYXVCR0RZS04yd3VLQURhdkpFUW8?oc=5
2026-03-17	Google	-0.231	Govt rejects USCIRF report calling for sanctions on RAW, RSS - The Times of India		https://news.google.com/rss/articles/CBMixgFBVV95cUxPR25sT3ZvYUw0UDBpTEFZaGJ6UzFtajNwTFNUZ180eEhSczlteTZ4U1ZjUDBqOGZlZGFDejBoRzlPMmVoUG42aFVabkVTamlITjJDZFV3NGFrVE5kQ0pHSUk4d201UTZ2dmZoX1ZqNzlzVHQ1NmdsSnZlWGJWQ1NyQTMxTTBlT0RrcHZYTENQcWRXRW15amZvUE9HRXZJcXVka05HMXNfNDQ5TndWYmwxWVFtU19iT0hXMXNsNHprdFRLM3hJQXfSAcsBQVVfeXFMTS02cU81Unk3TjRiWGpRU3M4VkRVVXR1eXRJenA2SVpJdFlmdlE2OUFsQmk1WWtTc3JPb2NuTzdNT1ROQTdwZEdyVVgyV01oZ0Vtb3ZqclJjRU9TQ25uVXV4YUJ4aW1MM2JTVGp0ZG9uM1ZSREtwNzZndW9xUjBXblVOVXd0YkNQYjVQVm9BXzl6SU5BNHVhZTUxT25Uak5tT1paTjBfUVFsLWREdkVwZGVRTVhsR1BSZFgxNlNhRmEwLXVHOHU1YU1RTlk?oc=5
2026-03-17	Google	-0.233	Asian buyers turn to Russian crude after US sanctions waiver - Quantum Commodity Intelligence		https://news.google.com/rss/articles/CBMipgFBVV95cUxPVTI5dmpoTU83SUZFU2loZUZaQ1Q1T1Z3N0dIdm5seFNxZjlqQ3EydVBzRGNpaG1JbUQyNUFnY1ZLRlVWSW03ZE9xTlNpdzRpcnhyeTZwT1owcFdsd0NjRUdMLVhYMEtoWXlJNzA3OTBLaThJaG1nOU82WmdVZnVNNTR3WU1OV2cyTFlyV2NBbkF1OUF5QnEtSVJNV19ZN3g5R1Y3SV9R?oc=5
2026-03-17	Google	-0.233	China firmly opposes EU's illicit unilateral sanctions against Chinese entities: spokesperson - malaysiasun.com		https://news.google.com/rss/articles/CBMizAFBVV95cUxNQjlKYlJabzJXalAycnZYYmREdDlJTGVZd0x4Q0UzUFNqZTRLRWZCTXN1bTV1VC04MHVJSWtnMGVlc3ZBOW9iVlJhT3hPS1V6OE9mQjV4M1prR0hrZGNMaUo2UXJ6ZkFaQWFBQWtPRFFCUVhGUnhsMjlOWlpLSzJfMnJsZVUyQjYwc1pYWkZKTkcwZWN3NDg1WTJNTE9RTHVka3BhRnBqZy1SUEl1Nkc1dk1lem15bUYtVVhHUGJCQW00ajJaTXNyY3lyeDc?oc=5
2026-03-17	Google	-0.312	UPDATED. China's foreign ministry says it opposes the sanctions and urges Brussels to 'correct its erroneous approach' - facebook.com		https://news.google.com/rss/articles/CBMi2wFBVV95cUxQM3dqX2t3eERtTWpHejF3RzNRQTI3TjJ2a1pFRGtRbzhyYmZIQmdHOS14UEdua2RmUlNXay1OODJpejdLRjh2SUZjR3BTRUxpTzJrYVJMM2ZRb19ycVRYQWR4eTdZQThjU3RPOUJLSkVoYldqdEJOMzVWbmQ2d3ZQSEdwQ0tFUDBzOHpZYlZCekItRVpETWpiN2pEV3pXTDlMdF9nbkR5dXJ5ajdxVmZiN1ZmekpHenFWODZ6MHFyUjNiZHpKU0w2THgyS2ZhNFI1TWptT1RGS2ROQW8?oc=5
2026-03-17	Google	-0.35	Chinese Oil Giants Return to Russian Crude After U.S. Sanctions Waiver - Crude Oil Prices Today | OilPrice.com		https://news.google.com/rss/articles/CBMiwgFBVV95cUxNQUxaVWFLRXRGMnRxdFhJZjBsdTJ3LWQ3c0E3bUFQSEFVSUVyOGNOam8tYTc5a0NKQ3JQenVNakpmQWw5ZW8ta3FDYUhOcWU0NGN2eF9fSWNvU2F5YlI0VHg3RlVyeHh3YUIwbEM1R1lwaGtQR3lZUGpYblYybnlRVGhtSUxTUndiZHJXOUl6cWphUmx4YkczQmJpWXBsNlRpNjR6VmxuaUZ6Uk9HTEV3am1IOFFnc1M5eVhlOXVvUGZPd9IBxwFBVV95cUxOTnhReFk1WlN5b0Z6ZXYweXRlSFpMV0VhR0o4c0lBb1NPVjZEMUFLb1JFeTF0SXlXRmp6SkJWem9mRnNDUHpTZzNWQ0JlenVkTFlPV1NMaVRaUi1FazVBc256VEFYZzFCdXpoY2t6dEhEUHdnd3FHWUtwN2VEdDJTSG9tNnk5QnlSU3VJOU5FM1JycW81NWhiZTZfa0VUakx1WEpwdVZRTXY4MzFVcW1sOFNkZHZiNTh4ZzhwTVppUlN3RE5yMWM4?oc=5
2026-03-17	Google	-0.4	EU sanctions Iranian cyber crew behind US election tampering - theregister.com		https://news.google.com/rss/articles/CBMicEFVX3lxTE8tWXFHTy1kWEhIbkJrZ0NnLU9ZbHhPV0QwaWdzQW5HbER0MWxoeTZLVkdVcWNtTFhYbVh2a2JvajNkbC1QRDRBY29fQXNWYXJqbVBValM4Qk80U3dpQUtCVFhnaVFHc25TeHZhS2FfRjI?oc=5
2026-03-16	Google	0.6	Spotlight on Sanctions - Norton Rose Fulbright		https://news.google.com/rss/articles/CBMimAFBVV95cUxNNUJMY3JVcjY4U1gtT0tHSFVxa1lONlJWNnVZWGRkbjR1RDNNNTJISi1tOHp1cW53UWlfRUxmcUFSa0ZUM2FXWk5lZVYxTENJeWdmWXFaWTdCLTdROVRnMHV2RWVXQnZrbEtQRVA2S1JJdGhvSnZvNURfcDZnNWF5SlVkemtWRW9rWU9VU0NPMzlvQzFFV2l5Uw?oc=5
2026-03-16	Google	0.5	Sanctions and Export Controls Round-Up: Latest Enforcement and Policy Updates - BCL Solicitors		https://news.google.com/rss/articles/CBMiowFBVV95cUxOdVl0dTNyemp6NjVOWE1iYVhncVBWVTJmLUhpUjJZUWhIWkQ3R25QZUtNUVh2cjdNR2d4enhiX0ladVgyb0gxM3ZvSWItZUlqbm55bmtuOS1YTUpfd2k5djhhajJkdzh0VEEwbk8yODF6a2VGTFplM0RsVFktdHhIMUp1YXNBZTJreDN0cV9BcVRfeHcyN1c4LTVlVkVJaTdvQzVv?oc=5
2026-03-16	Google	0.5	Two weeks of someone else’s war earned Russia more than a month of someone else’s sanctions cost it - Euromaidan Press		https://news.google.com/rss/articles/CBMiggFBVV95cUxPZzBObm84UW91bGlfdFBSSEpuc3QyS2tPVElpX2taaUNmTjlzdkhMVkpMNmhfVkJDa2JhMVhqT25KelY0X3ZpejA5VFE0T19vSUdXRF9kOHhLMWQtRm9tSTB0UmdQemJfRHdwSW8xVDdNelpBaldNUDlKWDdlTnhYX2Vn?oc=5
2026-03-16	Google	0.5	US appeals court fines lawyers $30,000 in latest AI-related sanction - Reuters		https://news.google.com/rss/articles/CBMitwFBVV95cUxNd1NhbTdYdWpCTktBSk9IN2dnX2RXbVJ1QlQxNkxYMGZuRnp3ZE1xOXpZQjUwYU5NZVpZUUxUSXpJUTR4NzhFNmVaNDI0c000ekJkUU1RbDl6Qkx0Q0tuMlZua1dpbEZ4SnI1ZmZUVWVMZDgzUUpBWFJpM3pyMy05MkUtRl8tRm1RWllZZnplUmpDa3g5UFJnNWljOG1UbmdrVGlTbm1ybG13TmJQUFp4emtmZUpaVDg?oc=5
2026-03-16	Google	0.417	EU Plans Sanctions Against Nine for Ukraine War Crimes - Fine Day 102.3		https://news.google.com/rss/articles/CBMisgFBVV95cUxNOGpRWXNxVGwxYjZkNlZ6b256b056LVF3Z0cyVzI0QW5yc3FCdFRWZndwc3lBVFE2V2w2ZjAtbmt6M0ZRRldDUmtGcTF6Z05jeEhNN1BGM2lEZTRFM2c5c0RZeWRGaEVqdHktTHBCU1J5MGdCRWVaQWhxVnRlREFFWE5DZC15dmF3d0c2ZXprbVZMVUpveG44SGZFRTFmd3Fya0JFV3pGckJJRWVDUmdteEdn?oc=5
2026-03-16	Google	0.35	Dmitriev: Lifting EU sanctions on Russian oil 'wise choice' - breakingthenews.net		https://news.google.com/rss/articles/CBMipwFBVV95cUxNcTEwZFVBOUFZeURaWTJtOVM3UnVJQ0dIYkNiOVVpUlNSNWJJV054azlhTVVUV0JhZjhyS2hORlpDTHFVb1JZQUlvZGFxZk12UDZkaW91bXhzYjBzNmlna2hLS1dINWpvUHlPSTUtRzQ0WHZrTHRjbGRGS24yU3dZakNRT25UTWoxbmxUdm00azZHUmJhajk4TnBORXVmWGU4VXpteWc3MA?oc=5
2026-03-16	Google	0.208	Chelsea transfer ban and $14 million fine: How the sanctions could impact The Blues’ future - Diario AS		https://news.google.com/rss/articles/CBMiwgFBVV95cUxNdVdyT3NhenJ2Z2NXQ0ZQVzFPVWtXcTlaSmlyWUNHdkJxcG5VRkhqY21wMWVVOUc1MTFhM3FMbFJqbUdnTkpqU2c0czRfaTllOWhBamNUYVV0NE1EWndHMVEwNWhONndtT0Y3WVdFVUNVdDQ0ejRoY2ktMHEtcWliYVZhY1dMY3ktTGg5VUlQck9PcXRyeGt5dzNzX0o5RU0xMkYwbllMM2h6TlN3RDA2Y19ZLURIdHNyamc0bTAtWGwyUdIB1gFBVV95cUxQOWtkNjgycWRGWjZWME5lZmJnaVBUWnRZb0VzNEM4RjE4UU4zWk5UdmN0WEJrRllEZHQyRDF6NWJXVDZRWHYzZjNURkFTWWlWZVdOXzBFQko0bnJfbXRvWWV3RjVPemZXdWVka19lUzJjVlhjak9IaERmLXJhR3ROWDNpRVNDTnBPZFVEQmJDMDZ3MEpQTGdDcUJuZndDM3VXanFjSjhhZ3hMTHBZNkNiUkNDdjNZOXRRempLcTdkU3hheFRDVUZTcVdWTmlBRVltcXVFb0J3?oc=5
2026-03-16	Google	0.2	Russia's war of aggression against Ukraine: Council sanctions nine individuals responsible for Bucha massacre - consilium.europa.eu		https://news.google.com/rss/articles/CBMihwJBVV95cUxNTy1vVHU4cFVBX2V5RmlrMTFDQWgtckRReUhUSGxKNkdYY3dUNE9UMVU0VUFKX3JLVkZBZXdtSTFmLTFsUnBaYzBFSjAwa0pDdmlZYUREWFVGMnZwR0VyaFI0NHJpQlQ3VVJTNVhvbDExSExNV2c4N3dtQjc4NW1zSmFSTkgzeEszcUxidFE3bFhOb3Y4dE5KLU5aS2RyaGxXYjcxamZvUktzeFA1U200RUd5ZEZRV1NXVUJLVXMxTHhnZ256UU1DZThwaVhhaGNwb0NiSnRjOUdCV1FyUFVOQUxxeEJsU0xfNlRhQ1ZKeDBqM1Zla0wxak1rRFFvbkRBU3hWVGxmTQ?oc=5
2026-03-16	Google	0.158	⚖️ Premier League sanctions Chelsea, fine and partial transfer ban - Yahoo Sports		https://news.google.com/rss/articles/CBMijgFBVV95cUxPM1NtZXF1TFBwUWFNYXo4TXFna1g5UnNvZnhWcjRBeFBJR2ZwbF84SG42WTRaSWdPSXZfa0JpYU51MXRWR2E3MTVhX1JJenpnYUtwTDcteDRmVmIweTNsQXpfX25BMnpYRXJ1Z2gwZUI5WUE2WGRpMGh4bUVTVTNhcWR1cUxoTUxWa0MyTnRB?oc=5
2026-03-16	Google	0.136	Hungary to block EUR 90B aid, new EU sanctions until Druzhba pipeline operates – Szijjarto - Ukrinform		https://news.google.com/rss/articles/CBMi2gFBVV95cUxObkZoTkg0dU9wNW1UYXlzaFFDRERiVE00a2ZSM1QwU2ctRzdreW54cHNMcGJ6U0RBS1ZUZFpZTm0tMTNTdkp6cFN6MXJLQjY2Y3pSRFlhMWhORXRhV1hkbmtjbHZQZmYtVk1zc2N6MW1LTDFVVkx4bXFEU0xCSy10MUk3OVVFSVNlcjRYTTIxNmhrNjl4bThWOHJRbGVnQVRqVWlZNm1wZ0ZfNWpUNjJhRDJxZHNMZVY3U0ZvLWtaMDAtMlEzbjdjWWJkLUQ2S0QwckQzc3pidllSd9IB3wFBVV95cUxOQXlBeUIzbXpsZHVWV0YtandfWkM1UlFsQm5sV25nNEVua1dKV08weTFZOEVDVm1ZN096M1BocXFpdy1tbDI1a2xFYUEwS29ieERDQk5YZmNVdWNsbTh0RTFlNDFScnEyYTl1UEh3ME9wQ2kxOEJKNTcxM1c3bVpmZG5DSzd5Q1dwRnBBSjVQMTlfMXZJaVpLamNUZjVLSV9tbXhzVTl0UFhOaTM2M1dVa1hHMlozVWp0Mm0wanZpMzdNOHN3LXp5R0VaMU5GNWVlZG83MFBEYURzSVNKQ2Rr?oc=5
2026-03-16	Google	0.118	"Unexpectedly: Callas ""forgot"" about the new package of sanctions against Russia - EADaily"		https://news.google.com/rss/articles/CBMitgFBVV95cUxPTzdidW5KZVNZRXJBbXJ4NmxKSzVQNzY4YTNjSVZiTE5SMmFXY2lCckxnLTVsRm40OVprWHhsSkpqdlpBMnpRWWVYMnVJVzZ3OVFVdHUwcFNWdFdzTzNLUzhsWXZjdmxGZWp4c1I4ZFhyT3BlUWtuUjZLa2hpeV9Gb01IcmdkSDdPZmRkYTBYdHd6dTV4QTZ3TDJvQmdwaFh5RGEtTVlicThTeGJBeFAwcGluZ243d9IBugFBVV95cUxOaHE5dnJsdnFNRC1iQlNTSW1KNmwwNVlMeC1mdHduT3RySThDckFNcWh4R0xQZ1ZkVkRMdHAxT3RicUZYTGZDUHhQcFlCNDE0Z3AtanhHZ0xreGpyTndVYldEZXk0Q0lJNjdzOTJsUlBfNjBfallYUU5nbDg2cGFVQ3dVZlBpSTU4V0x3VVJmZzZuRmZjZ1lGMXRTaGdEY3hOTGhKNWlkakpHYVJDT29JY3hKdlZSRHZGbmc?oc=5
2026-03-16	Google	0.107	OFAC temporarily lifts sanctions on certain Russian oil shipments - Compliance Week		https://news.google.com/rss/articles/CBMivAFBVV95cUxNbXl3TXQwOVpwLTh3TjZXTVJmRWhtelZqNUFQdG9sazlqY0hlSGdzMG9BUy1KRDhSTEdzSlFiQVZGeEVkTkg2V29VcngxbmRHeDh5Q1F3VVcxU2NEUmlhMVlBTGxBNFFiRkYwWmZKYnlWbDhzZ2l6MlR1YVZ1RXhHc3E0Ykt0NEtCdTZQYjM5WjVUenl3VFkwYXV5NGd5b3FqbmxKcnpTSWV4bUh5OG83YUxlb1ZfaE1lN3N5Mw?oc=5
2026-03-16	Google	0.1	Council of European Union imposes sanctions on nine individuals responsible for Bucha crimes - Ukrinform		https://news.google.com/rss/articles/CBMi4AFBVV95cUxOeWRnbnJXSWpVbTJnSVVrZjlwYzA0cDcxNHZ0U24xTmJWVVp0em15N1Z4TG90Sy1NdGNBTW0zbGN5Y0JNT0lHLWNBdFFIRFJYaFlqaWtmXzVoc1p3ZGtkY2puRXZ3WTNEN3VERktyTUduVV84Z3NJLVFCdEw2dzNNSGRwblVVY0xYb2xlcmhiZGI5bWpndE1QLWJDR0xOX0ZEdzZPek5IZ29LMjZtTFVDXzB4NmhwWnBOc25ldTRDYmF6NFdCWkNodENUZmZZZ1J3MUVnUWhJMTljOGdWcUU1WtIB5gFBVV95cUxNLWRVb01TcFNtcnAzSFY1N2t5SmFtX1hXczYwdkxMV1k4Rm45Q3ZHdlYtd3gtZWhpRUpvNU9NZUVhRnBPLVZQbkhPZ2NmLXNuSFkwaEpZZ1RXSVlFOWpkMFFjQnM5aEg0V0sxT2RCM0Z2akJMRk5pQml2U09kTS1OcTJFV0N0cjRVcUF3U3dWRTFBNFlZXzZaZVFWMjRqY0hKUnVxZHQtb3czRXZIVEptTDhfRHNINktTdENyNF9XVmZEanFtdW9IbGdSUjU2b1ZiM2IxcW5wZ2Rlb0hoeTBIZkdLSl9VQQ?oc=5
2026-03-16	Google	0.0	'Distorted picture of India': MEA slams US report recommending sanctions on RSS, R&AW - The Times of India		https://news.google.com/rss/articles/CBMi4gFBVV95cUxQcFplY3ZHR0NDM0RzQTN2RlhZbUtBeGRsT3BleGt0THZEU1lVWnZzY3h1ODAxSHNyQlBjMVNKQ2g2RWJzdGctZU5LYzlSUjUtbmdKNC1aQ1htMkwyMUlBMGhMLThfTzh5Rl9wWUVsMmFiOEM1aXhrVi1DMXk2a0x2SG9oY3RHRFR4cEphMnZXRjFqaUtLMDRhSHJDcUtaWV9QMEZ5TXo2T1RGVXBTYlVjM2NyTDd2eUJZWmVkWnhkaTJjUzJuVnQ2TjFFdlkwYkV1NGVjZ0FDdkNGVVZJMTlNVlh30gHnAUFVX3lxTE83MkU2TnZhc2JGaXRFT0ZiRTFFYVFEQlYzMW9rbjlXZ0VIWWs1UzJkV2FrYlFvZ1pEVkNhQXhPdEhhVEdZb19mZWd1UTIyZ1BWcGszam1xbEFHZTQ4bUpTZkZ3VnIwZW92Z3BXWkU4Qkt4dktvVG1NazQzSlZWZGMtX09lR2htRnQ3Rl9YSGtyR2E4b0dRMmxoYklWVHZRdUFYSFBGY0kwYkdIaVVpOS1xQ2NKbmc2Y1I5TnVtdTNrbEhnUWQzYjIwLU1tbHE1Q0NtbnFOYS1CSGUwRWFhTmlOYUFyMXBycw?oc=5
2026-03-16	Google	0.0	BGOV Bill Analysis: H.R. 1422, Iran Oil Sanctions - Bloomberg Government News		https://news.google.com/rss/articles/CBMimgFBVV95cUxNTmpXTFlhUE82TWlDSFlFSndRNmFpRlVLNDU1dTJDcGZXVElOQV80V3VtNFVUVEVKOEk1ZWwyemw5X0FxRUgyRlhuN3VPUVphbndaa0RJX0NJZlNRVi1FMFA0Y2s1WFloMWZHVHBVRVVtdEc5NDRiX3F0WV9VQUpvRnowUWV6Wm1xSHN1X21yenRjYzhVbzd0S0Z3?oc=5
2026-03-16	Google	0.0	CAIR Welcomes U.S. Commission on International Religious Freedom (USCIRF) Call for Sanctions on India’s Anti-Muslim RSS Militia - CAIR		https://news.google.com/rss/articles/CBMi8gFBVV95cUxQTjBIc0Zsaks2NkdLYmlzVHVmb2tkN3pySHVsZzJneG52ZU9NQU5tTUExY3ZyOEluMWlJNzZRb2F0MXVkeWVvazdQVEFiZDJjT25YWlhNdDh1ZVViV2wtcFUtYU9BMURTS3NHQnZsakc4clJqVHNqeTBFNU5sUF8wVHl6dEhCd1VyRTJSaTVZTFRLUDRvTmVwU2g5Q001dFZhdVQtem1RUlFKdE9BQ3BxRTB0N3dIM0N4MWhhNkdrRVhmWURBV2pobFd5a1lEUjF0T3IwdVBZRHQtY1FnUEM5YVdweE9mRmxOdmMwN1ZmSUJRQQ?oc=5
2026-03-16	Google	0.0	Chairman Lawler’s Enhanced Iran Sanctions Act Passes House - Congressman Mike Lawler (.gov)		https://news.google.com/rss/articles/CBMic0FVX3lxTE5BREx2RmxSRVh0Y1FHNEQ4SUpoWDF1c3R2eXVyVUprX1V0OTJXMjZZSXVsTWJKaHI4VmtGYXladWJRUDkwNFNtS2J3Z2M0U05PLUhmTXNOY2VxRG1XQnlPZVpkS3loRFNaWEdIcWFONlRUcUE?oc=5
2026-03-16	Google	0.0	China in contact with US on summit, Rubio sanctions may not apply, Beijing says - Reuters		https://news.google.com/rss/articles/CBMiuwFBVV95cUxQS05acmNWbklURE9YZWtCSnQtLTFOWTNxZ2dLM184LXN3SVAxYWVlTnVkeDhhZ2sxRVNMTmFWQXBXb0E1SE1BanpMRGdCdGNrZC1VLV8tbFJlRHNTOWloU1NHRzJ2Tk9OR1BWVm1OYWVvSE9GVkRzdW0yelZRRHlRYi05NVh4dGg2d3Jla1d0cXhFWmpRUDRBb1poeHZpaV84UjROX3pRVl8yMVFNTkNRTmVhMFQzR1lpOVh3?oc=5
2026-03-16	Google	0.0	Cyber-attacks against the EU and its member states: Council sanctions three entities and two individuals - consilium.europa.eu		https://news.google.com/rss/articles/CBMigAJBVV95cUxQUGlyZEJMWTdQNm8yWG11TEhnOGY5YTVhaEZxQWRZaGs3WTN0bmVkVW14NTdFTVlQdkd3TjNJTHY3NGVnR0ZXMDZkM0doalRqdXJNaWJUeE1xbWxsRXNxZmdBQ3NlR2EzemJPcEJWVm5QUDBnckRoaENVMXB4TDhrRUZxT1VkWnJhU1pQZXFDZWJUTDZWeXpDaVp3c2Q0QWNGWVZLQjBORXVhTHd1MkJTeXNCUzNCZ0V3dnVjY19PanZPOWFUVnVtZUprbFotd3p0ZkFyWWNoUVBvclF2eXpBblhfdjczc2trQ0RQQnM2UjEwa1pEdERlT1BOUjdLWU5u?oc=5
2026-03-16	Google	0.0	EU Preparing Sanctions on Nine Suspects Over War Crimes in Bucha, French FM Says - UNITED24 Media		https://news.google.com/rss/articles/CBMiwAFBVV95cUxOdnNnb2lXaC05c2pfM2tpVWJxdlBia25ZaUFQQUJaeTNWY2dpOTdFd2ZvNUpmY213R211enMtanhZT3J3LWFBZlkyWm1oS2VJcGlaU05BS0pUQ0hscWgwdzFCOUZXdG55T29MWDNicXFBRjBMNWlZRnd5c0g0aG5LOERUSHhyYVZHLVdENF96emVpdlFTdU51am10ekVveXRkdzFLYXcyM3NYUzNVbnFrWWMtdnhsUjRIZnV0UjY0MWw?oc=5
2026-03-16	Google	0.0	EU Sanctions 9 Russians Over Role in Bucha Massacre - Kyiv Post		https://news.google.com/rss/articles/CBMiS0FVX3lxTE5mMm9EY2Q5MlAtM1VxVFVsTFdMUDNWaFZ2SDgwd3hhRS1BSWtqa3lvNnhvU1ByWmUtZkNqSWZ0Z1BkMDdjZlpyMG1tYw?oc=5
2026-03-16	Google	0.0	EU Sanctions Individuals Involved in Atrocities in Kyiv Region - UNITED24 Media		https://news.google.com/rss/articles/CBMiqgFBVV95cUxNTkRiR1Q0eWczOEFVQWliTHVUOTVJS3NsTEJKSHhONE9qZTlvWkE4a3dZVzRsczkzMTNUUmxXdUxGRERzRXhrSW9hbVExc2xlcVl1NlI3R3g5Y1ZCQkk2TVBmMFkwd2p3X3RjZVdGNFYtOTZ4QTNVMkJwODk1bVltM3FNdktSb2JrTXp5TTE0X1ZWbjF4Q2JTVkh4UGxhSV8wRFdPY2VTckhjZw?oc=5
2026-03-16	Google	0.0	EU imposes sanctions over Iran protest crackdown - Al Arabiya English		https://news.google.com/rss/articles/CBMiqgFBVV95cUxNNHR0aFdrSDRJdndmbUVsaDkzNTRrakdpYjJqRUZuN1ktZUFQajA1M0hEYV9hUjBZNC1FVFNyLWR5TjEtNklkRmU1UGNxVEl5aE54ZXd1YWxOMnF0X2REWmJCcmwyWS1nRGhibVVqcjUwdDNaQk5OZGg2aXIxYTNoWnUyREJEUjZYYnp3WVZoS3labGcyWGY0MzAtamktdkYyejR3N1hxMk1YQdIBrwFBVV95cUxPN2hsVWxLdzRBTFNIbDhZVXR6aGZaS0pWcVFnd2dWVzUxRUdyLXZNUFdoR1JYd0NoVzVqUlVnNzZlSE9lbDBKSnd0UHpKMEJVbHNmcUFCd3pnT3B0ZkpGWEJLbmVpcXliM2x1aW45b3g2T1VlRXBHQzl3ZlNXZG50TktsSG9rS2lQY1hPcXJjUDdNbFNqZy01dzZfdTR4bWwwM3VoTnQwdFBFYmJYQ1pJ?oc=5
2026-03-16	Google	0.0	EU sanctions 9 Russians for war crimes committed in Bucha - The Kyiv Independent		https://news.google.com/rss/articles/CBMijwFBVV95cUxNS2pVMmdHN0ZjZk9lUnpSNjVpMzRvMGZsQnFXREFqRzl2WU9UaFowV2Nqa3FPanM4YU5zTEFZR2Q5YnpWYzZrSG92ZjlUVmR1S1NWdEZINTUzOTNMMGx6d3diNnhOenRyM3JiRXlxR2ZyUlhEM0lCMlU0UEpxdm9PT1BPYTBUNzNxazJBc1hFVQ?oc=5
2026-03-16	Google	0.0	EU sanctions Chinese and Iranian companies for cyber attacks - Reuters		https://news.google.com/rss/articles/CBMiogFBVV95cUxNRmVUZ1RGQjA4Z2RRblBIU3BYSWc4cGw4UExPcjcycE1FbzJNQWxGSEV0em5XVDl4eDJCbHVOckE5VTJXMVBLNTl4aksyTjJTU1UzUmJVaGxpMXdXMEVBY2QxQUhoOFZRTXU0RS1ycnlxMDY4eG5JRDdUcE1nS0NLalR5QTBuaW1ZcmstMHVhVDROcFNaVmlNVVozc1UyUjVlcFE?oc=5
2026-03-16	Google	0.0	EU sanctions Iran group that hacked Charlie Hebdo - politico.eu		https://news.google.com/rss/articles/CBMigwFBVV95cUxNQTdRNjN0Zi1GRklEQUtrZVlOSHRQb1BJS3Y5SUxhWmFzNUpzVjRpM01rQmVCVEFCOTVxNmhoSVhGalVfX09aay1EbzBrWjF1Q2c5OWRDSC1mdXRxelVtaTRFTmhjcHJ2TXQ2MUo0LVloTEU5ZGFlQkUxcnFSak53UkJaYw?oc=5
2026-03-16	Google	0.0	EU sanctions nine people over Bucha massacre, four for information manipulation - Reuters		https://news.google.com/rss/articles/CBMivgFBVV95cUxOXzRPWW54YlhuSFQ3ZGo1Y25uTXFGNDBZa3VnZWRva0o0MHkwLUw3OXpIUDFVZGVkT3QzdzhRYlZ2TzlaODAxU1QwcXFsbHE4UW9FYnp0Qm1MZTNCUzQ1YWEzWUMxa1RPeDFGS3N2QnN2SGFiZkh1VVAtdVZIWHczVS1iMjFZeXVCeG0tbzF0Vll0RWhiWXBnT0xST3FBazJEN21pS0dEN1Z5V25rS2NrX0ZmSFZ0ZlhzZnFHaHdn?oc=5
2026-03-16	Google	0.0	Fifa sanction Nigeria and DR Congo: Why Fifa sanction Nigeria and DR Congo ova 2026 World Cup qualifying playoff final - BBC		https://news.google.com/rss/articles/CBMiXEFVX3lxTE92WWpXTWxYMmhkVDN1bjdwOG95cVdlakp5UkZ6a2ZxM09LZ09oMER3RElqQlhrRWdyMGliZGxhZFZOSXlPQnJSdTBkRUo5SC1kTUxEcUFYdlB3c0w20gFiQVVfeXFMUGQ5S0FXQmxrY2ZfZ2dHT3lSUVI3emxSclRZNEdrOWpPVWZBckVlRlIyX1V3V3ZEYnk5MDRzSGkxdi1JYXQxTHBLeWJ2S3ZuMGVwU1VzM3FXemE4TVRsTjRickE?oc=5
2026-03-16	Google	0.0	Fifa sanctions Nigeria and DR Congo over World Cup play-off - BBC		https://news.google.com/rss/articles/CBMiZ0FVX3lxTE11enpKejlEd2UyNVA1X2VwVk9oZWRMLUpjSmtsc2o4R051OHhJUVhORVhXZzRnaWUxNGlEeGl1OGh6dXY5N3dISHhPdE5nTkFkMXFIbU01dVl3RTJCQlU1X2IwUDVaSEk?oc=5
2026-03-16	Google	0.0	House fast-tracks bill to toughen sanctions on Iranian oil - E&E News by POLITICO		https://news.google.com/rss/articles/CBMilgFBVV95cUxQM2lMV1VRRUdkNTI4WjFWZVBsVk8zTllKM2tMOEswVG11V3pCMTJYeGVOUDYxaUFOeWVtRDlvNGZaaDlvSWZoSUQxdHFDNkRJSkc4NVZCdlIzaTUyZVVzWDdKZTNiSWJvOTBCdVdLdi1fd2Zpc2JhSzdhY19Vb2JKc21mcVAyYVpYLV83ek91aWRsZTJrSGc?oc=5
2026-03-16	Google	0.0	Human Rights Activists’ Alliance Welcomes UN Security Council’s Update of Taliban Sanctions List - 8am.media		https://news.google.com/rss/articles/CBMiuAFBVV95cUxNTUdGaDE2R2JiZHVJYS1iWlRHVzh3dElJZ2xNbkpEeC1SUkpJb05GWGVlX2ktSmMwY1Vlbk5CUmZyazZuX3ZibzFEVnVGMkJTeV90azJCRHJ2bjBCV1d1c05hWVpjRmdza1g2cVBzSzc4Uy1yaDJtc0NRa0w2LUg5TVZxSE43V1l2M2R2TWZMbE5CUHZzWlJUSG1MTUstSW03Y2RtdHhEdGZpWGQtTzB5Mm16bHNjZXlX?oc=5
2026-03-16	Google	0.0	Hungary to block loan for Ukraine, sanctions until Druzhba restarts, minister says - Reuters		https://news.google.com/rss/articles/CBMiwwFBVV95cUxQOUFGQTZxTlBpQkphd1F2U0hxUXJNM0E4OENJTHRpQkxweTloRVE1dzlLbWxrSDFuMllQMjZmNTRUUUxUdGg2UGlCNWNOTVFpaXBzS3lfV0UxRmR5WF92dERfVzQ0V05VdUVRMmZXOG4wcW5qTk5oTmUxLUdPb2xSOUZQU3BNYnVkbmx1aHIzbkRHQnRXaDRITnp4akRGcERBY0tfQzVsVDhWbWlqUzdqTUFPMjhSMkVWcWVQR3dkcWYxSjQ?oc=5
2026-03-16	Google	0.0	"India Flags ""Selective Targeting"" After US Body Urges Sanctions On R&AW, RSS - NDTV"		https://news.google.com/rss/articles/CBMitAFBVV95cUxPbnRtZ1FyY2l2cHRkM3d1cGRldFhKR1lqSzVlUTVNRlVDLTZOT0UtMmJsX0ZsZ3dSc1hQUXUxdVlYSVpGbHNWYVlKWHZ6OE1QRmczRjlrYkw0b0daZmNPSi12YWh1d3JiUkJZOEtWRmVYUXZpVWxYZWcxNzhKSDNSTkN3OHFtUUpBLUljS01iV1JvVlJqQWJncWhkMVgwbXp0dEdwa2ZVLVFXeEZaMDVNR0o5SErSAbwBQVVfeXFMUF82YUF2T1JoclNZMFA0QTBsMFFpQV93azJQazBQbmV1THpiLWhEVWhRX2pSbk56VTctYnNKMGo1SVlWaTZrOHpzR3FIUTNLd05HYVQ0VlprS0JjWTFaOUZJWUlULTNVWlJKbV9jZzBFc2M2ZENnUVdqQi1USVJkYkI5ZF9VX05DWXRVajlpMkZNSXhlLWNRZGx5d2owQzQ2RW82Ry1fVGJCaW0wZVM0ODdXNGYtMFRMNWdqVjU?oc=5
2026-03-16	Google	0.0	Investec Denies £22M Loan Breached Sberbank Sanctions - Law360		https://news.google.com/rss/articles/CBMilwFBVV95cUxOcGpzV0V4dU12WWZfZ2EwTnFOZkNIRkx4MENqZ1J3cjZWZzF6NDM5Tlh1QkxSWTdROUsxOWhrZVlZYnpIY3dRUHI3VHJZN1VXazVudnhTUHhOQjlLUXh2bkpjNUpwa2JzTW9DWTNfamhCVlQ5amxWS3hiTERjeGN5U0xQS0hUTjdBd0EwU2Rzdk1fRmFvMEZv0gFWQVVfeXFMTUREOWZKeU5xakpvWndkWjlRVjduYmRUY0RQbm9IQVBfLXgxb3V1TEtJM1k5czJqRG9Dd2tNVkVSV0ZnVzQzNGJTejBVTF92M1lka1d4ZHc?oc=5
2026-03-16	Google	0.0	Lifting Russian-oil sanctions aids Iranian ally: Global Magnitsky Justice Campaign - CBC		https://news.google.com/rss/articles/CBMiWkFVX3lxTFB5UUpfT3hsOHVEdW83QXlVODQxUkRjbW1FazJkX3JQdzc0b25RNVJmOUZDYmNGTXJSazRseENvY191QkttXzB1dEVkdFc2ejJfc3dWUXlPTVNqUQ?oc=5
2026-03-16	Google	0.0	McWhorter gets community control sanctions - Daily Advocate		https://news.google.com/rss/articles/CBMijAFBVV95cUxQY0VmajVIeVpyeXJBUkFTTXdBeG5vdjVUby1EUTZwOG41R0c4SGVaVUZyYWpCLUlBc1ViQV9YQ0lkUy1ZclNmTllQSEo4aHI4bHVVbDI0ZWlGYmVIajQ5aXhYbFVsU1l1YjhNcmFRVlhRZkJvUURaSlNUTTQwR1F2VFBpVnRBNE1SRDFQSg?oc=5
2026-03-16	Google	0.0	Merz calls U.S. decision to ease sanctions against Russia mistake - Ukrinform		https://news.google.com/rss/articles/CBMiugFBVV95cUxNRXJlWWcycjRzenMxQXdVZ0hqcUZwenE0d2lxM0NwNjExR2Y1dWZUaGlZMHNTd0otaG9jWmdDLVFoZXFXT2h6NDZ3dm1KVVJSaWxyMWJwNXUtZ001N0VCemxrT0tCVTNmdldKR3ZvTERIQnJIWjg4VW5Wb1JaaDhFRk5zVUdueGxCeUYyeG9tT0JuNGFNY29GYk1weEpseXFIY0UxTFRCMllQbDY5RGIzREVJeTlOWkZySUHSAb8BQVVfeXFMUFlKTFlaSVY5cG9BUHBFWmx4V3I3LWhQc3UxNW5MX0V0Mm5hak5IVExiUTJpNFdfT3dDTS1rcXp2emFMSDdnQUpISVYwUFVHTXZCVllBblpzUWhjLWpTSGNyX1pNWDZWWlB2V1JPd2R4aFA2eGtLQVlXR1FJMTEtOGdfQVVsTUpWLTFnaFNLb1dralFaczk4MThwVGluOXVHVUFmNzhLZnliUWxNVGZPNmx0NzVaM1c1elQ0bWtPa00?oc=5
2026-03-16	Google	0.0	Moscow Rushes to Reap Reward of Oil Price Surge, Sanctions Pause - Bloomberg.com		https://news.google.com/rss/articles/CBMitAFBVV95cUxNZmNfVFNmVjN3VHFMZFl3NUhSWUZOVDVrZXFfWnR6Sk15cWJicjF4QW9XUThhaTNyRDA0YU9LdjIwWnhQVFdYQzNVYUIzZlE0bjJtZ1RpUlM2cGxySkVHazZfT0hGekRYOWNVSm9UUWRleVlySHlScXNqSkNWVWU1dmRURXZzTTRSLTZzcUc0ZWFqQ1pVc2Fadm1uNWpLMEVqeHJhMzhYZGxLR01kLUZBd1dDb3o?oc=5
2026-03-16	Google	0.0	NEWS: Halkbank hires EY to review AML and sanctions compliance - AML Intelligence		https://news.google.com/rss/articles/CBMipAFBVV95cUxOQWU2OHBEeUxmRmhSbGFwTlRaZGFpbGVEUkVaYWZIb3U3RlZkWENiT2ZlMlZGdl9SU253ZHZ5VUpKRENCS1dQVXQ5ZW1EUnptUGluNXcxZ1hiTG40LU5CS2RDQlZ2dVFWdjk4UjRhSHpQOVdFOE1PY2dwbFlpbjFvTzgySFp1b0trSFJpTm5mUk5nTXZvbXN5eERJdkdSU1ltSjZpUQ?oc=5
2026-03-16	Google	0.0	One-Third of Companies Building Russia’s Su-34 Bombers Still Escape Western Sanctions - UNITED24 Media		https://news.google.com/rss/articles/CBMixwFBVV95cUxORVZ6bHhNamhCYlJNMW1wWmZoLXZYX1R1T2Q2QjZkcVFZXzhrWHlRRnRGeFo5N3Q1LS1Sd040b19QTzdDTngtcFpRN0p6endHT3FGYWw5ei0yalk4TkFQX191VzdlSTdqZjUybVBDSFVxNEtMT1JMTHd3S3ZuZDAwT0lOQmhfNUlWS29QaFNCRUhRWXA1OEhfT3NBbHpLNU9JaGkwc0V4ektoVFdNMURvSGtRM1dWdlNkSHFBbV9wSThtckFNNHdV?oc=5
2026-03-16	Google	0.0	Opinion: Australia Should Stop Shadowing Allied Sanctions and Start Building Them With Ukraine - Kyiv Post		https://news.google.com/rss/articles/CBMiT0FVX3lxTE50VDRnelhtd1RoRGMyVGp6eTE2MGVxbHNSNzFUYk5WT1FfZU9fazZOYm5NOGg2MkVKUTJ4bTN3elBKWmtqcE9qdTRGOE5VZmc?oc=5
2026-03-16	Google	0.0	Press Release: Chairman Mike Lawler's Enhanced Iran Sanctions Act Passes in House - Quiver Quantitative		https://news.google.com/rss/articles/CBMiugFBVV95cUxORlY0T1JCT3NqSDRtR0ZvNVRpS051bTZnWVQ3WTBUSlVUR2VfWTQyU2xNYkVQU2FfemlTaGE0SWNEa1BKSjlxQTFlZmZHYTg1b2pNWk1PN1I3Z053NnlLV3hJUVJOY1FRZkcyM2NUNlVVU2NRVjQtVGxBTTk1N2pHN3hKaVpXdk5TRUhWR3F1RXJ0SlJTY3V5Smk3dTVIOENZT1Y5R2Y3SGhZZ3ZmY2VCSEU0dFQ0b0x0Mmc?oc=5
2026-03-16	Google	0.0	Russian hybrid threats: four individuals added to EU sanctions list for information manipulation activities - consilium.europa.eu		https://news.google.com/rss/articles/CBMihAJBVV95cUxPMGFTYVFickZZVllrQkdFbWtRUFJYYmNhSDhpaUVCNVRWaDRndWdUQmg3T1BsRFNyOWFoS2pvM2FTcUJ1Y0VvRFJWbTNSSFpibVRQR3c0aXBMck1nZlV2S2pPdURoaVVaSzFzYVBwbTROMXBMcUZYM0tpN05VTnVHZ3B1T0pEdHVYN0RPdUhyck9fM25LU2hqQXZyb0hLanhtNTZ3T3ZmdGNiU0YzTVQyTjZjV1VEUGVjcm5HRDBwSlNIU3FrbVkyOHBvM1FtTFVSSzZBakRILUtGN1dpU2wya0QteGc1UV9sek1BUm5IYlFJX0pTRnB5ZkxDcWh5YjZ5N0RLbA?oc=5
2026-03-16	Google	0.0	Sanctions imposed on Henry; motion to dismiss denied - The Facts		https://news.google.com/rss/articles/CBMixgFBVV95cUxPX3AxUjFPWEJ1cU1BSm9jMjRadVdvTjFEeEhHZXRVemNFT29Vakh5X3dUUDhqYW13azhISTR2S3ZhRW1LTkZNVW1aVEZnbm5Fa056TDRVbnRac09sVmExVTN0OThqU2hjb0ZmREU3OVVqUHFlMEI3dVktNjZoQThVZFItN2Ntbnp5YmF6TW1qWkxqX0VYU2REclRJUHhfdjZldWpDUWFfbWQwR2U0dDJXT29faGNKd2ZWOGpBU0JOYUdSSFRQNXc?oc=5
2026-03-16	Google	0.0	Sanctions relief funds war, not peace - Ukrainian World Congress		https://news.google.com/rss/articles/CBMiggFBVV95cUxNTmI0UXBkNEZaMzBIeHBvTld2VmMxNHoyeFNhY20wdWs4ang4RFVFbG00X2l4Rm1CWFRWeTYtb2VVU096alp6VXN1U0Q3OHhXYW81MmVycExHcWJrZmViZmd1eFZRMTJnd0puaHMwVTRUUzJsZ2stNThiN0tZZWZVbVRB?oc=5
2026-03-16	Google	0.0	Sanctions, service, and presence (via Passle) - Bristows		https://news.google.com/rss/articles/CBMiiAFBVV95cUxPb2ZhN05NM0dnOHU2alNfV24tc1NoS3pwcUZNRTBmV1ZWUy0tWkc4T3g5UjJpUzdaX1RSaHZkazdXX2JsT2FRMDJWdkhfdnV1V1ZPX0pEanhvY3c3V3hQWmQwVzJMcGE2dHctdU4xT09kWF96QTdKZTc3aTVGNEY4SE5JQ2pkTTRW?oc=5
2026-03-16	Google	0.0	Security Council Updates Sanctions List On Taliban Officials - افغانستان اینترنشنال		https://news.google.com/rss/articles/CBMiT0FVX3lxTE1TWUxCZFpUU20yYWVROWJfRWNhX1BGSEU3cTRvbk1uOHYxRmRCWkJyLUhHZ1hyYW1LSGNydzJsczVMTllCX01OMnNUZUZjLWM?oc=5
2026-03-16	Google	0.0	Slovakia’s Fico Government Demands Removal of Two Russian Oligarchs from EU Sanctions - Robert Lansing Institute		https://news.google.com/rss/articles/CBMiwwFBVV95cUxQVzBOdG1aZFJGMndwSVJmZlN3V25OdHUyaXRUaG03c0NDS1VkMm5tQUVBSkVDU3h2eUFySF9BSXloM2N3Zzg5bnJfcElxZVlUcnBzaVBRZ3VLUjRETmRMOGlLSEtwZUxabGZKUkc0QjVOQk5wajdOa3Y1ZEdQQm9kOWFQcUZBWkVCc2x0ZFFoUzZCVkkzRm1yV1hKX0NFMW1EUVJxY09IS2lmT0xtVEFjMmEyRFNRQlBTbUIxLXY2Y0Jlc2M?oc=5
2026-03-16	Google	0.0	The State of OFAC Sanctions Enforcement in 2025-26 - corporatecomplianceinsights.com		https://news.google.com/rss/articles/CBMiigFBVV95cUxOdTZSc29wM3F3ck5Xbi1GbVBKZEhXWUxDUmxqSGtQZGhnQ2pLNDNKeWd2OGx4b1JLT1ljVE8xZ2RuN2J4Mk9NZlFzd2Jwak54YjYyNXZKNUJqelVJMkZmWEdRY0NrNXcya2VwWndXU2o2cW5JZGJ0X3ZUVnBVRXBlaEItX0huZk9qZVE?oc=5
2026-03-16	Google	0.0	The Ultimate Terror Sanctuary Why The United Nations Must Escalate Sanctions On Kabul – OpEd - Eurasia Review		https://news.google.com/rss/articles/CBMiygFBVV95cUxNdDk5TFBadjdmdk5kc1hFcE10M1F0UDZKZEphbmkyR2w1YjZLUzBDWElrZGJUbU0zaDBpdWJGc3Q3dE8wLXozeDI1QzVhdFY3aTNjQ2l4TzdGWThNb2pibXhyMmlNNXByeHR5SFAxaF9MaThka00xT2pfQ0VHRTZaLUs2WjNlUlM1VFBiMjkybXVpWktIbVRsV0ZyVlUwSS1yNFJVNzhLRDNpWXlOMmJDRXM1dk1FUHc2NDFBaWJzSDdZOTJXc0lRUHFR?oc=5
2026-03-16	Google	0.0	UN Lifts Sanctions On Several ‘Moderate’ Taliban Leaders - افغانستان اینترنشنال		https://news.google.com/rss/articles/CBMiT0FVX3lxTE1reXlxdVlqR3lReURyUkRkdDFFd3loZ2hPUm9JNVBnQVFWY3R6dkhVUGh1dWZRUng5Z1RkcHVVWUp4amt5TzJCOWV0OW5JQ1U?oc=5
2026-03-16	Google	0.0	US and Turkey’s Halkbank reach deal to end Iran sanctions case - WorldECR		https://news.google.com/rss/articles/CBMilwFBVV95cUxQQ0xkRU8wOW5JcmpmLThwQklDZ1JUdlBOMUNCZWxIakVjaUpjMnF1S2p4TE1CQURXVzdIUno2Vm1tXzA5ZEVfUkoxVzVhaFBfWGx5Nk1NeGNZM3k0azVZaFJqQ0lNQTZFeFlzMWJqbl92VGItdXVyS2lwUXhVMUt1WVFNdl94aXA3a3ZiYW1WT2xTTlFNSEQ0?oc=5
2026-03-16	Google	0.0	US oil sanctions waiver seen as ‘financial lifeline’ for Russia - Offshore Energy		https://news.google.com/rss/articles/CBMimgFBVV95cUxNYWE2STUybnhiNTlNelVWSktTWXduRC1SYTBHbDZlckJvcjFydnl4ME82VDNKQUZacFFOdjNoZHBZRTVUbXdMNGZ2WkJhMTJKNm5iRW51dXp0S0lMaV9Qcm5LdTRUQUJHMERaZ0VvdDAweVplUnk3YlFHczJxMmNPS3VFQ1RvVWVYdHhlUnpSNC1iZFpkUk84Zmtn?oc=5
2026-03-16	Google	0.0	Updated UN sanctions list includes 22 Taliban officials, including 14 cabinet members - Amu TV		https://news.google.com/rss/articles/CBMiOkFVX3lxTE9pSko5dC1vX0s0eEE4SHpXR2hHYWJ5dDAydHRQejNhYWdMOUxyYUVnZGU1dlUtRGNwaEE?oc=5
2026-03-16	Google	0.0	Zelenskyy calls European pipeline pressure “blackmail”—and a sanctions rollback in disguise - Euromaidan Press		https://news.google.com/rss/articles/CBMigwFBVV95cUxOaFJWbjV3eWFHLUNmSmVpRUwwWm54Y25TcFF1ZjRuVlI0bjVNeXFYTWRaV1dXaUhqN29WMTVEcnVOeWkyano1WWpOMWQ2bWU3ZUNHU1o0R0RRSkE4T1l2U095eEV2SnpMSW82aHdubXJnZlZzaEdiVWZtdDkwcnFZX2QzTQ?oc=5
2026-03-16	Google	0.0	Zelenskyy resists Druzhba, it's no different to lifting oil sanctions - Euronews.com		https://news.google.com/rss/articles/CBMixAFBVV95cUxOTGYxSlJZaHk0MnpHUm84NE92SE5lb2lhYk9fY1BwNGswRFJMZHlUcVlGZnhvbWZlOFJLYmc1aWhTMEdWZEsxd2k4ZVhEV01yekcxd1ZpQlk3QXdQN0JBZmJ4ZVJTczA5N3I1c3FKWVRSb3BWMF9RWWNpa0JHUEpGTlhIb0xFTVdXc1NiRU9Gczh6c1AyNnBoRmNnQVM2WU05Uk1lb0xzT1JYTHFkNnRzR3FxSUR5alN2Y0RXM0VVc21GWWJI?oc=5
2026-03-16	Google	-0.05	EU to impose sanctions on nine people for alleged war crimes in Ukraine, says French minister - AL-Monitor		https://news.google.com/rss/articles/CBMiwgFBVV95cUxPai1LQ0M3QXlfMkROcXdOdDg5LUMxQVVxWVlETGQ5MS1LWW84LVJia08wbGxEaVVFYTQweXZRNnVFcXpEcjdaM1hBLTlvN0hjNkdjQ3U5UEg2TnUyQkpSTlROSzZHam90ejl6RTBtLWlBMEpqaUFqbnNwY2ZibWNsbTA4bUhwMnViczVRdGdQQ093Mk11MXIzQ01DQTVzRUhpSUFBRDFvQWVNWkV2T0I1NXc3emZIZjMxQ2Z2Z1BCMThNUQ?oc=5
2026-03-16	Google	-0.167	Iran: Council sanctions an additional 16 persons and three entities over serious human rights violations - consilium.europa.eu		https://news.google.com/rss/articles/CBMigAJBVV95cUxOR3NJbE0yM0dQMzNXODF1QmhSUmVZWERaaVF0UUQ2Y0R1N1k0LWx6dno5Qk1vTUloclF5SFhZdTlsYU9XLTJiSENWWUctNmNaU1VhUjRkUU1rLW9PZmRlU0lJUUdJZlloam5HUl91a2d3Q1hPVXlSdTFhWmlfb2FuU0E2MElULUZaU09sa0FpVHQtYVNTQklkdlMxVEV1Z0JHRWNGU0NQZXpFZXAzTzV2YjZUUWY0SzJ5blc5N2xub3ZwTXo4XzFvTzBvZDN6ODEtalhhRjhEdE9vX1ZtX3FyYTFVZ2RjVnhndk8wT1RRczItWmZGSjZJakx4MjJOUVU3?oc=5
2026-03-16	Google	-0.175	How the hot war in Iran diminished the cold war with Russia - Axios		https://news.google.com/rss/articles/CBMickFVX3lxTE1janlvOExrVmEwQ2tiV3ZqVFdHbTZ1TVRkS0VXZDRwNDBjOUQ5TU9hLXU2b3hncjFHU04yS2NveGVzTEhFSGVweEptVjYzeEJmV0JUdlRjUXpNcC0tM0xlcE5tYVA0QXF5TDVrVFRJckpjdw?oc=5
2026-03-16	Google	-0.231	Biased: India slams 'selective targeting' as US body seeks sanctions on RAW, RSS - India Today		https://news.google.com/rss/articles/CBMizgFBVV95cUxQZmoxMUlNS0k5ZkdVQVl2UUpRUnFGV0hFS1Z2b0VyUjNuZVlOeVFHVkhISnpKRlJBZlpubG1WbGloTUdTYlFLeUU0QTBXMFlNWmg4bHJyUWZETHo5ZnJGRWl4R2RjM3YzdWpsdlgxR3BJTFRQT1U2N3lhQTBCWjAwdnhJTlZyUG91WHFSQUlEWDFBMzhpYkduZEhMWnZldmNHeHcwYkFxSTBHaENjZWFVV05BRTNQempFTUFFMmFzVUl4c2xKb0VLMnd4SW5Vd9IB0wFBVV95cUxQMFJ6ZDZsbktWTEV2czMzQWNyV0c3aGZOX3FwMEZ0SWxEUVdCNklOWGhBNVF6MXBHa0xEeHhlLUdDRTVFdE1hT0R3aXJJbmlLZFRuRkNPZUgwbHdmcFRpY2lpVlZvamI2dUxqY1VVRERCOURHVFVySVZBRFk3d1dUNmFlcDJNdTRTNDBDMEc4eWNIZEc1ME1DQ0E4eUMwdk9fNGQ4ajVSTlU1WEV1UTI1dFdoNmdJQzZwU2pJQzNfS3BqalBsekpUd21mQnRyaXp5aHgw?oc=5
2026-03-16	Google	-0.362	EU foreign policy chief: US easing of sanctions on oil from Russia is a dangerous precedent - The Sofia Globe		https://news.google.com/rss/articles/CBMiwwFBVV95cUxNUVlPc19XbVJabHRoTG9GM25sRlZxZnUtcFdSYmJ5TVA4NUdFOGtRako3Zm51REc4OTlTWHppYVJ1S0NVYks2NXJ6cmU2dUc3SnVQV0Q0S3RzSXhhU3FyNG9zQ05rMDdwV09OVmZCN2IzTFRpaVRIWm5EaTZjMXBfNS1YVVpwZTh2c1I3WUc1WU1yRjVLbERDUkpiWmZvYzZwR2FZaUZiaU1mUnIwOGpERVc5SVRzenZMbi1GYVlnZzNnUlE?oc=5
2026-03-16	Google	-0.4	Bucha blood remembered—EU slaps sanctions on nine Russians behind civilian massacres in Ukraine - Euromaidan Press		https://news.google.com/rss/articles/CBMiwgFBVV95cUxQZjFoMmNCYVZrdUJnUkRxa2pFWUdBTTFsaTFMbk5Tc3JNa3ByVTVqUnFIb2thZ1lnY19XdHFVRUx6LXFuZHJ1SGNjQlBSR3N5eldHR2lwM2JlbGJpRDNQd05tV2p4UWh6blpUaGpmSGRKOXM3SFdRZzRCYzk5cXNCeGU1VDhFTzE1NmI5dTNTMjA4U2hlaURDX3JZZXI3eDJaOEp2M3ZNZmZ1c2t4SmtIS1h6dGdRb3pEb2RlLW9fMHBvQQ?oc=5
2026-03-16	Google	-0.6	"""Dangerous precedent"": EU chief diplomat criticises US for easing sanctions against Russia - Українська правда"		https://news.google.com/rss/articles/CBMiZEFVX3lxTE5uRG5qTS1mc0VmSmc5YTZ5WE9jV3I4Q1BZZW1oOE9UUTNPZVN3bTBxRmRIajdoVXlrMm1HX3k0V1ZITzg2NVRuaEZSeEVhbEQ1NVlwcGN2X1lQZmJOazYxRnQ3STfSAXBBVV95cUxOcGp4WExkclpKbndTQ1BaRTJaWGRmdWJwTFRoakxkbmNSOFhMUlU4TzNqVGszNV92UF9JT01sODR3UmhNejE3eUVMME9URjk5WTRib1AtUnNNeEZkdGFzVldtUXB0b3RpRURpLVIyUVVQ?oc=5
2026-03-15	Google	0.0	ICC judge says US sanctions left her without bank cards and Google accounts - Al Jazeera		https://news.google.com/rss/articles/CBMixAFBVV95cUxOT1BUa0h0elN3Wkx1NTgzVXFnYkc3M3pQN2xNY3lpLV8tak5LVFNsZW82aG1DdU5NellHd2tlbGVKQVhYVlRXRzFzS2RWc2VRLVZ0YVNyOGpNdDFmcm1aN2lwcjd5SUh2VWtybnVVVFhDbnk2YkJia3lwaXp3STRkMUpweFNudE9ROGYxRldScmFpWGRpdHVEWWJYQ09JZ0VIYmZqdmJ5SWNUZFlVY0ZzUTBnNDBjajZOMEgyM1E3MTg4cFdh0gHKAUFVX3lxTFBHN1MzVjliUWdNUmwyRmV4elMyM3IxTnJqamllMXpCQnBSU0xpSEh1NmctenIzX1ItRUJoRHU3MWE2UFpIeEUySTRwdUN3TThMOHAxTkRkNVFtaEhwNFU5S2YtZU9GU2lsNU01LUJuM0JHck8xZHBhNlRuQ2stbkM5amxmVEQySXdpU1BrcHZZRDk2b3VQUS1LWktJVWlkRHVQWUltLUZxeEk0a0xZNWhYdFUxbm5LaTlZc2VaZzNSV2dUR1diV1ZCNGc?oc=5
2026-03-15	Google	0.0	Schiff on lifting of some Russian sanctions: ‘We’re enriching our adversary’ - The Hill		https://news.google.com/rss/articles/CBMiiAFBVV95cUxObDJFeUt2ODQzN2JwUEp2MzhCZkU3bFdzZ1IzNFhES1puWHBBdnoya1BaMXJQSHBOSEZTdDlEajBkaENJdkhBNHBvMGhvQ1Y3YWxMa1pnekZnalBBUkZ3WjZqbUFXTzB0N1k3enpaeVU0STg1NGRpYzUwaGt6VWZGclBHMHpmWXNK0gGOAUFVX3lxTE04VDZsRlRkRllwLWxGaEJCSHNqSGxVUS1OYzhuT3lDSXlVT0xLYXhTRGUwN0NnaUtyZXNIQldLemFUUk9SdWZvb3YtSGtOcjJYUlZkUWo0d0pHOTR1U1V4dTBBX0pWVjNFQ2wzWmpqOEx4ZzZTZkxvN3B2SE83UFBQSGVFaXhRdVhobnphTUE?oc=5
2026-03-15	Google	0.0	Shadow fleets of sanctions-skirting ships facing global crackdown: analysis - CBC		https://news.google.com/rss/articles/CBMihgFBVV95cUxOdlAwRjdNSEFVSk1YcW9UTDNhVVhNeGtRVTVnaUNheE55RjNZTmRWb21GSU9aeUdBMVdtZzUybGozLXQwakhxRm91TGFQUC1EVDdnQ3dEU1NMTl8wS202Yy14WDdiRXROcG1zemdCaklpY1dfZlZ6VmRvbW1meWljNHlEVkZJZw?oc=5
2026-03-15	Google	0.0	Zelensky accuses EU allies of 'blackmail' in oil pipeline row - BBC		https://news.google.com/rss/articles/CBMiWkFVX3lxTE9sRVg3T1RZUkRXdTdYQ0UtbjRKc0dKODQyVlBxSEpjLTNQU0pPVHhlVHY0U29uazI1Nnl6cGYyb0ZydmZMOTRPa2Q5NTl1UU91c1dQUndBQTJWUQ?oc=5
2026-03-15	Google	-0.1	DOJ tries to end biggest Iran sanctions case in U.S. history - Foundation for Defense of Democracies		https://news.google.com/rss/articles/CBMipgFBVV95cUxQV01ZNnVjWl9jTXZxaTBqa3FiVnRfSGt5RmZudU9KZ05ZYXV3V0s1QlZUQVNHUGhseXZPamQwY2xEN0E4bEdudWV5YjV2Q3ZaTVo3M1kxUkR3Y1RsZVVNTGkyT3BhZVYyZEVHN1FRaXVPNHVBeU41bndnS1J5M29jQ19SM1JLYWtKZElTbVpXOFNwWThyYXQ5REdwZXRWSEtsWjJpZUJB?oc=5
2026-03-14	Google	0.15	US lifts sanctions on some Russian oil, about 5-6 days' worth of shipments from Strait of Hormuz - Fortune		https://news.google.com/rss/articles/CBMipwFBVV95cUxQZGRSLWNpYk9pOTZ6MjEzajNkN3Qwcmd1V1NEazY3SjY0WWFIbEVneXcxckkzRTFKQ1p3d2tLTDVTM3VlSjNZOGUzNHRMZUlUejNRdEV2SFB2MThkRjc2ZWU3bmVCWDdqX2tRWVFYN3I1a080R3JiXzNLa1FDcUhjUnpuUkpjRUdCOVR3RzAzOUtENHpvaE5aU2liYW9XTG10Tkc4Y2hYaw?oc=5
2026-03-14	Google	0.0	EU agrees on rollover of Russia sanctions - politico.eu		https://news.google.com/rss/articles/CBMif0FVX3lxTE5Hay02Vk9CTUVCaktRODFVYkxkeFFrcFF1dnJWd1JLOEZQM2JWdjdYejYtYzk0bDh1S3pVWTdxUFl5SVRFdlFvamQ4ZzVGTE4zSC1oVzNBQUNEUHMxRVlydDZSMmFJY0k4Q2ZZaVR2VG01X1ZRUl9tcHdIRE1Mb3c?oc=5
2026-03-14	Google	0.0	EU extends sanctions against people over Russia's war against Ukraine - Reuters		https://news.google.com/rss/articles/CBMirwFBVV95cUxPVVJZWXVNVUpCMm5NNzFZcm1hSVBDUEJVTS1TRXgtYS1CdjA5b2hheDJxem4wQkdRUDJJZlJmWnZKVUNKcUZaXzlaUUZLSXZ3ZWx2LThMaGJPSmZZWmgxUnM5ZDJNLVpBeXctV3B5bWNIY2gwTFNkV0ZsY250R1BISTdJcUY3dzBQSjVzb2xvQ29MZFg3YWw0aEF3SXRMWnB0V1UybFFjeU9lR0R5a0VJ?oc=5
2026-03-14	Google	0.0	How Trump suspending sanctions on Russian oil helps Putin’s war effort - The Washington Post		https://news.google.com/rss/articles/CBMiiwFBVV95cUxOb3NsRDlORWtoN0l4a3JMMHl6RHBHWkRKWHdGRlJWdGhuSVhLcXktcGo1QWplYU95dTk5VUstLVlXMG9YMGtmMGtJVG55NnY5SUdndzljUW5rNUdZNUdXUDRCMTFOd3J5VGRFaXJVQ2RFSF82X0F6MHM4MnlyQlRyNE5OYnZzaVdBQlQw?oc=5
2026-03-14	Google	0.0	Russia’s war of aggression against Ukraine: EU extends individual listings over Ukraine's territorial integrity for a further six months - consilium.europa.eu		https://news.google.com/rss/articles/CBMiqwJBVV95cUxQU3lQaVplSWRXSGF5S3c3MjQ0dnZLS3g0UGMxTEYwU2EtMkVGNnRyYXRQOGtFaVg4UElBeUcydU80LUU0RXZ5SHVZVlhJaEw0aF82d1FDX1c3X1BRdXZYYmtFbmtET3ozQ1hyVGpaN2QxME5KQ05obXZlTzA4bHNZcnRzQzRyZGROUEY4aTJtWkExbklJRXFSUVphMlJQSVN0ZzNUeG5OdVhRdG9ieGdUc2JfaTg2dDFKRG83c3FhUGRPcE51QnVRU1l5eHNQNjJPRVlsZTViQ2hqSlNpTHQyclFxYklvamY4STE5QThveFp1Y05YbjJOZjF3ZzkyNjFDcldJbUYzZHRkSzE5R1BMUmxmdk1GXzhFaUU1d1lxSVRBaXlSV3NSc1hPOA?oc=5
2026-03-14	Google	0.0	‘Isolated’ Slovakia drops EU veto threat on Russia sanctions - EUobserver		https://news.google.com/rss/articles/CBMikwFBVV95cUxQelNBaWRHSnFhcWV5WnZwYlZSTEhWSDlkQVUxcU1NSW90NU9GdnRIcXJBa1lnSy1YdmpuZWtZdVpIV1hzdGtCMWpQTGJMcU5WYU13ZDBINDdqcmxDZlV4NmFNRTJnV2RrbjFBcUpUc0tZU2M5ZWkxNEQ2OWJabXRWMUxJYlRpc2xyei03TkN0LUVFVU0?oc=5
2026-03-14	Google	-0.18	US eases some Russian oil sanctions but crude prices stay high - AP News		https://news.google.com/rss/articles/CBMinAFBVV95cUxPM3ZXeGtFaXduVC1QR0x1UlBSRHpjR3JuN3VZVDVNT2tXSlNzYU03WVMzcFBvcFM4YXhvZkc2b0I3dlozT2hzbUFiQ2l6NXQ5bjl6R21DX000ZTBULWR5TlRpNmR2MjNVRng5VFVfRVRWQmNjWFlOQlgwZXRFLTlvdTNGMWtSVFBJQjN0d0Rld1JIMFVlZEcxemVIRXo?oc=5
2026-03-14	Google	-0.2	Six killed in attacks on Ukraine as EU extends sanctions against Russians - Al Jazeera		https://news.google.com/rss/articles/CBMiqwFBVV95cUxQaGMxcE50aThxNkxic0FXNDdTQ1FyMU9HdzFiNlkwSTFtUUFEZWQ3R2J1S2xTMGlTT2VJVXlaM2dPOGRlSzlXanA3M0xxVEttN3VWVnFvMWFCZW5laUUzUlp0UnVrcUNTN0dFQVRsY3FYRi0xS3RhdFBwaGhMaUR5dDhnT0wzcXdTS3lDM3duU3JweTh2YkJlbFdpOEZxcFAtbU9IX1J3aEZSdTjSAbABQVVfeXFMTzRNNEtqbEhhQ3RqdVpNR1pxSTRvUG94MmdqU0ZGc1E5UVJsTlNudkxMMTNJdS01NEJDOUIxeGNFTnVaMlZfeHBTRUFUMVJqbkQtbVF3RWIyMkg5OUh6LVMweUpZUzNCSWd6bVBnNVRVZFE3cEpoX2xoVDhMR3VDekQxemI4Y3JrY2tFdWF4eUU0SUE4QW1HcEFBTzVpLVZjTzBHR1J0dWlJd3RJZm1zSGo?oc=5
2026-03-14	Google	-0.2	Why the ‘narrow,’ ‘short-term’ sanctions reversal for Russia is neither - Defense One		https://news.google.com/rss/articles/CBMiqgFBVV95cUxPdWJYVXVaSjYtaHNDZUpiMVhVbXRJM1RnQnNpczhfU2VkbEdPVldrc2hkN0tad0c0Z1dGeEJNQmtVSHU5RXRWUGNpTjVlQVpNM1I1bGNLdnQ3ZEJseC15MWdxUkxZSUwxQlpmNU9RdnpoRnl0cnJwcUh6MFlEX2pQUjdHV2NMWC1GdUw1aGlDY3kwTXJ3Ym9kODVNbjhBczU4Y2h4YkZ5WU5ZZw?oc=5
2026-03-13	Google	0.5	Beyond IT Worker Fraud: OFAC's Latest DPRK Designations Show Broader Sanctions and National Security Risk | TRM Blog - TRM Labs		https://news.google.com/rss/articles/CBMi2gFBVV95cUxPTnlyenJMYUxLZHYwdmdyeFJaUEdyTHVkM2ViaXNGLXNicTBLUWh5Vlk2Yy1Nb3kzQlhubEVjckV6S1hkNVM1V0lPOGhGLW5SSnR5STUxOVFjRkppV01lOU0zYWtsSGhIX0RxZWpEa1h0Uk1Jd2JMYzlGQkNXTjQ4UTU5SjhUV2FUSjBHRGFjYkdPREhMb2RaMmxURXFTUkswREZQcXlSTU5jeHVwc24tRThXdzc2UTFqXzhJTUJ3d0Y3STZOR21zTjN5U21ibWcyVGxCNjdaOXZaQQ?oc=5
2026-03-13	Google	0.5	Moscow pushes US to ease more oil sanctions - Fairfield Sun Times		https://news.google.com/rss/articles/CBMi2AFBVV95cUxNUlRDQkZLWkx5blIyU3lITms0aXRNdE1nNFVTVk1oaUxOSmRXU0VXSUxPSEQxcE52UndkbmFjeXliMHlYWUJGYTRkWEhJUU9PcUFsTUFVQkxpbHg5b0NRZ293al9tcHBWRGg0RHBmUllZcEM3a18xdDd3NHlJYVlLWXRTekhqZ092Rm93MEVNZ040Q0dRS2dfcEN0TEtxd29VNllwQkpILVM5ZGs0U3NFTDlZQmdiV1ZLRk9PUTVKQmp2U3NOOERDajFaLU9nNHJjUERXbkR4aC0?oc=5
2026-03-13	Google	0.3	Team Trump offers Russia more sanctions relief, brushing off allegations it’s aiding Iran - MS NOW		https://news.google.com/rss/articles/CBMi0gFBVV95cUxPdmhfd1FxTXdtSi1SRjM3amtRV1RSWV9fUnZMQjc1aFBxY1ctcGtUX3JCTTY3Q2VRRVZBWHJNWGtRb2Y4OUtGR2NYUHp1d2xxSjRoUkgzaTVwS1RuZ1ZoNGVtWTFiR2pnUlZGWF95VDhxUTNfZExzRkNOTGFFTHZyTjhSTnQ1UVMzUnNkcC1MZG1UbTNuRDRuRm5yeUg4ZzQwM0NDYVRMWWYwZTVrY3VOZXctMWpWRFJEQ1lpTmtUQURuNTl5ai1MZmYzVkI0QmpnUEE?oc=5
2026-03-13	Google	0.284	Suspended U.S. Sanctions Add a Political Win to Russia’s Economic Gains - The New York Times		https://news.google.com/rss/articles/CBMilgFBVV95cUxQbTBEcm1PVFVCZ0o1Zi1ZaGtNT0M0bW82ek9YX2xNdnlMY0Nfc0ZwaWJ5ZGJyUENab0NkdnlBN0JlV2d4VGNVbk1rNEgwcTZfTTVPQ3hIaXNEUmt0T1dXVVFyeVdSaHNYVVZmX0dGUEUxWnlWUThuYXlvYXY4RmxmUGZhR3VDeFloVnV1b2E4c1pHaVdPM0E?oc=5
2026-03-13	Google	0.148	Oil Prices Remain High Despite Trump Lifting Russia Sanctions - The New York Times		https://news.google.com/rss/articles/CBMigAFBVV95cUxQUzJJUXlRQ3J5R3VISHJaeXd1bXMtcFY2V1VnS1hRaTAzZjgzWGZtSVBrRXBfdXk4ZE1MZ0RfVzRvcUQyTzdWYUYxS1hSNm9oUlUxbi0tRHpPLW5kQi1oYUhXYy0wRnNZSklSUk9pU0RyTGxOamZNRzNrYVAtTEJYMQ?oc=5
2026-03-13	Google	0.143	Zelensky says U.S. 30-day waiver on Russian oil sanctions is 'not the right decision' - Los Angeles Times - Los Angeles Times		https://news.google.com/rss/articles/CBMizAFBVV95cUxQbVZ1WWROemtlY3ExbWZOZk04OWNxYVMxN01qQ3ZfR3V5WjlxM3FrUFZlXy1iUDdNTHMySHF1WVFTYXB6VVU1NVFzNHJqanp6aFBnRU5kdk4wM2dTd1g1emdBUkhUTzVmTlhsM1N5NEkwR2ZUVjhzUWxuZXhnMFdkcVBrNzBSWUxYMms0REIxWnkxUVc3TWFYZG04Zi1vZG14Z2ZYUmFFSHE0OGpkc3lYRkl4dGZrX2paNVNuZzBoQ3RPVGNZRXZ2dHlFUjI?oc=5
2026-03-13	Google	0.143	Zelenskyy says US 30-day waiver on Russian oil sanctions is ‘not the right decision’ - AP News		https://news.google.com/rss/articles/CBMinAFBVV95cUxPQVJvYUs0SHgzNy1yTk5iZFBRWEFGY3p1dEJ0Zy1lem1HcTlTV0MyMjlfQmwtQXh2UnktT1Q5NjNnVmU1N1ZocTBZX2t4VnlId2FsVkpFNVRtVElEb08wS2xsd21ZMFdDN1YyelpEOHJEb1hPY3RYdUd5cVBOWUxjVFN3djdzTExMNmlFdzNBRElYZ29DZDNkRnY4di0?oc=5
2026-03-13	Google	0.136	Sanctions are working: New BELPOL report details how restrictions cripple Lukashenka's war machine - Белсат		https://news.google.com/rss/articles/CBMixAFBVV95cUxNVVF1UWVMSUE1SnBYNjlzUURWdVdQNUVKVHAwTUlsck1paDZISEE3ZWVGNjBrRmJrNm9nX1FXekVjbC1CS2tCemZWMnBEVzVOcHpMT25FcnpzbHlEX0Z1aUVPZXB5aUQ3WUd2T1VuLWc3ZkZJaUNldFRVc0tuaGJSSWE1R044LS1GZUo2N3EzbWVjMlRNN3pTNkdyaUtqdTVvbEZnVWJ6bXA5Y0c0eENwUDQxTEtLX0tHcjZDSmFfV2FfbGd3?oc=5
2026-03-13	Google	0.136	Trump Removes Sanctions on Russia to Help Oil Flow Amid Iran Conflict - The New York Times		https://news.google.com/rss/articles/CBMihAFBVV95cUxNU2Ewb2JoTjJVTnJqaGFVVklQVWtGci1qZ3NCZmFOeko3XzhvT3JvQS1QZThSemVIT1lwd2VxSHFmVHZrUHNITEZ5N0lzMjloSy1idFBuRVNHNTdRTFlpMDVWbFlObjFnOHpBSEY1cVdsNVVsd24yTHdwdFQ3VE1yQVBuaDg?oc=5
2026-03-13	Google	0.1	'The impacts can be substantive': Arbitrating in a sanctions led environment - The Global Legal Post		https://news.google.com/rss/articles/CBMivgFBVV95cUxONFlRTzdCRDg1SzJyUUNLa3NEU0JPMXhXQlVSZWtNNi13OVJ3SEE1YXhMYURiWEQ0UlJfTUVSTFM0dE82N2ZLQnUzc3M2c0UtRFhwSEN0WVU4LUxGSjVjc3d2UWRpR216MVZPZzFVU2hMbzRjS3dIeTJMQktGX3V3VGJfSDZ3eGJfWGxCOENKNG9uQWdZUkZlSXhXUVVuRTkzcVU2MWxuajFZUHYxamk3NVNSZkxpOXllSXYteldB?oc=5
2026-03-13	Google	0.08	Oil prices stay high despite US temporarily lifting sanctions on Russian oil stranded at sea - CNN		https://news.google.com/rss/articles/CBMigwFBVV95cUxPaXJacFh5eUIyVDBLNDYzM3U3UHlhWlpDeDJVMnVmdHRmbFFOZndSVWhfc0hYWEs2SjJ3b0xGNTQ3YUpNRjhVN2Q2OU1QcVNLaWJZOTVwX05BSGZOOURQNXZUS2tpQmZYVmF3eWp3anZKQVhZRmd6SUN2aHZCTGo4TEtUZw?oc=5
2026-03-13	Google	0.068	Trump Removes Sanctions on Russian Oil, and Chatbots Want Your Health Records - The New York Times		https://news.google.com/rss/articles/CBMipgFBVV95cUxOR2VaSFNOMkFlRVAycldMMXBTajEydmJvdGZUb1ptR2hFcWlXVkxxTThYRkdZaEN0Sk04cG1rdGxKWWk1dWdtc01KdTJZdXU1SXFoRUNJdXlpRUJuYzgyd0ZIaFNJQUpONnF0X0tEazI2cjVGc0Q5b056QUxhMFZDN1A0R1lPMkxNU2tuQ05UNzZhMThhUzJpZzBBZG5yNW5FYVV2R1hB?oc=5
2026-03-13	Google	0.034	Middle East war live: Hegseth says Iran leader ‘likely disfigured’ as US vows to intensify strikes - Financial Times		https://news.google.com/rss/articles/CBMicEFVX3lxTFAyVWYyaXY1WU40WXRQVDZ2VjYxN0E0NHNsVmRkNDdCSW5TOUs5WmtzV05mQ1NMclIzNFJHVU55UUVRdEg1eG9TUlRxTkN3Ny1DWURHMEZHZE5VYmpNR3RVUVpndmZnZ1BLOTBXcjFYREk?oc=5
2026-03-13	Google	0.031	Trump's U-turn on Russian oil sanctions is a major coup for Putin - Sky News		https://news.google.com/rss/articles/CBMiogFBVV95cUxPWl85dU9aTS1SbVBSaVE4NUg4R216VzJXaU94eXJOMFZ5ZmlFNVY5cHV0VjBueWtTeWRFcm9aMHZHdjl4bkxCNEZ6M2E0VEw3VFpmVzExTjZWWUl5blRnWHR3SHhKSlBXa245eElfNmo2ZzNlVVg5S1ZxQ2JHN1BfU1RaQ3FPblBYdmY5UVBuVmhJYjdmQjNUeXZEMmtIdFd4M2c?oc=5
2026-03-13	Google	0.012	US Eases Russian Oil Sanctions Amid High Gas Prices Due To Iran War - NewsTalk 1320 KWHN		https://news.google.com/rss/articles/CBMisAFBVV95cUxNaGJDUEkwMWhGWXdqTU1JVTJpQ3lZTHBhMUxOU2lsQnpzeUR4QXJuR0JrajVrQVBxZWx0WTJNRzNqY1F5ZEhVRS1abzJaYkx2SzFjRmF4S1ZvZklQcjZJNnAtTE5Wb1Q0UkdtckRMSnliaGYxS1o1VGNvNlZ4MTg2NWgzS1R5NFk1OEo0QVRmaFhraUxQSG93WndhWU1XUXpSTWZxVklPOWhRNDVZTWh0Sw?oc=5
2026-03-13	Google	0.0	A Gas Project Is Collateral Damage From US Sanctions - Bloomberg.com		https://news.google.com/rss/articles/CBMizAFBVV95cUxNS0RNanBWSE56cTQ3akJKaUs0TFVUUkVQdTl3cFVIWHNwcUh1UFpxWV96c1lPUE83cTR1cDFKaXR6U2YyTVpmMDRXVU5DLWNJRFo1d3J2SWpzQ09BeEVTX2ZyUkdjMVhjaHYtMmdvU3RHOVhYT1hQaWxGd25LQ1VleXpKVEczVWkwOGpJQnBfSlRDbmljRXJqYzgydDVRX2xXVnBOUnpqamthVmYyRGtDbnFXYmpTVFhlbzdHZ2NSYjdaMWNvZXZTMzRHWHQ?oc=5
2026-03-13	Google	0.0	Canada to keep Russia sanctions despite U.S. move to ease them: Carney - Global News		https://news.google.com/rss/articles/CBMiqgFBVV95cUxNeUVjWmxTVm5RVmt0M2s0ZlFsYWRiZmRaeEZmYUxmQ0VObDZvWXFqZHBKT3piZlpwb0lVUmIzaGNKZExpSklaV1Jyd2FLQ041VjU1WGE0N2RCQk5RYzFHUlBtbXR0MG5RcmFoekVRc1dMR1E3cFpZWm5QUURxQ2pYSXZnZzBlaGJ4ai1Bbkw2X21OQ1UxZkpWck5UMXBac0lxd0RrVG1rYTRXdw?oc=5
2026-03-13	Google	0.0	Carney joins European leaders in criticizing US easing of Russian oil sanctions - Politico		https://news.google.com/rss/articles/CBMijwFBVV95cUxQZExMSmt1VlBqZTgtQm1QbC12N0tLZk5MX1hNdlBxdTN0LTdBM1VJY2JEa0VZd3lzdmhxV0ZTeFM2R3JjcWtHdXdPUWtuRTdTWWE1ZWtWZ1QxbmpEX2dqTF81OEF4VlJqTXFvX0xXYWd3Y3Y2bDA5T05SaXRwMFF4cGMyUFhGYW93dkRuNUpTQQ?oc=5
2026-03-13	Google	0.0	Courts warn lawyers: Verify AI-generated citations or face sanctions - WRGB		https://news.google.com/rss/articles/CBMi5gFBVV95cUxQZ29CZXNBMXN1d2pZa3B6bUhRVlVKNkpDNWpmcDlEU244UFdiZjc0LTE2ZHVVLU4xaFZYRlNyWU1RejJ3eFBqeWVjaEJUR296Z0RZT0UyMGk1bjVORnVrcEIyenE4WlBlcEpuLWNPN3ZkN2hnTlNMbDkzRjFjZmo1R2xSTTVzNDBYSnR1T0tzZWlXTVl2NHJ0UmJycTFacFU1SFVJNHhBTi01U1NneXZUN2Q2N3ZYbmFIb05PdGN5ODRJemlPOVJ2MmlfdXhZMnFTV1dKYlMzelhhRzR3dDVNTURaTnZVZw?oc=5
2026-03-13	Google	0.0	Defense Support, European Integration, and Strengthening Sanctions Against Russia: Volodymyr Zelenskyy Met with Emmanuel Macron — Official website of the President of Ukraine - Офіційне інтернет-представництво Президента України		https://news.google.com/rss/articles/CBMipwFBVV95cUxQcTZ2ck9lNWd0cEE4Z2RuS19Ob2pGRnh0V25YbG9HOVYzN1djUkxZa2xVRnJXb0NmeVlNZ1NidElOaTlVMVZpXzk4OTNycFJSSDQzN0dnbjdvWlFsaVM0NnpvaVdSZmljY2dUdUtXYXlCWl9IdzdqdzhBU3lKek1FcFVqbVllZEh6YkVxTTdTVnF3ZzVqVktqYjhrLTgzUVlnOXhjd3B4SQ?oc=5
2026-03-13	Google	0.0	EU says not to ease sanctions against Russia - Ukrinform		https://news.google.com/rss/articles/CBMioAFBVV95cUxOMmFOaklTUGpPZEU2RTVZN2IxNXhfMnR2bFZpN1J6RnlaSDg5N0M2SDlwbWE3UlFsQThkSS1HbTBCcjJvcC1lTU1CNkduSk80NWx3THBBWkdWWW52RWZzUEpSRERWUzZGSEZ5Vlg2OHk5UERsNDNSclgyWmt5YVlIendEb0oxV2txN0M5SDllZGdjUW0zN1dZTVJYUDB2VERC0gGmAUFVX3lxTE0tUDJETDZMWTluRTk0TG9tdUhTRkgtWjNpOGRsN2drUzNzN3N4RW1hVjhnd0R6R0ZUMUxXMGRmMzduZnlRM3dUUE9WM0RzYkJEakgyM0xtOFh4ZzN1UXVwTkV3M3lCY3dlcUtGeDNGeGN2SDBCbkJFRTV0VE85bjluNGh0SGliQ2daeTc2bU9odG9PSHZQbGpDRlFjWE1MZXEwczNCalE?oc=5
2026-03-13	Google	0.0	Europe chides US for lifting Russian oil sanctions - Euractiv		https://news.google.com/rss/articles/CBMiiAFBVV95cUxNY3V6SUt0UlZISjBtNGR2dFhvUzJUNHU2S0pyX2ZMQk9wZlZWVWZsMkZGeEZzbndxSUpmX0gzWExmSmc4YnFvZW9aQy13UEwySmhEalJ5NGNxSzhRUDB3eXZrU3V1NUFucFNYdWNtZjRPUHlVdkhqRVh3dlQ4RW1BRHVrQXFiWDM2?oc=5
2026-03-13	Google	0.0	Europe criticises US waiver on Russian oil sanctions - Helsinki Times		https://news.google.com/rss/articles/CBMipAFBVV95cUxQdVdBc0tpQlJ5OV9ldEUzX3pUX1EwNHZkWVpHQkYzbmRMSXBzc21XWTU2WUhaTmlFb0FWa0tFZU9obEtZVjNkNGZLejRlTkxCZXRyS045d0hoZVExWlRxWFpJRkVsZ3pzTGUyaWY3Q082MTYwbUs4REF6ZU9JRnUzOUI3a0ZsT1JLRUlSckFZckRtOXhPellsNkdSc0J3d09zV01Hcg?oc=5
2026-03-13	Google	0.0	European allies riled as US loosens Russia oil sanctions - Reuters		https://news.google.com/rss/articles/CBMivgFBVV95cUxPdkpDTUFwTEIzOUtnbmEyUEswaHZyQVBDY29nZVF2eG1ISEN4LWZUeTFiMlo0cU1WamlGenpZTXdMeVczLVh1c1ZGRXcxcWxlajJ6emYzWnhLckJPMGFkenZXN0Q2MFRNQ0UtZUJrUnRRYzNCUkEzOThtQ2hCV0pyOVZZTU8wY3pwNjcwdnlUZFVmeTRQZ0swbU1VUFhibU9LYjdPY1BadlZmSWNmTDdBVEkwU3FtSjVFc2duWDhn?oc=5
2026-03-13	Google	0.0	Germany Concerned Russian Oil Sales Will Help Fund Putin’s War - Bloomberg.com		https://news.google.com/rss/articles/CBMiswFBVV95cUxOS3IwTEtHV0dvZEttUjUya3VXOUhMS2VreWRxMHc2anRrZXJGYk10ZW5fbG1CWHZISk9oeWZ3TEFTSm91d3IwWUlubjF3TUFoMVRmTml1Z0JQbDRkMXptX1RkU1FtWklKNzBaY0xRS1N6ZWhmVEpTdm9aNWJPSVc5Y255OGFhdXNQdHN2bUtQa1dJbHZ0LTFOWk1WSDZDTGNSdURjeWtQZDhlcE1DeTdCU3ppaw?oc=5
2026-03-13	Google	0.0	Global oil hovers around $100 despite U.S. lifting sanctions - WJRT ABC12		https://news.google.com/rss/articles/CBMi3AFBVV95cUxOU1U0cTdSM0w5bkhmSkJULTFTTGo2Ym81RkxvVGdJZ01JeFZnUkZ4UjhlbTlzbGJrdHl1RHFoMHhTNjZfMEgwaUpVZXpkN0NJcGNNWjJ2U0hnQ0FWeTM0Nzc2NnBJX0lLY0U3VmZhOTdXcnkxQ08wV0oxeER2T2ZxU1gyZUpiSzc3QnhXVVNVSG40eXA1SUFPRkxESmRPN1BXaGxfVDFUV3ZadWxib3AwS2dicjNZNnI3NC1wTWVLaHdHNjd6ZWxUVW1QXzBYWndnS0RyR01MZlVicU1y?oc=5
2026-03-13	Google	0.0	Heine Analyzes U.S. Sanctions and South America’s Digital Fault Line - Boston University		https://news.google.com/rss/articles/CBMirwFBVV95cUxOZFdreG1OTGVQM2xOLXU3RU1iWWtzMTJjbEdidlFOVzNnVnJSM0twdU1FeTVmTm9GTVpiTy10cEFVcDZxVWQ5TDRPUkVUaHZrRVFOdXl5WlVVdHJEQklMRkxDc3lqekxNaDd1LUlYREhxV0ZLT3pLVXFNSFVncE1FemlsZjltNElfdEUxdHNtTEVNWE8yeThCWExycVpOa1FONS12b3VGR0ZONmZRVnlF?oc=5
2026-03-13	Google	0.0	How will US oil sanctions waiver help Russia? - Iraqi News		https://news.google.com/rss/articles/CBMihwFBVV95cUxQZ2lhZnFUOV9GdlpTbGZQZExyTHg3YWdtM1JaaGREUU9vSzQ4MHlyc3JwckdpdUVaVFNsQVpwb0d3WXMyVk04OERNYVdic1YydHBlMzZPbWdpVkd4X3dTM1RMUTlvNGh5TzNXTWcwbHJrcTEtNURWTkdNdnVHNGpKLVBkdzRVMVk?oc=5
2026-03-13	Google	0.0	Hungary Hails US Ease on Russian Oil Sanctions, Calls on EU to Act - Hungarian Conservative		https://news.google.com/rss/articles/CBMitAFBVV95cUxOdUltUlNWZHotWnBJcGNlY0oxRVJkNmdnVm9aenNoVUNzbXlKNUNjMjhOVEJUaWlRZE5acHlsNnpyekRCRmZqT1ZabjNMZFhQLWVwV1hiNkNhVkxoQUprTllEcHVyb3d4bGszZnl6dW5vUDVDM2ZUdm51U0FqZ3hSOURJY2RrZ0lNV01US3VzaWRPY2V3T2o1RXUybERFLVZwNklwXzNQZ1VwWklHNXMzZFlXRHM?oc=5
2026-03-13	Google	0.0	Kremlin welcomes US sanctions waiver, says US and Russia share interest in stable energy markets - AzerNews		https://news.google.com/rss/articles/CBMiVEFVX3lxTE1WQ2x1alRrUHo3dUtPTjNZTDhPa2JscnB6dzJHYU44aV9KVkxiMGZrSGdXWnAyX3Jpamg1d3M3ZFlOMzM2dzY2b0RvaHNvM1N5aUxxZA?oc=5
2026-03-13	Google	0.0	Merz rebukes US for temporarily lifting sanctions on Russian oil - The Guardian		https://news.google.com/rss/articles/CBMilAFBVV95cUxNQXpFc210RXBoZU1MTVRZRU0tVkswLWZpenJEbjN6TmNwX3lBVWV1OVA3LUlkRG42cE0tZmM2VXlUNEVCNXJ4a05VY01uN2w0d2N5RTJKOTl0clV2NTI1dnpxQlNyODliWXloM2o0Z2lOYjhpMkVHZThZcGwtNkEzRUZuN3lzUUhIY0FRSjFmWFRZUDVC?oc=5
2026-03-13	Google	0.0	Meta To Face Sanctions Bid Over Addiction MDL Privilege Log - Law360		https://news.google.com/rss/articles/CBMioAFBVV95cUxPdUNMMHBuSXBKWXJuenVEeXByUEcya0NFcGpqaTE5YW5HMEZnbFlpMFYxeDdUSlg1Y3JKcjRBSTZJMnBaVzczSmpXT3RlOHBEU2NXX2ZtdFQ5ajE4QkwtZG5HR0h3Y1pETk5URG9hT2VST0R2LUZlVUduVXBWX3JqVVUwOExvWE9uMVN0aC1oalk2QTNIRnl2SE92SHZ0UW5N0gFWQVVfeXFMT3E3U3psTzVHMWpUVGt6VXI0Wkx3WC00ekZ1V3FjeEx0cW9KQjBGY2pXR0tQYm9tNnVMdE83cW9uTjFGZEY4Y2lPUjR3SDJjMG1GQWZoenc?oc=5
2026-03-13	Google	0.0	Oil heads for weekly gains despite U.S. sanctions waiver on Russian oil - The Detroit News		https://news.google.com/rss/articles/CBMi1wFBVV95cUxOUmcza19LaFRtZ3d3R2YteVdBcmtFQ25VSy1DZDVoUFRfTC1LYkpnREx1NFNzUm5YUUNJaC1wdnZKZmlCR0EyaWp5WmJYVlpPWW51d19nZGdyUGhHb09fdndDMnFOT3JnTFpZS0JfNm9PZXRFYTFrMGNJN2NoSUtLOEhGcGFNNkdSZjVtNFFHOUtvamgtNUFQaEJVb0RjaEdJZ2NBOURfVzFtZGpjcG91SFVmdF9hYlg2T19sZzdRZG5mMENzMDl6NzRDTXB0eXZ2d2xwWVdYSQ?oc=5
2026-03-13	Google	0.0	Oil heads for weekly gains despite US sanctions waiver on Russian oil - Yahoo Finance		https://news.google.com/rss/articles/CBMigwFBVV95cUxQYm4wVmZQWV9TNGNLZVcwaXdtM292T0hNVllHSUZiblpYRW5JTjV3WWJyZ05VZ1ZHWEc5TGxnZy00Z3pHSTFzNlhuaDJyY1VremhRZ2tQWFJNaDlpZzFfeThtNzcwYUZpM0Qwcng2WVpqUGlZekE4Q0tkc1ZJQ0Q5d1Q2Zw?oc=5
2026-03-13	Google	0.0	Oil on Track for Weekly Gains Despite US Sanctions Waiver on Russian Oil - EnergyNow.com		https://news.google.com/rss/articles/CBMipgFBVV95cUxOenhPZ2hqd19tMlpMOUpqM1BaSUNJQldNZy1qc0kzU25RQTlscmhrZ1FpUE5Pc2ZMTGROTTNNVndqSHBPOHRDUDV5N2dNa0l4LXhLd2ZsUlRQZlpCT0dFM3dkSkgxSUVPYmtsbWxxdnVkMjd4WlhJQ2NUZk01M2lRVGpHcENJSERiVlBZVWFGcGtvSF8xU0UwX3RJTkF2NHhBendZWE1R?oc=5
2026-03-13	Google	0.0	Oil prices surge despite US lifting sanctions on Russian oil - Yahoo Finance UK		https://news.google.com/rss/articles/CBMigwFBVV95cUxPQmhiS0pfRGYxZHdDTUdvazhSZXFYTHJJZ09vMnNtMVJ6MkdhUlptMW9KRC1jbzJ4T05LdzNHYnJfQ0RtVHUybjRzWlRPMDAwb01qTVlKT3dtbld6bWlzQmdvcDZKcTF5YzdQX25qZVJ6YjgxSHdIbURtTi1fTnN4Z1FBcw?oc=5
2026-03-13	Google	0.0	Russia Claims Global Economy Needs Its Oil as US Issues Temporary Sanctions Waiver - Kyiv Post		https://news.google.com/rss/articles/CBMiS0FVX3lxTE1MUUFwYkJqUng2d3FrWDVDMEFiZW5SZDdBSDVlQ0ZJMGpFeDZQQVFDbE1JZjNKbGs4NVBiVWpzcllENWVETTBqc3IyYw?oc=5
2026-03-13	Google	0.0	Russia Could Gain Up to $10 Billion as US Eases Sanctions on Russian Oil, Ukrainian Official Warns - UNITED24 Media		https://news.google.com/rss/articles/CBMi1wFBVV95cUxNVTdhdlJHNjNEU2JGZWk2TmdoSkswejA1QUNoWWFWM01meG1ZaDlEZ0h0RllBeFdxeDhwTkxjQjdrM0d1bzRVX1hZVkkzR0hIRXJHSlJEXzRRaVhoWVRHay1NN3dpTkh3NHZFRTV3b01iMEJ6UURUM3R0N2w4eXd2Mmw4bVI2N0JTWFpQSkhEQW9FbXhLN3BaMEhGcGkyZ09SUjlEcmZqOHdtamkzdXM4aXVoYmxoRHVMUDNGU0EyRHZXMU9BTlp0QTNTM1ZJWFozdnI5Yy05TQ?oc=5
2026-03-13	Google	0.0	Russian oil heads to Asian markets as US issues sanctions waiver - Global Trade Review (GTR)		https://news.google.com/rss/articles/CBMipAFBVV95cUxNR05WOTNneG5TNVRvdHBGS0ppWjdKdFdUQTJLejJkNUxhQkZFVkpZTXA4bldzcC05U0VJVkxpWEw5djNoTGY3VkQ3N2tlUklYSFF3SUJscnNCMFg4X3piWTNNQnRBRERYSEdqTm9VbmxtRGpUYkQtTVRDUVFMTWxrT2l1TGIzb19nMk13UjJWb0ZfRk8ybWpTVk5TSXZ2LXh5cjBWcQ?oc=5
2026-03-13	Google	0.0	Russia’s Sovcomflot Swings to $648M Loss in 2025 as Sanctions Hit Tanker Fleet - The Moscow Times		https://news.google.com/rss/articles/CBMiwwFBVV95cUxQUGNHbmI3X2NfTGdEQU1oVndCOVFvWU9FU19NY21ZdHlxNHc3cU1lQVdIaHhMV2sxRWQtX1JHa0ptbHp6a293UGxaMl9oUlVsM3Q0VmdtQWNnU2VkSHJzako4M19ucEUyWXlibTBDNzQxbnpCWURxZ1pQNHk3WGNkXy13NEgyYm1INWNXOEgxMlVfNUhWdDJ4d2V6N0ZCZjV1bk1HSVhYdUp3OXNGT19TMEZuMnMtQlp2SGdkM3B4eUpSYVk?oc=5
2026-03-13	Google	0.0	Scoop: Trump eases Venezuela sanctions on oil, fertilizer to blunt Iran war costs - Axios		https://news.google.com/rss/articles/CBMiaEFVX3lxTFBSSHU2eWJ2eVpBR1RTMVV6MWJZV0FoaXNRVGl0Qld0Zk51Z0NCNmRzM1ZsM3NvRWxfaGNHVnFfQmdHak5lZEFDSXZEaGJ4UzJ6LTdSNW9mSmQ4eU1rbTNNNnpYdUVxTE1w?oc=5
2026-03-13	Google	0.0	Trump administration allows for Russian oil sales as energy prices soar - The Washington Post		https://news.google.com/rss/articles/CBMijgFBVV95cUxPMW5lTHgzR3RqQ0g0OVYwVHljLUlDc1AyTUVEc1Nxc0Y3RlR3ZV91TktnVVlYRUJrQ01KbXB3SXYyb09yNk9VSUNhUjNzdThnQ2dwdU9PT1ptRW1sYXhXbXJIQThzY1J3dm1ONHoydzA4aUgxMGhvY3d2OEN5SWF0djVqUHUwNnBleDBJYnNB?oc=5
2026-03-13	Google	0.0	Trump administration allows purchase of Russian oil already at sea - CBS News		https://news.google.com/rss/articles/CBMinAFBVV95cUxQSlltMnFxcEtweDN3Z1NlbWtiT1k1anpPTkk0SUVfN1lkVnlMM0JCNFBEZWI2b0dOaHJ2cE9kQXpLM3ZaSnhpb3owemliME1sWlVKeS1KdlVDWGVfUkhSUUluOGhVWmZJSV9YLTRUemx5Q0Fjck91b1JBbHJJX0xMMERPUVhGNERnbHpCXzNiVnE3TG9WeFlON0QzQXDSAaIBQVVfeXFMUHJuTWMtZkpsTVRzLVJ3U1ZLQnlCdXFyaEJVeGdZYjA4d0x1emZ1QjBETzc3TU1abnI1QXF2VXozQzFkTGF6SHZ0QVNuV2xyeklFQlR2V1l3Tnd0QVg1Z0NUTWpDa2JPdDBfZTQ1OVZ4OE5mLVJublZ4cjZocjZUYmhxekVITlRzTERpRlNZdk1paGFjblRoendRRVdLV2dhU013?oc=5
2026-03-13	Google	0.0	Trump eases Russian oil sanctions as Iran war sends prices spiking - NBC News		https://news.google.com/rss/articles/CBMisgFBVV95cUxNbF9rWmtVczBiYXpRQXN4NjFNQ1ZHR2NlYVY0TlNKejdWRkh5SEEwS0RVY2Y1LTJkckNXbnBvX1d2ZVppUUw2OURnYXktV1drcDJfamJGY19vdVJkRWpJQU5WcUZhdnJkY2ktMElGYVc4UW5IWkMydU9SUnJwTExXckNrazVjcUgxTjAtcFRxcFI3OEhSZ3ZoZUUwWGZKX0xMNHNaZV9qbGFTUnQ5blczc1VR?oc=5
2026-03-13	Google	0.0	Trump eases Russian oil sanctions, US-Cuba talks, Zimbabwe to leverage lithium mines - GZERO Media		https://news.google.com/rss/articles/CBMiwAFBVV95cUxPY3h4djVoUWdSZ0tiVUY2cWFVVkkxMDI1TG9oMFVyNDJpRTJfRTdUeXI0RUdSM19sT0FJZl9NbVNxcE9QWTNNdVZBbUhFMzY2N20ya2RKaV9lY0Fka0hDUXRyXzdWNkhaU1NmZXNBSDNTTmc5TW10QXpldTEtRnRrTzFHRUVfeV91NlV3c01pOGxpckhLcjViV0xvSGN6ajJGUThUQ25RNzRfZGFNRkVPNzdoUk1JX3lZZGVYeUtWMznSAcIBQVVfeXFMUDg3SDA4WDRsZlg3WHBVUEFCSUhKRHBtcGk2bXNWbWtHeWQyRlc2LW8zY3A1V2NGbXV4UVpWcU9HdlJiTzBGTGtCZHZCVGVGZGY3Q3NTNTNiVXdTOHZjT1RtVVk2RWJpTzhzcXZDdVlpV0F2N1dFX1JxUzk0WEtEbHFyYlNKckE3Z3ZHd0c1MFlPa1p0Q3REbE96OURBa0dlUG16ZjRWRldhX0U0anlBNVVYRTN4Sng4VzJkNVZ2YjZKbHc?oc=5
2026-03-13	Google	0.0	U.S. Treasury Eases Russian Oil Sanctions to Stabilize Global Energy Markets - thedeepdive.ca		https://news.google.com/rss/articles/CBMioAFBVV95cUxNTzExa0pmbTFWNWttYkhZa3ltcVV6OXJydWEwY25BeEZFc29tWm1FQ1g4bzJrTjVUM3NvSGhpU2NrTUpVVnJVNEc2Rnh0V1psLVlQVHJzNFRjdUJwcnF1NGEtQldWaFFYekdLV3AxLWRSbmxDNHEtSHRLNlhTUGFQcUt4ek92RDRCU1BXT25xOVhrNHlDWGFneXBydUU4YmhF?oc=5
2026-03-13	Google	0.0	U.S. sanctions 2 entities, 6 individuals over raising money for N. Korea - Japan Wire by KYODO NEWS		https://news.google.com/rss/articles/CBMiWkFVX3lxTE5mU1BKbTNWNktyTDhNZE5mUkp1VklidnpMR3o2TGE2bHVJQWZpbmFqTUNKSHUwYXlpVXpMaWNETEVEa3dkYnlNNzBMd2FmdlFoRHNsY09qUktCQQ?oc=5
2026-03-13	Google	0.0	U.S. sanctions 6 people, 2 companies that laundered $800 million in crypto for North Korea - CoinDesk		https://news.google.com/rss/articles/CBMi0AFBVV95cUxNXzRTa0ZYVmlmV2xNb2EtQWowUV8wcHhSSU4zbmthM01SX3BVMkJySUlMUkR5ejF6T05KcDZKalB2M3JLQmF1VXpCNjNQU0g1MGdBTXY5dFR1X3U2d3Exay15VERUemI0cG10S3ItX3F5OEZiYlpNVTFTNVc1RlhIaTNzRWJfSnBzbW9DbWFPQzJtazNUSzhUaXNjejVITTBEZlRiS05NeGJLdDRScWVmbDBGcW1MX1FlMU1NcnFQeFlwOTlRYUdJb1pwTmNYTHpY?oc=5
2026-03-13	Google	0.0	UK urges allies to keep up pressure on Russia as US eases sanctions - BBC		https://news.google.com/rss/articles/CBMiWkFVX3lxTE1nUXVYbmtuaFNPcU9NM3ZjQmljdlBqVTRXZWFxVk9aS2NzNEg4RVh0cS13QXVoa2lCdFRfQ0VEWlJJNG1Ycm44Q0xja0FteUhoV3UyRnFfX09HZw?oc=5
2026-03-13	Google	0.0	UK won't follow US in easing oil sanctions on Russia, minister says - MSN		https://news.google.com/rss/articles/CBMijwJBVV95cUxPUTd5aEhQU0lSRmhqSHV5aG54MDVGZ3lFaGVjdDh0UDJEVm1oRW9teVVPSXpYYy1qeno4dmM5dExXT0JzakllQ0hZMUd1ZldjT0x5dkIydkhVMDZkSHNSLVpoUmxFS1p1Q2pTQ0tfN1JZems4MVdxUThkdXdEdDVuaHlxdzVRbGpscjdTSDE2NThtVEJlWFBQRV9sdkdLdWtxcnpJMTUxWW5WbDJVck9GV0ttT3pWZ21PU1ZZUjdlcmg3Vkp5ZFNQaDdxWmFPNGhTOFA3YXhRajczY3dZQzhyUFkxUXprTzRVOVhhQkNqOTdKM2xobXZPNVJENklOdVc4Zm5Ldm1ZV3A1U005N0tB?oc=5
2026-03-13	Google	0.0	US Democrats call for investigation into Trump's Russian oil sanctions waiver - The Kyiv Independent		https://news.google.com/rss/articles/CBMipAFBVV95cUxNRmRvS1Y1UUtOcGF5cFdHS3Y3QjJJdlBRRUhVVFJVSTFDek0xbzVYOXhHQlRhQllBRV84WHdXU0xNRkR3dUJYa2xrLVRDY0h3ZEc3cFIzam9vb1lnaFVTRjcwSnhvemMxRFdjVFN1S3k1Zm4yQ05najl6T04zN3VuclgzRlRjMkg1NTdaZ1FzRnlfSGx2bkVPNkZDdTgyUUpHWnhibA?oc=5
2026-03-13	Google	0.0	US Treasury Eases Sanctions on Russian Oil Amid Market Surge - Devdiscourse		https://news.google.com/rss/articles/CBMitAFBVV95cUxOaHFiMWVvcTFJV0cwZDAyX3Bsb3BZWUtOTk55eXp1bnhpNlBQV2NLcmEwSWVKd3dJWmh1V281Y05sSEJrVEh1djVrMEN4dXJILTJWZC1WdXZaXzAyb05UWHFrUDFjVmFMY0xzTV9vWU5nS3dDMFRRVmdQV2d6U05mN0F1dllfYkNYeVZEZDJjMXcwWXdyZVoycHp6OHpBY0pDOUF0UnhSZFU2UDVTOE9LZlVWX3rSAboBQVVfeXFMTU9KUzFpREpoN2JDMlRFNjlxU0d4RHV1OUJtMWhZNXVGRnBfckxYZl9HbnVIcHFHMk5MU3F0andBTjVRTGo0SkxOczhqQjQ1OGNIU1c2MXF3REhRVFg4SGRWM3dmQWlwX2U0empWTHlTRGVHaFphZjdZVFdzTHVTSG9sSWUzQndvd19JU0hxNVVWaTYxc0NIUEk4QVNkVExxM2hMSU5GZzVBRWxfa1BOX1JpSks1amRCbUVn?oc=5
2026-03-13	Google	0.0	US eases Russia oil sanctions as Iran war pushes up energy prices - BBC		https://news.google.com/rss/articles/CBMiWkFVX3lxTE5ZUzhYTzcybjRfTExSNXBDRFh4ek5OMXliUjZnSElvTHRjT1Z3TjRhbXdCcGtaOER5TE9ZYVlvWFF4aS03TEp1bkRFZ1BGcEo4QkRmNVI5cDEzQQ?oc=5
2026-03-13	Google	0.0	US eases oil sanctions, boosting Russia - DW.com		https://news.google.com/rss/articles/CBMinAFBVV95cUxOXzRPSlg3OHFZbDlFZ09JbVFxNUNiTjdQX3Myek1WT1Uzc0w4QmFScWV5eTBzRWVYanEyUlhaUkVUaElGeVFiZmVnZ3ZJTGZmZVVfOW16bmtkREhYTlZkRzZIMlhsUEY1cDJoRk5PSUZFSEVVUHl6d3B1aTZXWnhqVWhzblZ1UEZFbmtyemJIVHlVSTJ1UGllQkVtc0PSAZwBQVVfeXFMTkdvOFJtMFdlVzhnVjhWaXVCRkxUVHNPdDdrcmx1SUZTMEVhUzJWRmxfMlFmcmhLX1JqbFBpVUUzdnpwTjBLYzhTcjNOQ0l5UV9lOGxYM2JJeG02dTZMMVNZSHlEYjRYYzNXcnhPMFVxQ21EOW04U1VGaVdCTWxpNjY5Q0U3a05aZTdPcFJWaXU1TUtoWmhGclY3RlRE?oc=5
2026-03-13	Google	0.0	US easing Russian oil sanctions 'does not help peace': Ukraine's Zelenskyy - TRT World		https://news.google.com/rss/articles/CBMiWEFVX3lxTE5jUWNzWElmQWRMczd3NmxsMG1WaE9HM2VIWUhMOXgxTFB1cjRSN1JtWVEzUXp2MnZqbVVLdW1PbnNUeTlHaTZTd0h1RUxMbkxUS3pxVHFtVFbSAV5BVV95cUxOVFE1MWlWbzYzNm5sUmVPWVAydnoyRE9EekVLU2d5WjJ4ZGVfUVJMRzlNbEgtTUJILU5naUJtVW9PdkJ4d1BMR0l4RGo1OTBRdnZlU0t6S1dtNWV4TC1n?oc=5
2026-03-13	Google	0.0	US removes sanctions on Russian oil amid Iran war- here’s how the Kremlin will benefit - Sky News		https://news.google.com/rss/articles/CBMivgFBVV95cUxOZXVJU1VrSlFRTTF6blVfQ1A2bmVmSzhjYWRSVDMyQWtVc0IzMmJ3UU1Vc25aWTFlWkZaelVQT0FDRzR3eHotOVBHd1lrdmFYYVU5VVp4Tktmam9Pb2Q1SVZsRkJMaXBEVWZfVVVINzVRREZDbzBKZFc2U0pRcE9oSFFTVm9EbU4zT2FMM1gwLTBFVW1vSEI0QWJBRGxrYmZQaEJ4OC1PaFpRUWN3SkJNUWZLWVNzNHRqdzI0NFVB?oc=5
2026-03-13	Google	0.0	US sanctions DPRK IT facilitators over crypto transactions in $800 million scheme - The Block		https://news.google.com/rss/articles/CBMidEFVX3lxTFBXOVlEOVlBZkVVdTJuMF9YYnZHeEJfMHI4R3laOUpfbm9LRUM0bUY1QXkwbUtpQVB6S0hVd2huM2ZBYlVlQjFvcThjNFlMOTBZUXhRTFRHX0pKVjFBSk5hUlNFRDBnT2cybGM4RUNHT1BLOUxS?oc=5
2026-03-13	Google	0.0	US temporarily lifts sanctions on Russian oil amid Iran prices spike - The Hill		https://news.google.com/rss/articles/CBMikgFBVV95cUxOLXRlTGFabTdLakdvbndYcEdvX1dLa05udlJRNXY4Q3VkQ25WYnpNTl81VENUQl9DUmF4ekh6emFac3JWbTFxWExsSEtCOU93T3NIM0dWakcwS1Z2WUdia0xmay1Rc2hsazNjV1lIeDFubTZPVE8xWUZuTGM5ZGFDNVpXM3ZQMUpJcm9ya2g5MGY3Z9IBlwFBVV95cUxPR2lMeGRmYXhQTHJtVF9UaVRRaERJVW5FT1ZFeTRZWENiLUFtTnJoUmFmYklTOGNINWF0d200MnJGWnJSMHNnMnVaMUVBTVZWeTByY2ZGZGxrNXhPMWQ0U1lJYkt1Tlh0dFYySzk3RnFVSGN1QUR3NE80c2NpTEUtR25qMGdxV3U4XzR6WHF4S0hUYVhILXdV?oc=5
2026-03-13	Google	0.0	US temporarily lifts sanctions on Russian oil stranded at sea - CNN		https://news.google.com/rss/articles/CBMijgFBVV95cUxOS3RoUmxuREEtZTV2YWNCeEJpOWxLZnlKaDE3dkNOYjlnX0pKbjFMQmVod1o5TXpJcVZWME1xeEc5LU4zeXFZTXJ4V2JsSi1RbWpsVUVkUjcwWHpEY3MzS0Myc19yQ0RGWTdnWGJsVU92d3Y1UFNSY0JyRVV3TFItMVVwRjRZU1NsaHpQTFJn?oc=5
2026-03-13	Google	0.0	US temporarily lifts sanctions on Russian oil to curb soaring energy prices - WPDE		https://news.google.com/rss/articles/CBMirwJBVV95cUxPM0lhU0Q1NXBjUl94V0t1YWdmVVNIWmJLT3V0V1FPTHptYURtVUN0Z0xLRVNaZEs5REpqQ2N4UVdlbDR6SjFLUDZOTmFBRWpFX29VZW9vQ2NaazdXVm9DbnpEeWhMa19RVmRWNTJGckZIZkdyVER6R0VTZUlYX2puZVZRZ0d0Y0paWndZdDR6cElLM2U4MWhZaS12OXhCWUs4c1lqbHFRVFBWd3JTa0ZYYmpqUXlwVkdkN2h0ZnAzWFBGbFZSUFoxb0VRdGtQc3dRcVl6LVozOUZRZmZiT2hFMldWVks0XzRKbnVjaXp2NEdNZmZWU19uVTR2Um5JNkRIWmNxcVF2ZEREdTUzUmJ2SDZId2xCVktyblNDR2FMdHpReHVYdy1PdmF2MDdMVWc?oc=5
2026-03-13	Google	0.0	Ukraine and allies fear easing Russian sanctions will prolong war - BBC		https://news.google.com/rss/articles/CBMiWkFVX3lxTE5OU3gtNS1WQUlERFoxeWM1RWdOYXctM3RyWEVXeC1ETmtKbGF5dFZQZzdzNEJlQzBwT1ozV2pVV2k5LVoxVWp4ZGw2SXFoUkpWOTQ4alRTSUpBQQ?oc=5
2026-03-13	Google	0.0	Ukraine and its allies oppose U.S. decision to temporarily lift sanctions on Russian oil for a minimum of 30 days. - stl.news		https://news.google.com/rss/articles/CBMizwFBVV95cUxQTnRCMDRCbGg1SktoMWc1TlZETEUtWXJ2c0tSUTJUZjl3NXJvSmd2TFRveV9NVUV0NmM3Q29fc3dhZzZmVUJuV2ZiWjJ3SW5ibTdfcGxseEx6dEZCR2liSFA4b2d2RVpEZlRsM0RCZ2pYS0VsYzM5YzJLdmNHWGlyS2dIVTdJdFJ0Nmc1MTRjcVpFZDBwOWJGM1VIb1Z2NjE4WURubmlkWVBnNlBlRDByX3dldTdXVFdocHZaeEJTcHc2S2ZJVVVvNkszank2eVE?oc=5
2026-03-13	Google	0.0	Ukraine, EU allies slam US decision to roll back Russia oil sanctions - Al Jazeera		https://news.google.com/rss/articles/CBMirgFBVV95cUxNa2s1WHBSc0NyMGxkR1ZjdDB5S25zQVBWd1dBemR1TVl3YjlUeWs0ZERPTFZQWjAzZ0ZKV2ZtNF9yUFI3S1hSRlVLY3Zha2lGczVNeS1wLUdfSnhGVG42d1pyek1MdFY3N2dWRjAwa2djdk9CM1pDUjZjVnVCTGlIV2pBa0tqaUVRVngxSmdDaVZZM0luZVlIWUpvODVCZ2RhVGZITjkxczdXN3R0dEHSAbMBQVVfeXFMTk0yd0ctV0dlbGx0dmwtOXZPVms5VzBHT0Ruc0ltamM5elRTNWl5TDZoWWltdTNmaHNYOW1aV0VkVnJiNFdGS1NHV1h2LVFnUlc2M2JfMXctWi1MZXkxd3lxTTFMd1JrWkxwVTd2ZU1NRDAwMktpS3Y5M1lBSWZwRjFIRlQ4TGZEV2NFTVVjempveXlCeGJUUHh5SGNJYi1BbTJ2cU9Wa184TTVZQzFfc1ctZTQ?oc=5
2026-03-13	Google	0.0	White House Lifts Some Sanctions on Russian Oil - The American Conservative		https://news.google.com/rss/articles/CBMikgFBVV95cUxPMFp3R2ZMMm5HbmRjR2lwUVE3bWtsNkRobG9ZZ0lPWUtTaDRGTTZsSFN5Zk5RbGtyVTJNanU3Ti1ralFQcjVwYmtRd2QzYmZ1SzNlLVhUUDkza3llQnJoRkl3bC1Db0V5UHozejI4NWo0THB1Tzc5NUljNTBFM1FQSnc3dThkR1JhMlp0aHFGWTBVUQ?oc=5
2026-03-13	Google	0.0	Why has Trump eased sanctions on Russian oil - and will it help Putin? - BBC		https://news.google.com/rss/articles/CBMiWkFVX3lxTE5Yb3JJM1BNX0Yyc1JvTmtyTnk4cnFYb0RTeVZtU1V6TnRVR0ZoUFF1dmpjZExoMTFFSFRYa012ZEE2LWpmNzFhRm52Uy1yUm05MUZkSWRSdHNmdw?oc=5
2026-03-13	Google	0.0	World Rugby issue statement as Georgia rocked by Anti-Doping sanctions - Planet Rugby		https://news.google.com/rss/articles/CBMipgFBVV95cUxOT3V2RUlfZzJUVE9xbkhhYkpTVnp5ZEdEN0prMFR6d25hNmd5TzNOcWwxYXVJQ3pBUW5iTEFOZVRxQ3VkTmRBYkx2bDVxdjZkeVMzR1JYeUROZE40MkdMRmVmLU5OclgzMDYwUHM0bkNTSVAxNlg0V2Y5a05ySUh1R200SUJISkQyUEQxdkZXVHFBVk1mSkRETkxnWktYczBJSTFDSlVn?oc=5
2026-03-13	Google	-0.05	US decision to partially ease sanctions on Russian oil can give Russia $10B – Zelensky - Ukrinform		https://news.google.com/rss/articles/CBMi1AFBVV95cUxOV2xXbC0xQl9rVzlLeU5KVDlQUW5qVDhuSlZnaXFKdlB3X3VMTlZkeFM1WGNrLWo3ZjhaSkJkM3FwYkRQeDVoSk9QZWR6dGNmS3dHa2VBQ0xEdWtLU2JvU2pzd0xmM3dpQkpuSFNBT1BJYS0wQVFMMWljWXRVbU5CQ3g1d0Zrc2VVM0c4Qm4zNWdQUlkwRzRjNVBZejI3akljRjZaeEN0NHFURGRGY1VZclVnUkM3SmdpYURaRU1wTTNieV9ORm1zc0ZuOXN2Rlo4VXVyONIB2gFBVV95cUxQelFGRTFsQmJ6QXhmRzFxZUhNSF93OUZHVWMxa0l6ajFONjNhZ0JSYi1HWnB5NzZjYUJDSF9vcjZibXphLUxVZXBCaDVJcndNbkR3eldDNGt2Q3VNYjAyQ3dhZUxMamxvOEUzT3BocUtSc0dyRFRGZUxmNlZfelRUR0otOXhQQ3A1TU5BR2xsUmI4NnhSdmxBSDN6RXY2SXNKWGJiWVpuTHVQOExXcGlxNm5LSXhRSnNRM3g1R3dNUjc1cWV5QWdkYzFRWW5DZTNoVlFXM1BMZjVUUQ?oc=5
2026-03-13	Google	-0.1	US Treasury Sanctions Alleged $800 Million North Korean IT Worker Fraud Operation - Decrypt		https://news.google.com/rss/articles/CBMinAFBVV95cUxOX2l3eXdsUFA3NmNkOGN4OGtzSVJCWmRQbGpXMFFxREFfVFlmUHlTUk5PcnNkUGtTeExVWlMzR0hJS3hsblI3NjY0WWRYcGxuWW11TDJzNHRkbHQ3SWNqQ0s2RXcyaTR3d0R6a2F1dWtWWnp3QXZDTEtyandLN2g4M29rNkU2QjU1ZkdXSWtEQzh5bnpUUklfWkUyUmLSAaQBQVVfeXFMTmJoN1FEMzl3M2luT0xEb1FTNnN6eGVKQlduTWZrbHJNYjdQbDRWbmtuTmwwNG8tdkZaMHh1WE15Q2lhUWpGanZJdjRENzZXbWdjNHRYUTRFT3hPVXo0Zy1ZbWJ3TnFCMV93R0Y4cWU1eTU4VWtxZjJxOGpFZkpyV2ZEU3ZtREJ4d0pPZGllY0NyUFlaX1NIaGQzWW1RWVNoNlhOSmk?oc=5
2026-03-13	Google	-0.125	US easing of Russia oil sanctions faces pushback from other leaders - BBC		https://news.google.com/rss/articles/CBMiXEFVX3lxTFBxNzRkV1lSWTBFbGNxY0RUSnpvT2NFZS1nV2dwcFo2QmV4Z1RQTWJUb0xoN3Nqemk5REdxNkxjN3dMQlduZnZjSWZNQXpUZVRuclFHMVIxS2phcWE1?oc=5
2026-03-13	Google	-0.126	Trump says US will hit Iran ‘very hard’ after easing sanctions on Russian oil - Bangor Daily News		https://news.google.com/rss/articles/CBMioAFBVV95cUxNTmF2OEtnQ1NlTlhId1NYeDFVVFpQb1IwMThNai1HYU1zT1dzQWlDVE5hU0hsOHMtUl8wT2dBMktraGZwOGNtdWF4T2NtQzJ5U2hZU0l0TWthNWVnVnVqQUJKSURENFo5ZWtyWGNRYkg4SG84Wm9iSEQ3Y1NiSG14TUZCenRFMkEtT3I1V19yUWNraHFzZ0dlakdWZHpuZ2ND?oc=5
2026-03-13	Google	-0.135	US eases some Russian oil sanctions but crude prices stay high - Beloit Daily News		https://news.google.com/rss/articles/CBMi9gFBVV95cUxQWjJYTWV3TEQtbm5uTm1ucFRRbzRIOE9uc3BJWWpSOGNpdG1fbFlpei1fRExCSndIWDFyYkEwVHk1Y0Rab1EtLTJ5NlM3UDd4MFpVa1lPNEZPeEJIRkRtaEpfX3lIYjF0cF93amdqY2l0TUJ6VW9PZEFTUzZwTnZ4M3FBc3g5YlFKQXFqcTMzYjRLa1ZCb3luV25vOTNfeEFxS3B1NlNSM2kwTVo4WG5yUHc1dE9meWZzWmVscWtFZkN0UEtFTUp2V0dDRzZKQUE5T1l0Z0FudDFOUnRuemZLMGZnVXdYQmJGTy1Gbl9Sd016NjFBNUE?oc=5
2026-03-13	Google	-0.135	US eases some Russian oil sanctions but crude prices stay high - Temple Daily Telegram		https://news.google.com/rss/articles/CBMilgFBVV95cUxQTXZfTTk3MGE3VllTN1FQOXRQenE0STB2Z0ppc3NudWRHNzdmX01kZkJCQ0I4eVJtUW5BUFdEMmNtNFV1MXN1RmhXd09kOFFrci16eVFBbmRvZEJXb21jTl9zNEhRWEtEeEhfM0w0RV9mbXgwSlRWYmdITE5OU0ZoUDBEYU1qTXJDUTU5RHNtV2pUSTR0X0E?oc=5
2026-03-13	Google	-0.15	Nymex Overview : Oil Futures Edge Higher Despite U.S. Easing Sanctions on Russian Crude -- OPIS - marketscreener.com		https://news.google.com/rss/articles/CBMi2gFBVV95cUxQWlhVd2g2bmlPVDlJV2x4T3A4TGlZQlNOWDlqZGtuNHBVSFYtdUJadEh5LURRZVNNclJwV0hZTGc2R3BYb0ZKOGZmeGlidUNITXVfempDVnI4cWtQN0ktYlNvb2RxQXczZkpHVEtGQUdBdzZoQjQ1X0pENmtWQk1hZ1dMX21mTXRVYTVSU2swdmhaMUdvbFBYejVSa0xTaFRFaVd1YnUwQUNTNFBhYTd5LVVKQTVJdWItOFJUdkNYYTlRUmpLNDVRXzVPN0I4bXhXNFJjNzkyd3lYdw?oc=5
2026-03-13	Google	-0.15	Ukraine drone attacks, thick ice slowed Russian oil exports before sanctions easing - Reuters		https://news.google.com/rss/articles/CBMixgFBVV95cUxQZUNZMmhTSkRwajdUT3NZU3JjNzZUSDh0eE9xS0R2THNadTRBMFAyTzZRNGFfYWM0Nm1Zcjl2YmJMWmdiVTRrZU92c3k0V1ZhWGxRZjFKM1dHdWtfR2tPckFjckR2eDFSd2N0eUc5cmlpUE9NN1hDQmNxVlhGQlFhWW1MRnBBOEE4NXlXRmZyWXpGYmpMaWxCeXR0VWd4RkNyT1JxaWQzUlkwV2dCdFpiOFNOZFNYMkx1UEVqendWaEpUNnd2U3c?oc=5
2026-03-13	Google	-0.18	US eases some Russian oil sanctions but crude prices stay high - 10tv.com		https://news.google.com/rss/articles/CBMi8gFBVV95cUxPSmREcXB0WDd0N2VCY0Z1NVFLUDZOUExVZlJOZktRd2ZxaE14djZYOTNQREc4aWVJMV83NFlnMkJyUHAzZUJvZVZmUTNfUEJaNDFEWWZiN0VJR0Q1NmV4SWRSWm85MFN5RXJ1MXhrallXQkZtZjFQeEtwaV9GcDBaQi1XVnM4ZGRqS1UtUjVaVlJMRjRzM3JYemhHaVdSbTRIdGt5eVlOcHZ0LUFGLXFXanJKZnE5WDZ6bU5EaFlqenpaM3BfTkdpaUo2V1NPb2ViOHdLY1hZQ3ZXLWJpS1FqNVhYdzZuUGdOUFVIeGVJM3R5Zw?oc=5
2026-03-13	Google	-0.18	US eases some Russian oil sanctions but crude prices stay high - Messenger-Inquirer		https://news.google.com/rss/articles/CBMi-wFBVV95cUxOTGM0TW5vMnNHdFdTZUMzS0FaTWFmLU0xeUxYazBSQ2EyZk1tbE5od3EydUFBOXlmcXJzX1prRjNLT2dIQkw5Y0NCZGJoQUI5elEwTXZwUHN6VHNmOEJmRG91MlZ4RkhBeWxKcWNMYnNMNkszdDNTdWtkMTFzTEt2OWdwTmwzem9oRjQ0bkRPX0lLb0s5YW81TTNMVEIxT2RQbHBUREozUmNnRHJwbHNPbmxVLVJuckpyYko3a24wNldKTURpa1RTYlN6WXMyQ2JId203M3EzZ3UyRXlwRHdsTTV1VlE3NkVxTF8zLV9JR0piNnBBVHJXbWRSTQ?oc=5
2026-03-13	Google	-0.18	US eases some Russian oil sanctions but crude prices stay high - Norwalk Hour		https://news.google.com/rss/articles/CBMioAFBVV95cUxNSVd6RDI2dHp6dWRKNkVCZGpKZ1phUm84NFowTURHdnM2ZzhWM0pNbW5ocDQxZURHblRVaVRGUzdsYUgtdEhZeFAzOHJLOVk3VEg0UVJraTg1ZU1PM1pWNGl2d0RxNS1lcFZEbGMxM2FaWVJXY0NYWGk5eUhhQ1E0R2QtU3M2d1A2NzA4LWw3UV9oUjVKU1RjYk53ejJUQ294?oc=5
2026-03-13	Google	-0.18	US eases some Russian oil sanctions, but crude prices stay high - Las Vegas Review-Journal		https://news.google.com/rss/articles/CBMiygFBVV95cUxOQThsVFF2VHdBM3dMbWZQS1IwU3pNNEV4ZkN4TFpqYlFZNEFOY0RKeXcwZWR5VllMcVpGbG9xUWp1eWljM21saTNmbS1hMnVHdXB6WXJTTkkwR0tiTjJpbGJFRUhnc3VYMjctVEFtZFgxX0RMZ0tGME41WjNJTldqby02dDZGUXhwRXR6akc2ci1qTDF6a3ptUXBYVUlqbEpiUWdfUkdjcUhSWFZLcVlyNHlrQTFwNFc1ZWxPZFVKSGRGV2F6a1pBWTBB?oc=5
2026-03-13	Google	-0.19	Trump Says US Will Hit Iran 'Very Hard' After Easing Sanctions on Russian Oil - GV Wire		https://news.google.com/rss/articles/CBMiqgFBVV95cUxPcDB2Qjg2bUUxWFJvaV9SSkVscmdaalNWTThlN0UtWUYzVnZRbm16NERqRkNleGw0WkVYTFpHZTJVSUhLb1V5dVplMWdyVWh0SnJoeXpBT2lEMkZab1hWbFBSdDBYdnJCQWhHVk16WFZYWUxwVlB5TEl6QVBVRktHYU9wNFVfZDJJZlNNRVFZdjd0UnRveWlwV2pBU3RxeDg4TEJLdTZRYTlSUQ?oc=5
2026-03-13	Google	-0.19	Trump Says US Will Hit Iran ‘Very Hard’ After Easing Sanctions on Russian Oil - Algemeiner.com		https://news.google.com/rss/articles/CBMiogFBVV95cUxQbXl4UHk3d1pGYkh6cmloazNwM21STjhjRmw2VEw3VmRyd0ltZnk5S1c3MGhweWVPWWRubmo4dktfNDlMTEQ2TS1HUVNDMFZkWjg0NUc2ZThOcm9fVTZqUWxvd29LV19BMzdXdmp2RjlOLUxYM1dfT3FOS1dFTkZpYWlyVmJCVGNWdVFxai1KQ05TZlR1ZFU3d2RWbzZzOVhfMGc?oc=5
2026-03-13	Google	-0.233	Japan to consider whether to buy Russian crude following US sanctions waiver - Reuters		https://news.google.com/rss/articles/CBMi3wFBVV95cUxPREYxU0xXSUpSVkRnZE9ocFBKVVd3UlowMlg5VzNjSUE3azBfYVNsbzVpdmR0amZ2SF9QN2VfbU1QTzZmVmlzNDllY3R0djFaZjBzaEJrZUdhLU5ZcEg1NFdZR1lmRGEyX09YMkFqbHNPSWRnNmk1b0hLWDRQeHN3cHVadXkyc1VjRFQ3VlhjbUdPY0VOcXhwN3JtUDZNZWotTEQzZU93VjBlaU9lVTFzME1SWmdsYmRSRC05QlN2MjlWdnVkdXF3SXUxWDk5d05ndTF0VUh0aV9xc2pvcEtz?oc=5
2026-03-13	Google	-0.233	Trump administration takes steps to further ease sanctions on Russian oil as crude prices surge during Iran war - Oskaloosa Herald		https://news.google.com/rss/articles/CBMimgJBVV95cUxPdnRZMGJ6MkNXdmdFUHNLa2ZlLTFzQmRwdkxLRzhOUFBZbHEwQ0k4bnJZcm1MMlo0WlNieFhqQk5CVnQzcThOTEI2dld6WGZZVk8ycV9TOFoySEV4b2NGaUE1N3cwVjV1d1ZIbDlpOUpILWY1bXYzQzZ5RTBSTHNRQThheEdHZjVybTRSc0hlOGhfSjVDNktpa2xpdzYxbllXdjVhTzVUWGhZbUFmRTR3cWJLVElScVFPQVNoRi01bG9wSHE1bjRlLXlLcVdBdGtDVGpnN21oYmFvVkhyTUlQRGk3Q2NtNWV0OVhJYTl1cE9vWVVLb3M1RWh2cnZlVXdFcEVsdkc0SHdQR0JZOGZjSm9RcWFPS01oMEE?oc=5
2026-03-13	Google	-0.25	‘Wrong move’: Grassley criticizes Trump lifting sanctions on Russian oil - The Hill		https://news.google.com/rss/articles/CBMijwFBVV95cUxPWUMxeXBLc2VLY2xPb2RVdGhkNDRfZ2VNWG1VTm1qdlVELU1OTTladFpaU05IUXRqWnBSZ3BSUS1YV216OU91eGNUanJjU0sxQVVTa2tOaG1BdEx3NFVtaUZYSHJISjl6ODlkRVRRbHRpMWV0cGxWZTJ2akpPWHdGb0l5NVQtSXJwc25sUjg0Y9IBlAFBVV95cUxOczN6WUJKV0NTZHVaREtzQW5FLU8wWWZuRVR6WVlKSjdLTlhqeDV4Q2xuX1UxM1FKcE9SUVR0RklET2JTQTgwY2hESTJnbGFWcUV5YzFUdktrSUhrM2R6b1ZFc0EzUjJhRUVUem9IV1k5djFZeWtIQlVxaXdBWDhRWV8xZDRja2lXQXRWb1M5empxNFN6?oc=5
2026-03-13	Google	-0.5	Germany's Merz says easing of Russia sanctions is 'wrong' - DW.com		https://news.google.com/rss/articles/CBMikAFBVV95cUxNbHVXbFRXVkFTVk81VHo4Y3EwbmNDVjlUVG5RZ2xwX2dSVnNvZWpLVkxJc09MWlRFdFU2ZXd4SUpnYXBhRmo5N0dkTWtaM3VobHdnMXAybG5Rc3lBX0VOcUZEMUxCY0RmaWVYY3M0QWJuZWFzN3A1c1hyZGdxNDVweHZUUzRpZEJ1akFRTzFiMzXSAZABQVVfeXFMTXg1Qm42cm9jdzdtLVg0M3ZyZDk1OGlYZmkwcFF0XzRYcHRXNGFsQUJnX3owWFNucTdRSU1xY1YtUlFMNk5aOUF5VjJiZ09NelhrVXlmckxOSXFzNGlMb3BPaTZKc1YyZ05qbTJkVXVVclAzamhNSWNPZV9TQ1VHMEtCa243ZjRjSlVidmR5RW51?oc=5
2026-03-13	Google	-0.5	Trump is ‘wrong’: Europeans slam US decision to ease Russia oil sanctions - politico.eu		https://news.google.com/rss/articles/CBMiqAFBVV95cUxOSUhiRWJkM1ZlXzhWeDVMekZvWjNrQmV4dm9yQkh6TUZKdkNMZ0RmLXo3VEFBQVJrSzM4UlZLS1BhVHMza2lOUXYwYy1DNGpyLUFheHFOOEEtalRMX1EtQkhvMmMtcnlVT1NhRVBreVBZTEJIaDVfUVVtV3g4ZXgxUktMdUU4TDE1N0daZGxQYnhWNTNHLVg2NUFXRVZsdjU1V2ZmQlRMODg?oc=5
2026-03-12	Google	0.5	ICC prosecutor clears U.S. over sanctions in Venezuela case - Latest news from Azerbaijan		https://news.google.com/rss/articles/CBMihAFBVV95cUxQcnlNV1ViT0QzemxCemNhTDBLcjRqOV9iTEJEUUttRk9TTnhfLTVmTWxFYU81TFVVbkRTS3NCZUdFdWlhVVpDZFdBQVh0b2kxUzhPb1J6WEpPZjFyZUZVVEwtVnV4ZW12R2ZGd0hjOEZDM3I3U3E1QUZIYkY2dUJxREkzSkM?oc=5
2026-03-12	Google	0.3	Serbia's NIS seeks fresh US sanctions waiver - Quantum Commodity Intelligence		https://news.google.com/rss/articles/CBMikAFBVV95cUxQSUVwNXpfSFdialB0d05URWpEdXFuRzNzWW1INV9Tb3J2bWNnc1BGZWFCaUp4UU8tc082T0YwcS1iTmxicDIzeDJxM3Z4dllzbHVzY1lPNV9KU28zUmhBa2RkWUl3TWZOM2p1OFk0QWxDVlQzYjE5ekh4aFZxRjVfR21USjk4SlB2TlIxYnZYTmY?oc=5
2026-03-12	Google	0.183	February 2026 — Monthly analysis of Russian fossil fuel exports and sanctions - Centre for Research on Energy and Clean Air		https://news.google.com/rss/articles/CBMiqgFBVV95cUxOb1g0QTJEd0dLS1NzNWc4VXhCekstVXhiWUxualpXUUIwZ3hQYjNvYmVwX3ptNWN5SzlJS1A2ZzI4ZFd5ZzdoalY5bGpZVERDOURYV2Y3THVyaDFLWERZSldGZTQ1UVRtekhGU19XVklzRzVJNzZoTzhrSW1sMGFCUTFnSE9yTWQ4UmdOdE1NYThlN0VPa1UyTlMydUhpejRLbTk4YnRETFhMUQ?oc=5
2026-03-12	Google	0.15	Korea shipped Russia $121M worth of cars over 3 years despite sanctions - Korea JoongAng Daily		https://news.google.com/rss/articles/CBMi4gFBVV95cUxOWjZpRDFIZWNQYlZRbkpzRG96eHBYVzU0MEl1RjNKak9ON2Z3cFVrSVpDY2dvZTRxcDIwOTVzeW51LWYyNlBEYWgxRHByd1VMazZGaDRkeFVTdlZLMmp3allMemJPNkZETGVQZ3BjelNlV1ZhazRLUGF5RXBuTndScVNjOEs3aWZ6ejdUTU1sX2dJa3hGTW1sdFBjSzRGcjdpZ1BGblNwNEowQ3BSSWtadG1LNzVBWHo0Uk1LV2pqamhkYWRiZHVvenNaVTdaSjBoZTNHdloyc2JFUG1NOHVLdFV3?oc=5
2026-03-12	Google	0.133	Turkey, Central Asia Look To Slovakia To Get Russian Oligarch Usmanov Off EU Sanctions List - Radio Free Europe/Radio Liberty		https://news.google.com/rss/articles/CBMipwFBVV95cUxPOWYwZnJmSjE5ZDBKLVZmTmlWbXZtTlA1V09ycWU4ZEppY2ZkenVaT2dNdHZzTnNzSmJvOTRHd2haa3J5OFBQdGk5blpqMUVMMW85dS03bHRqNEI4MGJBcklvM2E1Sl9mTUR5b0lyUnRyTWVfeXJkdWlaZnNXSFdEeU5hRERhbm9JQmwxM1hjdTMzaDhBOWxlVDVXVERJUEUwNmZBZTlzQdIBqgFBVV95cUxPTEJVV01qZ01TNHY2TUJFTmFBVDRnRDFTQ01mbV9ELWhmNVVJck5BQU1TVWdHOVVWZjJzVmdXMkIyU05PUTRxUzZDdkRJeHBjMmo1SG9ZM2lESVNHOXZhM3p4NkFnWnYtc1NvSVdkSTJNcmRwMlBpMmlsVE1uY0IxN0JMeGZaMms5UU1EYnRTZVpLNzJVbVNDZFhUZFgyUFVMNHBTNEw1cG5MQQ?oc=5
2026-03-12	Google	0.1	Friends of Al-Aqsa urge leaders of Muslim-dominant countries to impose diplomatic and economic sanctions on Israel - Middle East Monitor		https://news.google.com/rss/articles/CBMi7wFBVV95cUxOZXNnT2Vsd2lud1RkTmMtUF9oQUswMFM2UGxYcFdueXoyUGZXVm5sRDRHOTdnTGV0N0hmelVIOWloX3NLalFTTGhfNHpNOTdMUU9GWWxtRWMwRGhTZlQyTExiTzY5dzhKbnlid2h0emZGYTRpMmtGMUFYWTRIT3pBWF9UTGNEaVVsTkVQV1ZIMW90RkdSWTNvY01NZW9FU0thMVpnQW4xekRXWnAwTURITnd5dm9EUmdiV2JqTVdiTTZyVW5RTnM3V0M5c25sbVB6clhxV1gtb2xBcFh2SjZOYllpdjA5RE1DQ1RsUkdUY9IB9AFBVV95cUxQT1gxSERfdndieVZfdjhwb0hnSE5xX3Q5T29OeGl0SS1DQ3pmWkJGTUxEbElOcDZYaGlvMjU0Y0dqalRsM1RRRUlVOEw4N3FWNFpTc196Uzc4aUJobThjWTcxeGhYRXZyMFoteWVNQ3F3bElnYmRGM0dhRjJuUHFldFJISDdCbzhFTDZBQWE2QTVQckgtZlIyWWpSQUpLQ3Y3T1hGNHhWenlvbGVkMlpRQnQzdEd4VWo0U2NxSXVHbkJXRVlpanFsdm12ZXZBdmwzeXhDQjhSZGhZZnV6R2J3b3d6WTBObVhRcXh2LTRlVU5aTF9T?oc=5
2026-03-12	Google	0.068	US issues new sanctions related to North Korea - breakingthenews.net		https://news.google.com/rss/articles/CBMihwFBVV95cUxOSExkcHBaWWpDTWdaOFljV2FYNEZCSTY2YWVxRTZ1dDl4YzB0M003c2ZnLVh0c0I2Y2h1dWtrZ3hHbWpoZXhUS1B2ZUFFOWV4eE9BdUdyY2dKQkUzeTc1bnk5VDZtRHhZVHl1VHhrREN0b0lVand2QlhmSTh6OWxTNnh3SHJ6QlU?oc=5
2026-03-12	Google	0.006	International Criminal Court Ends Probe of US Venezuela Sanctions - Fine Day 102.3		https://news.google.com/rss/articles/CBMiwAFBVV95cUxPQkE5UnBKRmF5ZHJDemFWbElUNlVSU2hraVdfeXRiRGpzQWU5b1pudU9OcGZQQTdzc0ExOExqOGF3OE41cVBlZElRekJibjJaRy1pSVhIc242cmV5dUw3X1FQeUdSZ0MzYTItUUVXV3E3YUktc1ozVkozSWZvU20zWlc3OVRkbzdLYjV1U3RnNjdlSGNvR2R4cjlCdUJsY3FHc1JMaFc2SEZRUXBCMF9hWlFsQXVtdTFKdEFRSThtV2c?oc=5
2026-03-12	Google	0.0	(LEAD) U.S. sanctions 6 individuals, 2 entities for roles in N. Korean IT worker 'fraud': Treasury Dept. - Yonhap News Agency		https://news.google.com/rss/articles/CBMiWkFVX3lxTE1aeHBqWUN0WjNkRWFBQ1hXaXplMGFrY00xbTE3VHBXWVp4Q0JnNGk4S3gzM1J5WFV4a3UtY0pReV83eXFZdjBtZjQ2Q2V1d1lnRTl5Q1A4YVYzdw?oc=5
2026-03-12	Google	0.0	FATF warns offshore crypto firms create money laundering and sanctions gaps - TradingView		https://news.google.com/rss/articles/CBMi1gFBVV95cUxNWGZTREMzX29HREJJUXB5dmFreXp3ZFpkdGQ2MDl0NF9UT2gtWlhKZkZKc2JfS0NvY1ZmVUpqUmpxLUtRZ2Uwa0dPbktPSnRNZkVIeDRjd2N2WHU1d2NJTEJ0dVN1cGxQa0JxYVYtekZWOU52M2Q3OXktRWVJRDJnMW0tdHdWanZ0VU9RUGJzOFJueHZNcmFMczFwZmlOYlhLNDRlSkhKWDNiZXpqQzRtRFNWUkdMenZ5T1VKbU9fVGg3U2g5QTlEZUlZUWRQWmIwYUlxcTdR?oc=5
2026-03-12	Google	0.0	FIFA Studies Possible Sanctions for Joshua Kimmich and Michael Olise Over Deliberate Yellow Cards - beIN SPORTS		https://news.google.com/rss/articles/CBMiiwJBVV95cUxOQ3B3Z2lRRzJIejdTQWNxMHRGX01LaS1RZ29iajhxeEpZMkFaTGtVMklJcHhPOVFsaTJaTG8ydXd6OFB3WERGbEVnVW9wZlU5cFJXYldGUmFabHdqZHV0QTl1andEaDVFTjIxenJwaTJWNTI1OG5SLXRPVmJVYXc1X3JhM01HOGNuQzd0d09jRTFXNXhuMTVUYkpSZEJxNDNzN0ttUERYeTVoLU80YWVHMmxpX3hnTjc3b1VfTVppNU1GcUNPQ1ExdTVyWlkzNkF0SGpZeG9KRnpwUkJqSGJEOXY4SzZnY1dFdFlDeWhhb0xRWDJOUF9vQW9yZkhwLWNsaG9hUzdsUEJ2ZGs?oc=5
2026-03-12	Google	0.0	Forget easing Russian sanctions. Europe should be boarding Russian tankers. - Euromaidan Press		https://news.google.com/rss/articles/CBMiswFBVV95cUxQVGJTa3ZtRWFhYzZzZTQyb2FVUU84TnNhSjJnQmtmcEZZT0VRaDZPbXlyMFdQRGVQcE1sX2Z5RUluLU4wbVBlNVhYbVBOWmhleWVWdW9yeVNiQlh5QVJNaXBiLVE2Nm0wc3FmMzEtWkx4ZGd3R25iaVozUTBDbDVuaTkzbi04Y1lSMnJkUVk5MEUtRy16czhtS0ZIMTJMNTF6Q1podG5YRHBPdUNhX2NUNm9SRQ?oc=5
2026-03-12	Google	0.0	G7 Refuses to Ease Russia Sanctions Despite Iran Conflict - UNITED24 Media		https://news.google.com/rss/articles/CBMiowFBVV95cUxQaFlIR3ZFTEtFRXRQOXo5WFEtQWdRYTZFb2xDRkJGSnZMU2xhQXdsQnpRTHZLZTdraGFZNzF0LWR5dHIyOGxULU5sSUtRRjV0ZS1lajhZYk5fWnFfN05YdTU0WDdpS203MENwcE00aGdlcjd0VTFyRlp6ZUFYSzdjbnRNUjBVYTJrUHIwVEVjQ3NPNHdGY05HZ2Q4S0k5ckFNQzd3?oc=5
2026-03-12	Google	0.0	How US Trade Sanctions Fueled China's Innovation Surge - Harvard Business School		https://news.google.com/rss/articles/CBMioAFBVV95cUxOTHhQVHI3QjM5UVYtc2xFdlV1QlphaEZiMWRSTXVMY3llR2VacUxiT0VsVlpQaTdyeWg5cnNpcDNBZFpYZG03V1R6XzRxbDZtbkdBWVQ0Vm85NU5wWHdOUlV4LVVLeVR5cEtZWTRsUXVxYnp3bk9aM1dfLXJ5RXJMWUtZV092d2lRQWhkYXhFX3ozLXVsLTE0aW9NLV91X1No?oc=5
2026-03-12	Google	0.0	ICC prosecutors drop probe into US sanctions on Venezuela - Arab News PK		https://news.google.com/rss/articles/CBMiVEFVX3lxTE9TZmNwaC1jMTVFems5bmV1Nmc2dHB3VlUyUExGZjFVZUZ1SmRqLUxqUmI4WXBfV21OS25NSlVpSUNUS09wN0hUcDU5bGdvSVpJQU83cA?oc=5
2026-03-12	Google	0.0	ICC sees no grounds to probe US sanctions on Venezuela - breakingthenews.net		https://news.google.com/rss/articles/CBMioAFBVV95cUxNMU9ZTmozZHJ3Sl83Zm13V2pUaExhejNOUmRiZE8tckVlMnljeXMtWE1lQ3FRbHA2Z2Nkd2YyN0IzWi10WXhCR1JkUllIbFBidnpJeDAyR0pTc0pSdVd4UXMtMlM4a2JVbXIzVV8zSFloeF9YUWVnUmtia0tUbldDaFJqOGx1bklpVWRXcWRUeTdiUl9Md2kwQ1VNMkNUMFVV?oc=5
2026-03-12	Google	0.0	International court drops investigation into US sanctions on Venezuela - AP News		https://news.google.com/rss/articles/CBMilgFBVV95cUxOaHZMbHg2TURiZGh5NldudnNSdWw5cFNzMG9OLThDMllHS1ZxakFtV0pVMjJpdHFaenZ5SFV0bmhySk9rX3g0ZVc2V1U4Z3REUHRuWUJDMlAzejBaY0w3VXM3ZkZGbC1mOEc5dG1nRHM2Z2RZZWxaWjVCaFBndU1iNDZ6UW1KdXpUbmdKam1qVjNYQnJzS2c?oc=5
2026-03-12	Google	0.0	International court drops investigation into US sanctions on Venezuela - Messenger-Inquirer		https://news.google.com/rss/articles/CBMijAJBVV95cUxOYzExUlo1NUx4bXBIQUEtNnN0Y0tCMUVDOWZGN3AxcDk2emZyeWlCRzBReFlWeVNBR2g4NXZBbGdwajRKV09NNzl5LTdwWjM1Yk9tWnVNeFM0UUFoSW83dXBfUnVrdG9fbzR6VDdWQmpUamIyUXhudWYta2k3dm9Ic3hOVVJJSUh3dEtaNXhSdDFjTGU3b1VtaE9sTDlEWE1iNTh4cFhSTmo3aDVfZE1fek1GdEtWWTJqWGtZeUU3TkNxMUlhR21TdVZYWWx4dWphQ3Zodzk3Y1FpWjNYSng3aG9jaVVqejJtZ2VLX3dHYUNpU1Via1B2cmw1bnBmekdnVEl3N2NZS3l3amJn?oc=5
2026-03-12	Google	0.0	International court drops investigation into US sanctions on Venezuela - Temple Daily Telegram		https://news.google.com/rss/articles/CBMilgFBVV95cUxNNzhGWC01SjFIb21XU1hSbmFQWUVvblNrRUhHRktNUmg5cW9GRkRRS2FJU2RhYUNSUkFKdVdtRHVXazA5QWg2V21DcVEzOFJpZkZ5WTF6TkdMQmh2elhJbFRXZm5RdjZfeU52WV95OVcxR0pfdk1WdDdxWjlsVXAwZk1ReVRuNzZYSEY2MUlzZzlEZGc0ckE?oc=5
2026-03-12	Google	0.0	Judge Eyes Halkbank's No-Fine Deal To Nix Sanctions Case - Law360		https://news.google.com/rss/articles/CBMinAFBVV95cUxPVHVpTGk1WEphS2xJaE5mTmpoNGk3LTdLYzlSdE1SbjBmVHVvOGs1M1NZcVJaMGpOYjJBRnMwNDR1SHVKRHhHR1picE4yeE1lZXlqaWd0TmpmZDZUOHVmRU5Fc1F1M19vQlp3dnVNX0NJUTZ2SG9CemVQbkc2SFY0NUhuQU11RVdtbVVmT0tocG5Tc19tbUdZU3R6NG3SAVZBVV95cUxQejZ4dmwzS0tHYm5HdUJNaHZtV21hbFo2clFSMWw1NXlkbkJlM0p2T1EtU3JNTF9rcXRrN1ljT0Nwd3JrSEJuUENWU0RUancxaDg3enVJZw?oc=5
2026-03-12	Google	0.0	Kingston seeks sanctions, asks court to throw out Bender’s Pike Plan canopies lawsuit - Daily Freeman		https://news.google.com/rss/articles/CBMiwgFBVV95cUxOaDVTeWNDekhQSE1CZGQ5RmZ2cDFpRGhMV0RBNl9CZm0ybS0wNDkyWjNXd2xHdGd5dWJXYTFZU0o3M1FsOHFBcmwtaUhFZFRqVG8xVG9rbFNmT0pyRWlFWDFHbGs0VXZvWk1WREFPVl8wTHNOWFR4cUpGQlk5UkpNOEo4Y2NoQlRQMWZiaHNGSUctYzdpcTBaanNobEo0QVpfcnpva19fUHc5V2g0TXUxUE9xZHhCcV9FWEQxcnVLX0thdw?oc=5
2026-03-12	Google	0.0	Putin Envoy Meets Witkoff And Kushner: Says They Discussed Global Energy Crisis - Forbes		https://news.google.com/rss/articles/CBMi8AFBVV95cUxQd1lGdml4aFNaVW4wbDQwaHkzd0thTGVlOVg2cVJqckhGdVZRV1lwYW5RTlVZUkFhNWlqTVF6LXgzeHpSTEtxQU9hVFhrZUhMeXRfYVNYYkxWSzBybkhESFJrN0xqdkNfRGFDR2l0azQ1dEQ1SzlYanlnalMtNVMtbnNnTkppWjRHSDRCSWhNbk5NencyeS1rdTFodHpSeml1UUxvRDk1MDJTVDFULTVFWEJidVFlZkdyaHJWTkV2ZU5lT2tRa3FvTmV2N1NYeGVHRG9Lc0lsbWtjMHNkM3JGRXlkY25vb09qUFVFLVZFQUM?oc=5
2026-03-12	Google	0.0	Russia and China move unsuccessfully to block a discussion about a committee established to oversee and enforce UN sanctions on Iran - facebook.com		https://news.google.com/rss/articles/CBMi2wFBVV95cUxPUTdnNjhpOUNwbUFpNWtBMlZYZG1FYlVRcEEtSDI2Y2cxVVNkNGRETWNkaDhLWWRqMkg1NkdzX0Z4cG5fVllWRW51NDh0TXlpRUpTZjQ5TUxkNGdqUmFfVVhfTno4X3BLbVZDVVJ2VXF2ZndRQndZVjdUeHhTWVV0dlNESHhoQVR1MllMY2toa1ZNZXk0ZGJjNEJWNzh2cVBsSW1GMUxFZllDY29Zc01waFRZQml3bGVFMVcxcENvSE9rZEZqU2NlTDJUdF9PbERFNEh4YTlaLTFMRDA?oc=5
2026-03-12	Google	0.0	State Department Announces Sanctions to Combat North Korean Fraud - Floridian Press		https://news.google.com/rss/articles/CBMimAFBVV95cUxPcHd3MWx6Uk9mZ2tpSG9BN3podDNOQ2s3YkpaM2hVZERuWE5qajdwUm5qVkF6QlIwcmlKRllJWGpMNVlXSEZ0Y1ZfbjRKcnltdGlpX3c3dG5tenczWDdxVGNmY2RKTk5aaHlDbWtKdFJyYlpSOGFzNnJ2RXB4R2FHSThMRXVYX0RtNVNjcHB6T2NFYWVlZTQxeA?oc=5
2026-03-12	Google	0.0	Supreme Court deputy chief rejects right-wing demand that he back US sanctions on his boss - The Times of Israel		https://news.google.com/rss/articles/CBMi0gFBVV95cUxPWFVZRTNtSFY2NlhMQlViNHFZZWRfQ25OR2dGQUNGenNPY2RGVmVBSTVQWE01NEg4VzVLaVRzWEg4V1NKU0NjTWQyTWdFRDY4anhkWllJV2VGZGZNUkdnV0YyU3p5Q1ROaEZmVlVtUW1VYURhMHdxUERXRmtPYXFtOG5iR21lNzV4dERZWUJNWjQ0NnEtNXFNSWc3dFRPUF9JN0FURGtDeDhjUzh2QmtZdW95c2JJaWNQVERHbTFTb0ZJUWtVYVZaN2NyRkRSdzgwckE?oc=5
2026-03-12	Google	0.0	Trump administration relaxed Russian oil sanctions. Senators say that was Moscow’s gain. - Euromaidan Press		https://news.google.com/rss/articles/CBMilAFBVV95cUxQMGpFdzdfSTluSEhsTEg5cnNMNGVJdjQ0dTZ3N1l3ZmZEYURNN3hwazNua2dzQXF0SDN6cXg2X080NlZqamQtcjFKbXZ5TlFjdm1RVTlPTC1jZzFZZ3lMZXRjM0tYWkRGTlJPNFlydElpVjJ0X1QzakVvY0dEc19jZE1KRWs0UGd3XzRKT2J0R0wydmVF?oc=5
2026-03-12	Google	0.0	Trump administration takes steps to ease sanction on Russian oil - WRAL		https://news.google.com/rss/articles/CBMiywFBVV95cUxOYjlLTm9IQTFmeTk2ZUxWZXg1N0thaURsMHR6YU9oRl9CNmlrX1hUdGppUExIZVc2UmwwTWJlVTlRSlhPS0p3VmRkajdrYWhRSHpKZm1zZU1tUE54cV9Fa0lBbVFnYUJBYjNjUXNtWEQ2Vy1YbVpIaEtNVDN0QV9LSnBtVENORlJQMnRpZExlUkczRzhLY2Q2aEhJeUVXZ1B2RVkzNWNIZVk4eUFROW9peUVaWHpMTUxLXzdfMl91Y2ZWOWxDQk44OFYwNA?oc=5
2026-03-12	Google	0.0	Trump's 30-Day Russia Oil Waiver May Never Expire. Here's Why That Matters - Forbes		https://news.google.com/rss/articles/CBMi1wFBVV95cUxNOHpvQk9vaWZEV3g5UU9XbkQ4SFJtaDdqeTV1UmZOWklZeExFR3U2UG5RaksweklwSm1mZU9HZXg5VjVIY0dFTmZIMzdVUF9GNDlUTmUtOE8xMWx3YmVIRG02TklUNkNlZy1KZkhRZmwtYm1vMFVEb1YtNTZOdDAxMlZUQWFIYldDZUJuY3RiTWdlN05RZG9rQmV0Nmw2eDgxTk1va1hIVUxvbXN6QkdNR1dENDUtdjNMTnV1U2NhVVk3bTAxd2NmRUhLU2N1aFlQNC1BRUJpSQ?oc=5
2026-03-12	Google	0.0	Trump’s Rwandan Sanctions– Arbitration Or Imperialism? - The Organization for World Peace		https://news.google.com/rss/articles/CBMihgFBVV95cUxOZmFWbGxidkdJWWtyM3VRdGthdXVNbU5OV1dYVEpKb1ZqVnNyYnBpZ2YydWpEQ1lBeGpzRVFTcXE4blJLbHd5T2NJdHJTR1ZOeVZ2TE10MVBqcnl2OXlOTDIzTE0yQzMyemwzREFTU0p4RnJ5TkFzSHlCRi1ESlhqUDhNcDVQZw?oc=5
2026-03-12	Google	0.0	UK court shields US sanctions talks in Russia lease case - ch-aviation		https://news.google.com/rss/articles/CBMinAFBVV95cUxQeUVyV25GNjdNV180dTN1cGVMbTlQSVRhR1cwMmZVZ0p4WkRtbkp0aTVXd0xkbHRZRldJcjIxN3BFZ0syZVhRMmNmN0RwYXg1cEotVXNMYVNTMUd3eExDR2pPdjZweXN1ZnBHNUdKQWgwZnlQaFRESXdKUVR5cFZDUWtuZEZfaV9BdGhGTnhxUmlOa3ItOHF0amd5aEg?oc=5
2026-03-12	Google	0.0	US Democrats demand investigation into weakening of oil sanctions against Russia by Trump administration - Українські Національні Новини (УНН)		https://news.google.com/rss/articles/CBMixgFBVV95cUxOTG9tWkVyRmtSYVluZXpOcG9ZRjU1T3VSRzN2NHZST1N5dEpuOTA5Z0ZuZzBaZ0d3UHNaYXc5a2l5ODBxSW5Ja2c3Zm93RDk3cV9WdmdzVWNiSnJyaEZQNGlXbjJNZGprUHBKbUFJNVZPOFY2ZG13dDV3NjQ2RXdwMDQ2RUJFZVZsbWt0TkNYVkJoLTNzdXlsRE1LWXMyYmxDS201UWZQYzJ2ZjFzdkhlaHFuLWpvMTJMeTRNN2t0R1NDMV9mTGfSAcQBQVVfeXFMTWNIb1R3dkZrZWtwZjdubkt2QmpXODF6dk9XMXRGeXhTMU5fQ0U5Y0F4WWdxNm5GRFBtTXVtMDh1YzdWTTg3Y1RzakpwcEZDbDZaMGYwMUZxVGVZZzdvVEZablNiR2pRWXAtZ2lFWDgxTDVmdXNMckVLY0RRVjAwOER5LXloUjRhaDJEc1VockhEM2JuTjVaS21vUVEzXzJNdzQzc0FzZEpnc2ZiT3ZLZ3lPRWZqMUVvWXdzQW03UloxcFlpbg?oc=5
2026-03-12	Google	0.0	US Imposes Sanctions Over North Korean Fraud Targeting US Firms - Bloomberg.com		https://news.google.com/rss/articles/CBMitAFBVV95cUxPQktLclBmbkdXLVFvOXVxajMtMjNFbzFFd3RKRTk5bkV0ZW4xUW5sajZrckxBMVBiOFltSkV6VWpJS2tSOFQwUzN3T0F0bDB0SkVWQ09yeGdDb09OS2NZZWUxNEl4QThQSmVIam5FYWZ4N25KcWRRZ3Fnd01BdTRBb2FPc2tES21lbXJYOFRTZnFVRTBmQXVnOHdNclNDQ3k1OVhoZ3FEamY4V1ZXQTJHSE9IMFo?oc=5
2026-03-12	Google	0.0	US Treasury Sanctions Facilitators Of North Korea IT Worker Fraud Targeting Businesses - Eurasia Review		https://news.google.com/rss/articles/CBMixAFBVV95cUxOdkZBZzAzNkNkNjJvMlZfWk5UYldmdUZ3aWpFdXVPdjdCRG0yanRtQjhuWG5sMVBLc0tjNDBiRTRCcmZxdEFjUWFDal8tbkw5LWRpQVU0aUVRWGkxS2xzNm5OQ2VXUkxoQkZoUWUxZFY0RWQ1T01XcERHVjJPaFlLNWpqM1RJRG40anVZX3J4ZXEtc3h0b1htaVU1cEtBZ2FzMVhkdFpPN0dueHpsMnE1My0tckJEcmxnYWtOVTJ6QV9rbERU?oc=5
2026-03-12	Google	0.0	US Treasury Sanctions Rwanda Defence Force and Senior Officials - asil.org		https://news.google.com/rss/articles/CBMikwFBVV95cUxNcTRPUWtIWGhxR01Cbi02empjNVFfQXhzWHZBTUN4R1ZETnE5dTF1Vk5lVmRieVdLc0NCRVhMZ1FPVDgzNmFWS3NraXpmajBYU3h6UWwyUVhPUDZIdzlMeWhCZGROemdrTE9kZjZ2M29TZC1UU0g1RldsZG4xT1o5MVVsYnlXejB3VlItSDktODdNcGs?oc=5
2026-03-12	Google	0.0	US and allies clash with Russia and China at UN over Iran nuclear program - Reuters		https://news.google.com/rss/articles/CBMiqwFBVV95cUxNdnkwSHpNcDZvaGpYci1PZTZBUG5ER3gxM2kyUTQ2YWdoOS1EZjJRN2xqNHJzY0JhSjhOTnVXSlpNNE1PYUFlbFpmRGJ1UnJFWEtQaUtVa2I3T2Y4R2pVcDRlMThGa0J1aXgtNzdQQkc0Wk9DX0ozdE54ZUN0dG9weHdKNnlYY19DQ3JtODBVZ0VUQmlDSlk4WG9nZ3FyZGVUTzZsSmt6T1M0a1U?oc=5
2026-03-12	Google	0.0	US issues 30-day sanctions waiver for purchase of Russian oil at sea - Reuters		https://news.google.com/rss/articles/CBMiuAFBVV95cUxQdUhZX1Zua09sV1VYZks0VEFaMDJhQzh2STZoVlVlSVBLOWkxelNIdEhMZkZmQWxOa19iME1vT3htNWI4SW5SZ1JmdWNjMGd2OXdWQVd1NVJXMGUtRkN0N29QTFhiclRBZjJHcmRQMVFUS1VWYnRScDljUVZvRkJkR3E1X0w1dG56djVqcllXR1ZZUGRZaGMzbnJ3c1NIbVdQZV81bzVBdFNUY1psUmMwYlVlWEpMVnRN?oc=5
2026-03-12	Google	0.0	Ukraine supporters oppose easing of Russia sanctions - Roll Call		https://news.google.com/rss/articles/CBMijgFBVV95cUxPbWJQRGRzeG5NMXVheGpYRFAxbDZjU0ROMXhjODlwOFlqaEVBUGo1dW9HUTRoYWFJSHhhNHcwbW1oeUlXNTNLM0l6enY4Y2NnOWlzbm5tSlZ0RFNtUHhieXh3TXZWdTNWUThyNnBPaml6cThUTms3andZek95andjRUtnUVRBOURoY0gwLWZ3?oc=5
2026-03-12	Google	0.0	Washington does not plan to ease sanctions against Russian oil - US Energy Secretary - Українські Національні Новини (УНН)		https://news.google.com/rss/articles/CBMiqAFBVV95cUxQMmkxRWZpT1N6RHZwZVkzU2JkN3RyZjVZZ2JGSkQ2Y0hXVVJhX05LdjZiRVoxOHhpVkI1cXBCV29XMmw5d0lOd2ZPV3RYREdBOWdtZmF6ZlBCNHNwUDFvcXowYVZkLU5kOG1IMkRMeEJUbDdiaTVTN0ozUHFhZHNrTFBfdllWNnFVQzM3dlpmNFZBbERpNEdXSWhpQ2lsb1RUeEZlM2l1QmrSAacBQVVfeXFMT1Y5aEZrUTctZUFGYk5lbkZPU0QyWkw1OVFibk1oOHVBSkxUc1pqc2s5a1FPNUFuOFA1UHFYSVQ1aUQ3Uk5GbmlmXy0xdDhOc29QR2JJVHBkMkxCclFPY1RwdGp1aEVnVmdMMy0wNXJhZ2tkLXo3V21nYmtfSkxlYUc5YlN2X3VDdHpzVDA3TGFTVzdhdWJCcFlScHBRNGZkLXFNXzFXSFk?oc=5
2026-03-12	Google	0.0	X could be breaching US sanctions on Iran, watchdog warns - Engadget		https://news.google.com/rss/articles/CBMirgFBVV95cUxOckhRUTFPWVF3cWswRzhiODlISk04RWg5WEc2Ym1lTjJ6WlZGRlQwR3RrcmhMQ2xXSldmUl9Kbm5BNEdhdG5aOGV3SjltRTg0UXMtLTVEZ21TYjdnc2JBa1pGR29hSUk3YnRxdGJRVE9lcEs1NUlhTXdqVlBCNzgyN1dIakFvZmxwV1V4em5zZjAtdmtwdEJzTXNDVXc3MzJvUUk2S04wRGVQa25MMkE?oc=5
2026-03-12	Google	0.0	[OPINION] The Halkbank settlement shows the political limits of US sanctions - Turkish Minute		https://news.google.com/rss/articles/CBMitwFBVV95cUxOc2NBOGtyV3FodWQ5aW9KT0RiY01lOFZMTUNlZDA1bzgtV3FaQ2doZ3hZWHBkbHJULVc4cllqQ1hKemNOQTJjdUxMMzRLOTB2ZUZ0cmdrVko0czk0d3FHMGtQYlpIUElLWm9XOTBQdTNMNzhpN0tGOXNHRy1uTjYycjdtcGpWTWVnWjc3SWJxNl9lMW5WcjdDNVdtVlhTd1pBdU9DdDliQnE1bFR5OVJSX2M0U1ZSaGfSAbwBQVVfeXFMTVpfMHdPaWdPZ1g3bzBQOGJkUjB5Rm0tUy14WVpSTlZ2TUFjb2oxN2R6RGJfbzhKSlVEalFaM2hGUGN5LUpPSkhZdllUMmxMakg2SGZJZ2hKTTduRFhtd0ZVUGQ3SXduMDVxSS1URkFqMFpRbkpReG45QnZNTTN4QXJBcWZKZzVydm1FR2N2VFNRN0I2bVZ4cnVnaEk3U2lzNmktNkxKNVZaUzdtVEdVeDM3bUpIcktSak5QaEk?oc=5
2026-03-12	Google	-0.042	"""Putin is losing his authority globally"": Estonia's Minister for Foreign Affairs on Russian Oil Sanctions - ABC News"		https://news.google.com/rss/articles/CBMi0AFBVV95cUxNalg3NVM5VlN4WHREN2xCR1k0YzJ4Z3VqMkNSMEVMVDlMck4xZTZPbUZhR0thTkdxNjc5clI4dFRwU2dRTFZWRGVkZFZCU1YwZmdLOUJ6dkMyUGk4U2tUYUFRb2JnQzhNQjVWQ05BcEZBeUIxTEdZSWNYSEpBNkdaOGxDNVQxY093V2tvVkFHQTBhMjNoek8wcVlVN3NJN2FMYWRlLWRPaTIyMEN1NUFpNzFLbExhOVVBbGlJZ3Z5NjJiUjAwazl3OHJsQm5FVnRG?oc=5
2026-03-12	Google	-0.05	Sanctions, seizures, surveillance combat synthetic drug trade in Indo-Pacific - Indo-Pacific Defense FORUM		https://news.google.com/rss/articles/CBMisAFBVV95cUxPSzVOc25SbU5QOEZPcHFMUUVpZjg3d3pwbUF5eGl3TFlVeXk1NEZ1UEFzMk80N2otWVE4WGhOd2FQWVktZ0lDcWNoVWVGUTJtdzFIODZvVzBIRU4taDFmMzFnZGMyWklaVHFwX2RvaE95TW5VTmFtU28yX2dOWHJCTFlKZ19wRlBkRWxvTTVVYVBQaEdMUGFPUlNMMkdPb1ozbzB5Y3Zsb1hxNDF2UVpSXw?oc=5
2026-03-12	Google	-0.1	U.S. imposes sanctions over North Korean scheme to use remote workers to fund weapons program - CBS News		https://news.google.com/rss/articles/CBMijgFBVV95cUxObFNSV1VqZWs5OEJCU1ZfNU9mNGRORlY2bkJjeEhpZ3ZrWllLeDdxUXM2THRibnNielhxNVVMdU5KOFIzdl9yMU5HMmxrczN2NnhRQlVXTFBrcW44VGRWbmJ2TnZ0Z2taVzZJdzBhYWFtQjBMY3UzZE53MEx5Qmk5OEVnZEJqenM1RExsWWV30gGTAUFVX3lxTE1PSmR4T2tKNGlqSGx1Q3JfZWF3bVlOd3lnNjVKVTdtSXZyeWwzMTZibjQxNGN3c0ZycGoyZXVlVC1FbExaQmlRQ21URVRCaFJSOVB0NjRiN3k0NklCcXdiN3BwREZPTm1iSnZIMTBFSTB5RmJVVkJnVXBlNGZteGJ1SXl5Y0ZVMlI2aWJieWNnSi02SQ?oc=5
2026-03-12	Google	-0.2	Sanctions sought against firm that proposed a $1.1B plastics recycling facility in Pa. - PennLive.com		https://news.google.com/rss/articles/CBMixAFBVV95cUxPdnI3dnRMNEJpSXNpcEVZTWd6ZXRCcWtsMnRfd2FFbFpWdFZCamF0UkV3aU92NVpIbldMTERycGFKU2lxcVNrb2gtdVUyZktHNTJCcHhMeWJ4azZvbUtwUlBPSFp2S2RoZTBxeURKaEVVZEI3SEZwQ2tFRmdPNEpqNEZtZ0tBLUFYTFNHc1VUaHM1YVI2b3h4VTRrQ2lIZkI4eVRONktIbXFmY2FTbTIxUnUzQ1NSS1RCNW5uNF9PalgxSXZH0gHYAUFVX3lxTE4zbC1HalRnY1haUW1rRmtmc3gxb3BhLWM0V0pvSkVYQkl0RHFwNGNGZTAwNmxDeEFVdm5SQ2lTVTQtbjdscGNtZlFoRE5sTmYwS0kza0FTbDhSRVBDX1dGcm85SVBlU25VSV9DYUxMVkdrMDhQcnRWdkgtMG5jVG9xM09QcV9TTGFPdmJfLTBrYktxYUVVTkFMVEpQLVVuNlpZNmt2d3c0QzFYZThRZHJuVWNaNXo1b0trX2tBSVRBdHhfRGtuTFN3M3dtU19zc0VFWXFNOEY0Ug?oc=5
2026-03-12	Google	-0.2	Treasury slaps sanctions on four Hamas sham charities in Turkey, Indonesia - JNS.org		https://news.google.com/rss/articles/CBMimgFBVV95cUxNMXR2Y1FqYXlWMWpjblRfekhTZnhIVzBDRFV1TzRnM21TcHh4TVE3dHc4czRjcDBHcWFjMXh1S3RHZ1QxTnpCdlNUbGw1Q3doTE5SZUF1RGVhUEdRR1M0R0FuQ1E2Z1ZIa3l5d25mQW53S1VoX1p0YXZWNWpueHJLNnR4VlZQRUVxTGNRc0xZSGt0b0UzWHU3bmFB?oc=5
2026-03-12	Google	-0.282	Serbia's NIS seeks new US sanctions waiver to allow crude oil imports - Reuters		https://news.google.com/rss/articles/CBMiuAFBVV95cUxPdUdBX2RpTGZLTGFKdnhuR3NMUVhrbVY5eUVobGR4bXFoUmNldzdMVUx4TzI4SDVMUFljWkZ1andSeDFqV1hGV1hMdW5SQXRURGNUdFd1R2JjbURBaW9lNkFzaGtqQVJySWdIQlBCWld3YWFwNU16ZWc5dFQ3VVdZbllYX0piVmgzWXQ2NHJ6NE9GX19pbTNpS1pXY0tsSTRIR1BWVGFMdFd0UXZub3Bnc0prYVdaazI2?oc=5
2026-03-12	Google	-0.3	Russia Pushes Icebreakers to 270 Days at Sea as Sanctions Slow Arctic Fleet Renewal - gCaptain		https://news.google.com/rss/articles/CBMiqAFBVV95cUxNbEZOdkFVR2lIQ1VVNlliRkpYRi05NFBBNnlSZXJCMVNXSm00Nlp3SFZXc3owb2dzaW9oN005Zl9yMURYUWFhSmdCZUlhV2hhdWVGZjhUMXJUN3NjcU1UcHQ2S1I4NWRUSm95TzlWcjh5QmNxb0M4M1F5enBTQ1Y2SlAzNTNhRXZwRHVrTVdVQWZPLXpKb2k1YTRWNlAwajFmVXY2TXJJelA?oc=5
2026-03-12	Google	-0.4	Story Behind Alrosa's Surging Profits - IDEX Online		https://news.google.com/rss/articles/CBMiUkFVX3lxTE5RTXFTNTlVcjV0MnFqSUR1ZGFXbDAtOGVydnpnMmlxRFFFQTJwaWdtcEdGNEhES3ZrNG1ZcUk1ZVNLN0hWbmJlRnc4cHEtZmxaVlE?oc=5
2026-03-11	Google	0.5	Peace in DRC Requires More than Symbolic US Sanctions on Rwanda - The Oakland Institute		https://news.google.com/rss/articles/CBMioAFBVV95cUxPVThWVUZNOGRNaHVSMDV2c21TRGZxTzA0ZDVDQlZIRk1SZndrMjRXdUYwZ0M1NlcyZnlhcjgtYmZadTdZLUJwNTZBUmVRenJ6SVhyaW9wdm5oejR4d2wxVWJnSW8yNE1sTW5XYTJwb1FxYmVnUE9tM3BiRGxIeXBEaWhtQXdlYkttQjVHTWJXc1pYLUNaZkNidzk5SW83V2ND?oc=5
2026-03-11	Google	0.288	Russia shouldn't get too excited about oil sanctions relief - Responsible Statecraft		https://news.google.com/rss/articles/CBMiZ0FVX3lxTFBxUzRTcDNtRGdmTzI1dFFtRTNmanE0UENRUm11UjZSUFJhUWgwbmNwbUFxSEE3YlNqdkVGeUVoTkd3Z3ptSHAyRFBTclY2MzU2cHRZWGZya1lQb2dtcnBXT1VWZ25WY1E?oc=5
2026-03-11	Google	0.258	EU announces new sanctions on top Iranian officials - The New Region		https://news.google.com/rss/articles/CBMiS0FVX3lxTE9hTVpkVTRqZHc4MmRtaUI3UlJtYm56WUVDb1lqNUVRbE1xMGZQOExuR0psc0FrbHJvdkQydVptQXRWSzFGYzlQaVZHOA?oc=5
2026-03-11	Google	0.136	EU Announces New Sanctions on 19 Iranian Individuals and Entities - WANA News Agency		https://news.google.com/rss/articles/CBMijgFBVV95cUxOV1hPTkZTWk8tU2txdXcxdWphQXBKM19pSDVhVDZYLW0wRFpsb1ZSN1BRNW4wRFdUdDFlR3pCOU1QRTQ2c2hXRmxSajlZZTBTYU5sQV9YTkIwd29TSkVLR0hZeU1CMm5FN1BLU29MLW5jSWpqeEVaNkFoY3RtNzBJWlpNbXZQSkxLTGw0WjVR?oc=5
2026-03-11	Google	0.136	EU countries’ ambassadors approve new sanctions targeting 19 Iranian regime officials and entities - The Sofia Globe		https://news.google.com/rss/articles/CBMizAFBVV95cUxONnhZNzE0clU4Tnc5aE1iZUJYNDkxMEhZRE8xOGVabVNfZXQzeEJiYWpXOXdBb1JRQ1ZzVEY5cTdiTHNGNG1GVlg5dFJEeDBGaU9aNWJHdlBBdy1xY1dxOUVzRm9Od29BbkxmY3F3QzdDUFpLbFd6cm1OYnJ6LUpyWG96S0FmaG0zelA1eVJWazJZeks0aXNzMkpMWFVwYVdNMEpHMjJQNWpqcUtja0Y5R3lzMURyYnVTVmYtaWVXMm1NejVwQUhRMGtsWU4?oc=5
2026-03-11	Google	0.136	OFSI Details Sanctions Enforcement Strategy In New Guide - Law360		https://news.google.com/rss/articles/CBMinAFBVV95cUxPbzgybzZXWlZWZnNTVEd3NUMwWG5UN3NUOC1PbDMxcjU2Y21RMWNPcU9xcXdLcjJLaEVoa3c4ekp0QndJRnMzY21vNUhlVTMtVDYxQ0F5MmstTlUwalBKNUcwNHZxSkFTeWNEdll1RFJpQ1UwOHE5NVRDakNRa3JwN2M2QnJzT2JjZ0plVm1TUEZSMUtONklfdF82MVrSAVhBVV95cUxQdzFuZjVERnRGNUtDdl9xMGRoNHltWXdJNFA5cF9YS2duR3Ixb2lBUk1OdEtlOVRELUhQMEx4aUgxZTBrSWtMU0R2Rm9JSEdpalBRVElKNXZy?oc=5
2026-03-11	Google	0.136	Trump’s Actions in Iran and Venezuela Show Limits of U.S. Sanctions - The New York Times		https://news.google.com/rss/articles/CBMiigFBVV95cUxONjN5dndpcE5RQmoxV0JBcXE0dzVodFUyaDcyQ0FNOVA5dmF3Sm1OREFsZnlKLXhLSGFEbTBkZ015MXc3MnhIZFhyRWozelRTc2hqMl9CcXRaVzB2WFdCdDJHSXpXc2ZzYVpqSzVPbmJ5UDRnVENXRXVhYWM3YjljaGlheHI0SUxYUXc?oc=5
2026-03-11	Google	0.1	Sanctions Evasion by States Drove Crypto Crime with Nearly 700% YoY Jump in Volume : Research - Crowdfund Insider		https://news.google.com/rss/articles/CBMi1gFBVV95cUxPSkN3eTBMblc4eUY0d3BCN255dkRqZlRhQlgwYUx1WDNXMVlzYzlzRWVacU5fYXJvenZYN3UwS0lFVVFWSDlTcTBDc2VubUpqbFhBTFBDSTRYMEdCamZZNlgxOWVPY0drQXBWQzhiMkVPbTBwMTNTWkliTlh4YjZxNUVkS0xlQmZibjI3MzdvN3A3bldjLVJORkprMi1FNFRiUU9IeVpkcEpFQURiXzZaRmZ4TTk5NEQ4Ti1iNUJ6TXRyRnJxaEZtUWRldi1CVUtUR1ZDSnVR?oc=5
2026-03-11	Google	0.068	EU agrees new sanctions on Iran over human rights abuses - Yahoo		https://news.google.com/rss/articles/CBMihwFBVV95cUxPbm5LZm5KVVRYWExzbVFWTXppaURTc0JFdHBkSXM5VXR4ZHQ4dy1DOEVOeUJzYUlXamNoZ1FJbGlsLVJCRzFIdU5pdUdRSzhZVVNxTlVCNWRIV0QwcVdCanhabkwzQ2Q0aHJZeFhEVjVzd2NQaFlIMUk5Y1pTSzhnZ0hsbVc1VEU?oc=5
2026-03-11	Google	0.05	Iran war: Trump could ease sanctions; French plan naval mission; bulker targeted near Abu Dhabi - rivieramm.com		https://news.google.com/rss/articles/CBMi2gFBVV95cUxPM3JObTBkV09CR0gwRzlJd1hzNEhZUGI0aDdSLWxxdEYzN2lTLXBPMllnTTdFWHo0RTJsUlJqQnViUzVLajVqb3lGYzVKQ0wwdF9vVmFzdkdhOHNHaXhOZ3pHUTRlTllJam5rR0R4OWtlam5majVnbDZyVGxhSjZUczlEQjhJR3JoXzJ2VjVjMHE1Vk1kc2ZiSGxIQll5U2VmS2htRlNmUE5uYTZtWVZWMHlobktlbGlWZXdwSW1PSEd2ZlJlTm5JZk5OVmVsTkxRU2szTkxWc3BXQQ?oc=5
2026-03-11	Google	0.012	Iran condemns new EU sanctions over alleged rights abuses - Middle East Eye		https://news.google.com/rss/articles/CBMitAFBVV95cUxPR1JCaHRuNnJMd0NXd0xLdGlReEhWNDNIb1hpamxoWHhkR1BLT0FBM3JfaUNFVHVUYTNqci1iWkVuUjB6NHNEYkFla1VCdUhyWDBZMHpiWEtjc2VZOU1ZUXE0dTgtNmJZZ3Z2cmlRSnh2ZFMya1N0TlpBUlVoSnFja3NOSXE1MTJRRTBvZ29qa1BSMzNyUmNEbHdZeFBiX04wd1pMUFZJYnY2ekZocXFkSEVtSkI?oc=5
2026-03-11	Google	0.0	'A Lawyer With Guts': A Conversation With Keker on the Role of the Private Bar 1 Year After Trump Sanctions - Law.com		https://news.google.com/rss/articles/CBMi0gFBVV95cUxNend1Sktra2FwZUhXaHl0aXFtaHBoWGlqRTdnTTJ4ZDFQZV9oNGhLMlE2VFhOempIYWQzcVJGQ0xxV1dVLVdXQ1hKZzQzQl9mZ0R5ZDh4Vzd3cFRvelhVMGpsVzV4MEg2a2U4N0Z3dVZYcXBiY3htOTJMRy0wSm00Uzd5MDRkNlVkbzE1TUpmRlNpN01aRTFTT3VSZEhJQjF6NENtckdUNGJiLS1tOWdpZE5uTFhPNTFSbTJWTk5oR1VYc0lkNEpNaXd5THNXaDR0OGc?oc=5
2026-03-11	Google	0.0	António Costa at EU Ambassadors Conference 2026: 20th package of sanctions against Russia may be approved today - EU NEIGHBOURS east		https://news.google.com/rss/articles/CBMi7AFBVV95cUxQS0NiU0lXWnlnYVhacGZzR1V3enE5NVJpVzJsTTAzX0wwUFFDTDRwUlpFNUp0UkxDdTlkZF9kR29QdVIwSDNEQV93WmI0ZGMtTkZqb1NrUlFXdTFLS0ZPR0pMb29NQmhmR1FsUkUtakpCYTNCQ2U5enNFcUVacFVRVldTOVpYUVI0OVBmQmlQc3hia1V1SmpLc3lnUm5FYll3TjNkNkFFTXRCSWt4YjBTcGhhVDIxaUJwc1UxNzI1Y21yeTlneHhaM1UwLXFsNl9nREQ1akhfa29uWk9zSjRIbkFxQmcxOWdJc2pfXw?oc=5
2026-03-11	Google	0.0	As Hormuz crisis deepens, could western governments relax Russian sanctions? - Global Trade Review (GTR)		https://news.google.com/rss/articles/CBMisgFBVV95cUxPazRrSWVuYXhtQzh1bElwY2JnZTJnUUg4djRERGNHZXFqb3ZMSEw3dEw2X0ZpYUxqTjVxNmhYNU9jcDc1UTJUbzgyaVBQYnlWdVF2bTlrMmlUQXVNb2lXSjRlbDhyc2RFRGVFbUtzRXpENlpHb1p4Y1dVaVA2b18xam5Tbjh4dDB6NDZCS2o0MEpiWGZHVTY2Sl8tU3lDbGVuOUNoN3BiaWlhaUkzbmpVM0Fn?oc=5
2026-03-11	Google	0.0	Binance Sues WSJ for Defamation as DOJ Opens Iran Sanctions Probe - thedefiant.io		https://news.google.com/rss/articles/CBMingFBVV95cUxPd2tKeW1QejhlZkdZcm5GY2s5TGQ5R3VsNjZGd0llNmd5RU16aWtkZ05SOFZDQnVHNDhKMXNRX0tUeUFlbUYtYkE4SW1EX2pkdElXVExLb05kTXdVVXFlZG93MTVjZXIxWmoyME5MVUQwNndZU3o0SGItX1hmNkZZSEdycHpYYzlMTXNzRWpfbnJOc3k0M3luZ2Q1c1lLUQ?oc=5
2026-03-11	Google	0.0	Binance sues Wall Street Journal over reporting on Iranian sanctions - The Guardian		https://news.google.com/rss/articles/CBMimAFBVV95cUxPaEo0OXF6SlZ6dTd6am9zSkdWNGMtVGRmUTkyTm8zaFYwN0ZGVG1JTXJNLURndThnQWduYUtCbU8zNEIwWlBBeGE3UURELVoxU2ZZOVgtanB4UjhCX1RNUGJ4RmNtVDJjTmdRVERIdnBPSnZkaEtRcFU2RURxdk93cy1GbExxUFZWZWR2ZDZiY2Z6WTV0QzN1Qw?oc=5
2026-03-11	Google	0.0	DOJ Investigating if Iran Used Binance to Evade Sanctions: WSJ - Decrypt		https://news.google.com/rss/articles/CBMikAFBVV95cUxNNlFGM0JMcllCcWFYdHEyUWJHVlZsQmJCMGJXOVFZSDd3TDFQSWRkZzdiVzVXM3pWeVE2cnhMejc4S3BtTUJrN2w4N0pSdHNKY1NId2dCaThCZkZ6aHlMWnlpVEplT1NNNG1SXzUtdXBHcjF5UFYyNGR5b3FGVUNNOE5BMEZCQ1dlblVqeFpnenfSAZgBQVVfeXFMUFN2LUtrcmt1RGJxMkRHam95X1lBU00zZkI1VmFPdFpxT18wN0M4MFpPMU5lUDRLZEpCeGxBVU9wRTFSdzBhZUJuU0xNc0FOVnZqOVRsRERwZi1HWm9ENHA5Wkt0dlB4RFNObXE2ajMwWF9SSENXMTRhWk91Q2VPcFM2QnJiRTFxSlB2ZmNRaWc5T0ZmVkZpUV8?oc=5
2026-03-11	Google	0.0	DOJ probing Iran's use of Binance crypto to avoid sanctions - The Jerusalem Post		https://news.google.com/rss/articles/CBMihwFBVV95cUxOMTI0MTJ1cUU3X0F4V0pnVEVpRUF0SVROQUdzT0xjb3NwdVduNWU1aDItRWZObjVSSnprWVhFN25kVFJHQndpa3pubGZFeVpsR2RZbF9yZ3BleE1mV0YwVEo5VDJmV2E2aldoQVNhazNpTERiV0F3dE1IdG5tSGlOWFNjV1ZUWjA?oc=5
2026-03-11	Google	0.0	EU Imposes Sanctions on Iranian Officials Over Human Rights Violations - Jordan News		https://news.google.com/rss/articles/CBMivAFBVV95cUxOYkhrUEcwZmZtWHltbk5oUjcyY0JZb3hYczhidzl6SHRJU04yQnl3Zlp1eUU2Y3d5aXMtdlZhbTRCUDZfMzdGTWNHRDNKVE5Nd21POVdhaFBhYUxQbkRXd0JVblplVTFTWHQzLVNsbGJZRmE4Y3FzRFlDaDA3dlRHWlFiSHk1bWxPVndXYkhoYkJ5T2JsZ1BFcjZKcTBwYXpUMkFVMmQ2bHJYa2I0NHo4U0JsZmFRcHJ4Sl9KSQ?oc=5
2026-03-11	Google	0.0	EU Sanctions 19 Iranian Officials and Entities Over Human Rights Violations - IranWire		https://news.google.com/rss/articles/CBMisgFBVV95cUxQaDZJVHE5U1dRdk9ab2M1cnU3Q295ck8zU0FtXzZaS1RpcW91SllyYlRfSjN6dkxXdzI3NEFLdk56MG5qdXVtd0VTdmZ4QWpLSWlwQkFQVDhCM0tvR1J3azBFWDNLdXZOUGFVeDNEOHBPdlF5OVRGVHY2aU9mQ21GN29lMGZnM2E4cnQ4MzhhMEluR2xMSlh0bnhJYk4yTHV4UkdfQlZpeHZsTVJvb25JTk9R?oc=5
2026-03-11	Google	0.0	EU envoys approve sanctions on 19 Iranian officials, entities over rights violations - Reuters		https://news.google.com/rss/articles/CBMizwFBVV95cUxNSHVmVG5Ld05BNFZ6T1NGdldOZndkcXNRRkFLVTIzRG41SlhtZ2hnOFplbWlXd2pGdTZIN1dYOEVjdThIdS1UdDBtQXQwQ0ttMGhrZWY3SWlDTWtaWjdfejhReVB0VmZwblVEMFNfZ3R0MHRiWHk1WVVrLW5ETnhiRXlMcmpsRHFfaWl0enZhM1lhOGplS0xUSjB5VXpQWjFZeGxNdEhsMWZ2OEo5azZRWXpCejJSNTRvVlktS0xmUXZScWhvVTlkRXJZQXRWc3c?oc=5
2026-03-11	Google	0.0	EU imposes sanctions on 19 representatives of Iranian regime - Ukrinform		https://news.google.com/rss/articles/CBMitgFBVV95cUxONkYzN3dEcGhWZ0xTLU01U1E2RVdWLS1KbV9IVVVKSGJoLWE0WFRnT0kweFJUWXJ0TC1FdnlOeUUtQW04a1FPZ2JJTkg3ZlNhYVMwc2ZGd2Q2MnEwNlVvRDk1dmtqRElmTzJMU0dRb256VW9jRFRtTHBaN1NCRU9uWDgyNEltVVktZm04alZRQjFWMEVSczlaLXBvaUNLbXp3ejg4Z19vdlgxMkVOb1ZINEdsdkRtZ9IBuwFBVV95cUxQeHFYMHQ2Z0tNbUowTmN0Nm02VnhuR191TVoxOG1HZC1LenpFalVDYVhrVmU1SkFZV1d3akdhYTFhYjVhZlV6VXAxY2NCZjNVV2RFYjdaRG9vYW1kYS1QU3d5c0NoR0paTFBHY3ljc2c1M041S2tTT1YycS1LQ3U5TTZxLWlmYjJfRVYxRzhZaUtqaDEyTUl1VWJxcGdjWjhVYlR1UkRIcVo1R0JVSFp5aUVGQnhTMzM1dk1z?oc=5
2026-03-11	Google	0.0	EU must match Trump sanctions on Rwanda for Congo war, says minister - EUobserver		https://news.google.com/rss/articles/CBMinwFBVV95cUxPa0NDZ292OW1LVGYtR2JkUWNZZGY0ejJGVmdZelp4TVk1NXJ3Vm1rSERYenF1d2ZXVzRPTmRiRDN2Tm9jWHZJNTJRR2w0TDc1WGlTUjU4WHotUjVvcXJ6VGE2Zmhtd29IcTZSVVZfOGx1OVNDV1pIemMyWGtkU0tlNTRRTlBWRk5vd0JOSUM3aWgtb0JKdDVIQjhWWUk2aDA?oc=5
2026-03-11	Google	0.0	EU urges Bulgaria to transpose rules on police collaboration, sanctions busting prevention - SeeNews		https://news.google.com/rss/articles/CBMivwFBVV95cUxPVWJZOWlIWjFud0V5VWNPU2l3aHlxTzZ2eUFxd3FXS21rR284ejZ2U3BlN2hOZ2ROSnFwRlNQRGNMOXB6a1lVckhrV1NrTEkxRmQtcGs5VlRvN3FNNmJ5dzhoVHB2djBoMWNnSWJzQWotX05mRm1tQkdxbWJrVEVjMVR5SHhrZ1lpZ0l6eTdiMGNBd2VTYlRNbFdfd3FWcDJaTUNtaUhOWUdjOFUzUmJtZFRBaF91LXNnbWJRSnRoSQ?oc=5
2026-03-11	Google	0.0	Exclusive | Justice Department Probes Iran’s Use of Binance to Evade Sanctions - WSJ		https://news.google.com/rss/articles/CBMiuANBVV95cUxQMzZQUzFLRW5KYXpTQjBZX1RiczlKRVZvbjR4SjRhcm5XSU1SVklwdk45OG9zSVk2M3EwNllKdS1UNk9MSjA2WjdLcXV3cTdMa1VpZUlqWkhueExmREhzX01lQXZwUERpY201OEtQOVdjMjZxRkhybnljamdFTkc0SUlibV94eDRwM1hXZXhoZENDdG01NXcwaGdfUVVJSTZ3TzR0d2NEUVJnZ3MtUFFXbkNVMkkzb0U1SzR5bXpjSXFVS1hibUlXT1Y1eEJPT1k1OE1EcU5ZYmFnNTBKOFdsMmVXQW9XbU9BVThQY2FrT2I1bnRVcUF2Zy1ETU56eW42RHFTS0xVZDloblUwTWhMc1E5TEdLTU1tTmtvNlYyZ1ljMHhRVUw5TmxHVG9rNzA2WU1WdEUwa0t0aGxKXzdIY1NXNEdKTFhJS3lKU1hGclVCMFhtSVhLT0FvVlRINExMVkJLNEZ6MGRMdmt6VFNQTnV3SmhxSG9GZDFmbXl3ZVJFUXI0NjR4cENaVnFhUFJ0RlgzYmRYSWhtQUNLTlFsY1lnUGFwVDc5UjZKazI0YUJmekVIWjZoaQ?oc=5
2026-03-11	Google	0.0	France says Middle East conflict 'does not justify' lifting sanctions on Russia - Anadolu Ajansı		https://news.google.com/rss/articles/CBMiuAFBVV95cUxOdWswMVdVLWdCclBkMXNKT0FNUjdDUzBqVnpKcllfcDRHeVU0OGVQQVFtcnoxZy1YT0tzSFhsR2lzeXFNbVM3VjlnMFFjV1Bwc3FBUjBWVmo3OUFnNUoxczJaVjdZc044b0hDd2gyYWZGZEFNNFI0SjVPVW54dEFLNVlPUFdHaFlBYi1tREFGc2dQU0ZBRXVyaVdlMldJaFgxaUJaZkhTVVRMMVJaQ2tkYVA1bU1kZEFV?oc=5
2026-03-11	Google	0.0	France's Macron opposed to lifting sanctions against Russia - Euronews.com		https://news.google.com/rss/articles/CBMimgFBVV95cUxNLUwwbFJPOGdfLV9QR0pGUTBXLWt1d0pyUEZNLXp1cHgybnk5cVNEZkdyNkdzdDNCWWFoWUFjd3FuZllfdzJWNnZacG1ZczdXY1c1SmNhbnZYS1BzZ0QxWFd4ZlJMV2tMSzdYZVh1cWMtQmNMUjRtVGh0UUgzeUQzYXc5ckdkT0pyQ21ORERFQnFKM2VZTjhadG9B?oc=5
2026-03-11	Google	0.0	G7 agrees to keep sanctions on Russia despite war on Iran, Macron says - Middle East Eye		https://news.google.com/rss/articles/CBMiuAFBVV95cUxPSW1ScldtTVNGQ2pSWEF1MHg5ckRsSVk0VGZvRGZleXFlMFhBaXVfc0xUS0kyTDJGbnJvQ2xaZ3BiU0ZRdXd2ZGdDbWV2ZU1abURQWHVWNjFHMElSOUhWbFYxWVNrMXdqeGNwT0VFMGM1Tk9JUFhKLXRMVlZ3OE5XZ1N2UnhiaXJraFhCdXlILURoVmpxa0Qxakp3dVlwUUgwRVJKUzV6RkM2WllRTWNoQVdtZC12NXUw?oc=5
2026-03-11	Google	0.0	G7 leaders reject lifting Russia sanctions despite Middle East oil crisis - Investing.com		https://news.google.com/rss/articles/CBMizwFBVV95cUxQbngyWHZjYzdUOFZiVkdzb0FKQ3R1dGJxamxVbkczemtHRWNVWmR5TkwtVlBIeFpvd1Z5MTdyX0VyVlQzYTlTdzZ3QXhoa0s5ZkVycV94aW1Lc18wSHcyc3UtalVSU1YxakYtSlZxeVJ2Q2dnRGN5NkRfWWVhekJGd2o3QVV2aVZmRmRrZzFMTVZXSnAyUkRFbXEtSTY3Tmk5MU5vZHpVUE9VQ1A1Slh3THdkOGh0aHlISjF6RjI0NEl0ck1EZ2VvZTNEUkota2M?oc=5
2026-03-11	Google	0.0	Governor’s office and Anti-money Laundering Committee partner with UK’s Office of Trade Sanctions Implementation Unit to host trade sanctions training for public and private sector stakeholders - Sun TCI		https://news.google.com/rss/articles/CBMiqgFBVV95cUxNVDJveDFwQnBscDJrMWVUZWdfWklHXzl4ZlBxVHB5MWplUE9aMTROTTdRLTBHM2RBRGRKcFp4bTNvY212eXRzYUhTeFVwWDc4OTJSTFRVM3FxRUpFZ3BfRzVKd0V0bWpXTFpNUWk5eF9rejJIMDNSdVJxTm1HZGU0dFp6aDhGZlpHSy1lUGY0ZDB5Wl9yQmJwLTBDMzl1T2lFNGN2b0dReDkwZw?oc=5
2026-03-11	Google	0.0	Hungary and Slovakia resist renewal of Russia sanctions as deadline nears - Euronews.com		https://news.google.com/rss/articles/CBMiuwFBVV95cUxQYVJ5UmxuM3hZempXU2hwQlc5elFRTW5oajZybEZ3UnViQ1RwMnp3UC0wZHRyQUQzRHJHX1RHc09FczJGOUpjWUFfWHBkMXZ0ZF9iV3Z5SlZWYWFrTGlpWlk5MVZIU0dBNXUwa1JyOF9wbkdHcExQU2NaWldyZXZTSC15SllHbVpsT1NBS0paRWY3a3BtZU1GelBhNlBWZkg4d2tqNzdEX25INV9PRHlHTVRSUFBJV01XZDFz?oc=5
2026-03-11	Google	0.0	Judge issues sanctions for fraudulent documents in Miss America ownership dispute - ABA Journal		https://news.google.com/rss/articles/CBMi0AFBVV95cUxPZ2tlX05GTnBsSzd3djJYb0NndVlEclJXeWQyX2JsYXJ2aE9xMEdHRWFLeU1qTHVCMm10TEFneFpPV3ZrVVFRZkpKSlNZbmhGMzAtNWItOUhLbHJGRm5VUXNCQjVjd1hYVWF6WjRCY01nMGU2aVZlWjFSOWpuR2JWWi1hMGFpOTFJZElfeFNXRUZmeWhaNGViNnpuOTlLVGwyOWFKN2hLVlhFRC1FMkJ6X2VCZ1RZVXU5Y3Bxa2ZkcHBGeWI3Ukd4LW1oRV9QMldl?oc=5
2026-03-11	Google	0.0	Justice Department probes Iran’s use of Binance to evade sanctions - WSJ - Investing.com		https://news.google.com/rss/articles/CBMixgFBVV95cUxPb2R2UEJ1R1I5X1A5bUotWnM5Zy1mRjBTZ3RCN3NtNllXMnB2eG9kTERiWHpuSGlrYkQ0cnpfMDZvcS16NjJSeE1xWFpmRFloMTJ2N1A5UVFoZkhRLW0wakEzM3RXYUJ5TUhfTWlMUEpxVVNnMGZ2YklrV1NJT2tnV3laSXc5UldKZTN2MzBwR0lUam5lYV9YSWF2WUlqbkNUN04tbllfanZkeW50SUNGelJUZl9TbW9TcVFvb1BCNkVXTk91aVE?oc=5
2026-03-11	Google	0.0	Kallas unveils Iran-linked sanctions - breakingthenews.net		https://news.google.com/rss/articles/CBMiiAFBVV95cUxObEhRSU1FQVBLMU05MC1QODMwNjFKWjhlVGxrZVR6UkpkSHR4UGxBeTlkeFJpOTBIZ1cwUDRBSjdubTloUU5XOHNlMlVLMkFXQnVQWjJaVWEyMkVyYUlpTmR0c0lpYXNtbE4zckZodm9jeFJ3V3Jpek42cmxiWTllelQzN1lRSXRR?oc=5
2026-03-11	Google	0.0	Labour MP leads cross-party push for UK sanctions on Israel - Anadolu Ajansı		https://news.google.com/rss/articles/CBMinwFBVV95cUxPMnBZTVdFb08tQkVPSzg3TXRjam9aTG9USHR4UnBmZExMX0RoOHg0YXBnTTktUG1rOXRQTWNMSnVzYVRKSE9Cdk5SWG40amFTanJGc2FMMS00UkhmOVR6N3FoNGlTQWNBay0wZWR4YWVvVTVIU0hpUk9UTzNXYkNQSTZMSmVIYllrSnI4bXplZXc5dXhaWDRXTHdpbmFhTHc?oc=5
2026-03-11	Google	0.0	Macron warns U.S. against lifting oil sanctions on Russia - EUalive		https://news.google.com/rss/articles/CBMigwFBVV95cUxOQndEa1otRHZMT0VXdGh2d0h3S2FPcXFtZFlRTHNoNllybzA2UmRQd2tqLWZvSTVRY0ExTXVrVVRxNE1xRkZGLUFvX2kzM1Y2SWhwclI3eHp5bHVldTZiZWdUZDlINjZ4UmlUbnBHX25xZVNGZF9neFd3SWNhWmpkdlJXRQ?oc=5
2026-03-11	Google	0.0	Middle East conflict cannot justify lifting Russia sanctions: France - TRT World		https://news.google.com/rss/articles/CBMiWEFVX3lxTE9veVVFc0syOVc5SlJpYU5lN25vV0djdnVWSUNtVjJSTUZ3VXplTWJZT0NYbjI5eVdnU3BBd3RhMkk3SjNoU0hQRE5mdnFBTHFHRzFldGpVM1rSAV5BVV95cUxPRkp6Q2dwZHFUd19XanJkeGYtVlJRMlprYzd2aERMQWlXMG5EZVVGRkxQcGVGNWlJYXN0WHRGcE4tcUVDMUMzMWRYV2pGOE1qdW8tRlJBMHRLTTM1dWpR?oc=5
2026-03-11	Google	0.0	OFSI Updates: Transparency, Incentives, and Strategic Focus in Sanctions Enforcement - Ropes & Gray LLP		https://news.google.com/rss/articles/CBMi0AFBVV95cUxOOFkxZ1pvOE5hWnR1Q092S05CbFBYbXBKa1FhNlNxTEVlNDZHWFFVWDMyWFZtMkwxOC1wQ1VXelRtNVRUWHA5MzMtYXpYWldtWHAzbGotejNBdzR1V2ZwUnhVbTFEYnhPSEduQk5fdkVmV0RoLUhOUGFjckl4SUlVMl9rX0pxbmkzcEdUb2xHU050X1l4QmpPbURDbmlRU2tJY2xaelBVeWc0QlNEel9QWXhYeHV4WGN5ZVI3ZEJJYWFEZVBYYURjZmFVUzg2Ui16?oc=5
2026-03-11	Google	0.0	Russian oil output slips 0.6% in February amid sanctions - Investing.com		https://news.google.com/rss/articles/CBMitgFBVV95cUxQazZkWkhUT1ZWYjFCbGVBLXVEMWN4Z3RuUFhiWkp5YW1naEMzdEM5azBCaUxWNnJDSWxLXzB0WXlURHNrakppazlaRlp5aVVsY1QzWkU5M2s4cmFPeHRUNnV3ZjBlSnp1aUM0LUJ0N3hHSjM2SHRjcFhOVlNNSDFyMjZPMGNSQ0tidVlrYTZuTFk3cEpMc2RMZXRXU0FIcDViM0l1TTNRU2ppUXZNN1J6dklMRVZRZw?oc=5
2026-03-11	Google	0.0	Senate Democrats press for investigation into moves to ease Russia oil sanctions - The Hill		https://news.google.com/rss/articles/CBMiigFBVV95cUxORUUxUHN4V2pJa3kycGZyXzNHVXo5dktKTl9xSWw0YUJxZ2JfVjV6LUI1MTVrSWRyWk5hQjVYM1Z4bXJZSDBWUWU2LUx4SUpycER1d0JwbUQtN21lb05qb2UxZktQVXpvYklqdlc4WkpBS1F5eXlhWk91N3JmOGN6Y3gyN2llUEg3OVHSAY8BQVVfeXFMTUNmeHNBMG1HbElvVzJDNUNtd1laOEsyWHBIbm9QcUJTQ1hLNlZOMEI0RzBPUDJSRnVjZjl1LUNOYURIcWhaUHg3eW1UX1BFTVp0Y0d3VzYwUVZ2a2h5MEVLV1FHQnV2bGVwSXM3YkNmTTE2b2NoUjhMaEJ3V2tTUXdZVE51OXJvTHg5azFSTFU?oc=5
2026-03-11	Google	0.0	Seznam Escapes Sanctions As Czech Regulator Forces Sreality Pricing Reset - onlinemarketplaces.com		https://news.google.com/rss/articles/CBMiugFBVV95cUxQVnI4WkdZcWJZaFpMclRuX0tub0lzbkIwUUVSTV9uaGR5OVY1ZVQyRXJKZ1J4eXBKUFhHd0ZwM2dmR3lVU19XM21hOHVOaXpHTEF2UjdYX2FKWVpVd3lDQU5LMXhFUF9OWWcwdHlTUzV0aGlPN3dTWmFvU1ZDTXozQW1UTmp5Rk85MEQ0UHdPeUUyYkl4WHJxZWFSOW9kM2VxQVhzQ3gyN2JWRkc4a3JUR2NLTVFZVmhYWGc?oc=5
2026-03-11	Google	0.0	U.S. Imposes Visa Restrictions and Sanctions for Rwandan Violations of Peace Accords - The Presidential Prayer Team		https://news.google.com/rss/articles/CBMizwFBVV95cUxQbVVucmtpaWRiNWlNdjI3TFROVmRuMEJPbTNGQkY1NlJEbnBrWU8tT0x0bkRxbmFJTnFuQUtDLVB0R1o5Z2VaZXMwanQ2d3dadVRFbF9SOC1TaVEzSEJ4SE5QdkdEaFduTjVRWm9aQ0RQSHFmMFV4dEVMQ0RjU25iel80MUswUUlfVE1hdGpzT0Q1MzJoVlJQSjdKQXhHNXJ2VVg3V1pZZVZkanpNRlJyaVN6V282cHFseTJxRGpWV0lSRlRuQmh2ZUtDYVl2Q2c?oc=5
2026-03-11	Google	0.0	US DOJ probes whether Iran used Binance to evade sanctions: WSJ - The Block		https://news.google.com/rss/articles/CBMi0AFBVV95cUxPR25QY0d0STd0TzhvY0VVN1JOTThleEZLYXluZ3BxTVVyOUlQc1lzSDNJRDhnZVFwV2d1ek54Skg5QTk0M1VJU3VaaHAtY0Q2ZGdSYkRCR1ljak9udFIwWTRqZFBXaTJlVS1nejM1Q2xVZEJYd2VwRFlzakx5WWFBWTIwY29TQmkxaXJGVE5hdEdUSEV6QlcxWkdFYkJrRmxoSFNEUEFyUWVrOVJYUGZ5Z2tKaS1aVUVZX1FOMEFWZzlEZ2tKSjB1by1YQkFuNkp6?oc=5
2026-03-11	Google	0.0	US sanctions North Korea IT worker networks in Laos, Vietnam - The Record from Recorded Future News		https://news.google.com/rss/articles/CBMihwFBVV95cUxNeHZpQWFqN1hPWVBCTmN0M2dScjZMdVJYN0YyZEptXzBGcDBidzVOdFpCOV9Bd29MTExjdE9ENUEtSGdnZWh5dEZPdVE5MUlJT091aWZ5bE9PWVlQd0ZEQ1lxTjMtYzlVV0FQY0dBdFhmNUVNMFpYUGJuc3JJX3ROWGt3d1hmdm8?oc=5
2026-03-11	Google	0.0	VDL: Not the moment to relax Russia sanctions - breakingthenews.net		https://news.google.com/rss/articles/CBMilAFBVV95cUxOZHJhdHY4TUZOMlp3R3J2bm94QVBSU2ktalc3Q1FaUFhtRDZQdDVrVklIMWhOV0pnT3Q4RWJMQXFEcjcwLThObTZMUDB1NXpxdzh5ZDhnYlRIcy1HenVpaDVvN0JxQmFjSGlNUkxBUVZtZzNNWVhLWC1FNzZ5T1pCNnJ5eG44Tk4xWVBVSHhPODV4bW44?oc=5
2026-03-11	Google	0.0	Venezuela’s Oil Sector Reopens Under Continuing Sanctions Constraints - McMillan LLP		https://news.google.com/rss/articles/CBMisAFBVV95cUxNclBnZTFaQ1VEUEl5THZKa0FEdzl4R29QWkRYNzRGdjJwLXNHenBpNmt6bE9CNUo4eDFObFk0VDBleG1Da3M4OE9ENUtSTGVnbkhZN0tneEVPV0loazVJQzZ6LUJkb2tYd204MTltcnBqYWRpOFZVOHIyMEFhaFNrZDBRNXFfQlFkenJTaWppZzJkQ3ZKMm9iU1YzUlZ2SU9zX055amNTVmw3NHl4djJiVA?oc=5
2026-03-11	Google	-0.1	DOJ investigates Iran’s alleged use of Binance as exchange sues Wall Street Journal - CoinDesk		https://news.google.com/rss/articles/CBMi5AFBVV95cUxQVHR3ekV0T1h1bmREMXJIWTE0WEo5bmdPLVA5aWtreDIzQS1VRGk0MXlqeUlhTG9UY1ZRcFlyLXBubHhTSnBRMXl5SDFvVGhBNzkzMWJDWHpsU0p4WHpZN0sybGFOQktDSE0zNFpWd3BHTUxLXzdPMEZacXpxV294RVRXdGFJWk5yUkJGczBpQU5mU2JQZmxRclVhWVIwVVUwb1B5OW1MY2hhbTMyTFFQZVB1dmpyLVZGQjd1bHN0eEdoZ00zZVJpTmZMYUZQSERLemNFd2Y4My1aNUYzSDVub09NTkU?oc=5
2026-03-11	Google	-0.1	SEC Avoids Sanctions As Court Ends Unregistered Dealer Suit - Law360		https://news.google.com/rss/articles/CBMioAFBVV95cUxQbFZyYlRPMVFQVGtGYjVYXy16R1RhUERLaEdBSndBNzgxdGtZTnlRMnd6TWJuTm5RWnZWdkxIcEtWSzhVOVd0cHQ4Z3lVQ2xpdDVWa3FQTHV1WEktUE9FbGVVaVpPTFlNRW1NaDR6aGhDajc5cDJVRlpXZUZoRWlCMlB6WXhuUXd5M2xfb1dxQ1JoWEpaRlgzYjB2c2xraF840gFWQVVfeXFMTkNlci0xUHJSelRjLUp4M3FQclBCLWQ2N1V2MTZpWEpGcUFIVFN5ZGgxVTFzUFQzeGtEeTJUZHoxWE03QUZKOEt3ZklRWXVXQ2trV2NBX2c?oc=5
2026-03-11	Google	-0.125	Over 6,000 Foreign Firms Supplying Russia’s War Industry Despite Sanctions - Kyiv Post		https://news.google.com/rss/articles/CBMiS0FVX3lxTFA1aUQwcTNGeFgzN2QtNXZtcm9jd1JOeTJ4QzdLVlNTNTM2R3BrZ1FSUkc5WGFkdzJpZjdRT1JnUXk2MHA2LWxpbUVTSQ?oc=5
2026-03-11	Google	-0.156	What Do U.S. Sanctions on the Sudanese Muslim Brotherhood Mean? - Middle East Forum		https://news.google.com/rss/articles/CBMinwFBVV95cUxQcktJZEdSdnRMSm9aZHZ5V200c00weV8yMV85OXJfSW5kZE5XUHRYMTV2cTFKQnczQXN3TWVCRm5MeXRLOVhSWDVPYW41dEZOaEF2OUJNRWpxVzZPanFnMjE3WEsyVlZka2trWEFfOHRETmRvZUJQVnQyM2RqSEV2cGpkcV9pX0k0M05tVXFQQi1WODVfS2NjUTdsOU44ZkU?oc=5
2026-03-11	Google	-0.2	Exclusive | Trump Ordered Justice Department Reversal on Law Firm Sanctions - WSJ		https://news.google.com/rss/articles/CBMisgNBVV95cUxQYm55NnBxWjMxcTl0OFpjV2pCdjlNaENGTVVUVWtra25jZ0xsV0NoSnpsZnhDT183Q1IySjVlWWxQMmxZRGJMYjFGdEh0QWR4YjdEeTZjN3kzbWRWREY2LXFDbHlpMjM3ZGhwaHM3M2I3eHNzWlRRbG1peHRDcXppOHdqMG9ROG1uTkQ5c2E0NjNIQjZiTXRyMTVkcG5lMkZ1TEFQOTZITkctX3NVYnBkb2IwaHpickxhZVhOS01HVERwREk3SXhWUmRfd3RpWG1HQkpZazNWX0VJbHRLVEJRUDZoeGt2NjBPRDdtbDFwSXctNHEwelhndWJrbWhMTDN1bzNNOHBxMmNHekhKS2tGcWl3dzBPZDBfZnZmZk10cENodlNkN29xU1llT1dITGZzTEh6NU1TcGhvTmJQNG1jbUJNNGJaVGNqUmgxWE1PSHFIdjlkWFNlV3puTjQ1Q1FNdExjOFdZX1JWS21DNkVDanZ0NERLSXNoc0piUVlUaGtfcUhXUU02Z2N2eUF5N2JqelY5MXVtSDJfZG85anVpeUpDQnJuZ2kxTzdJQnBzRjVsZw?oc=5
2026-03-11	Google	-0.233	Sanctions and Drone Strikes Push Russian Crude Production to Seven-Month Low - UNITED24 Media		https://news.google.com/rss/articles/CBMivAFBVV95cUxNaklSWk1HZ3pGUUsxMHpiR0RhM3YySkROb3F4OEt0bWVtUVRRb1NjdVgxNGFvVEYtNG9abGl5TnJrVW1oMHI2WHlXZVh2Tm5SR3dEdkNPQ19PZzZDdk90Y1R3UjdZTWIxSkN1cTlwdFhtMmxOOGlWamVrSktKS2R4ak9od1NxMHoyaGVJU2YyY05WMlRkcUxzcXJMUHhxZGQyS1BHQ053dVdSVEFtWFV3MVF4VzNxUmNoVlA0ag?oc=5
2026-03-11	Google	-0.312	EU Sanctions on Iran ‘Illegal and Immoral,’ Says Iranian Foreign Ministry Spokesperson - WANA News Agency		https://news.google.com/rss/articles/CBMipgFBVV95cUxPM1dtLTNpZGFmNFBUemFZbVUwY1JFdEdsRjlTLWhFNTc2YWVpelVIdlMtTERzR0ROc0tmNVloNnZvTFQ5UmxzeTVaVmZ0X0ZLVnVJVjRRWDRpQzR1WVRjSktPRjN2aHdYaWlFTTlXTUtidzFqdV96LVFja2RUU0VqVDRBTmpFM3RiaTBaaFRUTXp0cnpibDA1WXMyVkkydmJTTGRfQ2hR?oc=5
2026-03-11	Google	-0.4	Binance Sues WSJ Over “False Report” as Sanctions Exposure Drops 96.8% - CryptoNinjas		https://news.google.com/rss/articles/CBMipAFBVV95cUxQTjdvTzIwX09aMEJOYkNMSVlQT3E0aXZvT09ZZDN2MlZscmFKanpIcWJfdjZnTk9SeVlCaUxqQy02dmNZdW9xYjNtUHZscmZFOFAyUmhNbzZna3FremlpdVJiSTB6SHFNMTVsUE1lbVl3OUNsRnFlSjhYSndCN0hOZVZOc0RKTUVLeWRtR2pCNFNBSklVZ0F3djVLdlo4cXJ4UzFiTtIBqgFBVV95cUxNRzBfc3ozNFZxWGtqaERmZi1ZUWNtNnNURktIQzJFZ2o5b1Rjc1dPeGwxVl9qY0o2R0gtOE1Cd2hnMzFYWDJHclVBellTUGZOQkFIMVpPaldxd2dVamVweHg4YWR5NDhUdm8wZ0lIMGp2TjJrc0ljS3Y5RmR3OHFFM2Q2Q3VqM3FlcS1WY2w2TVlqc3pudGhUc01WZ0FrZU1RQXpEQWw3NnRkQQ?oc=5
2026-03-11	Google	-0.4	Fanatics Seeks Sanctions Over 'False' Trading Card Claims - Law360		https://news.google.com/rss/articles/CBMimwFBVV95cUxQTDZwVmF6QTRNS1luUlY3b2htRWdkNHVWWWNsYWdMaFFZTlMxMlFHcE9DQ1ZZRDdseTJrMlFlU2tBQW5yandXUlYxemFXdWpLdThjei1Vai1JYnV6UzlkWFo2ZUJEMGRzOW0yVVh4V29Jek5wSkhGVlgxZmF1ODlMNHpia0VjUUxDVjZlYUNtd3RMZGJWMEdJVnJHSdIBVkFVX3lxTE12Q0dGSlJYOTNoZjhxeGZZTmVHank2VmU3bVYzak1QYWdkRUJjRFlvY0VET180N2d4c3htVURmaG5adHRZWHNycGE0UFJfVjkzUG90Zk1B?oc=5
2026-03-11	Google	-0.4	NEWS: Judge asks US prosecutors to explain resolution to Halkbank criminal sanctions case - AML Intelligence		https://news.google.com/rss/articles/CBMiyAFBVV95cUxOZmpXRnAtOWJXZWxJcVI3Q0NNNWo4OXUzaUNka096MzY5RGhPeWlsRFJUSFZ5UVFWUUhHVWlNQy05dnRUNjlyalI4eGY1SUxyZ1VZUDlKNXRJMklVd0RvN2JCN1A0R3BPM1VoV3kxT1JTUlhoSGhzdVd2OC1iRXMzRFhkQ1g1VElzczdlUllMcHEyYlYyUU5OTjQxVF9hSjJ0ZU5BckdRWnp5ZHBOZUY0TXBSSGdKV1RYT3dvb1hBNGFyLTlkRjRuZQ?oc=5
2026-03-11	Google	-0.5	Iran slams EU sanctions as 'absurd, immoral, unlawful' - breakingthenews.net		https://news.google.com/rss/articles/CBMingFBVV95cUxQU3A3QWgxT0xlbXRYSGtqdnhTVU9wSk51d0hId1owbjZRNERDcnhTaTJjcHpuN0EyaTZMcmpDYVJMOFROQVJhalpFYVYzUzI0V3BTU3hsTGlmeEU1MHhfR3RLRUJyZFFldzBSd1B4S3Z5Qkhoa0Nza255NDQ3ams2WURtSUp3Y281ODlabk1FbGhCRk0yMlpUY3dtSFJSZw?oc=5
2026-03-10	Google	0.5	Iran latest: Trump vows to waive ‘some’ oil sanctions after call with Putin - The Times		https://news.google.com/rss/articles/CBMisgNBVV95cUxNR0ZoY0RTYzFaaFhPeUROcWhaUll6S29KSFJmWVN1R3YydXZSd3RnX2ptVkJxbGVhdlh2SDItT2dNbXVuVTNESG9sdFRxbWdFaGVNOVBYTFljTG9ybXpYNlJPNlRpOFgwdjFNVnZtbGxPZFhlT1dZVllabXZTVzVXWlRXMjhyRFZlMVNvWDJYVHpqRFR3c0ZVa2JWZzFINlFQMTJaNGpmYm1GOW9RRVdzOEZHdlhLanMtTTZDc0FSRG1nb3pYWHdWY0pySm1reHdfUEkwV2l2S21hVVRKTVhfdGZtWVphR0JLUk9lY2M3OXhEYTlESXVtakhDSE1IcVJBVUFaMFl5d2FCN1ZXaEpRMllQYUJZS3c5VlcxS2pwLU1sX3diWEhtbjBCaEdLT0VHNTZ5Z3NPdGRMLWIyamJJSHFIazBwT2ZsdHRJMG5oMkd2OWpNNmgzZWJiRHNYeGI1bnpURmx2S2tYeXgzYzIwZ0hxQ253MzhSNDhOZnF5QjEta1Z0Vm9OY3FCczMtQkVma0RwRkpFMVVNRk1kRXhtZmJqZ1dqZElsR0hJWjJtQ21vdw?oc=5
2026-03-10	Google	0.5	Trump sees end to Iran war soon, considers more oil sanctions relief - Quantum Commodity Intelligence		https://news.google.com/rss/articles/CBMirwFBVV95cUxNQWFXREFkNEM0Wm5jSzliaFJZRXBULTZSZVBkX0tlcWx0QjBHTG5qQzlFeDBtYmlSYVJQUkxkc1Q5MVhmdUJmUHpCSDZORDYxRjhPV3RlZzZkSlQ1TXhGUVV5MFdyR3Fhb3VuYVY4cm1WM01kX1Y2TElFSkdUQnlCeGVSaFc0R2F2eVhvdjF5RjRLclJxZ2lRYWVKMzViVnd6enYyNjVpRWlqRWhjdXRr?oc=5
2026-03-10	Google	0.4	Wider Europe Briefing: Hungary, Slovakia Toying With Russia Sanctions Renewal - Radio Free Europe/Radio Liberty		https://news.google.com/rss/articles/CBMiswFBVV95cUxNSVhsUm5jSFBKUzhlbGFMajZCbkR2X1gwN1hDQmY5d2k2T0ZrRk56MDBwTTBZZUMwTjlaN2pCdEVJQXRSOHRyMG9DVExySjZoYnBBVmRZWlRtZlg0LVp1THJEQUJrczdvdGF5YUhvZGpZbzVHanJjT1R3eDVhNGZ4ek4zcjZYTGVEaEZfcEg0ek1za0hzanhkY0NVeU16bzFrMVIyd21mYVhsU0txLUFtZ1pWa9IBtgFBVV95cUxNUzlPYTI4RmdzSHdnaFRqd3JoLVYwaE5Gblk0OHctOTlHa0c5dlQ5NkpwMXhILXpqOEZPWFVTNklERnZoN2FmNnJhOVRLeGdEejdBek5NNks5ZzRicTcwNlFjUVJ1SS1hTnN6Q3hqUlhWYmZJSlBXZkFOMDIxQ081X1d2MEd0WUQwY0pYdG1pMmgxUUpUZGVzLWRjSHBjNTMwa2JQVHRhTlZDcVpDNFRQWjE3Q0ozZw?oc=5
2026-03-10	Google	0.214	'We're Waiving Certain Oil-Related Sanctions': Trump As Energy Prices Surge Amid Iran War - News18		https://news.google.com/rss/articles/CBMi5AFBVV95cUxNRlFyZDVqTGUtSTAxM0NVREd4Ti1faXJOSS13TjRvRXFIeENrU3BrejlPdXBrdlFITHZQRU55MzBZUGRIUE1CS3ZLcFAtU2RDbzdjZWEzVGItN3o5Ykp6a1F6emRFOFI4dnlPbmRnSWxpTmhTWS1jVjMzV0dLMFR4MUFkZXFiMGVJT016MG5HVmx6ZkE4emdKeVpuM0QtOElTMEpyY0o0ZGFXMmNTaWFxOVZtbVYyYm9oRDBlZVdaRFZpcF9iTkd6NDgxcE5wcVVaMU1PUHl0LTVXT2I4aDJhcHFJZkbSAeoBQVVfeXFMTzAwZU5BWkJmaTE5NjRhd2thcVdlcGYxSlRVSEJLUzBQNUVqWUNxeFFBZmliWnVjWVJVVEozVlZUdEFLUi04OGgtOFlsNnY0Z2wwOXF4LVlvalNrODBwV1l0Wm1OTk9hOTB3WVNwNzhmeEludkhWU1VuZDFQODlRc1pPWW1fN1ZieDhHMldBS2xSWjVmRVpTeGJ6MUpNNUZ2MnI3NTMyaTBwNTEtUDNndVRaVHp6S0xhejFrT3QzTk5lanBHRmduMGc3R0xSOVo4SDNPZXBOcE1OS1FFVTM1N2RESHFNMFJ1Q2F3?oc=5
2026-03-10	Google	0.214	Trump says US waives certain oil-related sanctions to ensure supply - TRT World		https://news.google.com/rss/articles/CBMiWEFVX3lxTFBIYTNiQk5CWDRTOEFIYXpRbzFKaU8xc1FocGJvTUg5dnEybWhwelFuRkRkanFNNmhhLTNaQXkxaUM0emttS3JaYWJQdC05d2Y3VjJvUGtaVUrSAV5BVV95cUxPaWgxQml3YjJfS2ZFb042aXBsZkhPRm5BUk9NcEhTRWJIZkw4NldmQjB1ME9uaGRKeHV0UXJ6TjdKQWZ4UFNVQlN6OFdFVm1LV2FyZjFyNmJ5dEVOaWlB?oc=5
2026-03-10	Google	0.2	Important to keep pressure on Russia – Dombrovskis on sanctions against Russian oil - Ukrinform		https://news.google.com/rss/articles/CBMi0gFBVV95cUxOVEFndEpwR1hzeUpYM3pNRnNhSHBLbzFlZnNMS1BHRHItVEI0OVJ3M0VLTXdGbm5EODNxNFF3NW0xbklURVFRaWowVVltUy1uSmx3SXVQUDI3bjdRUDYyM241bmVLZDZYcEtndVlUVzJVbGl4Q1FPQmMyV2s2NWZsMFhlM1J3ZFhoVmtVQ0M3bXpLZkhBSHZlb1lBalcybWdHQnRzWGdIUENQcFNRQXhUa3B2bDJ2dWRsa01pc3M5RGpGajNDdExEcnVCdmV4SHNDcEHSAdcBQVVfeXFMT19kdUU3WUk0QXMwVTRLcDNRbUgtdnlDRnhUTHpXZndsLVR2UHR6WUhSZHJCZTZ6eG5PNmstWXQ1UlhPSmZXLWZkdWhieFZyLUJBSWd4ZTVGV0RnTklWd2hvRVJBaEZHY0wtTElkVmdZLVZldW5id1J6Wi1rS1Y3QUkydW0yaVpsNmF5cmlQWHgwM2ZrbXFLMTQyNGVJUmRRTmNVdTUxMHJ3ZndMX0U3dnZ5R2FfQ2FZUzhTbGNVZUlVYzZMWFQ4TjVBckpEYnZWN0g0RjJjVkU?oc=5
2026-03-10	Google	0.2	Trump says war to end ‘very soon,’ floats removing oil sanctions - Fortune		https://news.google.com/rss/articles/CBMiogFBVV95cUxQbW9ZdzlEQjlDSzJidGlMRHZianlYWC15ZkJvaEpYZExMVE1QakxmeE5laGd4VkdIb3hTeUhkb25oMFloX0p0c1RtdlQyLW1HOFhXZjJDVjhpWk9Xa0RKcXBEUEFzRG0ydFVxVV9DbENRWmlRdDJnWU54ejhfSFE3UTY5TV9XOG5oSG9LMVdXaTU2T0tYLTdPQ3k1VHFZalY0WHc?oc=5
2026-03-10	Google	0.175	EU Opposes Removing Oil Sanctions on Russia to Cool Energy Prices - Asharq Al-awsat - English		https://news.google.com/rss/articles/CBMipgFBVV95cUxPc0tSd2lCMUxlV1hpUG1wUzIzRU5GREZFaWhOMTFMWGk3YWxvNkV1VWVQUUFSRkstUFdTM01ya0Z6Q3l0Y3dQc2h0bVFIVndUUDJEVG1JQ2tWRjAxTGp0eVF5dHo0QVBMRUhJQXdZV1VWdlZxVXlmNklTZTEwQU5EY0FValJQcVk5bHdoeWVaZDBOQ2Z4aUp5SXJWaGgwcUk3cG9vaHNB?oc=5
2026-03-10	Google	0.167	Ukraine war latest: Trump says he will loosen Russian oil sanctions after Putin call - The Independent		https://news.google.com/rss/articles/CBMirAFBVV95cUxQUkVwalNWWGhYdVZ0S3FGdE9UQ2gtbmRLOUxLQ3llUVdmZW1ReFRqZDV1TkliVUptNVVZTngzNllodWFVNWhvT1o3cXI3ZDRCZFVjd3BMeFh4VFFUVnlOSXNQcjdmV2VmTGwyLU9DdFlTZDYzelRab0FyOU84M3poQ0F3T2twc3JJODEtRERfbGVCVGE2YjZUSEw5Q3NWUnI5RFN0UHFrQjIybTBV?oc=5
2026-03-10	Google	0.16	Trump says will waive some oil sanctions as Iran war roils markets - High Point Enterprise		https://news.google.com/rss/articles/CBMi6gFBVV95cUxOYTFYUXNKOFVRYThlYnU4MnowOE5pZXItRlFYQnBhc2FhUVE3ZDBPRksyZ2dPQTFqejNhbm1fcDRsdWxqQ2JjVURGaTZfaEloMFl5M19oRC1oY290UWlaQU04VXlraHFLZWIzS3dGWUdvbWVMOHl3aWVNTmV0OW1HN0pqS2Y1TEUxSzlzc2JTNG93bUpJcC1sUHpuQ1pXZHN0eElFM25VU0hJa3Qxa09Nc0pING1mT2tyVGN2LXNLX0FENUNvQnhVUi1tMVgtd21rMHFpbVlDMHV5RmJOMEExeG1wSVZGVVA4ZHc?oc=5
2026-03-10	Google	0.136	EU Excludes Kulevi Oil Terminal from New Russia Sanctions Package - Caspianpost.com		https://news.google.com/rss/articles/CBMingFBVV95cUxPTkxXSm00NzBLM1JrcnNsbjJLdF9rTUM1dmZlOFBxazVWLTcyUkQxcGRrSzhhY25pWlQzUXlGanVyUkpOWXhjOWczQzhkYXUyOFhpZzM1RFdOZkxVRGxfQWdob3RQZC11Y0EzVk0yaV9fbzJBbkRlTVZPTU5GUlhGOFg3NzdFNk1jV3BBX1VVd09iQWdsWjI1TjV1c2tEZw?oc=5
2026-03-10	Google	0.136	Slovakia’s Fico threatens existing EU sanctions on Russia, as Hungary vetoes new ones - EUobserver		https://news.google.com/rss/articles/CBMitAFBVV95cUxOaHBicU1QXzMzbUFxWTJ5cFhwZzRiM2p4b1czVUttcGtEM0dLZnUxTmpOdkY5OFlrUjBTUXZuWFRkcFVfeVhNbk9NVWNHVnY5NWtVdlVnR1cxRkhBczVXVXRlMGxpeFQ3UU91V0hFU0c0VTBPYXUzZWNLUk1FOVFBRU5qa2hTa1dOVHVRcWV3NWJLRFFiVHI5YldFdWs1aWVuRWtPRlkwNGQ3aWxnYy1xdHNtV1g?oc=5
2026-03-10	Google	0.136	Turkey's Halkbank: US agrees to end lawsuit over Iran sanctions - The New Arab		https://news.google.com/rss/articles/CBMikAFBVV95cUxQc1d4ZndIUUgxVklEQk5zUFc2RTlUR3ExdHBmOTl2RlVJRzhXTjV3OGp2djliWk9EUkNld3VhRHA0WjlpeEdpOVpjU190TjRxNFZ6RlRvSHY1cHVBWGRYUjlwUVBKZDVfdzNwREE5YXBNUTNkMnN4WmFKakRvbFFKSkZEQlpNR1dyb1FlYmlpVFnSAZYBQVVfeXFMTXBQTEg4Tk5XbjBRa0U0TjBBb1I5Rjg5MzhmbmxSazVYRzVreXRqRjF3UEp2MWh4Q1pBYWF4cHAtektQemk5LXBhV3BnbW1WTFVNVVBlVnFwTXNyWDA3NlE4cndNLVN6cHBfVHNuMjNpX2xfR1JBdjdmQ1pDelVNZzdIeTl3dDB6eVJGNEROMVhScmNadUZ3?oc=5
2026-03-10	Google	0.118	Costa hopes for approval of new EU sanctions against Russia as early as tomorrow - Ukrinform		https://news.google.com/rss/articles/CBMi0AFBVV95cUxPSHZ3Sjh6R3VTY0ptLWlMTTNrbjFDVmVPZVpvelNaanByMXNBMkl4S1ZYVlBNSHN2Zlg0NXpMSmEtVjlYQ3NWS1hlUEE2RWtBcjFpaG5BUGFhcHRkWXh6NFhZMHNCaGxHa296aVotWnZzTXU4UENVVGFPbUJCR2NFcjRfVWFrTC1ZMV9Vak5zTzJBYWl3ZEdlVmdwd0Q1QktJLVpHLXZtcUw2UUtqRXJJYUkwLXdVQW5xOEI1YXZqQ2xxVjRvZWphbU1hRHRCTUxk0gHWAUFVX3lxTE5IOTBKMElHU25qejE0MjlVaGdISGhsTGNIRVJqd3JuYVFHem1kR01aTGM0SlBUZ2Y1eUtIeDVaR0hNbWthWHNWTWdGdVlaOVVOSGp4RVJHOUZ6ZGRjNjJwMVBoUkhMWUY2X1o0aGcxcG5VN1hOR0gxeEZVbTJ6eXVQc2pHMUFuVWlEZXlGSG5jcjM3MXNVeWljcHhGMmx2T3NjMFZYUUFvcHVWeHRELTJvZU5zbldEVUgwUXB4dXkzTTVfT3dCNnRxR0RCeUtmUnh0V1pLRFE?oc=5
2026-03-10	Google	0.068	Switzerland Adopts New International Sanctions Against Iran - Bloomberg		https://news.google.com/rss/articles/CBMirwFBVV95cUxOUGFxYjk3cUxPa2pJX0dZVEVfQWtUZHlmeUExbzJ0TlJoUklMQjVKYmhvUkFaRkloc2hxaWd1ZVhwRGFLZmo2enUweUQwMEQ0WGgzODlab3d4Y1dINVA2S3VCR3JnTkxYNmlkRGRWSlAxYkc2ZERjZlN3NGZqeklxanJuQnBQNVBaTmxYQlFlQ2F0aFp0dnVmM2VQdDBERHp6bmFuLWlCZVVCejkxT1ZN?oc=5
2026-03-10	Google	0.068	U.S. Eases Limits on Russian Energy as Oil Prices Soar - The New York Times		https://news.google.com/rss/articles/CBMinAFBVV95cUxNXzZsQmZHamt0dS1UdU90Zy1wZWZrY2k3T3BqSXV0RGZLVXVYSk82WDFVQWJHWkRYcFlkWHZmMlZsSWlyMmp6RmZQZzVFbWZnSjgzd2xKdVROOWVfYVA3UlZueU5pZmg5R29lZW1KU09KUXNtWWFUX29iVW5jY1ZTTVplcHBaVXJhS3dWb0tRY3U4enZQLTBKREJpdlU?oc=5
2026-03-10	Google	0.068	U.S. poised to lift sanctions on Russian oil - The New Voice of Ukraine		https://news.google.com/rss/articles/CBMiigFBVV95cUxQZGttNFR5Qy1STlphRHZnMl9RNlNzOFc3RmJwYnhfSUpXSTVaQmUtbWpid2Q0TjZxdFBuaGpXdDhaOWs3UXN6Nk1HeXV2aXBzSG5kMHNUWWpBa0w3ck9SblVtT0Vkb0xjbU1aUzNpZlVpYlNsb1F3UnFkV1QyUDJvSFliMF80N2ZEX0HSAYYBQVVfeXFMTlFHLW9RYVpUV1FNNDFxSmlRdHhHTFFSZjBxU2x2ZlVBcndmSEN5ZGRiOXVEVVl3WnpmSkU5Zl9SdXpGOHcxSjEzQWVObUh0U2hNZHBYZ0VQN0s0UXJqZ3VYRzNNZ0U2SHlrUkNhMV9kU2xVbFFjVXptMlhPeThyX2MzSDBfNkE?oc=5
2026-03-10	Google	0.067	Trump–Putin Call Signals Possible Russian Oil Sanctions Relief Amid Iran War - Modern Diplomacy		https://news.google.com/rss/articles/CBMitgFBVV95cUxPM18wMjJuSnF0bFc2SjAwSWoxX1lUT19IbjU5eUd5aS1SLVgyaEVSNWxNalRmRUtyNTA5LXRWaDhobVdUSDgxbzNUWGJOenV0RmpydDBKT3VWbzVvOWJiQ19CWTN3TmZYXzVUUElGRDR1emcza08wQzM1UFdEWDZoQ0JZWXhFTHVPeUNZOW1QdXA2dWh5LVJjVkdRSTZsNXdGV2J1SnptdE1iREc5WFNDOWtOeE94Zw?oc=5
2026-03-10	Google	0.055	"🇺🇸🇷🇺 Press Sec. Leavitt on removing Russian oil sanctions: ""We don't believe it will provide significant financial benefit to the Russian government at this time."" - x.com"		https://news.google.com/rss/articles/CBMiYkFVX3lxTE9MUkhWd2Q2ZFZ4RndCN2FhNVQ3aXFra2dOT2pIR1pYZm1HTWs5YmMwMkN1eXZTVV9vRGxVdWg4Vmw4WjdGXzlndVpOOUljVHg0YnVReUlvYk1sdEhwSWlfbXB3?oc=5
2026-03-10	Google	0.011	Putin gives Trump easy way out of confused Iran war strategy – and he might take it - The Independent		https://news.google.com/rss/articles/CBMisgFBVV95cUxPWTl4OFBXZXJHUGpCQjRCNFpweUhESk5Ob09yN181cFhlYjlpQjNGT1oxb1RvMlZsRDRfZy1feGt6bVk4a3NpeEcyY2NFOEloR19zZzdIY3NMMldyYlFPc21NeGRyNGlHdldkZzFWU3hUMG4wbDVja2NBMWZGRF9LdnJZR2l2ZnV2d3Q3TkVPc19PU2VMNV9VUHBFcndnVk45SmFpMFhOUUd6bTRzMkZ4ZURR?oc=5
2026-03-10	Google	0.0	'Self-defeating': EU and US clash over Russia sanctions relief as prices soar - Euronews.com		https://news.google.com/rss/articles/CBMivAFBVV95cUxNbzlRa3ZSWlZKeE9hMGJVcDhoaWhQTGdQLXRiY2NIY3hiZVNQVm1WZVpSVGZzTF9PT3hRSjA1Qnd1d3RkbHQzelhYOEMyU0ZLQmg5eWd3dlgybjd2eGFGZUtGNG9VdHF4OFBrUmJUSmRPc0x0TkUzVE5tbEhXWlpUSWprNm1ucXpLN20zdnV2Nkw1UGJsRm1JYVFBc0ZJWjZOOFY2dmZxTHdZbkdPODctTXFpTk9wSWc5U1pScw?oc=5
2026-03-10	Google	0.0	'Self-defeating': EU and US clash over Russia sanctions relief as prices soar - Yahoo News Singapore		https://news.google.com/rss/articles/CBMidkFVX3lxTE1ZeEtXRC1yZE1zQ3FhZW85MTJiOWhYU25pYWVFc0JPNW5VY1lOODFpdTFmQmJUajR1elh1eE11OFZDZnBSNVV5cmNLaklHaVRoNzdoeno5Ty00R0xFcEdJb0FjVHVkTDJfZmpUS1hJOEJrRXNrWWc?oc=5
2026-03-10	Google	0.0	A phantom refinery: How Georgia helps Putin bypass oil sanctions - theins.ru		https://news.google.com/rss/articles/CBMiTEFVX3lxTFBSa2daZktwSTA1eVlFYnA5RDhNa0p3cmpiWU84YUtxalRDN05aZXdGT2xNV0xtRzVmME9vbFBmOHhFN2ZMMlFhVE5yMG8?oc=5
2026-03-10	Google	0.0	AFRC sanctions auditors over registration failures and breaches - theaccountant-online.com		https://news.google.com/rss/articles/CBMie0FVX3lxTFBfQllMQnVycFd3QV85QUQ4S1ZVZkY5akh6aVNSSEhVSWxZMW9hRmlJZWxmcjFhWU90LTFJQ1RVS1k1dGVPc2RkTmM2V3hvV2JjQndDWmd5dm5kdTE2YlluZG5MR3JGUnlOaGZRWjl0MTEtUjVOaERPX1dBSQ?oc=5
2026-03-10	Google	0.0	Court Sanctions Highlight Potential Risks of Using Unchecked AI in Litigation - The National Law Review		https://news.google.com/rss/articles/CBMipwFBVV95cUxNcS1PaGg1NnNiS09hblEwUjN4Z010QXJEeWFPeHFLN0MwXzZSazRlWm45alo4ZVRPcmtnRllPS2F2VWJEUUd1U0NmVlZRT1p0bXVkU092T0RBMmc2cVZTYkUzY1BKSUV4YmdBVFdKSW9HYW5GaUNQaGhGMlgxUy1KbXRFNGNzSmFnSU5ZTllza3lTQmpFOVRmUWlqYWlEVWVISVl1ODRyMNIBrAFBVV95cUxPZmM1VXBMX0ZGOVNYUEFhbXBoUnlOV1NhbmZyWVlnZ0IzQ3J2VEtXUnZTUU1kNFhMMVNBVEg2UTRjUzdIcURPeVQtcmVtUHFKcXJhVlJNTU1VREVCbDVBcGFkMHowMVc2Mk8tODBRUVJJNWtUY3pIbWZmSTZrTDU5TlNocUEzUUg4OEJveWY2RnZSbGJwTUhLLTlhNG5VLXpFVlM4WTJ2bXh2UENm?oc=5
2026-03-10	Google	0.0	DC Bar moves to sanction Ed Martin for DEI push - Politico		https://news.google.com/rss/articles/CBMihgFBVV95cUxNc2ZhbF84ZnV0anFoNmRhZnI2c05ROUhvN0hrdFpWdFZiUUxoU1lGVF8tZUZpTWRJajU4bllKY2RSWmY0MXJsT1V5YXNTZTJwNFVrTmpSZ3NBdEJsYmVUdnRXemJHVlZISXYxQXB5Ry11ODg0UzRudWROdXFuenFsaUNrZE9TZw?oc=5
2026-03-10	Google	0.0	DOJ, Halkbank agree to end Iran sanctions case - Banking Dive		https://news.google.com/rss/articles/CBMipAFBVV95cUxNVmhiUnhFSHBLZlJVMWtqeEd6N2lnbFNmekJhdVdKdm9SRF9WUmRrS1piZHpSUUpLNHRwRlNRRWVoanNSakh5a1Jha1hBcVJ2ZDJfTjdIcFdYejdmbUZOY1MzbllSaGVxcWpOZDBRM3J3aTVHdk04NmZnZXpjQ2xzZVNlaUdsYmFTZWFlZGxLVVJtMEllRFlPcWRGMVFHRXUzQUtfaA?oc=5
2026-03-10	Google	0.0	EBRD sanctions individual for fraudulent practice - EU NEIGHBOURS east		https://news.google.com/rss/articles/CBMimwFBVV95cUxOTGFsME1XNGNRRVVyTVJ6bVFqd1lmWkplZmY3VEJ2dGp1VHpUZWlzQ2ZaY0tDRDluVG5wR293OUJqTmhNOHRkLVNaNG8xaXVpOVkwTmNWVGJwanNkejZ0OHAydHd0ajNucDhJa0YwY1drOVg1Y3k1QVdDVWRDZjVITGt2WWh2a0JzOUpWV0VwUnNZRG9TajM0eExtcw?oc=5
2026-03-10	Google	0.0	ELV: CMS sanctions seen as a historical issue; 2026 outlook and strategic priorities remain unchanged - TradingView		https://news.google.com/rss/articles/CBMilAJBVV95cUxQMm1RU09kdzBhclRDVDlhaUJUMHg0RVlfRDBBbWJ5Zm5DY09NemdPeUlLTEJLdkxVRV9INkNINEpoTkF5Mk0yX18tUUUzSklfd1BNc1l1UHVnUzBFU0tfempxQ1c5bFRaNk9EZDJmbzdqYkkwUHk2TlpFbnhmNklQRzVEMUp6RnZya0lBaGJzNWQ5NHJkMk8yWnJtemlHeld1RzRRZmhaTTRLbElKUGdldHBIcFotNkxYY1dzSnVFOFNJZHJBaUFNRDZxeGFxM2c1d3lla1N0QmRUZ2ZKaFVjcV91cDJzdk82NVpmbkZlNXBJQkNoRzhPdjN0YkFrRmgtZmYxYjVTaHlmN0VIcnljajdUUnA?oc=5
2026-03-10	Google	0.0	EU informs Georgia that Kulevi port will be excluded from 20th sanctions package despite suspected role in Russian oil shipments - theins.ru		https://news.google.com/rss/articles/CBMiR0FVX3lxTE9KTTEzbmUtbDE4RHB2RWxXOWc0N3JOc0ZCVjFTbVdJcHdETnJMaE5NcHhEdGV1T3NtNUwzcGlIcV8zTEItdWNz?oc=5
2026-03-10	Google	0.0	EU urges Trump to maintain sanctions on Russian oil, Reuters says - Українська правда		https://news.google.com/rss/articles/CBMiZEFVX3lxTFBpTWdyVVR4bGpKNXAwc0VFNVd5NFdObFp6X29mV2R0T0VEdU1lUG1XLTFpVTJWWERuZmc2NE5KdGpWeTd0SnN6dHVTaE1UbzhEZjB6SkluNk1Gekh3bi03WEY4MUHSAXBBVV95cUxNamtJa2Q5TnlVaHJCNUszV0plQlY2WkpYUUgwbS1uZlJUSzJocVhEYkVyU1B6ejdoelEzT25zWWV2LWhXeW80T3ZMOHh6Z3c4SW5WcVJtQmFhUXlHMTExUW1hUDIyMUJXdGw4eXRid1ZX?oc=5
2026-03-10	Google	0.0	Financial Supervisory Service Concludes Bithumb Inspection, Sanctions Review - 조선일보		https://news.google.com/rss/articles/CBMijgFBVV95cUxOTHhOamJfQ2NSTEVnd1dlSzdBb3BRa2tjeWl3dFJ1aldMcmxXR0NDNXlCNTdDMzFmVXNzMlV1cFJDRndMRU1CSXFFQURlM1RSei1jN25UUlczNXIteHdndloyRndYRDZsZURDeUJmaVBvRnRlOWFiSWRYWk5FTktfX3B1YzAzU2NJUHVxZnJ3?oc=5
2026-03-10	Google	0.0	Have Russian Sanctions Been Lifted? - Disruption Banking		https://news.google.com/rss/articles/CBMihwFBVV95cUxPRjI4UHpxYVNqMmIybFdWbl9kR3JYeTBtakJFaENvMjFjaWMxUG9MaWgybnpqZ2JkM01Ob0tLc3ExMnpUOU9fUUsyaTNEendzOHl5NU5EOXh3M21pVFluOFQxWG94dko4bTMyT3JaejdKYkhNWmtRbUVOUm5RNlhiRzVQTFE2Y3M?oc=5
2026-03-10	Google	0.0	Indian Refiners Snap Up Russian Oil as Iran War Trumps Sanctions - Asia Financial		https://news.google.com/rss/articles/CBMimgFBVV95cUxOM3dWTl9qWTFSbWtiWUJrY1p6Y1VLak05dHlxZkduNmJDd25QZmJlTnhRbmdaSWxWNUJMT05yRnVlVmItMEVjMXhFLTVTV2lhdVhvRjNPVEZyWnphbHM0bHdGY2xtd2hMQkFDVEg4SV9IQzFaNWRNcXROTGJhNTZHTndDUXRQSWlOOXgxaFNHTUZXMVNTS1JxY0JB?oc=5
2026-03-10	Google	0.0	Iran War Renews Pressure on Brussels To Lift Russian Energy Sanctions - The European Conservative		https://news.google.com/rss/articles/CBMiuAFBVV95cUxOUlFNVVNEM1RMWkU1VW9hMVp4aVdwc0JRb0hXRjZRSGlwRHZFNnBwSTZ4N0ZUT05UVnhRY3JWeVB0UVpOSFkxelBjWGkxVGM5dW5WSDJGMHdadXRUbnpZdVNkcWNxV3JkTkc4MFY5TEZTX3dHckdiRmVIaHJ4MDdnRjZQcWk5UDgyMF9SWDlIQklJeHpoWDZMM0NIbjJmYUg1dG1XNEZUZGVPMDFCYmdpTjQ0d2J6OE15?oc=5
2026-03-10	Google	0.0	Judge OKs Sanctions In $500M Miss America Ownership Fight - Law360		https://news.google.com/rss/articles/CBMirAFBVV95cUxQM1VrY0lpeWNoSnU4SVRIbVk1MlFOQ3JjV0h2R2VpSmJ2SHBZY0pHbzFQQ0RUbi1pRzR0cXA5S1JLYlJGS2JiRlJsRy1Lb0RybVRCRm5sSFhLQ0JOdWRhRjhhbGZuWU9vYTh3ZG9tVGtWUHFENXlhZDJDNkZQNEliU051d3RuQVpfa21SVk1NbXpMLTU4Nk85TUpoeE1YaUI3bmZvOGlhWlJHUEdY0gFYQVVfeXFMTnh5RllnaEgwcWxqM0daZlM0SGtwanlVbF9ITlY3WmFyMWg3LVBrMWlHQVNCWnIyRTZsbWJFZDEyRk83Yk9xeHlKNGJaWlIzOFc1bVo5eVJaUQ?oc=5
2026-03-10	Google	0.0	Kremlin says US sanctions relief on Russian oil not discussed in detail - Investing.com		https://news.google.com/rss/articles/CBMizAFBVV95cUxONVRIU011emJlSG4yQXhiZnN1YVZ3aHNyWTVRb3FxTkl3NU5VYktSZjMyc2RDYzd3WGNSRmlEUXZvNExZTXdoakIzMWhFUF9vUnJjREs0SGhzZmVoQ0FWR2tVVFJrNURDYnQ4Nl9lYkY1eEJhcnJaQjV2bjBsODh2bTMyZVRjajl4NGdiUGZSSGF6dFRZWFVENVlZRGRhREVBbm5JQy1sdklXNl9SbEdQVkRrMTFYSUQzNUl0bzNnY0g3WDZLX3J4NzZydzQ?oc=5
2026-03-10	Google	0.0	Kremlin says lifting of sanctions on Russian oil not discussed in detail with U.S. - TradingView		https://news.google.com/rss/articles/CBMi5gFBVV95cUxQc3pqT09WRFVJSDdldXJaT0U5b3Q2Sm5yaFhBYnpmWFZFdzFHZFpYaGV0NFR2REJzSFU0Z0pjbkpNRWJyNTR2OUt2WkJhdURwRjlBMlEtUnBfZzE3bHB6dl91ZEk0cWdpUlpJVWNCTkUyNGtwT3F3b240d0V2Y0NDbjRNRHY4R0JENER1R0taczZRRlZyc0ZVMTVEd0FXaDJUUGxkMDJEeS1GYlMxMUQxMjZjLXkwZGY0aGo5SGxUeWR1c3Vua2pOM3JrR3dneHIwNGRmcXJjcFl6Sm5mVl9YSmdhblo3UQ?oc=5
2026-03-10	Google	0.0	Local man receives sanctions for C-SAM possession - WDTN.com		https://news.google.com/rss/articles/CBMigAFBVV95cUxOZWZLY0gxeW03TkdDZ3E0SEMyQXNjNzRGeHpHMnVQdGRIdmxUcWpQdTg5WnB4NmFFSWZDRWRqRXNzeVZWeHZVUHV1T2ZUbTRmU0lSTHdlOVM2MFR4ZlJSNFZiN2h5UE9lR0FldEZSX3JtWVFlelNqbm5jZFZqd3FOb9IBhgFBVV95cUxPdmpBc1RjS0plVTdLY3VvX1NHQ3RQSmd3TjJ6TFlYSjNja3VvZWVnODB4dE9DdGFqS29kOEtFV2RsbWVIdlNWQjg0WDJjM25ZLXl6TWNXSGg3TUlUWDdRNjN4VzhJVE5nY2dfVFlhRThRZ1YwdzhzUTBVMEZwLU1VLTVJVzdFQQ?oc=5
2026-03-10	Google	0.0	Mercedes-Benz hit with antitrust sanctions in South Korea over EV battery claims - MLex		https://news.google.com/rss/articles/CBMiwAFBVV95cUxPUGI0cWowRm5CdW56Y3ZDdExycmJ3UjVNdXlHQnk5bTY2OUlZaXZPOWtMLWg2WDlvY01LdG13QUxkdGVPZzRhaXRQNWNRYzhDdVNEWjF5d0lKTFJTWWZJYkhkZ0VBV1Y0alBFUk9GTlY3dGhNRnQwS2p0ZWVpV2pDeDBhaTNvNEJabTJSVFJtOTduWWUyR0lnZzFFb2ZQR3YxekNJaVhfS2FCd0xEaWt0QVEtQTN4eGFIN0VCUFNLUWjSAVpBVV95cUxQMll2UXIwdXVVcEJQMkhZOGJmYk11YTBRM3ZHcVpfQ3hFT1gxUTVVMmNrb2R2U0JjQmxIX204a0lOOFlvc3Y1dG1JdzgzdmRiakp5RlE2SmI3bVE?oc=5
2026-03-10	Google	0.0	Oil prices fall as Trump floats possible sanctions relief - Euronews.com		https://news.google.com/rss/articles/CBMipAFBVV95cUxQMEhzZ0pld0VxbktOVmFYSElaeGF6ekxmR3dKWUN3NDduQkZYbWxUOUVfV19JZkNyc2t0clgyeUNJOE5RRkpkV19wa1R6d2VNSFBQOUZjbVQ1cnd6VTk2WjdpNUswWlRPZkVHdVhZNUVnNG5tMXBDc1B4T1U0SnFrUGJLNVVmMWpickNSckpFSnFvYi1OdThxZjhiUExVaHk4WHlIbw?oc=5
2026-03-10	Google	0.0	Oil shortage, not removal of sanctions, will boost Russia's energy exports, expert says - France 24		https://news.google.com/rss/articles/CBMisgFBVV95cUxPSkMzWnJqUWNFMkR4OWtscElBRG5MSWU1MlBKbFNNRlN1UUtZbjBlQ1hRLUZkTTM3RlhrXzEzMm9qcHd1Vk00ZkI0bmx6RkxIU1Bra3d5SDY2NDlheWE4a09LZUpjQzJTWDhDU0w3TzFWUy1rMnd1YktzTHBvVXI5UlE3aG5WdHR3RHlmUDdCcFRHNjRxN3RyMXFkbFA3UWlOR001eVNTSjN0MGRnZWYxdUpB?oc=5
2026-03-10	Google	0.0	Orban urges EU to suspend Russian energy sanctions - chinadailyasia.com		https://news.google.com/rss/articles/CBMiWEFVX3lxTE1KV3hvOE5fcXJHQUlIa05PaU9iRzVRNUFkTGxlcXY4bjVjeXNXX1pLNDBhdGtZWkhDbk1DTlVfRGN4bHBvTVk1TmFKZzg0STZvdUVUMWhmaFE?oc=5
2026-03-10	Google	0.0	Russian sanctions easing linked only to India? Trump’s message to Europe allies amid Middle East oil shoc - The Times of India		https://news.google.com/rss/articles/CBMitAJBVV95cUxNWEVkMTM5cWpWT2hnZjVrcWZuRlVpaHBBYklONDNKaFpnTjUzRVNNSldSOUNIUHBWOXp1MUxGeGFmeG1UNlhFNGJTUERxZFFJSkVOd1hRV2Fuc2xiUnlFaGtOUU5lZ2hPcnhFbW8ybWNJZU1MM3VRNkJ3RjlFNURwZ05YMXdLNll5YXRqWlFPTWNrTkxaOUdocVVCT1EwVkY5NnB6ejVJN2RMSnZWM3pWdkEzLUVndHBCaU5nWWlGMnFQMDFHYmdxLXoyaGtfNlNBRXN3WkphcUpFZ1UwTWhOYUFBbTNIUjk1Y3NjNzIzYk0yUGI4NTFOemRSQm5XOTAwX0pZQWlxa3NzYUYtY3AtdERrVmpaV19NaVNsMlN5eXRZUmJxNFRXVXBYVEpBY3RHUFcydNIBugJBVV95cUxNbksxSjhtenZZN211YUQySWpod2F3ejh1OGRUTzl4WGxOZGRYai1GSENmWGdzQ2xjVEQzNTU4R2RaZGgzTS00N2JKYWM3amNKRUhSMnR2dUJGeGFpVjlVVE05ZmJaQU5pZ2RvVkw2bDZqVG1XdjNsSmhwT3NLSHF0OVRyeE4yQzEtWlBubmw1aDVsV1RMMGNPR3NnQTZsb1doR1hLNnBuc2hiYkNwYjd1UUp6NWdwQTFmZnd6QjQ0RDV1NVp5RDU2Z2lNOHI4ZVpyY01fdy1tZzlDSDJvR0VDel93STBjalNjMnhvQ2ZJY3YtUlpsX2Y3MmZaU3M3b21LTTVoQWF4d1M2Wm1nUUF5LVNOckN4dFNKR1RjRmY2ZzhFc2RReE11a21xbzdFQnJQVmF1NFVqSWZyQQ?oc=5
2026-03-10	Google	0.0	Sanctions on Israeli settlements are working – even without the US - The Guardian		https://news.google.com/rss/articles/CBMimAFBVV95cUxQcGFsQ0Z4aWtNOVZvQWc2UDEzdzdwZ1N3SnVpUld4b1lFaW9nTFJETVd6TUNoVjU1Wmo0MV9CRHpzTXdsY1BnMmtXS3JjNlNZU1ZhZVJ1WGxaYUpaTmNBQU82bFh0dk84TmtGSUh6YUNhQ3ZFY1VoOUIzcm94eWFsa2dDS1A2LVM4U092RHZQdVRFblRBX2oyWQ?oc=5
2026-03-10	Google	0.0	The US has informed allies that further easing of oil sanctions will focus on India - Bloomberg - Українські Національні Новини (УНН)		https://news.google.com/rss/articles/CBMitwFBVV95cUxNMC1WX0cyVmNqRFRUUnBjaHBwNHgxTFRWWVgtTkQ3ZHFxMTdlRzdzU2FSQ21qNW9zb295RUVydDk1a3VHU3VuXzBjYzVJbmhkdkZWMG5TTVo2S3FRdV9rRV95NGFPb0NiUFZ0SWdoSF8yRzgtQ2psdk5fZlFTQUF3R2tBa3RMeU9lTGVDVlhaTENwRk5HODZRSDlvTGNqQ0lCWjBoUUg3RU02VTJ0eGRnd3ZzdVp1b0nSAbYBQVVfeXFMTnRqNjBocGtGVTZ5bHdMUlRDMW5zVlQzcmlPTGpFM3N4RE5QZ0ZlUE1aOEVJSmFIOGhLRi14OU92OGprVEpQbkpGQ1FwaXdlSjZxRTNmd2lMMWVtX1lMMnlDbXBPMnZDQ2hzSl85Qmc5eTJ4eTJWcWlrMWxOUGRsRmFnczBCT1p4VmtobDRmOG8tRy1Ia1l0Q0VVRTdrSW9SZzU0em13bmRHRDVWd2tPQktzaV9XR0E?oc=5
2026-03-10	Google	0.0	Trump Says War May Resolve ‘Soon,’ Floats Removing Oil Sanctions - Bloomberg		https://news.google.com/rss/articles/CBMitgFBVV95cUxORGdZU0Q0ZVBOaktwT1JYUWRNcTAyV1ByUF9aUDhueXYxTFRGR2RUbk1BSmF0NVM1ekl2aWYtSlhqN09XSk02YVo2T28td1A2T182dmJVaXJhWWtwOFZNdUJIZjh0WE8xX3g1WVBoYTRKMWdWMXNjSzRoNWVWRWtYR0NibmdPU0syRlFVSUZJR2pOVzNkcmJxQ0dobGFKeW9NTEFDMk1DbTZPMnNfUzdIS3hMQU13UQ?oc=5
2026-03-10	Google	0.0	Trump Signals Possible End to War, Floats Removing Oil Sanctions - Bloomberg		https://news.google.com/rss/articles/CBMirwFBVV95cUxPNFpxZ01YS29tekJnTGpBVXNJRXZ5STBZWmlrMWJmQ3RCQlRFek1UZS1XQTdQTHR4bE1YYzRxOTlfY2syb2t6T2gyWW9YVXpCZERvSnNxSlQwNFdDcW1fbmh0bzNTSmxscmVpdlNua0t6Z051VXRLNS1QaUFsMmcyZ2kwWml1UXRYUzczRFdtYjlFRGd5REY2ZFBGQnVWMEhOS1pWUnNIZE1DOUFmdklV?oc=5
2026-03-10	Google	0.0	Trump Signals Possible End to War, Floats Removing Oil Sanctions - Yahoo Finance		https://news.google.com/rss/articles/CBMieEFVX3lxTFBLUGlRUXNZOUJJUHN0eVVQSC1tOE1xc0JuSWZpcTNaUzYwWHhzR0pLVFZFZ2d6QWJCeHhxSG5BYlQ4WlpBSTQyZUIxQm9SWEhPTU5RNW1JS1Y0SVY2NXZqNDNrdHMzN3lvRHQzSmh1bzU3dUZ5V3ZSWA?oc=5
2026-03-10	Google	0.0	Trump administration discusses further easing sanctions on Russia oil – CNN - Українська правда		https://news.google.com/rss/articles/CBMiZEFVX3lxTFBseDJzelBlUThLOWVtVkpvRm5hdXZNVl9JYXlQa0RQSTE2Vmt5VU55MHdFbTZMTUYzcTlyX3RRanFXUXJRYmdueUIzSW93cWxsZGpURHhSTFFwdmFfU3djdnJlcknSAXBBVV95cUxQaTdsYi10UXZsWHZoamtHR09IcnlvWnZ3WDJrNEFqZWV4N2ZWMWFVRWxUQjdCTHMtZkR3WmpkbE9yampjRWhyeWZlSUlfYXdjVVdBcjJ5QVhOd0M0SHAzVVpRN0pkZkJhaUUxYmlzSDRo?oc=5
2026-03-10	Google	0.0	Trump considers easing Russian sanctions to stabilise oil market - safety4sea		https://news.google.com/rss/articles/CBMikgFBVV95cUxPTlZBazY0aW5wb25nUXo4MHFpbkJCcWtFbHlodGdVUW5RWDRKWW90b1F3U01pbFE3Ym1mRlpvT0wwLXFfcDIwa2o0OWRLekNFTW1BdnpRdmJkb1BDdUVTamlYV0pNOG5lR0h0aDh6N3JKVzUtTmUxRWp4VUJETXhXVkNCYnFIQ2RSc056d253S0E2UQ?oc=5
2026-03-10	Google	0.0	Trump says some sanctions to be lifted on oil producers amid Iran war - Al Jazeera		https://news.google.com/rss/articles/CBMiswFBVV95cUxOVk96Zlhfa3VvYWlDdVhmUF83VndiRlUyYnZDYXBLdUpLdVpTSGpxYjBLWUNCUHFWaWFQSVFtQlI4SUJlbUFKVkxUcWVEV0sxUjY2WjRtaU1PY1pVcmV0QXlJaTk3aXJKaW92SjF1dXV3dkpHck1qYlgxRHhyRUMzQzBFNm53eHdpMGg2Qld0em9rRll4MHgya0pzOVZWREpPdFo2Q25nNHJydm9lWFUwaFk5VdIBuAFBVV95cUxNbEtXa2xqbnRFVll6Vk9VYlItZE1iUmtQZ21Tc3NTbFNkNklvelAwdWlUelFsYnFFUGtEN3FZeW9ncXZTRVpuVnVpUUwxc0tlSWl6N2tncmpqYnlpbXI0a2NINnVuYng4MlFLWU0zTkFXSHYtYXdzZnJTaFFfMmlkM19OV3U5YkVQWEd1RDZKX0VhTW5ZcDVralpoUHdQRjNGanRqQ3BBbGNpMUt6VDVBVEhCLWk3LUQ4?oc=5
2026-03-10	Google	0.0	Trump says will waive some oil sanctions after talks with Putin - France 24		https://news.google.com/rss/articles/CBMiqgFBVV95cUxNZ1JvM0lIOFRJODJFNHNtMFZwWDhzM0tCZ0w2ODhEcUdEdllPdVZORXBPSTdsUW9FcDdEWU03WmhxSFJPY1BKRlZtQUpRSW5sdlU3WGtVTmFOOGFfcXZlQzV5aThZOFl0dGtUa0lHQXc0SkMwM3hkNjlTdUlDcEdvX0JyMXFYejZFUURWdktjV3o1aTM4SzF5aUdKeGVNY2xyRnhGeDFBeC1oUQ?oc=5
2026-03-10	Google	0.0	Trump says will waive some oil sanctions as Iran war roils markets - France 24		https://news.google.com/rss/articles/CBMiswFBVV95cUxNODRfRjZ6dDdOUmFlc3k3RDRSeXBXRUlNQlV2SHFpeENRaWNFNTVPUTFab2RZZV9WXzItN2JsSEtKd2lHMTh6NnFzSlQzd212aGozOG42TGtlRTh5cDdveFNGXzh3aElKSHBZWUk5NmVYVmJIb1dHSU9KcmVXLVlYOHc3MG9PRWQzMTJ3SFpJckFrRjdRN0hwSmdVQ2ZqUXZMZ1ZieFpKQXdjUy1WVGhpandMVQ?oc=5
2026-03-10	Google	0.0	Trump says will waive some oil sanctions as Iran war roils markets - The Killeen Daily Herald		https://news.google.com/rss/articles/CBMi4gFBVV95cUxPTFlIWm5KN3FnRE9YN0hILUVnMElkbnEteFNxb19xZ2x0NlNfSy1XR0VPN2VyWFBTZFJUZE92TF9RU2pUSDE3NDhkLVNINGRuWUhtaE43bDBGQ19ZTmJUUDNjS1VXZE83Nmw0a1U3bHV6T1Bscm5WN3ZfYThZQnY3alJLQ1ZkT19tNmdBdVVrTFY4ZGVySGQzZjEwcF9RdElnWW5vbFVscmE1eFVoUlk0SWpGY2RnSmVfd3BZVmxVbGkwMDkyTFNIM2h0YjVxSy1nV25KUW9fUGgxbzc0QWdoSDln?oc=5
2026-03-10	Google	0.0	Trump says will waive some oil sanctions as Iran war roils markets - communitynewspapergroup.com		https://news.google.com/rss/articles/CBMi_AFBVV95cUxOaHVfSnBtR3NxY0p1RTNBOGItRXNfRHM4TkQzWTE2aTVwMHpadFRJNllrQ3VhZ096MGNRUFZBV21nVXU4bnR6REl4UEVwRUF6eFY3Z1Fkblo0aHBSQzVKQ21sNEtsM3RqcExEWERLOWFUbTA3VUFIMkRIZ0lGZGdMQ0ZEU1Q1ZHY5dkpxVG5yeG02ellNZkRfc0dKeEYzanRCd2FnUVFGbW5STGFlcW1VV1RQNnZWU1dXSlV5UVdsUndOZW5Jc09hNWlEMk1EMEtRQ09rRGlYTF9HbU1fU1k3bTB1RlVyLUlvSmNYU0RMOGRxcE94SWZPYmlrbEg?oc=5
2026-03-10	Google	0.0	Trump signals possible end to war, floats removing oil sanctions - The Daily Gazette		https://news.google.com/rss/articles/CBMi5AFBVV95cUxOa0FBN1JwTDk2c2dFTnBFZFpZZnBkNWtMREtmWkh4YndmVVVPaTFPLVZpa1MzVWswNUNkZXl5ZzJwVXlPWVd6d1NEa1pyN05lTWdmVUpibU12Z3JJd1pCM0ZMLUlkamRockFSeGE4QU1PVm9FVkhoaW93SEtVb0haR3dEM2xnU3dPSjk4VjBRUTgxbVFnNjd4cFJqZ21SQ2g0anZkbEhGdlBIcHhrX0w1R1p1TGxkVmRlakNnY0N6WjVleFAzM0RLWnpxdjYya2dtUGNBSTE0b0ZHVFhLTk1aZHBBbjg?oc=5
2026-03-10	Google	0.0	Trump, Putin talk of war and peace as US weighs easing Russian oil sanctions - The Times of Israel		https://news.google.com/rss/articles/CBMiqgFBVV95cUxPNTF3UnJCY1NsYlZwaEdEWFFIVmpuLURIdUc0MW5TVTU0N1V1MkR0ZXU5WXlldHFQQncxTUI0aGVCODUxbTIxamVDSmNfLUJoRjFpRHEzMTNNcTN6UU9mNE1ZUEdTWVlnRDVGUVpOUnlJanJyT25CQjFCTUVFVlB2ME9CMkFUenlQbXpJODBEQmdfN0FmRTVEMm0wNDJkYUgtNTZmSDIyR0MwQdIBrwFBVV95cUxQdWI3Q1ZOeEZJejNJOVNUNmxpN092TlY1NkllYVNFRDBwYmJhRDJTdnp0TzhoNmFMZWY2SlhhXy10WlhOdUdWUXlTU25OTDFnX1pzZ2NVOGtGS0N3U0w4UkRfdm1QMmVZbzllSm9pUG1PVDVzYVA0Y2JZUGVlMmZpRVZwY0NEdk1aM01TNHVEU1dKWnJXWGtha01CUlJLOXFGQllUZVhkZTZTYURWaFB3?oc=5
2026-03-10	Google	0.0	Turkey's Halkbank Reaches Deal To Exit Iranian Sanctions Case - Law360		https://news.google.com/rss/articles/CBMiowFBVV95cUxPRjlnMmUzRkd1V3gtQjRTcy1tbkJvdjgzdXdoUEd6T2dNZnNSVjlXa0hGRjFuSGY5eEg5MlR0TW1aSFQ0M3o3Z0lsQXFVMnR5N2d5VG16czJPVHIyZ3ZiZHlOY1R1ZWgzTG5BMEZ3dkVzZFN1MmYwUDQ3Y3RlZ0daNE1lTnVEeVJKbUttOENRaGdjS2llQ0ZmU3lhSVk1RUctcjNN0gFWQVVfeXFMUF9TTDE4UDdQN3p6WWZ1TVRKdVh4dl9WelMya1VYbC0tNHMtX0ZWLUpkanhwTkRGS1pDd08zQ2tDV3Q3VU1DQ2RaSnVOTmVUc3lKTWRlVnc?oc=5
2026-03-10	Google	0.0	Turkey’s Halkbank says US agreed to end lawsuit over Iran sanctions - The Times of Israel		https://news.google.com/rss/articles/CBMisgFBVV95cUxNbEpZb0pwZi0tR0pLNkNUemFsd0lweVQzSlNyTGRCcTU0dDFUMmJ0enBMelZmQ1JGd0YzZ2w3WXVUUTBadU1wdTZRWndlY0txazJGN3FQVWQ3ajVsY3BjZzdGdDh4bnZscU5FQkRSSDlpNjdVMHhLdjFXTDVsOVI0b0JTSUNHN2JscUFoazVQRERrY0pEYTNvODhsc3oxOGNlRG90d1Z5SWdhWE85Y0dQOEdn?oc=5
2026-03-10	Google	0.0	U.S. Waives Select Oil Sanctions to Support Supply and Temper Brent Prices - TipRanks		https://news.google.com/rss/articles/CBMitgFBVV95cUxNSjRqbGwxbGlDNmtaS1pjUEx1ajV5NmNsbHBlUGxsR1EtRVUzWU5UQW5LamVRSTV5bXZ6VWEwMkxTMTFZenJRckV6dHViS3Z0UVVFZWxRWDgxamlpTVFJaVg2dzJjTzktNnB2Z2h6UTNPTTdEMURwTEJGNEZFU0JvZ1ZNUXVwaTN3MmFiS0hTc19jZXdVUVJkRzNRanotQ3I2aktjSmRwRGlFUkM2NEVhN2F0YUZhUQ?oc=5
2026-03-10	Google	0.0	U.S. Weighs Easing Russian Oil Sanctions After Trump-Putin Talks - Pipeline and Gas Journal		https://news.google.com/rss/articles/CBMiogFBVV95cUxPSnN5T2t0djF3dXBRQWxHX3IzWFp3YVg3dlpLd090V3pacl9tQ3g5TnZpTFAxWVlCUnBsZlVNM2tuam9ibmxtaTJfTEhReGxkOWpMQWx4NXBya0tlcVpiSDZPR2V5NUt0REItSlFGZF94UDhMbFdNSFhRamRqSExzQUpVVDF0R2NxY3dET1B6cV9uS1lpQmRheG9VZ0dwSU1rLXc?oc=5
2026-03-10	Google	0.0	UK MP calls for additional sanctions against Georgian officials - JAMnews		https://news.google.com/rss/articles/CBMijgFBVV95cUxPaEVDUnJSTVpQSVBEcUUwSF9kbW84Y3ZmX1NuNDF6ZDhGYnV1bFRlZjIxZ2paRkpIRXRPSVJqTHhsaE1IOXlrTFhRanhaRE8tMjZZSXpfR1RWeVdEY0t5RkpKOHVnUzhOYXZLc0hqZWdYOUNVRDNJQXJxRGllTC1uZW91Z1hFSVB1Z2t4TWJR?oc=5
2026-03-10	Google	0.0	US Told Allies Further Oil Sanctions Easing Would Focus on India - Bloomberg		https://news.google.com/rss/articles/CBMitgFBVV95cUxQSWFaOHRZdHdsVW05R3pmWjBpeXE1ZjhEbXhFb2hyc2RwZklhUkllMDhNTzB0eW9uNkNWcWM3ODNEeG1ZMzVlbEl5bGxaYWJwWGxUdkRUb0gtbU1lcmVMYmVmTTBqQWVUd25rMTUtMXhOQnpPTVhQTzlJd20tcjRVYzZMRFkyNDdHS0l4amVSdzlhOXJPMDRLSWNQY3BPdjlYR1N4V19mTzRGRHp4QkF0TS1GTW5iQQ?oc=5
2026-03-10	Google	0.0	US allows India's Russian oil purchases again - DW.com		https://news.google.com/rss/articles/CBMijwFBVV95cUxQYWpEd0lsSXZqR0tZVFdJTHgwRTRKYXJZQjU2Y1I2MnBNZmE4QnNSSm80UjcyVkVvTFVvVHZRemJ6S2kycGlxazM5cFpzamlKSDFvcGpQVmoySjg0MTYtZ2pMb2FPcFMyQkRqUnBwWGtnSFRSNUNOcGpWc0hjOHVrYzBxajE0OXVkVHdlXzFRc9IBjwFBVV95cUxOZkhqVnhUVERkbXUwTUwyNEFIeFY4X3VIZmQ4SW94ZVRFTUlkS0lCb1ljZk9zZ0VfaWtpcUVUNHV4RmxnbjRYeWhidUJXNmlJaVVWblUwNG56WGFHSWlLN1NMVlFkUW9QeUJTS2pVZHRMUTllelVPZEt1Ylg0UUdHcUVaLS1MaEhROUpnM05mcw?oc=5
2026-03-10	Google	0.0	US to remove oil sanctions on some countries until Iran situation 'straightens out': Trump - S&P Global		https://news.google.com/rss/articles/CBMi-AFBVV95cUxNQ3dFNU1OZ0RhQ3FDd2tHTU5RTm03a1lEUTFFNXRvTmJ3c3dpb19WT3pPX2Z5YzlLUWhTd0hjclhlVk1wU01TdnBNR0d2ZmI2WnQxU0hmMTVuUEJsSThkalY0X1RaazcxckMzTmhRQlA0VmRCU3VmX1pMMHFfbDc1bG5fcmNRdkdRamlTQnlQNXRvSTBfMFBvU1g1d1NJN3I2Rm1ucUZ6alRqdlRndTlUUjY4UlNBQjJRcEFVUWtxU2tQd29UNTN6VU1zQXF4VjdxVjJMclZHYkx6bGxxRkZiX09XeEMxWU1lOUhPdEtVaURjZjBwNHlYTA?oc=5
2026-03-10	Google	0.0	US waiving oil-related sanctions to reduce prices, Trump says - The Kyiv Independent		https://news.google.com/rss/articles/CBMiekFVX3lxTE9uWmwtMWljZFd2N19GR0lPNC1MRGY1alMxNGQ3U3RnQ05QeTlVMkppTUVNMVVia3RackJZSm5iRWdxTHBZRU4xVEhRQlN6dTRDLXpFUkJnMGF3a1RMNFlRRzk2VldlMWNsaEF4T09NQmN3S3hzdXMweVBB?oc=5
2026-03-10	Google	0.0	Ukraine War, Day 1,475: Easing Sanctions on Russia, Trump Speaks With Putin - EA WorldView		https://news.google.com/rss/articles/CBMiiwFBVV95cUxQV1duc0JxUk03Q2Yyb3lYbFNXTEtPd2dzdzRWOXF2SFJfSEhnWWc0TExVZ3pSbE5fbUF6YWlvVU9xSEJvY0FUN2xWcDg5Q0xRcWo4X2RROUMzZ1NvZE9udHNzUUdMdE05bm1SRXpUQW5BQWZXWUQ2ZWUzUm1oWWhuS1A1ZEh1Y2w2b1pn?oc=5
2026-03-10	Google	0.0	Ukraine war briefing: Trump set to ease oil-related sanctions following Putin call - The Guardian		https://news.google.com/rss/articles/CBMixgFBVV95cUxNcll2dGtJMUdoTDc5STdYQ2pENmdOXzVMLTZmZEhZMzhNX2tla0RlWTlRUTI3MHlURVEzX01YX3VEZTJYRHFPY01MaWp0MFM5aV9sU2tTcUhFN2NEc0ZCZHA4QkFHY3RIZk1NelRaQXVuSE9iZEpTTVFWR3FKWldMbXhybHBZd0hVLTA5NUttcndrWUZOWlIza1BubUZoQUxQOEozSGUtaHl3THdWUmtoeEM3MV9RMzZSbFAteGt0dm9VSlZmZXc?oc=5
2026-03-10	Google	0.0	War, sanctions and crypto: inside Iran’s $7.8bn digital economy - thenationalnews.com		https://news.google.com/rss/articles/CBMirwFBVV95cUxOY3htejI2STZId2tXeEYxNkJidTA2YWd2YVFVN0N1VkhHcDh3RFdVN1JGN2RsclFnVFNKaTRkUjQtRENVUHdEV2ZXcTVQMUxPTXhNb19mZHNBcVdua1ZFdVB1TVJ3WWZOaXZwUml4ZHZnb0drRktRN2lmWWgtVS1nWVFMVThPdmh3OFRoR2JOcVZJV3RuQTlYbWlZcFV4eFhQR0doR2NZR3BJRXF1M3Zv?oc=5
2026-03-10	Google	0.0	Watch: Trump warns Iran over Strait of Hormuz, eases sanctions to stabilise supply - The Hindu		https://news.google.com/rss/articles/CBMizAFBVV95cUxQVTBIQ2h0aS0wNEZwZ1hxd2xfajNLOWZEOUxQUENMSWItdWk1VXhqM1FqNGItRi1XY3NtbWtQbm4yWG1qR3hadGZNOHdZNTM0bXdMMVRNcXhWY0dnZmJHamhjYWh0RGVNYlBVbGh6Mi1GZngzdjFOai1JWHFsaXljbFRVSS03di03ZnFqQlEwOHA4RHhFZ2dzczY0WUFyREdxOEI1Ri1peldBV2JWUUxnNzBWRFY0LXlVNElNMlgxNkFHT21MT0wyZmduWEXSAdMBQVVfeXFMTnRWc19fYS1maV82ZHFXN2tKZTBlMEhrUnBRQk5hQkRWdEZLUnlrT0l1aFFSLS1YTXVveVV5SlduYWx4em1admlSYWV4Z2p2c2lWbUlsQU9Td3NlcTJ5eUw5di10cDkwOWlzRjFxQkNNSjkyQTA4emg1NzlRRDNRdE5kSTFQWUwyQVJIUHdZYlRyTl94aUdiZ01lSmhUOWYyRkdOaTVzc2tTRzRJRExqekxQcUVDbm45UV94aC03UE1EN1VZYVI4TVk3d25QYnNQY3lpQQ?oc=5
2026-03-10	Google	0.0	Zelensky hopes US will not lift sanctions on Russia - Ukrinform		https://news.google.com/rss/articles/CBMiqgFBVV95cUxQQkNuLV83SHNhZXJTR2dMSWdiZno4TUF0WmZSNkhQXzNMWlFYa2Q0LUwwOXZKZ3F4dXpXazQ2WjI4czktbFY5OE9WT0lXZmVwSlFHSEF1dmd0TGlWcmVNX0VGV1JqQTktTHUzb3NPMTJkMGx1UzN3M1FDa3E1eDlHaDFVOGNhbGhyX1dQSUFvbUxnU3hKMHY0b29FaHk5TTRxNnhyb1FlQ1B4d9IBrwFBVV95cUxNYWYwRXNPZWlhRGl2MUkyR2xKQXR3Nk14ZEtOQWRmX2p3VVdXUElDQXZEUVlCS08zOWxLVHlHXzRPTFVJTm8zMkVWWElJRTd4ZnhqQkhrdWFlUy1IZ0ZUVWZadHhreGRSai1wdFptOXNncnRLMEFOTDNEX3V2SkxIVVZMbEliQzZMaTViOE5na2RLdUU0VlplX1pNUW41LVkxNzFiMnJ4SEszMV9Jd1g4?oc=5
2026-03-10	Google	0.0	Zelensky: Russia plans to exploit Iran situation to escape sanctions - Ukrinform		https://news.google.com/rss/articles/CBMivwFBVV95cUxQTmNXaFlPX3RWcmN2TUtzektSb3RFVDVQNUdCRHBnQnJrN3JQb2FnTUkxYjdvNjd5Z3V0RXlyWkF3Tjh4YS1KREl1c0thczBOczhpbHVEWERZMkd2U2RWTDA3RXpaVXh3eTBWam15N215LXJYYmdreXlUdVlmWVVfQjZhNERSYlBxck5tSHY5SlNSOWFraWxSZldQU012X2RIS0k0Y00zQ2JaemphbHc1U1FVNGVNdlFKOXB6aTY1TdIBxAFBVV95cUxOZ2QtcFh6RDVMUnl6WVBESVp1aTBFMXY4SHl0enBYOTVuTDM5LWc4ZEZHcTFyLXF6YTNGQlcwMV9KNy1XU2FrZW9sSG1xRy1RZi0tbnUtQzhzRGZLSHA4VlByRjJtQkMxUFRDbzdtU2lndEZhSEZkZW4zVzBnQ2pSVXFCVTQ3NzZkZVVQX093cjFUTVRTbjFkQ3o4TFJNeGVZV3ZjbWliaHRITjRMWlU2U0tPOEVnTkxrQjVhcWRjeHc3X2Fy?oc=5
2026-03-10	Google	-0.067	India's Top Bank Avoids Russian Oil Payments Despite U.S. Sanctions Waiver - Crude Oil Prices Today | OilPrice.com		https://news.google.com/rss/articles/CBMixgFBVV95cUxORV9jV18wQkpyMFRuQzNkYzIxaVNTZW1LYTBsUzM3VTE5WkRJTzhZbi04UW8wQ3ZxczdVN1BzdXF3YkNVdHN4eFVoNFdkQmd3ZGdpVHg0Szk4dFRuYklObFQ0U2RWWVdDS1ZKbTBnZEx6Vl94UldTQmtpdTJTbndpeHFiSEVkX1VBZElnVmlxOVJvY3NMaXd2M2hIR2tSYzVtQ1ZoZVlNaGdzMlZtcHc5cVljQ09aa0hCVGZyMzBLcDFUcVZkNEHSAcsBQVVfeXFMUDVsTlhyUGUxa21vdW1XY3AzZHYzLWV0Ykk5eDN6eXlxc1dqbk5tR29fU2JwWnpWSFFEbFpiUGNEWlQ2MVJFc2hNNm5KWnQtaUlJTk1UcEpvZmZDM2ZjcjNmcEFhTTZFZU04cnVfNlZYMXQtREo2U0NWLXJDNWExeVhWdnhNaEJLU0hIQWdXc3FmaVNEd1h3MlpIbXVUaWlyWDh6LUFZXzRwcDI0OWlRNnJsMDZXanprQVloNUEtaExUQnpMVzhJT3NWTkE?oc=5
2026-03-10	Google	-0.078	Iran’s Crypto Sector Was a Lifeline Through Sanctions. War Could Shut It Down - WIRED Middle East		https://news.google.com/rss/articles/CBMipAFBVV95cUxPSEVtbmI4SXRMVE1TUTI0ZkpLNDBxa1lRaV9fc1otVGhENjl4cUxoTHFPc3F6MDJHMVV5Y0ItVXZWdWx0SjFMWTI2S2h2NDlpaVowTEFaYkdDTmZpVm1TSzJIU3FNWGthczNlcnhYSFg3ei0wZUJGZ3Y2dThZeVdhMWxRYXJvLU43OXFtbXZHNEdtbEMtYzlGelpPdFRIRmRhX1Zvbg?oc=5
2026-03-10	Google	-0.112	(Foreign Policy) Why Trump Should Be Careful What He Wishes for in Cuba - cepr.net		https://news.google.com/rss/articles/CBMiogFBVV95cUxNWUcxRVhKU1Q1bWlCdzFFWWpwT29YeDdTMkZBa1F3T2VnU0RONDBoNkI4OUo1ZFZqNTNZaUtnTlpsMU5nY2NGMTJCd293M2tRUW5WWE85c3hvTC1tamZzMkQ0MGM5ektjZDI2bklTN3NoSWxFR3l0Yk1GanJuX0ZhcWhIVTRoR3pxeVdFMlRYcVVrUHVoZU5DMXNNRkVzNzlFYmc?oc=5
2026-03-10	Google	-0.15	US gives dark fleet given a hall pass with sanctions waiver - Tradewinds News		https://news.google.com/rss/articles/CBMirwFBVV95cUxNYUwybEJ3TTVkbFBkdjRkeXdwU19GVGZHbVA4ODFzc3BXdnpia2xZbnRoLVZwbUh3RkV4a05nTVR1blFYbVQzaXVmWF81Nm1mZ1B1N0NiVDhqd2xzM1IyWWNuS1dmRjdDUWpvVGRNQWl3ZlVKTXJJOGFkeHR4dWs2dlhUS1hhYXBWMmtHZ1JZM3NDTjN3dF9IRThnd0JJYnVUa185VnkzdFh5WUhXSGhF?oc=5
2026-03-10	Google	-0.25	Ukraine Imposes Sanctions on Russian Judges for Illegal Sentencing of POWs - UNITED24 Media		https://news.google.com/rss/articles/CBMiugFBVV95cUxNMk9EbkY4YVVpcTFQcHRHaUM3NXFERldVU2h3T0d6cmFmdEdsQW5JbnlFSWFrZWE0Ul9XdS13MXFrX3ItTkNpLVpybkJVUUMzT1JxRTljdkVXVmotLXUyZ1dXcElCcHlOYWJTd214ZlEzN0g5bGZFbGJIa05zMUpCM3htcERlV2xTNEM3ZE1ZenU3VG9yTnlUQTJNbVBNUDdMdU4zR01FZ3M0R3Bxc3BJX0hpY09NM2VuQ0E?oc=5
2026-03-10	Google	-0.25	Ukraine imposes sanctions on Russian judges who issued illegal sentences to POWs - Ukrinform		https://news.google.com/rss/articles/CBMi0AFBVV95cUxQa3FHUHdVbFVtWm16UVRMemdrbk9Gbkw4bXZIbTVVS0dzMDRjTUYyODlzV2hHQVZ4U1R4ZTNaMW5NYzg2SVFKa0g3QV9mRzF5Rm9ZOWV5WjRpSTJlQV9ZTUhNS0ZQaURHRi0wM0x1eGluWlNZVlVkbjNadk9yRTh6R1huelN6QU15WG50el94YnFxLTVVcmFBWV9nZXpIZEI0TjF4MnJZNHNNOWhrc3pDWno4NTlsOHRGWW1DMDY4M1Ntd1luWVFKVWJpdHY4UndP0gHWAUFVX3lxTE5vT1RhMHdxek9ac21GV2QycjFzcXpnZzl3anhLdGFTSnRnNnU5UzVJbk0ySlFLcERmR3Zhc20tLTFPUEgtaXBBQVRKSmtUdGZTc0o1cGZ6dGc3QnNtbEpEMmRzRTgzVTUxVjZRcnR3dEhTVUFJOTlmX19iOGhFeTAxSDg2V3pablpTWHl6SHpObldSbWxZNTFjV2laSTlaSU84RHNCZTlpYjFkZ3JBeFFibU8yeDRVb3VaRnl3UGo1QnhxeUZjckxfclB3MUhWbEpUWExsaWc?oc=5
2026-03-10	Google	-0.3	Watch Trump: Waiving Some Oil-Related Sanctions | Balance of Show: Late Edition 03/09/2026 - Bloomberg.com		https://news.google.com/rss/articles/CBMimgFBVV95cUxQM3RFendwbGhmX3R1UjBGS1ZuTDhnQlZITDQtUDZ3UHNoNjNTVEdrZGk3WHNhM3A5NTZtaGxRc25zVTAwa1YzU3hTUnBNcm9RVnBDdkcwUWtNckZhSEJYYkdpWkpla1JYeEU0Y2VrMERkTml4WEp1WlBWQ1AxMmozZHctLXNzdThlSmktRGdoU3RSanNBRFQ5Qy1B?oc=5
2026-03-10	Google	-1.0	Indian Oil Refiners Avoid Worst Effects of Iran War With Sanctions Reprieve - Bloomberg		https://news.google.com/rss/articles/CBMiyAFBVV95cUxNU0xYZGMyX0h2UFVmV2JmTnFseE1JUTVHUVNsZnhJN3hrOExlMHVRdG1sa012emVkWVRJXzFTQ0ZJSlVIQTRKWEhXWjljenVaUzRraTM0Rjk0RlVwYjl0a2FjTEpjYmd3ZDVBVW54RXZEMzRqUlB2SGhSRWUtb1pFU1gxZURJbkJVYWd6d0ZxbzlzSFZkS3ZjeUo3alBTZXV0QzNodHhLaTNmZk1oQi1yYUYtdi1DSVIzb01YMWFuT0dMRDFrVEZaag?oc=5
2026-03-09	Google	0.3	Rare student protest in Cuba as sanctions continue - NewsNation		https://news.google.com/rss/articles/CBMidkFVX3lxTFBoYzlfUXM5NjFHR1pMYk9Zd1Z2QllxTEhGQUtaVTI4VEx1S0phNWtVLWVySC1SalBCWXlJTjVNM05BbVllaldIV2JRakRoTEZ6OUJVcEdBZjRkWVVmaDlIclRySlZ4dDNSSVNCNl8wV1J5TV9Ja3fSAXtBVV95cUxPVDViQXlBV05aYXV2cVlqMnN6OU03cHBHRjRpNWZlendIVFZVenNhWGVMUE4wTDlvVVRIWXFuNEgyYnA4dUppS2F3RkI3cnpYQlc3OTFCbl8wYUpfVkY0ODRhSFV4aUxjN3hoMkNIUFp3N0d3ZkdTR0YySm8?oc=5
2026-03-09	Google	0.25	Orban urges EU to lift sanctions on Russian energy - Latest news from Azerbaijan		https://news.google.com/rss/articles/CBMie0FVX3lxTFBQMGMycXJVMUFmdFlxR0VhTFZPdTJGbkI4S1Y2RmFCQXhFQ0tIRXVtdHNkY0ItazFmdHR5LThjeXpzcjFXSkwxWV82Q3BpMEktVHNBNGg0T2VsQ1R5LWZlcVhpRHV0NG9qOFdEZnlKYkFfaXhOVmxiME54TQ?oc=5
2026-03-09	Google	0.25	Trump pledges to waive more sanctions amid Middle East war as Macron mounts Hormuz mission - Tradewinds News		https://news.google.com/rss/articles/CBMi2AFBVV95cUxPeGUwSzd3UmE1czRPVjlPYU9Ud29CSHBuWC1rTjRwZTlQRUJhRVE3dzFvNHBqNnZsM2I0Zk9raXpBcEhsZlRyVDgyLTlocS1GUXBRZWNpVTA4cGpqNnk5eU5DY2dxMDFpQnIybm5NZ2xKVEREV2RYYzg0N0JBZ0Q4OFNFNnNOSGxfWmt0QVlPT19aakFNR2M4U2g2OTJOZVNrZVg0ODllamIxa3pqOFctUmFPcHdPaDZrQ295U1ZxZE1NLXNsaVJaNXNzUUd5QlpOdGQ2Rk5RaUs?oc=5
2026-03-09	Google	0.214	Trump says US is waiving certain oil-related sanctions to ensure supply - Reuters		https://news.google.com/rss/articles/CBMivAFBVV95cUxOY2hoRHduMmoyTDE5d09iS3VQTWtpT2FXYVFrU01SSHlxLUY3V0pNUFJWcW1rS3lhSl9sYUlGRXZCR28zRFdvcWRueVJTOVZwcHBHd01nNWdZTWw3ZnYta3FTZFFqNWxwNVc0ZDlEaDNXdU1uNXgyTERBV2ZXelp1NjFfNk5XVUdtV2pQaGROZkJxODYxM0hoUWFsNkZjUnZlV1M1NGxFbEZhaGFmWXVkUXdoZDl2VjY1dXBoTA?oc=5
2026-03-09	Google	0.214	Trump says US is waiving certain oil-related sanctions to ensure supply By Reuters - Investing.com		https://news.google.com/rss/articles/CBMixAFBVV95cUxNMU9YT1dETjZrQ19IQ2Rvb1VDZjJsZEpjaWVVeTc2TEEzQk1qcnFSRjJvV2trQVVPTkJ3OUZta2VLUDhmWjdCUml4OHdVNUJPbW5YWmRhNEp2T3JvMTZvb2ZqZllVMFJYVENUTVR1Q2U4cktjTllBTTU0dFhDU1JxdjFrOExrWTZoX0ItTHZsM1R5b0wzSFFiN2JDTnpzT0FiLVpXb0VERDhuYkd4Yzl0ajEwZWNVTkdUZTd1YldfSHdGMVBV?oc=5
2026-03-09	Google	0.214	Watch Trump: US Waiving Certain Oil-Related Sanctions - Bloomberg.com		https://news.google.com/rss/articles/CBMiqgFBVV95cUxOc21hLV9XZlpVczdoUGxaNE1OMlJzQVVyeTFsR1ZvY21VVFlrd0M5Y3hMTUttNzFqcmJrZ0VaeVUwdVFwamtZdEstWDM5bTB1Z3FnWnFsdGtWcEQxbU5OcHN3cTJtaS1EM1JJLVVEdElaamh5S2k0Z0xxc2ZWajZ5bUhXbDUxajZMZXBqNERSU0o2d25sQlAyNTB4Y1MxYTNJa1R3WFdzN25NUQ?oc=5
2026-03-09	Google	0.2	Rwanda: US sanctions affect UN and EU security and economic programs - Table.Briefings		https://news.google.com/rss/articles/CBMiqwFBVV95cUxQb3RMWnNTSGRPTG5Oa1FWZEZyT19UMUR6T2xINDJscno3VHVSVXlObGpvWmtkVXdTOHZKdWFQWWotUkt0NURQWkRDQ2FkVlkwaFRncGI1UDdOTk5GMmtmTHRmUXFlRVFYMzE3ZU1pbW1nREJfaFltTGVjRTBhWEhrLU1lV21zOVdGWlNQN0t4THRsNmM5eUx1ZjJycmhZT2FJd01XdVNlWm14NGM?oc=5
2026-03-09	Google	0.2	Trump DOJ wants to end biggest Iran sanctions-busting case in U.S. history - All Rise News | Substack		https://news.google.com/rss/articles/CBMib0FVX3lxTE9UTnFrRTVZZ0FZRnRxcVktaVg3dW1uWGotaXBhZjFtQ3FKTnhzeFNHS2ZvWklDNENTcl9hMHREY0s2N3FfQmtBQi1ROV9HVmpwSTA1VUVSQklrVWlPMGlsNm9uZ214M3BCMl93NkNaNA?oc=5
2026-03-09	Google	0.2	Trump announces sanctions relief to ease oil prices, says Iran war to end ‘very soon’ - MarketWatch		https://news.google.com/rss/articles/CBMiyANBVV95cUxNNTI2c00zUVZvd0VZNF9TR1oxczVreHJ1a1ByU2FJNHhaY20tRjJYWFM3c1U2Y0k2TDdObko4OU9CZzFYNmtZeFBWWFhFY2J5VWVPbVBTMjkzWU56V3B5bmxBeEtDUlpUd0lBOEhPOXFJYzgyZjdjNlFIQTlER09kcjAtVUtYaHhpbEdNN0JramNhclJDOEQzdHRPQmV0WDNudjdmZlVicjF2OVFXb3BXdHI4X1c5SmdXUEphc2wtS1B3RDdqSG43SFhPdEVTUThkUHh1ajR6dHRqSXNGN3JPNzFTd1d1QnV2SElueVFwS1BBRzEwaUhFb2szclBIUmVoUHpEWHlLajRCdWxIVnJ0eUdQdjk4QU5XNXZVRWJNQnFTRFhlcjZNb0ZEaVBkNUlHbW9oYV9OdDFDTmI4T3hqZ2pZR2ZUTGFIWE1wTnA1SG5MekJBVnVraXFSVXF5d1hzVFBoTllxaEhMU09MZzFFU2hRNjZIRVRMaGoyZmNremNzOFpnYmstUFgtWTE2YkxtSDJ3akdRMzM2TV8wc3EzcXk3a19hcF9FZktLUkpETDQ0c3hKLWNIdlRqZUpLa2dId3FiN2xUV00?oc=5
2026-03-09	Google	0.117	US weighs easing Russian oil sanctions to cool global price surge, sources say - BusinessLine		https://news.google.com/rss/articles/CBMi1gFBVV95cUxNZGVqN0RXX2sxWGZNOEwyOTdpTUV5NXNYMllMc0ZpYXV1WGpzdDNGeDN6SGJsTnBvSlZRSFF5b240cVVwaHd4c1FvUTJFUUFFb2dJNkp6NjVKN2QzMGJFTm9NNlF3bkpGWGhUbzlnWjlPM0ZIY2wxekhWbFhqVU9VM05PY1VXT2FfeUstLTVpRl9LM3lreE44OG9lN3RuWUxJR0E2eHdKc3lhcUpKZnVNakFzSzRmckkxTTBncGpzczlLZTRpZ3VDdEtGU2dzejNWdVRyMnl30gHcAUFVX3lxTE9QaXM3d1NTeERoaTBJUlVDaFBMdGdpbjBKUlV0Tm1pME1ScE54Zmgzay12UGU3bi1tN1dZMmFPRkhtSk5pSElvRmFzeXlaRFR0MnFTenlpVDV0MWRSVllHQWk1dDd5QVB0VG9WeUVnZEhSS1AtbUQ4VWZoMXAxTmFhRk95NUtQZ1V3cjFDNlFJS3VNM1Y5Z1dkMENuU21TT3BMdnRWM2duR1ZaeWtwS3VzaXMyYndwalJTSDdpNEcwM2s1VWxmdFVqT29WWjhHUHNUMF9SSk16ZkZhRWU?oc=5
2026-03-09	Google	0.112	Exclusive: Trump weighs easing Russia sanctions, other measures to cool oil prices - Reuters		https://news.google.com/rss/articles/CBMiugFBVV95cUxQT0Z5U1Z0Tkp2RmVmdGlWMWRuVm5GaXdER25ZdnA3X0V5eHBZTlI2YlhWWmlDME9mblVaV2JZNFh5QVJiTDAxRlpMNWRqbUNWLXN0V0pJUTB4NWEtX3V2Q3hYN0hoSDFkOVQ5MzlFVm5fbnBoZ3lZNkVsRElDVk8tcU9wdktDb2xfRzlpc1F1bU5kU1R1bjZQZkNWSGdwZjRiem9LU0JhMlUzSnYxM1pzZVlRQko3Z2FBa3c?oc=5
2026-03-09	Google	0.112	Trump weighs easing Russia sanctions, other measures to cool oil prices - marketscreener.com		https://news.google.com/rss/articles/CBMiwAFBVV95cUxNekZVWmktdVM1V084M1NCWkNYSkpVcmxyLXVlZkFmcHRSeHdsTlRwaTVQVlFvSE9VTHZoUWZXSHdZU1BiT3d0Vm5BS3J0Y1pNMk1ha1MwQXNvZjgwMDhxNmpWSGhlQUY4aGh6eTJvbzU4OGh2NXdDQmdaQ1BnaTZDZVNYdXZIY18zcWxwb0p2c0xGeFM3YWhNNEZvZTJzSjF1OVdoSnlhN2JhbTdoX3FlVXpXRHJGb0VNUXNkejJZVS0?oc=5
2026-03-09	Google	0.1	"Fico: ""Slovakia is ready to take over the baton from Hungary, if necessary"" — on blocking EU's Ukraine loan and Russia sanctions - Euromaidan Press"		https://news.google.com/rss/articles/CBMi8wFBVV95cUxOdFlITGhXUmlIVmZETmFndlRnR1E2ZDA5bWZmNVJCZlhpOEZmQ2FZeGczMlBFZjBsd1hPdHRyaVpUV2NxSG16R2hqdkoxLWtzaUNLc095eDBqM3YyU2VzSVI1bC04anZwOEl6dUh4UUR1R2Qtb0xnb2tySmhaaHpvdHRrejhsOHI1YnNCMnRaSjVuMG0xYWQxMlFiRXVkeFR0WWx3LXU1MXF0amRFNk41dDk3Z25DTnBiV2NJRUxyS2sxWE96SG9vWXJFOHNTSWFBcUpXQ0FCUnAyNWlFWExaYkJIVjUwV01CWGRqRFcxcVplNkE?oc=5
2026-03-09	Google	0.075	OFAC settles $3.7 million enforcement action for apparent violations of Syria sanctions - www.hoganlovells.com		https://news.google.com/rss/articles/CBMiygFBVV95cUxOa0ZicE1talN6Wnc1S19KYjd5eXpOQnVDc3B5MGNLcy1nRGZZbDc2empveUkxdnoxeDYzVy1lZWloc2lEX2lwcXZHLVc3b2txQllQZE9qMEhmX3poSHI1ODk3VzJYZXpWQWNIWGVla1ZTd2NjbnRSUWlOeUsyb0ZFQ2l2LXVVYURmTExzMmdEajA0ckNHMTF6MVl3U04wZ1RFQmgzSU1reVR6QUpBSWtNZTFrXy0wNjdKSmpnMnQ5TVdhN1BDMnM5REJR?oc=5
2026-03-09	Google	0.068	Iran new Supreme Leader not on EU sanctions list, European Commission says - Armenia News		https://news.google.com/rss/articles/CBMiTEFVX3lxTE9FQTFIbDNkQXlmQU8zcmhocWE2QlhxV0hBQ19vQ0lNb0NxUmJTTU1ZU0k1dml2dXJKVllxdU1LZ2VBUW9jYmdCMU05R3Y?oc=5
2026-03-09	Google	0.068	Orban urges EU to lift sanctions on Russian energy in letter to von der Leyen - The New Voice of Ukraine		https://news.google.com/rss/articles/CBMitgFBVV95cUxQMGF3eVFQOGJqb0tmQmFkTWtYM2habEdhemp1a21wSzdrTU96cXRsQXhOUTB4azFPT1c2RVI4TkpUdHd5VFJPTVp5dmQwZ0U1dmoyTmhTT1Fha0U1ZWVhMEtnV2ZYbUwySW8zdHY2MXF6cmhSSEpMTzlkcHVxWjYteEtxMXVzWGtiZGp5dWVGQXg3cl9JY0FmOHd3d3NZeDRkcFV5Y3lzWTBqdGg2ZTZ5Mnc1VFFid9IBsgFBVV95cUxOLWc2TGxScHJkU05xQ0tCWGJZUGUtVEhIUUxXR1ppM0plNWJXYUNXSlFTN1NQWk1XOFFPTHpkd0M0SExHMTdvaVZsaE83c2ZhclRSdUxXMnY3dTc0RUxkbFppVW92VXVpVXh6MXFkZWx4cV9Ncld2Sm1falJCXzlqUnZCbnlNWnVkQlJmV093V3Q2S0tQb0cyNHotRWRkdWh5LTFCSTVJZVhRSmFsbGE1NFNB?oc=5
2026-03-09	Google	0.062	U.S. Global Magnitsky and Related Sanctions - Human Rights First		https://news.google.com/rss/articles/CBMihwFBVV95cUxOVDhPWWpXQzE1UkVOdEViNkFFbGVNSHoyelpsVXRXV2ZpeGQ3U0VWems5aU9LbGdQaHlTZFpmRzNiRF9ZUVBnZHRDVVgwYU9OVFFDWlFOa1dPS21rTUVKQnl3U3pVcjl1R1gxYjl3WHdyWUlyVzN6LUV0Vk9CQVpBRkpTXzRkam8?oc=5
2026-03-09	Google	0.062	US ‘broadly aligned’ with EU on Russia sanctions, says Brussels - Euractiv		https://news.google.com/rss/articles/CBMilgFBVV95cUxQYWxRd1ZneXl1Q3hLNlFjX3JUSkY0M1NTeGRZRGhqTVlueEl4dDkyMVhGWVdVaUxFX002YUNPQnJ6eGhKcjg5N29oeHRUeHM1UFp6LXl3Z19jWFJKUm55bFZxYWlweVlmZ2I5dnlxd0dSa2xucTBHTlh2Wm1GYjVLakc5eHpnRlR3SHN2WmR6RWJtZTdtUlE?oc=5
2026-03-09	Google	0.05	A month before critical elections, Orbán wants the EU to suspend sanctions on Russian energy - European Interest		https://news.google.com/rss/articles/CBMivgFBVV95cUxOdnZOWFpMckpxYW5iS25LYTJRWk82TEhsR2RXelBOSXl0aFVxcjBiNENmYUxLSjV1TVdJX0ZucUp0enJDNGg3eEVHTnY0SS13N095alpsV1JRWEx1ZmhFdkw0WGIybkdUZjJiSEF4Z0lxdEVHQ1FOZFF3emZZSDJ5cWdTdm0yVEpQR1gxemhEV1lqcjR4OHBBMGtHZUFHODhmNUl4dVY0eFhjUV9IVGhycXJ3aS02TU1sQXBGUk1n?oc=5
2026-03-09	Google	0.05	LATEST: Turkey’s Halkbank settles US criminal case over Iran sanctions violations - AML Intelligence		https://news.google.com/rss/articles/CBMivAFBVV95cUxOZFEzUjE5bXQxLU96UGp2d01IbmwxRVlKU0RuczBWLWptMnVzMjBkSGtra1ZXMHZxV2JOVS1HZUlqTUZZZ2xUSjlxbmtPbEpwanMyM3BPbHpxNE5SZ01OQXJMTjB0VVZQTkwzeF9GaWhwQnp6YlZDUzlYUFZ2Y0VOQ0xEYS1aM2pEdE03dFBic1htX1NRbGRVZ1JlWFJXMFdaUmY4VU9ZTnJLWEItdXdYSjlZVk9HUHprOXRMQQ?oc=5
2026-03-09	Google	0.0	Announcement could be soon (ICYMI: US considers easing Russian oil sanctions) - investingLive		https://news.google.com/rss/articles/CBMivwFBVV95cUxOdUJYQW5uQnREUnFtT3ZZQTR5RVgyTXczX3Z5cFN4ZUxrX2prQWZpRHI3TndXRkFDQnBfV3RxOUhIYzdIaDBmTUg3R3JrZ05tZmF3X1NIcFpyV2VKTVMyVjdUR3FJd21Sa2JfZ0tXSGozdHdUdGJYT3h0WUlCTjFyc3luR09Ydl83MkplZFRyRFFPVy10MEtKQWl5c2dwX1lmMmJFSWNJYTlqbkFBNkdQdVBNMzB6UGUwY1lvRDZnWdIBxAFBVV95cUxOaTVNVHhkRHVOT1NHMHRuZi1IOVUzYmREcVhIeHZjSzBFaFFUV050LU1FNFU0dW5tQjJvSnZma0p3eFp5NjQ0ZUR3RUlHYTR2SDJ6M2Jwa05HWVZ0N2hXbEphM2xZSDB1cF91bGVXdVBfbHd6SHdfZnZLQ0NyN194bGZoaExyV3RlS3NjV1ZVWXg2ckVaU3F5cnZsWDZVaE9rTGxYTzR2eE12Y0JXR3lmRG52dFpQTktVdGxRaTM2SEhQb2Z6?oc=5
2026-03-09	Google	0.0	BIGTXN Launches Newsroom-Quality AI Platform to Modernise Global Sanctions Monitoring - PR Newswire UK		https://news.google.com/rss/articles/CBMi2wFBVV95cUxOSUVRUTlZSmFoOXpxRlQ2NEFlSDNlVnh6WldYZzBual9pZEMzTVFyNF9sZmJ6ejR5d2U3LThzdEo3QWxXR1J6QWk3SDFuWmczaVk1SGhJTGJuNllWeXlLZHRFTmtINlR1eFRqWkE2UXI3eS1Fd3dOcUQ5bklGU216WG00eUxyNzhWR2VMQnJCbjBKXzRDOXdDQzZ4dGxKMkJxbE4xZ1dtTWhfX05VMG1YbVJyQ3dKM0diNGVIMDNxM2NSMFkwcktXUUxBck5UTG4wUXZ5SUZpSDQ2YlE?oc=5
2026-03-09	Google	0.0	Clarksons reports 21% profit drop amid tariffs and sanctions - Investing.com		https://news.google.com/rss/articles/CBMivgFBVV95cUxQckdUalJqU05rMUp5QzJmZmo4ZmFoQjBEY3JUYW14S2pUQ1lDZmF1cmNhZUk5WnRMOHdNV3VxQUhoUWE5NERkWFl4ZF9XcDNoV0xoaEg5akk5SXZFT1pfenhhU0ptMXZudl9PclF1SkZZT3Q5Yl9kZXgzRnlHdW1jSV9qRDZNY2M2RWNUODNaVjhpUmdWRDhzck4zWF8tZ2kwNXpBTnpobzYzSVdPWVc1Rkhob0Z4emRCMFhwNlVR?oc=5
2026-03-09	Google	0.0	Clarksons reports 21% profit drop amid tariffs and sanctions By Investing.com - Investing.com Canada		https://news.google.com/rss/articles/CBMivAFBVV95cUxQZkx5T3kzY01ULUFpaXdQVzVxOTc5SjhMX3FxajV4QmR0RGdyUFlXbHI0N2VZMGMtMEhISGw0WVh6YmQzZGdueGZsY0xQTXlMTm4yR3V1MS1aaVI2bW5NNTNSNHZ1dFZiclJITjktY0w4WTNCVWVqTlF0b2hVSGQ0M2NpRUpRVnl1aXFHZk1hNldNcWQ0Mnh4NFBBRjkyQ1lSSms3b2ZBdXliMEFlRWJlX2UzS045ekpBZ3k5NQ?oc=5
2026-03-09	Google	0.0	Congressional Democrats demand reversal of Russian oil sales into India as energy prices soar - CNBC		https://news.google.com/rss/articles/CBMid0FVX3lxTFBDNWNUQmhBeEFIeU90RTgxS3dJTjNiZlg4NU5GY1hNeTZuS2kydnJQS1BERlg3R0dfazJOTFE4NjQtMTg0VlRUYW4yOEhmSk5zUVJfcnBWYjVlcWdNWFQ0bUJKUkZRNjN0OWhTVy1aNl9GM2RMRjQw0gF8QVVfeXFMUEZHMnJQRU1Xd0IzX3lrTEdrc29naUlDalBqUk56bEFjdlhhaDBfUGZ2SnZPcUVnS1VTOUs0TVl4S1RWR3gySkVpSHIyNU1KWlAxenNOTFpsYmZoTkoxM0NhQ0tLdDlNUGJEZ3hfcFNVcHpvMXpQbndLVHJvbQ?oc=5
2026-03-09	Google	0.0	Do sanctions help combat corruption or contribute to it—or both? - Perry World House		https://news.google.com/rss/articles/CBMitgFBVV95cUxQc0Q5LWR1TjAwQ3U5REdUQ1lHMnpuZmp5ZUtPcUVfT3dqZ1A4MTl4a3NaMklfTnI4SmdoWkZSMnNPaTcwYkhybFZnQThySExEYTQzbkhvOGxjX3RwQ25nSFdjcDgycGlTNk8yN3VrZmI1YkZUSzJ3VFRycmJDX3FRU0ZLekJzMTFFQUI5V20zX2hvNktnREhLdmN0QW1aeEo3Y2ZEcU9ZVFA3MDNvS0pHRW1wcW1wQQ?oc=5
2026-03-09	Google	0.0	EU Keeps Pressure on Russia, Rejects Sanctions Easing - mezha.net		https://news.google.com/rss/articles/CBMiWkFVX3lxTFBxR0lSYlFDcWRqcjJza2NYRjZZRk55eWFtTEVQaWZMYWRWc2VTTVQ2S0hfRC1PRWZ3WEtwZUhUZWRRQTRYVVBNR0NyR0xjVExVM0Fhcm1yblR2QQ?oc=5
2026-03-09	Google	0.0	EU’s 20th Russia sanctions package stalled by electioneering in Hungary – Nausėda - LRT		https://news.google.com/rss/articles/CBMixwFBVV95cUxOUEs4TTlLWXljeEhNUUxwaDZ3YjVBUXVIaWZ4eTFDTlU1dC1DUHVIUTBiaFFlb1V3UVJaOGFwRmpDVXB4RzZSTlJiYVVENzItZlAxeGVpN3E2czBuZHlaSENNV0k2cXhiSzRXd2RRLVBuMWVuWW5McjBEaWJFZXJLX2RuR1BWNVRycEtxcnE3MGtZck05Q1lqYlV0ejZUWklBZlRGSjBvYWhMLV9YeEE1b2hzOEhLNUNHMlB4VDY1emw5M2twdTlz?oc=5
2026-03-09	Google	0.0	Elevance Health shares fall as Medicare regulator threatens enrollment sanctions - Quiver Quantitative		https://news.google.com/rss/articles/CBMiswFBVV95cUxOWU9vbWNRSUFQdkhKcHkyS2RhRDJremV5NVVITEQwQlBaS2xPbnM5TDdzSGdSMFNWb29UX3Jsdno2SzNFbk5KUE9iMWJ6eml1U1BXRlBCaXlpS1Q5Q0QwWjYyUTE2d1NHWW9vdTBKTWV1NVFseC1JY1ZtZGwzdDJucDFrcFMzQU85dWRVeFFhQjRRalRKYk1mR3k0dUF2OElDYnlzbFo0T28zekM0TGhlVV9YSQ?oc=5
2026-03-09	Google	0.0	FA announces Rodri sanctions after Tottenham outburst over match officials - Yahoo Sports		https://news.google.com/rss/articles/CBMikAFBVV95cUxPdTV5WURBOXN6WDF4NGxBTXpWTkdGaVJ5NlpxbDBYdFZTellya2ZtdHJuaXFkTndvWVlITW9zeGhGczFLRGNUNHlsazl2ZmZ4blFCUnptbGRGZHR4ckJVTVdPekFLRWtoUFBtN1NMbkxreVNiR014S08yakN1SlFQc0ZQTDZUU0xEdEluN201N0E?oc=5
2026-03-09	Google	0.0	Georgia denies being used to circumvent anti-Iran sanctions - Caliber.Az		https://news.google.com/rss/articles/CBMijwFBVV95cUxOMjhmXzVZeHhrMVI4Sk15U2htZkhMR2F4Y19ET212cHFGVWZOX3p5MVNmLVEya0JKVXo2RXAtLW80Qm5nMzdCOFUxMG9FNHh4UXdHanZ4MWNHZVFrMFVHd1k3UUZ2QjRfQ0NTSlJHTXFHVFZyZzU5Rm9fd3lRSDdjb3k2cFZoT0tZbzBmSUhwaw?oc=5
2026-03-09	Google	0.0	Hungarian leader Orbán urges European Union to lift Russian energy sanctions - AP News		https://news.google.com/rss/articles/CBMipwFBVV95cUxNNVZtTkczZS1iWW5sX0VuaU5JdVhoQThDWFVUSlJmdmQ5U09uZDVtdGx3OHhOdUFHaGJlMW9UaHVoSXotckxsdFZwbWZRUEZyVGp2ZER3Y3B4YlF1ME1tbktqbmZlM0t2NjRSQ1FLX3dqU2tRWW1kaWtQLU5Qd3NwYUhVcHo0QU9qNXZpMUZVaFJJVUhQUW16V0ZocEVJYUtXUHJsZjdmdw?oc=5
2026-03-09	Google	0.0	Hungarian leader Orbán urges European Union to lift Russian energy sanctions - Los Angeles Times - Los Angeles Times		https://news.google.com/rss/articles/CBMiygFBVV95cUxQdVo5WkxqY2VmQ1pCZlI4MUdKTkpGb1AwOXJrRnBUU1RqTTl5aGN2TVJXZHBMY3ZiQzRCVE85RlZBb1pKcWxWS1NMV0ROMS1vbUtvSXN2SkxnRE1wRURQVW83cndlVVVkQl9wRnNjTlNsQXFDS2g4OHVRSy1TZXJqV0hGa3JzQUl3bVZzOHFfRGtkS0lTMDRXM3RPX05QT0EzaDZxN2Q1bnF6M3VHQkNtSGNnYm1TdXVQT1QyZi15UEpVeThpSW1xNUhB?oc=5
2026-03-09	Google	0.0	Hungarian leader Orbán urges European Union to lift Russian energy sanctions - Temple Daily Telegram		https://news.google.com/rss/articles/CBMilgFBVV95cUxNSU93YUhEc2xWM0ZyUnlaaFdfV1RGZDBrRGhzYUMzYmJwYm9hWmhJUl9WWGUwNk9YZ0Fxejk3QWFEeDZwY3h1SHZ0Mm5FZlAzWUlHMmQ4Q0picy10dlRxX2FRVkZsTXE5bzdTSmVvMzcxMzFjLU16NFd6WllpY0R6Mm1RVlNwTW5QcVFRdnJRNmdjb3ljclE?oc=5
2026-03-09	Google	0.0	Hungary Calls to Drop Russian Energy Sanctions as Iran War Spikes Fuel Prices - UNITED24 Media		https://news.google.com/rss/articles/CBMivgFBVV95cUxOdHFTajVnbE9YbXAtaXctYWtBd2wtaGNSS3NxclZlM2ZJVFRTV0R1dEt2WEtZcU1MRmczNlk2dUExTEI3NjRmSkxjZjhMUTlzd0FWSzBSUnZvY21SLW4tb3NQZ2RyVUFVMW9rMXhMNXR5SUNrOFdySERwN3NoSjFsdFpoajFrNTFKNThDZmJybUtsOFVhcGxIbVFIY2s5dndpUGpZblpmZXRibEN2WlJnS3p1VGtzb1dHU2p6LVN3?oc=5
2026-03-09	Google	0.0	Hungary Caps Fuel Prices Amid Rising Election Pressures and Energy Sanctions - Devdiscourse		https://news.google.com/rss/articles/CBMiywFBVV95cUxOUjI2RjhJUnRCd2xDVTZ1T0hGMHEzSEtOb2tVU2dLSllod0dFUURoZE9fQ3RqYk5RSkdRa1hicXRqMzBKVm0xRFd2Y0FKbEtqTjBULWVvSHFQOVlSZElMY1BncnpGRGJMZ1BPV05PYzkxdm9uN21YVjRkREdncWc3YUE2a2lqWFI3MlV6MVJqM25QYmNUY2UyU3dZNV9sdkRTS0l4bTQ0OG12TUVTUXZQZVJEeFZNbHpJYXdLemlIMW1FYm1hTUJvUS1Vc9IB0AFBVV95cUxPUHd4cGtfbF9qTFA1dW5mcTFFcWxTQ3BBbmNqNzFVb3JQNkV3cEkwYXR5aUUxWGcwN0J1MXFCN042cFF3TXU1dDdaRUQxV3BSVGVyY1MyY1NNTlotc29rOEVzS0hCYjFlNmxNTVhILU91Z29QdEEzdWQzQVZkYnpvSzFzZW5zQ3VjQlJHY184bVpqQWlRV0xaOVdjNFM2Qm1PUFZtZHBjX2dhX1c5MlFrNjByTnNGaF8tZENBUGl2R2RmUW1acl9ST2hBQU80bjEx?oc=5
2026-03-09	Google	0.0	Hungary asks EU to suspend Russian sanctions - TVP World		https://news.google.com/rss/articles/CBMimgFBVV95cUxPdjd5a011RUpTTDJScmVHV0psOWFETlI1eVUxc1JiVzF0SUxxbnNWTHhzQnRGOHhJNjJ5QTk3TjVZNmQ2UmRzS2JwR3otTGVGYlFHTnpHTnNfUmEyUkVBRHg0R0lVQlRHSkpPRTVNTGFYT1lwUVJlWFFwY3ZGS0NtYjQyal9fOUcyQTlLalVJWXU2SnZkNkp4RmRB?oc=5
2026-03-09	Google	0.0	Hungary asks EU to suspend sanctions on Russian energy - TradingView		https://news.google.com/rss/articles/CBMiwgFBVV95cUxNMHdpMjFraTI3U0RraFcxUEhkWEcwaU5SSGd1X0piQ2tNYmhyTWY0dzh5bG9NZnZfVEtHYVAzYzVmRjZBeUJBNnBwYmM5bGI2Qlgzam50bXFEY2dLcy1yMG1jel93aWtFMWg3a3o1Y1RrWDkyMm5VSXAyb2lfc29aMmFiNnZiUUpJam1jNzZHS3BpNnVOY0NkTEZ2SmZfV1dDd21YQzZNdXNJd28zNTVtcjFyN1lNeHk3VnJxb2dPRlZaZw?oc=5
2026-03-09	Google	0.0	Hungary asks EU to suspend sanctions on Russian energy - marketscreener.com		https://news.google.com/rss/articles/CBMiqwFBVV95cUxOVzNYek1tR055TVRiOFpSOTdJYTk5cFZROU9PSS1SR1B6VGNpYVJpWjZBUlpkNlJPQ25jUmdORjQ5ekpiUVNrbmdFU3hXN2RaSGN2cVlvaEJtdndHSjZ0THNrMFV4TnQta3JYSThxU003cnpnbHBVVkhmNllGVlRqUnQ4a2UtaXZfUEF0NFhKZ1VZaElCRVNHRkVjODJxRXltMUJuZXMyOWdQUnM?oc=5
2026-03-09	Google	0.0	Hungary calls for lifting EU sanctions on Russian oil and gas amid rising energy prices - RBC-Ukraine		https://news.google.com/rss/articles/CBMikwFBVV95cUxPZVZ1b3lKeng5TTgxQXRrV3Y4R2h5TjBibVJTejFNdlNlWnItQVFjLW43LTlELS1TZEJZalZLQ2ZQRXR6M2tudnh6Zi10ZkRRMTI4aXZCeTRPRFNLdVB6M0V0cjgxZUVXQVpscHp2ZmdZWjJ2ZW9GUXM5RTh5SUJZUjJVbzd1M3F3Tk14a1pubWVYWHM?oc=5
2026-03-09	Google	0.0	Hungary demands EU lift sanctions on Russian energy as prices spike amid Iran war - MSN		https://news.google.com/rss/articles/CBMiygFBVV95cUxNMmpzMTFPRjVTZ0VBTVc0X0FLZEVwQV9TdE90NkRER0dSSG9oaTlFZml6WjR0ZEpmMFg1c3JjVGFzd3JjaEhVb3l1dEZDSTBmeXZQVVpJendrXzJxeVZYWUdCVnk1Nlo4a2xlWnJlemhSbXlJeDJHd0xjdFNQUm9yWXR0MXdOX2ZUa2lITEt5N25QT0Fva2NRTGNHMl8wUm4tcFlRV2hKUWMzRzMyLTE1MVM4bXl2Z0hyRVEwTlg0VThKcUVneWI0UHd3?oc=5
2026-03-09	Google	0.0	Hungary demands EU lift sanctions on Russian energy as prices surge - Euronews.com		https://news.google.com/rss/articles/CBMixgFBVV95cUxOTEhQbDhIMF9KSmUxSGM5RDhubHV1cjlxa1VwaFNFT05wMHlkdzdLcVY4M1ZrYWpDSnJjOVoxUjZ0bVJZeDM3NERVWDVEYjVEREdSRTVOVUJRcWNxdHo5R3d3aTI1cDRTRUdfNUd2VjZlUkswX19UdHhCbmlGY0p1M2MtRHphNnh2ZU4yMVNENV9LSExKV1FqTFBXVDlXUEJ2R3pVeTNGeU9hRXRXenZBQkM5d1hUcnlPVnNDbUkybkhYWUU0LUE?oc=5
2026-03-09	Google	0.0	Hungary limits fuel prices, asks EU to suspend sanctions on Russian energy - Reuters		https://news.google.com/rss/articles/CBMirgFBVV95cUxPdzVjcWhIRmh4MUlsTS1tOW5pZk1EaHFadU9HZUNCMU4zbExkcTc3bWhZWGVqR0lMQlhoM2ZPTzFxUExJYnBEUFBiYkNmQTBZTnlYUmZOWUZnb21Dd1lHMHd5elhXUFFUakhfQ2l0OUxWeGwtT283VVVxVURndE5Cb3VPUjZSeWpsVjlub3hBNmFUT3hUSEpCM3E0eU1RaGtmRV9MY0wtbU1rVHowaUE?oc=5
2026-03-09	Google	0.0	Hungary urges EU to lift sanctions on Russian energy as Mideast war rages on - TRT World		https://news.google.com/rss/articles/CBMiWEFVX3lxTE9ncWhQUzlnMlF5bWpXNVJaYWhjdlljajRpWDlZenU0dWQyY05YUHdHWk0tSk9KRmZ3VEc0V1RLclJBc29lSlpxNE5qeUZSVm1qejZPUXRqY0zSAV5BVV95cUxOenlBd09pVFR6azlUc0pPOGVQMGoyU1phbU9zMy1wdm9mRUJRdE0xSVhVRkc2RF9rRnN4S2NROHhIaXlqVmI3VENEYVE0aWpMcW85bzlhZW5yV3RWUXRB?oc=5
2026-03-09	Google	0.0	Hungary urges EU to pause Russia sanctions as oil prices surge - CNA		https://news.google.com/rss/articles/CBMinAFBVV95cUxNdS1DQmdfLWxUYzU0V0FvQzNuZHVqVlctRDd4MURzNFMwVlo1cVlfZk04MVQ3dTh3Mm90LVJfWVhlZ3RxbnNvaElKN19VSkJRNWV0bnV0SmoyLUlmRVpidDlBSFVfOTlYRkpXRzNSODlUN1BjY0dHTzBzMkp3b0hFMmNkZkdLb1pqSFVpM2tOU0plRkFIbUpzbldDeDg?oc=5
2026-03-09	Google	0.0	Hungary's Urgent Plea to Halt EU Sanctions Amid Energy Crisis - Devdiscourse		https://news.google.com/rss/articles/CBMitgFBVV95cUxQQi1QYUZRcHNMWlRfeElGMEhtQ09LM1VWZi1YMHRLM2EyU0tlcVlfRDFQYUJMYVV2UVFTcDRvUTdnc2dIdXdIQWhPcTlTQ0hoazJ0TnpTQnJObmJqOTlUU3AyNzFhZlotV21SMWxnQ09IMWNiVEoxT1Q5RnBaMDBJVTh4VWEwWDY0Q2NUdXpmMlg4NjFnUXVmQXBjU184U2gwRVFSSzB4UGZFSnhVTDZMV0h1UFh3Z9IBuwFBVV95cUxOME45bzlldWNGRlBFZkVRLUJLRzN0OTJPcU0wVWlkMGtzTThCWnZNdzM0YXRnMWMzTkFvUjJNaXR2c3hOX01sQUVuRzVpTHNDbTFiZlZHdE1ONk50NUI5YXBKZlhhUGU3bDRnVnViTENmMnBkUHFjdXhPTm5FYXA1Q2FaYTA0ODRZT01qeHFCWF9JMmtBNW02V2dyRzZadXJfTjlBUTZpd1ZZalNnOGY5WHB5dWxyMC1XOTlR?oc=5
2026-03-09	Google	0.0	Iran oil shock fuels Hungary's campaign against Russia sanctions - The Kyiv Independent		https://news.google.com/rss/articles/CBMilwFBVV95cUxNeGdjZ1p5X0JFWWZBekJjTUQzTzZrS1FpMjBnM3djZkFTNEhMcXR0Ui1EM0Y2Vk9ZbmpINHY2VEtmV1BGYTlHOWNtajNLbXRjWGJITTA2djZqajRXM2ZiR2ZQQW5ta3JBd1BIaXBERHV6eE12QnlqQ1hXSkduMU9VaXlqTjNBVzZkX1dOaEhFMk1iVXJZTFk4?oc=5
2026-03-09	Google	0.0	Iran turns to cryptocurrency to bypass sanctions - UA.NEWS		https://news.google.com/rss/articles/CBMiiAFBVV95cUxQRXpxeGpJVElORnRhNm5GQ3BVQ0MwSTB3ZV9YZ3JfXzNESTE2ZzZBdlYtbTdpUHJtVkJlSmxKWU5WLUVZTV9iY0hCUE5FOU9iNU5aSjBxMmphTmJTN1gxa3M3d3RaRHZ2bWQzQWFqdmxuWnRaVnVZTHVValh0M0wydXA2TFJmeHZL?oc=5
2026-03-09	Google	0.0	Iran war fuels demand for Russian oil, raising possibility of eased sanctions - Hankyoreh : English Edition		https://news.google.com/rss/articles/CBMiggFBVV95cUxQTEtrM2ZLZHhSUmpiRHhjdVdRVnc3NUxTeUN4NW1uUjl3QllQdG9qVTc3WE8yUmtKN3RHM2lJMl9RNmZGUUptR2h0bTJXMzdLMlJ0aE1CN1pOUHprRnNfaWRLbVZKd1ZwVENzMy1EVk5oNUFMTG5JZ05TREZqYXJKWkNn?oc=5
2026-03-09	Google	0.0	Nauseda Pushes 20th EU Sanctions Package - mezha.net		https://news.google.com/rss/articles/CBMiXEFVX3lxTE1FMlZvU1RtWkRUQTRRbGFZazR3RThwcVl2dVFoVkh2aWdMTEh2MmhILTY2Vk9SaDdQdHlBa1hHM3F1WV9keWpldF9WeHlyUG5zalNHaHBXMmZqR0lG?oc=5
2026-03-09	Google	0.0	Opaque balance-of-payments flows keep sanctions risks hanging over Kyrgyzstan, GlobalSource says - IntelliNews		https://news.google.com/rss/articles/CBMi4wFBVV95cUxNb0oxNDZPUlVONVZnWk5fdXVnblNvbjFPS3FhekN3TFhuck9UcWhMTE9aZTYxZGk3d3pZcUw3ODd5Ynk4NkpVYjR5c3ZEazZOWmlQT1Q2Sm5LZzB1OWFSZl9qcG1INnBZOTNldzBNRzJhdVNUR3R4d0VoMWFoRGN2d2t4bV9sR3N4azN5NTVDMkVtcXFMZWdqVVR6T2trOFhjell5QTF5UUZkMnRXeHpSUVdpMzFqU2VXeTNlQ2pfNFJDQzREZldpanZhOXptLVIxTTc4T1VwLXlOT3FPVlZoUGNHWQ?oc=5
2026-03-09	Google	0.0	Orban Asks EU to Lift Russian Energy Sanctions - mezha.net		https://news.google.com/rss/articles/CBMiVEFVX3lxTE5YNFEwMnhGQVlpOU1JQ2wyck5zOFJ1OFNJVG5BbllHU3ZMYU5qQzJzQk02RTNXaThtWnFEWlRwSXV2QlVnV0dDVjZ0S2wxZ05pVFZSZw?oc=5
2026-03-09	Google	0.0	Orban Blames Ukraine for Fuel Price Spike, Calls for Review of Sanctions on Russian Energy - Kyiv Post		https://news.google.com/rss/articles/CBMiS0FVX3lxTE5YdE9QTFhGcWVaM1BmeUxyZjlrN3Z0X1ZJTHFKcnBEbWxsRnR3Q2ExOUlMMVlfVFJmZ0pkYjdOU1pheUI0b0NfVFFZSQ?oc=5
2026-03-09	Google	0.0	Orban proposes for European Commission to lift sanctions on Russian oil and gas - Ukrinform		https://news.google.com/rss/articles/CBMizwFBVV95cUxQbEpaSUFCRVVGVl9RYjJueVllUEJ5cDNVWFIxYmJlTEVIMENvbVR2QVcxME1tekJ6THpuczVETF9TUWdSVTh0S1FFVnQxV0hLajFPNWFSZHk0TVhZMF9HTDZOdHd4VFQ2Z0JuWTg1eFNQdVZXZ0ZUZmNBN0stbjFOUUF0VlBHNWFhNXEzMXY1c1EyTmtJTEtwV1hUTHdiSHZzRmY3cEltZlpmSEsxdjluanMzU1dPTTRJdWRWZmlqSTRaU2xLbWRlNkM4SVJJNG_SAdQBQVVfeXFMUFpYRUtxNGVBR3NkRHJnRUpHbGZrd1gyV3ZGb1ZUR21IOG5XdEhrbXcxbDkybmIxR3VqNFd3b2FTN0FURGV6Q0lQSUFxeUZHVWZObXdyWVRIRWhWYjhHNFA2LXRwSVBUbVpqN255OEw3Mjg2a1lUX2hqVHBYRHNWbUh5WktwbS1YcmFzdFl4VjhtNXFmaWpHTXdMUkZtOV9oY0t2aENlWW9aZGRZZ1FCdHBfX2RJOVpIZGc1dTI3VTNRaHJqZm14bTlUSm9jLVRUSlVXd1U?oc=5
2026-03-09	Google	0.0	Orbán Urges EU to Suspend Russian Energy Sanctions Amid Iran Crisis - Hungarian Conservative		https://news.google.com/rss/articles/CBMiqAFBVV95cUxNbGlmOVZ1bUdSa1Zqa0JvTGdGaXZHMXdZZUl6VDBjZ05Hcklfb1d1TzZSNW5ORHFsYkNDRmFqWWtNTDhQWUFzS05zT29BRHVuSnUzb0tPUWVlVF9SdFJHUFZXQ2p3UXN6N05kaDNpYlVaSmxLU3V6anB2aUJNRS1RWGNiWkdYZHFBNC1PbFo1VlprNnNxQ0Y1U09hU19VeUNOUDVHWEJDNDc?oc=5
2026-03-09	Google	0.0	Orbán blames Ukraine for fuel price rises and asks for sanctions on Russian energy to be lifted - Українська правда		https://news.google.com/rss/articles/CBMiZEFVX3lxTFBJTC1XSXBGdjU5czQ3X09nYlhkcUJqQUdaZDV4VUYwX3F2RW5aUEFYcHJUVlA5cmZiU3pzT0p0Tk1vX1FFbWhOcG1fbUcyT21SRm9faHIzYXNVbWEySElsU0JiTUTSAXBBVV95cUxPMG03YS1MVXlVbWZLLTlWanpzaDdSSTFqOUU5V1VBN0F3Q1g3cVRyVVpVbVhONVphSjRGbndySjRRTV9mV3l5bTY3X1NoZTBhX2ZuR0c3dk1TTHRsc1dRUnpTajhWZWxFYVRKZzVncG5N?oc=5
2026-03-09	Google	0.0	Press Release: Ukraine Advocates Push G7, USA and Europe for Stronger Energy Sanctions to Cripple Russia’s War Economy - EU Today		https://news.google.com/rss/articles/CBMinAFBVV95cUxQNnIyMHhncF9uS1N3NE9nOWVaaVR5WWlTZnR0WG1ya1dGeFY4Z0Nfb2FkWmY0b1M2NjAwUG1TVk10cy1PNVgwTE9LTEotdjdhV3pXeVctVkplRklDSEg3cV9ZT3hfWmZzbHVGWVFhcG1KMXpfWm1odzVfNEczT1hTSkNOUTRBT3k4b2IxTGxkR2xUWklhM3IwMXBWSnQ?oc=5
2026-03-09	Google	0.0	Putin Threatens EU Energy Cutoff: Will Russia Halt All EU Gas Supplies? President Warns LNG Sanctions Trigger Immediate Retaliation - The Sunday Guardian		https://news.google.com/rss/articles/CBMi_AFBVV95cUxOS1BMUFpTWVVfOHJkS3JrMm1NWWxuS2c2ZWR0eW1nLW5CUXRPd0h6UkxUaG1vWno0STVQQzRzUXhrczAtcDVWT0I5WkFaOUVGbGFtbFdManZ2X0VXN3ZzQ0dKek5waF91N0pDbmd3dUxoWmt2SDBuN09SY2dUWDIxNmprcFA4aXBUTlV6TUxwSFZJTF80ZFlPdWxjU0dFRnNXaGZnNXVJaUstR1BPUkhHQnNNZFJwWmJPaXRBVS1aWVVNNXRjX0hfTzVjN3h1UjRXalFkcTh6bE9iSEZRRHNVT0l1eGoxeGV3MlVBLWxqRG1rLUI3Nms0dFRqVGw?oc=5
2026-03-09	Google	0.0	Reuters: White House mulls easing sanctions on Russian oil - LIGA.net		https://news.google.com/rss/articles/CBMinAFBVV95cUxORlBPc3JHenVjV202by1CUkxRZUtQWE0xUGdlYjVDc1dueDY3NEZsaFBPd2dweno1d0xmSkRyRDA2d1c3NFNtWkcwdnRUNlZ2R1NiV0JwOW9EbHpIM05INFZYOC0zdkotM2E1Wk9qUk1SVEt4MVc3eHpEekYtRWl2OGNsTVAyUXN1VExsMjRlRGRfNVNub001R1hJcV_SAaIBQVVfeXFMTW1oV3p0WVktNVB6eHVEYUdSaWZ3U0NnUVNfYVZyYVVVTmlsNTB6QWF0TnRFUEY2UnMtZ0ZiT2cwTWltWlRHU3JZczdFT3J4cWF5Sm9jTlRyZnFMcGdIRWNucEdsNHZCeTFGdHJFdWs3ZTBrbVppVUJsVkVHeGFPWWdpYkYzNHQtVjZYX0FHczNLeTBIQ1V5T2VWRWU1S1BoMG9n?oc=5
2026-03-09	Google	0.0	Rhodium Ex-Directors, Attys Rebuke Ch. 11 Sanctions Bid - Law360		https://news.google.com/rss/articles/CBMimAFBVV95cUxNTDFoM2lNakdQRWlFUG55X20zV183VG1ET0Q5MEFIbFR4b2JQajBtZmR1aENXYlRfNGF6LXphUzFaV3RTWlpVaE4yYmtEb3lxeWJpZFpfS0FMUlQ2NGpUMlpTVEhpYk5wMzhFYVNUckI1Q0gwNzZzdXR3dGhTZmhUNklybzAzU0NDY3YtWXI3SFNEWUxsYU01Y9IBckFVX3lxTE1TNnl4dVpZbURtUXZWU0V6cjRWeEdBUzBsTDZ4eUhjR3FUenRuN2p0WWlfb253VFF4WmR2SDV6LXFlTXdQSnJFckxoY3RDWVBsV2l1R0V6TDNCajFoNndNRExJMnZkUGk3eUFKSENCWTFFZw?oc=5
2026-03-09	Google	0.0	Trump Administration Waives Oil-Related Sanctions to Ensure Supply - Devdiscourse		https://news.google.com/rss/articles/CBMivgFBVV95cUxOd2NaY1hVbkJ3SE5CNkJzM0Nqa2YxcW45MEFBd2JZTlNrTmJnMHlzNWZQVFhjMnN2SUF6al9nd0FPbzZLbXZZNGw3T0E3czFQR1cxbkJLS050OFNMRHBMVEJUbWhsX2RZMXpkYWkwNHlnd0NlOXdDYVJwVVVUb0NKbjFCSnZodHhpQTVmUndhZUJYN1BMVFFlNlY5WHhySWMwb2FtMVlMQ1BJTjlKVkZxcVl1Q0dYOWYxODVOM25B0gHDAUFVX3lxTE9XcE9pSnVUZWhlVkpUWVRuczlJQkFRMjVKQWpNeTE1bjB6NVptU2doMDJkaVBOc3VWbi04VGtPOVZUX2JnVU1Od3Y2MmNpM2RteE12NldobVQ1V2Q5RXFpbTE2dS1YYURJZExyNTRBWkM3YkhLU2hvOEFHWlRlbHVmUGQ3NTFsN0ZVS1JvenhUTUwwcUNFVmZzbVRZbUhSRVVnTUlEanFGQlprTS1uOVduX28yWHp3UlBidGUtVzk4SjZXZw?oc=5
2026-03-09	Google	0.0	Trump Announces Sanctions Relief to Ease Pressure on Oil Prices - WSJ		https://news.google.com/rss/articles/CBMi7ANBVV95cUxQRnlxSi1TOGZFeWlIWEw5d2VhVXJGTGhRTnI2T2ZZM3RPTHg1SzhaREVZcmxCdEh2WUlfRERJYzlCWV9HczRqc1czNHozVU50a0ExUHFYejZQaTZQWUhKajBTWm1Ub0pvMjFkblFQRUVWanNQbVFyTXNIMi1vVEdXRGxXQmpmSTBESWpkWFBVWlZXM1ViYzJiRHh0eDEzdWduYmJhS2JzYWxxMFJyUHpubF83NDN3aTJQUUNWYXc3cHpRVGJFSGVMVVZ2VHA0MTJtRmgxS2pGSUItc2lKVU9qS3lZNkNOM09USmw5dnNsSVVUTVdxZXhyYVRsWTRtU0hoNmlBVEFUT01lZEFZaGNHdG5xTTZDSkJsZHB3S19xcWl3aGJEVVNHNlZMbi1rZW4zN2ZIdVFYRC1IUHhTZ0F2Q19zZmtSaU5tMGFsYnRBVkExSlAtY1htQnhmZTBKcWdsZmVHWE5jcWhCTS02UnF5dWNYdlpUSnNKUU5ZM3VjS0U4elZpbTR4SEtSUk9wUi1LTG1GeG9VUGVldkRQQzlpbk9jVjdTOWdISC1HbkVIZUtYYnZuUUlzVmo1MVNmM3lVdDBac2E5TG9sbFg5dVVqc2FPSlgzc3o2Rkx2c2ViR21rT1FDeW5qczl2VFE?oc=5
2026-03-09	Google	0.0	Trump Says He Will Remove Some Oil Sanctions As Prices Rise Amid Iran War - NDTV		https://news.google.com/rss/articles/CBMi0wFBVV95cUxPN2h4c1daUFBPN3lENmpaYmYwU3ppTUhvR1lVUzJoaVhweHA5aDhMV1l2Z2F2OWF4c3JBTW9JV29ORmlLWVRoYThaQ25EZXJnYThhVS12bkpmSXUxR3lQSTZCTE0yOW9LbHhFZFVkOE5VUHlNdlRDeWQtdU52VVJDcXIyUG1lQnNWb0toUjNFLXJHR2UzbGJhUk0ta0MzbEhDWnJlazhESTJzU1dKUlNJNHZRakhKRWJVNTJ1Ul9xblI4cTJXVDVRQmZVU3BFUFlzdENJ0gHbAUFVX3lxTE5UaTFsOERNQVlQODNLSTVhM3dFNlBVQ01QZ2ZxNFEtbHNBTVpzZmpKaURlQzJRMWVVSjBlS2FCb2oyLWJMWjEtRF81VFhqcUFTdXZQdE05bm12Tm1uUXktMUdHSWxOdF9CS1hWeHlzSXpScl84TGQxdXhnLXI2VVRPaHBVV3pfRWx3b2lXNGNDWjl2bTdIb24zXy1MUHNGMV9sRWZFOHZ4MUVkM0lUOVJaZ3VwcUxpWGhITlJCMmdkMWNaZjJCeGptVGtSZEJETDVXdk00cG9wVUc1Zw?oc=5
2026-03-09	Google	0.0	Trump Waives Sanctions to Stabilize Global Oil Prices - Devdiscourse		https://news.google.com/rss/articles/CBMirAFBVV95cUxNSHlLS3EyYUhRMjBvTkYzeTRRWDBsdnhLZFhjNjhjMl9lY3M3RWdhRFpLMzZkRUZvaUdQU2xvTWxXYi1SN2N4Z3pzS05BS1ZBUWtUM0lPRkUzTWFWZ2drS0ZNMXpCckZYd2hQUzY1VXoxNUU0QUI2YjRpMUIzVzNuLURaUEI0eUc4eE1rckN6c2JNUVRyVDkwaVBxazhPOWdpaVU1Z0tvZVpGcnQ10gGyAUFVX3lxTE4wM1FxTHJSYktVZHhIdkdaX2kyOFdGbGZfaVRGMmw3Z2lkaWt2NmpCWlFJbTZjMnVILWx0WFQtN1ZuRFNiVXJVTy0yeGUyRVoxVVA0TjY4eDg2bE5HTVd0a2xMRlRUd0w5ZXFhb2dBWTYzTk4xQ0k4N2FFUnRZUDBfQU5sTzUxN0c2Zl91UWVNVzZmbW80UktzS1VUamtNT3dQUkQwSFpxa04ybEFlVnJWYVE?oc=5
2026-03-09	Google	0.0	Trump administration designates Afghanistan as a state sponsor of wrongful detention - CBS News		https://news.google.com/rss/articles/CBMilgFBVV95cUxPZlFoYXNWVzI4WnV5NXNfaGtzRko1WlYzZjB0NkN2TWVZUzl1YzJjU3V3bmxDRFNMemdMUF9LcTIwd0hfeG44WnJPZWpfOGxrZ0kzN2ZRWGNqT0RaTzJSekJvUmhtX2ZwZXVrbTBuTHA5eUlZLXpMaGMtTTZhODJrX0NKSUw4QllWc3FaYmZVMHBEYl9LV0HSAZsBQVVfeXFMTUpUcUZqN0ZmdXJacTU5S1FxWksybWJ4bGhnTnhnUGlGeUFXVHZPZFVTdURVOXJSZm5MNW5rVXhVaWdnYktpRFVhS1VuMXpUa0pPall0X3dpQkpJLS02OXg1NjRySlRMMUJyMGVuNzIyY3ctMzNsU0REMk42T1dTQUdoS3k5a0VMQTF0TFhkZ0pPY2hLVGlrc001Y2s?oc=5
2026-03-09	Google	0.0	Trump cancels sanctions against countries buying Russian oil - Українські Національні Новини (УНН)		https://news.google.com/rss/articles/CBMiiwFBVV95cUxPUGNVdDRwajduUzBmb2pfSVVfMnhfVEtfcVgtYXE2SEtBV0swVzcwZ2JOOWRGM3B4QlhkZ2N1bXFCaTdLNk50MUtCTFlSN2stdURucEFpaXVSVTU0YVVBbUlveGVaOXktcU5TVDdaZUh5OXhSTXpxUWRQbUdDbElKMEVxTUZfZmp0VXNB0gGKAUFVX3lxTE5NZHRtZE5fVUp6cTB6MFRFLXRKYm9yS2dxV1A0VGxETVdQdWpSXzVQS2I3SkFQQnU0NGR6dGZQVFl1VEEwVGdkOTVVMS1fdG1raFd4TE1oX0MyaFdGanBVOUxuVDVmSUplLVF4T0YyMDZneDdvWmVEaXoydVZWSlhfR2VEU2NVTTR1QQ?oc=5
2026-03-09	Google	0.0	Trump says Iran war will end ‘soon’ but not this week; to waive some oil sanctions - Investing.com		https://news.google.com/rss/articles/CBMiywFBVV95cUxPZFRoZ1dUaEV6UWpHQW1hTjY1Vmw0aHZoREVINmVrd1hSd2NhUC1jS2hCY2hfcXZJTUFVZ09fR2MzTlZsQXJrdEphc21hVDlPcXpMWm9wV2laX0V0a0RGNl9DNkt5d3k0ZVJvSWl0ZVlWaGxHMDdfMUJ5UE1iTjBTWDl1ZnBvUF9SU2FRZDlVaTBobEVBM1JkbmpUekl1bW1ibExtODJjZXFPSm9TOWh2VDVMQ0ZwSWt5VUQ3NGtHQ0N3ZUt3bHM0aGJFZw?oc=5
2026-03-09	Google	0.0	Trump, Putin talk of war and peace as US weighs easing Russian oil sanctions - Reuters		https://news.google.com/rss/articles/CBMitgFBVV95cUxQYnhTSnZKOUprOHpHT0FwSEZsZXpRbC0xUDZRbFBhN0NsYl9pZENZRG9KSnFJUVZnRE1XRUtnNnVFVVYxTkp2QU5Id1o1UFlFOHowNC15d3dGa3l1R0p2VGo1ZmpfSUFVOTU1M3BmaFBzUkw3YjBkMkVxc2ZWOHRyeVM5ckdxMVF3ZThJOTh5M29YSGItZVVhcnN5bFd5dm5BSW1OS0M3dm5RakgxTV9JY2FTNzl2Zw?oc=5
2026-03-09	Google	0.0	U.S. Considers Easing Russian Oil Sanctions Amid Middle East Crisis - Devdiscourse		https://news.google.com/rss/articles/CBMivAFBVV95cUxQTG5vT0FXM2Y5cDhhUlN0eW1EUFVyRmIwNVpoNXBuM0ZZZG9hN0xBbnFyTXY0TlJzOE9MbzFmWFdGUl9KcG5heUhXaGxnallfNUZjZTBlRnpFY093ZjRmd0Z0QVJOYjdfWjU1ZVhsWDRvdHZBNGJCXy1yR2dVbFhzNlVCYVBGYWxGN1g3Nnp2THg3d29JNGl3Um5RMEQwOUlER2JBNm9RaTVZaHM0V0s1bVpKMjU5R2lsamZHetIBwgFBVV95cUxNbDBld2F5TFRQcjdEMW1JdHJoc09xZjVTNUFCcWVXYkhhWlJxaHFqQXY2ajh2bENPN1lxQ0kxcE9XSnVlT0Q1OTV5aWU4WWJRNHpVT0RWa0tQblNhRWNSZXJCbm50SHpLUlVGd3E5dUFtY1pvNW04SlAzeDdCMVVUbld0ZE1RTGtuYUR4TGJGU1YybVhCU1dlWjNIRXhmMlNQTEdjbVFMWHdOT2RfVkRHLU1nWWR0bzBoT0lncHF1Q3h3UQ?oc=5
2026-03-09	Google	0.0	U.S. energy chief defends waiver on Russian oil sanctions as gas rises - Honolulu Star-Advertiser		https://news.google.com/rss/articles/CBMixAFBVV95cUxORi1nWVVXSnk1bFBYNTU0akwtT09OU2FfRWVUalZWdGc0VTlpQlJ4NFFTNENpdlJ3aE1HRGg5dTk3SnZrWVZJTGtRZkZwRGJFSWZqbFBHMzNlWkRtTHBmbGRoNXpCNjJBYlFkTzZ0M29ORDlPOTFTSThiOXUyY0szS0lFc1RBVXAxQy10cDNmM3I1ZTg0VW1qNkl3cjEyX2JNRm5WSE56azBQTVkwYU1LSWVzWWlpUXN5RFpqay1iM1FnTFlQ?oc=5
2026-03-09	Google	0.0	US and Halkbank reach deal to end landmark Iran sanctions prosecution - Türkiye Today		https://news.google.com/rss/articles/CBMisgFBVV95cUxNTUpWS2JpbGdaQUNyVV95d0d5RVMtd0FDNU5jZVRrZ1RGVldWSjFFY09zUDgwLVk1ZTV6T29ET0cwcmw0SWtNRnJtNTVUYU9jZDBHN0dvZEtfS1FMVmk5cG5FTGpINDBGaFNPWHJJVU1hYnJGU3pNX0FrenlmQnhmZEJ5VnhRaERlN0xRUGY3SERQeS1LdDh4Mzd5cFN2cG8yVjRBWFE3elBvXzA3U0MzRjVB?oc=5
2026-03-09	Google	0.0	US drops sanctions on Malian officials after three-year standoff - Africa.com		https://news.google.com/rss/articles/CBMijAFBVV95cUxOVko1MTN2NC1faDVIeURNd3JGWUl5QnNZT2V0bURsSUVXeHRrWjk5elA2TDFXZ1BjYS1SR3ltZEhRY1lYcEdERkI0d1ExY1FqX25wZEhOZHBrM3dKbzN0Y25DOElmdHNWeDJBalNZR0t4eDBxVXlGUGJaLWF2Y191SG5GdzA4Vlc5ZHJ3dg?oc=5
2026-03-09	Google	0.0	US lawmakers seek to extend Huawei sanctions to US subsidiary Futurewei - digitimes		https://news.google.com/rss/articles/CBMilAFBVV95cUxQMWMxbUVLNXp2NThfdnVUVDFicThZVmxBbEk4NmhCQlhVX05SaUtpTFVEUHh1Z0M1LUVmdE82QTF3Yi1UVXlhWi1EQnluNUlQQnZuN0I0N3NNVVBydWJBc05hcWVJU0E3RGIwMlRJYmJYX3pDbTRBUmtEajRJeVFUekZYVzdlcDFubXlDN01Gdjd4WU14?oc=5
2026-03-09	Google	0.0	US moves to end long-running sanctions evasion case versus Turkey’s Halkbank with deferred prosecution deal - IntelliNews		https://news.google.com/rss/articles/CBMi7gFBVV95cUxOWS1tLXlGR3A2QXg4clJwOThtY000SWxoUEUtLVlyZE90M0tWUzJramdaTVhtalBGQ2h5YXdiNllGb0xuVE8zTUVYeThEVUpsNVI5MTU4WTBpbV9tTzhoZG0yXzcyZG93a1BGUXA4NDY0RlRjZlFtQW83QThQdjVlLU80M2Y3MllWWnpfT1Z2VG9KMUUtSFVsTi1aZFJvdEtOeDVSR2RidUdqNGFSRng3aElDNi05RDVZQlNrM2FvR1c2UVktQ21YUExPRi1xWF9Lc2lnQlpUUGs5ZElUY3dQRXdORkU4Z0tKS2J4SEdR?oc=5
2026-03-09	Google	0.0	US, Turkey’s Halkbank reach deal to resolve long-running Iran sanctions case: report - Turkish Minute		https://news.google.com/rss/articles/CBMiwAFBVV95cUxOWUxNd0FKbzhwaGotLWFCVHBGaTJyR1lyVFJINklkQ2gyTW1JTGJXSnZ5TVhhbVhOREEzczRVOWlBTFhTMnFEaFNtS2tEZGhIWkFmUm9YajR6VVdfLTVaWTV6WEtmek9pUHU0MlFaSWlpMVVLVnVtVjFBYWQ0NmxfRVcxRWdxVzFKZ05YQnVMVmFjNHV3THR4OEptRVB2bnhpd3lSZjhoM1BBRlJEZDZHRG1UbXJYb05mbWN3X3BwRTDSAcYBQVVfeXFMTjRuaXFRNnFCcC1DamxqSDItcUNWbEVQbE1HYUszX2pKMUM3RzJiaUJYMDFQdEU2d25acDN4eDVkN0FpVWczV05jcThPYzJGZXN4MkZ6WEJaRzM2b1ZGLXRiLWxrUmF0YUpwT2ZuUEh5UFBrNjRsWlJtU3NxclVSVE5kVXRuM2pGcm56aElnOFhtREtwQU5KUXZBeGhvdW1SX29JOXdsd2dZZWpaNktja19TMmlpNUdkT1FCN1ZnUkZIZkNxdkdR?oc=5
2026-03-09	Google	0.0	USCIRF 2026 Annual Report — Iraq: Militia Sanctions and Stronger Protections for Religious Minorities - SyriacPress		https://news.google.com/rss/articles/CBMi1gFBVV95cUxPUEVNbUIwZHU5b3luMEc4Z3llNzZtdmZOb3FyTFdmV1JqdzNvSTZrYkR6YUJwNnBTb19rX0diWHVvWU5HTWhORnh4VTN5VTMtbl81VUJ4UXF3R2NMMUZ5akJBSmM4aE85Qk5sRkRpQkZySzM4MFFDUjNiakVpeEJETllDR2xDa1ktN0RWSUVBR0ozeDdkREJ0cFYtcV8xU3JveVhUeG1leTcyT28xM2RmZktTMGJxTlY2SUYxYUtuVElUZHdxLTZmQnZSTUV5UEtDenlYdWdn?oc=5
2026-03-09	Google	0.0	Venezuela Oil Shipment Booked for China as US Sanctions Ease - Bloomberg.com		https://news.google.com/rss/articles/CBMisgFBVV95cUxNN19UMWRBZzhweVJKQzNfSGpfdE9JRTRKQnNMeVFTd3ZsNWtRLUVuX0JyQUI0eUM4d0JxNWdsWGpjeXdDUEllbWpkVEhDNDBPbUpLaWpOekRNaUc2ampyZzN4TG0xSU5GZDJ2UWlZSUJBNV9laURPSnQzcFV6bkF3UjBCY1ZDMU1wNVVrSEZaMFZIUTFLLXB4R2lkenIwVENFcDNLT3JzenYxanYwQjI0emJn?oc=5
2026-03-09	Google	0.0	Wall Street Surges Amid Middle Eastern Conflict and Oil Sanctions Speculations - Devdiscourse		https://news.google.com/rss/articles/CBMizgFBVV95cUxNb0otMTI5dFNJYkk4RUNXMjljQWFiMHdDTTQ2NkI1cUdaTERLSU5tT1IwTlFwc01FT3hiWjBrOVJtUEwwLXJ6TWpvU0x0TjlSTnZBbnQwRmQ0bHlYV3dIWllpSUtDSll5c2RKeVdvM3dHbzlyRUVJRnZjRjhzZnlTc3BXNXBCcC00ZE9kcE1fYkdyV0tLNnh3elc0ZmZJMzRDNWJNM2pJU242elo0d2RZamwzWG5JTHhTcmQ3NFI4ZHFhcU1hLWJMUDVLaDNJUQ?oc=5
2026-03-09	Google	-0.036	US Told G-7 That Russian Sanctions Waivers Would be Limited - Bloomberg.com		https://news.google.com/rss/articles/CBMirwFBVV95cUxQTW1sRTFpekZFUVFhdFV6MFlwMlhvSjJrSC1XMTUtano5NkVUci1UUFBLSzJaYi1wM2pvLXFDVVBaY0xSYzlKeUVzQk93OWxUcXhRcVBEaE5LdWFkNXk0V20wbmZCZnBtWU1EblFZSjItdWhIcUZOekluOU92LVZXdEpldGtfUHpmbjJacXBmSEJvdHRvOHlkMGNzdjktdDZEek5vWW5wRzZ4OWdNYmlN?oc=5
2026-03-09	Google	-0.05	Players' union urges stronger sanctions after Old Firm disorder - BBC		https://news.google.com/rss/articles/CBMiakFVX3lxTE5ZaFZiY1JlX0hQSWw1R1pHTHRLWHBsM1FnN3ZROWtIRzFpR0NLYjhwcEVsLUl1bDVGcDFiNW50c281Vy1yUVlCRlVxYVp1bTJKanFLbDgwbkVIVzlpbFBzeGVYd19HVGZFSVE?oc=5
2026-03-09	Google	-0.1	Petraeus calls for immediate sanctions on Russia over alleged intelligence support to Iran - Fox News		https://news.google.com/rss/articles/CBMirwFBVV95cUxOcVh0Y0dVRFhJYTBuaW00eDRSWTNHXzgzNDIyaU1CVC0xZ2h1aDRyUk9NcXlxX3VvUjBzMDJBQjlHc2N2amtELTIxeDJZMkVxdGM2ZEx3ZU1qLW54NnZ5ZFc4TVVfczBYZFFVVVNtSk5tNk53X1NtcHpJWTNUSmQ5Rk44a1pqWmtmaE12Q2ZIaVhRcHliVldMdWRhODdMT0FYQW1zeVFtY3FKNmpwemlZ0gG0AUFVX3lxTFBXUGMtdHdoenJfZHRjMzhfaVVNT1IwcXVvelJUdmVPRVVJQ3JZZEF2LXN3bkFkRWRUbnRqSk1VSmtqT1MwaWRrcDVoeHlzSkdYZjFHMlVwVmhINjZkNW9aNlJsNnd0WEFGaDAwek9DYjBrbEdKaGlGdFp6cTNyMVhLbzRGd1lfMVNQbkdMVEZZZktwSHlHYXpXazlCZUs5c0FZcTdmOWREbmZvVThIVkRtVjlaWg?oc=5
2026-03-09	Google	-0.4	Turkey's Halkbank settles US criminal case over Iran sanctions violations - Reuters		https://news.google.com/rss/articles/CBMizgFBVV95cUxOdWpHN3FWTENPdkZjdUZsbjB1S1k0TTJLX091aFpYakp5MWlEWHN2WHZjenBvemdvT3VrX1FvcVZPdTRxTkFqTXFheG1mUEJsYlU4cGZESFFRTm16T1JOM1JEMjdfS1ZxR185OUE2bFNzck5MT0d3Q3dYRGoxclNtWFVuRktPQkF4MUxlUkZLMUp5MmNSa1BER3Jlai1NSDZPMFJSTE8wdE5idGgtLXdKQ3dBMWZfcUxzdS16VmlPaTRMZ1dZUWdic2ZKbE81QQ?oc=5
2026-03-09	Google	-0.7	'Will remove some oil sanctions': Donald Trump as crude prices soar amid Iran war - The Times of India		https://news.google.com/rss/articles/CBMikwJBVV95cUxNS2xXQXVjQXFHSUEzMzEyaUNlWmQzMnlYdXE4NVV1ZWhBZTVIaWRDX3FBTW9jSUVpVWhQZG5iZEw0YjBXMzU1clctVW13R1p0T3VPaDlNMXNtak0zb2ZwVHl3ek1ha0NiTUxpWUFVQk0tNF9Vb0Q1Q29jZmlYRkctelZLMFpGNUlkMXVhT29vdTFUVE5seVM0eFVWX3h1WXpfYUhFOC1BSktOMU5WRm5GZVRXY1VDR3REQVVvQ2ZzT2I2Q0tmdE5ObTVZSFZjLWY5dFoxSXE1UkJydHBONGZjRVNHMDZTajFTODFRV3pGUFo1NDVhU3NuMlJBVGJ1WkVpSVVRaV9Rb0RpWjdDNnVFWXJHY9IBmAJBVV95cUxQVkVVN2JILU1VQnFhOHhzdFc3eHI5cW9YSWVvSlljc21aRnh3dmRYVkI3OHc5cW90d3hiTzVZeTk2YW9aWVNrdjY0bWVmVEFHTzF5TjZkRDhXR21Hc2wwRkxJTEd0bkN5eENSOEpLOVpDZ3BfRWpTS2Nmbi1vU1JjQWRabzFKTndOdHByN3BFc3VWNUZSc212X2Nua2RrYUZDeUc3NFoxU05QVG9rVER4TGMtVElmZVRZSS1fSW9TUFE5UDVVUHpvZDYwME5Qc0tzcmZadHhaWTRIbU9uOXZTenloRUFqVE00X0JvWHU0STA0RnZjYXNaRmpZS2M4QTJ3a0hDU2k2SjBEbHpBVzNpcF9OMmVxTmto?oc=5
2026-03-08	Google	0.16	Oil jumps to 2022 high on Iran war, falls after close as Russia sanctions in doubt - Reuters		https://news.google.com/rss/articles/CBMiwAFBVV95cUxQSW4zRHJ6c00zS0xXbUQ0MWhUdDQ4dGt3R2xTM1VNdkRLQVNpT0JWOTBxeVI5ajlZMno2cmNCTGs2MmlQdzhheVQ4enk4VUs3MGc5WF9JMWZQejhDd19EUTZQZGNBdjRJb1Zuc3lmR2ctMHJZT0tNU2RaVUJxSDZuN3dNOXdfTVBqdFQxU3JiNmlxX3hESS1rMVhaYWFYUnUySzlESmFWZWpBaGhOYlRmdnM0OVRqajhHT2p3ZnR6akI?oc=5
2026-03-08	Google	0.125	US energy chief defends waiver on Russian oil sanctions, blames fear for higher gas prices - Reuters		https://news.google.com/rss/articles/CBMixgFBVV95cUxQemZ0a3J3WDVOUGY1bXBQNVhiYjNwdWstWmpWOEpXd2NodG03Y29CeXdNcXpRTVUxblltVjQ0bzVCekk2OWZGTGdpT3otNnZ5QkdmaElwdHA5ZmFQb3hlQUYyT0M0RWYxODd5aGpkVXpwQzNrQUhiN2QzeWJPVEtRVUNaRW1MMGhRS01BTkZfamNyTDdnSVlXRVFVcmxack9SOUdjUWU4SlNZbE9sTGtHOG9TbW5TU0xYNTdUSjh3NExDdG4tQlE?oc=5
2026-03-08	Google	0.0	Trump said he ended a war in Africa. U.S. sanctions say otherwise. - The Washington Post		https://news.google.com/rss/articles/CBMijAFBVV95cUxPZzVzUHpBaHRKX2g3UXYzVFRXazE0YUp5X05uUWlVN205aGFSQm16T2JNT0xZLWlXVU5EeERBa2F6bk5id04wQ3RtcXFDM2dibzJhTHJtbVh5aEFuTjk3bDJsejl0X0F4Q1ZUb0VEOC1qWlJwUHE5NUpDMTdYc0VUZm52UmZFVjNfRnl3ZQ?oc=5
2026-03-08	Google	0.0	‘Sanctions, visa restrictions’: Donald Trump issues warning to countries ‘hiding’ cyber-criminals - The Times of India		https://news.google.com/rss/articles/CBMihAJBVV95cUxQcjgzLVJVX21YYm1YTFlQWkpFSkpFazFyR1YzVm8wSWpvLUE2R01hcV8tWnJsVzFiVWJBaXBYbUhVdWdZMWJmcjB2dWk0U3VBZmZNZTlzMTVocG9ha01KS1pSWXdGZXV5elVWSG53amRQa19MNU9mNnVud3BzRjJZQmFrcV9KNW1XT3ZaRU85dDZHMGZ0Z2d5Y0stMnlYXzA5Y3lTRnAwazI3cThzSWdvT3huRURmVUh5N2ZnZS1KM0RQSW16WWZVb3Fma3RWcU5mUTVwekI0VVp1X1dmeDlwM25jbDRNNXRxeHRxUjFkdnc1NWtiYTFuLTRrc1NxSkVMbE1RatIBigJBVV95cUxOcmR6OG5ZS3hzMnBXRjREa0htX3hNTnAxTTYtT1ZqQ0sxZXdISXczdVEtM0dZT2dqSWRzUEs2b2tvbnFWUE5ZYXJWOWo2dWtWNDBVTGU2Y3hsUlpacEEzeXJ0UzU3MThQaFhFVUpSVGJNeks0S2dSSS1wUjFEcTREb0ZmTXRNMzc0Ymo1eGV2Z3h3WjBiRWgxdmRxY3hud1AxX2lrTVAxdEI5M2ZkRnZLaHphcUFjNF9oRFBRSUd1bVZmdlNhQ2hQbGVTVFJ2RFVCSHB0RmYwWUZlZHJ2RGlzVHAzejZLN2pYMWtRdjkyN2VkUHFjaG1faF9NcjU5TmZpZWVwclZERk5oZw?oc=5
2026-03-07	Google	0.306	Treasury Secretary Says More Russian Oil Sanctions Could Be Lifted - Fine Day 102.3		https://news.google.com/rss/articles/CBMiwgFBVV95cUxQQzlwUUpQUHdaWVBaNkNDS0RkeDJUVHl6WVpxbjREX3BWVkdYNWVpYXdINUJkRmVVNWZLWm84Y0R6MFV0bmFhd1Nua2tsblR5YmJyQzBKb3VVMW5OeXZBRDlyZnktT3JYbzRrZE8yeDN3WEh2WU4tNXM4NVZiVW1xX2YwZDBKaWZkNnBRcHZGX1J1cUJoWTdfbWRBSXRKM0JRWFRTYjFrTld3SUlHU1didlFScW1OM2NWME9URi0xbkpiUQ?oc=5
2026-03-07	Google	0.25	Scott Bessent Says U.S. Could Lift Sanctions on More Russian Oil - Newsweek		https://news.google.com/rss/articles/CBMiigFBVV95cUxORDBBMW44OEZWV2N2TDNaejFjUENCOG1Ma1pzZE95NkxPbXgyY2FEQjZ3Vzd4QVNMOVB1ZXNYU0hMY2daMEJUUXNGR2ZScTFnaUpxMkpzN1MtaXJlN3ppUmZEY2FRSE9TdnhCMG9jd19Vc2xLb2NhbjctWlM4TnBEZHgtWTZYVnRsSVE?oc=5
2026-03-07	Google	0.233	US Treasury secretary hints at lifting more Russian oil sanctions post India move - The Economic Times		https://news.google.com/rss/articles/CBMi8AFBVV95cUxOMmxNM2l6ejJGdzk5YVZiVnh3QWR1U1YxcGJaaUdyYThSaUhiei12RFMtNDMxS2dieHphT1k1aXJFcGJRZDRWOVZHVkw5ZURQanJpNjJaZnpUcUJyV2lYOF9RanhDSHpjdVdGMG84Rk5SREVhTlN6YnpKNDUydktVY3BPUXdob0RNejN1dzF3NHItZkRFNkVVVWpmcEs0MUdpOTU5RnF2bHNQMWtkUC1Fa3RaTUl1aVBfWXhFTDE4Q0JaaVJSOC1udmJDcWpwdkZKYjRoYWFUTXJTYk1VQTRlb0NHOTJEQ3NzTkYzNEJNSnnSAfYBQVVfeXFMTVRaRDl6aHNoSlNSb3dDZEJoYzJuSzJURE1VUnc0UWpNSVBibDNrNmdpOWRYejY3TnhGRjJiSXFSaTlzSzJnNzh5RURZS0J0dVlYalNuTUVjSG1Md0UxMnVQOFNwTllNOElwbzdUdlFfNERJMTBzU0RCSHRtMzltT3ZIN3hIQW5rRjkzajdVQ05RM1NmOTJPczNtTXdVQXdnRzBDWUsxOHFMX2Y2U2QxWXNEVlNvTVNER243N3VoQXZZLWowVXdOc0ktTGYtSUlObzdwWkh2dGRoOFVlRzZBcjEta1gzVGNGQWppdW9hSjlGMXBNTTZR?oc=5
2026-03-07	Google	0.167	US Treasury secretary hints at lifting more Russian oil sanctions amid price surges following Mid-East war - The Straits Times		https://news.google.com/rss/articles/CBMitAFBVV95cUxQRl9pbnBPT0JMWXFVc3hEZWJDc2RRMHFJMG1GWXFUYW1zcWpRMWxKQXdGVmtBTlNQblFWSHhKQ1ZBMEhLTHJBT3ptT2FSZ2wyUzBRc1BDeTFoYXVHVVUxT3FLcmtKdE5QTk1Jay1panQwX2MxN1NBLWdTVS1NbUx6U2xKZ0dsT19OUHpIV1ZWbEUweE5waFB2ZURwSzNfa2VLT0w5YTlwQ0c0WlV6eXhMdXU3X1A?oc=5
2026-03-07	Google	0.167	US considers lifting more sanctions on Russian oil as Iran conflict sees global prices surge - The Guardian		https://news.google.com/rss/articles/CBMi2AFBVV95cUxOazk5dE1zUDZ5VkZPTnp0U0lwS1VlWmRCcVBieVFvdC1MTERsX0VKRTFvWmpWUlFLeHk2ZkY2UDFLUGZGT1ZpSGhrdFNpSGtWenZudDdVbTFvSDduUFZOQW9oVC0yRUU1QkpNVFFJUEEtVFlGbDY3ckdwcVlUSmpXSGRMS1dQTS03Zy03eENYT3ZVNTMzNVJteXhaU2d2VGlLY0FRSHc0ckxQaGZDcXFlVlJuaWxiQm96ZXp0MVc3UHV4d2xoU2xXQUo4bWZBb0ZoaXpNX2phRUc?oc=5
2026-03-07	Google	0.136	New Footage Shows Wanted Kinahan Cartel Kingpins Post-Sanctions - Bellingcat		https://news.google.com/rss/articles/CBMiqwFBVV95cUxOSWFaZ3N5eEhZbDA4T0d5aTNLY2VVRjdHclJ2eGYxYjFoR09KckYyVVNBRTh3bmNrNHlHWDBWdG5mVnVhb1FOTWdud0lKSU05bFVEMFFZOU5jMEVOczgwU0pSWGloMUNsVFJ4TVJsazZQeXI5MHFiUUhkQzZSQkd1Q1I4UEY1czBxTGFBQ3FzaW0yMDY3RERfeVQ2aUpkOFdoRTVsd21GRXJLUjg?oc=5
2026-03-07	Google	0.0	IBF won't sanction Jai Opetaia vs. Brandon Glanton fight - ESPN		https://news.google.com/rss/articles/CBMiuwFBVV95cUxOdDVuSHhDbmxPbF9OU0hVS3djdzBjY3hkeVVJWk9Qd0JBWEFrazBvWWNRTmxGbUlOaUZtblNYUkJ1Vk94VHhzVkhidHo0N2JlRTYwWEVmb1VsT1Q4U3JuSktoOGFFbXl2bEhydlloZGhBQzYtZ3p3QjctbktHY1d4ZTk4Ym1paEtmSVZmRzRzU2NnMWduWDFpUGNZMlBoVmRXdmNHWG02Vk1FLUlJMkN1eS1ZX1ZKcHBrVm5R?oc=5
2026-03-07	Google	0.0	Sanctioned, sealed, delivered: The German company shipping illicit goods to Putin's empire - Politico		https://news.google.com/rss/articles/CBMijgFBVV95cUxPbjE3QkNhaEdXYy1WU1RselJjTmxaVm5HWjdCWU9wMi05eFJQam5LLTR2R295bkIwQklvT09jZkNNTm1feWNuNE80VWdIQ2g0SXZDTVcyU2YwNU11SXFOYk42MGdaYnl0V2djU0IxQUpSU2lzdWk0TXBBQkpwMy0temZNQzhsWmZVMVJWVVJR?oc=5
2026-03-07	Google	0.0	Trump shouldn’t ease Russia sanctions – they are choking its economy - The Guardian		https://news.google.com/rss/articles/CBMiowFBVV95cUxPa09obFotWlg0ZDhHVXVZZjRLTktGVDFlYjN6OU5LdzFyZnNpWWVtc1dmc1Q1VzN5N2hMcGdmbkZGRVBKXzlmV2RBTWZBOVlNSXFxZ3pfckpNSHJ2Mmt1WERFRTJkM2tlc3YxNVo2Rkw3NzV4Uk1yd0JIUlBsYzFhZ3F1NzhfaThiVmtSQ2sxNVlHMVBLTzZBNEpmNWJjNmI5RkxF?oc=5
2026-03-07	Google	0.0	US considering lifting sanctions on Russian oil to ease global shortage, Treasury chief says - The Kyiv Independent		https://news.google.com/rss/articles/CBMivAFBVV95cUxPMjFfZ2phYURCcWs3US1OTWZKQlZXc29VZXFfVVZKWWRRSjRiNjZ2RFNVbTZ1Tk8zdzg5LUFnWHNpRm9JYzJQeDl3OFlaVnVibFRRa21WNUE4NkZoNTNJWlNZOVN4djdFbGJCS2J0R0V3RVplenZ1UGNsNzBwak5EaEJoOUpZb2FGY0VEX1BNSjUySWROa0YteEpBNVVGY2hIa1JPY0I4U2lNazNNYzgtdktpVTk2cmdYengxbg?oc=5
2026-03-07	Google	0.0	US weighs lifting Russian oil sanctions to stabilize global markets - mezha.net		https://news.google.com/rss/articles/CBMiWkFVX3lxTE4zWlVrVnZQS1lVTTFEYmFzVnU4RTk4alRIcDg5MFVHb2lpeXkzZkJWR0Ryc1VoSk9qODF1eF82ZnRJNmVYTGJKdlpNWWN6WDJ2Nk9JTFh0NC1PZw?oc=5
2026-03-07	Google	-0.225	Bessent suggests lifting more sanctions on Russian crude oil, releasing 'stranded crude oil at sea' to lower oil prices. - 富途牛牛		https://news.google.com/rss/articles/CBMisAFBVV95cUxPWkduWTBFLW5YR3ZuMjZiaGx3cVlmc1RtQXFBS2pDZVZLclE2NVZubWpCLTNUREthUmFwOFpYbVlPd1Vsakt0X2tGeGwyUklPRE5SYVc0eHJwdVIyVnJqbnVwZXd5TXhYWjZyVndoYlZ6SV90UVlaMlFBbTZHUjRWc0MxejlpQ1FDTExZR3ByR2duZ1RpY0hZZXJESUZoNThJMkdncUZscUhVVF9rdktXYw?oc=5
2026-03-06	Google	0.5	Bessent Says US May ‘Unsanction’ More Russia Oil Post India Move - Bloomberg.com		https://news.google.com/rss/articles/CBMiswFBVV95cUxNVVBjekRxOGJDc3RUMFRtTmxNektpQjNSN3FMcXpmdHNWNXR0M2tRRGhyUi1lVDRZMzJHRzRnRmU1OGtBUHRNN3dEY2NLS1FOTWFRMUNzQnZFTldyeE9fb3o1eHMwVnlXdGRORnN2LXMtdjNrZWxyUFlqVmJXbE5LTWtyOHhtZlNxUXdzWkN5STMyX1ZGc1NTS0NtalV0Mk03NzhJRzM0VUN1MHNuOVNBaHo0Yw?oc=5
2026-03-06	Google	0.25	US could lift sanctions on more Russian oil, says Bessent - Reuters		https://news.google.com/rss/articles/CBMiqAFBVV95cUxNR3FYOWNQcDRfWGRYQ0RHMnVMcjFnNjR4VFFaWW1fcExCY0lTTUNJWURXc3FWN3hwM0lPb05jSWE5enpnZE1TQWc1cjhYTUsyd2tKanVVZ1p5WFNGOWYtUDNobk1NaW5UZGU3UHJaZ1hMdEhBamx5MDZNcUVCY2dQN1dDY2E2YjFJOTgtMVRRR3dsUmNDNVZualFpcVY1c0x6Tk52a3JaVlI?oc=5
2026-03-06	Google	0.25	US could lift sanctions on more Russian oil, says Bessent By Reuters - Investing.com		https://news.google.com/rss/articles/CBMisgFBVV95cUxNLTNfR1FHbWZnX19UYjB3Vy0wZnpzTHZxbFN1X0RQTmlUZFYyOUh0X1dDNWdIdk9WRGxGNWV4TzBKQ2swOW51SV95VjNXTnc4UVVfcHdoMjF2bFV2aC1SaDlMUFBYUFlKay1meHl3NFlYMWs3dnllZnpjRDNRQXR1dnFFQXRKRUdBZEpHZjVBSHVlR09hdXpFeDlmbERPamZsSG5qY1NMQ25DWmgyZzNDNTNB?oc=5
2026-03-06	Google	0.2	Champions League: UEFA sanctions Real Madrid for racism - Yahoo Sports Canada		https://news.google.com/rss/articles/CBMijAFBVV95cUxNVDlFRFVLWmdxejExQXhsMGN3akpaamxGQ19qV2ZHNFNMNkdlLUFRano3VmY1cXJnNzdjRE1TNkdnUXJ0M3BHeHl2WUs5dTlpQVA1TDdCWFptT2RnMWVJM3VBNHEyN09uWkVLU1JfdFUyMXpVYUlzeXhCNXhIMWQyeEk5V2g0UFJTMlA5YQ?oc=5
2026-03-06	Google	0.2	UEFA sanctions Real Madrid for racist gestures during the Champions League clash against Benfica - bolavip.com		https://news.google.com/rss/articles/CBMitwFBVV95cUxPazA2QnE0SkxXZ3BrVmo3U3ZlRG00UHc3SDU3NFVkcGVWR25SRW5QZnVxZWpLc05rMWtUbVJ3ZXg2T0VKWnZNUklGZmVIOVBCSWlUUkItRUlBdHdUdUYyQU1JbHJodlhPVTJMVWlpeFNnNkRNVFBkUENadk1wcEcwOXIwWEhRYUJyNEFoY184WU1SM25VYTZJaVk1NnUwQjNTTm5ERmM4cWZRUjNjaGlmZngyZURyZTTSAbwBQVVfeXFMTmNRUlJBbzBWdW5RWDY0SXZaeUNPMmZVM29DaVljT3hFWHFEWHM0Ymx3QU5qa1Q2cDNGSHd0ektNd0FVTC1BT2JqcFNLSHZzN2ZpdEVvVDNHQ21ZR0wzbUNKemJ5T2FiUHo1bzVGS0gwN3hYaUtpUFZxWTFzRDl0TU92QlFHc0hBQTNMYW5jWUNvbnAzbGp2eE9xN05zZk1sRkVvcmJDSkQ5YW50OUJfakEwQXl2SENxQ2Z5eEw?oc=5
2026-03-06	Google	0.2	UK Legal Services Board sanctions Solicitors Regulation Authority over handling of SSB Law matter - Canadian Lawyer Mag		https://news.google.com/rss/articles/CBMi4AFBVV95cUxNVDhrWnhPSDNBLUMzWWlYd2VmMjBOOHBUb0xndnBpaHBVMU1uLVd1bzJHSUowdVhiOEtzS0o4UmxmWnhsZHBSRC1VMk51bUlIaXN2MWVPaXdldWhVZ3ZBeEdKS1B6cFRJYUJycjFOUmw2RmJsNktGOW1IbF9xUFgtc1ZwLXotcGRzV25icDVpUkNvNTd6OHVqY3p2R3B2VFNoSkZ3dmktR2RmRzZReDZsZXZaV3V3RF9NUUpMNjVqODVvR1FxZUNuYVNxWDJ5RTB2cHVidXJ5LUxUbUxUR3V0Vw?oc=5
2026-03-06	Google	0.167	US Could Lift Sanctions on More Russian Oil, Says Bessent - Global Banking & Finance Review®		https://news.google.com/rss/articles/CBMihAFBVV95cUxNSVdabDJtWE1hMXZfaXhCV21lSl9SemQyY0RGRTVZbmFiYlNZY3k2aFQxRENkVVlJWWNMeXlOSGNHTTZIX2VLc1ZIVExPMGhfb1NlSEQtZU56aEV1bjhEckdYUmVxMGNLZWdjYmpWcFZDRDFVNDZfdTZWOEkzOEFiRDlUMTM?oc=5
2026-03-06	Google	0.136	Cafe Palestina presents Live Online Teach-In on Boycott, Divestment, Sanctions - The Berkshire Edge		https://news.google.com/rss/articles/CBMisgFBVV95cUxNMmJWeElfZmpvdDBUcG5GN0JTdU1HSUFFQWFWVF9rc2FhSjF0aFZKWF81RjJicDNpYUhUNUJlS3BTWV9HcE1ES2NrWEp3R3AxdG9KU1ZQeVRZZlFNWjBfdzhJYWVJVGJzWGFveEhzMWh2V2JSckZseHZDNUlWQXV2WTVFaFl2aE0tR0hhOFlMX2dmQVNTNmlzcG1yamRTcDBScHhmWE9SaFBxRlJwSXVocXh3?oc=5
2026-03-06	Google	0.136	New Hampshire's child advocate nominee withdraws nomination - Valley News		https://news.google.com/rss/articles/CBMickFVX3lxTE91LVRiNW52TzNlZEt1X2hWbVdOU3BxYy1oQi1vdENnYXhYYzF5QmVuTTdhM1pfRGJmbXJqdUN6TUlVOGEtZ3ZBQjlBZnZKUjdDVkhEWlVqOE91NktpV3o2MGROVzVRMEp1YjZLTUxOSk51QQ?oc=5
2026-03-06	Google	0.136	WWE Plaintiffs Seek Sanctions Over Deleted Messages | Pollock & Thurston (Live at 8:30 p.m. ET) - POST Wrestling		https://news.google.com/rss/articles/CBMiyAFBVV95cUxPdHNaUk9EVndGdEp2TFN5NWtId2owYktPZVYtRGRKOHpSdFpTcTMwTGpkNGZEMlhYNElYdUNtUy1tTTZtcTI4c0xEalZVemhLaFRFN0Vzb3dNVFNFTUJPSi1hc01ZRnpXckRWOFNGRUJhMmxkOTQ0SVFibG5Cbm5hZDVXdVpXODdYX241NHF1WDRjd2U2U0lsaGVTOUJ1QnRZN2RiLWhpcThLLWhkQUcxekJzRVVEd1dHMkFtelZFeGFXdDR3QWNsRw?oc=5
2026-03-06	Google	0.05	UEFA sanctions Real Madrid with partial closure of Bernabeu for racism - MARCA		https://news.google.com/rss/articles/CBMijwFBVV95cUxNVVlCU1NLU2FjVXpLQjdTaVptNmRBSmRzM1VCeF9CbllwQWFVLVh2WXdLU1VoU1QtNWU4MlVFSkRJV0ZCZVpxek1sMEF5ZnVuYlFhbXNBWEVocEJEMGNKdEw5VXpTT01MTXRuNXdjN3VrdVJKdjU0Y1g0Ym94Mm85Q2hhQUtPaHBqOGlVeU5IMNIBjwFBVV95cUxNZmZ0anRJS1NyeUVyaXdrenJNSGFWcTk5SzhpeUxUSVBUZEdqZ3d2Ml9KczJmOG1DcHZocEZab3JrQW9oMjZyWW5Mc0V3bWNZSUg3T19iQXBNYkZoTkFPSzM4LXVKNUQwTURsQlpJam1GN19FaHdHbm92MGJRYlFhekhXZkU5d0ZvQWctbWd0RQ?oc=5
2026-03-06	Google	0.0	Are You Screening for Sanctions Compliance? 4 Steps Businesses and Schools Can Take to Reduce an Often-Overlooked Risk - JD Supra		https://news.google.com/rss/articles/CBMif0FVX3lxTE1paEdtcGhyeV9hc3VzeTByWFVVSUkzalItUVhMLW5LeFYtZEc1dnphbnVDZ0U3alc1Nk1yM0dZVWZrVFFLTmh1MFk5VW5UaUlyWW1URnN3OVRrR3JEMWJCdkVGWHJra1hBT2EzUFRwSnZUOWJQY2lKWEFlZlFEdnM?oc=5
2026-03-06	Google	0.0	BIC: Yury Chyzh dodged sanctions via ties to former president of Cyprus - Белсат		https://news.google.com/rss/articles/CBMiogFBVV95cUxNMndHaG5jWElISDRORVZ1R0tadHZBVnVHOGFfWEJXUFRBQnJjYW5pWFF2QmExSTdwRFhWWnRCVDYxVy1TTWVHT0g2eUx5OHltWXZlYnJhUGhyZjBrUHBlOGpucVRoUlkwbTZOaDdCaklhbmlZa2UzdTZYanpTWHZHaUVmV0R0QmF6WVRwY2hBMjdjXy00UDBjcGhzbG5oRzVjVUE?oc=5
2026-03-06	Google	0.0	Bialiatski calls on EU and UK to maintain sanctions on Belarus - Белсат		https://news.google.com/rss/articles/CBMilwFBVV95cUxPZTRhQUFQN1dwRHlrbmVrdjV6WDhRdVNYbGpScE5PYUVhdnFhRzNLejBQYmt3M3pNa2c0aTBrVzZydHJXZWYtallxUlY3cXVyMUxTTW9Bc2doalBHR05aQjVTZ3ZZeFRsX19GaGJGb0w2UXJ2MTJCeXJOZTZnT1lxdG9VdGpPLU1kSXBCVnBuai1sWGFqWE00?oc=5
2026-03-06	Google	0.0	Binance Denies $1.7 Billion in Iran Sanctions Violations Amid US Senate Probe - Decrypt		https://news.google.com/rss/articles/CBMilgFBVV95cUxOU0xQR0V4LV9OZWdhU2pEM2Q2akJxQUpiRjlCbFlzLUJkRHRwNmtLWjFGNzNsV3htNzRmVkQwT0Nfa2loalFfQW9mU3RPRklBdEQyaGZ2RGtuSUZhSVBScmNtWG5jdVpSdTd4aDJmSzVROW9rVDFSeGVOZ1lOOXFHTDZEVGd4U1U2Q19PZWhhdF9YMmV6cUHSAZ4BQVVfeXFMTVZwV1o1Vm9yMVRhUC03cnpwSnQtYVpIVTg3S0lOMWRXV2hqVDBBR0FhaGNjVzRaUndTc2ZHOTc3bFlOeWVTY3Zid2JUWDVyYndjZ3JyUWxnR3o1Z0p1bWFRUGlkbjNlS3ZNZTdHUWNLWUg3SXBYenRIeUN4S2J1RERGeklNNGlQanhNWGlGUjVmXzlROThPV1pOOUhpZFE?oc=5
2026-03-06	Google	0.0	Binance Denies $1.7 Billion in Iran Sanctions Violations Amid US Senate Probe - Yahoo Finance		https://news.google.com/rss/articles/CBMifEFVX3lxTE5CN2NXRGM2YkhaZkZicmVnZEF2REtqM1k0NTRmX2xISXNoOFAwX3Y1bjVRSmc2V2Z6ODFfNHdFQlQ3Vi1hX1Ridlp2XzROX0V1MGg1NjJ3X1BXTmdvbS0xUExGRXU4NEMtTFhnWFExb01scnlNWW8tMFc1bmw?oc=5
2026-03-06	Google	0.0	Digital Euro Is for Sanctions Evasion - Cato Institute		https://news.google.com/rss/articles/CBMiZ0FVX3lxTE0xSTE5SndCN3BEVkxZaUtwQmJOS0M2OHdsNERrTmVSendqZ1dsWE1XTmxGTnZoYzBNZ1pxbTVPcV8yWXhHQXd0dGdUcmpMSzh3a0huLVVCYVJRSmZMVzZGNEhMY0FSMHc?oc=5
2026-03-06	Google	0.0	Estonian Court Jails Russian Entrepreneur Over EU Sanctions, Military-Linked Goods Cited - UNITED24 Media		https://news.google.com/rss/articles/CBMiywFBVV95cUxPSWw1eUFYN3V6NWRaSkhXeXNBUXRDU2hIR2Z2UGNzM01sSjVfa2w5bVdUWkNnVXFYNEVmYTA0OXJzUlZPLVhRX1EtMnlEWmNPVEJaZ19vZmtYUFMwTUlUVFdXS1EwNzZBVVE3OTk0SjhNdTNqUXRwWndvRUwzWndRcUxKelJQNUN5b2Q0b3VwOUpRZXBHY2ZRWlVmYlZnX1l2NGViRk1ac0xqSzBES0dWLUNvVnBwTFV3bmYxUXZaRUtFNjV5bjV4aHlfZw?oc=5
2026-03-06	Google	0.0	Globe Trekkers removed from US sanctions list - Investing.com Nigeria		https://news.google.com/rss/articles/CBMiowFBVV95cUxNc0xXeDRGSHk1TjU5SU0zbVpxS2dyblFCeURXNHpPaWh4YXI2T1pEc1ZWT2t4X2UxenplOEtwT3JsanVZcjdUcjdCTU1jRlktNlNwMDRMYnNkb1FjRVI3UnZiSzExbjB4VXZ5blBUOFNlZ0lhVHlDMHhsNmJWY2ZtMDU2UkJ4R1BabXZEc0syMzN3M091cHlnSFI1dVAzdlJBX3NV?oc=5
2026-03-06	Google	0.0	Hungary and Slovakia demand removal of seven Russians from EU sanctions list - Українська правда		https://news.google.com/rss/articles/CBMiZEFVX3lxTE45eEt0bXhvd1ZMYUxacWc1SllZRmRLY2JHQ09tYXpuRXdxejhaTk9mWkdMd1FXbFpBVEdsWXYwRDFKLUpRTE9uVFFtUG9ucDVlVFpEZmtXQVd0OVFQdi1PQlB0MEjSAXBBVV95cUxPZVlxTzYxVGI3V20zbG9JeldUSVVsTDFYQXdpZDZKdjdaclhrc0hVMldBeWFjZ1FZU3RXcXZrMEMzUzk5TkRLbTZCS2pVUmFvNVFnWXh4SUJDRGRCMkYtTFhuS2I3bjYyVkFLcmlEaThO?oc=5
2026-03-06	Google	0.0	KFTC Sanctions Starch Sugar Firms for 7.5-Year Price-Fixing - 조선일보		https://news.google.com/rss/articles/CBMijgFBVV95cUxNeDByOTRWT0UtSjFxcWZneFp4LV92Z1ZvaDVKaHRKLTdhNzVqNW10Zk1tUW1XUXBnRmlQdjlNWHNTTmxxTW1SQm5RcExWQ2liM0pjWi1MY0NwaTFiVVpWV0kzelZDLU5DeTZZRU9xRkRRYXloanNxTGJxa1I3ckJVZmJaa2VTcFlvQ3JUcFVB?oc=5
2026-03-06	Google	0.0	Lithuania warns Russia could attack NATO within six years if sanctions are lifted - Euromaidan Press		https://news.google.com/rss/articles/CBMiqAFBVV95cUxNQ213LUhueFFCR0V6V1RPRzZJOGZRUkRTZUlHelFnby1RT0otLXo2cXFMcWJTdVgwOHRkRzc1ZGZpRTVDX1gzYnRMdzNfdTZIaHJrZTUzOHBIQzdXRWlWbnlrTXNsTlVuLUNuT1JORmZjM2VzNmJSeVh6QV9reHptWGNuNGNvTFhsMnNDSkV1UmNHSWlYSDNYQ0JyeTFCWUpQWVdKYUdDUXg?oc=5
2026-03-06	Google	0.0	Lithuanian Intelligence Assesses Consequences Of Easing Sanctions Against Lukashenka - REFORM.news (ранее REFORM.by)		https://news.google.com/rss/articles/CBMirAFBVV95cUxPWUNXYmJvN3VmYVpsNlFEZ19WOXRIeEFxdlByN0phZExhcG5wOXFlNHRrQmp1MjJmOUwwaWwtdi1LUG5LWnE1SnhpWTg5Q0F1YVdrcjVDTmRwWVBZM0tzdzVDTkctNlRoTHBjY0RHNGxSNGg2OWRGRWV4Yi16em1lYkptN285bXF6TmVfZFRaejRVdjAzYWpHd1FmX0VxeEhFaG9uNEV5cEtFSzJO0gGwAUFVX3lxTFBtMVp1d2hTWHk4a0xkY3Z0UXk5OEVGeFRvV1owbTZNdWhoX0hvMG5jTk1UemZqMGNSLWt3czdIMEtMV3QzLVQxMGl3a2x6dHJ0UUxfZVVIYTJ0emFsTEx0eUhyNUdaSENmWHFwZjE1V0lSWmNvOXVrVXZMVldGN0hZV1N4aVJNZDQ4MHRNb1paVEx5M2luT2I3d3o1S2puSjVwdW1ibFg4T3NoM2wxRmpw?oc=5
2026-03-06	Google	0.0	President Putin gets sanctions lifted. - Daily Kos		https://news.google.com/rss/articles/CBMijwFBVV95cUxPeGhnVTZkZmNkUk43UXJNRHlSTlpJSzc3SUEtNHFERjBQdjZaaFZtWVV5X2JsaVNsWmJ2bHR0d0o5Tmk1R2daTVBsUzgyUHNCT0dCZjJ0QlJGTjdJMFhfUE5NQWZvVmxZT3RLSjhLY3JiMGtJRFRXdVJPMjNjSU1leG5RNWlSMnNDSHdaTDlEYw?oc=5
2026-03-06	Google	0.0	Reprieve for India as US eases sanctions on buying Russian oil - Financial Times		https://news.google.com/rss/articles/CBMicEFVX3lxTE5iVENmREw4U3hrb2JXMElkdXJ0X3lGT3JLZnN2LXFVeThVdnJmaE9VWm9mMm9rTmhUZWVBY0tYaHY2am9WR0hrSEMwbzBhZFZROGlWdG5vVmZ3NzRud1RHT2dPX201bjM1VHJwd0NuZXc?oc=5
2026-03-06	Google	0.0	Sanctions Evasion Through Crypto Surged Sevenfold in 2025, Chainalysis Report Shows - blockhead.co		https://news.google.com/rss/articles/CBMiuwFBVV95cUxNc1JWWjhZeDRYcWRlNERMd0dYSnJCY0Rwb2ZtaEgwSFA0ak5tYjE0LUk5NmlrbW52WkRhNjZRTU9GR2hBMElfM1dCRGJoemd3VS1URGJNODFwajRfalRPN2lDRG1GdVBpcjA4VGtGRE80bW4wbDhXNm95ME9PNV9wZ19taV9sc3RnaXhlVmdiNW9oUW14aVRKdHJDUF9QcVhwYTFfenhNc0o3X1MxczdQa09HYVFuQlRIRFNj?oc=5
2026-03-06	Google	0.0	Slovakia Negotiates Gas Increase With Russia’s Gazprom Despite EU Sanctions - UNITED24 Media		https://news.google.com/rss/articles/CBMiugFBVV95cUxPMEhXYVd2VUpISzhQbnAzdmZvbWtnSFVTTWdzWUxSN0Q0NjJUR19HY1ZXcnl1Z0pSSDlmMktSRmJNQ3JPaVczazlmblNValR5RlFmdGs1OU94VDdLTjhzXzJwUS1fRmlQdEpSSGhhLWJscmJIRk1UMXNiUGttZXU4czFua1VwSDV0Y1M5T1ZIWGh2UEVEdk5FTzlyLUg5UjU3anFRSElDdGZpTXNkdkpOelE1OWtlc3VKTlE?oc=5
2026-03-06	Google	0.0	Stablecoins: Banks’ enemy, AI’s ally, Russia’s sanctions bypasser - CoinGeek		https://news.google.com/rss/articles/CBMihgFBVV95cUxQQmxneUhhN2JUYXNfUTRqdFpMZ1MtR1BNSmttbFFObDkwSkx6MGNmeDExNER5YmxJYUxJczMyVlBOeW40ckpOdC1DLTNfbzVxNi1MMzZRM2dHd2dSZWZHal8xVWJKMkhVcHcxem1HaVFaRmJGZEprM1FXdy03eW84RVJ2bmZBdw?oc=5
2026-03-06	Google	-0.0	The Daily: Sen. Warren slams SEC over Justin Sun case amid Trump's crypto ties, Binance rejects 'demonstrably false' Iran sanctions probe, and more - The Block		https://news.google.com/rss/articles/CBMihwJBVV95cUxOMmdub2ZDQjk5WUFrd1B5WUJjeWVhcjMwNXNvYWd3cklNOTlnaTFuV0J4VGxDeFpfVHRjcjNjWkloS1d6bElrbEd0Z1JPVGVCaEJQNE1ha1NZT21kcFotQ0I1ZHFCSEZrT3VNd0tpUTRuUkI1LUNZeDVaWmQ5U1FRUVlHdnZWUkI2Ulh0TmhWRmNJd1F5STJJcGh6QXktejM0RFR6bkhNYmZXVll0eFVBTnFBWHpOWHRFb3RsNTBoa2tvRUJzaTlsbmhDTEFnY2V4elF3YklqQ1ZOWWJkM19tQlR3Z296SHJWRFlld3VzNWh0dFRJNmxzN3RfZ0VGc0xOVXBHc0tlYw?oc=5
2026-03-06	Google	0.0	The Prohibitions on Private Inurement & Benefit by Tax-Exempt Organizations and Intermediate Sanctions - Every CRS Report		https://news.google.com/rss/articles/CBMiX0FVX3lxTFBvS0ttalZKMVNaTnlMR3FNbTRobWRXWTB6TTZuamFyVUt4U0R3YWZTSkVJdXFuYXkyX3JCX21rQmJBY2NHVGM5aERldWx4dkdzQno5OC1PWXdNY2RzVWN3?oc=5
2026-03-06	Google	0.0	Trump Administration to Allow Some Venezuela Gold Sales - Bloomberg.com		https://news.google.com/rss/articles/CBMiqgFBVV95cUxPQzdFX1paVXRsLTc3T2JkZlo5cHVscGR1Yy1MU20tQTNCRGxhVUJ1dkp6dld3YThnV2hkVngzSUEtUl9aZWFNTF9wbEV1WnJmamdYVmZCU2xNQ2M3bG1TZ2VEWldfcm5BX19weEVhVEx1MkNKQk1ldHJ4ZWd4aVVRR2k5bDZib052eS1HU2pseUdOakV0VlFoaGtrNkFKX1hLTFRkckFBZzBPZw?oc=5
2026-03-06	Google	0.0	U.S. Signals Possible Additional Easing of Sanctions on Russian Oil - TipRanks		https://news.google.com/rss/articles/CBMirAFBVV95cUxPS3kwVzNubFFpamxMd1NGeEg2bENsR2NsalViTVNpazJNanM2bmp0QXFmMGxvWnlOM0RJSGd1Ulk0ZXFybkdkanVVR0MtQ1otckpjYXVwSkZzRk1iMHhhdERUdnpPYU15cXZKb0RubEZ2RW5zYktpcGJkRjltUl9wVzVsbzIyc1VoNUVETGdOR1J2dFlwYnpZRkRmdFFHVUNoaklma0wxa1pHcGh4?oc=5
2026-03-06	Google	0.0	US Grants India 30-Day Sanctions Waiver for Russian Oil Amid Hormuz Crisis - UNITED24 Media		https://news.google.com/rss/articles/CBMiugFBVV95cUxQVG10ZnVtNEdRQXFXVnltSWFhVDBFY1Jhem9FRWNDamZwaTVNU0tVZ0k3dzAyYmttT2lrbVFDQjNna05zM1FVVHp4MlBqWHU3b2lRcEhlVGNyQUhzZHdiRklxNnlFR0ZUbjJDNC1fTHp0cHYtTXlYazd4U3J6aDB4NUlfdEVLbVZyN3h6TzBhbk0yZDR1bFhlVlJZRWJTTzBxMFE3ODhtc1EyaHNyeGt5U1NybmFpbUkyVnc?oc=5
2026-03-06	Google	0.0	US allows India to buy Russian oil during US-Israel war with Iran - BBC		https://news.google.com/rss/articles/CBMiWkFVX3lxTFBRZGd0Yk5Hcmp3anFKM0duYzV1SGIzYUlXWEZXNmZHdHRqaTYteGkweU8wY2NIY2hEZkEyVVdlUUVsMXpwSUxtNHh5RF9IT0xFOVVkOXdMWFlKUQ?oc=5
2026-03-06	Google	0.0	US grants indefinite sanctions waiver for Rosneft Germany - Quantum Commodity Intelligence		https://news.google.com/rss/articles/CBMiogFBVV95cUxOb2RBX3JNREllWVlRa1lBelgxd25TTjFISFR1bDJ0NVMweG5kSEZEQVVOU2JwTTd5OEdHWS1WaDFLdm1Xc1dhSjdKM1BCRmRiLVRObjFSb2NqVVFwaDBlQ0xveGpuQVBIdzEzN183NFBnSzEyZXZVR2xBT1RuZE8zb0M1RERxeGV6SWZWMndSd2ZfaDVCbVRSQlV0NGRUSzY3bFE?oc=5
2026-03-06	Google	0.0	US may lift sanctions on Russian oil to stabilize market – Bessent - Українські Національні Новини (УНН)		https://news.google.com/rss/articles/CBMikAFBVV95cUxORzc4R3BuaFVTT2ZyUXhUYXJrU01aYS13SnktX1ZpbGs4Z20tejRyM2xSNnU5WHBuQW9NSU1ZUGVyNlQyanBBRjlRTFNQN0RlLTZNSWVfeVh1UDJEY1dZRkRSaVhLMlJrRXhQaVNOYjF5cjBYMHhyWUFVX0hjdzlrZ3ktXzlncnV0V0EyenFUaGLSAY8BQVVfeXFMUGxndlU3SHVvOEhlaG5DcUdPWjlJYTg1Q25PQzdqY3o2YjRGdXpGUHZ2QmtfWU5jYUdacGVvb3BPdDZ6dzk0SHZWc2hCY1hlVG5SSE5uNUpHVFZXd0xFQk5iZDRZQ0FrM3NIYW1XUmJZV0pwV08xY2hUMjJ2R2lPcUhIcERobFIwdzJXMWtEUDg?oc=5
2026-03-06	Google	0.0	US relaxes Russia oil sanctions for India amid Gulf tensions - safety4sea		https://news.google.com/rss/articles/CBMijAFBVV95cUxPOG5jYUppVHRxOWVodFFkcEN6SHRBVDZ0Z2x0Q1V4MjZDRXhkV2JrSVg0ZTNwcEdNQ3hzMk5sVUxiemZvV3hnXzJUN3lLU0JPRXBnbF9tdnhSMnFpV2ZXUDhiYWZPSGl3bFB5Sl85V3JLTlk4M2NrejZrUnNUYzdBSW92X2cyMTZQSEx1YQ?oc=5
2026-03-06	Google	0.0	‘Unholy alliance’: Republicans are suddenly nervous about Russia’s support for Iran - MS NOW		https://news.google.com/rss/articles/CBMickFVX3lxTE16TEtscE5XNDAybGhjcVRmMGtqcUNMUG82TzZmZmVLUzBNMWtHX3ZkdERaS0dvZVUwZTZybFZTbkFEQmZHSXNnbHhOYjhqSmVpMm1lbkdIc2Q2R2I2ZGFEd0IzMVBCVUtnc2pyVTRoUGJHUQ?oc=5
2026-03-06	Google	-0.042	Episode 14: Russian Oligarch Sanctions: Frozen Assets, Due Process and What Happens Next - Royal United Services Institute		https://news.google.com/rss/articles/CBMi3gFBVV95cUxNRGc1YklibmpXRkNLYXJXUnhpb3JTcThqbU9rNzNkVFphZkpBenZERG41RXduUGNjc0VnZTkxanVXUG9BZGZCZXFjWHh0RjE2MzI0RkMtTENxcEZGMnlJMTBlOTZoU0FnNkpqOTlPYjNsOExoV3pERVRZci1mdm91UVY5VlhaanZ3ZHgxa0QwclZwT3czOWx3SldIc0d1aFpOaWNNTUNOcTk3UVBQUENqd1k3OGlnVDFKd3lHR2Z3LXc2U1JkSTBicEo3cy1MNG03cXhpSGhlZmc4MHJRa0E?oc=5
2026-03-06	Google	-0.072	White House loosens Russian oil sanctions as a way to tame rising oil prices - E&E News by POLITICO		https://news.google.com/rss/articles/CBMirgFBVV95cUxOcWlMbnZvc21RT1VJTExMcFNSa3N0QWxqSUtwWjB5TV9POEJ6dGdacWlNYTI5bHFZbTlJeFVncTZHYXZJQ29GSHNNdnhjbnJ4T0h0akpZQWgxaFNfWTAtLUJUXzE0Si12TEYybnl1ZzFUd0JQeUpzTTFobm95eDBTdGExZnZCdjNsbF9PaHVYWXA0UF9LcWFIU2dwWWRJRDVxVkJ5MUNsQ0t1d1duQ2c?oc=5
2026-03-06	Google	-0.078	After US sanctions on its army, will Rwanda back down in Congo’s war? - The Africa Report		https://news.google.com/rss/articles/CBMiqgFBVV95cUxNSzJmbVFMbEhwQjFtdGRuYUlfaHZ3WF9YLXN4ZGJYZDZjSlBqRHprRnYzOUR1UEhiMHJMX1FRRlI5MmJrYW1GVFFxMTRvb2xOX2RDRldXVVYxMXVNWEl4X2p6TUVjR29aRDdBOXdpRW5yWTFHc25ZLVo2RUd2ZU5yU2Vwc202OVBJWVZBdmc2akJFRlhpTXh0NF80MTkxVFlOZGJHWXdzZ2ZTZw?oc=5
2026-03-06	Google	-0.1	Bank Beats Sanctions Bid In Jail Debit Card Fees Suit - Law360		https://news.google.com/rss/articles/CBMimAFBVV95cUxPNTZBekQtRWMyOVFYRkVQdTBNMTVBeHdqdm5WSU9jRDJkYVl5SVVlS2xhSXpLU0ExblFSNU5VLXJCUFhnSm5kZnJlOU4ybUVjSm4yX090Sk9qRUpobFFtS3cwd05tVkN0ZDhCMFMxWXl6VkY5SlgtZnJYaTZObTkzT0hDMERGaThrVjJ3U0Y0T2lNWXptcGJhQtIBVkFVX3lxTE9nT1dsR1pwRExlNTlld3VlTWlHOTNrVW45ZEIyeVJOVjlHakk1SkZGMFN0LUtGR1dLZTM2RWxQSHFZb0M5SXp0WFQxcVptTm16RHNOaEZB?oc=5
2026-03-06	Google	-0.1	The US imposes visa restrictions on Rwandan officials after sanctions targeting the military - ABC News		https://news.google.com/rss/articles/CBMitwFBVV95cUxPMTZ0d3hOTWgyNGtjMFVFMFhFNFRYdkdFcFJEcXkwaE45WXphSTJzcFZIdElCSS13TzVwazhrQUx5bkdoSG42elVMWTVMNmNNYUw3TWhFbkh2QVFxN29OeHB4am8zS1pHRllQUml5Umc1NFkzMVFwcDRnVUpiUUk2R2J3eXdJS1VoQWNHTEFFa0RMRDJlT2tOUTJNX3lVd09XWk1NN2ZEbmdHdzFXUFM1aktLRWZ3bVXSAbwBQVVfeXFMTTNXQTE4S3ZJQW9yc3FmVjh4SW5KaGY4Tk9QTVZPbGt6SW85UEs1TzgyMUZkcTVpN05jVEc0MW80c3dPY0x4RjZ1MGVuS0VGSzdUbFZFOVVKQm1lNVVhSjUydE8tLUsyNFl4NGVUclpLU1BSMkhkRGdoNGtuODlXdVVpTXppYW5NZUFJd1ZaQlc2dXpjMGZOUHNNejhTbXVLb0FtYlFGMlBPRVBlZVJPelV5SkNtcDNsaktLX0k?oc=5
2026-03-06	Google	-0.1	US Lifts Sanctions on UAE-Based Globe Trekkers Logistics Firm - Global Banking & Finance Review®		https://news.google.com/rss/articles/CBMioAFBVV95cUxQRWNBZGdvdEF0ZHR0YzRrRWZTM2hPNnBiUlZ4cHZuY2FzNFZ3bTA2eHpiRlZRNGw5MHUxbEdodzN5R3VLc0x3RmkxRFRMQzM1WjhXUzhVbkFHbXZ4a09ZWlFCVl9UcnRXSmV5Y2x3Z3MtdnhTcHFPZXhZMFZzeGZBc1BCN3VpNE5MTUJFQ2xsM2RRc1VwVklQR2l1ZmZqWnNS?oc=5
2026-03-06	Google	-0.125	Ukrainian foreign minister does not rule out sanctions and other restrictive measures against Hungary - Українська правда		https://news.google.com/rss/articles/CBMiZEFVX3lxTFBLTkRRTV9KeEZEc0RjcjhfM0VodzZETE5zUE1jM0ctOVRMLUNsZjl3WEhkbGlXY3NSR3FyME1WaDlQR3I3ZkhtV2hxV3BKRXJrR2FDNU5vcHpNajdvVHY0OWpGZU7SAXBBVV95cUxNaS1tcUhqLTZwdVE2ejZINWJDMndLVEZscEtlcDdOaGdmQzVyY1ViN1E5Y3ZGdVlubUFBQk0wOVdZVzBCTGRPRTdTb0VwWXhwNy1MRGVudXZkUE9LMVdZMjg5YUs0YnNWcEhna2U2ZC1E?oc=5
2026-03-06	Google	-0.156	Why Elevance Health (ELV) Is Down 11.3% After Medicare Advantage Sanctions Threat And Community Push - Yahoo Finance		https://news.google.com/rss/articles/CBMif0FVX3lxTE1IclhZaXdMWVJWOHk0bW5raXZ6WFV3NEdCNGFfclNUVG1KdkNrXzRzQW02cFNTUVA4UmdnSDZaWmpqQXlfUUNBYTIxaDh4b0plVDQ1Sm9YYkN1MjIzdkNSc05oSFdtRGE5Tk5CZmJvRURvYzJQT3BwcWVfSkxEREU?oc=5
2026-03-06	Google	-0.2	US Lifts Sanctions on UAE-Based Logistics Firm Globe Trekkers - U.S. News & World Report		https://news.google.com/rss/articles/CBMitgFBVV95cUxPSnJISEJtRjFhM3dsMUtZX1BEQXhKeEphOHpDSGpXczZpUW5KcnNWOFo5WHlmd2FmVjRsVzIzX2Qya3hVVWNzX3MzNmp0RE1reDVwZlVEZ3l3LWdtSmxBM2dfMmxJcTYyX0steWI5Zm5oUTNuTEdtUTVZc3E3d2RJVTZ0VkFGWnV4Uk5qeDk1UTRfT0g1c0J1R2xObHNPRTlDalFsQ053QXp3cFh6NjFhWTd1cUd2dw?oc=5
2026-03-06	Google	-0.2	US lifts sanctions on UAE-based logistics firm Globe Trekkers - AL-Monitor		https://news.google.com/rss/articles/CBMipgFBVV95cUxPM1lLbmE4bnZ1bWxuYmxEakNjb3M2T0lFZFVxUE1uSmxhR1JLVWZjUV9YaFRyRGswUXJfWUpPSHY2c1NPU0dBYmdQRUV1NmtSWDJRS2lDQ0NUdlZ5Y1A5dXFOUUNueTJ5TnNMZW5ZcTE4QU1oeFBQOTR1M184blREQzV3QTdrOEZaRjcxVHQzaklrdnNNVENpdDF5b0dYb2FGMC1kUGtR?oc=5
2026-03-06	Google	-0.4	Binance says Blumenthal Iran sanctions probe relies on ‘demonstrably false’ reporting - The Block		https://news.google.com/rss/articles/CBMingFBVV95cUxPV2hzdkhhRkNFWml3MnBlSHFQOXEyWHRTZUZzTm95T1RrMTVrRWNxUzg1WFE3YmxQenpLZDNvVzFtLUJaUEtoTld0RWFQQ3E5SHFNanpvS1F0RWNHMERyOWZEcTNhc2RXWjVyYk1MdEpmZmdaRktvUW5BUzEtYTREOUNKajZ4NG11eDZPeUVQeTB0OFRLTEtPTmZScjhfUQ?oc=5
2026-03-06	Google	-0.4	Frankie Dettori Today, March 06: Bankruptcy Extended, Criminal Sanctions Threat - Meyka		https://news.google.com/rss/articles/CBMiqAFBVV95cUxNY2oxWG12Ym9lWFViSm9tVWxkZlFhS3hzWFZLS2ozQWdvb0tMZGpmZmpoODBtdTBPTm1seEJPMElLZzRKeHRKR0swSndZOWtxRndXaXVZV29JTjJXenNldUxvaDVkNG5ZZ01tZFI3VGR6UUlvNHJENm1IUmMwYjJLRFE2ek9VZ1lqNDZxc0ptUk9aZUhQU2lpU2psdzJjTVZCQ3JqRUcwTGU?oc=5
2026-03-06	Google	-0.425	Malaysia FA disappointed with CAS ruling to partially uphold player sanctions - Reuters		https://news.google.com/rss/articles/CBMiwgFBVV95cUxPMlR1Mmp4UVg1RUx4MkhINTFjMU5CdnE1S3JnV0treXdnM3ZUNVFXY0lYUGg0cHZyaEZhWXFBa3dOdHpTREJaVlZybjJWeUlLZUpaY0x0UzN5UWM3RHcySE9CR2xreUhERTlhby1FTXBpZWNsRHZ5R2tDUmJ3TnN5V1NNbGw5alFYZU1MMHgzdDNQUUlTS2tkRGpJdWhXSVBSRWVZaWwxMWp1YjdNSTNOMWdfem9QS3lvUXowLWQ3MWN1dw?oc=5
2026-03-06	Google	-0.425	Malaysian FA disappointed with CAS ruling to partially uphold player sanctions - South China Morning Post		https://news.google.com/rss/articles/CBMivwFBVV95cUxPbjV0NFZaRGFFOXMtd3BySTMtZF8xdjdPWWEtaVVOdjZkQThfdmhiYVg2ZjM3Q3NtSkhpdFRLX05BLVpTMkNXbHZ0UFUxY2ZxNGpVNmFkdXV0bjA1ZTg1Z1VYaWZPRjA2Nk1UNFI1dEptdm9RbmFOSklaNWJYNjJZSEVBZHR6UHdwa3JnaUJOLWFKWTNDVkNTR2ZmWWh5czk1WE9yZnlvYkdQR3o4dlE3TmowT2ZXeDNzeUktVEpKWdIBvwFBVV95cUxOSDJhMHgwVndEbHNxRjdFdWRSRlloYWxBWUdoMjJpZmpZQzJ2SS1EQ3h4dnI5VnBtNkNQeC1QXy1qbG5Ja0dRemN5YUk3Qk1lQnU1NUJJU05ZOWs2VUhkNnhkUjhyRHFma1pfZEVRMUstYlBVM093bW5neVltSzYtSVVmOTJvdEdUWmRYTllGQzdRbGhoU2tiMGZGNGplLWNSM09NbS1NYXk2dFJYYnRMOXJZNlBrcFZxNEphaVplcw?oc=5
2026-03-05	Google	0.225	Despite long being treated as a pariah by the West and isolated by U.S. sanctions, Iran had maintained ties with a range of countries, including Turkey, India, Russia and China. Yet in this war, their support is mostly rhetoric. - facebook.com		https://news.google.com/rss/articles/CBMi0wFBVV95cUxPbXNOR3NDQlcwektMNXNEZ2RmWFVRV2hIOWtoMnh0Tms4dG50Z3dhdjZHZ3AwOWFuRUdFZENyYjZwUDBYVGFnLWRKSEU0ZzgxS1dGNk9hUG9VeDJId0N5dW9hNTVNYXVNNDZRQkdpcHBVVVV1VjhUZm1DRmFMZDVVdG1vRG1oTDdFNjlQNEFUSUhiajBOZGMzQnlSeWg4WXdfaDdXNjNOUko4TTNVQXRLdG9mRExZeVRJOTI0cXY3MURjbDNpNVo5a09Jeno2Q2wxUEFn?oc=5
2026-03-05	Google	0.1	CAF Sanctions Al Ahly After Fan Violence Against FAR Rabat Players - Morocco World News		https://news.google.com/rss/articles/CBMitgFBVV95cUxPMFp6ZEhUbHh5eDN3VHByRC1zTUNCR0YwREFlaFJ5RWJDZWd3NUhaNVREUVJTaWQxTjN3TVJzZktVR1VyMUF3cWl2aWxEcWNmUkt2VjRzMExVek9sLW8zdWZna1h1UHB4b0NBM21IZy1INDV1NTI1WXNyNWxRQ3pENUVIaWw5MzJCMUNCRnpuMW51c1hPaEo3c0hybVI1MkVDM2pLRDU5Zml4YnE4bEtCcHZOM2xxdw?oc=5
2026-03-05	Google	0.05	Cabinet minister calls on Trump to sanction attorney general, Supreme Court chief - ynetnews		https://news.google.com/rss/articles/CBMiWEFVX3lxTE1PbTFEZUtXRXh4bVdKZm4yVjlFaTNkWmlNaC1aUXZkcG5UUjFYcS1USkZvZ2VHbzJBVktvVEpiZGcwdTFXVmZ6X01Jc0xkUFdPNVlqc1VhUTI?oc=5
2026-03-05	Google	0.021	German lawmakers back major welfare bill with tougher sanctions - Yahoo		https://news.google.com/rss/articles/CBMijwFBVV95cUxOM1B0WWJCbDBQNklYVmY3eVV0MFE3b2c2NnZHNzBxeE9ST2pGZ1k4ejRFYzVJSm5KS3VhWGVvTVFoQmktTEhBOTZNdlBTd3BFeGVmRVZYcF82WURhQkpxX19YdU9mTWpUaG1sMl8zdkFZdTAwdWZVZUpUeVVhcUowcHNxQkJWWG1sa0ZQWTA3TQ?oc=5
2026-03-05	Google	0.0	AFRICA/DR CONGO - “US sanctions against the Rwandan army confirm its presence in eastern DRC” - Agenzia Fides		https://news.google.com/rss/articles/CBMiwwFBVV95cUxNRkNhODVBcWtld3M2NWREdFFyN3BSNU04cGszZ3FFRmxaWkZrQWVzVWdyb3BHMDRLS1NCaTl0N0lZSV9IU1FQM2taYVZVTWJDbndxRk9yNjlrdnJtSDBZaEwwTmp5OGVDZDh4OHJNeGduMmJGR0FyNU56Zy12OGQxMEhOczRLWWZYSHZIdzlCZkUtcGtqLW5QNDZyRXAwVDNONmZXVkVvQXRtdGJlQjgxNHZad291dGUwdjJVS0ZMdUZwV0k?oc=5
2026-03-05	Google	0.0	BAT Sued By Investors Over North Korean Sanctions Breach - Law360		https://news.google.com/rss/articles/CBMinAFBVV95cUxNVW5yMUhLX1Y5YmJEOEJBQy1faXBDY1d6ak9FcVdtNExNRHJOVG9YYnBWWjRNZjh5eVV1SzJBWFo2c05vT0VXME1FTGY5QXJKSzAwbTlKREZIQVdaOFEyQlozQWFsajVnM2xoT0hFNFl1QmxELXpZdG5CVEs3dUdzVURRS3drbkRoc1JwWlVDTFNYVE83LVhkLXEwbTHSAVhBVV95cUxPa2JXSHRSQUt3MTJHSDVadkItci1MY1J3UHNhSElqNjhvR05zaHNwdGlOMm5rYjM1d2dGVUFTNUVXYTNERnNkcm5rUk9IYjB1aHk0RWlNNUpP?oc=5
2026-03-05	Google	0.0	CAS reduces sanctions on Malaysia soccer players to official-match bans - Reuters		https://news.google.com/rss/articles/CBMirAFBVV95cUxPLVVuZmYzaHp0dHEzdDBFZjVUZG5BR2FZX0tqcXAwb2pCMlpPWTI2V2h0STU4a1U0RC1qbGJOUFV6M19pbjNTTnJ2TklsNkpaYnctNnNFRlpYaDZOQnozMEtYSFo5bHRUWmctUjg0a3ZmYXlDQVNnNEJKWlFMOWNQckozMzRIclZKb1dBb2psYTlpZ0ZtVzBwSTdxSy02QXlaaDhicWtoa0JpM3Zf?oc=5
2026-03-05	Google	0.0	Chile’s Supreme Court strikes out interlocking directorate sanctions - Latin Lawyer		https://news.google.com/rss/articles/CBMioAFBVV95cUxQd01FOUhmV0hKWWJTRU1jb3E3Q054ZzRnWlpKd19DeDI2ZVRzM0w3c0hzaXRLajExU3FZS01zR2ZNbFVWSXNvY3ViX0pqak1XWC1OLVhKVVdQOEs4bXptcFF2cEJSRnFoSEgxNTZoZlk4NS1UTWNlS2x3ODBlSUNEZU56VmZyZkNrZ0Ewc3ZpeWNkOG9xd0NFR2MyR2FZLUJG?oc=5
2026-03-05	Google	0.0	Crypto Sanctions: 2026 Crypto Crime Report - Chainalysis		https://news.google.com/rss/articles/CBMiZkFVX3lxTE1ybnE3U0l0ckN1RnNlcmNFOUtWY0xUQ0tRcTVfZDhDaDk4c1dJaldXZFJVOXY2SWxxNTZiRXpmTXhicEpGaHZOaVB5QjFGaFlrTkxiMkY2RUZvOV9zT2VUeDVHdE9zUQ?oc=5
2026-03-05	Google	0.0	Crypto sanctions evasion surged in 2025 as states moved $104 billion: Chainalysis - CoinDesk		https://news.google.com/rss/articles/CBMiswFBVV95cUxOV1lpczhmRFpBMDkzbTFWOHFBZWVfaWJsZ1NaQVZEbTBoZ3Z2MHF6QjJwWU9hYXZldzNCcnF1LW0yY2EtdlV6RUdTbnpBZmNwQkRSdjIwMkZjeGNYdDBUTzFuTnZIWl9iRmhuX2g4aXJlZHNDaERvdnFTRHExbkdjVDh3YTE2ZzhqUkFKa3lJQnltOUV4Q0tqT0J2dlk3aWZ2bFdQbXV6Zzl0V2V4TFFjdnZRaw?oc=5
2026-03-05	Google	0.0	Cryptohack Roundup: Ariomex Leak Flags Iran Sanction Risks - Bank Info Security		https://news.google.com/rss/articles/CBMinwFBVV95cUxPZlVEdjhvUWVNdGxmLWlaYWt4Zmx6cUl2NzNBcUduMk5lc1doSFJXVVJjQzFSZkFlc19HLUsyYmR6QzNqNUt2MkFDbjktR0dvSjVuSHhfa3hiN1pYVm5DUUpRUDQ2YUx2MHNldnphcE5qaF9VMnlENjk3ZzNDNVBadlpPRHJEbEUxeTQwMUhqaGxrcnY1SUpVdFRreFhJM1k?oc=5
2026-03-05	Google	0.0	EBRD sanctions individual for fraudulent practice - EBRD		https://news.google.com/rss/articles/CBMiqgFBVV95cUxNOFVKT2prMmtmM0pYSHNsUzNvYUg4bjV3OUNhcUN5YXBoSmdNaFZ4UGVpWHVIUF9EVllYcWNkWjUyVkNDQkk3LThxaEwtbmRnWGZwc2pIVm1yd0dWb1lOS3dsSm11dXNwRDlRWXV0ZmNzUGIxSkRKMjQ2cHE3N05nZ1FNX29Ka285M0RBTTRhS2M0YzRHczFnWjRoUTByV3NOaEExaXd3dEF6UQ?oc=5
2026-03-05	Google	0.0	EU Continues Importing Russian Fish Despite Sanctions - Seafoodnews		https://news.google.com/rss/articles/CBMimwFBVV95cUxQR2I0cnh4YmdXdC12cFdhQjg2QjBQd3lNMi1DMG1zUWg3N1o3MDE4R05jWWw3d1pHNFRyMGhTS2Q2ZHJSZGtZQnlIV2VBeFpUQXlzWk9aU3NuYTFYbHdtbld3all2TTVPTHd5VEtFNFl6X2xYNzU0SXp5Q1ZlaVJQN3VhdnFMZmFqN2JMeWphNkd2V1lWMHQwakE2TQ?oc=5
2026-03-05	Google	0.0	EU under pressure to match US sanctions on Rwanda - EUobserver		https://news.google.com/rss/articles/CBMihwFBVV95cUxQQlVEcExqUlFNeU5PalM1eVJ5TEtwaXJsZVYtbFRYb2RicFpFRFdxa3J1bjZkaldocFFjUmJOOXpQYmRyRmJyX3ljVng0N0dUSEl6MWdCZmtvZkhNZW9lYm92d1E0RXFqTERFVm9tWElzRXpGb0U3VTNLTW9hRWlIcjV5WVZZRTg?oc=5
2026-03-05	Google	0.0	Enforce sanctions to prevent Russia from benefitting in a prolonged Iran crisis - Atlantic Council		https://news.google.com/rss/articles/CBMiwAFBVV95cUxQRUVFQkRPN1RGbXd1aDhrejlVZ3U2V1FfeDZmTnRNZ0hkRTZWMmxiQUs0X05RdzJsNVNrY20xN0VOY3FjSkRhZDQyUlVXUnlJSWhKal9HdXB4RkVQTnQwVEx3VGtoblVLbjNoTWdrTjJMVHQwTGJhbVVpVDFiRHFKWlVzTzlfejk2TUlabUkxNDl3Vl9CSkE1M2ZsZWQ5Vi10YzN2LWpRM05fb2lNak5mV29kUXdaaUlhRkc3ampXM1A?oc=5
2026-03-05	Google	0.0	Exemption remains for US oil sanctions on German Rosneft subsidiary - Yahoo Finance		https://news.google.com/rss/articles/CBMihwFBVV95cUxOd0ZXcGR4MUZuS2dFSmtwbVFZX3h4aUFrZW5WSHpNSFJEVG5JT0MwSXNnUjVycThNbHhVZHdDbHZaYm8xUGFWcWZqSFlyNUN3NDNoazc0SzRLQnhzQnlSY3B6RFJDa3dXZXlOVVlncE1ZV21tMTJBLUx3Y0tISTBianE3VFJNX0E?oc=5
2026-03-05	Google	0.0	Federal Reserve Lifts 2018 Sanctions on Wells Fargo (WFC) - GuruFocus		https://news.google.com/rss/articles/CBMimgFBVV95cUxQWVctM2FxaWZPekNqRGpaWWIzalZ2WUQ1andXRngyUEhHbUtLQjFMOGtRMHAydFNnZXo1SjJRSk1FTWpFbGFWWHN3emNPMkgyWXRsOF82UWpvX2d6SUExSHJWZDZVUFR2TlV6UlRvQm5UQVYtRlYtMHhaYTFhOXNrRUZreEVXSjIzR1RxSWVCUW5jdmx3TU5mQlF3?oc=5
2026-03-05	Google	0.0	Germany secures US sanctions exemption for Rosneft refinery - Financial Times		https://news.google.com/rss/articles/CBMicEFVX3lxTE1LMUgtLXZIRl9DNXZWU1d1QnRKUUw5bG1xVHM3S09jaEdiZUR4VXR1SWJrOEI3SElBc1haMDRyTW9MNzl3X25KWktQRk5PMWVjSGQwUEtjVGhmM2Y2VTBRWDc5N2ZGMnBCbllvU3ZQcTk?oc=5
2026-03-05	Google	0.0	Heightened sanctions risk amid regional conflict: what businesses need to know - Lexology		https://news.google.com/rss/articles/CBMisAFBVV95cUxOaWlHeUpjQWVScVZhaVlDcHpJd2hhYmdCc1VUc2F0aC1HMThZTVZ1N2tQN2JfdWZWdzdlbHdkeHVNVktNd2RfYWhBZ19XVXJEUVBlRjJsX0FkaEh4MDFmSjVLWjNlUVRhazFZU3dDTVhJVXNqUnFWWXhiYTZxODZWbExOaWVKb1dDMXF4QnNZUkJ5Yi1DRmRteTRRM2lZakZPWmRndkdISkQ4aW5JZ2FHYQ?oc=5
2026-03-05	Google	0.0	How to Make Targeted Sanctions Work - Freedom House		https://news.google.com/rss/articles/CBMic0FVX3lxTFBRWkFac0I3SWNPMVUtQ3g1cENvb0VvSmgyUlZUcGo0aHhXWUxValpJVXY1N1lZakNHMkFFRHhwNEFTWUJ2R1RrMm1EWHV4c3N0by05VTUzSDJ3SHNxUGF6Qkw4RzFjODJJVnpNbEZJQ1lxa1E?oc=5
2026-03-05	Google	0.0	Millions lose power across Cuba as Trump sanctions continue to fuel ongoing energy crisis - Fox News		https://news.google.com/rss/articles/CBMiswFBVV95cUxPd2JoaXFpUW95OWloWk5uU054VlVORUJWQ3JGRnB0UkZVTW4tZ3V0XzljazdpYkQ3dnozczRWMlQ5bm5FZUxkelExUFo5YTlUcGg2U3pWWW1ydTV0alB5WXZ6SlBCLW4yNUxPYTRpMWVIYTVJUDVEN1MzelF0blpta1FuUEFUUC13RExoZ2F5VGl3NmVPV1kyS2NHeVJLVFQwNmlteWZYcFp2amJsX2diaWxCUdIBuAFBVV95cUxNS0c3Ylh5VUlaUDhyT1pVcVNPRVdpd010aEtVSnNmMmJzXzhYOElYZlptcmppZlJ1dWJueXFUdXpwcVBpUUdhcUgyb3pQVGJVX2NsY19GX0tHZFdpUEhSa3ZUczBFSE5rZnFiLXZ1dENxRVJXbVhtRThxV2FCOWFDZThoZEdfRkJ4cy05UF9odk9FV09Nemxqc0tjaFBpakZnenoxRVQyZ1pKVGpBQXJQRFJKMnB6RWRv?oc=5
2026-03-05	Google	0.0	POST OKs probable cause, sanctions in school officer cheating case - The Augusta Press		https://news.google.com/rss/articles/CBMinAFBVV95cUxQemFacUpqczB3bjlJYnZnc2YzMmNqY1dXYnYxUjdKdEtDdnV6REhXMjhEQ19iX0JlLUE2cWIxcFBNX3Rfc2syN3JkOE5IMXVWU1M3NW5uTjV1X3ZQakhEbkZYQ0dDQjJCSU5UczI3ck8wOTQwUXdGQnF2Y0dsVXk3aWozNTJUVVhha3FjUUpfRlZiQWdlMWgxcmdSS1U?oc=5
2026-03-05	Google	0.0	Russia’s Rosatom running vast weapons network untouched by sanctions: report - TVP World		https://news.google.com/rss/articles/CBMipgFBVV95cUxNSXdkSGlFaGMxZV8xMVRCQ0dabnk0UjcyVm1TTWlnSkkxa3pLQllOTF9LdmkxSXYzWEJQRXptUGo5TE9tRWM5UTd0VlpKSlptSkQ1eW5BY0tXSGhFYnREZC13Q1A3ZGJOMzhvU3Z4emhiRG1OcTAwME9BSUhsU3Ffc2c1TzkwcXhtYkRZamFESUJNTnlHeEVNa0FyNHY3d2Y0LTEwWGx3?oc=5
2026-03-05	Google	0.0	Trump defends Judge Cannon's honor, encourages 'sanctions' for 'frivolous claims' about her - Law and Crime News		https://news.google.com/rss/articles/CBMiygFBVV95cUxOR3V6TlAxUGlHTDRUb08xZjNZT1MxZFZfTFRtZHNIeUJNV1k3bk5hdDBHQTFPVnRkWExaZFV6N3EwR2xpendqMm9xRWRuUG9CRWdONUtITURjaHhpajJzaGxWczk2cEdlcjFtSGprTk0tTEIwQ3FBTTZqU280TmM4TVBsVlUzNUo3U2k3VjdpYkNjMVRpeDZidEgtWEJzUHY2d2JvcEk3VEsyaENUZHRJMVBLUG1kTGY2UzQ3elNPbzJFS1EydGc2dnNB?oc=5
2026-03-05	Google	0.0	U.S. grants indefinite sanctions relief to Rosneft’s German unit after Merz-Trump talks - EUalive		https://news.google.com/rss/articles/CBMiqgFBVV95cUxNTEdvek1ENUFCTmZEQkRUR0U5ekxjSHJQbUlvWWpYSEZVSS10Vlk2OUF4VVZ6bF94MzhiWl9XOUtuVF81STlrdkVTb1pIZGFCdk5iUWtQLVRDZy0zYjZBMHRBS044cTJmemxtcFhSa2lGUWdsQ3dmeHIyRVJnRVQtMUg3ZjFUWm94S1lkSF84ZWlmd3ZFWlBQZUxNVXhxS2JDVG5IOEZybFFPQQ?oc=5
2026-03-05	Google	0.0	US Eases Sanctions on Rosneft’s German Subsidiary Amid Mounting Energy Fears - Kyiv Post		https://news.google.com/rss/articles/CBMiS0FVX3lxTE9uNjgzaXRsNnpXODF0TktQeTZsbmRLX3hoaHZMWk1udmgxUXU3eHRSNWw4Qi1vOUpGRHNPR2Z4VGU4TnlYbnVPby1ZRQ?oc=5
2026-03-05	Google	0.0	US allows transactions with Rosneft Germany despite Russia sanctions - Reuters		https://news.google.com/rss/articles/CBMivAFBVV95cUxQc3JkZUdZMThacmg1c09hTFhHUF9DdzFkT3VWal95aktiVzloMDVmZmRiTTgzY29TTFpVTFA2OEs4NUFEdE9lRUNLejg4UGFRQUY3N09tQnRHY2g3Rkk5STAzcTdfM0VOTGpzM2hvWVdjd1BTSHhJZWJnczM5UjNPaFpjSUpNNTkxc2R3N2YtUjJGREpSQ2hSS2tZMDY4WmVoRjFlOTZUendJT0MxVG9acjE5cDdHTUliU1ZnRQ?oc=5
2026-03-05	Google	0.0	US allows transactions with Rosneft Germany despite Russia sanctions - marketscreener.com		https://news.google.com/rss/articles/CBMivgFBVV95cUxNc0cwYzdkeXVBYkdIa3FoazdYUzFkd21CNVI1ODZ4bGE3VTdWNExlVDdTRHlHdWY4TXV2VTBodnZsMnZjZUQ3c01wbmVwNjBqbkI2UWZWN2E5SjRVeDRKRlVScHl3dWloUWNuZjJVd1JHdlkwU3llclFPOVV6RmMwMXNaZ1VhY0taNVpqMjgwOWVUOGl1M1VMZjVycXJLZzR0T3JrekpyalNadzZHTjZ3dWJNMGNZYUozbG5NbWhR?oc=5
2026-03-05	Google	0.0	What are US sanctions doing to Cuba? A Dalton woman saw first-hand while biking - The Berkshire Eagle		https://news.google.com/rss/articles/CBMi-gFBVV95cUxPdXBZQXNpU202QTktTWEtLTJ5N0lzYVQxZEtNV3o3Ri1Sb0Mtd19Od2hvb2dRUGw2SDdxeWVLYTFKdWhxRThDQ1Q1SlBKcHEtSnN3WlFuWTJkUnI3QUlGaG1KOVhSVWVxX2poZzh6T055ZVkzemZ0RE12d2xFemF5dzNmSlQ0YXhxNkZpUWtQWU5VX0lXMThXaVRWNGlSMGlfa042bXRGbXF0b09tenRlWVdfQUsyczZiMmVIQWtTRnJuQ3BYUm95NkFkQ19SQ2RaX2lKMGloelFhTElJUTdVSkQtN3dOalFrejVfU2lJWDhqTFhLeXFuUzBB?oc=5
2026-03-05	Google	-0.125	The EU may ease sanctions against Russia due to the situation in Iran, media reports say. - news.cgtn.com		https://news.google.com/rss/articles/CBMibkFVX3lxTE5IV1FBd3Fnb0VZNEg3bnRKY2FMVmMzdFkzNUpucEdMd3A4VlM2eHZtTHdYU05IV2lEXzl0bWdsc2MzRXdyb3pGbllZZldoS2licE5BOUNOX2trWmhfUkJkQnVQSVA5dkhtN056a0FR?oc=5
2026-03-05	Google	-0.158	Lukoil fire sale marks failure of Russia's $800 billion bet to go global - Reuters		https://news.google.com/rss/articles/CBMiuAFBVV95cUxPUWt5UTlqSS1GWTJMd3BxdXozVzQzMkI4NGkwSWQxQWsyUlZ0QnVNZW5MVXBlaTRQaHBJcHlLNzU5V2IzNWl4MlZSRWgzZXR3RlF6elR1MWF2THBPWm9mRzRoLUxFSFNxV2g1VHdFMTljNEZzZHR0a1gta0NZcENrZkZidGo1dWpPbGx2WnkxR1lNNjFxOHdZS1JwczB5WUJFUVZHR2hlRjlTRXVRcEk1Qmx6SkRtVUp0?oc=5
2026-03-05	Google	-0.4	Bar owner faces sanctions for Patriots players' post-AFC Championship Game celebration - NBC Boston		https://news.google.com/rss/articles/CBMiywFBVV95cUxPQ2NGZnBlbjE3aFFPSjZZNmF1QlRTSFNKZUF2WW96Qzk1T3Z0eVhzQjBmQkVMLTNWSnlfN3pENHZ1MkhySGt4Y1pSRE5IbXNIQ2pKNVNwSk1JbnNZUHREUFVfdDNham1oY0JvbjFZM19EWlkwYllzQ0RYWXdSRG9mcjY3YzF6dU5IbEF5S2QwNVFfMVhwakdCekltWG4yTzlJX0lwZEJIMjR3bWlmYWdaQ0ljeWtMaEFCbGNrSmdkd3ZjR2xCeExiWkY4c9IB0wFBVV95cUxOWTBsWDVkenNXRS1uMk5fWTFCeEpSVWYzV0ZEb096clBySjFZYjJUbUF5azBKRnY0WTJFMHdoeUpiWHlmTXhoXy00MjQ5Zk9PaG41XzZLeVN3MEhyYU1Kb1REX1d5dnpjNjhxYnBoMjV3WHk1M0JJcTRFTHRrSFRmUWRNenM0YnRwbjVfVHpaVlUwT1lQTGtCaEVrXzEtMldEWVcydHdxN1pNdm1Jb2dkT21TQ0hQb3ktVHJZUEEzWWw5WVBfS3MzVXAxaVMwVFJ5eWtN?oc=5
2026-03-04	Google	0.5	US exempts Rosneft Germany from sanctions indefinitely - Latest news from Azerbaijan		https://news.google.com/rss/articles/CBMiggFBVV95cUxOaTRWc1JMWmV5VGpIQmpxSzA1OU14TFVoYzczUlRuNDJvSnhqcThFVk85b2ZMTFUxTk1zOXlmZGpCS2d4NnZpTzBjZ3FXR01abjdYb0E4RGIybl9rakN5WkJTMmptSUNNOXJlajlyRjZCM21UdkxBM1JwOUNIRW9jUWN3?oc=5
2026-03-04	Google	0.2	Russia Hid True Cost of War as Budget Deficit 26% Higher Than Official Data, German Intelligence Reveals - UNITED24 Media		https://news.google.com/rss/articles/CBMi3wFBVV95cUxNTVRWaUpLbWlTQlR2Ri04bHJvOGExdWYteU9EWG50NHRPSnlSODI3Y2hQdDRFamh3TWtFeUlmYWkxM0lwMHktYmlvQ3R3bHFHQ0RZckpseEdMWDFKMVZ5Z2VXTUxsd2xoMXQ3YUJHU185ZGR5R2tVWGJWY0FFZE9hOW9ZUHdtNl9hSmZ3em9jY3p2YWt4SzNmamxwLWtyb0ZYX3NXOGRUT3puaGJMMXZURDZ6Ry1SazRZQllRSGYxQjQ5ZXNzdlJQWlJDRXlVRjh4S1lCaVlOM1d1OHF5bk9z?oc=5
2026-03-04	Google	0.167	Ill-considered sanctions gift more than half a billion dollars a year to Russia’s war machine, Baltic States warn - Baltic News Network		https://news.google.com/rss/articles/CBMi1gFBVV95cUxQQjl5SU53dVUtSWFwZzdwaVV5VTh3UTlFTzJzTkRGdlgxNUpxYXNqcm1IOTZ1cHJ0bGVpLXpBQWpIMlg1MDJQb0tJZml2SGp6a3owSkdKem1fSG9IcWVybm1mUFVGOHc4Q2N6UU1Lb1FQWW5BUGFsblZ3aEhhSlZ1blFQVEQwSUhnZkltbk13UVBsbVFHb2F3WFNBZzhKbTdRMnBfN09UWklRS1d0Q2NyQWMtTUJvb2dnUjFZb0loUDZCVmxTc3ZiRTJWT2o4UDY5clhSakVB?oc=5
2026-03-04	Google	0.136	New York Judge Overturns Disciplinary Sanctions for Columbia University Students Who Occupied Hamilton Hall - Algemeiner.com		https://news.google.com/rss/articles/CBMi2gFBVV95cUxNM2dUTmRudzRqNTAyQ1ctXzd3NklNYk5hSjJ1ZGM1dmlhblBfRmFUTWM2WHNGTGlqa0tHeTg0c1gtOWo4NXAxeWlpYlZQTVpGdFhsaktVRHd0QTZYeW9FMU9Jam5rSTVXYmEtWmtacmp2bFNPQWlrN1NWWll1V0xRUktLYWE4czk3MFN1a3d3NjZrLTY2elVCdElYOHdlVkdVaWRqVW1Oa3FTLXdfeS15QVpJRmpQNWRpd1pmSDNiRm02WVZGSEtfdkUyT1ZDU2pESlR6SUNPSkFtdw?oc=5
2026-03-04	Google	0.136	UN announces 8 new sanctions exemptions for humanitarian aid to North Korea - NK News		https://news.google.com/rss/articles/CBMiR0FVX3lxTE1GMGZQaWVZVUVQdi02VVhsQVdWWDNUZkpFNTR6ZXoxTFZGb3NMUGVKUnhPX1FJTmRrWVc1MWlYQUJqcC1oeEpj?oc=5
2026-03-04	Google	0.084	Ayotte says she was unaware of legal sanctions against the husband of her child advocate pick in guardianship case - New Hampshire Public Radio		https://news.google.com/rss/articles/CBMiywFBVV95cUxQSjlCMTlQNzh4VmliRUJmWjJBRHZHOE1CRDBObjlHbFhKMk9YTGp6MWRpbUxRWGJyTFg1RTZ6QUZ1QUNfT0pyUGRXaUg5dXNlWWlHZVFLWGt2anRvaXk3QkczblNTUmxHRXF0WktCVVlQVTlJWmJvN00zSnIxRWxiQU9GQlFxRXJoQjBsdmlvOXROQ2tpeUdVdlRzZkt3U3lsRFVRN1J6OEJOaERtdVkwYVd4Q0YxT1pwWHpxcnlqaUxnLXNnU2Q1R09TMA?oc=5
2026-03-04	Google	0.075	US sanctions Rwanda military for supporting DRC rebel group - Jurist.org		https://news.google.com/rss/articles/CBMinAFBVV95cUxNX1plSjZfTXNFbGxfc0oweTlZRmUyQmJYekE4U3F2SkZ6MnhMeHhHaUpDRWdaU1J0azhoV3lNUlRpaHNKaGgzWFZmbm95SHBlWGNpZC16SGtBa3VMSVRoTzMyYldEV21Mb0M3aUF6ZXRUckpzWDNqeHJpUmhiRXZzZ1NGbnJDN2REeW1JdnplUWFwdkpjYWFxTE4wSks?oc=5
2026-03-04	Google	0.0	40 nations in The Hague propose sanctions on Israel over its settlement policy in West Bank - Anadolu Ajansı		https://news.google.com/rss/articles/CBMi0gFBVV95cUxNaklLOEh4RW5PYlhXWmc1U1dhUFcxRlU1Y2NKcS1FaFVkSndUcE1OUkRTcmFWS2ktVjhwRDBfQ3BXVm1IY1FJNlY4MWtaTC1rZFppN3g1Z0FtNkhTN1E5aW96dnl4blVtek54d3JZVllTM21COTV2SDVWLTcyRFBYc2EybFJjSU5GNWRROGNPT3RnOUdhUk1uUG9VYjBGYjVoUHpycVNwSHEyZ2ZpOWg0b0NCWTRSVG5ISVBsZFZySktVY3lxRXN4VzhpRFhGVUdKd2c?oc=5
2026-03-04	Google	0.0	British American Tobacco faces UK shareholders' lawsuit over North Korea sanctions breaches - Reuters		https://news.google.com/rss/articles/CBMi4AFBVV95cUxNWFF6UV90WF9tdWlsRDNvQmFPUUJwTW9YMkFfVzdqUWNPU0VCVVhuQnlaZmpXdVFNVE1mVDRTZjdXbk5URG10dHl6bUxRTGhLQmZwU0RTcnQtTW5FSDVwU0dDejF5SmlPNDc0VF9jUTFCR2lKVHk5c2V3MXJ6dDQ4VU04MWxGYkR1S1N5VXpMeEJzVXVRTG4zWWthQUdwYTNQT0duN0xMNGxiSjN2RkdwalZTc1o3STdnXzNQTXVYNWp3Wm5RdElScF9IeVgxYjg3UkFPdmpjNEhDNzByWEk3QQ?oc=5
2026-03-04	Google	0.0	Colombia, Venezuela explore energy cooperation amid sanctions and supply concerns - marketscreener.com		https://news.google.com/rss/articles/CBMizgFBVV95cUxOZmVmX3E1Vko2QUNxT3VDN0dmVEFnOFA5WkdqLVh2dkgtamFjRXdyLWxvUF92MWRyWE1wV1N3UlN4STlJWU9paFdaTmFQX3otcW9GVkU0QTNQVXdzSzIzQ3M1NFdFR0RldFdGRjJValRURWJDNHlVRzJiX1BhclhORHVnYnUwWFZIcmNXSlNvMUYySVdFa1BNSGxNYmV1MUxqTjVJdzZYZG5ndzN5bkRHLTUyRUdBYk1EZllkWXVVdHRMV2gtaFVSM2pidGxoQQ?oc=5
2026-03-04	Google	0.0	Cuba installs 2kW Chinese Solar Cell Systems amid U.S. sanctions - MR Online		https://news.google.com/rss/articles/CBMinAFBVV95cUxOLWNZWEtlZEZ6aHJ0bkdIaTY5R25tdnprRllJZGZZUFlwTlZCRGg3QV9nN3p5Y3ZuRnVvNllJZjRMUFBXanlZYkRaODJMc2pwMkg4aGNLRWtqLUs3ZVN5clNqNnZySklQVDlKSWctLVNhMDc2bG1PQ0E4NmdxV1FrR2xJRUR6NFM4aGRpTUU3NmJxeFB3R1NJM2pwcEI?oc=5
2026-03-04	Google	0.0	EU Urges Swift Sanctions, Reaffirms Ukraine Defense Amid Druzhba Oil Halt - mezha.net		https://news.google.com/rss/articles/CBMiowFBVV95cUxOcnlNdHloQk1pRjRWNW80TWI1UHpRRnNWY2NGWDdJRi1KVl9NNXpDaFlmdF9FWUtnREptVEllSTdlWDFBY3ZtY0Qwc1IxSDBxNTF1MzlWOFJBS2xTNDNEamVUekNEZGNqV3VYSnJmdzZpSS1PVjdMTWtjVUprb084TF9LTWlwd0pxZmtwZTZJbzMxWFJTdWlxTHFlbFRJa3M5ZnJ3?oc=5
2026-03-04	Google	0.0	Energy As Leverage: Sanctions, Russia, And the Reordering of Global Oil Markets - Egypt Oil & Gas		https://news.google.com/rss/articles/CBMisAFBVV95cUxQUmZWMnZEYkdGZFhoOWZIa2g2Y3ZhNWdIUmdZTHNSVXBJRVYydlhkQkhjZ1hFOVhBVUZDOGQ3ckh5QjlvQW9HX3NyNXhIMTBqWDA4djBQdUN4Z0FBR3I0WWRyVG9qZUdfMVA3T01GaTFHVTJNTms2OEtoeW5IelprNk43czZqdmRhYm1nZWdSUGhjWmhoRVpNVWtkTVgwU2h2S2tXMFBFOGpqakctekxBVA?oc=5
2026-03-04	Google	0.0	Explained | 'Sanctions, military pressure and more': Roots behind decades-long US-Iran conflict - Deccan Herald		https://news.google.com/rss/articles/CBMi3AFBVV95cUxQS1hfdnZ3YWVjeWJYYl9UZnByOWpRMnlSbUZXRTc2Vy11MDFmZmhpTVBIQlV0ZHpXT3FTejZnd18yZ2NySm9KQ3FlaVB0UDI1UUhBNTVMamRYSkhWVGU5blh4RzhQdTJaMWpudVYyT1FQMzdOYk1ZRlR1QzB1bjg2NWVKeWFPa3NYUjdtb1RpalRpRXlMcDRNa1dmOHJaWXpEVG5GbWtiNjZjOVhDRHpaWjdESDBiTDVERHJZenNoV0puTVJidHowWktrNEpaTmM1eEtEVU9Cb1U2dFdf?oc=5
2026-03-04	Google	0.0	Explainer: Has Venezuela’s economy recovered amid sanctions? - Invezz		https://news.google.com/rss/articles/CBMimAFBVV95cUxObUtfZmdGc0lBdlR5bk1nSE4xeG93cTU0Rm9TV2N1c1JSTmdwRFdEV3RfSmlsN2NBeENtTnhlQzA5RUdwT0c5VDFaZ25LVlYwVnEtM1czc3J6Ym9yWUJabkxrOWRObVNVc1lKX1h1N2VFTkNFaEd6RzNPQWd5MDlkaXR6OEV6dFh6bVlZVHpkdEZtOXVmSTg1Ng?oc=5
2026-03-04	Google	0.0	Inside Iran's payments system - American Banker		https://news.google.com/rss/articles/CBMifkFVX3lxTE9SWG1TdmRKNEdqREdZa2lpQ3ppTVJCR0JEeHBHeTdUZnhLZ2RGdE9RS3pEVEFQcEI3MEl2UE44QlZJTUk4Y21vM0o4Wk52MFNKTlQwZ3B2V0NGR09OSGlJeEcwWTBGbkdOdUxzUS1Td1NpdUdZaW5HcTVOWmpjdw?oc=5
2026-03-04	Google	0.0	Marcura: Fragmented compliance systems heighten sanctions risk - safety4sea		https://news.google.com/rss/articles/CBMijgFBVV95cUxOZXhadTRnbXJoeWVaQ2ZiZUo2ejBpaFJEUGFuQ2JrSy0tUFhKM3JBOXJKRVdZNVZablNXR3BoNlN4Y0JXTjhVMWZaVUZnazJBeGpNdjlhbHFQeV9IZmtfUUJoa1FzaEhvdS1mVGFldURPVndqd3l2Ql9lVWpLWlhDLVNJNTg4UkxHRG56WWNB?oc=5
2026-03-04	Google	0.0	NAU, Belpol and Rabochy Rukh Agree on Position on Sanctions Against the Belarusian Regime - REFORM.news (ранее REFORM.by)		https://news.google.com/rss/articles/CBMisAFBVV95cUxPM2xObmU2ZmJEcTlFeUpDY3BBckhxMXJxaEliZjZGT0d0WFIxaXdPaUxyb3NrMmJDWmFQVWIxbV9ZenNySUZ1dmpVamppelVjNjQzTWo2UGpBMnVpb0JMNXI1bkJlaHNzWVdJQTNydlV0dmNaSktfMkxkMElpWGRvTVNaV3ZRTEVRSzQyM3pWbjRTQlc4WnZsaHZQMU4xVkVBVzdKbGVPbDdvRW1JbHk1edIBtgFBVV95cUxPTVZSNnVTSDFveEo4aFg1emJEZkhkaHdwdjhWZ05UN3VUUkw3U3Z4VzVkbEFBX1UzOE8yM1JPZ3UzWDlzcTlkTWZ4YlZMWENPcjNCRTd4dXFvRmd6LUg4Tnlrc1dQbU9UV0pmY2RqVGFHYWswV0M3a1JMa0ZjdlgzUjBkQ1p0S0tMV0NyMEUtb1RtV3oyLVFCSHFPQkp5aV9YalFNMDhTOC1xdmJuZnl5ei1DVTJSZw?oc=5
2026-03-04	Google	0.0	NEWS: British American Tobacco faces UK shareholders’ lawsuit over North Korea sanctions breaches - AML Intelligence		https://news.google.com/rss/articles/CBMi0gFBVV95cUxOc0ZQMldRZ1pjbTZxTE1XbWxmcW9mQUVNQzZ2WExGeDV0WDFTZE04MmlDN0FSdzBWUlZSNW5CZ1o0cDZ2UWRtM1pxZ0VBNDQwM2E0aU1iSnl4a2QydXJnMUFUSjk2OGx6Rm81QUFSQVRLR05IbHZPT2piRXRTUWtRbTRyYzNodkpSdDg0VndUUVVEbjVNVEEyQ1dZVGJOLUNIaURZeUhmcVpqaVM4c0s4SjNKbDdvZGZZY29LWmtURUJoaGpoLTd2dHBvZnhvNXlISEE?oc=5
2026-03-04	Google	0.0	Rising Sanctions, Compliance Complexity Increase Global Shipping Risks - Marine News Magazine		https://news.google.com/rss/articles/CBMigwFBVV95cUxNS01IRW1IdEJNQkRjZjlJTnFyc081M1NuamVBNjItQmhrbVN1enZYZldrTmJ2NVNuc1FYSXR4cXREcjlkbC1VQjE1aFZ1T3BFck84dG05RmdjQ2Ruakt0T0REMHdYVHR4N3Nsa1hGb21kZW0zS1JiYWpRbU9NNDhoSTZDUQ?oc=5
2026-03-04	Google	0.0	Russia's nuclear giant controls massive weapons production ecosystem ignored by sanctions, report finds - The Kyiv Independent		https://news.google.com/rss/articles/CBMi0wFBVV95cUxPMkhKQkgycmI4TV9wNGRBSFZ3Y21Bai0xazBYTDFVZG5tNC1NTW42QUV2S19VbmtYZXdvY0JRazlWckNHTUc3R3pPem9zVUhkdkVEWWt5ZnNlQlJOY3lLUGw2S3EzeUxGb3hxai1nM05ObGhBeV9UaHRGbmtkU2xTTEhpVm9vTjNPVzgzbDhwTEl3SkFoTkF4UkNvSGxqdHVJZWxmOG5TYkZTYXVDMUkwUWM3bDhlYnJKMklNQ3piTDJMekhFaFVMVmw5SUp6ZEFBRFdz?oc=5
2026-03-04	Google	0.0	Sanctions enforcement set to increase, but gaps and inconsistency create compliance risks - Compliance Week		https://news.google.com/rss/articles/CBMi2wFBVV95cUxPT0R2V0tCTVFha1Z5RFZGTDEzT3ZNV3pkVXREaEMwdVlMcmRfUVpjNWZ0TDZVbENkZE1hNnoyYzNiQVJINFF6d3ZVbVAzUjkxZlVocU8wN1JMQU5aVVBzM1NRVHB0OW5LZWdadnJvUWt4WURkQ21GY0Zyd3g1bXhoeGVFWTVEWVpsMEJlVkpuNVMyaFNINGtyN0xTQTJiVS1XY29ER3hyTDZPWG5MaExYRk5iN0RITjYzRmVIQTBGSVhJbmNEUlFhdE5fVnEzTnVUYnNHTnpLcjZqVWs?oc=5
2026-03-04	Google	0.0	The Toll Of Non-compliance: Procedural Merger Control Violations Trigger Record Sanctions - Mondaq		https://news.google.com/rss/articles/CBMi7gFBVV95cUxPZTZVR0VkdkdBa18td0tmSUhkNEFrVXVNOE85Zjc2aHBBYlZGd21sd09iLXl2RDllRF9MMF9JZUdaYVAxQzN4TnpUckVLcGJTN1ptU0dHQ2pXV3RNbUo1Tm9jc3pJWUljY3BqVHFGZHhaSEt0QkY4WU5hN0w2RkZmZEgtc2NXOTFzZmU5M0NGRFVfRGI2X1ZlZXdJQk1KVzRpeTFBN0ZqVUp2ZzlqcXVVZ3BybEpWX3lZWHhfOHRyejdodVQwRTNrTTFWMkpzYUZQSE5Nd3hWZkhlbEhuOWM3eDMzYVYtUmFONktTaWlB?oc=5
2026-03-04	Google	0.0	US Sanctions Rwandan Army, Commanders - Human Rights Watch		https://news.google.com/rss/articles/CBMifEFVX3lxTE02WWFPT0pndzlaRXJhV01iRThuak56bDdBb210R1EwM29hWHBWcV8yWEk4VmZxOGZMS193MUNxX29YMlBGWF90SkItejRjVHlwMU9BRGdrVUF6NGNlMWtaQ2VuQ3V3aGJfZU5tN1phU2czRUZ5VHBkYWswNWk?oc=5
2026-03-04	Google	0.0	US Treasury Secretary Bessent accuses Spain of putting ‘American lives at risk’ - politico.eu		https://news.google.com/rss/articles/CBMiowFBVV95cUxNbWU0Z1VZbkdOT2dnaEpjRmNhNEQ2ZFNLamRZMExqYXJmVk5kZmU5emt2Tm14TlIxaEx0T1Rtc2NGc0VtbFVaSTlNUnVLRXU3U0NwNmxkb1I3cnZOajFLaVg4VWY5VWN5U0pCS1B3cjBmSmNfV1NDYVJoSWV1alBYSzFMeU5WSjBsNHIwcERTbHdCS3JMWnpmbUJDTGV1aVcteDlB?oc=5
2026-03-04	Google	0.0	US excludes Rosneft Germany from Russia sanctions 'indefinitely,' says Bloomberg - TVP World		https://news.google.com/rss/articles/CBMipAFBVV95cUxOV29ERzdZdUE0WVR5U0JCTmd4RThYR3h6RVVEcHBvM2lpZkw5S25zN0x5aEpXelZVWEFfZXlrYU9BN254TzhBVzdIa3hHRWN0R3psX0pFbjMtZ29zQWR4ZFdMUlRfVDJNVXR0ZnZwSTg2VEx5WGFnOGNlUjMtNkZVUWdmdjJVb3NBbmptd0tyS1pCYUtJNmpvNFpBazhlSmNRdmJJNQ?oc=5
2026-03-04	Google	0.0	US excludes Rosneft Germany from Russia sanctions indefinitely, Bloomberg News reports - Reuters		https://news.google.com/rss/articles/CBMivwFBVV95cUxPQW9sNnRuaFAxeDB6cmR0TTlpMVcwc1hqMzhOS3A1Wkxsc2hmWFZOZ1pHUUtTc19DdWNRUnhFcUxIUmdDaVZmcGxfQURYMjBxZS11NTN2Rm1oX3R3MHRUMjl1RFV1NUpyOFhwOVNJMWw2c2RaX2g5RV9LMnl0THBDeUd2bFBzdjIwODhBeDVaZ25YZUQtRWFzVVB3VjNGVFRRSzR6Y19zaUV0azlJa3JITU9vZWlGaDIyaHpqZWVLRQ?oc=5
2026-03-04	Google	0.0	US to Exempt Rosneft’s German Unit From Sanctions Indefinitely - Bloomberg.com		https://news.google.com/rss/articles/CBMiswFBVV95cUxOMjFNVW1pWU0xUGlYV2FuT3YyY043V3RJU3FkcFNGV1ZEby1TczZjV3ROWUJteEp6TnpXd3BXNk9ZVlU3aFJBQnlyYTFWV0RGR0ZzM2JBdFJXY1lMSEhnYjEwRlY1c3VYVy1nYWFHUzhaT3hULV9aVmRzWHM1bE1QWUpvZVdPSHlXOGtybkY3cFFjalFWWWhwRlo5X0VBZnI1TUpELVlXVUxtQzFoMS1UX2dRbw?oc=5
2026-03-04	Google	0.0	Von der Leyen and Zelenskyy discuss Ukraine Support Loan and 20th package of sanctions - EU NEIGHBOURS east		https://news.google.com/rss/articles/CBMizAFBVV95cUxQR2xSQnlJZnk0bUVyMnlmZkMyWUF3Y29BYUR1ZkVNYTJTX3FPYlJHd2RWZHdGMFFGUjZFbnpOMTNJU3JCekQ4dy1PY21aQUhOQ0Uyc1JOeFNFOFRROVNYYVRCZnNLTWlMalVNbnJzU21IQWMwOTBLTFhBVlE1TlkzY0w5V09mdVFybDFaazRKY3lRZnMyT1JUOElielA3VmdYN3FjZzBVZjE5U2hjT0VlcUM5b1JTd1Z0UW52b2E3cjdyY29OZkRuSHlxSTk?oc=5
2026-03-04	Google	0.0	WWE merger plaintiffs seek sanctions over deleted Signal messages, allege December 2022 Vince McMahon-Ari Emanuel meeting - POST Wrestling		https://news.google.com/rss/articles/CBMi9AFBVV95cUxQWm1DYUhkb2JPR3V0ZDBYN09CbVhtZjVTU1F4QlVHREVxSnJZd19JSG9OS2dZS2xteE8xd3l0bkczbHc2clE4TlV2ZmVlUl94SnU0ZDFZbGhRVnNpOGwwTFZ4SVNmUXdUYm55NjVDM2ZNV1NucFpyQV9iN2dUX0VBRF95QzhiUUF6TzIxV2o5b0pkR21xYXM4aG9YekRtZkVtdlNZQXpWMHphMGtGeU9PQXFSTUlPS19hbTRHWjVlZmdDLTlpdEsxZEdsX3dHWmphNWdBczc2UEJuNUhwcHQ3dVhHaHhUR280U01ESFhmMFJ0dkp3?oc=5
2026-03-04	Google	0.0	Why has Washington imposed sanctions on Rwanda’s army? - The Irish Times		https://news.google.com/rss/articles/CBMingFBVV95cUxNZXNZS1ZlZ0pDUDhLVGVGU3JfdlhieFZfd0I2TnJCTk9VZFhVdGxuQU9rWGZRSVZCLTdVaDZuNXN1Q1pyUkpFa2J2cHo0UzAxYmlDbjJudFNYZDVXQ0FkYmJJUnlSZk0tSE4yd2Z1bUJRQi1YQ0V6a2pnano3RTVwMF82TVFoYUllQl9TdWF2VC1BSTloSGJmb2RMLTl6QQ?oc=5
2026-03-04	Google	-0.167	European unity protects from unilateral US trade sanctions, Spanish economy minister says - TradingView		https://news.google.com/rss/articles/CBMi7wFBVV95cUxQd2N5VUFaRkVQWHJVMmQ1QjJEWlU3LXlzQjhJOWZYTGJIbHRvM0EtNlpUNF85cEREYXp4MHBwQmRwVEc0NlRqLVZPZVlqODQxRDJ3QW9jbVVPMjF6TnQ4MXQ0eExhZHh2U2ctWmc0ZGRGMnhCYjZEZGotbERDVW9HTC0xMEpET2RCTnFjY2VlQzNGU0xsSkZISGFucTZOWjRTS1RuejM5Nm5QQkt1b2RkRlBiaVJscUhJVWxhbngybDUyWk93YlhmN3hTWURYcHNHbmlkMXRpbTEtYlVBT3laZENYa2U2Rm5VTm04Z3MzZw?oc=5
2026-03-04	Google	-0.35	U.S. Gives Rosneft's German Refinery Network Open-Ended Sanctions Exemption - Crude Oil Prices Today | OilPrice.com		https://news.google.com/rss/articles/CBMixwFBVV95cUxNTm5kdlFQSkFrdi0yMDhuLUtkUkw3dTFESTZxWlFtSzF0QkdVem5yRFlhZ0o2VW1wSjM5aVUxS3NmdnNfRGpqZGpERkJsSE83TUlHbjJMVmVxQVRmZWxLdG03dXNueUxvR1IwMDU5MWI4R2VNUE0zcEd2TEhNNU4zaWdlTWRLSnNHZWhBNXlUbW1Lcjk3U3dWNjVscnF3RVNPYTFCWVZCNXpKa3RqSV8xYURUWlNpczFpbUt2VDF2cVR6Ujk0SFBF0gHMAUFVX3lxTE9rckNnUUVERWwyV1BPMTQtd25uOVB4RktNaEo2b3E3b2pNWnRYU0trdzE1N24zZ29GWkNyVHR1OXRxN2dnaUtPaU0tb05fYkhyRXl2RVhqXzJKVVpFakhyenJTTkhIaWZSOVRoaFlzTWtSdWNBUUJkWkZkS1VnNTFWbUxvQUZlZHNYSGNhTk5JX0tKMHVWS2JWYXNSWnN4Nlp6OURXNmM4SlJYcDlWWnBwSm12SHltcFA4Q2lnc2psLTlpU3dXUFdtX2Vycg?oc=5
2026-03-04	Google	-0.45	US-Spain Seafood Trade Faces Uncertainty as Trump Threatens Sanctions Over Military Base Dispute - Seafoodnews		https://news.google.com/rss/articles/CBMi1AFBVV95cUxORFhaNFUtQkxrOWk3dzhSZzlLSXVoRTJ0eVU1b25oclN5anE1cUJ5YnEzQW5QcUJxNGF6OGZtOWFPcjZtZ1BYdVZqM2FqcHQ4UHVva2JON0p2dzl0amF1VFRaeGs4WTdSckxYN1BJeU94TXpBcGYwLVJhZjh2WXBneVpKMUZkXzR4SDg5V1A3cWVldnIweWFEb3B0NjZUQVZvMEg0eFduOUlPTWFzbTkzZHRGbmstekxRQUZIaGRHdU82T2V3Vk4yU0RTazdiY1pDeHRqcg?oc=5
2026-03-04	Google	-0.7	Venezuela’s PDVSA Signs U.S. Crude Export Contracts – What It Means for Markets and Sanctions - Energy Capital & Power		https://news.google.com/rss/articles/CBMivgFBVV95cUxNcl9BVGNzbkhFeDl3Y0c2WUdkNkl3YUVLdXprNkRvei04dzlwYUlKTV9BNlJaTmZrcUo4NFVUckRMS3dOSFY2ODRwak02OHB4OEJ3dHhlei13eXZQaWN2N0VMUDVwTEkwNVRBSWJ3ODVLSFV1VV9BNzFQNzF4RmRDM1lSNDJhUGt2TF9mTXJlNkM0SENScllhZ3ZBWjFDWVc4UldlSVEzVkZzbEV3ajRqaG5jcTB2MXJ6QnJyWUx3?oc=5
2026-03-03	Google	0.5	Stablecoins account for most illicit crypto activity, FATF says - CoinDesk		https://news.google.com/rss/articles/CBMi7gFBVV95cUxNdV9ISWFHUmxHNkxLZEJwZTI5cXNEajVCX1JJdGFmYnpPeUlTSXA5d1lRMGxQX05EMDAxTkpWUHRnbUJSV3FLLWZmVHVjYXhYVUR4V3ZlVnlaTEVPUUFUMkc3N2xuZ1pSN29vOExNd0xkdEZtQU16QXlKMUpGT0NUQUVxbHEzVnNGZUNPeWdha1lxU0g1QmxIUmFMajJCWXlHdGZrbk1od0lCQjg4aDRhRDJhOHhyTzNvS0ZXT1FQOTNhbHRqanJQYTl2WHRqQ28zY3NtQzhZZUFWZDQzNE1FeFl6NEQ0Uy1WNXh2bkNB?oc=5
2026-03-03	Google	0.417	Turkey Seeks End to U.S. Sanctions Before November Elections - Fine Day 102.3		https://news.google.com/rss/articles/CBMiuAFBVV95cUxQXzJOSi1COFBLMUtoMkc3OUk0OHJVMnJuMU8wUVhHNnpuS1ZLWVNMWXJqNURVSjZ3Znlub0lsSnBCSzVNWWVoY0MyVkxxX20tb1gwX3l1UktoelExRXBkaUU3b1hUemFvcGVNZk1CYlNJRVdiZmctWWlNZDlYMlVrNDRKWFREMVJ2a2Y5UnpGNWhISm1yWk9tTXpkTEI2cEtIVUc3QXBBVDZuWm5obTUxdXM1cFVXRmgw?oc=5
2026-03-03	Google	0.4	Leaked Database Sheds Light on Iranian Crypto Sanctions Evasion - Infosecurity Magazine		https://news.google.com/rss/articles/CBMif0FVX3lxTE9WNVpyT1VOMGxxaVFmalpVYmY5bmwxaHhtR0tWVjFJVm1TeGFXUzJwTEF6ejVNTTBpZTBiamJURmM0a2JZOExQWHNrSVZnMDlGeW9pd3FwUE9DUkZ2RldSVDlrVzhRQW5CcWpiTGJQM2lCN1YzcEtZSWc3RGpQVGs?oc=5
2026-03-03	Google	0.375	US sanctions Rwandan army and top officials for supporting M23 in DRC - Al Jazeera		https://news.google.com/rss/articles/CBMirgFBVV95cUxPNENYanAtZXcwamV6Y3doZ1RJVDZPaFpXLWhYczI0cEtUNThDc195WElVS0VKaC0tQlFCWmZ3eWlmbW5Pdl9NcHhkcWFueksyQVpYNUNNajNyaTZfVjZqLTNVRTU2MDBqbmFweWpGWXNWTEZ4YlVMeG5tOGQ0aTBscmstRE95aFhmZy1YYkJuSkhtV2UxUzR4d24xMWNldVBheTRtckhoY3Z0ZDgtbWfSAbMBQVVfeXFMT3o4S3VLQXlmQjdZLUxYa2g2MkZ4Y2F3ZnA0ZXZsSG9sMzk1b21SNE9LaGo1UUk4X3pna2FwMVVwTE53ZnJqSVlPd0l2X3FWYkJSQS01YkNnWnZ2bVBPam1pMzFpSFBPbVZGVlQydU1FbnRhQklPanNqZU95WDBNa2F1bzQ0YllDWk80b1ZKVGFkZl9rUnR6SW94REZOQ0hxU3ZkYTgyaHc3UEhRWERFR0o3LU0?oc=5
2026-03-03	Google	0.25	Chile’s top court strikes out interlocking directorate sanctions - Global Competition Review		https://news.google.com/rss/articles/CBMiqwFBVV95cUxPYWx2dXFZME9UcHlDWHYzSWV4TjZPN3VFcjUtNGhaM0lHSTBNNDAxMVNGa19hM19Cak85TEcwTElmVzNQUjd1U1hjeGhKYXZMVXBuWGpnY2hHMUxXZjA3SDRPbHFLbjExTVptc0RhOTB5WmtFQkdVZjFUQWhPZkRpV0lFd2NLMzNDeXhSTWFGUVAzV0hJOWxtLTQxWDFoVFNGWlNsWndPcGIxS3M?oc=5
2026-03-03	Google	0.25	EPrivateClient - UK regulator investigates first cyber sanctions breaches after five years of dormancy - Pam Insight		https://news.google.com/rss/articles/CBMiwgFBVV95cUxQb3Utb05XclpmSHlxSWZNekQ0WVZUQjVQWS1VeHNoMnJocHVFdk1DaVVibmxkY1huZi1NQXEyajVhZ3ZFVTJfRURIcTNpUDJHQVdZMDJCdnJxRkQwV0lHQmhrc2hzN3R5MENnLUNMUGp0N2FNaU16SExVQkF0Wnh5eXpxVXJ4M0x2ZURCWk1XRUFhaG0yb0NhR1FlRWhuUkNEOWVHNWNxaldyWVhPeDA2UE14bWRaYllXZXJqRWRUckJfQQ?oc=5
2026-03-03	Google	0.088	Real Oviedo fan who racially abused Barcelona forward facing major sanctions - Barca Universal		https://news.google.com/rss/articles/CBMipwFBVV95cUxQdnNyRVV0b3gweV90R3Fuc09tVzJLLV9BblFPeFBtU2ZoTXZaTUl3eHNTZEZIbU9JX1JkR0dzLTktRzFpQXZrTnNlOXpRMTZNR1R2b2dvTlVPaXdDNVJZS05RSzIyY1l1dWhzc2kza09OaVdTel85UjhmNkNocWp6bExwVWFWSWV6Zm10S2g3aVpyQ3NHV3dlb05UaEdkNjJQeDlKQjlXSQ?oc=5
2026-03-03	Google	0.068	Sanctions Evasion, Statecraft, and the New Crypto Geography in the Asia-Pacific - The Diplomat – Asia-Pacific Current Affairs Magazine		https://news.google.com/rss/articles/CBMirwFBVV95cUxPMmc1Wk5vWEVqUzRjLWljT3JPU1VCbDZrR184WUI2UHlDN29HSkgzS0YxYzNoYzBOTHFJcGNYTm94VS1WS2cwVkJXVmtFeG5penlWaG0wUmlzc0ZoeFNfVWlWVjdWNkJnUDhMN19WMGJZN3d1aEd4c04zazlBN0t0bTVsYm90Q2NWYjhEY1U3U3pjek1UYm42WlJnWi1ZNGhPbDRDMkE3bG12Q2puVU93?oc=5
2026-03-03	Google	0.033	Ralph Babet refuses to accept sanction over ‘offensive’ and ‘disrespectful’ comments on social media - The Guardian		https://news.google.com/rss/articles/CBMi7wFBVV95cUxNemhxTXp6ZUZoSWdXRW1kUVhmQVZrTEYzdjhVTjJ0blJwa0ZzNnQwY3RaeHBydEUtemtXZFZuQmdTMGdLQmN0bExtMTUyMG1fWnc1aXlZVzk2d29XUWV3ZHhjMlYwUXh1R05jOC1VRzA1NFlzTXdCMk5zckxwQ0NYSmJpTzRRcG5wTUVYVTEzZ3pGRmlsZElEWWhwUmZjNHlGUkF1ZGxKMTRVNkNwMUJNREdFRl9MblVzUEhlOTVjdGttQ3dOY3ZCLVFZdENzQXhRU0praUlDdk8tMjRQVTdJX1Zmc1FXbFVXNlZtYkxrTQ?oc=5
2026-03-03	Google	0.0	Amid threat of sanctions, India inks missile deal with Russia - The Tribune		https://news.google.com/rss/articles/CBMipgFBVV95cUxPQ2xHX1F1ZTBhSnVpb0w2YXg1SnRzcXduSmtEa2RoTEI2blZUZW1fVzl2cjdqMUNuWE9YWDA0LUlvVEFra3RHeTRxdkVXb2h3aGNvQVVPRHR5Njg2dU03bkJ4Wk5SR3pQcmVCOWtnaGowUDZRQVFYOFFyTFdXczZEeUxlLW93ZFItYVZRdVZySmN4eks3QkhTMjdsTmZGMGVnTDFQRXpn0gGqAUFVX3lxTE43WnRGaGxmMXhNNlJxRzlRem1VT2V0cUpsQ3VKazdSSjhzcTZaQlJVRHgzTVRhV0RlMFJKX3NqSXFNLWVWUEMyWnhwZjdDdzFDSUZzQk12WXBPODBtRHRVZ0pnMUt3TklOYlRyRVNaSFgxb1M1NGVXemhpNVBEcFVlUHRNbFV6VjJyZDdqVl9UU0Z2QTRILURWbFNiQlNqNjNCdklDajZfQVBR?oc=5
2026-03-03	Google	0.0	Amnesty urges Belgian government to act on sanctions against Israel - Muslim Network TV		https://news.google.com/rss/articles/CBMingFBVV95cUxQdUhfT2hvSTgzaGVLd0tjMHE3enJtZTBwZ3pHSkkxaGhQVEltbnUtX3M2c211WHhoaDg1WUxlemxacnRrQzJnam5wbVpndHpSNzJiSEwzWVNoZU1mcGRuUkJ5bXhaa054UDkwTlVuUlZ6cmxCSk02SFh2bC13enRjOXBlcklrb1Fzck5DM2tYc2tpWEdoWHNXV2Jna3E1dw?oc=5
2026-03-03	Google	0.0	Arctic Metagaz Fire in Mediterranean Raises Sanctions and AIS Data Concerns - mezha.net		https://news.google.com/rss/articles/CBMipwFBVV95cUxQdVo3Y2VuV1U4bnZRMktpQjJxbDluME96ZjBVMW4tU2NHazFJbEt5MUpsNTNLSXhtbXVObEpyX01MZktJOFdaSVhxaUJNaTZYR3p6LU9lSkY5MzEtY3BpMjRoQW05MXF1WllpUzJVMzNQMWFiV1V4YWhCU3BxNjlzNVo2VFRLUkluOF9JQ0RVTnp2NllXWTFyekxTUUY4VEdQNzlCcDN1WQ?oc=5
2026-03-03	Google	0.0	BPA-provided witness for Holiday Farm deposition knew almost nothing - The Register-Guard		https://news.google.com/rss/articles/CBMiqwFBVV95cUxPaDgxbkNFU01DZWZyb0tQMFVJaFA1b0h0MTVLUk1HY3RhYlVUeGpEbVZyVEI3Y3VHY3RRNjNfMUpDUHpPSllLaE9IV0JoNFFwWkc5ampUMEhKTHZ4YUVPWUxLNVFpMGtiZl9WbXE4UHhoUF9hUUR2a0JuRV8xRmpWZVo3NWhobGZUQTBSTmpTSmYzY21WRmpGZHRxWDVjVE1ubWpLaXZLUmp3YzA?oc=5
2026-03-03	Google	0.0	Belgium imposes 10 million euro bail on seized Russian oil tanker - Reuters		https://news.google.com/rss/articles/CBMipwFBVV95cUxObkpFbVVVb0tGcE1UYzNSTFBJTUVqMjZqRmtPQnpsbVg3WVl1VVNBYXJ6NUd3RkZwSXA3T1djNUU1RnBNOVNNM1A5X3ZYMjBtZjg0ajlFc1lodVlxYTE1YlI4bFhvRlJVaHJORU0xVno2T1JHNVNvcWZLM3hHQlBOV3JmaUxxa2IyLTVpeV9sOEVCcW56b1I5Y2FtSUNpMXU0WTZ1S0thcw?oc=5
2026-03-03	Google	0.0	British accountant who procured ships for Russia taken off UK sanctions list - Lloyd's List		https://news.google.com/rss/articles/CBMiswFBVV95cUxQd0JqNm5OY18tb2pHdWF4c1RfTFlBT3FFeEd5RHFqaWdqMHdDWlA2clhWLXFqMkJpbUVmTEtGWWp6YXRFZmZIdl9BeHFac2lPVGx3NmZKTzJiOXZ1TjBva2tZTjBGdDZHS19PdWItQWlOb3dWdlhMSGIzLTJkem01dzE0VXp0dXhJVXhkdnB0eGpUS0xHbkYtUTNHNFNvV1VNNDZBNkY0OU9DZVVNLWJzWWFzUQ?oc=5
2026-03-03	Google	0.0	CMS threatens Elevance with Medicare Advantage sanctions - Healthcare Dive		https://news.google.com/rss/articles/CBMipwFBVV95cUxNNWpoM2NCaGl0dWVJY2x6S1EtaF9DeEtyajdicU1vWklMRjJ3Ujh2dk9HSkRlSkRhdDRYOUVnMXQxUEE1dl9kVTgzMW92cjktYkZiSnJqZWtNbHRZb1BOOFVkTDVhQzZyRnJUeW9CcjZWZUdqVG01b3JqdDlPMGhobTFvMl84UVdWV0E0MHgySXdMbzl5dUhWWl80TzlBUW84QmtKdWx3RQ?oc=5
2026-03-03	Google	0.0	Exclusive: Maliki to Step Aside as U.S. Sanctions Loom - الحرة		https://news.google.com/rss/articles/CBMiQkFVX3lxTE5Nb2o1R2NOaUdVOGlobGdhUW01bXdNcVIxaU9qY0JVQW5KYjJCU1BYWXJFVWJUYmczdmdHeW5nX01VUQ?oc=5
2026-03-03	Google	0.0	Georgia defiant in face of UK sanctions on leading pro-government TV channels - intellinews.com		https://news.google.com/rss/articles/CBMixwFBVV95cUxNX2JzOFZ0T0VvNzB0dmM2ZHFwV0dLSDd2YTJaRDNIWWtVNWdqVE5RWjJKYlBORTBndkFtdU1nbG5BbEdYOUVDN0x4TF82RjRfZm1BUFZHaE9yODczUl9FWWxqRTNQOUcza0RiWTFLbzNnRzdvTWNoSVEwS1pqUXo2WnYxY3VXaUgycDJHLUV4MUxlMnROZDRIVUY5cXctMi1fUVlmcDRickN4QlJrY0FRbmpOYmFCZFE1S0I0ZmpXVkZQbk9rXzZF?oc=5
2026-03-03	Google	0.0	How sanctions are depriving Russia of its shot at LNG global leadership - Riddle Russia		https://news.google.com/rss/articles/CBMikgFBVV95cUxNNXZOUElSaVNxS3pTdlEzdTVnZzdzSHNfektPdE5ZNHJQMGZFVHVzRmFLUmhRR05ib1VwMU1NVkJmNDE4THpxV01uVlNSNUJZVWVVLVJiNnBRRnlZY0t6SGpwaEdNZndUQXo1aGQ0dEgteWR5dVFuYjc1M2VyVjhudWUxeF8xX2c3VGFFR0JpZ1RQdw?oc=5
2026-03-03	Google	0.0	INSIGHT: OFAC fines US person $3.77m for Syria sanctions breach – here are the lessons for businesses - AML Intelligence		https://news.google.com/rss/articles/CBMi1AFBVV95cUxPeHVRQjNoNUd3cGFETWpIRnlVd2VxWHZONXlIT21hT190eldZUng5dUJlbG5Zal9XS3JoQjBva1ZXNkp6XzBMN25pMjd0MG9qMjhzQm9aQjZiSWdSMkJUcnBfQmxZTUQ2THp2MklvZlVsZ0QyRVhzYVlGZ1VpV1RGaF9LMG04eHBuTGZ4am94R0F6REV1eTB5cVdfTmQzckVIejdmQ25UTVNtYjJUYlhnR2ZxeUtJeWFFU1NQQTBLdjV4UGlTZzF3MlZuQy1XLWlHeHVOWA?oc=5
2026-03-03	Google	0.0	Iran war brings urgency to fintechs' sanctions compliance - LinkedIn		https://news.google.com/rss/articles/CBMilAFBVV95cUxPUUlVMnpYdE94d3dNZEZxdFFDQjlISWdfcm02NWcwTjg0SW0xb1lzeExzUEl1ZmZwZFBkYnRqTEVpMmJXbE8tTjNoeGR6M2E5WmYzNDdfajd6RkFYUHI5T3QzMF9yWUVCcXdWTkYxSDZFdnZvdDI5Q1ZKLWtUWEEtZWVlNEt2Q2ttX3F3a2RQX2w4aEtn?oc=5
2026-03-03	Google	0.0	Judge vacates sanctions against 22 Columbia student protesters - CBS News		https://news.google.com/rss/articles/CBMiowFBVV95cUxNeHpjSVB3MW9rZjlxOTVqX1NIU1IxMTcxcjFvU3NKRG1UMGlKTzZRbGRfWms2QWNvWUp0aGtRSFlBVWdiVXF6dWdYUG9kUjJtRDdlU2VLcndRUzhwUi1URjFTOTRTYW1zYVkzazE3TmhRS0pJd1NWWTNhRld6NXRlX210N1F6ckk1MHpUM19SU1lLeW9mNFhrdi1nbER2by1Pa0Yw?oc=5
2026-03-03	Google	0.0	Justice Dept. abandons defense of orders targeting law firms - The Washington Post		https://news.google.com/rss/articles/CBMif0FVX3lxTFB3N18wdndBTEJpRlhWT2RHYmQxczY3SFdqcXk3M1hHSnNxdVN3Yzd2SWJXZzh5aUVYZmE0OFhVbkZNQ0tNX3hjRnZZZ0hjSXdKZHNZMWpZN3JHelluYWIzMTNSUzVDY3BsQVZGXzhjTWJoaFkxWEdUVGc0Sno0MjQ?oc=5
2026-03-03	Google	0.0	Opinion | Hotter heads prevail at Trump’s Justice Department - The Washington Post		https://news.google.com/rss/articles/CBMijwFBVV95cUxOcldLMm5Oa2JCQUwzeEFQSE5nQjhnQVFoWWZON2VBV1dUNXZfODdJcld1MGVPekFVVEkwMXM2WnF6c2hPbDFZa3duWkd1SXdXM0pIUHpmclNyVHBCNkJkbFUxTHRfOWZGc0JWd2dDWjAwbkxGY0xwdm9CNVZaeS05RXphU2NEcXlYREdzamVDRQ?oc=5
2026-03-03	Google	0.0	Russia could gain from surge in global oil prices - Semafor		https://news.google.com/rss/articles/CBMilwFBVV95cUxQaUZIajhTNGZRaF91VUlQUEtJb0I3Y0UzbkNNcjUwSjI1dy10bG5Xd1NyZ3pFaGRWX3NxTUQ5d05lUnRxb0oyY04xQmNOVE1abTR5N3BjZm9aZmphSk1Na1Z3OG0ycE9uelBJR0hnaVFHcVJSWWNIYXBmeXB2eGdqa2diQ3NOdE5VY0tqRDBrM0FUYlhERXhJ?oc=5
2026-03-03	Google	0.0	Russian Energy Sanctions Wipe Out 5.4 Million EU Jobs - Hungarian Conservative		https://news.google.com/rss/articles/CBMipwFBVV95cUxNenpMVlY3cThLRWpoUUNrWTgwbDJSM3FRc2dQcEJRVVc5Tmd6Z1ppNnp5dVJVampKYUF1YnVhd19pQzBETElJMHBLQi1IRjNHWUFtek5nN3NoNnRTTE1RNE9FclV4aTlYaGFNdjdocmVNRDhKeTFhWVJDTnFpRWNOMVNBeEZnTXZhOW10T1ItWjF5OUc2SmhIeHNMVXFXblM2S01vZ2VsOA?oc=5
2026-03-03	Google	0.0	Skadden Hit With Sanctions Over 'Vexatious' Gaming Suit - Law360		https://news.google.com/rss/articles/CBMimAFBVV95cUxQb19RSmtuc3B1Q3JIRHhVVWwxZnV6YVFPUUlDTjQ4eUoxLTlXbDhrS1JKeGxld0hZb2VsdUd2YWJNcjBNM24zWDg1LXB1M0lzWFJTcFRzQUR1cEctdmpoenQ3US1zM3FuSDVKWEtaTjJBRTNXWnlTTWVyU29MN0ZENXdxaTQwSjJxelIwUlJGOVI4YW1PVzEwWNIBVkFVX3lxTE00clpHRFEtTWxzWHBwMGxNTXdJRC1ic3RfNjJEcEVydzhJTnNWUEJ6cHFnaEVJeWtjQWd1Und2bU9fbm9xOEpTRzhlcjRVeG03VzItTURn?oc=5
2026-03-03	Google	0.0	SymphonyAI helps Spanish bank transform sanctions screening - FinTech Global		https://news.google.com/rss/articles/CBMimgFBVV95cUxQNi1vT0tib3VzWFRycWZVNTc1ZVRjTGNiRS1WUEduNko3ZVVBRFQ1MGJSamtGYUR1aVJ0RExONDY3dmpsRXVKaGJKbF9iREJfakJUM2tvSXhQWE1SVWV1Y1c5NjlNaF9CSEJ3dGpVeVdxbGw3UjJNOWVoOFZhcDd5UDhGaHNZQ2s3QVpteTN3UFZZVGQyM0RYQjlB?oc=5
2026-03-03	Google	0.0	Trump Administration Only Briefly Abandons Orders of Sanctions Against Law Firms - The Well News		https://news.google.com/rss/articles/CBMiuAFBVV95cUxNaVEzdWRieFRzUUxObnp3T2pTU2xMSkZpOElKcnNMNFFsSTRiNEVMQ3NYdWY4eklKYTF2dGJTRTQ2bXp1MV83bGtUTHB5RkdtYlZaa2hUMGVvQ3pWYk9rdl9TWHJfem93Njd2cHQ5dVhLaXVwUGxBempCNlRsamtPdi1KMDdlNmJJN3NCZS1MY2lEUVdRMktzSDEwZU1EOVd1OUtZcjRVNk5ZTW9CS2pNSEVoX1JSMTZu?oc=5
2026-03-03	Google	0.0	Trump administration reverses course and pursues fight to sanction law firms - Spectrum News		https://news.google.com/rss/articles/CBMiqAFBVV95cUxOY3JkSWkxYXNHY3F0QWlJU2VwUG5fRW9MeGlIRmNzWmdwV1hrT0liakU2OHJLVEwzMTAxUEZiUFA0bEJCejZoR1pQeHRoS2JaTUpFSUJUcmhGcEVJWHdKOVFpWG1hck1oOTFpYjBOcHRsZjVGWUs1UVdNTG5iZDVPdnNtcHNpRVVFamd5Zlo2aHgwenZ3b2h4cWV4ZjVfT29vY1hXZDZCbVQ?oc=5
2026-03-03	Google	0.0	Trump imposes sanctions on Rwandan Armed Forces - aimnews.org		https://news.google.com/rss/articles/CBMihgFBVV95cUxQOWZtSnhXMi0yVmZZMjlvNTF4T2xqSEd1bW0yY3B1UWdIQkJodF9CNzZMSW9zbk4tUWNWbHpLYnoxNWtMRGppaU5nUE1qbm5BVEVhei1mQXNQd0hpeERtdjh2X1NZaGVFNWo4dlVMQzBwUjNSNjN5OVVLaFhFUmRyc1RKdTVpdw?oc=5
2026-03-03	Google	0.0	Turkey eyes lifting U.S. CAATSA sanctions before U.S. midterms - Reuters		https://news.google.com/rss/articles/CBMivgFBVV95cUxQdlNGa1lVZW9yVzFXd201SkdWRk5uZWtwaXVFcGFLelhfbjJWeUZ1VTRiSnhCdGUtZjAtVE1NRXJSMFZvNlV6aFF3RDZDeWlZTmIxb0tSNXRKTkMySGR1QkZES01XYlRnVU1nWWJ6alY0djdRQlhQdkZodzJoUHdUUWtTRHFKaGZJRWY2d2hWSnQ5OXNLMXhLWmhTZVZXa2NNMmgxNlhOaFRaS3NIR2doWW5XdUpsNWVucUVDN2VR?oc=5
2026-03-03	Google	0.0	Turkey eyes lifting US CAATSA sanctions before US midterms - eKathimerini.com		https://news.google.com/rss/articles/CBMivAFBVV95cUxOLWRqSU1rbEpSVWRlbDZlYW44VVdUcm5MdV82cHA3LUZYb1MxTDJpWWhzX29qUGhRTk9TUm9EXzZFQTdMRG13UXFhSG0xUHNOd3FoQXNEOXVqQ0NwTUpQVlhnUE03ZWhYdUhQRFE0dmpjbzB6VUowckNSTUQ1ZTdxeFdZV0JoekNtOGx0WnFuTFE1QXJtY1pFeWc2dmV2dGgxQkttdy1xNy1xTDdscWhkcXBoekFuVDhaQ1pJQQ?oc=5
2026-03-03	Google	0.0	Turkey working with US to lift CAATSA sanctions before midterms, minister says - Turkish Minute		https://news.google.com/rss/articles/CBMiuwFBVV95cUxNSXd2djhpVmhja2JCWld3T28zOFUtODRtNlhXeTVMOXhvQ2ZPZF8xWk1JN3dfamhDRWd2TDZ6SDRLMVZMbnUwWFZUVTJEckJSTWx0am94NldicXdEOXQ4SUM1UWlzNmQtR2laMjF4STg4SmNORFJ2RzZNN3lLNUttYTAzcXNETE1LWUVQZ0ptRmxfbmpUMnJWWkVaT1h5ZXRVSm9XYXlQdXFwQkp0bTJKOXhnZ3UxdVdMblRz0gHAAUFVX3lxTFBJcGc0Tk5HWUlHNTlwZUJLa3d1UTExdkxDUGN6eExJeXV3aEZWS3VtNHlMRFVFT2dWQmpkNGdUSXJQNGZoNFZXR3I1YWZlZTVBNkxFX2daSlBRNExTemU4c0p1TVBXZzhfWEx5bnlPQUhFb3p5dDJIQ2NIVHdCck1IekU5dWllc3Ribjc3eHhfeXItZkpvY042MFdLc2o4bExaZks4RVpVYkF6RWRpZGMzNWdpTUIwRHJKMHpWWmVnZQ?oc=5
2026-03-03	Google	0.0	Türkiye eyes lifting US CAATSA sanctions before midterms: Fidan | Daily Sabah - Daily Sabah		https://news.google.com/rss/articles/CBMiqgFBVV95cUxPZ1BXUHRhMXJBeWFPRXNnZUFWZVdBcmFsUWplM0ZiVmdTakQybkRWT01OLUNodm8xUGJWeW5VaFF0TnlBLTFoZkdrYTZWZEozRTFGdV9YVk42alAwQktYQmRPdTNWVm95UnVvV0Fnd25SMXE2eTFCUkxDWkZNSXNkaE90SjJpOFB4dzNmbjJ2RGM5SGFST3gyclVqSlRzTWFsWnYwaFR6SHpyQdIBrwFBVV95cUxORzJERmlDbXJtVUFvb3lObzJiSmhkb3kybFVMSXgzMU5IendieHNuSTF5cXhfMlFva19DMXlSZG5SLXNIS1hqdndseFVGZTFKWmxZc3RFMXVkSGlyYjBuUkFvaUNsWVg3dlF1akdzaGFhWTVRYjdpUzk3Uk5mbUZhOXI4eUNuakNTQWVUdFp2U1VxY1RFM2ltMW1aQVdVMWpMN2h1THVHSlhvZ3AwV1Nv?oc=5
2026-03-03	Google	0.0	Türkiye working to lift US CAATSA sanctions before midterms - Türkiye Today		https://news.google.com/rss/articles/CBMipgFBVV95cUxPU3hhc1RwWUNjdjJOckoxT0k3M0x4c20xSjFJZmtEMGdBRWpfYUhJNlUxRng0Qm9OQXFJWDlaSFNGdEpsalg0X3dkS3ZtOGlLRnBoa05CelA1ZXhaaTRpZTlKTXRRUG51ZTMybTBjSXBmS0RoRGhGeTB5RU1PNDlDcFlUTTFEUzVRWWhYQkd0OWlMQXAxZzRKMmZoN2FNTTRIaFdMTVJ3?oc=5
2026-03-03	Google	0.0	UK Lifts Sanctions On British Accountant Over Shadow Fleet - Law360		https://news.google.com/rss/articles/CBMinwFBVV95cUxQRDk3bklOeUpCMlV1RzN5eks1Q2w4V0R3bnhxYi1KZGFNZnZscXV0N053SUFhNzVDb0hENXBLbVhYemhjOU8ta25RZi1LVHFFUTRjeURTYW02b21aTldkdXVBb01HYy1RSjN6dDZZYVdlaGhvMG9BM3VKTnZRM0ppZEhucUYxc2hPUkNublVGel8zakRvb2RSUldnaHd3WnfSAVZBVV95cUxQQzJxa0lpRE91VUlKNzBHUlpxMGVQWjFwUmVsRHJzQVRvZXRtbF9naTZrUDBWN1cwQ1JIdkEtUkFwMFBqbmhROTNEZUxFOFAtcFQ3aWtfUQ?oc=5
2026-03-03	Google	0.0	UK Office of Trade Sanctions Implementation delivers training in Turks and Caicos Islands - Sun TCI		https://news.google.com/rss/articles/CBMirAFBVV95cUxOSTEzMkFBRkc5ZTVFNU93VFl2UHc2V0tEOEp3STM2aFhHUm1NblpLTy0wbVM5VkxEeWZybXl4UldZUkhsNHVidGJkV04xUDctRlc5M3h0SEVkVmhBYUFrNVVPYW4tT1l6SmhmWkUtZk5QMFIwS1k5cUpIZkVrUjJacGViY192anZOTWt0eU41SEptTEliMkNzNmE3b1YxSU1BVy1iRFBaUlV4TjBy?oc=5
2026-03-03	Google	0.0	UK lifts Russia-linked sanctions on British accountant - Financial Times		https://news.google.com/rss/articles/CBMicEFVX3lxTE9wMGpiRGp2dEh3cWRfWFRteWZuTmhWcjNuMFkySzhZYU1iSzEwR2wwdEZReGNqeEpyNFlEY0lSUWx6VDExcVpIUnZ6S3YxNGN4RGllT2Q0RnlHNDhSTjJPOUcyeHczdVBrYk1SQW1jVjc?oc=5
2026-03-03	Google	0.0	US hits Rwanda’s army with sanctions for ‘violating’ DR Congo peace deal - Financial Times		https://news.google.com/rss/articles/CBMicEFVX3lxTE1ZcTY3WWh3d293Mkd4VzMzV2pMSEE3ejY5YUFTcDN0NThPSXJrQm1NUlRfVTl6M2JaYzR2WlhBRk0zUkF5Z01icEZfckgzbGNJa0MtZGpfdU5aa21zWi1VRGJDM1ZUMVR4Mmh0eDRzZlE?oc=5
2026-03-03	Google	0.0	US sanctions Rwanda as Congo accuses rebel group of massacres - Reuters		https://news.google.com/rss/articles/CBMiZ0FVX3lxTE54OEw3Nm5yZnJrc0swaWdDRnNteWgtUXIyd2k1TGxRTVh6d1BtenIybXFqdnhhLUgwZ2JpZ0dwakJrWnk0Rm02RUQtZWtHRUpfNkdCb3ZVc2NBT3dGcVkxTl9wSlZ2N2c?oc=5
2026-03-03	Google	0.0	US sanctions Rwanda's army for violating Trump-brokered DR Congo peace deal - BBC		https://news.google.com/rss/articles/CBMiWkFVX3lxTE5WN2psQ3ZEYUlaNzVHVTZXQVRIU1BjT1h6Nm9ZaHE4a0dlUnF4LXJCcE4xa3NybWEzTExleU5TWDVvcDhKMm9GQ1NiZnhmajJZU24xS01lYXpfQQ?oc=5
2026-03-03	Google	0.0	US sanctions reveal Iran’s growing reliance on Turkish companies to expand drone and missile programs - Nordic Monitor		https://news.google.com/rss/articles/CBMiywFBVV95cUxQdlgxQkxPMmhpUGgtMDVGaFNSQ2d2QnpJdnl6SzliZkpfT2R2djIzbWxVRldwelFYcWpUTEFxem83T21yUU5hcG1iZU04eFIxa3BSTkQ5aEhUanljdzRSLUJXUEQ4ekRCRGo1UmxZY01iZEJVTlZuWFRacUJZS0tINkpIc2d3Vjg2QVI4SlZxM3cwYWc4RGkyWkszM1lBZi1POUdhbDZlOU9vU3lzVzZicjdnaUw3SHZ1QzlTU1FPdEgwT0dEN2F1aDllWQ?oc=5
2026-03-03	Google	-0.062	WORLD IN BRIEF: Iran closes Strait of Hormuz, Oil prices surge, US sanctions Rwanda and other stories - Business News Nigeria		https://news.google.com/rss/articles/CBMi0gFBVV95cUxNWHlsbGs3SnNpZVotSm1vdEdZdGI5TWE1TEc4LXJLaENGM0lWUjJNT2xENUd4T0dtNFFKeWtqUXFNb2pmdFJCNWJ6cHFxcWdodW1DM3YycWtYVWFfS0NGYnE5WWJLaVREb3B4VVBJS1dTdGg5dmxWYkJEQkFzUjNDTExzTzI2TEx5SkE0YjRmR2JvdGZCVzh2OTJUUy00Tk90RDJCZjE4eFpkNkZoUV9CRW5JVjgwdGtod3M2SlIxQ2lyZXg0ejRQbUxXS3phVHNfdFE?oc=5
2026-03-03	Google	-0.1	ACLU Comment on the Trump Administration Dropping Its Defense of Law Firm Sanctions - American Civil Liberties Union		https://news.google.com/rss/articles/CBMiuwFBVV95cUxNVUJEN2g3Y0tPY3lRb2RqR3FhQTdJUWZYZW1TMFdlVDNnOWpia0lla2h2YXRFRnM4aG5OYkNZRVVzWWpRM1c4SGZDYkVuYzdVS0VSQzdJVUlhcnliYlE4U2xCOV9PNDQwSGlVdGJ1VnVGdWt3a1BfVkVCNFhXM2dJcWNlUDhHSV9pelRXVEF5MmloVWlXdjBibzlEaHhzRGNYWGJTdXJ5cDZkemY0cWNEdXQ4b1FGT2hEbVFn?oc=5
2026-03-03	Google	-0.1	DOJ reverses course to continue defending law firm sanctions in sudden about-face - Courthouse News		https://news.google.com/rss/articles/CBMiswFBVV95cUxPMF9BZ3RxTWtxekFHMnBfZTQ1cVZhMHVWV2oxYVNfbGx2d3Y3M3JzUGNWYmp1dHh0UVBrQmN4SU14SDlhM1Y5NUhlR280LXZ2REMxUlhJajZhbUprVDNNWTJ1UnlDVTJpMTJrRExEb1hrTkNVNzlLaURBeF8zQmo5X2ctN2pVU0t0WnVhUEFVSkNkYlNTWm1NbE04eU1JMVJIMEl2VEtlb3lxVTBkTUVOaXZ5NA?oc=5
2026-03-03	Google	-0.1	U.S. sanctions Rwanda’s military over support for m23 as Congo conflict escalates - Business Insider Africa		https://news.google.com/rss/articles/CBMiyAFBVV95cUxPbENsLVI3c2NLemxlQ2ZpLUNtTmhiTkFvSFhZU1VXUnY5azVqT0xXdlp5bU1RenBuUFBxc3IySzdpb1ROMWFnUlhvWXAtNVdnUDVJNkFJRzlmYTd5QkJFQVJ2OXRvNXBpbmM1emg4d043allTaHh0MkhSdnBONFd1YTZYR2JjYkN1NzdRWlVSNm5ZT25VR0RqRldmSnRoMmlTMlM5YTBVbmdvS0M0TWd2TW03TU96RnRjVEZxNXlrZF9fdUEtaFVoZQ?oc=5
2026-03-03	Google	-0.1	US imposes sanctions on Rwanda military over DR Congo fighting - RFI		https://news.google.com/rss/articles/CBMiqwFBVV95cUxOTF9NRk1wOE1MLXhzS2YtaEJWa3JoNHNXZG53akZNOTJnazRFVUFLY0paZUxwUDNDRGtxOXVyejdLd2s1XzIzVThkRmZoU3gtc3dKaFp1Nmp5VlVkRVZtYVBRRzQzRVVNOVREUjV4TVB4eXRyVXAxYkFnWWlEUGFTdWZCZXhLWHBxVDVIMy1qeVhoVVVKeDg5OU8xanh6ek5Yc0dqeUExWXBnaXM?oc=5
2026-03-03	Google	-0.1	US imposes sanctions on Rwanda military over east Congo fighting - CNBC Africa		https://news.google.com/rss/articles/CBMingFBVV95cUxPdllHOUQ4LVBKQXJnQU9uZXloSGlCdHFzdTkzQks4VFQzZElqazBWUHoxSURrWDFyZ1JCMkVaakZmdlU3eXpuRl8zRkQ5VVEyV3UyakJ3REJqSWF4WFpxbGYtcEdEVUlrbkw0eEI0ZC03R3F4cGlaMHU1SjBMUFdCNXpjTFIwRHFxODlmNnVjV3MtdktxN0prOFRFUlQwUQ?oc=5
2026-03-03	Google	-0.1	US sanctions Rwanda military over east Congo fighting - dw.com		https://news.google.com/rss/articles/CBMijwFBVV95cUxQY29sdHN2OWJQUjBhNDdENGljYjdZR1hsSkY5cGdvWnFMSHlnbnZtdm1KY0wzRkd1YWZVOGFtenFLWnhHd2hvdWFVdnZrdG05WnUyUi1CRW51a2F3Wl9oTFlndEhvNkJEYVRkb3BhTzA1VXczUUZMaGQ3ejlXTHZHelJObDE0eDZzRXhCT05pVdIBjwFBVV95cUxOTHZUSXVZVDBnZWY3aWprQ1g4TXpZNkhwLTJzMW5obU5FQ1ZaZy1FcmM1dWptSnhtdTRBNUZnQ2hFLXd4TEZSSTNCekd1X3kyWVpnN3Z3SWVFSE1IVlh5RmxQN0NjSEkwLWMzQVJZM3Z1cnVJYUxyMTNlUkxLRVRicENLd3dVc25hNk90UUlWaw?oc=5
2026-03-03	Google	-0.1	US sanctions Rwandan military, 4 of its senior officers over Congo rebel support - Anadolu Ajansı		https://news.google.com/rss/articles/CBMivgFBVV95cUxNcEZRVi03aF8zRzVEWnc1Rlp1N0xWYl9sTUM2YklUVWc3T2RCUU15c0VWN0c2VTJ5VVJVNXVFSjVkWHFneDJHS3JjdWwtMkxqQlpOS1hNR3A5a2NaRVE5aGxDZzl3UU8weU5ZeDV4WDZPVzJRMHJrQnNPZ0J2X014N1FIUnJyN1owbFVGUmJNbGkxRUJvRzFyS1dWLVkxLVdhNUw5TGc4ZWdNQldnMnRxWEFXUlVKcG5KdUw2R3Vn?oc=5
2026-03-03	Google	-0.1	US sanctions on Rwandan military raise risk of doing business - The Africa Report		https://news.google.com/rss/articles/CBMiowFBVV95cUxNa19OVENVLU50dUZ1R0pHOUpGSVhMbkNkTndqNUhqN2FPSHJjNmtKSFJ3XzlXMkgxczVnSUZUakNCNm1FbWpSLTVYYVlvNmpZcnI5NTZWSXVUWUdTTXJvd0Z3N2syQk1GbjM4ajBCQ2FkS3pSLUtDYjdhWjgtbmVzUHdQSHR6eTlYaUtDUW0zaGdGeGJIZlplZ1JWQnFhYk9pRVVn?oc=5
2026-03-03	Google	-0.1	US slaps sanctions on Rwanda military over DR Congo 'violation' - The Mountaineer		https://news.google.com/rss/articles/CBMi7AFBVV95cUxPV0pzN1pjUXpzYTJuZ2ZFSVppbmVKRlFCYXA2TnQwU1llTDNMZk02OGFFQVdneThVYlJTb1FmZ3ZxZTBHdlQ1N2ExYjM1XzNNOXBld0xrMUlrekxXbWxPMmYtQXVuWjVZUF81VElVOTg5X0psMXdkeFhDQzEtdlN1aWlycHNOXzZlMkNmMzY2dXppRFBhbk8xMm9HaHVEVjNLelRaX1Y0T0NfNElIem02SkFfVzY2VDVzRVdhdXp3NzlCOXFnWFZJb3Q1RnRIc2dGVTB1UFh6LVlyTnI0NDh4STc3dTRqQ1dFR3dvcA?oc=5
2026-03-03	Google	-0.1	United States imposes sanctions on Rwanda military over fighting in DR Congo - africanews.com		https://news.google.com/rss/articles/CBMitgFBVV95cUxOTF9tNXV3b3dzVlJrOXZZY2gzaGFCQm9rRXN4ZER5WDQwU0lVUzBUeUI3NVNxU3paaV9iTkJsSHBMeVV5UHNXUm9PWXEzU2x1WFdHTTA3X0RTSUZTV1V5WUV0eENlclJzWmRONlRPQXpOQUZjTm5MWXViNHlGQXh1VHZrcngzMmdUeVRvNVJPNENHVlJWOVVYai00U0JVSmg2TUoyVWRfWDE3UnBicFhwRFRMUzRkUdIBuwFBVV95cUxObURUUl92QjRrUDZ5S0VYXzFaQ0ZkNFZmRnd4elhacVRyekFGUG41NEQzbnFrR05NMHBmMUhQYmVaVElXTnlfTTBIa0YwYmxjcW9GdjZnTXNxVkNvZTVHNm11VUV2R0EtOVlmelQ3dTYwS1BiSmtKVmlZM2Z1cXJyTlVpcjVzYnFvbEhieUYteEVYczR3Q3B2a1ZmMjgzUkJYc1JYb3k3bVBuZVFMLXRQWi0zWGV1ZHpVZjdJ?oc=5
2026-03-03	Google	-0.162	Justice Department Makes Abrupt Reversal on Law Firm Sanctions - WSJ		https://news.google.com/rss/articles/CBMiuANBVV95cUxOcnppWTY5cVJ0QjVzSGFyaFExYVE5dWljRmJoOGVQR0pQcUZESnZDRjRyWVNJS3hoTV9oa2RHeGk4X1FUQ0VDd0JYM2dFMk5kVlQ3SU1XUFdHclZRLURPOGJoR3RuNUZlTVduQ1d5amh0WDdCWUl2UFR3eTRucWtZWFFqWG84Z0JIblZsaWh0YlhkVXY5MXZwVFZjdlJDUTVtR2w1ek9scjVWSlJHMlJldEJadUlSeE5WMmVLSFhGRWVkNlFPT2ktWnFxUkVfTkdxTTJfS0hDZ1lfQmJHc1luUVh1bk5aT05iRlFzZkg1NlRSYWp3NnFzUDA3UEVfeUU3SUZ1UWZUYVBWV1FMcVMwYk8zNHJBb0FSLVdwWlZiQXV3MHFwa1dnNjlOelRHRnNJN2RiQk83N2tfN2F0T0pLSk1yRm5oQV9kSmZpSnBEU0E3NlB2cjFDUHFkemxhbWU4LTQ1clFHTUFyQU1Ya3NucTNwbVZYM2lBdVE5R0FCMzBrTGJmVXBuNHV4b0xwbnNkTnBxcElBNmR1bHJKUjJhXzFWdkxqeWJWb3NuQnY3bXhWWUkyU3JjNA?oc=5
2026-03-03	Google	-0.2	After aban­doning law firm executive orders, Trump ad­min­is­tration reverses course and pursues fight - Spectrum News		https://news.google.com/rss/articles/CBMiqgFBVV95cUxNRFdGRkJ0dHF0WVBQTDhYVDBpeXhnMEVZNlFZS09ZR1JqSDhGVndjU2hIR3hJd2M5QjRaR1g4a2thbGtKeVlDU2JaMUs1cmJVV0NqMUl1Zk1JX3lySV9hQlZSQVRfSTBSYnBWWWNFS09MR29NOWpDZjBnNVBsbHdiLVRYYlA1T3BmTm9CMHhJanYyOUN3NGJQcENwSUVjSkFhSWNEd1NPTWJ1QQ?oc=5
2026-03-03	Google	-0.2	DOJ Reverses Course on Trump Law Firm Sanctions - Newser		https://news.google.com/rss/articles/CBMikgFBVV95cUxPa19yRXQ2S1JzOEY4TnZ6S2QzWC1MZzlQYXB6S3lsWXJ4SWlBSG9scWc3NF81ZDRJY29PM1BTYk0wajZZOUU3WkRoal9vU0hQQ19Nd2NsaGVad194ZTQwTGFDOUh5TGhXMUw3MHpTeGNqa216WWpqRGxHVVdMUFIzdGZNSlhfbjNZMGRWTEhwd0VLUQ?oc=5
2026-03-03	Google	-0.2	Exclusive | Trump Administration Drops Defense of Law Firm Sanctions - WSJ		https://news.google.com/rss/articles/CBMipgNBVV95cUxOc2RGWlAzeHphaVU2SHZ1NVpJNUV6enR1aklZZTVjREw5OW5NaVh4bWRGZzZqY01YUnlrS0dKbG9kNUZNNXFZVXhFanFacF9Gd3drclhEVUxpR08yaVRyUG5FVEQ4bi1hd1VVMV8tNVN0Yl9JWDFrbnRxbkNQLWE1WDFDZ3k2cTV0OXZhSmUxTU16dEtnYzZpeHpsSVo1ZkZWd0lINlVGQmQ0UVhFNnZZVDhxajNsejNMSGFqSW1MRmYtcUtMRzUxMXBCWE5wdTNMTk5FWGxROU9LLU56SHdCb3BhMTNfbXdpSTl0aGZmWHN4Vm9HRWdBdi1CTHpwQXZ5b05tSjM1ZTZIVm1zT0NrektOOHZSemExdU4wTDRseUQteVRnRzZWbnBJcko1NFZWckk2NTVMdG5JamM0eFVvamtBNUk2VWVMRXpHR0tmVTczUG1yRmhQd0s3UTV1RWF0c2hHZHlFUXpwbFYxWUdPeXJxNW94WWRjVlE5X0V4U3MtdS1adEdLM191RnE5bzF3Q3FUeXYtRUFSTTFfM0lzVW5oemJVQQ?oc=5
2026-03-03	Google	-0.35	Shadow Fleet, Sanctions, and the Demand for Russian Crude Oil - Вокс Україна		https://news.google.com/rss/articles/CBMijgFBVV95cUxOM09mVjVveUFsMXh3OUJodk9PQnp2ZWg3N0RIS1QtSGVfTDZhVDJpeGNLS0ljb0ptam80Vll2Tjc2SVVUeUdvdkhibERIaVdNMVhVOVRUc2RHZmNmb2p3OGl6Vndlb2xyX3pvRE5VUnI0eFFiTEFXS1VTN3FrcXhXWVpNc09BaUVnQV8yMEt3?oc=5
2026-03-02	Google	0.5	Iran conflict: 3 steps for compliance teams amid rising sanctions risks - Elliptic		https://news.google.com/rss/articles/CBMioAFBVV95cUxOdlUwb2h5a0lJMTFRZV8yTS1LS25BOXpoY3dTSkxRZFYxNUZtRlpBY2JQQ0ZKUnA1eVNKbDY5U0pWNzNxWTVFYW5sZXRnY011WHljVjloTHFkdUpudjZoY0FnNDlEMUJDdURRR1JYN2laZWZnakZjNmYtcnRjdWZUd1ZMQ2RDNGY0bjdDQ2hIVVQyaWJfMHpOQUE1TnlGRkFO?oc=5
2026-03-02	Google	0.5	US sanctions Rwanda’s top army officers over DR Congo conflict - Semafor		https://news.google.com/rss/articles/CBMimwFBVV95cUxOQ2M3R1VST0xSVUtoVGYtdXhhRm16T2FmWHJkOVFvQzZXeFhPc18zdzBDdGZJZUpaSzNiaENZZUVDMHp3alU4SGlNdGtzLTdJaElTVG01VU5tUjh6d3BXRFg5dUN6ZGNOTDRyajR3aWpxbHlSbE5hclBkSmZxdnRPYjNsTDNRaTE3VHFoZEVTbXhTNVJ5ZFNvdWZmOA?oc=5
2026-03-02	Google	0.2	Canada Lifts Economic Sanctions on Syria: Impact and Business Community Response - The National Law Review		https://news.google.com/rss/articles/CBMitwFBVV95cUxPUklfRy1Pa3YydlBnZ1RmSE1acEdVZE5oWi1oUDlGYmFuN3Q3cE9WRF9GQm5YdnVDcW5nbE9Cbnh6bFBGbzZqdHdDYW9yZHppVjJ3NVlObFVkaHNySURGOUVFUUxUMmF1WjlWWUZ2eVFSZW9vZFBFaWdrOEwwODhkbzNDWXFIaGMzY0I5eVd3RTg3OGxScklJSGsxcDY1T2dETURYTUx3aS1udkp5OVFHWmNLaUo3X0U?oc=5
2026-03-02	Google	0.2	Russia’s Defense Industry May Be Running Out of Steam Amid Sanctions and Economic Stress, Report Says - UNITED24 Media		https://news.google.com/rss/articles/CBMi2wFBVV95cUxQUW41NUtZX29hU0FhNVlyTzh2ZWFydkQ3RHhuRVAwb2k0NkZNcG5HaGhwNjJSWFNSazhYb3l6VVlsZVNVX3I1UWNvcDZPeEsyc1pJMF8zRUQySzRDMDNIMFlEeVFBVWdEdTZzX1M5TDBHU0RRMUJUMDRXTHJKOTRDM2J2ZUxPeUE2Q2ZpeWFORmdCV3lTTjBJSnpyNmJVeEM4NHBxay12MzlnVU53cjNmTWh6TUFSRFJyemJzbllaVVlYaTlxUnY1RjhmbGZVbGNhZC1CamdsTmhJWGc?oc=5
2026-03-02	Google	0.2	US Sanctions Rwanda's Military: OFAC Freezes Assets Of RDF & 4 Top Officials Over M23 Rebel Support - Dallas Express		https://news.google.com/rss/articles/CBMiywFBVV95cUxPSTFCTmJZR0FNLXItT3lYcms0R3ZLNTdLLTA3RUxYSndoSGliZTMzRWtzZnFnWEkxWGpVc0U5dDZ0cFhZamlTQVRpS0loeVl2VW5EYXZFWXJfVl9MaFhuN1VTUnFZemlsZGVPSkVMZGI5cmpuREkzcV9jbXkxZlhNMG9XdWZzR2dlbjdfcEVGcFBFUThLOE1vVzlIdE1SRklfSlJkS1J4ZDRPNWRLYjZyeHhjeExURkhLalIxcW1OWWNLSEpudGVZUzdyNA?oc=5
2026-03-02	Google	0.2	US sanctions Rwanda's military and top officials over support for M23 rebels in Congo - Goshen News		https://news.google.com/rss/articles/CBMijAJBVV95cUxOQ3RnTlZnZlcwS21VNXF4ZzJLdEdHcmFUTlk1Q1dqNF9OMlBfVVAxU0NraXRlN3VvcDRINFdLQzFieE5MZjNXWk1pUng0bDVSSUk2MlBGRHhSMDZJOVh2cWdOWC1zMzdqWkNKa29ZMmZpV1dMTkVJZDJlQTd1dE1FdTU2SnZ5bDQ4NkFnQzJXQXloWkRRYVNQQTNnTzJWMGkzNS1DX1RSeEdpd1l3c3V1c3dHTHkyQk5fS3haUVlHZTU3WGJPeUt1eDE4VG9IRWdVSTdNTUpBUXhjUWdDUFVHbU9TdTVnazQxOHNuQjdPWUV3VUltRUliRE9JeWp5TlNKdDhFa2NweXZFNWZv?oc=5
2026-03-02	Google	0.2	US sanctions Rwanda's military and top officials over support for M23 rebels in Congo - Ottumwa Courier		https://news.google.com/rss/articles/CBMikgJBVV95cUxQMFRSandyeG04RUp4OXRDZUFNcDE4YnA1QnBWUktBWjFnSzhNM0wzTWlkN0tsem43MW1KRWNfRE1KZjdrTzc3eFBhSG8wUy02TmRKN1lBQmJtREFmcjJ6R29fa0J5Mm9vZ3RUeHFIZUJNSzBickhFeWlac3hpQXJPNjFIX3drYzRBdFBOT2YzQVJBdG5mQW81T3Y0ZVFqNWQxNE9WemNNTzlrNjE1V05vbTAwNGVVWW5QN1hNbG94WndUa2xueTRTSl9tUnJJM3F5bWg3Mkh1c25pLWZfZnA5cWpPVVU4ZVBxN1RWbnVxaVotNnNWR0o2THVqV1ZJS25jQjdudDlYVEllZVFfRzBLTGRB?oc=5
2026-03-02	Google	0.136	Dow futures fall 350 points on U.S.-Iran conflict, but oil prices pare gains as Trump hints at sanctions relief for new leadership - Yahoo Finance		https://news.google.com/rss/articles/CBMigAFBVV95cUxQeG12aXZaR19MeGZCdC1pcGNXQTF6cHhOTGRLN1hLbU5kZHVNNGxDSTJnRDJqRHZQWnVQZ29mb3FTbTU5NllOOE9oT2FqZUJvUDR5Wl81c1ppaks5VjFvalFlZWliLXp2RTY1NjlIOUtPOWdqWWJjamtmVW1aWTRmag?oc=5
2026-03-02	Google	0.136	New York judge vacates Columbia sanctions on anti-Israel students who occupied Hamilton Hall - JNS.org		https://news.google.com/rss/articles/CBMiswFBVV95cUxOdURvNTFXM1RxOTNhWGdMRVQxMHZIRzdRcHFUdWplR0FUazBOOXpfZWx5Z0ZGVzZvSVhmVF8yNWsybnI0d1JfYktiUkZ2aGN2WTBoMW5XUkl4YTlIQjVRcTFHY0dfSldkaEU5b3lwbnRkUkhvWElneTJ5NzBIWEFKMnlzclA3MGJDOWdBdEE0TWJOOTBjRHBHandCd3FVLVFDSkM2N01paFE3eWxlSFlWY0NlRQ?oc=5
2026-03-02	Google	0.136	Tottenham ban three fans for Nazi salutes, club handed suspended UEFA ticket sanction - The Athletic - The New York Times		https://news.google.com/rss/articles/CBMijAFBVV95cUxQQmVrSnJLUjZ0WlVGRGxVbExNd0tQQ0RHZmVYVGc2T0dRMkE2UnQxREg0ZzZ3bmMwYjFQaUZRdmlSd1pqRjdTaGM1V1FCT0xrTzFSWEFWaXBST2xlX1VMRDlqOURzY2ZYa3JBdm10YTNOV3AwU0hPWXVUZ1AwMGVlQkFDYVNoNjZMbVA3Zg?oc=5
2026-03-02	Google	0.136	Treasury Rolls Out New Sanctions, Cyber Designations, and Bank Crackdown - MyChesCo		https://news.google.com/rss/articles/CBMisgFBVV95cUxObXZ6NlNIZkRxQndxTGdDYU84VC1raVlLWjNGWVA3eTdzWHV4bzNlWnZ0elNzSThfd0lHdnBGNFk3MUllMkVHWmVDWC1idDZ5blNxTEdtaVVLZm5Zdmwxc2ZmOXNfTkgyUG5wcm5lbzhHSlhuWmRQQm5jSWQybU1TY0U2M0NjNWk5YUpXaDNGNVNSc2JsbVFSOWNzbGpicFdJOEpDYlJ3MzVFVjBRclNlMlhn?oc=5
2026-03-02	Google	0.136	U.S. Slaps Sanctions on Rwanda, Saying It Sabotaged Trump Peace Deal - The New York Times		https://news.google.com/rss/articles/CBMijgFBVV95cUxNbGY5NERvM0dWM2x1VlRjZTU1VVl1bWU5ampYZFVuU0ZCZ2FMY01EMVZEdzBOUEhsWjFxNWhKZUFLUWd1bWljUWoyU2RrZzhDblpsa1NIZVVISXZuQ3lvdXZXWFp1R3BhYkZEZ3lKb3RMdlhpaG5UQWdWY3l5djFfTDh2UUJpM2xONjJwNUlR?oc=5
2026-03-02	Google	0.133	US sanctions Rwanda's military and top officials over support for M23 rebels in Congo - The Batesville Daily Guard		https://news.google.com/rss/articles/CBMigwJBVV95cUxPZmtOamhqQ2hCMVZxSTJJRjE1dFg3T3VCYWJJbVA1M0N5aVotX2MtekFXTFN0cldhMEpsQVBPZHlNd1F5S2Z5V1hMa0dKLUQ3SklWSFpYVHhpX0Vaem5UeGNjMUgwZ09vblpVd1BYN2NFdjhEazJLSVNTVjhjamx2VWtxYTdpQVFCVVZsYWtOV3NHZlBJYmEyeHNkN2h3Tm9oMGdZV3VOVnNab1RuRXNicHNPMmlXMUhTS3g5ZGhFZkJROXVKYUtaanpBb3VPeEZ6UUZzQ1RHNlJvLXRxTzRIR0VoLUNxajJyTkRodDROT0toVl9RRkg4SlRFNmpOM0ZhM1o0?oc=5
2026-03-02	Google	0.1	Kyrgyzstan ready to challenge potential EU sanctions in court, senior official says - Anadolu Ajansı		https://news.google.com/rss/articles/CBMixwFBVV95cUxOU2dOakFHTmhpUEw0UHVkS3QtX0NtblVKeFZiSG45SllKdnVtY2R2U1BudVNtUmRrbmZUaXdKSkVqRkNmUUJFMll0M2pPRXROMjlTX2h2WnJqY21MY1NoWG5qRE53RDVSQ1c3OHJxNUVfc1pQcTNGSFJrd3Frd3gwZ1BZMHZ2MklNWnNBUjJLcmFQeDZrYU9Ueklta1UtTWs1X05LNGtDUzBuaFJNVDRQa1VqbEY5ZGMwRC1kZ2R1WUpPWVpyZE5R?oc=5
2026-03-02	Google	0.031	Sanctions: seizure of Russian-flagged tanker demonstrates major shift in enforcement - International Bar Association | IBA		https://news.google.com/rss/articles/CBMiqAFBVV95cUxOS091UTNoUTRWQUtzT25RUUtaN2pBd1RZV21mbldLSFlXVUpFVmc2d0RNSmdNb0YxaVVPYkJuOEVQMlBkakNlQ3hwSWJWNWxjUmZGXzl2cUxhSTJWSFlFdExaNV9RNzU3WjJjdWVPTFl2Yk42a0lsMl9TZkdmMXJYY0xKYWp2UmZOdG1iUTJaUVQ1RWpHRXJleFE2cXJWX3Z5QVdUakJWQXk?oc=5
2026-03-02	Google	0.0	Anthropic’s Pentagon Sanctions Expose Enterprise AI’s Emerging Vendor Risks - PYMNTS.com		https://news.google.com/rss/articles/CBMixwFBVV95cUxPVVJLaDA5OWMtTlMzUTZ2aHZoSVBxTGN6SUR2T25jcGp5anAya1JHMlNZb1g2WU1rNGNVUFBFMklqS00wSW1ZNGh4QlkzSTliSnNKc3N3SHBxTl9kZmg3dHFCV2dqZ0dxcEhWZlJsYkJjbDVGWTVfRmJiTlNNQlhLQndzdUdIWHFsNG1SNjVOZC0wWXEwUTJOTFc4azNBbUZNaVZfMl96VjNJRzQtYUxkbE1jdG9CX3BMN1RpLWxSN2ZYMVN6T1Fj?oc=5
2026-03-02	Google	0.0	CEPR Sanctions Watch February 2026 - cepr.net		https://news.google.com/rss/articles/CBMic0FVX3lxTE9GWG4yb0NwRUhqNFpsNmhqUlRzcUkwNjU4a3FMRVdNRUJzS0d5elE3OEUwa3VqX3ZMcDlUSGlySWY3VVpMRVpGczNJRUJmb181bGJVR0JJUmtJUFlLZVdabjhfdWtpM1M4TDVMQUVLMkNSU0E?oc=5
2026-03-02	Google	0.0	CMS plans sanctions on Elevance Health (NYSE: ELV) Medicare Advantage-PD enrollment - Stock Titan		https://news.google.com/rss/articles/CBMiqwFBVV95cUxPSHBaOUhYUGdvbi13ZE1rWC1QRFRwcTl6UTJ1S014Ry1vVEFTWTlOMkNyWUxIZHBJZ2t6bk1kcUdtYzVMelMtbmZxMWt3R19oeU1mQWpBZmEzWWRFcjRDczFfTzBQT0tCSUg4ZVdwVVMySkJCMnVyRWdDNUd1aEZtWGFPZ3plYlNpQUMzQ3N4OHlYVkZGWnVHdmc4WDRLdUcxSjdFTUlTQ2NXV1k?oc=5
2026-03-02	Google	0.0	CMS plans sanctions suspending enrollment in Elevance's Medicare Advantage drug plans - marketscreener.com		https://news.google.com/rss/articles/CBMi1AFBVV95cUxQWnZQSWdkWGViYWJYNXJ6ZHNjWi1WNllENmNKNGQyRkJ4Z1dPS3lKaEY4Qnh1XzN2c0VnbzJSdWlRUTU5Qy1oVG5vckZSaGdtVVJhdWZiemRDUDBmQ21OSVpoUlNVcHhkeGxHUERMNmpDa18yR3dEd2hlQzFOakExUU54MmQ3c1NER3VzNzktbkppVFBFSGFCU3FCN2xtYlV4WkJ5MV9RazEwMFVpeUJOYnFKcGwybjNBQ2NqRXYydTg4SmhOMkpFWm10UWkxOEp2SkZqZg?oc=5
2026-03-02	Google	0.0	Central Asian Businesses Adapt to Global Sanctions Shift - The Astana Times		https://news.google.com/rss/articles/CBMikwFBVV95cUxOdGZpOWVtS3ZsdDIybXZjV0tGZl9PYkFxT0MyaG5BbDNfbGtWdGlBb3hPaDBWWTBWVWpIUEdsZmRvRVVtZHBhbUpLZGdnR1FuMFFvT2xpenFJNmxtODN4aEFxdjFYNXJKLXRQcnhzNUVNb0h5d2Z3bmNuREYzVHhMZmtjOEtmeFN1ZDBaRlRQUUoyTTg?oc=5
2026-03-02	Google	0.0	Central Asian republic threatens to take EU to court - TVP World		https://news.google.com/rss/articles/CBMimAFBVV95cUxPS3VrSGd6bl91MVNkemFDUmZoWFFjSEtSbzZjRHhHQnVJaFFBSEZEZHBIU29KTm9keVlqTHA5Vi1fMjVTaFFmZjhIbFdhT0NBamYwZlFlMW1GaGJXRHpGOC1HZ1daU01qdXlBVHhpWnNBUTgxeC1LcmNSWk90OGNvWWVZQlJFVjBvdXFSaG5Rb3N5azRndXJ4OA?oc=5
2026-03-02	Google	0.0	China demands UK lift sanctions on firms over Russia ties - Anadolu Ajansı		https://news.google.com/rss/articles/CBMipgFBVV95cUxOM2g5YWtrWm5ZaWRmS3pkQnc3cVZJUTAza3JFYks2cjQ0Ykl2WEk2MnFPOV9KVUh5am1PSUFqdFhGNzQzeFNITXFWckdSZjF5NkQ0RGlhVUtON08zNXRDWkItUUtvLXZOYlRkZVRFVzVDQ2NzQ1hQQUIwamRvZ2pMQ0g3cjFJRjdNaG8wQVZQbGQycmZZb2Zxb1RLWXR5SGZpSkVYdW53?oc=5
2026-03-02	Google	0.0	"China opposes British sanctions on Chinese firms under ""Russia-related"" pretext - Xinhua"		https://news.google.com/rss/articles/CBMifEFVX3lxTE5peGgyY2FNU3hWN1NGdFl6cUZTZHduRVR6S0drbjU5YkJVMGhrYnJ1d0ota211VE4tWDNNRjhNc3ZPTWJ3XzhNVzlPdVphb1pqWl92VTdSTFJ6cXhaT01rYmVnQTJLelJoMDZPbDdlWmUtQ1F5WmNkOC05ZkM?oc=5
2026-03-02	Google	0.0	Club statement - UEFA sanctions - Tottenham Hotspur		https://news.google.com/rss/articles/CBMihgFBVV95cUxOTlQzRHdkZnNLdTVQZFItZW9xYUFmV2xuSnZlQU5vdzhNNEVYZWRHakt4T09WSEhPbzdEWTBZaGhLaFo1WkdhMkdFUUhlYk4zY2FnMUQtYzJOX0JHb2h1WnJmYlhFMDRJQktQR0RTcVZZYXRTRzRKZmNxbWVPb01nTWFId1ZGQQ?oc=5
2026-03-02	Google	0.0	Defense and Energy Support for Ukraine, Increased Sanctions Pressure on Russia, and Continuing Negotiations to Return Ukrainians and Achieve Peace Were the Key Priorities of the President’s Diplomatic Efforts in February - Офіційне інтернет-представництво Президента України		https://news.google.com/rss/articles/CBMipwFBVV95cUxOSFR1YUt0VTNYaXl5NjJGalNtUnMtOERocUV6NXU4cGNQcXJFNXVFZUNxZUxldnpsaktuZWF3UGx4NTZPSmU1a2dMRk9VSGtZTmpSZHhnaXhrRmtSdmZGaGxEZHRnYUJhbURHbjRrZXRRalRlYmFkaDRxWVk0X0RGTWhIQURUV2JsS2xMQ0w0d0xiaG11Y1FDMmNCZWh4M0YxTEpBclE2TQ?oc=5
2026-03-02	Google	0.0	EU considers restrictions on Kyrgyzstan over Russia sanctions breach - EUalive		https://news.google.com/rss/articles/CBMikwFBVV95cUxQU0lBYUVGYkNva1ZzdG1MdGNqQ1dWZG9LQ0k5Z05ITG8tZUtrSUtlb0k5X0M2V0NxbUV5NFdyTFJDQThhQnJCOW5TdGRNNC1WZ3VJQlFXYUo4cy0ySU9VQmIxTGJVUV9xQkZJUDJEQ0QyQWs4MUoyM0pDZFN5dWpiTERlV2poMGxiOXBXVDJtNllicEE?oc=5
2026-03-02	Google	0.0	Elevance Health (ELV) Faces Potential Sanctions from CMS - GuruFocus		https://news.google.com/rss/articles/CBMimAFBVV95cUxNSC05UDNMZXpEc0dBcWpGRzczajVpakhSUTlReGpZVnBuenhYOFhvajFZV0p6NFY3ZnJVZkhyMzlTaEplQnoxajFoUlNTZU1SVEdBakgwbUFidjhESjFQRUstbVkwTktVUFpnaGRyeWZSbmx5UlRBaldGNnFEOXAyVENDRlVjWG1mNUtRQjZkZkpjVFNfUnY0aQ?oc=5
2026-03-02	Google	0.0	Family of UN human rights investigator sues Trump administration over sanctions for Israel criticism - The Lufkin Daily News		https://news.google.com/rss/articles/CBMiowJBVV95cUxPNjdkZ1NrNkxXazRBeW5FVjB2ajY4SERXbGxOd0s0aHVpZ2NwMFppZm1qaVlMOFBVLTB2Uno4UkltWVd2STJ3eUlfNEJ6Wno1RF9wYTNJVmx4bGpGbUcyd0trb3V1a0ZXa0kxc0lRVWRpbWZwc29Fbm1iVnpJbU53dm9VWU5zWnVkWVp5cjFMQ2VQV01mWlRVVktQVzRoQ2R2aTNmT1I5aTBOTFcwNUF0Z3YyMmFmdGJaNUItTkNNVC00NHZ3S3FURzhuOUJpR1NOOXRsUWxTNFhlVW5la2l0MWV6WWJrVlZOZC10WHM3c2pzeTZtUk5DSnd3X3g0MU1PQWlZYzg4VllVSXZwWUJDWXZZWWlKdVI4NWFBUmI1aUJKREE?oc=5
2026-03-02	Google	0.0	From sanctions list removed Russian minister manipulates international sports - Baltic News Network		https://news.google.com/rss/articles/CBMiqAFBVV95cUxOV2RjQ255NVRtdDVtdDExMjJJOGZpUHMyNGNiUTNTOEhJcFVOOVpOQk05ME9xcHFXYlMwVWhucW9mc2piLVBVVHBRaDdLeENoMmRVdE14Sk1yUWwwUzY5amY2V1hmZmplLTFYMTlndzU2R3QwT0hQNDd2Nm1xWllMZ016ZVpxaUNwWVUwdGhxYTg5VF9fZmdvM25jT2lEdC1kTHU2QU5fekc?oc=5
2026-03-02	Google	0.0	Hagens Berman Denied Rehearing Bid In Sanctions Dispute - Law360		https://news.google.com/rss/articles/CBMimwFBVV95cUxQejNTZjB0MHhDcW5jRmk1N1BMdHBmMS1fTEhyMEp5LVNTdHFJdUxlWHZJSHN4Q0xVamhNNU10SDFVV3J2MTk0eEZWdFI3Sld3LWxjM1BIVHdlTHFPcWdXQWpUV2JtcHhaa1N4ZUZQU0w4SklqalExT1ZZcWRvM0RaU25sTWV0R1RReXdreUlCSFVRMHBEMlg5cDIwc9IBVkFVX3lxTE92em9aRDQxQVN3dWdhbUl4MzgtUzk1akliN1A0ajJLaUFBb0lQS0xnbS1pVFlMejNTdk1NZkxPYXVlb3ZtdnR3VHlrRkVhRDJnME9vMU5R?oc=5
2026-03-02	Google	0.0	ITA confirms sanctions for Dajomes and Bernard - Inside The Games		https://news.google.com/rss/articles/CBMijwFBVV95cUxPMXM1N1pnVE1acjB3QmUtZGw0Q21CNXFWRGFicExFOVcyMFUwZVIwckxGZFNkR0c4Mk1wVGtWVkVuSlhoV1h3OFlNVTVDcjNaTmVqYy1oQzJ3X0Zuc1ZMdTZzZ2dNcE1ZdnVLaHFLOFJDZTVWYXROX2M0SnVtN1p0TmRSTkhvM3Y0a0x1NVhkQQ?oc=5
2026-03-02	Google	0.0	Iran war brings urgency to fintechs' sanctions compliance - American Banker		https://news.google.com/rss/articles/CBMilgFBVV95cUxQOW1wT1l6bzBvUVk3M1AxLUhYUFBtd1kyNElQRTNRRzRZaUhvRnY0a0czT0lkd1R4dklWQk1LMXBVNjhHRHU3YjlUd3R5SFZwOHNtVU1DR1J1endhQzFpaEROTmg5STFYbDlQV3B2MnJFRHd0VmNfNTJSb2RkSlZyLTZCRlhtMDlpQ0JoMEFuajFKeXBfcHc?oc=5
2026-03-02	Google	0.0	Kyrgyzstan is not preparing to sue EU in connection with sanctions against Russia - Cabinet of Ministers - AKIpress News Agency		https://news.google.com/rss/articles/CBMi1AFBVV95cUxOWmZXMUVIMGFSY09UX0FxbXlrTG5WWWlsLVp6bEozdDdETXlVbUpyaU54eWNRelB6Qno4bjRlQW9zNEZkOEdidFNua25sMGJPQUJQRFY0dXl5N0otUWIzdC12aVNkaWRwMHRVUFBaTWpmcDFBODg0WWd1SW1LV0RaS3Z4QXFhUXhGSjlQVVFlc09UWV9iSkNYb2dlM0lhdWtYb2habFhCRUxEN0d4QUNlaW5nMExQRjBOUzJta2p4ZGs1NEkxeW1iSHgwZzZBMEZhMjdwNg?oc=5
2026-03-02	Google	0.0	Kyrgyzstan prepares to take EU to court over Russia sanctions - Financial Times		https://news.google.com/rss/articles/CBMicEFVX3lxTFBTZUFweFlfQW9CUnNGbU4weDVSU0haejNSWE95X0g0VjBSOXBXZDBkcHpWZElpdjh0REJqQ0dmaHkxN0tydWllU2hNY1lCTmMxeldiZE1DVnM2Ym02MUpTa0M5bFpITF82U1BrYWtYR3U?oc=5
2026-03-02	Google	0.0	Latvia should assess the US example: adjusting sanctions as a way to avoid strengthening Russia’s economy - Baltic News Network		https://news.google.com/rss/articles/CBMiywFBVV95cUxNMWFIeWdEWGFBQzhZWW45OV9MclFyUTJpMzk1S0loaS1kTzR0bURHQUlJMTlqNVJWbUhIdFB0bTAyTGdjZHBHVm9qMTNZQjBCOTBweklXbkt0Q1U0N1VucE1uTW9EblVVNXozQUpfc0V0bFhZMERvMWwyWGlackhmVnNoLW42WVNiRy1vWlVqaldVdEQtdVM4Y3FBTDd3dGtTaGhnOFR6RTMwTHR2em5sZnlUNkx0Rk1yUVRaUTZoWnlFLUQxRXo3WEktTQ?oc=5
2026-03-02	Google	0.0	Ministry calls on the UK to lift sanctions on Chinese companies - China Daily		https://news.google.com/rss/articles/CBMifkFVX3lxTE1jMXptZkYxdmlpME11Qnhqclc1NXB0c29kRmM5TmRtMk5Od2s0Qk1LUDNENWxKMmhFRzYtdFl4eHhLX3RRWlFTY2R5bzk2eEFXT1R0LTVIQlBWUlRzOHNvRTNEUmhQcnJFa0FBT3d2OFhzcHpwMUxmQlp5WXpZdw?oc=5
2026-03-02	Google	0.0	Pembina Sanctions $425 Million in Pipeline Expansions; Cedar LNG Capacity Fully Contracted - Pipeline and Gas Journal		https://news.google.com/rss/articles/CBMixAFBVV95cUxNUnNzd25zTE9lSUNXT1lKRE5heHR1RnY5NjBlVXpqWFNNd0xBM2dINjkxQ09IakNYY0NEZGVtYVIxdG5yU0I1NWZxWHl0RldTSW93MFB4dHR0eTFhcTc0Y0dmTllrUFp0ZjhsNk0tQzV0ODNEZkd4QmpIYUwwOHNQTGlsWXRsOTlqQlUyUGpiWEFVczdIZWtpWnBNRG9KU2wyakx5UWpRM19xMFNiT2tLYVFYVUwtUXBpQ1FJMjBZTXNFUllG?oc=5
2026-03-02	Google	0.0	Rwanda-Sanctions Congo - The Herald Journal		https://news.google.com/rss/articles/CBMioAFBVV95cUxPbnMyQTNhQ3RFaDBBamZYeDlOX1BQX19HaUwzLWJFZ2JRM0JoMDNwSnFMX3h4WEM0T3pQelpKWXRuNVhCSlJRbk8xeTNydktnYWdsMEFteVVBcGNsY01sWFNfSkpiRzg2bDMtbDVEaVd3U3ZXcGRJSWQybHh1cmdzc3RkZnNSeXFPMzZjYVdtd2wwQy1WcXJ6eWx2bHlaTGVi?oc=5
2026-03-02	Google	0.0	Sanctioning Rwandan Violators of the Washington Accords for Peace and Prosperity - U.S. Department of State (.gov)		https://news.google.com/rss/articles/CBMi3wFBVV95cUxQWHUxTUt0LTVFVFB0T2pRcHZnLS1SN0dlOHVQZ0QydzU2b0R0OVlXaFcxeEdEY0VBaGtISTFpSndrVjBGNndLS1JQOHM3aUd2dHZhRkZ4cWV1eVBVY3kxenRtdkFaVm5QS01qdDhaSDZBZWlZZURpdWlOU29SUUU4WUgzQU90anBhNjZic2FiRl8zV2ljb19hVGZQY0RVNFMwOXJybWFwVUktb21CS21TNGxsR241RG5iSm44OF9VSEFYd3g0TjkzVk9IcUwwOUhDWl9nNUUzZGZTb3gtUlY0?oc=5
2026-03-02	Google	0.0	Sanctions bite but Ethereum’s crypto mixers keep growing - Cybernews		https://news.google.com/rss/articles/CBMijAFBVV95cUxOQTM5eXNmZVN1aDZuRGVmNU5fbVZkbnlXSWlWMF9ZZ1JETzlMWDlYelM5aTg4VUZlSzROQjNIeFdDYU9nNDJzN3N0NEpEOHhNT0I5Z1ZjNnFLVWxhb1BXYU5ZdGdLQVpScWN6alNYN1RwSDB0VlJacE9lTXJtaVFCTzlUTEhjck9OaDdSQg?oc=5
2026-03-02	Google	0.0	Shadow fleet keeps Russia’s oil exports beyond Western reach - GIS Reports		https://news.google.com/rss/articles/CBMia0FVX3lxTFBzRTVqQ1dIbzhOOWFheEprcGRmY2V2RnR4eWs3enBYbkVsdVh2RWdxVjg0aVZWNjdSMXdxSk45QlpYR2taUG9fMDZxSzN4Wlc3ZlRQNnpOVTBKYml0WjhobFpSTTA5c2g1MmNR?oc=5
2026-03-02	Google	0.0	Trump to drop bid to revive executive orders punishing law firms - Reuters		https://news.google.com/rss/articles/CBMirgFBVV95cUxOQ3RMUFB3Zk5LZzZVV0JYV3o1d25oYUpqRTUxVFNieVVCdmlWeVpxZERKa3B4S2xwMFJIMzVfNnRybENBOUs4eU9DaVNRNERZYWtpMmZZTFNJSF9Kc0QzZFE3ZE4wemRDSXZlR1VaU21ySVN0VUZBQ2lKbFBmaDBVWDFKejBWaXRpNG9RUmFrdUhCc2pyUm9qT1Yya3pVSmZJbTdjdmc1SW9sTFBILXc?oc=5
2026-03-02	Google	0.0	U.S. sanctions Rwanda's defense force over support for M23 rebels in Congo - Pittsburgh Post-Gazette		https://news.google.com/rss/articles/CBMiwAFBVV95cUxQOFBaUWJNM01IS1doNW5aX1Ryc3BjUnU3NjFDcjdNZDV2dFdhY0dRVWNDT3ZEUXdpRC1USTl2WndYVWMwOHgxR2xoLWJCSTJkQ1NzLWUyNTB0VklBcEFXcnZVTnFIdURMdnhGMUNYN0s5dlQ3OVl6X3d0SFV3Y3V5WUQtOTh0NVdsTFhremljdDhKelhqVkdZdXh3anBNMUJTUXVpMEs3Ums5SlVvaGU4VmxGT3FEWTFOcWlwdzhzNGk?oc=5
2026-03-02	Google	0.0	U.S. sanctions Rwandan Defence Force for violating Washington Accords peace deal with DRC - Peoples Gazette Nigeria		https://news.google.com/rss/articles/CBMisgFBVV95cUxOSElZRndhX3VjVkhJV2NjS3F6RmhiOVp3THlhb1Z0bXhPclhHdmZiNlB6OU9Ka0g2enIyWFJ5Ukx1WGpLUGNhQy1zOTdBWVhmV0VCMUtxYzF6dGxLaTM0eDVoMkhiZmY2d0gzMlNLbFZscmJMZ3kzSndTME9kdnd3N0g1Tms1WHhIRzFyOEpjSGwwSTJWWnpGaUlIOU40Y3RZU2U3R3AyblV1c3VqUHl4MWJ3?oc=5
2026-03-02	Google	0.0	UK revokes sanctions on British shadow fleet financier - Tradewinds News		https://news.google.com/rss/articles/CBMiqAFBVV95cUxPc2lnSkJrVmR1YUN6TER6VkNGSTJNNnYwZUFndlhQaFZoUWpPWmdJcmJyYXkzX0docGlVSE5Uc2lOUzVrUlFDTmdkcVBkWE5nV0FlVjJaUENEM1dIVk82WHk3cVVWb25CX3p5dVNvZGhyWVExQUtOdkJ1MHNDX3o4MFowOTR3a3BkNzJVV0plS242UDJiX2c4aFkySGlRQmZhRVl1bUlfUzg?oc=5
2026-03-02	Google	0.0	US Medicare agency intends to suspend enrollment in Elevance's prescription drug plans - Reuters		https://news.google.com/rss/articles/CBMi4AFBVV95cUxOQldsTk9qSjczdkNjSXdqcTdDYU5lcmdiUEQwQW8yWldHakRMdFAtZ3VCR2JqZ0dVVlM5S0daMjduYUF2WnhqRS05TUZCdC1WSW5nNEQ3elZSUk9qbnIyZVJhYUJVODVrT0FvN2FDU2VWYUpyLXZpY2pfZThhbXFDWGZyc2ZsWE91LVlpaWtWc3dUaDZsdExCcTVuM0dBbWI0UW5BTnlqLXNzcEx3Vkg5U0FXMkMtUTZRODdZQWx1NmtkTjNvbzMtbGk2a3huRy05eFhORlVhNVd6U2VrQnlVQw?oc=5
2026-03-02	Google	0.0	US Sanctions Rwandan Army for Backing M23 Rebels in Congo - Bloomberg		https://news.google.com/rss/articles/CBMirAFBVV95cUxPbzM4NzNkZEt1NHM2b2ptRGlDOFRWOHM3cTUwVXRRZmFhWHh5V25pdWQwZWNGaHZ1WEREc3RadGplRHNOeC05V3ExWTdnNEJEcXJyaF9XNklXalIxZF9fYjJjMFc0bzJVS0dMRWp5MDlNb0NDS2pySTF3bUItLVFoZ29BTk43dXpXVnZIaFN2elQzYURNZVQxSmt5YUtoV0Q4VkJvR09IVmxHX1Ex?oc=5
2026-03-02	Google	0.0	US sanctions Rwanda's defense force over support for M23 rebels in Congo - Ottumwa Courier		https://news.google.com/rss/articles/CBMigAJBVV95cUxPSm9jQ2g5UnBNUDBhODA2UVMzaXVQSjZWM3Y3aFZQeV8tZllBRVdXazdHb0Y2eGNqb3BvSHJMb181OXpxZmJ4Y19uTHdXN3lrbHZ4NloyX2swOEVmdW9QRGFPalktSllJOGt6dVcySDV0LXBqQzZOUWtrX3Nhbmx2ODJFM0E4V1o2NVFrNEpFNTloVXhfUE1NVno5RGs3cE13VXFfQTgtU0dJRElMSnBwU2FLc25CS2trUDVSUVBiRHhfMDFwYWU5Y3ZUZjREUFlXaEZ0NlZLeUlxcVBVZU5uSW5Ua2gzOEMxSDJUSzNrX3hHeEQ0RWxZSWZfNEF4emZr?oc=5
2026-03-02	Google	0.0	WBC Sanctions Oleksandr Usyk Title Defense at Giza Pyramids - Sports Illustrated		https://news.google.com/rss/articles/CBMimwFBVV95cUxQTlNSU29GX3IzRnN5VVk4Rk5sNnY4LVVCdkx6UTNwaW5QZVBZTUxQYnc2ZjhUTHlDYXJxMXY5SFdLcWdoeFJOdFlLU01paEdpbWVRdEg0clRwX3E5SUc0X0FoTmRwMWtKTGpqaWxWRGZzZ3E1VDFkMHRzeHpCY2VDaFFGaFRvTFlicVNMeGFhVGFTdGpBd2VweFBTNA?oc=5
2026-03-02	Google	-0.05	US slaps sanctions on Rwanda military over DR Congo 'violation' - The Killeen Daily Herald		https://news.google.com/rss/articles/CBMi2wFBVV95cUxPal9ERzRYdjN0dHpMRXNuVXJkQmpmSE1YWW9uTXB4XzNfOGhLUkZpZGQzVDIyaXNRcUFEd21ocHhIdzFGZjJzc0t2dnY3MVFBMVdteHdtTEpSUjRabXpYV2hqdmRTWUJnbUpqUUFXSm4yREZVZDJja3JTeVVJLTRGajZOcTluSVJCcDFsQmFBMW5OU01XbEd2NGJYTjZuTk0zRENNQ3BDaE9ydkVZMEV4OWN4a0V3QWFJSjZMTk51Y1d5MTBOTXhXNXRRU0NYb2NCdkdsb0FvY05mWXM?oc=5
2026-03-02	Google	-0.078	Switzerland shuts down bank accused of Iran, Russia sanctions breaches - Global Investigations Review		https://news.google.com/rss/articles/CBMiywFBVV95cUxPSG9QYURTNDY1Q3NDT09JQ0d2U0NrM1MzbU92M1A5SEIyMXNvU2FHVi1QTkR5SFZPa193VkNtMHlWUUpGenFQMXlFM0FiMXllRnM4ci1lNlFsQWdYMTdWRHhhUHkwUFZEcFBFMXZocXpOcXU5UU9YSllWalhjaWFZV0dMMHdKSlZyOWI5NkUyZ1FONnlSc1Q4YkVDamdpV29faVF5VnF2ZEJaU1hVZ1NXbHd4aWlPRFNCSjFOa20zMDRJNW52VU9MX21wOA?oc=5
2026-03-02	Google	-0.1	Elevance Health: CMS to Impose Sanctions Suspending Medicare Enrollment - SEC Filing - marketscreener.com		https://news.google.com/rss/articles/CBMizwFBVV95cUxPa2QzRHZuQmxaT0phbUdtZXVJRTVUUmR6UDBkRmN4QVpyTFR4V2kwWjlHT1Vrb0JEbE9VUjdCS0dpbmVCQnhzeExtblZEdVpTOW5tM2dld2d2bFE1ZnVnT3BKbnUwYkdGSG1TWHg1VzlJTlVUV1Nmd1JUVTlVUXRmY0tCdUI4Q0hEUFl2LUJIUDZ6VzlqQ1EzSUZXSzFBUkRnVHFKY0JXOUsxZXhybkhhVWx5dXZQNFdIWVZrejlKbjg2NFJ6dnMwbmFqZE5DNWs?oc=5
2026-03-02	Google	-0.1	U.S. imposes sanctions on Rwandan military chiefs over alleged M23 support - Face2Face Africa		https://news.google.com/rss/articles/CBMirgFBVV95cUxNZjBDalJUNXo2bEEzVkpGeVJha1lZeGxySDl5Zm1xblJEVFFVU2kxYkY1S2szQi1Na2o0ZWtpNEdsQVVyVjJXaWtCSWFtNWFPMloyTWtKd1FocVNrekEwNENKZFhTNWluRmtSRUw3UFhTdW9VZVF2NG5aUU1wOElVd2ktSnNwSnZrblQxbXFhVnAtQ1hodXoxWGRGUHJCMzhNWi1yYUt0cF9nN2FrRkE?oc=5
2026-03-02	Google	-0.1	US imposes sanctions on Rwanda military over east Congo fighting - Reuters		https://news.google.com/rss/articles/CBMilAFBVV95cUxPSXJCSjI1MlRBRVoyWlhKSnluNThEREFJVjVXc1lFTmJQdFVuTGd6UlhFNnlzTEFDbUkzV3FPcWl1dE5rVm4wOXYwSXRxUzRNV19MTzF0amEwZ1pNTEJ6QkFpN2g4WlF1NjlOdFJUSGtUQWdKM2VpOURNdGNsZ2VxZnoxSGUxUzA2anYxV0tJZWdzV2ph?oc=5
2026-03-02	Google	-0.1	US slaps sanctions on Rwanda military over DR Congo 'violation' - Iosco County News Herald		https://news.google.com/rss/articles/CBMikAFBVV95cUxOaVZhNUV6NVNRNHRiWklISHFITHBUT21mT0hMU1lidjMzbGVfTU92Y0FoUnc1RTB0Skxicy1UX2ZTYTJTQnZyWmx5Z2YyMWlRUlRUcW1hX1ZhVlN4MEdhVjZJbm9XOFVzazdnUW5qRFBGRU5xM3hoRi1oUEJlM0NKUmc0LXg1aGRQbUlVSl8tZUk?oc=5
2026-03-02	Google	-0.1	US slaps sanctions on Rwanda military over DR Congo 'violation' - Omak-Okanogan County Chronicle		https://news.google.com/rss/articles/CBMi6wFBVV95cUxQdjhtUEhWV3dSSDJ0NmlRUkNnbUdFN0dFS01NTDB1UEpxQW9OcmwwZUdUcUtoYmhKWVgyLVBYZU14N3gteEM3VWRHMG9CMmx2NmZmcmdneTQ2dDN0UHFWNjlnVEg5OUF4MkUtWlRMNGdxUWFnWl81elFxSlc2TzlWanZnV1Q2Y1JwSU1GX0U1dmlOV2xyQk05NF9hOUhHczloNnFCWW16RWtPVEVGYmxXbDFoYTBQd2t4akRpTzRSaDNwaU14Rm5uYUwxYTFEYWNOUkY2UDFGejl5V1ZGVVdfdjBWWmF0XzQ4dkxz?oc=5
2026-03-02	Google	-0.1	US slaps sanctions on Rwanda military over DR Congo 'violation' - RFI		https://news.google.com/rss/articles/CBMisAFBVV95cUxQeElTbGpyYW9XN1lNMktIci1LWlg3SnFueEpGTl9qVDY2Wmx5UHBCRUl2akNrSjlTN1pQX3NZWVNBVklWVFBaQXR6QV9WRG8yQkt4SGotTzRwUThGdlRUeW1IN25xeU1teUliWm11czVqeWVEZC1NUWlaRVNMa3pRWENZWlU1SHIwOW1aZHA2amFBOUJHaWM4OVVDNHRyZ0FKX1Bwa25JRlVaVldObmdFZg?oc=5
2026-03-02	Google	-0.1	US slaps sanctions on Rwanda military over DR Congo 'violation' - The Elkhart Truth		https://news.google.com/rss/articles/CBMi6gFBVV95cUxNd0FDcWdwQjJsZGdWcUYtUWdJYXpDRktIZ0hhdWdJdFVFNVVOZmRrcll5ckc0blhqSlVueXpxLVhWLXBEd2JGLWs0bEtGemlCMGtyNjBWXzVPR2tXRVRPeGgxNGJGa2hudHJVZGk1dk1FSTdIN2d3X1FQTURKb3hhTVdiNVF4QlB1WDZQMFFBTGUtbHhhMWU4azJjZWxfMWR1cDNFRnFYalgwbGZUWUZ1alQ1a0NOOG5uODhBY0R3Uk0zNE5yYkJSRjNuVnJobzc1S0lxdkxucmZRR2dpRnNRbkdxZDBiTTczVHc?oc=5
2026-03-02	Google	-0.1	US slaps sanctions on Rwanda military over DR Congo 'violation' | National | lebanondemocrat.com - Lebanon Democrat		https://news.google.com/rss/articles/CBMi7gFBVV95cUxPMDk4LUYzcHZYcy0tZnFoSkd0M0s5RzNTZ05sOVNyY0psNXQ3d3JPRVhDYll6TXdMVmYwbkpZa0hTN0Jfdm85Rm5FbzdJd0RaMWhXSGNtekhXc1dtM0dxM2tOR3N2a0NrOHE1S0tjakRZaXQxN09TSi1qQ0RFcXF1SGZJYVRCaFdYNUJSOWptOTR3NDNzV0JGQXIyR2k1Vk1ZRzNSbDFuQXV3SmlrYllBN19WeWRUTUR1RnZ3U0lLXzU0T0NKMHVkT0Q4S0NxQk1WVGhMOV9Mb1NuMFBtdWFVa0QtTFgzZFVfSjhiWHNB?oc=5
2026-03-02	Google	-0.125	"US sanctions on ICC did not impact Philippine probe – deputy prosecutor WATCH: ICC Deputy Prosecutor Mame Mandiaye Niang told Rappler that US sanctions against him and eight other ICC officials caused ""lots of inconveniences,"" including the cancellati - facebook.com"		https://news.google.com/rss/articles/CBMi2wFBVV95cUxPN2cyTGJSdi1qOHhPNEY4MFlEcjhad2dtX1FyUUp4WDNERE9CVDBqSy10eWJsZ2o3RDNxd0xOZW5SaU1uSDB2YkJkR0c1dXk4aXNTWWFvdXE0blJ3TTJtOUZQcXp6bmpFeHl4OWFwSFRPVDRYc3ZQQ1U3ekdGdHBETlBKMmpMNHAyU1dCNE1RWGlTa0l6bFhMdnkzUG5xOGcyamNoTnFXRlVSMW8yMVg5WUxCblBJcWEtQWtLSWQtdnpfM0Z0SEVjSUYxQmstSlNOOWU5M0wyakdxa2M?oc=5
2026-03-02	Google	-0.133	German Parts Inside Russian Geran Drones Expose a Sanctions Evasion Problem That Criminal Networks Are Exploiting - DroneXL.co		https://news.google.com/rss/articles/CBMie0FVX3lxTFBXZy1XUmdvb2gySGluR3ZWVkViTldHYjZ4RjExODJWdVc3bDlSNU9pZ0J5eV9lb1ptMXJIQzZRWmRVVWwwMGNvM1dUWnJ5WldSd1dUVnA2dnN0QWVYZnRoanpDWUJYS2phTjZqQ1dTbU9ObndLOEFGaGFYRQ?oc=5
2026-03-02	Google	-0.2	Exclusive | Trump Administration to Drop Defense of Law Firm Sanctions - WSJ		https://news.google.com/rss/articles/CBMipgNBVV95cUxNT21SSVFyUF9SNU4xUjdQZGtoWk5KQlhSUnkyalZWSEFLUTl6bzdxcHlTNnBZUF9GTnRYMS1ienZTNmRULU45R1NiMVNvcF90aGVvM2VxSmNiRXNYSUhTZ0JfZ0VWdTVEVUtLTXRNSEdaMXpzSUg4aXJOdFNVTWlpejhuNzVkZXRpM1BpSmpzYTBpTGl0RUI1YmJTaGF0WGtGaFVfRldSWUFlTDVFZ3d0OGJXa0VhZmZDMktDejV3ZjVKNm1QX0xwNkxBcmppcW5ReUp1eF9EYUMwVWU0MktsaWlGRjRxMWsxRXdneTFpamdZX1JKelBjcmFaTl9EWGZ4OHRzUkJUTktVNVpNOWFHU0l2cVVXRFJGMlN5NGJvenJZTHNvWTgyYm1uUnY0ZkRLOWtheVgtUEZQb1pFQUdLWGpVVTgxbkhxVDFQSmVTaGhLUFRJVFhveENTM29jUWpWTElrTndQMG9wUmV0LTdlV0JQcEg5WUdPdE1IYjU5al90cTFOcU5mRlJaeXRvT0tueTExWHI1Rk1GQUVWYktNamJrdURKQQ?oc=5
2026-03-02	Google	-0.2	Trump administration reportedly dropping appeals of law firm sanctions - Investing.com		https://news.google.com/rss/articles/CBMixgFBVV95cUxNSEt6NDljZlNBNV9hQXdCcXdRUXk0eFI0ZUJfcHpoWURwUE1pSWZJMVVsX0pKRTVFSVI1a3dXckR3Rm9iYnJkVnpyZUxWMVEySFB2R0t6X01mNWlZLXJXSGU2X2hCNUVZU3BoX0tlZEZpcTVoUEl1NGJINUVLWDZxV0FmTURYQ2Z5bzM2ZTlYM3dYYVpGWTA5X3B6bnRnVUFveG5mc1BhNk1xQ0ktUVVXZlBBdmt0UUJQc2xzV19oNF9Wd3pPSEE?oc=5
2026-03-02	Google	-0.2	Trump administration reportedly dropping appeals of law firm sanctions By Investing.com - Investing.com UK		https://news.google.com/rss/articles/CBMixAFBVV95cUxPVUdkeGFMR0g5UENMQUJObzc1MmY0c3JwWnBXV2lfdnVONG44VXRLdWc2WnF2M2hvazhxbmJlaHBCNTRfZXlWNU5JR2l0SDBlMHVYYllaSDFNT196NjB3UU5TamNQdkcxS3hVV0w1TmI1MkdHTjZ3S0Z1YzZId3padU50aVNTZGJMVjI1bVpTWWZZSXVidDZtYmpUTlFyTzFpTTUwU28wUW1Oc1hBNHQ0QWpzbUprQzA4c25jTk50M2xDTG9N?oc=5
2026-03-02	Google	-0.2	Trump administration to drop defense of law firm sanctions, WSJ reports - TradingView		https://news.google.com/rss/articles/CBMi1wFBVV95cUxQS3JFNlpYWEU0aksyaXQyTW1qaTVUNUpaX183cTc1V3kxUmk4M21paFl0Q0ZMV1dwVFJGbzdMcVJBVVMteGJfZWw5WVRTbWx0cktLSnJyOVhMUnpFWVl1aG80YVpBM0dTa2ZpTENpNUpkRVV3X0JqUUo1MVltRkd4cTRjelpqU1ZfWi1DejJfVXlkWXRzdlVTdXVXbHU2bHkxOEhCM3haWlZkRHdESVYxN2g1ckpuQl9NWjVSMVN2bWdGeURtbjBkbG1RLThjNlpZdHNkVi1EZw?oc=5
2026-03-02	Google	-0.2	Trump administration to drop defense of law firm sanctions, WSJ reports By Reuters - Investing.com		https://news.google.com/rss/articles/CBMivwFBVV95cUxPZ3JJbWI3R2drQ2JTT3J6aWhjM2FLejZDeVVzRkxzNnVwZGc5VVhLclhyd0tTWGppSWtTTVNaWTN2ck9BOXNWQzZ4eEl2OXZRMXROV202MUpwTGdkZGhVbUVwS3F0QVpITUR4Rk5JZ2xBa2xwTjQzNXgtQ1VISFY5TWlmVjR4RlBheHpEcG5SNWR6YlFudmNFQ1JKMGVqOHZQV3JLekpyaG1qTkk4cUNfRjI0T1NCQk85bnhuZ3MyVQ?oc=5
2026-03-02	Google	-0.5	US Treasury Sanctions Rwanda Officials, Condemns Blatant Violations Of Washington Peace Accords - Eurasia Review		https://news.google.com/rss/articles/CBMizwFBVV95cUxPSWhKd1lDbUpiTkhGTG1zVTNvQ3Jaenk2TDkwWjYyYU5iaHFiZlVPZXkyTzRzUFpyU216cndNNWNxTXdYWWlON2NuNVp6b0lwZmY2ZFZHS2hfOFFKQzlYeE5BdWhtWXZNR3lBdFE2TUtfQl9BNEVHc1cwRW8wOFE0cWZUeUF1dkdZcVNMNi1ZQ1hSaENORmxKbzUxbXZRVnlFeHA2WW4zZVNBTVVPZzdOSzBUTTRYcWNHUjVwT0NoUWV1RVBPNGNfejZFMFk5WVE?oc=5
2026-03-01	Google	1.0	Sanctions Evasion: The Shanghai Legendary Three-Ship Network - Windward		https://news.google.com/rss/articles/CBMimwFBVV95cUxPeVlWRl9uQWpBNHlEbk9oZWNZb3F6VVcxN0xXdUsyclFYVDVNaVhoWGwzSHZnUUNqM3B3U2pPMXIydlpqQkJFNDFFbWZzaG1kQk1BVU5feFg5U0ZleGY4Z2liTmFjQmFzNGxQMFRQU0NCZkF4YzhMa0JiNmRBVHR2REExeWsxUDZNUmFCTGthMUsyTHpCVDZzZEFBcw?oc=5
2026-03-01	Google	0.0	Ball State protest sanctions draw criticism from FIRE, AAUP - ballstatedailynews.com		https://news.google.com/rss/articles/CBMi0wFBVV95cUxQLUg3TW5oeFpoQ2JCTlhES0NtWFlSczFob0R0cGRTTkNLTFgzRWNDQ2V2LUJoTkx1ZXplOFhOSmZNOUFpTVBkU3hFQzJEU0xMRlltTkpDRHUyc1Z5OFUxaWN6TEYzTndNaFd6QXNiajdEVmNRQjBLZS1PTWFJUGcwekZEdGRvMk95bXdyX0oyaFFsNVV3ZkdMTy1mb1NYQUd0U3BMdThiSE4yRUdNT09XZTFzY180d0k4cW5hTjEzdFJRNE8zN0JqSHZuU2pwZTc0WU5n?oc=5
2026-03-01	Google	0.0	Belgium seizes Russian shadow fleet tanker in North Sea sanctions crackdown - Euronews.com		https://news.google.com/rss/articles/CBMivgFBVV95cUxQVVpLRTh5NDJnRF93OFd3M3lTSzZaQzEzNW9QSk8tODVyejZ1ODExVWswMElCazVNaklOaHp6YURZcmIyemdLNlNSdi1oZEVyQWJwM3VQWENWeENGRVVJMzRNX1hBU2RUTmpQOWJ2WDdnQ3QxT0tnMkdwd3A1WWpxbXJpQko1SkFyS2N4NjdBaGI1V20xVG9VaXU2TXlGRVVydGlOUG1qeHd6OVJ2RVZad0RwTnZaNW5ySVVodHFR?oc=5
2026-03-01	Google	0.0	US-sanctioned oil tanker hit off Oman coast - Reuters		https://news.google.com/rss/articles/CBMisAFBVV95cUxNeHJDUDhLNWdzMUhVTTZzYVN2eUw1bEtYby05M01OMVI2TC1HVl9tWjZoMXdMY0oxdloxU3FkdEgtSUh2Zk8tOHJaX2lTTWlYWm1kUndpRzVPN0ZwRjNMalBJNlFYNldaeUxsWVp2UkhtOVBZMWFrNU5YVlRZYXhjRzc2Uy1GTENmSWhyME9GUkRiX3cyYTJSdWZsRWhfZU5OMXBQamhjenJQMG5ON0lrLQ?oc=5
2026-03-01	Google	-0.333	Ship seized by Belgian army showed ‘serious indications of sanctions evasion’ - belganewsagency.eu		https://news.google.com/rss/articles/CBMiqgFBVV95cUxPcDlGT3ltUll5aGZxN3BVSDBwZDI2V1p4S1Y3bDBWWDdwX0R4WU16c2JxWEFzWHl6dnNmT05rVzQ1Q3NZdHd0Vm5la2lUdUkxd3FkY0hoOFRfSXBDdGJHWnNncmhyZUhZc0xFMUt2b3YxN0VHeV9OQUY1N1EwN3ZQb2tTVEVxd1RabElsWUY5WUR0cDVadXpJdVM5THdJNW9lSzVfRlFxb05FZw?oc=5
2026-03-01	Google	-0.35	Oleksandr Usyk vs Rico Verhoeven: WBC officially sanctions title fight - Bad Left Hook		https://news.google.com/rss/articles/CBMitwFBVV95cUxQZFBsdV9kMHVlYmNvZWRSWGY2NXJ6VEtianZZRHRpNE82R1BnbnpHR3p6TERaamhvQ2Q3Um0zcTV2eW5vTlBtbnpHRVI1TlY5QUU3T0NycEJWQVd0UWhEbWhXLWtSeEI0Ny1vYkx5SlNUZ1JXOC16NUZZT3ZPU1hDNjFiekZmbTBPbGVfbXAwaTJZaGtKVHZIcUJDNFNNbE85clJFc3ZvQ2pUWXl0b0k2b18zbnI5S1E?oc=5
2026-02-28	Google	0.0	After close to three years, U.S. lifts sanctions on Mali officials amid improving AES ties - Business Insider Africa		https://news.google.com/rss/articles/CBMi2AFBVV95cUxOdXYwVkhwd1cweWNBSFpGTmxUSDZKeVNKcmprMlloN3VyNXVaUEhLMHhtaGhpNGJhcWpNUHFXZzE4cl93OTFkWGFmemllZUUtX1NIZnl0RC1wbm01Y1I5R2VMdnM2TjBTR2dxdTNHc3JiSHhmbGl0cFZ3ZmFQeFRTcElkdVg0b04xM2dTVmhhX0Y1eGpGTlRidGpMYjRjT21kb3IwSFJ2VUVhMkI1ZFhsRV8wa2NYZXRZM0J0bFFnck1Ca0ttLUFQcXdTaUt4bllMMXd0S3p2MTA?oc=5
2026-02-28	Google	0.0	How sanctions can help stabilise global oil supply - CEPR		https://news.google.com/rss/articles/CBMiiAFBVV95cUxQX1otazhwTGphbEktNDR0SWlLNFdWYXQxbFpyd1dlTk50bVo0ZkdHX18tdkVJT2wtQmlGVlJXOWVyLXgwOF9MM2FfZkhsVFVta29GTzA0cnU4aFM5a09KV1ZsRnFaLVM2UjVXWF9BeXc0Rl85Zm5fYVl2UmVYYTlFSkt6cVplUkxW?oc=5
2026-02-28	Google	0.0	Judge denies sanctions requests in Paul Prine wrongful-termination lawsuit - fox10tv.com		https://news.google.com/rss/articles/CBMiqwFBVV95cUxQMXpWSDZRbWpxUVFEVzc5ZDRKdEx5TVBVekRxWEN1TFlLR2lJcmRpWExnX2w0Z0ZzeDZ6blJnV0U3a0NoOTZ6Zmh0VkhEdlROYVNRSkJxbWxMUG5XWGNNaEtmdVVoUmFQSDRYbnhyV1VUMEs2OS1TRVJiZTJpWVhJLUpHdjRuZl93WnhZeUhIRVE5TGVhdWcySm9hRVNFanJHQ004S1BINnVQRGc?oc=5
2026-02-28	Google	0.0	Trump floats sanctions relief for Russia - The Statesman		https://news.google.com/rss/articles/CBMilgFBVV95cUxQZ3pnanBsYUcxM1dNUlh1bHBrblNDdXplQjFRZkRwdVV2VWxqR1JjX0VmbkZzQVFUNXJNSXYwYjRQQjZ4Qkc2d2k4MEpYekwtTDcyclJDTFZpamhHUG9sdXhOeG0wTnRwUzNrbDN3NWNkNGRKQjJEUU0zQ3hZN0NWa292T1NJRExmdUM4N043MXdYSDd0RkHSAZsBQVVfeXFMTzlpNFhQejdSUUhhTWRsSE45c2tfcFRjcFhIUkQ5b2pUM01jQnNCajJMRmkxUlRIUTYyVVk1bW5CQUFEUERWMHBIUUpKejdRbEN3WXdMYU5yMFNTX25Ca0pyOFRZdGk5Z3lsZ1FnS25sQ1NwVHFBZTF6NU93ZXE1MFdyVllqYWtwY3J6RjV0Ty1URzAxc2lXQUlzWWs?oc=5
2026-02-28	Google	0.0	UN Security Council lifts sanctions on Syria’s HTS rebel group - The Times of Israel		https://news.google.com/rss/articles/CBMiqwFBVV95cUxQZGFlNlVFQ0gyeElYMW44c1hwUTQ5djJzQVFhczUxSDhLRzNiQkdxVXFCRWtNa21RMXRSVktGT1RVVzNoa0dFaVI5b3NSR0hIdW9GSS1lanRNQlFuWEN5WHFFODkycEs5Z3NXOVhlYzJFSnY3TktfVE54Z2JvUUhBSzRmeU9YY1N6LXcxWEZfZTdONWlBc0dJU2RSdDJrcHNwdXYyUzh2T3hhQVU?oc=5
2026-02-28	Google	0.0	Zelensky Imposes Sanctions on Ten Russian Transport and Logistics Companies - Kyiv Post		https://news.google.com/rss/articles/CBMiS0FVX3lxTFBISzZ0YU82Y09DTkxNcGFKdEh1b19NNGpPTk11Ul9IaTVyaHBLanVuc3hvNHdScGNZTXJNX25tVjBha0h5NFQ3dTdwYw?oc=5
2026-02-27	Google	0.5	US lifts sanctions on top Malian officials as ties improve - Reuters		https://news.google.com/rss/articles/CBMiowFBVV95cUxQR0F0S0JiNG1ueHpLV3BDV0VYSjkxZ0NWalRaSEdJRkx2OFp0R3pna2g1d2VRbzRCMjVQYklPa1VjcTZiNjZoUkNoQlhKX0dTR1BpQkJuOXd1WW9zNTVla3FqZUIzSUtiMXh2SHlLLXllNGlXSUtGTzZMdi1malRQVE1GeXRpSE03OXhWZWNUM0VtY0NlVkw2d1B5cWdjQjd4VnFn?oc=5
2026-02-27	Google	0.5	US lifts sanctions on top Malian officials as ties improve - TradingView		https://news.google.com/rss/articles/CBMixwFBVV95cUxOQXdmbHBqWE11c3dHYUxnaFJJeHUyS3JFNUZjbGJfbm5VVnJmYUU5SEVUeE1WTTU1emp2dGJ3STY4bzJpYlJrdVVPdkZFNE00djRJMUNYMGRVb1VORzVPby1fdm9idVNPMGtsa2tjVFlXMHdaZGMzN2dvMnRDd1dhNklzaHRISVA4bm5VbW8zNnE3UmNCRTVJZkpVUVJOQ05faWE1amVfMUV6Vk1Xc01aSkJFSC0xdk5IMFlSemhZNGdvb2RJcnl3?oc=5
2026-02-27	Google	0.5	Zelenskyy calls for tougher US sanctions, more weapons to force Russia to talks - Türkiye Today		https://news.google.com/rss/articles/CBMivgFBVV95cUxOaWt6OUJOREpiZ0ZMUjR0ZG93ZzhkbEhxVkZaRUFxeTZSUG5UQXh5TG1FRUU5LWdBVlZzUXRHdXdabzRzMVZKZUdNaGlSZlc5VEJwbTJkN3lyWFFUTmdNMzAzY3owUXVqNjMzWDJlNlNxUGFIanh3UFY0NTVPTmZEVkM2NjBmdkJxUlU5b3pvYzNzbVk4bkVWT1ZXN2RpODZNZk1CeEtTakwxNjRfLWdOMFZGX1Vsc2ZGYkZvakJn?oc=5
2026-02-27	Google	0.4	Russia’s Aircraft Still Fly on Western Parts. Here’s How - UNITED24 Media		https://news.google.com/rss/articles/CBMilgFBVV95cUxOVmZjNndWbjZZWDVyTUlvQ0RoYndQN2syS1Rrb1hYQ0dTYU9WbDlrYXptT0tpUXc1Z28xQW53cVRlaG1MbVFRNXl2Sm5ianQ4d3F6WGcyTWFDVGNYcFBZVFV5RHRXc1dpeXo1c29GeVB3Z1h3T24zWC13eTJBZUl6WkRZc3c2dmxCc3ZoX05IQ1BEd3ZwSnc?oc=5
2026-02-27	Google	0.35	Could there be a way to make economic sanctions more mission oriented? - Federal News Network		https://news.google.com/rss/articles/CBMivwFBVV95cUxNQlUyNTh6ejV5QmR5U0M3emRfQ0NfdC00NnBsQXBGNlZ0a1dLd3ZobFJNUW1aVGhWRVJBVGxsemxDSWxGRGZXNW5nQVl1M0FPaE43OTR4SXEwUHpKX1BQT0hBa2ItcllrTUpZb1pRWjM0SHMydUZtdkRpTmRKRVcxSlc3cmFZcFQxeEJfaEZtY1NlRmoyVFVqWUw4Z0ZFaXpHY00zb05qeVk2ZWExY1c0TUNJQldEalZKc1dwYzJHVQ?oc=5
2026-02-27	Google	0.35	Trump says he wants to lift sanctions against Russia in Ukraine deal - Latest news from Azerbaijan		https://news.google.com/rss/articles/CBMikwFBVV95cUxOTlV2N2NqNjYtWXBLMjNSdTREWHY4U2xJWEZvWnU0dTZzWE8yWlZSX0R3ZTE0NGlrT1NUY1JEdF9OMExsbXdQLVNncEFzRmFST2dWT2RqRzRlSDRFVkRfSlBMVFJVQk5sMkZBUEx1dzJ1YnQzU2prOFVRdkpHYWY0VHlCM2RycVZTRzg4TUx6RWc2bFE?oc=5
2026-02-27	Google	0.318	Exclusive | World Bank faces calls to fire Israel-bashing top economist who sued Trump over sanctions against his wife - New York Post		https://news.google.com/rss/articles/CBMi3wFBVV95cUxNSVZJbGhlOFZldS1oZW8zZ2dxRGtNZG0wbDdKdzdBOFhTUGhzaFFqV29IN0FsZF9YR055S1NON2I3WEc5aUNDYXVJRXNyVTdPUHp6UFkwdEg1MmVtVzJtek5RbnFQREtscllaRTFUSDFIYzhqekN0dkRpclFweW1aY3FrZ1ZzTlhGaVJzNzl2ZW9vWE1tTmpHamwxTVozNzBZN1l0TE04X0U1ekFoRXFCWTBPWTRzVnJBVTdrdXZuYkFxSjZtd2RVa1BDdzcyMnJQOWlKX2lFRVl5MVBQSDVj?oc=5
2026-02-27	Google	0.2	From Hallucinations to Sanctions: Perils of the Use of Legal AI - JD Supra		https://news.google.com/rss/articles/CBMiigFBVV95cUxOOUVHbzNnUWozb2tXWG1RZWlFc3NTc3o5elZGXzhVRlNfRGlaYURNdjQxcDlZTUQ5dE8xWHBhZUxDd1l6WXJPRmprLVF6bWtpQlVlYy1vOW9zN0pqdmVaaHJXeXpTZ0h3aFh6YTVkM1RTS0Z0cHkxYkcyVWlxQVRUcDd0VUUxX1hJTnc?oc=5
2026-02-27	Google	0.183	JANAF operates responsibly and in full compliance with the applicable EU and US sanctions regimes - European Interest		https://news.google.com/rss/articles/CBMiygFBVV95cUxPUUtuY1pkMjFSTmpPUDhWZ1Z5b042Qll4TW9EM0xURFZaQjR1UU55Z3hWc3JDTGE1a0NTdzc0SGtjTHRSZXYxR1ZrdWtWdFZ2eFF1VkwyQ3liLUh1a1M5WkRydEpJVFB6ZVJ5cGNDeXlwVkVDaTZVQkJLa3VBdkQtSFBTUDZnWDNfaS04aF9fWS1EZVpPenZFNjdwRmxaZWE2ZWI2LWx1aWRzRG1JVFNKSkkwMzU4ZmdZRF8za05zTW1TMTJ0TXc5RHZn?oc=5
2026-02-27	Google	0.175	Georgian broadcaster calls UK sanctions an 'unthinkable' attack on free speech - Reuters		https://news.google.com/rss/articles/CBMizAFBVV95cUxQeWMzaXdfajlyS0RkY3dpbU5rOGJqekNfaENDR19ZT0QtRzJrY05XcDROVWplaTZMOVllWlVGVWhvbWk3bElJMHdkbWtOU2JfbUJwb2hNenloWS1hWHhIYmxKNnNjaFAzeUpMQUdIUlE2amtSaXFLM0xaUkhIdHU3MS1PNERkZU11X2tub2ZHX2xya29WWFRMTndCOS03N1c5WU5HX1NQbWRsQUZCY2ZYS2dKMGVYNVRaWTBDZ3o0NjVuZWJkbGxWNUluQTg?oc=5
2026-02-27	Google	0.167	Daily Decision Recap: Hallucinated AI Citations, Sanctions and More - ACA International		https://news.google.com/rss/articles/CBMipwFBVV95cUxPVWgyNjRwMld2bHdnOFpYeC1Ua3A4N2FIS0RGc2ZFUmpueG1sdUF3LUtWNXRPT1l0eVM4Q2lSd0dOczF1ZUdmNkgwRHEyMXliaE9JVlZRV0xrSUlUZ2xIUUhJRElMSENqZFpSQ25zMWdPZDRHaWZDYTctX1BJXzl4V0RLRDBkTHRDemhka0VnY2hUNHpNODljbVJ2TWQzNXZ3R051VXFZYw?oc=5
2026-02-27	Google	0.167	U.S.-Iran Talks Advance: Iranian FM Confirms Progress On Nuclear And Sanctions Issues, Oil Prices Steady - Seeking Alpha		https://news.google.com/rss/articles/CBMi0wFBVV95cUxNOWJZblZ3Sm5nZUtIRTF6cmkzaGhzZVN1QjlDal9sb3hmX19FSTFwM2kxUjVnTVhaYUpYWllEXzNFUzI1RnBwb2RmM3EycGJ5NjJUTFROamhLY3pzNTdlTks0anFMdEM0c1dQSG9HNDI5T2tUR0ZPT09zZS1Td2ptdVBURm9nWlVzRFpoZ1Z1T0tzMGNadTVmSTFrei1CbEkwMkFGSVpsU1pxWXRpMnh3bm1FU0Ytd1dYdFA1T1pNbWc2eDF5Wm83LTM5aFFvT2xPc09V?oc=5
2026-02-27	Google	0.136	AA Sanctions Urged as Rohingya Face New Crisis in Rakhine Fighting - impactpolicies.org		https://news.google.com/rss/articles/CBMipAFBVV95cUxNNG45NkhCeVhQVWtweWRsTDJsdEVGcUxLZ1pqWk5Qa092Z2oxOHo2OTBvb1BXbzJfTktiSjNfSm9EME9QcTN6QkZpR3B5YTBUNzMwb1BkTURhbElRXzV2YjZQTkZSVl9FMlRJR0w1cXVOc2c3QzkybDl0VzhqU3BUMGhWU2sxcDZnYUwtYXFIVEMzTlhkYWg5SmZ2RTBiQnBpOEstdQ?oc=5
2026-02-27	Google	0.136	Setting a Date for Sanctions: Tom Barrack Delivers a New Message to Baghdad - الحرة		https://news.google.com/rss/articles/CBMiQkFVX3lxTFBnQnAtMFJYQmZhNnJ2NEMtRUNSTExqS2wteU5tQjlLR0xLdFpsdWIxTERyTjNlZGlHX1Vvb1FrMW9NZw?oc=5
2026-02-27	Google	0.1	Is this maritime court case a model of China’s anti-sanctions law in action? - South China Morning Post		https://news.google.com/rss/articles/CBMitgFBVV95cUxPbW10d2hscDVhV014cjUzZklWWkE3MWZKc25pbFpzNEY1dFBsWlRRbENNNktESUhoT0VudzB6bzh4VzNORE9GRDNxbnQ2NmY2SHhoTXJSMVRJWmR2WGxhRUI1LXR6Q2FfWEx0Y0gyX1Q4WHFxeFVRZzg2XzBKNlRJUURZaTRUOGdBTV9EdmxtZzYzNTJ2MUxtSE9JQTRwWV9ITGM4WDBlczhOR3QwczZCQktBY2hqd9IBtgFBVV95cUxNaUN6eEFOUkV4MFNjVi1tSFRPaG9JUjlZN3F0VGI5dkFNQndxSElDQmpMTVNTUVh5ZGg1SVB2X05id18zeUpOQ3F2Y1lHTUVxeDZONktGMXg2U1dDWUNJV0swZ3M0VzloYWtJTElad2NFSmJKUThWcTRnV0hORXdzMU5ZbWtTT1ZTU2NObUtvbVlKbGREMUthamtXZkV5WURLWmNXemlDaUdlUVdGVlhJZGN4QVdCZw?oc=5
2026-02-27	Google	0.033	Belshina faces fresh round of European sanctions - Белсат		https://news.google.com/rss/articles/CBMihAFBVV95cUxOSFZNR2pEdjRzOUEwdHkxT3FsLVlieVJZd25QQjhZQ0tsS1AxOURMME92Q0hxZjFLallFLVVfTDJJejltQ3F3SHpJaFl0RUhSY0VrOHBRQU82UnRVTXJ2V3BCWmFSNHUyQjlyYUVXeDc5X3Y1aElWcTlTR1JUVmxzanFqQlE?oc=5
2026-02-27	Google	0.0	BREAKING: Swiss bank MBaer goes into liquidation, one day after US proposes sanctions - AML Intelligence		https://news.google.com/rss/articles/CBMiwgFBVV95cUxQeWFLQXJFZmZLYUN1d2lJUzJvZXA0Zk1tVjBLekZNemYwU2NIS2pBaTdLWnhNWmNHeGxXOWxxZjZfbWI1ZUlWMmVDZGtFT3F6R2dJM3lUQ0NBYXVJbWdrSzB0eUgtbU01MFFxWnFJX0lRMUdseXpBS0xCYUgxTzl1UXNmZV9YR0ZxUDhlRGRuLXpRbDZ1S3dsQjFPZThTd251Z3pnRUptUVAyNVhMRlViS2QwMV8xTzlha19uaXRMdExjZw?oc=5
2026-02-27	Google	0.0	EU Extends Russia Sanctions Until 2027, Adds Eight Officials to List - Caspiannews.com		https://news.google.com/rss/articles/CBMitwFBVV95cUxNTGxIOFZNZEZBdVdNN1Fvb1NmUU02bTBxOW5YQWg2T05rVzMxUHJnbHlneF9EMkVYRENBTGlsdXU0bVZEVEkyM2s4cnMyU2p2SHM0VmdHbmhUWTFLcTlfUFlIeHJvMnp5YnhCcWEtemdBaDM4TnpnM3JVb2ZlY2RSbnFoS3g2UTdtaEJwYTRwdzN5LXZrbW9XSjdJaDN2Q0FNakxPTUd4QlZ6bGEydVRuTDBJbkhQSUk?oc=5
2026-02-27	Google	0.0	EU Member States Expand Russian Seafood Imports Despite Sanctions - The Fishing Daily		https://news.google.com/rss/articles/CBMiuwFBVV95cUxPcmdwWFA4U3RWVlowOFJmdFpOTU45REx3Ui1TMEt5Z21WM2E5QTNGY0JITlFSMXRoQTk5ME5IbGdFYzlDNWVWODFMZXhvZUU3d3YxVHlINGw1SDRZVlN2aUNtekZzOURhUmo5WW43MXdZUzNPMGphX2N2WjhRWkp3aFVDU1I2a2o2RzM4LUFyR201MDdMbnQxdDYzdTRHYkdoNFdCZ3hXWjZ0RTdmRkpWSWlWWnYwODR6cXdB?oc=5
2026-02-27	Google	0.0	EU Proposes Plan to Remove Kyrgyz Banks from Sanctions List - Caspian Post		https://news.google.com/rss/articles/CBMimgFBVV95cUxQc3ZKdVcyZ3ZsWEVwcXV4bjdNLUVKbDFrczRjdVMzVVR5djFacjJvdmpQVGhvYkkydHE0UjJWUW1WakxEOU9RRFExQVMyYXBQc29YLWJhMnZhV0lPdnNsZGZEbFkzUF9oLWs1NEdjeFFVRk1jclJpdVdxRlktYWhUNVNocU9BdkJYUE1hdlZuc1NvLUk5RmRMTG13?oc=5
2026-02-27	Google	0.0	EU Targets Kyrgyz Financial Sector Over Russia Sanctions Evasion - The Times Of Central Asia		https://news.google.com/rss/articles/CBMijgFBVV95cUxOT19reEZOS0hXSlZzbEpBU0RKQV9kbTdKd0FfYkN0NE1hR1F2OURGdUpIVnJiVzdDTFQ3QW9SYWpVdk02X05LOVlKcXZzREJKNGt3X2NMdXJaSmF2cmhMNUp2WGR6TXl1VGx0T3FjbTlLWEZiRDdHcVg5X25FS3FGTnZlWHpBVm9walR0dHlR?oc=5
2026-02-27	Google	0.0	Exclusive | As Trump’s African Peace Deal Teetered, a Call From Rwanda Halted U.S. Sanctions - WSJ		https://news.google.com/rss/articles/CBMiwANBVV95cUxNeXRoN3VDaWVocEtjQVE0OWdJaDRvLUZ5M1c0T0tBNURqYzZjRkhuY0NJOHFwZXFlVDdqNm1nOFFvd2lmT0dfM0RreHZ3TW41UGRkM054OHlYaWZNWFRJckwxMURDZ2tkZ2tmLUo4QUJ5R2RiMEI1c3FlUlhXREtiVVJFcEZuWVdQcW9aUldfRlh1THpBbHRjaXROZVE0ZTYyS2R3RmJOMEtQR2RjT3IyNnhseDdWTmwtUmNKWHhjQ0cxVGR1WmNGQVJYWkxrak9GZVZIZ3BITmRjbENuNjZKajdCalF1eHlHdUNvUkhtSnAzN1ZoTGloNVd2b2tvZWQxMWhrSUx3TXFrOXc1TWxoTUtuMllockwtU3p6NmRqc2dSZmVydzZaZnlhdUlTdXh5SksxaWs5WkJnRnktUmRpZk9wMXlWTHotMUg3MWFRVTFHNDZkS1huZk1VRHdTOThJNjBSSmtnRk9TcVRmb3ZMcVFKUjNXTTc4YjlVU0NTVXVNX1Y1RUNaUG45THJBeUxqT1ZKTlM0R1ZTT1ZiMVRVRDJybTI4eE9aRHF4UnM0bzIwN0xRREItWGxFLWZHVmtO?oc=5
2026-02-27	Google	0.0	Family of Francesca Albanese Sues Donald Trump Administration over Sanctions - Palestine Chronicle		https://news.google.com/rss/articles/CBMisgFBVV95cUxQWHM0NkN2S0pBcENUN1RreGFnNmo5dWs3NGlZUWtqV3B4YmU0aEhGYWl6U0o4U19yWDJzMWNDUjNIUTdGN3pRbFdwNnVERERwMDlKYW5PZm5NdVhad1VzU1VHd0FHWUxfYmtzZmltcDhSbXpHSGF1RzdBUGpVVnJ5dDRsZHJEdVZ1bFc2WkxHV2h0RXM5U0Eta216ajI3TXBHTGJBYU9TRjBBb3NnQm1ISWhB?oc=5
2026-02-27	Google	0.0	Family of Francesca Albanese Sues Trump Admin. Over Sanctions Against Her - lavocedinewyork.com		https://news.google.com/rss/articles/CBMixwFBVV95cUxOajd1ZUN4ZHdYeC13MmxVaE84ZHV0U0RfaW5WWXctWmRLVmJvbWh1RUMwcmRFbDAzc1ExSmFJeTJHTHp2NmlPR2hhb3dNYjRxOTRERzQ3blNKZk9iTWMySV9UcW1oVk9mSjhkQmZoQWw1YVJjeDAzTkt5Zk1wMDVwV19kbGdvYjNNYmtCd3BmMDFLdks3djJSQ2RZMWw4Ulp3MU9jdWU0V241QWp0X1ZOR3ZXNWMzU0VFbmhkNGZGRjBYV1ZnWERV?oc=5
2026-02-27	Google	0.0	Feds strike deal to dodge sanctions over NYC immigration facility - Courthouse News		https://news.google.com/rss/articles/CBMingFBVV95cUxOQ1dtc3gxSEplSHB6WWdXem5ueUZUaVhRSTh0TWx0ZlI0OUhyeEt4bnFrRkZhZVVVWXBYTDZWWXRwa3g3SUhPX3pLLUhjblYxOTNUVWJ0a0VRZG9RMUJ5X3pRN2ItMjhCODJHRkkwckd4WGNGZ1lHRzFKS0xmcnpEdjE0RkpZV1JZMWw1TUxvY1hXRVlPQmlTcnJCdm9Sdw?oc=5
2026-02-27	Google	0.0	Francesca Albanese's family sues Washington over 'unconstitutional' sanctions - thecradle.co		https://news.google.com/rss/articles/CBMiT0FVX3lxTFBLOFpJTG1DTDdqR2FFb2dpbjgyQnAycUFlSWxHczlBS1pBR2pwc2xYQlRrR1VHSnRkTUdpMlIyYnJmOG1vcExQaE5fZ09zR28?oc=5
2026-02-27	Google	0.0	Georgia Calls in UK Ambassador Over Sanctions on Imedi TV and POSTV - Caspian Post		https://news.google.com/rss/articles/CBMioAFBVV95cUxOVUxpbF9IamN4Q0lqMFpORTJqQVBmcnFZOEhxTTRyQ3I2RkR5bjBRQlNUejRmc1hwcXlzdTVOZWJ3Mkh0QllyejFEYlBuek55QmQyeXBPaExfWmFIVzBYb3paQ3BQb3Y3akhzUUV5UHg4LWR5SDFOWGV5U2hFX3pmNVhNQ21hM01kV3VUb3FDMVJLZjNQM3g3R2pLekV0ZUV5?oc=5
2026-02-27	Google	0.0	Interim leader asks Trump to lift blockade, sanctions on Venezuela - Gulf News		https://news.google.com/rss/articles/CBMiswFBVV95cUxOMW4yX0N6a3dWb290SUloYU9DTVczUFpjQ0xUN0RUNWl2Z0tCMW5hR1dMSDNSTFJrWXNwOWRuVEdJTDdjLU95NF9aSlNLWmxNVGZ5S1Z3VWt4VndOenhISnRsQTVvMk1zSFRJLUZMR3NzNHpMQ0h5clFIRGhQVzhPZ2h5a1JGXzRBM2lNUDY4Nl9VSUlrcmxaVEkwbjd0QkxKTjdzQ1JYb2t5OS1BYnNDNUdHNNIBxgFBVV95cUxNS3E5NXZCc1BmMkt1X1o4VVhKTEVPenBHY3FPYVFHVGdhRUpobXIyd0V5azBfN0FPSWRvVUFFQjI4djNSM3NOeWdEd3dzQ1JUVF9oZ2E3dmdwM2hvRE5fczBqc0l4bFRBdWRuYXhMSGlJaVRXQnplTV9vVkpnUFl6Ul83emJJWGdMYnpnb1RSeFktSXgyVnM1VVR3OEtnbm0yYl93ejF6d0E2VW5aa1pkZWx2VUtmM3BMLTQtRElCUmYzMklKM3c?oc=5
2026-02-27	Google	0.0	LVMH Shut Its Russian Boutiques, But Keeps 5-Star Hotel Open for Sanctioned Elites - UNITED24 Media		https://news.google.com/rss/articles/CBMiwwFBVV95cUxPX0J3aEFzMFd5ZkZvRE1GcVl1R1pXcXoxeUpQVzhZZkNoLVE4MW4zY0l0T2tHVHBUTVJaY09zdU94eGhOS1RSVWswM1hCenpIVHQwaGpwcDA0dUFLMVRJRzRLUnNRYlI3UVFLTHJWRnJxZjlielpJUzZrSFpwX0JvUTA3VnYzeDU4b3FGVGlWaFV4S2dldDdqNDIzbWZOZXc0azNLMTZkQkdUakdqaTBZa3ZXZXdsV3pKaTJvRDk5d0pJVlk?oc=5
2026-02-27	Google	0.0	Mali Praises US Decision to Lift Sanctions on Key Officials - Bloomberg.com		https://news.google.com/rss/articles/CBMirwFBVV95cUxPbnpIWUJlQko2dmJPVFpBRmUyWFBENnNWZWRWOTlnRXpHRnVqX3FaeHc3RmNDZDdMNWtPVkkxUE16c0NjZm1fOHh4RlpkcGFTVWI0a3JRUVR4dzRFeGxjNzFBWHhKeHlRNVNLTlA5c0k2dElmZlIxOHpMd2Y4UDkycFZFOFJYYV9mXzFISXhGNEduNGpReGZqTUZtbVFqQ3luSS1QaEFzazQzci1Wc0N3?oc=5
2026-02-27	Google	0.0	Mohammed bin Salman urged Donald Trump to impose sanctions on UAE, report claims - The Times of India		https://news.google.com/rss/articles/CBMi5AFBVV95cUxQb3haa0FRclNDS1dHc1pRWjJYYnRNVTV2eDFsakltaDRGaExYN0F0SUVwbXJ5SWVVOEhkRWhRLVRPSlNMLWNpUTVqd01ZR3JDTU5PeFdyXzdSd2l0SWdmOXJvbFBkc1FSVjc3enFCNWh0dksyakQ2WlFocjY0bmIyVW8tY29SUDgxaHpWMXlYRjZEbVZqWHUtNGVEM0c0ZUdPc0o1MDMzRWVoZTl3bko1VmYwOGtCemVGM2Jad293V0hFcDkxYlFGd1NSNmk4QzFDT3RLMlRYeFhOMkVuejNfNGFSSUTSAeoBQVVfeXFMT3dwZXczVms5aTZrbFhzVWRYNkc3cWhsaTJBRm9ONXhoNndoeVRsMjc1TVVEVU1reUZxUUpiLUl5SDhwVF94MTZjUm1fclcxcW9pNTJtcTlhRDV4Tkk0Njg5MFMybnprSXNWdURCR0ROTHdmT3JkOHFMc2YxZUtVTnByalFDS0toYV9oa0tCXzVNcU5KWkQ4UFRucjFaR3YyQmdoQnpYem0zMFZUNW5MUXQ4c3RJTUFUajZqTC1naG9Tc2NjRDJhMjN5RUllZjhCSS0yX1ZhVjJnQTAwVUhyV1hDZ1RDSEdyakpn?oc=5
2026-02-27	Google	0.0	Russia’s war economy slows as sanctions enter 5th year - Anadolu Ajansı		https://news.google.com/rss/articles/CBMiogFBVV95cUxOWjVmQW54dTVIc3RQNEJXdnhsb0FJQXFMRHZRQWx6SGUzOVYyb1hOc3daQzBjRGthZFNISks5elpTQ3V3UVA1UEE1WE9qaThKbUx6UFg2SGdqR09HZDRSNUpDOWozTkFzT3Rqb05KUWJ1RVFtcEJzMEV6RzlVOVhIR3hUQTZjQk1kNVA5eTUxX01oRVJSUzlwOTBFTmpmOVdNLUE?oc=5
2026-02-27	Google	0.0	Sanctions Only Now Exist in the Eyes of Opposition Economists in Venezuela - Orinoco Tribune		https://news.google.com/rss/articles/CBMipAFBVV95cUxPQ2o0b0V1emRrSHR0Yy1memtndl94UGV0V1dFdVkxVGp2Uk9hWDc1NTgxSzhNSXBOdDdleGdjWDNBaTBxNGhPRUVnelo5VEd4V01CakR3ZkFmUndWdWZ3RW9ic2NxU1ZaY3h3R3FYTnQ4VmlFbDJ2SllsekxNMTNyd0Z2a1lKTnlFTDlWRWdkN2lWemdpWU1oNW5XTGY5aE0yVVNuUw?oc=5
2026-02-27	Google	0.0	Senate Democrats Press DOJ, Treasury to Probe Binance Over Trump Ties, Iran Sanctions Allegations - Bitcoin Magazine		https://news.google.com/rss/articles/CBMifEFVX3lxTE45RnNLcmQ3T2QwME02TU5zT0Z6cUJCMGRpckY1M3VEdENrWTZYX3h1YkZuMkVxd05WMlF6WEctejFlX19yM2U0STZDVWpNTXR1Rmp5QURGRDk0TmVIMFVocGxpdFJQNzB2aTdkd0NPTzFHTmg1TG1QcGFfS2w?oc=5
2026-02-27	Google	0.0	Tarp Aviation adds Russia's eighth post-sanctions Gulfstream - ch-aviation		https://news.google.com/rss/articles/CBMioAFBVV95cUxQQ1lkQ3FXU0JOQlRJMXJBd0xUcEt3Sm5Yamh5QUl4RlYzbTlBSm9BQzROZ2RzbnFPT3Z5VzF4MU1aa0U0UU5Bdi1CdUxYa3V4Q3A3WnVYamVvNldkZFVjeHZhdlRITW9WSEJWdFV0Z1I3YW53TUIwWjFsTllzY05kMFFDSHZVaDZrV3ZJaHpLVTl2QmcwZnNFUl93OHVkVXRr?oc=5
2026-02-27	Google	0.0	The family of Francesca Albanese sued the Trump administration over the sanctions imposed - Pressenza - International Press Agency		https://news.google.com/rss/articles/CBMiwgFBVV95cUxNQXFxYldMeG5tSGh2ajR3NVVkSVUyQXNmUndCdkF6OFBtQzh4NnV3a0stOHVmZEZiRUZuVGtmc0JoOEpFUG1TcTJ6VGpPdXVWenpvS3VyWGVmTEtoNjd3VEd1YzhWek9lR2tzdURURHgzN1NIUVlHbkFsemgtMklWSWFMNzhVN25TbkNPM3VpSjJ5MjlCRmZKZVIxNUMyYkRKQlYzMk9nVzBWZGdFdm52TzdTVEdza3A1RjlGN0RiT3RVQQ?oc=5
2026-02-27	Google	0.0	UN Security Council removes Jabhat Al Nusra and HTS from sanctions list - thenationalnews.com		https://news.google.com/rss/articles/CBMiwAFBVV95cUxQdF96eHRRQnpWU01hS1FRUVczYkd3c2Qyb19SV01nVUhxLTZZZUY1WFVJQzdSUnBPUHZLS2dXbDVIYzgwTDJxVkNHMWRuS282ODMxVW50SGVqVDFLX202RVhKdXBkQlN3VmtLcm16ZUVOa3FhQjNRX0tqZFNXRzlaYU9pZmhFSkxBOTQ4M1BjcjAzSGEzZE9xS3h5dTJCaFZuTXEyS0hRVERaNGtzd1JtSE5BSkstTjJ3VF9weGRlQzQ?oc=5
2026-02-27	Google	0.0	UN rapporteur Albanese's family sues US officials over sanctions - Euronews.com		https://news.google.com/rss/articles/CBMioAFBVV95cUxQZG9lSzdxY1FacUIyZ0JrRnFHSFFkcko2NGRyekR5ZC1ucS1TbDF3SmhMU19NcVZFdVhyaHpMOVpXNTdYM1hyV3RPbGt1bWlNQUNZV0I4MUhOZ2IxeTViOXNvLXAzd1VnZDRVNGpsNkZUOTBLYVAwOWpVNUpNTGVoRmc2anYteFR4Z2pvXzZuSzhHZDAyMHdJeDltakVldWFF?oc=5
2026-02-27	Google	0.0	US Sanctions Nicaraguan Officials Enabling Murillo-Ortega Dictatorship's Repression - RTTNews		https://news.google.com/rss/articles/CBMivAFBVV95cUxPQWtKWnRjQTZxcDkwdlhQVk1OM3V4XzctUkN4NzFSajMzcXpMWkFsald0Z0FTUGRQRjE3Y01ucThfMVQ1YWdXcmpLUXdNLVVYbGE1LXlFVlVSQ3JPNzlmdnNaODhYc2VYb2pPR1RJeXd6emdfV2ZBbXlTbEFlU24tclFTdzgydGlKdFUxNW5HVlI3WGdMc08tVjVxcUlKS1VCdUVRdVNIQzhHU3RtQ0tMRERNT2cyUWdmZERmctIBwgFBVV95cUxOdk4zY21rRjhrdElyVnl5SjNzSVJnZENIZ00zQzVZeEhjWkx4R1hJaU9sMjNaOTZtUzVPR2pJMlhIMnluQUdZblhabkpHNzN2Q1pHU1FhMjRhU2ZjNzIwbFpCOTNxWURrMVhrYW1sU0N6TktpT1JwRlR0VGRWRXJvVDQwRW9VSkxodVFDNjU4eEpheUp4QzEzU2VMeWs4TXNjNlg5NUhCZlVGN2s4OGZ1WkY0VUFfV0swZHYzTXZZMlozUQ?oc=5
2026-02-27	Google	0.0	US Treasury Sanctions Nicaraguan Officials Enabling the Murillo-Ortega Dictatorship’s Repression - Eurasia Review		https://news.google.com/rss/articles/CBMi0AFBVV95cUxOeWJXZVYyaXFCVEloTko1TkcxN3FqcVVGTWpwbU4xNUcwUmlFWnhJOXZWOWp0bW9lSTRyZHQ3RjAwOVdVVmwwR0ZsdE5pM2trTXlncHFyUjB6M3lNTjRTNzBMM0dhbjRiYTEzWExReFFfVEc1dWktZjdqV1FEbTR1elFBYmtWNUZZU0xCR1pLTGltQWhuTHJlT09qdEgzNExuMVBBcVk3QW5CbXd3T1VHR0Fnb3EzOXhXNXBJcXEwRjZhRmRoVmhjOTFoRnJrR0Rj?oc=5
2026-02-27	Google	0.0	US imposes sanctions on Iran's 'shadow fleet' ahead planned nuclear talks - KREM		https://news.google.com/rss/articles/CBMi5wFBVV95cUxOa1VhTC1sVFRmVzRFeWphN3BLXzNRSVItYzhlYnpoZnlIajhnZEd3N0s2RnB6Rk9KS3VKbnJWQktpVi1yaTBYYVFVZWdoUnhqTVIyTTUxNE1XX2xKa0dDZUNHR2tlenJOWHFQYzk4UWFvbWczdHhLVVFRcWF3TFVZRC1EYWZQRmpibDkzTDVjN3pFZEY3RGZhdXhFbHd5NGdTdmtjRWZUdENLb0VjT1JPWlFxWS05QkV6NE9tUzVrcElTVnZ1UXFEN3BJZllXWkVvd0I2VGdDd0pPZDhVdkxfaVVtNkNpNUk?oc=5
2026-02-27	Google	0.0	US lifts sanctions on Malian officials linked to Russian Wagner Group - The Kyiv Independent		https://news.google.com/rss/articles/CBMihAFBVV95cUxNbEVqeVlFdjRLZ0VVRTc4SFBLWnhwMTFvQVJUMWJ0RjdIdTdUdmw4c2RoSUhHUWlPcG9NZHVYWDBQel9GUmZ2anhIVTlzUE1rWldXLUtobUQzYlpVQTBXUVJhaGQ1aW5qTElKM200cGZFdXRQbDhrXy00SHRxQWhQTm42LXQ?oc=5
2026-02-27	Google	0.0	Venezuela interim leader asks Trump to lift blockade, sanctions - Barron News-Shield		https://news.google.com/rss/articles/CBMilgFBVV95cUxNU0RJbE5sQmRLU0ROX0V2ak9jUl9VVEdIWlRlZHF3bFRvaUFPQjlGd3N6cDdERVh4M1pEeGFTcDF5SUIwLUxxbWpuQkdMYnF1b3VqSW5XUlhCQ0NBVzZZREF3SXduckVwZTkwdGZkN3V1S3htVHRNVUdxZnZpb3lWMWM5aVUzcktWVzQwOTAyTnNpRlJhc3c?oc=5
2026-02-27	Google	0.0	Venezuela's interim leader urges Trump to lift sanctions after Maduro ouster - France 24		https://news.google.com/rss/articles/CBMitAFBVV95cUxQeHZkMG4wbFh3SG9KYVdudkp4TGtRNW5xTExOVWE1WlZ5dVVsYUtpSzMtNlVXT0oyQS15N19YbUlUb0FsSXM1VHFpUWxrbGZoVURZbXFIUFdmRVJGSlozU2ZISjRzdmh0ZkNRUktTcWhSM3Aya210ZTRSSm41NlpMaU9ya3ptTlRpcWF5Q05iNGJpWUxrRmVVWW5vZGFkQ1dHYnExTjB2bEZNOWUtUG0zZW5xSzE?oc=5
2026-02-27	Google	0.0	What Is Sanctions Enforcement? - Windward		https://news.google.com/rss/articles/CBMia0FVX3lxTE83VmxuQ1J3SFhlc2ZIT1YtSzUyQWZvaVNYN18yMEtpNHdUX0VJOXJDMnNMSGZ1cVY0Q0ZPczR4enBHRUNhT19PdnA0VzA5RXNMUm9GLUpWZmJwdVFPT190M1VVOGxyMDYxMlMw?oc=5
2026-02-27	Google	-0.1	Senate Democrats urge AG Bondi and Treasury Sec. Bessent to probe Binance amid sanctions concerns - The Block		https://news.google.com/rss/articles/CBMizAFBVV95cUxPUWFrRXhoTkwweThCYUh5U3FMYmZ6QzFKdjREZlZCNnl1VHhCYmRwQ3dZclFQaEFpaDdhWHpnU1pET1dGRmw3T2g5VjRxdldTRFcteTNvY3djY0JhcFJIa0hFQzVKa2tBVmMzeDJlUkQ5NzRIa2JqcnI0SVRyY01pME1IdGZJb25FU3lkVVhrWGJrekE4dEFXcFY1LWRiaHg0ZnNRbUZrbnptSkxreGJuQnNOa3Q4VjdjZFVCVFlXdW5uZzBlVWNUalZYTEI?oc=5
2026-02-27	Google	-0.125	Russia's Rosatom Will Continue Foreign Nuclear Power Plant Projects Despite UK Sanctions - Yahoo News Canada		https://news.google.com/rss/articles/CBMiiAFBVV95cUxPWWxqSmQyb29abnFncFpONnZ4OEJpdmlMTGNqZlFnNmM0aGtTUzR5bHRyOUF5bWtxMEJPelBGQm5qVVZlZ0hRRTM3VHFmWmRaYmtUb29PT2d0Q1dEbnJfOGdwUGhPREF6aHpWX1dCUkJBcTRXaWZNcTMyVVJYV0pIaWlIT1NRRENV?oc=5
2026-02-27	Google	-0.128	Swiss Bank MBaer Gets Shut Down Over Alleged Sanction Breaches - Bloomberg.com		https://news.google.com/rss/articles/CBMiswFBVV95cUxOcDgxYWFMU3k1NDNLbHZvclJ2MkhaSjdyWmV1UzN2YlRKekdoMXJyQmJXZ0xIcXVrdkZic0RhUy0xSW9CS2JsRkFyaW5odldKYnhnU096VVJSWGxydXgxdnpsY2FwVVA3XzAyUGxMMGpYZ2FIcnJsdW54aUlBTU1nLTVrYW1GdzZVeE9wZUlsYWN3RFFpYzJsUTRNQ0VNUkVYZXZ1U3hsM2M1blE5enl4Nm13SQ?oc=5
2026-02-27	Google	-0.15	Russian shadow fleet insurer loses sanctions appeal - Tradewinds News		https://news.google.com/rss/articles/CBMipwFBVV95cUxNNlRWc3h1ZzNuV3BIa01XTzBDMll6ck5RV3RlRGVmM0lSOWlQVHNVT1VjTjI3UDQ2Tlh2eTREMUpPbnN0TzZpMTZ3cGtlM1dCMk5jWlFZTVRpZVMyb1RidmNsVHRtbG44cEZLSHZCUGRrdmN2cE10dGFMZlNGMWNZU2ZYUW1XMnJXeE5qUVJGNjJ0cW1YeFFJUjZMNkFKRWFUdUVwMkNBWQ?oc=5
2026-02-27	Google	-0.3	Family of UN Palestine Expert Francesca Albanese Sues Trump Over Sanctions - Common Dreams		https://news.google.com/rss/articles/CBMiekFVX3lxTE9icXRaNmRXWmdKSDV2aVpHNFlDRnVMdUEta2k4LTRqbi1EZnhMamhGTkhtMThkS1ZHdkt1LWhpbk82YmxobHdONGpIT2ZrUGRZQ3l2UlJQZklwQlhFN0VJVG4tYkhRbVJIQkRUVldJazBqalU1OWp5anVn?oc=5
2026-02-27	Google	-0.5	Judge Unlikely To Lift Feds' Sanctions For Protester Removals - Law360		https://news.google.com/rss/articles/CBMiogFBVV95cUxNbUpOOWo3ZVdoZHRJa1EwdEJiTE4zdkl0YjZaTmxnSXl0OEtNcF9Za3E4RW91ZlRmTWRNRUhTSlFXY2d1MEh1TEplZTBuUXp0SjRfVUZpMXF4SDJ4aElFSUxwdEdCcEF6LVRLOS1vUk01dEEtcWZMNUcxRmVsd1IxVlBma3dPb2Jvay15LXo4eWR6anVnempBR2w4UENNbXFlRUHSAVZBVV95cUxQZ0U2dE41M1RlLVZ1OVV0NWtkanpUS1VKWG5NS0FDRnoybnVaLUQ1ZnVPZ1BLSzhHSUxRak9Wa2JuZzBjZ084NzFMUGVEWmRUN3hYazJwZw?oc=5
2026-02-27	Google	-0.7	Valero Leans Into Venezuelan Crude as Sanctions Ease, Creating Risk for Canadian Barrels - East Daley		https://news.google.com/rss/articles/CBMivAFBVV95cUxOdVE5RGdpVGtTWUNxU1JMY1FEUm55czVYZUNQLUMwQkRvS09nam95ckVheFlXYjl0TWFsb0IzR01pUHlISWpNdmJiZ1ZfYnlDZzdVNmcxd2huSl9wNUpUdzdVNUgybWZiXzg2dTdONktfb240c2ZFWjZGU2RCN3FsNjh3cWRWazZOMmxzbW52a1JLNFM0SFRYVVlBU2JQYTUtbzlJbnBYY0lTQWZpVkVSMG9VRWM0cE54SXZVMQ?oc=5
2026-02-27	Google	-1.0	U.S.-Iran Talks Lead to No Deal Amid Risk of ‘Devastating War.’ Here’s Where Things Stand - Time Magazine		https://news.google.com/rss/articles/CBMijwFBVV95cUxPMHpjZXVydWF4YVo1ZVd2ZWtibEpsc1VNTHE2TXk4TUNUaHhBeG1tZ0hKVlFMUmhYMExiVjZPYVNQSlJGNDhSV3Q5Q2ZDcm5mR0Q2eTNmOGFURjRRRFhmZGtGZXNFelZQRTRWdGZWZlpzZ25mLXB0cjlQRTZGallkU2dkSW9obWtFd0FIOE5OMA?oc=5
2026-02-26	Google	0.5	President Trump issues more sanctions on Iran ahead of high-stakes nuclear talks - WXII		https://news.google.com/rss/articles/CBMinAFBVV95cUxNNFVNUlZrT09PWDRLX05KdEpCXzFRdjZJYnlLb1I2S0M4ZHVFV2NwQ0gtY1BnUnBkMXFRYmdQQU1yVWI2TTl6Z0J1N3UxUUpWNEREYlZ5ZThwSWJnaERiejVrRHN6MzlndTBFRm5uZGNoeFVwNW9KRHFJdkhrdGVRODdyejFSTU9CLVFFQURLLWpJZS1BYXh2d0FWY2k?oc=5
2026-02-26	Google	0.5	The family of Francesca Albanese, a UN expert on the occupied Palestinian territories, sued President Trump and top officials on Wednesday, challenging the sanctions that the U.S. government imposed against her over her criticism of Israel's war in Gaza. - facebook.com		https://news.google.com/rss/articles/CBMi0wFBVV95cUxNYjhTa21aTnR6dHdPOWRySDlIV2FzbGNYc1VpUHJHa2JZelhRQ1ZlemhfenlKR0c1ZHFUTl9zSi1aSUZtSGJjYkZ6NFUydmZ3MVhBZnk5LU5DbF9RNXRERzlkb0F5Sm1oTmNOclcyWEExYzVYR3Y1UEwxWXV4eGFnWXk5QWRwa1ByY2hTVDc3UTNyY3ZSTGdGcVlwUEJ6LXZsSjRneUMzNy00SEh0dTRGNnFvcURiUk9UYnVnMDg3NEhaaWZRbW1BV1FZT2dabHk2bjhR?oc=5
2026-02-26	Google	0.5	US issues more sanctions against Iran with focus on shadow fleet - safety4sea		https://news.google.com/rss/articles/CBMikgFBVV95cUxPT3IwNnhWZG9RRlJPM1FCcHI3d1hwbDFIM1JPZmI2ckpXZHhTcmhndnZqRkpoZUJUME1oa1hUN0d6STl2R2ZGQ282RmRtdGNZUmpicTNfQTFLcEdTZ3NVcXJlNFBiVmJvSFRna2lkQ1RlclRxaC1CS1JyX1VQRzgwWUhMd3JuempKaWtZN2VkdjY3QQ?oc=5
2026-02-26	Google	0.5	US sanctions 12 more Iranian-linked vessels - Splash247		https://news.google.com/rss/articles/CBMidEFVX3lxTFBub1B5Z3RiMUZoNmNYd0J5UnlOTm51bmdMR2IzVktaR0xwWXE4OWlEaW5DM2NsZUFwUG1ZWm01MUQ2eG1TaVRDQ2FHSzZjaC1mU1Y4MHhPWXpUSFNVZFg3TjBzdm11bDBGRXM3clNYVWo0UUVs?oc=5
2026-02-26	Google	0.45	Georgia is becoming Iran’s sanctions evasion hub - Foundation for Defense of Democracies		https://news.google.com/rss/articles/CBMikgFBVV95cUxQd0prOHoxNkxLNk9zdmN1NllaZFhpdUN4UW5Gd3ZCSUhhWWREamZ4VF9lTTFkV3pyZ3pSejNmVWtiRmo1UDZScFQ1aFJGbDdNczJjek5RSF91cnptUXcxd2JmUnZiSjd6QkIzaHF0TlZHdml2dXU2TzNVU2lrM3FoMXkyMW8zMkotbEZMZTRZY0VNUQ?oc=5
2026-02-26	Google	0.45	Georgia is becoming Iran’s sanctions evasion hub - The Hill		https://news.google.com/rss/articles/CBMif0FVX3lxTFBKRTVuLXEzd2VnV21nMW9CbDR5RWtPWjZFV1pIMWkwa2ctam54NWVPdDRsejNpWTVZeUVfazhwbWYxay1QbnhGbVc3MnlKTmhmRG9SNkF5d0lqQndkYVc0WVBFUG5UOFpiZFZTc3AzNzRBNWxyakt1ZmNyN3ktYzjSAYQBQVVfeXFMUHVPRzJaVTBvV3A3eEx6UG11bDNuQ3VmY1VqNFR0TmlRUHlfLTZJRUFoaDI2bmxDamZCUTVfWVRuTXFYOVc4eGpmU2dwNUFMdDNBVDBjU2VtNFhxVTVlcnpXLXRXajRBSUxhaDdzbnZNbHBzSXE4MFM4dE1wdU9nUzJhNkRD?oc=5
2026-02-26	Google	0.417	UN Rights Investigator’s Family Challenges Trump Sanctions in Federal Court - Fine Day 102.3		https://news.google.com/rss/articles/CBMizAFBVV95cUxOUG9iUnEyby1Cbklzenp5TnQ3eG4zNmhBS09fandSR2h6UnQxWVRZMVVDX2lRaTVaRjNRYVd6LWcwMEtIOHZMNVlJWm1mcHBka0F3ei1RelQ1amJUQWVYVlBSb2VURktGLTRrQnhUSlVpdXhrelk1SnJzZk1MaHIza1FTZm5rMWpxa283Yk90OUlKTEFYbFcySXFzT19nazZwTkl2WkRqUnBUcVFxODFBS0NKLUYxR0VMODRWTVpzM0VnbmZmNmF0ZjItRGI?oc=5
2026-02-26	Google	0.35	EU imposed sanctions against 54 Belarusian security officials and 7 legal entities - Latest news from Azerbaijan		https://news.google.com/rss/articles/CBMipgFBVV95cUxPV2NzZ1NUYzN6cFdFd2x1UDlJSTFFNHkzVDQ5TVVBUkJEQlZ6SjkwVmV5X0MzOVdIZnNuY3J6VUlUSkpfQzdfRDVmb3F6NWRVY01JRDluMWwyWnRHd2RfVmZaZ3pFRFZVeHdDdjVRZGpMOHBvUVA1T0Vnb3BVSGs1cXhuYVZWZmRDNm9fM0QtdmJPS2ZNYUJua3daQVUyU2pDamRMUmh3?oc=5
2026-02-26	Google	0.209	Sanctions Docket: new OFAC, BIS settlements, Maduro’s legal fees and more - Global Investigations Review		https://news.google.com/rss/articles/CBMiygFBVV95cUxNcEdLQlZ2TWtDRTlQODY1VzMtWW1HQnBJMjktRTRlU3ZQRTQ2NWFleGhzaFJ0alFLNlpWX2xBTEhQbFZucEV5d3ctQjJMMThLQ096ZG5UQlpWSE5rZ0pDMWVYQmNQS2o0cjlsTGtIMV83OFJNRXVKaDdzZ2xYVC1hYkFOc1B5SUJDWkdtOFVQNEZFMUFxLTB5MThDTFZnQUZBdXBUNVVOZktJWS1oX1haRmp1OUpCVGQtc05Lb1dEc25iN1BMSUJ3Z0d3?oc=5
2026-02-26	Google	0.2	Celebrating 20 Years of Leadership at ACI’s Flagship Economic Sanctions Enforcement and Compliance Conference - The National Law Review		https://news.google.com/rss/articles/CBMitwFBVV95cUxQZDdOYWFiREZJNXhEdnJhSWpWYm1HYkpIMjJ2U0puQjJuTkZXaEJTOUxnWTUxeTNmZEFxUVNWcU5OVHpXMk1zeloxdTI4ZnJwaVdhb0xHeC1WNUhqR0IwTWt6WnhUUkRIaFYyX3RZLVBtd2c4NFNUN0lPTVV6ZWcxTWhzYU1sVmc0NENHeWRFOTh2U1VyR2hzTFZUcDlwcGNFTlVSMlhnankyTWU3Z2RfcDJKSzNUYWM?oc=5
2026-02-26	Google	0.2	EU Sanctions Envoy Visits Bishkek Amid Concerns Over Russian Circumvention - Radio Free Europe/Radio Liberty		https://news.google.com/rss/articles/CBMinwFBVV95cUxOY3lqaVNxZF9PVS1WXzBkdlZ3eG1XazdXNWtGaVRRbG5HSk5tRGdmTlBqSkM5NWVzYnNxNVdSSzhucTZSY0ExTzVCUVlRZktwdEt0NDF0c2w0RWJvR0NZTUlIdGlUSEl2X0NBV052MjRrcll0TUhrNTRnS1RwNGExSV9KczVTcVlUcDB4b05UdllVc2hLNjVJazJFSWtVc3PSAaIBQVVfeXFMTkU3cWZQZlV6XzNmNTNRZVRlR09WYk02VGJ0MnhsX05XRDlRNHdCSkVyX19OajJCcS0wU3NONGtSaWw5UkdzMkRSMEp3NUtsdmwzTHVVYUY3Q0pSV1JVZ1dLVUl0Vmg5UVZ4Y3pMRGpreG9tekNJRnZPZ1hWdG5wX0c1Y0dfc0gwWVEydW0yUGQtUVNVZE95N3Azc3YxWmJhamtn?oc=5
2026-02-26	Google	0.162	Switzerland Implements Full Ban on Russian Gas and New Sanctions Against Belarus and Russia - UNITED24 Media		https://news.google.com/rss/articles/CBMi0AFBVV95cUxONXIxYWFyLVZacEZNYy05YWdMcG1qaC1VUFNNel8xZllub0ZUZFJzV1BIeHlPb01Cck4wOGp4TG9zLU5wQVc4ckZvQm0zR1hNTWdtcHkwQXNTQTR5aGcyNmxRNVIxSE1GN2lRT0tRekRVcWwtTlVjeVdlSGZKRi1HU3hsdXR3WkV4dTBFOUt3Y2Z0dFJtNnViNHlpLTY1VVNPN21DVDZiOExkalJ2STZ0VnVvNXJHcDhpX0dHQlE4dm5iZWdKQzBiWk4yME5wZ0M1?oc=5
2026-02-26	Google	0.136	MEPs calls for EU sanctions over Israel's death penalty bill - The New Arab		https://news.google.com/rss/articles/CBMijAFBVV95cUxOdlUtRGRLeWlWS1ZmM3QxeDZTNWNtbEY5cURkRDdIbVdKeUQ1Y3EyYmJxQ2R3OTNrWEI4c1pOYkpxanJzTFpvSVFfSFhyeEc2M3B3bTZRN05IZUFDV0dudG41RV8wamc2c2JzM3hkSTgxWDkzYlh4QXJnWFdrLW5zMGREaEZBVUt4SVJNTdIBkgFBVV95cUxPLXB3bUdocnhYVjRkYTdHbjViaGtMYzNDV1ZtUFNvOUppUHllYXFOZXg4Z25FQ2dFdlA0SUR6ZkNiTE93eVY4aXRVUWxYeC1HZDBSd3NXSFdrdHZRZEtCUk1WLVVsVHNyR0d2aUhEQVJrTDVlMkxDRl9wRzRNby0zREpfLWZkMm5ON25JajY5SUtGQQ?oc=5
2026-02-26	Google	0.136	News Content Hub - US issues new Iran-related sanctions targeting 12 vessels, with focus on LPG trade - rivieramm.com		https://news.google.com/rss/articles/CBMiygFBVV95cUxPSEVmckpwYTFmY0ZMTU9yUXYyb3Jrd2Eyc3BJTDVHS3dOSW9SRHZBTFMyN1JjZkhxRHp2RDdoNmU0WXg2d3BjUmVlUHhIZmlSVnQ0MmNIR0RZVlhJN0lTcWNJQm13bWlYa3h4bVBxbWZUVEx6eHFVYTNEMDY5aDBQU2d0Zm04TTA2elhxX1ZWN0xLbEt6aXUyZXYyNHB5Zk9XdEo1ZTVWT1NzX01IRVlMQzBNUnNMZmhwV296cl9raE1qWUxlSlNhczVn?oc=5
2026-02-26	Google	0.136	On eve of nuclear talks, Trump hits Iran with new sanctions - AOL.com		https://news.google.com/rss/articles/CBMifEFVX3lxTE9SYUVocWwzVFZ4YzFtRWhoMTlwVTZvelNMYkpCR2JGZHk4X1NKdWZPYmp6UE44RThzMnpQd2huRU1vbEhVSGY0UXpLc3JXRzI1VmdxZjlRZ3NyZmwta2ExczhYT3BpYlRJd3oxLW1MTWpBNkdpNU54Z013eWU?oc=5
2026-02-26	Google	0.136	Palestine conference canceled by USM over speaker’s sanctions has new location - The Portland Press Herald		https://news.google.com/rss/articles/CBMiugFBVV95cUxQSjdpZ3FEdTZzVjlPRU9oUjNzaTBnaTZkVkIyT0NJOTB3LTBlNUhMSzJCTjBBTjBwMXE4S2lJdW14aGU5RHBuTHBNSlpjcVl0cDFrUDZkemxqUHVhVER1SS1KQ0plR29ScVRfVDBVeF9kX3QtNDNIUGUwUXJoQm9Xemw5OVd4M0RxckkwSjRVTUlpTlJ0NjZMTm1QVTFadHVfUE5rSE1oWEpMMkE0MWZ5QVd0S1JBeG5SU3c?oc=5
2026-02-26	Google	0.136	Russia's Rosatom says overseas nuclear plant projects continue despite new UK sanctions - Reuters		https://news.google.com/rss/articles/CBMiugFBVV95cUxPWl9lU1l3aEc3WWROVzlXRXhTVWpRRVR6WXJIT200NEhNT1ZscDlXNjBucWxKN2lHU1pfdmg5R2t5ZjV5TXRHbTRTcnVnSy1NWFRjNHJ3V2dxZVVtOE8wZzRxSmJwU2ptTmR2NkFUUERwTDNqUDR0bVFieklvX2R0Z1F6NDZvWlc5RFpMU1RVUHEyb282eFpZWDlYMWlfbTdMQ1QxNUVTMHFWVG1ieXM0alBDc2hleXI5c3c?oc=5
2026-02-26	Google	0.136	Trump administration hits Iran with new sanctions - timesdaily.com		https://news.google.com/rss/articles/CBMi1AFBVV95cUxPLU9EQnVxSEtnT0FnaHhiQVBhSTJaR2cwdGxFelNpSHFkTm5hcE9HWFRrZmpmVS1qd28ydy03UDJYc2FKWGQwOGJMT2owWnJoT2l3QXVvYUtKNnFPTWp4c0ZZaVo1MTY4Q3VEazRJNTFyX21BUEVzd19kbDhWNml3OXVUajFLWGtQeVF6ZkJ3N055bS1Ja2U5bks2NExqcHZPV3ZkQ1poQUY3YkREYXlISVhsVmxtSU1UVm4tMzhXYW1mMXQ0R0F4cmh4NDZLOTRZbURjZQ?oc=5
2026-02-26	Google	0.136	Trump administration imposes new sanctions on Iran ahead of nuclear talks - Tippah News		https://news.google.com/rss/articles/CBMisAFBVV95cUxQSUs1VXFSWlFyelNiZUJtNlpWYW5ZSEpwVG1NNUtIa2R1dW5DaW8tWWowSmh6bTBwTGdaeVpyNUFfZU9SVG1RVXpuekVfNnJDUGhZclc0T0I4YV81ZkRITTFLazFNRTZPdUtaUF9vSkIzN2wxTlMyb1lZUnhUVW9NdDhzMW5lYkh2SFVzQkZkRThaWG5OSnUyN0UzT0ppaGNUZHFDLU1pRVZ1RmRkazNwXw?oc=5
2026-02-26	Google	0.136	U.S. Slaps New Sanctions on Iran 24 Hours Before Geneva Talks - IranWire		https://news.google.com/rss/articles/CBMinAFBVV95cUxNSWRPbThGSFVKWTBEcWl4Sk5jcWo2RjdpWWpyTzZIUl9iamVSNWIyc2RuV05YUWlaRW5Gd2xDbENwWGczZDBkWUpIQlkwbHo3eEdJZkc1VV9lVm5RWU5mOVVhU3ZUM2sxblVIODJKMmd0LUdzZFdJUm1WWXJVX1RMb1Y5ZjRQWmlURjE0YTZxempvRk1PU3lka3JFd2g?oc=5
2026-02-26	Google	0.136	U.S. hits Iran with new sanctions as nuclear negotiations approach - Carroll Broadcasting Company		https://news.google.com/rss/articles/CBMipAFBVV95cUxOV0ZsY1pzcHB1TGpiWWhWaTVfU2d0T24wN19WcF90NjFEeVI3dG9LSGNLYlBBMEcxRGNRcWJQamU2MllaZmRRdTBVOWw3WkJQOUJMam51OXBGeUY1LVNMakVlUlFEWklFMzV2Y0F0YXBHUUdvbEU5dnhOdUhicm9XTWZHYWtVcVc1Mm1qVVkyd2YwUFoxaWl0VXlDTGpJdDMzMkxJUdIBrAFBVV95cUxOeXlHMkxEckFQSjFKQmV4RHFsNkl2Tl9tR1I0RWx5NFVYUDZqZUJWVjd1Zk5jZDNmT2V2cmJoNzI2b1dqUVZHd0xxNlNUMS14ZkZESGZxaWZ6bExnSU9HTkJOOEQ4TmFZS05BcXVzTFl4a2lDMGxXajFoWlAtVUh5LXRDdWlFaUtvNDRFcGdfaEJ6MGhsY3pRWElZUC16OFdBU0RsaVpTNm1FLTBh?oc=5
2026-02-26	Google	0.136	U.S. hits Iran with new sanctions as nuclear negotiations approach - KVEC News Talk 920 AM 96.5 FM		https://news.google.com/rss/articles/CBMiowFBVV95cUxNWHQyT19fdTBVaHNLUFp5MmxMVU45ZnNQOV9LbDBRQURhaWluRENYQUF5V2E4ZVZ1bE84RnU2cGpxUVhxSHE5U19Kd2h0YWF3dzVOb1RUNDNxbzA3cVpSYncybXlxWkktbnpsRXNVc1FyVFJ4RC0wekFJS3lxMld6eXlaRWJtQy1HZXcyYWdMZEM3VF9KVDBIMnZUZk1tcl9VcFFz?oc=5
2026-02-26	Google	0.136	U.S. unveils new Iran sanctions in ‘maximum pressure’ effort - Yemen Online		https://news.google.com/rss/articles/CBMiTEFVX3lxTE5VX3kzbXJHY0pvdkdySW1kdjdfb2loYjRmSW5HUmNPVWVFeHV6OVhWaEJoTG51V0phZFlVQlpvZHFNSUcxWlk0TXk5Tjk?oc=5
2026-02-26	Google	0.136	UK announces new Russia sanctions as pipeline struck in drone attack - Foundation for Defense of Democracies		https://news.google.com/rss/articles/CBMisgFBVV95cUxPUC1McHBzX3VxWUh6SWQ4dHBmYlQzdzlyRl9WZWpMS2ZLeHpIOGI1ZDhBb3NHdFVxNjFTb1duZGpya2QtX0xxSm15SnZreUg2Q1Qwa0JvbHZiT2RlYV9lbDFnSUV6bTd5bFBfQWpYeTJXbkNnZno5VG9ERHdtb082eGRDQ2dkUklYNG5xU25kOVdhanRtbDluNjVDOTBhemRzYVR4OWtrM1pwalVOMzUzVTBn?oc=5
2026-02-26	Google	0.136	US issues new Iran-related sanctions - Anadolu Ajansı		https://news.google.com/rss/articles/CBMiigFBVV95cUxObkxWbjV3TnExMUZfVUw0LVZhanpZWW9BaDE0NGJnRHFjdV9KSjRWeFNVSUphaG8xTFgxeFBuMHl0S2lXUlpwdDFYcE9KaGZac0NfZlJ5MTlNWmMzNmc1bldwX3AwX2F0dmRmbWhKbnJOeG5TUFc1UE1kX2FyRWM3c1p4eFZtaExJQ1E?oc=5
2026-02-26	Google	0.068	Family of U.N. Expert Critical of Israel Sues Trump Over Sanctions - The New York Times		https://news.google.com/rss/articles/CBMingFBVV95cUxOOW9STDdFUVVudWVYTzFINmhTSTY4RURXVXJDOHhWSE1WWDc0ZXk5LUp4WG42UHoyTXpnb0tfSzQ4VGxwczhaYUFxMnc2ejBCVG9EZ0o4U1R5N1lCel9ST2dCUDdXN0kySDI5WXhEYmVZTE16bnJ1ai1FRVpIZFBQM3IyV1NjTk56RDV1NURWc05HdnRBbnBZLWtTUmFuZw?oc=5
2026-02-26	Google	0.068	NCAA Announces Potential New Sanctions Amid College Football Tampering Concerns - Sports Illustrated		https://news.google.com/rss/articles/CBMixwFBVV95cUxQU0JYSk1UYm1oQ0EyUlRCTkdrOWptcnNJamEyS2FrOWxMejg2TUdyOWg2cDZqYnhfYUdwZFREVVg5b0pBcWJ4ZEo0QWRZT1pzaDhXN19xN20wQnNYYkZZWXlQS0RoV3dvdm5fckJ5bzdBbGlhaFNocWNYR3R3b3g4b2pBS1ZKRS1wQzY0aFNfMEhHdE9lSEVwS25OUlBwZzhha3VLaGVBYXJ4a3poUWc3eUc5SVp4bTM0Z1h6a2IxVWkzb3Y0dUpR?oc=5
2026-02-26	Google	0.05	UK trade sanctions enforcer nears action in five cases - Global Investigations Review		https://news.google.com/rss/articles/CBMitwFBVV95cUxOcUhZd0xsTzlKWDY2eHRSUkIzUkpHMEpKVWFCbmY3VW8takp4ZlV4NGZlZlVFUW9vcmQwODQ0a0RBSV9VMlJCcVUtZzFBdjB6dThtZUsxRTFmdlZhYjQxQUEzeXJsYXJTZU9iWFRfcExUTmI0dnN0c2FSQjMwUTU0WXlyQ2VpSU40NlNkS3N1a2c4cFZZODVicDJYdVRnd3NkdnI4RXpidG5WVjB0bTJYSEdseS1CNEU?oc=5
2026-02-26	Google	0.025	ECJ advocate general says sanctions disputes are arbitrable - Global Arbitration Review		https://news.google.com/rss/articles/CBMipgFBVV95cUxNTlBNb1NkV2tsckQwbjJNZ19DQmFGdkE3MDNINDc2WWNPYmRQNFJSTjFVcVVaZjdqcG40djE0TUp5MEt3OWZqTloxdHdGb1RkUlR4NXRrMkhBMVJMRUZlRG5Qd3dpc1BTSUxMTk5oUHNrekJ5dkFSRnBGU1Jwa21yWUZDN2JMcFo0VDR3MGtTUlBlNWR2cGV3aGJ0T1QyWXgwNXBta2lB?oc=5
2026-02-26	Google	0.0	#UN sanctions 4 commanders in #Sudan’s paramilitary force accused of atrocities in Darfur The U.N. Security Council imposed sanctions on four commanders of Sudan’s warring paramilitary force suspected of atrocities against civilians that U.N. experts said s - facebook.com		https://news.google.com/rss/articles/CBMi4AFBVV95cUxPTzZLVHNnUURZSEN3eE5WcG5VWnM1c0dmckdhSzY2c1d3bVJTZWF2REQwcFNvZEVVekZCb2VUUk1OWVJuZUVRM3EyalBsZ2dpQ2RMMHRuZXByVXFZcVZqWEpOVlk2RGJLUjdjZ2JUeEdjZGNmYUwxYVNxbEdYYzNTRDVlY2JJRzFERThnS0lTSzlUWm9oSEdNdUNTU1NQY3ZHUFVxNEstU0h1TzVNY3ludlk0XzFZdjY3X3NjVURHc0RwT3BNQUtBaWQ4dlVGTFFTZXhOcDZiVWY3bnpWVWthUw?oc=5
2026-02-26	Google	0.0	Accused of Evading US Sanctions for Russia and Iran, Swiss Bank MBaer Faces Dollar Ban - UNITED24 Media		https://news.google.com/rss/articles/CBMiyAFBVV95cUxPbmozOVhCZTB2TkF2VWZzcmNCaDdVUDV1WXIySGE1aVlwX2RjeE92LXdnMG9RX2NhLUFFWXU5UEtpWWdGYlpaSHhVZ3A0N09oM0w0RFhNVlZUTnJ3dTZrYTFnOURpRzB1eEVfdDhJX01sWkYxOXF5bGJpcmVuR0pOdEZPMW55Y2JCUjNwSnNEUEdDLU9vUDRtN0s5amExVlhRVzhzVzZXTGNQSFpqNFoyT3RkeXZsbFdxbFBqMS1FakJhNXJ4QTlVcQ?oc=5
2026-02-26	Google	0.0	Canada Considers Sanctions on Maritime Services to Russia - Букви		https://news.google.com/rss/articles/CBMijwFBVV95cUxNb3I5WnBDNkZHQ3NWOHZGeng4YUo1N1RHYS1ZNHQtSVpvNHVhaV83eFNqVzNVNEhvREtYcjNKMU5TeUlPZzhHX1hYRnZBeVp2V1h2am1TNVNlQlctUEc2a2lVcEJPX1ZwY29ld1dmQ1BLSGNsUmlzT1FUbFAxWkpONEFrNU5BcHJfMXhTSnNqdw?oc=5
2026-02-26	Google	0.0	Druzhba Pipeline, Maritime Ban Concerns Stall EU Sanctions Package - Energy Intelligence		https://news.google.com/rss/articles/CBMickFVX3lxTE1Tb01MejZBREtSTVZCSTduMXFuNXFIMkpYaDVxZ29YQzZrYk9MaWNpaHY0UUtibGp6cHNDRDFlcW82SEx4bEFKdHBvVmNabmFqeTFFTUNXSjZKa0d1ck1GNmVQbzJlbDNMNWFOT0hNSEZNQQ?oc=5
2026-02-26	Google	0.0	EU Sanctions Envoy Asks Kyrgyzstan to Stop Helping Russia Dodge Sanctions - The Diplomat – Asia-Pacific Current Affairs Magazine		https://news.google.com/rss/articles/CBMiqgFBVV95cUxOZFcwakNTUTkxZUQzcmk4VEpuTnVHSFFzNHl4M3RDcHJPVk10UWxXNWlmZlNhUFJIUXBFUHdYR0tQVGZrSUxsUjNSNjlHVXBmdG81bTFSWEVxSlRMS3Q3aDRmaHFuNTlfblJpSGhLVF9Ca1NPZmpWNkpuUEpaTTFwU1ctZ2ZJSUo5SUlLLWlBREV1TEc1V0lqOGs2MVpkWTFVZmZrdm5EY0s3QQ?oc=5
2026-02-26	Google	0.0	EU lifts sanctions on Zimbabwe — What next? - dw.com		https://news.google.com/rss/articles/CBMigwFBVV95cUxQeENZRl8yNGRTeGtpUnNRR3MtWVloVE4zYXVWQ2hYeWVGM1lHbWRWeWF2OUlhNXl1MkwwYmdDVUxISWNWd0p3ako4U3hUbHlZaU45X2RBLUxXOVhsc2d0Q3ZyQkEtUU45RkxRT2gxTkZSQTgwci1tSUVVdzJLZ0NNbk1tZw?oc=5
2026-02-26	Google	0.0	EU sanctions against terrorism: Council strengthens the scope of the EU Terrorist List and maintains all existing listings - consilium.europa.eu		https://news.google.com/rss/articles/CBMimAJBVV95cUxPc2lzMVVPelhoZGJEcS13WkZ2Y0hFV1ZzemZ0NmVtdVZsd3ZvNlpsak53LTJ5UHZaUEtVRDhsODhjZ0x4UzRKUkROa1d6ZE1EMTdnUlFTVTQtVFVIU09NUGhZcUw2LVBidFNBYUNqQ1ZtNzA5WWlXdUU1RlhqQ0o2ZHMzRUVvQVlmLV9YeWpxQW9EYXZuNmhnTmJQM19vZTFCMk15YkNiOVVoWEt0dzJweXY1LU5FT09Vbnh6MkNOTl9CeFlDWXNDOG9MekgtVzlaamtvbHNGRTlTcmYxRlNib1BYb3Z5V1VvMnEzakp5N2lJYXp6WHBON0FDSEN3ZWFMMF9ITTRLa3FsS0NISHhmT29sdm1Oa1Uw?oc=5
2026-02-26	Google	0.0	Easing US Sanctions Lightens Venezuelan Debt To Eni - Marine News Magazine		https://news.google.com/rss/articles/CBMihAFBVV95cUxQRy1yQkFwc2FaWDhMQk1oUk5BOXI3YVRDd3M1SWR1RmNJTFZfdlZwUHhVQ2VocGVta2tRcFQwNUNNWWx6STEzYi1EcnhRcEpSTE9aVTlieFEwaE4tVjNDdjREQWoyTmlKV1duM3h1LWxjOG12RVMyQVg3TVlPb1AzQnlzRmY?oc=5
2026-02-26	Google	0.0	Exiled Venezuelans warn EU against lifting sanctions on interim leader Rodríguez - Euractiv		https://news.google.com/rss/articles/CBMisAFBVV95cUxONDdRMFRVWllsZWdvV1g2b2o4b0J1dUVhcURPbFN1Q1hFbjZJQ2RWc01aRmlETzBkUllYaW11NDJmeElHbHpxQnlrVXFzcHdfRHplYl9YYTZXbE03SnJ6Nkx4a0ZwNmoxVWlaX1dOejIzNk9pa19HZ1FNbmdGN1lnNFdkOHU4dlQzd0tMbEdFYW1PSlV6c01ZYWFINjBYZTZtWUdJNFBwN3ZyVHJkZ3MyaQ?oc=5
2026-02-26	Google	0.0	FRMF Vows to Challenge CAF Sanctions, Conduct Comprehensive AFCON Review - Morocco World News		https://news.google.com/rss/articles/CBMivAFBVV95cUxOb3I3UWMzdmJVVk5QbHNPN09KWWZtaUZ0X1ZvZzI0bk0xbFlfLWZ6RzBraFVjQTd4T1pFaFQwZ0QtZHZGME51dEdwN3RrY241b0lKd2RZUmNud01ndzI2QWlXRHJ3U2RUYm5VSGswYUhxMDNBempYU1BNU3NJMENsVWNZRl94VFZLeXdNZFRwN3I3MVUtV0dXb05melZMckxXQkRVbnF2Mllqc2pzVVB6QmVqMVU4X1lkQWdfUA?oc=5
2026-02-26	Google	0.0	Family of Francesca Albanese sues Trump administration over sanctions - Middle East Eye		https://news.google.com/rss/articles/CBMiowFBVV95cUxPYXFRS0stZ1d2Y19ZdmMzMkpTZnRIalo5Yzc0R0NWbjdSdGtxUWhxb0pWTlQtV2NlRkhTYkZYbm51V0RmTFR4dlMyYXZIVlNveGd5cG91OXB6LUxmeU02Qk5fd19uNHNycFJiWlVsa1NwV2ZfSExQelduTDhrOUdGdGZ6a0Y3U2IxSUNyMXQ2S2FzR091MmtBdFVzRXZvajNoN2ZN?oc=5
2026-02-26	Google	0.0	Family of U.N. human rights investigator sues Trump administration over sanctions for Israel criticism - Los Angeles Times		https://news.google.com/rss/articles/CBMi6wFBVV95cUxPWTQzSFY1RXljcXQ4NFp6OXBQV1dvQWJHakMwR0FjclA5ZXZSTmRpMXpnVUZhcjdWM09adzlfVTlseG5mUVhYbnIyLXNOMHJlRndlWndCeHV1cGVYMUJLbG5aN2ZSRFZsSGFDQjJkQUxqdEpoQ3ptZV94ejZGb1Jic0czZDZOR1VjWjdnSEc0TlNSMXh4NTdwSkNNOGZjV1d3c0RNWlpIb2hFQ1BZejdtbWxvREhCeDdXMERUaVV0Y3I0MzlWc2Z6N3BycWktbEdKazVKTzBLZzZBTVZpVS0zelVINUJmM2xkY1ow?oc=5
2026-02-26	Google	0.0	Family of UN official sanctioned by US over Israel criticism sues White House - The Guardian		https://news.google.com/rss/articles/CBMilgFBVV95cUxOZWhfazExMzZZWEhrNjlyYW1ITUFnbTVaN2lHOUN4Q3lOWGNRX3JRYzdfSzBGRVVLU0NnbTUyWWJzQnE4SW8wZGYtVEplcjVSdUh3RWlvaHQ5UXlSakY4OTlyNHdqNmppR3hxTjlTSG5scFpFNGpFMjUza0V4VV9xNks5dWlraEJfUnVxbHZOTTZycWU4T0E?oc=5
2026-02-26	Google	0.0	Family of UN rapporteur Albanese sues Trump administration over sanctions - Al Jazeera		https://news.google.com/rss/articles/CBMitAFBVV95cUxNcHA5ckRjZG5ralN4aHBxTFJIWlVVcmpYam9nQURPRk9Ka0JCNVZuZzVoQ00zc0gtd1dlRGRSSWxuVzBOcmZGMEpJXzZHVklVMEUxYnZQX1IyLXBnV3hCZXdlUmZhSVBFdmFEcjYzVFUzNEdCSDhKSkpmWVgyMS1ubmNUb2RWQV9lZFN3V2xwMDRvTjEzVFh1OVN1QmlmOHBuanJsQkVmaVp0LWpmQ0lHdWJkTWLSAboBQVVfeXFMTmE1X05xbGlCZUItLWU2UFpQajJibkRZQmJjU0wxWXNzMzJZZmpLSmxUT01hY25oWGR2U2s1cVJHdTM1SlVyMERrdFM2dnpPdnNIN3QtNUxnUElkQ2EtT1VMbTF3ZEpET29maHZsZU4xS1pzRGU1N3dNb0x3Vk9mVlJ0UjFFV0FOM1NkcE1pWTJwYXVYRWFYdWtRUHI4Tm5YYUNxUVRvZXVXcEZ2QVBLaGlzNUFUU1E2UktB?oc=5
2026-02-26	Google	0.0	Family of UN rapporteur critical of Israel sues Trump admin over sanctions | Daily Sabah - Daily Sabah		https://news.google.com/rss/articles/CBMitwFBVV95cUxPeDFYSHEtSGRHQndpT19tck5BNHZkdmhJT0FzX2kyMHVwcXlwM3lQVGVyam1VM092QmpKY3M3Vzkzbm1UR29ENjFpQ1lzVFdsWF9uV2RCZjMzU2NiRnVJMkpSSG9fOVFpR3AwSm9qaF9iS3pmdDZQR21jNEZUSl95QVBscXVqWHRxemVaVVpBMmtIMUVOTWpsQWozWWJMVEQwaUNwM2hxYXB6NkRkSkNSeGFiY2hFdlHSAbwBQVVfeXFMTzFMb0s3X3pMd3ZZTG84RWJsNVB6MElnWGVqZkhNRzBQNkttTVJjSGU5VENNemVpSTFWcVRUampBYTZEVkJBWno3ZVZSbGxrSEhMcEdZblY2RkhzWVItZjg3YWo2Y3F4UTlLajR0bWJvT3lUeXJWSXh3T0NCcmJxMTJGRldnM1hfZHRIa2dydEVha0tBVGFnN3lzTnppRDJfY1hsSmY3OV9BNDEtclV1TzRmRHc4b1BqeThLUGE?oc=5
2026-02-26	Google	0.0	Family of anti-Israel UN rapporteur Albanese sues Trump over sanctions - The Times of Israel		https://news.google.com/rss/articles/CBMiowFBVV95cUxOaXNkYThsUGpTdXU0blBvTDNXdkxJM19rOTR3SUpRa2wzdDZnZ3JyOWdlcGIyZUtoTUMxdDhpWTNPYTdWdDdGTkZEZUVtcm5aQmx6NFMwRXlFUk5jcEt0UHlCV1FKWEtKYklJR0xQWjRFX0FnX0tJb2UtQnhLQWdMenpLbWxScDBESVNfQk1mYjNFb3lFNmlqblNqM0c2dE9oVTVF0gGoAUFVX3lxTE1nR2NXLTlaOWdwT21qQWtTS29jSl94Y29EQnBZNFZJSDZYa2RJTDlOTktGcDNyOGd4YXc3WFoyTXp1bkhSeDQtR2hNRE5tclZVNVRGUWU3ZThwdy1vWnlveDBCRXJIakpVOHhKM2htY2V0bkY2am16UUpqU2VTYno3bFlxcnpiNE9UY3h0b1U2WmxoLTNjaHdvN0xLRFVfVkZMNEZYX2ktNA?oc=5
2026-02-26	Google	0.0	Francesca Albanese’s family sues Trump admin over sanctions - JNS.org		https://news.google.com/rss/articles/CBMihgFBVV95cUxOTUVKc2xMV3h6dlN6dzhSN2E5RExUeVpRU3RVbThybXZtU1BLM3VDcm01ZURpUHlaMkg0VThONkhVa2NEQmY2NF9lWjZZZW5YYVBTNlFqeTQzWFJRRGFLbUI2WmZLcDRiZE5Qa2pZbWk1Q1hLbkV2SE9WUV9RcnBLeksyRk5VQQ?oc=5
2026-02-26	Google	0.0	Government to Ease Sanctions to Improve Relationship Between Markets and Regulators - marketscreener.com		https://news.google.com/rss/articles/CBMi0gFBVV95cUxPeWZSbjEyZ0x0YXdpTk84U183cGhZc3I4Y0YyTGctSnl2LTRpSjhlY2RyQ1pvVzFNLTVDdUZsVnZ6b0JEMzdrNjBXUXRkQklOT2J3dEVZQ3NHTWI2WXJ1VDN6NHNJOEVZZ2Y5Nmd4Ymc5OGhEaWRDVzB0ajc2WUUwWG5LTmkwck1PbXd2YzEza0RDZzNCSXFkYVVXbkdHQXBtYUVuWTIwcW5mMHhLVXlvQ3VOZXdCb3lfckxXZjJhejF4WFpjVldmN1A4Mk54OXhVMnc?oc=5
2026-02-26	Google	0.0	How Iran, China, and Russia Use the Shadow Fleet to Evade US Sanctions - Middle East Institute		https://news.google.com/rss/articles/CBMinAFBVV95cUxNc2hZZFlDN052djVaRmczZV9VbmlNYW9FdDBJMUZqZHFHbXdrbUR3d1ByRzFhU1NLdkE4U21MTXRXWG1VaDRjeGFQQU5fbnhzYjVhNzdjWFdfYThQaTZvamlSTXFuaDM2bWw5UVhpQlI3NVRtWFk0dnJQZDcxQ0F3c0tMUG5waG1RTk1xVl9wWmFyY1dBeE5kVExRME8?oc=5
2026-02-26	Google	0.0	Hungary is blocking Russia sanctions package over €16B in EU defense loans, diplomats say - politico.eu		https://news.google.com/rss/articles/CBMiqwFBVV95cUxNelVnRDdIMU4zWjF3Ni1DVzhXWXM3M1B4S29kbzBrZ0k4SU1Tdlh5ZHA3NVdBNV93dEppWS1Xd19BTHhDX0lyUXpfdTU1Wk4wR2hJU2xlVlFwcnRYVXRRVG5aUHRoWVlKTDZuVEo1bjRJTVEwSjFPOWU2eDBRTnJGXzQtb0xScTV1clBOR0lHX2p6X2s2Y013amJvaDBDeW1EZHdJMVlqenNLSmc?oc=5
2026-02-26	Google	0.0	Iran, US set to hold talks as Trump threatens force, imposes sanctions - Al Jazeera		https://news.google.com/rss/articles/CBMirgFBVV95cUxQeU5NeGhyMTd1aV9fd2NGZ0tFVDhWUzVxZ0tVRHRmWGlOcTVTOEdXcGRzeS05TFZQN195Qi1OUEc3aFc5ZHhmenpaMElyTFUwTU5Id0JXSUZxMUdiZGYxWGpFMnhTSVJaSkFYdmoxS3psOERCZVpwSlJWaVRvQmZkMmIxM184T3p6SlFjU1FUYUVFYWdIN2NtVnFCYlBGSEY0YXQzaDVGeTN5QjhpcmfSAbMBQVVfeXFMTnFtWEtzY1lla1VhTXNJMGhnVDBnSkU0cnFLb2N0OEVkZFlyMUZnSkFub01RckVoRENvSUJyNEFaX3lOTFNtazlIV200QmFfRENyNFV4WnNoajI5X1JBTlVLcFhUYVNfUS1MNGFxb29TejFYeEVLWnFHSVJ5X1g2dXNXTkVudmF1OG9uU09NdHFsaE1lMFd3UDJGZkhEaUYydjlGd1BpOHpRWUhDM09wNmFrcVk?oc=5
2026-02-26	Google	0.0	Iraqi film draws on Saddam-era childhood in tale of life under dictatorship - NPR		https://news.google.com/rss/articles/CBMiWEFVX3lxTE5iY2Q3a2xERG9GYVhXS0FHaUpucEdnUXB0dUstamR2VFZUTVQzLU9KYkZjMmtnZk9oc255OFVnQkpDdjQ4QkZpZmt0ZDlwTFd5ajZxeU1lMzE?oc=5
2026-02-26	Google	0.0	Italy to soften sanctions in bid for smoother relations with markets - Global Banking & Finance Review®		https://news.google.com/rss/articles/CBMimgFBVV95cUxNVFRNTTlBNkNIOHp4dlE3WEdSeGsxOXNlSnY1eFQ0b19vQ2tMUWRBZlVua2liRkY0T184aWRRT0FsNlBNVVVPdkhUdW1hdC1EYkRaYng5VHh1SVM1RGppUU02cWhaMF9jeDJKNmRweXMwMU10RHVFOGFrQlBBZGxzVDV0WHNDenNhQ21Hd2VEVGMzNk5XVGQ4dG53?oc=5
2026-02-26	Google	0.0	Kyrgyzstan in EU crosshairs over Russia sanctions circumvention - Euractiv		https://news.google.com/rss/articles/CBMimgFBVV95cUxPdlJsR05LVE1uRkRzTS1qcmNLb1RKbU1GSk9pVGtxSjg0bWdaUmp3OG9VQzZXSndiMUhQc0hGNmlFMndyWTlfX2xaeGI5Q2tjanY3c2lza0xKYTc0Vzl6cVFTNktoY2xmNnUyUlFKcC01MDYwVE5zWmxjNGlDVlJoWHFYLXRITzlvYzd6Tk1vQkFxUnZBZFdCTVh3?oc=5
2026-02-26	Google	0.0	Russian Civil Aviation Faces Rising Risks Amid Sanctions and Aging Fleet - Букви		https://news.google.com/rss/articles/CBMiowFBVV95cUxOSHpLaTcybURNcG9LRnNYc2QyeHB2ZzFZUmhfMjhzU1NhVFk3azhSMkxhTzZkZUtYOHlWakd1bDFJdGVDdVk2d094Nm1lRlFZTmpUZE9kTExRVERvM0pwTjRNMkZvZGpaMFJoVmkwTXh0Nk45UzRhUnNsdDcwdWR4eXo2R3FZY202cUZkT2VfTFMxTkJEbnoyYU1COHVNdGZ1YTBZ?oc=5
2026-02-26	Google	0.0	Stop Helping Russia Dodge Sanctions, EU Tells Kyrgyzstan - Barron's		https://news.google.com/rss/articles/CBMingNBVV95cUxQUkI4RUd1UUtTbkpXWVVhZDQ3X21qNDE3Vjk2UlQ1OTBKX1hjRFRicVVkSWtQcWRCNTJKX0VXaWNCNEE5Q1o0amFXS2ZNendVVVZTQVRVT3gwSW1EODVmZzMwczlXdFpHc0pHdnVWSnRmS1VCeDJRQ3JZU1Zrd1dZVGllV1JiakNvbG5tMGtBenRqZFNDbWpKTXY5RmEtQnJwSmhhdjVReEJBdlM1QW1JQlhHYmFhWEt0VnpHV19QYTBLeHhwYmZlMjU2ZlBPN0VMM0NaT3BGcjNJX3VmS1MxdWo0b2lhZ0paMjhiVTJwS0lyb0M2d1VfdEcxTktGUXdGb1ZfdEVVaXpjRDFZaExhWDN1MDFXblE3TE05cG5mUVpacEJPbTRkeFlfT1dyZTRibzNRODROZkxWTU8xYkdCeDRRa3p6ekdIMFRwUW0tUGZGUmpKNzIzdmVrVDg0czZEcDZ1SHpRQkF1LU5MSHhTcHdORXRKZFlFNElmVERPWVpQMjNpVXZzTE1Wa1JRU1phVFgyZUFESnA5VUNoRlE?oc=5
2026-02-26	Google	0.0	The toll of non-compliance: Procedural merger control violations trigger record sanctions - JD Supra		https://news.google.com/rss/articles/CBMihwFBVV95cUxOVjJuNTFRLUhteHM4blU5M1dIeS1QSjdGbi12ZXlXSG14RWJ2clpXZEZXNC0xZ3JFS1lJcmR1dGpKeE1xd1kxM2Mtb1dFR2UzRERoUEpQdjNmel9nTGNpSnlnamdGUXdKTmtsWEVwM2RsU1U5blBLNG55c2FhUk0taXV6bWNTc2M?oc=5
2026-02-26	Google	0.0	Today in Africa — Feb 26, 2026: Ukraine Says 1,700 Africans Fighting for Russia, UN Sanctions Sudan’s RSF Commanders Over El Fasher Atrocities - OkayAfrica		https://news.google.com/rss/articles/CBMi_wFBVV95cUxQZ3VOS28yQXdac2ZSNUpNQnpMTXcxajd6aFY3ZUVHU1ZwOGt3dG5LWWwyR2dNVDlsb3lSakhzYXI3N3gxN0paVzZhdmFYY0tuV2lBV0xyQmRDRkw2aEFQNXFMTlNTaFplbTZGd0N6VWtjNlpGTFIzMjZBQmhSX2ZiZ0x3eUpuODBuRDFKTHBEd2FSYzZ6UUhXelp1Y245MERpWmR2Uk0wSC1mbmxoV3A1c2NzYS1mbDBOSVpURU9leGktWllTRjYxeXR5ZmdRNWo2RGZZZFY4STA0YjJTbzllT0JDMUhJdUo3aVN2NDQxaTJXRzZvUFZBZk9PdkF6MzQ?oc=5
2026-02-26	Google	0.0	Treasury Department sanctions five senior Nicaraguan officials over repression - Miami Herald		https://news.google.com/rss/articles/CBMiigFBVV95cUxOTDV1N21ja0lmQnZZUnkwOHFjWkswaENlX3FlQm51OXVQbG1yVUdObklfU0praG4tTkx5Qk5sQ2JkQlNEZXViV1NvNHcwblBIblRjcmU3V1AxaHZGb2RlWjRaMThlM0xxSk5oWTQ5V25meGpqNGRyak5DRkQ3Y1NjbUpXNzQwYzB1RWfSAYoBQVVfeXFMUEI2dkh0ZzVtWkw3VXVRZVRMdnBKUlJlc1FwWnEwUmx0Njl5YnJNREUwM2lPS28xMXZkazFPWVpvMkl0MWNCMWlRT2haRGlOcUtPNFFsb3hoY3JPSkRxT2habGJPS01ZRlpxQUlSYzNvSk1QNTRrbXN1WTdzRWRUbm9lN1hYbVcwdkN3?oc=5
2026-02-26	Google	0.0	Treasury Sanctions Russian Exploit Broker ‘Operation Zero’ - MeriTalk		https://news.google.com/rss/articles/CBMilgFBVV95cUxPaUExbHVHalZBOC15MkUyeEdJcjVvRm5vd2RBeGpwUFQ2dS01Y0JmTTNpcTJUcTlKZ3RMSzRTY19hYkVpLU5GeERkTTVWZm9vRmZ6aTlGUGtncGhRUHczSzBZQk95R3IxZlhfVnpoWUg1b0FwczVra1FPVUl6NkFIYXdmaDhjNGgtQmhCMU1GaGQ4aEU0SlE?oc=5
2026-02-26	Google	0.0	Treasury Torpedoes Iran’s ‘Shadow Fleet’ In High-Seas Sanctions Blitz - Hoodline		https://news.google.com/rss/articles/CBMingFBVV95cUxNenlKcXZHMFBiY2o3N3Y5OU9xVGNuYTdsT2tNMTAzREpWYXZJamFjdTJ2MlFacG1vSVRpSFNlM1RGNGRCWTJjeWlCNkllYjhwSjhWbE00OVR5RnlaaTBtUjBNQVQwQTdFeDhsNXRXTmRlaExfYXJ4aXJDWW9obmV1Y2JjaVdsLXRPaUdZaEZKRnctVjF3clNiYzdUWFNNZw?oc=5
2026-02-26	Google	0.0	UK ambassador failed to provide evidence for sanctions on Georgian TV channels, FM says - Latest news from Azerbaijan		https://news.google.com/rss/articles/CBMiqwFBVV95cUxOR1piNXZ0LTdXZUZsaTFSWkVBclNhRHRoampJd1RpX3dEelN2dU1TYnNmdEF6WGk2cF9WdXhRclpxUmk4U2s5Y19TdTRMZ3NmWWl3Zm14QmswUXh5OXV6SXNnSzZySHM3RGg4TkdtazZ1LU1fcVJFZnVsTWFzSlk2OS1lRnNITkRsZDhaWUxMcGtib1lDajQ4RUJlSGVGa0hjTnd4eWxpNnNHX1k?oc=5
2026-02-26	Google	0.0	UK banks face Russia sanctions grind - TheBanker.com		https://news.google.com/rss/articles/CBMiekFVX3lxTE9FVVZWSFNxMVJLVG5CQU5haFBnVHFhS2pKaVBTQm5fdXNaeDR2cHBfWnVhSzlBaUtCbmwwVEVFVkpmdzBjWmZTMFVpSHZRWkgzNUI3RWg2MWp4S1dpQVRWd3NDcWNfNVRRRVlfN0FfZzF0cDQ1NGwxUEN3?oc=5
2026-02-26	Google	0.0	US Sanctions Iran's Shadow Fleet, Networks Supplying Ballistic Missile - RTTNews		https://news.google.com/rss/articles/CBMiqgFBVV95cUxOWjFSUWgza1NfNk1kQWJSQmt0Ry1VQ19BaEJVWDZvZGlSQ1FSWnhSLWs4MTRES1N6VDZRbXBzMy1pRHNOT21MM1dGbEwyYlNwdHJSMlNXZFNvVzZsVDFRUktVM2RkRGVmY0JUYXU3eDFjcWdxdDVkRWszRmxjOXZFNGsxTlRvWHhHbFpYNW1rM01ZamlGSW0wRTdZRFZNaUNySkRQdzN5NDd5d9IBrwFBVV95cUxNQ0gzd09pcXNuV2dZTmI5aVVCeUFFNFBjNDBid1BOeHVZM3Y3UDViOWJBSFdJcFhpNFJuck5ienZLU1pvSVdVaDZxX0JBRDAxTTJYakNXZGRxd19EVXNzVGoxVkdpZkZwcU5oSnY2d3lQUUtFamFkVEc0N0tJUGJDamNrajFnbFVhVGsxOEhUMWpSSG9FdDQ5b0JCU2xJa2pxYVg1ZE9ScThxOWhUMWtn?oc=5
2026-02-26	Google	0.0	US Sanctions Russian Exploit Broker Operation Zero - SecurityWeek		https://news.google.com/rss/articles/CBMihwFBVV95cUxNNVJqVkhyX0dwNThSRWk4eHBDZ2R1X0Q0ejMxMVVKOFJQS0ZnamNCR2tzM3FaYTNKeTN3WWpQM1NRWS1tTkw3Y3ZaUWNYMi02cG5iLUpfMW9lcktLTnhGYmhQblBILTVkMXhCV2V3dDN0b0htbWNDMkpmQTVPQlFRV24wVi05T03SAYwBQVVfeXFMUHFXOHpUVWNHckdhaDBodEY5RkhURkFtdkdKNWFHek5hUko2MDJTUXBqZThzc2hldzI2akV3U3FYMWFDcGlReUNpNVpZdDZRbEJTUDNhMnpGdVNQZjl6UkZjQVhHN1BCVDZSa2l3MGR1dXZYTWQxeE01TjlsTTJtRjRYOURhdG5oaWdtS3o?oc=5
2026-02-26	Google	0.0	US announces sanctions on Iran’s ballistic missile program - Fox News		https://news.google.com/rss/articles/CBMiVkFVX3lxTE9ycVZuXzNMMk9md0NpMk9Eb0NxVjZWVzB0NnRKYXlJaDBvT0xMMXFHd1FoNXp2T1FIdlhfbkVtcURrbGdZWExlRUh1UGlubThVOXdNVGN3?oc=5
2026-02-26	Google	0.0	US extends Lukoil asset sale deadline to April amid Russia sanctions pressure - Yeni Şafak		https://news.google.com/rss/articles/CBMitwFBVV95cUxNTERrZ29uTU1RR3YtbEkxZ3FnLVV6X3JMYlB0WE9NSUFtdlN3dXhhT3gxb2RiZDdTZTZDLVQyQlEyNUNhTlhWQnNLc0tMZGNxYkliaFpNeHNNX0lHZzFZQ2YxRHp3Ym1NR1lXaHJxMGUzdkoxT2l0RDFraVN0YWY0TGItd2RoYkY0NWRsMW5yMmh6OUVfajlCalZKVkV5X3laeVotVDJ4ZWtWY1ZNaGJPcTZGSWUzVzg?oc=5
2026-02-26	Google	0.0	US extends deadline to April for Lukoil asset sale amid Russia sanctions pressure - Anadolu Ajansı		https://news.google.com/rss/articles/CBMiwAFBVV95cUxOVjA2V2pZN1FlMzQ3VzVJbXBUSlpsTS1Pdzc0UG0tVWdQVkhudU9XUmV6S2VfZm5udDhhOWNocmRrdXlTM04yMGN6RUgzVmtzQ0JVbGtHdEtoWk5CTGJzV0g3SEE3VV8zWVhicmhtTWIxTk8tdDE1SkgyWHFpQzJpR211anNiOVpDMjJPQ2lvV2RpYnhXeWc5Zkd3MjB4U2w4aG5rTEVEVjAtNWUwYkZZTlZtNGNvZXZlQ0NzeEpDVXI?oc=5
2026-02-26	Google	0.0	US sanctions 3 Turkey-based companies tied to production of Iran’s Shahed drones - Turkish Minute		https://news.google.com/rss/articles/CBMivgFBVV95cUxOTUw1WW10X2gtWG4zTXJFQzdUYm9UZ1Yxc0JyenJEc1UxeGdNTm1EamFwZVpzNUdlT1ZsX2JkWXhQeTluSjFkUTZzTEQ0UUZVb0JOU0hoX1ZZelZyUV84aVJHaUg1clYzN3FRWnFRYm50UGdWUldETWpQcV9walh4SlZlVnB6dy1ZNTVaR2k0WlpMT0ZZcDVCVFVCVDNodUdoelB2aEtaQXcxMkFiVDBmMklpeTNVUUhwcVdhT2xR0gHDAUFVX3lxTFBfa2ZoY3cwRmtyaVQ3dTdna21sNVFBMzR5R3lxbEdlM1ltd0VrMW5zZEw1bml0bk9JZDczODk1eVdKTUc1dUIxNGtYWmo1VEJic0hzNGRIWU43SUsxSFctQTVVM0NmSkg2WG5MbUZldWNHY3FxVkoxN1JfUG9kVE5iM3AyeG1rbWFkd2F3UGx3S0xsQjE1YUZUczFWYm1LQk4xRWRULWREUUU4VVR4Uzk1WnREVDRxQUJfbEh6THpVdlNoOA?oc=5
2026-02-26	Google	0.0	US sanctions a dozen Iran-linked ships as last chance peace talks loom - Tradewinds News		https://news.google.com/rss/articles/CBMivgFBVV95cUxOLS1GbTF5Q1MtZ21mbkVlcXdycUk0T2MxU1QyU1FTZnRHenhxS2hLSnlXbzVQM0RWUEN6NXRXaEFoMkFvNDJGSFZON3c0OXo5MGxHMGJXb2tnWkxXR1E5eGFoZkp0bU1TdHlhY2hYRVN1WE9GOV9KV1JhQ1hkVEtHYUpkRnUyMUZoRUF1cGZhN2pHNlpHMERqS0dQT2NTQzdIMjNidmJfeDdGWjB6MDRndFNvNzVQemhYa2E3N3lB?oc=5
2026-02-26	Google	0.0	US sanctions over 30 linked to Iran’s shadow fleet, arms networks - Siasat.com		https://news.google.com/rss/articles/CBMimwFBVV95cUxQWHZ2Qm1uNVllYWlNd1V4YnVGQkhVMDczSFJ4RUNQZ09XNlY5dWdJbERkVVhTY1dqUEpLTnlVNnhnQ1VPbjN4alNnb2VuSkN1MGlxbnNyX3hEVFVqUGhRc1pjUjlvaVVOS3BVNDZwVV9wUURMeUVHeXRtbm1hR2MwVzUxZlJCLS1PTmU5VGYtLVBzUWt6eklKUzFySdIBoAFBVV95cUxQRldfbzlTVmFxb0tramI2MFAzSGhvOGJ6ekNwbVlfa25xM2d5eGZNTkhMMjRuMVlYZzhGdVlLQXd0MllWRXJhcjZoTHdueWJKOUN0ZmQxUWRUMUJSSVlmZ19mVXlORFRLbDRvVGRla3U5Tjc5OGItWlpLeXUxTVZyMk9OaUVWVEx6TVVZSDlHd0QyV0hMdGtrSVVZbEM4My14?oc=5
2026-02-26	Google	0.0	US-Iran tensions: Trump targets Iran's shadow fleet, sanctions aimed Iran's ballistic missiles - WION		https://news.google.com/rss/articles/CBMi0wFBVV95cUxNWktQOXg3NE5LZjNncjdVLUg0WS1Yb3NQb2xvdk9jQTBvY2hqbjJ2N1RXVmF3dHNEYUNjMGR1eERTNDFQT1dvV3FQcWZYTlp3U0IxSHJQTFVZd2lFVGpZcVg3cDFpSzN5TFRDT3ZqNS1tRFZQU3pHd3VuRTYtN3c5RVF5eWh1X1NiMEpHWnU1NE42N0dLdHFQSDN1NFdhbzRwY1VwRUUxcjdVY1pFaGpEb2tfN3ItYTBFS3psMm1MYVNfTnhuYkNQN0FqdDlLcXV5c0tV0gHYAUFVX3lxTE94OTRGSHdoZjN0dEFLaXkzOG9IS3FjWWxKc0lOMWViNzc5aVE0eWVpaGhlekJ0a3UyNU1PN1B1d2RRT0dwRFdDMmVjbzZ6RjE1NzMzRFVCcHppR2JVT2M0R29XX21MYTNVeU1hdWVNamVBVzh3LWQxQUVNT0gxOGZDd0lsS1RpWlF3X2J4SUlaYUMtTTVPSUlXc0o2X243cUdzTkNqXzEyMlFaZVJndU5jZTlOdlU4RFJabDFVTWhaM1VzSHRNb3Z2V282REI4SF84aUdWeUFUVw?oc=5
2026-02-26	Google	0.0	University of Southern Maine Cancels Palestine Conference Over Sanctions Concerns - اسلام تايمز		https://news.google.com/rss/articles/CBMiwgFBVV95cUxNNmRhYWFnTVlFME1OWDRNLU45Q08zRTNPdzlzN0FpbzVnUWdsLWFId096SlFhM0E2RjRmcWtQbmlDUkxLTVV5dVlEcDMxOFFyRHhmdHVHTkJud1FoMmcyOERGZ2ZMcUlGWU5JTjNNUVZiVVlMRmpPa3NoUDBhamgtMVIydGlLTG5hMGY2THZxTFR6cFdhMXFVS0ZvSTIxQ2NJanhzYTVZaThiXzMweXkxWFpTczU4Qk9jdUh4M1J0dmlJQQ?oc=5
2026-02-26	Google	0.0	Washington State University sanctions Sigma Chi fraternity for hazing - FOX 28 Spokane		https://news.google.com/rss/articles/CBMioAFBVV95cUxPM1Y4MVBqXzNSaDBZdDNjeHFYcW9zMFJrZVhiRGNqejd2bTVkUzJ1MXNhUWhFbTJhQVhRajYtOUJmSV9wQ0NaRG9Ec1FFV0NmUmVkWW9NVGZMSTZfdE1aWDcwQ3pvRmZRSTBmeU53MFlyVmVIUFctbWdXN3p0Sy1JdnRtOThmUHJiT1NjQWpYUDVUN2prSkp2Wkk4akE3T0lG?oc=5
2026-02-26	Google	0.0	Washington State University sanctions Sigma Chi fraternity for hazing - NonStop Local KHQ		https://news.google.com/rss/articles/CBMi3AFBVV95cUxOaU50WXVSX2hGN0pXaGhGeWFSX1Z1OV9aeXhZa1diSVk5UFV6QVlPZGhrelUxQkZyTlFFdnhDclppeVpabmFrdzRvRkpHUzgyR29hLVFFWXJzeFZ4ODVnRncxeDRiOTMzZldETk9rVGJXVmw0bWtIaUc2VEFuVWFldENraHpDQXhGY2hRZ25uYnFTT1VkeFFRbVIxcjBZbmNReFZydTFFQlBjZlNXR1RnZTktRDVGSTI5cXFzSEQydWpiVlZzV19Ec2JWMzFzMHdoWGIzSTNieUtURkxs?oc=5
2026-02-26	Google	0.0	What is the Druzhba oil pipeline and why has it held up EU sanctions on Russia? - Reuters		https://news.google.com/rss/articles/CBMiuwFBVV95cUxQNzB3U3NBSU5wTEJhcTFycndMMFlxR01rU1dkWGViUS1Gd1RaemsyYnh2SVY3dWVmOHU1cmxGZmpEM3hqaFZWd0k2X3FLeXIycU9la0tFb0IyenNaa0ZuQW5NZTlCeXBaM0wtUFhVNG1NWk1KQXVBRVF0UHU0eHJ2ZEZVWXVvcW5FazVoeF9mWm15UVNyQWZEb3RNRE44aksySnRzaUl2Z1dpejBYam81N1pNWlB2akNhNGw4?oc=5
2026-02-26	Google	-0.05	Sudan defense minister welcomes UN sanctions on RSF leaders as ‘long overdue’ - arabnews.jp		https://news.google.com/rss/articles/CBMiZEFVX3lxTE9iVVA0Q3pQUVhRWmdkMHViOF9fR2lRRWlhMFpTQ1pSc3ZFYUp6RTN6ZTNSSXpCNXA3eXF5Qmx3aEdMZTFwZ2VETTRNUVo3dmJrVDVJY3JMSjNQMGkyTWxVT2ZvMXE?oc=5
2026-02-26	Google	-0.05	U.S. Sanctions Uzbek Citizen Over Alleged Cybercrime Links - The Times Of Central Asia		https://news.google.com/rss/articles/CBMihAFBVV95cUxPaHFZbjJLYkhlVkUtV1ZyWXpnVWZNcHhGVVRLZmEyM2steE9VdXpGUS1DTERwaFZZSHJSQ3RHbnpUY0dWVGpKS2UyZklJamVhcjh3R0xVNHdqZjJWUldGM19La2p2S1B2OU5EN3ZtMUJyRUI2cy0zOUF6a08xQjRhRlMyNlg?oc=5
2026-02-26	Google	-0.062	WORLD IN BRIEF: Gates apologises, US sanctions Iran, Pope Leo Africa tour and other stories - Businessday NG		https://news.google.com/rss/articles/CBMixAFBVV95cUxPUTJJaDVpYmVocjQxR1BOcHFrd3FRem9MLUxhbHBpOE82R1JWNnJfa0ZzLTRWUTB6d1ZmSDljck1mSFBXUmhMWE9zaVE4cExvb3pHcUl2UVVYTFZoeFAtN2hiZk4wY1oxX0pQNGxCdnk3eHVlTktHRjB6anZHZS1jd2tSSlNXZGtIWGVFMHFjdmRXZUp6eF8xand0WE53cWczUzNLTTZjOU5DY3QwYmZOdmNjQ24tckExVGlnT2Vpb3E0WFkx?oc=5
2026-02-26	Google	-0.15	SEC sanctions firm’s pandemic loan pricing - Investment Executive		https://news.google.com/rss/articles/CBMiiwFBVV95cUxPUklsRzJJT1kxMko4MHRXLW9HOGFLb0luT1Bwb2dBeUhXaXViYXE2S0pWU0pMRU1UNjZxT0ROWmw0bmtlNVJYdXhtdVhKaVBEWjlrLUFJNHV2am1iTTl6YzhyeHl2emlNOW81WXVVRFdrYVhKaHhVZ2dVN2tENEsxSnRCZk5fR2FQNWNr?oc=5
2026-02-26	Google	-0.194	Newell v. Walker: Court Sanctions Law Firm for Missing Records and Weak Search - ACA International		https://news.google.com/rss/articles/CBMinAFBVV95cUxNV0lsNzAwNGM5R1lDTmJpcUpDcmpudUxDcW5ka0JUUUZEbUtta2RIN0x3bXhHQkQzb20tcjhYdDRKXy12b3gxcjA0VDhJd1Q1eHJHX1lyR2xwZXFiaG9BdzB3ZUJNSmJtdy14V3kzWDVHWk9fN2ZoRFRTLXFHYmNJVFotZ2FwN25lSVh2OUdNRkVTeUludGNPZF9iM3E?oc=5
2026-02-26	Google	-0.3	The sanctions paradox: Latvia loses transit, Russia takes over cargo and profits - Baltic News Network		https://news.google.com/rss/articles/CBMiqgFBVV95cUxQWmh5anpyekUtZjFqVjdWTjMxTzUxNkJib0JDVnNmV25XQVVtdDk5ZVZkeDh0Ujl2THd2b3B2UHNGN2hPMGdNZXFuQnplTHFWYmtHRW9NVHg5MUVxQkJabjlkSEM0VzVxYS1xWEpNRFlFdUdUbm8zTDZkZHRxOUNUS1hUSHNYRzRIOWNTMk9MNlJsNFJnWW5oMnV4WjJjYk9UVHdpYmIzenJWZw?oc=5
2026-02-26	Google	-0.35	Maritime intelligence brief: Venezuela’s undeclared crude surge and rising sanctions risk - Kpler		https://news.google.com/rss/articles/CBMirwFBVV95cUxQaDM2dUFfMzRlM1ZnOFJWYUs1TVFyZnQyYllHTTNaMVFPbThVck9ybm5Wd2JhVUlqOHNsaThfck4tcnFZcFM0dlJzc3RLR1dEa1llQmFJN3hmODRCd0hFN1h6cE5xc2ZsaG9XSHJWSllYNUJPcjd4ci1uVUw4d3duaVVuaHltWlFGdnYxc3VLa0JwWWFaLUtEZWZ4YzN1VHctRWZSTVJXbWZ2R2VpRjd3?oc=5
2026-02-26	Google	-0.35	Western Sanctions on Russia's Crude Exports Start to Bite - Energy Intelligence		https://news.google.com/rss/articles/CBMickFVX3lxTFBFODlkVjlUR05ua2dTLWJKTGJIY19ZcHNYNHM1N3VkWXBZalo1VndvRDMzLU1rMlNlcUU5SHdObURqbkV0X0FpVUdqT3Z5ZjJDYWJCeDBybkJTOTY1VFF2OXhUQjZNSXEwVFZQUFdQdThkQQ?oc=5
2026-02-25	Google	0.5	Trump enacts more Iranian sanctions ahead of nuclear talks - wng.org		https://news.google.com/rss/articles/CBMilAFBVV95cUxPWW5aSHdLNlNWY2g0dmpTVEl2eUtxeDV6aG5JYllGaWdkNEtTSU1qdm0waFM1MFltU3lGTUpUdmp5Um5HSmtyMWdBZlUwLVlqSm95azRNckxsWWJ0QklpNkZwM2JKbmpkNXotcURISlVDZkFhNmJOdFVDcW9IRnZxVmtMNDN6SHkxR2JFZnlObGdoYTlV?oc=5
2026-02-25	Google	0.5	U.S. Treasury Sanctions 12 More Shadow Fleet Vessels Linked to Iran - The Maritime Executive		https://news.google.com/rss/articles/CBMiqAFBVV95cUxQdDBWR3UyWjhXYjFCODhnc3MwLTVDTFJ6d09lbE44QzdUdVNpNFQ1ZGw0eklnaXF4SjhzOXJncVZEOHJ4WENsV3daOS03b2Noc0Z5M2JzQkdvWVBkMVdtVFlvTGo3a05IaFJ3OVZ4aGlGc25aRmZsdFF1dWdSeVdvYlZNZ3dKUVQ4Z01BNEc2SDk0bEJXUFVtc3NaZjFkQy1tcmlpbUZzVU4?oc=5
2026-02-25	Google	0.318	Top Headlines 2/25: Trump Administration announces new sanctions on Iran - WFAA		https://news.google.com/rss/articles/CBMi8AFBVV95cUxPTGxSRFl0MnBhTnd6cXhhT0xneDNaMUNCakZWcVFDS0xZUF9BbkRHelBNTUh5NjlhLUdBbzlRaGFoWElfZVpaaWJ1WV9RX0VpVUhyaEFkZ25qa2pRWWVUcS1palB1bVNKdTVrS0xTTG50ckdhODNjREJyU2VvSGF2Z1BFMmZRSnkzdjNGbzMwNU0wYTNsSnZtYXlqWDNKTVBxVU5QMjJmaXphcVhoWXEwRko0bWhTNWpvOW9zZkJSRC1Ec3B0czY3RVRQXzdzckhRb3BWQTRPR0dfX0M5Rkh5clhGYU9PbndXNGI1RjdNcFU?oc=5
2026-02-25	Google	0.3	US Treasury issues fresh Iran-related sanctions - The Times of Israel		https://news.google.com/rss/articles/CBMimAFBVV95cUxOMlk1RkJ4emdHcGFTOVZubWpFQWsyOUVsZlgzTjFWNHJ4NkRZbUpPQnNpRVBKcWhQN1hWU1dNZ19meVFjdWx1Z3o2SDFFV0hYVkhSZnJwUDA0Y3ZRMl9ZSWJLd2t4Zy1ubkhyMjBhZzdCZ2ZXYkhFVnlkQkI4TjVzVjRWbDhJTWh0d1pTRGJvbHktTDBadTRSQQ?oc=5
2026-02-25	Google	0.136	Graham slams Dems for abandoning new Russia sanctions bill - Punchbowl News		https://news.google.com/rss/articles/CBMifEFVX3lxTE4tU0ZBWTJoWmNjeHBSbmk4Z0FaNlRDMmhnM3RNLTVwcG5vTkNPMUhlTUF3SlFYU3NqUE9aU2tialZpU3lwTHJ2cFJ1ZGFNVE1wTV9nX0hzNG95c1pDLXM1WXk4VU5KNUtjNHl5VE45UmJBNFR5ZUd6VV9nQno?oc=5
2026-02-25	Google	0.136	The Trump Administration announces new sanctions on Iran - WFAA		https://news.google.com/rss/articles/CBMiyAFBVV95cUxOa0Z0NnRJWmlLMlFpQmNXX2FGamkyTkljQU54OEZnSERVUGVhWGdtdW90M1hmZWhVTm10dUROMDhJSTdBdUtFN1NmTWtEbFgwNlQxNG12R056Y3c4WmhuTUYyMUFGczdiaHl3b2tvT0gyWmxqMG1Uc09iS1hCUUtPYUNpSFhHbDhrRFBFQTFLRTZGREdFMmE2VlVtZFpCOEprRmw3UWRhakNhRGEzd1pwQ0cwc0ZiUWtuclVneXVVM3hLUnpwTUtVdg?oc=5
2026-02-25	Google	0.136	Trump admin targets Iran ‘shadow fleet’ with new sanctions ahead of Geneva nuclear talks - JNS.org		https://news.google.com/rss/articles/CBMiqwFBVV95cUxOZmFFZlpxQ2lZRDhlUUMyR0hPUktROVFNMmdjaDJ4alJ4Yi1PYi1IVEU1M2ZRcWJENF9vMTZKVjJtLTdtcndUOVo3UUhHSjg0UHU2M3pDYWx0a2VJYmljRnVablZvY0M0MEd1VTRqWmNUQjFXTTRzdFdZaFZHUDQ0RlUzaElKY09ZV19wbjFick9hOFZfbkJ6SEc5dWYyTVZOMVNVRHZMRmpUU3M?oc=5
2026-02-25	Google	0.136	Trump hits Iran with new sanctions ahead of nuclear talks - The Hill		https://news.google.com/rss/articles/CBMilAFBVV95cUxNNTk1ejhqOFUyM3c4OUpaQTgzYTZRTGhCOGpNc2UzaFRzYWk3c3NzMzVLY1B5SzBfT0xFWFkxcVo4dWxvWU04VzhQVHM1TVR5UEJXbXNBZFBoMUh5ajVvRnFuTFRqMmR1enp2SEphdGFvNGh4b0k1RFJ6WkhLU21YSGdaTUZXS3kxUG1TYzh3cmMtVTNR0gGaAUFVX3lxTE9USGQzMTZUV3BzRFd0dWIwN0otd2xpc0tFdHpQSmYxNmwtSENxNHc3QkpjNWpJUEk1bXhJd0M4VG5VT1E0WUVVNlg5d05uYkl6RVg4QVFhUnNJRmtBNV9xT3NBYjNfTmRGWEV3dnBsV0QtYWJRNndyRWJaNHg0a2o0dXQybmo5cFFCNkFkTXkzLXgzQnkzT2w2Tmc?oc=5
2026-02-25	Google	0.136	U.S. unveils new Iran sanctions in ‘maximum pressure’ effort - CTV News		https://news.google.com/rss/articles/CBMimgFBVV95cUxNXy11TkZmZ1ZmTUFVUG9LUElRb2N2dTFxQnQtRGZpbTdoN3dvNzFYeEgxM1JkenR0NWlKN29mekxxZ1dGME9CUExaZkVEa0txS2IwYWFseWk3aVpZVFdXRmNFQk9uYlB5dTBqVTZtUnhmbkhER1JmdEswa2xRYnpndmJlRGJNejVFRHFrVDV5OTRIS2hzUWxMM0Z3?oc=5
2026-02-25	Google	0.136	UK announces new measures to curb evasion of anti-Russian oil sanctions - Українська правда		https://news.google.com/rss/articles/CBMiZEFVX3lxTE1GOC1jVm5rZ0JvNWxnUEJTUm1lejBYdVE5amRBQmhjZE1FWE50dUJ2WmFySkN2NUswb2VZVGV4MkE0bWVwU1RWTmxPMGpBTG5LRWhDNklxM3JqaF9LX0lfWGxtVlrSAXBBVV95cUxQUENfVVNxTUNCbkZDVnpwaUR3OXBUbmh4LWJ2d2tFc056LVMzSlYybGdEMEMtcDBqM0NscmVkdHVTWkJSb2JaeEFJU21OUnAxTkJBNVp3RTgxMjhSSlVqbE1rY3cyZEdlTU9GandYcmRG?oc=5
2026-02-25	Google	0.136	US Levels New Sanctions on Iran’s Missile Program, Shadow Fleet - Bloomberg.com		https://news.google.com/rss/articles/CBMiswFBVV95cUxOb21ZZEd0WjJKeGNFMTVkV0dYWm1YSnFzVGRzTFRzMWVBelFON1E0Y2JHdm9GR0hkTnZKZ2hWQ2tPdldjZGVLMXlJTnBMZGJaeUdRLVVKUmZKUldzaW9YVnpqdS1HRmFCRVBOQlhUYVEtRW1UVUFvM0g4aGs0VVlwaFlDWTNoZF91bWRlQjdhaDBWbS1EMElNR0MwV2hKVHlHeXBxeTBkX1BYVURVNWN5eFRmdw?oc=5
2026-02-25	Google	0.136	US announces new sanctions against Iran - weareiowa.com		https://news.google.com/rss/articles/CBMiygFBVV95cUxPSkNxaTZ5RlVkVXpSRlludEtTU0Q1bkNNWlpJT1Uzemk4a2VCQUhxbng1MDRtNTVnRVRoa2RkMXVLY0l6QnF6WEdZT0dUXzgxclRTWFJmaDFTTjlHYW1MRzFWamdiem9ndVZfSG1RTUprc3dBOC1icWNvRTQtOHV1MGNFUEdsN1pFYUhKWEthdnZvNXZfNUtObTJRSmJfQVBtc21qOUhNVjVpNkktMWw5T0hUV29NclVNT2hla1NhaTkzaU5aclU1aUp3?oc=5
2026-02-25	Google	0.136	US issues new Iran sanctions on eve of nuclear talks in Geneva - Al Jazeera		https://news.google.com/rss/articles/CBMinAFBVV95cUxPUWJxSHBaWWRhS05CbVhxMzJRQ0JoSW1TbFlDZktCaUN3VjRZaF9ZMVBQN2s2SndMaVNmZ1pxNWdDekNhWXVtTFVJZG16NEFyVEdib1hvXzg5UWpONVFDRGowZjNSV010THpfaWFoUzdURERWNkhLQnBlSlVNTlZ5ZjdER0pmVUZaWnFkckJuRDZ3Z1hSckhwYnprMTHSAaIBQVVfeXFMUE00SDAxN2psVy1WNE5UQUg5VmV1TWRMZkFwWGxDRjdaYWtCeTdpcVB4QU9vbDl3c3NKckRJd1V0MWtRVlNpTDFzQlQybEFpek5MSVNYZ29YY3poRnJkeWg2eDlXVk42R20ycjFjNUNHQXlGSy1BVnZncGpjUTc3eHFJMnh3QzZKT2JvRlMyQ28xOERtaElXVi04bnpKRTlzQkFn?oc=5
2026-02-25	Google	0.136	US issues new sanctions targeting Iran's 'shadow fleet' - Fox News		https://news.google.com/rss/articles/CBMiVkFVX3lxTE5UR1M3dElMRFZTSUgwXzQyUUdWTkJkczJhOC01SUNYQU4taUV2R1JKQmgzWlpQNGdtTzVJUjNpdFR4dHpZdVhSSUo4czFOdUJoWVRScW9B?oc=5
2026-02-25	Google	0.136	US slaps new sanctions on Iran oil, missile networks ahead of talks - ایران اینترنشنال		https://news.google.com/rss/articles/CBMiUkFVX3lxTE1XWVdHU08yQXFfdXVRZ1VfM2RNZWVWSjhnU2JOblM4WFd2X0hWZjNBLXdSNTI0TU9RLVBSTkdXWkNLazR3MU1LZU9vOWlqTU52dVE?oc=5
2026-02-25	Google	0.136	Vance says Trump prefers diplomacy as US imposes new Iran sanctions - Ynetnews		https://news.google.com/rss/articles/CBMiWEFVX3lxTFB1cUFna3lkaWgzZFVyTEVyZVhNS3hZQXAwVzJSb050eXczNmduYXRtRHdHQ1RZVnNia0tmQUhlSWVid0Y4TElYSWdGOU4zdVlpaTRGVWdEYng?oc=5
2026-02-25	Google	0.118	Trump administration hits Iran with new sanctions as nuclear talks near - AP News		https://news.google.com/rss/articles/CBMimAFBVV95cUxPdjBkRFYtNG9RRXRySVhDX1E3YU9UcG5lSE5EbDRuNV9Eb1ZRb25pZUhWWGVWTU5pTXNVRHFkcDVxNGRzZ0VGWDRxS3lLSFhfQmhVX2dZN0Z0WGRsSm9jdDVYSV95VUNfSmQzYl9wMnVGZ0dDX1JyM3QxWHBRY1QzeG9XSkRSZUUwWlVTUldiWlR1WFRuQ3RyOQ?oc=5
2026-02-25	Google	0.068	UK sanctions New Zealand insurer over Russian oil links - Yahoo Finance		https://news.google.com/rss/articles/CBMihgFBVV95cUxNUjF5a0dTVE5ON3Z5Y2pwdWNnT3B4VmhoUmxjU0k2TEZIeXJnYjloT1lIYU51cjNYVkYxLVE5TVJJeFYzd3FydnhWN3JxR25ndDYxelRsTkdqcGdwaUJuNlVDeUFlQ3FLSGNOVXlkRHd0dWZuelZxQV9YVk5yeHkzbllhZmFLUQ?oc=5
2026-02-25	Google	0.0	Binance Rejects Iran-Linked Sanctions Claims, Denies Firing Staff - Morocco World News		https://news.google.com/rss/articles/CBMiswFBVV95cUxNS1dGMGlDZ0luckFBSDVqckp6QlI2blJPdE93U1hJWDEwd3FHU1l5YU4wVElsTnV3VUFDVWFnaXJkWnNRWmo2NVU1LXFfcmIzZS1qVEdmNFdTQ3lhT1QxR3FOeU4tZlVFWjJ5MXJ5dU16VmFIVWVjeENvcHRabE1IRTFfeGZ6ZEpvUDZ0MW13bURNYU1KaDdqX2RXM3FlMlhoRzB6ODc1eEdWQm5fOFFUTV96RQ?oc=5
2026-02-25	Google	0.0	Bipartisan Iran Bill Targets Censorship and Sanctions - MyChesCo		https://news.google.com/rss/articles/CBMingFBVV95cUxQRlRKZ0NlV2Y0SDZjRHV0NTJ4d1pxWnVnNzdVVGhBZGlJLWVjbnRBS2tvTU1iVjczT0pqbkMwUW9lWDU1eVVpZ3ZJQVI0V21qM2xYU1JCUE9CSGFDYjNWZ1RRZFhOOVlMYUZOYWR2dl9odUVaQ1RfdDVJYVpUd2NNcmV2WUFSYVBYWEoxOHE0RktGWGwyWXp6M1FkZ2NDQQ?oc=5
2026-02-25	Google	0.0	CFTC Flags Insider Risks in Prediction Markets as Kalshi Sanctions Two Traders - Finance Magnates		https://news.google.com/rss/articles/CBMiuAFBVV95cUxQakgzaEdhc0l5ZEF0dWdsWHlYNFJ6VUhYTENqT2VneWZGWTZuU0dmeUJkcGJ3OE4yRF9XY0Y0UVVST210ZzNfVzRqZHdHUnpQUjBwMXpBNzYwZEEwTUhzYlJmbV9XUnNjRm54OHl2RVFSZ1RGVWFIcHZsYk83X3hGOFB1azJIbE9EYlRaQkR4d2NULUZtYUVUYTVTUnhaOG56UjZhR1hGZVk3Mm9FWXY0T2lLcmExZWxv0gG-AUFVX3lxTE1NaW1Gb1FxVG1fd3dqX0s4WlZvendWbnpnVnR5RUw3LXVXRGNwMjJMWExfV1RRS2hCaC1NX0VPRS00ekgtOWQyNmlfOWFYYTFXLUNhZG8yTHhsQVZMQzJqcmVmNEFPS05zRXB6QV83OG5QekZ1cW9jc1J1d05FQmFfa0t1bUZNbWZEc3ZhQ1ZsYzZiTkVaMnkxd0RwdGRjZkRncXR4MEJZYUJ0QmMyN21KNzZHbGEyMUlqRjhZWGc?oc=5
2026-02-25	Google	0.0	Florida School Agrees to Pay $1.7M for Sanctions Violations Related to Payment of International Students’ Tuition - Buchanan Ingersoll & Rooney PC		https://news.google.com/rss/articles/CBMi2gFBVV95cUxOQ09LZEFIRk9qRlpqTXpUM3F2clhTdGJvczhJd1FuSVFsRWppZTVNbjNyNnA3ZzIzOFl6UDZIakxQUlFndElwMjBWR2lxamx1RUw0b1ZoeDNzWUVxMDdxWVNUMXFnMU1tbElHTFFlUmhYUmtZVkhFakpxalRwSjkxR2JhUU9ZMXdLSjJldUlVbU8wbm16VlRHZ0twTF9vMlZSRGdHYXpPZ0VuQUVHZWR4VmlJa3pmZ1lrUU5UMWFLalFfMDk3b295Tk1iMlZ1VDJJendZRmw0Ykh2Zw?oc=5
2026-02-25	Google	0.0	Maine university pulls support from conference on Palestine, citing Trump sanctions - The Guardian		https://news.google.com/rss/articles/CBMiogFBVV95cUxPaUwzRzZmcHJhRUMxeVYtTE9yeDI1UWluelFMQkZueE1aQmVwa3A3YVdTNkk0V05uV2k3amJjbXUyVGtJdGlXcWRldUQ2cXB1YU5CUVpPNVo4cWw4M3NiQkkyVUxGZkVHTTdTM0QxWWRJZV9KS0hGSnJVYTUwZFBnNnJKSFB5cC0wSUxKTnRMVWVxRTJOdEo5cjF4QXdZaUg1aVE?oc=5
2026-02-25	Google	0.0	Maritime Mutual added to UK Russia sanctions list - Insurance Business		https://news.google.com/rss/articles/CBMiswFBVV95cUxNT1FOZUFGNjJDVGx3TkhyTGM2OFNZamVSWERSVlRyLXFMejhudlJKbmYtclFGNmpYTjFWYWhmbFc0UTJULWhSSzdOcFdBM0YtdTJ0V3E1dzdlYmNkRjJ0RHpPM3QyaXRzeElNWTF3anBqcWphZW5jbHRWamxwS0kyUU9zZmllNVpFdWEwcFRZYWJPNDhvV0gtLWQtem9FMTJDVzdzQ0JMNXlrZTRKdGdFQi1nTQ?oc=5
2026-02-25	Google	0.0	Merger control non‑compliance record fines and sanctions - A&O Shearman		https://news.google.com/rss/articles/CBMigAJBVV95cUxPZkRrUjVqVGI4dG1kZFdlajV2UC05Mm82bkprLW1reTZVRzd0cEF3MHhXNnlKWUwxRmNrNTZ3eGpsYjZ1YUcybDl0SDZkV1VvR19hQWxPWEVkQzhBNGI1VTh3bFd3OXQ4ejJzWWRWVWlDMS16SGRzeWNKd1E5YVl2cUdkVE43VmNDUEdfWkFJV1RRY3NXN1VhTmR6UFRWam81Smxqc2xSV0RXd3loeXpiMDYtZE5ZNnJKRjdRc0pqMlVxWmc2all5bHBpTjZ4VGVMRmMyN3VMNlJpZVRzendIQTk4TXFvdnlUTTNhYkY5eUhqZjdDSjA4UGNONUVNaVk4?oc=5
2026-02-25	Google	0.0	Now in America: US imposes sanctions on Iran's 'shadow fleet' ahead planned nuclear talks - WKYC		https://news.google.com/rss/articles/CBMi_wFBVV95cUxOQlluNktsLURJQ1dGRThiRjhuSGhrZG9hQmlUUkw0SVdtaE9SUW9Xbk5WbDh1TEhUc2tpVFQ4U1pnNnVxZ1lPQU93ZHR6VTZvLVJsNnMzVjdadktpUnVjSFBmVHhIQzJKTkJUb2wxOUVMenlSX0lGb3NtLWdZd1E4Z3FBbDFfYXhkSnRrQzAzbWlHQV9iSlBKcmlPT1lkeGlpSVVtYTdBbU1seURueGFzd1ROV3dQQXNpS1c3UDd3QlBlYnNXWDRUOUdBQlRubU9KakxrczhkVkJ4ZVp0MW5JVWRrM3AwUFJaWVpiQUFiZFJKS3c2a2FxdW12U3BIN1E?oc=5
2026-02-25	Google	0.0	On the trail of Putin's 'shadow fleet' defying sanctions in the English Channel - Sky News		https://news.google.com/rss/articles/CBMiuwFBVV95cUxOWjZFN2lLOV90VDZ4eXFKUXUxcVc0bWFvUTlFMTBlaGc0ZTJndFlMLXJNSGh0ODVQclYwZWFlVTdaRlFLS0VhN0lCNEc1dHQ0dzRDeHhUYi1LcXY4dENwa21RN1Y2YXpGdnM5ZU9INGFKUldjdFE0S0l6NngwWkFWS29NZmJNSUdRV0NRTUJxMUd3WUJOMzUtT2ExRHlaUll1VmFCZC11YlV3NVFfaEo0SS1vcGJMZTMxanBF?oc=5
2026-02-25	Google	0.0	Reform UK’s Matt Goodwin will not face sanctions over byelection leaflet error - The Guardian		https://news.google.com/rss/articles/CBMiqAFBVV95cUxOY2RLVTRKbEJFVXk1SExEYW9tS0dZUU5Kd1ZseDZfWWJWMzAxV3liVzlfdVZQb0pKYS1hbWhiaDNVdDdRaTBLQWpGMnpnWVE2aHU5c0tULXdCRHRFa1AzX1haQzFQV1RhNGp2dHNPU1ZpbnRDRkdOTUxlN2IxY3hIb3JkZlVITmlWcTNxRzZTRk1FUFRZTHF5QTJxdklRdFpxOXJMeEhSekg?oc=5
2026-02-25	Google	0.0	Rubio warns oil sanctions to be re-tightened if Cuba violates 'spirit' of easing - Gulf News		https://news.google.com/rss/articles/CBMixAFBVV95cUxPa2U5OE1zOUgtWi1NcG85UWJJdkhNRVlJTTRqQUFnTmNubENRRERkcnl4U2s1WV9ZbmFZTnBDMzUxX3lBR2k1SnRIeWRqR1RWcUxhRmxxa205alFfUlRFTHVwTE92MVNaYVJIOXpKOWtieFB1NWt5aVJ5cVF3RFFvNGNPZHhNM1FVRktybFhJa1Q0YTFRUndSVDF6dEZfeE1reXVFRnhhdk9BVkdxWmk2dGtDX2l2VWdnUlVvUlYwbHlRcklm0gHXAUFVX3lxTE8wU1dQLXR4XzVYOTFqLVRzV182NGdjXzBScEtubW5rSkFMZTR0aVlLRGwtQmMtZmxEdEhSeWtURDh5Q09aNXdHWFpBcmRYUi1qRjJ0T0J6NnB2dmNUcUtXY01YLTloaC1yTWp2UFNNSEhrd0RCV0xZaVg0Sm1KZzlDQ2tSc3p6OGwtLVFRVFREREtkSkJGb3E5WTk3TW9GRUdwUUNnQ3laQU9zUmprNy1pbUZRc0tCYXFtaFJZT1VaNW5sUWhMNWp2RnJEM2xHQndMYWo4cXNF?oc=5
2026-02-25	Google	0.0	Russia Used British Overseas Territories to Evade $8 Billion in Sanctions - UNITED24 Media		https://news.google.com/rss/articles/CBMitwFBVV95cUxQb0QxelZwRnRpQzNyQndzQkhTcUNOcC1HcDd0c2NHZVFQNHdwdGVqMEV0TDU0c3RRZlgzX3d5X0Zuel9zMG1NZ1Yzd0NXZ3dMTmxIa1BOaXhFLW9haUh1WjRFMWtrUVpOMTZKNVFVejIwdk9YLTJ1ZVBRaFFSU2pKbUZ3dGZFZ1BnVGF3Mm9nOGtoVnlxei1ua1R6VzBXRlBDcXhfMTdWalFjbWdYMUFFcktGNFg1OVE?oc=5
2026-02-25	Google	0.0	Russian firms have routed $8bn of trade through British island territories since invasion of Ukraine - The Guardian		https://news.google.com/rss/articles/CBMi3gFBVV95cUxQbUs3a25ZdjlfRGs1U1NFbnM5WGd2RVlmQkR1VlQ3cjhhZzI5c2xMeDNqREZlNWpFaDJKbXhhTlo4VFBHelZfY3VaQWF6dGhjTXRocjdzUi1qMWkxck02SmJ2MjRIRFpFUDVtbjdoMjh1QXJnbnVKaEoweVh0eDgxR0VYU181SlZxWTlGb3JmWnRnNHJxa2lFcDBLZVNqY3N3WXVqM0NaNjdBVkdjYW5FLUN4a0ZnenlHNTFCRFBPVjg4ZjNQV25LME5VM1JqbmRBd2w4TklWWEFvMjB5ZGc?oc=5
2026-02-25	Google	0.0	Sanctions to Disrupt Iran’s Weapons Procurement Networks and Shadow Fleet - U.S. Department of State (.gov)		https://news.google.com/rss/articles/CBMi1AFBVV95cUxOY3Z6QmdJUDRBSzF2NEVMd2U0RjgxRjJYNnFnVXc1UmZhelBGZ3FzdExZRE1LeXFxTGd4YlZHVEY0SURxMkpnRTQ4d3dMZXROaDhiT1F6Z1FhQ1p0TDRYN1M2QUNYY2g1Q1hsTktjZFQ5c1NLRmdkNTFxU2dLaDZOZ1VDV0p3NEUwb3NaOVdRcmZ5MEltdU9pM3RnblFiWlZuYmFRNTR2THZjbXQ1elZqS0VEV0FjQzREblJxY1lZZTloei1veGI0VGY4YW9aNlBpZ0VmUg?oc=5
2026-02-25	Google	0.0	Senate Democrats Blast Trump for Failing to Use Sanctions to Pressure Russia - EnergyNow.com		https://news.google.com/rss/articles/CBMiqwFBVV95cUxPN0FrYlJycnFqYnJoelZ0cl9NcW1lZFgxRElzN0Vzd3FOdkJtRWU3VWc2ZjlranhFcy0ya1VPMDFael81ZGpUU0JVQTZYZ1l2SDY3Y3RfSFVXNTl6Y044T0JaWm9RRkJRWFY4N0dNS250aXhiTnZBYTRjMVVwMDdoQThGMlVUVzFoRG42REY3T29XS2lUeV82R0ZkUW84U2ZMaDNJTlZhWUZqSFE?oc=5
2026-02-25	Google	0.0	Sudan war: UN sanctions RSF leaders over el‑Fasher atrocities - BBC		https://news.google.com/rss/articles/CBMiWkFVX3lxTFBpOFktYXl3WXFjVDlIcFRYM2FHOE1EQnNoeHl1eldkUnZuOVRKX1Y3V2dMb0hkcFJiVkYydDFNUVJJbExKdDlrckdrengtZGpXcmNXY0FCVkdtUQ?oc=5
2026-02-25	Google	0.0	Treasury sanctions over 30 individuals for enabling illicit Iranian petroleum sales - The National Desk		https://news.google.com/rss/articles/CBMihAJBVV95cUxNZHQ0TFdqVUNsbUpBNFdGX3NBakZueFVBaVNObWZjalIwbU5qUWk0Qk1WNk82NGZQSGJudGhXTDRYUkJpMEhsbF9Eamw2bmlEUGhhWlBhamRUS2poR3p4TW9ldzB3aUlJOTRFYjdXNnk1aDd0OU9adTNfRmd1RFpyOFNXZGN3aXVSSFFMVkRNMVZFaWpod2Jxc2JZemtjOW9yeXJpSEJWbXpnUlhoZmdoX3VERHVEYkw0alBjU3NQMzZwMmxLMHM4ekp1Y0VRaXN6X2x2SHlTaGt3RWRBb2NUSGdiZzJ5ZTRyamtSTUV1Z3pMT0R4eUNrVXd3dkxNMExWU1M3eA?oc=5
2026-02-25	Google	0.0	Tyra Banks is seeking $50,000 in sanctions from Washington, D.C. landlord over 'Smize & Dream' lawsuit - TheGrio		https://news.google.com/rss/articles/CBMixAFBVV95cUxOZVR3Q21uWUdjeldZU0dGTE0xR2VkVjNlSTBjOVEyUWtwcmlueUhpZERteWxnMk5ZdVgzOGluQ1FqSzJ6bjdBWm1pU3h6UWZkSWdoY2tNQTRTbFFQb0hTSWJWcHg5c3g0bGJOdXM1QmFEbFVoZE8yYlhRVFQ5MGZxR05MNWE3Tm1tdDhubWJLUHJ0U2hNQkMwMk8tdmg4QlJKaW9xUlh6NEJxMmgzTFFxV050WXNZSXU3R3pGcFlVY0Nva2hu?oc=5
2026-02-25	Google	0.0	U.S. Treasury Department sanctions ships, companies, people working with Iran - Yahoo		https://news.google.com/rss/articles/CBMikgFBVV95cUxPc1RNQk1EME1VNHFzb3ZnQnJqOHZOTTF1dV9iNTRyUWprY0tfNld6MWs4WllBaXFBM1o1UUd0endaZjRJcUFGUm8wbzNvdHc3Y0ZZVFJHQU5Oc1VZNWU3MzNsNFJmSmxmU1dMTEpBRzdIY2RmS0tmeEo0VzNPWDhaT29QUVA5cVZyc3Q2WGRNTkNuUQ?oc=5
2026-02-25	Google	0.0	UK Weekly Sanctions Update - Week of February 16, 2026 - Mayer Brown		https://news.google.com/rss/articles/CBMiywFBVV95cUxOV0xwaktMNHNfN0J4bG5wNTJMUmg5LUJSRER0VHJpMHFSMnpCTEJCaXFNV3NkSXlHQ3hoVE5kT296aXd2OWgxaTRjNEhjSGFqV2k1TkZPSmVjYjZLenZVVGptVUoxRl8zYjJXU040RHdfSkgtNU1HbVdadDFWdUJoWTdpQVBqcUVGYWZkQVRLcVlqTVcybHN5ZGNhN1FoZ1BwWEhRR2tza3lZTTBwVEFYaTlHSXpFZnN6T3VadGFyb2U3MVJkQkRMemQyaw?oc=5
2026-02-25	Google	0.0	UN sanctions 4 commanders in Sudan's paramilitary force accused of atrocities in Darfur - Midland Daily News		https://news.google.com/rss/articles/CBMirAFBVV95cUxPTFVNWlVzNlNvbkgxSjE3YTlOMTF4UldMVFhPeHJHaVRIRG1zOTR0b2oxSURoeE45QXp2MjVjbjRlM2lxLWNLaUtDVzNmdW5oQ015ZkxZaF81TEtxS3pCRTlrT0lTa0RqMEFqNWE0bFdqSVNFd3pHcHozN1hMS1dFZ3preVZXVUdLSUZwN0o2RXJGT2FuX0xjbmdINGZrTXBGZjM4UlU1cDNfRXhj?oc=5
2026-02-25	Google	0.0	UN sanctions 4 commanders in Sudan's paramilitary force accused of atrocities in Darfur - Oskaloosa Herald		https://news.google.com/rss/articles/CBMijgJBVV95cUxPN1Q5VUhqaENYTEhxTnlfclBoMlpBYXkxN1ZaaHVuMGltdkNtVDctWmdWZF9SY1V5NjlTR0RTdzZLVDVMOURhcGFwVUJNOXYxWXJHTThXVGxUT1FwNFQtQTFGeXNyRURKYk00bDBGOHkyc3llXzlHcmtXTWp1QnZFSlBNVk9wa2M2UFA3czNvYi1Ta1hFOUN5RFhCNFNPWkNrNGxYNXY2TDVPYjRBb05Xa3N2UmZ1S2hqQ0dPNGY3VkozYWljQXJEUlBPN21QTzBfS1NTOVI3NmZuQ25nN3ZielJUUWhfbmRaWlZfMnB6MVFmd3g4T2Q2a0dYc2tzdmFoa2xVU0laRzRkb3BIRWc?oc=5
2026-02-25	Google	0.0	UN sanctions 4 commanders in Sudan’s paramilitary force accused of atrocities in Darfur - WTOP		https://news.google.com/rss/articles/CBMiugFBVV95cUxPQTNDUmRCUG1WSkF4c2VFVllkV0Vmc0R2eG9ZRW4tU0x0QkRoRGNvaVRjOVc0VTIzZ2ppMmNfZm5IdnQ2Q3FOM0d5TzlycWdZQXhMeVhQZnI1cE04NkFja2tMRlhUQlNKYmZSOVh4TExDTlhHYmRiVlF2YmtiTVEwTVJkZF9JMi12NnNLM2t4N29yNE1RT3Y0NWM2SzVpcG9RTFBhd29GaWNMM0wtMC1aS01sdmZJRWpFUXc?oc=5
2026-02-25	Google	0.0	US Treasury Sanctions Exploit Broker Network For Theft And Sale Of Government Cyber Tools - Eurasia Review		https://news.google.com/rss/articles/CBMiyAFBVV95cUxQUEVhUkNQcExHZ0pwMF9Eazk2czYtSWh5OVBBblQwSmFoQ1dHdjkyNzlWT0dyUlEwS19PVDdmV1VyYmdHNm5ucWR5MUN0amtHeXZqZk5yakFFX0dmNklfRmlHQlphdlBXVThkRnJoRVZLd2ZDaUkzSjNsVE85S3E5OUlQUGViblYtMVNyTDRjUmM1MFE2TWdoel9YMW1nVVRCRnRiTk9JWmVVNzRGWEE0aERmM3lmS0RMb21lNS11bDVvcDVKOHNoTA?oc=5
2026-02-25	Google	0.0	US expands sanctions on Iran over oil sales, weapons programs - Reuters		https://news.google.com/rss/articles/CBMitgFBVV95cUxOWjBNUDZTcmpZYVRSanZKWkxOalZLOEFjLUZZVG9CNzI0NG10VGFpelk5UU9taTF5Q0tHU0U0UFFUSE4tdlZ5ZGtOU3V5Z0UwMEk3aEtpRHd3VVF0TEpTcXd3RmhtZnFMTXJoOGhpWXktcXZ5UUlWMUYtTUVfaXJEU08tVGpoOVpTZDkxLXhUbDlsNTJNZVFfRFVXWmx1TXJCWGFlY2dKLUxiVURUNzVCMm9RVFBxZw?oc=5
2026-02-25	Google	0.0	US expands sanctions on Iran over oil sales, weapons programs - UnionLeader.com		https://news.google.com/rss/articles/CBMi8AFBVV95cUxPYURFZFpsV2xvbzlteVZESVhxNmNPOFFHMDJKSWZEelNGWGlkT3p5SlFIOWNiRzVxb2c3X2ZqT1FDNXlvaXZPenNQcm0zalQxeHplckNsNnJYWndoSlZrM0lVblZXbnB0MHZOQ3NWVWdrTG12MUE4RkJkaGpjREZJMjFnNHN5SnFQTGNUaU9Od3ZwRDNVaURueXg0RVhXWUItNFZGOUFEbjI1SmhtNFZySmN0UzBTMXJCWVVIQ0hDLW5iWXdycS1lajlaTXk2Z0loWlE0ZmE4SkRBblZVSGY2Vm9TOUpUU3h4MTUzUWZTN2s?oc=5
2026-02-25	Google	0.0	US sanctions Russian broker for buying stolen zero-day exploits - BleepingComputer		https://news.google.com/rss/articles/CBMisAFBVV95cUxOQmt6bElxS2tQUWxJNjNRckZFNUU4UDZMZ0x4MktlaV9FUC1IU0ZhakNjNmVHTmRUWWFuTVV1dWg3VTRTRnZCU0FsODdjRzVwY1pFZUQ5ZW9yblpaMzdOQnloRHg0dUx4UjBTQ1YyZm9GNmxfTzJsOXB6N2d5RXJkUmZsRHdPWVFtN2xmWUJ1aU5ZWkJJZlhDZjhYQlRSY1JGSEVCSU5wZ0ZUZ2RGYWhtLdIBtgFBVV95cUxNeVhHY2xQZGhkbmE3TEpDQXRiaGxYemh4OUZzYVdYcFMxS0V4Mzdib0s0MFBBNnFmcDRfdlowTUNmNnZBdlNsSGJOaHJKQlZHY0k4aXlmZDR0bFVtV29PUnFna3NpRDZKbkttdzRmVnlDa3NNdEp0Y1BjSzNFLUk2VlhqRE5jU1d0SjdXejI3a1JsWXdtaHQ4RGtWZ203LUwwSkJoVmdTVFRxRU5KakswUEM4QTF4dw?oc=5
2026-02-25	Google	0.0	Vinicius vs. Gianluca Prestianni: What sanctions could Benfica and Argentina player face? Potential punishm... - World Soccer Talk		https://news.google.com/rss/articles/CBMiiAJBVV95cUxQSFdwNmZlUVV1dENXN3VOaU1KcWoxdzRFOGdpRzdFZVBEWU9EZWU4TGpsb2pPWHIzNnY4dW4zb1pmckdBTm5YYWF1eTA3VGxUdVVGMjdkbG50c2IydHZrZnNzU3NkQ3JnNDJpR1Q1ZUNleWpPZER0UXNCSklOZThvaWJ4YUM5R2QyZTVOU2k1MkNUYkJoM3dRWmswWUJudmYtM2xFSEo4dlFSWDY1Zmd5czRGVHlpbW8tNGkyY0tvcjRMNzFqXzNFTkJrV3ZDNkxhNHROLVhsTjBqdFNqMWtHRWNCNmFKYWtkUHRHVGxoemZvTzZmbG5DRTJmRGloVzV3cTRSc2luR0rSAY4CQVVfeXFMUHRmN25KajVqSUVNUkNfRmZGcTJKRjdpazhPUzJZekt0T21GbDhzbkZoY1NGUUQzY252MGM2QTV0U09oMFZqLThvalU0a0dSc2h3WFl5ajhnalFNdkZhVE83WHpjb0pORFE4WGtOTjdBUUttQk5IQ1ltMWxKZ3ZsNDlhM0wxalFyUmdiTmFNYXVSNFJYNmpwTl9Va1poMUgwWDNmVkIwV0p1RUdqZUdtc0M4OFMtcjVPTEZEREM1NHM5MUMyamczUUJCdXBVRi1yNDNBZXk2N3lPdm5qMmszZG4xWWdKTHNUVnR0Z2oydVFpT3NhbjR3VlczTFpWVmhMand4LWVTak5vbGpDQWJn?oc=5
2026-02-25	Google	-0.007	Dems sour on new Russia sanctions bill - Punchbowl News		https://news.google.com/rss/articles/CBMiY0FVX3lxTE1jZENrOE83aDFQLVhRYmFvTWhKcy1ESmM4ZWxKbTg2S3RoeGlkam1IYVcteEFIajNrVkc2UGR6cldWZzNmYVJBZXluaXpXTUwyY2hnZ0FhSnNYNktDY0JyWFM3VQ?oc=5
2026-02-25	Google	-0.025	"Sanctions on Georgian propaganda channels ""only the beginning"" say Transparency International UK - Transparency International UK"		https://news.google.com/rss/articles/CBMiwgFBVV95cUxOSkxERldVcElKb3lGYTZVelZDN3pLVzgzMTd6MEVhcDhQYktyTHBkOTRrN0VkTGl3WGJFQURYZnk4emlzV1ppakNjUGFPb1d2TG9lRS11dnAwazV3LTVUazBCdk5IQzNQZVU0QzYwejh5OHNTdlJZRTZud0F5cjNKVnNfTnZVNjh0LW9OMWZ2RGI1U2FKR2E0RHdSUm1jdW9GMEVSVWNoeTBUVFVDSl9pS1B2dTV5cHRmdjVnTVhadEozZw?oc=5
2026-02-25	Google	-0.032	Trump admin ramps up 'maximum pressure' Iran sanctions ahead of new round of nuclear talks - Fox News		https://news.google.com/rss/articles/CBMitgFBVV95cUxOQ3pUV1ZuWTM4TGhjNW5YV0N1b0E2b3UxRW5UbnUtaFVEV052U2pZcWpJZnk4VFhQZXFIRGdQOTg3dlRjcm9JOHJjZ0hSOE15dFB4UTROb2x6S2dzSmE0SWl1eW0tcEhaN202VVlWS3RVc05CM3dBQ0Ytd05MZTFFM0NWcWl3RUpvRmdzeGJIaURrQkZiQmxQR0tzdW03a0ZOQjN0VG01WGxtUGhZcVRtV05fZmE3UdIBuwFBVV95cUxPc3FMZzZONnNjSTdsdTVNRXU0OGpCdFQ1NW5DbW5QakxBV1VjNFIxWERWbGRCYldRVDBUTDN2VWhsZEtZTjJ6cDVGaEZ5STRTUzMtaWpDM01URzBKNGkwU3Uyb09LX2tSakdSUEZsc1BiM3A3Q3QyVW9mZVRNbTJSaVdIRnJ6bk1lZE9XUks2S0ZFRXlxamt6M3FmOUE5ek1Ucmc0YVRVVjJaUEZUUHhkeGZBQlpTeWdYUnV3?oc=5
2026-02-25	Google	-0.05	Sudan defense minister welcomes UN sanctions on RSF leaders as ‘long overdue’ - Arab News PK		https://news.google.com/rss/articles/CBMiXEFVX3lxTE9HREJVQnBEcGY0RS1zODhnNUJ3SEhPLWFzNjl4aml0V2VtLXVGeGpkckpyR2pIUlZWTGIweUZZUnN4Mkl6U0liRkNVeUFwNDdEblAwcmJ6OThJelZG?oc=5
2026-02-25	Google	-0.1	10th Circuit upholds violations, sanctions against Colorado Springs mental health hospital - Colorado Politics		https://news.google.com/rss/articles/CBMizwFBVV95cUxNN2NzZkx6R0F4SUNjZkQyTnlraU9DeVc2UDhrWWpIdnZIS3lBTHJEaUFCWW5OZ0ZFRnZaWGVVbzd1QTljbEk3VlpUTy1QNzdoM0hjVHVzQVM5S0libXJRU25GTjVLZllzM1UxSWhaekxxYkFZT1FvMkxsUTFNczhlWklBZkFfaUgtdm5TaXVHVERIRmtiLU1YTzBlUWFMOGFyWmxGVEp5TWk4Q0xXeENUeVhhSXF3aDN3cjM1dEFVaFJFRHdFTkxjbFpWRFRSZDQ?oc=5
2026-02-25	Google	-0.146	China sanctions hit back hard at Japan’s remilitarization drive - Asia Times		https://news.google.com/rss/articles/CBMimAFBVV95cUxOWER2cmQ1WU5weUtBcmRJZE0yWFBCaTJEUFRmVjNXSTR0dlU2eURYZnRkLUxYV3ZwVFJJc0djRzhXREt2TW13d1FJeDU1SXFmV3ZQMUlXaUItUE9ZNFBuOVgtQnFaWE9xRlB1d1JmaWt6eWlVOGNVTGRnWGY5NUdtVzFvLUlRUnlHUklYVm4weWJfcVYyRXhOaA?oc=5
2026-02-25	Google	-0.182	EU fails to pass new sanctions targeting Russia after Hungary objects - yoursun.com		https://news.google.com/rss/articles/CBMi7wFBVV95cUxOeTdOOVFDU1Vaa0t4dDJiWjB0bjdGTU5rZGlQbnZzOUhUa3gzSlhvTG1uc1RFOFYxOVNjTi1kb01NRmc2QUw1ZTRLczMtcjNCYzNBclIxcEk0T1JsWFJFREpUR1RNNkU4VC1YS3M1RDRNdkdZZVJVM2pBLUg0VGxCeTNTcndsbWl6YVlaSWdhQ20tU281dzhiRDl3czhKWHAwNm00cjdRYnp6aUVDSjhLLTZxaWlUMDQ0NHlqTGFQYUlzNVQzc2h0Qnd6OU50VXZ6MUlkcTJ2N3ZadnMyM3pYMzYzZ19ubVdjTTN0Qkw0dw?oc=5
2026-02-25	Google	-0.4	MEPs rally behind ex-commissioner Breton after US sanctions - EUobserver		https://news.google.com/rss/articles/CBMilAFBVV95cUxQX3JqaUZxZXZ4cDFIYWxtX05RSjNuTnJwNWtWR2VJSGw5Q2N3MHFZTHBTTEhkWWpTX3RIN29yRElBYXpHdno5SzlWb2cxUXFBLTNyNFhjcmxzYXVYZkRFcWYwTFlRUWpBaExpSFAxSTJmNHlmZ3VtV21GX0dyTnhGNzhxMGU2dXlLVF92a2Y2aWRFeHBX?oc=5
2026-02-25	Google	-0.5	US expands Iran sanctions, targets illegal petroleum 'shadow fleet,' weapon production - The Jerusalem Post		https://news.google.com/rss/articles/CBMiakFVX3lxTFBudmNYTGliOFhOTFMzZnE5RlF2aDhhdUtFNmVKb3E3RFVvSUUySDFneTJJbDNZQkR6d3FuTmJ4WFdfeVNmRXo2M2NnOW1oX3g0TVZSbS1lVXN1ZFBDUmp5Zm8yejIwRHhmVXc?oc=5
2026-02-24	Google	0.5	Ukraine war briefing: Russia exporting more oil now than before war despite sanctions – report - The Guardian		https://news.google.com/rss/articles/CBMi0wFBVV95cUxOWEoyMGdjeUp6M0JwSW1ueUgxcmZSc3p5YVdSU01tcTlnclYyaTFiYzRoM2V2VldIWE1fRG1Ud3Z1emkyV3ZJWEJhYVY4QTZJNVU3RndURnRKTFdidWYwSE5UOHVPYlRreno0NjhBS3V4RGVldl93TUszOE03R243SllGTm0yb2JfV0VHM1gyaEJIRzVzSklvU2VCaERKdGUtRXA5U3lzTWZicWNtQUdVcVhBUDAzYUlLTU4wbFUxRWpDUG1wbnZEZ2tHTzZRV2ZtdmxR?oc=5
2026-02-24	Google	0.45	Wider Europe Briefing: The EU's Plan To Counter Russia In Armenia And The Latest On EU Sanctions - Radio Free Europe/Radio Liberty		https://news.google.com/rss/articles/CBMiowFBVV95cUxPNm82NUM5Sm5VQ2JaMXRHRnFncVEwNWpkbXZOTzFxSXNhWmlwcUJSSV9zVkNGRENZTVN3ejNGX0l3TjFxZ3BFaW9zLUswaEFHSTVlT3Y3QzBmVk9MZnNqanBzeDJ3dl8xY1RybmJmZGJrU0drSExRdXlNdDJtelg2Mk9CM2pLaWFZVVNVUHJFMmdLTFZDN0lxT1dSdGNWcElqX2Ew0gGmAUFVX3lxTE1adFRvRVM2RVd6MjU1ZE9xOTg2eWZZV3lwTmtXdWVvTk5YZkFTdzNBbnoyRnEyOXZSS0hfbEtCSXVfeWhSQjdHWjlCRjQxTi1lb091TWtNY3FmNDJVOTljSUxhazJCOXdTRGFWUE1JYWxzRVp2bVJWWUFDc3Fid19QOV9KVk1WWjV0MmVvNzY1Z0h2Rm1lRENOU2ZFZW5NRnJGUTJ1RXc?oc=5
2026-02-24	Google	0.35	UN Sanctions on Iran: Back in Force or Gone for Good? - Opinio Juris		https://news.google.com/rss/articles/CBMijwFBVV95cUxPTldyOHhYd0dMa2QzUzUzaTMxT0JZMDAza1czbmswZUw0Z0dGMmpqZ21tbGRpYWNuenNLSmZ5d0NaMS13MWVBNGtWeEtwMUZnNVlPWXl3em1EWDJraVlaV2c0akpVQ1huaFRmUXBwU2ZkRUQxdGxka2ZyQXA0NUdUQ3hfNnppU1ZwcEFzdUhKOA?oc=5
2026-02-24	Google	0.345	Zelenskyy expects new EU sanctions against Russia to be ‘powerful and effective’ - Anadolu Ajansı		https://news.google.com/rss/articles/CBMiywFBVV95cUxNYTJndFFYanpNNzhiaFNNMVNQLURBMXF4MGxOS1VLMmtPVW05eDVPME5KMDhJMWdwS1l6OXV4b1hrNTU4UVpHQmpQMzBjNzJhMXVlbHpkUWtsS2JYTVJENUdjOXo5Q2FCdWt2YUgxZXJnSUR0NGVxR2xwOFZrX25MMG5XYVJiQjFDNWJQZWpXdjE0dDl1U1ZhcnNaY3BlMVJka1dzN1lYNlZXYjh0ZmFHa2dZWmF0cXhmdkZLS0pXVF81NGNXbXB5ZkxuWQ?oc=5
2026-02-24	Google	0.2	Three myths about the Russia economic war - Al Jazeera		https://news.google.com/rss/articles/CBMijwFBVV95cUxOWG56WE5rWDloZjZWeU52Q0VLMXY1S1l0c1pHNDhDZGtRMFI0cnV2cmJTUmJkdUxTRW5mS2lDNmNWMTdJajZwZHA5ZmxsS2xJV3AtbVJ1d0hPaGwySmV2OFJ2R0doV1dZUWRYQkdQclVOcGxEejREcE50NTZaamNNMFpNR1h2c0hrTEQxaXRHMNIBlAFBVV95cUxNbzVDOVZSOTlGOWlpWVlVeHRQOGVHY3hmX2R2ODBDdHc5amp6ZGpLRi1fbkVrQ2Z4MDUtdWh2eGlnM0p4czlFclFIRlg0NkJTa0Mydmhtdi1mMnFNekxUZndKbU1pYmRGR2hINUZNTnlBODluWjU3d0lfUDd4Z01IUGlFUTBsbExCYVBxdjBvNWpjQnNC?oc=5
2026-02-24	Google	0.2	Unpacking Canada’s Economic Sanctions Guidance Refresh - McCarthy Tétrault LLP		https://news.google.com/rss/articles/CBMiqwFBVV95cUxNanJyZ3c5cVJwVlp1cEFfeHlKME5JMjNLRFlaUGZPLUNmSEJiVjJtTUxSWDg1UWd1cFlFRlYya3Z2T1BmSFdWeDNwakZfMktRSjlLeDFzU1dsRG9pVktRbExQNk9vWEZVTERxVHBYWnlGVldqejZ6MFJsaUxjX2JoWndOcWg1b01GamRDQ1ZZYVowdlpGaHIyeGpjZGVGQWpfRTgtNFJ6a3pqT3M?oc=5
2026-02-24	Google	0.16	AG tells High Court government failing to sanction ultra-Orthodox draft dodgers - The Times of Israel		https://news.google.com/rss/articles/CBMirwFBVV95cUxQVUU1djJUWll6TnpGMTg0bE1oNWRpUUJLdlp6VEZ2TlYtYXNsdUtMektUZmNiTnNib3BaaWtiZVE5a0wta1ZOVHpwd0VIWV9odk5uLW1jLTc2cS13YktaMDZfMnVxSldqR2Mwckdodk1TU1loVlg2REIxNG9mR3BXNE9yNUlnMmpGMlRqdzM1dTJqekNvZmlnRGpaaXNVWHBpWm1McFBZUnVZLWJ0QmtN0gG0AUFVX3lxTE1JeGwzd29UOW5qWWVVbGJkYWVWbktYTnIwMkw4QnJJUkxFWDJwUnZSNWVKeEl0SmFRb1hPZXd2MDdFVUs5bjd1T1duSEt4MWd6RHUxeWI5ajZHd01IYUVZNUZOQjN4V1NITnZLdEFVSmR3OV9XdDRDMjR6YVVvc3oyM1FmbHMyZ1FIRGdWQ3FDZENYRC1wMzVfc0JsSlc1aGk4MXMtOE9YcTJMeGhSR3FwMTVMNw?oc=5
2026-02-24	Google	0.136	Australia, New Zealand impose sanctions on 280 individuals, entities, ‘shadow fleet vessels’ linked to Russia - Anadolu Ajansı		https://news.google.com/rss/articles/CBMi5AFBVV95cUxOa1Y5cTFmcWlMYUcxWnMzd2dIeDhmVERzOWNZb05xZ0tkTlhzT1BRMGZwbTZrNk92RGpybUI5V3NFWXBDTGJYZEdUdENPUlBGSFFRT1VBVG9CLW1oRVVXOHpkUDNITTg1OWZZajRUSE1TUkdLbV9CSElBLWNtWUhCYkVVRlZxSVlUcEttVjE0MmJXNncxZXpSTmRvWjhacTBtY0RRdDVLMTVjdGNNZFR4cXktM0VFSkt5UkhadHRYNmgyWF9XY1FwVjFuaHVXTVd2UHN4UEJqSXRSU1Fka2h3ZlBKUnA?oc=5
2026-02-24	Google	0.136	Hungary blocks new Russia sanctions and €90 billion loan to Ukraine before 4th war anniversary - Gamereactor UK		https://news.google.com/rss/articles/CBMiyAFBVV95cUxNUzE1b0NWS2d3UmgxOVcwemZMbjFhNERVd2JkRkU2dHZfX1M5c1hQSjhkU0UzbnFBc1lxUnZCUEtzSEtyZ3JRQWRsS1JSYzJuM1EzWmxuejFDMkE1cXBNcTJxczNYMGtSN0VpaHJWWFdsMFdHeHg5c3N0UEZCRUFVWGhmMVpZbkc4bWR5N3AwMzlTaFQwb3NBZVNtWWNyQmtmSEJ3Y3pUZFpQRW1QdjJtdGowWXNUMDM2MHhuV2o3V0dMNGZxU0V4eQ?oc=5
2026-02-24	Google	0.136	Millions in crypto funded tools to exploit U.S. software, Treasury says in new sanctions - CoinDesk		https://news.google.com/rss/articles/CBMiyAFBVV95cUxPMHlwek5UT1NFcDJzUkVMckpfN3Z5dGdUZmd2bnk0dXNoRXd1a2NXWkR0OHpfelZTMXQxOTJ0dTVuT3JLMjR6UjdKY2xlODV2cDJDd0t1ZVc3UEhJVk91MW9yaDdCVmdWd2xkcklkb1R0SXM4bFRTTjNsSC02NUUxajk5UklzdmY4d2ZTdTZFeUxaREw3NW1qaUFESHV6LUhobE5aTlg3c0RUSi1lLW1iZElFSHVkV2pkaVB4TV9JSmNoZFY3U0V4Sw?oc=5
2026-02-24	Google	0.136	Protesters in Georgia could face harsher sanctions under new state legislation - Rockdale Citizen		https://news.google.com/rss/articles/CBMigAJBVV95cUxOZnpmbi05eVdDVVNoVUFzTW40UzY2dmJPMzB3T1Q3QTRRODRhTTktenEtbnlXYllBSmlaeUFSZUxHV0dnTXhiMDdESzVCaU1pbEdlMmkxeFB0V3VwSERyMDVPbmw0M3djS2I2OEY4SElTV0ZxZ1JRcHN3RmZZbjdKajhLd3BabV9LelJVenNVVmNZc2djMTh3LVlqcW01RTRSaUl4d0xWampLUHNzaUVNcHNsdW11TEJYeGw2VG02ZTZlclU0TlBpY2dOUHJrc3h6V3R1Z3NFOWVOXzJ0dFhrb0lnSnV3RkNEcktySzBnQzFMTktYci1NVk9fVUJibjJt?oc=5
2026-02-24	Google	0.136	UK sanctions New Zealand insurer Maritime Mutual after Reuters report - Reuters		https://news.google.com/rss/articles/CBMitAFBVV95cUxONjd3V3NRZmJlQjUzem9ERFNZNVpIWmJENjh3NFU1aWtHb2Q1SzNJTnhOZ2g3b1lnZ3A5LXhDNGtJX0xhRXVRNEVIYlJ1VDhaSDNjWk9WUHBCTTFzUWdaSTgzUUJqVllHTzBPVGZtdWxTOVR2ZDBOMmhOZ1RDRE9wc3M3eDlXSnY3LXpocmlKOEZNLUhkTk1WbkJ1MGpDTVhsZm9ieE5nNUtOMW4wT2VWa0JaU0E?oc=5
2026-02-24	Google	0.136	UK targets Russia's Transneft in new sanctions on Ukraine war anniversary - Reuters		https://news.google.com/rss/articles/CBMiyAFBVV95cUxNMTFpckNaRlRuVF9TRlBOU1ljeEFnX1U0Rm4zRVlScjhsQ0pSMl9QRnpIbEdvT0g4eVVWdUFXLXFtTFR4V3VsSFk5VDhBc1pwTDJjLWJpWnlDR1NsemJRUHB1UVJ4R1RPTGFuMkszWjltNFF1SUJld1oyYUVDS0pTUHZfYXg5aGo2OHVxYTJPS3AtZ0lKVTZNRjhQcDhrWVJZYmhsbWdTeVo3ZHc0dDZtWEVOZjdMT3VMNEo3eEpWcDFiRUpNUEVVVw?oc=5
2026-02-24	Google	0.129	EU Hub Gets First Indian Fuel After New Russian Sanctions - Bloomberg.com		https://news.google.com/rss/articles/CBMitAFBVV95cUxPaWxDc1dNQUN0NElmcm1JbUgtaDBzb0xzV1lKRlNVM2JaeEdFU1IxTW16YktyMUxpOTlNcld5bkZ0Nm94dVdBeXZub0k4eDJxeFhiSHVJdG03ZWdmbVoxY1M4SjQ1UVltenNSUWNxYkNRWVc5Y2VVQjNtUmRMTVI1UlltNTNFZE1WektTOHE5QS1PbE93RWJJQWkxQkhoUWNDQWdjSXV3dTBZRDJMNkpxZWxKUUc?oc=5
2026-02-24	Google	0.118	UK imposing ‘nearly 300 new sanctions on Russia’ over attacks on Ukraine - Denver Gazette		https://news.google.com/rss/articles/CBMisgFBVV95cUxQZ0EtRlhYbzR5SVkxMDd1V1ZwSmFrTGg2M0QzN2w5V19tc3EtNFlMRzJueGotb2VEck9UbjJocm1EWlpVcmZsSU1fbEFQSmQ5NEd2cC1faHBaazhwYTJrSEZiM0ZfNGszcnk1X1FGSzkwaU1JYU9UcE5mS3NqWFpiTURGNEtMQzU2YzRJT0xXejFBaThwcVJmS3NSSm9iTHNZM0k0a0cyTGd3QVptYW1GQmJn?oc=5
2026-02-24	Google	0.091	U.K., Australia, Canada and New Zealand Hit Russia with New Sanctions for War’s Fourth Anniversary - Kharon		https://news.google.com/rss/articles/CBMikwFBVV95cUxQV3padjBaek5rc0NjeGFQSnhBdEh0VmszX1Vic1RrSnBOQ0FNS1dMdjZEN0hVZTBlMWtreTRjMmR6Z1N4TnlVTFBWNlhxai1hLWI3d0lLQkZFMnpCWEdybUMyMUhaQnFJY3dINWpkZ3RGdUlZUk1FSFB2T282UGdUVVQ1VnZYQTNsSGRKUWpNUDhpXzg?oc=5
2026-02-24	Google	0.068	Canada announces new Russia sanctions as invasion of Ukraine hits 4 years - Global News		https://news.google.com/rss/articles/CBMiiwFBVV95cUxQdUpMMnlabmVLdDR2SDVFbkZOQnZhV2lRM1pMSFVJWE5qZnFzcGVsdzVsd2dwMUtkVnpGSHlGZWdsMXdtSkNGRkpsOEFQOWRKVTRYZ2VPREtEbDNCVk52czlYY1p2OEFSYU0zRmNXcElxY0R0YVo5S2lrc1VIYmNRT0JKRWd4TUV5OTB3?oc=5
2026-02-24	Google	0.05	Ukraine Targets “Cultural Colonization” With Sanctions on Russian Academics - UNITED24 Media		https://news.google.com/rss/articles/CBMiuAFBVV95cUxQWGJWamRzNnRNSHJZQjlxZnBTV2JYOUszUUpNRHZJZnZ6QWV0bGZiZV9DQ1NaVEUwclVhV3dsQzVxMXJDVC1hN3F6a2t4dmFTaklxWFBNRHp6dVhzN1lvc18tQmNMNTZhZWJvdFQ4bkZrYWRkYTZjOWQ0d0VseTEyMnl4WlBNU1JhcV9TV0VIUDZFZi0zMkYzZlhfU0l3SG5kMVBQbWp0Z3VjczZucDRTTjhIUXBXWk1K?oc=5
2026-02-24	Google	0.0	$1.7m OFAC settlement exposes sanctions gaps - FinTech Global		https://news.google.com/rss/articles/CBMihAFBVV95cUxQTzlMcDg0amMyNE5EeTRVemRHQkVBVWlhZnlYWXB4SE1YbEpIU2pUUTFoRkItSkNSSUtVcmpYZTNJdDgteXZVUXJ1QldCenpqM01OdTRIa3AtSHZZZkNpRlVLcFRfZTBuSmptbGpzOXAxeUc5Ylo4LW94Tm83Sm5jcWgyU1A?oc=5
2026-02-24	Google	0.0	Alabama House bill aims to ‘restore fairness’ in parole sanctions - Alabama Reflector		https://news.google.com/rss/articles/CBMipwFBVV95cUxOSlFFZXJManpDUF9PYU9wakwxWTZ0TFRvSGtTMFNXd3lKakZ5NW5razV4YjVTenFBM25WNEtTTjcwNnpkVHVkbzViUFp1NmROQTNGclN1aHZsdjh6Wjd3Ujk2ZkNobkRfb3Y5MmhJWC1icXUxX2NSZUZBMXFKT3I1UnYxV3p0YjlQMUFnNU5FYlh3YXVPbkc1TFF2a2dzQktFdXhvYVZmNA?oc=5
2026-02-24	Google	0.0	Australia announces sanctions against Russia's shadow fleet - Ukrinform		https://news.google.com/rss/articles/CBMiswFBVV95cUxPdVpqRzBDVDVJcHBVQUJ5cUJfNXp3NHpJYWtsWEFwb0YwZkhJWXRBOUdOT2t5X2h1TjJoLXMtVC1wUTliVmtMYzB6Wi1YYkdMN1BWUUZPclM4ZTUzZXE2ZGRPdHpjSkMwME9qaUYyRVA0eTY3OEJhZ3M5eVpHMnRJUTdJZ3EwbFhqUTF2bzJOVmZFSUk3OHpUVHBia182dG5tU0lIcDBEZWN4dGRwYUxSa1NBWdIBuAFBVV95cUxNZGNFNEI0Rl93VGJhWWQ0SmMxamhGdmNVYlBwSVVGcFUtLUc5amFLenc5U0ctY0RKeWVFNHNZd0VkRU9MUGFKNmhDT0NWMWJmbmxFMVV6aTdHcThmTldkZ0M0MzN5Q2JxZVFucHV5cEpOSjczd2Z2QVZkcXBSVm02d3FaM0k0SFljWldYWERjakxvWDlfN2hNRUxmdVVkRjZaSkZoZm4tZ2J4QVNZVHNmdjVJNEd3SWpW?oc=5
2026-02-24	Google	0.0	Binance reveals sanctions exposure fell 96.8% since January 2024 - thestreet.com		https://news.google.com/rss/articles/CBMinwFBVV95cUxNU21fQkwzck1pWk9fSmphREZSbkhsXzJ3ZFdxZVd6d2FfcXpSQzZPLXp5QzRXUkdFemQ5YlhUTHRleHZIZGJLX1VsejZ3NWlTVFVNNzJfa3lfZENqcnZiSkZRVGo4Nmh0SGxEclhpOXVfWUxIcmx0ZnhYM2czS0lpQkJYc0ZkYmgwT2lJY0FLZHY1eU1FZFFrdU5RWFJMVE0?oc=5
2026-02-24	Google	0.0	Britain Unleashes Historic Sanctions Blitz on Russia's Oil Empire Four Years Into Ukraine War - gCaptain		https://news.google.com/rss/articles/CBMitAFBVV95cUxPX05QVDAtVFV2d2hYOEdNQnJuZl9mTHJoaGcxVEtpN2N2bjNmZ0dYUUdmT2pvb1J0ZDlWbzFxMG9jRS1ZMDQyWTE0ZWhBZ2lDTjE1emRLeVZwekcwVXplbDh6bXFBMklSWWlhQzFBb3dKcGlwaFdQRDh1Z3U5TDdnQnlGTVhrZmY0UWFPRW1ScjlmNDB1eVFVODl5UmQtRVc3LV9NSDgzS0RfY09lMUxaZEpfQUI?oc=5
2026-02-24	Google	0.0	Canada strengthens sanctions on Russia and lowers oil price cap - Ukrinform		https://news.google.com/rss/articles/CBMiuAFBVV95cUxNT0xocHZFZWZVTkRuc3ptbDNzUGxZQmlpQ0lHdDhQMEQwZHhaNXVZLU1Ta2E0VlZQYkVBOWJ3bGFEUkgzZm1DbEFqeTQzT0xvdF8wNHNEODg1ckdrd1VvcS10ejhTdDVnYUthdmJNTTh0bEt0RnNlYnR1WDEteFpuUjVCQWZzRHJ0ZEhxMllCYUI2eW1heXJhSWRqMG0wMnlwalRvOFZ0N3RoaDFZSWFlemhfdlVEOHk50gG-AUFVX3lxTFB4NnhjelJKUWVBX0RCRjdjQ3FEWlg1N1V2WUpXUU5yUVZIcTNaanBTMng1UktQQmNXOTJ6WTI0ZTdIS29nNElOWEY0RjFNVXN0QWZYcmJqRDFxdVpjS1pmZWl5RENsUC1JRnRLNmdqbTRRdHVjeGs4OUxIQzRveFh4YTZkLTZSYVNQVXVrd2FqNGUtYnJNU2ZsNzk5bXI4WjRUaTRLY05BR2cyLTBXZVRiMkFDbFlsMmFlczNDdlE?oc=5
2026-02-24	Google	0.0	China sanctions 50 Japanese companies - Geopolitechs		https://news.google.com/rss/articles/CBMid0FVX3lxTE9OejVOakhiNzJuemtxUzlDQ0lNaWd5Q1FWSWlRWUN2QWxfSlVXNXVLOXhrS1dUMXFGeTA2QS1iNU5zUHY5UEoxc3FSQ1pUM21JV2p2SlNxbXprOGlXZXFZQUcxekJQZjU5cVpBaEhINzZsRnNjWHJj?oc=5
2026-02-24	Google	0.0	Crypto’s biggest exchange fights back against allegations of moving billions of Iran-linked money - CoinDesk		https://news.google.com/rss/articles/CBMizgFBVV95cUxObUZLQ2VxcjFYSlVJdk96eVVnUFZaX2JuV1J5dlc4dlh2NGNsVTI5NDZFQnQwNXo2ZTRrRnpleEJIWlBlX28ycGs4QWt6OW1mdXhCNWZZUTE4TGpSTFNzRERkQU5tbkY1dWFzY1pKdDhsQnNNZzhPc0ZtWVVpamtxTWpZZlduc2prS1A1TDFfT3BPZzlkbEZOMW5scFd5cXFMZldpVjUzRUFYTG5USm1xTlRNMjBkeEl4alBtWmdCM1hzQXhSeVNYcVVxaXBuUQ?oc=5
2026-02-24	Google	0.0	Defying sanctions, advancing socialism: The DPRK’s 9th Party Congress begins - Peoples Dispatch		https://news.google.com/rss/articles/CBMiswFBVV95cUxNb0R3Nl81ZTdjaVBDUGJDR0FEWENiYXA4eWg3czVrSzhwVWdqTHo1aXBnZlJmQTJYUzVWUkM4eVl5SVRWSUoxTEdXZlVKZFZDaUtHTjctamtNR0tQWHEwSTl4RDZta2xNVlBtakdqcjdKYXZaVFA2aldVcjVfajF0SkJ1WnlGM2U1YUFTdmhucmludy1tdGRJUUozWVRlYmRmX0I3eWxaMUd3MVcwY3FHSHl6MA?oc=5
2026-02-24	Google	0.0	EU’s Russia Sanctions Hit Roadblock Put Up by Hungary, Slovakia - Insurance Journal		https://news.google.com/rss/articles/CBMifkFVX3lxTFBUbWNORTJENnRObUJxNXVxTUZlNE5pMTlKR1dKeURPMm54cUtxTnVkaVlpRXVlYUx1YkhlQzRxMFpWdkkzXzFZMlZac1dYRkRjZWE3eVFXVlJpa1VVd0lRWWdVYnZTMnQxZ3oyWTE0N3JiVUFqSWtscWJjZ0JnQQ?oc=5
2026-02-24	Google	0.0	Europe Must Act: Kiesewetter on Taurus Missiles, Sanctions and the Future of Ukraine - Kyiv Post		https://news.google.com/rss/articles/CBMiTkFVX3lxTE9tNDBMMldvZkw5ZlBUMHdOVjA5UEZwVUdrcmZCR0taR3MtSmRwaTlWRGlaVVR2eTlDVExDaVphXzhuSk9SMDc4Z2hoYko1QQ?oc=5
2026-02-24	Google	0.0	Gov’t has no plans to sanction haredi IDF draft dodgers - The Jerusalem Post		https://news.google.com/rss/articles/CBMie0FVX3lxTE9UTWJYVkxoSW5zR2VFZzlUWEhrRXdpRk9CZEh3SjZjUVlTa21HbmEtVWtfc0FDZldVVjllY21LMVVkd1Nac3IwWFRORVpYUFB4eUxMM1NtYmlnS2JNS2R4U3plVzdQbmR4RF9PaFV6dzZINFpWdm90eVVwOA?oc=5
2026-02-24	Google	0.0	INSIGHT: Venezuela Sanctions - Skuld		https://news.google.com/rss/articles/CBMiiwFBVV95cUxQaUpXVEFRWnkxYTVuUDhrWGRyV05TRFI0R011aWotd3VfSlRSN1NDdml5Q3o1NjBNRWRyaXJ3Z3RaZEx4d0dlVlhaRW1GQ3pNY1ZEdFdtOVlJaHFMNHIzdFJ1MVBOcjN4WnczMktPWEI3b3BvVjM5ZmZFMU1EbGdGVlpFdG5CRk03UURF?oc=5
2026-02-24	Google	0.0	Minister discusses EU's 20th package of sanctions against Russia - La France au Royaume-Uni		https://news.google.com/rss/articles/CBMimAFBVV95cUxQdXVkMktjZXVMUDJNZmNRaHpUYzZ3RzZaZHZtWnFncWUwTTN1aGh5Z0h2TlBKamg4UEZra19ycHhSWkNXUmtOb1RKUkI4c3c5SER6bi1sSkhSN0tpYVhSN2FIT0xzSWRhWkdzS211cnR3R2RlSER1T0ZRS2pvMjFKQlNTRUl4YXhvN1BFQVlrTWo0NkNFdF9jNQ?oc=5
2026-02-24	Google	0.0	NEWS: Binance CEO hits out at Wall Street Journal report over Iran sanctions claims - AML Intelligence		https://news.google.com/rss/articles/CBMiwAFBVV95cUxNZ3prb29faXNoMXphYVVOSkNfVU1JTVpoMzdJMFMxTE1qTWlyWE04em0zQWNtVXltbzAxNE5WTEZGN0I4YzRzckNLR1dlWGlaZzJDSkxXYkptRDZqTzV4T203QlRBNjJEOWxzUDgtOFFwZk1IcDJXMTZXRmNVVkxMSmxFbDBUbzV0eEowdTNVamptTmdILUJnVVFUb3p0bF9qYUdCWXBQSHZmb2pjT2Z2Q24zcUFtRTFqTGR1V0hobDQ?oc=5
2026-02-24	Google	0.0	Protective order violations lead to sanctions in Uber MDL litigation - Data Protection Report		https://news.google.com/rss/articles/CBMitAFBVV95cUxQaGtRdVFxWVFuTHdnMjBQbERSNGNUaTdYMXV6bGhMQVJadFBud0FaWjJmdnprY1FQNTA2ZmI3ejItVHZCRUliYVhJWXpWcFpKNWNfMlh3Szh6T1VmaUlyX2ZmUS1vajFLOXZ4VFpoTDFZaG5BQVp6Wndjem14Q0xHZDliUnR3cTV4OVM4NG9ycC1XNW91NllicXkxbFF0UDZJcEFBMTE3RmRmckxLdkhtMlM5dEk?oc=5
2026-02-24	Google	0.0	Protesters in Ga could face harsher sanctions under proposed legislation - The Rome News-Tribune		https://news.google.com/rss/articles/CBMiigJBVV95cUxNUzVNd1JNTmRXclpvQTBvMmU3SmhGNXNyX2VmWTJiR3BmT2cwVlpoMENfRDgwV29TQnlURWZCSG5qUl9zc1JTa1pqNXF3ZzBmSHZwYTNMY3lBbmRzN0tHZlhOOG5LT0NndG5xSm1rOEdGQ2RNYVNQOGNwUTVBMTVZckVGV1ZWUER5NTdKanZrUXVNTkRpUzBIQVViRUlmLURIb29QNGNvR1dxcjI4NGF6dktlNlNRdDFMMmNyallIX25ZZUlqc2o3dUg4SnNiLTBvcm5PQ3NGWHpPODB2a0IxMklkeEtDTzNrYmpkVThUc2NvZ3VVOHc4X1dXTzFjOXJ4a0dSOVN3M2NvQQ?oc=5
2026-02-24	Google	0.0	Record UK sanctions hits 48 tankers and two LNG ships on invasion anniversary - Tradewinds News		https://news.google.com/rss/articles/CBMiwAFBVV95cUxNVE9yemhaNmkzSWp6T21nOXhDR0ZuZUdwdzVTQnJJSVUtRmVmN1VvR1laUW1sdGduVFdKVWVISGdVdnAtbGwzU0tXN2R1MndtaXdvcWx2ZURaNXYzUmk3RGx5MkxvNlljZzZRNUwtV0VYWjFPYVE0OVZHdHBDbmhCMnFUQ0t5OU1OdWJoa0QyUXZkUjZkbG84cjNaWVJhcmVWaGJRSzJFTklWQkJGOEwwRm9DalRTV0ZfVHJYdVhfSlA?oc=5
2026-02-24	Google	0.0	Russia's Kaspersky fights Western sanctions - IntelliNews		https://news.google.com/rss/articles/CBMihgFBVV95cUxQeDRkQzRyTmVXUEVNdXZ6NnA1eHR6S1p5aFk3ZV8yaHNYWUl4U3dtZjhVMzI5TjNNVmdvNGpvbnpBNDY3TlE3VzJyeGw4RzFvQ2k3bFNRM21HZG44VWVhWjBoVVNKSXhPQmhIUzB1b2NEWFozUHdBLW15d0JkR0dncnQ4OHB6dw?oc=5
2026-02-24	Google	0.0	Russian ‘illicit oil traders’ exposed by email blunder placed under UK sanctions - Financial Times		https://news.google.com/rss/articles/CBMicEFVX3lxTE9zY0V0aW5tM3U1WXJPYURkQUpIV3lQcFZvRHJZakhtcFhZeFEtTHhJWGRmdm5taHMyQTRWNmN4b0ZKYWQtUkFCSUZpNWdxQnE5MVlRTkpJNkROSTlLYzFJZkxJaVEyRzljVWwwVURGaFQ?oc=5
2026-02-24	Google	0.0	Sanctions Ground Over a Third of Russia’s Long-Haul Passenger Planes - UNITED24 Media		https://news.google.com/rss/articles/CBMisAFBVV95cUxOM1FyRjd4dHBsOVJwWDBzSEpjaVZYZ1lzNEJFaXNMN1JHRDhDRmpaV1VXSF8wU3hxbHo2UEtCellrdXlEdFZjanBIU1lnS1Q5bmFaTFgwbXZtTTFyaTFtYThVNjIyUHg1MldhTFAzYzZaZG9MOTROS1V4RWItSllkUjA0alpBcmsyU1F2aTczOWNjYThudTVPTmRNZXhSM2EyM0N5ZkIydnFFUGRGblhWLQ?oc=5
2026-02-24	Google	0.0	Sanctions are strangling Cuba, not socialism - People's World		https://news.google.com/rss/articles/CBMiiAFBVV95cUxQcmk1UE1mc1UzTmtaR0FKX0EwN2djVG9nLWt1YmU3WEhLYVQ4MGd5eUpxeVZTY2dmNE1scnlGWHhEd1d1N21PNmQ5cVBQMjlSbDZWajNlRHlEWFlvcG03VDRLdWJUT29sQjRDZWFVTXJUdGFRS29pZ2w3ZjZrRkRPYWhyQzIxVWtm?oc=5
2026-02-24	Google	0.0	Sen. Blumenthal investigates Binance following reports of Iran-linked sanctions evasion - The Block		https://news.google.com/rss/articles/CBMi2gFBVV95cUxPWXhGREZoR09FSi1fcDZCQXZjdjhTc1N1OGJ3aDBNWV9NUW5jQk1iVFZoekpUTDB5WFM5blJLVUdOTWhWRDRXX2ZrNWE5ei0tTUI0MUg5Tm1IeUJBSUhKbHFibno0Mk45OERvUW1jUTN5ckU5OWFPTm9XLTFpLU9LRGktSWNZY1RkQ1hOQ2c0LU1LWlo4WjJ0d19BdHJ2VmlJMC1GOVo2cEZVM2xMRWxNa3V4OGVfXzd3NUEtYjJyemRVYlpzQVpWQzd2cEZ5allRaWdhOXBIcl9XUQ?oc=5
2026-02-24	Google	0.0	Senate Democrats Blast Trump for Failing to Use Sanctions to Pressure Russia - U.S. News & World Report		https://news.google.com/rss/articles/CBMizgFBVV95cUxOM2pxekxTMzQ1UUREcWpXei1YYXlTUUtDNEx2aGdvRXVUcDNKUVNJQlBlVkZaMTVaY3NmWXkxTGFoVDRxWk9xbm9EMmRQUmJia1ZKUGpkQmtrMTVuVFI5ZHVZM2xyd0VpTTBHVGpMX1hXTm9OR2J4V0dQbUstbU1Ca0FUMHdyNXJTblJ2NW92SXVTb0pmcGlBcjZXWmRHUmF4aEM2SFNRN0F3RmVNOExicVh3eGRzTDdxbjZmeDNuREZMSDZQOVRycUIzVjF4QQ?oc=5
2026-02-24	Google	0.0	Senate Democrats blast Trump for failing to use sanctions to pressure Russia - Reuters		https://news.google.com/rss/articles/CBMisAFBVV95cUxQV3RYekVteXF6bG1peWdiX05pLWZrNE55ZVlLck5QQTBzY0pMSW1tTEF5VUg0SVlwWkU3Q1l6UV9uVkY2S1hsRUM2Z0JBeXFKNjctaUNvWlBFSkxnOWdRWFlnVS13QURZUDJZSDNQMFdFU1UwNzVIT3hReGJqWDc4bkxBWHNxQWh2cjJORUl0RGpob2p5U0pMT19tR0VySXpHc01EUUNZV1dSQzV0Sm9LMA?oc=5
2026-02-24	Google	0.0	Treasury Sanctions Russian ‘Exploit’ Broker Over Stolen US Cyber Tools - Decrypt		https://news.google.com/rss/articles/CBMikwFBVV95cUxQLWZqdURESm9NWE5lMGtZdW9TbnVhclFsSzdBc0FIUFEyaG1Pc2gwRTJWYW5BUVpDVlBoVG04blhWbkV0cUJsOXowdkpkMVBWOFFsYTlRWFdUc0hhaFZQZU91bnNBRUFTQVVhMGdXTEFhQWhDTmRldUp3UlhBUTMzX2swY1JwQlp0TEVscEl3QVJ1WWPSAZsBQVVfeXFMTXhnWm5zVks3SWxIbkJvejBPbGRaajRYdnZURk1XellOWEtiRDExM29OWWwtd0tRckR5STVaTnR2MGwzZ2huWEtRYm9NZ1dvMW9JM2NzUVN4T1V6LVhhdHJXc2ZObEd0eXlwWWZ6X1BCbzNJNFlZX3hCZFd3V0U1TlJCTnJxYndjQS0xUU5WaXZVaDZ2VmUwTzFFTXc?oc=5
2026-02-24	Google	0.0	Treasury sanctions Russian zero-day broker accused of buying exploits stolen from US defense contractor - TechCrunch		https://news.google.com/rss/articles/CBMi1gFBVV95cUxQM1BEYUkxa3FUNWhmNVhMM3pfVm12Q2ViWExXYjlqMUNWLXc3SVZFVVhYYl9hR01rMzJIcFFpd1pLOE9sSUxKRFNhVGUzRTlvejVJSVZkUXE5aEo3T0U2NG55QlotVXhZMXFkWVJ0cGZfT2FqUVJjSVgyRm9zWVRNU3c5SXlkb2RDbkxDWHRmbkVwMFhCcnpLdXZhQ2dicWJMT2tTcHBqQnlxU0hLTHB2YkpwOUFjQTZaU2JLbDgta0JnejUyRFBzU0ZrWlJLRVlaemtEaVJR?oc=5
2026-02-24	Google	0.0	Trump-Requested Report On Nigeria by Congressman Calls for Sanctions, Withholding Funds - National Catholic Register		https://news.google.com/rss/articles/CBMiuAFBVV95cUxOcm81b3BhRHVIMHdxdEYwOUllaGdjUEFlR2pNbGtnMXZ5czNSWjdUN1JxaEJkWE5pVDVQNzB5b0lWTXZ3Qkh5Ty1NdXlENjF2Wnp6WmFaekczQ0x5WHA3SEkwUjZyTmxteEl1ajh0NTl1ODlJM016THlIbl9haGx0ZkJOMjlRd0NrWmtqeURQcGNDdm9mYXQ5VE5nT2JGTmluWW5INnM1eE1DWHBDUlcxZ1hISi02NHVl0gG-AUFVX3lxTFBGR3AtMlFWdUxUWHJTUzU5MnpoQklBbGlvV25JYUxjbThhQll6THc2aEFfUW5abkVHZEQ5MGRfZU9QOHVlZGRlYXhtWGhwQV9lLXY3eEVfOFE1QkhaazVrLTBxc1NrX0RLclBUUUpjU0g2X2VnY3JZT2VkWmxON3o3cWM5aHloQm5UeERibTU3NGRlYUhDWGg2SGZuWlNmT2dfVlRaNm95Z1hWb0xyaEN6OXpaYXFFZ3VrYTYwVnc?oc=5
2026-02-24	Google	0.0	U.S. Treasury Sanctions Russian Exploit Broker Over Crypto-Funded Cyber Theft - Bitcoin Magazine		https://news.google.com/rss/articles/CBMie0FVX3lxTFBXcjhvdk9KcXpNcFpRVXJ1TEpCUEJLVFdkNkF5TnlGVGNkMTJ4LWFJMzlqN0NpaVh6cHNCU2RKUzRqcmJXcFJRTC1neWk3Mk0tZUVLTnF2U2F2Wl9zaUVaYjZNWHVjcHlIa01vY0JzSmFhVjNCWFFXazBXcw?oc=5
2026-02-24	Google	0.0	U.S. seizes oil tanker in the Indian Ocean, cites sanctions - wng.org		https://news.google.com/rss/articles/CBMihAFBVV95cUxOSzhIM2JwNUJMX1VwU3A0ZVVBeU9yQ0pVQmozYkstLUJKOXoySHRGWmVVN2R0V1BNOVp3X21nOFMySzhRcWRSZG9CZmR5V2dxQWgxV1B3Yktqb2Y3UUJtblhBVjM1b3YySW1VaDgwd0pVT2Z0bjZUaFRsZlNMU1VNU1pJQlU?oc=5
2026-02-24	Google	0.0	UK Hits Russian Banks, Oil And Weapons In Sanctions Blitz - Law360		https://news.google.com/rss/articles/CBMinAFBVV95cUxPRENMVE9WUGdSdF9neU1rNy1uMk04dTV1WnZZdXNvZWN5Nm94TFpJU0dYWGlrM2c1UU5sLXlFR2gyY2ZVRGhuakxGLUMxbUNodmtEQ1FROG9Ha3VXTkJvd0JzRlVQT0U2WDJ2N3VYTTZVMm9XYXVzaC1zOHBSdlBrU09lTDZER2R1akxidnBzRWd1aXRjX2plck1tcWPSAVZBVV95cUxPbE9GaWhCMkltdi10aGdvWDA5eHkzZXNjVGJGZHJ1OHYxY3pkWFdDZXVkZU5DTEdCQUxHamlsMXY5N1o3Qko2V0h0QkxhRnI0Y21Jb0V3QQ?oc=5
2026-02-24	Google	0.0	UK Launches Biggest Sanction Package on Anniversary of Ukraine Invasion - The Maritime Executive		https://news.google.com/rss/articles/CBMirwFBVV95cUxQQThoVlZlV3h4T0E5bUxDZnVBRk5hNHZqNGtZaS1ZZ2tJaVY2WjRObkFoUjJnWm50TnNEdXdLME1NZWdKVzMtYmY5dmlKMkR4bkw4RnE5Sk5lVEtvU3R5RmFfU2tZazJGZnJVLVNyaXpSNTNLeDczNGVsUjVmX3BVR2xZVW5BOG1aSVFXcWFkckhnVFBUa2oxSnNJU1AzNmNzeXo0QnAxWVU1djZRRXJn?oc=5
2026-02-24	Google	0.0	UK Sanctions Azeri-Led Oil Trading Network - Energy Intelligence		https://news.google.com/rss/articles/CBMickFVX3lxTE1lSWNYT1JRYjIxSGIzR2Q3c0RzUFlyeDJkMlF3bWY4anpJV0FBdDZ5TWZvWlRzTXo0UXhPemRwM0JBemxmdEhwWl9NMnRKZkFtNmVxNTZ5NkZGcUl5M201UUlfRzlRbERVU3djODloUTQzUQ?oc=5
2026-02-24	Google	0.0	UK Sanctions Georgian Pro-Government Channels for Pro-Russian Disinformation - Kyiv Post		https://news.google.com/rss/articles/CBMiS0FVX3lxTE53ZWtrRU9wZ2VyNnQ1bmVEUHI4UkN4YXh6WWxuMUNHdWhEQjR3VGg0cndPdzhQeUtWcVUwUHFLYmhvT3J3N0pMRTQ4NA?oc=5
2026-02-24	Google	0.0	UK Targets Russian Oil Fleet With Biggest Sanctions Hit in Years - Bloomberg.com		https://news.google.com/rss/articles/CBMiqwFBVV95cUxQUUk3dTJHZGZxbDN1WGVTUGRjUTJjQnZyTGkyY2pvR3RKazdUUXhYeE5RQ29tcWEySWV0U1Bla1dpTGZzaVVCNEpqMnFfWFZKY1JPTTBUUm1fWFZZLWxhUENGTDhYWVZVOFVTc3NPYUI2d2hnNjlrZTNRSWd0OC14NzBqVjFaY04yUnpzYVBrQkdMWmw4SGYwMlJ5aWhVWDhRYXQza0pJSFBnSm8?oc=5
2026-02-24	Google	0.0	UK and Australia Unveil Largest Russia Sanctions Since 2022 to Mark 4th Full-Scale Invasion Anniversary - UNITED24 Media		https://news.google.com/rss/articles/CBMi4AFBVV95cUxPOWtUeTJmdFpaVENCX09iM3BUWEhsWEYwOEJ4SFJHZUtxMWxQWmcxcmR2Qm9lenVvM0Q1VDVvMUs5TXVNWDNKWENmMjlnQm8weVRZRlk5M1hSVUM3THFqLXNxVkl6M1gxX0FLbFBNakN2TGR4TlMtNUlkUVczcEFJNnF6MkFFX0UyREsya09sT2lmWlZ4cEdIbFplaDJmemQwb00xVlpBSkhMd0k0Zm1sdWVRdkNRZU44YndnRnk5V3RQS2RvSjQ2SnduZ1pKbkltakN1SDBKcWZHYnQ1QVljZw?oc=5
2026-02-24	Google	0.0	UK announces biggest sanctions package against Russia four years on from full-scale invasion of Ukraine - GOV.UK		https://news.google.com/rss/articles/CBMi0gFBVV95cUxNZVN0OGM0bndZWHRIUHBtNDNqdnl3Y1NtSlBsQ0w4bHJXUl9tbGh2M1FUWWgzQTlOcUp5c0loRGRWVGVBLThWWEE1TjhVZkxvLTQwZzJGRV9DNDJqRS1MWHlKQ0VnWkJlRy1WQ01oU2NJWlZLR0l3dDlSV3NlTnpJdmVJMDQxeER6R3FyU0hoZGJsR2hVZWtlYmJjeFNNX3duRnlkQ0pYMUlvX1JINDVxdnJaNmFUT2dVMlgxYy14NHVWMm5ETUJhSEVEYVhrbVRkNGc?oc=5
2026-02-24	Google	0.0	UK exempts Druzhba oil pipeline from Russia sanctions - politico.eu		https://news.google.com/rss/articles/CBMiiAFBVV95cUxQRGNGUDhDdGI5T3Z1ZGhhOWpaYXZwWW5Yd3VqcVlYV0FFSWZzMFVfWTkzTVA5ZllpZUNmX3UxN0I1UEZxQW9wWE5ETi1iNzRHVW5ORVdtRjJ0ZzBNMTk4Smpab2pLUTNlTjJSdFFOendHSU5kZ3d0OGNVVXFFN1pnTjh6ODEzd0da?oc=5
2026-02-24	Google	0.0	UK sanctions two Georgian TV channels over 'Russian disinformation' - Reuters		https://news.google.com/rss/articles/CBMiwgFBVV95cUxOZFk0dC16bnU5VzlZVU41Tk1UYjI2VjdTZ3NkcDJPQ0xYbU5BU2RseFViTm1vbHlvLVdGbHpjb3FhaFg1U3NYT3FFX0lQWEM4cVYxRmNJVmhJMGFwMksxTkJSUDdSdmRJRUZPdXVoU0k1RHhFc0g4SncyVkRYQ0JKbmdWaC1td3NnNC01V0EzcW1MVXBfYUh2V0FKLUp1VUxZcVlmLUI0dVVXUzRHUlNodFVBSFNCQkx4U2M1Tk1hc3J2Zw?oc=5
2026-02-24	Google	0.0	UK slaps sanctions on Russia's oil pipeline giant - TVP World		https://news.google.com/rss/articles/CBMitgFBVV95cUxNb0VnVEZ4OTFKMTdwVmVrQlQyNWY5MjVXRDFKaHhFa0txNUc3ODZSQUFYYkdzRjJzVXdYZUVGV3VubkZkSnlGZ1hQSXlQMnp6VHhzUHVBYUY4RkpyanAtMno5bXdxX0RWOXZ1NXJBdTNaRE03SVJPRFg4cHVDQm9ZT1R3SFBuaGpSanJoTldRU2tBQkhEREZHLVJsMXRyNjdGZGt0dkU1YjR5V2czUWZFeDBCTDFPdw?oc=5
2026-02-24	Google	0.0	UK unveils 300 Russian sanctions on four-year war anniversary - gasworld		https://news.google.com/rss/articles/CBMirgFBVV95cUxNNng0MWRhdFBVYlA0RUNQOVlMYlNyZDdKbUZTOGxOa1lIbEM4WlFKcDBhSlZKeldTcks2UDNXclNhNEhrMzgtWjhpVnBfbHBiWjk3cy1QU0MwUnZkZTREclozdUJZYVhZVTJTbF9aWjN5U0hDa2xsMEcwUTNKV2RGUVVhQXFXcjgycUVLaGtaOVRKUUFyeGxGcnpRRENlQ2NwM3hHRGdZd2UzeGJXMnc?oc=5
2026-02-24	Google	0.0	UK, Australia Launch Largest Sanctions Packages Yet Against Russia, Boost Ukraine Aid - Kyiv Post		https://news.google.com/rss/articles/CBMiS0FVX3lxTE1PMk4yUHlGLUFhX0tsX3duN3doRHp5b1ZGRWNOX1U3bG04Mk9MaGI0ZDlfVmNIdjIwX0h3ZjBmSDUxU19aNTRqODljMA?oc=5
2026-02-24	Google	0.0	US imposes cyber-related sanctions on Russian, UAE individuals and entities - Global Banking & Finance Review®		https://news.google.com/rss/articles/CBMioAFBVV95cUxPNDFGT0VQMTNDcXZWRGFCcjJ2VHl5YU96UHlZSUJHLS1VeGlEcUZRZ2tKRjc5d3hJaG9EY0JCT1FHUXVBNVVELXQxWGEwWVM3S21OeGdwb3BGeVhEZW5KYzV6ZUpxYVlPQ3NncXFCaUJ6bVZtcU5tdktCdDZJRno0UndGVUhidFkyeVBRTGlnaHAtQ1V3Y1lpVHRpV1I4RFVq?oc=5
2026-02-24	Google	0.0	US imposes cyber-related sanctions on Russian, UAE individuals and entities - Reuters		https://news.google.com/rss/articles/CBMirgFBVV95cUxNNzNCdHEwWlEyRl9TUnBQc0Y1Qlo1NGZvWkxtSExGRFZJby02RjNxaUR3YnR3SGw0a2lYQXI4OTl6c2NDc01iaUlwTkg2bldPVUJkbG1QZjlJeGJRNzlEMWNxNnozcHR4emZ4SjktSGZYbFFydTBFVFQxUHk0eTMzbFBGRjRod3FvSVZ1ZnVUZ29JUjc1SzdNYmpNY0lvdGhqa3JrcmZCdnFFVVlnTXc?oc=5
2026-02-24	Google	0.0	US sanctions Russian exploit broker for buying cyber tools stolen from defense contractor - The Record from Recorded Future News		https://news.google.com/rss/articles/CBMib0FVX3lxTE1aWDZVY0F0NUsxejQ1Mkd5SDg5MG5KcnhwLThRUTB0WFpaRUFQNWNOOXF0VHE2aXFZQXFEV2hFMFlZUXdtQV9aWmtfY0x0b1N1OFpFdGZKOU1IQXMxWGd5Nkg5SVV3cEhiOW42Sk1mNA?oc=5
2026-02-24	Google	0.0	US sets Friday sanctions deadline for Iraq over Maliki - The Jerusalem Post		https://news.google.com/rss/articles/CBMiXEFVX3lxTE9qVGZZZXVYYzNUU0QxUWRWNnp0SERLMDd2bFZOTDJBX1EtZlNWMHprQndEeE1OTzV5YTQ0dUlmVTBQT1hOVGlhOGZ5WUJZQ2o5cWZ1Q3E3alc0dlN6?oc=5
2026-02-24	Google	0.0	USM cancels Palestine conference over planned speaker’s sanctions - The Portland Press Herald		https://news.google.com/rss/articles/CBMipwFBVV95cUxOMHNBUTc5bmw3alVtQ0E4Nm1RM21icDR5VHc5UlZjcXlDcTA1NFowU2FKWkFLZ0FNWlNsdVhPRGU5ZHNqR2Vld1NzV0lVQkFSWjQ2a1dWVVYyRXllZ3lST3k2VDRmRjJJS0NuTDdOVTBfR3NPVFVPNHlwbmxfclZ2MFZYbnhpMjQtNHlJTkVIZFdFa3ZuMlA4Z2RTeTdjSU4wVmgwc2dvUQ?oc=5
2026-02-24	Google	0.0	Ukraine War, Day 1,461: Hungary Blocks EU Sanctions on 4th Anniversary of Russia's Invasion - EA WorldView		https://news.google.com/rss/articles/CBMiigFBVV95cUxPMkVkSzlzWmhpdUV6T0dsRnp6cUtlX2pNU014RkhhOHpucHVERTd4blJVOFpDV1RqODhfV0pwdnMxSUVhTjE3OUZWZnR2bGg3Wmd1SUw2Vjg2bDBJVDhmd3RvalFxeWFjc1lTUnlNMDJhZnN0UWFQeXZBdHhQRXN4U3YxRW5jUmdMN0E?oc=5
2026-02-24	Google	0.0	United Kingdom Targets Transneft in ‘Biggest Sanctions Package’ Since 2022 Invasion - The Moscow Times		https://news.google.com/rss/articles/CBMiygFBVV95cUxOa2VUME10eTdKUUlkQWVORENrUXl6ekRSTE0zcEx2S0paelhkUktHZ3IwSXROWF9BdjZOZE5JRUlzWGtRLTlQVlNyeXB1YjNYR0lXNDhtaFBnVDZmUXFqb3VYY21BOUkwSG5obThIaVNfLTFIeEJkMkRiT3RzajdabjVxN3VlVl91YXlHc2JNLVNYX3VnMkJHb3lNU1laRmd5dnNOOFUtdG9yLW5KM3BUVUVYQ0FTUzlQMXp3UVlIMmdaWjdCX0NuWmp3?oc=5
2026-02-24	Google	0.0	What are OFAC crypto sanctions? - Elliptic		https://news.google.com/rss/articles/CBMifEFVX3lxTFA5WENpTU16YjMyNmlNcUNaWllFZE5lWU1zMWd3WDNhUUFSRzZxblJkY21taVMyV2ZsM0E2aDdfLXk5MUo5blhpQVJfWXpOcnVpWFdqZXA4R0dDcTBpcXA1YXc0TVExT1llZTRETFh1dlhmTlM1UDNQdHZNTEg?oc=5
2026-02-24	Google	0.0	When will a court sanction a lawyer? Ask the Lawyer - Daily Breeze		https://news.google.com/rss/articles/CBMilAFBVV95cUxQOW5JZjVKblgwekpvOTZWVXlWWjFialh1YVhzTGEzUzF3NmE3Z29vT1ZkNDNuZndpS1A2S195Z1E3OW5TSWpkRlZVMEJNdGNiRV9UX19acEpqN3hHdlpMeDRqT25xZURKdWRfMzQ4QVpuRkQ5QlFScHdZTUozT0xDakV1aEh1TmdBZmpuX2x6cjNMVGs3?oc=5
2026-02-24	Google	-0.012	UK Shares Flat Amid Russian Sanctions, US Tariff Uncertainty; Convatec Rallies - Yahoo Finance UK		https://news.google.com/rss/articles/CBMiggFBVV95cUxNdktXRHgxMGxROU12VmZBWHAxRlV4T28yeDllSHNEMTZNRFJLWGZQQ21Dc0RCc3RFNHFfTjBOVXVPbzJwUnNtQy1nZnBfWU5NQXp4UFBFSFR2U2JfblZ6aEtsQ1Byb1JMTUNTZkVqLTVKVk9scTZBRktIWGNZY05XYjZ3?oc=5
2026-02-24	Google	-0.05	EU fails to send Russia 'powerful signal' as Hungary blocks 20th sanctions package - The Kyiv Independent		https://news.google.com/rss/articles/CBMic0FVX3lxTFBoS0lZbGhyUmUtcXhJNnZ5eHdfSldGVTV0MXMtS1RIT2l1YW82MnVHcmpsQlpnUm9SOENTUHZFQmJDOU45UTZPaHRIczROZnhzeUJFa1ZydmZNMEFaWUo3YlpPVXRURWM2NEswdHlTSFlmSVE?oc=5
2026-02-24	Google	-0.062	Australia and sanctions - Australian Government Department of Foreign Affairs and Trade		https://news.google.com/rss/articles/CBMidEFVX3lxTE15UWktUUk2NGQzVmJkNnFmZmVHSUpySlMwTm8zeXRXZy1lUjVpV2lJeXljY0dCQkJqVDNKSEVja0w1cklOS2hxYS1NN3ZfWUxVa3F4MGdKSVFVOEs0a1dQTktQQU9xVVpodldtdHE3Tml6SzZs?oc=5
2026-02-24	Google	-0.1	Listen: How does the EU defend itself against US arbitrary sanctions? - EUobserver		https://news.google.com/rss/articles/CBMinwFBVV95cUxPSFpISWxFUjVJQjQ3djJjbGRwWHBsa0tMa0VzX0dMVGxER2lnS1FYbWwtRHB0UkVkYVVDZzR6YXpQVXRySy1KNFNMczRfVkVzTi1fbmVrdG01Y0luOWNYN3VNWUpGWFM1OFE1eEVKRUVvZ0JvdmJDcm5UQWVwREdXMVZuaVQtZmR4cVNCYkRvbHdybldjaGZya0x1Z3RNa0E?oc=5
2026-02-24	Google	-0.1	Treasury sanctions Russian firm said to have stolen and sold US cyber tools - Nextgov/FCW		https://news.google.com/rss/articles/CBMixAFBVV95cUxPMG9hSERGaW5IUTRoUmM5anU2aHhMMHA2czhab2x0THo4cnNlMFlMMHY4MEh5TE9IOWJIM1lLcFhoWFh4ZVRZc1Z0RHRTSy1fOUVnMFp3d1dpdDhNdDFxQVpnaHd1ai1qZTZpclVnRXlBby1KRWJ4ZHBONUtMMTlFVVhDTXVFeTdKMzhmV3F5QnRheGV3X3JoUXZRNlFCdC0wbmZ6aElhVUpOUXFaQkNKaGhZZTlhSWtVWFpKNWVDSUFDZ1kz?oc=5
2026-02-24	Google	-0.1	UK announces 'biggest' sanctions package against Russia on oil exports, military suppliers - Anadolu Ajansı		https://news.google.com/rss/articles/CBMixgFBVV95cUxOMnpKLWpVdDU0VkhaR1NwZWJWdzZiVWdUYndfNkVaaGUyMGJzZWFIdHo4Ry0zZ2dUTk9qbGlybGVpWV8tQmxESUJzV2FXUjhsSzJIdDhVTHZmWkVzMF9KcTA1T3dnOXRWcnpleENoVElHX3Iwc0RpNDZmWThvbUdvMjVIMHhVSHFwMXdDMlY3VzdFRjZ3Zm5qLWJjSXlKbzU1d0tFTHFWdVdudUZBLVpxUmRhRGV2QVZ4ZHo0LWg2VWY0UlhYdXc?oc=5
2026-02-24	Google	-0.1	US sanctions Russian firm for acquiring, distributing US government cyber tools - Anadolu Ajansı		https://news.google.com/rss/articles/CBMivAFBVV95cUxNNS0yN21lb25KNlFYMFVxTDlzdmZERGJmUE5rV0tjazhzbDJ0VzFRVFRtWW1hRjlPRmZYYzVTaTBFb3FpYXJpY2NLZ0NRZ2lPMHViSFhkTTRsRExSR0VIQ2tLNklZcWNPbTMzRWppQzlVbm9Db296WGRkRUsxRkwyUzZLdnlWaDYzLXZUSlNPV3kxRHFzWFZoQVhSRzE0UHhfR2xsNXVoM2ZBVDg3S2hvNmVia1lKOTM0LXZTbw?oc=5
2026-02-24	Google	-0.133	Western sanctions failed so completely that Russia just pitched Washington $12 trillion - Euromaidan Press		https://news.google.com/rss/articles/CBMixAFBVV95cUxNUnAxR19GMUJWa3FxT2pvMWF3S2t1SnZnTmU5bzh0TE1QY3VuVk5hVWo5Y0pXY2lFMUtHekI3eFVnQmtrMU9FR1daVmRvTFBHYW9zMEFEdEI3dWhXUGVhNFR3aTFUVWtFUjNGMHNhZjl2d242cmY4WHFPaGZoMG1hT1hteTU5RFREa05YSWFjMW50aGk4d3RwaDVzYnhUNHRTTHNoZVl2VG9zV3RXSjctLXA5ZmhDdExfazZQMXpjZUpUMkUz?oc=5
2026-02-24	Google	-0.15	Judge sanctions Pueblo for destroying city bus at center of lawsuit - Pueblo Chieftain		https://news.google.com/rss/articles/CBMixwFBVV95cUxNVC1LVlFyVzFoamhOWEFZclJYRk80bFh2U1RCdlk2QWwzWDd0bWlMUmU5d0FxSVpkMExqUWdqMVFDdEtuTmJxRFZGR05sOXdmRk00WVVsUkthQUE5LWlxczNKdnhFbXZpQW92R012VVRDdTFRcFJxSy1Tczl2TXgxV1k2M0JNSW9VZ0NxMzB0SHpPaE9HdmxPbmRvajNKQnJqZUJ4U1QtUWFZZURxcl9EcXkyUnZud2gyUTRHSTZwd09iSTJYRXl3?oc=5
2026-02-24	Google	-0.15	U.S. sanctions Russian firm Operation Zero following crypto-funded trade secret theft - The Block		https://news.google.com/rss/articles/CBMi4gFBVV95cUxNNFNxR3RTRWlRMERSX1U0WThiWEJqSDFGM0xqblpVc3VtbVFBSTdEZ1JjeTFpbjlzMWQyaDJQUzlGVTNyQ3Q0Nl8zUU42TnpzRnlXSFFEMlk3TFQyWkpXOGV5bFJaamdrSUx6QlNWV21Ucm4xcVh6YUFkVmVUTWtrcUJPT0MtRWJtYmZIZkQwcnNnMTR2eXVVSWZ6R242ZHJsV2w3dW9LVFBEX25GbV9XTHZwVlg0MlcwODRrc1hka2o0MzdwYlN6ZVFMWVdvSUt2VUx3MWRRY3hMZUgxSTduRnlB?oc=5
2026-02-24	Google	-0.156	COMAC's reality check: supply chains and sanctions mean slower output; western access narrows - Centre for Aviation		https://news.google.com/rss/articles/CBMi3AFBVV95cUxQR0NGekRpbkdxUUtWX29sR1pFeFpQVGtHNE5EbUN4cnNQQTJibkNmMzJLNW5qVVZES1B6dld1aGtSWG54cDhyb0ZMSGY1WE9LVEQxUy1GUWh2clIyUDFBQmR3ZVAtaWs0YXRqVUktcFpueXNHY0ljc1VRRi1fYV8yUjdaYm1TN0JsaURhSjJkUkQteXpDNVdYVXFwSXl5a09hZ2FPVkNFa3E1NnZaVW5IUDlnanhJcVZ3ZktHZUlMSXBObXdJRXZpS2RzaVZIdC1SaGVyZ2ppU2JybFlq?oc=5
2026-02-24	Google	-0.182	EU fails to agree on new Russia sanctions as war enters fifth year - Yahoo		https://news.google.com/rss/articles/CBMiigFBVV95cUxNbGRNTGJvZ2R3VkNMYmt2SXIyZ2JjT1g3TjR2cGJ2WE0wRDBzS3dmbk1sWHhnMERiOG1XcmhVSXRHaFBRM2ZYLUk3ZjA3cHVHUFYwQTZCTGpGelZNYTMwaWVJVGFwLTRhdWRwZ21qa0FBRlBUUnZFeU5SazVhMS1Ca0R4el91dlpqTUE?oc=5
2026-02-24	Google	-0.182	Xinhua News | EU fails to agree new Russia sanctions as Hungary blocks: Kallas - Xinhua		https://news.google.com/rss/articles/CBMifEFVX3lxTFBCOTFmVFhobXNBMXJXYXlqVkRBaGJYQ2h4amNrX3E4TGc3Y0djU1FEZy16bzlIZE81ZTFSWWxxVzJnaVZLOXNsWDF5MVc5WjNnd3BrbHdBcnl2OXFEOHdNT2JsbGR6VVF5NERtaFhqQXAxWjQ2RlpIZWtfcXE?oc=5
2026-02-24	Google	-0.2	Oil Pipeline Rift Derails EU Push for Fresh Russia Sanctions - Crude Oil Prices Today | OilPrice.com		https://news.google.com/rss/articles/CBMirAFBVV95cUxOTkNkYmFpWEN2VXZ1UU85ZUN5RWU0cmNTUnBMMm5KazBfeFV3Z3pQdlNFZTRLZHlTZFlZRG5lQms3MmZEeWt0RnRIREl0clJVNUFJV1dydThrams0ZnJPSU1FU2xZcS1oaFpjeko3Y2JHVE90M1VuUUNGRDVtWXp6UHlQNEU4RFJPbWJJNmt6UEFuR1E4Yzgzc2tuVWppMDVEdjRTRGdnSEdiOEVZ0gGyAUFVX3lxTE1fSmdkRHpNeGxVLUkwV1hMWjdyekxDN196a3BjU0s0VW5maEtBOXVZU19FQ0NRN0JBN3d6SlhMTm1oYlFMOGFiWkZseC1oZTB3ZTZEMHZ1bUc1QzI3MG1tVzlBTGd4dWNjTWh5VTByREtHSi03MGM0MGQzaVFHd1ZZV2RPd0I1STFEVnd3dUZwZGNlWHE3NE54N2xlT2Z5SlZBOC1nZTcyZnRsOUlCb2xZOUE?oc=5
2026-02-24	Google	-0.262	Russia's Dark Oil Web Exposed in Major UK Sanctions Escalation - Crude Oil Prices Today | OilPrice.com		https://news.google.com/rss/articles/CBMiuAFBVV95cUxNSkRrWFdaV1E0bjlvaDI2Wlh2Q3VkV1lTcW1HdEgtVlBFdmJNUXpBNEJRSlQ1VElLN1FfbEN2d1hMWE1OMWRRUW9wSEU4RklBWF9xcjFRQVk5a0Z2TTRvZm5pSl8teF95WUJuOTBkNlJYQkZmbGNTWWJ0cUFtcHVWWThrSE5Qd1RxdlZTd3N4c3I5cXF2OEhobVVwNEVlYk82QjlIalc5RGlFUTREQ0dMeUpTM0JMNVBX0gG-AUFVX3lxTE9mRTl5LXFPb0FuRWRlUG92c0FreEZHREJDSDR5bllJQTBnSlc2ZHBNQXlnd1NubHhvSUZXbllGZVFWN2VoUXpvQ3V5bWdUcDJYcmtlLWZTalR2RUJ6b3REb09pRjgyMlJJRkliTElDTXlpa1hTTjZMSklKUm1TakxpbEZsaVhuLU8tNFV6OHZ1YzVlbGtHQzFmM2d6bWRjTnMzX2hKdHdjVUJWLWVKYXhEcXdHYzZOZW1WeTNqUXc?oc=5
2026-02-24	Google	-0.317	Expert: EU sanctions failure risks letting Russia ‘get away’ with violations - TVP World		https://news.google.com/rss/articles/CBMilwFBVV95cUxOcTJ5cXFKanI4TFV3emM0dW1YejFHMmpQc29rQjRMMldmWmF6aEtLYzhqUTlxSkswREFLbm1HbVdIVGRScVZPT0VKSmtidklkVG1IYmxiVHJibHFYQVBLMmVOUW9hc0F3TFNLalNtUDQ3Y0Zpb09yX3E3SkEwZjZXSmFJeUlBeXEzdm13QmdvUEM5YWl2RURB?oc=5
2026-02-23	Google	1.0	The best sanctions screening software and companies in 2026 - LSEG		https://news.google.com/rss/articles/CBMirwFBVV95cUxNUTZsRnY3a0xJUDVYMFRMOXE5bjFJQk0xUVJFLWc0UkhVYm1aSnIteUlFVUg3UTFjYWIydjlJamplYXRpczY1MGRhakdYWF9URnYzSEhnTktBZ0JZY0Vnd01jOUl3WnZGLVhNdHBPQVB0VlpzOVlQZkdBM2dlRjVHVGR4Z0Y4bUlHcHFCUTdaQUlfcktKdmtzZ0w3QlBoemt5X0ZIbkRiZnBHSUNrZmMw?oc=5
2026-02-23	Google	0.5	After latest Ukraine trip, Blumenthal hopeful for sanctions bill vote - CT Mirror		https://news.google.com/rss/articles/CBMifkFVX3lxTE1NNXlxMmJLeHhpalpiRnlRbEE1MV9vaV9NSVRUU1piZ1RSa0drYm9LWkRrWW93bVM3NmFlbzlWUzlFV0R2NC1kRFRkeWlLRDVIdFVnR3hTUDZiNzVvZzRta2hxRklZSzhpSENKUjlpM21ENEhvR21pNG43MGZBQQ?oc=5
2026-02-23	Google	0.5	Hungary blocks latest EU sanctions on Russia, $105B loan to Ukraine - upi.com		https://news.google.com/rss/articles/CBMiqgFBVV95cUxQLWZJVm8tSHdMNkIzWWxCQ2ZDYUdGb050bmw2d1htUDdzQmthSXZFQ3FLQndVM2xzOHNjMUNWUXJIaTBpMWVTRzVTVUp2VTYyZVdTYzdQcHJpaGtJUVRBXzE5NWo1dkhNOHhtV1A2WFlSM2dqM3M4QmdySktIU2RCM3dVYS04emdFWElCWTgxa1g0eDRrZDFRekktS045ZnNsX1FlSi1Ba1lVUdIBrwFBVV95cUxQNWdrTV9yQW8xZUhnMk1GRVVPT2ZMMUhSd1l2TXB1OTU0blNTbURWcTVSNlloVjhFMnBHRWM0cy1zaFpyTlRzU3pvSXN4Rm9pYVptTFhLdEZmT0ZNbUR3QVozRDkxSkdWcTVZaW9lQWFRTFdRbDVYeUt5Q2JiTDdCelFyQ0hEWXV4WWpEWjBwam5PNHJOdnhGV3J4MjZnX0U2QmdKYlVYeVZrYldxQXlr?oc=5
2026-02-23	Google	0.3	Hungary must not 'betray its own struggle for freedom' by blocking Russia sanctions, says German minister - Reuters		https://news.google.com/rss/articles/CBMiuwFBVV95cUxQTGFnMDdUNGlFWkF1RmhxUE9sTXBZRHJhU1VfZy01MnlyeFdMN1V4aFFrWWwxR0hkSk9vRndGejc0WnAxazJaRjIwSzJrOFFyRFJwS0I3bHFvX2RYT2RCRnFNaThRaFdNTVV4elFNajk3OEdVLW81NnNjcHhaYTJJdFVzckYyZVVnQWtUbFA4SzBVeUNpQnkweERHUTkzNXhhajhOb09LTzNTSC1yT0FGQ1VSM09XNHEwbG1j?oc=5
2026-02-23	Google	0.268	Hungary, Slovakia Block New EU Sanctions On Russia - Radio Free Europe/Radio Liberty		https://news.google.com/rss/articles/CBMihwFBVV95cUxNcUZxRmpkbC1TX3JzTlBMTWg4ZEtjajVhUnBWMk5UOUhQUUpkcUJNMlBaVnFqSlNKMmhpMlVoSFl6TTl0Sm9jcDJCSDZsU2pNTU9RZnRqT2lXRE9xNTVTRmpzdlJoRlp5TG1WSHczMjM3TFk3dU1sZVl2TGE0WVBiWTNJWldHWk3SAYoBQVVfeXFMTlVQSEhpWUlsWGhycWhsclAwTWlYYzZqZDdSaExNNjNOZUFmMm5HbVA3VGtHMWtkam8wUzg5d1ZfeGJrRHpUbnFuN0J2X1h0eFVQVUdHSWZvVGxHNkJTM3hGNUdDYmctZ3Q3SWF1MExVdnhsbHliVjIwSHhDMUplSDdWQ1E2b1B3M1d3?oc=5
2026-02-23	Google	0.25	After latest Ukraine trip, CT's Blumenthal hopeful for sanctions bill vote - Connecticut Public		https://news.google.com/rss/articles/CBMilwFBVV95cUxQekl3WXdQWHQwcTNUbF92UjV5c2N4aUk2eXBTRklkWWFtVkoyT1ctZGtDbXFRSWViNjF3X3FucGVONzR2aFpaLWJmeFVkRFNtd2NUTEFLMDRhUXUySFFlaTVza1JzdXl0cFRqVFl5WmJ1NGdrNEVvX201eGJldWdxdXh0bjN1NnRFZGZ1XzFmMnp5R2h2SEY0?oc=5
2026-02-23	Google	0.25	EU imposes sanctions on eight more Russians over human rights violations - Ukrinform		https://news.google.com/rss/articles/CBMixgFBVV95cUxNemxqLXVWaDFYaFpMb3dLNGV2WmNjWTdxam1TY0F4QkItWlROMjZOVi1ZS1RpRVVHVm4wa3NWTFdzNDRzbGgwR01jcFlWTUdUTkJxZG12OHBWX1ItZElOV3VJZXlUUUpVMTZlOG5ISFNmQWJpOWtEbWhtTEdJWnE3RFQwb1Z6Tmp2MU11ZmVzUXIxam01aGpnMnlURXdUSndsc3lXNUZ6NnMyX2VocGt3Mm8zTWQxY3lubzRCT3U4Z2g0UTFwS0HSAcsBQVVfeXFMTzU2YWwwb1l2d2d1QTR2YlZyQ1dlLWx5RGJTNDljNGx6ZVlDM2F3SnlWaXdjUmhGakFRenB4TnhPZVdTXzhIMFRVVUF1ampXNkFsbHFQNC1mY0luWTEzZ1BSRmM5WmZiTUVub2g0UTYtS3VHeFRtMVNnb25fWWNDM1FsTWV2VXN4RnBIZXlNR2xtV1RyTi1qTHVhSGFiYzdyWXBhSS1VU3JaX0stVnNUQWNOc2pEeFNHMHd4c2RBanFhNngybzc5d3A4VDA?oc=5
2026-02-23	Google	0.233	Rosatom ready for possible EU sanctions - Latest news from Azerbaijan		https://news.google.com/rss/articles/CBMibEFVX3lxTFBDNUc2S1lTMmdBZ1N0MzJ2ZjhKb0dKY096d1NtQmNKNGtpZmNFaDdSSnl5ZHN6UGlZbUlNMDh3S19ULWJxUXh2QVd3cFpPQWw5dUZtS0Q3SFFtOF9Ucnc5dDZoXzFUdlVJVHREeA?oc=5
2026-02-23	Google	0.2	Hungary Threatens to Veto EU Sanctions and Ukraine Aid - Modern Diplomacy		https://news.google.com/rss/articles/CBMimAFBVV95cUxPOXZMUnIxeDlCYmFwbVBfVE5qM2FaWmlpeDB6NWgwczJJakJjVTJ3Y0N0OXl2Ni1mUk83UUs0NVN0VzY5LWR0V0RIQTlNN3dLTUg1TTV0ZThmN2ZTek51RHhpUlptMVhULWxJZlJFcVRnbW9xbk1XZmlGVWsyclIzNkdwZHFmT2w5S0U2b1BDUTVMcGxQRlJKcA?oc=5
2026-02-23	Google	0.2	Orbán’s sanctions veto revives talk of EU legal retaliation against Hungary - EUobserver		https://news.google.com/rss/articles/CBMiqAFBVV95cUxOT2xyY1VHNXJxOENrcHNOX2JlZWtFZzFtY2lqSFRsZDF4bXUtcUd4bHpYZ2Vqek5LdS00QXUtSTBkWEtmcGdDZkZMUjl6MkpqaFZib1hlWmN4TTM3T2NQdkJ1T2VTR0gwT3R6XzB1cUU3TkRfdmh2MllsZEdrOEp1bXA1V0RncTZ4RDB3czRZUGdkMVkyNm9Qai1BVWEtT2tGaGJid1BSTDc?oc=5
2026-02-23	Google	0.167	Russian Oil Most Discounted Since 2023 on Western Sanctions - Bloomberg.com		https://news.google.com/rss/articles/CBMirwFBVV95cUxNX1JEcHI5amJrLVBtVzhLR3Z1RUs4OHI5UlAybnZBRWNVakVwODVvbEFCYlo0VzZzS3JscUw4eU56VFBXZlJBTTFXOUlwclFHOHRnaTNfVjY3WDRZT1lleHgzQlU3OXhUMk5UQnNTMkc4eW5XV180S1B3WWhVVlRBTzlUNW00TXRHbG5iaXJkLW9ZZG5NaTZaU1lxWkNBcGpZaW11UEFhY3paZkpuTmNB?oc=5
2026-02-23	Google	0.136	Binance Employees Find $1.7 Billion in Crypto Was Sent to Iranian Entities - The New York Times		https://news.google.com/rss/articles/CBMiiAFBVV95cUxQSnlzQ1lkdW5nTmhtc3JkT3BNWERLQ1p3VW0zc19WTGhESWZxVzY0V01jLWM4UFk2cUpES1lVZkFiVjg1VklJYnRHS3pkWkNFOS1hbXd4YmkybnA2SXhmTFJpdW1QWVRENGdaZHZkcW85Sk1iaWtJN0hfMWFDUmFQTUlUWmE2QU9D?oc=5
2026-02-23	Google	0.136	EU Support for Ukraine Stumbles as Hungary Looks to Delay Aid - The New York Times		https://news.google.com/rss/articles/CBMiigFBVV95cUxQVTZxcDhEeUpvVUJ4NlVyWmtaNnBMSUhLLWVXWGNMUEQ4SF9JMG5RVk5kRE50eEJ6eExITGp0UzZ5aGt2ODhCcEViUWdYN2JqWnNaR3dVV0JyZWVRajVoakJLTmRYWnR6SzBFaFF4elBURXE4cnM1bU9ydUltWUQ0WWNqMXNKOXVyakE?oc=5
2026-02-23	Google	0.136	EU diplomats scramble to overcome Hungary's threat to derail new sanctions on Russia - Yahoo		https://news.google.com/rss/articles/CBMilAFBVV95cUxQNWc4OEV0ZHlwVFlXS3BZck1GelJoT3Rid2lFVGRLZE1mSTZ1WjV0UXdpN19Qcko0bEkzSkszVzN4M1RpeG5iQ1ppSU90UkJjRkZtdXNhVkRscV9yOUhLYzFyNkVQaFRKb1Vpd01DV3d6YUpIdndDY3EwLUNsS1VhLXZNdVJCNjFuRUNhRTdxYVJMMkV4?oc=5
2026-02-23	Google	0.136	EU ire as Hungary stalls new Russia sanctions over Ukraine - TRT World		https://news.google.com/rss/articles/CBMiWEFVX3lxTE80WEtjRU1KNnE0Sktuc05qVk94eUxmNDQ5Z2RBSVF6QnRYOHVxc2Z5Wlo2RldNM1dNZF9POGZfbE5qN3dyT0xTMlk1bEkya18tdmV5TlRWZXDSAV5BVV95cUxQcllvSGNuX0l6U1ZCUGV3ai1OMFM5RGdWMmVEQnRCdUMyV3hFVldXSzNfTmtlT2JNVlRfMDUwLWtEeGZuTXNSNzJXNjRnTzdDM2ZYVFJBN0Y5RDRXTVh3?oc=5
2026-02-23	Google	0.136	EU ire as Hungary stalls new Russia sanctions over Ukraine - The New Arab		https://news.google.com/rss/articles/CBMijAFBVV95cUxQSUJuUUpJOUU1cTdPMnJwM3JINUdNQVNDMWQwRUNaNDhpMTJoM3JLdzgyQ0ZQdE9BY2tuT0p2eThrTndkNndWVm9HakIxQ05Ib25wT2NybjF4aE9WVGV6Nl9hdEExX0tHMUtTd2FTMXB6S3lBdnZONnFVSjFCQ0J5WmJNcGFTanNqa2RNYdIBkgFBVV95cUxPcTFWZWg3MUxDbnhZSWlHd2puSjZ0Z1g5enRtazU5LWo0YkZXLUVPQkZKSHVKei1aSEM2VGhJZmhCZmlXSGNHUXluMVdnMGVZQTEtNnlLaWY1M0xIYmt5U2JteWFleFJYQl9mVXN3Z0pGUlUxblo5Y2w4ZEhLbHZ0Y1NBRjl0dGVPZVE3RE8yT09wUQ?oc=5
2026-02-23	Google	0.136	Hungary threatens to block new EU sanctions against Russia over oil deliveries - Los Angeles Times		https://news.google.com/rss/articles/CBMizAFBVV95cUxPY0l2YXFhNHExemRmWUY2U0cwZVlWdmY2RzlxVldGbDNadFhGRHBJQVhCUF96R0F2Si1pNllkTVVMWTlFVU1ablVRcmJEZnFrZzVwZGFRejZXbUFpYUdhTzg5c2lRa1Z4dFhjcFd6U1BoTVFMNkVFanFNdG1xM3pDb0htY1plZWdxNDc5U0NQOGNoSVd5anJkcHN2N290bkNLR1Jub0Npa2F4LU9tbzJOcjZ3X29UbDVRLXdFS0RvNURjdUhJV3lhMkNFcU4?oc=5
2026-02-23	Google	0.136	Hungary to Veto New EU Russia Sanctions Over Druzhba Oil Transit - Organized Crime and Corruption Reporting Project | OCCRP		https://news.google.com/rss/articles/CBMimgFBVV95cUxNWXcyN3BPOXFFQWdfWjdpUlhsX0xfUU9sT040dlRDVGJyWkhZSXRJVlhvSXZReXpXZmdzaHNDbUtFUFR2ODc5bkNYQU9oOWY0djc3cEh2MTlZZC1NTzVBUTJybHk5NUZlSnlXZWJ3VkN5X2YtTDA3TFpDUk5YRTdxRHlYNW4yaHNWWnJ0WlZKa3pYS3RVeThIdTdR?oc=5
2026-02-23	Google	0.136	The Ukrainian Bureaucrat Working to Squeeze Russia’s War Machine - The New York Times		https://news.google.com/rss/articles/CBMigwFBVV95cUxPYWxKb2ZXdE5PU1Y4cV9NZURQajJvcmx0ODY3b1VUckJ6RVJLMkI3aDlCZXZhNVRtTVdtcmNMQjlJbDhNVTlqNW9JQnA5Z2tNWFhYRkFDUThQQXFHU3JJUzZjM2JCQkxJenM4SS16aG1MVWxzeGdHRGFZRExOOEhmeWFBTQ?oc=5
2026-02-23	Google	0.133	‘Capital One, your hands are red’: Boston Boycott, Divest, and Sanctions movement holds weekly protest against Capital One Cafe - The Daily Free Press		https://news.google.com/rss/articles/CBMi-AFBVV95cUxQZWxBREg4T1NLYi04dTkwRUEzMXZNaWs1Z1VkVmFlREowQTViUml2SWhZZnF0V2h0akNkOTFKZ0o2OUVrTzlFS2R5dlQ0dnRWV3d3QnQ4aWYzTVBzVXVuQndMR01QUS1NN1ZxdE03V1Fkc0JKMFFXZkl3empIVVBZM1FmdlpDalB5d2cyVC1TN3dNZWVIeS1yeEJjUWpmN2ZHTVZPbFdmcVl6VkI4OTBsVnRfYktBYzZzN2NDTkRoUW9vM1J6cWZKcXRScXZWT1pWQXVRaGt6MXk2RjFWT1JzTUpzR2JVV1R0N1VJbG5Lc2NyZUF3eW9lQQ?oc=5
2026-02-23	Google	0.1	INSIGHT: The key flaw with modern sanctions screening systems - AML Intelligence		https://news.google.com/rss/articles/CBMiowFBVV95cUxPQTM5Szh1bjVsUlhTREtRQkcyS1VBdHpWdTBWclcyQ0p6aUVNUkR1R05kSmZ5ZHNndHhFS0c3WmMydzE3QVViSnlobDZyZkEwcHFJZ0lZMVZJT2pfYXlxejk3N2ZIeHJpR0poNl9MQkxGM0hlSWttbDJJcEJ4blc3TUVEV25XNVd5N2JFUGFxU2FMX2FnSUtiYVNTckM4TDNub2dv?oc=5
2026-02-23	Google	0.068	Double Hungarian veto thwarts loan for Ukraine and new sanctions on Russia - Euronews.com		https://news.google.com/rss/articles/CBMivAFBVV95cUxQOGR1U3lQNjNxdDhfUTZid2huU2k4U1d3QkprNG8xbmxtc3V5dUhJZ1RBVTNsRlBJZDZ4R2dUTHlINVg2X1BsRkZBWjR6VjF4bTFWYnBGdnpWRE9QUkt4WFB5SU52U1dQQ3BDb2ZORkdDLTJjS1RQWmwwTlp3ckZjajI2LWZsYkVUWWNZbjNNTktIX1NsUVlsWkc1Um51bXFkaGI1VkxPTW05UGc5UUwwVDhVdzJuX3FHQjhGbw?oc=5
2026-02-23	Google	0.068	EU diplomats scramble to overcome Hungary's threat to derail new sanctions on Russia - Daily Sitka Sentinel		https://news.google.com/rss/articles/CBMixgFBVV95cUxQdGNQOFBqS0pjT3k0ZmpKaDFMSmZPLUNjRFpmNzdmdFpvU2pvYjNwNHRkaUNINmFHc3lWLS1xR0h4X1JYRDdVY2tEeGpKQ1A5bnJfTURFeUJ4VWFFZlpCZEU1U3BvaEE1WVFndGs3cEFBbFhfVW11NkVBMTR6OTNCTTJVR1NZdnlrNE9NbXRmZ0FUdnV5Y214bUpvb3RRdG90V3hMVGhLOUJHaGFzeDk4enFEaU5MdnotX1NGb1FRcWZtV0ltcWc?oc=5
2026-02-23	Google	0.0	'We serve humanity, deliver justice': ICC judges, UN officials decry US sanctions - The Jerusalem Post		https://news.google.com/rss/articles/CBMiX0FVX3lxTE5GQzZsVXBYWnFjX0FnQzJlSjlJWHpQd0lreEF2S2VxVG9EMEhEMkMxaGt2Q2hURjJ0RjJEaFN3ME9zVHNqejFJTjhBZkVHdmhuQkpma2hzSmtnY2ZZTU1B?oc=5
2026-02-23	Google	0.0	20th Russian Sanctions Package Flounders on Internal Divisions - Caspian Post		https://news.google.com/rss/articles/CBMinAFBVV95cUxPNDRjc05WNXRONl9mbGMtaGVnZVJhSFlGeS1qNmpkYXFVQkhKSEtmQVBmeUo4NFBDWk10NU03Vl9SQW9fbWtIQUdXX282akxUZ09rN0l0TjB0a0pZZE92b1c3d1lfQ19HZ0lKS0phMTM2UTVzcmxQNkVOcmJhdVh4QWxWX3Z1cFBPZFl0dHJ4aW1OSWZfZkx5dU1pUTI?oc=5
2026-02-23	Google	0.0	Are Poles freezing to death because of sanctions? We fact-checked the claim by Belarus 4 TV - Беларускі расследавальніцкі цэнтр		https://news.google.com/rss/articles/CBMikgFBVV95cUxOTUVINUs3SzRweWhfWnJjajB4UElrVVhaTk83WlVkdjdOWkZqWk1vT0dXWjNqUkJTTDBiVnVwbU9wcnhNTngxU2lCTllSYlU5cUFzaUFxaWtmS0YtQ1N0YzU4Umt2dXF2RE55VWFULXhtT0x1QXphTWQ4d21icjhpbWRib1RtUTk0SFdxdkZvcmxQUQ?oc=5
2026-02-23	Google	0.0	Binance Rejects Sanctions Evasion Claims, Reports 97% Drop - CryptoPotato		https://news.google.com/rss/articles/CBMiigFBVV95cUxQb3pTSnpLWm9CaGl2TUF0RW5uZlczSkl5UktUU3ZqV003LXpKOHFOR19rdVZsLW5uNWstRzk3NmRhLWM2dzFXaGM3WkpJeThrUjdOV0dTT0ZsVVlPbmlqNFNIZHZWaXZRMDV4aWFrSW5HWE80RExEY211Q0dkN1p6anlzbVRTc0RvUWc?oc=5
2026-02-23	Google	0.0	Chevron in talks for stake in giant Iraq oilfield after Lukoil sanctions - Financial Times		https://news.google.com/rss/articles/CBMicEFVX3lxTE9SZ1FwX2VkRWdHVTNMazlNaU1UaU1FT0UzMnpmRkFTSG9MbHBTenMtRGNEY3RyME5YTTNHcEVtYVJmR0J4Yk9lWkt6V3JhRUhuS0dta0FIbE41T1dIUzhUOEhnLTlVclF2Qi15SDQ4eUs?oc=5
2026-02-23	Google	0.0	ECB sanctions J.P. Morgan for risk misreporting - FinTech Global		https://news.google.com/rss/articles/CBMiiAFBVV95cUxOZnkwV0sxWDhHTTlBUUoxTU52ZmVxZHhBUHBLa2RsNnlRa3lTVlVGeXNjRnZYczB0MlJ4UEM0UmFJSzRVelRuZGNCQzQwXzlkVTh4Wlo0RjRuT0ZjRnpWU3VWWHJ1WElubEIxMlhpaTRrMFZwVm5XSmZfR2t3Yl9Bem9EZ29NaDFC?oc=5
2026-02-23	Google	0.0	EU Extends Sanctions on Russia Until 2027 as Ukraine War Enters Fifth Year - UNITED24 Media		https://news.google.com/rss/articles/CBMiugFBVV95cUxPb1dtbU9YWUduZ2xuSG1ndmpSMnM4ejkyWVFUeDRENHpCemhFZHZjejhfQWphcVZzWEUyWkI4TVJvclh1M3FwU2J1UVdYWmpnUUNkNW00LUFfVUN4OXlEOU9xaHowNFpVcEFDVjdtSF9XYzlSZXZDLWQwdWlhRHdmQlVObUxQN0VmMFFvb0NCSGVXaEhaS1dhX1VYODlyUmdPUWZBTFhFWTlmRlFUakp5am1wanV2Vmplcnc?oc=5
2026-02-23	Google	0.0	EU Not Likely to Agree on Russian Sanctions on Monday, Kallas Says - U.S. News & World Report		https://news.google.com/rss/articles/CBMiuwFBVV95cUxNWFZGaHBvQXpveDhrSFB5RGgyOWROVWhjNWwyUW44Zk5vSFhaS1NMWlJNZUxnVHNYcVI3WEp4WHloTUZkN2R2WWFmck9vaEpPb1B6X000WUdGVEV6ZmhWSVJHcDJYWTFmN1dPZW5uWGNZNVhIa1JVV0hLSE9aZlk3emFIaWhwenFWU0tEWWlkcXdQaUt4YzZvcHFqcTdvcVh1aDUtdzV3WGU3REZDME1TTDVFZnBNTkhKM2Fj?oc=5
2026-02-23	Google	0.0	EU adds eight Russian officials to human rights sanctions list - Reuters		https://news.google.com/rss/articles/CBMivwFBVV95cUxQWlVac0pHRmxlMWt5VXN5R0lKUlY1VEk3S3hIalBQUVBWcTZqRmdKZjkxbWwxRkJUNGVtbk1mOTZaSU91NkhiZG9BbERXYmI0WXdxR2RlT3k3SElHSmo1ZlpnVlowRjZnSmdlaVFXTTBZeUZrYkpETlpwckdaellLTlZRSmFRWUVJM1g2d0lybm5SLXdrMlN6YmR4S3Q3azcyZ3hXNTdjaGJhd3FURjdWLTRHVkNnOXhHeXVGR3JKVQ?oc=5
2026-02-23	Google	0.0	EU countries furious at Hungary over plan to block Russia sanctions and Ukraine loan - politico.eu		https://news.google.com/rss/articles/CBMijAFBVV95cUxOT0pmWXRvVUQ3bFRqSVlEbnJldFVmSFE3di1DdzJTbVBXZnRkajRaRjNOaVBGVW1CSTA0ZmlqaFNxbzF0T2FFelJNYkFQTWxUN01PYUd1QWZ2cXczZ1V6dDhBeDZJZlhwNTdwdXdIYzd5VVZrTmNyZ0VYYzN6Tmp1UWkwY0hsRUsyazgxUw?oc=5
2026-02-23	Google	0.0	EU imposes sanctions on 8 individuals involved in human rights violation in Russia - WTVB		https://news.google.com/rss/articles/CBMiswFBVV95cUxPU193dmZ1VWlla0FyWUhzbm45bXoxeWR6UHM5RDNQWTEycURoMUxya01IeEFLclVXUkNIV1hGcWpwaFhhRUNDcjNvbmZmRWtnSFgwSUhuMUV0ajJEUXRUN2ZrMnNXVW45NlB0eWJwS2VqRlU3VUw1OUtDM056dWxaX3huOUs1aFljTjBMZmpzMXJaekh1Z3NYa1BjRGVaU1lPYzFvMl9Ua1ljNW5xRE4wazhpaw?oc=5
2026-02-23	Google	0.0	EU imposes sanctions on eight individuals suspected of committing human rights violations in Russia - The Jerusalem Post		https://news.google.com/rss/articles/CBMiX0FVX3lxTFBqdFJZTk03bk9sTUttOFRvdEFpS1N2aVN0ekVLV3YzTjhqb3dqWVlVVUIyZGF4Rm52c0NnN3VMWnJnelhqZ1R6RlVtbW1mSEtWWVdNbk5nZkFVNXlGWWZn?oc=5
2026-02-23	Google	0.0	EU not likely to agree on Russian sanctions on Monday, Kallas says - Reuters		https://news.google.com/rss/articles/CBMirgFBVV95cUxNckpSZllDMFVOSlF4amVGdmlZc1JiZnpzS0dUdURUVUE5bzhPcVYtNTJidzhqeXRKQ1JwYWpabXVQcEU2Y1JwTENlQ3BhUzd1eV9ZaXg0TU9hTEl0WWNSSUVvX2dpazZFOHNzNnVxTDZOQktsdGVTYTdrakdjamN0UkFGaV9lNlZMZGZHQWJuUExIS0haTlo4V0kzdzVrajlMMG4xVWhOWkpMQ09uenc?oc=5
2026-02-23	Google	0.0	EU sanctions Russian officials as Hungary blocks funds to Ukraine - Al Jazeera		https://news.google.com/rss/articles/CBMiqgFBVV95cUxQRm83Yy1WNWJoaUQ1TzVZcUJnYzZwM1JpazlwUFFveDYyMW1tQmxxSG8zVkxzMV9nWHVIakZ6MUJGS0RtRkNzQmVrN3o4QWt4b01tOGdIeHJhTDFnb3pmVmhFRTlDZWVLSnZfc0tjMFpLUHdvUW1FRHl4QkdGd0s3aElBTnozN1d2bGtSaXZwVDlWZHBGalFGQkpNZFVtbTBWLUMzWVRTaG1vd9IBrwFBVV95cUxNdmhoX2IxSTIwcUc5LW1uSXlyXzhLdTZrSkdsNU5qS1REc29oc2V1MjVHUVlOREtTbjNueTNKNVFmc29zM3M1N01KREdoUXVCVmlqOHhiN3psLUFoaXRCY3l6QzdDdndWOS12am10ei1acUJLZ0J4Y2JjT1JMWm9kWHFZVmZPa2ZOT0Jqai1IZUg5LXBQM1ROeFk1QThQQkJ2Y3NoNndFYjBaNEc3WjV3?oc=5
2026-02-23	Google	0.0	EU sanctions push stalls as bloc fractures over Russia - TRT World		https://news.google.com/rss/articles/CBMiWEFVX3lxTE56VFhRdllEVmhhV2lFZFQwLXN6aEp5T0lrdDczd19HX1dYQXM5LUNSc213QVpBZkZuUVo4VXBHTXN0dW53eEhlNUtWWWhjd01KM05ETnd0OWLSAV5BVV95cUxQWEFYb2plQVEzQlQyakNMd0dnNEpJQVlKYUxfYmtES2JwRGV6c0lxaEx6VHFRTG9SUXBMSDhKRzRRb0Y4eUExSkQ2aEtfN1dZcWlmY1FDSVM2eklGR3N3?oc=5
2026-02-23	Google	0.0	EU to overhaul its Syrian sanctions regime - Euractiv		https://news.google.com/rss/articles/CBMifkFVX3lxTE1fMkFxYVZRcWs2dkF3LXpmaGVWNURkbkhPVkNJRzBaQ3dtUS1NSXNtdUhpczNndi1kMmpEaVdjVUxJXzBoc0hyZHBVd1BTcnRaM2YxR1pzRmlnZ2VGSHBsUVR3NmdVYmVEQnlsTlJIY2F6TS1yNGpYbTVxOVhNdw?oc=5
2026-02-23	Google	0.0	EU to push for lifting sanctions on Venezuela’s interim leader | Daily Sabah - Daily Sabah		https://news.google.com/rss/articles/CBMiowFBVV95cUxQQXJQTkxzMDBRSzZuSGVQdERiYzhMeE1hVGh3TEFnaGNJOVpyMFd5aUN5SmhZaTFtd0JKb0R6TTI2cHdmb1JfSFZ3Z2tPbXMyd2ZYMDE1c0RSTHlZNkZWc0ZuUDgxUFhJaFEyd1VndzA5a1dXVWdaZUhJUDlVSkdCMVpUMUtXWVRrNHRaS0h0ajVaSDU1Q0s5cTVYWEM4SUl5OE5R0gGoAUFVX3lxTE5vQ2pOazVkT190OHM4VHZqejdWZ0NWaEFrSVRCY0NlRmRGY0ttUkpxdk81d0dLTjVJLTZwMXBPWjNrbTduZ2YzUUc1N3BmNElrY09WTkl2MzFWbTIzNUc1RnZkbjRtMVRpT3JFenJGUmQ5LW0zSjJpaFBNT243ck45VTMyNFB2ZUpCYy12SWZ1N2FKNV9RTHQ4MnlKeURlMVZ0cnFmQjNHaA?oc=5
2026-02-23	Google	0.0	EU's Kallas says will propose to lift sanctions on Venezuela's Delcy Rodriguez - Reuters		https://news.google.com/rss/articles/CBMivgFBVV95cUxOOXFoTWU5eHVxQkNLNFY3eEZVM2RVeGZ1TGliREVlT3NEM3dwNnV3NWhUdHZvczBUeW56aUctbnpaTDhPNmg2OGpOODhqMEVHcDJMYkljVFJMZW1CUXB4QWNCcVh5d2g1blRFdTRDVU5MWXZDU3NwQUdYaHpuVjlvcG1CN0hDcUgtdnNSQ3plLTZXc3dZa2dWaWppWkZnblZwS2hNVWxJM3JrY2FmM0Y4WHFESS1yNktsMnEtV3RR?oc=5
2026-02-23	Google	0.0	Efforts to Protect the ICC from Sanctions: Dialogue between States Parties and Non-States Parties - Opinio Juris		https://news.google.com/rss/articles/CBMiywFBVV95cUxNTGg2eXlYazlDZ3NEQlVfNDktNWZSdE5xUGpWOXBuVkhzc2c5RWpJNlFoNzBndkpud0lxcTNnVzQtSjRERGY4LVFORXRta19JaVo2Sll0Y3dXQUtHbHd6N0FUaUczUEZKWWR3d1FPX1NrQUwzNF9sMWh2QzFaa3VKcUtLcTVvemtCT0U1RTh5MURLZUtzcGRnay1xNzkyMGFfNzFwRGhHb0VaQ1dHRDlkZ3RkcENGLTZWek44Ukk2TDRKSXY4UmswQmlRMA?oc=5
2026-02-23	Google	0.0	Elliptic flags Russia-linked crypto exchanges over sanctions exposure risks - CoinDesk		https://news.google.com/rss/articles/CBMitwFBVV95cUxOUzBDSmxlbEhubkhEWVBDRklHSW9MYnB0ekQ2aUx1R3VlOEsyUS1aWFpiX25oNktRWFkzSWo0WERRR0Q2RW1mYTk2aEpObGNBVGF2U180MlJER2p6d3JTNlNQRTZFNGJmeV8xWkFWU2p2R3MycTdObzd6Q0hyZVJzMHphUnVIM2JMY1NhbmhaeUF2UjBKd3NpWmdsSEt2LXRObmtqVmNRYzhZZ0I1ZHpxYWxCOEpva1k?oc=5
2026-02-23	Google	0.0	Global diesel flows further reshuffle on EU sanctions, discounted Russian exports, data shows - Reuters		https://news.google.com/rss/articles/CBMiyAFBVV95cUxPbWdFZWJYSFo4QURjOEw3TVRmaXBNMWE5Q3MxTGlrWll0cWFOcHFIbUUtMnBTdXNxcHZCd05reFdYMGhaVXpaVmRoQVZSLW14dVE0MmlfQW1zeTQ2SEliTVlxeVZHSHc1cFh6bUI0cHhQbDNtaVBTaF9aVURHRFplc3lJOHF4YlhKcUVELVJibHRQWGh6cGhnTmFWWWtSRGtUeDBNd1R1bXNyc25FZ0c4MlV4NUVtNTJqLUxRZWFQR3EzSU1CcXBVQg?oc=5
2026-02-23	Google	0.0	Hungary Blocks EU’s 20th Russia Sanctions Package Over Pipeline Dispute Ahead of War Anniversary - UNITED24 Media		https://news.google.com/rss/articles/CBMi1gFBVV95cUxQQWFzMHhWeUhDVlRTYmlBeVVsU0duMzg4YXZudHNCX1RsNmxzYUlhVGVxbnpuMXBoZUVRb2pYdnMwb2tEU3VnVU45ZjdyWms2TTRha0RPUnhEYUNGeHpDMjlMNl9DNHk3ZmhQNjFNVGRVVzJteGpiOFlsUDhTLS1pS0lQeVZ5dnhFQlJrTDRDZDlXR2p2MWpiV1M2ZWozUGIwWVVnaS1VcnFPazZpYWZjbjJ3a294N1RRaE5jejVOU2c2bl9uaUxnQndCQWlQTHlPaFJpSHJR?oc=5
2026-02-23	Google	0.0	Hungary blocks EU Ukraine loan, Russia sanctions on eve of war anniversary - France 24		https://news.google.com/rss/articles/CBMiuAFBVV95cUxOaUVVTDI3Nl9HUW5DZkUybmZHdE5YcEtsMC1fNDE0RmZFNldJRWJ1MjBKV1JMWi1DSGhWVHBNa3VySzlSWVpmQ20wSGE4aFJhaGpLc0ZuempmNVI5ZjRGc3BMYVl2VmVIRkZoRVkzRU9mbXNOQ1lLbXFiQUljc2cxcHZodVBGTnVjeGdibDFHbnJsZzJObWlXVHg3dW5SeS0yMGtaUU9SaWNJeDZjQkZzdWxiU0dQb3ll?oc=5
2026-02-23	Google	0.0	Hungary blocks EU sanctions AND $106 billion loan for Ukraine, risking a domino collapse - Euromaidan Press		https://news.google.com/rss/articles/CBMilgFBVV95cUxPT1c2OUtvRjBmazBGR05ReHRCTXVvRGp6b0VIS01UaXpxYVRURzh4ZUpKOWRSSllCVmZ2UzVyeVhFRU5qQTA4N2MzZmw1d0N5WTh3aVB5dHphS2JGY29yOXVHVTVrQzdpWEFRaVAzb0t3bWtnbDZhZ3I5TmVacjVrbE9mbi1YNjc0TUk3aXZNUV9DZi1IX3c?oc=5
2026-02-23	Google	0.0	Hungary blocks Russia sanctions, EU cash for Kyiv on eve of Ukraine war anniversary - Reuters		https://news.google.com/rss/articles/CBMitgFBVV95cUxNNmViZllwQnZMVDZPcGZZOFVwYnZ0Ykl1OEVuTVhjYkpHRi0yc0xJaE9VRnlaMUlKQV9VUjdaSVRJV3FyYWllYTJyb1JvVEZRR0s1X0NMSkNSYU9uaFQ0blRYOHFQN2Y3SDFoek91b0N4NzFRNWdYblFJX1RrTlJ0cjFfSUhiTl96ZV9mOUZYNHk1eW9icjkwUFMwdHlYRGdSWjJGRE9ZWUtQNzc3TG9wX0JLVW1NUQ?oc=5
2026-02-23	Google	0.0	Hungary vows to block EU cash for Ukraine, Russia sanctions - France 24		https://news.google.com/rss/articles/CBMiowFBVV95cUxQYnhpalFrM3BDU1NpX3hpQTlvcHk1NzF5SGJ2cWFJOW1KSjFCZkt1dXhkeklFcDczQmVQZGQ3bVRfbVkwZVNXaWdkbDd4VVNKaGF3eDhaMlBGWVRpd0tXay1vS1VZS0JVZHBRT1NlXzRyV2xVVHBELUttZGIyanZtRWJjUDBVeTJ0Q20wX1ZVdVBPUGlWZVB4c1VrNC1iMTJkVUxv?oc=5
2026-02-23	Google	0.0	Hungary vows to block EU sanctions on Russia on eve of Ukraine war anniversary - WHTC		https://news.google.com/rss/articles/CBMiqwFBVV95cUxNV1hfRF9vZ1lIbmlaY3ZfMzhCRjlzRWgyQ2cwRnY5dnVTa0szYzdnNlZabzZncGxjOF91cXNoMHJIMWdSMDJHb0FsLXEwSi1zSWNJVUZZTUMyU2prTkRLS3hsenNDUVl0dC1QcEVPYmt1YWc5bUNpM2QzSHc1QlM2akVLaVFDa2hleTFPa211Um5lY0FwZzA1R1VtcUpzWkdBaVBhdGg5d1AxV2c?oc=5
2026-02-23	Google	0.0	Iran Signals Readiness for Nuclear Concessions if US Lifts Sanctions - Kyiv Post		https://news.google.com/rss/articles/CBMiS0FVX3lxTE9kNW54MXlmSWFocWNhTXhfWGFZNUdXZ3d2MmNtWk9xVF9xZ1hVMDllVXpqRVlXYUU4SHVtUk5NYTZKN2hHVld2SFdWZw?oc=5
2026-02-23	Google	0.0	Lithuania says EU must not become ‘hostage’ to Hungary over Russia sanctions - Anadolu Ajansı		https://news.google.com/rss/articles/CBMitAFBVV95cUxQdmo2aGtCd25lVWJwWTlaa2ZrM1FWdXM4aG1reWhoT2dEZURxNzRLU2FKZ2dXdVd2cV9pSE0tak5hYXFJTWNNR1ZHejNnbWhwRTdoQ0EwZVVxN0JLcmM1c05QQk5FTHNjY0kzR3hCbVN1LWpnSk9leF9McWJjdVhzcFVNaFNDUUREZUpqVDlpckNwNWNCNThxQjRWVFJGVnpYSXh6cE5nYVJZUG1lSTlDeVN5Tkc?oc=5
2026-02-23	Google	0.0	Macron Urges Trump to Lift Sanctions on European Officials - اسلام تايمز		https://news.google.com/rss/articles/CBMiowFBVV95cUxNZU5oVVBJOXMtaDF4MFlBaC1wSl83YTBkSDhndHVHbXFpNDBCNHF3d092TnQteTZpQjQ1QkJvTldsS21peDZ3dVMyMGxIT0g5cmEtWFRPMTdHTXpWYVBsb2o3aS1KQjlQWU5vbW9faUlMTXV2LXJQdUQ0ek9fX0ZpYU5IdDBkalZhZ0hPUUdnblB6cGZJeGRWSnpSX0h2VENYYUN3?oc=5
2026-02-23	Google	0.0	Macron pushes EU to advance 20th Russia sanctions package 'in coming days' - Anadolu Ajansı		https://news.google.com/rss/articles/CBMisgFBVV95cUxQU0U4NnBNU2FtNVlhZ09Zb1BSWjUta0tKd0xCYnRDQ0diUTc5U1YtVm5DT3pXWlY1UzU3VzVqbGk1Q05HbmE3QkRGN0NyTlFHR0ZHZlBkLVVTLWxNSG5NMHc3LTVfaTQ2NWVqMUhsdmlVTFRLTnhuRDc4VHBQQnFLSnNITFdwYXJHdU5tSXhhdXR1YUZNZURwYUtOaGN6MDZfYU5VQTRWa2N0RUI0YmtSTXBR?oc=5
2026-02-23	Google	0.0	PROCEDURE—4th Cir.: $57K sanction against employee’s counsel for baseless claim reversed - VitalLaw.com		https://news.google.com/rss/articles/CBMi6AFBVV95cUxPbUNZWjNQV3dkd2MtVWpBZnBnaERjUmpEODZxMENQMHlBa3llellzLWJOVG5TdlpyNnAwSXFYcHNlRUgzMERjN295bFVjWm11Y182em93TVJ6YkRsbDFLZkFlSHNaZVFMdHFqTV9IZFRQVi1qa2pGUjBGd0tyMURhTkJNTmJISkk3OWItR0NKcmQ3TzVSMUFFTS11UFpOYmVqcVd5UzRKdHVzRkVSZTVVM0drVFpoamdZTGlPS1k3TU9Hd09XT2ZxYXBmUGxCaGN3ZXVESE9nNmxrTjFMdC1hTFlGeEhLRHpl?oc=5
2026-02-23	Google	0.0	Sanctions Policy Developments Offer Insight into U.S.-Venezuelan Trade Relationship - Wiley Rein		https://news.google.com/rss/articles/CBMioAFBVV95cUxNX3IzeGtJZU9rSlk5YWJQVURnU19LZE1LV1dodXptd1VvZGJHbWRXOHdhTlpMRFRod2JNUk9GYmQ0a3dwbXBGWDVtNFVzb1RhUDJwajVTVlU1UmVmU0NFanl4WEg3MHB2YS1JbkdhNER2NkxOQ1VlZlFaM2d2SjhUdXl6NlhVQW5GZ24yVEJyeEFIVllXdmZCak1JWHZoLWl3?oc=5
2026-02-23	Google	0.0	Sanctions, tensions — and a birthday at the FAC - politico.eu		https://news.google.com/rss/articles/CBMipgFBVV95cUxNay1RSVZvS2ZnNVJiMFdjYmxiTjVLVzRYZUtVWlJieUdqODR4S2JmMjBOSVRCODZ0dlo1UXgtdUpxbjlaekUxSTlPaFpPaVpyMlNWM1VId3RFMEpJS2d6bFl6VE92UHIwdmVNb0k3d1NlRFRIY2RkT2d2X1V6UjVJakcyVnRHMVlGSlZzSWp2ckd1aTJENGVUdVR0ZDZrR0FwUXFHTmNR?oc=5
2026-02-23	Google	0.0	Sanctions: A War of Attrition Between Russia and The West - Royal United Services Institute		https://news.google.com/rss/articles/CBMipAFBVV95cUxONTAxMTlpZXdLNmZYSFRGVU1KMzlVYnBPZUxhTjNsX2JMT1p1TnI4WXlleGRyZ2xaOGw1NzY1RXI5QmMzSjFubDZEb3JaTEdkX29zcWpYRm1kWFNsWVdjUENVOHRyMmROQXJXX1lPa3B3OG5LSVRfem5XTzA4WUtWcE1mUWdDd0J6dXRDR3hoNDFUT2JLWDMxYkdIc3dPcVp0UmE5cQ?oc=5
2026-02-23	Google	0.0	Spain pushes EU to lift sanctions on Venezuela’s interim president - Euractiv		https://news.google.com/rss/articles/CBMinAFBVV95cUxPSTFoUEsyUFhfeDdHWTh0c3RadUxmbHpIcEdGNnV1QlhibF9jZy1XdWhBM3hZWmtOSjRfWFdwLWRoazdzRkZESFNMa1VPbGczckV1eVV5Sy11UTlCVHFFdG55b25mcmlLRFFUeTdTSkM3bnhPY2NJcmlVSjdkQ0UzU1VvNERMU1lwQ3dUSXZaX1gxa1RFdGkxOUlqVFU?oc=5
2026-02-23	Google	0.0	THIS WEEK: Clock is ticking for Russian sanctions deal in time for Ukraine war anniversary - EUobserver		https://news.google.com/rss/articles/CBMivAFBVV95cUxNbWJkZHdGLVItYTMzckRtZGJwaGNmMWxhbEd3OVZ5MHlIWDlkdGFUcjJJU0VSQTRhemkzTmZaQ1g1TzVHanI1ZzZJRnp6M01heWRqbUdXR3U2QzJCX284X0xNNDVQQjNtbVNza25PVE1iaXRZY0ZrVldiZEl0dTExYUZ5VDdCM3V0QmVzOHNmWFFxTzFpN0ZqNUdpU3k0LVhHZU1pWlllQjZHQnVUQ29uZmlwbGJNd2ItckJaZw?oc=5
2026-02-23	Google	0.0	UK Government Seeks Evidence on Ownership and Control in Financial Sanctions Regulations - Crowell & Moring LLP		https://news.google.com/rss/articles/CBMi1AFBVV95cUxNQVJkUkdmY1ZQNTJVSG1wMlVyaUZHVGFMUG82YndueGZjRkdTYUJhcU9xMlJ1N3hvRUx6NW1CdXBCMF9HZ09zU3VYRjlTZW5WTlVIckZlb0Z1LUxHSW1fSGxpeW9aNlU2bGpzemJTcjNFakxxNjFMYzBaVHp0dkJsRklmV2NMeU5OT1FtN2hwSHJTM2k5UjFTclg4VHNjemo3dko3VXU1T0JTbWZxczdvdXJySlpWMXlKTXA1Ri1TQTJGTjhYMno2LWIwek9STU5ib21wcg?oc=5
2026-02-23	Google	0.0	WV congressman urges sanctions to end Nigeria Christian persecution - WVVA		https://news.google.com/rss/articles/CBMingFBVV95cUxORWNDRFFZd1lINldxNldxSWtPX0JJcjRZV3R2Q0tOMFY3VUpJSFowbzh4NF9YVVVCTzBLR1FVUkExWW4ybE1VS0FXZ0tKNTU5eUc3UmJpSTBXa3RXRC0wQVJoRkpjbU1lYzRlTFRtWERmWS1JS0s4QmMtaGhjT0JpUlI2dUx2RVA4Zk1wOXQzSFRmZUFlQXQydFlOUVNtZw?oc=5
2026-02-23	Google	-0.05	Sanctions, Seizures, and the Limits of Maritime Visibility - gCaptain		https://news.google.com/rss/articles/CBMihAFBVV95cUxQUG1STV92Vk9qZG4wZmJyUlY5bXFZcW5OcTZLMVVuRDZPNTRUX3RwWXQwNjFrYnhZTFo4czllT00xdGlDOFZNRGJUR2hlMmVpamUxbndKNG5LdTNHYnNMb3ZKM0RtaXVqMldWQTJwa3ZIN2tWWTZHSTNfU01FVWVwMWxBQnE?oc=5
2026-02-23	Google	-0.057	EU fails to agree on new sanctions on Russia ahead of fourth anniversary of war – Europe live - The Guardian		https://news.google.com/rss/articles/CBMiuAFBVV95cUxOeXBOVXBFMEVYTDNXQU5tMEVfdDNhRXN2SVZPSTRZLUVoSDIwa3ZCeUtKQnhUSXJiakhmd1hzbDdvU1lTbmpiUVJBNlpXR0lxTEx1TThaSk93NDEyTW1wNlhSLVdVY2dZdUJ6VmRDaWZZNjlDS0NOS2U2UkIwVmVUQmh0R0pyZXhUUE51OGdRS0wycHF2SWZsZTUzNFNBX1RRbzh5ZzdLR3NUdHVkaXVUS0JJWlh3SkRG?oc=5
2026-02-23	Google	-0.062	EU Foreign Affairs Council to discuss 20th package of sanctions - EU NEIGHBOURS east		https://news.google.com/rss/articles/CBMirgFBVV95cUxOTl92RWlXbTIxWEVfclNpbmNNaDJ4VWpHVTdlMUlHNkV0QndrdzVncVZqNnEzM0w0a1pSenp0cjBHcER4TjM2d2xUWXdOOEtuek5FR3JGc2ZGQWNSekdscWliM3RLVks0UzdlTVN5a3RVaDF3a3pINFd4dDQtdXlUZndtMGtteXRQOVRyVi0zcGM0ZHhrdENOTnpCTl9QTV9tSlk3NUpCTGFWMXR0SFE?oc=5
2026-02-23	Google	-0.1	Poland slams Hungary for blocking sanctions against Russia, military funding for Ukraine - Anadolu Ajansı		https://news.google.com/rss/articles/CBMixgFBVV95cUxOX3pVdmg4cy1vY01wZnl5SS02NEZySFdOd3lOejQ2TWx2R3pOdDVTT3dLckhZQ0ZEX1hKaUNzWERfUnA0TzFxeUtaNUdPYmtRTjFQOXBwOHRQc00zM0dNdXZDNERPdHl0cmZWckdvRExNQUVhNnZibnA2bV9CeTBPeXh2YWF1ZUhGY2NlVVlQcnBiZEdzTzZUVUhRMmR0ODhSVHR0cWNtb2RKOGE3RzN6TVlRckd2MXYtTUhjRHBkTkZUWmo0amc?oc=5
2026-02-23	Google	-0.163	EU fails to pass new sanctions targeting Russia due to Hungary’s objection - Los Angeles Times		https://news.google.com/rss/articles/CBMixgFBVV95cUxNc3YwQ0VxcUhIWndZSnM1YnNiYmhnUndraExzX1A5b0NiNFloZV9UMkg1djg0ZHBkYWluSVBlZUlKUnZabW9PS2tiOUhPclc1MDBFQUU5X3JPaVpGX3JKYTVPY1hBclNPWUdCdEh0cDExZ0R2Z3UwMkg4OFVjaU5sc0ozTnVEUG93WC1KVHZOVS1za0VuRmUzRjQzd3BURGM1VXZGbk03UGI5bnIxWFBaVWJrN0xPZEJjN2JrQkcwR2RGYXcxc1E?oc=5
2026-02-23	Google	-0.182	EU fails to pass new sanctions targeting Russia after Hungary objects - AP News		https://news.google.com/rss/articles/CBMirgFBVV95cUxPaFFuY2J0QUd3eTZGTUlGR2JPTU9aNmZqcVpzMFhIUmFTYUp0V0pqWTVCc0Jsem5pZTAtWlJaakNrMjBTaWtWX19PV3ltRzk5c1c5OW00VWM3aWhTSDVlU2xGYVdfSExpaTRONUV1QzhubF95bjVMaEVlOVVQZ294UG9oX00ybnlGb3hod2JmelpnWVBvMFE0S1BoWnVTejJSSVNHbE9ET2EtZXNIZVE?oc=5
2026-02-23	Google	-0.182	EU unlikely to agree new Russia sanctions as Hungary blocks deal - belganewsagency.eu		https://news.google.com/rss/articles/CBMimwFBVV95cUxNTnIyOXFQMkFicVljM1J4OV92RjgwZU5SSS0xUnY0MjNoU0V5TG4td1dSTGtnTTF1bUxWc21YX3IxblVOYjNGNDdZVjZxM194eHE5MEFtTGc1WGFnRWh1VmJvLUxDXzVRODI1ekZhY1RfeEFtVmwteW5OcGsyejBMeXZQR1ZQc0dYcnpoM2xmRURMaWhRM0pfc1ZNQQ?oc=5
2026-02-23	Google	-0.25	EU fails to approve 20th sanctions package against Russia - Ukrinform		https://news.google.com/rss/articles/CBMisgFBVV95cUxQemdteENpcndXcURhQ3lKeDdpR01HVWEtejJESUFWQkZqQ0JuSi1vekIzVy1mRVZXUFZmSnZSMVczRVpNTWt0NGMyVDAwYllqdHgwQk50MEU4SmhneGtjcVg5WTcyMnFPcWtLMER1QmExT2ZEdExpRU5Sekoxd0VSeGJjazZhUGtPTmNDXzRCdXA5UUE3UTBYRXlzV3Z2TDhDR0g1U2U5dm1IaHo3eDdVM1Jn0gG3AUFVX3lxTFBQVHhrYUJsWUdxcVFSRF9oRjdGUUpaXzVJZEFCbV9XVkRmYXZqSVlhaVZXVVlfMTJxQi0yNENGZV9BbXBRVmdGUXRaYURHVFBSMGpNZ0tnZHdnV0JQcTl3ZzBfUWtQTkVnZG44blhXMTBJQlcxc3dFZDlxQkE2WnZMQVFkSGtWNG5Tb1lFaWcxbnNaQ0dnOWJKQi1YbXEwU203RzBveFN0Njk4MzRHR2Z3azNSM2drQQ?oc=5
2026-02-23	Google	-0.25	EU ministers fail to clinch 20th sanctions package on Russia - Euractiv		https://news.google.com/rss/articles/CBMimAFBVV95cUxQODRWV3ByOERmOFBsUlBRQnZMN2dDRUR1enpQQVQ4cjlicGpCQVRReHp3U0FwYXpYUGY1VHN5WTNPZkVYZTczZXFmME9iaTRfY1FKWVRjMUlsa3NZeGxxQ2NTWl8tOUxHY3M5QWpDMFdZVFprZXplcjhwQW9XNFlKZ2FNMzFtc3FBVVBZdkFadVk5TVlDUVE1Zg?oc=5
2026-02-23	Google	-0.4	EPA criminal sanctions align with a county's wealth, not pollution, study finds - Phys.org		https://news.google.com/rss/articles/CBMiekFVX3lxTE0xOXF4SDBqR2lILXBMbHRIbDY3UWNXNFJKeWN3anprbWUyU3pJWU1HenFRN0dtSWhlU0ptaXA2bXhQaWdubGphVGRlU3ZiMUpJN0w1N0dEUHBjN0xabnNROWFadjhveU9pd2N1SktBdTlqUXVEUDd3S0NB?oc=5
2026-02-23	Google	-0.5	Market Talk: Sanctions relief on Iranian oil 'unlikely' - Reuters		https://news.google.com/rss/articles/CBMiZ0FVX3lxTE1oaV9RdmtsUldEX3BCbW15WHBYSDZtY2psdlRwb2hSX1F1dzJ4STk1SEkwRjBGcTQ5Mzk2ZWQ5c0VUYVplWFNyYVFpWl9jYXo0azBnemRxTVF4aF9YXzUzTjVZRTAzb3M?oc=5
2026-02-23	Google	-0.7	Hungary Vows to Block EU Sanctions Until Ukraine Restores Pipeline Crude Flow - Pipeline Technology Journal		https://news.google.com/rss/articles/CBMisgFBVV95cUxQN0U4S0R0dW5EOGxpZ0dDTHIzbmd0SVdpY09PbWI2alFpRnFCUGxlc2xNdE5UczlVZDhwY2EtZm11Y0g0a3p1YzdFcE1kVjVmQ2EwZWNoOUsySUVnekQ3dk1MMVdfenhIMlJQSTNmWWZVYkNaMEtLLURLem9neGtCd2FvTmJJU3FJQXFMU2dQcGFFQTVKeE1Wd05CT3dCT1JpOUxpbDFaMGM2T3BVN1NxSDZB?oc=5
2026-02-22	Google	0.5	Hungary threatens to block EU’s latest package of sanctions on Russia - The Straits Times		https://news.google.com/rss/articles/CBMirwFBVV95cUxQS1BJdUNudE1Na3hDRXJJeXE2Sng3T2FmaXpMQmZ4ZXZjMWpYa2JZZTNhQWI4TnJfdDF0OHRPSGtGb21YbC01ZFZ1OXN4MV93MjcyOEpFaVVjekpjVWtVQWMzektZZVN6bjJvSUc3c0g4cXRBMk1McmxYWEhmVTBoYkViWkk2ZDlxblh3bnUzNzhXZmdETE8xZnlzZVVKT2RVSWwxU25jUWRBRE85LTRF?oc=5
2026-02-22	Google	0.417	Hungary Blocks EU Sanctions on Russia Over Disrupted Oil Pipeline - Fine Day 102.3		https://news.google.com/rss/articles/CBMiwAFBVV95cUxNMU5xOEtEeXEzSnRUb0NPVWRiMWJySklWRUVSV1owbV9yQVgyYW90dU5RS1VjT3JDNHA1enlmUVJNOVhjTDNCWkNaVjhkdGtuaEVoWjdTbXZFbjVvRmp3dlo4Qi0wVl8yckZySFF4V3I2ZnNmR2J4MUZXR3g3MFBEYlFXVE5TVGhWZm9DRkpQblVHLWt2bDNIckdOeXE2eGxRaWFyMnZNVU1sSUUwT0tTbXp3LXZJVy1FZjNfVVFFY0g?oc=5
2026-02-22	Google	0.318	Hungary to block new EU sanctions on Russia over Ukraine pipeline dispute - Latest news from Azerbaijan		https://news.google.com/rss/articles/CBMimgFBVV95cUxPdEdGZEYyOFhBRURXZDJUbEd2RmxoUTZQbHFtNzg2MGxHZF9MMWFibWQxWGtpYXBkWFNuWGM4dmZQQUVQelpKQW9QSFEtSVhVWDV0aDM3djN3TGZSdktuRTN6NkhmWWU5SEUwT2t0U05rVVZTQzJkWlFONWtsSEIzaWFfTHBZak9ySDh6YmllRlh1eHJRQXdkU2p3?oc=5
2026-02-22	Google	0.3	Hungary threatens to block fresh EU sanctions against Russia over oil deliveries - Goshen News		https://news.google.com/rss/articles/CBMihwJBVV95cUxPa1pXWGx4Q0phUHUzUXhHTGZsU1RaQTdjdzlMNkdxMjBlcHV1U242RmlEQnF6WjlDUkxRaU1nY3dfNlFNRjNFOHRqX0cxU3BQYlc3N3RyWVB6QUhUZ09lS21FZHVoV1ZmNDJWYTVTUXdMaVV1TmswdjJubVp2MHlhVmplWDBhYlBQQ2pIb3VWMmx5cDctN09mS0NEZjdIeGtaMzFMWGVlbzVfOTQ5OGMtUnVmd01GMGdfNXVLd2loOTZJTGQwdWx1Q2N3N2I0Y0FDMU15bmh0VDZveExtRldncUNWQXFOVFJzcjVfRjFqNGRObHhxVGI0NjZ0ZTdMWjFieFhjZTljNA?oc=5
2026-02-22	Google	0.2	Iran ready for nuclear consessions, relaxing of sanctions - The Jerusalem Post		https://news.google.com/rss/articles/CBMiakFVX3lxTE1kNmYwM2dhOFpiMGx5MThpNW9uMVgxeVlOcGdEdmhWRXlYQTF6cTlzTmphaEQxaXQ5ZkpNbWhLUGVFRlp0R2NrOWt6X3V1aXBFV3JTS3ZwN2hzamMzVnBJZ3FYS05DTDhWdHc?oc=5
2026-02-22	Google	0.2	Tehran is ready for nuclear concessions if US meets demands, Iranian official says - Reuters		https://news.google.com/rss/articles/CBMiwgFBVV95cUxQQW9RZnJsVzJSLVVTMFFvaE9uNmtkekE4NW1Iekc3NWNYQlpxUUdZVU5iZUFwN0xPcmNuN2NtTk9wVk1rV2xfbE9uZWhGWHJURm50eDFpWU9INVIyQUZxc3lKNFgweW5KeTRHMm5LdGRvZWZxWnQyZDE0SXB3ay1wZWJ0NVBCX1VEZ2Y5ejJPTlZGdVVtLTJmbllzYnd2NjZ6MWllcF9xRnIycE1KWTU4NGpHeXVZNV9WLUgydW8wUUYwUQ?oc=5
2026-02-22	Google	0.136	Hungary threatens veto of EU’s new Russia sanctions over oil transit - Türkiye Today		https://news.google.com/rss/articles/CBMisAFBVV95cUxQVlY2UUExUzJhUmpQOGZYV2dwQnZPVDU3QmgtTGVYa25DWUd6a3ZnY3dmRnhaazRTcjZ1MEhBZS1oZUpGX3ZNM093R2ZiVFlENklNWFZBSmhlWk5sRlB4N09TQ2hCOU9DQnRWV2pPMUtLLVgyWG1pdThFRjhiWEtrbUF1SVQtLXYxUWdKMkVXS2hWZG45b0RzeEpKWm9GX3BvS3BxckRibmdMY0Z1bDhpRw?oc=5
2026-02-22	Google	0.136	Hungary to block EU's new Russia sanctions - breakingthenews.net		https://news.google.com/rss/articles/CBMikAFBVV95cUxNWFRBTVdPUW5COW95VHUydTJqd19YQ0lHMmR1TVhTRWgzSElDY3hldThxXzR1RTVoTFNkUDdYalNfRVNKdGNKVzRYd0lwUnZpQ083Wk01V0pWQ2VINmdxZ0ZZUm96cGVBQWo5Mk5DeU9uYzc4RnhQcjV2bTRhRzQydUllUTNaQVNNUko2S2JqcU4?oc=5
2026-02-22	Google	0.136	Hungary to block new EU sanctions on Russia over Ukraine pipeline dispute - marketscreener.com		https://news.google.com/rss/articles/CBMixAFBVV95cUxQbjhhalNtb2tmdWMxODdTTFBNOV9HTmpyQmdHbGtiMnlsVmpZNkhXLVhZVHlnQWctRjJxZndZLXhCWHd0NXdLWWthajNreGxlQ3FZcU05aGlxd2Z6RGhITFN2cnQ2UzVmWERtalYyMW1jVldaNFpGei1MR21lQzJadnZJVE16YXEyTVV4dnU4Z21CbjRrOWtlUlRlY2I4ek4ydWhFM2JzbWZTT1M3aHRQaVJ3NV95S01RbDM4NUEtMHkxMy1p?oc=5
2026-02-22	Google	0.136	Hungary vows to block new EU sanctions against Russia - İlke Haber Ajansı		https://news.google.com/rss/articles/CBMilwFBVV95cUxPdFl0WHBMXzVtT0VIOER5MGVTUElaQWFIeFotb05VdzdaWkpJOXlVUnJacU92RGI3UHpScGFnaHZ1MWRJVU9HSVJmYTVNRTJPUGo0dVZuOGpkb2p4aW10b0pWZGZQVUQ4bkNHVWpRQ0VUdk96Q1BsR2pRX0pzTGFCOVBfdHluR0VnbDkzWkkyMzUwT3kyXzYw?oc=5
2026-02-22	Google	0.136	Iran, US differ on sanctions relief ahead of new talks - MSN		https://news.google.com/rss/articles/CBMi6gFBVV95cUxQNkZ6MnRNRzJwRmtSTjBiVm1qaTdMeDFpdFByNXJ6MXVUUHkzSzhpU3N3anJaTGl0eGtfeE8zbU93NGk3YjExM01COHhZbTBvbm0zY2g4S0lUam92Y3JqcWpCeks5ZHRLTmV1WHI0TXlnNnpTeHJZUG0xel9aRU01OFRhTU9ZSGpoNzJZZ1NwM3VkbkNxQnlhTlAxTVRZQjRqZjJKZndsT2FDNzRIQTU2SUlOSlVFU3BhR1gwcGR3UVVrMzN0U0VoSmYyUWpQTnBFOVctdFlrX3hmTVlDYVBaV1k1R2VXeGlpaGc?oc=5
2026-02-22	Google	0.136	US-Syria Trade Tests New Reality After Sanctions Lift - The Media Line		https://news.google.com/rss/articles/CBMinwFBVV95cUxQckEyS0tNMTlSS3pvWkNJanA5T2xHQmxtMEVhUWJ0SXlCUTBMR0Q2V2VheDB1R0JEMVZNNmVNbmVwQ3dvRkYyTEZ6bHJKSXhJTHZidGVmWGlzODhOZHlCbnVFUVpLdlhJVEpRSXVRXzdCZi1Ec1gzelZMVDlBcHNRX2MzT3MwMDRvRkYzOEhBekRYQUxKV2gzeUhaUk11eDQ?oc=5
2026-02-22	Google	0.136	Ukraine's Zelenskyy imposes new sanctions on Russia - Anadolu Ajansı		https://news.google.com/rss/articles/CBMinAFBVV95cUxNUkhBUFhRWi1BWS1QM0paTWdLTXVBdmpiY2ROUUIyWld2OEN2UTVyS3hmQXBFRWVuVl9wODQ1UmZ2UHczeTRVTHhkMlhoU2JCTklGWWpidGoyQzVHWU95QjNja2F2UUJSYmIzbVQ5bmFtOGdNS2VJbFU4NmJfc0VQZkpRd2VXYnVmOWJCRS04ZjNRd3pOR1pVMi1qZVU?oc=5
2026-02-22	Google	0.118	Iran and US differ on sanctions relief scope, new talks planned for early March - Türkiye Today		https://news.google.com/rss/articles/CBMivwFBVV95cUxNUUlKeEdSVGFiU1U3UHlUWElBbi0xZFZGU0h6YUVLNENzUDI4NHU2MzU5OTUwNnNGTXNNbGxnUHo4UWNpU0h5VjduSnFoRThmbEw1bnEtRFBKUnpiVEJqaHZxY0cwc2lkakpaamNNNWZCdWF2ek92cW95cVE5TUYtdVZPMzN3Ri1mMmtaaFg1YTBhekNMX0tRNmtfZldQbVBMbkNzMGl1ZHZmZmRaa29lbFFERkl5blJvcDBqTnpJQQ?oc=5
2026-02-22	Google	0.068	Hungary to block new EU sanctions against Russia - Financial Times		https://news.google.com/rss/articles/CBMicEFVX3lxTE5EYTZVbnkxbFBNaVc4ekFyVHh3VFBhNFNwVGh4Z1lHbUhfczNpcnp2YWhLZTF2N1l6YUdGX3Njdzg0cmp1NHlKN3dwOWItWEVqanl2Y3BRaHRSdDZ6SnJja01kY3hNRkJJRl9kaW1fQVM?oc=5
2026-02-22	Google	0.068	Hungary to block new EU sanctions on Russia over Ukraine pipeline dispute - Global Banking & Finance Review®		https://news.google.com/rss/articles/CBMiogFBVV95cUxORE54dUFEaFk2WjNTcXRHZFBnX1FoLWphX0k0N1J2R1ZKMFZUeVd5UzZ5SUx0SkRDbTZZdEYtclF0RG1HeWtvQ3N1OWNMdlozRWNIWUdybmw5Z3l5Mk0xQjVsY1c2NXY4TjhuclFtZW5tMVRJSGZ3VHNJa2JKQWZzX0pFaUNmWDVvRlF1OV9LWldBS0RFWk1CcUh6dWtsUWF6Q3c?oc=5
2026-02-22	Google	0.068	Hungary, Slovakia spat with Ukraine deepens as Budapest threatens to block new EU sanctions - The Kyiv Independent		https://news.google.com/rss/articles/CBMitAFBVV95cUxOaTNHeFBRVFQwRHhhX1IxOGYxanNNTV95ZDRCaGo0Wkdfbl9hVTFMdmVTYjV5OTdRQXppdjQ4aWJqellYbWlXRVlpa0twc0VoMGltSWszb3pLSHNEeTZuODhoeERFbENET1p0Q0lNSUlOckhvWEZRYlNYZ2l2bDJJOVdwM1JrbVhtMldKelpReW5JeTZnS3huRGQ2eHNFcDB4MjkxeGZ2R1N6Vmt2QVVhdWdKQ2Y?oc=5
2026-02-22	Google	0.068	Ukraine imposes new sanctions targeting Russian maritime and defence supply chains - AnewZ		https://news.google.com/rss/articles/CBMilgFBVV95cUxOVng3MDVOMVhTd0RtdjBIc293OW9UV2RCTUpyTjlFdTBKTmsydm9jWjhOd0l2eERuc1Y4eURRb2VuRGFLT1J2eFV0NWd3SDZSNW9LaWJxb0JObldLMnpNV0l4dXJuc2ZyOGthNDN5d3VydWZuM1B0UG1LV0EyWVQ3dWJlTHAyMjBCaVRaTzVHYzZ0YjJhMnc?oc=5
2026-02-22	Google	0.054	As Ukraine War Enters Fifth Year, Europe Faces Hard Truth On China - Radio Free Europe/Radio Liberty		https://news.google.com/rss/articles/CBMinwFBVV95cUxPTmp3eFlOZGYwckpiLXNVMDBKZm13blZGbmg0aGktdzN5VnYyRzllQkM4c3JiT1AyTktqZzlFNXBKaXV2NXBKS1lXcDIyVjFOdFdLaDBtbktaR1gwWnBZODliUnFmOU9hODRSSk1JQkxsQUtHakFLMURVdV9IaDJpbGJlRDBGTTJlWjRSUm1PaUtjZ2Y5QkJJcHRwYUlsRnPSAaIBQVVfeXFMTjFRZTdxM2VHdW4taGxGLWpfTXZUYWVPMjRaeWNMR2diOWVGenU1X1hfM2xJOVVkNVc2Q1lEbXFpaGtOeDBwSU42dWVTRVFMdnJLZ29aMzJ6LU1UQ0NzN2ZUcDlfdjhrSmM2QkxmLUk5clVzaG04RkFwX2xaY1BxNGxIUTVjLUc5U3VlU1lQbjdNM1Y5cER4YTBZdEZiQTZCSWZn?oc=5
2026-02-22	Google	0.0	Elliptic Flags Network of Russian Crypto Platforms Bypassing Sanctions - CryptoRank		https://news.google.com/rss/articles/CBMirAFBVV95cUxQWDk5SzR6bWx6SGpBZWNoc1JWeTVTUHlvU2NWSHhoV2U4RkhDWGhIQ3k3RUdUOExJdjU3V1ZkN1lyb0ozQ0R0SEV2dkFydjVUc1ljWUNqVVdXdjFiMFh5a19ib09GTXp2N09GdnVVV290MzVFNXVSN2hLbnhjVjcwSGZSOXZybmh2dnFVbHBpNldGdmhSbE5fOGthLWRLUnhQWV9NR3huTTNvQzRh?oc=5
2026-02-22	Google	0.0	France Asks U.S. to Remove ICC and EU Sanctions - The European Conservative		https://news.google.com/rss/articles/CBMipgFBVV95cUxQVDI5YW0zTlduY1JKclI5aHlKZzFBOExxam9pOHJidlA1blVhR1Y4Z3FZY0k0VktSaXlsVkJqeXhQZzIzb0EtRVJvdnBuSHhWd2lIOUJHQzIxNjdQempLNVBMVUxoZERWbEdrV3ptaVc5VmYzU1FrMUdtdzc2cDBwTU12aFFuTEVsMXpwUlVDbGxaLVJndWNaSW50Zy16TV9Ub3R6NWVn?oc=5
2026-02-22	Google	0.0	Hungary Blocks EU Sanctions Package Over Druzhba Pipeline Transit Dispute - Букви		https://news.google.com/rss/articles/CBMipAFBVV95cUxNQVB3VnF2RU8zd3BfR3ZjX3VTNTVrT2xFZGN2T2hpdXQ5UW1ONi01bmRTRGtJWFBVODduZ1J4ZGx3SFZvM3Jzell4WDA5OW9MdWVuRjVnOS1XVDZyYklPMnBWREczRjRndThGOHZTU2cwakx0ZEVhX294aVp2Mi1TcV9YZi1GOHE1ZXRLQWtENk9zSUJvNmZnaklKUEpsdU1sZVVhUdIBqgFBVV95cUxPNjZxa3Z3SnhCb045RkpBeUxjZlNkQXgyZlJPZGJJR3c1NVpJSGRQaGFiT3RVU2JCdmhlY1M1MktNQkFWNlNzLXhyd3RaeEVKVFl0Zmt4WFVCNnpNNnlEY3V5bWpYZXN1ajRnZGtaS1FXcFJoVGhIVFFXeTEzU25SMTJtdGlUTF9tek5ndVNpekVmdjg3ZVVhTFVNYTRYYl85cXd1MGNQc0tvUQ?oc=5
2026-02-22	Google	0.0	Hungary Threatens to Block EU’s 20th Sanctions Package Over Ukraine Oil Dispute - kurdistan24.net		https://news.google.com/rss/articles/CBMivwFBVV95cUxPV3k3NFY4cG9ZSzlsZWZpTFppcy05TFlET3FPaHdxZWp2MGJWSlE4WmdWY1k5WTFTX3RWeDJjRmFPLXlnMjROS3gyVjdpa29kV3dOUm03aG9WdnVqLW1RRG41YnN4UnRTNHMxaFY3eXFKaTJwWFZMS1JyQzh0cXdIWkRmSVIzaDJsQmF0c0RyTWpRa1dKVTN6SmtQM0o0bzhLZ1VKTEpsMlJwMHRWTm1SNk5CV2owZlI1dDNlcFA1bw?oc=5
2026-02-22	Google	0.0	Hungary Threatens to Block Russia Sanctions until Oil Transit Resumes on Druzhba - Hungarian Conservative		https://news.google.com/rss/articles/CBMitAFBVV95cUxPMG84VllySENoTkJIbUp3NzkwU2RGMkI2aV9oRHVQNklSN2xRU0Q4MDZqRVMxYmxUTnBNWW9ULUVVYlo0SnJGbUlDVU04Qm1aRVg4a1pTakRjSFlfbGJTcmNYWXlucEZqUjdaNF8zTkdrQkpBOW56dUx4eTlrN2dPdGloVzBqaGNQdVFEOXhPbVR5Um9aenRYUDVBMWdKb2VEd3hOZ0FvWU5MZnBxbjlaZ1RONV8?oc=5
2026-02-22	Google	0.0	Hungary blocks EU sanctions package until Ukrainian oil flow resumes - Euronews.com		https://news.google.com/rss/articles/CBMiuwFBVV95cUxQSHA3UHlyVTdPT0xZRU0zcFZkRzJFendkRElvaDVCUTQ2d1VWSjZsci1BTVBiMjdqSU9QUmZTUEN3V2FnLXFwbnFLNWwtVmNkTVk5Z2RjS1JPWlQxNU1FQTZrQW9fN0dla1k5Y2x4VmFrQWFnMDdaV0dyaHRJbktBVDZ2b29SZWtDSktjNGw1cVh1QXU1Q2Z3WmIzR0tmbkNJa1hzaFotbHBWaHVVR1FfRDBFV1l5VkFwOVpV?oc=5
2026-02-22	Google	0.0	Hungary blocks adoption of EU sanctions package until Ukrainian oil supplies resume - MSN		https://news.google.com/rss/articles/CBMimAJBVV95cUxNOWdUSU5MMTRYYWprVjl0aUVjazI2dllWdFhEVUxDTm1IUGo2bmtrczlhNFE5eTFTZkVOX2JCTnd2MDZVSWNaS2hNZVVxZ0o0Y2ZMd2xHNUcxb2hXbEdtSkNnb1hVYXROWWt0dWJZZG96OU1Icmw4dHFxLTJSVmNxOGFkdEZiZ0hvazRsNVVNQXgxWTU3a2J3b1FMdkFnX0ptc0Z6YnhHZWZROHkyZVpBQXplOUlZeTZVczBmUEtRWGFwWGQ0ZjM3aC1UUld5NTBNVnNkaHBpY3c5UlF3VVRqU3NiOVJ4MkFxWDhIWWFHWGRPUW9Mcm96blVzZ01kdnM0NVRyVUVwcXIzSGRJc1dwVzNwbWhaaHQw?oc=5
2026-02-22	Google	0.0	Hungary threatens block EU sanctions on Russia over Ukraine pipeline dispute - The Independent		https://news.google.com/rss/articles/CBMirwFBVV95cUxNX0VadVdoeHRfT3BmWHNPYnBkVUZvbzlWV0ZvTy1TOW1hUTFVV1B0ZS1MeUkwZXppZnFyRFVYNFMySWhtV0I0NmFrU01NNTl6aEpIWFZISWFCamdyV1l6Qy1PaGhTNkJlcVRZQkJOLW83SUVrcE9JLWdnNUZ3U3pBVk5CZWp1aE1IR2tCY1R5aXRaSzBsaW9OZUNzOEhfcFRxaTVQV2psNllNUUJQRS1F?oc=5
2026-02-22	Google	0.0	Hungary threatens to block EU’s 20th Russia sanctions package over halted oil shipments - Messenger-Inquirer		https://news.google.com/rss/articles/CBMiowJBVV95cUxNSTRnQnBYbHhHek9WY1k4NnlEU2VyRTBGTkpSaFE3WWxkVmw4UnVzRDN4ODBzQTVvUDNyU1hoOHVyaG9LR1QxSUZzd0lybXlCbU9qUFlYYUo3M1oySUlNbGo1VkljQlhFc0t6MjVZeFJDbm9Ub1FrN3JMc0QybUdsWnpKV1dKZ1NraDRDX3pPMTJ0U0dvXzktcDVRUnQ0VWdJemtqd1ZFdUgwZ3hUWjFpZjlyamFPQ3pNb2xNajlVbXR3eklHamhtdWg1TW96aElzS05GNUZmeU1hUDlYclo5OGN5dG42TjhIcXZnbG9POUlPUTRoSVRhckNwOVhHZ0g3TVVqQWFBaUlrLTNqdmhLR0hhOTJRdk9XbWRXUlUtRGd5bjg?oc=5
2026-02-22	Google	0.0	Hungary threatens to block EU’s 20th Russia sanctions package over halted oil shipments - livingstonenterprise.net		https://news.google.com/rss/articles/CBMi0wFBVV95cUxQWWFvRDZPaVJPVS03MmNRWmhKTVY5dnpKc0d0MjV0UU1JNHotZEJnS2xydzhKbmFoemxFVGVLVnQ1SHdKdFozejQzZUF1d1EwN2loV21sTmYwb1p4OTUxNkFYeDVzWC1wZHRXOHFQVmdVX0RCT1NOSmVUWnZqNGRKX2JDaTVGdWZIbkc1VFhna2N0UnNPTm5tRV9QRG9vSEUxbUdJY3BUS1psaDJpQkxVcEhwQnhmRTFIWDhSMWhucGEzYnZSOWs0a0RsTGcwTUNfTXdv?oc=5
2026-02-22	Google	0.0	Hungary threatens veto on EU's 20th Russia sanctions package over halted oil shipments - CBC		https://news.google.com/rss/articles/CBMiigFBVV95cUxNQ3JGUmF1RG83ODZlY1ZTM3lqQWk1anBJMjNsbEJ1STVxUTkxS2o4WmRzT1Q4dlZ0OFRWVUVrdDNlRjNmZFFOd0gzdmgydHc3VWFTQUpRLV9NX3pDUmJPQWFTZ1ppZ0RyWHFLQUZJX1lLcy0tNDVXS1dRT2ZOWDJNcHJ6VUU0Q0dDZ3c?oc=5
2026-02-22	Google	0.0	Hungary to Block EU Sanctions, Loans Over Druzhba Standoff - Bloomberg		https://news.google.com/rss/articles/CBMiswFBVV95cUxQSEVscHJRVHhWOTY4SktyMTNVeUVWdkpPdmRtMGJ1RVNXOXVmQ1dKTTJYZnNQbGk2amNPRDM4QzVLd1kyNFdNcmRPcERkLTN3ZVgzaHZWRXFacmI0UVRtTkw2TlhTQlFIdVJxUW5LQU5VWVd2djl4a3JvMjhpMnhlLUdYZldaVGNJckM3QnRVUjhwdGVoUHB2XzhMWW9HbmY3MmxVbnBzMG40WFplRks2STdzbw?oc=5
2026-02-22	Google	0.0	Hungary to block EU's 20th sanctions package against Russia until oil transit resumes - China Daily - Global Edition		https://news.google.com/rss/articles/CBMiggFBVV95cUxPZDFoblYwYkxJeXR0TUE1Qnh5c29BU2dmTUVZTDRjVmVEVEE0OGoxeW5fekFKNUw1UUZBSjlKWjBZOHc4dEpkT0EwOEM5eXNhcDlGT0VHaUE0UklQanJxcWNPS195SzNTc0tCN1VZRnRJY1A0MjhyYWxPdkN2S01pdV9B?oc=5
2026-02-22	Google	0.0	Hungary to block EU's 20th sanctions package over Druzhba pipeline - Українська правда		https://news.google.com/rss/articles/CBMiZEFVX3lxTE5WaUE5S2hPckw4U0Y5U2VSbWJIZXJMaUdtUjZQSGlmRjJDT2lRa01RSnRhdTlvQm9oRkdRdGFIU0M4a0VvT3lQVlZzYWo3U21PczlLLXZmZGZFQk1STHVDaHFVMUvSAXBBVV95cUxOZy11emJwczZ6cjZTWm1KV3NpLUxmTHp6eWNrMDJWamtzbWhRYUFyWjhlWUlYbnV1eklMX2VWMDkzblFORVhYZ2hxbFBKTTd2Sm8zLU5fdXd6Tk1uMVhpekZMMHJHUXhJMUhsamhpZjFV?oc=5
2026-02-22	Google	0.0	Hungary to veto EU’s 20th sanctions package on Russia - Euractiv		https://news.google.com/rss/articles/CBMiiwFBVV95cUxQclNPYzRUaEo3WkNtSDZTRmdwYTRZT0l5YWFCQmlCcWF3Y1BZaGMySTFDWXNONlJtdE1qa2c3ZzBCVUswYWtCOU9DR2V2TnloM1FTLWVscEIyWnFicFMtdnRzMlh3RjhRNG5ic1oxdlRnbkdkUmZBaFdLWFc0MnZMY0E4VVNUMFZ3Xy00?oc=5
2026-02-22	Google	0.0	Hungary to veto Russia sanctions over energy dispute with Kyiv - TVP World		https://news.google.com/rss/articles/CBMikAFBVV95cUxPOGpReEQ0RDZxWEIxMW5JVGdRRE9MV2g5RzN3dC1UVm8xNTJOU24wa1hyWmljWkZkWnJja0xKUDZaWmduOGw5T2ZlU3p2WXViTU9nbzRmaEVjY0ZXWmFFQWpYcHBtMFFqQUZGRERvUldwcFUwb3IxWkxzZW1kWGJtWXlmOFh0dl84ZENIbGEyaEM?oc=5
2026-02-22	Google	0.0	Hungary-Ukraine-Sanctions - Bedford Gazette		https://news.google.com/rss/articles/CBMitwFBVV95cUxPN2VHbGttc0FFN094UVpoczU4RzdmV3ZTSWZsZGp2Z3lKakVoczhFdWhlMXlrNmtkRHhaQ19pa3FhMGx1bU8tTUVtQlFpRkNVNUZxOFRqZGVDTDg2c0k3ajFOMExhZkxjMGc2TzBiWTRqLXh5S1E0d25tRHNPaWJPdjVMLUhvT2lDak5nV1RGNDZrSXNCOVNVNjllaXlpbENMa0hJSVdTZlJTVEVadkNRUTZiNWJZbm8?oc=5
2026-02-22	Google	0.0	Iran and U.S. diverge in views on sanctions relief, senior Iranian official tells Reuters - CNBC		https://news.google.com/rss/articles/CBMipgFBVV95cUxOUVZWS1dfVzFFWDJiTHhkaUpIRnlNNVRSVl94TUhVZnE4NG1vTDRDTUU2MWdObTh4TndxVERKeHdMU2lPRWJZVWxFSVJDY3hSd1FURHdVXzBFOFpUUkZ0UXpIRHZTVHdCSFN3NjhNUHBvMjdqSm1BZzdjaVhpVG05WTluQVB6Q3lzMzRJVk5oVzV5VUdLM3RjSmFXdndxZ3dVZVp1WTJ30gGrAUFVX3lxTE5qdnc1LWVWdnlYckp3TTRuMmJIMGhtclAyT2c3YWE0MTFMd1Z1cDBmM1otMHZpZklMZkZPMGgtTEVMV1YwRm41VEJocF9pQTFidzVSLTNRNnBPT0p4LU81SVZrbGRCSXJlVF9yUHNyX2J0Zk41Tlk3akZoa1JPSktXX0cyaHZHd25jM1hHSnVHanRBSkFSS0xrVTJmZGp6Zk9wbGdFWnNJc212NA?oc=5
2026-02-22	Google	0.0	Iran and US diverge in views on sanctions relief, senior Iranian official says - The Times of Israel		https://news.google.com/rss/articles/CBMiwAFBVV95cUxQUGdwd0V3SWVUVXN5LU5UQjVObXAyY0ZxWTBxa1FrMHowWjJFTTlPeEtLb2FqaFlXU1ktelgzN1pOdXAwMXNkeGUxNEFOdU8tSmxBbk5sWGo3cFMxb096dzlwM0V6N1NQOU4xTnphcnZZcHQybkxKNjlBb2lpaWhZU0tzb0J1Wm44R1lKTDJyRWJVOU5ZOXZKNXE4Zkh6aFhVbWIxZ2NldWFhdTNhZ0NzbmxDWlFiUEd6bGpxNFlIRVc?oc=5
2026-02-22	Google	0.0	Macron Asks Trump to Lift Sanctions on European Officials - Bloomberg		https://news.google.com/rss/articles/CBMirAFBVV95cUxQa3VqcFRWZGx3MV95andfZTZOQUxJY3dSSGdwWndPNXJqM2Y0LWVLbnhUT2FjRkF3R3Qyc3RYcF9tTzFpSllvRTVYeTZhSkZyN3Baa2JlR2ZKV1NTNHFWWXNOeFZTN2dyMjJIMVVlUEt6cHhPTE5kUEZJZW9Ra0d6QlJJUGd2T1U4TWh1LUlxZHF2RV9zakNMM011cUh6R2Y5SHdjN0hickZVWm5M?oc=5
2026-02-22	Google	0.0	Macron asks Trump to lift sanctions on European officials - The Boston Globe		https://news.google.com/rss/articles/CBMipgFBVV95cUxQY0ZXcE9VeFdoUk9pS2VOVmhzTzhFX1ZxMjlnRTV0Y29aTEVuUEpBcmEyR2Q1eVFIYzl2ZVFiZ2R4MEN0c2hlOWdjR21DcngwUlJHTnlPbDJZeE1FcEtOZlE3VWJjUTdIWjh4Mlk2MEFFX3lsZ2YtakZzRnFza2FHQ0hEVE1xeVFDYnByRjJrdWJRc1lrQ0Z6MjloT3JteldZUXpwOGh3?oc=5
2026-02-22	Google	0.0	Macron asks Trump to lift sanctions on European officials - The Local France		https://news.google.com/rss/articles/CBMilAFBVV95cUxNUS03SFlqdlJ3MFdJY1FjUEY4MUtnSU5qeUdUT2FkSWp0XzUwSGQwbFV3b0hmRkZCaXQ1LTZlQzRMTFN4ZTRMZHcyVTVCZC1GMHZqQzItT2ZYYnZFN29PN3dtVmV2V2UwNnNrNXIzM2cxd0J3RlU5aGw2bUlBdlNUNEQyRnZaZUVVV2ptNmNGSkMwS1Zn?oc=5
2026-02-22	Google	0.0	Macron asks Trump to lift sanctions on former EU commissioner Breton and ICC judge Guillou - Le Monde.fr		https://news.google.com/rss/articles/CBMi9wFBVV95cUxQcU1NMG5MV19ZVTczR1N6dnRnbVRlOXBhQm9LdGtXZ2RqZTNDczMxU19PN0FtanBKdWdLZ0FJMGdDWlZMUmRHRkdFQmxfaXdjSzU0SVUtLXRZLUhJTkgtSUlfNDFvaTcwTkZ0NUgtZDZuVXlTcGloVzFibXpHUG1Ra3htLUM3REJQelVFZmZJQmNaRld6QnRBMkFmSDE0Yno4eVd2UjV6ZUVEOWdkZ0FRNXgxa3Z6cEJhamJ1YmtURUJQb3V6RGViWEFxSTh5ODNocWQ1eE83OEczMkpwME9SUjdON2hGWFZYbHo0M20xQzBDdlhmc3M0?oc=5
2026-02-22	Google	0.0	Macron asks Trump to lift sanctions on former EU tech chief Thierry Breton - politico.eu		https://news.google.com/rss/articles/CBMilgFBVV95cUxPdVlFUl9DWFI1eFExU2ZhMWl5VlY3bXRhczQyNHdIdF9nZFJKRWlRZzlZMUJqNE9EQWlUNXQ2RUZmbjFpT0RxY3F6QTQ2YV9iYS1NYXRIMzd4UGU1Z0laYU5sSzlwUjE0Q3JwTHkwOVlEWWdkRHJaRU82OE1uYWFvTkRscUE0a19BRlREU3MyU0wyVWdWTlE?oc=5
2026-02-22	Google	0.0	Macron asks trump to lift sanctions of European ICC judge and ex-EU commissioner - The Brussels Times		https://news.google.com/rss/articles/CBMixgFBVV95cUxOQkFmZXJpMEM4RndpUm54dkV6M2RrTzBsNmZFQllDRWdNRFFka0VpLXRZV0VKOXhsMWJFNk9ZQ1JnQ0NibWVnZUpuakx1eHIxWHlGaE9PeHpwOTFuX3drUlpIU3JKTGRpUWJhLURoSmM1UXh6U1RDZlQyYnc2LVZqeDduRjlFMzFzUjR4cEVfUDg1NWttbGMtc1NfTFQtbjlFUnV6SmZUM0k4MjUzaWdBZGFiMzB0YWxoVGhnQmhsMUpDam9VS0E?oc=5
2026-02-22	Google	0.0	Russia fires scores of missiles at Ukraine as Hungary threatens to block EU sanctions - The Guardian		https://news.google.com/rss/articles/CBMinAFBVV95cUxOcjQ1OUNpWHAtcjJSbHIzdDRLVVQxempzbkJBaVJucmQzRENlVWU0ZmRHUnNXSzNuaThoMUF5Y1VURTVPdW1YQXplb1hzbzk0UnY0T0l3MXZ5TklCdTBpbWZUVTJPdHN5ZzZBdkJ5VkN3RmZkUXdhODBVZjc2OFEyeGFEUm1XVXBudWZEVFJYTV90LVh6OXlSbmNCWUQ?oc=5
2026-02-22	Google	0.0	Russian MP Slams 20th Package of EU Sanctions as Declaration of ‘Tanker War’ - Hasht-e Subh Daily		https://news.google.com/rss/articles/CBMingFBVV95cUxOOHFvMjFRWEp1NUt2UjVKOXFsdF9YV1ZyaEJ5SmF4cGhpbXR5NW5BaFFJUVdkalZZR3VkLXJiNW1naWdsWWZoS1NlWm9sLUdFUGtEYWpsaGJfSEU2V2d2UlFST0dTZHJMcnhyRWFrNFpablZxSWV0WVctTnVmYUF2T3pBTzJPYXdHUzQ4OTVjbWtyYXh2ajRDNEJWWEZQUQ?oc=5
2026-02-22	Google	0.0	Venezuela Rejects Extension of US Sanctions - اسلام تايمز		https://news.google.com/rss/articles/CBMijwFBVV95cUxQbERUYjJJTk05Zk45LTlJb0FmeUxjbk5RTVg4N3ZHSjAwaFVScmRLekpLVUVmSGlPOFVjSFBxZFVjQ3lXWWN0RExYZm1oVzI1VmtDVVE4Y05FTm1nR1BWV2Y4UGVleXh5UXMzUExWbE5WbUQwZG5GZ004SVNFRVFSMk9zU0JUUXhVYWZSQnNlWQ?oc=5
2026-02-22	Google	0.0	Wisconsin Prison System Faces Sanctions for Denying Mother-Child Program - Davis Vanguard		https://news.google.com/rss/articles/CBMifkFVX3lxTE9jNzR5ZHdoazZXUGhPUUZFSUZMWTU0ek5oSk9XNWMyMU42ZEJ3dWJVUFR6Q1A4VW9hbTU0YWh3anNSSFg4S0tEeDN2YmFfX3FCVEVXSUZDamhBRElFSGNLRWp6NzlxLTdoVGg0b2hNWUI2aWxjTmpyMUpTblRqUQ?oc=5
2026-02-22	Google	0.0	Word Wisdom: Sanctions - MooseJawToday.com		https://news.google.com/rss/articles/CBMid0FVX3lxTE5tWDJFcnFqM2JZSzZBYjRFeDF2TG9ja0pLWDR5R2pldGdKYzY1bXNYZ2VETkhLcUY1bjRDSTRMNjMtVzlFa2E5UnZ4VFZ3SzhEWEN0VGwzMVNtWldFaW9aOWJvelNvZ0xBXzVFcS1POHNKQXVaOVY4?oc=5
2026-02-22	Google	-0.033	U.S. Sanctions Mexican Resort Which Allegedly Helped Cartel Defraud American Tourists - Latin Times		https://news.google.com/rss/articles/CBMiuAFBVV95cUxQcWNsR0xRMmwxMnVKUUZfNzRPM01pbnJkQkgtOXFxX21mX05iYmx1dzQ2amktNGhQTjRjMXdsTkdQV3pLemNkUkhzOXQ5TFBlNzUyZ2JLbHRLOVdfd09Ic24xSzRPTEtQNXFnU3BWa1ZZV25vYW1vSHBkMktLcmtBeEhmZUtRaGlxM1lmNFNrQzBPaHdYTkhwTnR4Wkx0eDlQTFRsNnhuYnMzY0Jya01RaTlVS0lpV3l6?oc=5
2026-02-22	Google	-0.1	Ukraine urges EU to sanction shadow fleet captains and military suppliers - Polskie Radio		https://news.google.com/rss/articles/CBMixAFBVV95cUxQaFUtXzJlZ0Qxc3lPRnV3WnNOR0k0dU5MOUZuU0FwRzBlMU9lSWtYWU0wNmRuRkx0N0QyWXBfWGhSOFFfbkgxc1gwU1YxWnlMNWZINkdMMmk5VWlmY0YzRHk1V1FreGVWQTZ4ZWlueFNLMGpacU5vZm1zazMyN3BmZTRZcVd6dU44cmFPVjZPWnVKenFOX3N2a2F3OVJjeHpIX0x2RENnQktaNC1TRG1zU2h6Mi1fRkNVSFNMTDF3dmZNYWVl?oc=5
2026-02-21	Google	0.136	Sanctions forge new path: Iran, Russia pivot to strategic energy alliance - Tehran Times		https://news.google.com/rss/articles/CBMipAFBVV95cUxOMjdnMnZrRWN2MXBBVlpMdVltZ1F6OUFvZnBiMVktVmdRbFhSU1pINEVVU1oxcllodHp3QXFLeWJNQzFfd2VvQlhuVUp6anRtSzI5TnVlSzlSUS13RFBGazMyekxTR0ltekxyLVk0akplcFE1MldhRUNkY3dmWlN1Y1EtZjQ5TllGQlhLdENFakt6NVRfQ1FXdkpsdnBPQWQ5NUFrMQ?oc=5
2026-02-21	Google	0.045	Zelensky introduces new sanctions on Russian shadow fleet - The Kyiv Independent		https://news.google.com/rss/articles/CBMifEFVX3lxTFBSVjRQM3ZuUGgwS2tvRVg0dXpZTlZoOHZDaE4xN2FMeDNWbkgwVUZNVnk3YmUxMDMzSzBsV3Z6dkJVX01tT2pWRlQ2RjRwUk5QMVNHZU1IV1pZZ3QtOXYwV3NkWU9aY1VuX3cwRnlkR0VsVnlNTVFLTC1xN2M?oc=5
2026-02-21	Google	0.0	Air Defense, Sanctions, and Energy: The Office of the President Hosted a Meeting with Advisors to U.S. Members of Congress and Senators — Official website of the President of Ukraine - Офіційне інтернет-представництво Президента України		https://news.google.com/rss/articles/CBMipwFBVV95cUxPVm9Ia24wYjM1VHJrZlhoWGxCc21lS211UVBfSFJTbFR1aW5fOE0yUjFENkYwR2lKR0N6MklwSWQ5VDVlZ1h6c1NxWFI4eXVuS1FsX3IwRjJ5T1JQakV3T3F5My1jeVhtaGNfU01KRVRWRGVxMzhCZjV5M3VSMmdDN3FzWkNJRGRqU0Vtd01VWTNhbGt3Q25yeHcyTDFhV1cwWkVNcmIwQQ?oc=5
2026-02-21	Google	0.0	Five crypto exchanges are helping Russia evade sanctions, filling Garantex's void: Elliptic - The Block		https://news.google.com/rss/articles/CBMiwgFBVV95cUxOZzRTb1drZlZqZ0w4ZmZUQ3I2UWh4ajJPcWRCcUFpdmNlZE00dTloeGpQVGFvdWU2MWNfWHJ0RUFibVg3SmdBSVdyM3J5STJ2aU0xZ2h2OXdQdTZ1aXpxNTFQY0FUV2Y2dmtiZmdxSVp6UWo3RWl6NXB4OU9tTWJ3MEtQaHJyWjRUWkNwb0RzNUlVRzQzUFV5cndFMHowR2tvQm1Lb1RxeUFNUXZwdXRkZGpKaXFGSWRhdUxyVlRoQVFCQQ?oc=5
2026-02-21	Google	0.0	In the Counsel's Chair: Jason de Bretteville on the sanctions ruling that could be a game-changer - Daily Journal		https://news.google.com/rss/articles/CBMi2AFBVV95cUxPMEdoTnlEdWRZMmNtYVRjOENobzhmQU1jTUdLLWtyXzlsZFc4U1NaNGJoWTVlc2JHWGN0eklibVdaNUxXQ2tyajhQUVRwSW4tWXh4UnVVMEJFTzBQczFfZ3JpZ3R2QS1RcTZmREIzcTRhdUZhR2ViSDEtQ1hxYmhKeUVHZEtZN0pWdlBEUnh0TzVzd2xUQ0U4ODZxYU5hR1NjN0Z1T2Y0UTFqdWRPZUhrLXQ4SHQxeENqampKRFFrRnd2cEtld2pwQ0ZqWFBzX01lV2RXR0Nxb1I?oc=5
2026-02-21	Google	0.0	Judge Denies Woman’s Sanctions Bid in Harassment Case vs. Professor - MyNewsLA.com		https://news.google.com/rss/articles/CBMirwFBVV95cUxPNGlEanlOaW1uNUZtV05QWEJiRW9wSVNEOHFyUlE3QWFKMEVhTTNZdDNRY0ozN3hrbnh3TEZBX2dWM1haNGM0SDY3TXg1MWgwRTdZQmdBUVFMWUZfbEg2MEhLNldySzNFUWl0SWVTdUNFSlgtSGlBQTQ3bWEtdW1kTFNXaDhjcENiYlp2Q1FHZ3piTEp5RGZHOUoyTnVUTlZYMllINThUOGMtX3ZPcFlz?oc=5
2026-02-21	Google	0.0	Judge’s $10K spoliation sanction just doesn’t cut it, attorney says - Massachusetts Lawyers Weekly		https://news.google.com/rss/articles/CBMikgFBVV95cUxPbE91UzBwVjNmVzh1OG5jRlctdk5jWFhDWGo5bkRaWUNVcUlldTg0ZzlwckJRMUYwb09WVVZLazA2MW9XeV96UVRDOGxtR0Jzb1J3SHRvNTNHTGx2VXNrN0hoLVpGVTlXTi1OSlJvZUhOcWNoNDFUdDVhY21ZanhjSGZnQzlOTjN6TU1xSzJqWDJ3dw?oc=5
2026-02-21	Google	0.0	Russia-linked cryptocurrency services and sanctions evasion - Elliptic		https://news.google.com/rss/articles/CBMikgFBVV95cUxOcEVoeE1VamlwREtsSUxoRS0tZ2NwWVRxVUZmelRXSUNvSXF1WlQ1Vlh3VGE3SWxtWUk3bTFSMVZ4cGlMeHdKdDNIVWFJeFd6VnpwZ3VBUUtmZXY3Njl6RWpsS2I0Nnp4bUNmYndDemdMSEVMTGk4MndBOEFoOF9hS3d0TC1pVmNYUTNXUzRyZXlMUQ?oc=5
2026-02-21	Google	0.0	Ukraine imposes sanctions on 225 captains of ships of Russian shadow fleet - Ukrinform		https://news.google.com/rss/articles/CBMixwFBVV95cUxNczN4N2lCZEhTMTE2SW1iel8wZXlaLWpqUWZuQ3lkeGRTVGxNRHAwNjFSZWtYUkRIRnAzSjIwaExHRmt5SnI0cVo3cU9GVWRkT0l3RVN5Ni1JM0dZaV9XLWRJXzZWVVlENURXUlljVm5uVzBXMjBKb3U0ZWhuQ0VhY3VYaXRfZGVhWnpQaTU4ZUYteFo2SXA5eGV1dVVuYThJTW9GeU90a3VJelpsRlBRbU1jejBYSkxwdy1xdHNkRnZUeVVhVzlJ0gHMAUFVX3lxTE1OWVhmZUtxa3dYdU9ZeWYxYURNdGhwVUs4NkQ3Z09tdGdpRE1ZT1I4aTVMWjFGMFFwcmFvXzhUT0VTcm9ERkNjRkhOZExmNmRDeFdINFhWVmV3eGdnTEgxRHhnajkyVmVXcGhDSC1MeHYtdUNaT0lZVmM2amZJTjBaOWliLU9NWVh3ODR4OEM1MjF4cnh3bFlwQkF3OHVpMjJDelJXWEYwZWlvY3FwZXZBWGNYczF3NXBpZEdyWjh4MFBLZWF6Ql9POUVMcw?oc=5
2026-02-20	Google	0.277	Spain Calls for EU to Drop Sanctions on Venezuela’s New Leader - Fine Day 102.3		https://news.google.com/rss/articles/CBMiuwFBVV95cUxObnJmM3dTY0RuTVpfNmFTUGNjenZXS3lia3BLT2NCaVZOSjBqOTNfTk1TTGRnaXB0cUNHYnR4Q2U2RjI4dGVZMlJfNGE3X002aDNsRUMxNnhsWm9SZGgwT0JRekJCX0hWbzVVSG93RDlBaTRQWU5FWW9mLUt0cExLX05sWHNIazVXclQwYTVBcDVIUW9BTG1IT3JnQ1ZJRXdlbDFDREFNOGVYMVJFeGtKazlpN3BLMEd1Mk1F?oc=5
2026-02-20	Google	0.25	Canada becomes latest Western country to lift Syria sanctions: What to know - AL-Monitor		https://news.google.com/rss/articles/CBMiswFBVV95cUxQamJTV3A4bUc5cDNxQUFhTzcwZ2dkMUlqSjBCMjdRcTRoT05TeEQ4cDVHTDNkSWF5U0JPbGxoZVpGMGFaWmZGUGhJUXhDQmYydHpLNjNaVzV1N2VFc09FVzluMFFBZ2tBTmtMWGN3REFRa0lhNlRhU0w3Q0szTFJpOG9wTUlkNHBDNVQzblRCSnE3NlMtM1dWRTBGd2lZWFUwM012aXpwamxYREFtVG9hU1Rpcw?oc=5
2026-02-20	Google	0.222	"Trump extends all US sanctions against Russia for another year, calling it an ""extraordinary threat"" - Euromaidan Press"		https://news.google.com/rss/articles/CBMi0wFBVV95cUxONmVSTnhPeUV4emFTNGZpaEkzdFJtcEMza2RhbzRXbFlpUmItenFWLTZyb0pqWUl6bXg0MERDdHdNdTNWT09mWkhaZVJ1SkFoQVNNTGVPaEpTd2tiV1pEWWdqZEhOVVRkbmdmWnlCdERQZENGVl9pZnpfS2FQWS00OVlYNDBUaG84U3JTTGtnSEcxcU9IQjdrMURMQVotVzNvQi1PVm5hdXNlNDlzWk0wXzZuTUpTX1dSbXVJaVlmYW1UM3ZRX1JIVFRhUENHcDlwTjNZ?oc=5
2026-02-20	Google	0.222	‘Extraordinary Threat’ – Trump Extends Sanctions on Russia Over Its War on Ukraine - Kyiv Post		https://news.google.com/rss/articles/CBMiS0FVX3lxTE8xMjV0MzRUR1llZjE0N2s4b3VRdEVMdU80eXhDMC1KNXN0WnM0NnRhNXFGd1ZFNGh2Q2dUZ3dBbEJjLWZUM2JObW5aTQ?oc=5
2026-02-20	Google	0.208	Cuba Turns to Solar Power as Energy Crisis Deepens Amid US Sanctions - Fine Day 102.3		https://news.google.com/rss/articles/CBMixAFBVV95cUxOZ3FZcDlGRDVIQVV1dmo1eGI4Ry15QTRLWE9vb2E4aXNESmhFMHFRRGRMTEJRbjdaZFZwMGhrVm5FRGxJb3ZELTlocWdrZlh0Rm1jNVp0ZkpyUXp1SU9sdWRENG5IdEhDZld2djFxUlYwVF9sNVBRZWxuX0t1WVJud1JWX2NQOGw2MllmY3F6dTcxcVlTU2hBRzFqWDh0YkdNbDExdDhXN0VpY1pyY3ZXcm51eVFCVU5lSEVBRGtXb1NjemNl?oc=5
2026-02-20	Google	0.136	New Updates for 20-Feb-2026 - Akin		https://news.google.com/rss/articles/CBMitgFBVV95cUxNU1NzYmdsdVZSVWNmcGhtTndwSHNwQVlIUURmQnhJQW9wVmlZUzhxOU91YzNobEllSmtNZjZGNnE2TGdFdjNJbFh4eVhQdjN4dVZtLVRVM2lnLUxzQ0hQZ2JZMG1tTXM0dURNMy1rMjBodGVhemJ2RnpWZmc5QnI3NmQzcnVwb0xQa1NsLWhyOWt0VF9jUk4wNGdiUk5zODU1by1Kd2pRQllMSHBTaDk4UkVId25fUQ?oc=5
2026-02-20	Google	0.136	New Zealand expands sanctions against Russia over its invasion of Ukraine - Ukrinform		https://news.google.com/rss/articles/CBMixwFBVV95cUxNall4Q1lPbXN2dy1BMUZhYkJGQ2NrcUw4SW83YnZXeHVRVGE3N2w3ZXVkcGtIYi1JWTVkTW5PYnZtZEVqeHh5Y3lXLTdpRkxsLWlZRVc2bEpqMXFJNG1fZXlCeUFacUJucVEyQlZtNTRtVDlmQXZXVUh0d19HV1JLWS1fS0Rrd0dsQVJTQUJOYlRIVm9pSUdZNE81eHF0cVFFWWUwYXB5b1hVRjNXc21rcXI4blpndTJ2MkUzMmsxajdRT2c3T2l30gHMAUFVX3lxTFB5Q3FtYmhfZkhiS1EtVUNfUGtITlQ4WjVIeFpYd0t5NFRDSHNkN1JtbktZbTl0MWMwWHFxb3JMWnlwamlMcUFXZUpsZm9icVl5bm8wem5aNF9Ic0JiSjF1S1hkNFNVRUFGTGRLSzUxVW8zVzhNTmZNUldNVDJscmxiWmp2Yk56QXl4OFprVjNtQWZ5VEM4SVZLWnU2LTNOelpodEYxMU1tRU5Qbnc3aENCLUZxUTFDbnZOb3JjWHpJOWhxUlVza3Vyc3otMg?oc=5
2026-02-20	Google	0.125	EU struggles to approve 20th sanctions package on Russia - Latest news from Azerbaijan		https://news.google.com/rss/articles/CBMigwFBVV95cUxQOXpYTGh6VzM5b0lqN2d5MHE2YzBwMmx6WUhCTjN0dWhlUENmQW9jTDdZOGpJLUFlYXhIYWw1QmpHd3ppemdVVEk5TG9yWFkyLW13d1ViYzFEcXItazdIZlU4T1hQTTVWOVZuRGlQNTI5Zk5Gd2lIMFU2LUtiOHJWc3cyRQ?oc=5
2026-02-20	Google	0.104	Cuban Health Minister Blames US Fuel Sanctions for Medical Crisis - Fine Day 102.3		https://news.google.com/rss/articles/CBMiwAFBVV95cUxNekRIbVM1bFBMQ1JTWlotOV9SMEYzT0JXMHlqa25GbFRpMl9sUFMtTFZTVmZ0UnBzdU16UUZsNHZIWngyaWJEcHY1bUJaODdibk5JWS1Ua2p0V0EyTjFvU1VnUHZFaUtQdk82Nm5UdThyTnM3a1F6YjNNTm9wUHhncEpyUE5pYlZyTVdpcUVCZ0JBYVp3aGRvT3BnbWJielc3YnpacC1udGVsLS1RMHdSd0VuVnRHVkNYZ0FFQUZTUTU?oc=5
2026-02-20	Google	0.102	New Zealand issues new sanctions package against Russia - safety4sea		https://news.google.com/rss/articles/CBMihgFBVV95cUxQUEZSTjUyX2lfQmVtQnZJTmNET29GbnVBc2VHdmlmQUdHZkRjYnRRcTV6SEdrZVhBMk1Pd1pnSy1CenQtc3cybVlTMi1vTVpLdFZNbW1jdFJhcjNCeVNaUlRwRHl6WDY1dkpldUNLb29IcTd1TXVyLTNtVEQtYXlBb1VDeEg5Zw?oc=5
2026-02-20	Google	0.091	EU countries still at odds over new Russia sanctions as deadline nears - Euronews.com		https://news.google.com/rss/articles/CBMitwFBVV95cUxNVzB0WVp3eFcxLUJqaHdSem83SGRPSWxvWkFmUV9VNGJhMjNyNW1kaTRrUmxRWHZiMkVpLXExTmF1WG9OdkhuU0hUTEY1b08xQmJ2ZjFEWlNrVWFSNHMwMVBXT0lwdmtjVnhGbHgzVlUwRGNwQldFZ0p6TjEyaThzYkdJQ0JpLXFFYWxldW9Ga2xuWUdISFVXUm84OUFESFVBaXBsZ0E4OGRiMENEUmx0WHVUSVFxaWc?oc=5
2026-02-20	Google	0.091	Russo-Ukrainian war, day 1458: Russia's army stalls as Trump extends sanctions and New Zealand targets 100 shadow fleet vessels - Euromaidan Press		https://news.google.com/rss/articles/CBMid0FVX3lxTE01REVSQVM5YjFablZGRFVGcVFaX1VFdzhNanR2akIwR2VEWVZ6OVp5WnUxZzJvUUZhTGtSeUViRU5TM0RFSEF0Ml9Qa3FMNjNYSjU0dnlwU3oyTjRvOWJfajkxOXlxbmM3bTlpdk55VC1aTGlqaDNJ?oc=5
2026-02-20	Google	0.083	U.S. Sanctions Another Jalisco Cartel-Linked Timeshare Fraud Scheme Targeting Older Americans - International Business Times		https://news.google.com/rss/articles/CBMiwAFBVV95cUxQZUV6S0FhbVg1QlRjMU9qcVdmNUlEVWtRQlpncmlZYmw1YXpFa1hGMlhSNnJkZGpXemhqM3hmc3dtTGw0UjNndXdTYkppX3U5RWF6bVRKRFJHU0tiSFdQVFpXZFBfWmpKOFhQX01hOXVKcngwdjJzZVZjY0Rmb2RfYWN3T2xlR1VuX0FDZHU1MnJETnJVbkF5eFJwSHR3dm1DdFZqSE1WM0o1R1Ytcng1XzJtZkthSF95YmVrdVVnNkg?oc=5
2026-02-20	Google	0.034	New Zealand sanctions 100 Russian shadow fleet vessels and cuts oil price cap to $44.10 - Euromaidan Press		https://news.google.com/rss/articles/CBMixAFBVV95cUxQTTRBdVlTbHRwaU1ib1hPSnJaeEM4ekVJYS1wd1VURmpKU1M3b094VlR3UVJ6bi1oSHVpQzNKd1hNckVWOE5GMHVzcHNTU1NIVTdNM05iU0dHUWJrdEl3eDZ1QTlodmJTcG1rdHNrVE9PY19NWGx2em9BLWp5R1NSZlF4Q0FzSUdhdjNHRTFiQkVSeUVHbXJOTXlWenJwTG9aNElwT05sRW4zZW1lX1RfQjNRSWxFTjIzNUdaZFh1enlzZXg4?oc=5
2026-02-20	Google	0.0	Cubans fight with solar as US blocks oil sanctions - Arizona Daily Sun		https://news.google.com/rss/articles/CBMiwAFBVV95cUxObERnRjFYSms2Vjh0UUc4bUtCSndDZmVpWjFGYUpYa25OTWlSUnJ3WDBRQkNRXy1TVHhsek1NYi1Wc0NmdWM0amlFV2pRd1VDUEk2TWZGQVlvU2FuTWFteWZIMDBvZlc4dkw2dFY1ZkN1dUlMWHh2RTFZUnRCS29fQW5QNUdOU3dwYWZOOTFPWTVMWkRaVHBGNEFYV3ZUNTFkWWFReHJWRkxYanpFT1dMRTgtMEJsZ3ByU0t4QjU3N1U?oc=5
2026-02-20	Google	0.0	ESMA Sanctions Regis-TR - Markets Media		https://news.google.com/rss/articles/CBMiY0FVX3lxTE1PNlhmdWNfZTNPLXFHSS1ILURTNG5FZ0pJbjlWcmtiOUM3T1dESm1kUlVJQWwzN1ZkcjdMRlZudUg0d0Q2STVxWEZ2RUxJcUpXQlZwUFYteG5sZ3JNZUhZOXVMRQ?oc=5
2026-02-20	Google	0.0	ESMA sanctions trade reporting breaches - Investment Executive		https://news.google.com/rss/articles/CBMilAFBVV95cUxNQTNnX0R1dGtWS1JJeFpCdzhkWVJyekhzWTctMExqSEVGYVktRS1ZWmJxSmNqamFhV2luUDdFQjVjOFdGcmZfLWJCSTdNYjFPWHB4WHdWb0ltWE1CaTVSdHlFWVZkam0zTlk0dGxyaEFXNnBvWXNjSlRVajc3WFZaXzBRY0N1SkRBSTdWaUYta1hHZXJW?oc=5
2026-02-20	Google	0.0	EU set to adopt 20th sanctions package against Russia - Anadolu Ajansı		https://news.google.com/rss/articles/CBMimAFBVV95cUxPMW9BbFhPalNhS19MS0c3TnY1NkdmNlladWJpVGhpVGZzSnNxc0ZuUnNiUUVDM1RXcDR4N3JuRWRNMzd5eV9xWmNjY01EaU5NczZkbzlxcDAzYnJ3N2dkLTJ3ZzVWc05kT3NsQVZRRVFYR0tEZTNpQ2lQOEMxbGp3bDBST0pCck0wSTh0SHlvdGFROGZsaVhoNA?oc=5
2026-02-20	Google	0.0	Email blunder exposes $90bn Russian oil smuggling ring - Financial Times		https://news.google.com/rss/articles/CBMicEFVX3lxTE1jUUhPXy1MYWphd0RpVWRyWEM2Q2J4VW94UXRiQjlfYk9pV0JYRzVxNkJnWFFCNGc5X2tkcXVLcnNPQ0UzMXpGSGdyUVY3dW8ySjdJVGRGVmFDSUFIX19fZjdkLVByUkZDVGVBNFp1TUQ?oc=5
2026-02-20	Google	0.0	FACTBOX – RSF commanders in Sudan’s El Fasher siege face US sanctions - Anadolu Ajansı		https://news.google.com/rss/articles/CBMisgFBVV95cUxPM3k0VkhaSk1hQmZGRW5JRndXZEs4eUxoWUd5NkdxWklLY2tTcm5WcElwdlhzVGpkM3RqcWU1UzZxLVo3UXBXWTJ5NGVJTGNWSzE1a2ZTcnFWN0NNZjFqMHJ0eWVrLUZFS251NGstMVVWU0VhRnZ4R2pvc3BrUjMzdE1kdkpfVlhmT2R3Xzh4VFhVTElnNmNRSkFyRW1VbjdNODU2MjBVbHpKWUhWM3NhMUln?oc=5
2026-02-20	Google	0.0	Illicit Technology Procurement and Sanctions Violations - U.S. Immigration and Customs Enforcement (.gov)		https://news.google.com/rss/articles/CBMikAFBVV95cUxOUlVySVhTVXhPcEJsajZOYVo5SHZDa3g0b1E1a1hvbXR5aXZkV21jWmg5Vm1rTG5HODNHN0ZpUDhtV1hBUEhDd2NWcjFVa2JJbVk2TkJQSzRfN01RWm1tc3VFXzEydndtb01aaWhRRnRyR245Zi1Ka3FVS2VWMElUd0VNeFhkbllpOGl5U3FTRW4?oc=5
2026-02-20	Google	0.0	Iraqi Confusion Over Allegations of US Warning of Sanctions - Asharq Al-awsat - English		https://news.google.com/rss/articles/CBMioAFBVV95cUxPck91VFpzTzFDSkRtc09obVdyS0VNMFhyYW9vRWxIMkhlQlpBMTVDbkd1TWlMbDVNdlBrZmowUGFtX1RvWnF6eDBYR0l2ejlmTU9ndHQtdndZa2h5S2ctTmoyRWJvLWFFNXJBVU50WF9VM1UtTzNTM2JhOTRJUU5fZFdEeDFMWEJFMTM1TXAta2pENWV6YkpraW9HdVpRN1ll?oc=5
2026-02-20	Google	0.0	Leaked Emails Reveal UAE Network Moving $90B in Russian Oil Amid Sanctions Crackdown - UNITED24 Media		https://news.google.com/rss/articles/CBMixgFBVV95cUxQR3hXc2M1ZkFwdktfNXY1d2poZWlzU1hoWHF0Vzh5QTVYUHF0Vk45d2JtTzl4YlhVYW5vMG9PdWdWSUxoUHBpLXNlZDAweGRUMWxRNFRQQkZHczl4bExRZm1ib1AwR1VBM0hsLThQbWQxTkZHR3hfeHNLUWlUUC1RQVRDUVRXR29udUl5a3lvckp2Tmc2NUdBSFEyWTMycDNjR3R0eUV4R1ZCZlFCTXBDM0F0SkdqeWhvQjFjX1ZWVXVkalVJYlE?oc=5
2026-02-20	Google	0.0	Nausėda: “EU’s sanctions policy toward Belarus will not change, restrictions will be extended” - Белсат		https://news.google.com/rss/articles/CBMiugFBVV95cUxPbFpsWGVKUnN0MEFRVHJPUmpsOWdsMklpNmRkWmd1YnhXeEdmYUZzdTdDS0d1dXlZNFQzNmRNR3ZBSkZoUXN5NUVnTnVwalNsbzV3Y0YzLTF1TGR0RVlIV0lRdDVReXVOTEFlRkxGU3c1NUNRUVhkc3JGdmlZc2N3b0E4MzZKajlDZ2taLWd0XzRoMXVBM3NRZzZwUU5ud2tJVTZlLTU4RHN5aXFrOTJOZzlIOUdsWmJ2WFE?oc=5
2026-02-20	Google	0.0	Peskov found the answer to Trump's extension of sanctions against the backdrop of a promised $14 trillion deal - EADaily		https://news.google.com/rss/articles/CBMi4AFBVV95cUxQTkJ6RUM0Wm1HSjVoQWVYZDBldFd0LTRQYm4weXhIcGEtRG9GU3lhYnlkM1JhT1V3V2VQMGtrd2tmOGk0dmZ6UWFqSlJyQmNIMHJYdU1zMlBycnFnTUkwa1hyZ19hZ1A4VEdYbG9nSm1oQmg3bGZSbmZEZks4YkZPTTRQZzNQSWM2SUtuSFZzSDRlVXY0a2FFXzEzclFrSUJjOGExSlRZLW5pTkM5b01nRGhwVkVGS3VyV1R4VGZqNGJyX0NmcHRlcUUzbmR2enllUFA2T2gxLWg1OEpEZkxoOdIB5AFBVV95cUxPWmxlNFluR081WXBiTUE2MWdhemJwYmRsSDdjWnphVHBEbWRuTC1xbnlBbVRqOXc0UkRwSlNIc2x0UGdXZXFoWWg0cVppNUllV1Y3OElCQy1vaFlJN2szb2tlekNDV25qN29oeXlTWmRYckFCZHJpZElKa2d6MkZBUHlEa0xVWHp5NDduQUFaUDFWeF9hckxrb081VVFUaEVNVGJpdkpyWU9qQ1VLaUxGa1FOQXQtSUw2d05xTlpzMURfellNYzRNUDl1OWs0VkptX3dpeTlkRGFsb0lLN0ZoaVpaNUw?oc=5
2026-02-20	Google	0.0	Russia’s economy faces years of low, but stable growth - GIS Reports		https://news.google.com/rss/articles/CBMibkFVX3lxTE4zejJlbUNHSlZEVWxxcC02SVFzZ1RsVWtPdE9lS19OSnQ0X041UXQwSTItcnZKcENkLXQtTTgzbkpKMWU0WVQ1UGpEQngxdjNYdFJJa2hiSk82WmRVR0lvX2d1QzRtSFJ0bVRBcmFB?oc=5
2026-02-20	Google	0.0	Saudi Oil Catches Up as India Buyers Navigate Russia Sanctions - Rigzone		https://news.google.com/rss/articles/CBMiwgFBVV95cUxOV2lNM21aS0R1U3VpcVphZHdkTXZnVFFldG1HSXktTER5WExzcGN0WWZSNXRPNE5nSGVra0pnaHk5NjVuSkM4cm01Z0xXbGNRWHY2Ujg3ZzhIWFRpbFhXb1ZmSXlHRmMyX2lSaXM3MEZvWEo4bk5mWmpJYUt1djkwWnNpRXRDSk5RUnEwdXBNdkVqZzY1MThrX3dNNGxkOXM3RU90dzlWZk02WWVySEZ1LTQ1UlhSVmZtWkt2TzJCbGxiUQ?oc=5
2026-02-20	Google	0.0	Spain plans to ask EU to lift sanctions on Venezuela's interim president - Anadolu Ajansı		https://news.google.com/rss/articles/CBMisAFBVV95cUxObFhpa01WMTdIdFhyM0tDUlRjV21MdHo1Q3kyYnFfR2E3VTFXaTNvRVpkNmduTTRvWmNjbEZPc19WV2dFTkh5UkxmeldxbTJCdEV0Vzc3UHI0bmRNR2hhSUY4bnpPRGtQcTd5UHczS3FsbXpBa0lQZy04LUlUQmxZYkVONTNnMC1EdWdUS3FMNFhVUGVDWUV0dURxc1dJbXZ3TTdKeWVmSGZoejB4UG1QUA?oc=5
2026-02-20	Google	0.0	Spain urges EU to lift sanctions on Venezuela's interim president after amnesty bill - Reuters		https://news.google.com/rss/articles/CBMixwFBVV95cUxNRVd1dldkTDl5N2g4Ul83dDlQbHhtTFVEM0dYQnI4TjJHYjl1bk5XSHRrZGtRSGUyMHNrV0RPWHNnaTc4ZXV2cXRnRjBtMmhqSzFLVzdEaVBoeGpuWTVueU94YWVJVFpCTENCeDNrVHBvelptZTlIbm1sSDV0SEpNQzJNQVJqNHVhSzZVMFVGWkZPbk54WVRMUk9yXzY4ZzVDamNlVjBOYmVHNlc1czk2U3lOdU03Vy1va1R3Ty1Ya05relNaZUdJ?oc=5
2026-02-20	Google	0.0	Spread of AI Hallucinations Drives Need for Sanctions Reporting - Bloomberg Law News		https://news.google.com/rss/articles/CBMizAFBVV95cUxQZ0R2M0h6dEZVWjNRd2pZTEthTzFRcENYWnNDMkZqLUlWQ3VWak1wRHR6QXpRaU5BeUpUWmNXa1p4VDgwWDMxQTUzeDE4OS13enI5YmQ4RXo3bUMxSTRSWnpJSXpkMlA0aUlmVnlDTVduRXFOd2ZqSjlORWlkUURhalJFaUhjekJ1ZlpqVEw5VkExSk5wZTMyM1BNWnFaVkFETnJIUzd5VHdMaTdRTFhRWnhkQ3Z0cE9KNmF0U3NMekVRU0RuZWZnUUVtWEo?oc=5
2026-02-20	Google	0.0	The Energy Siege Of 2026: Cuba’s Struggle For Survival Amidst International Sanctions And Systemic Collapse – Analysis - Eurasia Review		https://news.google.com/rss/articles/CBMi6gFBVV95cUxNMFZTT1FldnNYQi1sMGFaTWNEVnFBYUhSdkZsbGsyVDFZTVNMVS1LeVdlWEQ2UktsQlBqbUtZNWtrc3FnUmpOZUpEdjljTURHcTVZdVAyM0JyMFNqUXBXYjdnUDhjeVJEQmpwRTkxSENvT3JNYjI2SjREeWNDYU9TS3duOU5scUlORktWNndoZlY5QUJLSjFCdkd0S010ZW5YVm9zQmIxLVdIS29jLWJwcjkyeDYyQ0JGRUdDSTlDQzdfVTROQWVpWkdSakFJV01QbU9jVHJ6dGQ4bzZNeVZsaU9vdXd2bHQ0VVE?oc=5
2026-02-20	Google	0.0	Trump Extends U.S. Sanctions Against Russia - Военное дело		https://news.google.com/rss/articles/CBMijAFBVV95cUxQeXVxMV9IYnhJU0dEVHVJUWJHdUhweHpUMzBEZTlXWlFGYW1QU21vNkdHSzhWbEFWck51SlNQeGZRZnBMUVVYYzZFMTR1ZWxrdnhtVTBNREIzWllwcWNMUDJsQ1NTaE1qY3hzaFloZjdHSmdmc1dTRGxBR0d1bWVzd1A1M3BvMmwtYXh5StIBkAFBVV95cUxNb2JIZkRmS2dHcG8zWkxVclhTM1dmay1xbHpwV05yVFFsQXlYUklZanNRRW1ISzg5SFlmaDNJUFBSY3RxNGp3S3BVTE1WS1JwUFExOXg1bWhFelVZdXRvcXMxeHA5clRIRHpGaWk0U1ZMWks0Z18wanBuaF81Ymw4eXo1d0xhdWlvUGh5QWdON2Q?oc=5
2026-02-20	Google	0.0	US urges immediate Sudan truce after sanctions - breakingthenews.net		https://news.google.com/rss/articles/CBMilgFBVV95cUxOZkc1Z3pOSFYtc1EyUElPYnhmSmhObkZQV252Mkh6RUxuSlZkQm1qQ05RWTBOc0tkcVpLZzAydFItLTAzTEpRa1ZBeUhzMV9SRGVWRnQ2Tk5mN3E5VktVZ2JPaE9EbHBuU04wa0dOR2Q2LVhVOGw5MEpvRUNYb09NWkpLWEYtdjJQSXhZcUVIeG5mT21Qdnc?oc=5
2026-02-20	Google	-0.133	US grants sanctions waiver to Serbia's Russia-owned NIS oil firm until March 20 - TradingView		https://news.google.com/rss/articles/CBMi4wFBVV95cUxOM2NwejBqR2t2eU5ySW9xb0VVOHZLNFhXX0lFOHpzTjRTWW1sV1ptLVB4UmJ1WjRxQ0tIM0JXYVE5S2ZwVFlSNkt5SkFSMnREYmVmZ3hrLVhfdC1HeEtWVThHVUtrTDdqR3Q2bzdFRW85Qk1tcUlzT08tYzhjQTgzY1U0VXI3bnZhZUVyR0o5RG0tWkZrSlVOVUsteDBSQ1d4akZoY1JITkdUM1VsVWFmNWpXQzhxclpuU3NUNnRhNlk2a3R1cTV6b2pFN2dmQkR1d0JkWFdOU3lST3pvUFh6dkxLSQ?oc=5
2026-02-20	Google	-0.167	EU Fails to Reach Agreement on 20th Package of Sanctions Against Russia - REFORM.news (ранее REFORM.by)		https://news.google.com/rss/articles/CBMimgFBVV95cUxNMVJud0lobjhtYXFOaVJ3X2V4MEZ4S3RyUEhQSklieFRzUnRfNmxLVWpNYU92SVVwZEI4X1ItSWZxRmNCQmhoc0tWSmxIcjhzcVM5QWJGLVV1YVloRFAtOTZJbUVoUTlzUFRqbl9Lbi1SbGREbnA4MDRYVzNVVG90eWFuQkpNckdEaUdqSk9pNkRYWWJsNjEyZHpn0gGfAUFVX3lxTFBQY1dEZEx2R01PY1M2NUg3cHlWN1E4OEtSWEdnOVdNVVdhcW9OV3VPQW1zVkFRems5UU5aMXJUVU1kZkxWb3BDX3dNRmJMZUdybDhvT1hPelpxTWVkcE91MlN2a25Ub3lkOTdvLXUtT0p5aHAzamNyRVFkMHRxcGFPTDR5UUZmcUNwSVNDVVd6eFZDazhLVmtQWEQ4NlZwVQ?oc=5
2026-02-20	Google	-0.2	EU's 20th Russia sanctions package in jeopardy, as diplomats fail to agree - Українська правда		https://news.google.com/rss/articles/CBMiZEFVX3lxTE5GLURnRVRPTU4xZjJWenRMR1BPQ3k4dWM0QVVMUkpHV0I5eU1kSmZ5R2dlcEs5ckhtYV9pOGtrOVRVTjFlY1ByQ1hQbmJUNUxuTlMyX2dyX3RLR2VwbV90enJrc03SAXBBVV95cUxOd3BnNXFoVUo3OVd5aTROaDBsWlNuY0U1dDlvdnF4eERRVVZzZzFtTWd5WWUzWDQxV24wVVBPRWFvMkFrQ1VDQk84dUZwbElsS2xRUm14Ny1CUkNPR0ZCQ2RKNm1NVUJ5ZUtGWE90bEJS?oc=5
2026-02-20	Google	-0.2	GOP Rep. Bacon: I support Russian Sanctions Bill petition. The President is wrong | TRENDING - The Hill		https://news.google.com/rss/articles/CBMiwAFBVV95cUxOWGg3SnZrejhVeEtZYjQ4NVdzQ3pkQTRMRzlKaE1LWnY3ZjdQU0MwQlJJVkg2OTBlWjZ6UWx6RUM5N0x1YVBkOHIxaWRRc1RyRHM3SFhlNjZON1ZtaVU3UHR2NDFWZ1NnSDJIbnRoM094LWVqNjNZWWxOZmtFQXVyMG9pejZrSXhIOHRXeFJoVEdVZkVldm5oQW0zdVNfeTJVakQxb2I1M2JnTnVxeHhkdElqTE9XVDZxVTdwaDlITjk?oc=5
2026-02-20	Google	-0.7	Shell Moves Ahead With Venezuela Gas Project After U.S. Sanctions Relief - Crude Oil Prices Today | OilPrice.com		https://news.google.com/rss/articles/CBMixAFBVV95cUxQZFlCMVZVQ3poX1RTdUlTZTdmNjgzY1RJM0dPdnBFWDVNVzJ5R0lJUWdFTnJUTjI4SXRJTWY4T3psWVAtc1VROEFpVGRoLTZBWWJacGV6bTloZUd6SmhYeU8yLWJxYXF1TGMxRTlxWVhtb3RiR3VLRU1KanRCTHNqM3c2a2xPWFpxaDFSdEJFdjFtVHBYMW11bUNfeG45dWxPLV94bC1nV3czVFRLUU1PZmlWZTNEUDZBZk5LUGswV3J6ZmtR0gHKAUFVX3lxTFBoZ2FlcDJETlJMaVI3R01BenB3NUh5TEE2ZVdaUnBZcm0xenBEN0xvUnpDTjdmRGEtRlNPaExod1BmeWFpWFNyR2hxSElUbWk1YWV1SWp6RUgxSnFnOS0zd191ZGlCTThGV2VSV2xqdjBHWW1ram83cFFLaE4zZXNuQzI1bV9yU0xCc084VFUxUElIYldGMW55alBlc0R2U2U5UXdJQkJaNTkwUzRnVjc4MXlHdFVtX191UkU0ZjZPRjlPdGhIcWFMeWc?oc=5
2026-02-19	Google	0.333	EU racing to agree more Russia sanctions for Ukraine-invasion anniversary - EUobserver		https://news.google.com/rss/articles/CBMipwFBVV95cUxOWEphTTJic1phRnBHQlVsNm9hRTFlMUM5M1VIdno0UjF6RVVZTUUxS0ItYUxvVU9XZ19JeVhmRzhSQVNVemlqVnlpNVE0a2J4SDhVcFlBSHNjM29PY1RRb0h4cnZHOXc0ZVZ2QXIwalhnNnc1cmVXNDFzMXJ4M3ZOZjB0NlNhR1ljcXRIaXp3Y05PczBOXzlxUDFVdmJmbDI1a2VoSVFsSQ?oc=5
2026-02-19	Google	0.267	Why your sanctions clauses are no longer fit for purpose - Lexology		https://news.google.com/rss/articles/CBMikwFBVV95cUxOWm5KOTROdXlXbFdObkZwNDVpVzhJWVZzbzFXbllBZ0NKLXRZSGM1dXRVRVNmeFhYNXpxa01FRWlKTHlPR3Z4NVY4T2xHd1k2R3UxRGtNbUFrNGdBeHdHRnZYcklIYVJWVzN6Smd3NlIxQTdUMTU1bS1CTDRYeUdwWE5HYy1BdFNaQ2dYWkJBUlh2dDA?oc=5
2026-02-19	Google	0.222	US Extends Sanctions on Russia, Calls It an “Extraordinary Threat” - UNITED24 Media		https://news.google.com/rss/articles/CBMirAFBVV95cUxNUy1sWWxYYjRPRjlNOXZIT3A1el8xZmdhRUw4bk94bFpJajJxa3c4WnFZSWlENlpVdmJzX3V2NHVYTkh2Y3MxVlNoNi1RT0VNNFVSNEE5eGVDaU5BNnNZTENhQlhTdjQyalBUYzdxR2lJbW1UM2tDZ2xzN0hfZ1g4OGM4enI4X3dGWmtpX1pfVmFCUmNnbTUtMFNYcHFvczRoMDFnVmlwV01Hdk1S?oc=5
2026-02-19	Google	0.205	United States Issues Significant New Sanctions Relief for Venezuela’s Oil & Gas Sector - Winston & Strawn		https://news.google.com/rss/articles/CBMihAJBVV95cUxOWXNzbkFrZGYxcTYxeUoxbFhxZ3FOT3ZlaEQ4dGZXMktnaHNHVW5WbmdkcEFNZ2F5WHRKTHNQLUZXSEJYcHFyUlMxekJ3VHp4NzJuelZmektfb18xX081M2RQSzlZY1U2bTFOVzZsX1RQaVBKNU9fZXF3TUpaVldhSG5vTXFNRTZQb244ekVIUnJLWWZ0VkxBa3BMVk1xUTV2TTAxd0YtMFlzTVU0RFhsV0pYTDl1SWw5LTBJZC1XYzNIUUh6ZWRDVmxPMkJ2VDQyTVI1Smd6N04weHNOV1ZDZDh1bGxpcW44NmRRRmJ2WEwzSGhhSjJMSW9xSG5QZXI0X0lqYw?oc=5
2026-02-19	Google	0.2	Will EU Sanctions On Russia Stall As Hungary And Slovakia Leverage Oil Vetoes? - Radio Free Europe/Radio Liberty		https://news.google.com/rss/articles/CBMikAFBVV95cUxOeDE4T2cwV2hjaFR1dlprOTVuUEZ5czl6dlQ4WjNUdGpZVUVIYklnOHhuYW5XNDdZQk5IVEs5aHczOEw1aG1BWEpENDB2QnNwOTBmUnJmU0s4RWtDTnhETWU5VGFNUmtjMHVTTDdJd1NjYkwzd2lMa1ZGcHdtMnpmY2M2OS1ldnNRM01HaDUtQkfSAZMBQVVfeXFMTVZOYWZYa2Q5OGtocG5mV1pIZm9QT3Btd2FsU2UyUTZfNUhjSVNBS3lMNjZITlQtczNJWnVzSG1WbWgwajJvWDZHZEM3bFNBQ0twY3ZsM1M4U3Y2WW81ZnA5aE9hX3ItamVoemFnQmg0c0F6OG9JRHpmN2FsTmYwdDRJMkFOc05mXzFhbGc1elZMTVVN?oc=5
2026-02-19	Google	0.107	Trump extends Ukraine-related national emergency, certain US sanctions against Russia for another year - The Kyiv Independent		https://news.google.com/rss/articles/CBMiygFBVV95cUxNYjJnem1zZlN6REluX1dtSmQyRVJLeV96OEtRWDF6MlZVbDFDNThGVDZsU3RuWXJWRFhKbk53RzNsUHNFcUJSMjYwZGJKdkluMHhpN1pQWXNwZmxBVlY5RGc1NWtBaGhnUF9OMVZlT2JxeFBndDNIOHZsS3JFVWtRekdGcllTMU9mT3lad3ZYVlVCbGFnSWY2NkpTQXd4OGNrQ1VHTVZLdXAzcnRhQnh4dl9TSUY2N0ZReFBPWnpZWEs4WnA1YnFzbHdB?oc=5
2026-02-19	Google	0.1	Putin offers Cuba support against harsh-biting naval blockade - Euronews.com		https://news.google.com/rss/articles/CBMitAFBVV95cUxOUExtdDU2T0ZfSGVzOXR2VmlvNG1mS2d3SkduREtZblFQUnA1Zy1UT0MxZnRaWWVxb1BKQjl2R0k3bklXalZhWHplSVQxZGxITGVad0VkN3p3cG1reG56SGgwMDE4UVVYamc1R1ptSVJFcWV6aW1PVW52aUhWeHQzbVFLVFZmUG45X2lmY0FHN1JfdVp5WFppbGpaMGowWi15WDV2SmtSUW5yVXdQMFZUQTdpcHE?oc=5
2026-02-19	Google	0.067	Russia publicly pitches $14 trillion economic deal to Trump tied to lifting US sanctions - The Kyiv Independent		https://news.google.com/rss/articles/CBMiswFBVV95cUxPbHo5M19rWXpfelpaWFQ1eDcwT2V2RFNZM2ZHOHA2bHd3NnNycUttdVZjV25hTlNsUkR6ckN4NmVRM3lkUkM2RHE4SEtNRXJhbGpzRUtkdnN3OTJMLW9fY0hISThMZWlPSlItcC1UYWtacVNyZW9GWmhTc3YxRHJVQXU2QnlzNnJTMDFpeDlLM0RMaWF3UW53al95VW9lbFpTalBFb3h5RkxZcFZYWG1halctMA?oc=5
2026-02-19	Google	0.04	Canada Sanctions Six Figures Tied to Syrian Military Formations as Policy Shifts Toward Economic Reengagement - The Syrian Observer		https://news.google.com/rss/articles/CBMi7AFBVV95cUxOTlFzdXNHVFV4c1dmRGRQYVRJbFB0YzJEYUZKenlQcG5McXR2TjVPUkZ3b0FNcDNTanFjeFJiYzZTdGRJY0dDUTdnci0xNHNRaG1nS1dZa1h0aTB6cFloSThicHdoclFGMmZfMjVxM0FtR2lreHNTelBPWGpsa3BYOFhfZjN1SDZ4QVMwaFFvQ2lqb18zNnB3UEtHNzJiR3BUeGFXVldKUmhLaERDbi1EUUh6cWtNSUhyZ3ZCV3ZoYnE0djU3UjhkTlZ4Y2N5WnozWFpqNTNabE9wZU9WVHBqbGRPX3FiWkVDMXBLSg?oc=5
2026-02-19	Google	0.034	New Zealand Slaps Sanctions on 100 Russian ‘Shadow Fleet’ Vessels - gCaptain		https://news.google.com/rss/articles/CBMijgFBVV95cUxPQ3o3VXA0eFY3LWVPUktOR0pPVWVYZWFaZFQwcFdtUDh4TTYxZzdWakg5VWk3V3gwc1JldHh2NGFZcU1iRno0UzZCblVyVHhQNlhGZ0VtcW5zN2VhOFR5TVZRRTd2ZF83YUpFZkpHNGxZdzY5WjRuY1FsRWZiWTZRbXlwbkdzWUJHc3dtMDBR?oc=5
2026-02-19	Google	0.0	ECB sanctions J.P. Morgan for misreporting capital requirements - bankingsupervision.europa.eu		https://news.google.com/rss/articles/CBMinAFBVV95cUxPRVcycmJ4ak5wQTVaY01hY2ZGNEdVcjFYQmx0dmQxT1FNdU1xdzgzVlp6MWxGa1FCRkxydWFaM3h6c082dmpWeWIxS2RpVklldUVvaTlfQjJ6bTFteXBjRjlJV296aGhLclFuSGl5WkRicEVPV2FYaU1ZLVkyVjZCamhUaVdibG01c2ZIN003S2wtWmxHckVLdjJwcDg?oc=5
2026-02-19	Google	0.0	EU terrorist list: Council designates the Islamic Revolutionary Guard Corps as a terrorist organisation - consilium.europa.eu		https://news.google.com/rss/articles/CBMi_wFBVV95cUxQcVozZmFFUGc3S1ZwTTRIaExHU3ZsNXFKSlRaWjRheExuS2gxZVJjcWFqcnBDTUJHc1pQOTkzX3VCMnpOOU1FanZwS2hPS1hGdGFJdmUwOWk2elh2bmZwZ1VxNzllY01za3Mta3JDZ0tPZ05ZbmJzSzBDTUFmTVpSZ1BONnlkQ2t3aFF0TEktWWxTTll4OHRYcWRIZmJjclAyOHFNOGxIVThpOTRQeTRzNXlQU1RuQzRDQjRSc0hPMER6bUdmYUtGS3pQZGE3V1FneU45dEdYcDVvV1R0LUxUanh5VWJ3d253YWkxdVpCdUxZU2Z0eW1xWnJ1bXRWUWs?oc=5
2026-02-19	Google	0.0	EU-Made Parts Found in Killer Russian Drones Despite Sanctions - Kyiv Post		https://news.google.com/rss/articles/CBMiS0FVX3lxTE5TNHFPU204Smg1NmNVNUtjdnc0RXU5WDBYQk1nYnlHSnJtRWR0bVJQemRRVDdGNTdQdHFtbXFTdHgwOF9rTTV0Z0FWVQ?oc=5
2026-02-19	Google	0.0	Eleventh Circuit Orders Ex-Big Law Partner to Pay Sanctions - Law.com		https://news.google.com/rss/articles/CBMisAFBVV95cUxPMmFtUU1nTGlTUDhkeUJZYmxjU3dXLXNZTXJOQnRZem96TUJTekpIeG96MTVPazQ3Rko3ZmpHRWtqSjNQWExuTFdzQmJtYmNST09fLU9fTzJmMTNzTHBTNFRIVGcwNXRrNzFGRnRsczRNVWRhcFdmcWd1cFJQbXE0ZnhvWC1TQkUzTERfWS01YWk4T1M2aXBjTV9DcTBkLTRucDJyeVFxRE5LcEg2STcyeQ?oc=5
2026-02-19	Google	0.0	GOP's Bacon says he would back a discharge petition on legislation mandating Russian sanctions - The Hill		https://news.google.com/rss/articles/CBMiggFBVV95cUxOWTNQU1RFT2d2bE5tRWprU3RtYmw2SmxyZUV6OWxERnljaUFnSGxVNVJDN2xhMml3VExGbzVkMWF3ajBrTUhHN0xVZUNNNS0wMVVxVS1WMDNWNDFsWUFfNVJfZEtZekZpLTZ5OV9wSlZKUXZhcjR0M1BQeDE0SnF3QXNR?oc=5
2026-02-19	Google	0.0	IMG Academy pays settlement in Mexican cartel case. Here’s 5 things to know - Bradenton Herald		https://news.google.com/rss/articles/CBMiakFVX3lxTE9oOEhpczZKbkVDcWhxb2R2cmxQTDg3R3Y0TEo0SUZZalVOeVBjMlN2cXo5a1A3cEZIOGE3QnZKYmZ2LXJzV1FWT1pZZjZPU09qYzZBRS1JSnhGMmR4ZkhndlNGSXFhSl93MnfSAWpBVV95cUxNcUxQNjgzeDJaTXNaN0UtaVpvZktVVlVFbUg3RmdMY1ZmUW9wNGl0aUZMaVlyaWFhRXRCM1I3cFBkcW1QM3QzT1dmZDFrMzVrTGFvRk9PdDQwaXQ4ckZaU2RraUFheVNEWTV3?oc=5
2026-02-19	Google	0.0	Journalism faculty, staff urge UMD to drop sanctions against student journalists - The Diamondback		https://news.google.com/rss/articles/CBMihwFBVV95cUxQTTN4ODctOGxnejhkeVNNcy1OLVFUeGZvelZIRDJ2QkNxSWtycXZEbTYyeXhpVHU2VzMtV1lSdlMxYlg3ZDZXN2FWYkNObXdvVTFjampfZldCRnVXN21NWkpuLWJnMzctSTNXZVhfWWFpRmlUQmNDVElBNFZXdkNoWkljSEhGbGs?oc=5
2026-02-19	Google	0.0	Lawyer for sheriff files motions for sanctions, summary judgment against Cannon - Pine Bluff Commercial News		https://news.google.com/rss/articles/CBMimAFBVV95cUxPTmItbGI4emF3YW1mTjBaYTJOaXo2WnM1ZGpqSmN2WnIwejdldFR3aG9ETUY2TW1sUzJSYm1Zb3pEY2dJTTI5ZmZnZTJ5ZGJNSWd6cTczRVVONGJiV0hWZE5ORGdDM091bHpSQlo4SU9HcGxNaFprNmt0NHhwV2poV1NHUDh4cXUxd29TRzU0TFE3SkFIOGJSeA?oc=5
2026-02-19	Google	0.0	Putin says Russia does 'not accept' sanctions against Cuba - Yahoo		https://news.google.com/rss/articles/CBMigAFBVV95cUxPOVE0R2h4Rm01amJwVjBaVFpBZlE0N2ZjTzJaN0k0Qm9rNGVmaFZTOHdoM0lpcXB2UWNtZmRzSG41dmhsdWtpTXhaeFN1MU5XclZDNUJXN1I4U3lPdGtzZEVBQkJFQXY4TC1JSEpHaUxnb2liRzktbER2d2t3OXNxag?oc=5
2026-02-19	Google	0.0	Risks Persist Despite Easing of Venezuelan Sanctions - Energy Intelligence		https://news.google.com/rss/articles/CBMickFVX3lxTE0tTE5oSUxmM0VnUnhXRmNKMENRWUh6MTA3Y0llQzR6QUJyTGtHQnF0RGUtbGMtWTJqVzEtdC1LWEtGenU4TUhkekRLRVoxdkVZaTlnM25JTUpoSnE0N0hlWGl4aUdsQ3BicmRMTGl3X1kydw?oc=5
2026-02-19	Google	0.0	Russia Signals Naval Shield for Shadow Fleet as Sanctions Enforcement Turns Physical - gCaptain		https://news.google.com/rss/articles/CBMiqgFBVV95cUxOQklOdmsxc3VhNkNfV1AzYzQ0QTVXYmx6N0oxSG1MRlU0Ukc4REgzVmk3VGhNc1p2cVJWcWp2LXUxTjNaOTRMWlk5YThMek9kaXdiSlpJbkRkU3RoalowV1BfeF9UbzlGRnFhdmZUc2JmTnI4VmIxdmU5UjBKam8wVDJzNU55TUpYNFlCVWtoM3otY1FEZ0VBUmtEZVJjX1FJQ2pkMDkyUWNlUQ?oc=5
2026-02-19	Google	0.0	Russia pursues alternative financial, logistical methods to bypass Western sanctions - Anadolu Ajansı		https://news.google.com/rss/articles/CBMivwFBVV95cUxQY25CU2Q5NVVhVGpnTm1zcUNWN2hxelpSamJIR1hwaGpyeUx4MnE2NkhrNEdjeTE4NGpxdlFDalpHYkwzYUVITl9SYjkyWEVkYXZaOUhwSk00S1lGZmNRMUEwVWI4azZmS3FpMGEwRDhEUmhtaXdzMkE3M2E1c3dYRkxDdXFRY1dNZW9NYXpHSFdVeFVpVmJoY2FJdlVDMkhLNjMwMGtOa0RkWnRud2FHVWtrdDM4dHczZlhPMlhmdw?oc=5
2026-02-19	Google	0.0	Stone Hilton Seeks Sanctions Over 'White Trash' Hostility Claim - Law360		https://news.google.com/rss/articles/CBMi0wFBVV95cUxPSFNwRkJoNldCRUh0TmMtZHJnSTJQZ0Z5LXgxRVMtcmdzc0JodlZmREJyVmtCTFdzQXdvNEttQnVUWDNXd1Q3Mmd4azk0RVgtMDU0SjEwVkQyalVYa2tiNU43eEtSNGR0UjJzaHp1a3VscF9LNUJnbWZjenlxSDhMX0JjWmtpWjYyY1ZDLS1NMFJHSDBlLTNmajdQcWQyLXdZZUNuU3BvWU5ub1hXaFoyeWdBUkhpWlkyX0xHVGF2SnVpMThNNnp4Y3FSQVJIUkFmMFZV0gFyQVVfeXFMUGRKRmVfMnJOYXRYVVFibXZSY3RLN2Nna3hfRXB3WEFMc3g1X1EyTDQ3ZUdGZk5iZlhNQkNwcXZDclp3MEdJSC10dGFiemFRZ01NcG1lRFBBSUFNNWtuWVp5TWFpdlJFYzhCNVd5MTY1Q1d3?oc=5
2026-02-19	Google	0.0	Trump extends some US sanctions against Russia for another year - Українська правда		https://news.google.com/rss/articles/CBMiZEFVX3lxTE52M2lTd2g5OHM5NFBIZDVYZHIwR2JQZnIwaTlTOEd2ZDY3NlQ2SUpoaUliWFhsWTdmN2JTeWVLMmR5ZUJYT2F3OHQ3a0hxTkpTT0Z5ME9wd3h0NmctSExNbmpWeC3SAXBBVV95cUxNZzNvOXVycWl0OC1xZGplWGNLak13bGRLNFkwaEV4dVFXZXN0YjlEZ3hwMlZVam9kSUNWRDFxZWF5NEMzT3pwZ3RmeS1UNnBXMWpfV2E2N3NPNjZBenUwN0dPX01kTnRqTV92ajhONDJy?oc=5
2026-02-19	Google	0.0	U.S. Treasury sanctions Mexico resort accused of cartel-run timeshare scams - KJZZ		https://news.google.com/rss/articles/CBMivgFBVV95cUxPZnVvbVBTblM3MktqbjcwNVd4cTljNUxuQ3k4bHZZaU5FeG5FeUNvUzRVSFlvbFB4THBRR2VsSlpiaDhhX09jSVNibko2WTJJaHRVWVIwSEs2NnJoajBfVmdIVHQ3bjJfYTNILXlBUjZCanNSdkdkb1NaN081Y2NROWFSY0h4aGVkbGdrQlp6UjJXRGdsNmVsTUVUdFVGYlhXdlA2T1QtRExiNzNudXJXMTJaNjJMNjV2TjBYWnp3?oc=5
2026-02-19	Google	0.0	US Sanctions in Latin America Have Increased. But Can They Be Enforced? - InSight Crime		https://news.google.com/rss/articles/CBMimgFBVV95cUxQUkowTGFTVkdxbHdhWWZEb09UNjd1Tm5sdzJlWllnWEs2bGtRUGR1UmFGeDlab1F3Wkc3OHU1NkZsamtqWXpFX0pOVlRxVlZpNTZIVnVscUNjOFBPWTh6TDJxdTJSMlJvSm9TaTB2dHdmU19lR25PRDhUSFVfeFdtWDAwU0FZX3JWbTdqbWxDNXJYcDRUUmVoVnhR?oc=5
2026-02-19	Google	0.0	US imposes sanctions on commanders of Sudan's Rapid Support Forces paramilitary group - Reuters		https://news.google.com/rss/articles/CBMixgFBVV95cUxQUDNKVGViYzRUbVZoWnAzVURweU93aTViRjFhQXpNaTBDSjgyMW5NZjA4bDJycVRndkNEVUNtdkRTZVRfVDZZeUNoX0ZpUE5reDI3cTF5TERxbUlZX0huY3Z3M3l6SWgtYmRBYW80QlVucm1yNG1iMnRBOFhuUmZDUnlzczlqSFhBZFcwOGJsYXN3T3Jua3JTN3VPbjRMd2JaNkpZcmIxcUtoUm5tYVBoaFVLLTdyOXRGNDIxRWdPcDlHSkN1aGc?oc=5
2026-02-19	Google	0.0	US sanctions 3 RSF commanders for atrocities in Sudan - Anadolu Ajansı		https://news.google.com/rss/articles/CBMimwFBVV95cUxNZVlQSkdRYzdvbmxLWWZPdV96TXR3TjVEbkFTdmpYNHpjajRKOTB0YWg5bjBfeEFieEI0c2l1NlVCbkJ6R1pMUFFqYmx4NVJ2MFQxcnY4QzhYdUsyNFoxVDUtVFc0aTBsOEpvNkJpdXVjLUxCVUdpU1REZnROSlhWNy1ncGZyTmZXOUF2MUhMeWc0QkFPeWpBYUp3Yw?oc=5
2026-02-19	Google	0.0	Ukraine slaps sanctions on Belarus’ Lukashenko for aiding Russia’s war - The Japan Times		https://news.google.com/rss/articles/CBMingFBVV95cUxQSTFVR1BaTTNRcjZGQXZuZWhnVmNrampQQTFWMy1JVkpKNmdjWExRMnVPbW5UZnVtdnRqOVFqaEpDZThMN21vSUtWcUpDUkllOWN2ajN4d2R2NklaYzVTNFpvdzEwNGN2TzIxV0Q1bjNoNzZqd18xeGVzQm5BX0p2VGp1b2N0Y0hEY1VKNGxtNW5aa2F5YXlPWlNWOXp2UQ?oc=5
2026-02-19	Google	-0.05	Treasury sanctions Mexican timeshare allegedly linked to cartel - NewsNation		https://news.google.com/rss/articles/CBMirwFBVV95cUxNYlVENENsQ1B2STdfakFvamlIWjBOMl9wU0s1aTg2WXNDNGhCRC1mRUpjTzZKRXdHU21oQUo4VGpqUXI2ZXpvOGI1cW9vOFhfRDMwWWdIUnpscFB2YU5QbG9mU01uM0FydGJlX0tIV1BLd092b2MxREphVmtFTVFoU2pVbkpITlc3UnAxb1JMTGFSU0UwQkc4WUNjN0cybVlGU3pid1d2TmV2aHN1V2pr0gG0AUFVX3lxTE9sc28tOXRJUEhESElpcXlVS18wcWZwZDZBazRwbks2WkY1OEZJQ1VOQmk5ajlaYkVDMUxIbnpoNXEtU19EdFZkVGFzRE5XRlo2cXZxMTVGUDJ4RUJYTkVIZXdwdlI2NEhsMlJvNEJobmowdk01Z25DbXNTeDRILXYwMnM0aEx0TEc0RW5uX0NVbXNnZ3Z4NDZva0NkT2o1QTQxRjRpV1VyYW53Y0I0a3FwWk8zTw?oc=5
2026-02-19	Google	-0.214	EU sanctions German journalist in shocking first over Gaza reporting - The Electronic Intifada		https://news.google.com/rss/articles/CBMitgFBVV95cUxPWDRnNmVTdl9Ha1JDWkVHVi1FUjZmWDVzdXJLOHk4TG1UYW45M29JbU9JUW1VcEZzeGdrOHd4bnp5MkF6TTRicDljOUI5dHhzaXhmQksyTXlGdUxsXzVleFJFN0pNOTBBRl9xdzdHVFI3eVNVSVp2NF8yRTh1Ty10SGM5TUt5emJqTjJSWmYwYVctb01salZ4VXpkV0tYMFZGTDJtdnpCOWlMN3gzQlBGU1RTaEgtdw?oc=5
2026-02-18	Google	0.357	Ukraine sanctions Belarus’ Lukashenka, to face ‘special consequences' - Euronews.com		https://news.google.com/rss/articles/CBMiswFBVV95cUxQdU8zMXRzb3hJa1JMcGxuZWtlQ0pucGhwVUU1U0p3TnlFQk9MWlQxaVdsd01rZTlrNVNPb29WbDlzUjkxck1JQlhfUVdqbUlBaElxbDA3NGRSODI5VjBqX01FTkVTTXV1S2t0S3czelkzUmV6cjVoOF9rSGM4c1FoVzhBMkl1LUxXNV9Eb3IybjFfYVY1NWZ6RDkycEJNZ0d4bndTRFo3bDNHcEdSM1J5MG9Vaw?oc=5
2026-02-18	Google	0.2	Sanctions inhibit development of U.S.-Russian economic ties, Kremlin says - Reuters		https://news.google.com/rss/articles/CBMirgFBVV95cUxPSjVTWEZqS1N1eFNVR0EyS2tTb2JOcWU0VklfcW51UzVNYjlRMUhlSHJYYzNSRzltQjU0WEx4djVkYzdrOS1NUHlrSkZLSUlSeTZzemxvdGd6Vndwb2gtUEkyc2lZdVdVR0d5bkV4djFza0ZzQmtldzBkSnBxUlllbUd2b09Ed2VoSWFiRjU3Ti1YRC1QdVZHZ1FtTWxPUTNlQi1jeml1UzI0N1QweGc?oc=5
2026-02-18	Google	0.183	January 2026 — Monthly analysis of Russian fossil fuel exports and sanctions - Centre for Research on Energy and Clean Air		https://news.google.com/rss/articles/CBMiqAFBVV95cUxNZ1ZXRUlPRE51d0tZWjRWcmYwV0JSTjlERVhzbGM3d1lhRHcwbkZEdmlZZWhXd2R5VjJiUVp1Qkh5VzNJSk55NWNkcHZuY1VHWkpWRUpVVTFnclNXakI4V3R2WHdZWTd3b1I5alp3NE1MWTNJY3J5cmRpeDB1cGNzSkVaczFNRFo1bU51Z0lhVHBTRl9ZZV9tQ1ZfSUUtVFMwTTAxeUR5eGM?oc=5
2026-02-18	Google	0.136	Analysis: Hezbollah hit by new U.S. sanctions while restructuring - upi.com		https://news.google.com/rss/articles/CBMipwFBVV95cUxQcU5OaDA2QzBoM0RpbG9RZ29CQ2VWREZBenRnZ1haekUza2JDcHBXV2xSdjhEdV93VU5YTElGaU13RkJialpSZHJhSU9wdl9DVjltaERURjN6V042ckxFbmhmRWd6S0xzN0tZZC1qbjlhdkhyNUYxN25lZW9YQ0lPLUNneTRDMUJtVkF3WVpiTkNiTUtnTUVuZkhuUXQybGJtRlFCdjZfY9IBrAFBVV95cUxOUGdEamZDamtpdkFQMHdYMnc4WW1CY0ZKbU1IdENXNzduaWZIZWg3X0ZkUjFwRXpiYlp3cWNjU3JSWHo1bHBSLVk4M0pNdEhRdXZ0akppaWl4XzlHY1pxbUEybWZTeXd3dGhBcEZWSGtab3MyVUx4cW8yeDRQSjl0WFRBVWd1NHRFVzl5VVI2QUNwcTBUMUdVZlg4X3YyWVhVbzRWcEl3TFNaVDB3?oc=5
2026-02-18	Google	0.12	US senators visit key Ukrainian port city as they push for fresh sanctions on Russia - Associated Press News		https://news.google.com/rss/articles/CBMioAFBVV95cUxNMEZUQklyNFU3YlZSX3VtWTNjTktsNEE1eFJtd2JacFFMTGdvUzJNVGVfNDdEbDFpcHZWWTVzbzZCd1dYdkNhb0xrRFkyZ2RoX3kxdWhrRFA3NzdQRVgwNkRGUlhNTG10aU5vSVFBckJNLVZYQlVFS09IXzFWUjBXNDBremZodmNTNDZDSklPa2lvVkJrUUZUNEY0T3Z4TzZH?oc=5
2026-02-18	Google	0.068	New US sanctions expose Turkey’s role in Hezbollah’s cash pipeline, sanctions evasion - Nordic Monitor		https://news.google.com/rss/articles/CBMiuAFBVV95cUxPbXJqMVBwLWpvbzBYbXFmZnpZQzZpU0NCbTVycVNXbGw1Y0s3d0oxbFNhYjhlak5QWWV2NVRIRzFXVUhEeWt0NWhmMVc1dHRCZ0gyOXllT0hNNFc2dl9rQ0o2ZTlLTzVIMDV5a0dvZjIySER0YjlXRE96RURYOGVxa2FUQjZaMzhwRGFQUmdJN3Y4N3RiMWxwWjFVQ1FtcEpHMnZPWmVWT2pfNC04cnJ3LXJTa050OWN1?oc=5
2026-02-18	Google	0.0	Crypto is shielding Iranian regime from Western sanctions - The Jerusalem Post		https://news.google.com/rss/articles/CBMiakFVX3lxTFBKMXBSeG5Sc0J0dDZoYUd2cWhPY2NUTEd3LW9MRGhaaF9QaldLcjBaZVJoeG8wdEJOUGFlMndDV3k3aTUwOVRyYTFPZTBTQU5jRFNURVNCZlVDQmpLQ2JJOVhCLXRxQlFBWXc?oc=5
2026-02-18	Google	0.0	House Republicans threaten to force Russia sanctions vote after giving leadership 'one last chance' - Fox News		https://news.google.com/rss/articles/CBMixgFBVV95cUxQUkE3ZlVzZDV3NlpFcjNRbFNvdGl5VGxJNlRRLXNMcHBFSlc1MktfUkZIdUhWUVpsUFBEVWlxWlk4REd3OFJPQWhyRlpwT0h2aHg0OWUyZXR6SjZWcVNkX21HdXVDc3pRRkVHcW51TmJ0dGlVNEV4LU5meHpnNXNKSjN6dmJZVDNCRWhROWZ6RjNCWVRfUENSOGlLdFZZNXJtWG5mVHJIV2pkMWpLbWFpYTN4YUUwNTRpSlVmMjZlWEdya0xreGfSAcsBQVVfeXFMTUhXRlFta1g2UFh0Z1N3RjRWLU1RcTRHMmExRGxGWV83TU5nN1JNcHFLR1FRY0ctejFhOVIwblRmRU91VlRqT2IwSVlCU0hzVXJTZzVvUW95LTM1cDZ6WUZTSDhTMlgyaGZRRU85NXp5R1lrQ1Fhc3VBSndwSDNGd29vbF95YnZwRTRFMERmcFJtWFBtNG9XaVlaN2k5cTVrbld4YmhMTzc2T2xqUl92T1U4aDJBWUNkenNSLXdHakp2UmU5Z0JMcWNQNjA?oc=5
2026-02-18	Google	0.0	How Can the West Sink the Shadow Fleet? We Asked Four Experts. - Kharon		https://news.google.com/rss/articles/CBMiigFBVV95cUxOYVVSQ1VmU2FwYUJ0NEhqS1lnSGxTcHpxOWhySm1ic0pZOHBYUWpvSXdPOWJNSkNYQnM3VGRnX1hlNVJYaUJnSWstR1VpYk1HcmkzVkswU3JUTWFrNU1Pb3k3LWF4WUl1OXpubFp3OERnalZZWWhwOFlVN1ZybEZreUktRC05U2tjcVE?oc=5
2026-02-18	Google	0.0	India’s Russian Oil Imports Fall to Lowest Level Since 2022 Amid Sanctions and US Trade Agreement - UNITED24 Media		https://news.google.com/rss/articles/CBMi1wFBVV95cUxORXl1NlhGaGxtSVY4TTRmRlN6S05SY3JmQUs1R3BNR3lWYjd2RFRROWpzcXlhaTlydDloZnBSOERwUGlmWUhhUGptRldIZkh3OXZYdGgwSVZoQ2VyY2huYzAyVnBaTzd6R3dhWU1Nd0d5X2hvMU0tN3FiemZodEoyUXhvSWNrQjU2VWlvbEY4UUxLNHpnQzQwRHhRc0hxNGVqcEJrZUQ3RGdQS05XZ0paU3hBb3NvX3JZMk50dFllVm1DVU9vdnRmQkJ5ckw4WVlxM3BIam41SQ?oc=5
2026-02-18	Google	0.0	Opinion | How to Bust the Sanctions-Evading Ghost Fleets - The Wall Street Journal		https://news.google.com/rss/articles/CBMikANBVV95cUxQMzgtMmRfaEkwVlJnUFkzZ2l2QmhGeUhHb2lGMGFoQVJaRHRZb2d0cUNYZ3o3RGQtcnVnNk91RFp5cFVpdVI1aEdaYV9RSlg3QWlybWU5X1RvTFJhZ2oxdVd0dF9mSkl2SnMxTVpVVVdweGRrMnM3Z2FMVzdVQUhNMnFWZ0hDb0JJVTVfR0ZxbXpMVXdWdEtFZHlnWHg3czZXX3l4bXo2Y01ubGEyYW9jcHlJdDlTUGhBXzE4a3JBT0g1cThTOGF6M0pIQjF5WjRMN0FjbGEza2MxWEZrQ211TDUxRTBnUEVxWVdQVkhMdnlnb0hWdUI4eWhfM2M0VlBKbHF0eUkwc3MtOTVqRlU2SDFhTUFpY2tKQ0xVTjJEZXJjby1hdkt3NVpjdzBUcUs0SlhIa2Znb1dsM1JxVFd4STlfZDhXdG1Gd2d1TG53Q1pjdVZfT0hCVTBmaG9xSERxTHlZbUVoQkVNYl9zX18yMXFMQmZtYm8yWWZRRTRUT1l3SF9CZTE4MndPRTNUUW5K?oc=5
2026-02-18	Google	0.0	Opinion | How to Bust the Sanctions-Evading Ghost Fleets - WSJ		https://news.google.com/rss/articles/CBMikANBVV95cUxNN3lvakJOQk1sSlA3cFJBbE1oMnNVVklQRGdrOXlva0NJUlF3RWgxYzhoVGp6VkgwRWp0Z3lkU0VOZXJOenFWT3daZUxuZTVFREVvTzJ5OWkzd1UwQTJoY1JYVXNNcUtCNDRQdzZ1OEtla1o1ckp4b2c2eEdLS3RJbnl4bkZHeER2T0hPLTRBU1J4bzduQk0wWlVzb2NxemZKQVEzRUNUOFQ1bmd3MU5LWUJNb0xwOUpERURBZ1p4NXhUQThuZ3VVLVduQlU3UHBnaWhwTTJMNDlJclptdVV3Ymc1N1dsYXc2WUVTZmFPZHFpcVhWc1Jza3FsZlRieFRZNFlDbkphZFRBak9heGQzbF9IeWJrMmNGZmlPNjc0NjFXa0h3VkJuaG40MHlUbzQ3QVpGV29iVVNPS1ByMGV2S2luZDFsbDFqU1R6VGZmcTB2eUkxR3MxcndtYXBlTjZYd3o1ZkxjUGRfRnBEQnlmUUJhWmRDZW9ZdHhYenFTNjlnSmZGakoyWXBOdGpxRkNy?oc=5
2026-02-18	Google	0.0	Russia does not accept sanctions against Cuba: Putin - Anadolu Ajansı		https://news.google.com/rss/articles/CBMilAFBVV95cUxPZmhBX2ZVUkY2dFAybmRhdVZpOGpuLWlpUjVwOVhYYkNFLXJIcXliSnNfQzRVVlEyV1hDQlJDNUQ2a2lIbHJKdlZhSWNyNGFHM1FhVXhHb2M0YmVvbXZSZXZGbjJUMmxBZDhvdnJUSlR0MHdjRS1xZDR3WndYVXprWmlaVUNSbUU3VlR4OXdHa05EekVY?oc=5
2026-02-18	Google	0.0	Sviatlana Tsikhanouskaya’s statement on the sanctions imposed by Ukraine against Aliaksandr Lukashenka - Святлана Ціханоўская		https://news.google.com/rss/articles/CBMi2AFBVV95cUxQY0F5MzdDREtTX0xxdTAyMU91MU5acGlRYS0wbVJhT2c5bjUxdEZpbEVhemlFRVNCVllUc1ZFLXVoMEU1WjJ5STBEdmdaOUJVSkc1ZVJPYkxIckRBMnVCbVBzX2JsUUhlM21PbFppOW9HUG1ZaVhvR1Y0bU5MRGxfMXpOdzgzeGNiQkY5Y1VadXVlbUNfNGU1OHRoSXA2X0JxRVFkcVlVZXVITTMtWWJ2SWFJQWU1eUg1blZKUXlITERDNG83bzdvcnduMEhtTlR6enJtdkhUSjE?oc=5
2026-02-18	Google	0.0	US sanctions Nicaraguan prison director for human rights abuses - Anadolu Ajansı		https://news.google.com/rss/articles/CBMiqAFBVV95cUxOQzlCdEUwVzV4bXl2TjB5eE1NTEJ6V1M5WHV3NkpLalFUdDdQQ3YwM1M4NXNvaW1ZdW1kRkFXb0x4MG1VV1NLYUJzWDhHcnBXdmhVZ0pXWTJ4RjczU210OHh3VFZiZ1FlSG1lODdzTUliS1dyLXB6OTh2UTMtM0hzckc3YUtCUnJpNGR0Znlya0RaMUtkaUE2SGY0eEdFWmtfRTlCTFR1SWM?oc=5
2026-02-18	Google	0.0	Ukraine imposes sanctions against Belarus' Lukashenko for aiding Russia's war - Reuters		https://news.google.com/rss/articles/CBMizwFBVV95cUxNNW01aG1xWDZ2OVFHeGhBTjZtdmJJVnFnTmpWSGVOQVFsNUpHc0xpamdKRTQtd1JLaW1LWENpSkR0TTZkbDJyMHU5MnNVY1ZtRF9GcEtucktLbTh2VFRsRWVWMWxtM0N5N0RkcFlDS3JoVFNyTEVvRG9BZEpfX0VyRWJkMXNlcWt2NDJnUzZNem9XZTNlRHBZRFhJclgzSzlwTnh3WmNmN252YUNvWXV5QUI2YUYtbXpqZVoxRGFhcGxZWWhhY2NfTHVWelJyeW8?oc=5
2026-02-18	Google	-0.04	Sweden Arrests Russian Citizen at U.S. Request Over Alleged Sanctions Evasion - The Moscow Times		https://news.google.com/rss/articles/CBMiwgFBVV95cUxOV3VxOVpkOGpad3lpX1ktXzBXdzR1bE9jMDdXcDZpV0pBY2VoeDZWYWdaT2hHaGtHbHQtMFJITk1Mak5WTzFVOVpwdzl6ZF9EN0VlVUhlYUQ1MC1rVHVrdENwc3hnVXhaWXlWN3NCN3M0VEZuTV9SbXpxdUlNdFNyNUctSDg0cFVOSUxBLUNYSUlmcDhnSDlzMk5fanV3V09DUk8tTWNKOFc3elZSRXA1bVFVMWpOdUpnWWtBek1lUzBEUQ?oc=5
2026-02-18	Google	-0.05	Southern Poverty Law Center warns Fayette about sanctions over garbage bills - News From The States		https://news.google.com/rss/articles/CBMiugFBVV95cUxNSFlfczhuMFdMNnBfbE9WVjRuTklxNzNuSVFXRUZNY2ZVcHdUdjcwWG1NQXJMcExmaHlSbEROekUtNlRSc0lwR1R5a2ZRMXRUN1p5V0ZaYWZyTHY0S2FlVnFORlVvUlFhREtIaEZmZ0FSTGV0OHNveDZmOXYxdmJ4TGZxX05MN2JFQzQyUllzUUxsbk1mS3IwRmhTMWRmc2JzRHM2M1AxWE4taDE4MnN2LVJET0pBT0VXOWc?oc=5
2026-02-18	Google	-0.062	Putin tells Cuban foreign minister Russia will not accept recent US sanctions against Cuba - Associated Press News		https://news.google.com/rss/articles/CBMi4gFBVV95cUxQcTF4Nk9vYXRLUFhPSmtwMHdINC1vNUZIYjc0SWJTLWxYNF9SYzY3dVN2RHZsdF95X05sZVpUYU13R1VWZnNELU5iUDRxeVh4SEpYSEpoMzJmS1BvLUplbTFfU1lkd2gySkNGdWkzMUdELTZSai1tMWFXNkYyM0sxS2lxY0dMSlh4VzRSUkh2a2pZVGlMMnVXeHQxSFh2NGlsYkdPZHhZTkRiWXdBeENWSDdVZEpvbGlIb3NxTmN0Ylkxa1lnMnRrWjVudnFiT1YzN0R6YTdFbHFZU3A4dW9PUUpn?oc=5
2026-02-18	Google	-0.1	Credit cards cancelled, Google accounts closed: ICC judges on life under Trump sanctions - The Guardian		https://news.google.com/rss/articles/CBMioAFBVV95cUxPZzgxUVRyZ09EZTI1RmNQd2lvQzBJSV9YN3UtTm1ob0hYbmZRLXUzcHNiX1JWZkpWTmQ1RHdDZ015bzQzSG5SVUs2dGRqazZrWjZXb0ZDbkxkYTVhY0ZpUHA1N3dVMHB0RXFXWUJHZDJrNE4wZXdteEVrUUFfVFJlTmxfTXluWTR4cTd1cm9lRGg0b2dwaHBmNEhtMVRpaUE5?oc=5
2026-02-18	Google	-0.114	US sanctions turn International Criminal Court judge’s daily life into a nightmare - Euronews.com		https://news.google.com/rss/articles/CBMixgFBVV95cUxPYWJaMVV4YnpIZkdZSUY0bUZ2ZThHZWhHRGdyeTlVOXliR05qcFBEZFUtaWFUQWpMMFpxdUdnZ1B5RGJCR21RNEpfRVh1d2dTUk5UaXpTUDI2WktRTVdlQ0pSYm0tdk12UnZxWEc5c1J3ZjFoRTN5MmxHWG9xQlhucWJjT3FGUW03OHA2SnpubUx2QjQ1UmpBb3RGczV2REltM0haT3hGV20zaVZGV01aTEVuZE1qc3pzdV9LYkxTQzlFVTJVSnc?oc=5
2026-02-18	Google	-0.125	Canada eases sanctions on Syria, foreign minister says - Reuters		https://news.google.com/rss/articles/CBMipwFBVV95cUxNUTV1a0pDN3FqQWpBWkdVdi1kY0JIUEJhMUt2amdFY2o5RDlEVms3S2JQeHg3Z0FWczZXNi12TVRQWnpsOUJ0OHlOa0JMTThqYzBEVWFzWjQtVWNsR054Y0d2V00wXzlnZHA0OENmZVNURk5FdFlxemRaWWNSd0NTZkx5NXlHYklIRHZqWXZOYVlzT0V2ZWlpaG4weHVwV2t0MTZvdG5OSQ?oc=5
2026-02-18	Google	-0.3	“Inhumane actions”: China fires back at Trump's sanctions and closes ranks with Cuba - Progressive International		https://news.google.com/rss/articles/CBMi0gFBVV95cUxPY2hIc2xVOVp0eHNLUE91YlNoNEtHbnpYdm93QWJaLVVWSS1XVDR6SXdYc1lQSjJ5WDRnendtck5rWDBDbzVjVkJPcUdnX0pNblMzeXQyekdsZVBoZEQ4MlhRYUdxaEI2dnVfQllUd3g1cHhMNjVKUWRKS08tYjMyT0J3SEJyVWstbnVfVnRsWFdheUs2WE42bHRfZXhaVWNCOU5PWHVUUEpqdU82RlY4ZWxwcWdVZXJWd0NoWjJ2alYzMWw1OUY5ZUtjTjFiR3B0SlE?oc=5
2026-02-17	Google	0.5	EU Countries’ Resistance Risks Blunting Latest Russia Sanctions - Bloomberg.com		https://news.google.com/rss/articles/CBMiswFBVV95cUxOeHdhLWFyMUJfRWNYVlJiSkVRemdqcnNZYnBlbHRISzlqa3JGV29IQUxTcTdOTkV0b2NOSUhCcEEzMWhpZWFRV09oRkV6VlppWUE2ZUxqRGwyVE1XeGQtcktmaU0yaTk1dmQzU0lXeFJ2M1hWRWl2M3M1YVFrUjhIN3JNS3E4dl9hMTI0MGY2ZV9BeVNDaEMwWm4xbDFLaThGc1lNV1RQX3RRdXk0UlRvQnp2NA?oc=5
2026-02-17	Google	0.32	Uber wins sanctions against lawyer for sexual assault plaintiffs - Reuters		https://news.google.com/rss/articles/CBMiswFBVV95cUxQc2ZvTnRJWVBUTEk0LW9LeFYxZlZQOHBneTU1Sm9NVnVMMGZ1MFEzdWtObEwwTTFmYlhLT0tBcVV2WEhlT3k1OGkwT1oxUkc4Q1ZUbDFRTHppOE5RckdIZkRsbG1tZ04zWnFuV1NHY3dxa0tuWjQ5dEhlVjJIMTdQQXU4RUFXMDZHVXJ1MTZJZllDOW52RlpFVDFzTnI1OGVCemFpaFh4bmxNQUdGenlTQ1NHWQ?oc=5
2026-02-17	Google	0.15	‘Economic fighters’: the volunteers helping direct sanctions against Russia - The Guardian		https://news.google.com/rss/articles/CBMinAFBVV95cUxPX0ZkYmsyOElfU2tuVzcxMTFieWhWMG1lVXl3SmtGbzVUSElWbzE0c29qMEJpdnFnc1Vfb2kxYmRhU1I4aUVPWUJ1bzRyWDF0LVhaUE5PZE5tcnFBOS1yUGhLb2dObFNzLTdfN01VYk5DM2h1VmFZN0NINHBxQl9VQUVkeEI2RndQc1hxdUZadUlCV19GNWtnbFhndGE?oc=5
2026-02-17	Google	0.0	ICC judge hit by US sanctions urges EU to step in - Le Monde.fr		https://news.google.com/rss/articles/CBMiwAFBVV95cUxOX3N2UFhqUXpQZTF6Q25IMVkzRFcxZEFvNHZtUUgwYzAxeS1KQXQ4NXdRLU04WEQ5eVlRTkxKbUI1dkpMSWc4clRleWtxVEN4YXk4QkNoR0lUSDlhZERHY3BiR1U2MUMtQlZLZHlZZnBFa1A4bUFnT2FoQU44N2xGVDM2WGROaFp4OEV0Ykd2UV83UDRLQzlpQWd5a0VmYy1hODRMWFVzZWRnLW1KbERhWVZCeU16YXlHalFtMXpLSkY?oc=5
2026-02-17	Google	0.0	Sanctions on Illicit Petroleum Traders to Support the People of Iran - U.S. Virtual Embassy Iran (.gov)		https://news.google.com/rss/articles/CBMimgFBVV95cUxNUzZOZkt3T1NYUkJmZFotTGtlRV8wRlgxNzVnMlRkZjBmaHUxVFRGckJhRzVkRHM4Q2p3M0VCWVkwbWc5QnZIdklEczUtanY3YzZKd1lkczd5Y0FZZERQRm1QMHdsS2xNV0RWMm9LYnFJcUx6cU14bW5uSlloSlk2bmYxeEVZdTJzcWUwT0hQN3RfVFVnS2xJRk1n?oc=5
2026-02-17	Google	0.0	Trump stalls vote on bipartisan Russia sanctions bill - Semafor		https://news.google.com/rss/articles/CBMinAFBVV95cUxOYWVQLVNHWm9MZllwcHo3Z2s3SnY0UUE0SE55UGE1Y0VfejgwMVlrZjgwdzNPNEU0M0w0aDJ6ZFJQTEtxMEFKeWtYZ18zYXdCLWZoSW9EMDJfQ0lUdDRBQVFKTjZNQTgxSTBZNUVyRnVSVGFtcTZkQXJBSDRzejBuQkhnT2N0OXQ5N2o2Qm5EX2psM0pXSUlEbi1naHk?oc=5
2026-02-17	Google	0.0	UK Financial Sanctions Compliance and Enforcement Update - WilmerHale		https://news.google.com/rss/articles/CBMizAFBVV95cUxNdFI4NzRzNDFuVUlvVlZ3alZkcjZYRGxBdTE3ckF6YmdsNDV3VFBuVTNudFBVbktGWGc3UmJDU3VwamhWMHBXMGw3TmwzQW84YWh4X2kyNWhqT3RJMjJKWTItbkpTZDBDZEctWjE0cFhlQ2FyS0NyQUl1QWdQT25NM251a1RhWGlzSkl1NlcwRm16T191eTNFN0hIMzkydUZKbDBtaTljRkFsdkZ6N0pXOU9fVkhLNXVlV3p4OHBvcjlGNVNneTFEeU9Lak8?oc=5
2026-02-17	Google	-0.1	When Oil Sanctions Meet Dark Shipping - Kleinman Center for Energy Policy		https://news.google.com/rss/articles/CBMilAFBVV95cUxPR2dOTWNqdjJnRWJWZkwzTU1BV1AyeUtRUDAzZFoyN2llZjdMVXJMSkFMMXdiTWNYTG51NWljRXphVmY3TWZ4RlJXVjR1dGQ4SlNxbXh2Wk5USDZCU1pLLVM2cUxabXNtTFNiYUFpN25ISnZjX1BRYmlaRFd4UzhCaldTekljbWJWYUxueFpyaXkwZk5R?oc=5
2026-02-17	Google	-0.167	Delaware City refinery appeals two state sanctions for past emissions - Spotlight Delaware		https://news.google.com/rss/articles/CBMisgFBVV95cUxOM2xHQmh4VGhVcVh2N1lNaEN6SDgtaVE3ZkFWNUpMTmpxT18teEpSaDJxUmp0LVpwbUNtNUdiSEVNMHI4TmFQenJseE52aU5EcnBzMUJ0cjRpZmZFSHI4c2lrZUdITXZyMkNKOXVqdkx0NG9kV08tWnlxSWRiVHJGa3loVUhwNU5nTThROEtOSFMyQmhaclE2T2gyamZGblZoX0tpUzJUNGFrOFlxaHFGMWpR?oc=5
2026-02-16	Google	0.136	Senators Meet Zelensky With Hopeful Message on Sanctions - The New York Times - The New York Times		https://news.google.com/rss/articles/CBMijAFBVV95cUxQdFNFTW9CVl85cUxVeVg2aGFtczlRLWdoLUx1cTY0bGRETWpFZTlFMlE1VzQ3YzVRQWdGaE5YenkzVWhGTlRUWl9uUW5nQU5NMHJlSTN1SmlFV0R2Z1dyUHZ3a1dMbEJCS1c0YmlLYW1kOEplOW1aSFZSQ3plV1VKMWh5UGNwbkstX2JsNw?oc=5
2026-02-13	Google	0.5	Exclusive: Binance fires top investigators who claim to have uncovered evidence of Iranian sanctions violations - Fortune		https://news.google.com/rss/articles/CBMimwFBVV95cUxPeTgyeGpNUTlMWEVERGUzWXR5N1BJLXZTTzFsLVZBazdwMmVNZE1jeHNCUFRva21id0s1eWFzSE9nYndIMVY5Z0NWN1FwS2E5cWoyblMzX1ZwWVpFUDYtVVdSYWdxeG1zVDdLWS1lVzZYdXhPRU5GZmNKamNHTDNPXzQ5ejc5dUFrX0VkYmIxXzd5Y0xzZy1aUkpvNA?oc=5
2026-02-13	Google	-0.125	U.S.-Cuba Relations Explained - Council on Foreign Relations		https://news.google.com/rss/articles/CBMiYEFVX3lxTE56ZzdXZWFsNHk0MEt6OWExR3NwSEliUUpBMjFjTU1saW1xNEdJZlNvRU1rSk9oQ0JnNHhHdmhwSGNNYnI4X2FNeGFWWEVMN0RFcHlfTGpva0FNYTVET05ISA?oc=5
2026-02-12	Google	0.0	EU proposes sanctions on Georgian, Indonesian ports for handling Russian oil - Reuters		https://news.google.com/rss/articles/CBMiqwFBVV95cUxQSmF0YlpISU1LNm9adUVUOXdaemlFbG9hTzFHUnUxX3N4Rm5PYURNc1FSLVVHTm95bE9BSHlsZVJLZE9HazVWVG1CTk81NGh2eFpKeDh5bTdiYWtlRDh2ZjBfZ2JZcTV0ZDVGV2NOdU0wRG1HdzJ4WXBhRER0REZQMm5WSVdPSVlhbkRRa0p1ZUV0c0NXdnBaaDQ1cnpwVWxjejZ2ZkhHbThPSTQ?oc=5
2026-02-12	Google	-0.125	Foreign cars flow to Russia through China, skirting Ukraine war sanctions - Reuters		https://news.google.com/rss/articles/CBMi0AFBVV95cUxNTXgxOEdfc0pSMEFRbGxMZXU2c2VuMzNzMGExTUR2WlFfODQ5Z01xa0NYOWNFdU9uYllaR2ttb0xQNVQ2QUJ4eFRGS19CUWhZY0xraHZBVmNlY1MyY0ZlaFdoTF9xckpzVmhTRF9tNEVjOV9JaVJwZWF5Vi03dG5ERzUyOE5XLVctRlVSLVJ5YzFYcFpWUWF0MEJsYXRSSG5Dd2tka3NYV0pOSEYtZUwtMzFwRzB4TkVXQ0d5QlQzb2EwMHcwTjl4X1Q5MTRnRnlj?oc=5
2026-02-11	Google	0.0	UK, EU and US sanctions on Russia - Fieldfisher		https://news.google.com/rss/articles/CBMiswFBVV95cUxQRkR0OE4zakg3ajgzTUI1UTg0cnk5LUlWU3VfcmdYb3VwSWJYVE43U3lXWHBGb0Vza0huN2xZN1BOM1dtZFg5YWFSYUU4T3p2TlRuUUl4RlB2cDV1QjdNVGJ3SDRTOWZkUUFpMVByc1F5TV9GWHFNV2REempsczhtRlFzNUJKZ093WTJVX0I2bDlDRl9IbGJ2NjhPbXZHV3JZRWQ5cXpJakpWYlRSVnpOSGlJbw?oc=5
2026-02-10	Google	0.0	A Guide to US, UK and EU Sanctions and Export Controls on Russia and Belarus - Debevoise & Plimpton LLP		https://news.google.com/rss/articles/CBMimAFBVV95cUxONVFHQlpEUE1INlBybW1WcVJaTTdNZXVUT1hvVWF0cHByRG1aY2p0RERRVlRqc2dFRnZ2OHdaZzlPTWZxLVVEVWVBUVVFT2ZieWFhS1FoWmZvTDZLeFVaTmRxR1JGdzNpOTkyOXBmYVlDZHNpVmw3YkVoWjZYUzlrSnktd3U0aWhiR0xHOHI0Ul8tYTBtQUZ2Zg?oc=5
2026-02-09	Google	0.0	UK Announces Updated Framework for Financial Sanctions Enforcement - Skadden, Arps, Slate, Meagher & Flom LLP		https://news.google.com/rss/articles/CBMivAFBVV95cUxNWll3ZGZMOGY1enh6dFZfbV9CaFVpZVBxa1N6SElRVkJoQ2w5QTRFQUZ1ODVDQklSbHpjVTkzU1ZxMjRieGxzeHhxQWZhZ2E1LThHb3VuM1JLM3ZTaC02aW8tcXlMSW1ELUd3Umg2WXFNeUtaSjFYYlhUYm5kemwxWlpzY3hQTTBqSnA1S05XSDN0YXVYYzlFYTFLOFZSSy1RZXhEeDBEclRoZlZOLWNyekE0QnVTUkNHQUJCaQ?oc=5
2026-02-05	Google	0.244	Sanctions having ‘significant impact’ on Russian economy, says EU special envoy - The Guardian		https://news.google.com/rss/articles/CBMizgFBVV95cUxPSDR2eHdnRHNIdF9vVG9Na1NqSm80X2dkMHZuNi1pbER0anFsYUJtZl96RVNadHRRa2F0LTNIN1BtelYzRGIwMldCYUx2bk05MGhXcF91TUdzUE5RWE9TUFVpdFNkQ0pZQ19PQXoza1ZBUTBQZXBNMDJzTEpJOEczRXJfRzZSSnlBU0xXUVNoS1BqbjNJSFpDdEQyenBxVWVuYVIzeEpuSUZsLW4xTDR4My1CQ0xqcGRzRms2dFVycU9CNzdmUlZnd2xQNzY2Zw?oc=5
2026-02-03	Google	0.0	Stiffening European sanctions against the Russian oil trade - Brookings		https://news.google.com/rss/articles/CBMimwFBVV95cUxQWlNPcHQ3bkY1alBCeDF6V2FKTzgyZlY5dVNiZjdja2Fnb0RoZThSUHpDaDRKRVQxaTY1U0pKbWU2UHBCU2NnQXd1NVFWRHpmQ1JpWTdhb0w5RVJLN0VPMGFJRU5xclhVaEt3OUNuY1hzRk50bDlXMmVIZ0VTWHAwM2I0Z1ZwM2hIaGl3OEJsUlJVLUVoekhuNl8wYw?oc=5
2026-02-02	Google	0.0	Human rights abuses in Russia: EU sanctions - consilium.europa.eu		https://news.google.com/rss/articles/CBMiigFBVV95cUxOMEx1eWdpU1R3SWtQZWx5NDJLLXUxTGFuTFVoZXFoaV9nbUZDd3RkdlA0UjN5aVZtUXV6ZG1VR0tpQ1JuUkcxVFpwQnp4WmR4Yi1PTW9KM21ZamxVd3A5ek1GNXM4SjBGZWkyTXpPMXFad2RGWmgzYVVMbHVMcTJjYkxSZGM1WlhPakE?oc=5
2026-01-30	Google	0.172	Updates: Trump doubles down on Iran threats as US puts more sanctions - Al Jazeera		https://news.google.com/rss/articles/CBMia0FVX3lxTE91SnpucXZKbkZmbDVSTXNKMDNFMlRVb2JYZS1QZHlZRV9qN2kyRVU3UlY0NUpmMWZvSTJYaXRuYXFZbDNNbGlJcFpFZzRCWmsybkh4SDJTVGN2ZWJqa25Qak9XN3dvaVhpZlNZ0gFwQVVfeXFMTXpHRmkxYTJqemNPZDNzMmVrYkozcTJ2LVZIZXdpYlpHT0xhSFlSVm4zTTlYMG0wMEJIVk9nb2RlQ2MxbFdVQ25DRnRfZFB3R0VybmhBbDVGbEVrQjhzVFlZVEpFTlJvQzdVUlV6YkVCTw?oc=5
2026-01-30	Google	0.0	Russia's hybrid activities: EU sanctions - consilium.europa.eu		https://news.google.com/rss/articles/CBMijAFBVV95cUxPc1BrME1hSjlrRXdJLWtxTXlZT0RCNXpwN1JYR294YlZzS1ota2FCV1N6eWxZT19OTlVOc2Y0N1psSDRKdW5FZjhLZU9WTWFzN25Tbk1XaVBUVUdkYzA0WUQtbi01VXFsY3p2dV9RTlNBT2RHWGxUVEZUdXQ1cGszbGEzalcwa2UtOFpRaA?oc=5
2026-01-29	Google	0.029	Sanctions by the Numbers: 2025 Year in Review - Center for a New American Security		https://news.google.com/rss/articles/CBMijwFBVV95cUxNR1hZaWdNbG5lM2tldWJnRVNrdkQ3eENtalF5Q1ZkYVRqVGJVZVM5S3RzTzBxNlZxVnk2WTdTLWdCYUpVUTNsWXByenlTUUExLWgzQnoxclVHbTFuLXV2UEtqWnVlX0psOVZFX0t4aUMyRW1FclJDU2t1NW0zN3ZCcmlpT2NrMjVsWUVHRFppUQ?oc=5
2026-01-29	Google	0.0	Russian hybrid threats: Council sanctions six individuals over information manipulation activities - consilium.europa.eu		https://news.google.com/rss/articles/CBMi-AFBVV95cUxQUEZOUnltMzNRRkgwSzhTX2FpeExDLVU2THVsRmZSby1qSmprN19Vcl9CaGlFRlVFX3E5RHN1MERJdTJNWEphbzJQUV91OFUzVXIxTkhRRS1XNmhPRlBDU1pVYl9CcTRFcUhNRmowWndKaUxLUm94emZzVThDZHZGVml1QldKUThVemcxTXBLUVd0UEV5N3daNVRwaWpCMzQwdng3Wk1OT1NWSVpXOHVLQWRLLWJodWp6SDRfbFVvRThfRVZZQVZBNF93ZlZNMmVKZW51T1laU0kya18zSEhHbEJRM2pER0Njbmp5YnNoeFhEZ0k5WmlWcA?oc=5
2026-01-29	Google	-0.049	Iran: Council adopts new sanctions over serious human rights violations and Iran’s continued support to Russia’s war of aggression against Ukraine - consilium.europa.eu		https://news.google.com/rss/articles/CBMiuAJBVV95cUxNUlJDN05Ga0tES3FpZnI0eXkzZlUwTTMyRXNkbDJ6TXVzeEQyNGtlWWNHSWo3RktDajF3cEZHengxVjdUcmg5Z0VhTm1QcWM3aTZIcGFma2lNQVdHRnRsZy1FQmdlYWhVLVZoOG1MeVZ4Y0Z2WXpSY2hoX3RZc1JyYmRuWWV2OHhNRjFJdVhxWDBlT29TX3kteWdnZklad2ttTFpsYVdQa2FpRkFCV29VTDlLcnZnQ1piZXZjVnVFdU5UcWRPQ3MyamVVNXR5T3hmTW05RmdjWWNSd1NndFBfRDIzQ2lQdWhJamxNYjVvYVdJZmdVTnZRSUdHVkw5ZGhBTWV2MGpKVmhtdVQ0UW9iMk5MS0E0enNOR2NxakdKckdtOXFJWDVnUVNVMzlZQVlHVjc5NjBGdlQ?oc=5
2026-01-28	Google	0.2	Sanctions are not a humane alternative to bombs. They are economic warfare - The Guardian		https://news.google.com/rss/articles/CBMi3gFBVV95cUxNZkNXdHVJY1dLSHV3ZXRUM1Y4cWM5MGRZWEh0SWRfOHM4NkdoRk1qNzVxNGpFalJmVzRkRzVBS3ZEWXIwYWxqQXpMcHhPa2t0R0RTNU85MXpXZFFjblRCamo3ZlI4b3hPZl9CTGVnMjgySlNUZnRfUWNjMFBvaDl2MGcwbVdjdURESEdyNG1xc3lyM0V0cEJ5Uy1sUEFZR1NKU2lSeHNZNnd5LTZnMWI1Q2UwWGMyeFFIUkh6bTlsbG9rVTBqRmJBNkw1TVFLVGVxWllCVkM4TExrMXZxc3c?oc=5
2026-01-27	Google	0.0	Minnesota judge summons ICE leader to court, threatens contempt sanctions - Politico		https://news.google.com/rss/articles/CBMijAFBVV95cUxPT1BfcTJ2aFI2MjU5SFJTb1luOUZycEpCNlY0dmhFMHhNZEJpdFVibmNMcGV0eXJFMkZYVWs4WWQ1ek1kcXpPdWVya19QZFk3cTZHN2FNcm9IdHVnTkVWZjFGWF9IaDQ4ZHR4RlF6WW9hby1CYTVGUFBWX1Q0RXMxai11S2VJNmJCb3BJag?oc=5
2026-01-26	Google	0.0	OLAF coordinates international investigation into suspected circumvention of EU sanctions involving over 760 transport vehicles - European Anti-Fraud Office		https://news.google.com/rss/articles/CBMi9wFBVV95cUxOeWRRZXdsOVVwMHI1X2ZjdWlCbWx3SU9OYTM3ZXZIb2VWVUM4ZTJVWGtkUWlaVlJyMG4xa3BLWnVpd09Td0l4U01aR1NMYjVDbXZmR0JHSzJMRWFsbkFXUXpZNVhkYmVhT0M1YkVXOHhFOC1qVTFyYURyRlQtdGkxaVFiSmdpSDBOOGxoS0xXcDA0bm1SY2FmVDhDWEt0UnhwMkJ5WGg2WHNqYnlaa0xlcEdvRWxhbVJUWDFaS3hHcDgtMG40MmQtbldFdVY1SkNtZU5HSENOcV90ZmlPdnRqS3pEc1Jtc1pFUVRyd0xOWWpSdTdpakw4?oc=5
2026-01-20	Google	0.55	Rarely Used Alone: How UN Sanctions Work - Welcome to the United Nations		https://news.google.com/rss/articles/CBMiekFVX3lxTFBwMFo0eTI5aDhVanZMTUVCRndrdTVmYllPMzVjMmNzR2liWXJEZHduMV9KSVpnWWJTa2owdlA4dE9PanMxMHFpUTZTNm1PRnNpTTQxZHQ2ODNxOUNDaTMwTWhyNGh1M1FwaEluYzZYVXFlekdNdDB0VEpR?oc=5
2026-01-15	Google	0.0	U.S. Sanctions to Support the Courageous People of Iran - U.S. Department of State (.gov)		https://news.google.com/rss/articles/CBMivAFBVV95cUxNa2JKV2RYSThWWGMxVlFVRkpzdnBZTXBheWcxVVRFcnRUYkdnUC1GbTBNZXFXU1dDanlGZ0lKN2txU1poNmFfOE1qc2s2Q3g1Wm52OHp3amtEMFN0c00xZHY2WFByUy13QzNaSzRZa0lGelhTZURxOGJNdXRGOWU2cmhicVcwME1lcFVTZks0b3BiTkJLZmYxckFaZU1TYlpPVnhxOEtXd3lBYnVsM1FPU2ZPdU5VVnFGbmJLbA?oc=5
2026-01-13	Google	0.2	How US sanctions crippled lives of Iranians Trump says he wants to ‘help’ - Al Jazeera		https://news.google.com/rss/articles/CBMisgFBVV95cUxQa0htXzlQYjd0dWJMZU9VX21hRVVfY2xpNkM3MUZvT1ZadDNMMmE0S0RWUnp0RVRGSkJITFFTTUtIOWRCdDlEMEpYTzViNDJOamxLbzVTeDY1LURSSFJwVVpzTFlKUGN6VExSMmxGVnY3cURiSGRsdU1NeUl5OHVsbFlRQjhOVU1fMlBZWjBleFk3cFZVYklTQm1RbDVzbFVQcVFZSjdZWWsyV29naTBJUVpB0gG3AUFVX3lxTFAtbUpXcUpQQjlVWmRqR3NFN2EwWi13LXE0YUltdWQwUF9CN0UtMURFWm0zVjNtbUZuS2pCdEVvX0RmRHM4SVJTcEc5c0swN0tHd2JEUVZCOG9KTHJUWkpWY3hXRnBRZjhHSW45OFJHVUxheXRBMFl6bkJmY3ZMbXduZVpTcm1PR3pmVWpfVmJPRDBiN3lVWlJVTkNrem1KaGNuUVhPZHZEMmpya3B4enhvcW1uN3BNTQ?oc=5
2026-01-12	Google	0.1	Multilateral Sanctions Monitoring Team (MSMT) Update - U.S. Department of State (.gov)		https://news.google.com/rss/articles/CBMiowFBVV95cUxQWHpGS0tqaHhrNlV1Yi1oaXd2TThHcDFUSE92SFR6eDVDelNNaDZZdWM5UDcwV1g4WTUyclZuZ3gya2RvRG1XcEtfRERXYThlbjRHSHE3dFViZDhDZGJWT0F1dmdVbG8tbUJwS1NqMDFpdHNnUUFKTXVZSk9DRGlMLW1Sal9wc19Pb0hZcS13QjJFck1COWNrY0didmFPc1piS1Zn?oc=5
2026-01-12	Google	-0.125	What Is the Iran Nuclear Deal? - Council on Foreign Relations		https://news.google.com/rss/articles/CBMiZ0FVX3lxTFBlbGpQUlBBRnB4eGN4YVF0ckplQl84RHliZF9DR0tpZkNGTjhIZVhBSWtCeGl0bHV4ZVdidHIxcGQ4d0M3QXlvZlQxWmgxXzBCR3Q5dVRqYlBzZk4wRkVHWU5iSDMteWs?oc=5
2025-12-22	Google	0.0	Human rights violations in Russia: EU imposes sanctions on two additional individuals - consilium.europa.eu		https://news.google.com/rss/articles/CBMi5wFBVV95cUxOYmp2dEdDVDE2cERjTzhrV2t5aW9PTWpESlpFcnRMV0h5UVBPeUJUaEtVYmhUQXNOWDFKVUN4UjNqUk5PXzk1VkJzTVFXVFdIWGdrSy1hN1h1T2Q5bUhNMUo4UUQwVWNNckN6TkFPVEhLT3ZLOEFlRnEwNm5WUGpiVUZzaGsxNWpHcEtubEJSUDZVVmswQkNvYTVwMU5OQS1ITmFBc3RvOG9nU1FFMWVYQjZQdzByU1RHNnJTUlRrSDFJMFB2VWFUblJGb0VfNjBmY3ZKRzlZbmJXVy1ZSWxqSDU0WHVtVm8?oc=5
2025-12-18	Google	0.5	Trump administration imposes sanctions on two more ICC judges - Reuters		https://news.google.com/rss/articles/CBMimwFBVV95cUxNR18wdXM1aW5ydnY4bllHdHNzM0lHejFUUWtCa210UjJ4dkVzaU13UENpTDZnT196eE5BeVdiOW4yQkprRzBYTEpPZVVjV3RSTXhyZDdxQThDbFZTWXZyVVBmRzNYS3hPVGNMT3dpa3VaWWtKS20wcW5jbzdwTDN4UlZON1Bxcmt0cWhGMGgtelUxVldKU05Pb2N6Yw?oc=5
2025-12-17	Google	0.0	Can sanctions change the course of conflict? - Brookings		https://news.google.com/rss/articles/CBMihgFBVV95cUxOSEp3M1ZKcWwxd0hOOTBnSVRVR0JucUJzd3k3dXVRZVpnYXY4WEpJYzhZc1JPSWl5UmpmeWRnTGw1Y09OSGNzdHdBTGFwQmItN0JlVjd3Zll5UEtYZlgyWXBDVUNNVWllci1HVWFyajJZbkx6RHk0QlFEOVd3Z1Jra1UybG9UZw?oc=5
2025-12-10	Google	0.136	Exclusive: US threatens new ICC sanctions unless court pledges not to prosecute Trump - Reuters		https://news.google.com/rss/articles/CBMitwFBVV95cUxNTngzWGsxZjBubW9GSF8weTRrNVVtRHBKRHVFdzNxQk1jdGxzbTJ3WnFkUnlldXB5eXdJdE1pUTNPanlwVExxc3V4cjExLVVhS3ZLc0RFMHBNdXhsUnMxeGRRWHN1Z04tdjhoZTNDcGV6VkV2eUNxdnVNLV84VTNBWHNsU01nQ3dycERwR0dPeE5kcTBEeU9YR1Z6MFNTd2E1Q18wSzBQZk9nLVRUVmpJVEFPRzA5SE0?oc=5
2025-11-27	Google	0.0	Russia/Ukraine Sanctions Update - Month of November 2025 - Mayer Brown		https://news.google.com/rss/articles/CBMiswFBVV95cUxQSG9UZlJ2YVpfamp0MlVaRTdWaTdpVDhrZlRUQmoySnVvamJPeEIzWTQzeGtKMlJEaTFoMnFwOWc5dFhFbFdEbmNpNTNJYU9ZR0ZfZ3FiV1dGV0tQTHNZRERmeU5taXd6WGRvVVAzU0hlR2JNTk9sOGVyaGtVZXNpQTh6cnNFMmFLc2EtOHZ5b3RwdmY0WFkwTTlxSDQxcTFQRHZhZ3NjR1k3VXo0Yy03WDBabw?oc=5
2025-11-25	Google	0.0	The Sanctions Puzzle: 10 Key Areas To Watch in 2026 and Beyond - Skadden, Arps, Slate, Meagher & Flom LLP		https://news.google.com/rss/articles/CBMif0FVX3lxTE43cC1HMUx1UzNFSGRPUU9admF6MlZuQTNVSzF1c3VzaEo0dnJlc3dyQXlrX2VtMmozN1hadEcyTnJ2X3FfZVNYWnZERURvVERzNUFPc1E3dEhVUi1NRDh2UDZsX25yd19rVXAxVmZJamJ4ekpHeXFmbTlJTXVVMW8?oc=5
2025-10-28	Google	0.021	Sanctions Update: EU and UK Sanctions Target Russian LNG and Major Russian Companies - Latham & Watkins LLP		https://news.google.com/rss/articles/CBMiqgFBVV95cUxOQTd0Xzd4WW1kQmtpdnhpVEJDNXNwbVZaeGJRRS1rUU9VZVhkNFljMEZERFJ6b05XR2hlSWRhYXg0ZDJEeVdlY20weHZpY0JpbzBsSVlxZ2RFVjhWNERJdDFNb0MzMi1MWkJ3ZnNCM2cwMUxWVm9NZHMxUGdlazdtYVNiMVQybF9LQXNnU2tfektjUXJmSlFabExyaDhYWk9WZEJablRhU28yUQ?oc=5
2025-10-28	Google	0.0	Energy Sanctions Dashboard: - Atlantic Council		https://news.google.com/rss/articles/CBMia0FVX3lxTE1EWC1XSkt6RTA1YlBDNmhWUTFkWWF2ZktJTW9wMlViWjJzMHdkZzZSUXlFZ0Q5ZVRvOEJhSlFPTzMyTDhOU3FLQ2dra196SnQ2bFMwNjcxbDluX1VBVGRHSVZBVDZaN2tkS2dB?oc=5
2025-10-24	Google	0.0	EU Adopts 19th Package Against Russia and Parallel Sanctions On Belarus - Mayer Brown		https://news.google.com/rss/articles/CBMiywFBVV95cUxPeWotRFlEdzZzc0o3eE1SaVc3ZkVDTkI0SHNUZmxBQ29oNGZWTUNIc2otOHl6S18zMi1oVmZpbnVaZW5TV1RMZWtHTFdxTUFTYXYzLXozaFZGdTJKQnFVQ3pUWjNHODdocnpNdVJ4ajRiX0w1WGVhdnN4RUFneHFZNFpVMjZ1bDVPX3JGd0xTeEpzY3dUTlNBRWExck9OQmJXWTZUTjk5TXZKWUg4dHlqc3lGTm4yZDVuVzdYMUVpM1pFalhwQkNwNzJqaw?oc=5
2025-10-24	Google	0.0	Putin defiant after Trump sanctions Russian oil companies over Ukraine - Reuters		https://news.google.com/rss/articles/CBMivwFBVV95cUxNeDhJUzB6MnJGSGtWN3owZ3NPVW1aTGhzdThNZTRQc05zZ2lEMkxQTFU4ZjFkQ2N2NVpJdXVLYVEyTUUwRkk5MjRXQ0xnNGt2ZkRrNGpjSmVvTGZ1S2xTZGtxNFNUYXZQUE01QzYwbWE3VjZXZmVOY0pyQW5IUnJXYlNILTRLWE9KLUE3OGdaOTNoUWF3QjZUVmx5dVRFNDI0elQ3cXVRblZHVzF3QVhjSmUteFpoSmpkUm13aW1SVQ?oc=5
2025-10-24	Google	0.0	U.S. Decision Not to Certify Colombia’s Counternarcotics Efforts and Sanctions Actions Against Colombian Officials Involved in Global Illicit Drug Trade - U.S. Department of State (.gov)		https://news.google.com/rss/articles/CBMivAJBVV95cUxNUjJKcHVIUUxQMnRXNmFHMlowZlVRQXh4bTEtdVZCZzA1N08wcnFKQkZNZHpCdVdMc3RncG5HY0l4cFVaWnU3ZERBM1lUS2E2dHlWV2NQZ25HekE5TG5mTXZ6V18xQTd0VWpXcGNNUmxjY1hmS2JlY3NYOGFSZTlkaGg4aUJaNVkydm50LVIxdGNOdEhRSEc5QkRTcUxEQk5pekdpa21nblBuVGJ3UGpqYXNGRDlEeENSMXc2SEV2SlhfQUVxc3V2WlMwdWJmWFRhU0xsaWQ4YkpwRU9FNUdrRWtkcURHemxkaHVxUFByY0xPNFd3dnBFUjBwaFVWX042VWtia2RQS1RZekJRbnp0b3JyWjVhTzVJVFB6RDRSYkRkVk5KSFlqUUlwQTliT1d2SUhNN3Mta1h4dW1S?oc=5
2025-10-23	Google	0.068	EU adopts new sanctions against Russia - European Commission		https://news.google.com/rss/articles/CBMiowFBVV95cUxOY1RkWlRXLVpNT2MxY0lrdDVWd0xYQV9RQlhHSVV0MWRTZzhXMkNvV3NCR1BKZHYzbnV6dWlnRUk1ak0yS2syMlM3N1BRODFUc3QwWnJ1ZTN2Y3VtY2ZETm9GcWFKaUQ3dU9aMDA2NFFXWUdvMjdGcEx3VzM0aE1BRXB1bDdOb091Y2NfYjJMTlZ5eVB3WlpGQ3Q3Y2RaU0wxNkR3?oc=5
2025-10-23	Google	0.0	OFAC Sanctions Russia’s Two Largest Oil Companies - thompsonhinesmartrade.com		https://news.google.com/rss/articles/CBMimwFBVV95cUxOVnZ6YUw2M2pqUWtfVXJhejYwVGlxdER3M1RHdkN5WG9SX3lDY0h3d09Yb0hjLVNZTnV2RnE4MGI2QUJlZzlJaDFickxVY1RYMU9iUXNmVkZxZEcxSkFoQ1FxeUNlSHFfZjlkUUlhbG5pcEMtc1pHN0c5YV9tbWRCeFJLUmM1dDFnMmd5RmgtZGdVa2pwMFdrTXY0SQ?oc=5
2025-10-23	Google	0.0	Why has the US imposed sanctions on Russian oil companies? - BBC		https://news.google.com/rss/articles/CBMiWkFVX3lxTE56MDM5cmgyTExGcmgtR3RucTFydk1oZlNHdmVTMlRMQlpnSkhsdUxUbThhNV9JWk8waTZiOXNmLThGNVF0dWhrbW1TRXVGLUVJZHZZT0ItX1VBZw?oc=5
2025-10-23	Google	-0.25	US sanctions Russian oil companies after failed Putin talks - BBC		https://news.google.com/rss/articles/CBMiWkFVX3lxTE14aUZHV2pSZldfZ0J1WUxId0ZLcXhqSm5Kdi0tdWF6U3BjbDFTMGpMVlczaXo1OTNfN3ctV0hoQ2dSYWE0bkczLU5QYklITXN0WXM5ZlROUWcwUQ?oc=5
2025-10-22	Google	0.1	Joint Statement of the Multilateral Sanctions Monitoring Team (MSMT) on the Report Covering DPRK Cyber and IT Worker Activities - U.S. Department of State (.gov)		https://news.google.com/rss/articles/CBMimwJBVV95cUxNTXhhX1lzc3JOWmV3WVBEMWowcGVsQi1DanQ4bDN5VEQwV0RSUDhPUVVKTzhfaVZiSWxGdUxwWHA1RDc4RHpFZ0lHaENUdV9FRzdxV2h1TEc3UEN6YW9jZlBVOVplSnBQRWVnU2ZwZGZFYUlHWmlPbVdWbzhuNDJvemlsWXhRa2plX1JiaGZYUUpoUG1OMy1CM0F6cmlXdG45UmU2Qy1PRU1hZVhBdm1iSnI4bkpoYndRRDVlNjBjOFJyWFhkTXpKTTQ5OGo0RzNQdjdyV2V3Wmd4NWg4WXNKaW00X3pmaUhWdXdLTmtLY0xPblE3aHI0aGNmSEgzQUxaZlJwSDlDRExOOTFQQkxjSDA0dU1nVHg4LTNZ?oc=5
2025-10-22	Google	0.091	Trump Imposes Sanctions on Russian Oil Companies as His Frustration With Putin Mounts - The New York Times - The New York Times		https://news.google.com/rss/articles/CBMiigFBVV95cUxOd2p0MlFCamlJaTV4U2hDVTVGQjYwdDBaZ1ZGWVVuR1dsN1ktUTBOdUJzRW9JNHljcWJvd3F0cTRuaXZUaUNMSmdKT0tSSVVuejVveUhzVFdHSERjTFdlQ3g3OENqQUhDSHBYWnNFckU5eEpJclAyYXI0Yy1yTC1JM20tNXdacUFQdHc?oc=5
2025-10-20	Google	0.0	UK Weekly Sanctions Update - Week of October 13, 2025 - Mayer Brown		https://news.google.com/rss/articles/CBMiygFBVV95cUxNNVBJZDlza0RCc2FhZ1NNazh4VHV3QjEteXUwYmNvR05ZV1FES1VvYWdMTm1TNEhVcnZKUnFqTGxjbVdrRWFyLTdENFhFRDJ4dEpvSWx0RDlwVDRESmpodFVyZENnZ1pCWDBOekdaRFZ4cVVua1BuOTF6aV92MWlHWW8zNFdSUHZzZnFiZWlNbVo2T0s4Vlc4ei1zNFJtTDROUGhaUDQ4aUNoc3BkYzdRNjhLdnlwQk10NC1MZVh6WF9JdzZ3Y3BiTjJR?oc=5
2025-10-15	Google	0.0	Effects of international sanctions on age-specific mortality: a cross-national panel data analysis - The Lancet		https://news.google.com/rss/articles/CBMiiwFBVV95cUxQZTdpdUFzdGxnZFJNa3d2Q0stOE9OLUViUnVValdGLXFjc1U5ektFeVNzd3NTZUU1S013d085WkxlNUN3SXFQcXhqa0VCUWx5S3psNnZxbDUwZTRXUF9wTE1mUVFPQjV0cjYydy1NZld6S3NCWmJmWWFSRG16QXBFdUM1YVplZVQ4WTBV?oc=5
2025-10-06	Google	0.1	International Comparative Legal Guide – Sanctions 2026 - Gibson Dunn		https://news.google.com/rss/articles/CBMihwFBVV95cUxQam9RcTJfR2F1VG5GWUpVWXhmOWtOMFZzMXNXOU9fV1pFaXZGUHg3OTl1T2F4djMwRzFyZkRiRUhQRlQ5cGRvTmNwQWdZVGpsM0xDY3NkZ1N3enZpbHVlMlVRd1V4VEFpdUdRMy1FczRKN2lndzVnMjA4Vm1tNmJpdzNXdThReHM?oc=5
2025-10-03	Google	0.0	EU Reintroduces Sanctions Against Iran Following UN Snapback - Mayer Brown		https://news.google.com/rss/articles/CBMivAFBVV95cUxNb2tJV0pRVjl1ZzFNQmxnZi1nQk0wNnBKZE1NeGVtdURPWGNMLWxIbWxDSUpYTkltTkJSNnp5Zk5QZVRsaXlJWTBocnlHN1BPaktvckFzYlZMRHJBUFNVdzUyQmpBeDV0OGx4QUUwYUk3OW1iYXNmMnBsSUdPTlN5T3NpNDRYSDhRUVEtR3VhUGJqMDM0ZUJ4eEhjSXFUSmo5cGN6RmVTbXExWW8wdzdUSkoydmlKUEtCRVU3Qg?oc=5
2025-10-01	Google	0.25	Supporting Snapback of UN Sanctions on Iran with Additional Sanctions - U.S. Department of State (.gov)		https://news.google.com/rss/articles/CBMi0wFBVV95cUxQMFpQZXVNNEpiZVdWTm5CZ0lGMXJQa0JST0Rkc2gxTHRRdWlkbVN0ZGsyWi1sM2JlcDFGRWlvZUtVUk1seDZacFlpeFZkMDh3LUZrQ0pEOW9IS3hTUEdpOWpBTkNmYzhJVWtVRUY1SndjVHlocXdEODN1b09rT2tQSnROLXc4UDA0OFhvWWFrelVFVDRudE0xd25ST1ZkbVdVVUlqXzhpeFdzTnZaNlRmSVhoYU84aEh5TDJEbW1RMEZPR3RlRWtYWURvdmYyc0ZmdU1r?oc=5
2025-09-29	Google	0.0	Sanctions & Prohibited Association - usada.org		https://news.google.com/rss/articles/CBMiUkFVX3lxTE0tVE1EdWkwT1gzTV9BTGlJU0ZjOFVRa1ZNMF9TTHIyekFWdmhid2JQRFJoeFZGU1NuYUNzUEczNnlfQ3VnMlBCVDFnbmNfNmRaY1E?oc=5
2025-09-28	Google	0.0	Guess who the Western sanctions on Iran have crippled? The middle class - Al Jazeera		https://news.google.com/rss/articles/CBMiuAFBVV95cUxOcm1zNEpsSUotTTBGN3lWLVhhWmkzYXZVZUxEdUcwb250WnZCaUVOTldmX3NCYXA5SG1VQXlMOWVkSmJDOGE5dTNfQmoxcFE5M0RHNDNDancyMWZJUGdNaEFKR0JsV0htdUZNRk1oY2FjR0hrVG5GUkNpS1dBem1OS2wyU3BFUjNsOVR5NU5YUXJOVlpHRmd4MUI0OHc1X3BsUFZzS2Vlbk1uZDJKTEdYSUhBYjMyU1hk0gG-AUFVX3lxTE1hLTVCS2lieVJFSjY2SjA0NXhpWXdMenpyajdUVmdtWGRMVXRDMTB2WGdzTldFLTNFd2NJYWZxMm9qMGFHVGtSaWxCR0tUWnpneVhrbXFfd29hMkppWW51NVVPMHN6WmxObkJkdldZRVlGellMbEtMZGk4ZGZ1NHpJMTNLNjlkdEROcFdaV09DeEx6MTNrczJhZ2JkS1dScXJjdVUyZmxsT05SYUZ5RmRGMTdCRzZyTWxNSW15eUE?oc=5
2025-09-28	Google	0.0	Sanctions reimposed on Iran 10 years after landmark nuclear deal - BBC		https://news.google.com/rss/articles/CBMiWkFVX3lxTFB5amFFQk5mZTF4czhMbzRjVGdtb0R4elRPZ2Fnc2dhRG8zNjgtVXZYUGh4VHV0UjE0V2ZzbV9XTTI2eG5MdlhMOFpYVnJabHhaRFJQSGJnSnFndw?oc=5
2025-09-27	Google	0.0	Completion of UN Sanctions Snapback on Iran - U.S. Department of State (.gov)		https://news.google.com/rss/articles/CBMirgFBVV95cUxNcENvQl8zQS1XY3N4RFBGVGF5aW1fZHhyZVJ2SjZVUFpiQklueFUyclJ5c3NDdDZPMkN4NWx5N1BVMG93WU9zZ2VvTHB4NlAxc0ZRdnJnZW10dEVRbC1FeEppbXJ6Y2I2ajN6ZFYtZHBXWVhYNkZnU25MVmhNdGU0VUlfS2ZYMkczYVA0eGNaa200Zk5tZ2w4dHYzcnZsTVNwVXhaSm9jSGQ2UUd0X2c?oc=5
2025-09-22	Google	0.0	Sanctioning Support Network of Brazilian Judge Alexandre de Moraes - U.S. Department of State (.gov)		https://news.google.com/rss/articles/CBMizAFBVV95cUxPUHYtMFFJX3MxaHp1bDE0dVpUckE0VHNsdC1LbHlUUnFjd2l6Y0lsT3l5ckRaWDM4R2hyT3o5MVY1Szdhczd0bHRSTVFQeGNyai1GUGZ3RkdQNkJGdUhsdUlHcGRnLWR4bTdzYjRQelgzTktfaDhzWnRMZ253VXA2c2FiWERnY2ljZVh5RURwSVNTNHZ1aWc2NTg0WnRsbXFEN2lLdDg3Zk5nZVMwc1dHaDBvOWQwVWVlX2JienlMcUh4Q195RzhUNXZnYVY?oc=5
2025-09-12	Google	0.0	Sanctioning Sudanese Armed Group Leader and Islamist Militia with Links to Iran - U.S. Department of State (.gov)		https://news.google.com/rss/articles/CBMi3gFBVV95cUxNZ3BsbUF4Y09zbDN3T3JTR1JtUWs4Y1VkeVhGb01kQ25GOFk4eGNVdnVHZldvMW5tcFluQXJZdEhETk5yb3NlOUg5WVJMeUFXV0hOYkc0Q1ZkOV90eU9TbXI4RVM4UzM2VFhQak1INWdKS28zQXB2Y29zRkJqN1hwWWUzeURFcEU4UFZPa3MxazRuMFI5N2JRVjg1X0pMLXF1X0VQN1NXRnJXd3puWlhSWGhCSk4yZjQtd0RiSHBwcS1DLUVlTW1ITGtGT0htQTNMMlc1SC1xeDFpbU1NUnc?oc=5
2025-09-11	Google	0.0	Treasury Sanctions Houthi Illicit Revenue and Procurement Networks - U.S. Mission to Yemen (.gov)		https://news.google.com/rss/articles/CBMilwFBVV95cUxOb3UtbWVabmlHU3pONVhtbFZGZzdJV2JNQzc3UUpBY2Fob1BLRE9sQkVpc2U5R05weFU5SFc2WDkwamNmMGptbUpaMVkxU3pWUDhiX1NOM2Z0UmZYNlJMVUx5MlpVUTRUZDExT1JfYXU2Ulp1Ri1LNE5ndDBRZlBQMnRxZDdkeWpWRkw0WWdvTkxDTExlbHlr?oc=5
2025-09-08	Google	0.0	Sanctions and Export Controls on Russia - U.S. Government Accountability Office (.gov)		https://news.google.com/rss/articles/CBMickFVX3lxTFBRU2F1TGhEcTQ3cXVJN0h3YjJLdTM0ZWdPMGV4WjFjUUlULVdrQ0xsbGZYRTQtMFZqV1VtVTNXSVFGNFljS1F0cnVYTWJQTERoRDdDT3dYMkNkejJCZHRsN084azgtY3E5RVFaV2tMMmo5UQ?oc=5
2025-09-05	Google	0.0	Türk calls on the US to withdraw sanctions against Palestinian rights groups - ohchr		https://news.google.com/rss/articles/CBMitAFBVV95cUxNZGVaNnJ2VjBucXdHVHgyMy1vazdHOXhOVk90VV9JVzB5QUhzeTFFTW5VZVhzd2VQcG9EcWk3d2xNdEdNOUdzVlZBeXhpTWwxdnlJWlFEd1BGT0xVM01HcVd2ZEhmQ09PY3I2T2ZQYkdhYi1YY0NEVU8xbzBSd2QySTRndTBXa2hkdHAzMHZmRU5SMGF2eFcxUXBZTG5WcDRHdDZOUUJnelNERnR4SlF4RGljQlA?oc=5
2025-09-03	Google	-0.2	US and EU sanctions have killed 38 million people since 1970 - Al Jazeera		https://news.google.com/rss/articles/CBMipwFBVV95cUxPR0xEYnJleWxDT2hheV9kRmlLVWs2LVhlcU9PcVRuSWduYTgycGlubFo3US1LaEk2aENZODZXaVJ5ZnFjS1l0WUU2a1M1TFJBcFVQSVFQc05jVnJ5RTh0ZHVCcTZma19LelpOZmpfVEFlRVA1bHRlc0htS2V1NjQ4a181T0ZBZnA1NU55ZThNUjMyc3FhcEE1YTJwTlpvcmE3NXlPQ0F6ONIBrAFBVV95cUxOLW9FbFZnajYzYU5weHVPOGJ0eGNzdmZMdXFkbjBMczVxdUlwOGYzTTdCNGF4UlZVazhTLVFWeDI2Mmx6MWVHdm1VOHgydXRDamRmTXY1NHktU3BsVWRDOU5FQ2pGekRSZ0F6VlAtczBiSWJwei1SRm54anlyM0hGZ3lmbFJ4M2NZaFE4M2hidlM1VUVnTm5OZmgxRmtHRDNFeUFuUTJqRkFIMU11?oc=5
2025-08-29	Google	0.0	Russia/Ukraine Sanctions Update - Month of August 2025 - Mayer Brown		https://news.google.com/rss/articles/CBMisgFBVV95cUxQX2pkVG5QaDlLbnZYSG1kaGJrTmt1RVdpWFBHTnJiZ3VwRjRxc3hGNDhsVnFTVVY2Y0VSYUZvYVdwa3Rad1BBTXVOanJIVXhucHN3QkxFeVQ0TVRKMDFIQW0yMlFLdVE2eW5Sa1BMNVdqRTZoSHBMVlpOSlNkbTd3Ymp3YkhuaUsxLXluOGhFb21JNjY0TXFnZnltQWs0b0NRMmNtWXRlN1JuWVY2RThfX0ln?oc=5
2025-08-24	Google	0.136	Why Haven’t Sanctions on Russia Stopped the War? The Money Is Still Flowing. - The New York Times		https://news.google.com/rss/articles/CBMigwFBVV95cUxNMndNU2JsSzJfWDF1TUdaTGtEN1h3cnNjcVctbGVNbE1Ma1QzRGRZT1NyVzVaaGJUenpYTWFtZUt1dThjeGllTDRYOFppdjBpZUVjbktKblU4Tk5JT2s5OVozMDNodWJuVTZaQ3c1RmpQVXlZTDZjSGtJajg0c21oQ3psaw?oc=5
2025-08-21	Google	0.0	An update on the efficacy of sanctions against Russia - Brookings		https://news.google.com/rss/articles/CBMikwFBVV95cUxOZ0lTUTYtbGRNc2l3V2lPY1pFY2FwLTR6dHcxcTdCUmRTeGtxanBNZnhydTNMcURKT0ZIZWpkVVFhQzZJZXhCSmExcUMxYkd4Z1RJNDlyVllaMlFfTXBPcnJPU2REYlliX3Fabk1sVkJfVTR4bWpZTGVMVFNsX2tTZkZZdjhRNVNEZnhWZm5EdURmaTg?oc=5
2025-08-20	Google	0.042	The ICC strongly rejects new US sanctions against Judges and Deputy Prosecutors - | International Criminal Court		https://news.google.com/rss/articles/CBMipwFBVV95cUxQNlRTUHZsS0Q5bU9GMUtzdW1xa3M0NFFnMkpheEhlUVJwbmZLOFdjTURMSkJsMFFUb2lSMW5FUGpSdUJlSzlUUnR2UlBaRklLOThkVnlrUC1lQ2ZLVVZNZGlPMFczaDhVMk9rSUkyLUJiaTZzeWlhRXIwblpqMExjMVI5VUw3R05FdFNzYlVvbkdGYTAybERHbWVPbkU0X21idEdPWTFVQQ?oc=5
2025-08-20	Google	0.0	Imposing Further Sanctions in Response to the ICC’s Ongoing Threat to Americans and Israelis - U.S. Department of State (.gov)		https://news.google.com/rss/articles/CBMiygFBVV95cUxNVUNDMkxBcFF0OEUwX0YzRmhOai1HdTQzMjVIbUg4aEdqM3o4MUp1d3FzVWtMcG9xT0VvcHdvdlNvcEthSEgxQl9xSk9qZHAxNDg1YXRaVmh6bk1SYkRMMmNTNTJHZmIzRi13UWNJVGRMejJyLWVET1cyTElrWV93NUtnSENkNzMwSlVQTW9iRTVxdmMzV2h1a0hiMTZPZ1piQXJOTkJKWmtzLUViMWpoYzhGbEhiR3Q4U2xsUDR6QUpJWVVmUzZQRlVR?oc=5
2025-08-20	Google	0.0	McGovern Condemns Administration’s Politicization of Human Rights Sanctions - House.gov		https://news.google.com/rss/articles/CBMieEFVX3lxTFBvWkw5cFNxTUd0aDJTYldWRnlkY2Z5UXNxSUdNUGZiTUlxMUJJaU10dGlCajJZRy1CZG13VjhyVnpSVmdzSzBWUlBhMlpaZDM5TmJubzNQa1FNal9aT2tfRHlYdTdBNXV6MUpGcW8wVkNyYjBRQ2QxeA?oc=5
2025-08-07	Google	0.0	Sanctioning Facilitators of Iran Sanctions Circumvention and Political Oppression - U.S. Virtual Embassy Iran (.gov)		https://news.google.com/rss/articles/CBMiqwFBVV95cUxNRTZZQ0VXZE5rVHRvbWtNVURtel9YSUxkN3hKUEdkNkdQNXVPR1lSWnc2SFpqTnp1bm8tZEpYRm1vS2xpVFhueV91TFN0SUg1TnBEYlBDeDBicmxGUmJTSHJWbFduODQwMG8teXJZbnIzcUhFNWFfbWJjdndMQy1sWHUyazJoWlgxVmtDVjJBTDAzQ2Y4UEN5ZExaOGRwTGFMYzdtZnVDNTdfMkU?oc=5
2025-07-31	Google	0.136	Trump Sharpens Sanctions Threat on Russia, While Admitting It May Not Work - The New York Times		https://news.google.com/rss/articles/CBMihwFBVV95cUxOeEE3ZHg1MldfU2FGdDRSSEpZMUhYUEI0aDljbEJGVFB3QWtQcVVCUkYtXzVvWlB4RTBiLU1TYzE5Sk9PYWc4bHh5MHV4M1RmWW5YMFBzci0wT2dRX1dyRmFMSmxnS3JMWVhSTmlzeGZGTktycEplZDV6TDdsaEFhRjRRT0RHbVk?oc=5
2025-07-25	Google	0.0	GIR’s Guide to Sanctions (Sixth Edition) - White & Case LLP		https://news.google.com/rss/articles/CBMiiAFBVV95cUxPek1NS0o4b3RodHREUV9vSVZDMlBJRUNycDBqN2V2eG9RTWtGeDVULTBZWTRFbzdQZWg2RzF1YUd5cEFPUlF5dDNUTW5ZVy1oN29VY0hmczlDckdwdVgxNnljVlJhRFlGRjQ2TjdiVXJRWG8yRU5UM1JDQnFNMV9zbDVVaVJrZmx1?oc=5
2025-07-18	Google	0.0	EU adopts 18th package of sanctions against Russia - Enlargement and Eastern Neighbourhood		https://news.google.com/rss/articles/CBMioAFBVV95cUxORU0zU1ZSMXJUaU5VRF91U3pmNGp6Zkt4dTN2YmxoYzZrODBJMFBPZVJtX1pJLWs2UHplalpseXZBZ1F4dVB5VXczN0tlRnlOQWt6UmtZWS1lZWdldDZKSWhLRWszckNLM0NOSzRidnpHX2MtZ19FU2FrdTZQOHFBQ256N3lhd2FGdFFNWktBdWhOaG1xcTMzS2VDV3ZMLTd4?oc=5
2025-06-30	Google	0.0	Ending the Syria Sanctions Program for the Benefit of the Syrian People - U.S. Department of State (.gov)		https://news.google.com/rss/articles/CBMi0wFBVV95cUxPQlRqYkJyemZVRGpxSlotcGRUb25DcG40OU0tWDJfdXlaMjhhajI3Z3Y1cGw1UkVJVFhHYndEeF9CM1RLR0wxUUpyQkVQTzRQcHJRWVVVT0J1MTRrMEZJM0RORmtPSTZRTEtoejhaS2ZIV3psOGtwOXhrTTNhLUhza0NFRHR5Y0pzWUxPRDNGbDNmb1VwdmhmRHZHOWN2S2FkLTcyTWtrMmZuTWRaS1dOeHZiSlM5VDRBUm9YRHhaX1VyZlRZRDZ5RXkxdTdVeXgtN0VV?oc=5
2025-06-30	Google	0.0	Status update: EU and UK easing of sanctions on Syria - White & Case LLP		https://news.google.com/rss/articles/CBMijwFBVV95cUxPcklka05scnd2enNRY0pjRkZWZER2SXA3OUM0cDVXRldWQmRhcEI2TEJfSDBuMGd6emRSSC12bnUwUW9TRG5wOGdEQmdCWjF2SDdEaGFqUzVrd0VvcUlpMGJYeXJzRlNrQzNQRzNFdUZJOWxRQm9YUUo5QzNKNkNqVnQ3N2c2UE95X2V2cVM1RQ?oc=5
2025-06-05	Google	-0.133	The International Criminal Court deplores new sanctions from the US administration against ICC Officials - | International Criminal Court		https://news.google.com/rss/articles/CBMivAFBVV95cUxNQXVMV2llYUhUVEpYQU5YTThMdEswdVJacU9IRHZ0Ym1hN1hzYUFJUWE5UVBneXVUR1FFWlZXV3M2X0ZRM2RiendVVm9MN21fd1l5a3dqdHFTM1ZWSjFZdk5jaHJWeV9aaG92WVBoTDNCdVBmWkY4LWpSNG8zWW8tT3RDTXVPNEV4aTVvRDlNbGF3S2YtN3p5Z2ZYOFdoalE4Y1ExdzlPSU1OVWpfb2NtZnI5UWFnS1gxaGoxRg?oc=5
2025-05-27	Google	0.0	United States Eases OFAC Sanctions on Syria - Latham & Watkins LLP		https://news.google.com/rss/articles/CBMif0FVX3lxTE9BczBCdHRTeFJyQXFPM1F0aFMwM2E2R2FKdVRXamQ4XzU1M3g4VUtyVDdhOHdNU0FvWnVqTHlYREpMQmN0WUh2WEh0LW5OcjZiZG1IVXdqSTRLWUpOWDllcFlKNjZDajhidmVGNHpkZmVtMjY4bjJrYnRKUHhoQXc?oc=5
2025-05-20	Google	0.0	EU adopts 17th sanctions package against Russia - Enlargement and Eastern Neighbourhood		https://news.google.com/rss/articles/CBMioAFBVV95cUxPcEZBM3hSVlkyUVQ5djNYVHFTMkRUcU5uRlJydnJLcEtodm1rZ1l0eEZrTjVla0lLQ1ZTN01ITDNlVnlUeVdaMnd1a21OT0w0Z2Q5a1ZUTXRBRW9VaF9pRFVKNGFpcEY2WFhrT2VRZ0F0UV9aTkFsTXFVcFF5RVpwNE14OHYwMmZwZWV0Zm11b0hoOTNpLVFzNnVEVC1sc2pu?oc=5
