Date	Source	Sentiment	Headline	Summary	URL
2026-04-06	Yahoo	0.5	Auto & Transport Roundup: Market Talk	Find insights on Tesla, MDA Space, Singapore Airlines and more in the latest Market Talks from the auto and transport sectors.	https://finance.yahoo.com/m/61411b11-4e35-30e0-b8e1-46d02328a72f/auto-%26-transport-roundup%3A.html?.tsrc=rss
2026-04-06	Google	0.5	Here are Monday's biggest analyst calls: Nvidia, Apple, Tesla, Netflix, Carvana, Tyson Foods, Twilio & more - CNBC		https://news.google.com/rss/articles/CBMiogFBVV95cUxPZEJPMWVBVTFCRW92RHNoU1N3SDViWHVSZEEzQlRQdml3N285N3M1cHBhVkdFbU1sMGxoSnlCR0FzZzRrMGZtY3NCR2VubWJDVEZqRHo5aldLZEVSdGVSY0E4UGVYVGFodnM1d1gxNWVVRHpHMGNWc1hhLUd4azQ4YzlYcmNaOTFIOFljMF95Ny1yclJfZkpjSTV6OHNJU0x4LWc?oc=5
2026-04-06	Google	0.5	Tesla (TSLA) or Rivian (RIVN): Top Baird Analyst Sees More Near-Term Pressure in One EV Stock - TipRanks		https://news.google.com/rss/articles/CBMiqgFBVV95cUxNZ0RNNE1lQzBZcjQ3WVBCaU0wTFlDR24tRDROQlBTa2s5RmJTY1ZMX016dXhFbF8yX1JUdHRYOHI3YVdDNEcyLXNCcjI2eVlBUGdFZ0JEeUlYQTBnTDdtU3hlcmNBNTdweXl0bkVYT1k0QTIxNENYUnZmY0xtSGhTMWdhemhmMUtuNnFVNTJxd1ZQNG81bEc5bGxyVXlZbkJlZDN3MHo4a2dwUQ?oc=5
2026-04-06	Yahoo	0.433	TSLA Stock Bull Run Ahead? Eric Jackson Says Signal That Preceded Tesla's Biggest Runs Has Fired Again	EMJ Capital's Eric Jackson on Sunday noted that the signal that preceded Tesla Inc.'s bull run of over 190% over 12 months twice has just fired again. Why Is Jackson Bullish On Tesla? Jackson highlighted in his analysis that Tesla CEO Elon Musk's acknowledgment of competition in the humanoid robotics space as well as the decision to end the production of the company's flagship vehicles, has sent strong signals about the billionaire CEO's discipline. The hedge fund manager pointed to Musk's comme	https://finance.yahoo.com/markets/stocks/articles/tsla-stock-bull-run-ahead-223154389.html?.tsrc=rss
2026-04-06	Yahoo	0.4	Tesla Might Have a Free Cash Flow Problem, Analyst Says. What It Means for the Stock.	Tesla stock has dropped for seven consecutive weeks. Investors want to see robo-taxi progress before bidding shares up again.	https://finance.yahoo.com/m/e3aedc64-1729-39bd-990a-3783a44a3733/tesla-might-have-a-free-cash.html?.tsrc=rss
2026-04-06	Yahoo	0.338	Goldman Sachs spots Nvidia-linked shift not seen in 13 years	Smart money is getting a lot more cautious on the stock market’s finest. According to TipRanks, Goldman Sachs said that hedge funds sold off stocks in March at the fastest pace in 13 years, a rare shift pointing to growing anxiety across markets. The change hit high-profile names, including Nvidia ...	https://www.thestreet.com/investing/stocks/goldman-sachs-spots-nvidia-linked-shift-not-seen-in-13-years?.tsrc=rss
2026-04-06	Google	0.333	A Quick Look at Today's Ratings for Tesla(TSLA.US), With a Forecast Between $145 to $538 - 富途牛牛		https://news.google.com/rss/articles/CBMikwFBVV95cUxQUEthdmRjSUFnMlRpNVVqWVpwWTZCOHl5QzZfVUNPc1FVZFN6VjJaVTE0V0E2czRvWmcwZ2kycUQ3bHdnNlFmQXhWeFF1YU51Vm9RTVgtaEJUT1Zjc3JnZTJkLUdWVVZxeTlRWTFYUEpXaUY0U19nZU9PWjlUcC1FdEU5bkgxYXNBQVdDczdmY0phV28?oc=5
2026-04-06	Google	0.286	Our Tesla Price Target Is $349 but the Risk Reward Cuts Both Ways Right Now - 24/7 Wall St.		https://news.google.com/rss/articles/CBMiugFBVV95cUxQdmZ2MG0xbndZNjg2SEkweFlFR0VabGt6d0Z2N3pfaVNnNlUyeENGY1l6TExMY1Q2VDNjMWgzOXB6WnNmcXdZUFlQMnF3M0E5d1F2eGVFYm1LM3lTRFdYZktEN09kLXBOTGdZb3BqbEFoY1A0YnRXREdyTWllZWE1cEoxSEFVRzJTandiekRVYVc3Z2JtTExNVjlKRmJlVW1IalFzSnlCRHBWYTdReUxOcGw0eUNZc2NoTXc?oc=5
2026-04-06	Yahoo	0.25	Dow Jones Futures: Stocks Rise Amid Trump's Latest Iran War Comments; Nvidia, Seagate, Tesla Are Key Movers	Dow Jones Futures: The stock market ended higher Monday following President Trump's latest Iran war comments. Tesla stock skidded.	https://finance.yahoo.com/m/a1b2f8ca-8982-3eb3-9899-831046c23643/dow-jones-futures%3A-stocks.html?.tsrc=rss
2026-04-06	Yahoo	0.25	Sector Update: Consumer Stocks Advance in Afternoon Trading	Consumer stocks were higher Monday afternoon, with the State Street Consumer Staples Select Sector S	https://finance.yahoo.com/markets/stocks/articles/sector-consumer-stocks-advance-afternoon-180217854.html?.tsrc=rss
2026-04-06	Google	0.25	Top Analyst Bearish On Elon Musk's Tesla Over 'Collapsed' Financial Expectations—Jim Cramer Says Could Tr - Benzinga		https://news.google.com/rss/articles/CBMiogJBVV95cUxNVVFPck94Sm5JZENKQTY3dkhUc2RRSU9kcklxWGtHTHoydEpiMTMxdkRLR1F1cS1ZbDNPaXhOUGY4R3lLckx4OVNtSUk1OHRBNHlSeEZTOVZ6UHk3UDFFS3M4SzcyMkdQRW4xU3VpZ1RhaXRPVDE0blhPa0dteGpNOTliazZtbVh0Vk43bTIycERaUGx2U1FIV3A4ZEtPS2NsUFdlT05zY0gtSi1EM2VzMHRmZHNEVXNOZkt2RGZjdGJ4TDJTQm1lOTNCLWVrVnhUSkNKNE9Bd2N2bWFPR0NHX2JiRWxYVm1uOE1PaGF5WjdGcHB4bnVaMV9RTEd3dGJDOUt1R2VjY1ZPTklQSWpUb212dTM0dURzdlF5Zk5xdzZIdw?oc=5
2026-04-06	Yahoo	0.217	Stock Market Today, April 6: Tesla Falls After Q1 Delivery Miss as Analysts Cut Targets	Tesla fell after a delivery miss led to analyst cuts, with rising inventory weighing on sentiment despite strong sales in key markets.	https://www.fool.com/coverage/stock-market-today/2026/04/06/stock-market-today-april-6-tesla-falls-after-q1-delivery-miss-as-analysts-cut-targets/?.tsrc=rss
2026-04-06	Google	0.214	TSLA's 'Smart Summon' Feature Investigation Concluded by NHTSA - GuruFocus		https://news.google.com/rss/articles/CBMinwFBVV95cUxNcEdtNzI0QlB0VFpPTmZWeldfUUdZQ19vZWdyNVZFa2tkcmtSb2Q5NHgwOU5UdVR4OFFOa0NBSzgzQUlmTTdYSWxHRzFPUVNkYTdRbklUVFZndXZfczhNRTZhc0FBNXhmNFR3dEtlQ0xLWDc4aTR3UjV4WWlfdVpsbENJT3RVc1B3YVd3ZE52OWJLbDVrRzh2SFRqZzFXY2c?oc=5
2026-04-06	Google	0.2	Tesla’s Real Threat Is CATL’s Cost Curve - Tesla (NASDAQ:TSLA) - Benzinga		https://news.google.com/rss/articles/CBMi0gFBVV95cUxQYWpvQWYxXzUzN21FN1NaR2xZLVAxV1psVzhFNndoQXJnYU54dFdNNk92MW52eDd2aTJWajNfcGNncXg0Y3lMeURGOTlJb1prNnEwQXpRT0JmTG9sTHUtZXVVaVVvLW1laVhpcExtckFLMy1UbG45WTlIaXl1a2NwdEE0VUpILUE2ZUJvU2I0Rmt6WWJGNWQxbUFVeXJlSzZsUF9DRkFMLVJVQ1U3X3JwWTloVERzT000dm9hR0FySU81WmVzelpuaklDaXRGMVA4LUE?oc=5
2026-04-06	Yahoo	0.175	Will the SpaceX IPO Be Bad News for Tesla's Stock?	SpaceX could be a more compelling growth investment for Elon Musk fans to own this year.	https://www.fool.com/investing/2026/04/06/will-the-spacex-ipo-be-bad-news-for-teslas-stock/?.tsrc=rss
2026-04-06	Google	0.167	Tesla Is Quietly Becoming a Global Utility and Wall Street Barely Notices - 24/7 Wall St.		https://news.google.com/rss/articles/CBMiuAFBVV95cUxPcTZUOG16NXYtZjluQXQza3JQTFhZelQyNUhvVkkyWElISVpyeHZBUE0waW1EQ1FWUDVTdmsyZkVManViaWN3ZnBXR1pWWXBtV0tIWE02M0tsRXoxR3h2MFEwLWdUX0tWaE0zSThuR2gzcEhfcGk2Mmw0czZhTnNxcU1ZdVQ0WThtXzkxZFBTR1dfdVNESnhoR0tfMUNzekMxOHJjX3RrRjZVRG50WkdpMVpSQTN4UHVL?oc=5
2026-04-06	Yahoo	0.16	JPMorgan reiterates Tesla sell rating, $145 price target	"Analyst Ryan Brinkman cut his 2026 EPS forecast and warned investors to approach Tesla stock with ""a high degree of caution"""	https://qz.com/jpmorgan-tesla-sell-rating-price-target-delivery-miss-040626?.tsrc=rss
2026-04-06	Google	0.16	TSLA, PLTR and RKLB Forecasts – High Flying Tech Trying to Rebound - FXEmpire		https://news.google.com/rss/articles/CBMitAFBVV95cUxQVzlneldfZWFlMXJGV0ZPbGNmaUlyQU5CR2RleFpILWhiXzdPeEMzRHZ4X0xDandPYlFNcnFkR0x6bnhiNmpjdU9ubmRWN24xamVTWEpaeFpoNTduT1hKVWhHbXl3M2drNk10NU9xenNsNFJqUUQzemMxWS0tRmFUOXByOU0tanhfTlp1bERTNXZ0M3o1NVZLU3ZFamNwRFFfOEFjalNZZ0U1RmlqSENjYmdvcEY?oc=5
2026-04-06	Google	0.15	Musk’s Net Worth Rises $16 Billion As SpaceX Heads Toward IPO - 24/7 Wall St.		https://news.google.com/rss/articles/CBMipgFBVV95cUxOTjA5cms0emdRUnVwMjdyWktvRDZnVDBjWFhUaDhvR0tmN3ZPTWN1ZHZfV0QzaGlPaEs2cEZtTUprdmNoYmxzcU5YN19Xc1ZKekNmVTBMazJXQXZSV0pwVFJSbjJiWHNlOG00dWZSUjRQZmVmU0pHc0ZSTHNYNGRrUkg4NnJnbE42bkQ4eHU1OFNRWVhwS0lXWkZDcTJ2enY3YTZCNUx3?oc=5
2026-04-06	Yahoo	0.142	These Stocks Are Today’s Movers: Seagate, Micron, Tesla, Kratos, Strategy, Soleno, Viridian, and More	Seagate Technology stock jumps after Morgan Stanley names the maker of hard disk drives its ‘top pick,’ replacing Western Digital.	https://finance.yahoo.com/m/e0bb5c40-8251-3178-bdb4-5570560ded8b/these-stocks-are-today%E2%80%99s.html?.tsrc=rss
2026-04-06	Google	0.136	Cramer Flags New Trade: Sell Some Tesla, Wait for SpaceX IPO? - Benzinga		https://news.google.com/rss/articles/CBMiywFBVV95cUxPM1dtTzJWWDFPbEVVeGFsQkxRMDZhMDYxVHFTR1I2aDJGVjVmWXUyeXpZRnl3MHl2aGNMZ2hnTlViVWpRdlg1bEJRTElLZWJRNUt2ZEdGRFZpcDZzemZmamNKYWVJb0FoWW9GOU1Md3BaMHZvcmZzWThZVzJtdDQtT0xEM0EwdG8tNHFYRHpGaW43VlR0b1hSUkhZYUJWLWwyTUJEem85TU1HRi1qTUdNa0Etb2M0QkxwZ1JpRzRnNHE2T2NnN3BxeHFzcw?oc=5
2026-04-06	Google	0.1	Apple’s Record $143 Billion Quarter Exposes Just How Far Tesla Has Fallen - 24/7 Wall St.		https://news.google.com/rss/articles/CBMitgFBVV95cUxQczU3SldBckdLMDBla21FY0JfU05PT1hfS3RRb2R1aUJWUXFEN2dFQTgtZ2hsZnVHSGRSNmlRaUhJOVo4YnJyLUJ1eHUyV2ZSQVkzUHUyS083dVFqWUdaNEZwQlpUVkhOVHJ2WWdWZldiWjZOYzdQRE83NUtoN3hFQ0dhdTgzLWlHOVRZZ0JKTG9RejhGVFFLY3h6RktzbDVyRDl6blR5S0RpcnVYdmhDU3JEYm03Zw?oc=5
2026-04-06	Google	0.097	Tesla Inc Stock (TSLA) Moved Down by 3.69% on Apr 6: A Full Analysis - TradingKey		https://news.google.com/rss/articles/CBMiiwFBVV95cUxOWktLVVdGUHgwTWViZFB1a1JfQlVMcTZDUGcxbjJsUzAyejFwVllYNVhDenpaS0x6X1h2blRiUTJMSVpabW1PLU1MWDY3cy1JRlc5N3R3anNYaHRzME90ZjZYaTU1eV9VdGNvczNaWFctQVRFc2pSZEpUU0M4dHo2ZzF0eTNGTjdUT1VR?oc=5
2026-04-06	Google	0.082	Tesla Stock (TSLA) Revs Up as Regulators Take No Action Over “Actually Smart Summon” Crashes - TipRanks		https://news.google.com/rss/articles/CBMiugFBVV95cUxQNF9UYXhVc3pGYkdBU0NLbkFtZW5UdlNBTzdZSXpWVkJ4YVFHS1hjcXFCYW5NWDJKNjFmNDNETi1WMExsdGI2VzdNQThrSnFpOV9OdmxKbUF1a2VoN3A0WkpEeVlJak5hM3VDMFNpczZhaGZrWHYxbHNrNUtReDhNN29tWFZIZzhEOHhNdzB3LTlUdGVkVlhJU0NGeUlHRVhDSDB3T2tpUmF3dTZNVERqS1BxTTJLUm5oUlE?oc=5
2026-04-06	Yahoo	0.042	BYD Is Closing In on the U.S., but Tesla Still Holds the Edge	BYD is building a backdoor into the U.S. that could eventually reshape the global auto market. And while Tesla still controls where it matters most, the Chinese EV maker could pose a serious threat to carmakers.	https://www.fool.com/investing/2026/04/06/byd-is-closing-in-on-the-us-but-tesla-still-holds/?.tsrc=rss
2026-04-06	Yahoo	0.0	358,023 Reasons to Consider Selling Tesla Stock Here	With Tesla’s Q1 delivery numbers below expectations, should you consider selling the stock now?	https://www.barchart.com/story/news/1162104/358-023-reasons-to-consider-selling-tesla-stock-here?.tsrc=rss
2026-04-06	Google	0.0	Analyst Says Tesla Will Deliver 1.6 Million Vehicles This Year, Says Robotaxi Scale Would Be Key Driver For TSLA - Benzinga		https://news.google.com/rss/articles/CBMitgFBVV95cUxQODVuSTlHbFFOUzd2ZzFJcWl6eTBVUW4wd1lzM3lNZVR1WlhoYU15NFliWUdJVVRsSnY4OXlfUXRyc1FkeFVBd0Z4NDVKVTZxeTFJaGhuSnhtWExnMktpV2ZRNXkwVnlFd096aDBQS3J4SmRxQlRZNkNydjJEcGJoUFRmaU1HZ1NUamNCdmRCZkZFY2ZWV09aOTQxQnc1NHA3RkdKbU1DSThDbTF2LVFEaDd2Rk5iQQ?oc=5
2026-04-06	Google	0.0	BXM Wealth LLC Grows Position in Tesla, Inc. $TSLA - MarketBeat		https://news.google.com/rss/articles/CBMirAFBVV95cUxNMm5zR2VzZldxdDBmWkl6bjJCZllqUTRsbVRFODNZNVh3SVRoUWIzNkM2SExCRHY3Z2s3QmZobjF0c2RwLUM2ZWhRLW9uYXBjWkp1d0hMdWhzMmZCbE9UaV9mUnA3TFN4Q0FHa3A5Vm16WlFPVzBpRnBQX2R2Mml6SmJrNUlrYTU3OWt1cHNmU2Z1TUVtSGlKU2oyWHctV1F6NGhfTmtzZ2t6OUs5?oc=5
2026-04-06	Google	0.0	JPM Analyst Warns Tesla (TSLA.US) Has 60% Downside Risk - AASTOCKS.com		https://news.google.com/rss/articles/CBMiggFBVV95cUxPeUVxWC1NQUlsVklGeGoxTjBFVWYwUTAtQzhGNGlRdTU4ckJ3b3Y5U0hFX2J2M3FNUW5Gank5SEVqWTM1Ui16a2VOa2xGYUQ5cm5WYU40N0RuV1JnQ19HRnJfTVRTcFE5ZWljOFoyUU5iYk9EZ3NqbHdJWXNmSTltd0hB?oc=5
2026-04-06	Google	0.0	JPMorgan Remains Bearish on Tesla Stock (TSLA), Says ‘Record Surge in Unsold Vehicles Adds to FCF Woes’ - TipRanks		https://news.google.com/rss/articles/CBMixwFBVV95cUxPZ0RibGFTMWg0NE1XaDIzRWRwVHdlTFVFd1B6N09zd3dpaUJ6WDI4WG80c2oxdFE4RWhlZnlOOUd6eVNMRWNwMF9YZGs5cVJnQklJa2RwT2hWSDlUOHdhVEgxVHVBNDZJRVl3dzVZWXBjYVdnZUpVbXZzMFByTF83QWFNdTVNRlY2RTRkYmw2ODBIY1B2OGtGNDdvdlE5NXlLZzRnNjl1Mld4ZjNRZXhUMm9SUTkzNGtnMjNoNVZHeThOMHlNVzVB?oc=5
2026-04-06	Yahoo	0.0	JPMorgan Sticks To Bearish Tesla Call	Lower EPS view highlights slowing momentum	https://finance.yahoo.com/markets/stocks/articles/jpmorgan-sticks-bearish-tesla-call-200215729.html?.tsrc=rss
2026-04-06	Google	0.0	Market Analysis: Tesla And Competitors In Automobiles Industry - Benzinga		https://news.google.com/rss/articles/CBMitgFBVV95cUxPbDhyVm51UnNxdUxfVGI4NF9YUXBYNFc1ZGEzam9ReWFxbERHZVU2VHN2RTlKbnFXb2Q4aDhwRS1lYkc5R2dpVHRNNk13cmtHOHowVWJ5ZXZpSVZYOU01NjAtZmhBS0pUc3JkOEI2eDQtdWpUZWF6R0tYZnd3Q3VtTzEzSVNia1lEN0pSR21XeHNWUUhrc2l5MnN0V05hNURBbExmM1gzZGlvNjlXU3hvdEJPUjlXdw?oc=5
2026-04-06	Google	0.0	Morgan Stanley Maintains Tesla(TSLA.US) With Hold Rating, Maintains Target Price $415 - 富途牛牛		https://news.google.com/rss/articles/CBMisgFBVV95cUxOZzd2Q0RENWVHdk1BUUszTGZSdWV5cF9WaEZSdDlqdzQ5MmROV0ZDR1UwRFprSUNiTWFzTUphbEozTDZOc21zUko5bjhSQVBYMEZVNGpUZ3h2THYxbzhvd3VFRnNyRHByTWVyNlEwNm02UHBCQ3N6aVl4aXhiSUN6N0VndHFGU1Q1VEgzMzY3ZmsxcXBfUU01dk95Z0VkT3gxNW10NHBTWUVEMHpERGFyai1B?oc=5
2026-04-06	Yahoo	0.0	Stock Market Today, April 6: Iran Conflict Continues to Dominate Markets	Tesla tumbled while Micron moved upwards as investors watch the Iran conflict and inflation concerns grow, April 6, 2026.	https://www.fool.com/coverage/stock-market-today/2026/04/06/stock-market-today-april-6-iran-conflict-continues-to-dominate-markets/?.tsrc=rss
2026-04-06	Google	0.0	TSLA Maintains Buy Rating with $420 Price Target by Canaccord Ge - GuruFocus		https://news.google.com/rss/articles/CBMiwAFBVV95cUxPOHZNZWd5N2F1MFhiM05jZVZrV3FHUGs1eGpoZERWNXZPU1dTelpZMTZ0UUZFY3dXczBfOGFkRmF6ZjI4TWRnZ011X3lFRmxCeU5HenpyUE10TXo4Y3NSR1lxaWJkSkdUY1I0UW1TUlVmQmFGMHVHWjg4WDFlWXhqVjNjc2toNFZCSzNGeEotbDJjdHpMazIyOTMyTHhwUDRzZlFpVnVYVk10T1JuRHBudkcwQ05nbF9zZHVfMW85SDc?oc=5
2026-04-06	Google	0.0	TSLA Stock Today: April 6 – Gas Tax Holiday Push Puts EVs in Focus - Meyka		https://news.google.com/rss/articles/CBMilwFBVV95cUxNSXNNQkpSdkQ2cTBIelhnYXlxSWlLWllNVU5ocjYzM0EyMkpteFFvdVB1emtSUHVDb191Q2YtSm1DZ2N2bjFrSTFDMWdyTkxhdDRibVB4VFVqSnFvRFFrbnpTcVBobHhrN29wbmxZX1NDME5qWW90QTJ2RGlDYzVqT01JTERkWTVRc3VZNERtUHZxcXJPZVRj?oc=5
2026-04-06	Google	0.0	TSLA: Baird Lowers Price Target, Maintains Outperform Rating | T - GuruFocus		https://news.google.com/rss/articles/CBMiswFBVV95cUxOWFl5NmZNOVEzaUhsNVFTVnNNVWZZTXlrQUM3M3I5QVVFa2pNZldlOUNZMDA3RFpTOFYyYTRCVndwRmwxQXNpckFaZlV0THkydUZWdDFDYWJJWnI5czBDTXptcWhCQk81RDhZWnNzdG5SMWhUQ0tpWERZUzBiMzBaWkZyRjhmOXRWRE1rOGZzU2RPRUFZXzV5WlE2UWNFU2I5b0V2a0wtME5DaDdMTE1iZEJPZw?oc=5
2026-04-06	Google	0.0	"Tesla (NASDAQ:TSLA) Given ""Buy"" Rating at Canaccord Genuity Group - MarketBeat"		https://news.google.com/rss/articles/CBMitAFBVV95cUxNSFJ3R3FmLUxaVlVjdE93dWl1QUM4TUlqcFpwdDFkS2lYSU5RVXRZNzY3XzVBRmQ1OWpfbmxRRUdTall6bnRQTS04bkg4VXI3V1pWZTFIX2JzSUhZejAtakZiemxDcm83dmI0VzNKdDIwWUpoZEFtYy1wdEd5bFhkY203RWljRUlaOWVHbEJJbkg0NFQwNEdfd1VXSjQ1a0ptb2FYUnVEZ2ZSekg1aGdkSWJrcG4?oc=5
2026-04-06	Google	0.0	Tesla (TSLA) Stock Could Drop 60% Says JPMorgan — Here’s Why - CoinCentral		https://news.google.com/rss/articles/CBMihgFBVV95cUxQaEJKR05qQnFodk5NRGlRREhBZG9sVVR0VGhyLWdXVFc3SUJzRVZvN3RSMk56cVQ5WVBTUVdkRVAxYlRja2trRU54MXlPa2FLXzJvdGtPVWxpQW9vVFdKT0gyWDQ1eTdUUVNsMEs5MHkyakhUdU1GTU5peTlhazlYTjJYQ3Nadw?oc=5
2026-04-06	Google	0.0	Tesla (TSLA) Stock Forecast: JPMorgan Warns of 60% Crash - Watcher Guru		https://news.google.com/rss/articles/CBMihAFBVV95cUxPWXdXanZDZ2JEemFsS2J6RWdvSnM2TDNHN3IxQ0dITkI0c3plUlZQY3V1aXZ0TkhvSkxwTWhsUUx2MlA0QUxhSXMxdTlGZFMtUUEyRDRiYWZWNlBaZjNhWnpsTk9jc3FYZzlKUDFIVk54dS1naW9kSXQtVERPZ3JhTVpGRVM?oc=5
2026-04-06	Google	0.0	Tesla (TSLA) Stock: How a 330% Sales Spike Made History in South Korea - CoinCentral		https://news.google.com/rss/articles/CBMilgFBVV95cUxNU1VIZGxVTzBJMFlaRS0tWm9zNmpjRjQwc1VrS3dxTU9nb2V1MXFLeHZqVl9TQW9PUGpVLWtwRzN3VUtpRGxOUHlxTFVhRTBtaFdRYUpoNjZ3S2M0Z3d6eGlQZUFENE9FTDdOYlZ4Sy1kLTVhVXdKblpMaE1WdVAtVndoY1B2elR5V0dCaFkwMnVDdkhERXc?oc=5
2026-04-06	Google	0.0	Tesla (TSLA) technical analysis - Tesla (NASDAQ:TSLA) - Benzinga		https://news.google.com/rss/articles/CBMirwFBVV95cUxPOTR0VHNKcVRZS0NVOXIzb1JiSllFZzFyZTBpU2lLQmxRMm00Ql9QeXg4b29DLU1Hb09JWVp6d3VEVW9xcnVndG1fbGdwOXZoY3lXQk1kUlNEaXNDRHplMVZpQzNmY0xzbUZudnliZElFMnRCYjBreEctMlBtOUtSdFN6RDRNMkJBUy1sOVgwa0tWZld2TEhMRWtCTXdydXViUWpUdmlaTmplX0JhZTVz?oc=5
2026-04-06	Google	0.0	Tesla (TSLA.US) Mar Sales in South Korea Surge Over 3x YoY - AASTOCKS.com		https://news.google.com/rss/articles/CBMihAFBVV95cUxNbnNSRndMWjJYbFJJTmgzMTN5RzBNZkQ1WHBLcXQ4bzd0bzVTQmFldTZTcmFKR2RVVWRsMDZhOUtpdlNweGpWWnhYNHphemdKNG1XVGpBYUNuckc1bkNzWXB5N1ZrLUN5cUEyZ29QX09QYkVNM0s5Y2U4a2FfZ3pNc2E2c0w?oc=5
2026-04-06	Google	0.0	Tesla Dip Triggers TSLL Selloff—Why Are ETF Traders So Nervous? - Direxion Daily TSLA Bull 2X ETF (NASDAQ - Benzinga		https://news.google.com/rss/articles/CBMivwFBVV95cUxOXy1oRlo5eEt1ZmN3ZXZhLTQ0dFhaNDJKTzVfaTNqY0Ryb3M2NzByVHJNNzl5aDdsZ1VaQmttdlhpX0hjazlSZDNKQnJoSENkRUZxMDhBeDlEX0hDMUpkOUZYNjBHWGl4MzhXOGcxZzcyRmxkNE9TNUZMMUM2MUtaYkdUSm95VmxIYnpMOURCVHZtdWtwVTd0a1E1Q2oxeHdyU1E0X093RGxvdVhIREdyVHRvRG5vSXV2bFNrXzJvYw?oc=5
2026-04-06	Google	0.0	Tesla Q1 Delivery Miss: Is Its AI/AV Bet Enough to Stay Invested? - The Globe and Mail		https://news.google.com/rss/articles/CBMi4AFBVV95cUxNdy1URGNkWFhzc015TXdyVFpRSkFJNF9VMXUydmJEOWJhTGZWVkNDMkJ2WTFaNTJHSy1qMzBicEpISFd5NUxyVG1NVV9Rb1NVVG0tQk5yMDlRTXlOYjM3bXJ1TjJJQVZLWVNHeWlCYzR6akY2TnVrcXVBX1d4cENBUXNEb1dJaUpJS3VRT081ekRSZEdaNVNvRUM1WmVNNVkydVFRNW4wVUVIcXBYU2VzUVRpQ295OUJRTFhZb0xuVGFaajlYNGFXa3VNTWNHT2pUSlFvb1Bfb1Q4bzRzSGlJSg?oc=5
2026-04-06	Google	0.0	Tesla Robot Trails China — 30x Shipment Gap Emerges - Tesla (NASDAQ:TSLA) - Benzinga		https://news.google.com/rss/articles/CBMixgFBVV95cUxORVNCOVRqcU1iY3E3STg5bXhtRm9ZQVBjR1lnb3M2QWFWOUZ0bVV6LVdXUnZDdzFOQXZSWWtUWVZsUmpZS1dOZGpId2w5Zy1xd3p1a0VaSGJjVWZYakltX1VrZmZFNkZGSnVHZ1FRUFFLTnppLXJhbkl2dUF5Vk43WGNWbm53RUxOLVMyeTNGT3FmRU1UamhoUjFLaUhzZmVUNmZYbjVaTHQwYi1wSV91SlU5ZFQ0b2c2MGRQYnlMdjF6Z0FXMXc?oc=5
2026-04-06	Yahoo	0.0	Tesla South Korea Sales Jump in March	Price cuts on China-made models helped lift registrations and intensified EV competition in Korea.	https://finance.yahoo.com/markets/stocks/articles/tesla-south-korea-sales-jump-183436069.html?.tsrc=rss
2026-04-06	Google	0.0	Tesla Stock (TSLA) Is Likely to Fall 60%, Warns JPMorgan Chase - TipRanks		https://news.google.com/rss/articles/CBMikgFBVV95cUxPRUZFZndDaTB3TEpJaUdxVWFTVTJzTmpPb0ttcGJTVXdTQXh5WVNETk1rb3hBZlNHVk4wNjgyVjRWSDJVNXFDNEpoLUZ6MV85OHRBVVNUNGp5cTN2VlpDVVFhdFNUam5ia3JLa2dxYkxnQ1YyMnI2dTRyNzhMUlAxMjlyMFFYVnIyLTh1Y1lTRl9QUQ?oc=5
2026-04-06	Google	0.0	Tesla Stock (TSLA) Slide Continues: Morgan Stanley Weighs In - TipRanks		https://news.google.com/rss/articles/CBMikAFBVV95cUxQZG54UzRBWXQyeUV5U3hFUjNjVHJBSGhobUlZeVNYLUpZR0s3eFUwYmVDM3E4a2FzYUVRZ2JyeEY1SDhVSkE1ZW12a3kwV0dmNGUzeHBONHFaY2NRMXppdUNOa09qeHFRZ0M3NjVzaG5OS3hDd2hCeHJRLXpOVHNUZTlKYktyN08teUVQYUpaZDE?oc=5
2026-04-06	Google	0.0	Tesla Stock Forecast: Why Analysts See Cautious Trend - TipRanks		https://news.google.com/rss/articles/CBMilgFBVV95cUxNTVlCWEp5dVU0bUQ3aHlmTVphZnpkRlI4RF9HTV9wOUI3cXM1eUhyanRGVXhsWjFFWWRrZDlWUy05N1FFSnlWRFBOWG9MN0xRQnljMTIxb2tsSUZ1eEV6dFFfM3RiRUNHc05fMk9RVjVUbE5xbmlfTEphZ0tZVlMzdTEyM19kcGFIVUdTbUZCQV9ZLVhFcXc?oc=5
2026-04-06	Google	0.0	Tesla just pulled off an EV shocker no one saw coming - thestreet.com		https://news.google.com/rss/articles/CBMikwFBVV95cUxOYkJtZjVtTVVPNjZTbEVsVFc3ektvdjBLR3YxSGVrUDI0TjR2bWxiRklBWU9oMlRsSWpEcGR3akVEdF9hTEFHYUxIUk1ubzdhSFltX0c3d0dLWnVKOHpmZVhCWFJfSTgxa0N4cVpGYl8zaTItZFBfUFU0TUpXajRKcmtaYWlOVFBaQkpwSTdIbllIeFU?oc=5
2026-04-06	Google	0.0	Tesla stock gets hit with shock move from Wall Street analysts - Teslarati		https://news.google.com/rss/articles/CBMilgFBVV95cUxQUy0zNXM2dTZaTU16NXpPX2k2M25icFNqalhiSnlYUm84dVdfN0Nyek0tdDBTVkQzT3Y4djRUQ21jNWZRcWNueW9xTWg0c2ZqeVM5VGpfREduenNlVnA0STcwSlZzSmZNazVIXzZMNkpELUViZl9LRHRhNjlnaFVJR1NsQzBFUi1RNWFpelpGbExiekYtSWc?oc=5
2026-04-06	Google	0.0	Tesla's (TSLA) Delivery Miss Spurs JPMorgan to Lower Estimates - GuruFocus		https://news.google.com/rss/articles/CBMinwFBVV95cUxOaW5keU5USkxOYkotVVhUanQ1V3R6eDhVb0d5Rnh2d2NnWU1YTVN5N2xpOHlhZVFGd0Q4R2hCUUUxdm1UVkdsNmNzb1hGUjR3V0FLNFFxa3JiOFhpZ2FqN3lGaFVCZXBieVE0VzFMcVBsbmdXYTlZcHRRZkVEeVgzeVE0RjY0S05QRi13N3htczBVX2MzXy1nNWg2NldpMUU?oc=5
2026-04-06	Google	0.0	Tesla, Inc. $TSLA Shares Sold by Ethos Financial Group LLC - MarketBeat		https://news.google.com/rss/articles/CBMitwFBVV95cUxOZWtNanhQOGFYcUVlZkhPSHdqTDVCTUtjYmQwZmVtblBScVBRVkUxY0UtQ0dfcWtLdTF5c1p2WThpMThRUVBEY0ljMHR4Uy1JX1lWRzE2YmoxNHVLTGg1SjZGeGlObzJPd1JGUlpqRGd1b195YXVFN3lXN2lvdnBwU05UNFRCeHd4Qnhzb2R6bHZHTmNaMXk0WGE0Y00ybHFBNE9UOGdpdGN1TXNMTWM3LU5naHZVaXM?oc=5
2026-04-06	Google	0.0	WestHill Financial Advisors Inc. Buys 2,844 Shares of Tesla, Inc. $TSLA - MarketBeat		https://news.google.com/rss/articles/CBMixgFBVV95cUxPTmdiMTMyX3VEdnhON0JvY3RLeEp4VHpkTjFRQklJOVJnWU1jUU1oVlpheXhPVk92YUpiTWdLZFpJOWxzUGxuN1d3Y2VucW1BcGlZX2p1VjdhZkc1U3oyRG0yZDdfcjMzMVVpMHlUT2ZHZTVDM3RXS3BIb181R0lVeDVTTVc5a1psSmJicDY0SmJoZVNKQXpPR1dNOUhIeU5mbDN5S1hZdXMxRkJiWEhKR2RpRjFQYnUwLXkyUkNUTGdxMmdNQnc?oc=5
2026-04-06	Google	0.0	What's Going On With Tesla Stock Today? - Benzinga		https://news.google.com/rss/articles/CBMiowFBVV95cUxPSG9wTEJGRDFFTGswdWZPazZJYTlHc3hsem9Ub1k4NmZtOUpRU05rUVVyc2JnQk9yVVNtaE84TzEycERHVzdWYWhRQm5EOGRWRXppRENzUGtWWFlVaDdtUFBwZTdrQzFLei1fdGd6UFowb2ZlRHI2dVFEdEZVRG82VWc2M1F5dFRqMDhuaTZnQlcyQkZLX09OQ3YtUXlZS0pQcDh3?oc=5
2026-04-06	Yahoo	-0.024	Analysts Cut Tesla Price Targets As Regulators Shutter Investigation	A bull and a bear both offered pessimistic views of Tesla stock after the automaker reported its Q1 deliveries, which provided the first look at its business this year.  JPMorgan analyst Ryan Brinkman, the bear, cut his forecast for Tesla's earnings to 30 cents a share down from a previous estimate of 43 cents and below Wall Street consensus of 39 cents, according to FactSet.  Brinkman added that he sees 60% downside to his price target of $145 a share and maintained his sell rating.	https://finance.yahoo.com/m/b1830d81-e6d2-3d5c-89a3-f3893ee747c2/analysts-cut-tesla-price.html?.tsrc=rss
2026-04-06	Google	-0.078	Direxion Daily TSLA Bull 2X Shares (NASDAQ:TSLL) Stock Price Down 4.5% - Here's Why - MarketBeat		https://news.google.com/rss/articles/CBMiyAFBVV95cUxPR0MtVlBDamZMQ1R3SUJHeHJKaWoxZ3pHbGV4TDNnOHJfVmdTbUJaZm5yTzFwRlRZTjNaOW10TGpxRDg3cENJWXhTT0Nwam1zNnRhNVdlY1NhWTBPZUVUN3p3TTFmQTNUM1gtZ2JGQnJEMVNyNjdxbjB3MHphMlVHM1VCS0JYZFRTV3VaUVBNTHNZQnpOdE9iMjZXd3NzZmxhWjg2YlpSQ3B6eGxDTFJIZ0w3VDlnUm00NEJtU2VRSktZRmMwaFJQZg?oc=5
2026-04-06	Google	-0.078	Tesla (NASDAQ:TSLA) Stock Price Down 2.2% - What's Next? - MarketBeat		https://news.google.com/rss/articles/CBMiowFBVV95cUxPakZTNl9SNHN6LU5GX1hfSHlaUHNyckNwWU5GcHNDeXdLb0xsNDVPRkFlSVJXLW85VkRFX2hIbEl3SkR6SGhQY0V2OGtUQ3N1UnZiWi01cnR5MU9tYmtIaVpPVXZYUFlJSTJ2QTFNbVlMOUtsSUx5NzRSYTlkR0xfbGdhWVFWajNDeC1IaDVCZmZBbzNIdDQwYzBNTGdpdHVuRlUw?oc=5
2026-04-06	Google	-0.1	The $16,000 Nightmare Bill: Tesla Stock (NASDAQ:TSLA) Sinks - TipRanks		https://news.google.com/rss/articles/CBMiiwFBVV95cUxQcmFyRDYzVElLSVpHSDZwb2oxSlZSYWpIMFpweVh3Vi1paHZNbXNqQ3phSFNJUUhVQjdnVnoxQTdXMi1iWTRnQkZkNy0wZlB4RXZDTkp2cXhpNllac0VJNV9qMnVyUTVETkhLaFZkU2ZtdkpvdWtUbkdXS0JyOUItMzZ5N3lRQmU0S29n?oc=5
2026-04-06	Google	-0.1	US Ends Probe into Tesla (TSLA.US) Remote Driving Feature After Software Update - AASTOCKS.com		https://news.google.com/rss/articles/CBMiiwFBVV95cUxNSnpqNWU5cEkyUUdhcThxN0FFSTJnYUZENm9iU1VJYzBsX0NoQ2M5bXE2THRUQkhheVloZ1VqZURZU3NEOS0tNGhQNnVmNkZyTWllaEo4UzNwbVp4U0NQQXFNRFhrTzk4SGhHcHJsWFNyTVZrSndZeFg0TFYtUVU3alVNYzQwdGJkTmtR?oc=5
2026-04-06	Yahoo	-0.105	Stocks to Watch Recap: Kratos, JBS, Starbucks, Tesla	↗️ Strategy (MSTR), Coinbase (COIN): The crypto-related stocks closed up 6.6% and 1.9%, respectively, on the back of gains for bitcoin and other cryptocurrencies. ↗️ Starbucks (SBUX): The coffee chain announced late Friday that it had completed a transaction to grow its footprint in China with Boyu Capital.	https://finance.yahoo.com/m/6e3f6e14-7a79-35ba-b250-5f073bb077a8/stocks-to-watch-recap%3A.html?.tsrc=rss
2026-04-06	Yahoo	-0.119	Podcast: Stocks Tick Up Ahead of Trump’s Hormuz Deadline	Tesla shares drop after weak earnings estimates. And Paramount Skydance stock rises after the company secures new equity commitments. 🎧Listen: Katherine Sullivan hosts the WSJ's Minute Briefing podcast.	https://finance.yahoo.com/m/2e3f014f-4ae6-340b-8d0e-a9afe29632ef/podcast%3A-stocks-tick-up-ahead.html?.tsrc=rss
2026-04-06	Yahoo	-0.139	Tesla Skids 3% Amid Delivery Shortfall Concerns, Execution Risks, and JPMorgan’s Bearish Warning	Tesla (NASDAQ:TSLA) stock is down 3% in Monday’s session, sliding from $360.59 to $350 as a fresh wave of bearish catalysts converges on the EV giant. The move extends a painful stretch for shareholders who have watched the stock shed 19.82% year-to-date heading into today. The selling pressure isn’t coming from one direction. A Q1 ... Tesla Skids 3% Amid Delivery Shortfall Concerns, Execution Risks, and JPMorgan’s Bearish Warning	https://247wallst.com/investing/2026/04/06/tesla-skids-3-amid-delivery-shortfall-concerns-execution-risks-and-jpmorgans-bearish-warning/?.tsrc=rss
2026-04-06	Google	-0.3	Tesla Stock Is Priced For Perfection But Delivers Disappointment; Consider This Bear Put Spread In Options Trading - Investor's Business Daily		https://news.google.com/rss/articles/CBMijAFBVV95cUxQZU8zWFBKd0pVdFd4SHRQZ3BLei1GSzBHMC1YVUNKMVFYSEZhNHlIVGJkQjdwbXNIdGtyY3FBNnJwTndGbGRaTG55M01iOUNGS1BBajhMYWw0MWg2ZU9KTG9JcDFpZWRGUjVPSTlHSVZLeGY0Vk9jclZiaWxJVE9RNkliMC1KVkQ2WUhzNw?oc=5
2026-04-06	Yahoo	-0.375	TSLA selloff deepens: Why analysts are slashing Tesla targets after delivery miss	Investing.com -- Tesla (NASDAQ:TSLA) declined 2.5% Monday, extending losses after falling 5.4% Friday, as weak first-quarter delivery figures pressured shares.	https://finance.yahoo.com/markets/stocks/articles/tsla-selloff-deepens-why-analysts-165526682.html?.tsrc=rss
2026-04-05	Google	0.136	Arta Finance Wealth Management LLC Makes New Investment in Tesla, Inc. $TSLA - MarketBeat		https://news.google.com/rss/articles/CBMizwFBVV95cUxOZk0wY1YyUlZZdlM5NzRzTDcwX3FqdXRyQXZmTGU3SUI5cDNLT19LUlY2U2J1RTdDZ3ZKa1pmTFZoQk9vMGhEOENsTDdjRV8xLW0yODUzZXJGbWlmYnZQZlZGVFMyMDk0eTlhYUlzVVNVTFFLc0hSWXNscFdINzhSN1VRQ3lVU1pRck8xNEZFaDlIeUZhSTZLVEJVaGJCMlZvQ240UUctenpxcDhJbUlBNWxoRGZDMlNOMFdMVHRVUktZU0JMRm5NbWE2eVJvM1E?oc=5
2026-04-05	Google	0.0	Goldman Sachs, Truist Slash Tesla Stock (TSLA) Price Targets on Dismal Q1 Deliveries - TipRanks		https://news.google.com/rss/articles/CBMisAFBVV95cUxNc3NUcm5EMDJEUmtnR3NsWkFMM2RDdV8zc2ZzbG9HYWlDMGNWV05tQjd1QUkyVG9SN3R5Vm92Ymg5MlZXZmtFRXIyR3lNbzUyRVNOWmo4NkdNWTRQbDc0bVh4RzY2azBlREdNS0hmbGFCY2pCRWdtYnJSMHRmSFZxV1YtbWZXVGcxa0NTZHBuQkJGbDRQNWlGU0ktaTFsSFpTTlNodjdfODlPbHEydkExdA?oc=5
2026-04-05	Google	0.0	TSLA Stock Bull Run Ahead? Eric Jackson Says Signal That Preceded Tesla's Biggest Runs Has Fired Again - Benzinga		https://news.google.com/rss/articles/CBMiuwFBVV95cUxQUFdHcnk3dFZya05xRmF4M2hOTDlXckxvaURXNWNKSkFndTR6dmRqT1YwLUV6N2xvMEl1OERCZVpoLVpvTElMZ2RPTUNXY1RDLW9OVVZtTGlSYUFNNFVoUGJXMWxnS3dDeW9KeWtOdWM5QkFKV2ZxWWw5RFRMSzljSFljNTlJZEx1WXRTYVRSY3ZGY0Z2bU5IZktiOURWMWlabVBlNjdLQmVlX0tPWHB1S01TZ2oxRnBCelJR?oc=5
2026-04-05	Google	0.0	Tesla Stock Keeps Falling - But 10% Lower TSLA Puts Yield 2.0% for One Month Out - Barchart.com		https://news.google.com/rss/articles/CBMivAFBVV95cUxPa0h6bVE5ZGtXMFRFNE44Tkx6NERyN0RVN29KQVljcm5vUkhzTDB2WmZnNGhaXzNMeWxCaDdaWGJXZjVwbDhSN2V3NU5mUF9TSHZ0eGR2d19BZzh3Z2VnLVdaVXFYTkc3Z1Q2NkgwdTZKRFFYZjJMX0pJdnlVZUtGbVJuSTQ4bmtyOGRTMnlJSEdFR0gzNjUtTS1WU1RMTG93WU10QUxaeXF0d2xuTFF0VVdraXZTYkNQdjlSNg?oc=5
2026-04-05	Google	0.0	Tesla, Inc. $TSLA Shares Acquired by Stratos Wealth Partners LTD. - MarketBeat		https://news.google.com/rss/articles/CBMivwFBVV95cUxPMEVEcldXQ1AtVkxEc1dyeGhXQWR5c0tUV2FOVkdRSkNYejhfb3dMeHJBTGdPVktsS0FlT0EyMnBsYzBTZEhOX0FYbEtzQWJUWmZSeHU0Z2ZybGtodU91S3BJWHJuTC1tckJVUllPb2wxWXRZeG5LbnhjWEVXUnNScEFiYXZhdFNpUUVyUGJMSUQtRHhtb1lYTGRiS25WQ215Y3lmVWZ5UTVfS1FXNW5DemdUWkxDekpEdEhmUUs3bw?oc=5
2026-04-05	Google	0.0	Tesla, Inc. $TSLA Shares Bought by Whalen Wealth Management Inc. - MarketBeat		https://news.google.com/rss/articles/CBMivgFBVV95cUxOT0ZEaVFWZmtqLVlkNXRfbWR0ai1DREpxUXFmeEZ3ZW5ocmFya3ZzMVFoemRhYnpVYTNUMjNBVEwtdDlVbDZmdlZUMVlEZW8zd1JmU1hSU1pKbmtwZ2laaFo0aTVvTE9ydWhSYzVlNHpiNHM2MWJmUlBaTU8yU3RUM3BIRGtRN2lFVFZtQ2NxX2ZRcnpnUmtfZ2JNRjBFamZFZXlPdVNXTVpDUGl0UnVtWERCUG1hZU9vT1p3cl9n?oc=5
2026-04-04	Google	0.0	Pacific Sage Partners LLC Sells 1,929 Shares of Tesla, Inc. $TSLA - MarketBeat		https://news.google.com/rss/articles/CBMivwFBVV95cUxNbEhJM1czQWpoNGRaNXRZX2xJT0FDV21SblJzOXdLZll2QzJrNzFfUFZ3WHFHZ2NfWGx6Y21BQ2FvemUtNi1PaXVNUnVVZFg1NnFMUGtRREtUclhtZGx2SV9kaUI2clY1WkNNTTBvSFJXc3hweWdHLWhwUlpBOFNQRG00SkVucEVYQmI5T2N0b240TVo4dnJGcHZCR2FVcEZBNWoyUEdYdFkzVE01TTQ0cG45ekxQdVBqai1zR3BPRQ?oc=5
2026-04-04	Google	0.0	Tesla Stock (TSLA) Opinions on Unsupervised Robotaxi and Optimus Advances - Quiver Quantitative		https://news.google.com/rss/articles/CBMirwFBVV95cUxOOUo0RHdDRmdtR19kM2VmU1psV1QxVnVqR0djVlRWaWhsOHVfbjIwRXZlUEhCM2ExWGlwamo0eVBKS2YzOVhtRWYtV1BjS0hlZFp3b0tQSkxlaE1KQ0ZidzJhRmdsdHgxNER2SXprajd6VXF2N2RUSGNPcmtGbUdJSjdzSy1tMUM4bFYyMWVBOEl3X2FJdmN6MzMxMFNzS2toTERBdWhVNUV0ZUZSQXdN?oc=5
2026-04-04	Google	0.0	Tesla, Inc. $TSLA is Balboa Wealth Partners' Largest Position - MarketBeat		https://news.google.com/rss/articles/CBMiugFBVV95cUxNWHZGSGxTWEZwSURud3N5cG42Sk9JUC1IbEdzb29fbzQ4OTl0cWFYdHpDSW8yR244S0xjeTFiLUhXWnVEVTZJVkdwb25lWXpQcW1TNUt3M0kwN19sUF8yRXU0WGg2M2RBYUdFVkYyTmE5aE0ybl9yR3RRc1NFa2lOMXdodVpFT0cxRDBpMHF1T1pQaWlMY2hLdHpiZ09HYmpCQTN6eXlWQmJMWHdjN0RyWi1KLWc0VGE4SVE?oc=5
2026-04-03	Yahoo	0.219	Dow Jones Futures: Stock Market Resilient As Oil Prices Spike, Tesla Slumps; Jobs Report On Tap	The stock market rose strongly for the week, even with oil prices soaring. Investors should look for this signal. Tesla tumbled Thursday on weak deliveries.	https://finance.yahoo.com/m/f9bb3669-1120-3897-b122-ec93fc17a8e6/dow-jones-futures%3A-stock.html?.tsrc=rss
2026-04-03	Google	0.2	NVDA, TSLA and INTC Forecasts – Tech Stocks Look Ready to Move? - FXEmpire		https://news.google.com/rss/articles/CBMirwFBVV95cUxOTjZ5YTIxalZ6VFpCTmJFbENGeHFyVG5CTnZvVXVsdEVUQUdsOWdPNVVhUG9YSDhrYXU1bGdYV19rcTE0TV9XeWx0SURQWnZYQjFJdzFNNm1jc1pxSEFKWS1yYlh1TFlSMWtFLWpOVzRRZ1paRm1memtIcFZLOW5hNlZCNEZWUmNVUkxDT2NlRTltb0NjY01abGdSYkY2bHQ5bm1TR0R0ejBEeGlsa1NV?oc=5
2026-04-03	Google	0.0	SpaceX IPO 2026 — Why Tesla (TSLA) Investors Should Pay Attention - Yahoo Finance		https://news.google.com/rss/articles/CBMilAFBVV95cUxNaDkxQmpjNktLVVQzNkdGOGVYbzc3WHF1Njl2eV9pR1ZrWF9OejVIbXJJYmVNaERMSFZib3E1MlJOcUZrYVBfUnNqbWZKRV9EeVMzZ1FidWhmTGxIZTA5alVWRHpBQk9GZGU1MGF5UjIwa1hMVG5BbFBKMld2UHNNVzB2d3g4YWxlTTdPbHJsR1dpeVhk?oc=5
2026-04-03	Google	0.0	TSLA: Tesla Stock Drives 5% Lower as Deliveries Rise but the Number Is a Miss - tradingview.com		https://news.google.com/rss/articles/CBMi0wFBVV95cUxNdXJVaUJTQlhtLW5saHpVUE81dTFpV3dQLTNfOXFYTTFDVlp4LXBzenptTWgxNFBnWTFOVVhHSzdpSUlFRVdyWE9yNk45RDFWcm5EWXRrQjdUOFRkcTVwYzRyZ1g1Y0xyNUtPTk1LTl81LVlCbDBGelVqaHRTNTU3T2dBT1ZnUVBvcDZlM25XaGpMV3ZHekd2M1hJSjlnRUhGUkJlaDd2QnRJb3ZtbW9ZZGREOUJUaktHSUhVTnVTWHc2LTc2RDRMTVpOeWpVZHl6aExv?oc=5
2026-04-03	Google	0.0	Tesla (TSLA) SVP adds 20,000 shares through option exercise - Stock Titan		https://news.google.com/rss/articles/CBMipgFBVV95cUxPZ0loYWhXQmRwaFczU01GMVhaVHk5Ul9rRTJ4eUhQRU9hUkpmS1U0bkwwQUxZdUpkLVR1cHVjSm53Nm0yenotWVdBRlBwY0Q3OXdHamdwbHVjZHNKTVdNaXNvNHB2U1RwWTBZQlFXMk51a05Oa25oTVg3bGYzMXVhRjFhQUhMNTdiclgyelA4cmhKaHdBYnlMME1FX3dPRXprenR0Z0ln?oc=5
2026-04-03	Google	0.0	Tesla (TSLA) vs. Rivian (RIVN): Stifel Picks EV Stock Winner after Q1 Delivery Numbers - TipRanks		https://news.google.com/rss/articles/CBMimgFBVV95cUxOTFl5M0JtZkdfd0VFb3FXMWdxWWJDUVBSTTlXck5naGJMSlRZZzNHVGt2MWRWWWJZZmNZV0hMQ2ZBQ0t2WkZ1TmJGMnVZa1Z1bjlUVmN0d2JJcXBGY21lNDNpck1XWHZUQXl2UnFsVXUtd1RnNTFWMUhuSHRTb1JtSy1GbHZ1RWIxUmZUU05sOUpqbUZFNE1iNkZR?oc=5
2026-04-03	Google	0.0	Tesla Q1 Deliveries Miss Expectations as Growth Slows - Tesla (NASDAQ:TSLA) - Benzinga		https://news.google.com/rss/articles/CBMitwFBVV95cUxNTmxyTGx0MExWemZrUFYxZUZOZU8xckoxejVkbWZvdFhmOXAxM3lYV2NWTURfY0FUcjhOYU5zM1AtbjBnRmNuejc5dUtHODVudGRKNGlKYmhoaldHZktMUG9kMHliU1M0VmQ5XzVCMUxsR28wQmJYeUJBVEpPQjZkemZVMWRIdE9nZkE0c1VkcldQalNXaW1xajc2T0lWU2RoLTJpNUNsdGx1X0hBTFEzdEFlMUZEVnM?oc=5
2026-04-03	Google	0.0	Tesla Stock Slides 5% as Wedbush Calls Q1 Deliveries Underwhelming - TIKR.com		https://news.google.com/rss/articles/CBMisgFBVV95cUxPLWx1dHM3S1JNeTJEd2tMbTlYQm5OejNkYmU1eU9TSFBONFRXc1ZMRU5Eb0pRMEdJeFFGTW5UUXc0SHpMSWJVZDJQS1J6ZE41ZmV6OVphelAyaXdkSkZoZ1JXb3BKM3N5T2VkcllULU1FMDJtUzU1aGhsWUx1clpNa0IwSVlZUzRCVXg3Y0wzdmI3N1NjREtTTmRfbTdJaGhYckhFRW4wbVozeTVPRnNZTFFn?oc=5
2026-04-03	Google	0.0	“Struggling” Tesla Stock (TSLA) Slumps as Q1 Vehicle Deliveries Miss Forecasts - Yahoo Finance		https://news.google.com/rss/articles/CBMioAFBVV95cUxPUTJhZ3U3Vmp5Z1dSRUx0WXlxTGxtWWZYal9mdjFVcklod2o2ckFvaDM5Nml0YkZoaHZWUUZZYTVZZWYzbUV5eEFLOFRFUFVHWmlPMUE0a0xiSVVMbzI2ODRCVEpwZnVHeURzRlM2R2NMNzhXM1FtQzdNNFRneDFWdzM1c1RpbGhkdl9tVFVlcHItbF9PNEpoRUV3ckpETkNE?oc=5
2026-04-03	Google	-0.156	Tesla Stock Down 5.4% in One Day, Why You Shouldn Not Be Buying The Stock - Trefis		https://news.google.com/rss/articles/CBMi2AFBVV95cUxNTWxTMV9LOUpPaV9tcEdQSG82S1d3Mno0RG1UX21kc0hzNHN6S0JQTXpxNHQ5b3I5ZDFXcG1OTHN4RXNzVERrWlpKOExlZE1KQVAwQXdCbFJGWkVjOWhoTkU4OFZjYW94djdyODhQak5qZlpjQTFxbUlrUXZnMWRmU2llME5iMDJvV0pJa29Yd3QwdmMzSEUtRVVmcEZOZHlpWldDdWh2dkNyXzdEeUhzYnVweW9Zd0NUTXk3SVlKR0RJVlpsa2lub1A4UEtISWxkcjZSN1VXUEw?oc=5
2026-04-02	Google	0.5	Biggest stock movers Thursday: Oil and gas stocks, TSLA, and more - seekingalpha.com		https://news.google.com/rss/articles/CBMijAFBVV95cUxOVmR2eEtRbTlLOXJqRUpfcGF5UHBkVnRwRTJldVFSQVFzbWdvZ1pCQTA2RGQ0QjJodHpmZ3NFeTFDMlExaGMxek9ES1cwNEZwbVZXQmhiOGg2NUdmREVEU0pOQXo3ckJnT0cyM2V3SFlJcnBseEJBRHppTHFUX3VXMmJVT2R5NkZBeE1ZSA?oc=5
2026-04-02	Yahoo	0.5	Tech, Media & Telecom Roundup: Market Talk	Find insight on Palantir’s Foundry platform, Tesla, Nvidia’s deal with Marvell Technology and more in the latest Market Talks covering technology, media and telecom.	https://finance.yahoo.com/m/1d4a9f48-1392-3de9-bf2b-0e5acb23a36d/tech%2C-media-%26-telecom.html?.tsrc=rss
2026-04-02	Google	0.5	Tesla, Inc. $TSLA Shares Acquired by Capital Advisors Inc. OK - MarketBeat		https://news.google.com/rss/articles/CBMiugFBVV95cUxOdjlMTlBnS1FxNEROVkNMeVFQaFhKcVVpemdWWXJVNVh5M002OHJ1eEJ4eFFOemJjVWVmby1paVptcDFoZFJZLWw2QkJ4QXZWWE1mQUVQVUtoeEVmVUVxejV6VlB1MzZnZmFpMTNfRTcwaVI3T0EwMjJ3bXJBeGR4R1dKc2hURnJkRmJFbU9mMlFzMUpVOHJqTEZ2ekFNWmppWmlENnRiSGliMUtSdUh0NG1SMExwU2c2aEE?oc=5
2026-04-02	Google	0.433	Tesla (TSLA) Reports Strong Q1 Vehicle Production and Delivery N - GuruFocus		https://news.google.com/rss/articles/CBMiqwFBVV95cUxOMkdSUW0tNTRJY2hQLV9yejU1OUlMMzZmTFBJanNPdVNDLUtrOWVULXY0N0pQeUFSbGh0Qnd6djZaa2E3dmRGVXMzYlVHdDJYOGhqNzlYcGI2dVQtNnU5amlKMWRQWU5UbFAzSTRnbVE2S05FcGotWjFUc1JVeUJNRS1XSE9fb01OLTB0ODhjTHpSYjNJX1VpS1pVdkp1NUZaRE8xSWJJTmRIRjQ?oc=5
2026-04-02	Google	0.433	Tesla (TSLA) Sees Strong Growth in China-Made Vehicle Sales - GuruFocus		https://news.google.com/rss/articles/CBMimwFBVV95cUxPMDNxUXk2MFVIVXBsZWdwQUhhRGtxRE9VblJaS3VMQ25fVW1UYXY2RWx3SWppdlk5Q0M3OWMyQTdLSzFxQWlIODdRRVlucy0tQzRSbDNMY1YtaHRlTWNJeF9DQXdxczZRMFkzYVl0X2hBckFOdTYyNlRMRnUzZkM4UFU3R21fR1RlelY1cktHX0RNbFRySHlUUWVUZw?oc=5
2026-04-02	Google	0.4	Tesla Stock Hasn’t Looked This Cheap in a While - 24/7 Wall St.		https://news.google.com/rss/articles/CBMilAFBVV95cUxQeElpQ0dOUEJTS0RlQWVNdU9UMC1qaDd3M2xXV29EZGsyVHlFSnR6d2o5UWUwdE1wZ3FaZ3UyczIxQzEybXZQVk5lSWpHaTFtQWQyY2JIVkxkVzZfNFdKT2xXalNBZF9QUFM1T3l4bFZWVEdVVVhiMEVqN1c5c1N2TGRsZXpqSV8yUVdpTFhqTEJvUmFx?oc=5
2026-04-02	Google	0.333	Tesla's Sales Struggles Are Improving, But Not as Quickly as Wall Street Hoped - Investopedia		https://news.google.com/rss/articles/CBMiuwFBVV95cUxNY3ZRODFHTUJKV21hRE1BSVg3WVdaQVRfdEdkdEFFSy1IVkMzazg3T2h6cjVENm9peWx3NXgxSUNHQkdqZU9YUUk4VUQ0TDJ6T0hoR09Iek45WEtWZ3ZoSnBaQkRwN05tRUJ4dmdUdUFRdDhfNXgtQ0Z5M2NZcENqNmFzclpqU3QxLTVGTW5LLTJTbnc2OUVjUjhpcjlkWFhuSk9GcVIwYXRnc0gwbEFOWEVjZE11SGo5cWRB?oc=5
2026-04-02	Yahoo	0.3	Stock Market Today, April 2: Tesla Falls After Vehicle Deliveries Miss Estimates	On April 2, 2026, investors weighed Tesla’s rare back-to-back delivery miss against rising production, storage growth, and its AI ambitions.	https://www.fool.com/coverage/stock-market-today/2026/04/02/stock-market-today-april-2-tesla-falls-after-vehicle-deliveries-miss-estimates/?.tsrc=rss
2026-04-02	Google	0.286	SpaceX IPO 2026 — Here’s What Tesla Stock (TSLA) Investors Need to Know Right Now - TipRanks		https://news.google.com/rss/articles/CBMiqgFBVV95cUxQYXZDTlphOWczbkh0d1RuSDRxR29aS0pKb01GaDV2bEc0ejU4RmpkXzd5bktuNU5fVS11cWRiQVBMUlVnNWRxaS0zdTB0SVFvNnQwY1dhVUY0Yk4xWTNGRzNocEZpM25VYzEtUWY1Smpudmx4LUxEdnY3czhGcG9WUWhEa2Y4UXQ1YmpIbHpYYnZBbk9ELXh6LUZNb0Z6OVJJT1dGVUdad2x1UQ?oc=5
2026-04-02	Google	0.275	Stocks making the biggest moves midday: Tesla, NextDecade, General Motors, Delta Air Lines & more - CNBC		https://news.google.com/rss/articles/CBMilwFBVV95cUxQVGRvcXN0ak1wRzhRTkZlYjU2OV9yZ25LN0VhXzY0eTRXTWp1TGpJUVY3SHJaNzFtVzNQdFB5cS1zR3drVmdjLUJMRUVOdWd6OHRXOVhjOGhaMlBOVEljR3MtNldtWVY2bEFRendaR21WMUpSaWRzbGJXTGVYNmlmc09ONi1RT2x3a1diZXZaSXNkbFhGV3M4?oc=5
2026-04-02	Yahoo	0.228	Tesla Needs Panasonic, BYD Doesn't — That Gap May Matter More Than You Think	Tesla, Inc’s latest push into Japan isn't just about service centers and Superchargers — it's a reminder of something the market may be underestimating: not all EV growth is created equal for suppliers. Because while Tesla scales, companies like Panasonic Holdings Corp scale with it. And while BYD Co., Ltd. grows even faster, Panasonic doesn't. That asymmetry is easy to miss — but hard to ignore once you see it. Tesla Growth Flows Through Panasonic Tesla still runs on a hybrid battery model. Don	https://finance.yahoo.com/markets/stocks/articles/tesla-needs-panasonic-byd-doesnt-223026290.html?.tsrc=rss
2026-04-02	Yahoo	0.188	Rising Tesla Sales in First Quarter Didn’t Beat Wall Street Expectations	The company delivered more cars than this time last year, but overall sales are still on the decline	https://finance.yahoo.com/m/ae855a3f-a022-3c78-9df6-5a2eca076dc1/rising-tesla-sales-in-first.html?.tsrc=rss
2026-04-02	Yahoo	0.155	Review & Preview: Streak Snapped	The stock market overcame a steep early slide to mostly finish higher.  The S&amp;P 500 rose 0.1%, while the Nasdaq Composite gained 0.2%.  While today’s numbers look pedestrian, it’s about where the indexes came from: The Nasdaq was down nearly 2.2% at its low on Thursday, while the S&amp;P was down 1.5%.	https://finance.yahoo.com/m/3d7eb73b-626a-3760-b587-f31c558d7c39/review-%26-preview%3A-streak.html?.tsrc=rss
2026-04-02	Yahoo	0.139	SpaceX files confidentially for IPO on day Nasa launches first moon mission in half a century	SpaceX, Elon Musk's reusable rocket and space exploration company, chose the day of Nasa's Artemis II lunar mission, the first crewed flight to the moon in more than 50 years, to file confidentially for what could become the largest initial public offering in history. The company submitted...	https://www.proactiveinvestors.com/companies/news/1089979/spacex-files-confidentially-for-ipo-on-day-nasa-launches-first-moon-mission-in-half-a-century-1089979.html?.tsrc=rss
2026-04-02	Yahoo	0.125	Equities Mixed as Oil Surges; Wall Street Logs First Weekly Rise Since February	US equities were mixed on Thursday as oil prices soared, though Wall Street posted its first weekly	https://finance.yahoo.com/markets/stocks/articles/equities-mixed-oil-surges-wall-204905906.html?.tsrc=rss
2026-04-02	Google	0.125	Tesla's (TSLA.US) sales of China-made electric vehicles increased by 8.7% year-on-year last month, with a rise of over 20% in the first quarter. - 富途牛牛		https://news.google.com/rss/articles/CBMipgFBVV95cUxPcFZYZVVwcEJqVGRkLU53YlJScTh3RngtNVlYR2EyU0ozbDhnbHVOSXk3XzU4T3FGcFFrMGl2RWxZSjVndVVXSkxJQTJpV2hBd09iLWJVVjhVWlg4THNYb0pQSjVIcnVudjF4VXgwQzVKd19pWjFrY2hORzZWWU9yRzVxNWZYWUxBODdkb1BDTEp4N0hTajM3cHVCRU1KUHN1WGdtVlln?oc=5
2026-04-02	Yahoo	0.087	Tesla Rival Rivian Tops Delivery Estimates With New Model Still Due	Rivian deliveries in the first quarter totaled 10,365 cars. Meanwhile, Tesla's were 358,023. Both stocks fell on Thursday.	https://finance.yahoo.com/m/9a2341ae-37e6-38ed-ba65-1db67d06f15b/tesla-rival-rivian-tops.html?.tsrc=rss
2026-04-02	Yahoo	0.083	Tesla Was Outdone by Rivian in the First Quarter. This Number Tells the Story.	Tesla and Rivian both grew their sales. But Rivian outpaced the larger EV maker on this crucial figure.	https://finance.yahoo.com/m/cf597487-891a-3141-9119-c3e6b06132c7/tesla-was-outdone-by-rivian.html?.tsrc=rss
2026-04-02	Yahoo	0.07	How major US stock indexes fared Thursday 4/2/2026	Oil prices remained elevated, however, having soared after a national address late Wednesday from President Donald Trump, where he vowed the U.S. will continue to attack Iran and failed to offer a clear timetable for ending the conflict in the Middle East.  The Nasdaq composite rose 38.23 points, or 0.2%, to 21,879.18.  The Russell 2000 index of smaller companies rose 17.67 points, or 0.7% to 2,530.04.	https://finance.yahoo.com/markets/world-indices/articles/major-us-stock-indexes-fared-204603674.html?.tsrc=rss
2026-04-02	Google	0.067	Empirical Financial Services LLC d.b.a. Empirical Wealth Management Has $34.96 Million Position in Tesla, Inc. $TSLA - MarketBeat		https://news.google.com/rss/articles/CBMi_gFBVV95cUxPV2YyNmJaSHdFQTN4MW1fZE91UExBbmNSdEZma0dOQ2Q3cjRSSEV0OERscllXMlU1N09jSkxVVlpKM0kzUE5rQnFPYjFxMGVKTVJrbk9ldnBua1lWSnhJS0dQRURldGpwbHNCOVJqZE02a3NSRWtIdzlpYUlqc2RfeUd4Q3hrWmxib0dMWGdpRE1VdndfemtpVGJNdXBpcGVyc0c5Zm5jU0FiVkxyOWVUNjNxSHg3TkRXVE5UeHUzWTV0TXJNOVhldGQydG9pcVNhM05QWDNwcEwxZTl1RjBrbkpKdlFLOVhyVVdjRUN6N0FSWTNMVjZzT2VFcGZ0dw?oc=5
2026-04-02	Yahoo	0.067	Tesla Reports 358,023 Deliveries, Misses Expectations for Second Straight Quarter	First-quarter deliveries fall short of 372,160 estimates despite 6.3% year-over-year growth	https://finance.yahoo.com/markets/stocks/articles/tesla-reports-358-023-deliveries-204412940.html?.tsrc=rss
2026-04-02	Yahoo	0.033	Stock Market Today, April 2: Markets Muted on Mixed Iran War Reports	Today, April 2, 2026, stocks bounced following early losses on hopes that oil traffic could resume.	https://www.fool.com/coverage/stock-market-today/2026/04/02/stock-market-today-april-2-markets-muted-on-mixed-iran-reports/?.tsrc=rss
2026-04-02	Yahoo	0.024	Tesla Q1 deliveries fall short of expectations. Stock drops.	Yahoo Finance Senior Autos Reporter Pras Subramanian joins Market Domination to break down the state of Tesla (TSLA) as the EV giant misses its first quarter delivery estimates.	https://finance.yahoo.com/video/tesla-q1-deliveries-fall-short-of-expectations-stock-drops-201414210.html?.tsrc=rss
2026-04-02	Google	0.0	Analysts React to Tesla’s (TSLA) Q1 Deliveries: Energy Storage Miss Raises Questions - tipranks.com		https://news.google.com/rss/articles/CBMirwFBVV95cUxPZDE4ckd3S3ZxV0gtbXo0dmozSmtaSS1FRlJ0dHlueTNWQm5WSXdZem42VHROT2ZLWHVtVDlLRDA0a1NlRmtGV0RqUFNJQ3VZR25Yd2dSZE5JVzJHekR6TUc4Q2VWLUZuTTNsby1ZMXl4dVdrQWFqcno1WTNCSXc2UW5MUnpmenVoYnlaS01KdkpTZjA0R2JQZ1dlel95bmZIV1ExTzZSZWh1QnJVVDI0?oc=5
2026-04-02	Google	0.0	In-Depth Analysis: Tesla Versus Competitors In Automobiles Industry - Benzinga		https://news.google.com/rss/articles/CBMivAFBVV95cUxPWVJ1cVE2X0RGNmhMWlJ1RjRpSUFuWmJqQ1ZIak5qYWNlRmR5c0FUYXota3Rvb1pKWkpxSENMOHdNd2VuY2lONm1KVVRqN1dIalRPaWhVZUdfUTdscTlWYVJQY0o4YlQxdEtwck83U2tIazZSYUczNXlZY1J3T3NrSUtqSTVNbTJQZ3ZGa3FIS3MyNkpYTXRUTkZzQkFJUzVNYklMMlBYQ2N6Ni1mZlNoUFBjV3JXbzdJbEt0cg?oc=5
2026-04-02	Google	0.0	Kathleen Wilson-Thompson Sells 25,809 Shares of Tesla (NASDAQ:TSLA) Stock - MarketBeat		https://news.google.com/rss/articles/CBMiwAFBVV95cUxQdUJ6eDRHckttbWtnSXJKYXV1R0Y0VTNNakNDXy1CV0YtNFd6bndzTnhDdENxNHlhTS1GcHVlS0dOLU42WXR6eU5PTDZnSHJuUEJfTktDY2Q2Q19ZWEJ1Y3NSbVo1TnY2empMQ1JjU1VsUFhyYXo2eGY3VF9zbE13Z1h0V3lIMjdSTTRQSHJEWWJtRU5RVTlxSVZPUms3U21nRngwYnJYQzQxR09heTYzQU83OXZsS1lXOVhiRnUzOS0?oc=5
2026-04-02	Google	0.0	NVDA, TSLA, PLTR: Hedge Funds Dump Stocks at Fastest Pace in 13 Years - tipranks.com		https://news.google.com/rss/articles/CBMinAFBVV95cUxOLXpNT1dBRWpQclRNTzVSUVM2SUdJQlBmNVNUcE9NTjJULTVYT1ZodFlXcXpSdVNmZ1UwRFhYMWpra0w4UDFGN25GU2RZSzhQT2VZQ3lXcDZpRHllSG1pTnJxUWRmeE4xTHJCSGpfSWtJZ3I4VjhTUFVYVmxiYkpoYUgyS2JoNGFTUllzRS1IaHRfbDRvYnUxOEluc0c?oc=5
2026-04-02	Google	0.0	Nasdaq, S&P 500 futures dip on Trump’s prolonged Iran conflict signals: Why TSLA, NVDA, XOM, GSAT, LUNR are trending premarket - msn.com		https://news.google.com/rss/articles/CBMipAJBVV95cUxNb3pZYm9vanppeE9zczNwMENUM1FxTTc3VVhudENxMFp1OWx3eGRpVm1VSEJmS2VRZmg4em1rYk1aZDlnVFJUSUNNclRFeEdidzdYdTVzLVROcEhVVkthR213SWdSU3RxREJCOE42V3VNajdHZEU3TkJRdmowanFuMEJHZUJONTJGOUhIR3VqVlp4QlpoTE91REdpQXVyMllfMUZXdHJlSHo4RWJNYXJSUlQtZC16LUVacG1wNEdRODZzeGlfOXdDMEVrWkNhRHQzbmltTDdQdlBKVEcwRnNnbzVrSHdFb21QQWt6YWkzdlVfczAzbmU5YnQ4cFVIeGsyUV9CamZMLTctRE9wN0RfSDE3WjFSdDN1TXVrbzREN3FFNU9R?oc=5
2026-04-02	Google	0.0	Soaring Gas Prices Have Customers Reconsidering Teslas, But Investors Reconsider Tesla Stock (NASDAQ:TSLA) Instead - tipranks.com		https://news.google.com/rss/articles/CBMi1wFBVV95cUxNZGs3QUJrRlg4RkhKN2lEblY2bEM0dGhaRF81S0FNbExPeFY2Mm9nc2JHVEhoNVZRNFJXR2NxekE2VUF0WFhzQ2dNTTh2YmEzdFZXY2xPeEtaMFAwaWRIeUdUZmx2REVLVUFVVlo1RlMtVi1pMzQ5N0NYY1pPYzl4SjhYTnJTd3NnV00tMmVSMkFyekZweE1OQ1VhNDQzZ3RDYW1pVWsySWRGdzAxdEpIVUxvRkZxYnQ0cmw3eGxaa0dISGQ1LXZOZ3NCZmk0QzdQZ09JU0JEMA?oc=5
2026-04-02	Google	0.0	TSLA Stock Tumbles 5% Following Q1 Delivery Miss — Street Weighs In On Demand, Potential Discounts, AI Strategy - Stocktwits		https://news.google.com/rss/articles/CBMixAFBVV95cUxQQWN4Q2N1WjJNYnZwdWQzR0dKNHBnQ1Nob2dPXzF4cnduQlFkbTR2ajQwNmtzX0Y0VmZhUi1INnlkM0tCQWNuTTlMbVN5OWtSWjktenQ1STNqYVRDb1l4NUJzSkstYVRzaXJnNlRXUzgyUENxODJDemgxZEppODNoMkNCWU16cTRBN3hLN0h3VTJGbDRuQVM2UkppX2NLY25rTGZYcnE0RDFjYXVjd2doaWVQYk5VZ2E1R1JSN3NrWmRpcXRI?oc=5
2026-04-02	Google	0.0	TSLA stock slumps 4% as Q1 deliveries miss estimates - msn.com		https://news.google.com/rss/articles/CBMiywFBVV95cUxQMnZ5S1doWTh0WU9KVTZIMjlFUml6bFJiMU4tWXNYaVlqQmxVVWQyZWhTMl9FN3lIV29fRDdMM2FrNmxHclQ0ZlJMVzJvUVVQZm5YWFVKLXZqOEZzeWdjZTluZGVhY1BvTjhvYk9qdVc0R2Q5TUNNQnJvRFlLUG8wNnRLeklsMURkdEVDSkxBZmphLVN0OTUzNjY5U2NKdWZJcUJsT3lkbnlMQ0U3WlpqM0w0MjJ3aExTSWM5UjlJTm9ZOHJxLWxnSWJPNA?oc=5
2026-04-02	Google	0.0	Tema Etfs LLC Sells 3,252 Shares of Tesla, Inc. $TSLA - MarketBeat		https://news.google.com/rss/articles/CBMirwFBVV95cUxOUDVWbDk4Z1IyLXoyMHZrdlNXR2NvNUJoX1llenhlYW5Pcjc2WlY4endsd1JDSUU2UUJmODJVbUZfb0RicU45VF9vY0ZGMDBvQ1lnNFd1QmtEVXdTWDYyaGIyTVFTVEVrc3Q5LWR2UGJZUjNuUFppY1Ywb2V1TTVnbktaUVUyM0UzbXpiaHhodTRnMDdMZXdvUW5xa2pORXFuQWtIaGd1WTBnRXVBTjZ3?oc=5
2026-04-02	Google	0.0	Tesla (TSLA) Faces Mixed Regional Challenges in Q1 Deliveries - GuruFocus		https://news.google.com/rss/articles/CBMinwFBVV95cUxPamJIX1hneEVyRG5hbmFvTHhTelMxdF8wWFlZc0pob0dranFEMDhpZGtLMGw3RTYzOGk4ZS13cWNQMm12M2NsLXlSZS1BWVBMS24zVkxPY2dDY3ZwNy1iQnZsLUt4MVJ1NkNIXzVXcWdQUVVKVG1TUDNIOGxsTkF1azhBWXVHTm9uTmNob2ZXcTZSX2tXU0NJc3JIVGtBS00?oc=5
2026-04-02	Google	0.0	Tesla (TSLA) Q1 2026 deliveries miss expectations at 358,000, builds 50,000 excess vehicles - Electrek		https://news.google.com/rss/articles/CBMikAFBVV95cUxNRDAxcG5YTElUbVc3RXNJVHo3LUlzR1dpU1JVYVRyU1RPTXdiN05sdE5xTFplTEFFaG5OMXlwaFM3YWNNQk16T2x1bnl3SjZsT2dROHdfNWpYZlRTaHF4WW1VNjNpS29QcExMS2NJNXB0TWFudUZwT1VSNTZReDVsZkJlZDQzMjlBRDZPQ1ZZak8?oc=5
2026-04-02	Google	0.0	Tesla (TSLA) Q1 Deliveries Fall Short, Energy Storage Also Misses Expectations - GuruFocus		https://news.google.com/rss/articles/CBMitAFBVV95cUxQR3J2cEl3d2x2cUR5TGVYWFBEdnVrWkNGamxMV0tnS0FKRnQzU0hQSW82bkpLZHFEV0JTenB4ZE80Y1loQi1GYTBtOVpIM19CTGEwQkZJbmJMQzdjS0stUngxTjdTSXoyQ05nNFpxZ3IwazRveC1KTjZQUlVIelRNX05aMWdUWjk2QWgyRl83a0tpdDNUTHY3eEh1YkZfOHhsYWtMb1FBM1pxMUN1ZkxIbldVZEg?oc=5
2026-04-02	Google	0.0	Tesla (TSLA) Reveals Q1 Deliveries and Production Numbers - GuruFocus		https://news.google.com/rss/articles/CBMimgFBVV95cUxObkFLYjRfTnhaQm94bE5IYVhaeV9lRVVVRVBxcFRzLWhqNUJjWEMtcFZYcGNFQTN3Vlp3YWFOak0zcWFHUEQxV2MzMWlJX3YwVm1vNm9ubjRBS0RJaVZfd1l6ZUtTN1VxNm9mR1YzbGNRVGdBY1pWRUNQZFM0RW42c0tNbC0yOEVlbUN2Zjh0NjBmdk9hVjhrZHp3?oc=5
2026-04-02	Google	0.0	Tesla (TSLA) Shares Decline After Q1 Delivery Report - GuruFocus		https://news.google.com/rss/articles/CBMikwFBVV95cUxNRjh6bXRnN3Q1TVpqa0IxcWVNM2F5Zno5bVVIVm10VWxuNDhyUTdGMnAzdWpaN2pGY0EyX0ZmLTFZUXRVeWV0V1czTXRLRmZaRnFhYUFJYUdfNE9GY01qQkowSVQ1VUxhNnlkMmhBNi16S1NHQkpIVEJOMGtFdm1FUzlYa1p6NTFCamZ0YWMtWlAtbjQ?oc=5
2026-04-02	Google	0.0	Tesla (TSLA) to hold a Model S/X farewell ceremony, CEO Elon Musk remembers a 14-year legacy - Tesla Oracle		https://news.google.com/rss/articles/CBMiyAFBVV95cUxNbkRXSWk5OHNnelI3Wk94Q3ZsQkNPeng4SWN0UUFJTVZNOTdSVVpmb19nXzFIZWhnOEQ5X0syXzhIMjRDeUZIMFdUQ29YcmJ6MWZHZW1fOTVTTEUtanZjME5xR2xYX0tsU050TUtNbHdXSEdPYm9tcXpmRmFTay04S0F3QW9rVHdEVkJaTC1pWnVDX0IxVE9yTFZuTWtvNHVNYlcyMlJycFBDclBrNHRuQnVqYWhHQ1F2SF82NnRzOUdxb0xHYnVaRw?oc=5
2026-04-02	Google	0.0	Tesla (TSLA.US) China-Made EV Sales Up 8.7% YoY in Mar; 1Q26 Up Over 20% YoYFinancial News - AASTOCKS.com		https://news.google.com/rss/articles/CBMihAFBVV95cUxPNHVLa083bFU2R3R3UGlBcm5ZMks5MktvZmlhNmpua21EbXBHVXVsQTE5a0VhdE5RR2FCQ1plYjRzT2pJV0FnQUtnZ013LXFWTHFlTDlPbDZiSzRFVG1iR1NwT1dpVy1lNE5SQWF4QkhLX2lUaVZpVmFPbVlhNU9DVnpidWs?oc=5
2026-04-02	Google	0.0	Tesla China EV Sales Rise 8.7% – Why Is TSLA Stock Falling? - tipranks.com		https://news.google.com/rss/articles/CBMijgFBVV95cUxPMmdLRHV6QlFNN2Z0dlByenJFcEs1SElKU2ZVLVlBZzVfZ2ctREd6V1VqZlh3ZjBFc2N0a3h6UHRnaGJKUVlSeFdUSngzMXlGR25DOXctbXpxR3IzZFlwOG51aTZNTWN3SmpYaVBtVVhVY1VVQS1JREc1TGZSZTBZLVJSWmRGRHpOUlZQM1Vn?oc=5
2026-04-02	Google	0.0	Tesla Expands EV and Energy Reach in Q1 - Benzinga		https://news.google.com/rss/articles/CBMingFBVV95cUxPVXI3SmYxUDJZMXVaMXJZV3hQc1ppVURpOHB2bDJGbkREN2M4UHZxZVZjUmZ6VnZBZGcwR0loOW02QlA3SlJyaFhIRWdJclRIc3duVERZQ3AyOTIxcGRQZmtGMGxYVkN1ZktqUnZsR3ExejZnOTFMRVlQNGh1V0V2STdIOHFxVHg3YmtUMUlmbkMwZjFfRWZRX1h5VDJudw?oc=5
2026-04-02	Google	0.0	Tesla falls short of Q1 deliveries expectations (TSLA:NASDAQ) - seekingalpha.com		https://news.google.com/rss/articles/CBMijgFBVV95cUxPblE1b2dZMkFrUzJsZDk5djNJSWpYNzYtUU9kZFNXQmlMTzhnYzJBZmd2VEdDXzd4RW4xTl93aDlmVTN5MHZvYkgxR3lKd0dRSFEtWTZVT2k1QjFJd1Y3NlVITGIzam0xRGJicUU2WFpEQkpoNkxOeEJZV0Nvdm8zYUpmUEJ5Y0JOb0ZGTkVn?oc=5
2026-04-02	Google	0.0	Tesla shipped 358,000 vehicles in Q1 as storage reached 8.8 GWh - Stock Titan		https://news.google.com/rss/articles/CBMiowFBVV95cUxOWW5WWlF0bWN5T2gwMDRQNThOWXN3QjJjRndkWG5LZEEzUlpIN2lZZkItU0w2c0R2ekR2QUxNTFRDS0NWYUlzUktRdHR0M25Mc3RZMXBadWI3N25oOXFzaTdsalo1QUJDQWJILTNkT2ZSdXVFREpRYThjUmxjRy1kVGE0NEJZVy1qbUJIWWt5bUw4VUJfNDB6V1pEWVNpSnVMSldZ?oc=5
2026-04-02	Google	0.0	Tesla, Inc. $TSLA Shares Sold by PFG Private Wealth Management LLC - MarketBeat		https://news.google.com/rss/articles/CBMiwgFBVV95cUxOcnA0TWs1bEt3UXJ6Y28tOGFJczJoWEoxZ0ljTkx4WTIyNGg4dWZFS2ExTk03MUF4d01ROWV2VmVoZVlXWFY4ZktDblBsTEkzUkFYTlNCaTlBSk9iYmVabkpfV21EUloycy03aVZVUkpKQmh0T0RfMUtlN0xvblFHazBvUm9sTDF4bFhZVzJmeU16cnRMNWNFT1dfVUZyR2tyVjJVTUlYYlhTeTNkT0t5Q3pHNVVWeTZQZ1ByeFBpRFp3Zw?oc=5
2026-04-02	Google	0.0	Tesla, Inc. $TSLA Stock Position Cut by TB Alternative Assets Ltd. - MarketBeat		https://news.google.com/rss/articles/CBMiwAFBVV95cUxPaGxaaHl4aFlFZVhTaVBLMDBsaTRKOE5OWHVrUUpNVlJubzBtWWVRa2hEaC1kb1RpaV9aNGdXQkN6RGxmMGhNLXdEaVo4NlRkRHJ5R2FkSVlGczlVT2ZWVUYwdHhWUmlyQjBuXzhVVW5jQzFFTXZONFdhZGxpYzRjcDlNOGVSdklUQ0s0R1FhbDhzYlE4aWswRVQ4ZVExTVg0T3h3cThrbXR6UExtdjV2YThwN1c5S3R1bkoyQkNSeDg?oc=5
2026-04-02	Google	0.0	Tesla’s EV Sales Miss Expectations Again in Deepening Slump (TSLA) - Bloomberg.com		https://news.google.com/rss/articles/CBMirwFBVV95cUxOWnJ3TEVtb19PdXFhSnE0WUNxRjJpQ1NVeno0Z1Y5TFZ3WDZ6ZFFpUU5fNWtBeEgwVE5acUE1YzNqN053UnE1SkFaYXluRnhTaThTdzBTelVFUW5vTmdtcktweTFEaUh1SGFQWS1qTDlXTDdleU4wajVkU2g3amNNakNsLUJvY1dOdTBWMnAxcm9UdWNHUXRTX2FOVHRscTM4MEpNUDhlb05hTUJRZWh3?oc=5
2026-04-02	Yahoo	0.0	These Stocks Are Today’s Movers: Tesla, Globalstar, Blue Owl, United Airlines, Carnival, Lumentum, and More	Cruise line and airline stocks slide after President Donald Trump’s speech fails to assuage concerns over a drawn-out war in Iran.	https://finance.yahoo.com/m/0682e1bf-bace-35d6-a049-9af7d4034b36/these-stocks-are-today%E2%80%99s.html?.tsrc=rss
2026-04-02	Yahoo	0.0	US Equity Indexes Mixed, Paring Declines, Amid Diplomatic Moves to Reopen Strait of Hormuz	US equity indexes traded mixed on Thursday, albeit off session lows, amid reports of diplomatic effo	https://finance.yahoo.com/markets/stocks/articles/us-equity-indexes-mixed-paring-210207148.html?.tsrc=rss
2026-04-02	Google	0.0	What's Going On With Tesla Stock Thursday? - Tesla (NASDAQ:TSLA) - Benzinga		https://news.google.com/rss/articles/CBMipAFBVV95cUxNTEc2WGhOYlVnTkRLMnY1SThGUUFUM0ZJcEpmSjU5eE1qYnBCZDQ1VG1yZC1fQ1BWdS1yby1JSklYaXFiWkZoTWlZNTByYXJGSElDcVlwNkdLZEoyeGdnaXhod1Z2alB6VldSN3NJWmYwNktQN3B5UVVIN0tncGIwX2lFb3dYVXVWX2k2dENCcU9rMVp2TXBzdk1QRENqLWtXRUs1Vw?oc=5
2026-04-02	Google	0.0	Why Tesla (TSLA) Stock Is Falling Today - StockStory		https://news.google.com/rss/articles/CBMiowFBVV95cUxNcFNGMHYwZTY2Mnh0SnlyclhsZmdxU25OTnh2WFJSb09JS0xHSTA1RHQ2eHVhQUdPZjB6Z1dJdHBhcTNkdUlQVDZGNXlFS0g4SHZjQ0tvb2tBR1RfMVlYX3ZIZURXdm11TkdXZy0telJPT3JWMV9KaWtIbmhYcFZEQ3JuOHJmeXV5anhIQmJXbXJ5VHhKRDZpOHZnY0tiUkl0S0VZ?oc=5
2026-04-02	Google	0.0	Why Tesla (TSLA) Stock Is Falling Today - Yahoo Finance		https://news.google.com/rss/articles/CBMimAFBVV95cUxOVUtObERSVUs2OEQ3VjZ0Y3NSMkhnLXdUdmk5NVRIX0luaGN2TlI5cTdCTmo0TnNoRjNTQVlvLXdxSmlOdTI3UHpIRHd0ZXk2b0plVG5wcmUxb0RnRURLSXFuVXhyQm1uV21Ua0VMYUpfLW5HMzZDTlNEYXJqWDBweDEwb1pPclhlbWVZQnBsSXZLd3lTeGJScQ?oc=5
2026-04-02	Google	0.0	Why Tesla (TSLA) Stock Is Falling Today - tradingview.com		https://news.google.com/rss/articles/CBMinwFBVV95cUxPX3ZtLXI0T3NrSEg2Zk9vWXlhSklCbVR4NTRpNG1aNjBWWDg1T0d2b1htOGk0eFRNTHYybHpHZ3VWRzhicVhaOE5jR0NuOFEzVnBkS1FJOFRwdllCWXhlTVh5QXR2QjVYOURVODFWeUxxU1RQMl9WbjluZmVIdk03WnFjSV9kdVVURC1KczlRSjNFTmNVLTNrbFc1ZkxIejQ?oc=5
2026-04-02	Google	0.0	Zacks Research Forecasts Tesla's Q3 Earnings (NASDAQ:TSLA) - MarketBeat		https://news.google.com/rss/articles/CBMirAFBVV95cUxOZENwaGxHZktXR09ycl9vbmozVVd3WDVKcDRaM2ZfdC1maEJ3Zm5KaHpTZjQxZTdrdkpQbllJWjgzUlptLWFzQ1p5ZWs4SG9UdDRlT0c3OWFuUDJQd010WFhzN0UtREtRU3pseE5GQlVlWmxvMDRRbUFhRFFVb3NaZktNcGFCQWs3RnRIcGhnWkpwd1hMUTVPQy1OVWZNeDNRTjB0NjlUYU9lOWp2?oc=5
2026-04-02	Google	0.0	“Struggling” Tesla Stock (TSLA) Slumps as Q1 Vehicle Deliveries Miss Forecasts - tipranks.com		https://news.google.com/rss/articles/CBMipwFBVV95cUxNM1ZodXpVSXJneWpZWUdfSkJNMm0tMlJXNFAtLU5zLVZlWkFTUWQ4M1FzaHVKYmg2aWNwVHhYSWVnSzRMcERUelQwR3JGUHRTRTQzVm1vemMtTy1OMUYwQmN3UVh6cXJ6QXdfZUxhcjBEVEhzZnozbkRNOVZNLVZ1NEI1QnBoek0zLWFsdHRIWkZoMGw0eTkxRm5lZzlDekh3eU1qUmdLaw?oc=5
2026-04-02	Yahoo	-0.015	Tesla Deliveries Rise. Why the Stock Is Falling.	Tesla  delivered a disappointing number of cars in the first quarter.  “No way for Tesla to spin this as a positive result with oil price up…and an easy compare versus last year’s first-quarter Model Y…transition,” said Future Fund co-founder Gary Black.  Tesla was updating its Model Y in 2025, one reason for weak sales early in the year.	https://finance.yahoo.com/m/a2769d66-1f12-33f0-b31a-9e6447172d7c/tesla-deliveries-rise.-why.html?.tsrc=rss
2026-04-02	Google	-0.028	Tesla (TSLA.US) 1Q26 Deliveries Up 6% YoY but Miss Estimates; Shares Down Nearly 5% Pre-market - AASTOCKS.com		https://news.google.com/rss/articles/CBMiiwFBVV95cUxQaEhOeVpONlpUV2VBQ3lfdk9mVllfOWFUaG1ZRDFNZGptc3J2T3VhMmNUVjY4RlhDOGdlUWc0dnN5UTNpaE1MVDRiS1MyeU8xQjdpVEtqTXNpbU5nSnVwbExZN2c3SnVmeVV3anpQZkdDUm55dlhLZ1BSYm9XbGd3b0dpbktwZURvY2xF?oc=5
2026-04-02	Google	-0.078	Direxion Daily TSLA Bull 2X Shares (NASDAQ:TSLL) Shares Gap Down - Here's Why - MarketBeat		https://news.google.com/rss/articles/CBMiwwFBVV95cUxOSUNKdjVIZlhlNk1DY0t4LTQzSG9oVVdlTFRaSGpZdmh0Qlp0djRGa0pnMG9mMzRIUGtUVWFqam55NnUtY1gyZXY5NTVCMGpZT0VJME13ZUtxbmlmT2d6SU9XT3ZOOXI3LW1mU3BUMmpRV0dhSjJVLVVWelp4UzBMQzdjeWQtdmN6WjZSQl9Rbkxxc3pJS1BmN3hxUjNCdVdkRDRSMlZmRWFIWmc4eTBTUFFvcFR3LVRYZFBrN2lKUEVselU?oc=5
2026-04-02	Google	-0.078	Tesla (TSLA) reports Q1 2026 vehicle deliveries down 14% from last quarter - Shacknews		https://news.google.com/rss/articles/CBMihAFBVV95cUxNS1llSzVmX1licG1qM1hhYVp1VDhpeTBRZ3pTX0hQa0w4WTEyUUdLcDZPdFYtTFJkazBGUVZSUGpwVUpsd0tQbEdZT0MzbEY4ald3THdSMHYzRmJjNmYyelI1M0M4OGRDX0JHbXc5V3luZWVpOE1ORHV5aTU4MlpBQnBfZWXSAZABQVVfeXFMTkNFZmJseTZnNzBBSVd5WXRTYXZ2MWpmMnRTWEdlMkR3RU1XMXRKSmpoQVNqZ0NGLUhJVzQ4SWhXeDBkNmRxYkZBOGdVTkxiYkZtTGJlZGIyNlJ2Z004bk9KZEFUTnU3WTU5eXh5bkt0akZRSjQxaTlFU2hPb1Y5cEFna2Q3MVREOUF4U2xTTlNq?oc=5
2026-04-02	Google	-0.083	TSLA Stock Slumps As Q1 Deliveries Miss Estimates — Gary Black Says Gap Between Production And Deliveries Likely A Sign Of Weakness In US - Stocktwits		https://news.google.com/rss/articles/CBMiuwFBVV95cUxOWGlENXgwcDBxdnlLU2hPSXBiUS05bS1vWkNLQ1QtNWtxeFh4eERYWkpfQkM4dnZhVVppQ3ZyZk9XYWh0dmREdHJJbF9wYWtrSWpjb1RsV2xUVmxJR1lfWjluU0QxN0dXSnVqcTlVQWxmS0pxVkRXNVEtNjVrakhKME5VTzRKdVZ1NUx4dUFHMkRNdHNjak1Ud25RODlldmJQUTdfTXNUdDBQMk5IYlZzcjJqcWhhZjVhM2c4?oc=5
2026-04-02	Google	-0.133	The 30% Margin Cash Cow Funding Tesla’s Trillion-Dollar AI Bet - Trefis		https://news.google.com/rss/articles/CBMivgFBVV95cUxPcFZleUNka2poSkRWbmhCRlhobFhfazRrMDNKY3BWak9ZN2ZhMEdHbllRNDdqLUlsTmhxX1RKN19hMk9hOFNUdFVMalIyYW1RalIzSHYxVldrNFJocnRURDk2eUpWYUg0M3hJMTBIdzdTQWdWRWNBdUFvS0ZZS3FOZmVCa1pVUi1CcG4wdkVONjh0VEhTR1hKYUp4RGdILVdfQURFOWNQeGdUOTVGVS11elM4Nmlxd3I4MWRZRzNn?oc=5
2026-04-02	Yahoo	-0.15	US Equity Markets Mixed as Crude Oil Rises, Diplomacy Efforts Emerge on Hormuz	US equity indexes closed mixed on Thursday as crude oil prices rose after President Donald Trump sai	https://finance.yahoo.com/markets/stocks/articles/us-equity-markets-mixed-crude-202432880.html?.tsrc=rss
2026-04-02	Google	-0.156	SPY is down 0.2% today, on TSLA stock price movement - Quiver Quantitative		https://news.google.com/rss/articles/CBMikwFBVV95cUxQRS03ZGtIU3FLM0RPdzNGN0gtZ3dvYXZOOGhsSV81dTJvNDN4eDNnRUZRWktUdkRGUGNPUkJmMEtnR05GZ0RhTTJQcW52UmNTeUVfeHZxRTZCMEVoQTVfX0FHeUpkbUIxQ081bFJveEdLY1RVRW5iVnZGN29HSkpCZkg4UmpORVVaLU1RS2Y4QjhzR0k?oc=5
2026-04-02	Google	-0.156	TSLA Stock Heads to Support After Tesla Q1 Deliveries Miss, Will It Hold or Break Down? - FXLeaders		https://news.google.com/rss/articles/CBMixwFBVV95cUxNYnZBVnlYNUxqUlFobUZnOXRhbkMwRmdOVENVUE9pRktFRzBHbTdZNURfdHVSdmI5a0FBdWFqNGxDazRvZDN4WDBkTU9YRHRoeE1qU3VqaGs4eUluZE9CQllQOXdlNy1LMWFMOHRjVXFrTXpaYkFRY0x0dzFzZFJtTXJlTktKbEZfVkNQcjkyNUhmQXFfdEJzZ0hJcTBjUFh3blRaSGJvRE5ka0xSQ2VicGhKTG55RUR5WnJjdEtGU0NkYWhQNkl3?oc=5
2026-04-02	Google	-0.156	Tesla (NASDAQ:TSLA) Shares Down 5.4% on Insider Selling - MarketBeat		https://news.google.com/rss/articles/CBMipwFBVV95cUxQQnZlMkpxclRVNmNKMHB1eVFpOWVuR3ZTV0ZZQzBIQS1BVlVERHEwOFJNb08wcGp6S2FCd0E4djBDSXdBakhCakx5c0FybGJvSlJCYmE1akNZU1pMQUtIajBJV0JWc1dBQUYtc0FwYW9ydUFtSGNpNXlfeHdfVS1GZDU5RF9hVnZDOVJyYlZ3cnVnTHdsUGZWS21lQ0pjQVR2RkR2a2t6QQ?oc=5
2026-04-02	Google	-0.156	Tesla Stock (TSLA) Falls 6%. What’s Weighing Down the Shares - tipranks.com		https://news.google.com/rss/articles/CBMikwFBVV95cUxOMmN2VjMzMVpCdjVTeVd3LW5IcDI3czNKc3k0RV9Jd2pOUEdpbGNuaEN2Y1JQbXQ3UXJFOXFkTXZ4bDhkRFlnbTFwcENFYWFOLVpocFVleVFZWTRGOE1WajVfZG1zbFpZOGpZVXd0M0RDUGZfTHlkYjVEMVBrVFoxYlZ5RDB4ZENvUndUOVNwekJhWE0?oc=5
2026-04-02	Yahoo	-0.167	Tesla Stock's Bad Year Just Got Even Worse. But Is This the Time to Buy Into the Electric-Car Maker's Spectacular Growth Story?	While the company just revealed that first-quarter deliveries were up year over year, the update also raised some concerns.	https://www.fool.com/investing/2026/04/02/tesla-stocks-bad-year-just-got-even-worse-is-this/?.tsrc=rss
2026-04-02	Yahoo	-0.177	Dow Jones Futures Fall, Oil Prices Jump As Trump Vows To Hit Iran 'Hard'; Tesla Deliveries Due	"Futures fell and oil prices jumped as President Trump said the U.S. would continue to hit Iran ""extremely hard"" over the next 2-3 weeks."	https://finance.yahoo.com/m/3da6cf31-d26b-33c0-9201-f36bc06c01ca/dow-jones-futures-fall%2C-oil.html?.tsrc=rss
2026-04-02	Google	-0.292	Tesla Slides 3% on Delivery Shortfall: Why the $20 Billion Robotaxi Bet Makes This Miss Hard to Judge - 24/7 Wall St.		https://news.google.com/rss/articles/CBMi2gFBVV95cUxOQXV1VUpQaTM1V1EzNjhZSnZEemtveVR5dUI5X0lXdFJSaW1sdmdKZFBNWWNxMVE0a3F6UWZ1NkZ6MFktUDFucXktZWRpcVk5ZGsya1UxLVp5VHRQVWdqaHQ0UkRkRzZHakQteWJtRXRTUzFMWUdWLVFaUWhYMzBTLWhQRmZjMV9Hd1JCbl8tSjY4cHJ5bXdhelZoaWJpaW9fSFdDclpHOFBOUXNCLWZ6MDdDYkhOMHNWLVFCTEs3aDQ0QnZ5MTZ6UWY5Z1o0cFhhaldILUxLbVAxdw?oc=5
2026-04-02	Google	-0.6	Tesla's stock suffers steepest drop of 2026 on disappointing deliveries report - CNBC		https://news.google.com/rss/articles/CBMiiwFBVV95cUxNaVA5eFM3MGF0bW9qYVhkRjBDNmFudTJIQWpuQzR3MkxaaVBnRE8tNlVYdkg5UGJrMnpSY0tiTnNIUmYwMXpWYW5TSzI4dWphclZjN1NhYmNiTTJCbjM2MGRaak5VMDRMc2FLUjNBcjdvNFdRRGZuUkdpMmF5WTRUbUEwc05keVlnemlv0gGQAUFVX3lxTFBXM3R4RWEyYnlCN2pneGItdVR4NDZUa0JmeGRoZ0lQa05idl9hd1NCLWJ6RjVsYTNyU3dKTmNySzZSQlIxQjkxWlZ4ZjZOT0tWNDYtSDBreFdoMnlQbklmQ3BpakdBUjFSQzJRWVNxVHNMcXdOMkJBZTdPWWEzaHRhWlh0OVBqZWt6WEo1SUlXMg?oc=5
2026-04-01	Google	0.8	Tesla (TSLA) in 2026: The Great Pivot from EVs to AI and Robotics - FinancialContent		https://news.google.com/rss/articles/CBMizAFBVV95cUxPTExndk44ZFc5YUhhUlZNRDU3V0pxNnpiM1NuaDlhdmRuNEZfWm1FdFJfaGwyRmJ3V2d5TTgzbXJ2Q2FuZWhuWnFseE9xN0V5SnkxN2tiSkkzMDFLZTJCTVZfUzE0Z21LVTg2dUFtTUFnYUNqS2F0SUQ0a3p6OG1fMEU2Qnl6Um56cG01Q0lsbV9NMXFVaFhycEVhNUM0MEZLNTk3REhIMUd1R0FQVDE5UHFmN1IzSmprRWd3enNlSjJrNnVnX1FYUmQyaks?oc=5
2026-04-01	Google	0.6	Tesla: Finally Catching Up To Reality (NASDAQ:TSLA) - Seeking Alpha		https://news.google.com/rss/articles/CBMigwFBVV95cUxPLTdwNC1ia1dWTFlzNEFJbU1YV0RHZ2hKQmlPZXdMVTF5X3VvME9rN2RnM2lsMnlBMVB3eE1DRDJzSkpnNHpVa0liNVo4bmtlNmFYeDFPTC1nRTRUM3RMTVRNdEljQkZvNG85VmczaTk3akpSRlBvSTBsY0NvNk5uSW9hcw?oc=5
2026-04-01	Google	0.6	Where Will Tesla Stock Be in 5 Years? - The Motley Fool		https://news.google.com/rss/articles/CBMihgFBVV95cUxQY3BROGp6SkN3SDdFTDVpbERzYWJEbWt0dkhtYkFYU3M4VF9kai1WVnNWZ3kzNk56SjJQTTFlV2JMcnVVOVZZdVVVb0pLdmUxMnBiMjRKR3R0WklNeWk0Y3Bsc1ZtQUNoZTM4ZE5nY3JULWhRRzVPVDZFMzJZTlhuX01Ra21Mdw?oc=5
2026-04-01	Google	0.5	Latest News In Electric Vehicles - Weather's Impact On Optimal Driving Regions Insights Unveiled - simplywall.st		https://news.google.com/rss/articles/CBMixAFBVV95cUxQZGZkVTRjbW9hX3ViRVg2VW5pVzFrc1JqUllEUThYdXI2NmswTjBLSFdTVGdyTjFJb1FlNnhCTFJZOWh3eXRGV2hVM3plZ2owcTMwQVJlQ3E0QjBFTFg0Ui1rWU1faldVUjcyZzgzbEJTeEo2VzJnelFqZ1RfYUxNNEh1WndpWGNNdklYTHNCaWREdll5bDhVeG9fb2k4SEpzcHFBQ18tYjZCYVEtTFFCOW96Y2ItVzZLSjJhQUo3dndQOWd30gHKAUFVX3lxTFBBNW55S1VnWmRhUUlFVmlpMkRkN2F1MVBhY1pqUmlfc2s5S29NQTU5bDRmZnVRRksxdjNHZU9BaDZkUGlCdC12aWktd0RQWnRDMzFxSlJPRzg0OG13dXZnSXBLdS13cmptdURXYjM5TVAzYi1wbDZreWRNQXZEM3c2V0ppN1F4eERaWVNPYWh0cUZ4Qk5rRmI5cDN1bUs2SDNadUsyQk1vY0dhOU8zRVY2ZTlUazM2NE44NVNPREhvTVhjVGdCc29wY3c?oc=5
2026-04-01	Yahoo	0.5	Tech Titans Still Dominate Billionaires List. Walmart Heirs Join the Elite.	Walmart founder’s sons Jim and Rob Walton are among the top 10, according to the Bloomberg Billionaire Index.	https://finance.yahoo.com/m/8612d119-ea03-33f4-8035-7a62fa25813e/tech-titans-still-dominate.html?.tsrc=rss
2026-04-01	Yahoo	0.35	Newest Version Of Tesla FSD 'Probably' Launching This Week, Elon Musk Says	Tesla could release the newest version of its Full Self-Driving (FSD) system as soon as this week, Elon Musk said. The stock is up 2%.	https://finance.yahoo.com/m/59e15e4e-eea7-33cf-9bcb-30a534ac8a5b/newest-version-of-tesla-fsd.html?.tsrc=rss
2026-04-01	Yahoo	0.318	Tesla’s Path to $1,000 Per Share Runs Through the Autonomous Vehicle Boom	Tesla (NASDAQ:TSLA) has been reframed by Elon Musk around a single idea: autonomous vehicles will generate more economic value than anything else Tesla has ever built. On the Q4 2025 earnings call, Musk described the Cybercab’s design philosophy as optimizing “the fully considered cost per mile of autonomous driving,” and predicted that “long-term Cybercab would ... Tesla’s Path to $1,000 Per Share Runs Through the Autonomous Vehicle Boom	https://247wallst.com/investing/2026/04/01/teslas-path-to-1000-per-share-runs-through-the-autonomous-vehicle-boom/?.tsrc=rss
2026-04-01	Yahoo	0.291	Stock Market Today: Nasdaq Leads Charge After Trump's War Comments; Amazon, Tesla Rise (Live Coverage)	Stock Market Today: The Dow Jones index rose Wednesday after Trump said Iran's new president is asking for a ceasefire.	https://finance.yahoo.com/m/eb516596-2ac5-34e8-a0f8-5dea7c12004f/stock-market-today%3A-nasdaq.html?.tsrc=rss
2026-04-01	Yahoo	0.262	GLJ Maintains Sell Rating on Tesla (TSLA)	Tesla, Inc. (NASDAQ:TSLA) is one of the 10 Best Car Stocks to Buy in 2026. On March 30, GLJ Research reiterated its Sell rating on Tesla, Inc. (NASDAQ:TSLA) with a price target of $24.86 on the stock. Analyst Gordon Johnson also shared the firm’s final estimate for the company’s deliveries for the first quarter of […]	https://finance.yahoo.com/markets/stocks/articles/glj-maintains-sell-rating-tesla-193003092.html?.tsrc=rss
2026-04-01	Yahoo	0.25	Tesla Stock Rises Ahead of Delivery Numbers. Brace for Volatility.	Tesla  is slated to report first-quarter delivery figures on Thursday.  Wall Street is expecting about 366,000 vehicles sold in the first quarter, up from 337,000 a year ago.  Wall Street was looking for about 378,000 vehicles.	https://finance.yahoo.com/m/62b67c4c-436e-38ee-b5a6-bad04c9625ad/tesla-stock-rises-ahead-of.html?.tsrc=rss
2026-04-01	Yahoo	0.22	Are Mag 7 Stocks Stabilizing? What the Microsoft and Tesla Charts Show.	Tesla, an electric vehicle player, trades 26% off its most recent 52-week high and is lower by 17% year to date.	https://finance.yahoo.com/m/76f36fff-dc9e-3e52-bb3c-aa7fd51b9c56/are-mag-7-stocks-stabilizing%3F.html?.tsrc=rss
2026-04-01	Yahoo	0.218	Stock Market Today, April 1: Nio Shares Jump After March Deliveries Surge 136% Year Over Year	Today, April 1, 2026, investors are weighing surging deliveries and Nio’s new profitability against fresh dilution concerns.	https://www.fool.com/coverage/stock-market-today/2026/04/01/stock-market-today-april-1-nio-shares-jump-after-march-deliveries-surge-136-year-over-year/?.tsrc=rss
2026-04-01	Google	0.2	Unusual Options Activity: TSLA, FTNT and Others Attract Market Bets, TSLA V/OI Ratio Reaches 260.0 - Moomoo		https://news.google.com/rss/articles/CBMiqwFBVV95cUxNUUNzUkY2TjBuaU5tM24zR0VwR2NCWXVQaVBDQVlTUkc4YmFaNGQzRnNrNEJINHZnY2hVUzRwc2NIc3Y1Z0YzSnBwU1dRclBMTXJSZkhDSlNZRnJzVG1kZmFzSWFCUzlRV1pMOE1keGg5M0I2X080dXJnWDdLa0U0em9Ib3BXNmFVREZvT0ZsdzY5bkFnRE9ZMXlQcEdRNlNKVU42VC1tck9LSGM?oc=5
2026-04-01	Yahoo	0.133	Babel Street Extends Free Real-Time Risk Intelligence to U.S. Tech Companies Operating Across the Middle East Being Targeted by Iran’s Islamic Revolutionary Guard Corps	WASHINGTON, April 01, 2026--Babel Street, a global leader in mission-grade risk intelligence, today announced it is offering tailored threat intelligence briefings to security leaders across the technology sector immediately, at no cost, to those companies specifically named by Iran’s Islamic Revolutionary Guard Corps (IRGC) in a warning issued Tuesday, March 31.	https://finance.yahoo.com/sectors/technology/articles/babel-street-extends-free-real-174200140.html?.tsrc=rss
2026-04-01	Google	0.125	Tesla (TSLA) Rises Higher Than Market: Key Facts - Yahoo Finance		https://news.google.com/rss/articles/CBMimwFBVV95cUxPbEdzOFBBczg2VHM4M2dVWWtGWDFDdHVfTWtBWmdqVXJadHcxVmVrVGJWaWxwNkVpWTJuRXZDTjZJcFlFZjFhLXhNZm95UVlNTi1ULWw0Nk5MdS11RU1qakZTbElKeGY1MnBqTHlTRmhvRndpTy0xZkZLcmwzaHlIM05IOGNUTjJSVDFTQ3VfcW02TGVSNUtQNDE0NA?oc=5
2026-04-01	Google	0.1	Is Tesla (TSLA) Pricing In Too Much Optimism After Its Recent Share Price Pullback - simplywall.st		https://news.google.com/rss/articles/CBMixAFBVV95cUxPbWpsUjNhMm12ZFZOTHpLY1FPNm1CZWg4MldwSzhScTBUektmMGZxdXpOQjkwb04xZ0xQc0gzcnFPRzFNYUg1WkNGSjVtQmVaRmZTd3dzcGFzZDFock84cXUwV2F5czl3WFlBYmI1S3dGTkQyclNwSmk1T1UyN2NkeEVZXzM1ZmFPdVVrWjdZSFVnVUZYYzdfZnJvanc4d2FMbmRiMWZSZFhIZ0hsc2FRbk1uZjdpTDF1NEtocEl2STVOaG1L0gHKAUFVX3lxTE16OFZwaWpTdkV1WjFLaWJyZlRtODQxTVYzMy15VTNjaF9mbU1IVWREU2VDX1pDQU9Uam1JcUp2aVFBd0dCTW9rM29UazRtN2pOdGh3NndEM0dUSk84ZEVMNTdEeEs0VTRnaHpnaXlXTDBvWW5YckFrY1NWWTZoY0VabFBSSUE4TDJrdElPX2twLVZvZUpxNmdrRUhIaVpJSkRKR2w1ZkhCS3NucjVFcENWYXN4ZWdRTTZjaE5kdXBVYUp0ODJJdFFqVWc?oc=5
2026-04-01	Yahoo	0.081	Tesla (TSLA) Rises Higher Than Market: Key Facts	Tesla (TSLA) closed the most recent trading day at $381.26, moving +2.56% from the previous trading session.	https://finance.yahoo.com/markets/stocks/articles/tesla-tsla-rises-higher-market-214504716.html?.tsrc=rss
2026-04-01	Yahoo	0.052	Manna Air Delivery Raises $50Million Series B as It Announces Plans to Expand in the United States	DUBLIN, April 01, 2026--Manna Air Delivery, a global leader in consumer drone delivery, has announced a $50 million funding round to scale its proven operations further in the United States and Europe. The round brings Manna’s total funding to $110million. Manna now operates one of the most active consumer drone delivery networks in the world, with more than 250,000 regulated commercial UAV flights completed.	https://finance.yahoo.com/markets/stocks/articles/manna-air-delivery-raises-50million-160000834.html?.tsrc=rss
2026-04-01	Google	0.0	$Tesla (TSLA.US)$ - Thank u Tesla - Moomoo		https://news.google.com/rss/articles/CBMiiAFBVV95cUxNU0NUNGR3NmxsWkxtb2JqOGp0WFdzZGlLYnV1SzVlcUwxWUJuUjZYV3M2MlR1aERoY1BRdHFRcmZGemFJbW92dURyeTdpenBsNVJVelhUX3RNTjZTVVJEOHdzN0pTUjRTSi1ZWlJVZ1I0UGF1MElfVEU2VWVwbE4yMXdBU1pMMWRa?oc=5
2026-04-01	Google	0.0	Allspring Global Investments Holdings LLC Raises Position in Tesla, Inc. $TSLA - MarketBeat		https://news.google.com/rss/articles/CBMi0gFBVV95cUxNbTliVUlERi03QVY3N1RxeV92UHhvdGxtTnpWa19jV3hoWGcyRC1HRmt3a0tHZzhnUmdOSWFYM3d4TVVwQTZKSlBwZUhBOHphYzVVelQyVUtpRUtHVmoxUldVYXdYTzBmaDhmdGJSczI1NFpfOTJKTTl4VzhPUnM3RkltWGs3SC1iZE54c3FjZzc5cXRfVzNITm93ZkNPOExra2JpMGlJUXZibWt5X2FMcGpXMFNWS0JGN0JnM3NrQUtFVVpqZGNEQVVmeHRpYm1Iemc?oc=5
2026-04-01	Google	0.0	Comparing Tesla With Industry Competitors In Automobiles Industry - Benzinga		https://news.google.com/rss/articles/CBMiuwFBVV95cUxPZmk3UnBxZHZCc3B6d0w3a2RNNmd2YmQ5Umt1S25YQnJta1VWUzY1bnpWamdzcWdXYkVETzd6SVRtTDBHaU5HaE5PY21HTkVyYjBkaVFiaDFPbmFlS1JIejYtZWRKbldQbDlVcW03OTlyRmV5VjY4bG8zVHcweUFoVnNVanJOLU5jLXdoMVNxSXVfVVZyQTcwV2hhV0Ixb2FUZy1EQmtpeUFzY0ttalg2QWtyVE13QXFBUXk4?oc=5
2026-04-01	Google	0.0	Gunderson Capital Management Inc. Purchases Shares of 13,240 Tesla, Inc. $TSLA - MarketBeat		https://news.google.com/rss/articles/CBMizwFBVV95cUxNV3FLZWlmTElQU0hVNnh0aW1jNXZNSDhtcTU2cHJfV1JDRmZNclh2bUdkc3p6VDNwbnF4aGdqZDVuTEpLQWJwTGhTNHMybmtybWRudFpuZGg3TWNReUxnUXAxdnlaZFY1cjEyTU5uQ0FyaGdZN3R1Ni1oLTEyLTlCV1B1SUhUNUNzT2JkQjBtTkZYN1hwNVc0ZmRBX3o1bG5Cb3pwdmNBdktIby1BcnNQTG9rTjh3ZGxFWk1GeWwwS1lqdXRmZ2FVbzdBTG1Ndnc?oc=5
2026-04-01	Google	0.0	NKE, BYND, COIN, RH, TSLA: 5 Trending Stocks Today - Tesla (NASDAQ:TSLA) - Benzinga		https://news.google.com/rss/articles/CBMisgFBVV95cUxQczNUN3Z4XzNfbGFkR3RuUlFEc0FHdVI4bXpKNDgwdmpUNjRUbHl0UE53c1NIMGQwYkd0NC1JNC00WTBYQ1VIUnVSUUFhc2pQR1NweTkyWkV4U0xlbk0tdE9tMUNtLTdtZG5RT1ZkTjUtWkhoMTMxcHpWdkxDcUd2eVhYVWRGWWw3VUJUc1BIUUNmRmF6T1ZiZ3Yza3VZOEJTRDBPNWlCQ05yeUhDVzNLTHV3?oc=5
2026-04-01	Google	0.0	Nasdaq, S&P 500 Futures Dip On Trump’s Prolonged Iran Conflict Signals: Why TSLA, NVDA, XOM, GSAT, LUNR Are Trending Premarket - Stocktwits		https://news.google.com/rss/articles/CBMi1gFBVV95cUxNbkhiWG4xSDB2dWxVdjRrdExoQ056cGY2TUpER0k3YnM1blF4ZW9ud3g0UHl6UGZjSU1nMHU1a0VYV1dXUVFrOGRWc3MtUlEycHJKbmc2cVVIWnpaNWxDNUotYnpUNEZ5dXUzTEZ1cHZTU201Tk1kQ1R0TmZvbkotQThDLXdDYUZCMXRlMUVKN1pyZGE5M0tfYmhkUGZFN052MUFpR2x1Z29ERTdTUVZMRFUzTG8xWnpuN3lVQWU1a3I5UmpITlhBZ1M1LThHakYyZUp2MEFn?oc=5
2026-04-01	Google	0.0	Nikulski Financial Inc. Purchases 4,580 Shares of Tesla, Inc. $TSLA - MarketBeat		https://news.google.com/rss/articles/CBMiwAFBVV95cUxQMWx4WE92WURqbjhVdWlNQlBqY3RYd1Q0Qjc4Z2RvLXY5OFFVcU5uTy00elZPM0I1dFFNTHFIMVM1X1VzMHFaMjQ2b3FWaVhBZjNxM1o4bkxyYUhKT3BXTXY3NWZjMFI5WjVLQ1lBc2FzODNITjZILU40NGtNUmVpSUxyd2hNQ0Q5Y2FkSS1IcVd1dGJsV2NSZUFLaWNDNUF5bnUxaG1mYjdZSFVlRUozal9vdzhwRmZjZDdjZ2VMbVg?oc=5
2026-04-01	Yahoo	0.0	SpaceX confidentially files for IPO	SpaceX officially kicked off its IPO process, which could result in the biggest public offering ever.	https://finance.yahoo.com/markets/stocks/article/spacex-confidentially-files-for-ipo-154109626.html?.tsrc=rss
2026-04-01	Yahoo	0.0	SpaceX registers to take rocket maker public in blockbuster IPO, Bloomberg News reports	By Manya Saini April 1 (Reuters) - Elon Musk's SpaceX has confidentially filed for a U.S. initial public offering, setting the stage for what could become the largest stock market listing on record,	https://finance.yahoo.com/markets/stocks/articles/spacex-registers-rocket-maker-public-152655158.html?.tsrc=rss
2026-04-01	Google	0.0	Tesla (NASDAQ: TSLA) director exercises 40,000 options and sells stock - Stock Titan		https://news.google.com/rss/articles/CBMipgFBVV95cUxOMkF2ZlBUWUtZX0RqQVNZU0dEa1NTQ2wtLXFGeHhqSW5oUVdvQ0otM2xGR1dqc09KMExxb3ZwWFZ3dWhucGdHTWhnZUJqZl8xUTVpMkc4cTBKWi1GY0VuWTBIRk0zVW1HbU5qWVBiSXVYZVUwcWl4UVI0Y3BYVEs1dUVVbUVtX1c3cjlpbklXOGFYczRPNFM2X2Y5dm1zbFA5Zm1VWU1R?oc=5
2026-04-01	Google	0.0	Tesla (NASDAQ:TSLA) Stock Price Up 2.6% - Here's Why - MarketBeat		https://news.google.com/rss/articles/CBMinwFBVV95cUxNcVpoa2p6YXgtUlNBQWVENzkzQVZYU3RYMWgwcEtJZGRhdWNyLUdWUzR6Z21OOVdvN3ZaRWNSRUFGOTZrTHJYY1BOaGhsRGhQUUVoQzN3LXlyTnlPeTE5OU9EZjFjd3dnNms1TEtqMmQ1cm1jSFh6R3h1UVp5VlhGSGpITXlqU1pENFA1NTcxZDBZdDZGTlY5OGNHUWpWalk?oc=5
2026-04-01	Google	0.0	Tesla (NASDAQ:TSLA) Stock Rating Lowered by Zacks Research - MarketBeat		https://news.google.com/rss/articles/CBMirgFBVV95cUxPZFhLMzJzWU45bkU4R3dzc3BQdlEtYWtPN3I2Z2hmel8zZk9RY01zbUE0THk2dFhqdGhPcFFQOG4tRDhqM0htelFjSlNlU1FwY3Z2NUJ3bFc3aVF0RjZtZ0Y0b29tVmxpSGFtd19kUFZxaVdNdmlKdTZYZ1hVbGhWSDNzTlF5cG1UUzY3OUR0TG5Jd0RxSGZOYzhDWTlCbXhlNjBua0pkVjlhaUVYR1E?oc=5
2026-04-01	Google	0.0	Tesla (TSLA) Stock Rises as French Registrations Jump 203% in March - CoinCentral		https://news.google.com/rss/articles/CBMikwFBVV95cUxQQVJvOEFSbE01MUp2OG44NTFxUTIwOEpUQW02aU13blZkR0ozbURMU1Z4T2p0U19WZXRuVVZybm4td2hlQlU0S1ZTdVpRRTBaWDhOT0RvQXBMUXZvY005NkVkWEhaOWx5XzJxbEZmOHlDWVVWbk9jcmd5bm5WYW1UbkQwNEZzbGtxYlVWOFJKQXVxNjQ?oc=5
2026-04-01	Google	0.0	Tesla (TSLA) to Discontinue Model S and X Custom Orders - GuruFocus		https://news.google.com/rss/articles/CBMilwFBVV95cUxNNjM1SFVkWkh2R2VhMVV2R3hCRUJPWW1PRXQxbnpDY29ZOWxHSHJjNVM0empjVHJMNU9ZQ1RhTzdGeXVkMlpNUjRkSEJLZ0JrbmpsMndZOEdacjJfVUFONFZkVVFGMFNfMXhETjh4T2VXazcyekJFbGVYOHUwVWVsbnFnbUpWeDI4NjhQTFV2dnRBUi1reFpn?oc=5
2026-04-01	Google	0.0	Tesla (TSLA.US) Europe Sales Rebound Last Month; France Deliveries Surge 2x - AASTOCKS.com		https://news.google.com/rss/articles/CBMiiwFBVV95cUxOWHdnQi0yZWh6b2NxcnN0RUNObDRYYjdzaXc4QzQ4ZGY2bEN2NWx2QUl4SkdWU3RBb29BR1NvaUtDNWhHeFlZNV9randjLXhJcUZ0Y2h0cWtkbjVxWldDQXZnQjdMSHpobnhsWllNY2JGLWdLdWxQc184d1lFV0NjZlp6Z29JOXdWSlFv?oc=5
2026-04-01	Google	0.0	Tesla (TSLA.US) Officially Halts Production of Model S and Model X - AASTOCKS.com		https://news.google.com/rss/articles/CBMihAFBVV95cUxOc3ItdE5XRjRneC1BUXFBbi1yTmdjSW83VWxIRGpabDc1ankxQWJaMXFQZ2tYUm5XYmtWWDZiaVRPNm44QzZwNEtEZzZGZTU3WS1rWExjLWpRWHFCMnNVc0o0RkxCODJidGpPWjVMNEZVVjBYVWtWM19wT1JQcGcwQ3dMNHU?oc=5
2026-04-01	Google	0.0	Tesla Stock (NASDAQ:TSLA) Jumps as the Model S and Model X are Finished - TipRanks		https://news.google.com/rss/articles/CBMinwFBVV95cUxPbDdpaUpnei1KV1NnSzlTYlVxNjJ2akg1eXNYRWlNRnVkYXktUzZVTnZzc0tqMUpwWVp4aTZ3X0xObVdRQXFMZGhnSmtQQWtmbFBIbVRlNFBoaXpBV2U1bDdJaml0ZXVva2xoSUd2bTVGWDNTNkp3Q3VoSTBmNUZMbVlKYjhIRnhNMGQ0S2Rkd1VLQnNWQzhSd1JxTC15OXM?oc=5
2026-04-01	Google	0.0	Tesla Stock (TSLA) Pops as French Registrations Soar 200% — Is Europe’s Recovery Ahead? - TipRanks		https://news.google.com/rss/articles/CBMiqwFBVV95cUxPZUdSRUVzT1lLbDNidk5wZFo1RW9sRE9rNnhkX1E3bnVPd1NVcnBzSFJxY3pwX1h2VzFNd1FkZmF0eE8zNlY0Y05rUjhwVjJNTnRjMFV3dERrdktkZk9MOWNuRmNzR3RIaHF6bUhLRS1PRW9URlBsX2ZNdUs5R0ZsU0p5a1NUTzdlM1EwZVNWYklPVnBwUVVWTUtseTFIMjFORTljemRqX2x2XzQ?oc=5
2026-04-01	Google	0.0	Tesla, Inc. $TSLA Shares Sold by 25 LLC - MarketBeat		https://news.google.com/rss/articles/CBMingFBVV95cUxQU25jZlJrY0ozSC1qcnhGbEx1YmY5dTQwc25JdFI0VUtkVS1kek95X3NxRm8wdEpUVFFlckxSb29YcjBiT01vVmw1TDNDXy1xazh2X2ZuZVFiaEdYblBpRjhfTXBwZnVqSVN4RXNMbnY2RU90ZXNlRFAxcFhBbElnN2FuY1RkRGtZODk3QThRZkVYYmlvWXRBZ3RoXzNnQQ?oc=5
2026-04-01	Google	0.0	Tesla, Inc. $TSLA Shares Sold by BTC Capital Management Inc. - MarketBeat		https://news.google.com/rss/articles/CBMiuAFBVV95cUxQYlAtUFFaUEw4QkNqUElzNC1heTREeVM3b2lURUlDQnBxelhBV1dwTVZadkk0Ry1pbXI4WVNYX1Z3NnloVmpqNFVtUDRvTnZ5VjhyVDVyMUlSaldVQ2FSSjc1ZXppRVFpSTkzeUtOTG9BRHRFdHUzTUoxQTFiMmpOeDRzaXNHSjhLdk5paG1Rd3lfdVhrVGZMSG45UG5NdXRlZGtVdGY5VkppcTV3VWFHTlFNUnRrUGpk?oc=5
2026-04-01	Google	0.0	Why Tesla (TSLA) Stock Is Up Today - Yahoo Finance		https://news.google.com/rss/articles/CBMilgFBVV95cUxOdHlfcWVJdkR5eHR6MTRLRzdYYUx1X2dsU2E1dFJ0Q3R4R2ZvbzlsMkpLQVVoQzFoT3BRZEZYSEJNcDRfWlkxOXBIX1JkNkZSRzIzclZNY3gwWVo0SEVVT01OS3FsTkJ0dlZ5SkNjZl85aFpZSGRDdDVMdzFVRDFrWGtZazNlX1ZkeU5Qb3gtQzJvSnE1WFE?oc=5
2026-04-01	Google	-0.05	GLJ Maintains Sell Rating on Tesla (TSLA) - Insider Monkey		https://news.google.com/rss/articles/CBMiiwFBVV95cUxOZ1oyWkpheUJPaEs1eUZ5cklneXBSc2JnNzlpV2dzck8xV3drNXg3c2g0d3I4UW0ybmIwTnp4TGFqZTdpc296TzhXcWdhNlQ5RnZsMWJEZC1icmRhLUpkTGh5UFIwU0FFaFowQmI1anltM2UzOTBHejY4anZyNGo5bGlZLWNROEl1SUtZ0gGTAUFVX3lxTE1xRGpLeE5HM000YUhCQmZ2WXkxRkRGczB1UXFFTEs2N2FSTU8yaUg2X2JtNTFrazBIaWEyOUlZMzE3cmprVEtsejBMLVRIcFRnMzBuODZ3ZHFFYjUwNEdlVjFodjNQQ2ZIb1dMZUVQR3JsYlVpWWNqN3FUVzBMR0l3UGNHdDdUVFBIaE9UM3ZvdFhBOA?oc=5
2026-04-01	Yahoo	-0.062	Tesla EV Deliveries On Tap After China Rivals Report Rebounding Sales In March	BYD and other China EV makers reported March sales jumped vs. February. Tesla should reclaim a key EV crown when it releases deliveries on Thursday.	https://finance.yahoo.com/m/53732fea-554e-3fea-a836-06cba7426798/tesla-ev-deliveries-on-tap.html?.tsrc=rss
2026-04-01	Yahoo	-0.146	GE Aerospace Is Down 14% This Month While Its $190 Billion Backlog Keeps Growing	Still a giant in its field, GE Aerospace (NYSE:GE) shares are down nearly 14% over the past month and nearly 5% year to date, even as the business posts some of its strongest results in years. Reddit sentiment on GE sits at 22 to 28, firmly bearish, driven not by earnings disappointment but by a ... GE Aerospace Is Down 14% This Month While Its $190 Billion Backlog Keeps Growing	https://247wallst.com/investing/2026/04/01/ge-aerospace-is-down-14-this-month-while-its-190-billion-backlog-keeps-growing/?.tsrc=rss
2026-04-01	Yahoo	-0.156	NIO, Li Auto Stocks Rise as Deliveries Defy China’s EV Slump. BYD, XPeng Suffer.	BYD, NIO, XPeng, and Li Auto delivered about 400,000 electrified cars in March, including plug-in hybrids, down 12% year over year.	https://finance.yahoo.com/m/1eaa015e-8227-3ed4-b6a6-287615fa1ce5/nio%2C-li-auto-stocks-rise-as.html?.tsrc=rss
2026-03-31	Google	0.35	Euro NCAP: Full Self-Driving “Irresponsible,” Tesla Stock (NASDAQ:TSLA) Surges - TipRanks		https://news.google.com/rss/articles/CBMiowFBVV95cUxOVE9hSnp1QVFkMVZpX3Bud3A3d0ktM2JhdGc5Y2JlLUkxdUUtRU1GVDFYNWdmcnRvWF9fZDRBYlNpX25TYlNRLXV6THZWbFc1MG90eEY5RnNwZ25laWltcEFKVjVYVUZaVUFiNTBhTmJCMFJsdFg2Ni1BeFJVazFfdFo1ZDBjZkRydk9EeW9DR0FKZlN6WGtJb0s0ei1oYk54NlA4?oc=5
2026-03-31	Yahoo	0.3	Stock Market Today, March 31: Tesla Rises Ahead of Delivery Report as Rally Eases Demand Concerns	Tesla rose as the market rallied, with focus turning to its delivery report and whether weaker vehicle demand will test the stock’s recent rebound.	https://www.fool.com/coverage/stock-market-today/2026/03/31/stock-market-today-march-31-tesla-rises-ahead-of-delivery-report-as-rally-eases-demand-concerns/?.tsrc=rss
2026-03-31	Yahoo	0.283	Nvidia investors just had a surprising first quarter	It's been a rough start to the year for the often-Teflon stock that is Nvidia.	https://finance.yahoo.com/news/nvidia-investors-just-had-a-surprising-first-quarter-204546936.html?.tsrc=rss
2026-03-31	Yahoo	0.275	Is E*Trade About to Cut Robinhood and SoFi Out of the SpaceX IPO?	A recent Reuters report suggested retail investors on popular brokerages Robinhood and SoFi wouldn't be able to buy SpaceX shares at the IPO price when it goes public.	https://www.fool.com/investing/2026/03/31/is-etrade-about-to-cut-robinhood-and-sofi-out-of-t/?.tsrc=rss
2026-03-31	Google	0.25	Dow, S&P 500, Nasdaq futures flip higher after Trump signals Iran war wind-down: Why USO, MU, TSLA, NKE, INTC are trending - MSN		https://news.google.com/rss/articles/CBMingJBVV95cUxNRjd4cW0wYW1LMHpUWHlQZUlYdTZFeE0yYWsxODVEWVJISEd0VnVJZDlMWGNWSU00aVZrU1BFbU5NYlRGY3Q4Z19iV191UFIxeGdaUm43RDBQVWxnbVRvVFBRRGN0c1cxeDhnNHFUaWlxS3o5OFB6LTM3XzRyck1nSXlCNUQweExvWjJBS2VMVERnRzdSdXVCQjBsYnNsU1RtazkwSTk3LU93YkVhVHdyVXhnWE02d3FtaUpIRW14d3djUXdjNjh3RFVRc3o2QjdkUld2ZUhoRHd5WU1Tb05QQldWNTFRc2psNjFJZF9WbTg1QTVjWGhUeU9TVXRGYW5TOWw3cS1KeVYtdWlacVVMc0h2MkFVXzRuOWtrbGpB?oc=5
2026-03-31	Yahoo	0.25	Why Is Tesla Stock Rising Today	Tesla Stock Edges Higher With Market. Robotaxi and AI Drive Interest	https://finance.yahoo.com/markets/stocks/articles/why-tesla-stock-rising-today-152912840.html?.tsrc=rss
2026-03-31	Yahoo	0.244	Stock Market Today, March 31: Nio Jumps on Optimism for Strong Q1 Sales After First-Ever Quarterly Profit	Investors are weighing fresh profit milestones, surging volume, and global expansion as they reassess this EV maker, today, March 31, 2026.	https://www.fool.com/coverage/stock-market-today/2026/03/31/stock-market-today-march-31-nio-jumps-on-optimism-for-strong-q1-sales-after-first-ever-quarterly-profit/?.tsrc=rss
2026-03-31	Google	0.217	Assessing Tesla (TSLA) Valuation As Shares Pull Back Despite Strong One Year Return - simplywall.st		https://news.google.com/rss/articles/CBMixgFBVV95cUxQZTZrWTJBQWNHcFI4Ny01cFFVVDNJamdpeF9MLWhELVJxUGc2Unpyb25DTC1BWUhoZGVyaTdUVFJkcEVMUjQyUHRHQ0p0Q3FCZG1VX1RaN0tYS0Vwd1RPR1FXeXBvc1h6TEhOTHJ0UFU4bnFSdTlLOTF4Y1lNdFZIVU1HYlVnc3FabmZ3THlxZHJYZlVyLVd0Q0pvaTAyeEUyTnY4QlhXNUR0NHZpcUdLeHoxOEc0ZDBBTmQtT0tyYnNDWGJJa1HSAcsBQVVfeXFMTTJudkFLN2MwOE1GeGpUNk9JejZnUkJxaHI0bTg4bkVVbG82SFJ0Q1Z6UW1iUXNrT0dzV3AwcHZKZzZ3RUVRMmt0R0oxdTFYMEhmc19Gck1sU3ZyZGdCbjJVT2JQUzhIblRtMFU5STBqQTBVTlpOd2ZZWnlLTlpza2EzZUxXUFVGbnVLQTE3c1Y0WkNvaE9QeDEzR1Y5UDFYVU9mOWNKOWtnZ2hoOWROckFXS2xQSnZDaGhNQXN1MmNjVHhJUnZqQUV2aU0?oc=5
2026-03-31	Google	0.2	Can Tesla’s (TSLA) Silicon Bet be the Real Reason to Stay Bullish? - TipRanks		https://news.google.com/rss/articles/CBMilwFBVV95cUxQdXBSUHY0MGg4b3c3VkprUUlkVzl4aF9mc1p0Zno2Nzg3bE95TmtBTXBVcFBrV3YxS1JkaHRrVm40V0VKb2VjRFZ3RGVRSzRJeWI2dFlTbm1fcG9mSlhsdEQ4bnJxY2RCblRLWi1KcDBtZUg0djIwOEZlcW5aLXlkR1ExOUQxODBuUnRpdk4yZ3U3V1NrT3JR?oc=5
2026-03-31	Yahoo	0.184	Tesla (TESLA) and SpaceX Plan to Build a New Chip Factory in Texas	Tesla, Inc. (NASDAQ:TSLA) is one of the Goldman Sachs AI Stocks: Top 12 Stocks to Buy. On March 23, 2026, Reuters reported that CEO Elon Musk said the day before that Tesla, Inc. (NASDAQ:TSLA) and SpaceX aim to establish two advanced chip factories in Austin, Texas, as part of the “Terafab” project. The complex will […]	https://finance.yahoo.com/sectors/technology/articles/tesla-tesla-spacex-plan-build-173759944.html?.tsrc=rss
2026-03-31	Yahoo	0.173	Nio Leaps 8% on Delivery Hopes and Battery Swap Momentum: 3 Reasons the Rally Could Have Legs	Nio (NYSE:NIO) stock is climbing sharply on Tuesday, up 8% in midday trading to nearly $6 after opening at $5.51. The move builds on a one-month gain of 13.14% and a one-year return of 46.93%, though NIO shares still sit roughly 25% below their 52-week high of $8.02. Today’s rally appears to be driven by ... Nio Leaps 8% on Delivery Hopes and Battery Swap Momentum: 3 Reasons the Rally Could Have Legs	https://247wallst.com/investing/2026/03/31/nio-leaps-8-on-delivery-hopes-and-battery-swap-momentum-3-reasons-the-rally-could-have-legs/?.tsrc=rss
2026-03-31	Yahoo	0.171	Tesla Surges 5%: Delivery Hopes, Terafab, and SpaceX Buzz Are All Converging at Once	Tesla (NASDAQ:TSLA) shares are up 5% in Tuesday’s session, trading around $373 after opening at $355.28. Three distinct catalysts landed within the same 24-hour window, and the market is treating their convergence as meaningful. That kind of stacked narrative is rare, and it explains why the move has legs even against a difficult recent backdrop. ... Tesla Surges 5%: Delivery Hopes, Terafab, and SpaceX Buzz Are All Converging at Once	https://247wallst.com/investing/2026/03/31/tesla-surges-5-delivery-hopes-terafab-and-spacex-buzz-are-all-converging-at-once/?.tsrc=rss
2026-03-31	Yahoo	0.124	MAGS ETF: Two Signals Will Determine If the 16% Slide Gets Worse in 2026	Roundhill Magnificent Seven ETF (NYSEARCA:MAGS) is down nearly 16% year-to-date, a sharper pullback than the Nasdaq 100’s 8% decline over the same period. The fund offers equal-weighted exposure to all seven Magnificent 7 stocks, a structure that amplifies both the best and worst performers simultaneously. The ETF launched in April 2023 and has grown to ... MAGS ETF: Two Signals Will Determine If the 16% Slide Gets Worse in 2026	https://247wallst.com/investing/2026/03/31/mags-etf-two-signals-will-determine-if-the-16-slide-gets-worse-in-2026/?.tsrc=rss
2026-03-31	Yahoo	0.084	Why Nvidia And Tesla Are Suddenly Knocking On Samsung's Door	A severe capacity crunch at Taiwan Semiconductor Manufacturing Company Ltd. is forcing major clients, including Nvidia Corp. and Tesla Inc., to seek alternatives, positioning Samsung Electronics Co. Ltd. as a rare second source for cutting-edge chips. Capacity Crunch Disrupts AI Supply Chain Taiwan Semiconductor’s 3nm process has entered a rare state of “overload,” as chip designers and hyperscale cloud providers such as Amazon.com Inc. and Microsoft Corp. compete aggressively for limited capaci	https://finance.yahoo.com/markets/stocks/articles/why-nvidia-tesla-suddenly-knocking-183102795.html?.tsrc=rss
2026-03-31	Google	0.068	Solitude Financial Services Makes New Investment in Tesla, Inc. $TSLA - MarketBeat		https://news.google.com/rss/articles/CBMixgFBVV95cUxNX21RR0tuQl82aTRNaDc5LUt6VnBiTHFqQm5yQ0dKdDNXZEFyM2VHNmlEdk00ekRVbU5SbER1eG9nN2RCY2JMa1hxSHJ5RGh6RVZJMjBHRDZWWmpYemNBSEZ6bllDOVFiUVQzOWNqR0hXMzFnS05fTVFUa0pYMVBFZGw0TDFiR21RTVBFeC0zTFMxQXBWS3lmM05XUzBBYjJqUlZRUHlRYjJ0anJjNnRtSXNxMVhfaEg4UFg2a3JELVNiRzA4blE?oc=5
2026-03-31	Yahoo	0.021	Iran’s Revolutionary Guard Threatens to Strike U.S. Companies in Mideast	Iran’s Islamic Revolutionary Guard Corps issued a warning to several major international corporations, alleging their involvement in operations conducted by the U.S. and Israel against Iran and said they would be treated as “legitimate targets.”  The Revolutionary Guard on Tuesday accused companies including Apple, Oracle, Palantir, Microsoft, Alphabet and JPMorgan Chase of contributing to the planning and execution of attacks that resulted in the deaths of Iranian citizens.  In what it labeled 	https://finance.yahoo.com/m/1bbcadb8-48e0-3ee4-99c1-8384720d497f/iran%E2%80%99s-revolutionary-guard.html?.tsrc=rss
2026-03-31	Yahoo	0.012	Gary Black Says TSLA Has Underperformed Nasdaq For 5 Years Because It Has Never Lived Up To Unsupervised FSD Hype: 'TSLA Still Has Only 9 Robotaxis'	Investor Gary Black of The Future Fund LLC has criticized Tesla Inc. for underperforming the Nasdaq 100 index for the last five years, which he thinks happened due to the brand not living up to the Full Self-Driving (FSD) promises. Unsupervised FSD Hype On Sunday, the investor shared his criticism via a post on the social media platform X as he responded to a post by influencer Whole Mars Catalog. In the post, the influencer had outlined various reasons to invest in the company. “No investment p	https://finance.yahoo.com/markets/stocks/articles/gary-black-says-tsla-underperformed-213051620.html?.tsrc=rss
2026-03-31	Google	0.0	CCORF Maintains Tesla(TSLA.US) With Buy Rating, Maintains Target Price $420 - news.futunn.com		https://news.google.com/rss/articles/CBMirAFBVV95cUxON0tLejFVUTVaUkVrSUlUYzZISDY3aG5TdG1QVm4wemNwdmVZcmE4aWp1Wk5BcmcyZkY4NHk2V3pzVzFBVl9yN09PV002UFk4Z3Y5ZHV1ZHlJVDQ1RVV0M2RCS2MwVDlOSC1iR1QxeVl1a3ZYWXVPSUFjZU1fX1VpZ2NjMndYSy1UcXBYZm83SDBRc3lwZlhlWURKZEo0dERPNXhBdmltMVI1c2Vm?oc=5
2026-03-31	Google	0.0	Canaccord Genuity Group Issues Pessimistic Forecast for Tesla (NASDAQ:TSLA) Stock Price - MarketBeat		https://news.google.com/rss/articles/CBMi1AFBVV95cUxPODJMcVZqVDR3X0RaRzZWalBFb1g0YWJjQVNxUHlFcTYtVkE5Wk9DLTZwaGotZW56RDJiS3J2UlE4d2dldkkzSU1neEZabHdXMFotQlVsMnNNZzVETV9vdFJIWUt0UFdtd2xvRFo1V3lLSFI3c0pQcVpwcVhJcGNhNDU2NlRncGJQa0pKWTM4UEJtVFBLRFBYWVMtTElJSU9MVlVHcVNzTXVkdVRMcDh4SlBrc3U2c0hSREFKb0NlYmpLTnFwa1g1YTNZQXV1cS1PampZSQ?oc=5
2026-03-31	Google	0.0	How Much Further Could Tesla Stock Fall? - fool.com		https://news.google.com/rss/articles/CBMiigFBVV95cUxNT0l0OWxVaFhhMC1GQXpZYTZ4ZU94WFJtVXg4YnBaODR5cUZLTUQwdi1jOHNvWjlnRGJSeFdMNktEZlQ1M1hrVjJYWTg5QUtnTHNIbUhBZWFkLURXSlRJVk1KaW1GVERQQjVrVWtyampLTl9mN005dDI5ZjhkLU45S2Y3OG1jbk04dHc?oc=5
2026-03-31	Google	0.0	How The Tesla (TSLA) Story Is Shifting Between Autonomy Hopes And Profitability Risks - Yahoo Finance		https://news.google.com/rss/articles/CBMinwFBVV95cUxPQTRPYzF1UDBCTEJiOUFfdmN6S0t3ZlpWTnpOVThGbWo0eEZkUW9ZSDAxRXJSTzNQd295TnV4SUktMm5RRDdtbTRmNG9VdXkyclRrWi1uaTE5UVlGcFdIX2Yzb25NV0FWdDNCMF9QN1F6T0FoQVVzY1A5TXhJaUpBWjZnTzlKaE5Zb2hacVJhMVVwTklnU3ptZnBlWUdHSjg?oc=5
2026-03-31	Google	0.0	In-Depth Analysis: Tesla Versus Competitors In Automobiles Industry - benzinga.com		https://news.google.com/rss/articles/CBMivAFBVV95cUxONFhCVkxWT24zVHdGbXhNMGlKejBEeTQ3Rk1jSmkwNHVBUXRXMEtESVhiaVpTRUIySWdtRm12aVpWMjdKV29lQ05hbEF4T1VxV0hob01kQzlIa0x4NTkyMkF5Y2hBd0p0aTgtcFVUa2tPTi1fclZ5WFVfRERIWGFEXzVEV1JKdjdQTzhuejl1bmRnRkx6ZmNubW00UjlpZlg4Z3cwVWpaOExvbmxyWHZQQjcySllEdTZfRGRZcg?oc=5
2026-03-31	Google	0.0	J. Safra Sarasin Holding AG Raises Holdings in Tesla, Inc. $TSLA - MarketBeat		https://news.google.com/rss/articles/CBMivgFBVV95cUxNdDA4clVXcC1tMnhhYXRmazJjMmYtb3I2aG95N3Q0aFZSYjdwcUtfa3lxaWZ2Y1h5czRlSjBPMS1YRXV3YllMT0dYVE1oenVTRkpORFFKckFoWkFSTVpXdlNqSzJaNkNERlB6VVd1d2dzcnZmQ1VhTUwwdEVjVElUdjhWRzRmQ2ZhQU5qUGdjc0dCYWJwcmxxRHlwbUVQSmdCOGw2OFRldWxsaDV4Qy0yNld1SmRvN211Z0tjelpB?oc=5
2026-03-31	Google	0.0	MSFT, NVDA, TSLA Rise Even as Iran Targets U.S. Firms - Coinpaper		https://news.google.com/rss/articles/CBMiqAFBVV95cUxOS0QzQXBJOExXQ2dyOXVkd3ZLaTR1YUQ3SGJnQ3JabTlvV1BfX0RGamtfR1Z3aEVpMFFKekZxNHQ2ZlhBakNPcWFWYlR1UlloTW1UandERW5kbm41SGZpdkJVajBlT2FqOC1qcjVGTFhmT2FRQlJUVkt1R2c4YTlKWXdPc3dlcndLZjVYdlBJbDhHeFNSbzR3RU12SkN4ZGRmVlc4SDYydmI?oc=5
2026-03-31	Yahoo	0.0	Market Chatter: SpaceX's $75 Billion IPO Draws Investor Focus	Tesla (TSLA) CEO Elon Musk's SpaceX is preparing to launch its initial public offering, with about $	https://finance.yahoo.com/markets/stocks/articles/market-chatter-spacex-apos-75-190517022.html?.tsrc=rss
2026-03-31	Google	0.0	Mn Services Vermogensbeheer B.V. Increases Stock Holdings in Tesla, Inc. $TSLA - MarketBeat		https://news.google.com/rss/articles/CBMizwFBVV95cUxPVXI4bHRuY1gtNUhQcFJjYkRfOUU0aWlwaXBBc0VzbGRQeVhGVUdLSzFSNTZDeEdUUnhrVmFmWWR2ZWhFSDNmNmh6QV8xbTUxcFdTT1E0X1BLM2k5SkZQdkk3NUZvZldoeXF3R3JFeG1ERk1tQXVFZlhHMHc4aTM4a1p5U3NCVi1BNWVhQUc4YWtDVWV3LXEtcF9hMU9WRU1Wck1KV3dmMXFVazlrTzRvUlo1dkVtLUltVDhOVFFacjlqNWtubm93SGJpY1RaQmc?oc=5
2026-03-31	Google	0.0	Nasdaq, S&P 500 Futures Climb On Cooling Iran Risks: Why MU, NBIS, TSLA, NKE, ANNA Are Keeping Traders Engaged Today - Stocktwits		https://news.google.com/rss/articles/CBMixgFBVV95cUxQSXAzaUQ0UDQyT2FZMDdWZ2xOSWE4RVpRSlY3d25zclBwdE1tTHBScG9Kelk4YnVNNnJUbFdXS3ByZ05ZenRGR1VwR3lIa2xDamRvZjM1aFJaX2YwU2JvWGFsbjUyczN1aktWX1lueG40OXFuZER2bk02cDJnUUs0U2R5RkRYZktqYUkxN25IWUh3bE5jcTYxeUFSd0lQOHYwMjNVbjdCN3FXMlAtSk1LbzlLT205alhvazlwbTJXTERKSnRoclE?oc=5
2026-03-31	Google	0.0	Range Financial Group LLC Has $492,000 Holdings in Tesla, Inc. $TSLA - MarketBeat		https://news.google.com/rss/articles/CBMiwgFBVV95cUxQbk5sQkdBR1c1UmFxbmd1MGZMaHQ4dmtpTHRQTGF4OGRMeTdEUnQ5NHBRNXFiYzdpWEptSVpQQVZkNGt3WFBSZmIxTXV3VkstM3lKS0hBd3lhWnhnU2ZYaUNJVi1hcklOWEg1VllzWUp0ajZNMkU0RW5Uc08ycnJfdzN5VFd3b25lM1lJTjQxMEpJaEFBWjI0U09SM0llSnlKRmE0WkZCWWIxSF9zYVhERWhiYUtiM1VWSkw2WHN3Smh0Zw?oc=5
2026-03-31	Google	0.0	TSLA, PLTR and RKLB Forecasts – Tech Looking to Rally - FXEmpire		https://news.google.com/rss/articles/CBMiowFBVV95cUxNRVEyZEkxNjhIbkp5Wkt1cl9iaVFmaDIzZHJMcXJONlN3dUFiSVBBLUZObnkzN0ZYbF9qZlZJUXVxQnp1MzdnLUV4Vzc0UHBkRzlPd01VUXFsaUZKQUhuWWNudmc1RmtwbGJyUC1CTXFfQ0YzNVpFRkJDU3h0WE00Z1d5Z0hqZ3c5c2EtTmVVN2M3NnlqRWNxMHNmUk1BOWp1Q0xR?oc=5
2026-03-31	Google	0.0	Tesla (NASDAQ:TSLA) Shares Up 4.6% - Here's What Happened - MarketBeat		https://news.google.com/rss/articles/CBMipgFBVV95cUxPdXkwc2VXTmVXSTBSUTRPRjI3NmpmaHhjTUVUV0RHcEFzMzhoTl82ZmhUX1pvSEtUS2k3Rk1RMGEwMGx2SEtKekVFYkFVM3ZXNjBoNENEdnd5SzZSOFpnQXlaQTJVblBudEQ3LTMtdXhsajAzOEYyX1NuZDg2N2RXZWFsaHBjcWNkX3FuNm9nNm5qYld2bUVUaFdheENCWkRBdTB5TDRB?oc=5
2026-03-31	Google	0.0	Tesla Inc Stock (TSLA) Moved Up by 3.66% on Mar 31: Key Drivers Unveiled - TradingKey		https://news.google.com/rss/articles/CBMiiwFBVV95cUxPaXV3R1hOSVNkU1lpWFZTZ0tYUW0zdTFMb3FGeUlaSkhPRXNpY3lWRHk5dkQta3RHeUxBemh1R3BqUnRLSnJKR3ZlZEFqaWd1VjhlTDlSY0JkS1V0QjNodHlqak8temJ4T0lfZVFBckZhRzhfa2pJVUhjYW1ZalpBOWl6SnI0MndBS0N3?oc=5
2026-03-31	Google	0.0	Tesla Options Spot-On: On March 31st, 2.13 Million Contracts Were Traded, With 6.56 Million Open Interest - news.futunn.com		https://news.google.com/rss/articles/CBMikwFBVV95cUxNQWtSUnNROHRFNkpiQjlRcTlLc0xFeXZGOWVyRzZLSFp4bVU0WjlTYV91TEp2VElDbzVUX1hHTHBxLURFQWZDck1DaFh3VkVqcVFlbWdmTktBanVBc01hVkY3NFRkM3FsV2Q0RW9QVENZTTNJblpWV1BESGhKMFNLTkdKRGxoSnh1Z0puRlV1NjQwbWM?oc=5
2026-03-31	Yahoo	0.0	Tesla Q1 deliveries rise 9% amid Robotaxi focus	Yahoo Finance senior autos reporter Pras Subramanian joins Asking for a Trend host Josh Lipton to discuss expectations for Tesla's ((TSLA) Q1 global deliveries.	https://finance.yahoo.com/video/tesla-q1-deliveries-rise-9-amid-robotaxi-focus-222534059.html?.tsrc=rss
2026-03-31	Google	0.0	Tesla Stock Is Surging Tuesday: What's Driving The Momentum? - benzinga.com		https://news.google.com/rss/articles/CBMiugFBVV95cUxNRzVReWlock1xZ0o2NzNJSnB6UFlQUEhnaWRfMnRiWHhpN0k5REs0ZFRjTkZwc09FTnRlQlBfYmdtSVNfZGNldTFVb2diWmdWVDlqQWlKU2Z3RUdLRnQtR3BwM2dQSWE5dlN3YW95UmROS2xBRXZpVGhLX3RuZEVZdmQ0SzJIVmpsTXBtc19Vc2VOa01SSDBhYTBHbzAxbjdydmFOZ3NQTU9mQXF6eDZSVnlzVGVuS3Bfbmc?oc=5
2026-03-31	Google	0.0	Tesla, Inc. $TSLA Shares Acquired by Northstar Advisory Group LLC - MarketBeat		https://news.google.com/rss/articles/CBMiwAFBVV95cUxNb2dqLWdMQTVSYmxOdWI4cHhTa2lDbTRURXpaeWRScFk4SHlJRjJQTGdTSDAtV1gtRzhnbXMzWGdNc3lsTTdZdTNDZ2FmNlFXNVBmcXBFNzZnc2RKQk10NHdOanhNOERudi1GSE0zdmlrc3g3NzJ0OEdOWE9qZWx5Z1doajhDRjJxRzIzMk5kbGRkVUh0Ti1ELWRPUmk5a08xWlpJNHJWTEpwWFFWNVE0WWdSRFMzUnRqcHloWnlNQ3c?oc=5
2026-03-31	Google	0.0	Tesla, Inc. $TSLA Shares Purchased by Silver Oak Securities Incorporated - MarketBeat		https://news.google.com/rss/articles/CBMiygFBVV95cUxPQ2RYTl9DYzJYbXNsOUNfbTh5ME5OdUpxeTR4OF9yYTY3SkdSeGg0R2xsNHhVX1NZR1gxWVA5TGJwUk1YSUg1RUg1Y2JyS0wyWmJNNzBTcWN0cEFkLUhiMVhjRm1XSm5BV1l0V1NkdDFEUDhJbUxIcnJkTEdlRG1WUS1EYVhxcDlBRUhHWFhUZ2w3S2JRQTBjWmctMUFnY0NieWEtZmRNMzNGdkdqM2p6a0Q0aWpLRW5wNW9EMzdaYmYwQzhJYzVVRGJn?oc=5
2026-03-31	Google	0.0	Tesla, Inc. $TSLA Shares Sold by Zevenbergen Capital Investments LLC - MarketBeat		https://news.google.com/rss/articles/CBMixAFBVV95cUxPaVVIVU13cjJXZ3QzbEpUbnNFTkM2UzVGaERMOXFHUzJGRFRIeVRzNnhRdVU5eVRGdmpmVzhQRWtoOTh6OHF6Nk4zanRWcFhzT2ZzN2c3bE9NQUZ4bDEtVHRCcS1PQm4ta1I2cGQ2aG5hNE5jM2JvN3E1VllOSnFqTkJldXQwWG9SbS1BMXpGOFhzRGV4NU5mUjdnenU4R3BWcnltMEFPUElnc2N6MTdjZk9INE9lcmw0TXpBdmRpazkwNkpu?oc=5
2026-03-31	Google	0.0	Tesla, Inc. $TSLA Stock Holdings Trimmed by Jaffetilchin Investment Partners LLC - MarketBeat		https://news.google.com/rss/articles/CBMi1AFBVV95cUxOM0F2WmFZTnlvMEhZQzg4Zzh5YkY5QlVNMU80Tmc2OWVOclVDMWhxbGJQSmNOS2VUaERKeWJLbEdJXzlMVGRmeV95ekFMd214cUZ6UGVvQXBnX2p3d2tsZmdNcUhXSkhZVWM2NExhYnpiRkZNWnI3RzdudWVXcVVKVTRRS0JlWFVMYjdMbnN6RU84ODVKRS1MNG12WC15SkZJLVRrc1NwVjV6WVRDMlVoa2JLSzl2dm9TNHMwUEtxSjlBM2lJeU1hRDUzN0YxbTJVYTB0dg?oc=5
2026-03-31	Yahoo	0.0	When Will Elon Musk's Tesla And SpaceX Merge? Here's What Prediction Market Is Saying	Elon Musk's xAI and SpaceX merged in February, valuing the company at over $1.25 trillion. SpaceX is now preparing for an initial public offering (IPO). SpaceX IPO SpaceX reportedly plans to raise $75 billion from its IPO, valuing the space exploration company at around $1.75 trillion. SpaceX's confidential filing would show that the company is still targeting a June listing. Don't Miss: High-net-worth individuals often rely on financial advisors to guide key decisions—this short quiz helps conn	https://finance.yahoo.com/markets/stocks/articles/elon-musks-tesla-spacex-merge-220130176.html?.tsrc=rss
2026-03-31	Google	0.0	Why Is Tesla Stock Rising Today - TradingView		https://news.google.com/rss/articles/CBMilgFBVV95cUxQT0V1NnFzZllXdlkxcTB4bU13cXcwNlVvdkp4dTNfRXlmRE5yb0t2YWxxQ0hrUE1ETVVEVXdaU2o0d2RtV1hYcElYMXg4MlZxTWZXc2NZSVRPVnYtQ0Z1SDhreHJnME53SHVuU0kyTHdoRkluNlNaMnNzVE1tS0FsN1NlejJzaTJZcC16V2tkOU5HY2N6ZUE?oc=5
2026-03-31	Google	0.0	Why Tesla (TSLA) Stock Is Up Today - The Globe and Mail		https://news.google.com/rss/articles/CBMiuAFBVV95cUxPM01nTzA2Y3ZFYl9zd1FWUHRRRkU3cF9jcGVYeGo5LWdtRHFrYVl4OFM2VjQ1ZmlkZTZMSVdJNG1wcDlNRVlDUi1nSi1UcnlZSFJCS3hlM3FVQXljR1hqMnBHVTBFd1dPZnpnOFVHa214SHo4UENjeWRXQkZ3YWxwRS1oWDU3UDkzRWFoODNiUkdkMzFBMDRTZ1ByT21YOFg1cUY2V3ctS2xSd1BXUGF4a2VHa2NHZEs4?oc=5
2026-03-31	Google	0.0	‘Still Essentially an EV Maker’: Canaccord Lowers Tesla (TSLA) Stock’s Price Target Ahead of Q1 Delivery Update - TipRanks		https://news.google.com/rss/articles/CBMi2wFBVV95cUxPWDJ0TThxaGZycXFqVjdoa1M4SVNmUGN5ZVFhUFZwV1d2NmVINEdPQ3h1cTV3RlFlQWd6S2lEY1R0RjJ4TVZDekQyclZMZTFadjBQYUQ1M2FNYnE3TUp3ajBNUmxzLV9OS3hITlhoYWd3RmFxbkJHbWRYWThTdzdWcnJ0RTN4Y3c1Z0xYX3picVpkcTU5anl4NnMwRkVkWDFyeG1sM1JoazhkaTM0czhua0FKbDhhUW5Fb1pDM3lfaG9DOEpuRC16Ym9XVUJETjVBLUwyMTZYMFl3bXM?oc=5
2026-03-31	Yahoo	-0.208	Tesla Stock Jumps. Electric Cars Still Matter—Believe It or Not.	Investors seem to have forgotten that  Tesla  makes cars.  Tesla is due to report first-quarter delivery numbers on Thursday.  Coming into Tuesday trading, Tesla stock was up 37% over the past 12 months and 102% over the past two years, despite falling EV sales and earnings estimates.	https://finance.yahoo.com/m/1f880226-5163-3922-9106-1bf083cdd674/tesla-stock-jumps.-electric.html?.tsrc=rss
2026-03-31	Yahoo	-0.7	US Equity Indexes Jump as Growth Tops Sector Charts, Crude Oil Futures Retreat	US equity indexes jumped in midday trading Tuesday as growth sectors rebounded amid rising expectati	https://finance.yahoo.com/markets/stocks/articles/us-equity-indexes-jump-growth-174434377.html?.tsrc=rss
2026-03-30	Yahoo	0.45	2 'Magnificent 7' stocks see stunning plunges	"The ""Magnificent Seven"" stock beatdown has been particularly painful for Microsoft and Meta."	https://finance.yahoo.com/news/2-magnificent-7-stocks-see-stunning-plunges-130430799.html?.tsrc=rss
2026-03-30	Yahoo	0.25	Stock Market Today, March 30: Tesla Slides on EV Pricing Pressure as Investors Await Q1 2026 Delivery Data	Today, March 30, 2026, investors are weighing EV price cuts against an ambitious AI and robotaxi pivot shaping this market story.	https://www.fool.com/coverage/stock-market-today/2026/03/30/stock-market-today-march-30-tesla-slides-on-ev-pricing-pressure-as-investors-await-q1-2026-delivery-data/?.tsrc=rss
2026-03-30	Google	0.25	Tesla scaling up in Japan with plans to double service centers, more showrooms (TSLA:NASDAQ) - Seeking Alpha		https://news.google.com/rss/articles/CBMitgFBVV95cUxNYXdVX1M3NUhESHVxdldvLUxZYkFlb3Y1bkhuNHJqcWJIRGFLeVNnaGZobHliZEx1NVlESkhvTVNublY3VHhEUFVTWUJiRWhZTVpGUHYxWVlyVEhTVWFiX2NZUUZMelY4VnlmZ2ZscDVnbFhJSFBoVzBaUVNVTGhpeU1GRDlRV29yajVUR3RKbTVGUDJzYU90Nlk5SVk2bEFYS2tPZWNBM1BEQU52SXFJSldtaG9tdw?oc=5
2026-03-30	Google	0.0	1 Unpopular Stock That Deserves a Second Chance and 2 We Question - The Globe and Mail		https://news.google.com/rss/articles/CBMi5AFBVV95cUxNdVhNV0N4VzBBcl9RWGNRcXMxWU5DdXNPNHVPWGU2ZmQzMXZRcWdqdTNlc3JJWm5wOGUtMjE4T3BzcUhWbFVPSGQ4YW9HSW5QQTlldGoxUFdEamZlRE15RzVvblZWTXRlZVNWZkZXOUxqNldoX2pQQ18yRE54MkxhRWh6OTlNM295Zml1U1k0NzBua1FHQUFjVkM5MF8tRTR6eVpXUjIzV2E5Vlkzdm9JY0tFSlBjdkxhNjhhSERESkpYa29WMzYwamx1V0szSGNjOXcyTFRLd1JVNkxPY1U3cUVEZno?oc=5
2026-03-30	Google	0.0	1,786 Shares in Tesla, Inc. $TSLA Bought by Towerpoint Wealth LLC - marketbeat.com		https://news.google.com/rss/articles/CBMivwFBVV95cUxQNXRUbWU1Uzh0aS1LakJ5MUMyNVI5U0Z0RU80WldtalcybGRjZWFsRUJKMkRYOGNGa2NsVUJkU212cy1oYkt6SXRNeGtEVmRXeHZWTU84QldqYzNvczB6eEx5aWpHZ2NwNjlqT3lIT1BkVWsyeUtZSUp4LTFOV1J5S21ad25tREROZDd4N1Z1MnY3ZWJVcE1SWWFlVTJfalIxY2laVDQwdldqQWdKLWJ1eDUyVWtDR1d2M2pucjZsRQ?oc=5
2026-03-30	Yahoo	0.0	2 Things Every Lucid (LCID) Investor Needs to Know	The luxury EV maker still faces existential challenges.	https://www.fool.com/investing/2026/03/30/2-things-every-lucid-investor-needs-to-know/?.tsrc=rss
2026-03-30	Google	0.0	4,879 Shares in Tesla, Inc. $TSLA Acquired by Yarbrough Capital LLC - marketbeat.com		https://news.google.com/rss/articles/CBMiwgFBVV95cUxQTWw0M0F3RTV5NUI0WnRKN2ZpV3BHcHNTVmJjeElYX1FFbTJXMnA4LVBCbEs2NkRLWDhrY29IU3dPYzQ4NEFyb0YwQ3VyaXBrU3Z2R3ZPMXotZktkdG5GS2JGZVAwRHl0bXBmb2RqdnR3TGRKaG9qdVk1MFEyZEFaUjBMSmI1UEZxa2dBckNFTXR6SVZrT3hwWllxMlc1Qlc1SWZUQzdpZkxFM0VIcnM0bk4yQVJqQ2lZN0ppbThWaWlWZw?oc=5
2026-03-30	Google	0.0	CCORF Maintains Tesla(TSLA.US) With Buy Rating, Cuts Target Price to $420 - 富途牛牛		https://news.google.com/rss/articles/CBMipgFBVV95cUxPY2NNX2ZRdXctZHYtZjRVYk5RbkNCTUVPdzN3TExKTnZLYjl2Y1J3bnc0SnFQa3A1UU5kaXZpZ2p3VXB3ZjJZMjZJSVpnaUU5NTctLXo5azNLdnRMV01OS09Pckd4LXVvZG4wY2NaVzZUOWtGQ1BuSDN1bEhUaWdZV1BVMGhmOG10SW9FVmtYbEt2d2pOb2NTSF9jbjZkR2pxVHpraFVn?oc=5
2026-03-30	Google	0.0	Delaware judge accused of bias reassigns Musk cases - Reuters		https://news.google.com/rss/articles/CBMiwgFBVV95cUxNS1RSTzNOYU92SXUzbmtocU1ZMzNpTU1RNHFWQ3d6U3Rrb1VzNU5acWVScFJidF9BTTh0QTBIZGtlcjItMi03ZHFIcmZXY2p1STNVaWJMT3hRUEhJek1uRDJlRGpseURVX1VfWEdjcEZqTENKV0tWTTVSbkwxSjZNenN3RzRwdmZBZDB5MENUcTNMUzhuU1NnTkdOelNPRVJGb2RkaDhuTHNnUWJybTVpYXNjNU5Wb3UxcVo5T2dRbFVVUQ?oc=5
2026-03-30	Yahoo	0.0	Elon Musk is escalating his feud with a Delaware judge over a ‘heart’ on a LinkedIn post	Musk’s lawyers allege that Chancellor Kathaleen McCormick reacted in support of a post celebrating the billionaire’s federal court loss in California earlier this month.	https://finance.yahoo.com/markets/stocks/articles/elon-musk-escalating-feud-delaware-165132432.html?.tsrc=rss
2026-03-30	Google	0.0	Glj Research Reiterates Sell Rating for Tesla (NASDAQ:TSLA) - marketbeat.com		https://news.google.com/rss/articles/CBMirwFBVV95cUxPRnBWbDZOMXhmbTJtTXBjQ193NmROcGxnUGhFbHlBeHp2V25abk1KYk8yNW1zRHZxQUdJbzBMa3Yxbl8tZzdwdDBlNEVPRENFZ2ZxMDYxWDdwTl9EZWxDMXVEb2tUcklxNnVIdTg5LUljSzhzRFJSMWEyZUVLUzRCdjdGRVlyajV5NXo0N0Q0WjVTdTU0Q1lIOWZNcGpMTFo3MWV4RFgtckQ2TmZZRTJ3?oc=5
2026-03-30	Google	0.0	Goelzer Investment Management Inc. Sells 2,898 Shares of Tesla, Inc. $TSLA - marketbeat.com		https://news.google.com/rss/articles/CBMiygFBVV95cUxORVlRaDBRcllUbEZTeHpDR2tPQmE2Yk5zTlN2NlNiVV9xQWtDRWxjNXpZRnpLbVVMUmlzc0ctRVNucTRXUkd0UEUyb1kzZ25NNlFyUFB2V3FscklTNjBTLTNPYlNIamRQTlBhaFE4SU9ib0dNcTRWTGtKcy1tT05Fd2dSRlIyaEhQOGNWV21hSFlWUjBNY0E3Q21RRGNsOThwcDdyQjl3aHdmNDlXX1QtcGxoTFUtaG56UW9GUUhUX0VIdUV2MUdaSVZB?oc=5
2026-03-30	Google	0.0	Inquiry Into Tesla's Competitor Dynamics In Automobiles Industry - Benzinga		https://news.google.com/rss/articles/CBMiuAFBVV95cUxOTE5FbHEzVE9aQllHT0U0djFMcnUyRHF2TkhNU0xzeHVUZXhDbnFXMU9JaTllcFFib3lkOWFEdTMwNUd1LXhGQUEtaThfX05zNVYtMkNCdmdzQ3lJaG1CYlpISVJicDdDUDlaeEpxM09PMEpOeXVlOGp6Qk43alYtQWczTVF0RHdaZGk0MXdUWGptRThaOW5mcnJRNFA0ZHRnZEFqTkRKaWN6WEdTdFl5d1hnRmNCbUhC?oc=5
2026-03-30	Google	0.0	Kathleen Wilson‑Thompson to sell 25,809 TSLA shares (NASDAQ: TSLA) - Stock Titan		https://news.google.com/rss/articles/CBMijwFBVV95cUxNQmdMREU1NE5jUzFJSnQ3WG5janhKZjdWQk1ENjhRaWU1VTNROUtDcjQ0TmNZVHZqYVdpekVDY2M2QjhES25mQXgwNkRweE5GLVBLeWtmamY1N1hMZnJOdGF1ZzBFR2Y0RFpRWG9ZTmdrWjRsOVd4bElBa25LMkRoU2xfRThUYXZoUEtVcVhoZw?oc=5
2026-03-30	Yahoo	0.0	Prediction: Elon Musk Will Merge Tesla With SpaceX Within 5 Years	The move seems inevitable given Musk's long-term ambitions.	https://www.fool.com/investing/2026/03/30/prediction-elon-musk-will-merge-tesla-with-spacex/?.tsrc=rss
2026-03-30	Yahoo	0.0	Should Tesla be Worried About BYD?	Tesla stock is rising despite challenges within its core market.	https://www.fool.com/investing/2026/03/30/should-tesla-be-worried-about-byd/?.tsrc=rss
2026-03-30	Google	0.0	Tesla (TSLA) closes above ___ on March 31? Trading Odds & Predictions - Polymarket		https://news.google.com/rss/articles/CBMib0FVX3lxTE9BNXhfYjBBX2RUYUtQak4xdVBxaDFsd0xiU1liZW9MLVFGcnVpYkstN0tBWWNtaEJ1aENVM1dKUFdWd0M3a2FhSURMemQ3UXBqb29GWlFGcDBfSFdOSWNVQXZTX2d5Vk1wTHVMdml1UQ?oc=5
2026-03-30	Google	0.0	Tesla, Inc. $TSLA Stock Position Cut by ORG Partners LLC - marketbeat.com		https://news.google.com/rss/articles/CBMitAFBVV95cUxNUHhaZmIyUTkyTlRMZ2ZNUHRPdFE0UElxOXFmTkVnLTR6RUlJVGZnNUgyUmhEZm5mN0d4S3Y4YzZleUNQXzYzak9oak41dldtNU0wbmxTZHh3QUd2WkZobXBZT2lQU0UtS2ZsQ3hHSHpsMHRHMjZXU0M2MmJyME5rMXdlWkdzZkpYc3MwRkZCY2kxbThiSW1GLVZzcXFtTzBPSGJ4NV9paEx4UllpbGdJX1R3NW0?oc=5
2026-03-30	Google	0.0	Tesla: The Implosion Isn't Done Yet (NASDAQ:TSLA) - Seeking Alpha		https://news.google.com/rss/articles/CBMif0FVX3lxTFAtRVR4aEIyX2FLeVVtWlRQNXpUV3hnSmlPWG9sZTBmZ3l2Snd3TWZwMy1sT2dONGhXa1FFUTlsVUJMV0hxYlEzQkVBTkJyN01iMnVUMjNNSDM4NERLVklwd2paR2d1NVBjLUFVckV3a21McDNVMmVzQ0NCSWU0RHM?oc=5
2026-03-30	Google	0.0	Today's TSLA Analyst Rating: GLJ Research Reiterates 'Sell' | TS - GuruFocus		https://news.google.com/rss/articles/CBMirwFBVV95cUxPVEZ6RWJBSTM4b183ek81dXJ2TU51U2F0Qmd0X0x6eHExNnltZ1VDazQ3R0xaUEZULXZHOE4yN040Y1FaTGpGMk1LbTVBX2V1U1dROWlUeGdVTW9VREg3NGVnTDR3VTBkdURTT0U4aV9BZmZBSmMzOUtSZ1ZMSWJzR21ONHFrcHh3aFVTblhQNHRDRHFBeHl6cFF6NWJacThmM2dsWDE1NFhxRTAtelow?oc=5
2026-03-30	Google	0.0	Westwood Wealth Management Sells 10,728 Shares of Tesla, Inc. $TSLA - marketbeat.com		https://news.google.com/rss/articles/CBMiwgFBVV95cUxOamtoeVI0dl9zTTdOTHVqdFdmS09rdHFTXzkwUHQ0aWpSU19CSnBmRXN2dURuNUxZSWJIY0lGRng3V2FHcGxKX3dfQVZIWnNVcE5VVnVnMmZwUVVDNnBLMUdNZWlyQ1E1QktxYzFMM2JRMVdCYVB6cXRleUFJd2REd1dVeWQtRnhpdFY0RWdINWJKU0JYckdYSHMyT0U2cDJUdWx1MW5ZdEhLZnFPSVdFdS01OUpkRTdabmVGdUFZdVhUZw?oc=5
2026-03-30	Google	0.0	Will Musk’s $1.6 Trillion Disruption Be His Biggest Yet? - Trefis		https://news.google.com/rss/articles/CBMitAFBVV95cUxQVFhEMm9rMm9WX25UUUc2ajdNWDBHdHZITGU5ZlJsLS0yTFFjdzVQU01WTE14SGxuWEF2WXZkM3B1NmZFT1lwdkpNbnRBcEZSeXp6R040eHNEMklQU3pwSjhSb1NPTWJ6R3RFaGxUcS1JdjVOLVN2Q29MQmI1amZORTR5bWVRQWtOcHRXVERPU25tZGZla0t3Q0VkbnVjelZwMGJjLW5YRGJNRTI5VDFWSGFwcm8?oc=5
2026-03-30	Google	0.0	“Something Cooler” than a Minivan Coming: Tesla Stock (NASDAQ:TSLA) Slides - TipRanks		https://news.google.com/rss/articles/CBMinwFBVV95cUxQTVo4dnp4S21DUl9kYWhkeW8zTzI4eWNVZGF2c19TelpDd3NUR1NBM1p4UVVjaGRhRzBBTVlVTnMtZ2REX0kwSGFVMml6QTlRUk81OFh4QkxlM1AwVTZVV0k2OElmamV0dWI0TnJnVmxZb2RjSjlJV01hZDEzZ0RhdC1FamZmTDRsSjdmY3lJSXZLVFZGUzllQm1vcFNsdTg?oc=5
2026-03-30	Yahoo	-0.003	Assessing Tesla (TSLA) Valuation As Shares Weaken And AI Narratives Diverge	Tesla’s recent performance in context Tesla (TSLA) has been under pressure recently, with the share price showing a 2.8% decline over the past day and weaker returns over the past week, month, and past 3 months. For investors tracking the stock, the current share price of US$361.83 sits against a backdrop of positive annual revenue and net income growth, and a business split across Automotive and Energy Generation and Storage segments. See our latest analysis for Tesla. While the 1 day, 7...	https://finance.yahoo.com/markets/stocks/articles/assessing-tesla-tsla-valuation-shares-150759461.html?.tsrc=rss
2026-03-30	Yahoo	-0.025	BYD Signals 15% Export Beat, Targets 1.5 Million Vehicles by 2026	Exports expected to rise above prior targets as overseas demand offsets domestic slowdown and profit pressure.	https://finance.yahoo.com/markets/stocks/articles/byd-signals-15-export-beat-151700143.html?.tsrc=rss
2026-03-30	Yahoo	-0.067	Dow Jones Futures: Nasdaq Falls After Trump, Powell Comments; Micron, Nvidia, Palantir, Tesla Are Key Losers	Dow Jones Futures: Stocks ended mixed Monday amid comments from President Trump and Fed Chair Powell. Oil prices rallied while Micron dived.	https://finance.yahoo.com/m/6de17248-7ef6-3b9b-98ec-30f0500efae6/dow-jones-futures%3A-nasdaq.html?.tsrc=rss
2026-03-30	Google	-0.083	Gary Black Says TSLA Has Underperformed Nasdaq For 5 Years Because It Has Never Lived Up To Unsupervised FSD Hype: 'TSLA Still Has Only 9 Robotaxis' - Benzinga		https://news.google.com/rss/articles/CBMipAJBVV95cUxQbDNCdFlNU2NnZmlsSExGa3Zaa1RaUnBsM2JKVGo1ZHRHNi1rX1BBaGhVaDBINDFUdkR3R2pNeU14MXBxeWZLbnFTeEVpY0JvQTRFamRDR2F3VkNnM29OenU4eFk2LU4tZm9EWTBjajJCZVpwNVdoTC1NMUxJLVZTSEdyQzBVNmRzTktuMkRmVDlsX2RvS2ctVkc2OWRMNWZ1QVhoUU5qUXdLS2ItUkR4b0JjZ3ZVRm9zdnd0RzBUcnc1bmNWX21QakVDbUhtbkhhaGlIZTRBVWl0RFBnWEFCbU13bVpubnd1N1kwcFZJeHRrci1LQTgyUU5yUjNCTG03T2p2eU1qeE5yWHo2QVM4d3p2N3k0N3owN2JkQnc2LVgtUVhq?oc=5
2026-03-30	Yahoo	-0.088	1 Unpopular Stock That Deserves a Second Chance and 2 We Question	When Wall Street turns bearish on a stock, it’s worth paying attention. These calls stand out because analysts rarely issue grim ratings on companies for fear their firms will lose out in other business lines such as M&amp;A advisory.	https://finance.yahoo.com/markets/stocks/articles/1-unpopular-stock-deserves-second-140618177.html?.tsrc=rss
2026-03-30	Google	-0.1	HSBC flags alarming risk for Tesla stock investors - thestreet.com		https://news.google.com/rss/articles/CBMimAFBVV95cUxQY2gtSEFsdUlfM2ZiRGNHeWlCR25SaGdPaXdOQVNNVlVqYnIxLUstOEF3SVR1aDVUYTFKUnJhYkFhMnZXcnN1SUQ1OU5jSTdtTjgyRVFITjF2NjZhbHpVX3BsdzZJSXgwemhfbUtySW9tYi1WV29rTUE2bGhmeXdLQXlZVndLdkVjcXhYZ1o2UlJva0ZlbXNDZw?oc=5
2026-03-30	Google	-0.1	Tesla: The Market Will Eventually Ignore The Carefully Crafted Disruption Narrative (TSLA) - Seeking Alpha		https://news.google.com/rss/articles/CBMiwAFBVV95cUxNN1dMV0ppRGRGd2V3N1dDNjhlbkhTcmFSb1U0TFJzRHY0b1Uya3o2T0t3Z0QwSXFheXdXbU8tSmZuSkkxekZtZ1p6TzBRRmRId1p3X19yZ1U4NjhzTUlRMFZzUXJyRzlXWGxNaVo0eVV1OTlKTkd5N1pLZ2U4eTB3cmZJOXBVWlp2cDc2XzNtMkhBenNkaHg2ajhHcURSWmhmYS1YLTBmZU1tN3JxNmEtRUUtcWFTcjEwRHoxczM2WHE?oc=5
2026-03-30	Google	-0.133	Tesla (TSLA) 2026 Deep Dive Report: Behind the 5x Pricing Divergence, a Sunset Automaker or AI Giant? - tradingkey.com		https://news.google.com/rss/articles/CBMivgFBVV95cUxPcXJSX0hhZDFobDFjeTd3aGxNbVlwRkFja205X1pXS3NXRTJuUnlHTjFnSUpUaWtZbnRTMTRubVJmb2h0bnNmcHZZaFJZdnBIUlRQYWVIR2xzdGpRT3c2cXloQldBYkVQRmhhTTNPdUxhaWlQMGpZbWVFNjRsTUZzQV9TR0duOVU2ZmZwRXNwRzBSbVlaWldlZlZxbnZ6S0pZV1Z3bUt2a0JNdXBkS1pmaDZ0Wm1ZclZGejNIYUVB?oc=5
2026-03-30	Yahoo	-0.137	Tesla Stock Rises. It’s Trying to End a 6-Week Losing Streak.	Tesla  stock started the week down as it looks to end a brutal losing streak.  Tesla stock dropped 2.8% on Friday, falling with most stocks, which left it down 1.7% for the week, the sixth consecutive weekly drop.  The week of Tesla’s better-than-expected fourth-quarter earnings report was the start of the downward streak.	https://finance.yahoo.com/m/8bc9b166-38f6-3efb-b3fa-8cf44c90fd06/tesla-stock-rises.-it%E2%80%99s.html?.tsrc=rss
2026-03-30	Google	-0.156	Tesla (NASDAQ:TSLA) Stock Price Down 1.8% - Should You Sell? - marketbeat.com		https://news.google.com/rss/articles/CBMiqgFBVV95cUxPTFJiSThmMWRoZng4MElEM1VlUjEtdExzN1FUNy1QVWF6b1VWWWJTSGdWS1IxR0dwRmJEVG10V0o1YVdGSWhDX3E4SlBwOWtxd2ZWUmlBVWoyTkY0S0t6WE93eUJ4anl5UEprOXN0c1d1RS05SS13MF9DcTlrMkh4SmxJaldsMkdSMVBISmE4NGFHLW1CY2lqZkdhdHlhbjV5ODdTSE1YbkJQdw?oc=5
2026-03-30	Google	-0.156	Tesla (TSLA) Stock Is Down 20% — April Could Change the Story - coincentral.com		https://news.google.com/rss/articles/CBMiiAFBVV95cUxQX1FPNTNHaEEzOUxXYi1VcnpEXzgtLVQ3NkQ3OHFvWmVCX3Z6cl9YbzhjSkUtVFl4cjBlYW15cmR4WmFfd014QVg2Z1Z3Rlp2T3d0VWp5TzRHeTNoSDh0RWs2V0VORldPUnN5blhPVmtUMHNUUkxFVHJyT0JrVjJ5T2FteEpvYVVl?oc=5
2026-03-30	Google	-0.156	Tesla stock price forecast: $389.91 resistance level in focus as TSLA trades down - Traders Union		https://news.google.com/rss/articles/CBMinAFBVV95cUxPekVoVkFBNFY3Zjh5Z0Q5NTFSblR0UFJmeldWNzFTT0dWTFNjRWp5MUFqUXgtenBoODVrZE9ETEQyNTNwUWxoaU1SUVUxYWZHbmxMZ1hubTktLUE5cmYwRWkxR2QzcHMyM1htMVhnZkJlRlVBZFFGQ2RzZFJQejJoYnJRYlVlMXVQVnRON3MtZWN0Y0NQLWxuNWxOSTY?oc=5
2026-03-30	Google	-0.389	TSLA Stock Heads For Worst Quarter In A Year: Gary Black Says Musk’s EV Giant Has ‘Never Lived Up To Hype' Ahead Of Q1 Delivery Report - Stocktwits		https://news.google.com/rss/articles/CBMi3wFBVV95cUxOTDRhUmExLW91TU9LdURwZ0kyVVFKdDJVTzdDSll5UWlhMjJVaUwxVy1EUUtya1JpVFl3VTNNbW1WUjdpdDVPdk9NaUpBUWVLNGZjc1ByWnF3Q3NIUmxrTDBpY0FNRWVWbm1MWkpIWWR0bVVxYUVZWUZ2SU9ZVzJaSXRBMWUxdGt4VlF6a3luOTlrQ0dsN2daeHJjZEZTUWJ3QllydkMxY2VDdXhRMzFRTTVTZUNlNmtyNE9DdnZaN1dEQ2w0UUJPN3FoaWFFWXRmbV9OMzQ3RGx0OEtET180?oc=5
2026-03-30	Google	-0.5	“Never Lived Up to the Hype” Analyst Blasts Tesla for Failed Self-Driving Promises - TipRanks		https://news.google.com/rss/articles/CBMirwFBVV95cUxOYWE1RGpheW9qeXhKTzVKbnBlT3d6Wk5DMWxORWxGVnBNTnFfcl9WVFNpT1ZiOG9Ra1dpSThTVlBNajZnQ3hwWV9CYWp6ekJYM2FHUHh4UlU1UkF2cUR6dkpuay00SkdlalQtckVENkp6NU0wLUhTNUlFZy0zZUxvWU1oM0hsenFjNkQ0TEFPenZHcEZkQ3FLTHBmQXhJOVBwU3M4MFQwaG5xcWhCRTBF?oc=5
2026-03-29	Google	0.5	Six Figure Bonuses, Ads in Maps, iPhone Parts From Bosch And More: This Week In Appleverse - Benzinga		https://news.google.com/rss/articles/CBMi1wFBVV95cUxOazhHQXFucFBtckhpRzBoZURYS0ZLUTJwVE1KNHhPRGhRcHh2YXpfckpIbGFmTkIxVDRfWWJjTXVHeUN1R2xtQmd3X0hQcE1Xck5iR2RmZXJOeUtBUTFxQkVnSjg2SDljQ193bktlMVBTdGUwVE1ONG9RYmttVjhIQXJTd0ItR2htQnpLUktDZzVJa3hUWjJjYmVxdEhLYmJaVFJtY1dSODVobTR4X0NfdTUwTVVubzJxTWxENWpTVWMxOG03emlmQkV4MFBXRkcwZzdwVVFYSQ?oc=5
2026-03-29	Google	0.35	Tesla Autonomy Probe Tests Valuation And Full Self Driving Promise - simplywall.st		https://news.google.com/rss/articles/CBMixgFBVV95cUxPUnNtMll5RTJyNnpUT3psUlc1MTliRF95Z0lkdXNKSnJ4UWY5WE5NdS13bUoycDRJRVlZRFdWdDR6eWlVZG9FaVZoN0ZLVGZybG9KM0k5dnB6emlNVDI0TUVsb0ZSQV9xWlpTR1BSanc1RHN6RW1QV3VxcXRmQ0VMRUFwaE1DNFJnMnl6XzNyenRISDh6UHNRU3IyT2FqLWItblFiUjFPSTBmejJlc3B3bTFmd1dCemthanc1Q1ZxbWtRRXRLSHfSAcsBQVVfeXFMUElNS2J2bTN6OFA2MlN3QzdBZUY5S2dJcm00cXVGSTlEZFBpd1lUVmowTWNZek1OcFhhYkF3elFxYkJZQ0xjbWp3OWM1djBadXJzMjdYakk2SDJMR0Njb2ZPTEVYdEVxbWlZc2hQbkdLMW8yamhjdDhYQWFVb2lodjBSeW5xTk1qLXBlaEtXWWQ5UmhIbnU0V1ZhNTFmOGJIbHN2TFI0eUFBYnMyRkNFTVVpLTFDSkNIeHQxVy1yNmRRMnVKU3Rxemt0eVk?oc=5
2026-03-29	Yahoo	0.056	Iran, Oil Prices and Other Key Things to Watch this Week	Markets enter a huge week as the final days of March bring an explosive convergence of catalysts including Friday's jobs report, Q1 vehicle production and delivery numbers from Tesla (TSLA), Rivian (RIVN), and major Chinese EV makers, and escalating Iran war concerns as President Trump's 10-day warning window approaches.	https://www.barchart.com/story/news/1030699/iran-oil-prices-and-other-key-things-to-watch-this-week?.tsrc=rss
2026-03-29	Yahoo	0.05	Elon Musk's Tesla Sees Q1 Slowdown—365K Deliveries Expected	Tesla Inc. has shared company-complied delivery estimates for the first quarter of 2026, citing data from various industry analysts and research firms. Tesla Touts 365K Deliveries In a press release published on Thursday, the automaker shared that analysts expect 365,645 deliveries this quarter, with 351,179 units comprising the Model 3 and Model Y. Tesla also shared that analysts estimate the company to deliver over 1,689,691 units this year and over 3,032,000 units in 2030. The 365,645-unit fi	https://finance.yahoo.com/markets/stocks/articles/elon-musks-tesla-sees-q1-104623625.html?.tsrc=rss
2026-03-29	Google	0.025	Elon Musk's xAI Loses Last Original Co-Founder Ahead Of SpaceX IPO: Report - Tesla (NASDAQ:TSLA) - Benzinga		https://news.google.com/rss/articles/CBMiwwFBVV95cUxPVk52Ml9vbHVwMDA2R0huaWJ1TkU3S29UYXJYX1Jvc3NHenQxSWNNbzctTU9mUEZFMldwNkFNenZXLUY3d21aNE95bzRKRWdRcl9QbHl1SWpCblJaLTVkMzlOaXc0eE1rYktWRUNMVVJCb2hqcWJXMlZfSWhtZmFBQ1prWWNERjkzblMydGlxVnd2LTQ0d1ZKX24yVXJOUE5TUVZnOVBzb25Pb0NFN3QtQ0ZlZEQtc1Q4eVJHaW80bHUxY2c?oc=5
2026-03-29	Google	0.0	$Tesla (TSLA.US)$ powell speaks at 10.30am we might get a pump! - Moomoo		https://news.google.com/rss/articles/CBMiowFBVV95cUxNV1FRMmpBSGliWk9VNmFFQkkzLUxXa1hEMXVqd1I4WEQ0TXFQblhIeTdKb292eVZ3VUtoc2dqaWxaSkt2Z2g4QjdGT2J1YTZPOGt6amlCeWhwQ2xFQWZzOW1oUkxkM0hlUGM3V3BubTlLVDZYTjJwQ3pyc2ZqRFFVUndjcDlOUGlNdjlEQjlOanpOQU5NNW52akY1ZnF2Zmd5MmJr?oc=5
2026-03-29	Yahoo	0.0	Amazon Acquires Fauna Robotics. Is This a Viable Threat to Tesla's Optimus Project?	Amazon's humanoid bet isn't about competing with Tesla's factory robots. Its about quietly building the operating system for the home.	https://www.fool.com/investing/2026/03/29/amazon-fauna-robotics-threat-tesla-optimus/?.tsrc=rss
2026-03-29	Google	0.0	Generali Investments CEE investicni spolecnost a.s. Has $8.31 Million Position in Tesla, Inc. $TSLA - MarketBeat		https://news.google.com/rss/articles/CBMi6AFBVV95cUxOVEZzclV3clJGZG56SV9QZGw1YUZMLTU0ZVpGeDU0LVpnRWFQLUdOekJqY0tiNVRGWnVGYl8zNnlwZjF5RmlVeGN3V2JtSVllS1dLMGVtRFk4VzhiYmRZUG8yb3U0a0NNTXNzNUhnZ1VfYnhXb0ljSkZjbktSUXVRaXF4dE9Fd2V2dTJ3Z1N3SUhpQV9NZGlndmxtajJRQ0hVd1BQcHBsQU5DNzhNRERhMXJUNnNRYmFrTlY2ZGFkYTd2US1sZmk5ek81ZkhXNS00U25QZ2l3WWRHZmNuNUFhRmVaaEpBY1BY?oc=5
2026-03-29	Google	0.0	NVDA, META, TSLA, AMD: Why Cathie Wood Is Trimming These Big Tech Stocks - TipRanks		https://news.google.com/rss/articles/CBMinwFBVV95cUxPc1FldmZEOUNQR0ExYnJ0TGNkNDdoWm1fNDdLbkV5RjFLQUh5OWZlYVBSSnE3dFFQUzFubU1zV3RWWldYX0xfb3o3d3JTRmdyejR6WFpBOGhhRGhqaVhFa1ExNmYxMmxlTGt5TnFRVWxPSy1tTnl2VVN1VU9zTFoxbG1iYTdQcE03ZlNielRUQW5rUWVBQldtWVo2SnFBeVU?oc=5
2026-03-29	Google	0.0	Tesla Beware: BYD Just Played The James Bond Card In Europe - finance.yahoo.com		https://news.google.com/rss/articles/CBMingFBVV95cUxNLThJQS1YOHAwWWx3azdHcnJOYk15VVdOb1JJTmlQOVFBQVpLSUFYNTA2anB4a0dCSUVIVU5kczR2Y1NYWmNoQ2g1Yl9NSmgxZjFpZDNPc1p4bHpLRVJrSmpMckp6MURmclM3ai0yMGcyc010Q0x1SFROeGNEY2tVSzN5dkplS3VMSnBIcHd5Rng5MUduQS1iSl9IQ3Jvdw?oc=5
2026-03-29	Yahoo	-0.072	Tesla Beware: BYD Just Played The James Bond Card In Europe	BYD recently reported a 185% year-over-year sales increase for the European market for the month of February. The company isn't ready to slow down with its push in Europe and its bringing along a well-known actor to help boost its effort. BYD Turns to James Bond For New Vehicle Launch With a goal of expanding its sales outside of its home base of China, Europe has become a major focus for BYD. The company announced Thursday that it is launching a new advertising campaign for its DENZA technology	https://finance.yahoo.com/sectors/technology/articles/tesla-beware-byd-just-played-120123267.html?.tsrc=rss
2026-03-29	Google	-0.156	Tesla Stock Is Down 17% in 2026. Here’s What’s Driving TSLA Before Q1 Earnings - TIKR.com		https://news.google.com/rss/articles/CBMiogFBVV95cUxQcXlGYjBWQ2pUb1FMaWJRZjJiN3ZfVHhVazlCeUV3RWhYdW1GRlUzTWtZcnVac2tMSjBBWERPWG9YRC0tZWgwNHZwNGRGRXBzTDBaT3dzY2h0bDlFdzhrSHhyLWFsejdWbEg2YjM3WTdSWkxYMV9hSWY5bWhPUnBiS0xZc1o4bVdvQk9IeUhTV0d5UXRpUU9reTRfZXhhM2xUZ0E?oc=5
2026-03-28	Yahoo	0.1	Meta executives could earn nearly $1 billion each if they hit goals in pursuit of a $9 trillion valuation	Moonshot compensation was once reserved for CEOs. Not anymore.	https://finance.yahoo.com/markets/stocks/articles/meta-executives-could-earn-nearly-153833556.html?.tsrc=rss
2026-03-28	Google	0.0	Tesla (TSLA) Shares Up After Jim Cramer Said It Had Options - Yahoo Finance		https://news.google.com/rss/articles/CBMimAFBVV95cUxORzR4X1JZSmpHRk1WSHRnTTBOZDNSQnRiazhEQVVFYWFDZXJZX0FiUHZjRF9PcUNBVi1GY2Y4TXpXR0dHVU5ocUhVS2p6a1ZYUWxkWktQdWNIVm1GWmNFa0kxSWdtMGtqaFByVlpPdFRqRkR0Zk5uWXgwYmNCZXZoWWRLbjdhc1ZpT3JTQ1NnbV92YWxpeDRlcw?oc=5
2026-03-28	Google	0.0	Tesla SpaceX Merger Talk Grows As Terafab Reshapes AI Ambitions - simplywall.st		https://news.google.com/rss/articles/CBMixgFBVV95cUxPVkdqY19WUk85cV9vS1NnVVFfbktOeEZjeGtDZjByZ0VOMzZiaGdwd0ZzTXdfLWE2NTNTNW5ZeTI4SEtJd3ZPOUNjazlnR1piX2JSOVRxT1BqTHkyNXpQSTR1eU5LU3BYZ3JHUFlBV0RIRFpqNDBab29LbEVNaUY4dldtOHFwU0pBZ2p6elpjN1RmVENMTGFGZU1vb0hHVG5qRmQzajYtZGF5YnlyZ090MUQwcEhVZWIyY25DQmg0OEpVWGlHa3fSAcsBQVVfeXFMTkVlaHZkNmRWeDJ4NHZ1UFZhSkFyN3VwQzVjOXNEYV9FVVZBcEd0NWxOLTUtVmkzdXRlbTFOSk05b2I5SV91SmFVTW52Z1hjdXV6VnNId040NTJJdVRkSVV6RUJnVzVrelJ3VGNkTWt1b2lBSGp2czVVRkdtamRYaWNQTm5fTzVNQTZmN2t5V1FGOTU1cnRBaTBSUllQaENWWWhmTXZrQVpDU0liTkhjMFRMUVBIZzZJc2Zxa3IxZ2V3NGVCb0lDNl9tMU0?oc=5
2026-03-28	Yahoo	0.0	There Are 10 Trillion-Dollar Stocks On the Market. This Is the Only One That's Up This Year	Tech stocks are tumbling, but one chip stock is still delivering gains.	https://www.fool.com/investing/2026/03/28/there-are-10-trillion-dollar-companies-this-is-the/?.tsrc=rss
2026-03-28	Yahoo	-0.01	Braclays Points Out CapEx Concerns for Tesla (TSLA) Stock	Tesla, Inc. (NASDAQ:TSLA) is one of the 10 High Growth Mega Cap Stocks to Buy and Hold for Next 10 Years. On March 23, Barclays analyst Dan Levy reiterated a Hold rating on Tesla, Inc. (NASDAQ:TSLA) along with the price target of $360. The firm’s price target implies a 6% downside from the current levels. […]	https://finance.yahoo.com/markets/stocks/articles/braclays-points-capex-concerns-tesla-151845903.html?.tsrc=rss
2026-03-28	Yahoo	-0.01	MarketBeat Week in Review – 03/23 - 03/27	Stocks were down sharply this week as geopolitical risk elevates concerns about higher inflation and interest rates despite a temporary pause in hostilities	https://www.marketbeat.com/originals/marketbeat-week-in-review-03-23-03-27/?utm_source=yahoofinance&utm_medium=yahoofinance&.tsrc=rss
2026-03-28	Yahoo	-0.017	Musk’s Terafab plans seen having limited impact on TSMC	Investing.com – Elon Musk’s proposed “Terafab” semiconductor project is unlikely to significantly disrupt Taiwan Semiconductor Manufacturing Co. (TSMC), with execution risks, high costs and long timelines limiting its competitive impact, according to BofA Securities.	https://finance.yahoo.com/sectors/technology/articles/musk-terafab-plans-seen-having-151754710.html?.tsrc=rss
2026-03-28	Google	-0.05	Braclays Points Out CapEx Concerns for Tesla (TSLA) Stock - Insider Monkey		https://news.google.com/rss/articles/CBMioAFBVV95cUxNR3hFV212MG8wc21NZ3NsUVA3MWxJeUtTTVNvaFFRUWNJaUd5bTdnWmNsMXBvV3pIWHlhb0FoMmRfRHFJTXRzU1lPRHpiekk4VDhNVDBhal9QN2JEWVJlUnNKLXdBeWRHXzhHdHJYb3VwVU93TG5rdTVxQTRVemhqbzA2RkpsTnZRMXo5Mkl5NE9UOHFHWTdvVG84SElGb3Fq0gGoAUFVX3lxTE9LMjBmNVlsREdoMnd1X2hqX2d3S0FycXVsa3UwVF9jYU1LNTAxV29fUHprS1FtaFV4SnBJak9abVRHUE1Qc3pKNzkwWC0zTHlMc05DTmJlcVRyTW4xYnJwYXNod1JZY0FOLUNWRnlxNC1Mc0RaWDBxUXFabUlmRXQ4cGE0MFAzblp6Y3ZYdVBlTE5TQnVKdTRadThDOW95ZkNwSmNDWDZ2Yg?oc=5
2026-03-28	Yahoo	-0.064	Elon Musk 'Starved The Balance Sheet' At Tesla Post-IPO To Keep Employees Sharp, Says Former TSLA President McNeill	Former Tesla Inc. president Jon McNeill revealed that after its 2010 IPO, Elon Musk intentionally “starved the balance sheet,” often keeping only enough cash on hand to last a single quarter to avoid complacency. Tesla Operated on Minimal Cash Speaking on TBPN with John Coogan and Jordi Hays, McNeill explained that Tesla sometimes had less than three weeks of net cash once payables were included. Musk believed that operating so close to financial risk forced the team to stay focused and discipli	https://finance.yahoo.com/markets/stocks/articles/elon-musk-starved-balance-sheet-153236385.html?.tsrc=rss
2026-03-28	Yahoo	-0.08	Tesla (TSLA) Shares Up After Jim Cramer Said It Had Options	Tesla, Inc. (NASDAQ:TSLA) is one of the Jim Cramer’s Hottest Robotics and Physical AI Stock Picks. Jim Cramer, like Tesla, Inc. (NASDAQ:TSLA) CEO Elon Musk, also holds the opinion that robots, not cars, are key to the firm’s future and hypothesis. Throughout 2025, the CNBC TV host has asserted that the firm should be viewed […]	https://finance.yahoo.com/markets/stocks/articles/tesla-tsla-shares-jim-cramer-134928306.html?.tsrc=rss
2026-03-28	Google	-0.156	Tesla stock’s down 19% this year. Time to buy? - Yahoo Finance UK		https://news.google.com/rss/articles/CBMifkFVX3lxTE82RWtBTnhFWlQ4WkI0WFk4Q2lvYnBEd3ZfYk9yVkxGdUhNMnp0aWhJdWdMZGk5c0N6S3Y5aUFFMFVKaGFkTDFqam5tRXU3bktEalFHVWNRN1FWNmRuNFdOVWJmS1hNVmUtcUZuYVh4WUJIVW9nMHJMUklxalNBdw?oc=5
2026-03-27	Yahoo	1.0	Cathie Wood Dumps $2.1 Million in This 'Magnificent Seven' Stock	ARK Invest Cuts Meta Holdings, Boosts Tempus AI in Strategic Move	https://finance.yahoo.com/markets/stocks/articles/cathie-wood-dumps-2-1-164452396.html?.tsrc=rss
2026-03-27	Google	0.6	HSBC Thinks Tesla Stock Could Fall 65%. Here's Why. - The Motley Fool		https://news.google.com/rss/articles/CBMilAFBVV95cUxOT0s4NUh0NkRjdnpRbm9fNjFQMkVqSE1ybWxFeXRIdExkaFdwd0VQREdOSUJMaERVQWd1S2dpQy1xM0k4OFpaanBrOEItc1FsSmJvS1F2dXIzU0Rfb0kza1F5NHU2Q01xbExHcF90bWZWRGx4REhVNU84eWJoR3hndkx5aW9LbW81Mmx0SE9nWEk4VGlJ?oc=5
2026-03-27	Yahoo	0.562	'Magnificent 7' stocks wipe more than $850 billion in value as stock market sell-off hits AI winners hard	"""Magnificent Seven"" stocks got hit this week as inflation fears rose and headwinds surfaced for the sector."	https://finance.yahoo.com/news/magnificent-7-stocks-wipe-more-than-850-billion-in-value-as-stock-market-sell-off-hits-ai-winners-hard-213921360.html?.tsrc=rss
2026-03-27	Google	0.5	Tesla vs BYD: The Better EV Stock for 2026 - 24/7 Wall St.		https://news.google.com/rss/articles/CBMijgFBVV95cUxPVFNTVkMxTF9OX211YU5RaDlQaURTajZFdWNaeFluWFZpQTU5LWhLVmNZek04YzFSR1laM1FUa3lZWnN3dGFTd1lvN2EyZkZNY3preHRzRTJHMk5ZbjlVcmVYTHJHWVVTRHF5THE4ZTB3TDJxYVNCRVdhNTFTY0ZiNlhvMGg0S2xmdkE2S293?oc=5
2026-03-27	Google	0.45	Tesla’s upcoming delivery report is a lot more important than it may seem - MarketWatch		https://news.google.com/rss/articles/CBMiuwNBVV95cUxPYnU4XzQxWDUxSmE5STJVbS1Ya3gzNkxsd21ncDk4Z0dsWWdVTU5fNUZRWjREMDZFb1hDWnczdlROX2dJVFVPWEgwNl9kYl9ybUVORnpfV2lYVjRZTlAxUFc2SDdCWXpCVXoxOUJnazB3SWtYUkRheG1XYUd3amx1QkNUTExTWlR5dVFkaXdUeUxWcFNsX0pBY0Y2Q1RPU2ZfQ2s2RDkzY2RIZzQwT09MN1RSQ3owZ0VoNEttWE9aMkhydlVVdGhlSjRrUlI4alo4REhWNnpxd3EwUmRHbkFJZGZZS3V6WEhnMGVFVGkzSjJJRU9xbFlucVZMOHlRTHBmSExQNzhRSWhIYUJCSXYwQTVld2R0WnVFc2JmMG5sSHJISkdyVmNTVG5teEpEOWdQSEpHcV9mTkxqUXVVTVlqT3Z2YzNjeG12V194Mkd4WFFhRXVaRGctR3J6WWFScnRINVVvRlJyTjNUa2xfZFQ0WkNrLTQ1ajE2UVdpaDA5TWlaM21pQnBUdXd2aVBPZ1NnczVWdTNScmRJQmNrY3JjajB2c2p6Zlpwand1djk4aXEwNjRGOGZGaTNRdw?oc=5
2026-03-27	Google	0.433	The Tesla Robotaxi Story Is A Myth: Why I'm Maintaining My Strong Sell Into Q1 Earnings - Seeking Alpha		https://news.google.com/rss/articles/CBMivwFBVV95cUxOYXBQYy1XdmNTdHhSdmgtTk1BS052MHdDTFdDTW5lR1ByT1dOb2FOcWpHcVptVVE0bTVVaDdHdlFRZ1pCWUsyOFY2ZUN0aVhVR2FUbVRTemYwLTRxVHc1WFdNSjhrWW4tTFp2Ty1PSTdhTlBCY3NmX1FqWGVheFRkNXJVYUdCZzhOWTlQY3RjQlFnU1VKQ0NRU2kyeVRsNUllTUpkekVDQ1VXNFlvRDhGSF95Njc4c2VwdVNfQzdyYw?oc=5
2026-03-27	Yahoo	0.2	Elon Musk's Tesla Ride-Hailing Service Isn't A Robotaxi, California Regulator Says	Tesla Inc.‘s ride-hailing service in the state of California isn’t classified as an autonomous vehicle service or Robotaxi, according to a statement by an official from the California Public Utilities Commission (CPUC) on Wednesday. Tesla’s Ride-Hailing Not A Robotaxi, CPUC Says In an appearance on the Driverless Digest podcast on Monday, Pat Tsen, who serves as the Deputy Executive Director for Consumer Policy, Transportation, and Enforcement at the CPUC, confirmed that the EV giant holds the s	https://finance.yahoo.com/sectors/technology/articles/elon-musks-tesla-ride-hailing-153104824.html?.tsrc=rss
2026-03-27	Google	0.2	Tesla Canada Sales Fall 60% As BYD Expands Fast - BYD (OTC:BYDDF), BYD (OTC:BYDDY), Tesla (NASDAQ:TSLA) - Benzinga		https://news.google.com/rss/articles/CBMinAFBVV95cUxQQVZ0T2ptV3ZFUXBGaWhadzdlZm1IeXExcEFnS2VkempxMGtMcVF3NnU4Ulh0NFMxNlo5cEpZLTFsd0gyV0ZzNmxXLVhzNFNGUzczYUtrdjJpLTgyTmcwOTI1amhSR0NhYXk3LUNRM1ZxSlZhdlppZEtfUE9vcDV3TTZTajBIZl82bDFXcEl3aE5KcWxFUlh6M3JuUDU?oc=5
2026-03-27	Yahoo	0.2	These Stocks Are Today’s Movers: Tesla, Meta, Entergy, Coinbase, Clear Secure, Robinhood, and More	Meta stock declines following Thursday’s big selloff, which occurred on the heels of a landmark social-media trial.	https://finance.yahoo.com/m/ebbaeaa8-51c1-371e-833b-121d0d5ec0e9/these-stocks-are-today%E2%80%99s.html?.tsrc=rss
2026-03-27	Google	0.198	Nasdaq falls below 21,000 for the first time since August. TSLA shares down more than 3% - investingLive		https://news.google.com/rss/articles/CBMixwFBVV95cUxOTnl0MDJxdkdjdTlLUWQ0R1I5RnpqdHd1VmwyY0xPVl8yeXFtM2lkOUNiVjVseWY1dUhUdl9qMW5nWnlZcG5sa0VkYXR4WERzY2FQV0xXSnBhdzFhdzgtZUdQWE5xN3lERkRESTI1OHNoNlpWOTU0YVY0QVFSbGFuOXhSODZQV0p3cWw3UlVQLTNBZkh1cEhFcWtfekZrTEdVOEJFSHpYTmJWdkZZTjZmajYySF9Ub3p6ZUs0ekRlSnhjOER4SWsw0gHMAUFVX3lxTE1aSENwTWM3dUJjOWVFME45LXdhWG15UkgwYWZLeVhaV0lJdlVnU2xGYmxSMUpMWlhvMTkxbFNrU29aOWFNNF9yay1UdE0yNzQ2SFVNcllqcWxNWklQbDJ1NTh1YWlZRlJvM3c0VTRreWw2TTFHUE9MRHNMMFlGTW81ZGdXNXF1RzRVNGRKY01DWm5ZMEhHV05OQkdtRkt1Mncxd3lkZjJXOXYxT1pLbVgxclZYYUU0UWRPU1ZYQ3N6WjRWc3VJR3g2eVMtbg?oc=5
2026-03-27	Yahoo	0.181	First Humanoid Robot Appears At White House With Melania Trump — And No, It Wasn't Elon Musk's Optimus	A humanoid robot may have stolen the show at a White House event with First Lady Melania Trump Wednesday. The robot isn't the Optimus Bot from Tesla Inc and may be from a company you haven't heard of, despite some heavy backers. Figure 3.0 Goes To Washington Figure, an AI robotics company founded in 2022 by Brett Adcock, has attracted some top investors in the company as it works to bring the Figure autonomous humanoid robot to the masses. On Wednesday, Figure walked side-by-side with the first	https://finance.yahoo.com/sectors/technology/articles/first-humanoid-robot-appears-white-173111447.html?.tsrc=rss
2026-03-27	Google	0.15	Latest News In Electric Vehicles - Green Rain Boosts Dividends Amid Charging Network Expansion - simplywall.st		https://news.google.com/rss/articles/CBMixgFBVV95cUxQWnAtZ1JLWnY4bW4wZFZ6dHpMbDN4MWdCT0czbmhXNkd3MG9JSWxvTFlieU4wbENOS0c5aWpuWUMwMHlzODF6NVRUV1ZoMDJMLURjUDE4a2xoeTdFWkpid3dDSnR6eUdwcXJzWlhXZ0tORHNwUGJ4V2dKYlJpYzVWejV3R09fZlF2VU1USExZWEwtMmxlU2dnODMzRzJnTl95Uk9UaDY4X1dxeDg5TG9Ham1LVG1qQVQ5XzhCLWlOTjg2MXV3Z3fSAcsBQVVfeXFMTUVmVFNoaC13TFA3REZVZlFWN2hZU291amw1cF9qU0EyZm9FSWZpWThERW9VYnNxNWE2OUNpV1d1Zzd2WDl6MHFxVzFiT1QxRWxnNVFJQWlFMXJzSW5aTmJ5RUozd0VPcHk3d2FxRWZXekExYzVtRnNtVFpiN2xCS1lzU2ZpanE5WVpIeUZRbzBjcnU4ZC1sNjVSbW9UQ0dMT2dpcWphOFlwd0JoMWJxNmNBR2xZYmlYM1J1bUx2a24zTnNJUjBwSmVwRVU?oc=5
2026-03-27	Yahoo	0.145	Tesla Terafab Deal Fuels SpaceX Merger Talk And AI Chip Ambitions	Speculation around a potential Tesla and SpaceX merger has intensified after the companies announced a joint Terafab semiconductor factory in Austin, Texas. New information on how AI, robotics and space operations could be integrated across both companies is drawing fresh attention from analysts and investors. The Terafab project is being framed as a shared chip fabrication platform that could support Tesla's vehicle and AI ambitions alongside SpaceX's space focused projects. Tesla, traded...	https://finance.yahoo.com/markets/stocks/articles/tesla-terafab-deal-fuels-spacex-220727512.html?.tsrc=rss
2026-03-27	Yahoo	0.143	Why Tesla Investors Should Care About SpaceX's IPO	There are a couple of reasons why Tesla investors should care about SpaceX's public debut, which could be right around the corner.	https://www.investopedia.com/why-tesla-investors-should-care-about-spacex-ipo-tsla-11935810?.tsrc=rss
2026-03-27	Google	0.136	Is merging with SpaceX the new 'master plan' at Tesla? (TSLA:NASDAQ) - Seeking Alpha		https://news.google.com/rss/articles/CBMikwFBVV95cUxQM0pObE0yb3dpdHZxQVdFdlg1TUZfNzk5MjVpSDdJajA4ekktS2t2WlVBeXY4RWVIeFBqcXE0aXpTZ016dGVCSWR3UU5zaElEMU1GY3U1MGVaTEpMQld6N1hqSWxPb0tsdU81NWIxblgzQkVPMHI1UmVKQk03eG01dU9pT3NPNnBUemFRc0k0ZVBXODQ?oc=5
2026-03-27	Yahoo	0.125	China's BYD sees first profit drop since 2021, even as the Tesla-rival takes global EV crown	Chinese automaker BYD said Friday its annual sales rose to a record $116 billion, outpacing Tesla’s, but its profit fell for the first time since 2021 under pressure from cutthroat competition.  BYD, the largest electric vehicle maker, has been expanding into global markets including Latin America and Europe, where auto analysts say profit margins are typically higher than in China.  With competition inside China at punishingly high levels, analysts foresee a tough road ahead this year.	https://finance.yahoo.com/sectors/technology/articles/chinas-byd-sees-first-profit-154337692.html?.tsrc=rss
2026-03-27	Yahoo	0.05	Trump announces plan to pay TSA agents after White House rejects Elon Musk's $250M offer to cover their salaries	Nearly 500 TSA officers have quit, airport lines are hitting 6 hours and thousands of agents are working without pay 41 days into the shutdown.	https://finance.yahoo.com/economy/policy/articles/trump-announces-plan-pay-tsa-003500223.html?.tsrc=rss
2026-03-27	Yahoo	0.007	SpaceX IPO could lean heavily on retail investors	Yahoo Finance Technology Editor Dan Howley joins anchor Josh Lipton to discuss a report that SpaceX’s (SPAX.PVT) IPO could take an unconventional approach, with a large share allocation to retail investors.	https://finance.yahoo.com/video/spacex-ipo-could-lean-heavily-on-retail-investors-212923301.html?.tsrc=rss
2026-03-27	Google	0.0	Assessing Tesla's Performance Against Competitors In Automobiles Industry - Tesla (NASDAQ:TSLA) - Benzinga		https://news.google.com/rss/articles/CBMixAFBVV95cUxOV0NyN1Vmc3l0ejNMWm0tVk5fbW9EeWUyaXpzRnJUN1lWeUhDUTdUY3pNNXJyOFUyOExEdHF1aXFBeV9YazNRTHgxWEhEQWJ0TXN5aWVHblpGODJYSHJuWDVVWTZMOFdwaTdaMTB5VnJqT29WVkR1UmxyVjk3dGRtemw4VVZtZUhERDRsSlBDZjg4anNiQnl1SzVlVUFUbDlmNWNEdHBJaHlOY2hPc1VkNUNPVFMyNFZRQ3FGaVNUMFdyRm15?oc=5
2026-03-27	Google	0.0	BYD profit slumps 19% after record year edging Tesla off the EV throne - Yahoo Finance UK		https://news.google.com/rss/articles/CBMiggFBVV95cUxOeTk0QlRSLXJhXzJhYjFkRE90OUtUV0dYUnhHRVZWMzNwdjFYRy1jWmpxV21EMWkxcnE5V24zODBWcmJ3WGllOWhnaEVLMGZXV3U2VWRvNEJ3cV9nRVJLb2JWOUQzYm5uMFpTU05rWUtEQlk1eExiQ0dSSnVFT0MwSDl3?oc=5
2026-03-27	Google	0.0	RBC Capital Remains a Buy on Tesla (TSLA) - The Globe and Mail		https://news.google.com/rss/articles/CBMiwgFBVV95cUxNWGVnck1Ob1R0OGduRThNUjB2YTEtakxZZHRqcTlMRnVSZWlvcy1NQlZMazczaU91U0QwcXVsZmFLeldMcHppNEhXSndSbXk2SEw5V3MwTDZRcVZhcEZieWI5WEk2UmxfZWJDVEk0Y29CcjEyNlpNaVB1M0Y3d2NIa1VEN0RMT1YtUEVuckFTUDh0YnU1MGRubm1GOE5DM0Qyc19VQk5VazdyNUNORnY1MV9qV3YwS3ZoOEZmLW1HT0ZaUQ?oc=5
2026-03-27	Google	0.0	Silverleafe Capital Partners LLC Acquires 1,560 Shares of Tesla, Inc. $TSLA - MarketBeat		https://news.google.com/rss/articles/CBMizAFBVV95cUxQVTBzUWlncDRNWk5LNGxlM0hGRjZ4MUZDTnpNMnAyYW56LVYxX0hUTmxxTzNQV3RIT1BuTjB4cGk3aHhzR0cxbWxublcxYXVYRUo1TTZuTTRHOEdRYUNpdzdxWWZoTlhYX1dSMjhOM1ZYWWpqbUZfRDJ5ZEI1aFNUR0QzWGptWlZLX1RiT3JWUWd3a2lFV1N4TmxTVlJZOVlmSXpaMlk4R0JVcWtqc2diVlRIU1RHQ19lOHBxV3pKT0NFbnRaV3loZWV5Y0E?oc=5
2026-03-27	Google	0.0	"Tesla (NASDAQ:TSLA) Given ""Outperform"" Rating at Wedbush - MarketBeat"		https://news.google.com/rss/articles/CBMiqAFBVV95cUxOZExNWU9LbDR6b1lqckVBUzIwZk80SzliOHB6TWFXWXgtNFUwRHZJWkNWUjBPdnVtMjJSaHc0anU0QnY3bVBZNGRKNWZkU0FNaUhTV1A2elVVNzE0Ujg4c2Y0NHRVbXd0cjRqTFhJei1JNllQOE5pRTVBU1c5VVl0bnZGQTc5V1dUZnFyUlEwR0NCZzdIdDk3Vk9WQ0x4YmdHbTFvOXBjVlM?oc=5
2026-03-27	Yahoo	0.0	Tesla Stock Falls. Wedbush Predicts Tesla--SpaceX Mega Merger by 2027	Wedbush Backs $600 Target and SpaceX Synergy	https://finance.yahoo.com/markets/stocks/articles/tesla-stock-falls-wedbush-predicts-163355762.html?.tsrc=rss
2026-03-27	Google	0.0	Tesla Stock Falls. Why SpaceX IPO, Sales Estimates Aren’t Helping. - Barron's		https://news.google.com/rss/articles/CBMilANBVV95cUxNTVlGbG44OGJRWGlrQ29aUmhDWmFBTzdEWjBuUUN6Mno3SFJPWG0zT0p5dDZOZU53Rmpra3lZU0d2R3RGZEt0aDdhTThLVzlmM1lSQmpoLVRPTEtMa1hLTkVGd2ZYcE9KUWkyMDlxcVRMN0FMSnVhcEloOElSRUVZVE8xX2pUUmZqUTh3WkRjZ0RjQm1hN3pRbmxiaVF1MkN5dTNOdlJ6OFhDWnhfcW1iZTl6VTdsQnI0OGI0aXVfMkcxWnlxaHlKR0xrMG9URWNuemZqcURrR0dkZHBhTGRKbWI4MmxGOUc1RXBObWM3ZWFma214QXhpZDA2b2ZLTm5Bc2pOYjhDNGNQUl9QTWhtWFVyRnJGVHlYbUgwb3ZOT05jZk1TVEswSTdIa1VXOHBHTVB6YWM4eVoyMkpaWVE1MGFFX3pIMkIwR21hLXF1bVZkR3Z5R0g4RjFSUFQ3VmRodFM0UktocmNpelhPM1ZMYXM4VEpTNTRPMGE4dHZESWZMMkN1Q3I4SVZYckZOQUhieEI4Mw?oc=5
2026-03-27	Yahoo	0.0	Tesla's Next Chapter May Be Even Bigger	SpaceX link hints at a broader ambition	https://finance.yahoo.com/markets/stocks/articles/teslas-next-chapter-may-even-160234348.html?.tsrc=rss
2026-03-27	Google	0.0	Tesla, Inc. $TSLA Shares Acquired by Castleview Partners LLC - MarketBeat		https://news.google.com/rss/articles/CBMiugFBVV95cUxQYmtQdG1xN1IzcUJOaVlqNXJ1MDFwRTVKT29zQlp4YkRHLUROUFg0Ym5EeUtuMkJlWXRGejhreHlVWjljbGN5RjAxQ3VNNkpZWTRfUFRCM1lsdWNLRzM0Z2xzNHcxcFRCbzN6OF95azRPTU14VEcwT09hY3l6elJCaGx3dXlLY2pIME5XR202dTdCZzRyTGhicjlja1BUeUROU3F6cTM4d1RyYUpWamhMSFRYMEtwQTd5cWc?oc=5
2026-03-27	Google	0.0	Tesla, Inc. $TSLA Shares Sold by Riverbridge Partners LLC - marketbeat.com		https://news.google.com/rss/articles/CBMitgFBVV95cUxPSmliLTAzbk9wVUxldWRNVkUyLTBlcjF6SXp0X19BajNrRGZibm9wemdTbG5pSDlCUGRfQWtVMV9JanZtbWl2RWZOSS1YdUh0alZpYms2U3BHLTF1MDRPYVdFRU42Wl9PalJybDFNOU9VR19VbWdfWFhCNzEwTDFpR0paS0dxaURmLU9fVmR0Q0hCNjJUU0dPcHNxTHVvaDg4ajFMOHRvQzJuYlRKbWRmaUExS284QQ?oc=5
2026-03-27	Google	0.0	Vanguard realignment; reports 0 Tesla (NASDAQ: TSLA) shares after disaggregation - Stock Titan		https://news.google.com/rss/articles/CBMiwgFBVV95cUxQQjd1Y1l1ZG5kYTExdlp5TFhBOXI4cEFpSElpd2FjaWRJNlNxUHc1amtyYW5VY0dUUllWM3plckkxWFpTdVlhOVRXNUpoTXFMd1F2SkFnc2FFZG1QNTZKRG9iS040Y2pFNmJqcUpkaktfM09pQ2J4MjEwM0s1X2VobXFLV2Y1Z3NCcWhfdWFVLTdXSW5yTURyamVRVzdGU0tDSmdYNHhuQ2VLWXZFM3RtT0VFT1N3NlpfZ2h2WUVpMnVidw?oc=5
2026-03-27	Google	0.0	Why Tesla Investors Should Care About SpaceX's IPO - Investopedia		https://news.google.com/rss/articles/CBMilgFBVV95cUxQdjd2R3A0MXpxLVRycUdmeDdkWldVUnJ3ZWdwZkFtNDFvb0dOWjhReTNvcHlBRXVqWXpqWVVFa3JaajNmejRVVk5SRjU5NzVaS0tZY0JxWUppNDRlTllVSFdpTGN5N3FEbDIxYmtaWTVLS3Fjcm03V1RhOW1EUVRrUGdxUUxUdjFtZXNQSjd6ZWdtcDREMEE?oc=5
2026-03-27	Yahoo	0.0	Why you should 'never count out' Google	On this segment of Market Madness, GraniteShares founder and CEO Will Rhind shares his stock picks for each matchup: Palantir (PLTR) vs. Robinhood (HOOD), Eli Lilly (LLY) vs. Walmart (WMT), Google (GOOG, GOOGL) vs. AMD (AMD), and Tesla (TSLA) vs. Bank of America (BAC).	https://finance.yahoo.com/video/why-you-should-never-count-out-google-215424047.html?.tsrc=rss
2026-03-27	Yahoo	-0.05	Mark Zuckerberg Won’t Be Deterred From AI Push. Meta Stock Pays the Price.	Meta Platforms stock is suffering amid concerns about rising spending on artificial-intelligence. It just announced a big AI data center investment.	https://finance.yahoo.com/m/65ea41df-34cb-3aa9-b1fa-a9ce397b26f5/mark-zuckerberg-won%E2%80%99t-be.html?.tsrc=rss
2026-03-27	Google	-0.056	Tesla Stock (NASDAQ:TSLA) Plunges as Future Looks Less Human - TipRanks		https://news.google.com/rss/articles/CBMitgFBVV95cUxNbXBnTmJ4SExoOXVFZmozdFlMRWFlcGJ4R2ZmcUNWS0ZESmdURUN4eGtmc0Q3MjhQcmI5SXZmOEkteTctTm1UZFJpTUtQYUppOG9hdHN4VnpUeDJaTkVySk1uV19hRlZlOHo0NzR2NnpyREY4ajRYRmlDUjdSRmZMZUNWX0xBZjR5UXlMenY5WXh6Z1daNFhOMzYyWHVScDFEZldyM3FnY2VUTTd3M1gwU3Z5Y3BnUQ?oc=5
2026-03-27	Yahoo	-0.083	BYD profit slumps 19% after record year edging Tesla off the EV throne	The Chinese electric vehicle giant posted a sharp drop in annual profit in 2025, squeezed by a brutal domestic price war — even as it outsold Tesla by more than 600,000 battery electric vehicles for the year.View on euronews	https://www.euronews.com/2026/03/27/byd-profit-slumps-19-after-record-year-edging-tesla-off-the-ev-throne?utm_source=yahoo&utm_campaign=feeds_business_articles_2024&utm_medium=referral&.tsrc=rss
2026-03-27	Google	-0.1	Elon Musk's Tesla Sees Q1 Slowdown—365K Deliveries Expected - Tesla (NASDAQ:TSLA) - Benzinga		https://news.google.com/rss/articles/CBMisAFBVV95cUxPd3VDLUt1dmpFYkpRekl0eVZMTWtvRTdqRjd4NGhXVGFCWmpSQlloR1ZkYmhhd3pvMVRYS3pwdTRfQnJFcjhlRU5wRGc4U1ZZLWg0SnlLMGY5Y1ByVkZKdWZ2SDZ0bktEeS16SlpXM0tQYVF4TjEwSjlzb1YtLWRJcFlab1V3T3dfdGNrbG93NlRKOXF1Z1ZMMURzc29ZQWRNemUzdWR1cGZfNW5uMmVSZw?oc=5
2026-03-27	Yahoo	-0.1	Lucid Will Continue to Set Historic Records and Can Still Disappoint	Lucid has worked through a bumpy history of production woes and has slowly built momentum with sales and deliveries -- but gross profits have yet to accelerate.	https://www.fool.com/investing/2026/03/27/lucid-will-continue-to-set-historic-records-and/?.tsrc=rss
2026-03-27	Google	-0.156	Tesla (NASDAQ:TSLA) Shares Down 2.8% - Should You Sell? - marketbeat.com		https://news.google.com/rss/articles/CBMiowFBVV95cUxQaE9YSmZkMDRlNFRSSU9XcWFJSndhT3BUdmtwczVTcER5emQ4djMtQWNtZS1ncmN4OVFQZk5HZmNqbGphMF9OeVFpOGJTdVpKUUNhWkstOXNBazNhRmZRMlR3UjNlOEVtVnRkeGZoZHkyek9pNW40X2JhQWwtYXRfTDhuMnd3MU1vcEVpbEJBVTRxMWI2UndUblVKT3BiemRyNEJv?oc=5
2026-03-27	Google	-0.156	Tesla Inc Stock (TSLA) Moved Down by 3.35% on Mar 27: What Signal Does It Send? - TradingKey		https://news.google.com/rss/articles/CBMiiwFBVV95cUxPWTRUd3B4QzNwYUluQ08wTktpTHItNTAyaGpaODd3WmtlQ3RwN3Z3bFVadjZVeWxhT1BsdEljbHNwcnVvaUZXaWpXRWhNb1JOU0IyT3dyNzFjS1N3bUZUWUlGeThIWEJnNDV6WFhxYXVTVGMyUGhQNWk3MXlTVEhkLUR6Z2VTUVVNa2Q0?oc=5
2026-03-27	Yahoo	-0.165	Tesla Falls 3% as Delivery Fears Overshadow SpaceX IPO Buzz and Cybercab Excitement	Tesla (NASDAQ:TSLA) stock is down 3% in Friday afternoon trading, with shares sliding from an opening price of $372.11 to around $361. The move extends a rough stretch for TSLA shares, which have now declined 20% year to date even as it holds onto a 32% gain over the past year. Today’s pressure comes down ... Tesla Falls 3% as Delivery Fears Overshadow SpaceX IPO Buzz and Cybercab Excitement	https://247wallst.com/investing/2026/03/27/tesla-falls-3-as-delivery-fears-overshadow-spacex-ipo-buzz-and-cybercab-excitement/?.tsrc=rss
2026-03-27	Google	-0.167	Gary Black Sounds Alarm On Sell Side Bias In SpaceX IPO Buzz - Tesla (NASDAQ:TSLA) - Benzinga		https://news.google.com/rss/articles/CBMirAFBVV95cUxNNHZqb0VlZU1NS0E2NkdYR09WT1EtQzg1WURtUGhuek9OcnlOdFg0d29QZlpmYkdSNncxVkoxdjdPWHotSFBuZF9GTXNzQ2M1dDFSUFlxc1R4ZEd0ZHJiNU5SRjNHLWQzM09QakZMc2NFN193MVFyemRSakRNQ1pJM1ZkZDZiWWRBZ2cxeGFxT1YydnFqRkFXOVdqMG1semZkMmdRWk1uTlE5NVh6?oc=5
2026-03-27	Google	-0.2	TSLA Stock In Focus After Wedbush Reiterates $600 Price Target – Firm Expects Tesla And SpaceX To Merge In 2027 - Stocktwits		https://news.google.com/rss/articles/CBMi0AFBVV95cUxPRzFjNlZKSHNGTHMyVkJqU0d1cGZrTzdELWRvNnZKbmVJb2FGMVV1cktZSHp5MjZWTXJOeTllaExVMkpGMVN5MGhmZ1hDMlVzdlZ2NTl0ZUhVTzZYenpDWk1sVmpIVWx3UVM2MDZTcVVZbEIzZU91TVBic01pQnJ2RmRtZDhfN3JFTUhtVER2WFhlQWlZcW1pa0hPb0pQaDBwWjIxYzNqeU5oQ1d3SjJjRlpvUlNlc25NNjU2N3VJankzN3FoQTBmQjZHa1Q2VXpk?oc=5
2026-03-26	Yahoo	0.5	Cathie Wood’s Ark Dumped More Meta Stock—and Loaded Up on Another AI Stock Instead	Meta was in focus for a number of reasons and Cathie Wood's ARK took the opportunity to sell the stock.	https://finance.yahoo.com/m/585b3097-65ce-322b-bc2a-a0be6df9391a/cathie-wood%E2%80%99s-ark-dumped-more.html?.tsrc=rss
2026-03-26	Google	0.5	Here's Why Tesla (TSLA) Fell More Than Broader Market - Yahoo Finance Singapore		https://news.google.com/rss/articles/CBMif0FVX3lxTFBTOW9vQ3dHUzd5QUo3S25RWU9pMG5PX0hNeHY0LWFSOWM2VjJUZ0FFejhrcUlnLUlSYTk5emhRVDU2NEYwbWxWMmtENC02TnFNVGpMcWVnQnY0azF3dE1Db0Ztc1d5SFRSc3JvSVJZNXFCc3RYa0lPR0kwV3FDMkU?oc=5
2026-03-26	Google	0.4	Tesla Inc. (TSLA) Keeps Expanding Its Vision for Autonomous Humanoid Robots - finance.yahoo.com		https://news.google.com/rss/articles/CBMioAFBVV95cUxPdXJDTS1ReW9jVUQ4NENyWDc1U245bnNWM0VDdUpCTkh0dUxnVlRjdW05LVBDenBmUVpqRlRmcjh4OFo1RXdmNXhaVEFESXFkZGV6NnhpdF9SOUY4YUdqbE1IY2s2eVQ5NmlQdzNpTDVURDdBeEF6SWVLMDBjQTJqUXQ2MzFOczFHRmFVdDJvZXBnTVRPeUMwQU1BUFJ2SUh6?oc=5
2026-03-26	Google	0.375	How Rich Is Elon Musk Without Tesla (TSLA)? - 24/7 Wall St.		https://news.google.com/rss/articles/CBMijAFBVV95cUxQR2hJYTZ5cHBaTnlRTlhDcGtLeTZoRVJ0aEZzaXRqZG1yNm50NXhVRnhfbW5PYkIyVTRPMDljOUdxV0dVa08xUk1iYnVyTGRtWl8yV2NCRFJKX0tvY2d3UmtPaXdxUWIycE1peS1SbWNJdUt6ei1lLXB6NlZJekIxMF9ZYWdiZUNwaVNXYg?oc=5
2026-03-26	Google	0.375	How Rich Is Elon Musk Without Tesla (TSLA)? - Yahoo Finance		https://news.google.com/rss/articles/CBMimAFBVV95cUxOTWpwUlJiZzd3T05lcUU4aUJMRWZ2UGVIZUdLQ1EzTlVTWlBEZXl0WDhndWJkRlZHODhWVnhYVDNqNFJiSVMxMkx4QXBSdFZ3Z3FGM0QyOW41SG54R0NWaW5raG00SzkxM3RleUxuRExNY044YzFOYm0xTklNdExVZmFnOUh5RlNUUV83ejh2bU0wdXA3SEZ2OA?oc=5
2026-03-26	Yahoo	0.367	Tesla Stock Used to Get a Boost From Higher Oil Prices. Not Anymore.	Tesla stock rose the first three days of this week. Shares are trying to snap a five-week losing streak.	https://finance.yahoo.com/m/1106237d-e3ec-3fc7-a619-0cab4a2ff2d8/tesla-stock-used-to-get-a.html?.tsrc=rss
2026-03-26	Yahoo	0.264	The Odds of Elon Musk Becoming a Trillionaire Are Higher Than You Think	Prediction market Kalshi is giving Elon Musk high odds of becoming the world’s first trillionaire as SpaceX and Tesla drive his net worth higher.	https://finance.yahoo.com/m/e7479210-0d4c-3084-b4d6-8db340d75dc3/the-odds-of-elon-musk.html?.tsrc=rss
2026-03-26	Yahoo	0.244	"2 ""Magnificent Seven"" Stocks Down Between 10% and 23% to Buy Right Now"	These two cloud giants are trading down by double-digit percentages in 2026.	https://www.fool.com/investing/2026/03/26/buy-magnificent-seven-stocks-microsoft-amazon/?.tsrc=rss
2026-03-26	Yahoo	0.21	The S&P 500 Is Falling, but Stock Market Breadth Is Good	Stock market breadth was actually pretty solid despite the S&amp;P 500’s early struggles.  The market benchmark would be up 0.3% if every stock in the index had the same market capitalization.  The Dow was up 75 points, or 0.2%.	https://finance.yahoo.com/m/9db8aed6-004c-3e38-aab2-988dc9782aa8/the-s%26p-500-is-falling%2C-but.html?.tsrc=rss
2026-03-26	Yahoo	0.183	Here's Why Tesla (TSLA) Fell More Than Broader Market	In the latest trading session, Tesla (TSLA) closed at $372.11, marking a -3.59% move from the previous day.	https://finance.yahoo.com/markets/stocks/articles/heres-why-tesla-tsla-fell-214503046.html?.tsrc=rss
2026-03-26	Google	0.175	Tesla Inc. (TSLA) Keeps Expanding Its Vision for Autonomous Humanoid Robots - Insider Monkey		https://news.google.com/rss/articles/CBMitwFBVV95cUxObTVDUU5DdFBUajBYRGJNMzdkWkdtTHhtd21aSnJOOTNuSGNXM3pLdktuSUZIU1BPR1Zrd1pValRtcFZQdG1XckZPWmZyOFdac1k0QXVzbHVETmFHUVV3Z2U2QkdNODFKemVhbHEydGZ1ZURuM1ZUV2RlT2tIU19NYjVWWHFRQUZMNXQ1OENUc1BaY3RzaEhDaDhVcUkwNWNnekxiUVVDc21mNS03VHJ4V0xLeXhrNmfSAb8BQVVfeXFMT1Z5Z2Fra05MYktxLU50VGprU3FjVWxVSEp2aTdITkl2SWV3SFRDekJKRlJSajQ3ck1FN2VSWVhNUWZxSkppaVN0bzJvMXZsaXBIRzZzY0ZoM3RyM21hbFVFbkdJNVZqcG1Ba1dJUERBSF9oM0pTc21GNlYyWmxHUHQ0ckpTTDFWUmFkZEJWXzJ5Y00yT3ZtMEprelFlNVlDU000a3BTRUFnS09KTVNIMC1udG4zbU9pMEhiT0dXVDQ?oc=5
2026-03-26	Yahoo	0.152	Tesla Releases New Supercharger. Stock Looks To Clip Its Losing Streak.	The new Supercharger is meant to be cheaper and easier to install than previous versions. Tesla stock is up more than 4% this week.	https://finance.yahoo.com/m/f2832c36-fe2c-396b-99d1-09c50eafcdbb/tesla-releases-new.html?.tsrc=rss
2026-03-26	Google	0.136	Tesla (TSLA) May Be Working on a New Family-Focused SUV - TipRanks		https://news.google.com/rss/articles/CBMiiwFBVV95cUxOejY4d1ZhYVBGQ0tlclF3YlZEdWtrem5FZEVFXzRnTkpKd3ZmbUlzY0NpUUhwQjN4cE5vckhoWDgzc3ZsNDJCdVZQa0hrNzN2X01QNmJLWlZMaVNxQkdJVnpHbWlKUXdsc2h6S1pUQmVzQWlWZUxld002RjMtN1VSOVZrbEhMb0VYeWtN?oc=5
2026-03-26	Yahoo	0.127	Tesla’s Terafab AI Chip Bet Might Change The Case For Investing In Tesla (TSLA)	Tesla and SpaceX recently confirmed plans to build “Terafab,” two advanced chip factories at Tesla’s Austin site, each dedicated to a single chip design for electric vehicles, humanoid robots, and space-based AI data centers, aiming to produce roughly one terawatt of computing capacity a year. The move marks a major push into vertical semiconductor integration for Elon Musk’s ecosystem, tying Tesla, SpaceX, and xAI more tightly together while potentially reshaping how investors think about...	https://finance.yahoo.com/markets/stocks/articles/tesla-terafab-ai-chip-bet-010632113.html?.tsrc=rss
2026-03-26	Google	0.125	Tesla (TSLA) Sets Ambitious Vehicle Delivery Targets for Future Years - GuruFocus		https://news.google.com/rss/articles/CBMiqgFBVV95cUxOWjk0VUZpMktWQ3NFeFowcVFnRFhfa1R4cnp3QkRFQ0xDTlktcDI0cEJRdXlUWktyZmFVR19IWGhUdnJqUEZsaDQyUkR5TS03dDRHeS1FZmJ6Zno2R2pPSVVJRHFBLWlCd21sQXg0ZDVXdVNjVjg1a3ZCeGNkWERrMHVPaEVvVFJFS0ZhWkpPVjIwU1VYY1BSVUFOQ2hfZEFvdzVaTHFsY3FQdw?oc=5
2026-03-26	Google	0.125	The first step towards acquiring Tesla (TSLA.US)? Wedbush: SpaceX may leverage the Terafab chip factory to pave the way for a merger next year. - 富途牛牛		https://news.google.com/rss/articles/CBMiqAFBVV95cUxQNGtqSDR4WFJoVXNmY3hTalBIYzg4THJZcHNaYkJkOFhGTGpIOGRuRzlEa0lvR0phSWd5MDlUMjA3UjBiT2NhOW94UHdWTnZTblJzQW9yVEEwN1h0YlhVb3p6SV9NVlA1YWtJbkFweGNNUDlaNW9ySmpuWjl6VXY4Q3NpbEVOd2ZVQXBXTThhVlBaNGVRR2pwMGxuV1lTanpIM0ZnNS00UmI?oc=5
2026-03-26	Yahoo	0.121	Google, Meta ruling could be a Tobacco Moment for social media cases	"The ""Magnificent Seven"" (MAGS) stocks are all down from their 52-week highs. Additionally, Meta (META) and Google (GOOG, GOOGL) were just found liable for damages in a landmark social media addiction lawsuit.Slatestone Wealth chief market strategist Kenny Polcari explains how investors should approach buying into the Big Tech names, and Yahoo Finance Senior Reporter Ines Ferre emphasizes how this could be the ""tobacco moment"" for social media–focused Mag Seven names."	https://finance.yahoo.com/video/google-meta-ruling-could-be-a-tobacco-moment-for-social-media-cases-150424623.html?.tsrc=rss
2026-03-26	Yahoo	0.12	How Rich Is Elon Musk Without Tesla (TSLA)?	Summary: Tesla shares have declined in recent months, yet Elon Musk’s overall net worth continues to rise due to gains in other assets. The primary driver of this growth is SpaceX, where Musk owns a substantial 43% stake, which just this last week announced it had launched its 10,000th satellite into low-earth orbit. Musk also ... How Rich Is Elon Musk Without Tesla (TSLA)?	https://247wallst.com/investing/2026/03/26/how-rich-is-elon-musk-without-tesla-tsla/?.tsrc=rss
2026-03-26	Google	0.068	Tesla Releases New Supercharger. Stock Looks To Clip Its Losing Streak. - Investor's Business Daily		https://news.google.com/rss/articles/CBMipAFBVV95cUxNYkhiLTJRX2VIUHp4dnJFV2NKcGN5NXJMX05HLUg4Z19zZTA3blAxRGVpdkIyYVJ2OHRqME9BWmpQRUg5SnJoZ2t3TU1HM0xJeFRBb2MteU9rRE50Z1JDZTJDUnd4cW1FTmRxRGFqUUJpbTk3YmE0OVVFOVF6c1FDODBNNDd3R0Nyb0Q3YXc1d29fZy1IbWtDZHQzZlpJc3dESXJfUg?oc=5
2026-03-26	Yahoo	0.011	Meta, Google Stock Drop. They’re Facing a ‘Big Tobacco’ Moment.	The two stocks were down big after a landmark legal decision on social-media addiction. Tobacco settlements set a troubling example.	https://finance.yahoo.com/m/e28d04dc-b740-3a4f-a451-c925afb72da6/meta%2C-google-stock-drop..html?.tsrc=rss
2026-03-26	Google	0.002	Tesla (TSLA) Stock Is Down 23% From Its All-Time High — Is This a Buying Opportunity? - CoinCentral		https://news.google.com/rss/articles/CBMipwFBVV95cUxNM1YwdEQtUElkR0dWaUk0UDljMW1vTENxZklWdkFNV2NTT2ZHdDRPWEJqYkxNbHRDcWI0V3Jha3JGdm91Mko2SGdnb0FQandnTTFIVlNsQnhyS19sNTdDZEpQSm5XYUVxTjMtQUxqVmhLcWw2eG53MU1QOU5iRW01NHJlalRyRmZiNXYxNDhBbzlNWFVSVFJEQzRpZ2FyYWNKcU5JNzNzOA?oc=5
2026-03-26	Google	0.0	Automobile Manufacturing Stocks Q4 Results: Benchmarking Tesla (NASDAQ:TSLA) - TradingView		https://news.google.com/rss/articles/CBMizwFBVV95cUxNSUQ3VVlLY0pXV2Z4UlNFQ1BpaHV5ZEtvdVI0ZEpJWHZEbWhESEx2WXJIZXlhNHVYX3Y5NmtXYVFsczdkSHF1WHJIa3FScWZtZHo3NGdwUGxpTDdWTFNhUWNnbXU2cTRBRU1JcFNBSzBndkUyT3E4dVBiSjZoNWh1RUxDeXB5WnBpTkJ1OHdHeVdBSWlhVmY5Nzh1cEg3eHRZb3FCNGdDUzdKXzhwZGZ0RXNNcms1QjV1UDJGalRPS1ROdjBIYjV6N0Q0TUZWQ0k?oc=5
2026-03-26	Google	0.0	Automobile Manufacturing Stocks Q4 Results: Benchmarking Tesla (NASDAQ:TSLA) - finance.yahoo.com		https://news.google.com/rss/articles/CBMiqwFBVV95cUxNR2N0TzlDMmdwMUhpenMtVnlhYVk1YTFwVEVQb0NZNVhTY3puTW1nMkZ2OTdKZmxPWnRrRkFvX2hKTkxpSDdSYXNnWEoxdm9GQ3Y0eWJrcElDMUEya2lCVUhRV3BOaUlmNzNoWlJxRWtObG9HNzJpV3JPMHd6RmV2d1kyQWtZYzYtRThoeTBQX1lBekxMa29oNUloLWFjSFoycTJMUXJfeGJ6X0U?oc=5
2026-03-26	Google	0.0	BLBD vs. TSLA: Which Stock Should Value Investors Buy Now? - Yahoo Finance Singapore		https://news.google.com/rss/articles/CBMifkFVX3lxTFBPaEJBNnh2eGt5S2JMWjFnTjdBbGR3WTNHVF9ZRlNMelpCcXJGNkFXbjVQTFBJWkxEN3JBSm1XcXQ5ekkwYUJ2eko3SUxyUjVzWURqclNWYmc0LWMwdnRlY21jVW81NzFiZkFLaDZYRE4wYWVYcE5FUTJfdXZqdw?oc=5
2026-03-26	Google	0.0	Bath Savings Trust Co Takes $586,000 Position in Tesla, Inc. $TSLA - MarketBeat		https://news.google.com/rss/articles/CBMivwFBVV95cUxONGJBMDlOS2l5XzY1T1R2Rjd4anVDVndkSlRXWDlqZGV6dGR5OXRabzBsVmtsdmRHWGtRaE83c1dwa3dFbmJBRFgzUHc4a2VRWFhqZjUxU1Q3Y1FvTHlNMTBiOHJYTmlPcWg1RkV5dkxLQWtMbkhSck8xQklXeUxDNnZFQXVXd2p3NWpMQzN0bHVEOXJxTVRYazNwaHZNdTRMTWpxNmEyOXdUZWFBb2JVajAzVUVfcXRvX1NYaEJmUQ?oc=5
2026-03-26	Google	0.0	Canvas Wealth Advisors LLC Acquires 1,915 Shares of Tesla, Inc. $TSLA - MarketBeat		https://news.google.com/rss/articles/CBMixAFBVV95cUxOT1paNEVsSWU5U1hmNUJXanQ4eUNEUm5QbUhiMDJTRlQ0emlEb2txYTl2UTlFb19kMFVkZFdxeFhwQ2c5SDc2akxkTWlkZU95dzBtcU1ZX3kwSDZ0UFRJM2N3NU9VTmtWT0tJNHNONDk1OEVYWEJiM1VQc25ZWTRhc2lFd0xLandyTmM0cEpzbl9xM2ZpandKWkpxMXd6THB0QXUtSkJIbkppUmlNTGVVVy15T0pWMy05MVlNZ1d1cTlJYk1J?oc=5
2026-03-26	Google	0.0	Is Tesla Stock’s Trillion-Dollar AI Thesis About To Break? - Trefis		https://news.google.com/rss/articles/CBMiuAFBVV95cUxQU3hKZjRPSjVUblluMTVFUll4QmlGemt4eWtod0xjUkxGM3FnUHJlNU1LaWpLNjRDS3g3a0dHRWhHMjd6bTRxc2R0WmNzNGpBeEx2aDNQSWhqcWZrMlRDa2Y4THpmR3R0bVRpbmlidTlPU0VwZTIyRzNUNjdJVFZuSDcyRERnem04eU1WMXNIbVh6c3NYSnc2dk1QOXdYaGpBV0ZRTldIYjM2ZjZjRHdIYUNCMWREb2Jq?oc=5
2026-03-26	Google	0.0	Lee Johnson Capital Management LLC Increases Position in Tesla, Inc. $TSLA - MarketBeat		https://news.google.com/rss/articles/CBMizAFBVV95cUxORERYNFcwRjJUWm56TVdLbVFHSFJUOElaMGpjZE5JcVJGeWxvM0xQRHRlWHRYaVJ2UnVkRmhyMWg0NWNmUmwyT1VfMmZNUjVRQ0d1NUdvQ1pxbXAzQm1BblJLSGktR21qb0pyVDE3VFdnWUE0R2tBT19DVHVKclllMnhKRnI1cU1XZG5oeUt3MFpSN21ReWVLNzdtRmFzbTUzS2VxcUhTYmp3cG1hNVVrcWt6ZW43LS1BYlNnUTIyMjV0YWpERnBEeVBud1g?oc=5
2026-03-26	Google	0.0	Performance Comparison: Tesla And Competitors In Automobiles Industry - Benzinga		https://news.google.com/rss/articles/CBMivwFBVV95cUxNOFJ3eGN2SWE3RElkZWVMaWkxMFluNVVPQ3lGeGRwazNVTzYzR21DektEWVhpYVM5dXhRRUZBSHJSQlpHdW5NVEQxRTNaa0c2bTRKazFoYnI5a0VTRnpwU19ZRGEyZHJxalJtM1pKa0d6cTV2RThmb1dzTGFBOUkzT0hQS0JaaW9NcEFDZmc1NWFLX2RoWkliS3A1Slc3a3dENlNvaGY3ZjJERmVhRnEzNjQwWjVkaE5Xa1ltdHhIUQ?oc=5
2026-03-26	Google	0.0	RBC Capital Maintains Tesla(TSLA.US) With Buy Rating, Maintains Target Price $500 - 富途牛牛		https://news.google.com/rss/articles/CBMirAFBVV95cUxQOVpxVzBwWG1qZ1Z2RDlmMEllY3NtNVUyY1FlZjVOWGt2czJybVJIanJpTTFxQm5Idm4weTZySDNHS2lKQUlfdWVnZkhHOUFZaUxvVmgwYkJHNlByYzNIaHV2N284T2IzdzdRbUtpalpldmZ4VUVvMnI2c2hkMWdvNHFxYkZ1bjNEeTVIY1BFQWgzR0ExUVM2UzdyT2JuNXgzN2hzOEVaSXN5M3k3?oc=5
2026-03-26	Google	0.0	TSLA Stock Today, March 26: Fuel Spike Lifts Orders; Asia Price War Risk - Meyka		https://news.google.com/rss/articles/CBMinwFBVV95cUxNdGNURDJqeWxMcHotOFJKQVl1Mzh2emZnbERoRFltZ0VxdmwybFgzQVRzNjJjdUctXzBUWTFBdldYRVNGUllzUmdGRThndXVfb0NXeTA0MndrZlRsYndoNDJSSU9XMXJKaWVibWxxd1B3UkIwbGdUbmlTWWZ3bXlkMjlaeWl5UVB2Y18wMG5QUy13THhPM3VfbVc0cXk3d0k?oc=5
2026-03-26	Google	0.0	TSLA Stock Today: March 26 – Iran War Powers Fight Stokes Oil Risk - Meyka		https://news.google.com/rss/articles/CBMilwFBVV95cUxQSE5jc1FLVzVodVRzYjdKdlM4UFlWbEFzbl9uWVNZQzc5b2QtWFJyZVRuZ3JiaEo3Y18ySFVzUDVKYXNpQnI3NWlMUGhiR1QtZlR2bEtGalhiYkJqWDBHaFpsOWJNTGd6b0s0RmZHZXZiYVpWTXRCa2ZINkVNcjFTd1FqZzU1ZUJIZVc2bVdiNTBRczI1cktN?oc=5
2026-03-26	Google	0.0	TSLA Stock Today: March 26 – Oil Shock Spurs EV Demand Tailwind - Meyka		https://news.google.com/rss/articles/CBMikwFBVV95cUxQWGQ3WVp6aUtKcWp4cGZ1ZFRkNk1vSWloN2FPQk0xcjd0OEpuaGEyZklEck9yMm5RekdPUDU3Y29JZWlpN2JFSXZVZklkMmhMUmdhci1STzJiaEpEbEotUlZJX1BndFAxNGNWdU9IZWVGQnpRVUpKWTJnV1JtTWN4Z1dTNTZ5VFMtblJtNXYzbS1GUjg?oc=5
2026-03-26	Google	0.0	TSLA stock rises after-hours: Musk says Tesla, SpaceX still betting big on Nvidia ‘at scale’ despite own-chips push - MSN		https://news.google.com/rss/articles/CBMikAJBVV95cUxOUmUzMFFYTFRWaFpDV21MMmZKXzVGUU1xVHgxbDBzSmQyY0NaWGoxN2pZYm40NFNUZ3NCaXFudW0wZFNMUTVQMlp5UGgzVzdwQlY5dGExdmhvTGFwdUNncDYwdlUyTjZzNEoxMmdnX3dHLUVvbTg4NnlCZzFBSDAzeENxTjFueWhzMmFrWTNzNmNHZkVZX012dmRJZmFuZG56M0oxTmp5S3J5OGppaG5FZER1OVF1SFY1NWlZNE15VUJTMDJDaWdnVzRxWU1lbzNmd2pjeld2bUdfTWdTeE5UczFISHZPWXJ6SVJtaVNtVHNnRE54dlBKNWp0ZkRudVduUjUwc01sN3lzOVlWSkw3Rw?oc=5
2026-03-26	Google	0.0	Tesla (TSLA) Stock Slides as Analysts Cut Delivery Outlook - TipRanks		https://news.google.com/rss/articles/CBMijwFBVV95cUxObUZWbmp6TWxISDhIal9rakpaR0pQVTZlc3BNRGFhSDU0Rml3d3R4QjBReFA1R19tbzFyM3JnY0IxeTVSTWQ1d1dPY1ZTcVhTYmg3RGtsNXgzS1FBX09vSGFJWVJsZVFia0g0OE1MNUpWNzR5QmhGdWxSejBNWm9DWlpqb0lYaHFqZFh2ZGhPbw?oc=5
2026-03-26	Google	0.0	Tesla (TSLA) Stock; Climbs as Europe Sales Rebound After 13-Month Slump - CoinCentral		https://news.google.com/rss/articles/CBMijAFBVV95cUxOQWlMY0pHbEU0U2NQTjhJOFVDcFhiR1ZQdUVyWXR3eHpsT1p3ZGY0cDhCZ0lJNzc4THVnM1NFcWVhV2tsODllbXRLZWxfNDdIWTFPaWpLM3JtVlhieVI5YkgzRWVfTS1HUFA4UEc1cFlXVkxWY2NoN2tReVExQTFtczlvUEhWN3k1WVRmdw?oc=5
2026-03-26	Google	0.0	Tesla (TSLA.US) Faces Downgrade in Sales Forecast by Analysts, with Full-Year EV Deliveries Projected at 1.69 Million Units - 富途牛牛		https://news.google.com/rss/articles/CBMipwFBVV95cUxOaEwzYzRTVEdWbzJpSm0yRGFYWUpNc2x6YUhoeHBPVldORXhIZzY5MmpyTDVHaXdITHBrYWVud3VxU1R5QkRSVEpiN1VYTFVHZmN1VXJCeVhDMWRpRHNkdmVpVFpVb0dUSXlrWFV1a0pZNEctNkhjcEhzSHJ3V3ZyTGxCQjJJYUo2MFhLQV92WnJKdFo2a1JfRkFvMmh3XzYyc3otUnBQOA?oc=5
2026-03-26	Google	0.0	Tesla Analysts Temper Hopes for EV Sales Recovering This Year - Bloomberg.com		https://news.google.com/rss/articles/CBMisgFBVV95cUxNQkIwakVQZ2Q4ZndBejN5NXk1R0l5cFlkRjFCUlNMa0QzMUtXMVd4WmNZNGlfNFEwWXNrZ1g1Z3E4V0hvdW5Vb0o2WEoxZDZ2RzVDTGsxRU9MQXh0MHI2d2VsXy14NVVLYVp0Mi1ncjRPX1dhNm5LM2t1X3Y0SWlTeFI5c1hHOXU3Z3RTc1poNXI2N3QtdlZDMUwyaU9qdVN2TlNyVUkzeUJIeWVud3k1QmZR?oc=5
2026-03-26	Yahoo	0.0	Tesla Cuts 2026 Delivery Outlook to 1.69 Million Units	Analysts lower expectations from 1.75 million as recovery in EV demand appears slower despite projected year-over-year growth.	https://finance.yahoo.com/markets/stocks/articles/tesla-cuts-2026-delivery-outlook-190700497.html?.tsrc=rss
2026-03-26	Google	0.0	Tesla Stock Today: TSLA Slips as Europe Rebound Collides With Delivery Fears - TechStock²		https://news.google.com/rss/articles/CBMinAFBVV95cUxQeGxkMWIwN3VyWkxBYU5ZaXN1UlMwRG81QTVxRk90U1pCeUpHaGM4cXM1dVV5SE8zNEZQM0I1VnViWTJxREQ5dUNfblFLdmdfRllPd3JseXNkcGxkSHptZ2lCaUhLMEs0NWE4dmlyTXd5d1R1cWtlbGVUeGhIdTEyMFoxOXNFaG9iSkxqaE5GMGg0RUZHZzFQd25Wb3M?oc=5
2026-03-26	Google	0.0	Tesla is expected to post a soft Q1 deliveries report next week (TSLA:NASDAQ) - Seeking Alpha		https://news.google.com/rss/articles/CBMiowFBVV95cUxOR1BiZ29FYU5tQThBalhuNFFtRl9KV0JjQTRqTnZVa1pWVnZhSTNEeVZQb3JBMHhpSWRUOVVTT1dacmJzRGFJUEtQeTJjeDUwbkZHLTJpd2N0YUk1MkxRR0FqcW4ydVgwck5qMG1zX1R2cUN3LVM1YkxGY2ZFSjQwUmM2NVR3VzdtYWUwZmhsSS1iLVVoSGxvRmN4b0h5ZDF3aFVr?oc=5
2026-03-26	Google	0.0	Tesla, Inc. $TSLA Shares Sold by Moody National Bank Trust Division - MarketBeat		https://news.google.com/rss/articles/CBMiwwFBVV95cUxOSlVKMGQ2Nld0VTQxQmV2cWFLaDZKWHhSa0k5aHVmRllxM1pnZ1l2NmVIQUFUZm1NR2lVVXVwME1FM1VsN3dFNk9qc3M4QVhvMDExZ2NZSEk2R0s5YllaeHVhdlVKRk9BSnlobmdEdjg0VmxRT3FhaG03ZTlWSEVsNUg5UkxXR3NQNjBTOGRsaTVmX01VZ2stWU9oMGpjRWl2aFZUVklHZlppZ3h2VVIxM2xvNTVpdmxJQ0psby1TYkNWQ3c?oc=5
2026-03-26	Google	0.0	Tesla, Inc. $TSLA is Czech National Bank's 9th Largest Position - MarketBeat		https://news.google.com/rss/articles/CBMivAFBVV95cUxPbVllUld0UU50SC1aejdNN3VlZ3hfOUVTZWlOaVVXc2FJcHoweHN5cGI1a2RBSHhYVW9YNHlPc2VIUUxQVklhZUFpT2NWcWp5eEMxQVcwN056MVBmcExuNkNTQWlhSi1Rd3BhU3luTXdaSnczNTk2YWRhT1FzNFRsbkNVakMtMmh4WW9qT204cUpnQVplTlhHQXA4b1dFRnRidkVjRU5CLVJ6dldSQTNyVkNLN2N3ZHdmNU85aw?oc=5
2026-03-26	Google	0.0	Tesla, Inc. (TSLA) sourcing $2.9B solar equipment in China amid burgeoning AI energy opportunity - MSN		https://news.google.com/rss/articles/CBMigAJBVV95cUxQeVpsekJCTWtMSmFVNVFfcHk1SU9zMlEyazVoYjBUUENnYTZvbkZzaXJ0NXF3eGl0SncybDAzWW0wZlhfRW5vUFAzUnNqNjc0WkVKbF8yTUdIcDNVZVlfTUFNM282U3d1Vk1meDdqaWNiUkg3R3plX3A4V3UzY0N2RDFZbUhsUWhiUGp4Wmd1RGp1ckFGenJxb3ZieHlmU0RsTUpwOENrNngwaERidl9UTEF1dVYwZEVicGx6QWlDajlqX1NxZlFWS09GM1AzLXF6eERoeXFsdmdpSXg2cGFJWnREb0NZUVUwWU5DaTZsaTRpVmUwQmZtRFNfQ3JWYS13?oc=5
2026-03-26	Google	0.0	Tesla’s Terafab AI Chip Bet Might Change The Case For Investing In Tesla (TSLA) - finance.yahoo.com		https://news.google.com/rss/articles/CBMilAFBVV95cUxQT3RNN3N2SkUzbXZpdC1WM1pLOFAwWmdQMUZtWVdrb09hV3BwRHRPQ3E5anRIbUFxNlZIOEtTczZVbHlYZUlTcmE5RFBuMWU0RXJFRnJBWEtXdzgxMTRtXzJjUGJyWFduM2pBeVlOQkUyLTA4X2hYN3pRcy1CUjdWQVNiNVRCRUgwdkZUZXJuNEU1Sk5y?oc=5
2026-03-26	Google	-0.05	A Two-Seater Robotaxi Starting to Catch On: Tesla Stock (NASDAQ:TSLA) Sinks Regardless - TipRanks		https://news.google.com/rss/articles/CBMisgFBVV95cUxNT0JzZUF6aG9QdEtyTVBVOXpwQ2Ftb3RpWXVqLWpyR0dWRzVLSlRpako1Y0pCQjZoLV83UmVIX2ZRMzdsdkdUbjFIQmpteWIxTWd5LW91WjM1X29VMkxJZlJwelZ5VmpnSlg1RWREWjdzQ2pmYmZkSGF2eVBnZ1BoYTNyTTNGTjdqUmc1UnF2TzhfcmU2cEp1bjYzN0l6TDdLM0lva2RZcW8wMUlUN3R6MTZn?oc=5
2026-03-26	Google	-0.05	Elon Musk's X Loses Advertiser Boycott Lawsuit As 'Teflon Elon' Legal Streak Unravels - Tesla (NASDAQ:TSLA) - Benzinga		https://news.google.com/rss/articles/CBMi4wFBVV95cUxPZk9nOHdzdDhURkgySWJrdnlrQTJHaXdfNzBfZUV3aXBicEF3dzZXWVlXd1cxR2RYejZHLWRocmZsekVaN1MwRERjRjJxZEJ4TFloTGdPTnRmaFdJbnJjUnRoVkJnM2xaVUU0RElMSVNHNnhiU0s2OGpHU2tHV3ZYZ0NHZEUydTVaUkJUdHprMnJSTmtKeHFORGIteVBmd1BzcDNzSWJfdjNxN0xjempZV3RmVFA5RGxjZENKUHBlNjNHakYycjRSUDZPVExLaVF2OGN3SzZHYThuemtJMjBfREl4UQ?oc=5
2026-03-26	Google	-0.05	Tesla (TSLA) Q1 Deliveries Expected to Fall Short of Consensus - GuruFocus		https://news.google.com/rss/articles/CBMioAFBVV95cUxOLUM1UTcyamlyX2JqQlVQRUNUZHNtMlFkcG5EMVBNRUtlRXozZWI1QzFSbnNldzE4QXpYUXBGMjkyOUtLZUxkQjZzaVM0bnNla2hWaFR5bTdhcE5uUkQtaVJ3RUxPYzViNkQtbWFfeFdhR3pDc3ZSOVM1WEhDTkplc0ZaQzQyMURqeE5WTkJlNzZkaUo3bDlHQzhNTW9DamFq?oc=5
2026-03-26	Yahoo	-0.056	SpaceX Plans April Investor Briefings as IPO Questions Swirl	(Bloomberg) -- SpaceX is telling prospective IPO investors to expect briefings in April from company executives, according to people familiar with the matter, as advisers scramble to file for potentially the biggest listing of all time.Billionaire Elon Musk’s space and artificial intelligence company is set to hold so-called testing-the-waters investor meetings in the weeks after the Easter holiday, the people said, asking not to be identified as the information isn’t public. The company is set	https://finance.yahoo.com/news/spacex-lines-april-investor-briefings-190907625.html?.tsrc=rss
2026-03-26	Google	-0.1	Tesla (TSLA) Classified as Standard Service, Not Autonomous in C - GuruFocus		https://news.google.com/rss/articles/CBMirgFBVV95cUxOd3c2b3hnTzZPV1k2c05GR1J1NFYzclgwb3Z2TS1ESEVBbk9jdUVPTDFxN2Z1V1ZoYTlUR2ZvWXQ1d3c0a3ZGbEhGcmx4aG5mTjFFM2ZzR1V5VjJfSjJNV2hKOHJBaEZaZ3RWSG4tWEVjTEJsaXVpa1UzN3FyV3lBWmVQcERJc2pZeGZobmtzdWZVV0RXX0tyS1lxVklqalNiaHBxWFJWS3RpeTNWTXc?oc=5
2026-03-26	Google	-0.1	Tesla (TSLA) publishes Q1 2026 delivery consensus: 365,645 vehicles expected - Electrek		https://news.google.com/rss/articles/CBMimgFBVV95cUxPWkc0bmJsTkQ0XzV0Vy1SOEJNdHlVS2kzVjRSSWpxbG56YzZndXBER3ZaZFY3UExrSmhnWC10eXBLUjZCemZ3VnNtQmtKX25RaW84bFRTVUc4SFZBbzcwWV9WTVNzV2N6STFXRVpOdjkyTGszN3g4UUYwdGtaRTYwQTByTUZNYXp2OTBsRTRfdW9mWENzUS1PZXB3?oc=5
2026-03-26	Yahoo	-0.125	Tesla Touts Lower EV Delivery Estimate. The Stock Is Falling.	A Tesla-compiled analyst estimate for Q1 deliveries is below other consensus forecasts. Tesla stock fell, but is up for the week.	https://finance.yahoo.com/m/5a32eb06-cd1a-31fe-ba5b-d21109b45229/tesla-touts-lower-ev-delivery.html?.tsrc=rss
2026-03-26	Google	-0.156	Tesla (NASDAQ:TSLA) Trading Down 3.6% - Time to Sell? - MarketBeat		https://news.google.com/rss/articles/CBMioAFBVV95cUxPVGp0ZXVkbklveV9VUFkwTzBKb1pVR3BBSlhCdU9PR0xpYmNWdzVQMWlUVkQ3b0FaN3NBZnNQTlhaRVZTYV9BR0lZU2tVcXBOVDZ1QTZrZzdBVkVDSkZiT1N3dGtCUk5XZ3drNWFnLU13MUhvUnBwWjZsSlIyamxPcjdTejBvSkRDYjFZVmxQYjYxUXNNTmNJbUs2bldiVmk0?oc=5
2026-03-26	Yahoo	-0.156	Uber Is Bringing Robo-Taxis to Europe. Why the Stock Is Down.	Investors should brace themselves for an explosion in the number of robo-taxis on roads around the globe.	https://finance.yahoo.com/m/05f1ce16-2f50-3cfc-88e0-8abe332828bf/uber-is-bringing-robo-taxis.html?.tsrc=rss
2026-03-26	Google	-0.219	Tesla Inc Stock (TSLA) Closed Down by 3.55% on Mar 26: Drivers Behind the Movement - TradingKey		https://news.google.com/rss/articles/CBMiiwFBVV95cUxPR3NmZUl0bVJYVkVLVEFrd0pWV2ZCQTNsX3AxT2tDWVA3QThIdFRsY2lGZTNBRGxUUTFvdmloUkdPNzdPeWdfSTVNRFYxVkkzRmNST1B4QnlWUkU4clJPODFsdGxBOGNNeGg0MXBGV20tU3JKd3hxVDhJUW9WLVQtLThzWVZPMXI4d3BV?oc=5
2026-03-25	Google	0.35	Tesla stock true believers could be losing faith - cnbc.com		https://news.google.com/rss/articles/CBMijgFBVV95cUxOYWhLNVdFWXFfdWRKZmxiU1BuQ0pVNFh3eTBONnBmVklLeUR3dHBpdDBaVGxSdlVDNlM3TjNWUU5ENVFlUXE2OVVUTEN5cXFSQXlqQUFVa3RUNnAxWXpvdGFaTXhkWXZCazVxQmJ1V2p4WDhEUHZoMHlkckluUm1KSFQ2bzVFV09HQW1rNXN3?oc=5
2026-03-25	Google	0.333	Latest News In Electric Vehicles - Revolutionizing Urban Logistics Through Innovative Tech Solutions - simplywall.st		https://news.google.com/rss/articles/CBMixgFBVV95cUxOZU1FX2Q0amtzbmdYWTE1cm03OEVVZi1DVDhtMjdmTzJtTkdKTUhQdU5ZbVBWQmN2Qmh1NDNZa21wYkxjdU1udElUMFpJeXRiQ0hUUVBENVZZRS1odUlTaTA5RE1zeWxxTzlLVjIxLVJweGVzX2FfcUlvLVB6MUk0dkNPaHYySlN3b0EwczMzZTBnbWtyLUxKeTNjRm9SSlY3elVQc3MxdWNUWnZqVGpwbExoUnJqTnRWdG0yalFMR0NLcnhGd1HSAcsBQVVfeXFMUHpfbTFQckxFUm1pWkJCUGhONlRmb2diMlYxSDk5M0hPd1h3X1dKUkpET1hpb1U2OTQzQi1zaE1vSHhkaUhUTHZrQlNqRVNDNk9yTGl2ekM5X2dYRk9XYXdhbDRPaUhwRzM2RlpVbGxIaEozV2NQMkpEbFhmcVBEQXlhSTdnYmZTTVhIRGg3T3NiS2plMUkyMEFKb1VETDFJd3VZal9DWmJOSHFna1lZUkNUYlV6d3F1LU9nZWhkTVNpbEQweXZha1A5cEE?oc=5
2026-03-25	Yahoo	0.31	Elon Musk Should Borrow A Page From Steve Jobs And Create A Brand Identity For His EV Giant, Says Gary Black: 'Who Does Tesla Stand For…'	"On Monday, investor Gary Black said that Tesla Inc. risks falling short on brand clarity despite strong products. He urged Elon Musk to adopt a strategy inspired by legendary Apple Inc. co-founder and former CEO Steve Jobs. Gary Black Questions Tesla's Brand Identity Despite Strong Products ""I've long argued that $AAPL became the most valuable company in the world because it made the best products and had the best marketing,"" Black wrote on X. ""$TSLA has the best products but has no marketing."""	https://finance.yahoo.com/markets/stocks/articles/elon-musk-borrow-page-steve-203111148.html?.tsrc=rss
2026-03-25	Yahoo	0.3	Tesla (TSLA) Accelerates Its Autonomous Driving Roadmap By Vertically Integrating Its Semiconductor Production	Tesla, Inc. (NASDAQ:TSLA) is included in our list of the 11 most overvalued companies according to the media. On March 14, 2026, Reuters reported that Tesla, Inc. (NASDAQ:TSLA) is working toward its AI goals by further vertically integrating its semiconductor production to facilitate its autonomous driving roadmap. Tesla, Inc. (NASDAQ:TSLA)’s most recent developments highlight its efforts to […]	https://finance.yahoo.com/sectors/technology/articles/tesla-tsla-accelerates-autonomous-driving-195122064.html?.tsrc=rss
2026-03-25	Yahoo	0.291	Kempower, Windrose, and EV Realty Validate Megawatt Charging System (MCS) Interoperability Under Real World Conditions	Successful test is a step toward megawatt charging at EV Realty’s San Bernardino Powered Properties® truck charging hub New MCS charging, commercially-available at EV Realty's San Bernardino charging hub A Windrose truck next to a 1,200 kW Kempower dispenser, capable of providing Megawatt Charging System (MCS) charging at EV Realty's San Bernardino charging hub. SAN FRANCISCO, March 25, 2026 (GLOBE NEWSWIRE) -- Kempower, Windrose, and EV Realty recently announced a successful charge using the Me	https://finance.yahoo.com/sectors/energy/articles/kempower-windrose-ev-realty-validate-130000463.html?.tsrc=rss
2026-03-25	Google	0.25	Musk Richer Than Bezos, Zuckerberg, Ellison Combined: SpaceX IPO Could Create First Trillionaire - Benzinga		https://news.google.com/rss/articles/CBMi3wFBVV95cUxPN09vZC1hc21maTFubENfaTZiZU9KQk15M3k3b2tsRFJ5NHpFWnZHdkxxRDNCbzhfVFZDZko2NkV1YVY3djdBU0RHOHp3NnREdzl6WWNTRFdVeC0wZktOVnZfeHllTlF1b3lHVDdVQTJfaVAxNm04cmVxbkxlQ280TTBsbHNlc0ZkeS1uU0o1d2RJdWpoQ19hYlU3enI0Vkgyejl5QUNieFdNYWhtczVTMHNxM2ZUeUJxb0M1RjktLVRxV29lV0FXb2t5WXdrR2piMjRuekRZUnVQS0RyY2s0?oc=5
2026-03-25	Google	0.25	Why Are Tesla Shares Surging Higher On Wednesday? - Benzinga		https://news.google.com/rss/articles/CBMirgFBVV95cUxOWEFOQUhCamI3UGp2Tk53WldleGJHR1ZaTF9xb1JKTFRuYk5WR1Nyd3ZJX09DOHpsd1hNZlRUUEFQNjFlX0NON0lPMEs0NVBDdmMwOVNYNDI3UnlvSG8zRDQ2a2cyQ0Z4VzR1NzQzclBRQkMzeXc0Z3Zla2VxNUZLcE1RVzkxY3g0LUtJM080RlptWm5pYmQ0VjdXMFpfRUtLMEZhQkxpN3dzbUhxVlE?oc=5
2026-03-25	Yahoo	0.18	AI Weekly: Anthropic's blacklisting battle, Alibaba's next-gen chip	STORY: From Anthropic's blacklisting battle, to Alibaba's next-gen chip... This is AI Weekly.:: AI WeeklyA U.S. judge said on Tuesday the Pentagon’s blacklisting of Anthropic looked like punishment for its views on AI safety in the military. The AI lab has challenged the Pentagon’s unprecedented action in designating it a national security risk.  And came after Anthropic’s refusal to allow the military to use its Claude AI software for U.S. surveillance or autonomous weapons.The lawsuit alleges 	https://finance.yahoo.com/video/ai-weekly-anthopics-blacklisting-battle-121504933.html?.tsrc=rss
2026-03-25	Google	0.167	Dow Futures Hold Steady After Trump’s 48-Hour Hormuz Ultimatum: Why GLD, SMCI, ANNA, TSLA, CMCL Are Keeping Traders Hooked - Stocktwits		https://news.google.com/rss/articles/CBMi0wFBVV95cUxPSjFZV1gwRVE5M2UxZ3JXNmdodDJLaXY2X25sZ1lEX3N2YmIwS2ZXUExUdG1XdVZzbzEwQ0otRnhsVEtON2poWS12ZFNQLVpXblZQRDgyMzRYWDY4MGxKeUNRYmhiUERVSFJSUFVnWTAxc2VHTFplWHJ0SVZUOTdqTlBwVVdqRVplcEZyZ3Z6QzJaVzhRT2h0TWoxQnJpZHJkbVVpMFJPVHpWYnM3Z0tTN0VYT2tTRWVCbENNX3YySmJYZGVPQ19zMGxUX0huR2hJaVdr?oc=5
2026-03-25	Yahoo	0.162	OpenAI Flags Microsoft as ‘Top Risk’ in Pre-IPO Document	ChatGPT-maker OpenAI listed its reliance on Microsoft (MSFT) as a top risk in an investor document ahead of a potential IPO (initial public offering), per CNBC. The company relies on Microsoft for “a substantial portion of our financing and compute.” Any change or termination of the partnership could harm OpenAI’s “business, prospects, operating results, and financial condition.” This prospectus-like document circulated during OpenAI’s latest funding round. In February, it raised $110 billion fr	https://finance.yahoo.com/markets/stocks/articles/openai-flags-microsoft-top-risk-152100320.html?.tsrc=rss
2026-03-25	Yahoo	0.162	Why QQQM Is Riskier Than Its Low-Cost, Set-It-and-Forget-It Reputation Suggests	Invesco NASDAQ 100 ETF (NYSEARCA:QQQM) has returned nearly 94% over the past five years, making it one of the most compelling passive growth vehicles for retail investors. Launched in 2020 as a lower-cost alternative to QQQ, it tracks the NASDAQ-100 Index at an expense ratio of just 0.15%. The fund holds 101 positions across the ... Why QQQM Is Riskier Than Its Low-Cost, Set-It-and-Forget-It Reputation Suggests	https://247wallst.com/investing/2026/03/25/why-qqqm-is-riskier-than-its-low-cost-set-it-and-forget-it-reputation-suggests/?.tsrc=rss
2026-03-25	Yahoo	0.136	Elon Musk Just Announced a ‘Herculean Task’ for Tesla. Can TSLA Stock Survive and Thrive?	Upon Musk's reveal that Tesla would build two new chip factories, should you consider buying the stock now?	https://www.barchart.com/story/news/948955/elon-musk-just-announced-a-herculean-task-for-tesla-can-tsla-stock-survive-and-thrive?.tsrc=rss
2026-03-25	Google	0.136	Tesla (TSLA) Rises as New Robot Video Highlights Innovations - GuruFocus		https://news.google.com/rss/articles/CBMingFBVV95cUxNY1owZjRSZWgyR0JDeWRZZ053Z3Y5RGdVXzR0NEhkem1xdEhEZndVRC1RSWtpX2hhd2IzaU9xNlo1R1h1Ui1lUmlQVUlXUUFpMldOQ3JJMW5VMThYYV9UY3JBVDlTdllJNkZuWW1FQ0FyN3ZSVGh4SFpreDFPYkxTaEUtMHJHN3J6Z2NZZEhJODZXTWlfaFZlNXNKMEtsQQ?oc=5
2026-03-25	Google	0.136	Tesla Stock Today (TSLA): Live Price, Analysis & Forecast | 2026 - techi.com		https://news.google.com/rss/articles/CBMiUkFVX3lxTE02dHVFMzlnNi1QRTh5Q0Rxd1RzUmlUN25DaHRBR2F4SmRjbHBjV081czB0M01YZld3UjRfRnBNY0NKdmpWWlpCQTRnRHM2YzE0ZXc?oc=5
2026-03-25	Google	0.136	“Million-Mile Battery”: Tesla Stock (NASDAQ:TSLA) Jumps With New Semi Battery Claims - TipRanks		https://news.google.com/rss/articles/CBMirAFBVV95cUxQSFhsVVhkWTB2SVRDX0NULXRiVlEzYTgzbVFrVVEyV0VwMlF3TlcwbHd0MEJuZFFVZ1lGNjcxQzRKT19Beks5UEFvNFloelYwNDFSeEdCM0dhWl8zZWkwdUFhVWh5ZkN0U0pPQ1FTbFdSNVhuQ3d0QWR6STE0YjZqWkk5aVlsRUJmU1hPU1B3RUQ4TU1GODhHRU9XLVlNbDBZM3oxU1dpNmxiT0hB?oc=5
2026-03-25	Google	0.125	Tesla and SpaceX's Terafab project likely signals first step toward merger: Wedbush - Seeking Alpha		https://news.google.com/rss/articles/CBMiuwFBVV95cUxOTFp2M1lONXpMZF9UcU8xSDNISlZhSDM5Z2RJYWFoTG52R1h3clpLYmRkZHB6TmFJSWdrZmlyTU5UM0Nac0RfS3FVTERMVmp5bW1EYnhGMUp5cllzb1cybUhBMkkwajd2eXB1X0E0ZF9vekRTWXdjbk8xRTZPRzdjYWNuWUNoVTZ6ZHQ1c18wODcyc0pmaDRzc0gxd0JmZkhmRjk3dS1hTzZZQk02TDJvNVJZR0RHUjdnWnJB?oc=5
2026-03-25	Yahoo	0.12	SpaceX could file for IPO as soon as this week, report suggests	STORY: :: SpaceXElon Musk’s SpaceX is aiming to file its initial public offering (IPO) as early as this week. That’s according to a report from The Information on Tuesday, citing a source. The report said those involved in IPO preparation expect the company could try to raise more than $75 billion. It would make it one of the largest IPOs in history.  Reuters could not immediately verify the report, and the space company did not respond to a request for comment.The potential listing comes at a t	https://finance.yahoo.com/video/spacex-could-file-ipo-soon-144951877.html?.tsrc=rss
2026-03-25	Google	0.1	Dan Ives Says Tesla's Terafab Project Is Hinting Towards Merger With SpaceX—Predicts Nearly 55% TSLA Upside - Benzinga		https://news.google.com/rss/articles/CBMi7wFBVV95cUxQalYtVnRZTUxQNEdlVUhiMFV0WXFNM0RBLXFJUV9ZOWhBSjF0eHhkQV9hMzVZREF4QV9DTHlRT1NIUzBkUzl0T25kWEgtTXdzNjFMVGU2WC1ackFYTlkxN0ZXMWRSYmpYVktwTFN6eG5meERrUEx5LTFNdFMxY3h1WFJCR3ZoWGtCbTJSbFFWUjlvOVRMZGZTc0ZwNmQtOHdKM19aWGVGY3NXLWhBNHBYbHJhclZZX2hzT2hxT2NjcV9UWnNFbkNQTDREZml0TzVXUWQtdloxUUdSOVU0QXZBR2F2dzJfOXFzOE56WURXbw?oc=5
2026-03-25	Yahoo	0.09	Meta Takes a Swipe at Tesla With $9 Trillion Stock Goal in Half the Time	Meta Platforms  is making an aggressive bet in its bid to win the ever-intensifying artificial-intelligence talent race.  The owner of Facebook and Instagram unveiled ambitious executive pay incentives, targeting a $9 trillion market capitalization by 2031.  If one looks carefully, its move could be a subtle dig at  Tesla  and Elon Musk.	https://finance.yahoo.com/m/9a6927b6-77ff-3164-89b5-eb24f75220af/meta-takes-a-swipe-at-tesla.html?.tsrc=rss
2026-03-25	Yahoo	0.09	Wall Street Is Going Gaga for Robots. Aptiv and Other Stocks Will Benefit.	Advancements in artificial intelligence are enabling a host of new virtual applications, such as AI agents that can help write software, manage a company’s books, create short- and long-form videos, and write college entrance essays.  AI also is good enough to run machines that can interact with the real world.  The latest example is a report from  Jefferies  titled “From Asimov to the Assembly Line: Humanoid Robots Begin to Clock In.”	https://finance.yahoo.com/m/997c41a3-5247-3e7f-9e9a-bd5d2c377891/wall-street-is-going-gaga-for.html?.tsrc=rss
2026-03-25	Yahoo	0.071	SpaceX Could File IPO Prospectus This Week. Why Tesla Stock Is Popping.	SpaceX’s initial public offering, the capital markets event of the decade, is almost here—and investors are trying to figure out what it means for  Tesla  stock.  Tuesday, The Information reported that SpaceX could file its IPO prospectus as soon as this week.  SpaceX didn’t immediately respond to a request for comment, but essentially, that’s right on schedule.	https://finance.yahoo.com/m/017a1fd8-3d81-3397-b180-ed8364266147/spacex-could-file-ipo.html?.tsrc=rss
2026-03-25	Yahoo	0.058	SpaceX said to target as much as $75B in blockbuster IPO	(Bloomberg) -- SpaceX is considering a fundraising target in its IPO that would dwarf the previous largest ever debut, according to people familiar with the matter, as billionaire Elon Musk’s rocket and satellite maker moves forward with listing plans.The company is weighing a ballpark figure of about $75 billion in its initial public offering, one of the people said, asking not to be identified as the information isn’t public. SpaceX has discussed with potential investors the prospect of raisin	https://finance.yahoo.com/markets/stocks/articles/spacex-said-target-much-75-153339733.html?.tsrc=rss
2026-03-25	Yahoo	0.038	Earnings Outlook Improving Despite Iran War	It is reasonable to expect elevated oil prices to eventually start weighing on the profitability of other sectors. We are not there yet, but if the ongoing supply-side issues persist for another couple of months, we should expect earnings estimates in the aggregate to come under pressure.	https://finance.yahoo.com/markets/stocks/articles/earnings-outlook-improving-despite-iran-220700684.html?.tsrc=rss
2026-03-25	Yahoo	0.025	Musk Races to Launch SpaceX Before the Next Guy	Goldman, Morgan Stanley and 28 other banks reportedly lined up $40 to $60 billion in demand, pressuring Musk to move fast before rival IPOs drain the pool.	https://app.moby.co/home/news/news-musk-races-to-launch-spacex-before-the-next-guy?utm_source=yahoo_finance&utm_medium=rss&.tsrc=rss
2026-03-25	Google	0.0	Capital Asset Advisory Services LLC Sells 2,667 Shares of Tesla, Inc. $TSLA - MarketBeat		https://news.google.com/rss/articles/CBMizAFBVV95cUxNNGhxNjlOVFZob3c1anFEeEE0UTYyY3Bqdk43YWRhcDhLaDhid0JsalRjTk94VDgyNzRzQndkQV9tNU0yOU1FUkdHZlV6RE80ZE1JU0s4Vk9tOFNOR3ZjTEx5QVBpaDktZEZtaXVHY2RjNERseWQ2VDh0NkJDdkx5QXJDVWFLVFpmUzZySDV0V1dZOVFNb09EZmpFcnZLSmlyaUZNczNkdEdya1F6UG9fM291OUV4Z05oWmVqdGhwQ3JfVjFkWGhENEdtdUI?oc=5
2026-03-25	Yahoo	0.0	Could SpaceX file for IPO as soon as this week?	Yahoo Finance Senior Reporter Brooke DiPalma speaks with Yahoo Finance Senior Autos Reporter Pras Subramanian about Elon Musk's SpaceX (SPAX.PVT) and the recent speculation around whether it could file for an IPO as soon as this week.	https://finance.yahoo.com/video/could-spacex-file-for-ipo-as-soon-as-this-week-192732265.html?.tsrc=rss
2026-03-25	Google	0.0	Daymark Wealth Partners LLC Boosts Holdings in Tesla, Inc. $TSLA - MarketBeat		https://news.google.com/rss/articles/CBMivwFBVV95cUxPYU9lcUpjaHNzTy1acFg4MlVIX1c2ZllUVDc1RkU5QmEwUUgwMGJPbWE4a2VZU2tfNW9LTF9OdTRxVV9zbm5FREVsTE1TUVQwLWtiVTYzOGJrbDdkQjRuODVsd01fY09CN3R1OVh0YUUzR1h5eEY3OGhyaGFSVk1EUzBHMlRqZS1sNEl6b0gwSmozSUdRQmlDcjJyRkI1czRVcDVlRHlHQWhPZ0VHa29CSHY1VUktUjdyZlpCWFp5QQ?oc=5
2026-03-25	Google	0.0	Dow, S&P 500, Nasdaq Futures Jump On Iran Peace Plan Signals: Why TSLA, GME, OPEN, VCX, LUNR Are Trending After-Hours - Stocktwits		https://news.google.com/rss/articles/CBMizAFBVV95cUxNVUg5S0p6QmZ0UWlDUDNQcTl5OWd4cFhzMDVjaVJxYW00aVZSZlE5ZFRubldYbGEzNURBeDZzSnoyekxhVkVmTG53QlNLYkR2SkFFQlptU1N2cS1oQnB0RFNPcGIzc0tjbVY1Tk5tY0pBU1M3OUM3ek1fcWtkYXkxVWJtX2RPZ0M0WF8zMTE4Qi1QTmJIM0NPY3NWaDJHQ1pMNlluQVZpakxMOF9UeGlWdzRRTC1zam1kT1FFT2kxNXNBS3g4RGRtQm1ETzY?oc=5
2026-03-25	Google	0.0	Key facts: Tesla unveils Terafab; analysts bullish; Musk seeks recusal - TradingView		https://news.google.com/rss/articles/CBMiyAFBVV95cUxPU3hQcEpVZjBqaHlBb3VNOGtnWnF2R1JaWlBzaXNJcWtQSHZ5aXNyeFNKcmRJWE5oOWhiZzYxbHRuU2QxQlJ1cjhnYW5OZVMwMldYMDVrWHAwUGhGRGZJT3MzVTc5SWJ6Wjg0SDZhUEpHRHJHNHlOWVRkTFc5ejlLZHg2V18yUE5DcHJYUi10UVBNdllYcVRNTXVTdWtYWW90dWtIaHJxU094ejVVZ0lBSTl1V0dLSWJVY1ZSYmNCX2ZycUtFbzJTbw?oc=5
2026-03-25	Google	0.0	Legacy Wealth Asset Management LLC Lowers Holdings in Tesla, Inc. $TSLA - MarketBeat		https://news.google.com/rss/articles/CBMiyAFBVV95cUxQRU5nYUZlb1hQSmtpVmRKbzlLZnRnU2JSbnRsdFNDdW5lcEdDVTlHTGtheGpRVnA2Nkg1VFY3S3l1UlJhT0R5ZzktQUg5STh4M0MwVkNhZFo2cnlzbmUyaVBSWk9TWVRxLTlMWENYUVhmeFJ6amQ1bmtzbjFmX2gtdmc1dWxUTjFfd3ZrNS1PTzVabzMybHNROEppZVRGMV9RcnJzR18weEFjQktBVEpuVXd3a0xaRnBIUWNPcmlZLW1Vdk5KQzc1Tg?oc=5
2026-03-25	Google	0.0	Meadowbrook Wealth Management LLC Sells 1,825 Shares of Tesla, Inc. $TSLA - MarketBeat		https://news.google.com/rss/articles/CBMiygFBVV95cUxPLVBLZVBVY1hHbWVfa1hsUUNzLXh6aXRnUjVFcFBORFhCelQxTFFPUnpMN3dKQWxnYmhOY3JYdHNCYVpCRW1MQUFwa2l3U1ZkRlJaQTk5clVyMk9KT2ZRY1VkZmFnSGdIS000ZUZkSmVmUzBoQTlBbmdMdXVVeENTY3U4bnZxRzBvT2F0VF81WF8tNXpYQ0JSODNYQzdIc3Y5NDFfcloxZTY3TnlSdXlNWktzSW1UbEhiT0hnUVNkdzYyX3VrZFBTYVZn?oc=5
2026-03-25	Google	0.0	Nasdaq, S&P 500 Futures Jump On Middle East Deal Hopes: Why TSLA, NVDA, MSFT, ARM, CRCL Are Keeping Traders Engaged Today - Stocktwits		https://news.google.com/rss/articles/CBMiyAFBVV95cUxPUXNQZ3lSaVUwU25TeG5BZC1kMGs2VmlFcHJpQWRjaUpjN3hzS1lLR1pEdDVXVWlWOUJvVDVxS3N2dldKWXZaVjhlVmJBWTFkZ0w2MWpkUkpCSGFnSUgtVjY2LWh3MkE2Mm9qRG5xWGh6dmlSeTJlV1RUOF8xay03SFRyQ1VXaGQwaGc3aS1fc1Bnb0g5YUMwcF9FdGxkQlFrWkNPMnRKZDBtd3lGdkhRLW50ZkV3M1BrcE5ua09MTWtjQTRaMEg0RQ?oc=5
2026-03-25	Yahoo	0.0	SpaceX IPO Filing This Week? Space Stocks Soar, Tesla Rises	A SpaceX IPO filing could come this week, The Information reported. Elon Musk's space company could seek to raise a record $75 billion. Space stocks soared.	https://finance.yahoo.com/m/d7e9f40f-cf3b-310e-95a8-356cb438d842/spacex-ipo-filing-this-week%3F.html?.tsrc=rss
2026-03-25	Yahoo	0.0	SpaceX Prepares for Potential Mega IPO Filing	Report signals one of the largest public offerings in recent years	https://finance.yahoo.com/markets/stocks/articles/spacex-prepares-potential-mega-ipo-125521374.html?.tsrc=rss
2026-03-25	Google	0.0	Spotlight on TSLA, SERV, RR Stocks after Robot Showcase at the White House - TipRanks		https://news.google.com/rss/articles/CBMiqgFBVV95cUxOQVlSQnpRVjR4Mm1icDNvQTRCY2lDWjhlaGxoWG0wR0RIeFIxZHk5V2toNTFlNFIxcVlYWWU3NzZuZlFNVXNqNnk5VUhOdEVxNjRpYXRublUyalNoZFhHRUlwbGZ1ZXF2Zy1ZUVFHck9La0Y0QWFaLXB5Q2dMTUZ1MldNZUJQSkdqQ3lSaERnM2ZkRFBYMXJfdDdmd2I5bEZQSUlPR2ZhYzRRUQ?oc=5
2026-03-25	Google	0.0	Tesla (TSLA) Stock Forecast for 2026, 2027, 2028–2030 and Beyond - LiteFinance		https://news.google.com/rss/articles/CBMihwFBVV95cUxQMkVIZ2JycGpoRmtXSU5QY0wydERtdU9YLV9TbG9qUVJHSE5uY05NYXpJU3JXaEFpWXJkLXM4RG8xODByRHJaTU1ING53alZZaVhiSnpKT2VyTTlCVEt3U0thLUwya2ZreGlsLXM3d01KRXVoUW5wa0RERDNjRFZsVEtuLUo1WTA?oc=5
2026-03-25	Google	0.0	Tesla (TSLA) Stock Rises as Wedbush Analyst Hails Terafab as Revolutionary Development - MEXC		https://news.google.com/rss/articles/CBMiR0FVX3lxTFBKbDN2ZGl6djQ2aHlJZnBpOFY3ekxMN2NYUkhoM19XU0xsR1BoaEJtbDRkcWpGQWstNkF1NzVtOW1jRnVHcGFN?oc=5
2026-03-25	Google	0.0	Tesla (TSLA) and SpaceX Plan $25 Billion Terafab Facility in Aus - GuruFocus		https://news.google.com/rss/articles/CBMipgFBVV95cUxPWnloa0prbGNURV9PSFhvY2RTVkE3YTA1TnFEVkFiNTZUOWNqRXRkckhsWlJ6UjVQT1kza2V0cElDQS05bVFRcnAyamEwRzBWa1kwUDVvLUFBTWExaXpsX0tOYnpZMXZkNHZvV1VLRE9hX1FTRmhFVVpHc0tSVEhCTDV3X1VaWms5OFNmUFBfcGJYUDlDLU54WUg2dFJPMm5kLVJYOHl3?oc=5
2026-03-25	Google	0.0	Tesla (TSLA) closes above ___ on March 25? Trading Odds & Predictions - Polymarket		https://news.google.com/rss/articles/CBMib0FVX3lxTE9MazdmUTlQX0MtV25tLU9SQXdDRVJCMGotV1dmWVJOaEx3YkJFdndjR3J1SXVCSFRXT2Y2VmtodG9rQm95YW9ZcTBMNmxUVUM0ZzRnX3lTck5QY0wwUC1MY2NHNzZvUEFkalNBNmE3aw?oc=5
2026-03-25	Google	0.0	Tesla (TSLA): Musk Eyes $10 Trillion Revenue from Optimus Robot Program - CoinCentral		https://news.google.com/rss/articles/CBMilwFBVV95cUxNTGk2VUw1a2xFUzkyV1VFZG1iSGdEemhDRTdqeDdoU2Q0YmJ5eXRyYVdWenhVVV95aFk5YmVwS0dTNHNkR2Y2R2xIbjBQYTF2b3k5akIyWjFCb2N5YzZid0hzR3dnOEZYcHZOcm5MVlE1VlJWRkFtSm9NYUNvV1AzcF9Ma25CMV9XMUM5UDlSRmxQM1pMQjNZ?oc=5
2026-03-25	Yahoo	0.0	Tesla's $25 Billion Bet Raises A Bigger Question	Project may signal path toward merger	https://finance.yahoo.com/sectors/technology/articles/teslas-25-billion-bet-raises-194617497.html?.tsrc=rss
2026-03-25	Google	0.0	Tesla, Inc. $TSLA Shares Purchased by Salem Investment Counselors Inc. - MarketBeat		https://news.google.com/rss/articles/CBMixgFBVV95cUxPUF9MeTRBM0ZLdDZMM0Izb1FTaktpY2U3aERWS2FZWk1tTUl6b1JYdzc4dkhqTjFCWVlfVEdReU9odjh5cHNhc19wQXdwVWNBY1NVWHFtWllUaERpdUFjdm5UZWRpVE13ZTMxU2p6V1k3a3IzZEM5NlhYU29nUmZ1ZEdNZV8wSmV3QXYyYTBhWkxVNEFKWEFlYk1NOWNwak1hTkY0ZmlMNFY2VXhpZ1VTbG9BTVV5SVpDVzNKbllxNjh0aTQ3OVE?oc=5
2026-03-25	Google	0.0	Tesla, Inc. $TSLA is Avanza Fonder AB's 7th Largest Position - MarketBeat		https://news.google.com/rss/articles/CBMiuAFBVV95cUxONHk4UFd5OWN0RzdWY1RoQ2R2R00wVVBpVVFXS1NLTUdxR0gzYzFBNTlEMnd4cFZ1bXVZS21HLTNxUlI4VDd0Slg1NHZURTBrQkJkNHB1U3hKVnBuTE5VOVZXdWVhalVGWVBDa1Q1enJtR3F0UGhocHFWb2ozcDRwbHUzWmtMUnZrUVNOblphaVU2eTBhVlNSUWdqMFR2MlB4b2xHdkF3X3lZb2o3QlQ2Vnk4MXFZNkly?oc=5
2026-03-25	Google	0.0	Tesla: Optimus Is A Distraction (NASDAQ:TSLA) - Seeking Alpha		https://news.google.com/rss/articles/CBMie0FVX3lxTE9aRk5vZ1V6VllfSzRzRHJjR0Rxbi1BWHl1TDZZRXdrdEVhU253eGxSa2txWG9BQTV6dVNhblNGNlowQ2FkZExyRE9OTXNWbUhDV3VUM25icF85Q1Vsd3ZPVFcwd3pMeGVaYTFxNy00MDlub3NSYlBXbENobw?oc=5
2026-03-25	Google	0.0	Wealth Management Partners LLC Cuts Stake in Tesla, Inc. $TSLA - MarketBeat		https://news.google.com/rss/articles/CBMivAFBVV95cUxOYmdHcTZXTUozUHJ6SVlXbzltOFhFZUFJYTRlbVBOdmVOMDJKdjh6VTlqb1FYaHdoSUFSRzBwbVlFS2Qybm83emJfY05NMldiaHUySkdlaE82bkF2akV1UmFQUzBiWU5FeFNOdE5BS2RHWDktWmgyQ1hJLUtiZEFrYTNKazlYOUJrZTFVaUVWX1k1WHZDRUo3a3dSVkpiTmxDSEp5SS15OEY4ODZURzdsWGd2X3EtX1J0eUNyag?oc=5
2026-03-25	Google	0.0	Wedbush Maintains Tesla(TSLA.US) With Buy Rating, Maintains Target Price $600 - 富途牛牛		https://news.google.com/rss/articles/CBMirwFBVV95cUxONlMzeC1MRTdlcmMzYUo5dmFzUkktM3Z6RDhKR2NrUEM2aHQwckpoUGlxVnEyRDBRYS04OXRkeHE0VVVfYWR0bjFGUF80Zlh1WVZCd3UyZ25sR0FjdlF2S3JGT01IdUp5ZFpqZlJmWmFVXzBsczRPSmFQa2RkZVAzTDV1NmpFZnFDVU5PMUV6eXE5SUVDUklQVVJ5WVl4b0pKQlc3aGFQV1QtVUxFN1ZB?oc=5
2026-03-24	Yahoo	0.5	Is Rivian's $1.25 Billion Robotaxi Deal With Uber Really a Good One for Shareholders?	Rivian had to abandon a long-standing profitability goal to make the deal with Uber. Was it worth it?	https://www.fool.com/investing/2026/03/24/rivian-rivn-robotaxi-deal-uber-good-for-investors/?.tsrc=rss
2026-03-24	Google	0.4	Is Tesla (TSLA) Still Attractive After Recent Share Price Pullback? - Yahoo Finance		https://news.google.com/rss/articles/CBMioAFBVV95cUxNR1FRQnJTMFEyRlg5dmNKQTEtSXRtcGhwd2F1dTluT29OX21GaGtkU0Y1Rk5mZEpMN3lMS3lqN2VfZ0xzSUd6eFptbElNdUFLT0ZYajFvaTctbmxJdWI4eldHZUhOTHY4WnY5M3piUGRLcmZQcllEbGJ3N2E5U091RzRvOW1YWlRFbnlDTmpIYXdwcE5FZ1hNOFdwRjNEWXFP?oc=5
2026-03-24	Yahoo	0.4	Tesla and SpaceX's Plan for Texas Chip Factories Fuels AI Strategy, Wedbush Says	Tesla (TSLA) and SpaceX plan to build two advanced chip factories in Texas, which will set the found	https://finance.yahoo.com/sectors/technology/articles/tesla-spacex-apos-plan-texas-150541433.html?.tsrc=rss
2026-03-24	Google	0.375	Barclays: TeraFab chip plant may significantly increase Tesla's (TSLA.US) capital expenditure, with support from SpaceX and xAI. - 富途牛牛		https://news.google.com/rss/articles/CBMirwFBVV95cUxQOUlUTEVlLTJZVUtBX0Z6TkxaYWh2TWtVZTU0YzlMaVdMM2pNRlBwNmhGS09xZkZGRlRjZDlKci1wLW4zZ3pCWi1LZEthU1BUS0VaVkZKMWx3VHg5djBWVjFwMmtka2hVVUtyRGt0cm45bHBKZ2RXWDBZZFdLdW1Pck5FOVNtc2RZT184blVXcDVob1ZKUWY4VjQ1eFlqZGRRa1ZrQzhBaDFyNHdPU19z?oc=5
2026-03-24	Yahoo	0.362	Stocks to Watch Recap: Tesla, KB Home, Jefferies, Estée Lauder	↘️ KB Home (KB): The home builder cut its fiscal-year guidance as challenging housing market conditions persist. The stock dropped about 4% in postmarket trading. ↗️ Tesla (TSLA): The electric-vehicle maker recorded its first monthly sales gain in Europe, where it faces intense competition from BYD, in more than a year.	https://finance.yahoo.com/m/adedc91e-f101-3dea-abfb-6fa11b442ffc/stocks-to-watch-recap%3A-tesla%2C.html?.tsrc=rss
2026-03-24	Yahoo	0.25	Amazon’s Zoox Is Expanding Its Robotaxi to San Francisco and Las Vegas — Tesla Should Be Worried	Amazon (NASDAQ:AMZN) subsidiary Zoox is expanding its fully driverless robotaxi service to San Francisco and Las Vegas, according to a Reuters report today, putting it on a direct collision course with Tesla’s autonomous vehicle ambitions in two high-profile markets. Amazon’s Emerging Threat to Tesla Zoox has been methodically building its footprint: the unit launched its ... Amazon’s Zoox Is Expanding Its Robotaxi to San Francisco and Las Vegas — Tesla Should Be Worried	https://247wallst.com/investing/2026/03/24/amazons-zoox-is-expanding-its-robotaxi-to-san-francisco-and-las-vegas-tesla-should-be-worried/?.tsrc=rss
2026-03-24	Yahoo	0.176	Is Tesla (TSLA) Still Attractive After Recent Share Price Pullback?	If you are wondering whether Tesla's current share price still reflects a good deal or too much optimism, the key is to separate story from numbers. Over the last year Tesla has returned 36.8%, while the share price shows a 3.7% decline over 7 days, 7.5% over 30 days, and 13.1% year to date from a last close of US$380.78. Recent coverage has focused on Tesla's position as a major electric vehicle manufacturer and its role in broader conversations about growth stocks and market volatility...	https://finance.yahoo.com/markets/stocks/articles/tesla-tsla-still-attractive-recent-001726877.html?.tsrc=rss
2026-03-24	Yahoo	0.126	Lucid Group Stock Is Down 98%. Is It Finally Time to Buy?	Investors hoped Lucid Group could be the next great electric vehicle company. After falling short for years, a new partnership offers hope.	https://www.fool.com/investing/2026/03/24/lucid-group-stock-is-down-98-is-it-finally-time-to/?.tsrc=rss
2026-03-24	Google	0.118	Clear Trail Advisors LLC Makes New $721,000 Investment in Tesla, Inc. $TSLA - MarketBeat		https://news.google.com/rss/articles/CBMiywFBVV95cUxNVVFJd3JuVGxUTDh3X3RmM1RHZXR1X3FIcWgzakFwYVdNY1NwX0hNU2FET2h3THhOVXc0RTV5d2M2X25ndE5malVVSDlpR3JzMzBkQWhXdDFCQXdpZXlQeEFGaUV1WExGS2hUSmZmTEVGUUl2bm5Cczk0RGttZ0RleTZ6TmZ4Y24wazhQdFZIVTVwN0V5STZQTjZ2OW5SSTBzb1VzT3hEZWdnNGxTM0tGYVJmdnJvY0tqWmZzX3FGUFktM240bG11anFodw?oc=5
2026-03-24	Yahoo	0.07	3 AI ETFs in 2026: One Is Up 77%, One Is Down 8%, and the Gap Tells You Everything	Three AI-focused ETFs are sitting in very different positions heading into spring 2026. Invesco AI and Next Gen Software ETF (NYSEARCA:IGPT) is up 3% year-to-date. Roundhill Generative AI & Technology ETF (NYSEARCA:CHAT) has gained 8% in the same stretch. JPMorgan U.S. Tech Leaders ETF (NYSEARCA:JTEK) is down 8%. All three own many of the same ... 3 AI ETFs in 2026: One Is Up 77%, One Is Down 8%, and the Gap Tells You Everything	https://247wallst.com/investing/2026/03/24/3-ai-etfs-in-2026-one-is-up-77-one-is-down-8-and-the-gap-tells-you-everything/?.tsrc=rss
2026-03-24	Yahoo	0.044	Tesla, SpaceX Terafab plan seen as key to easing AI bottleneck	Tesla Inc (NASDAQ:TSLA)'s reported plans to build advanced semiconductor facilities with SpaceX mark a significant step toward addressing what Wedbush analysts see as the “largest bottleneck” in the company’s artificial intelligence (AI) ambitions. The project involves two chip fabrication...	https://www.proactiveinvestors.com/companies/news/1089431/tesla-spacex-terafab-plan-seen-as-key-to-easing-ai-bottleneck-1089431.html?.tsrc=rss
2026-03-24	Yahoo	0.038	Tesla Falls Behind Chinese Rival In Europe	Tesla turned around its performance in Europe in February.  In February, new vehicle registrations for Tesla's rose 11.8%, after having fallen 17% the previous month, according to data from the European Automobile Manufacturers Association (ACEA) released Tuesday.  Meanwhile, the Chinese EV maker BYD saw new vehicle registrations rise 162.3% in February.	https://finance.yahoo.com/m/fefa470c-9a35-3089-8afc-fa79e44f3cfe/tesla-falls-behind-chinese.html?.tsrc=rss
2026-03-24	Yahoo	0.035	Fmr. Tesla President Talks New Book on Musk's Success	"DVx Ventures CEO & Former Tesla President Jon McNeill discusses his new book, ""The Algorithm,"" which details the hypergrowth formula behind some of the fastest growing companies, and why you don't have to be Elon Musk to drive innovation. He talks with Katie Greifeld and Romaine Bostick on ""The Close."""	https://finance.yahoo.com/video/fmr-tesla-president-talks-book-205545825.html?.tsrc=rss
2026-03-24	Google	0.0	3/24 Tonight's TSLA Analysis and Forecast 🤔🧐 - Moomoo		https://news.google.com/rss/articles/CBMilgFBVV95cUxNZWlMUk1lSkZxQXZMMFlORWxzR05Semt5bnBrU01VOEZYc2dqb3RpcXdXcG1lUk9VS2ZvRzlVUnZfRVJBcDE3enlXUFR2QWhpaW5RcEdYcGFNeEtmY0luNTFEY1JiZWZncXc4OHlkbC1OZnBMN0NuMURlUHR4bnIzaWc5dHNiLTlPa0Vjd3dmeU1JaVhxQkE?oc=5
2026-03-24	Yahoo	0.0	Amazon ‘Disrupted’ Again by Drones in Middle East. The Stock Isn’t Fazed by the War.	Amazon.com’s cloud-computing arm says the company is working with local authorities in its ongoing recovery efforts.	https://finance.yahoo.com/m/262e663d-a9e6-334f-8d14-711abf5500bd/amazon-%E2%80%98disrupted%E2%80%99-again-by.html?.tsrc=rss
2026-03-24	Google	0.0	Analysts Offer Insights on Consumer Cyclical Companies: Tesla (TSLA) and Amazon (AMZN) - The Globe and Mail		https://news.google.com/rss/articles/CBMi-AFBVV95cUxPc3BfVG5hbk1KRFlZMHZ4cDlkdG9wUjl0YUt6REFtdmNOS0wtb0lyZGNOZnU1U1hrR1E4cFNfbjNaanhNM2t1WkdvRk9TaUNKZThXeWJaTlM1N1lrUGR2Q09kM2U5UjBnZkF1QWMyRm1jNUc1RFB5T010UnhhZU5Db19fYVhhbkhDbDNUQzVwdEdQLVVHNmF3NXdVb1dWNnpPX2VDT0thcGFqQzEyal81dWFHUE1tdkZIZEVpYmF5a1FNLVVxYWJvNnhMN0pwVUQtZFp5MTNkMjhkOERJYl9aRHhUNTNoMEFscnNlU0hJZG5jbmVBM2dZSA?oc=5
2026-03-24	Google	0.0	Analyzing Tesla In Comparison To Competitors In Automobiles Industry - Benzinga		https://news.google.com/rss/articles/CBMivwFBVV95cUxOQnR4Q3JjUHlCbWlSNG9tMmhjWG5ReWxGWk45cmZVeTZISGVsU0trUjI3SWxGZTRNekZJWnU0T1RkZTdMbTB0SFpaeXUycUxFcHlOVk9lNzdFX25BeHVkV2NZY0pVOTdGTUtRdVo2cUZDdTlhaUtfQXFWMVZrZE9YY0l2VWViSlBqeUZnWTZGcVhCRmRQOEJlcW51amtzNXB2OXR0OTRVb3VYTGx3LV9xQzFOMmRwcGJ4MFBrOTVFYw?oc=5
2026-03-24	Google	0.0	Does Tesla (TSLA) Still Justify Its Price After Recent Share Pullback? - simplywall.st		https://news.google.com/rss/articles/CBMixgFBVV95cUxOSjFKOHlmUFBrTGJYa1UzZ1VTWGFHMk13MjJqLXk0WFgyNjEyRVg0ZFlTNFZoUVlDQVIxaUFMeUE1VDhYWTBxSFAtOExHdEVjZzVHZHoxZV9kWFRMSlBWcFNLR0k2dWpDcHJWSmF1TXBmUkRIT1Noa0ROMGszMlRmRGRPczRPaUJvd2toemU5S2Utbi1xMHF5ZWxSemk3a0VjV3BFNXliRjgxUXp1akhQanpEOUtGdWJIaXBGTGNsWWQtb0E2SFHSAcsBQVVfeXFMTnVDN2pTbDA5X1NTVThySmVQMFJ4YjBGRno2VnZqTUJweHhzSWxhMkRqaUZ1NmYxdF9Zczd2YlVjcTF4V25GcUV5czlQejlXNjNEaXVQUFhNWmJNQWd0cnVfMjBvRy1rejBnMWx3YzA3UnJ4RlR0WVJJSWotYldHTzlIa3lWNzlJWURRVmI5TzNvQkZha1ZfYlEtbGNoOFJvMjlsTkszRTJxekdxbDZwaW02OHlfSWx5dE5aWUFhMzhsTjhOUzFkb0RBQnc?oc=5
2026-03-24	Yahoo	0.0	Dow Jones Futures: Trump's Iran Comments Spark Stock Market Rally; Micron, Nvidia, Palantir, Tesla Are Big Movers	Dow Jones Futures: Trump's Iran war comments sparked a stock market rally Monday. Nvidia, Palantir and Tesla were big winners.	https://finance.yahoo.com/m/9799f27c-b68f-38ee-83e4-63d9660eac13/dow-jones-futures%3A-trump%27s.html?.tsrc=rss
2026-03-24	Google	0.0	Dynamic Advisor Solutions LLC Trims Stake in Tesla, Inc. $TSLA - MarketBeat		https://news.google.com/rss/articles/CBMivAFBVV95cUxNbW80Q3YwS1R4WXIwRmp4Ni11bF9qSF9KaEJkNUZnTXFsMDUtYUkwSk80NUZhYXZfYVJoYktaNlRxeXlQSXhzcUxQMUgyd080TzZzUU1sU2tHOEJGY0xTVXlaTWVhNk1UZks0S1ZlZTliaG51UTktbV92amtNeHF3SnZ4OUN3bkVJeDc2ZldjeHpZSHhJdHh0SEVoTUxWSGpEdU1IR2VacC00TWFVampKMXAtOGhHTG5vU3hoYw?oc=5
2026-03-24	Google	0.0	Financial Management Network Inc. Grows Holdings in Tesla, Inc. $TSLA - MarketBeat		https://news.google.com/rss/articles/CBMixAFBVV95cUxOcnFlbndBVzNOMHQtMy1xR21vVGtqckFDbzB3OW9sY0NfekVBWktodFJjQXp0VjNsLTNRaFZWcmlhby14YVdPanJRc19acVdydjVsUG9UWDJTd1dYV3J0dDJaM1hNRHlwSm52VGZBOExmb0lONkJSTk9weDJGU1d3SUViWEJlUnpIbnlvMXg5Q2pyUk15SmRIVkNjOEVaaUkzVWgyR0hqcllLV19FSHRhUUVlVWFJOVdMaHFBRGpJNDg4U0xh?oc=5
2026-03-24	Google	0.0	HSBC Warns Tesla Stock Could Plunge 70% as Analysts Cut Price Targets - TIKR.com		https://news.google.com/rss/articles/CBMiqgFBVV95cUxOSXFEemwxRzRUTGlZTk5CN1ZuODlTdDRYT1FxYVkzcnFmbXV1Q2IyT0MxcmttSGwtS2dpRFl0c2lsODJyMnBpdXgydC1ma09MVExvcnJXUjRKUkp3OWZCQmozSU4zNGFaUzI5TTF5bm5ROHZyWllkdmZDTGpQMGxXYWdlM3FTUUhQaVRPcGgwNmtEMGpWLW5tckhqd3FHWndpVTF2X0F1R29GQQ?oc=5
2026-03-24	Yahoo	0.0	Musk Unveils $5T--$13T Terafab Chip Plan Targeting 1 Terawatt Compute	Tesla, xAI and SpaceX chip ambitions aim to address AI-driven capacity constraints as hyperscaler spending accelerates.	https://finance.yahoo.com/sectors/technology/articles/musk-unveils-5t-13t-terafab-230317207.html?.tsrc=rss
2026-03-24	Yahoo	0.0	Podcast: Stocks Fall and Oil Prices Climb Again	Tesla shares rise after sales gains in Europe. And Amazon.com stock declines after disruptions to its data centers in Bahrain are reported. 🎧Listen: Katherine Sullivan hosts the Minute Briefing podcast.	https://finance.yahoo.com/m/321b99e9-bf4d-3620-8e70-4a18cc9f92df/podcast%3A-stocks-fall-and-oil.html?.tsrc=rss
2026-03-24	Google	0.0	SA analyst upgrades/downgrades: TSLA, SMCI, NVS, KLAC - Seeking Alpha		https://news.google.com/rss/articles/CBMikAFBVV95cUxQTDNPb2lBWWtkU1BFMkJVME1XZV9KVWY1Z2E1VFdyQ0w4ZFlIRjhQWktaM2YtNHBvYVZzZ21YaEZmd2pabEtueks2Mm9OSUw0d0l2NUN6MHo5R3kzaG9Tc2lNSHNMcXdIaEo2Uk9SNFh4bFZhR1pHWE44eFBvWEt5YURXOFNDbTR4MTA5RjVlQzM?oc=5
2026-03-24	Google	0.0	SG Americas Securities LLC Increases Stake in Tesla, Inc. $TSLA - MarketBeat		https://news.google.com/rss/articles/CBMivgFBVV95cUxNRU9pV0RYaldEWTdBYVJvUGdjN3dMZWFFblVMcjdnd1NCcTFkOHhTTWpSUktrZER2V3o3M3ZpdUx3NUttVXg5aHNZSTBNZGJCQ01jMTE4SzhLNWQ3bDBlOHV3cW5vV0FfcU1NVjRPNWdRMTgwa1h3d3hyak53WjlFYVpZal9VSmkxNy15ODFhQ2paRXRoUnk4R1BmUFBCekVzNVlmemhjM0Vmc2h3cFhLUHhsQXBRWGhQVGdNQWpR?oc=5
2026-03-24	Google	0.0	TSLA Stock vs BYD Stock: Tesla Ends Longest Sales Slide as BYD Sales Triple in Europe - TipRanks		https://news.google.com/rss/articles/CBMitAFBVV95cUxPck5vejdwT0tqUUhFbWhkMWZ3aTB6VF9IMkl6WmRPZ1BXVGxmVDZTZFRyZnI5R3pCa09Yal9xSEg5SzJOME55NXJJNGpwMm9uVkQ0WktMbGdlTGZUQ0dSLTVCT2E1NG03Mk5MbnJwb0hkNFdlaVVpclE4MUt4ckxYSlFyUVRaSWpUNFkxRl8yckRmbWVUQVgtQ29IS2JTbTN4T1ppeTNtdldiQXNPV08xSExscUw?oc=5
2026-03-24	Google	0.0	TSLA Stock: 5 Impending Events That Could Invalidate the Thesis - Trefis		https://news.google.com/rss/articles/CBMiwgFBVV95cUxOUXJFd2ZOM3BJcS1pUmJoeklMQl9NRVJYMVJqVmRCQktPM3VZLWRmeFZVeTRJRlBUSmY0WHBkSi0zOUttR19FRkVCeFdMNkUtU3dNOFdTNW5CbEZCMFp6VldMUzNVVWt0cXdpUlhnT3llU2tpVnFjaUx5d0R3TUtnM0wtYUhTVlJvOFdMN2x1LThTZFFpLUxiVEswMVB3ZnZ2MFppSEl6ankyWWFkX1RVYkUyeERvYW5mN1B2Si05dlo1QQ?oc=5
2026-03-24	Google	0.0	TSLA, PLTR and RKLB Forecasts – Tech Stocks Watching War Headlines - FXEmpire		https://news.google.com/rss/articles/CBMiswFBVV95cUxNMkFsTWRUaFBlSXFwcHFMd3M1akRyOVpPTG96Xy0yUW1oNGVERG9wZ29qZmFtWWVWWTFrc3JJNy1LdHFheDRDV3paUGZnOFRHYnZEUjFuWDBoWGU0Si1ZcVNpUkVIY2dMZmtsdktKQ3RhdVlobFNJUEE4QW1HUUNkWExDV3FqSGkwU0lLRGlTdFNKSjJjQkFjNk5PbHJmMkR5UVptOC1KWnJyQV8zRWJZeHNDVQ?oc=5
2026-03-24	Google	0.0	TSLA: Tesla Stock Jumps 3.5% After Musk Unveils Terafab Joint Venture Project - TradingView		https://news.google.com/rss/articles/CBMi0wFBVV95cUxQcEkxLU43QzJKSmxXelZNZ3N4V1ROdHltUk9DYkJrVC1HR1VuaHBfbzlESXZmcFhGOXUwcURNTHZSZWVUUVBBYjVSaVp6SWhFR0xlZ3hHZGxpQWtNZGw5ZXNHSHNxYmZuQl9TVDdhdVg3c2tPNHZXS3NQZzJ3ZlJPdU93aHVJNDRydXhONWdlaUVoZ25YcUlDQlpRY3RNVERLWWcwaUthdmxVTHdsQU5rY0plbHU4aE04YnI5RWFDNTVEZEMwVUcteEFCcGJvN1hjRklz?oc=5
2026-03-24	Google	0.0	Tesla (TSLA) Partners with SpaceX and xAI on Billion-Dollar Semi - GuruFocus		https://news.google.com/rss/articles/CBMiuAFBVV95cUxQdGVkMWp2elFpUXIxODN5X2dYcnAwZGNSSlBpWEFlOUtmdHM5S09MZzZwMmJ1ZmFBTWZHS3Y0WUpIYlRGTDhzRXFwa1V1aEJsUUlZeGJCcWxuZlZOV1NmSVczbmFBd0U0cy1yYkU3WVdPbWVkc2V2XzdNM252RS1Qal9rNkF3QUVTRnROcVZNMVVRdkNvRTJCdFN0VjE4U2VLNDc2RFVSNGFTNDcyVmh5UzBnT0RvNzZP?oc=5
2026-03-24	Google	0.0	Tesla (TSLA) Stock Rises to Around $384 as European Sales Rebound and Terafab AI Chip Plans Fuel Optimism - International Business Times Australia		https://news.google.com/rss/articles/CBMixgFBVV95cUxNSjYtUHJrMVRwS2JxZGFhRnRCRWNiODlmODlrTmJMU3UtcEdjRm8zZ2otLUdBbEpUWXBJNHRQdkZFQV9iUVVUV3JOMkZMdWJnYnUzcGRsU09QcjBMOXBlMlNwMkVDbzNybjJxRXpWN3JJUks1ZlB3cUZUbHRNZ2IzMHI2X2hBR1EyVkN1Wmlpd0VGQ2tCQ095MDlzVkJubjNJNkVJUmhsYzRseE5jZHRmQWJ6VDdoZ2ozNzBNaHI1a254TmRPNkE?oc=5
2026-03-24	Google	0.0	Tesla (TSLA) Upgraded to Hold Amid Robotics Potential - GuruFocus		https://news.google.com/rss/articles/CBMilAFBVV95cUxOMm5xR1NPb2FQRV9xc0hNeVllMzBjTEVxbkI1cXhyWkdySGlTVWdjSnZzUkgwa1F5eXc2NTFOSmhDV2ZtUE1lRjZEeU1ZeENMX2pvbTBxRUpKVzNEeTBWSmg0cnJJSld4elduQko2ZngyWFNZZGtXY1FQV29UeFRqRzJuUk0xdWR3NnNtZDc2amtVVWh5?oc=5
2026-03-24	Google	0.0	Tesla Breaks Year-Long European Slump as February Sales Rebound, TSLA Stock Rises - TipRanks		https://news.google.com/rss/articles/CBMitwFBVV95cUxPbmt3VEF4Sjl2NTRqMW12eGRhZWZKYXBHVTNTbGpONWlWT2JnNHBKZVpLWm13NG5tZXVzRUR2LXZZSFE0aE1QZ0tsaWg4QmFIbTVPcHR2anRlRDQ5TkJaYzRwZzJNNGpzYXdOR19uTHVtdjQ4RGtKNTgySlNNVnJtZ3RZVF9tR1JFd2plclpPRWVHT0VnbUk1UV8tYWlNSC1zVVJ3MF93UDhidDZSZ1lpRnFjelF6UFE?oc=5
2026-03-24	Google	0.0	Tesla Ends Losing Streak In Europe: February Rebound Brings Good And Bad News - Benzinga		https://news.google.com/rss/articles/CBMizgFBVV95cUxNS3FISl91OEZrVDlWV0hYNm5qZE5BZk44Ykp2VTVWMllXaVd1UzllWnlPZEhELVlxSFZEeWpNODlxWE95VV95UHBXMm9FZW50Q3NsTHlPeUFfNzZlSnpaaXY2YnhNcG5uREVoS3pwREhxR2VUQ1BnTjAwUW1SSEhNdzdVRFFzSkI5Q3EydjI4V1hVUVlNSXVqMHZtb19PeU44Nk5tWEtibHFKdTVmUnd0OVNMaHFvcHQ3RXRNSFdqYVFRQXNOU3FnWjc0YXF3Zw?oc=5
2026-03-24	Google	0.0	Tesla Stock Price Today: TSLA Rises on Europe Sales Rebound, but BYD and Zoox Keep Pressure On - TechStock²		https://news.google.com/rss/articles/CBMiswFBVV95cUxPUEtKZnQzNHNsekpXWENxRE8wY2F0VGExaUxydG5vRkNfckNHVVF0U1ljV0JnaXI4NDBsa2UwU1gtZWQ4N2NCWjZpUG40akFzMHBXRWJOXzVWTGk1NlpBUk93dUEyVnVYMzd0bXVuMUM2SmN1dHJHRS1GT24xZnFPVlAxV2xVY1ZOR1NhMUxjRjlidm1rRm12RTBDbWR0bXJzcVJlWTZISW5pRFNLS2ExdXFiYw?oc=5
2026-03-24	Google	0.0	Tesla, SpaceX Terafab plan seen as key to easing AI bottleneck - Proactive financial news		https://news.google.com/rss/articles/CBMizAFBVV95cUxNVlZ3aVZ3ako4enZtRGROelh3NDRYLUlDZzQzR0xGUmhUZFhQWFN0QXFWaFBwUTkyQWtvSGwwaUs5RHludnRJQkZ2dDY3THFaQ0liZUJRLUJWUGtWR04wb05YbzZMNDZpVWNzN1NtTTRPVzNxdVRnNjRVYzZBdVFqajNHbWViNTRDdS1NNjdmWUJMYkRFTFFudnphdVdEaEkyVUVEbXE1MU1DY2RJTUhBTnc5dldjcjBhV2hfTmQya3dsa0h5NjhDMFhjaDk?oc=5
2026-03-24	Google	0.0	This Could Cut Tesla’s Stock Price By 70% - 24/7 Wall St.		https://news.google.com/rss/articles/CBMiiwFBVV95cUxNTmllb0RvQk1hZFh3aUJXdm41ZUZxX0E3ZTFFM3dKS215blBBX3J6c0hfMnd0LXpSUFdXZWRGcDlSaWFfelRPMzRCenRMSFJRaEpLTGRzTDUzSUNPVGJVYnJzd2IwS2RfMW1oUFB4RXpmMDc2OXpadjUyc24zMXdZTjRvNlZIMjF0eXpv?oc=5
2026-03-24	Google	-0.052	Direxion Daily TSLA Bear 1X Shares (NASDAQ:TSLS) Short Interest Down 92.3% in March - MarketBeat		https://news.google.com/rss/articles/CBMizAFBVV95cUxPREVrZ2FlQld3RVBhQ2hHUFd3TFVMSXBjcm5Tb2xLTzM2eEdDVEtPX2FqVXlhckhmUUhocU1xbUdQeVpnQzF1RzRBdnpvOEU4UEIwZm4tTVlIQXZwOXNyUlZLUmp4SENCdzdkeDRFaThiZlFNRGdSZktOclBPSXZvdWlRSWJmcS1xWmN1TmFXZXUyTkVSR0ZrZDB3dERidXBfTWNKVkdFcEphTEpUM3hhR1RpV1ZjWnZoMl9ndDl4UEx2YmFsYTJwOGFlTWc?oc=5
2026-03-24	Yahoo	-0.07	Gary Black Warns Tesla-SpaceX Merger Could Reduce TSLA Value By 25%: '...Looking For A Problem	Investor Gary Black, who is the managing director of The Future Fund LLC, has warned against a merger between Tesla Inc. and SpaceX, sharing concerns about the effects of such a move on Tesla investors. Gary Black’s Dilution Concerns Taking to the social media platform X on Sunday, the investor shared his concerns with the possible merger, directing his message at Tesla bulls. Black said that the deal could see a “20-25% reduction” in the value of the EV giant’s stock “if TSLA with a 100x EV/EBI	https://finance.yahoo.com/markets/stocks/articles/gary-black-warns-tesla-spacex-163110303.html?.tsrc=rss
2026-03-24	Yahoo	-0.125	Tesla, SMCI, Others See Sharp Analyst Revisions	Sentiment shifts as risks and opportunities emerge	https://finance.yahoo.com/markets/stocks/articles/tesla-smci-others-see-sharp-230348913.html?.tsrc=rss
2026-03-24	Google	-0.156	“The Algorithm” Runs Down Tesla’s Successes, Tesla Stock (NASDAQ:TSLA) Notches Up - TipRanks		https://news.google.com/rss/articles/CBMipwFBVV95cUxPMFFBMlhVX2d2MUU0YTA2NlJ1SWZHa0pDU1l0UHA5Vy0tRV9EMjBNeTc5T1hkVHRvNzlXZF84RThEMUpScDYwWjNteGcxWWsxNkplSzdiT3d3Nm12QTZVNGRia29sdzlkU1g1QkJrRGRNamRZLVZyYndGdE9najhya0dUOGt6cTB5d0RBZXlTd1R1RmxMSjgxTlRDOS1NNEZtRTl0MHFYQQ?oc=5
2026-03-24	Yahoo	-0.292	Tesla’s European Sales Finally Increase. The Stock Rises.	Tesla stock is looking to recapture some lost momentum after snapping a brutal three-day losing streak on Monday.	https://finance.yahoo.com/m/3794d93f-7fde-3b87-aac5-4ee6b698831b/tesla%E2%80%99s-european-sales.html?.tsrc=rss
2026-03-23	Google	0.6	U.S. stock movements | Tesla rose over 4% after announcing collaboration with SpaceX and xAI to build the world's largest chip factory. - 富途牛牛		https://news.google.com/rss/articles/CBMirAFBVV95cUxNZnhRZmxHay0xQWVQa2RZbXkzNHhqZzBiSE9jZUQyU3F6OXozejJRamE1eFBjcWVjR3BBV1ZaV3VOOTdWaXhuUUJDV3BPZFZoS1NaeVBydzludEhNZ2pienlxMjZHQ2hRdEpmb2lYdTNVZlhzdEJQbjJ6TTBnZUhyeHBsMDRGX0d2UXZzQm1XSkhPUE1DWTQ2Q3RVbWt3VGpOWmhvSXE3WjVfcXA2?oc=5
2026-03-23	Google	0.3	Robotaxis Could Create a ‘Powerful Flywheel’ for Tesla. Does That Make TSLA Stock a Buy Here? - Barchart.com		https://news.google.com/rss/articles/CBMizAFBVV95cUxNOFlmWGU5ZU5sUWJJU19walJLTjA5RHY0MFVES2xjYW5veUwyZEdvYTJUbWR1VlVmR3h5dVZjN0hiMHU3N0lDVVRvM0ZuUW95am1CQkkxdzBDMzVhbEJMWEM4Mjl6OXhvYm96QkhEZERWZUhleHFaQUQycEo0RS00dW9XOXBuTjRFdlV3OXlFNVJ6Y1pwN1hWckRNQXU5LWJHQmdrTWM1RnpvX29GRWYtcllyQ012ZWZzbjlNSE03U2JKZ3BLcEpGMmZDOG0?oc=5
2026-03-23	Google	0.136	A New Regulatory Blow Could Change Tesla’s Outlook - MarketBeat		https://news.google.com/rss/articles/CBMikAFBVV95cUxObUptd0piUE43aEZhNmlUaGphZXBQWU9YT1NOclFYdzA5OFJWLVhUVEhJa09lUnJ5MlNJQlY5aGhVWGxETFN2N0sxZjlKaTY4MEd5dm9nYmhLNF9pZVVyQk9kT2ZiRVFLb2NzSVM3VGJiZXpFTlN4bTBMUEEtb3hiTVpBSWJqZXVTOHdFalR4VmY?oc=5
2026-03-23	Google	0.136	Musk Drives Tesla Closer to Its Transformation With New Chip Factory Plans - Investopedia		https://news.google.com/rss/articles/CBMiugFBVV95cUxOcWFBQW1Wc2VPZ2hGOWdaNHdmdTF0LWtjY0l4TGd5SUVUMHpvaGNTSTJ3SWhQVFB0LUttQmVrbmZYMl9uSUZBcmUyZlE2SmhvVXVYWjB5WmRXaXpEbG5TU3RHY0c4N1c3NHlsTnNkd09jN0Y5bVk3V1h2UndaTTBVbzYxdC1NUVhZRHR5V1dxZGFHTzhlY3dydGg2ZWpCTk1CMU9MY0Z0TVVKcFBpMi1MaWhzRGQzZ1Y2Wmc?oc=5
2026-03-23	Yahoo	0.127	Musk’s Terafab Brings Tesla, SpaceX Convergence That Much Closer	Elon Musk made good on his Terafab promise, and it’s big.  On Saturday night,  Tesla  and SpaceX CEO Musk outlined a bold vision for vertically integrating chip production into his plans to create an artificial intelligence empire.  At a defunct power plant, Musk announced plans to build a semiconductor manufacturing plant, to be a joint venture among Tesla, xAI, and SpaceX.	https://finance.yahoo.com/m/e5ae5db4-ee47-384e-a075-9a6a5e410031/musk%E2%80%99s-terafab-brings-tesla%2C.html?.tsrc=rss
2026-03-23	Yahoo	0.125	Elon Musk Unveils Ambitious Terafab Plans For Tesla, SpaceX: 'We're Starting A Galactic Civilization'	Tesla Inc. and SpaceX CEO Elon Musk on Saturday unveiled plans for the Terafab project, a joint venture between the two companies that is aimed at transforming chip manufacturing for space and AI applications. According to Musk’s announcement, the Terafab will integrate efforts from Tesla, SpaceX, and xAI. Formal announcement of the TERAFAB project, which will be done jointly by @SpaceX and @Tesla, tonight around 8pm CT. Livestream on 𝕏.The goal is to produce over a TERAWATT of compute per year	https://finance.yahoo.com/sectors/technology/articles/elon-musk-unveils-ambitious-terafab-173111562.html?.tsrc=rss
2026-03-23	Yahoo	0.079	How real Musk’s Terafab plans are?	Investing.com -- Tesla is positioning chip production at the center of its long-term growth strategy, but the scale and feasibility of its newly outlined “Terafab” initiative remain uncertain.	https://finance.yahoo.com/sectors/technology/articles/real-musk-terafab-plans-193226879.html?.tsrc=rss
2026-03-23	Yahoo	0.067	History Suggests that the AI Boom has Room to Run	The convergence of Agentic AI and Physical AI suggests that AI doomsdayers are far too early.	https://finance.yahoo.com/sectors/technology/articles/history-suggests-ai-boom-room-180400212.html?.tsrc=rss
2026-03-23	Yahoo	0.067	What is Tesla's 'Terafab' and how much will it actually cost?	"Tematica Research CIO Chris Versace joins Yahoo Finance Senior Autos Reporter Pras Subramanian and Market Domination Host Josh Lipton to discuss Tesla (TSLA) and SpaceX's (SPAX.PVT) recently announced project, the ""Terafab"" chip production plant."	https://finance.yahoo.com/video/teslas-terafab-much-actually-cost-205318986.html?.tsrc=rss
2026-03-23	Google	0.0	$Tesla (TSLA.US)$ - Thanks Tesla 2nd round. - Moomoo		https://news.google.com/rss/articles/CBMilAFBVV95cUxQR09ld284Yy13ZnJUaDdpazlxZXQyNUpsdlc0Unl3dHp4Wkx4TGVJZEpMUkhnOTR3TDYzN0ZXWHRKQkJvb0dUZzJ5VUtEZ0w2UlhXTXJHTmw5MEpxUWVNdzZRTHFyMFNtTy1hcjI0YV9QV0daeW96cXlwbkJSZDdFRWxMQlNYckR3ekI0VkJ2Vm1HUTN0?oc=5
2026-03-23	Yahoo	0.0	Chip Gear Stocks Jump On Tesla's Terafab Plans	Semiconductor equipment stocks, including ASML, surged after Elon Musk outlined plans to build a massive chip factory called the Terafab.	https://finance.yahoo.com/m/2b42f2eb-1e4a-3b8d-a789-680ef78119a9/chip-gear-stocks-jump-on.html?.tsrc=rss
2026-03-23	Google	0.0	Full-Self Driving 14.3 Emerges, Tesla Stock (NASDAQ:TSLA) Jumps - TipRanks		https://news.google.com/rss/articles/CBMikwFBVV95cUxPYkxHcTdkMWI1RXl4REJSTDRmZDZoZy1FYV9LNUxtaDlIZEFkemkxVGVpTGJ1VnVValJWbjhfWFl5Y2tQVk9UY1FfTmhTeW5sYXh6Z0ExMTdSemVWZTc4NzBhckxQTjVIcWpoZnVYWjBHMUdzMGU0bkpNeHFZaGRwWFlfa1dLVmNldWg4ZmVUS0NoMkk?oc=5
2026-03-23	Google	0.0	Long-time Tesla bull flips to sell, sees stock plunging to $150 amid AI concerns - Investing.com		https://news.google.com/rss/articles/CBMizwFBVV95cUxQNXBRVFJLbHpCdHplZTIyLUhRc0tuazJkV04zaENsbkI2VXNNaV9lNVZ1ZWNBSnd5Zkp4RDU4ZW5oSVUwNEl2Y0tXQ0VMTXFyLTRBb0gyRktBd0h3d0ZlRmNMUDZuUDlDZlRZODlvZlpPeG1pTnRDaV9TcjVyeTlkNkZyNXYzM3B6V2oyT2Z4d2FnRHo2ZnZzQlFtSUxHSXN4Z0ptbEc2VDJrUHh5LUpqYm02S2M5eTh4NU81cmdTU2VHRlVleGFIMmJaNHFsMkU?oc=5
2026-03-23	Yahoo	0.0	Middle East Conflict Could Accelerate Energy Transition as Oil, Gas Prices Rise, Oppenheimer Says	Escalating conflict in the Middle East and the risk of further damage to oil and gas infrastructure	https://finance.yahoo.com/sectors/energy/articles/middle-east-conflict-could-accelerate-190242253.html?.tsrc=rss
2026-03-23	Yahoo	0.0	Musk Pushes Tesla Deeper Into AI Chips	Musk aims to reduce reliance on suppliers	https://finance.yahoo.com/sectors/technology/articles/musk-pushes-tesla-deeper-ai-172000579.html?.tsrc=rss
2026-03-23	Google	0.0	Sandbox Financial Partners LLC Lowers Holdings in Tesla, Inc. $TSLA - MarketBeat		https://news.google.com/rss/articles/CBMiwwFBVV95cUxPaGVtNUV5MUlHU056d0lTQ2hxS054UENJdlFqd1VVVUZNTzBTWVhrX1p3N0tlUDN2ZW84aXJNTzd0ZU9iZUtpTXhHWkcxU2lSWEVQMU96Zmt2V0tETzh3aVlOX2xSbmVmeTFQT0VOdTQ1OFpXYlBieHJpcjRMRmI3ZDhCaXRhdmJKSk9qaVpYaFZFQmYtY3BSSUVNYkhYS0pwNTFESHU5VkpBZ3U0Y2tMR0pacE0yaktmd1VDU3JoMjFZYU0?oc=5
2026-03-23	Yahoo	0.0	Stock Market Today, March 23: Tesla Rises on Joint Venture Plans to Build a Semiconductor Plant for AI Chip Production	Today, March 23, 2026, investors rallied around Tesla's potential long-term AI roadmap.	https://www.fool.com/coverage/stock-market-today/2026/03/23/stock-market-today-march-23-tesla-rises-on-joint-venture-plans-to-build-a-semiconductor-plant-for-ai-chip-production/?.tsrc=rss
2026-03-23	Google	0.0	TSLA Falls After Musk’s Boldest Launch—What’s Spooking Investors? - Phemex		https://news.google.com/rss/articles/CBMifkFVX3lxTE5aRHhDeXQtVzJoS2d5dlhHcThTTHpDLUZhTUcxMXpfX3FTdHZfdWVtVWs0TG5mbVNRRVJsc2g2MW1fMTVjQUVtdVRkU0x0dTFWUHZCWEg1ZzVGdXhtd09xZ216SVVRc0h5RmhKejlBcXFmaENBRjBudlFSYnk0dw?oc=5
2026-03-23	Google	0.0	TSLA Stock Today, March 23: Rivian–Uber 50k Robotaxis Challenge Tesla - Meyka		https://news.google.com/rss/articles/CBMimwFBVV95cUxPTlRTenpDM3k2Q0FUWkJmZllwcnIyUV9rblFyN2paa0ZyMHZZTFV0WE0td2g2MWhRM2F6SzJfY3YtTU1VcTlZOW91WGM0T3g1NG5LUHpSazR3RzI5ZHl0OFBudk05Tm5pZEctWHQxRzFvQ2F6QmxoNktSc1RLV090M2tueW1aNU15RmFCWk96RnA1UXE4eE8xX0g1NA?oc=5
2026-03-23	Google	0.0	TSLA Stock Today: March 22 — Congo Anti-Corruption Push Puts Cobalt in Focus - Meyka		https://news.google.com/rss/articles/CBMipAFBVV95cUxPOHlHOWJUXzJxZXhRRk1Qc29ITlVseFl2aDBRQXNqTmdhZHFZUjN3YzV0Y19ZUEQzSVplaFBfYm14V0hUdE5RZGtXSnVNbFAxWFlGckRPUW1RMVZEZ0FWbVBTa1FUUHpkV3FteW5HOFZ2enlIS2hha1pHTE5GUkFfd0YwYlIxVTBxSnhESUtPLWNSTVk3NTZvUVZjclVnV2t1VWFrVg?oc=5
2026-03-23	Google	0.0	TSLA Stock Today: March 24 Oil Shock Lifts EV Demand Narrative - Meyka		https://news.google.com/rss/articles/CBMilAFBVV95cUxPS3BIZ0FKc0NlcXVkRXJGZ042Z3RBTi1FbXVlRGN6eVdydjB4MHQ5eEFtSXFraFYwVms5WENKejFPOEFsMldxUlBiLXRmb09zcWtsVi1OTGNJWXllQXoyUGJIa1dxVXl3NVpXX0E5UXpuc2pEejFzRTd5QWJ6S0FhRUlkYU16SEJYVjNTYmlrd3c0eUdn?oc=5
2026-03-23	Google	0.0	Tesla (TSLA) closes above ___ on March 24? Trading Odds & Predictions - Polymarket		https://news.google.com/rss/articles/CBMib0FVX3lxTE9TM0hsbXdXMDkyRmI5cGM1SXJIRGJEcy1vMlRja0hyV0txZ2hpS0FrVXN5Y1lXLTJjdnQ5STZwTmpWVFVSVjRhSURjVFV2RHdqWlI0TEJfaVlOMHFVWFVxWGNiSVlicVd3MnZqUTVFWQ?oc=5
2026-03-23	Google	0.0	Tesla Inc Stock (TSLA) Moved Up by 3.62% on Mar 23: What Investors Need To Know - TradingKey		https://news.google.com/rss/articles/CBMiiwFBVV95cUxPQkxTZnVPaUM3TUZXQWVPLW84MGxXdS1LOURhTXJuRXFCNkl6WnJTNzBwVEFhNS1KSmdJbjVHZDlaWVQ2c3pxUndXRG1OTlFDQWx4d1h1eEphcnJjOHNsWjREU3hlVFp4ZDdCZDkwaEw2NVJNLXJJM2NaMmNJT0lpeXVrWlp6YXdJOTMw?oc=5
2026-03-23	Google	0.0	Tesla Plans Austin Chip Fabs With SpaceX - TradingView		https://news.google.com/rss/articles/CBMiogFBVV95cUxOblFvVnlJa3ZGS2NVeVZuT2M2QnRKWjBkbm9vR3BvV0RTN2pqUk1kd2R6SEZaVkYzTlJveXJSVk5nQUpJYnc5SEpSM3cxLUxhX0pHcG1lOWlHWWpVQmVoT2o1b0FiTHFzV2JNVzhvbEhaUWRjcThSMWx0NFJXVnVtOEZGUDVnWVZBaXJhVFk1bWxRX21WenlFMnM4ODdJMU1HSmc?oc=5
2026-03-23	Google	0.0	Tesla Stock (TSLA) Opinions on Semi Redesign Reveal - Quiver Quantitative		https://news.google.com/rss/articles/CBMikgFBVV95cUxONlNvdk9SNHhGUEZialNMYTVMejdnZjJHUlJWN0s5NkNNUldwTFB6Y1RMTTdadFhJYUtEWnBMQVBlNDMtNS1uRV9pemZTcTNmRHRVc3ZJUHFwLUdONlVGSlFiOWhIQlBPelNwUndVc1VUXzltdi1GZXhPMHc3S3U2QmMzUnpseTRxZ3YxTm9YT0xTdw?oc=5
2026-03-23	Google	0.0	Tesla Stock Testing Key Trendline as Options Traders Circle - Schaeffer's Investment Research		https://news.google.com/rss/articles/CBMivgFBVV95cUxPQ2VHUllSYmtXSmhRdHhVOHZMZ1pHdlZITTFPWjNYaEdaT0RxSFRzWjJodFkwMTB4QkdLTE5sMEVEdnQzRmxENHV2SFc4N1JqWlk2NE55T3J1SmJ3b2sxc201cGpzbURlYWJvZGFhX0djMmRaZm5YdmlBOGJkXzQtS0d2R2g1LTJpUVJGMlFKWnFOMHc3VHdGUjVHbmszb1lGRTBPMGgydU1VWl9wLVFyRUh2ODBkMWF2b0pvU2pB?oc=5
2026-03-23	Google	0.0	Tesla likely to boost capex spending for chip factory, but SpaceX, xAI will help: Barclays (TSLA:NASDAQ) - Seeking Alpha		https://news.google.com/rss/articles/CBMiwwFBVV95cUxOTmp3UktuOGdKTTllSEJXUWpRM09KQS1qOXRVNmhIUG9HSkZudEdNRVNRQTdTQm1JVnQ2QjJNdkZxbnlXb2VQNUpCY0VwZU5YTGNFWktrWVJyX1QyRmRPb25hYldaVzdHNGZHNlBOTnFNZElRWHlZTS1VY3pYNFo1YUJJcV85VFNkbHkzQ3p1em5URmNxX1VXNHZzMVZfQmQxUDFGWmhBeDVnUmVoSE9HSlVSNkJ3R3Nud2NPenRBRWNlZ28?oc=5
2026-03-23	Google	0.0	Tesla vs. Rivian: Which Stock Will Outperform The Market In 2026 - 24/7 Wall St.		https://news.google.com/rss/articles/CBMiqgFBVV95cUxOaklwSHlwUFk0Vnd5RVh1Mm43dFBsSF8tMFN2em1odkJsT3VyWXZqSnMzZ0N3bzc4dUdIcGZKc0NDaVp6REhGR2FCa0t6N2FIYTZqUGhySlhsXzFNSDFkMTA4TlVIRzlwa01PQmtHajdlU193Y19MbmVmdzN6OGI2TUR0YUVFVS16TnpvdS0xcXBXbkJUcWMxelY4Z0duVURIWXhndVpLaU56dw?oc=5
2026-03-23	Google	0.0	Tesla, Inc. $TSLA Shares Acquired by Legacy Private Trust Co. - MarketBeat		https://news.google.com/rss/articles/CBMiugFBVV95cUxPdDRJMktFNU9aNm9JT3ZiQllHakNDRTl0elJrc3k0alZhaWYzZ2p2WEQ1RGtoNVVDWDFOYTNIaGktWmlOZ1gzUDNkQ0g4dTd6dU85OUxuanpHR2d4MHRfRWlIaVJMZVlvTkxuTmpLdUk2ZDhxLTJnWlRVeXlqbjFSVVp6RzRVNmJBeG42RXdxbzQ0VDUwclBSSzRhZG9xRlp6eXhONnBXbjFkT1FZQ3ZnQTFsd0JhR1hSWmc?oc=5
2026-03-23	Google	0.0	Tesla, Inc. (TSLA) is Attracting Investor Attention: Here is What You Should Know - Yahoo Finance		https://news.google.com/rss/articles/CBMioAFBVV95cUxPQm5pSWRWUlk4OWJJV2xEb3VhdFRqRzk1dXZ0ZGF5UXp3UFozUS11by0yQU9TRl83cTBJN0Y1dDkxRmROUDdKRGlmYWYyQ3h3TklWcXczcDdkU1Vac3JIbzc2TWkyYkZSOTFfR2pYb0JWZmVvZ0JuSm9KTGdUMTZPRXE5WnY1S2JGRzFoR3dzVVlWYmxoTG45VkFuZlY4YWhV?oc=5
2026-03-23	Google	0.0	Tesla: The Overlooked Lunar Strategy That Can Drive Optimus Adoption (Upgrade) (TSLA) - Seeking Alpha		https://news.google.com/rss/articles/CBMitwFBVV95cUxONTNINm5CMFpYVlp5cFNuVVBWQ0R1MGx0aVJvWEdiU3piMGJxenVOb0pVZWxmYVRzbGdDM3gyc1duelQ5ZnZEeHkxam56VUlqem9EeG5vbk80aS1sT2VuRlAwRTFMTVcwWkllZHExT0F0VHJIRW5LWU1kRGpJQU52RVpMZ05uWUJWWGtOcEMxazZ3Y21WcE9Pa250ZjNCbmRnV0RUUDgwZnV5anNZLTE0MEVIY3lDV3c?oc=5
2026-03-23	Google	0.0	Tesla’s Terafab Chips And Solar Push Reshape Growth And Valuation Story - simplywall.st		https://news.google.com/rss/articles/CBMixgFBVV95cUxNMVYtazU0NXJIeGNXdjgwS3ROakhrbzBzZi1zdmpSNm9WamYteU1hbmVVZjRPbEQ2TnNUOHJkMXI4VWRFMmtEUkpoR2EtSFNhVGh0OG9mN1lOeWFhMk9qcGtxM2xZTzVJVS11c2x1N1ZoTVo1b2dRdU9McV84TGdOMHVfQnRFU2V1anE3VmtKa0pPZUZJb2FjUVRlNE44UjNna01CSW1JVEhjeGNnRUJxV2NkVXo0cml1OGl4eGxYQU5GSEFOc1HSAcsBQVVfeXFMT1A5Y1FnZXYzQy10VGxMem9jc0FROTNKV2dfV05MV0pJNWdVb0hxdnF3cnFRc2pESm1yQUMyenpVcjN5d3JmWVZUTlRjTDJ2RHlYSGlxM1JJWVo0c2kyanZRMHk0ckw4WWZsMVZWUzBwTi1haFV6aTQ0N3JOMUhhcER5ZjFONGg4YV83TERqT2dmdXBRU0FZR2h5RjBTX2NFZU5NaWJST2prQ0dtbTdGdzlGSjR6RGZyYXdhb2t3N09IZGtDcUpyNzItazg?oc=5
2026-03-23	Google	0.0	Trending tickers: Tesla, Alphabet, Synopsys and Endeavour Mining - Yahoo Finance UK		https://news.google.com/rss/articles/CBMiqgFBVV95cUxNY2dTbTdjYjU0em40all5MDIwMHJ0bFhXbm9fT2xLamNLZlFKelhsQzlnbUpVcGtKbndWVGFqR3lBekIzOXU2TVk5blBBeWhYUExzclByVmNSYkFQY0tiT1l5N0h4NFI2dzEwekt5cjhBODNmQVIwQ2ltMXVmQlF6MDkwcEFBT3JzVW5EczRCMksyU282Z1Eyc1pHcEppdnlpTUhTSzdoWXRrQQ?oc=5
2026-03-23	Google	0.0	Wealth Enhancement Advisory Services LLC Increases Holdings in Tesla, Inc. $TSLA - MarketBeat		https://news.google.com/rss/articles/CBMi1AFBVV95cUxNSVZJM1otSVFqaHZtWnI1X1VYMlFUbkY3ZXJzVlRMV1JlZTVDYWlyNndiNVJCRndTS1NvY185UGZScnh6WVhyRkRyZ1hBal9VcHhIcUEzN3hOd05kTFNEU3BlYjE0SVlMa2ZQU2kwSTYxelNsVmdTR245Sm10b0FPRGpHazVad3cxRXI4WjRyOXdPTS1zSmd4M0FSMEdFSGRaZ3l5TmJZV3pwOXB6cmtpMzZYV3lmR0xPR2o3SnA4QWNWSzJFbk5pS0o2b2k0THhyazlmZg?oc=5
2026-03-23	Google	0.0	‘History Suggests Caution,’ Says Barclays About Tesla Stock (TSLA) - TipRanks		https://news.google.com/rss/articles/CBMilgFBVV95cUxORWx2SUM2Tkw1UXVEOWhHY3BIc1pNLTQ5ZlJVYTg1VmwtbldHeFVkempGcVp4ZWpIeVRtVmVXSXFrRkl3QmFzZDE3NGlWNExEUXZ0Q1RDaExQRVBQNVQzczJ2eFZweUFiU3dzd05USnY0TUE4X0dlT3VPeXRaWDY3NGVjTTFUbWh2MlhLN0M2YmZvNnYyTEE?oc=5
2026-03-23	Yahoo	-0.02	Financial Advisors Are Turning Entire Client Portfolios Into ETFs. What’s Behind the Trend.	The 351 ETF exchanges are increasingly popular, but they are complex and may get additional scrutiny from the IRS.	https://finance.yahoo.com/m/9c763ef6-6339-321e-aa9f-afbf359e4f55/financial-advisors-are.html?.tsrc=rss
2026-03-23	Google	-0.1	TSLA Stock Today: March 23 – Jury finds Musk liable in Twitter case - Meyka		https://news.google.com/rss/articles/CBMimAFBVV95cUxNRDY2aUpMTVVUMEdoaXJ0SG5KTllNYlBmZVpnVHJISkFuZHlXdFRmaGxkTGJqc2ltTVVXNW5nV1lMWU43Wmp2WjBKb09WcXh4dVlna0xoTnU4Y3ZDZWJsNDNmODZ0dG9jTFB3UmxJbVZCdVFkR1YyMlpZNkljbnkzT1QtZjlEa3F0Z3M5SGtqb0dPZXprREhsVQ?oc=5
2026-03-23	Google	-0.156	Tesla (NASDAQ:TSLA) Just Announced Terafab, A US$25B Chip Moonshot - Stocks Down Under		https://news.google.com/rss/articles/CBMiTEFVX3lxTE5IZXhLWlNTWlpQVmFqa3dTc19iaHc4blRTVHZtbU9nM0NFQXlGcTdiV2p4Ump5dHB2NWxPbEplS19ZMWxCaldkdDdnd0I?oc=5
2026-03-23	Yahoo	-0.5	Tesla Stock Rises As Elon Musk Announces Terafab Project	Tesla and SpaceX will jointly build a semiconductor factory, but have no experience in chip manufacturing. It'll be expensive.	https://finance.yahoo.com/m/30a498cc-a180-3417-9cac-16441884ee19/tesla-stock-rises-as-elon.html?.tsrc=rss
2026-03-22	Yahoo	0.297	Coinbase Launches 24/7 Stock Trading For Tesla, Apple, Nvidia With 10X Leverage	Coinbase launched stock perpetual futures for eligible non-U.S. users offering 24/7 leveraged synthetic exposure to Tesla , Apple, Nvidia, and other Magnificent 7 stocks with up to 10x leverage. The ‘Everything Exchange’ Expansion Coinbase becomes one of the first major...	https://finance.yahoo.com/markets/options/articles/coinbase-launches-24-7-stock-163214115.html?.tsrc=rss
2026-03-22	Yahoo	0.259	Big Tech’s Cause for Hope: Link Between Mag 7, S&P 500 Is Broken	The correlation between an index tracking the so-called Magnificent Seven and the equal-weighted version of the S&amp;P 500, which more accurately reflects the full performance of all the stocks by removing the weighting of the biggest companies, turned negative on Feb. 23, an indication that they were becoming untethered.  Since then, the correlation has continued to fall as the war in Iran disrupts markets and sparks a jump in oil prices.  “We’ve never had a tech cycle move this quickly,” said	https://finance.yahoo.com/news/big-tech-cause-hope-between-130007636.html?.tsrc=rss
2026-03-22	Yahoo	0.136	Tesla, SpaceX Plan to Build New Chip Factory in Texas	Elon Musk, who leads both companies, said the facility would supply chips for Tesla vehicles and SpaceX satellites.	https://finance.yahoo.com/m/6f51b648-bba5-3933-9a7a-88d15d00fc53/tesla%2C-spacex-plan-to-build.html?.tsrc=rss
2026-03-22	Yahoo	0.125	Elon Musk unveils chip manufacturing plans for SpaceX and Tesla	Elon Musk recently outlined ambitious plans for a chip-building collaboration Tesla and SpaceX — but he has a history of overpromising.	https://finance.yahoo.com/sectors/technology/articles/elon-musk-unveils-chip-manufacturing-162000157.html?.tsrc=rss
2026-03-22	Yahoo	0.111	Tesla In Talks To Purchase $2.9 Billion Worth Of Solar Equipment From Chinese Suppliers: Report	Tesla Inc. is reportedly in discussions with several Chinese companies to acquire solar manufacturing equipment worth $2.9 billion. Suzhou Maxwell Technologies, a leading maker of screen-printing equipment for solar cell manufacturing, is among the top contenders to supply machinery for the project and is currently seeking export approval from China's commerce ministry, reported Reuters on Friday. Other potential suppliers include Shenzhen S.C New Energy Technology and Laplace Renewable Energy T	https://finance.yahoo.com/sectors/energy/articles/tesla-talks-purchase-2-9-120959379.html?.tsrc=rss
2026-03-22	Google	0.1	TSLA Stock Today: March 22 – Musk Offers to Pay TSA Amid DHS Standoff - Meyka		https://news.google.com/rss/articles/CBMimwFBVV95cUxOVjBnbkJnMGhTaUQ2VUplME1MSjNSQnR2R3ZnTDVfRWk1bl91QUFuZ2ZJTTFFVU53NHVGVGR5UDhJVW1xVVhNbnd1RTB5eTdyT3BpZUN0NGFsNkxjSnZDRTllVXRBZGV2UW5rUkhfRDBVNlZKZ1BScUlBNGQzbWtkd2tSZWx2ZFF4MmVpWGNxamNYNUtlMTNoWDNTNA?oc=5
2026-03-22	Yahoo	0.067	Get Ready For Dow Jones Futures After Trump Threatens To 'Obliterate' Iran's Power Plants	Futures loom with indexes below key levels and oil prices and yields soaring. President Trump threatened to hit Iran's power plants if Iran doesn't open the Strait of Hormuz.	https://finance.yahoo.com/m/4b986b69-078c-3b77-948f-5e9fc43f37c2/get-ready-for-dow-jones.html?.tsrc=rss
2026-03-22	Yahoo	0.021	Musk Says Tesla, SpaceX, xAI Chip Project to Kick Off in Texas	Musk, who has no background in semiconductor production and a history of over-promising on goals and timelines, had said before that the company will start with a smaller scale fab before moving to a bigger one.  “That rate is much less than we’d like,” Musk said.  Musk’s project would call for one day supporting a terawatt of computing power per year, the amount he expects the companies to eventually use as he ramps up his investments in AI and robotics.	https://finance.yahoo.com/news/musk-says-tesla-spacex-xai-chip-project-to-kick-off-in-texas-045035316.html?.tsrc=rss
2026-03-22	Google	0.0	Aventura Private Wealth LLC Invests $1.84 Million in Tesla, Inc. $TSLA - MarketBeat		https://news.google.com/rss/articles/CBMixAFBVV95cUxOanpVejlDcWZzdUdJOXNYSktRTU83SHlCSWM5TEM2Y1BFTW0yNDBIX3l2WHhNd2pPYk9VMGxCNWx4WUo2a0k0bkNtMzE2eEY2QUt0bGl6NnR1eEU0U1ZkTHMzdWF4Q0p6ZWtNRUs0Q0JEdjEzeXVrOVJicFZOcWEyQTZSZU9GazdSbjBpcDh3N2RjSlBFOTM5eEpBM0RsN1VzNjA3eUFnRDgybnluYjJaTV9ORVI3N1lRZ2tXVTBZUXE4MGRh?oc=5
2026-03-22	Yahoo	0.0	"Musk announces ""Terafab"" to internalize Tesla and SpaceX chip production"	"Investing.com -- Elon Musk has announced the launch of a massive semiconductor project in Austin, Texas, dubbed ""Terafab,"" aimed at internalizing chip production for his expanding ecosystem of AI, robotics, and aerospace ventures."	https://finance.yahoo.com/sectors/technology/articles/musk-announces-terafab-internalize-tesla-062638546.html?.tsrc=rss
2026-03-22	Google	0.0	Panoramic Capital Partners LLC Boosts Stake in Tesla, Inc. $TSLA - MarketBeat		https://news.google.com/rss/articles/CBMivwFBVV95cUxOSzZGX1F6Q1piazZUWWQ4c1ZlYzg3WkJjTWc5Y0RPbzEycEtyZ2xtSlVFVDNHdnRKX0VSRWVleVNwMWhwYTdUWHBHX2hncTZwSEs4eW14Smxza0txNmVzalBRZXo1U0NwLTF6dXd3NzR4alB6UzhraDRIbUlCMkZRV3NYYU1SZmtpVDlCRWJPaFBleEgtQnRoUXpYUHN5MDVMZWJuaGd5OTFwT2M3QXlYUXZwbUZ0MmVfSEktZjRGWQ?oc=5
2026-03-22	Yahoo	-0.025	If You Invested $10,000 in Tesla Stock 10 Years Ago, Here's How Much You'd Have Today	Tesla shareholders have earned every penny of the monster gains registered over the past decade.	https://www.fool.com/investing/2026/03/21/if-you-invested-10000-in-tesla-stock-10-years-ago/?.tsrc=rss
2026-03-22	Yahoo	-0.031	Dow Jones Futures: Trump Vows To 'Obliterate' Iran's Power Plants If Strait Of Hormuz Not Opened	"The major indexes broke long-term support last week as oil prices and bond yields soar. President Trump alternated between ramping up and ""winding down"" the Iran war."	https://finance.yahoo.com/m/4b986b69-078c-3b77-948f-5e9fc43f37c2/dow-jones-futures%3A-trump-vows.html?.tsrc=rss
2026-03-22	Yahoo	-0.1	1 Tesla Competitor That Could Unseat the EV Giant by 2029	Rivian's R2 should compete heavily with Tesla's Model Y.	https://www.fool.com/investing/2026/03/22/1-tesla-competitor-that-could-unseat-the-ev-giant/?.tsrc=rss
2026-03-21	Google	0.7	Is Tesla, Inc. (TSLA) A Good Stock To Buy Now? - Yahoo Finance		https://news.google.com/rss/articles/CBMilAFBVV95cUxPcUE1ZjhLc0ltYnlSSjVTZFpPZjdFczFKU0NDbjZMWXNjc0NlV1pNbFFhWXF4dWpxdlVhQVA1YWRYSGJDS2pwLWJFUkJFVDhsOWZkY1Zxb0hIeWlzd3RfRmJIUFBheXo4dXU4Q2FxSWZncmNxdHRUVV9BOW4wNlp1bmxlTk5PQnY1TF8tQkt0Y3RaZ0lT?oc=5
2026-03-21	Google	0.7	Tesla Is Investing in xAI. Is That Good News for Investors? - The Globe and Mail		https://news.google.com/rss/articles/CBMi2AFBVV95cUxOd1YwdThtaUFQVHJNYm9WZEtmU0dkNjNQUHhyTVRQaTllNndzUWNzeVBQTUNKb3VjbXJmSlNPTXhoU1hBYnBkZDRRUVlCallkOTgxaEN3MGVWbGhLcEVJaDY5aXBqeHJKUXhwQ3RYRDVEV3g0dVZhbHExQzJERmQ2aHZJMDZianUtZ0JRWUdaU1E5aGpzbGlwYUpjVlY2SmJQSXp1S0wxeWthNTJhcUc4XzliNUs3RzNhWmNKRnZIODJmaXNCcmV6TkhILUwzeHJodmRvamh5a2c?oc=5
2026-03-21	Yahoo	0.55	Tesla Is Investing in xAI. Is That Good News for Investors?	Tesla is investing billions in Elon Musk's AI start-up. This move could accelerate the company's ambitions in self-driving cars and robotics, but it also raises important questions for investors.	https://www.fool.com/investing/2026/03/20/is-xai-good-news-for-tesla-investors/?.tsrc=rss
2026-03-21	Google	0.55	Tesla is building its own semiconductor facility. This could be its most 'Herculean task' ever. (TSLA:NASDAQ) - Seeking Alpha		https://news.google.com/rss/articles/CBMiyAFBVV95cUxNM2ZKTlJyaWVJOVFHQmpSZGlRQ2k2Q2JFUnRvN2xCbmkzQ3dDZVFsUlExMzIwX2h5TVhEYndNR016Q3RBREp3V2MwMlR1Wk1ibW52aVV3V29LNHpFQzlNWGg4TjZBTUxJR3VGLVNpR2JSbFpNSWlad29KRnhzQ1QwbGFfOVMyakdXNGxIaVVkMmpTMzM3Wjh4dXNOMnUzQlVWQl9NbjZuQTg4NE1UQ2M2QzFTRnVvUkFZSWxDM3I2MjRCb3NXa2JneQ?oc=5
2026-03-21	Yahoo	0.549	"Meet the 5 ""Magnificent Seven"" Stocks That Are Brilliant Buys Now"	Several Magnificent Seven stocks are down from their highs.	https://www.fool.com/investing/2026/03/21/meet-the-5-magnificent-seven-stocks-that-are-brill/?.tsrc=rss
2026-03-21	Yahoo	0.467	Is Tesla, Inc. (TSLA)  A Good Stock To Buy Now?	Is TSLA a good stock to buy? We came across a bullish thesis on Tesla, Inc. on PrimeTrading’s Substack by Alex. In this article, we will summarize the bulls’ thesis on TSLA. Tesla, Inc.’s share was trading at $ 399.27 as of March 17th. TSLA’s trailing and forward P/E were 369.69 and 192.31 respectively according to Yahoo Finance. Tesla, Inc. designs, […]	https://finance.yahoo.com/markets/stocks/articles/tesla-inc-tsla-good-stock-201101296.html?.tsrc=rss
2026-03-21	Google	0.325	Is Tesla, Inc. (TSLA) A Good Stock To Buy Now? - Insider Monkey		https://news.google.com/rss/articles/CBMikAFBVV95cUxNUUlrejk1VmZjSW5HcFBPMWkyb0ZfU0dVNVVFdHFveldubnd1RlNsQkhNOVBLQlVIekhVWWhTVWVwUGdOc2g5Wjhkc3h4UnNEUUZHeXlweHB3LWJTM0ktaDdlQWJMa0taVHYyeDM5ZE9oRmM0UjRGTU1uZnREdmloVXZVTkdkbW1DVGhyaFd4c0_SAZgBQVVfeXFMTU1TNTZ1c3lLWGQ3RDc1ZVE0T1dNbWtUTC05cmxNeEVKSUdsQmRFUW9EYW8xWjJ5aFRwQVBOZ0gzZWRpTWV5VVB0Yl95WmJkRXJzblNfcGxGOFlqU3JBelc5OFBIR05VaE5GOG82WVFhU2MxTmFaUXY1M2JnUFY0ZkdBNXJ5M1BldUVjU2dwcmh2bkliRjdla04?oc=5
2026-03-21	Yahoo	0.248	Tesla's Robotaxi Ambition Faces A New Threat: A 50,000-Vehicle Alliance	"Tesla, Inc. has spent years selling the robotaxi ambition. Now, that ambition is facing something more tangible—a 50,000-vehicle deployment plan backed by Rivian Automotive, Inc. and Uber Technologies, Inc. Common Stock . This isn't another prototype or pilot. It's scale. Rivian and Uber say they plan to roll out up to 50,000 R2 robotaxis across 25 cities spanning the U.S., Canada, and Europe by 2031. That immediately shifts the conversation from ""who has the best tech"" to ""who gets there first"	https://finance.yahoo.com/sectors/technology/articles/teslas-robotaxi-ambition-faces-threat-173559214.html?.tsrc=rss
2026-03-21	Yahoo	0.242	Should Tesla Be Worried About the National Highway Traffic Safety Administration? (Yes.)	A federal agency's investigation of problems with Tesla's Full Self-Driving just took a significant step forward. It could become a big problem for the stock.	https://www.fool.com/investing/2026/03/21/should-tesla-be-worried-about-nhtsa-fsd-yes/?.tsrc=rss
2026-03-21	Yahoo	0.231	Elon Musk Is Still a ‘Huge Admirer’ of Jensen Huang and Plans to Keep Buying Nvidia Chips. Does That Make NVDA Stock a Buy on the Dip?	Musk’s comments ease concerns about Nvidia losing major AI customers.	https://www.barchart.com/story/news/881090/elon-musk-is-still-a-huge-admirer-of-jensen-huang-and-plans-to-keep-buying-nvidia-chips-does-that-make-nvda-stock-a-buy-on-the-dip?.tsrc=rss
2026-03-21	Yahoo	0.214	Uber fights to stay in the robotaxi race	Will driverless taxis make Uber, which dominates human-led ridesharing, obsolete? There are certainly reasons for investors to wonder. After...	https://finance.yahoo.com/markets/stocks/articles/uber-fights-stay-robotaxi-race-050041221.html?.tsrc=rss
2026-03-21	Google	0.2	TSLA Climbs In After Hours Trading Amid Musk’s X Legal Setback - Stocktwits		https://news.google.com/rss/articles/CBMi1gFBVV95cUxOYkhpNzRNcUxWWmxOd1JKYm0xRWk1RXk1b2x6VTVrQTlVTEE4VVJLWTVTSUF2N0hkMTJaRDRvQ0FZaEFDNkxkYS1rc2RmQm1RdzZMUzlFMGtaa1pfNXdFSjlCTmRDXzVqVGdaY3Z3QUxDZ05PQlBpeHBZa1lOendUYmNfeXpmWllIVDBIdHpMYi1mb2xnNFNfX0Frc19iSjAyZ0sxVk5pWUNiMEpweW1oMzFvamEzSHM2MGNMdTBzRnFWcmVMYWRKem1EdUdlb3pPVU5ZS1J3?oc=5
2026-03-21	Yahoo	0.137	Forget Tesla — Nvidia And Lucid Are Quietly Building Uber's AI Fleet	Tesla, Inc. wants to do it all. But the next robotaxi network may not belong to a single company. Instead, it's starting to look like a stack. Nvidia Corp is bringing the AI brains. Lucid Group, Inc. is building the vehicles. And Uber Technologies, Inc. already owns the riders. Put together, that's a full-fledged autonomous ecosystem—without the need for vertical integration. The Robotaxi Model Is Splitting In Two For years, Tesla's strategy has been clear: control the entire stack—hardware, sof	https://finance.yahoo.com/sectors/technology/articles/forget-tesla-nvidia-lucid-quietly-150131678.html?.tsrc=rss
2026-03-21	Yahoo	0.117	Is This the Dark-Horse Driverless Vehicle Stock to Buy Now?	There are many angles, companies, and strategies for investors to profit from the rise of driverless vehicles. Is Lucid actually a dark horse to become a big winner?	https://www.fool.com/investing/2026/03/20/is-this-the-dark-horse-driverless-vehicle-stock-to/?.tsrc=rss
2026-03-21	Yahoo	0.068	Should Tesla Be Worried About Rivian?	Tesla will face new competition next month.	https://www.fool.com/investing/2026/03/21/should-tesla-be-worried-about-rivian/?.tsrc=rss
2026-03-21	Google	0.0	QP Wealth Management LLC Takes $4.72 Million Position in Tesla, Inc. $TSLA - MarketBeat		https://news.google.com/rss/articles/CBMiygFBVV95cUxNOHBqRVliSDZLd2p5NmxlTERyTnlOUzdVTFgxQUhDQlplSlF3akVidzZnVm4tWENvTkxIcDVHNTVGWDlZdXk4WFVFaFJPT0dQYUFvLW9EOFdsUk5EdU11amNYQWdyd3Q1YTItOUQ5Q0RVc1JMaEUzY0FJa1ozNWlMdnZKNjVCMkNGVmJudm5fend1MHQwVTdubC12bGpNWnFGdzRPdkVFMHExbXdNaDIxRUFUSDdaTXdlVmxzM2F3SVMxX0lvaHhjLVlR?oc=5
2026-03-21	Google	0.0	TSLA Men's Winter Snow Bibs - Waterproof, Insulated, Ripstop Snowboard & Ski Trousers With Adjustable Straps - ruhrkanal.news		https://news.google.com/rss/articles/CBMiiwFBVV95cUxOd2Y0MnFkMk5yRGhRaDM4ckYxZU83eFdqcWcteWtoR3FYNmFCdGpvbnNqZE9mRERIRVZpcm1mSi1nOU9QeXd6VDd3N3BraUJqNjZkMFhlMTBfblRVV2t0d2xwNFo0dzdYQWwyX05YY1pzR2VrTUg5ZG9pT1NpeUNUSmktVDNVb2lvN1Mw?oc=5
2026-03-21	Google	0.0	Tesla (TSLA) Ventures into Semiconductor Manufacturing - GuruFocus		https://news.google.com/rss/articles/CBMilgFBVV95cUxPeFlpdmVLOVQwY2N5Q0VQbEt5MjBkbFpaRm9scmlMZVhtZEY3OTgxYVZ5czB6Y3hKQm44ck1Jb1lQT0IzOE40NDZpMHNvSWZlVUJoY1dtODBBUGswdTRoSXJNMUx5VEttbklHdE05VDA1cEtLMlZaYzZYeHM3ZzN4dEVzNDE4eVR2NkNkc3FfR2dmNWgxR3c?oc=5
2026-03-21	Google	0.0	UBS has a message for Tesla stock investors - thestreet.com		https://news.google.com/rss/articles/CBMijwFBVV95cUxNV3ZiZG1QUmVFNDVvWHA2ZFl4bTMybHRkbGdYTk9SSTJSV1VOX1dMQ2dJUHg0MldkUlZjcGZaRGdTa2NnU2VxSjVWNVJUN3FmWkNfS3F4blhwQ0JBRHNYbUc0NkFLT2hRVmtvZVNFTUc5RTF5dk1veXJuNlg5TlVCcDJuZENtQ09iVmtYcC1DZw?oc=5
2026-03-21	Google	0.0	Union Bancaire Privee UBP SA Buys 1,400 Shares of Tesla, Inc. $TSLA - MarketBeat		https://news.google.com/rss/articles/CBMiwgFBVV95cUxOTVViUFk1bm5taE9QdGRPdG9ycFYzb1V6eUg3ODljdjFtSWx3QUFVMkdWSFhyZl9uQXNuT3pLVFEyX3liM2FCeUNpam4zMmgwZzVITE5LbzhiOXZEWHZmTjZRM2plWXhHUm5JeVBZMTEtYlBsemJ6NW1zOFAwVWhMWFd1TU1wVlM3b3JCbUwtV1pDbGJMVFRQWV9KSWVjYTRsVGRMZHA1WUpqcWxuZGZrbWtVWkVXa1pMZmRzYVZtVjNadw?oc=5
2026-03-21	Google	-0.025	Assessing Tesla (TSLA) Valuation After Recent Share Price Pullback And Long Term Gains - simplywall.st		https://news.google.com/rss/articles/CBMixgFBVV95cUxQcHNKVkR4YXBsSUlIQlJvT3RJX2E2MDFLOUpTTXFnRFdNNjRheC1Vb1NXbXhBeWt0SGxoQlZ6a3RWU0pTS1gwM2x6dlQ3SFlza19mMDZiSkhWd3VjOERyRFM0QjVhUTNHcjZnb1YwVEVpeGRaZmEzR2hLTjc1NlB6blFIU19JR0VDS0gydzVNdDZvNEVfUDlNQktfQXpWb1B3MXdidFFyYjljUzFFSDNhOWZpbFJuNGxlblBuakRFWkdBNTFMV2fSAcsBQVVfeXFMUG85Q3E2N29CaVV5TE9HREhXQkdGOE1idmJTU1Ribkp2bFlGVnBXblMtekltWlEtdExWVThQUjJ6UG53V2VmSDdJMEU4LXRwa1dyZGRpcUotVkZjb3k4NE1fTkhNRUFTaFBqQ29hbzVuWVFhblZhbGlENEkxdUkwUkJ0S1VlNFMxMmV5MG1nTW5kTUlJbEhISUI3LU1EVkh3S1J1bmNpZF9VOXMzR09zMUdNdmllcXE4aGRoaUMzT2JqZFFiYUhMTnR3T0E?oc=5
2026-03-21	Yahoo	-0.2	"Musk faces $2.6bn liability after jury deems Twitter tweets ""materially false"""	Investing.com -- A California jury has delivered a stinging rebuke to Elon Musk, finding that the billionaire misled investors during the volatile lead-up to his $44 billion acquisition of the platform formerly known as Twitter.	https://finance.yahoo.com/markets/stocks/articles/musk-faces-2-6bn-liability-071609609.html?.tsrc=rss
2026-03-20	Google	0.8	Tesla Stock (NASDAQ:TSLA) Slides Despite Semi’s Win With Truck Drivers - TipRanks		https://news.google.com/rss/articles/CBMilgFBVV95cUxQVldMdklYZkprZW50WGt0eUp5UW5LTDlzZTV5R0dzX2FLWlFPVk5oS3dxQ0l3SmtRVVk1U2c5bEtyWnd1cnI5ZnNyaG9sNHExNDluOWdVVDlWbUxtaU1xLW1xVFJXUnFsaXVmdllzLU8ybDliZnpGRmNiMXA1YTZzMmJxRmtKeHVQOGVWdW5Fbm9melFWb3c?oc=5
2026-03-20	Yahoo	0.643	Elon Musk Says China Will Win The AI Race, But Here's Where SpaceX Will Win	Tesla Inc. and SpaceX CEO Elon Musk has shared that Alphabet Inc. will win the AI race in the West, while China stands to win AI on Earth, days after claiming that his enterprises will exceed rivals in the development of the technology. Google Will Win AI In The West On Thursday, Musk, in a response to user Bindu Reddy on X, who complained of issues with Google’s Gemini 3.0 model, made his predictions. “Google will win the AI race in the West, China on Earth and SpaceX in space,” he said in his	https://finance.yahoo.com/sectors/technology/articles/elon-musk-says-china-win-203106185.html?.tsrc=rss
2026-03-20	Google	0.6	Breakfast News: Tesla Powers Up Solar Ambitions - The Motley Fool		https://news.google.com/rss/articles/CBMipwFBVV95cUxQUHdXRTNSZ3FkV2V4czUweDBsel9JVVpGY211eGlPTGtuNUVRX3MwT25iSnc0dEJHUndTRWc4TWt4VDZ0bWtoSlA5c0pmVnF6alZGN085bktERzFLRnk4OTAzNnNxOVRtNHRMendFbmdidU04SnVWU24tSVJhNlhmQllpNTV4VXV5bGpFUUgyN2VNZDd3eVBIWHNtMGV4Z2h3R0ZsbWNpbw?oc=5
2026-03-20	Google	0.6	Tesla (TSLA) Stock Predictions: What Investors Should Expect in 2026 and Beyond - The Motley Fool		https://news.google.com/rss/articles/CBMifkFVX3lxTE9nVlI1QjJaUkNLazNFc3FLN25GQnpWM2VjZVNuU0NUNnBfdldMSnh0MFlQMDlMSEstb0ZDd3Awb04zSlVtclNDeERSTlNIN3FuUFMxRVp2WmhpTDI1TURGN2VxQXpWYXdCajlZNXZMMkJlQ1lDaHViSVBKeDhBUQ?oc=5
2026-03-20	Yahoo	0.475	US Government Confirms $4.3 Billion Battery Deal Between Tesla (TSLA) and LG Energy Solution, Reuters Reports	Tesla, Inc. (NASDAQ:TSLA) is one of the best long term stocks to invest in according to billionaires. Reuters reported on March 16 that the US government announced on Monday a supply agreement between Tesla, Inc. (NASDAQ:TSLA) and South Korea’s LG ​Energy Solution to ‌build a $4.3 billion lithium iron phosphate (LFP) prismatic battery cell manufacturing […]	https://finance.yahoo.com/markets/stocks/articles/us-government-confirms-4-3-203701922.html?.tsrc=rss
2026-03-20	Yahoo	0.375	Tesla LiDAR stance accelerates NHTSA investigation into FSD	"Tesla CEO Elon Musk has called LiDAR technology a ""fool's errand"" that isn't a cost-effective way to make advanced driver assistance systems like Full Self-Driving (Supervised) safer. But this week, the National Highway Traffic Safety Administration announced that it was escalating its ..."	https://www.thestreet.com/automotive/tesla-lidar-stance-accelerates-nhtsa-investigation-into-fsd?.tsrc=rss
2026-03-20	Google	0.3	1 Cash-Heavy Stock Worth Your Attention and 2 We Brush Off - The Globe and Mail		https://news.google.com/rss/articles/CBMi2gFBVV95cUxNMk05TndGaDVqRXBKbkl2SGN3Z1ZRWWM1aHpYTnlqN3hJM1Y3aU9TQlRKUUxodWhRb0lJM0ptcmdQWUtHd0NFbGVXdFU0bXRfRWk2bTdBYVYwWjhfY01kd0FZbVVCRXhlOGotUFJmTl9NZWkyNkRNY1pTS28zWC1NVmhOei1VQXNfc2VzaV84T2g3YkY3Sjc5R29WSFdyXzlIa3ZmaGJSXzlvc0lHT3dNemlCVHY2cUJXczJwSUE0YjVwNnRYR2xwWk02VlMxYjZPX0xvdEpzWjRZQQ?oc=5
2026-03-20	Yahoo	0.3	Rivian (RIVN) to start R2 Deliveries with $58,000 Launch Edition this Spring	Rivian Automotive, Inc. (NASDAQ:RIVN) is one of the 10 Best Auto Manufacturer Stocks to Buy According to Analysts. On March 12, 2026, Reuters reported that Rivian Automotive, Inc. (NASDAQ:RIVN) will begin R2 SUV deliveries this spring, with a $57,990 dual-motor Performance variant delivering 656 horsepower and approximately 330 miles of range. The corporation also anticipates […]	https://finance.yahoo.com/markets/stocks/articles/rivian-rivn-start-r2-deliveries-171649190.html?.tsrc=rss
2026-03-20	Yahoo	0.25	Truckers love Tesla's electric semi-truck. Here's why.	Tesla (TSLA) is launching its electric semi-truck. The vehicle is currently undergoing trucker pilot test. Yahoo Finance Senior Autos Reporter Pras Subramanian chats with Yahoo Finance Head of News Myles Udland about all the details.	https://finance.yahoo.com/video/truckers-love-teslas-electric-semi-195840981.html?.tsrc=rss
2026-03-20	Yahoo	0.2	Why Lemonade Stock Soared by 16% This Week	A very bullish analyst move added real zip to the insurer's equity.	https://www.fool.com/investing/2026/03/20/why-lemonade-stock-soared-by-16-this-week/?.tsrc=rss
2026-03-20	Google	0.193	Tesla, Inc. $TSLA Stake Reduced by New Mexico Educational Retirement Board - MarketBeat		https://news.google.com/rss/articles/CBMizAFBVV95cUxNaUV6X0ozU3R4RlNMcGkxRVo4aFpzSi1yVU5jQmp3WnBKWmRDc3B6SlZGTFpyU3RFV2ZNSS1US1pEdHFhNmM0eWVfVFNrNG1iaEp3TUJCcXZtRjNwb0Y5RHNOMzhQTlNCQThBemNyd2FIYjhCMnRPVTdhZGN3c2V3UXlQU2J4cTRUNlk1ODVnUmU0M1hOc2I0dnZNNGkxTmVLeU1fQlpINlEteWZoUl9DS2FLb0pIeFR0cjJzVnhFNEI4bENQSkhKVGQxckQ?oc=5
2026-03-20	Yahoo	0.162	Tesla Just Snubbed TSMC — Musk Is Quietly Building A Sovereign Chip Chain	Tesla, Inc. isn't just choosing a chip supplier. It's choosing where its future lives. By tapping Samsung's new Texas fab to produce next-gen AI chips, Elon Musk is making a move that looks less about performance — and more about control. Because in AI, supply chains are strategy. This Isn't About Chips — It's About Geography For years, Taiwan Semiconductor Manufacturing Company Ltd. has been the default for cutting-edge semiconductors. Most of the AI world still runs through Taiwan. Tesla just	https://finance.yahoo.com/sectors/technology/articles/tesla-just-snubbed-tsmc-musk-223125927.html?.tsrc=rss
2026-03-20	Google	0.15	Tesla FSD Poised To Win European Approval. But TSLA Stock Completes A Round Trip. - Investor's Business Daily		https://news.google.com/rss/articles/CBMid0FVX3lxTE9sZFZJQVdlcDB3R2RRNWt3blhXYktaMUNPZFJqSkJTYTVtTXpua0FmUEgtbjFkV1diQXdNVGpHUE5QeWc1dGh1QUFScTg3SkNzcl9NSkc3Y1M5OE12QWY2UkcyM2hYRHRwU0VsQS1TVi1mcFk5RXJF?oc=5
2026-03-20	Google	0.136	Foguth Wealth Management LLC. Purchases New Holdings in Tesla, Inc. $TSLA - MarketBeat		https://news.google.com/rss/articles/CBMiygFBVV95cUxOcDBKWXJaM2diNG9FVG84QUthTkhjb3lKRVdOREUwODJLTV9Rd2ZqOWwzZ2dNQUxpZ2g1X2RrWkRqNzhUTm5uT3NTY252WnhwV1hzdUljUjc5SllzNmlHNVNRR29VNk5WNVBNVU1TMU1xYXVnb29CZ1o0bk5sc2NhdjdFVVBITEJ2UE1LZmdJaXNaQm1hTmpCWGtrZ2hBYkozd2s2dnY4b3VfQTBlek5CY0lkU1otQnMyMzBZM0p4VjlJLVZQZVRMbEpn?oc=5
2026-03-20	Google	0.136	Legacy Wealth Management LLC MS Makes New $858,000 Investment in Tesla, Inc. $TSLA - MarketBeat		https://news.google.com/rss/articles/CBMi1AFBVV95cUxPQzdxWFFGWHlDeWJvRVJNRnNnR1BwbHdKQUkzOEF4T1pRTWtKWGNaVU1tbHU4THptTHZNdVI4bFg1UkNyeExVY1JhVEg2ai1CQ0xuNWxNUldUMnpTSDNwSGZnYTBBOGZ0QmMycDBEWWx4Y0I3Y1dtQ3ZiWldfZjY3Tmp5UUp1SUp6RlhtQkpfaWlXSnd4QzhxSFJVNG1Ub2ZkTE55Y3NZQUpReGE0SzZodWlfT3RGUWhhLWV5RDJNcXh4SnY1bUJLWnpyQjdKbWlLeWlVaw?oc=5
2026-03-20	Google	0.131	“Major Legal Blow”: Jury Says Tesla’s (TSLA) Elon Musk Misled Twitter Shareholders Before $44B Takeover - TipRanks		https://news.google.com/rss/articles/CBMixAFBVV95cUxQR0ZxcmE2Y1hOS2NkZEtMQzBndUdfMkVoRUY3ZUpyRnJaRHpVaDI4NFVUbGZieV92QURCcE1ITzNlSldEdzJNRkE4VXJ4S1JRM0ttd2JyMXRTbVRPN2ZZNTBCQV9pbENsV1JiRkNBRVNuSlo4dmNkakRNZzdwaVNwX1RwVVFtQmpQcVFNa0xNOE5wdGptV2JROWxjbXgtaTdBUHV1bVhZcUEzSXBpSE9VYUxRU1pfcm9NbFdhbldZZzFkVXlm?oc=5
2026-03-20	Google	0.062	TSLA, PLTR and SMCI Forecasts – Major Stocks Looking for Floor - FXEmpire		https://news.google.com/rss/articles/CBMirgFBVV95cUxQQ2d6Rno4dUhrUFdOeWhDbmRnVEszNXRsZmRnaVJ1eFNUa0UxRkJHTWJiOTJKcHlDbVBmMWhvNlVQZER4MVotdlhfemNIRlhSS3NNXzVkNkYyVTFObWM4Z1J0ZTROeFFHZVJjSDZYak1mck9fNmE1d2gzdkNabm81Y3RKczl1dkJyYUJZM2Z4QmR6MHRFMVhJN2hjZ1JNOXd5Ym43VDFIQ1MwSmNIUWc?oc=5
2026-03-20	Yahoo	0.056	Tesla FSD Poised To Win European Approval. But TSLA Stock Completes A Round Trip.	Tesla said Dutch regulators will likely approve Full Self-Driving (FSD) by April 10. But the EV giant's stock completed a round trip after a run in late 2025.	https://finance.yahoo.com/m/f0744ebc-a525-3111-bceb-d1597dfe749e/tesla-fsd-poised-to-win.html?.tsrc=rss
2026-03-20	Yahoo	0.015	Rivian and Nio Fall 7%: The EV Dream Is Getting Harder to Sell to Investors	Rivian Automotive (NASDAQ:RIVN) stock is down 7% in Friday trading, sliding to the $15 area despite announcing a major robotaxi partnership with Uber Technologies (NYSE:UBER). Meanwhile, Nio (NYSE:NIO) stock is sliding 7% to $5.50, falling more than six times harder than the Consumer Cyclical sector, which is off only 1.04% today. Both moves tell a ... Rivian and Nio Fall 7%: The EV Dream Is Getting Harder to Sell to Investors	https://247wallst.com/investing/2026/03/20/rivian-and-nio-fall-7-the-ev-dream-is-getting-harder-to-sell-to-investors/?.tsrc=rss
2026-03-20	Google	0.0	AIA Group Ltd Buys 43,022 Shares of Tesla, Inc. $TSLA - MarketBeat		https://news.google.com/rss/articles/CBMirwFBVV95cUxNal9jNDRBYmpuWDJKTTQ1dTdwRjVfN3Vtb1R0cEo0c2NiMC1QUFhLSDFTV2k1QUloLWY4THFlWkViYUtoMFVSWWVUNkZ2V19nQmFoaWVQa0NyaGtONlc0c09tVk5IcE4zS2w1cXBXVFp4bTVfcGk5NERWZVc3ZFU3X0FhbE14RnBxaVVYMVkxV3d3NmlMcXRMUmpLeWxiUUxOeWZ3eVFQMkxvS1J5YTd3?oc=5
2026-03-20	Google	0.0	Analysts Offer Insights on Consumer Cyclical Companies: Five Below (FIVE) and Tesla (TSLA) - The Globe and Mail		https://news.google.com/rss/articles/CBMigAJBVV95cUxNd3NDSFRWeXlweGZmR3NHRDVjSEZxcEZBN2Z3aml5Z0tQeF9aNmdwMzhqYmVDY1NDanNSV1Q5NjBJWWlPM25qVXNVZG9tNHBLS2E3azg5a1JRdHVqd1ZHZWh0ODMwdmQ1TXpkU1ZCVWoyaF84TDgwU3ppS3RFR0VJUDRwcnRyRHNUamhqbUV6TFEwNkhhSmhvY2ZnS1hyS05oc2xsUG9oZWNzUG9Fb2JaSVI0cHJpVkhqb1UzVHE0cmtwZDBKRXBhZTktdDNEMy1NS3NhOTF2bFk1NGRzXzVWRlFQWXN3R3F1dUlCZEprSllFNzlPQ0dGLVJKRkpXRkhx?oc=5
2026-03-20	Google	0.0	Bezos eyes 51,600 satellites to power AI: AMZN vs TSLA - NAI500		https://news.google.com/rss/articles/CBMijwFBVV95cUxOQmZKaUl3QnN5Z21oZnRIb0JjS080UnFjYjFrc0xvTWNldUNlSEJWQUFQOF9Ta3diWmhFa0hiYTlPSTFOTHd2NjI2OWFKQ1Rqd3c3N05UZHp5b1JhRXdBZlBrcElvdjNESUlyaFRPbFJIZ1NyeGdSTkFGamFZakNXX2drU09OcGxaYWFMQVFlWQ?oc=5
2026-03-20	Google	0.0	CIBC Private Wealth Group LLC Raises Holdings in Tesla, Inc. $TSLA - MarketBeat		https://news.google.com/rss/articles/CBMiwgFBVV95cUxNNmxMNkx2Z0dIMGp5dE43eFpmUFVpRVNqYTZqZUZIcTNNU01rYnNKbGpyWUNDaF83dy1pTUc1T2IxS1hHd2dHWV9McnMtMXpLdUpWQUR3SFJpcTd3S3hVZU9iTnFFVnJGbGx4UlFoOVl4NzlBQ0xqNFd1WWV1Z2VIc0JBM2RQTmR2cVF3ZUdKVG40cTZub0V2R3RGbmVrN2hQMjZoc3JYQnlxVm5SQ01lWGxTbVkzWGJWN0YzT29DUHRTQQ?oc=5
2026-03-20	Google	0.0	Cambria Investment Management L.P. Decreases Stake in Tesla, Inc. $TSLA - MarketBeat		https://news.google.com/rss/articles/CBMixgFBVV95cUxNUU04dDJHX3BiWXlGN1lUQ2xENXp2X3NYazlhbGZOcXdRRUhOb0dwVmg1MUhvbmt3R0tSN2VsMzdzRDlnMDdGLXdYVUVoelluMUJwM0xWN1lHek5nQW1wTnhmS2Q0QlMzaGE0LW5UaGJEYnV2MFAzMk5XUnRTaGRXb3N6bi1zY3RjQWk4c1VtLUZMeTZVanFBQXEyWERhSzJXemFKRER2djVmYUZXUGxncl90NTJXT2RFZ29JREhMdU1sWDNWcXc?oc=5
2026-03-20	Yahoo	0.0	Coinbase Global Launches Stock Perpetual Futures Contracts	Cryptocurrency exchange Coinbase Global (NASDAQ: $COIN) has launched perpetual stock futures contracts for non-U.S....	https://www.cryptoprowl.com/releases/coinbase-global-launches-stock-perpetual-futures-contracts-3924?.tsrc=rss
2026-03-20	Yahoo	0.0	Elon Musk’s Solar Moonshot Still Runs Through China	Tesla is making a multi-billion-dollar industrial bet on China's solar panels.	https://app.moby.co/home/news/news-elon-musks-solar-moonshot-still-runs-through-china?utm_source=yahoo_finance&utm_medium=rss&.tsrc=rss
2026-03-20	Google	0.0	Holos Integrated Wealth LLC Invests $859,000 in Tesla, Inc. $TSLA - MarketBeat		https://news.google.com/rss/articles/CBMivgFBVV95cUxPUjR6VGp6TjhGaU5GVXVkY2RFTFUxUmFUb0V4M1JUSGdIekwyNTFZN2VaQ18xU3FLLVllVUdYeHNsOWZpWFV2VUE5OGlsdmNQa0JMTm9fTDdLQVNvTkRaWXdCTVMtUDA5SVpEenlJcEg4dkRzXzBTdFlrd1FTb3p0T0JoVWRORFZsVFJaSjVuMF9mR1FSeTh0SXBoR09YekZ5ZkFEeE9aUUY3MmZ3bTBPdnZMU1B2eVVaTmF4M2h3?oc=5
2026-03-20	Google	0.0	Mirabella Financial Services LLP Has $3.90 Million Holdings in Tesla, Inc. $TSLA - MarketBeat		https://news.google.com/rss/articles/CBMi0gFBVV95cUxNX200TzhxLVppUGU4QXlpcFlWQkE3dEN1a2VIQ29UWFRiRGNYR1J4eTd0eU1KeTdkSmRUQmtJQjhsc3lCQ1VHZkw0MUkybktNdjlPeEF1bEdnZW9pMXBBSWloQi1JYmdsNHZOQlFERjB6SnhhdWIxMXFyQlhfbGVhNnNoNXQtc3pqYkpoX0x6Sm9tZEs4eWZKSzRVN2lfSWpaWDZ5SmdZSFZHU3VDNDR6YWw1UlVqdENXR1hMd3RIRUtmNEg5WlJ1c2MxaHJpV0tHcXc?oc=5
2026-03-20	Google	0.0	Swiss Life Asset Management Ltd Grows Stock Position in Tesla, Inc. $TSLA - MarketBeat		https://news.google.com/rss/articles/CBMiywFBVV95cUxNQktMdzlmd0RtYWRwSUE2LW1DYWxpQXU0UXJCQXIwdXE0NVZMRW9NMWtUSGc4V3RMWkNmM2xVcnVCNDF3bXBMYTBuUXJFX0c0b0tWd3hSelpYMjJLSVBwNkFYek90Q2l3Q1V0S2R3TElvMnJHQ2owUGx3cnByanZPWmZDUjdvRGp5V01qOG1ENWYtU21BcjZSVmFMeURnNUZVQnNZNjB6ZW1UOENwcFE2THZkc3c0RDV0X2p1bFg3UDBja2dWY2ZVUFZNaw?oc=5
2026-03-20	Google	0.0	TSLA Stock Today: March 20 – Leavitt says China trip reset in weeks - Meyka		https://news.google.com/rss/articles/CBMimAFBVV95cUxOY1kycEt6eFlRZ3VfUVc2V0NHQWpaRlptcGp5WTJYSENVVGFfSXRIeHpPQU1uay1fTVdvYjREbGNFa00yNXczOVhSNjJOTHB3UlNYZGhpVVRmemRMOS1qRURwbmZ5MFFTVERpcDJNdkNUWVBSZlFxWGt4UkhqZDRHVm5xOFNZVHEzT1JpWDBiZnN2R0ZaUVU5cg?oc=5
2026-03-20	Google	0.0	Technical Analysis Of Stocks: SPY / QQQ / NVDA / TSLA / AMD / PLTR / UNH / MSFT [70abc1] - Fathom Journal		https://news.google.com/rss/articles/CBMicEFVX3lxTE00aVdsWUpDUmFRMnNickttZFJrWHptVE1XbmRCVnZtM2V6OGVYWXZLa3NnbDhVVnB3cnZYcFh5NzJ2OGN5eVZYMXVoM1dTbkxjWXVaOHRJRkpTUlhOdFBPa1RGckppcUxVZ2lkNVg3UEI?oc=5
2026-03-20	Google	0.0	Tesla (TSLA) Explores $2.9B Solar Equipment Deal in China – Is Musk Building an Energy Empire? - TipRanks		https://news.google.com/rss/articles/CBMiugFBVV95cUxPanRPcHFrejRuS01CdTBtRmJwRU1SU21maldJWkpITm5nSk5vNHNTNmIyZjJ2enRVVExZMXQyTGdFVVkxanlpQUZEYVRWOWVRUGxsazVoOEFGOEtFcnMtSlhDek9Yb1lkV2ZnZ1N2NUV1WWFPOVR6c09ZX2YtdnU4Y3ZvTGFVZWhGeW5RdlVoMDVOaFdETDh1dnlDQzgxOTdvcEJlblRMeDVXeEVSeGt1UEVVcEdUTndpaFE?oc=5
2026-03-20	Google	0.0	Tesla (TSLA) Eyes $2.9B Solar Equipment Purchase from China - GuruFocus		https://news.google.com/rss/articles/CBMimgFBVV95cUxOLW9FdGpRZV9mZ0dHSG1DR0V0REotNl9MWUZ2ZzB3MW9HTXN6WW1UMDB0RTF2TXlBVkJfMmdrb1pZdnFnX2stcDhxd19tX1ctNy0tdFA1TVdGY0JBWE8yLVRhSnFOZmtwOTc1WjRibkdDc2xyZllDQlRhclBCLWJYYW01Snc1RFlabzBMY2FMWjQ1X3Bkd1ItZlp3?oc=5
2026-03-20	Google	0.0	Tesla (TSLA) Plans Large-Scale Procurement of Chinese Solar Equi - GuruFocus		https://news.google.com/rss/articles/CBMiqAFBVV95cUxOV2EtY1BfaU82Z1BPTXVGc1phcGc5QkU1YzczZU90a3VkOEFGQUNrSnc1QWtRV1NGbEh2djNNNmdndVBROE1rOE43TnhQYVF1VUdLZUtHT1VvV2wtdVVyVTAybDN4VzNkVjQ0cmIyWHNHQ0JtYzlTckptNGxua3B1NFBRUS12YW9YRzFYenotZEVKSldhTVprMU5lUndRX1RENlZSV2wxczc?oc=5
2026-03-20	Google	0.0	Tesla (TSLA) closes above ___ on March 23? Trading Odds & Predictions - Polymarket		https://news.google.com/rss/articles/CBMib0FVX3lxTE9pMXpGU0d3ZUlpcHc1a2RUcEp1V1E5TVVhMVZjcjgwZ2RQUnV5M0o0amVsa0U1Q0ZTZU9UY3hFSml0ZWMwc2NSZHBQZzJ5VzFlYzlDa1BFX1A3NDVHMzlBV3BXYUs5bV9hQ3dYZ1EzYw?oc=5
2026-03-20	Google	0.0	Tesla (TSLA) closes week of Mar 23 at ___? Trading Odds & Predictions - Polymarket		https://news.google.com/rss/articles/CBMiYkFVX3lxTFBTRko0VTlQYzdObFBoRzhXUEhPbG1uSkJJdUpscllGYm9pLU5IWEJwYUlnTVVpdElabWNEMW1iRm5ha184eFFFdlRWdXAtdjlPQTdwUVJGdXJ6WXlzbWlzb0l3?oc=5
2026-03-20	Google	0.0	Tesla (TSLA) reportedly in talks to buy $2.9B in Chinese solar equipment for 100 GW US push - Electrek		https://news.google.com/rss/articles/CBMipAFBVV95cUxQMU1OX3dYWF9zZ3ljdndadUxycVlENGxYOVFpdEh0cTdwY1BWM0g3V3NDRVRXOXhEeFNfV25rZzVZR3hUMXRZMXVwNlR5M3FCcklKakNtN3hPVTdIUkRZdW1NaTFiVWhjTHZhRmVRckUyT181Rm5qazQ0aTFWMUxISFlidGdiQ0MxdzRwZS1oRGNZU1AyMF81X0hFOTdESzlDZUZtZw?oc=5
2026-03-20	Google	0.0	Tesla explores $2.9B solar equipment deal with Chinese firms - reports (TSLA:NASDAQ) - Seeking Alpha		https://news.google.com/rss/articles/CBMiqgFBVV95cUxOUGdEUlNWMXIzTWdDdDFSdm8xendGaGVWT0xUbGw2b1Rma3hibXZwM3lFcWxxSFFPcFQ5RUd2QUlWckZramI1T2d5Y0o4OERkQVotQllTODdQOTBHLUZ1Tlh0bXlUTHNyankzOWhPaUsyNGxnQl9nZWc1UlhfdlU5UDBWYUtEUXVXdENfYjJZcTgxbmFMa3VuZURoUGZHTENYM0xSdlN1RjQ2QQ?oc=5
2026-03-20	Google	0.0	Tesla's (TSLA) Semi Gains Popularity Among Truck Drivers - GuruFocus		https://news.google.com/rss/articles/CBMilwFBVV95cUxOc1QzYTdEc3E4ejRuaFlMZ3Q3b1dSZWxXVHc1Zm11MDhoVnpRVE9iVU9jRTVVNDA0SEFHc3JnbDZ2UmJDdkFOT05US2dEMDJNV0VnMVppYVFFT1hsYVBibG9GbHhDQWdPb2k0ZlRpVmFnTUpCeGNWaE9aZUxrN1hXQWpHci1xdU1qYkliUXUxOGhSaE9NNjE0?oc=5
2026-03-20	Google	0.0	Tesla, Inc. $TSLA Shares Purchased by CTC Alternative Strategies Ltd. - MarketBeat		https://news.google.com/rss/articles/CBMixAFBVV95cUxObjFCcExReS1Qc1JnQXViS2FSdEVTcUxSR0dYbVhJa2V3SWNVSktURjZhT0RDTDlxR0ZUbllkQ3NCUWQtZm1VX3o5OFI4cDNUckdpMlBLWGVWeFNpTXVlZWFnWGZfZXVpZHV6cEJIMmthb24ybkNfRlpYc29YNXc3QU9yaTl0U2R2amw5a3NqUTlQZFAyNS1CWURPSzMxTVRRbVRuNTV2M2NYcEdKYTFXOWZqWXA3eFRlYVV5U1JIMjROTjFB?oc=5
2026-03-20	Google	0.0	What Tesla (TSLA)'s FSD Probe and AI Hardware Pivot Means For Shareholders - simplywall.st		https://news.google.com/rss/articles/CBMixgFBVV95cUxPN0JjUUp5UEdvV3dWUXhPNFB0d1BZMTB5MGxvVkUzR01KZTVBVnR5bDlMSlVhZ0wybDRzWk5sRjFJNXZuYzUxLW9tbW1Lcjk1LWdNX29zT2g3VERELV9IcVg1dGd4UEhyRWZOVUVTTk9Pc2x0SDhHcXdOR25oMVh2MjBVWUZ3c1pHUFRQZGoyY244czNIdXRlN3NMZ1pvNmtMeDcycmlLNUFwNjhxRk5wYWg4R195Sjc1Mk5pRXR0UkdOcHZ0R1HSAcsBQVVfeXFMT2tUc21vT2liQ3d3aTluYW5ENzBHZXUzY3FmY09VbU9xeGF2TTZqOWQzTUdjYVdEd3Rsb29TcnZ4YnJRV25lYkp4eW5zYkNybmh0R2EzZS1TSFNWT1k1b3JKZDh2OUJNT0ZMRW43eVJ6V2RKZkQ2S1VBV3NLa19qeV9JUmpWb3lzbFlJOXFYYjdOakpCMkZOLWhBTUd0TnROVHhxZGczOWdRVi1QTkNpejRWbHYwRTFDcG9tQURWTHZOeWdFd0x1YXpVQTQ?oc=5
2026-03-20	Google	0.0	Will Tesla (TSLA) finish week of March 23 above___? Trading Odds & Predictions - Polymarket		https://news.google.com/rss/articles/CBMiZ0FVX3lxTE1sUExFRURaaEdaT2p4ZVB3LS1mVDMyTUtqY2hxR2JUUkRPLU4xenlsWmpLVm9QTmtHMGYzOUhnWURxY0loTWt6ZTQ5Q1liN2lnUDZYMUljUVJfWVg5Q3hXZ2VPVk91OWc?oc=5
2026-03-20	Google	0.0	Wilmington Savings Fund Society FSB Sells 14,691 Shares of Tesla, Inc. $TSLA - MarketBeat		https://news.google.com/rss/articles/CBMizgFBVV95cUxPZ1JETFF6U0xMamJaSkN3MG1ZR0xLQVVzOEJaRHE1b09LMWw0aE1DRUt2eE5oMGhLMVdKSXlsTDhQZ0VlNnNzYTdiWWxTeGlUNzNaVEFrR1Fpb194ZUdRTS1xRDJ0NE5WYzlJcVhXS1R5WUMyTjg1VU0wbnFXcFlvNW9zYmtZWFZQdlRrRHBKYmxOX25ZSzBkU2tmSjlYcjNDbjV6dzZES1pWRF9SZFQyaDRrN2VIQVFxWFZqTjBMaDhRQTVWekQ2TTl0blZDZw?oc=5
2026-03-20	Google	-0.078	Tesla Stock (TSLA) Is Down 18% YTD, Here’s Why Wall Street Is Divided on the EV Giant - TipRanks		https://news.google.com/rss/articles/CBMirwFBVV95cUxQdl9USHNYRDFrcU5hZHVkTkQ2bl9xX21FVUpyZUpmWmE0T3Z4X1FNc1RlckFnb3BtRmhVZzFFdVh5TWZPSkpLdURuYk1hMjNibzBEdDNxaTNMbm5MeGNmcXI5RkhHN2RFQnR0NjREbFlqVnI1UlVJSjdFUGxrNE5ETmpRaFRleVZyRTJ6RjV0bURGZ3h0dDZWdVF6VGtVQnBHUnNCN0s4emVmWk9LUDg0?oc=5
2026-03-20	Google	-0.088	Tesla Faces a New FSD Probe: What Does That Mean for the TSLA Stock Bull Case? - Barchart.com		https://news.google.com/rss/articles/CBMiuwFBVV95cUxNWThhTmRxUDdneVc3WXVQN0pXNnpEVUVCQ3BPU0R3ZW5tTlhXTVhTNkVId2ZrOF93OTdZemJVLXdUc0VCQVZzZVpUSGt2VDMxMFBldnVRLWlfSnpja0t6aWROYTFqcVotOS1hN3ljT0E3OWx1ckR2dDNPTDJwbXdlQmxWeElUVk9OcUNGSzNGV25LUXBVd0Q1YlhxWUJja3BxX3MzWFVNcVJGQ0t4WjFCNHczX0VFQ3RucWJB?oc=5
2026-03-20	Google	-0.1	Tesla Stock Price Today: Why TSLA Is Slipping as FSD Probe Overshadows Europe Approval Hopes - TechStock²		https://news.google.com/rss/articles/CBMisgFBVV95cUxNUG1LZklqN1Y0Q0xCUm5QM2JyeElhVUVxNE83eThFRHM2OHpjZjFwODVadE1yMlZBNWQxTTdEUGFPS1FfQmhWbE14QjRZanlyZkU0dDNDcUtOZzhrbjJfTzZIU01TbnYzdUJ6QUlIc3BYSWxEVWlLeWROSjFBVGdXVzUxZUhoT0xOX1RYbTVfanphTm1YcWlocFYyMC03dHUyNWdVdW1FUXpCSVMydTZXM0NR?oc=5
2026-03-20	Google	-0.15	Tesla Faces the ‘Couch Problem’: Modern Physics Warns the Optimus Robot Will Fail and Send TSLA Stock Falling - Yahoo Finance		https://news.google.com/rss/articles/CBMingFBVV95cUxPUFhfNXFZbGRuTlZPR20tWl8yNWxlaWx0bGJCRW4yRlVXeXpVS3AyV2pjbVVhSUJYR1Y2RGxfM3Z1NkFNV2dHNDU1bTRPSzlkOUoyUjhidzA3NzdQZ09jdHZyX0I0STRtWFhCUnBrZEd1cTNWU2ZIN1RlLUVtVkEzeUFzcldRSDNyOHlUVmdoWUZCUW5FZjNndUlucTJOQQ?oc=5
2026-03-20	Google	-0.156	Tesla (NASDAQ:TSLA) Shares Down 3.2% - Here's What Happened - MarketBeat		https://news.google.com/rss/articles/CBMiqAFBVV95cUxPY3dFcUpiOTBaWllQckFXVE45MmVJUVNfbkpndXNadXhfR250ZmQtaWlkMmRsMTY4WG9kNUR5SHVSNnM4Wk9zU2g5M3dDMmFwSW1GT21XWTNLaUVDeFoteVJqbGxCcWdWbXpmNWIxVnU0OGVhODc5UEZCT2dsa09ieDE5N0lpb1k2X01xVV9HZUhJU3JXalJCN20wUmxSWHVMNFdyQkowZjE?oc=5
2026-03-20	Yahoo	-0.17	Dow Jones Jumps Late After Sell-Off As Trump Mulls 'Winding Down' Iran War	"The major indexes broke long-term support as oil prices and bond yields soar. President Trump said late Friday he's mulling ""winding down"" the Iran war hours after saying that was not ""acceptable."""	https://finance.yahoo.com/m/4b986b69-078c-3b77-948f-5e9fc43f37c2/dow-jones-jumps-late-after.html?.tsrc=rss
2026-03-19	Google	0.8	Elon Musk Says China Will Win The AI Race, But Here's Where SpaceX Will Win - Tesla (NASDAQ:TSLA) - Benzinga		https://news.google.com/rss/articles/CBMirAFBVV95cUxOal9BMFZOc2xHVVVEUm5MajQxNElUMU5MZXVjM3l2NFItc1p3MXpPbTJCUmx1YnFRdjliYWZfaG05bEV2QXBiLW9kSkI0dnVXOVlZMmlYWnRlbG1PMkFiSFo1eUFoZ1VJbEhCSnktTVU1bGlKY2NkTGM5a1hNeTkwT2dqU0IzVnBMaG12aUw5NGo2ajd4NTcyRVQzdWxjM1phRXVSVkxLN29BVGEy?oc=5
2026-03-19	Yahoo	0.533	"Prediction: This Neocloud Stock Will Outperform the ""Magnificent Seven"" in 2026"	Neoclouds build their own data centers and subsequently rent access to GPU clusters to their customers.	https://www.fool.com/investing/2026/03/19/prediction-this-neocloud-stock-will-outperform-the/?.tsrc=rss
2026-03-19	Yahoo	0.433	Uber will operate its own robotaxis again—this time with Rivian’s not‑yet‑built EVs	After studying the competition for years via partnerships, Uber is apparently ready to take on more risk again.	https://finance.yahoo.com/sectors/technology/articles/uber-operate-own-robotaxis-again-191233971.html?.tsrc=rss
2026-03-19	Google	0.35	How to Buy Tesla Stock (TSLA): Your Complete Guide - The Motley Fool		https://news.google.com/rss/articles/CBMiiAFBVV95cUxNRVQ3cFhfMkZDUzRXTGxpdG9QLU5ZMzdoOWt3YnMxOFZLQnUxeC05ZnFPOHd4aTRScDFMVUlXZ2U0dGdyUTV4OG52QWl3aFNGZEVsa3BIQ3o0NmEyT3lta1Q1SE9LdzZIM05YZFNtcHRVSUlqUUs1cC11VmdvdTRzcFV5TjN4Rmx3?oc=5
2026-03-19	Yahoo	0.35	Tesla (TSLA) Stock Falls 3% as NHTSA Expands Full Self-Driving Probe	Tesla Faces Scrutiny After Nine Crashes Linked to FSD System	https://finance.yahoo.com/markets/stocks/articles/tesla-tsla-stock-falls-3-183911125.html?.tsrc=rss
2026-03-19	Google	0.35	Tesla faces deeper U.S. probe over Full Self-Driving safety concerns (TSLA:NASDAQ) - Seeking Alpha		https://news.google.com/rss/articles/CBMipwFBVV95cUxOS2ZtSHZVYXVXdnZrSVRrdVFMeTc0V3pkQ1p6X1NDbjhfakdxY3FYVFFNaFdjRDhfXzFiNGJoNzdwcWF4cmxTdVdiYWFEYUdRdFNRZkw2VzBlcmFkaFZFZnE0ck80Y3RKaTNlU25Zd1FrUVZEd2JNaDE3X2VMRi0xRVZNSjRibld0REs4MG8zaDdoZVlsSGlWazUydGl4NmtwenlCcWMwVQ?oc=5
2026-03-19	Google	0.244	Tesla Inc (NASDAQ:TSLA) Presents a Compelling Technical Breakout Backed by Strong Fundamentals - ChartMill		https://news.google.com/rss/articles/CBMi2wFBVV95cUxObmFLY0xhcFNmMG1GMGUxRDBwVTdidHJnUWoxa1VJTHl3dURzeHNvZzM1NVdkSV9LOHNDdHNIZGE4dldPQUtIM3ktVmRzWEdoS3hUWnB3bUhOWXZnRGsyMklpVU9kNDVnVVdudzhTQmkwQ0xvX0ZURmcybENwWUJNWnVvV1lyc2E3OE1HSXBQUnNtUm9fYkNUcDZwUGx5a0dTY3RmTm5VakZxaU5mWTQ5TFBiXzZwV1NOQjZiMHgzaEhQbU0zd21RSXBpQnBBR20zTm16REdjbjhGY1E?oc=5
2026-03-19	Yahoo	0.117	These Tech Stocks Are Still a Buy for Many People Even as Iran War Pullback Intensifies	Retail investors are cherry picking which companies to buy, as they spend less money overall, according to a new J.P. Morgan report.	https://finance.yahoo.com/m/95600eb3-6538-34ee-84ef-a5da9f701ad9/these-tech-stocks-are-still-a.html?.tsrc=rss
2026-03-19	Yahoo	0.081	TSLA: Musk Teases Major Tesla Chip Milestone for December	Tesla's AI6 Chip Could Reach Tape-Out as Early as December	https://finance.yahoo.com/sectors/technology/articles/tsla-musk-teases-major-tesla-195256584.html?.tsrc=rss
2026-03-19	Yahoo	0.04	Is the BMW i3 EV's 440 mile range enough to take on Tesla?	The 2027 BMW (BMW.DE, BMW.SG) i3 EV sedan is said to be a new challenger to Tesla's Model 3 (TSLA), touting a 440-mile range on a single charge. Watch the video above to hear Yahoo Finance Senior Autos Reporter Pras Subramanian compare the capabilities of the new BMW i3 and Tesla Model 3.	https://finance.yahoo.com/video/bmw-i3-evs-440-mile-204500774.html?.tsrc=rss
2026-03-19	Google	0.036	Why Nvidia, Micron, Tesla stock crashing big today: NVDA down 1% while MU stock crashes nearly 5% — here’s - The Economic Times		https://news.google.com/rss/articles/CBMi3gJBVV95cUxNWlFCS1lxdUZZWkxMbW0yWEdsMzE5Rk8zcDhkSC0waFBSRlZPV3lmcmlQaE1pSTJOejJpSWI1TXRCM0FQekV0RFJDSzQyTE03MWM5UnAxY250TS1TZHlsRWpINlFIZ1JMd0E4WlRxTVFOaVk1dGU1SmdJWEdSVGttdGNIVnNsVllnendSam80VHJwZXpUSkpOWllmYVZSaWZYZHpYSTBtSDhhdGx2LTF0MVZRRUZEd0JNaVRVX2preE54ODNJOFhEOUl0Mk0wemZwdnoxUEVYZE92QVdvdzJFMG9MUjNTLTllZFI5cC1WMTNvWFlTU0w5SEJuT1hkbG9tdklkUW14WnJVeWVLSW1ZUGtfZ1JyaS15M3V1RkJZcmVhaHM1cXZVbWxRY2RWdm5vaVg3akVhc3g1aWQwNmJ1SXdSMklhU2NlSmhrX3hBZVhSY3BDTEE3RXZtb0xkUdIB4wJBVV95cUxPejVpc1c4REJfWDdoYU1hLWZ2V2ZYZS1ISkg3RUVaMDhMazFJYl9TQ3RTa0VwMXUzX1BlNFJ5ZVVNSWc4UUtjMk5QdGY2ZUxqVXM4ekp0aXFfNE05ZmxZelZDV3ZkSnhuWDc2OFdrNXFVazJuLVJ6NnktcmFxaXM3dTluWFh0SVk1VTFFQ0d4T1E5MTdsWVpWWWdhM2xEWnJRVS1YLWhSemdNeWRBY3N6bmtZSUxIMmJCWk9kVWtzU2tIM0Njamt3S1RqZjZ2T2hPNkp2STN3YV92UkVSWkxOSkFBTFhzZkxBT3FPTjY5T3doMUhMbTVUSU1KS0tpX3Y1ZUpDX0RQTDQyRF9ZVUlQczM4VmdXR1ZQcklVYXlLV1dGT1llOHBPZTZTWko1QzZ4RjJRZHRNakZVRHVsTFNKZDQtd1pua3hQbHdRVVhoWnJ6MXhjT1Z5TmRoOXpBeTdCVjJZ?oc=5
2026-03-19	Google	0.018	“Terafab Project” Prepares to Go Live, Tesla Stock (NASDAQ:TSLA) Sinks Regardless - TipRanks		https://news.google.com/rss/articles/CBMiqAFBVV95cUxOV2xHSko1Y0F2WDVZVG5sOENQQTQ3eTZzZDNBVTNhalRzOFRoMTZCc0VXSFVueVhvaFJsbThVZTdTcE1aZWRoSlZsVE9TXzdUNnEzZDFEaWN6S1IzQkFtS1F1LTBSUExLbTRBQ2NwX2VsMHBlcTcybzc2TFFoS2c0YjFoMV9YS09XSkJPNGhDRDRFclNqNFl6Wk10M3l2LVo5SjJmcmw4Mm0?oc=5
2026-03-19	Yahoo	0.013	Ross Gerber Says Tesla's Current Vehicles Won't Achieve Autonomy—Gary Black Points To Nvidia GTC: 'Several Competitors Are Also…'	Investors Ross Gerber of Gerber Kawasaki and Gary Black of The Future Fund LLC have shared their views on Tesla Inc.'s self-driving efforts as Elon Musk's Terafab inches closer to production. Ross Gerber Says Tesla's Current Vehicles Can't Be Autonomous In a post on the social media platform X, Gerber quoted a post by influencer Sawyer Merritt, who shared a look at purported Tesla Model Y Robotaxis in Las Vegas with a rear camera washer. Gerber shared that Tesla design tweaks on newer vehicles l	https://finance.yahoo.com/markets/stocks/articles/ross-gerber-says-teslas-current-180112830.html?.tsrc=rss
2026-03-19	Yahoo	0.005	Tesla Fades: Three Big Stories Are Moving the Stock Today and They’re Pulling in Different Directions	Tesla (NASDAQ:TSLA) stock is slipping 3% in Thursday trading, with shares hovering around $382 as of midday. That puts TSLA down 15% year-to-date from its $449.72 close on December 31. Today’s session is not a simple story. Three distinct catalysts are hitting the stock simultaneously, and they are not pointing in the same direction. Regulators ... Tesla Fades: Three Big Stories Are Moving the Stock Today and They’re Pulling in Different Directions	https://247wallst.com/investing/2026/03/19/tesla-fades-three-big-stories-are-moving-the-stock-today-and-theyre-pulling-in-different-directions/?.tsrc=rss
2026-03-19	Google	0.0	(TSLA) Technical Patterns and Signals (TSLA:CA) - Stock Traders Daily		https://news.google.com/rss/articles/CBMimAFBVV95cUxPSllJeGc0UmV3d3dsOG5qZUJfem02OFNVQk55aGJ2S3BJeGk0Y3IyaS1YcEJpR0MtMVNzSVlpci1obUFUaHF3MG9mSFhPUFVZOUdrWFU0RW9NbmpiRFZzTC14Y2FBc0JTX3pQQlVpS3B2Y0FKc0s4dlJQQjd5aE41ekJtbzlFUEtJOS01YmVVZTJ4ZlVKMmx2Qw?oc=5
2026-03-19	Google	0.0	4 stocks to watch on Thursday: RIVN, SNDK, TSLA, MRK - Seeking Alpha		https://news.google.com/rss/articles/CBMijwFBVV95cUxONEFIeU0wTzZJUmo2b1dfYVlHM2Qza3pLMEtjZ00tSGRNSVJMbjBDMmJxWWpPQUdjZFl3YjRuYTFIdTZzbjkxR0JqR3VIZ19WTkxSVUlBTDBheHZ2WF9UOS1kem5MSXVXc3RsZ0JCY09ZSEdnUXhPMHI4TUROemMzQnlmRzdJU01YX09wQ3Ezbw?oc=5
2026-03-19	Google	0.0	Analyst sets Tesla (TSLA) stock price target - Finbold		https://news.google.com/rss/articles/CBMicEFVX3lxTFBlRGQ1Sm1PQ19JM0hUZVZELU82bGtVSGN4Rl84Y3FOUnlPZUw4c25XM1pKck5yTEJfenB1ZE04dGdXeUNVXzNUa2VORmdCV0RUcHBWTWpqak1DX0Y4Tk9vR0stRmVQaWRfeURPS3hJYjU?oc=5
2026-03-19	Google	0.0	GAMMA Investing LLC Acquires 7,403 Shares of Tesla, Inc. $TSLA - MarketBeat		https://news.google.com/rss/articles/CBMiuwFBVV95cUxPN0hORDVhdFVrTVo3dHJrS2JiZ25vaFd3Szk4QWI3N3hxcW9vRldUaXNwSUxaSmdwaUpyM3ZsTmRmWHdCQU05NVhTWHZGa0tndDVWRVQ5cHR4LWFYN1VYbGRuNE9oMm43Q2FtT3ZYM3dIYXEwM0FPbFpsRC1FeGhWLXhRMmtOVVdERXY0X0UybGhFMk9xT093SHVVY2hsUWxqUTVOTW9YZkpxZDNEd3BsZERnMXA4elVQX3dz?oc=5
2026-03-19	Google	0.0	Groupama Asset Managment Trims Stock Holdings in Tesla, Inc. $TSLA - MarketBeat		https://news.google.com/rss/articles/CBMiwgFBVV95cUxNTnNSa0cwd05qQWM4bzMyanhiS2xrR244QXRXZUl0aEF2TnFXdWVibXlvOVhFdUMwYXFKUTNEX1RKVG04OU9YMFpQTk5QNnN1cnpmUER3SjNaSElOaU1rdFAtMTBYbnR2VkVQT1VwWWtESUx5SkFXMUlQWjNUQXNUbG9iWHNVb2RySEQtWE9QRU9CZUNUVUZGMER4MktmaVZ4UlFJQzBxSUFFZDFsbk4wYjBJSDRmMndBanJQcjJSckVtdw?oc=5
2026-03-19	Google	0.0	Investment Research Partners LLC Invests $809,000 in Tesla, Inc. $TSLA - MarketBeat		https://news.google.com/rss/articles/CBMixAFBVV95cUxNRldFOVhTYkFidWtyNVNYXy1DVEtQeThkeW9qNVZzSE1tLXVHZ0tVcEZ1NjVpT2h2TllMVjlYN2VDOHFnOHNrNmpvaS1rMWVWS3Y0bWVNdmMtRTFxaFltMFdWR0lQTTFNM3U0T2JnUWJEZWtvT1l1SDFlMEx0TGlNblRHNVNIWG44NE56MzJZSlRtUFNFZGRFbUpFNnZ6bVhOSjNQV1VRczFyMEVGRTFhZjdOVDRwTWV5dVRDRnVsRnFiOVMt?oc=5
2026-03-19	Yahoo	0.0	Musk Reinforces Nvidia's Role In AI Buildout	Musk signals continued demand from his companies	https://finance.yahoo.com/sectors/technology/articles/musk-reinforces-nvidias-role-ai-191555666.html?.tsrc=rss
2026-03-19	Google	0.0	Musk: Tesla (TSLA.US) is expected to complete the AI6 chip tape-out by December. - 富途牛牛		https://news.google.com/rss/articles/CBMimwFBVV95cUxPVGJXRVAtaGxiWmQzV1ZrNUVWZHFCLXJSYXU5cmV6U0Vjel9WU2JCUlFEX29rM1kxTWViN1I3bXNKZHFDamV2Y1JxTThMSmw4YnNYdEJuaVM5dk9IVzhZSFRjam1oYXZPQ09JYWstM01ZYmdBNEczcndKdVhOVF9uSThwVklhUF9EaEhGU2xUOEtVcnBZbkdvWnBSaw?oc=5
2026-03-19	Google	0.0	Nasdaq, S&P 500 Futures Slip, LNG Strikes Rattle Energy Markets: Why MU, TSLA, BATL, SOFI, ALGN Are Keeping Traders Engaged Today - Stocktwits		https://news.google.com/rss/articles/CBMixwFBVV95cUxOMU1iQk5QU0tjTkJNRWpxOWl2YUVfWF9YcW0zbGx2Wl8wRWZoNnVRbmI5LWg3Zk95RHUxSGdhR2h1RGZsY2haWDNBcm5LWXBPUDZHeHhTSGNZeWZ6bUZrT1llOWR0X2Fsb081UXB6dGZCaVhDQjRpUXV3eVRZNE1LckNlaFlWZldBa1V4YTNDU2ZnaVEtOWJGNnhleGRtZTJTSEYwYm1WT0N4N2NZOXZtaV8yZjJrMEhteTJpUUlrWWp6NjVHUlJB?oc=5
2026-03-19	Yahoo	0.0	Not Even Elon Musk Can Get Nvidia Stock Moving	Nvidia stock isn't moving off the back of its GTC conference but Wall Street analysts are still applauding and there’s another high-profile cheerleader—Elon Musk.	https://finance.yahoo.com/m/d523aa15-b04f-38b2-a798-7c389e5814b4/not-even-elon-musk-can-get.html?.tsrc=rss
2026-03-19	Yahoo	0.0	Nvidia Sees Continued Demand From Musk's AI Ventures	Tesla and xAI to keep buying chips at scale	https://finance.yahoo.com/sectors/technology/articles/nvidia-sees-continued-demand-musks-194602453.html?.tsrc=rss
2026-03-19	Yahoo	0.0	Stellantis Taps Tesla Network To Boost EVs	Supercharger access aims to improve EV appeal	https://finance.yahoo.com/sectors/technology/articles/stellantis-taps-tesla-network-boost-190757420.html?.tsrc=rss
2026-03-19	Yahoo	0.0	Stocks to Watch Today: Tesla, Micron, FedEx, Alibaba	↘️ Tesla (TSLA): U.S. regulators expanded their probe of the EV maker's automated driving-assistance system; the investigation covers 3.2 million vehicles. Shares fell 3%. 🔎 EcoLab (ECL): The maker of chemical solutions for water treatment is nearing a deal to acquire data-center cooling company CoolIT Systems from KKR, the Wall Street Journal reported Thursday.	https://finance.yahoo.com/m/d792bf93-c0d5-381b-b260-256b3bdd6bcd/stocks-to-watch-today%3A-tesla%2C.html?.tsrc=rss
2026-03-19	Google	0.0	TSLA Stock Today, March 19: Right-to-Repair Push Raises Service Risks - Meyka		https://news.google.com/rss/articles/CBMinAFBVV95cUxORElKS1VjdUdzQjBrS3JWQWVJYmNNUTMwQUJidW9kVUpHWVRUbXYzR3J0VDg1WVFiaDVsa0Q3aWthTWMtM09MZ1JwbEU3bHN1NXd5OU5PSjlLM2luZ1hGa2V3WnQ5dlJieUp0ODRrUHpwaXV1XzBycG5XV3lkR3Z0cXJsZE03dktJV2s4SEVKN0NJNF9Md3JHRGlDRU0?oc=5
2026-03-19	Google	0.0	TSLA Stock Today, March 20: Musk Says Google Will Lead AI in West - Meyka		https://news.google.com/rss/articles/CBMilwFBVV95cUxNYUpnLU0yVE15eTg2d09hdTlGVkszUENYVFhNaXVSaWdhSEc0S3pheUpfY2FEZWFfazBJYjNLU3NjMjctdTk2Y1ROMEJXeW9JX2NqMjc4T3hzdGZmdTVwa2hsRk45eXFHdU9HaFpBeDYwX0d6cU0yd2NvWVpZSnRlTUhEeFFlT1VFaUJoSzlrSE52Uk9SOFlF?oc=5
2026-03-19	Google	0.0	TSLA Stock Today: March 19 – CUSMA Review Puts Mexico Sourcing at Risk - Meyka		https://news.google.com/rss/articles/CBMinAFBVV95cUxONlN5NFVxZHk0TmRLdWRfeHZRS2ZYR0t3djNmc3p5M2NsaGwtREFUdFp6cDdLckRfZVdPVVU1ZnpiNkpZM0loXzEzTzJkaTh4TEltRDlvSi0wYy1NTUlJUWtDQ182SzVRRFRJV3FXQnZaQzB1NWxESWxoZkFZTHllZVZTRkJaWGQ2VDZWWEJic3c0c0p4THdrM3pJQ3c?oc=5
2026-03-19	Google	0.0	TSLA Stock Today: March 19 – Jury Weighs Twitter Fraud, $2B Risk - Meyka		https://news.google.com/rss/articles/CBMikgFBVV95cUxPckQwWS1YWXNidW1hbG5maHhBNDNkajExbTdhaEc5TkRpaWRpa3JnaE40ejF0alFTOHpXX29SYnM2cnJNa2t3YXlJRW1LWVVBWjczeTRtRGd2czQteXhNaV90eEhQdC1qRko3WWppblRYcDN1RU84UEtUc3UxRzVfYXVBSzdfRlh5SkpFNldFeV9ZUQ?oc=5
2026-03-19	Google	0.0	TSLA Stock Today: March 19 — Musk Twitter Trial Poses $2B Risk - Meyka		https://news.google.com/rss/articles/CBMikAFBVV95cUxOYVdEcm5qZGpnc19HUFpQanhnZkN2dEd4bWN2YjBZanV1RVRLekhXRlRqSXZrQTdKOFBXX2diYjdBOVZNNGtlemZ2WmplR2dUUGhnbC13WmpKVklkUVQwUG5UT2xKcDA4QnJEa3VuTjR3Q2tSTlJIcVhJYXQwSG1KMUJPTExJOGNINThXb3lCcV8?oc=5
2026-03-19	Google	0.0	Tesla (TSLA) Deliveries and Stock Influences: UBS Insights - GuruFocus		https://news.google.com/rss/articles/CBMimgFBVV95cUxPWUFpa29MelE3M3NJQ29UWWtFZFJycEo5S0t4Mm5QVFd5dFl5allnbTFjS29RTkl3bXZwcVJjVDI1YTltYS1QVkdzNzNWQThua0NDU256STZxUHlXVkNCOEtLZ2lCMzR2OHFNYVl5S1pHaFFKOU96dHFkcFE0T1Nvdl9ZOWE4eG5tNkJNdEhQaHdZd1RuMGJ4eHVn?oc=5
2026-03-19	Google	0.0	Tesla (TSLA) Faces Heightened Scrutiny Over Autopilot System Inv - GuruFocus		https://news.google.com/rss/articles/CBMisAFBVV95cUxQZ0JSN19EV21wdmx1Y09VazJPY0lkeUlZUVRlaGxSeFQwT2hlNDBtcW1WYXE4dW1vVC04dC1oeUg4eWZOT1dsTk9JS0hHMTRsLVRzOEdfMmVSLUotTW5KYmJvLWxEeG9JYUZiaXp5TmRGdHU3ZWw3aTBSYUZvWGVRN2Jqb1V0SzRUbVZPb3NPbTh4dkN0UklBYi16aEM4TmR5WUx3cVNBUjdSamJnVVNkdw?oc=5
2026-03-19	Google	0.0	Tesla (TSLA) Receives a Hold from Barclays - The Globe and Mail		https://news.google.com/rss/articles/CBMiwgFBVV95cUxNelZXMmVrOHU0MGItNTlDYUNNU1hKdkRkOE9tV3VTUS03cWxqNGdieG1vU1ZjVEpHRllOaEJyeklGTV9nYzdCeGdUSENVUE11RWFwYktST0xTU0NPZGRfM0NCdEZuNlp2Vk44OGEtUUw4RjRET0Rva0poQWlZQjdoWXBNRy03STBNZDVpYnVzRXRJVzlPTTI2Z25rbDJub3FFakoyX0ZtQkhYeEVGU2swNVM0ZkkyWU1RRHp6NUgwd1EzUQ?oc=5
2026-03-19	Google	0.0	Tesla (TSLA) Research Feature: The Pivot to Physical AI (March 2026) - FinancialContent		https://news.google.com/rss/articles/CBMizwFBVV95cUxPTGIxQWJla25GTDF3XzUxa0pFZGluN0tIejByQmhWa3g2ekpKSE4xU0RpR2pvV0VtMUlGZ3VLQmx6T29CM1piSEJTbGJJaTVHR0RfdVRFU3lIbGREWVI1RDc3bkhsQVZZdURDTk1taEFxTkpkX2pvblF3TW8tTmpzN2Fua2JtZjA4X01ueWFuUWhjUnctZHlBcDhMMGJOM0I2V1NQdFg4dUcyWF9kbWFPZUxRTTFXNWpfcFl3bjhtMkdRdFYxTldGTThZWm9lZlk?oc=5
2026-03-19	Google	0.0	Tesla (TSLA) Targets December for Next-Gen AI6 Chip Design Compl - GuruFocus		https://news.google.com/rss/articles/CBMiqAFBVV95cUxQTlFKUmNoTmh3MlF4WEhWWjRvc1AxcmhQdjVyeTd6UmhyclVlWjZrLXhiX0pBRXFueEttZDdseUNtanRUbmxSS0dzd3hTdTdqdGQzZ1RJbG9XRXFRbVRyYUVqNUx0Y1JxeFhLR01CVTRBZHZyTEZ0VHRYcGJfcEN4YVphQlNGSGdfZ3NwMHY4NTJ3M2p3YjBVUW1mTUlpT0p6bGhGaUpxanM?oc=5
2026-03-19	Google	0.0	Tesla (TSLA) Under Investigation for Automated Driving System Is - GuruFocus		https://news.google.com/rss/articles/CBMiqAFBVV95cUxQdXV4amplUkJqbXVLRDFWMEo1b0hhdndBV01KVVNvRjd0M2RHRmxpbUNLbUhCM2ZNVEhCb3E4ODRPdkJibzhZODNaVHhKV3dnaTlBRXAxb0NycW1Ic1hJZnl0T0tkNUF1QzFwSkhDdW9JTkRJbFZWeThxejdTc2w4QUpMNXctbFFJU3ZBN3I2S2owbm10Z3ZtTjFvd0FXZHFUeUhkQTBDMUI?oc=5
2026-03-19	Google	0.0	Tesla (TSLA) closes above ___ on March 20? Trading Odds & Predictions - Polymarket		https://news.google.com/rss/articles/CBMib0FVX3lxTE5UeXdpdV8xcS1YWUNfcDR2b0pGOEZFUndkU00yZHhjZHlFd0FSTmVIRnB2bU14Y0ltWlh4U2kySWxrTlFDYUNzU0FWU1FoRjU1MjBPSWhZSWFiUTNycFA3WHBrQ0lKZ2tjd3dvdGs1NA?oc=5
2026-03-19	Google	0.0	Tesla Faces Heightened FSD Scrutiny As Terafab Chip Bet Grows - simplywall.st		https://news.google.com/rss/articles/CBMixgFBVV95cUxOOWRGT2d2eGljcTNWYWhKRG9UQXhoZUswWTFfeVZCUk1ya282TVBCT1lJSlpyNFVGRzBEVEJ5ZFNHQ0xFeTNhNklWdWRHeksxOVdfdS1GVjZrSDJ1QmE4Z3JpbjFqNTlfczRJcEw2NTZJY1YyOHd2dm1jOHV4WldJOS1rOXVvS1VCLUJiUFg5YlpoOG1teVU0WlN1QV95Y2NaVjN5WDYtRGUtbTlfN0pjbGdTdDcyYk90MEh5bktmbmRqTXd1U1HSAcsBQVVfeXFMT0VnakFOUlNzcnJBc3Y1SzZXNE9fallHVTktTFBuS0t4QnU2RzJqRjk2bVZISndTX2tKenozSTdlUUQ1aHI2NnV4R3FkOHB5N0NlZXhTM1JKeFI5dlJjbmM5REVtc2ZXSlJIWEZXN04wWE83bjdpZ1ExTlVEX3g0NWU3el9jbTZsUEk3OG1XYi1ReHJaSk4tT3JXSnBZdDJvbGVDVXRqU0EtTTAzZnVIUWZuS2NzOGtLendSUEFIV1NRMmdXS2JUcXdjS28?oc=5
2026-03-19	Google	0.0	Tesla Stock (TSLA) Slides as FSD Probe Just Got Bigger - TipRanks		https://news.google.com/rss/articles/CBMiggFBVV95cUxNSWtMRHZYNVlkTnFhdzUydWF3am9hSGlPOWZPS3JySXhGMDNIdUtzTTlycnA3NXRZbTVTRE1aR0UxTXdjQTU2N21mOE5QdUVGUXNXRXNBMUVZU0NLaU1WWXBrUVJkUXNRMTVRXzRMbzBBQmQ4Q3RWMU52bmluY3BUTUJB?oc=5
2026-03-19	Google	0.0	Tesla Stock Falls after UBS Projects 18% Decline in Q1 Auto Deliveries, Says ‘Sell TSLA Now’ - TipRanks		https://news.google.com/rss/articles/CBMimgFBVV95cUxPNmw3allFd3U3Z3VteXp0cmxVMEg2MWRMN2ZTNDkyQWp1eHk5UUNxTEpnZ2kyeEVyNzVUQmRxc2I5NG9BZGlsUFNjejdKSGp1Z1pldVd0M2R0WkZsUnFmaTNNLW5GTHU5dGFkbkNTUWpmd3dQZTR5UGNxXzNKY3FHM1dnd1MxRXl0RllMTW40OXJ0R1hXakZNOHRR?oc=5
2026-03-19	Yahoo	0.0	Tesla Targets December Tape-Out for AI6 Chip	Next-gen processor to power autonomy and robotics push	https://finance.yahoo.com/sectors/technology/articles/tesla-targets-december-tape-ai6-191016667.html?.tsrc=rss
2026-03-19	Google	0.0	Tesla targets December 2026 for next-generation AI6 chip tape-out - Proactive financial news		https://news.google.com/rss/articles/CBMi0gFBVV95cUxPZ2o4TjVWQThOa3VncTZYbzB5U0steTZHUmZuUURfQVJHT0lvaUJSb1l6eWJRZkh2SjZIT1FHM0cxQ3lLb0p4REJGVEY5WjlwcXRoR3ExMVZsMlgwT19saVBhelJZUlg2WTJHYlljSWpzeFNySWlQUFREWlRoTDBqbmpFMzZBNERfRjF2aC1xNG9JeHdMYjNSQlZBbXhJcEpiZS0tbFpKWWVjbjlCXzdGdVJLajhPS2RCRUFQZ0dRMEdIOGhJYVZEQjFrUVBXQ1pNS3c?oc=5
2026-03-19	Google	0.0	Tesla’s Terafab Could Be the Game-Changer That Recharges the Stock - 24/7 Wall St.		https://news.google.com/rss/articles/CBMirgFBVV95cUxQREhnOVZUTm1sTlRNSFdLZHdnWlFZNnFqejAtcC1Qd1lHSDIwVkhjalNTUVZmelNXeDhGQVp4Q3FMY3QtUUhGU0xUY1JXNWExQ05TRW9OVEJVdEFOZ01jeUNKRHp6bktWbUpzZFVUcHI3eXhQOGpJWjB6ZUVqVUhJZmZqN0g5UnNWR1NkZmwwbzBtWTUxWXNDZEpYcmJKaVdGMnNfTmpFUnJmaTJpbnc?oc=5
2026-03-19	Google	0.0	WBI Investments LLC Acquires 3,097 Shares of Tesla, Inc. $TSLA - MarketBeat		https://news.google.com/rss/articles/CBMiuwFBVV95cUxOS25PVTJkZC1uMVZ0d2FWTjdYRzU2a0dIZjFGN2xFT2JkQ3dRakZKX1k1b3VYaVMtSnVmaTFRRWFNa005bVlvbFJCdHBsY2dfSVdjeGhXaDVHSHVzSXE3eFg0dkhtT2ttSU9SaXBxeGtmblgyTFlsSDBsOUIzdnJ1cmVoTWI3ejRUWUx4ZmZ0LUtQaU9UZTFORVh3MFk4WS1zekw3QXRyUXZiNmJIaFhXMU1zdkVhNTdWQ0E4?oc=5
2026-03-19	Google	-0.05	UBS cuts Tesla Q1 delivery estimate and says concerns are growing that robotaxis might not wow investors - Business Insider		https://news.google.com/rss/articles/CBMingFBVV95cUxOelBwdTdqVnJXTk5HbTBkMEpjVER4cmFWdGUwX0xwdVB1SWVFbUFEVHhOZzBkdGlkQjN3dlF5amFLWmdtVkh1d1pkU190am00UUkwUjhpZXdJZGZRMVNjVzRLMUZ4bXZqM1l1MlRKRzN4ZUI5MTJIaklXZUdJci0ya09ZVWxVdnBkY2tOWDdLazFUd0VaVy1EY3Qta280UQ?oc=5
2026-03-19	Yahoo	-0.062	Stock Market Today, March 19: Rivian Jumps After Partnering With Uber on $1.25 Billion Robotaxi Investment Plan	Rivian’s place in Uber’s long‑term robotaxi rollout puts scale, autonomy, and future margins in sharp focus, today, March 19, 2026.	https://www.fool.com/coverage/stock-market-today/2026/03/19/stock-market-today-march-19-rivian-jumps-after-partnering-with-uber-on-usd1-25-billion-robotaxi-investment-plan/?.tsrc=rss
2026-03-19	Google	-0.078	Why Tesla Stock (TSLA) Is Down Today and Why This Analyst Calls It a ‘Big Deal’ - TipRanks		https://news.google.com/rss/articles/CBMiqAFBVV95cUxPcWdnYmdzd2Qyb05kcGpnRWE3QTIya1M4ZGJ3RE4xWlhsaDNhb0xiM2c2V2Iydkg4ZDZuTWVyOWlNU0ZWTVVHUGxUMk9YMW5YcWhxUDdEb3AzbDlXOHhvYjBlRUZJTHJ4bUdxN3pHR09jWXpIZThuWkxuYmFrM1h0RnpkcW1WTmVNb0hEYlFOQjNCOTdIMmRLdFpiOTh5anBmZUVkU2xLVWQ?oc=5
2026-03-19	Yahoo	-0.085	Podcast: Stocks Try to Recover But Close Lower	US stocks finished lower today after trimming earlier losses: The Dow closed down 0.4%, while the S&amp;P 500 and the Nasdaq both lost 0.3%. Plus: Tesla shares fall after U.S. regulars expand a probe into the company’s automated driving-assistance system.	https://finance.yahoo.com/m/903f4009-0dab-34d7-a433-0713805472cf/podcast%3A-stocks-try-to.html?.tsrc=rss
2026-03-19	Google	-0.128	Tesla Inc Stock (TSLA) Closed Down by 3.14% on Mar 19: What Investors Need To Know - TradingKey		https://news.google.com/rss/articles/CBMiiwFBVV95cUxOc0xWcDJSUmx6Rkd6OFRWeXJMM0E4RHhnTmN2SEV4TUttcjQ0YWVaZlhlT0JVdTBNMnRuN2tBNXQ3akZ0Y2pILVZQOUwzcVhmUE91RDJRckdpcVlVcWRBMkk0Q2l4ZHYwS1Iwcy1SQjNyYkdtQWI5dl90V3FXdmwxSVgxRUlLVTAyam84?oc=5
2026-03-19	Google	-0.156	VTI is down 0.5% today, on TSLA stock price movement - Quiver Quantitative		https://news.google.com/rss/articles/CBMikwFBVV95cUxQME9Da1BHT01BQXZpWE1MRXlkVlRqWHhzUEVkRHNQZ29tUFZna2RmbnlnamRwS1RrYjNrSFdPaW0xUTJvbGxnZnR5VzJoT1BRaVdsa0E4WjlocThHc2FWcEJYVDNaSUpKQXc2Yk9RVjVmQU5iZXpEYmkyelZPdnRlQjM1UGpleHNpSkVVOWtMVi03dVk?oc=5
2026-03-19	Yahoo	-0.167	Elon Musk's 'DOGEfather' meme fails to lift memecoin	The world's wealthiest individual, Elon Musk, is well-known for his leadership of Tesla, SpaceX, X (formerly Twitter), and xAI. The tech tycoon has also hailed cryptocurrencies and once used to talk or share posts about Dogecoin (DOGE) quite often. Launched in December 2013, Dogecoin is ...	https://www.thestreet.com/crypto/markets/elon-musk-dogefather-meme-fails-to-lift-memecoin?.tsrc=rss
2026-03-19	Yahoo	-0.175	Is Tesla Stock Headed for a Fall? AI Hype Is Masking 2 Years of Falling EV Sales.	Remember  Tesla’s  electric vehicle business?  It’s what makes Tesla money to invest in all of its artificial intelligence ambitions.  With the first quarter coming to a close, Wall Street is updating EV sales numbers.	https://finance.yahoo.com/m/bbcf58aa-ec87-323b-a072-df4dab7a8a30/is-tesla-stock-headed-for-a.html?.tsrc=rss
2026-03-19	Yahoo	-0.3	Musk says SpaceX AI, Tesla will keep ordering Nvidia chips at scale	March 18 (Reuters) - Billionaire Elon Musk said late on Wednesday that his companies SpaceX AI and Tesla expect to continue ordering Nvidia chips at scale.	https://finance.yahoo.com/sectors/technology/articles/musk-says-spacex-ai-tesla-023636908.html?.tsrc=rss
2026-03-19	Yahoo	-0.3	Sector Update: Consumer Stocks Decline Late Afternoon	Consumer stocks fell late Thursday afternoon with the State Street Consumer Staples Select Sector SP	https://finance.yahoo.com/markets/stocks/articles/sector-consumer-stocks-decline-afternoon-195924999.html?.tsrc=rss
2026-03-18	Google	0.5	Analysts Are Neutral on Top Consumer Cyclical Stocks: G-III Apparel Group (GIII), Tesla (TSLA) - The Globe and Mail		https://news.google.com/rss/articles/CBMiggJBVV95cUxQdTdnZzVzQXZSbXk2RTJ3b3g3SGFZbzNxcGEzQmRpR1lwbzV6UU1OLXBCQzBLNEtRWVZFNFliQnowZDBpZFpHZVM1aHZhV201ejVXazhJNUlqYXBKbWRBRG1NWC1CMUZxLXpSbnJMN3E3RS14NTJUN2owUFFMeEFUU0tFOFhIOGlZeWRqRHZZcXdMb1RIVS0wZUJKYzBtOEtQbng1ODd1ZG9OWFhZMTV1cFVlcjhfVnRRX1dNTjhOMjZxcE15dDhFREFqN01DWTFoaWMzVGNTQktZOU5GUjdfb2s0TjQzRHkzaV9Cc2RNcnZ4cVppaXJWMHUwYXBfTllYa3c?oc=5
2026-03-18	Google	0.467	Top Morgan Stanley Analyst Highlights Tesla Stock’s (TSLA) “Most Important Catalyst” in 2026 - TipRanks		https://news.google.com/rss/articles/CBMiuAFBVV95cUxNVDNTcXV6c2xET2V6NkFQY005VDVFTUNpSlRvMjdGV1VTUUNUbWZHMkdvWk1TMjdyLWp5U0hfSTlxeFBuN21DdDdpajFwaFZzaU9kY2hrcGgwQW5jRHc0T2NkM3JJQk5yRGx1YjZlY29uaGdrWXo0Z2JqN3RFUlJ2Nkh5cXljQlkyeEF3SGwyOWtrWVFtSGlNTVJGenR0bEM2eXdiZzlQcHp6dUluX3RPVlh4OHdUbUI5?oc=5
2026-03-18	Google	0.338	Tesla Cybertruck Lawsuit Puts Safety And Rich Valuation Under Fresh Pressure - simplywall.st		https://news.google.com/rss/articles/CBMixgFBVV95cUxNOVNUUnN0YWR5OTJzUnI3US00aXVGeWZvSFM2VldUR0NnUXVoVmJRSk9NRll1RVNnOHJjZ2JkX19TWWdTdUppRk0zcTM1QmU3cW5PMXJWVk9tRXlTZWZhQXFSajJndzZxamlKX01FTUREcnZfTFVCNTFLcVcwNWdsNDIwOXdUaXFNNE1LUS1fdHNwX3VzNWNZTkFQVjA4WE5Nd29UV29mV1l1bE5na0h3bm9pSjB6Qk13Mko3WHJlQkVnaGE4YkHSAcsBQVVfeXFMUENpbU10WGdDMHpacUVDaTRWZnByem12djROQllRUFVYQ19oaTAzaE83R3B3S0dJdWtTSGxFeTNZcVp4M1hLWHpJZGxjbHBlandUTldfY3lramlUMjFzRTZhNnhOV0hMcFZPODhyR0pjR0k5M2UxV3UtOEVMeU1mSS1oWkN5WnFjdkVvTTc1QTE4ZERxaGQ0SWZtZVpVTGEwSEJISjk5R291bS1sNnZSanFPMzdsTzRET0gxcUpfRzJrSjUyTlZ1alFxSkk?oc=5
2026-03-18	Yahoo	0.3	Tesla Offers Free Charging In Israel, UAE, After Iran Attacks	Tesla charging will be temporarily free in Israel, Saudi Arabia, and the United Arab Emirates, the company said. Shares of Tesla are on pace to snap a four-week losing streak.	https://finance.yahoo.com/m/f91a45e7-6999-352d-961b-201381136f27/tesla-offers-free-charging-in.html?.tsrc=rss
2026-03-18	Yahoo	0.14	Trump Administration Confirms Tesla Will Build $4.3 Billion Battery Plant In Michigan With LG Energy	The President Donald Trump administration’s Department of the Interior (DOI) has revealed a series of deals totaling around $56 billion, including a deal between Tesla Inc. and South Korea’s LG Energy Solutions to kick off production of a $4.3 billion battery plant. Securing Critical Supply Chain In an official statement released on Monday, the agency confirmed that it had “catalyzed” agreements worth over $56 billion in “private sector commitments that will create good-paying American jobs and	https://finance.yahoo.com/news/trump-administration-confirms-tesla-build-143035849.html?.tsrc=rss
2026-03-18	Yahoo	0.136	BMW's new i3 EV takes on Tesla with 440-mile range	BMW officially unveiled the new i3 EV on Wednesday, a sedan loaded with BMW's sport-oriented DNA and a Tesla-fighting 440 miles of estimated range.	https://finance.yahoo.com/news/bmws-new-i3-ev-takes-on-tesla-with-440-mile-range-143043831.html?.tsrc=rss
2026-03-18	Yahoo	0.125	Energy and Other Sectors Drive Earnings Estimates Higher	Estimates for the Energy sector have moved higher since the start of March, but estimates have also increased for eight other Zacks sectors, including Tech, Finance, Construction, Basic Materials, Utilities, and more.	https://finance.yahoo.com/markets/stocks/articles/energy-other-sectors-drive-earnings-230800606.html?.tsrc=rss
2026-03-18	Yahoo	0.102	SEC Greenlights Nasdaq’s Plan to Tokenize Securities	The Securities and Exchange Commission approved on Wednesday Nasdaq’s proposal to allow the trading of some stocks and exchange-traded products in tokenized forms, according to a regulatory filing.  Nasdaq’s proposal, which was filed in September last year, would allow investors to trade certain high-volume stocks such as Nvidia or Tesla either as traditional shares or as tokens on the blockchain, the digital-ledger technology that underpins many cryptocurrencies, all within Nasdaq’s existing ex	https://finance.yahoo.com/m/e92f4470-d843-37d0-bfeb-fa703eba78a9/sec-greenlights-nasdaq%E2%80%99s-plan.html?.tsrc=rss
2026-03-18	Yahoo	0.1	Here's Why BYD Stock Is a Buy Before Earnings	BYD is facing increasing competition in China, but has a promising future abroad.	https://www.fool.com/investing/2026/03/17/heres-why-byd-stock-is-a-buy-before-earnings/?.tsrc=rss
2026-03-18	Yahoo	0.1	Tesla Rivals BYD, Geely To Adopt Nvidia's Self-Driving Tech—Jensen Huang Says 'Everything That Moves' Will Be Autonomous	Nvidia Corp. has revealed that Chinese automakers like BYD Co. Ltd. and Geely Automobile Holdings Ltd. are among the companies incorporating its technology into their self-driving pursuits. Companies To Adopt Drive Hyperion In an official statement released on Monday following the GPU Technology Conference 2026, the chipmaker announced that, in addition to BYD and Geely, Japanese automakers Isuzu and Nissan will also incorporate Nvidia’s technology. Nvidia said in the statement that the automake	https://finance.yahoo.com/news/tesla-rivals-byd-geely-adopt-223113614.html?.tsrc=rss
2026-03-18	Google	0.1	Tesla Stock Price Today: Why TSLA Is Holding Near $400 After Samsung Chip News - TechStock²		https://news.google.com/rss/articles/CBMingFBVV95cUxNcnpfcFlIVFJDOFJVUWQ3VGhyLXZoa3hJRWE2ek4tZDV6MTRCQ0VIbnBnWDFLREhzNDhUaHhVZlU1X2hzUWFvTlkydDBlb0JNdXMwZ09fUTFMdTc5el92ZTVvLVg5ZXZiZmhXTUVLWUlQVzhwVFhPdE9FcEV1UWw2cEFLcm9mVk0zQ1ZOQmZpcWx5dkwxQVc2MUxfRlE0UQ?oc=5
2026-03-18	Google	0.079	TSLA stock loses steam: Elon Musk admits Tesla ‘was not built right first time’ amid deepening SpaceX-xAI ties - MSN		https://news.google.com/rss/articles/CBMilgJBVV95cUxQWkg4XzF5QlRvVXlTUkZncDN2T0MxSkJLWThNVmk3VXROajh4anplU3VPcEswYk8tdUNmSzhobHY2YXRRSUZYU040M29VcGJ1R0tWZHF2c0FDRXk3eURDejRjdXdvaEhsZ1VXd1hsTk9nZ19sLXpxU2JKWDF3c2R6LWdGMlVfT011LTlfbm40MlE2cU95VjBEd085N2p3WFkwbEpEYmZfVmJnbU9jZzlLWXJqbVl5YTktMml4Qzd5cl95SGhvMUZSZnBPYzRVTlEtMDF6UUplWjBnMWE3TUJuM09fWXBnR3RnbzlBY2ZmS0M0T18xcVNhUTA3R053RHktNTBWWGYzU0R4MDhrV3c5VlZDOVRUdw?oc=5
2026-03-18	Yahoo	0.0	3 Headline-Grabbing Stocks Look Overvalued. Should Investors Sell Now?	These high-flying stocks have grabbed headlines, but their valuations are raising red flags. Should you sell or stay invested?	https://www.barchart.com/story/news/815414/3-headline-grabbing-stocks-look-overvalued-should-investors-sell-now?.tsrc=rss
2026-03-18	Google	0.0	As Tesla Gears Up to Launch Terafab, Is TSLA Stock a Buy? - Barchart.com		https://news.google.com/rss/articles/CBMinwFBVV95cUxPcFlsNy13Z1NKaVVOVE9IOXFjTXlaY3Z2UTZNWC1GZjVPOTU2SXdnelAtSkNteEI1cnN0alpCV2ZLWF83dDdaQmM2MFlhS19Db1ZIbXpSQzNXTHBzcF8tX2UyVUFtYjBEQkV5TnZEOGFSeHlhbkpFbGRSbjdWRGx6eXd5Wlp0Tm4wWm81eGxYdWxPN2pJLWRlUFFGN1VKd0U?oc=5
2026-03-18	Google	0.0	As Tesla Gears Up to Launch Terafab, Is TSLA Stock a Buy? - Yahoo Finance		https://news.google.com/rss/articles/CBMigwFBVV95cUxPcWhDSUhZQ3B6OHNpVW5YaDBMUmxYMmYwUzkxdUI5NkF4cWhoVDd3WFNEeDV2YzB2SDhyYzlXTDZVRkNzVjNiMFNwcFZTR3J3QktjSl8wdUE0QW8tcDRIVFB4V3k1ZzFFYVBpek1BNTNDamlwdFltNzJjZWZVMHgxaWZHcw?oc=5
2026-03-18	Google	0.0	Caitong International Asset Management Co. Ltd Has $14.04 Million Stake in Tesla, Inc. $TSLA - MarketBeat		https://news.google.com/rss/articles/CBMi4AFBVV95cUxNRjIyX1ZZSkZvYjA1M1FoSXJtU2daUVJoMl85QkRreHUzX1pzeW1iRU11SnBzQ3NDQlFoNnQ0dFhXR1dHek9kMk5NYV9GY0JuZXQyNjE0ZkhOWElvVXRMeVltZE1pR2I5MWVOd0F5VEJRb21GWmhLOXpPZWlvb1ZVNXNUTmdNdlN6dmFhMWFLMk9yQWVISWlqOS1wN2ZseG5Rdk5OaGhqNXlxc2RJVWtWZHVpYkpNbHdlX3BxYzZMVVQ1TUpnLVA1bG5SdVU0Y1lmYjFyYUtacmRwb3FWdEVYTg?oc=5
2026-03-18	Yahoo	0.0	Dear Tesla Stock Fans, Mark Your Calendars for March 21	Tesla's Terafab chip fab project launches March 21. Here's what the $20 billion facility means for TSLA stock, and the future of Optimus and FSD.	https://www.barchart.com/story/news/822965/dear-tesla-stock-fans-mark-your-calendars-for-march-21?.tsrc=rss
2026-03-18	Google	0.0	GM Advisory Group LLC Has $4.34 Million Position in Tesla, Inc. $TSLA - MarketBeat		https://news.google.com/rss/articles/CBMiwwFBVV95cUxQaXlONU5RRXdrRlZZUGxCaUlpWk5kTUo0UzYweW43WmVVZmVEZE9VTWJlbTNrRFUyQk9Ma0FxdGtfNEVDLVJOZjZ6MXQxYVFmMTNDa09HUS11enN5aXdoRVlDdzdSNFNiSHBUREN6RTdJbUxVV2lpX0tpZkRJelp1aXVFSDdWendTZEx0c1BKS2c0Ny1PWEJwRmFxcjRlR2c2N3pXTzY2QlZHdkFseThFVS1oYzRieTFaekFqcktVdW9waHM?oc=5
2026-03-18	Google	0.0	Here's Why BYD Stock Is a Buy Before Earnings - The Globe and Mail		https://news.google.com/rss/articles/CBMiywFBVV95cUxONHl5MDQxSkx0TUhPMXpyWHR0cmhVN3pqajFTU3NWa0VMTmJ1ZjRuUHhxR1NTS3lHX0hzdDNjYXJYUk9pWWtLUFdmdi0zOVZiRDJvemZ6LThhWGZNQ2piMzlGei1GcXVBUXBzNmRPNGxaVUg3d3oxRWZrelI4eTNPTkNKeDJGWVFGVUhFQi1aOEJFWVdSYkZHdGI1azFmdGREUm5MUW4tWk5wSEt4TjgwYXlJSFhjbGFLMjEzc0FVaHAxcms2anBFVVFrVQ?oc=5
2026-03-18	Yahoo	0.0	Lemonade (LMND) Climbs 15.8% on Morgan Stanley Rating, Price Target Hike	Lemonade Inc. (NYSE:LMND) is one of the 10 Stocks That Made Millionaires Today. Lemonade rallied for a third straight day on Tuesday, soaring 15.81 percent to finish at $66.87 apiece, as investors took heart from Morgan Stanley’s rating and price target upgrade for its stock. In a market note, the investment firm upgraded its rating […]	https://finance.yahoo.com/news/lemonade-lmnd-climbs-15-8-071318108.html?.tsrc=rss
2026-03-18	Google	0.0	Morgan Stanley sees a flywheel effect for Tesla's robotaxi business (TSLA:NASDAQ) - Seeking Alpha		https://news.google.com/rss/articles/CBMipwFBVV95cUxPcHhvc25iUXFUUGtGaWw3c1JXZXFEWlNTLVp6eWpoSE1iRHpZMXdVSFBzUzg0TWdzY0VfeVVyTFJ5TG1IeU01X1BUSHBvSkM5dzFXQnRlZWUzUG8zY052WkVTYnk1YmIxZW9ndWJFcVVPcUlvUllkb05tTzdjWGVfVk41RVVaUVUtQ0RKdE9qaGNIT3N2RFdFT2Y0OFNhLXV5UlN2VHVWOA?oc=5
2026-03-18	Google	0.0	Samsung confirms mass production of Tesla (TSLA.US) chips in the U.S. starting from 2027, with a $16.5 billion order boosting its foundry business growth. - 富途牛牛		https://news.google.com/rss/articles/CBMipAFBVV95cUxOWlZlT3E4czJRX0xIaWhtR0hlSHVzc3l1VmhKZ1llVzYyY1dXSzFXY2JrMWczWmV5SmJkLWxIV1BlLVNER0doTzJLVjJ1WGY5TlZybDdreWRSSlIyTjJjbVR3Nzd1U1MxRzdkWXVYV0JUbkNsaTh2OFM3WThVV3dFaGVBZ0tCYWFKa1hOYTNWSjhrSWk4cDl5cU1fR3ZyQ0FiWVk3ag?oc=5
2026-03-18	Google	0.0	Second Line Capital LLC Buys 1,923 Shares of Tesla, Inc. $TSLA - MarketBeat		https://news.google.com/rss/articles/CBMiuwFBVV95cUxNbll1Y01mUFZpdGlqMnZnTVViR2xac1NQeXk3ejJ1dHNoMUMzSlhNX1dSTTJYcTBqTHluZXZRSkMxX0lXVElTWEIzRVB3TXU2ZVI0dVdwUWlKNFJrdERPbE1tWHJsLTJLLXdVS1JXU2NtM1VfaFpjLUhlU3NLQV9EcTU5d3BiLV94RjdobnhMMFgzY3BYZGl2WklqTWE1M25laGh3YkhEYTdBVFk5QXIwdXYxOS0tbWRhQTFB?oc=5
2026-03-18	Google	0.0	Sunbelt Securities Inc. Sells 12,348 Shares of Tesla, Inc. $TSLA - MarketBeat		https://news.google.com/rss/articles/CBMivAFBVV95cUxQX2dOYVo1WVZOUTFmNFZPUkhPNnQ1aGxtZ3dQYzU1MG82dS1BOUxLRHgtT1B6RWF3TW0xZmFGV3Q2SVVoOWhmTGFnUmh4TzNPMDFlWU1DWHM4dW5tVjVhdDFRY1g3cWl6c0FSbTZuSnV3ZEdkNWNDdDg1aFJjcmdmZ1lIcUt2dkwwLW5CYkdjcmtWYzA2eVNTWjR3T3lJOFFlRjNPNWlvZU1NZThEenYwQUp5UFZTeDFPR3U4Vw?oc=5
2026-03-18	Google	0.0	Tesla (TSLA) Stock Rises as Musk Confirms Terafab Chip Factory Launch for March 21 - CoinCentral		https://news.google.com/rss/articles/CBMiqAFBVV95cUxNOHVBOFk5YU1JeHBCMExnVXJWNnBOdUF5MzVYN1VnY09jRF9TOW1mMkluOFI4NUtKb1V2SFphVGRwTHFBUm1UOV9Ea205ZTVhSnY4M0JGaVg3YmFnck1EM21iOHFZX2E2SnFmaDFnT1Y1TEpDaTdISGtmV2MzN2JhdC1JUHh0bE80azBvV3dza1dack5pOHVfNXpLM1J4Ylo5NzJuWHBMNnY?oc=5
2026-03-18	Yahoo	0.0	Tesla EV Business Seen Losing Investor Focus, Barclays Says	AI and autonomy narrative outweighs near-term fundamentals	https://finance.yahoo.com/news/tesla-ev-business-seen-losing-171923837.html?.tsrc=rss
2026-03-18	Google	0.0	Tesla Just Snubbed TSMC — Musk Is Quietly Building A Sovereign Chip Chain - Benzinga		https://news.google.com/rss/articles/CBMi0gFBVV95cUxNNFBxTGtJVHF2U21rSnJZX0JJclEwZUZZcDlIWmlpV3pXczBEZzdDa25NY3Y4S1FfNmw5TnkwLUhkYldSTmJyUUZCWDJvdWlZejJYME43QWREWGtIUWI3NUVxY1JfV0tnZTJMSEctNi1xb3hrWDVRQ0JzUVBpNV9sdTctSWl6SHRTdE1HdE5fblpjZHF2N2Ffek9ELUxyYzFtNXJXNVdwY2JuT05LZ3dfNlBLaUdzMUdYOXUyRlY1ejNzVVIzZE5nQmxRQjZFV3AwOXc?oc=5
2026-03-18	Google	0.0	Tesla Just Turned A US Factory Into Its Biggest China-Risk Hedge - Benzinga		https://news.google.com/rss/articles/CBMiyAFBVV95cUxQUW9RaFJCREJDVVRRNmswLWJ1SE5aMXJMR0s0NWNaQ1RGOXZMQ3l0YnZ3X2E3LUdTS0xiQUxyX0ZPNnpkUV9HQllvRkFyZVo1djdsU004SXpVbVctUnppNFJPVXdFWDV6ZFI4U3BjU2t5Z0ZVVkdCLXR0MDA5V2NZTFVmX1FOREYwSTZIc3ZXN3I3QWdCaU53ZkxfSnhGZTZGalBCbHpjYVo1RGdEMEZVY2huV3ctaFl3d1lwU1YzdEFrQk5kbUpLTw?oc=5
2026-03-18	Google	0.0	Tesla Stock (TSLA): Price Target, Forecast & Investment Analysis - techi.com		https://news.google.com/rss/articles/CBMiSkFVX3lxTE9TWlA2V0MxeHBiUlEwek1uanBwTnA5Ukp1elFJOVMxOENTU0dSYzVtckJfTlpPVl9WZ2VkUHg0dmJEalR4Q2ktLXZB?oc=5
2026-03-18	Google	0.0	Tesla, Inc. $TSLA Position Increased by Tcfg Wealth Management LLC - MarketBeat		https://news.google.com/rss/articles/CBMiwgFBVV95cUxPVWMyRWJoRG9VOVVnc1Jvd3FiMmctcV9mWXpjaHFsN3BTWUJOd1E5aGQ3ZVh5dllsYTUtbkRhX1d0LVJZYU9nRTdOdFhMNkFBdlRJcGpQd2w4S3U4UTB5VHdxUUktMXZva3kwT3BzaUhHdHpzdzU3Y1hVaFVhM09uQ0tfcExYcnctR2JQYTJsSzFqcVE5TTZ1NXFKLVpvdG1jdktvdGZMUHh3V2pjME1yVW1EXy1hak9SU1VXdVFrVVotQQ?oc=5
2026-03-18	Google	0.0	Tesla: Priced For Perfection In An Imperfect Reality (NASDAQ:TSLA) - Seeking Alpha		https://news.google.com/rss/articles/CBMilwFBVV95cUxNSFV3UU9DRVZBdVpxaHMyQ2tjQ3dVTTlvQWt0OUU1N2N2RFdsS0txbzJmRkxkVzY4SHNVb053dGtrRmJ1ajVpUV83Xy1TLU1LYnVWODRPSWUyVDVpRkZGUlQ2SWVEb0ZhOWNTUGhINEJGNUZQOXFPSHJSbFRNWDNDSjlidVBtMFAzOUxlVDNBZHdud29OVlNr?oc=5
2026-03-18	Yahoo	0.0	Why a Tesla Semiconductor Fab Would Be a ‘Herculean Task’	Tesla CEO Elon Musk teased a semiconductor fabrication project over the weekend, which has Wall Street wondering what he is planning.	https://finance.yahoo.com/m/0d08d812-88c0-3aad-89c8-b4b7ca771238/why-a-tesla-semiconductor-fab.html?.tsrc=rss
2026-03-18	Yahoo	-0.008	Tesla (TSLA) Suffers a Larger Drop Than the General Market: Key Insights	Tesla (TSLA) reached $392.78 at the closing of the latest trading day, reflecting a -1.63% change compared to its last close.	https://finance.yahoo.com/markets/stocks/articles/tesla-tsla-suffers-larger-drop-214504301.html?.tsrc=rss
2026-03-18	Yahoo	-0.058	Tesla’s $4.3 Billion Not-so-Secret Is Officially Out	The battery cells Tesla is buying will be produced at a plant in Lansing, Michigan, previously run by LG and General Motors.	https://www.thedailyupside.com/industries/electric-vehicles/teslas-4-3-billion-not-so-secret-is-officially-out/?.tsrc=rss
2026-03-18	Google	-0.1	Tesla Stock (NASDAQ:TSLA) Slips as Tesla Loses Direct Sales Advantage in Washington State - TipRanks		https://news.google.com/rss/articles/CBMitwFBVV95cUxQbGhLMm51TjRQR1E3YXkxRUd1bHM5Mmw2TEliT3l0THdYTkdFcDhCbWVZRURSU0lNQ2p0UTVxXzVzWEFyaVhWaFRnb0VETEtPcnZ2SzZYSWt3eXU5djF6Zm1vZW9tTENJUnVULVFUVWprczc3MUtfdU1rNzN0M01OQVhGNEhNY1NRb3dNeU5wTE9hOVhxY1JfRF9GUDhjbXUyaWRZMy1xcGMtcEEtZlB3c0VoTmFmZk0?oc=5
2026-03-18	Google	-0.137	Tesla (TSLA) Suffers a Larger Drop Than the General Market: Key Insights - Yahoo Finance		https://news.google.com/rss/articles/CBMiqAFBVV95cUxQUENuMk9HV0tWYzVBRXgxQmY5aDJuMWhmN05yUVNVbWRTYW1MQXR6dnM0cVNXdjF2UXozdVAzY1ZoOGtJU3djcER6Q2MyMGlGcU4zVHpvLUVFQTcyUXpwUHItdkt6V3BpcnhELVlNTnRXcjdFTEtFUDh5aHM4cGUxZHFMNXlqeWJtb2hGVXF1T1pLa3BGWnNjVUxRbkpSb01naURYNkJNMlU?oc=5
2026-03-18	Google	-0.156	Tesla (NASDAQ:TSLA) Shares Down 1.6% - Here's Why - MarketBeat		https://news.google.com/rss/articles/CBMimwFBVV95cUxNLVJkYmlGTUdaYUs3TTFzRjN3VkM2U0NSSVpKWlRnMkRYaDFSVDFTWTVnOWpVSHlrenhHU0UyZkpfZlF3VXdzVzE5TGl5OWt5YURiWlpYN0tHZ0lwUUpJUVBPenh2Q0R1b3p5U0hHa1VqM1c3U2c4SFBmLXI3YWZoN3ZibThCUmJZVklpaEFTYllPV1JIZ1UyVWE1dw?oc=5
2026-03-18	Google	-0.3	Samsung Electronics To Kickstart Tesla Chips Production In Late 2027 - Benzinga		https://news.google.com/rss/articles/CBMivgFBVV95cUxPMlhvT3B2aTd3S0VJZ2Zoa3JTUTA3Vng1WGhLdko1ei16eG1UUFdnYV8wTTVGSzN4UUFHMXl1WHFqd2prNDBZS1RoVTVjNVdTemRadnAzTkxUR3d1YktvazI1dTI2VFg3ZDRWS2YwZVJaMnEzWkRLbmRsd3BBVW0zZEtKYzNudW9pOVFxaTBmc2duZjJDV2pzR0VEYXB5aWR2WF9TTHNOemZ2WHI3T1MtUzVIdHhad3ZkeUFuMk1R?oc=5
2026-03-18	Yahoo	-0.4	Tesla’s US$4.3b Battery Plant Tests Lofty Valuation And Margin Story	Tesla (NasdaqGS:TSLA) and LG Energy Solution agreed to build a US$4.3b lithium iron phosphate battery plant in Michigan. The facility is planned to start production in 2027 and will focus on batteries for energy storage, not electric vehicles. Battery cells from the plant are intended for Tesla’s Megapack 3 systems produced in Houston, expanding the company’s U.S. manufacturing base. The deal is designed to reduce reliance on imported batteries, especially from China, and aligns with U.S...	https://finance.yahoo.com/news/tesla-us-4-3b-battery-061646645.html?.tsrc=rss
2026-03-17	Google	0.6	Tesla Stock: Buy, Sell, or Hold? - The Motley Fool		https://news.google.com/rss/articles/CBMie0FVX3lxTFBROUpWbGFYREQxNkxLci1JMGlmQW5uZnIxRzhyb2hxZXFwMEhpWDYzZTI1SnZGLS1FTHl1YkJXMzhFcGdkZ3lZMTdrSW9UU2c1aUZZcldILUtuQXZySEdTRmlMYUJGXzJMYTFFOGd4Z0JsZEtUUHA3V2U5VQ?oc=5
2026-03-17	Yahoo	0.5	DraftKings, Eli Lilly downgraded: Wall Street's top analyst calls	DraftKings, Eli Lilly downgraded: Wall Street's top analyst calls	https://finance.yahoo.com/news/draftkings-eli-lilly-downgraded-wall-133356253.html?.tsrc=rss
2026-03-17	Google	0.5	Here are Tuesday's biggest analyst calls: Nvidia, Tesla, Uber, Lemonade, Eli Lilly, Amazon, Align Technology & more - CNBC		https://news.google.com/rss/articles/CBMinwFBVV95cUxQLXQ0MjZjbHhuXzE5SlJxcUxEel9kdGI4Tm1RRVJLNll5TTloblNoVGJWZTN4WnBCMW1IZE9rYlY3WWhhdUMwdkhnUlVGdlFXYkRzZFVrYlNwM3NmcHgwVkV5VTg5eENwakx4ZFZBNU5CVURoWHY0aUlRNUNMb1VVWFVwQzIzNEtTVkUyc2puT0pVOGE1d2FkSmR6NHlOQVk?oc=5
2026-03-17	Yahoo	0.5	Is Tesla a Recession-Proof Stock?	Tesla sells cars -- and the auto industry is notoriously cyclical. But Tesla's structure and long-term strategy may give it more resilience than its peers.	https://www.fool.com/investing/2026/03/16/is-tesla-a-recession-proof-stock/?.tsrc=rss
2026-03-17	Yahoo	0.5	Should You Sell Tesla Before June 30? Hint: Don't Dare	Investors might be nervous about Tesla's decision to discontinue the Model S and X, but there's much more to be nervous about.	https://www.fool.com/investing/2026/03/17/should-you-sell-tesla-before-june-30-hint-dont-dar/?.tsrc=rss
2026-03-17	Google	0.5	Tesla And LG Energy Plant Puts More Weight On Energy Storage Story - simplywall.st		https://news.google.com/rss/articles/CBMixgFBVV95cUxPWm1PMkRfdUxzUVdxVWpvdUwxbE1kblhPUS1vakRYa0JlaEo5OEc3Ym1DTFRKd0pkY0hwQVNVdC1BTHk1OUs1czJUQ1FDUW9temczSUo0dkFPNndmX19HUzBXWmxwdUtBTjYwWFpYV1J3THdubmFxRWpIS2FPWkQ0VzlxeWd1dVp1cEMydFVqbUppNHR4T1lvcmpEaWoteVVFN00yRXlBclNhLVh5NkxXcWg1dS1fRUpvWW9JTkZobEtUZE1lMXfSAcsBQVVfeXFMT1VneG8zOU1QbldRRHVxcW1WUGF5TE1EY3k5S2cwd1NaY1g2MUx3a0V4bGZZdG5CNGF0aDRlVkc0YXRLYlp2VDVzTHVhM0t3djFQSUtmaDQ0MTl3NE11aGVONU1vUWtOQ3h5YWhMTEh5Xy0wS0IzVTJya2FXNGZFZXRkb2tvMUVvanc3Q0tZdDFWNnBBN0FBOWdWSTdWVldYT3lUMUgtOEx1Z0taOGNWaFM5ZnhacGlEQTdIdnZzZUh1ZlFOSDduRlBYN00?oc=5
2026-03-17	Yahoo	0.5	Why the Latest Step in Elon Musk's Transformation of Tesla Could Be a 'Herculean Task'	Tesla chief Elon Musk on Saturday announced the company's Terafab Project would launch this week.	https://www.investopedia.com/why-the-latest-step-in-elon-musk-s-transformation-of-tesla-could-be-a-herculean-task-tsla-stock-11927961?.tsrc=rss
2026-03-17	Yahoo	0.46	Brian's Big Idea: A Space Stock Discussion And A Popular Service at Zacks	A look at stocks and a very popular service at Zacks	https://finance.yahoo.com/news/brians-big-idea-space-stock-220700555.html?.tsrc=rss
2026-03-17	Yahoo	0.433	Nvidia Just Blew a Big Hole in the Case to Buy Tesla Stock	On Monday, at  Nvidia’s  annual GTC conference, CEO Jensen Huang projected $1 trillion in artificial-intelligence infrastructure demand between 2025 and 2027.  It’s an incredible figure that means business for a host of companies, including Nvidia.  The biggest loser in Huang’s scenario, however, might just be  Tesla  with Nvidia’s autonomous driving solutions chipping away at a core part of investors’ reason for owning stock in Elon Musk’s electric-vehicle maker.	https://finance.yahoo.com/m/325f5f19-4f65-31ba-a5b5-9a8f543c98c9/nvidia-just-blew-a-big-hole.html?.tsrc=rss
2026-03-17	Google	0.4	A Tesla partnership, autonomous vehicle driving will give this insurance stock a boost, says Morgan Stanley - CNBC		https://news.google.com/rss/articles/CBMiyAFBVV95cUxOVElJcG11TTlzYWxaYlBLRFN1X1BFcWstMmlhSUZNdkF6cHZmVWZRN3FUUUhZajdKVlB1RU1rNXRkaEJySVZnM21FUWpYa1dncTNzektqU3JRQzVyZm1wWGxDeERBN3dfc3RydUFOSXM0Zmc4NHB4cWY4QXZybkJmQWtnZmpyZ3VIRkZjR29PeHZZY0V1dk10QWVrX3VFRTZ1a3p0UXFMTmZ5Vm1BV0o3Tk5LTzFKZFVYMkViOFk4OFpic29IZW9GUw?oc=5
2026-03-17	Yahoo	0.325	Tesla (TSLA) Growth in China Signals Strong Global Demand, EV Sales Surge 91%	Tesla Inc. (NASDAQ:TSLA) ranks among the best FAANG+ stocks to invest in right now. Tesla Inc. (NASDAQ:TSLA) rose more than 1% on March 11 as investors adjusted to strong Chinese sales numbers and rekindled upbeat sentiment among Wall Street experts. Tesla Inc. (NASDAQ:TSLA) reported a solid 91% increase in Chinese electric vehicle sales in February. […]	https://finance.yahoo.com/news/tesla-tsla-growth-china-signals-124220491.html?.tsrc=rss
2026-03-17	Google	0.286	“Could It Be Right for the Battlefield?” Tesla Stock (NASDAQ:TSLA) Notches Up on a Reconsidered Cybertruck - TipRanks		https://news.google.com/rss/articles/CBMiygFBVV95cUxNNWNyQ1JmeGhqeU4ybEI2U3pQQ3hXVlB0Y3c0TXpESDJmVUo5cmRDQlRWRGxYcUpXM2lTcDFtWGlsYTFDSGZJeVhRdEhGMi1wZUlTTzlvekhQZVpYVWtGNXhac0hHUjFISEFzR1BzV2d3eU5vRE9rRWhYdDhOWGw0OVRkY0JhT00ya21qcW8tRWYtZGYtdERHYTBTXzA4MEp2dU9TcElyNU1WUTdyTGlRV0o2NmNPVkdLWmNyYzJRbjdxdG9CVUFwRHJn?oc=5
2026-03-17	Google	0.25	Here’s Why Cathie Wood’s Latest Tesla (TSLA) Prediction May Fall Short - Yahoo Finance		https://news.google.com/rss/articles/CBMif0FVX3lxTE5DMHB1Y0tCQWIyVnBRcGZQZWVnZURPRHhoV2h2NTdqUEpRZ1hDOUpySVVBVkFHZWdNSXhwTkxIODQ0UXhELWVIaTk4RWRodHFCTmJ2cU13NTZNeG1TWGpJSHdfMjA5OGJDa1ZFZTJPT19rMXVOcUVOS0NuVlgzaGs?oc=5
2026-03-17	Yahoo	0.25	Why Lemonade Stock Is Up More Than 15% on Tuesday	Analysts are beginning to appreciate the potential of using technology to support an insurance business in a rapidly evolving marketplace.	https://www.fool.com/investing/2026/03/17/why-lemonade-stock-is-up-more-than-15-on-tuesday/?.tsrc=rss
2026-03-17	Google	0.217	Tesla (TSLA) Growth in China Signals Strong Global Demand, EV Sales Surge 91% - Yahoo Finance UK		https://news.google.com/rss/articles/CBMihwFBVV95cUxQa3E0cHdtM2pzcm1Kd2ZKT2NtUk51Tkw2a3VESVdTUWNHT3dZTDhfbi11bFZmYnR5bXBEdWRDd3ppMllkMFJOMnJEQ3l4bUtjQnM0QTZfaVlBU1BNcHk5NEVCY29XZUhJVFViTGQ5WlNQNWNmX0djZl9Sb3d5OEpMS2huQUVUcHM?oc=5
2026-03-17	Yahoo	0.182	1 Industrials Stock Worth Your Attention and 2 We Turn Down	Whether you see them or not, industrials businesses play a crucial part in our daily activities. Their momentum is also rising as lower interest rates have incentivized higher capital spending, and as a result, the industry has posted a six-month gain of 6.2%. This was a good place to be as the S&amp;P 500 was stuck in neutral.	https://finance.yahoo.com/news/1-industrials-stock-worth-attention-123127956.html?.tsrc=rss
2026-03-17	Yahoo	0.169	Here’s Why Cathie Wood’s Latest Tesla (TSLA) Prediction May Fall Short	Tesla Inc (NASDAQ:TSLA) is one of the Cathie Wood 2026 Portfolio: 10 Best Stocks to Buy. Cathie Wood has long been a believer in Tesla Inc (NASDAQ:TSLA) and remains bullish on the company for the long term despite the EV maker facing demand challenges and tough competition. Wood has a $2,600 price target for Tesla […]	https://finance.yahoo.com/news/why-cathie-wood-latest-tesla-141428262.html?.tsrc=rss
2026-03-17	Google	0.125	Tesla (TSLA) Terafab plans point to inevitable capital raise — its first since 2020 - Electrek		https://news.google.com/rss/articles/CBMiiwFBVV95cUxOTjFYdVZ1b0JEWTV4bGRHV3p0elRSWDg3djJlNExDWGVWa2k0OHJxaV8waEp6c0RkZW9hQ1d3ZXV3THBpb0hMVmtBLUpkN05yMTNoSVMwNjBvWE1PZ3ZHZ1RDeVlxUW00UzJPX2k1S281NHFYNzc3SnI1T0N4QUtRRnR2UFdlWlpPeVJN?oc=5
2026-03-17	Yahoo	0.125	Tesla Stock vs. SpaceX Stock: Which Investment Could Have Made You Richer?	A head-to-head look at Tesla and SpaceX returns, comparing public stock gains with private investment potential to see which could have built more wealth.	https://finance.yahoo.com/news/tesla-stock-vs-spacex-stock-194705736.html?.tsrc=rss
2026-03-17	Google	0.0	BofA Initiates Buy on Tesla (TSLA) as Robotaxi Operations Expand Across Multiple Markets - Yahoo Finance		https://news.google.com/rss/articles/CBMigAFBVV95cUxPdmNXMjZnNU1JMTZocnJLWExTeUFoMEllajJzQS0zZVVWNllZY1VyVkRmb3JKY3IwYms1T2R2T0lOSWJvdmZlSm9fNFpSbGRLZUNtUnhqNnBTOWxwWi1YeXNKMk1pdEFKcF9oYlcwY3A2LTdjaFNHTG9xNTZ1d2V0Vw?oc=5
2026-03-17	Google	0.0	Hamilton Wealth LLC Acquires 7,003 Shares of Tesla, Inc. $TSLA - MarketBeat		https://news.google.com/rss/articles/CBMiuwFBVV95cUxOdmM4RU1fTW9IR19IN3o0ZWpCc3MyYnM4RUlYb25SSk9fdnpIRWdGMF90c0VienpZbXk2aW9BRnl5WUpTeWZUQ2VhR1RrOXVVVzEtX21DUU1HbkpEZVZYYkg5MjBKS09qQVYxQ0N6WEt0OThGUTFPWVhsZndVMVl3RU0tVmVVbmFMZzZsTXY5SFJVTzZxNW5YSm9USnRPdER5T04zRzQ3U3hLNEJTdGpCcVEzWWQ5Z0xTbVZz?oc=5
2026-03-17	Google	0.0	How The Tesla (TSLA) Investment Story Is Shifting Around Autonomy Energy And 2026 Risks - Yahoo Finance		https://news.google.com/rss/articles/CBMiigFBVV95cUxQWVozSWhUNlNLc0QweWlzbl9iRXdERzRFWF9xMFZqZTBCamN6d3FTZGNyU2FOMmNBYWNGYlpDOVZISldKMkxvcER5MW5WMG53clZsWmF5R3BwQzFsWEE0ZW9WUlZNY3JkN3FzdUtxYjRyT1BuRGMtUlpaWlRHd25hQURPY1dSOUozb2c?oc=5
2026-03-17	Yahoo	0.0	Is Rivian the Smartest Investment You Can Make Today?	Rivian is on the cusp of delivering a mass-market truck that could help determine the company's future.	https://www.fool.com/investing/2026/03/17/is-rivian-the-smartest-investment-you-can-make-tod/?.tsrc=rss
2026-03-17	Google	0.0	Is Rivian the Smartest Investment You Can Make Today? - The Globe and Mail		https://news.google.com/rss/articles/CBMi0gFBVV95cUxNS09UMXpQZE1oSzFMWC1QWDJrLTNTbUZwWWQ3YmprM2N5NmpPQk9FS0R3bUtDQkFSeDdURC1RYUM3T2ZSeUJxMDkwajUyWkZFWnpDM01OT2lFZEpRX3lrbjVGY19oRXU1TkRuSHg2Z1h0TzJXeGtMQmZNcmxMbzAxUUxqeWpScXdqdllCV29VYkZsNFVLY3dRTVlkWWdoYWd2WnBjZG91VVlDeG9ZV2dwRDdIYlR0ZzR5dm95ODF0MFp3X25yMFlFa3ZCeS1VbUR0LWc?oc=5
2026-03-17	Yahoo	0.0	Lansing battery plant planned. Tesla, LG Energy Solution have $4.3B deal	The companies will spend $4.3 billion to build a lithium iron phosphate battery manufacturing facility.	https://www.lansingstatejournal.com/story/money/business/2026/03/17/tesla-lg-energy-solutions-battery-deal-lansing-plant/89192542007/?.tsrc=rss
2026-03-17	Yahoo	0.0	Lucid's Investor Day Signals Big Ambitions: Buy LCID Stock Now?	LCID's investor day maps out a midsize EV push, software subscriptions and robotaxis, but rising operating costs and cash burn may keep investors cautious.	https://finance.yahoo.com/news/lucids-investor-day-signals-big-123400042.html?.tsrc=rss
2026-03-17	Google	0.0	Mizuho Markets Cayman LP Grows Position in Tesla, Inc. $TSLA - MarketBeat		https://news.google.com/rss/articles/CBMiugFBVV95cUxPdXpzbVlsQ1g2NzdCMmpVQjVKZ2NKR28tbWJZWGxWMmlSNWNSNGZjdkZqN1JxcEl3YTlNanVtMUh5cUFGd1pnRVkzSVhwMV8wS182djN0ekVScUVodU5PMENPUFhYV3pDMDVqUGFuT1hSU3VKMlc3LU56SEs5bE93WFdkalpwYmsxMzY0dHl0VDk5SDd1LU5GTFdPWUdSeUpTb3RRaGRZSzBfMWd5dmNQSzdfVXVFcmVNUEE?oc=5
2026-03-17	Google	0.0	Nasdaq, S&P 500 futures shrug off Nvidia hype: Why TSLA, GOOGL, LIDR, MU, NBIS are keeping traders engaged today - MSN		https://news.google.com/rss/articles/CBMi7wFBVV95cUxQQk44TndfWU9qTWJ4NzRna2trZ2tEZmluQzJfMF9GRk9rUnozRmpVYWd5M0c4TW9aRi1nNnZOME5yYVRJVlFJRXZZRkVHNUFaODRPS0tJRGZXNEpOZFRqTTNEVXVQWGRUMk40UVN0UGpfY09EeUE0eEpyTmZsa0NkWm5CcjB6QThPR3ZsMDRaZWxkMTNCeFc5cjhrLXpVMVdWMnRGbU81alBxZEFzVVlvRGFBLTNTaVlTUTlYeThQc09kclJlOEwwdGhJdENmSkZNUXNPX2NsRWEzT0QtRVZJY1RMX1FtM3ROMmlUWmpucw?oc=5
2026-03-17	Google	0.0	TSLA Stock Rises After-Hours: Musk Says Tesla, SpaceX Still Betting Big On Nvidia ‘At Scale’ Despite Own-Chips Push - Stocktwits		https://news.google.com/rss/articles/CBMivgFBVV95cUxNbWF3X1BiVDhYQnQ2bzc0NEoyWEFvR3oyODF4YV9RdTR5cUYzQzJJSE9zbEZhbVhEZGdiMzgtTGJjYnBRSm1DQUN4VEpSNmtQRWNwOFJ0RHRqWGpDb3c2S21EUG9SaHF4T3VhS3NhaFpMMVpQdWVTUVpzMTVzeTFzT1RhLVNwYm9peXZPLW1kWDZjUk0wb3AydFpUbC1DNHJVeWJMbGdUTm82UnhXcmxRamh6cXdHVWNVd0ZIZG1B?oc=5
2026-03-17	Google	0.0	TSLA: Robyn Denholm will never shake Elon Musk - AFR		https://news.google.com/rss/articles/CBMikgFBVV95cUxNSThlZ3A2ZHVvYjlHOGwwc0p3bGVKdllWVTJ3b1NnREZsQVU2ajRZb0padXMtdm5kbzJpWGNsRjdTS3dhVUtuNjJQWGZzQ2tXMnd0OVY2aHdUOS0td2hOQmJSUWR4ckZUS1FjaHl2dGU3c1h1OGRKcndnMThBU2R1S1JSLWFfbGNrdkZGU0NZNjFJZw?oc=5
2026-03-17	Google	0.0	Tesla (TSLA) Secures $4.3B Battery Deal with LG Energy Solution - GuruFocus		https://news.google.com/rss/articles/CBMinwFBVV95cUxNNXhQYTdISmFqSllKUllOWTZ5bkduU05BamI2b3NnNTI0bG5KdGRfSHhVT2c0MWphakgwVWVIRkc1WlJ5TTNWZGxYSWg2U1J4MW9rZVd5UERWcXNCMWtyVGVqcGZQaDdpNFBQbmQ1UDBJLTVZUnB5Yldob2NidUJKYjVTcXNOWU1XNzFJbklqVnA2bmMteEtEN2tuMVR0aHc?oc=5
2026-03-17	Google	0.0	Tesla (TSLA) and Rivian (RIVN): Goldman Sachs Looks at the Physical AI Opportunity Following Investor Meetings - TipRanks		https://news.google.com/rss/articles/CBMizgFBVV95cUxNSkhvc09oREM4SkxiTDRzMkpmcThRcThOMFoxdzNHNXBkenpFeWZlZXF1bHJycnlMTDFxY2RiVGs2R0otMms1VFk1NXV3Rm92M2JMRmZxelc0UkFvT2c3MS1CbHFjWmYtSHRpVjdTMllCeG1WNW45NVdrTUU0dDhucG9RcDlWQkVubFdENG9ZMWl4emcxRi1CbVJzOXhreEd6Zng5dk9hTTBjSHNhNUZsRW9ET2FOdndnb0hMdjRCZkhtd0cyUTExV2pJT0UwUQ?oc=5
2026-03-17	Google	0.0	Tesla Stock Price Today: TSLA Holds Gains After U.S. Confirms $4.3 Billion LG Battery Deal - TechStock²		https://news.google.com/rss/articles/CBMirAFBVV95cUxNNnNiTW1tNjdIN0RsUTgxalNjLXo1cFQwN01MQklhOHc4TTh0eUVZdXQyVTRWczkzd2wwQ20wcTQ1b0I0VDY1dFRJZkdRQl9LdmpaMTZZcWNZb1M3WnVqY3Fza291MlpOdk1aNUxnRE9wZURCdWZGRi1IZG9WalhVZ0FwN015ZzhfZGlxa0l1b3VBdDZ5cEg0NTlGS1V0emc3Q2haVk96blhFLUFs?oc=5
2026-03-17	Google	0.0	Tesla stock price forecast: $390–$415 trading band as TSLA ticks up - Traders Union		https://news.google.com/rss/articles/CBMimwFBVV95cUxNS3hHRnU1VU1hdmplYVd1eTlRb2IwOTZFWWpubnJtVV9EaUI0V0RieF9hMVhUZndaSzQyYUtiSHN3d2pIUzhmVFU3R2V1enNVU1UyOHFZX1I1cm9kYVJreXUyTXEzNFRYMTNUbTFjazRkSGZPR0poVTR2WTY3OS1fR0syRGRZYzFwdUhYeEM3ejhmMEd6Z25YNHFHSQ?oc=5
2026-03-17	Google	0.0	Tesla, Inc. $TSLA Holdings Boosted by KADENSA CAPITAL Ltd - MarketBeat		https://news.google.com/rss/articles/CBMitgFBVV95cUxQRGhkYlNRUWVadmFJRUxkLXF3YUxkeVFZejhyTWVKMDNYWlNFMDg1bFFPLXNnN01RMEtKT0JpRGJsSjA2LVFoWng1ZGo0TW5XMDU1cDdZRGloNlhsMG5rWWxtYUgyLWZHRkwzbVBlQlVLMlZIcEQ0LVdFS3VpdEJJNGRpZG1FSGtDOTAwdTdzNEFjT282QjNrRkFQcm1DM1MtY3FRTnNMQzJVYmlQeFhYR09va05fUQ?oc=5
2026-03-17	Google	0.0	Tesla, Inc. $TSLA Shares Acquired by Larson Financial Group LLC - MarketBeat		https://news.google.com/rss/articles/CBMivgFBVV95cUxNMGN4XzdENkkzaFdkMTFfaGtxQzNUdjJ2Q0ZJOHpGZ2ZDZ2oyRF9kcTdIMmpaa1AxbjJzTHVkcXFNeENXREp5SEt4VTBPbGFwSGZZWjkzdThYS2pvaURIMFlxRG56MDJCRGdHb0dLaWFGbHUwS3RlV2RhYzk3Z05hcUQ2VmRZM1pOaVBCOWdaV0FKS0JlUElUUkxkcjNDMHBjeWpDZDdILV9ndS1EQWxDU29hS0MxWWMzRzlEOElB?oc=5
2026-03-17	Google	0.0	Tesla, Inc. $TSLA Shares Bought by Mercer Global Advisors Inc. ADV - MarketBeat		https://news.google.com/rss/articles/CBMiwAFBVV95cUxPX0RqSEd5M3ZPYlFkLTVhV1ZZM0hzUUFqV0JvV3FjSXFkWktzclJ4amkyNlhGSmZYVFcydE9qcEFPZGN5WThOcWdRWmU0cGcybEZ6LVdaVVJGN0ZObld4dHNVT3VQOUpmTExiMkhvM1hqVWw1U3pQTkxPMncwUUNBcFNlVXl0Vjk3Xzk3cXFiOFZZQzhqd0JURlpIZlRzWndjdVhDbEZ2bVpMX2I5Qnd0QWZmdDlFTjZnRG5yV3V1Z1Q?oc=5
2026-03-17	Yahoo	0.0	Tesla, LG to build $4.3B battery plant as part of supply agreement	The Michigan manufacturing facility is scheduled to open in 2027 and will provide batteries for Tesla’s Megapack 3 utility-scale energy storage systems.	https://www.supplychaindive.com/news/tesla-lg-to-build-43b-lfp-battery-plant-in-michigan/814976/?.tsrc=rss
2026-03-17	Google	0.0	U.S. government confirms Tesla and LG Energy Solution's $4.3B battery deal (TSLA:NASDAQ) - Seeking Alpha		https://news.google.com/rss/articles/CBMiqwFBVV95cUxQY25kSHZpUEhBTEFEOEN3QlVZbXR5anI2SnA1UXlwc3V3Mm1jRzdrdXNVQTJ3RkZMNjN3YmJFSE9yUEt4RlVTOTcyOEZyblFEUmFFVzh2NG1mdnBBdWgtUndzZWRDd1A2d3FXMURicUpqUWRpb3NnTmxVVmQ3T0s5OWw0YkxFMDZ3LXNsR0ZVRnJHMnhoVTRHdTZ3OG1Qb203em9VWlVDSzNPMUE?oc=5
2026-03-17	Google	0.0	US confirms Tesla (TSLA) is buyer in LG’s $4.3B LFP battery deal for Megapack 3 - Electrek		https://news.google.com/rss/articles/CBMipwFBVV95cUxQa0JPWmZWZlFWdTFpdUt0Tk9MSmwzTTV3c0xmX3FLSjYxcEZoS3h6OU5xXzlUWTdsUGRJMC1UWmQ0RjJTNzZrWFlCZmJhX1RXX1J1QklfUzlrbjV3THU1LXY3OTBidFZ0eWNfek1GU2xZSmwxVGxMTzc0Y3JpWERnMHR1UWVxb3JfaFNTSEJTczNUZHhESmVMU1F6MDBhWkYxR3RBMmxLcw?oc=5
2026-03-17	Yahoo	0.0	US government confirms Tesla and LG Energy Solution's $4.3 billion battery deal	By Kanishka Singh WASHINGTON, March 16 (Reuters) - The U.S. government on Monday said electric vehicle maker Tesla and South Korea's LG Energy Solution had signed a supply agreement to build a $4.3	https://finance.yahoo.com/news/us-government-confirms-tesla-lg-032438301.html?.tsrc=rss
2026-03-17	Yahoo	0.0	Where Will Lucid Group Be in 3 Years?	Lucid Group has big dreams for the future. Will they become reality?	https://www.fool.com/investing/2026/03/17/where-will-lucid-group-be-in-3-years/?.tsrc=rss
2026-03-17	Google	0.0	xAI Deepfake Suits Test SpaceX IPO, TSLA in Focus - NAI500		https://news.google.com/rss/articles/CBMiiAFBVV95cUxNNzQwTEd3YzdfY3FZdUwxR0FjbC1ad1J1R1J6ZGhqMEJOazFGSnBubjF6al8xN2IxbElLb1l2dC1RaTFrUVFvWV81WVJBbW1Rck1MZG1KLVBPVFZ6V3hGWTVzeWZvYW43WDBWSGJLTk5ZT1pnTERvWkk5cUU2RFF0TFN5Sl9ram5x?oc=5
2026-03-17	Yahoo	-0.005	Tesla, LG Bet on U.S. Batteries With $4.3 Billion Michigan Plant	LG Energy Solution  the battery unit of Korean electronics giant  LG  said it would produce battery cells for Tesla’s fast-growing energy-storage business at a new factory in Lansing, Mich. Those cells will eventually power utilities and artificial-intelligence data centers.  “American-made cells will power Tesla’s Megapack 3 energy-storage systems produced in Houston, creating a robust domestic battery supply chain,” according to the Interior Department.  Ford Motor  for example, shut down a ne	https://finance.yahoo.com/m/59ceef06-2c82-3b7a-b5f7-9f01afa46182/tesla%2C-lg-bet-on-u.s..html?.tsrc=rss
2026-03-17	Yahoo	-0.031	Closing arguments set to begin in Twitter shareholder trial accusing Musk of driving down stock	Closing arguments are set to kick off Tuesday in a trial pitting Elon Musk against Twitter shareholders who say the world's richest man engaged in a pattern of deceptive behavior that misled investors as he attempted to back out of his $44 billion deal to buy the social media platform in 2022.  The civil trial in San Francisco centers on a class-action lawsuit filed just before Musk took control of Twitter, which he later renamed X, in October 2022, six months after agreeing to buy the embattled	https://finance.yahoo.com/news/closing-arguments-set-begin-twitter-011222115.html?.tsrc=rss
2026-03-17	Yahoo	-0.055	What's Behind Ford's Approval of a New Share Repurchase Plan?	F approves a modest buyback of up to 31.7M shares to offset dilution from stock compensation and convertible notes, reinforcing shareholder value focus.	https://finance.yahoo.com/news/whats-behind-fords-approval-share-124100424.html?.tsrc=rss
2026-03-17	Yahoo	-0.276	How Will Tesla Sales, TSLA Stock Be Impacted By Crude Oil Prices Due To Iran War? Gary Black Says Lays Down The Math	As Brent crude prices surpass $100 per barrel due to the ongoing Iran war, The Future Fund LLC's Managing Partner, Gary Black, laid out the math about the potential impact on Tesla Inc.'s sales and stock. Will Tesla Benefit From Rising Crude Oil Prices? Black explained in a post on X the potential effects of Brent crude prices on Tesla sales, stating that they should theoretically rise due to rising crude oil prices. However, Black noted that once geopolitical tensions ease, oil prices might dec	https://finance.yahoo.com/news/tesla-sales-tsla-stock-impacted-133059109.html?.tsrc=rss
2026-03-17	Google	-0.4	Tesla, Inc. $TSLA Position Decreased by Moneta Group Investment Advisors LLC - MarketBeat		https://news.google.com/rss/articles/CBMizwFBVV95cUxNaHFDcHN2aTRwbHpaQzJFV25xY2E3STl2NVB4Y09TNTI0Y2t5TXhtcWktdHNrcmZHY1EzcmREdzVkZzF1b3VjY3l3UGZNRHhsVU1zdUlaZFlSODdoRDcwT0g0RnR1Qy1URnNMWXV1Q2lkRmZ3ZXBOSm5WS0p4SDFYNWJacFlEeVBDVXJ4NS1RbVBmTklkTkFsNGpiQ3BLTUQ4UmVZc1oydjJTTC1naHZjYmZhMVZ5X25qM3JLbnhKU3kwZkJrWnZZWVhqQzFoc2M?oc=5
2026-03-16	Yahoo	0.8	Is Tesla Expanding Beyond EVs Into Energy Supply in UK?	Tesla gains Ofgem approval to sell electricity across Great Britain, expanding its UK energy footprint beyond EVs.	https://finance.yahoo.com/news/tesla-expanding-beyond-evs-energy-185000825.html?.tsrc=rss
2026-03-16	Google	0.5	Tesla (TSLA) Option Trade Yields Notable Gains - GuruFocus		https://news.google.com/rss/articles/CBMiiwFBVV95cUxNbkFTeWhHYTBpRThPaEY1dk1CckluQ3Q5dEwyNTN6MnJpWUpLOXk5eE1rWEtheEJYcGx6SjRnRjl5bmcxX3lDdjRKX1VFeEI5cC1UdnVGbnFCdWZUMHlsTnptRkpHV2NWZ25LZlJ0VXBTbTM2alBqLWVuYi1HLVpVa192eklkbFM2VURZ?oc=5
2026-03-16	Yahoo	0.446	ULTY’s Weekly Payouts Look Generous Until You See Where the Money Is Coming From	YieldMax Magnificent 7 Fund of Option Income ETFs (NYSEARCA:YMAG) and YieldMax Ultra Option Income Strategy ETF (NYSEARCA:ULTY) advertise something genuinely appealing: double-digit yields from some of the most-traded stocks in the world. YMAG wraps individual YieldMax covered call ETFs on all seven Magnificent 7 names into a single fund. ULTY targets even higher distributions across ... ULTY’s Weekly Payouts Look Generous Until You See Where the Money Is Coming From	https://247wallst.com/investing/2026/03/16/ultys-weekly-payouts-look-generous-until-you-see-where-the-money-is-coming-from/?.tsrc=rss
2026-03-16	Yahoo	0.437	NVIDIA Leads Magnificent 7 Stocks in March while Apple and Tesla Slide	2026 has been a poor year for Magnificent 7 stocks so far. At the close of Friday, only two Magnificent 7 stocks are up so far in February with Meta Platforms (Nasdaq: META) and Apple (Nasdaq: AAPL) being down more than 5% month-to-date. Stocks in the Magnificent 7 aren’t alone in struggling so far in ... NVIDIA Leads Magnificent 7 Stocks in March while Apple and Tesla Slide	https://247wallst.com/investing/2026/03/16/nvidia-leads-magnificent-7-stocks-in-march-while-apple-and-tesla-slide/?.tsrc=rss
2026-03-16	Yahoo	0.284	Tesla Terafab And Macrohard Push AI Ambitions And Test Rich Valuation	"Tesla (NasdaqGS:TSLA) has announced plans for ""Terafab"", a semiconductor manufacturing facility focused on producing custom AI chips at large scale. The company aims to use Terafab to support its AI, autonomous driving, and robotics programs by bringing more chip production in house. Elon Musk has also revealed ""Macrohard"" (also called Digital Optimus), a joint project between Tesla and xAI. Macrohard is intended to combine Tesla's AI agent with xAI's Grok large language model to deliver..."	https://finance.yahoo.com/news/tesla-terafab-macrohard-push-ai-152216788.html?.tsrc=rss
2026-03-16	Yahoo	0.262	Tesla’s ‘Cybercab’ Name Hits a Roadblock: A French Beverage Company	Tesla  has made a pitch for a radical new era of “amazing abundance” in which its driverless Cybercabs ferry people around town while humanoid robots do most of the work.  Tesla is in a legal battle against an obscure drink wholesaler called Unibev that has claimed the rights to the term “Cybercab.”  The fight coincides with the launch of Tesla’s Cybercab, which is seen as key to the company’s autonomous vehicle and robotics ambitions.	https://finance.yahoo.com/m/56118878-1bf3-3fb8-857d-995f5ab64ec4/tesla%E2%80%99s-%E2%80%98cybercab%E2%80%99-name-hits.html?.tsrc=rss
2026-03-16	Google	0.238	This Should Make Tesla Investors Extremely Nervous - The Motley Fool		https://news.google.com/rss/articles/CBMimAFBVV95cUxQc1pzSXN4WUVPX3ZMUUh2a0JVNzFiUTd4NE1VeHBlcTZyOFZiRzcwcHdMM2pPeEl2eklzb0I5MUJyekFlQ0t2WUhSSXQ2TEt5c3RWX2RIczBJTjlVczlrU2M4NGllbUhQX19ab05peERtTnUtUUFLdzY3Uk9Rd3N1QTlrbndHUzBSRUdFZzF2WkJTYWU4R0hSYw?oc=5
2026-03-16	Yahoo	0.214	Tesla Nears Launch of ‘Terafab’ Chipmaking Factory. What It Means for the Stock.	Elon Musk’s “Terafab” might be that catalyst.  The move came after Musk tweeted over the weekend that Tesla’s “Terafab Project launches in 7 days.”  Musk and Tesla CFO Vaibhav Taneja discussed a Terafab—a large semiconductor manufacturing facility—during his company’s fourth-quarter earnings conference call in January.	https://finance.yahoo.com/m/2cfe42ee-d9a3-30b3-ba90-c3b2943ffcae/tesla-nears-launch-of.html?.tsrc=rss
2026-03-16	Yahoo	0.204	These Stocks Are Today’s Movers: Nvidia, Nebius, Meta, Micron, Strategy, Structure Therapeutics, Dollar Tree, and More	Stocks rose Monday as  oil prices  fell and President Donald Trump called on other countries to join the U.S. in ensuring safe passage through the Strait of Hormuz.  Nvidia boss Jensen Huang touted the widespread adoption of Nvidia’s CUDA platform over the past two decades.  The memory-chip maker said it plans to build a second manufacturing facility at its site in Taiwan by the end of 2026.	https://finance.yahoo.com/m/066f355c-a3b3-3d0d-9dd2-20ecf9d60710/these-stocks-are-today%E2%80%99s.html?.tsrc=rss
2026-03-16	Google	0.16	Tesla’s Terafab And Macrohard Deepen AI Integration In High P/E Story - simplywall.st		https://news.google.com/rss/articles/CBMixgFBVV95cUxNYmNTZkxBcjMtT2plaFM1eFRFLXBDRVFtYTZEZWhmZzNNeEM3dFRxeDRUbDZ0THRMcG9Zdk54YkJkb3N2bl9OQ2JvZmRycWVjMnVJWF9OTTc3SjZ5d01xRVVnTjVtRmhBaC1jZFBLR1NmSGZPUHJyeFZzaTQyb0Jac0p0by0tMVRsa053N2Fid1ZIelplS0JFTkN1VUstZFlWNTNPVk05cVNIQVF0VVJ3UV9HeV9EMzVqTWw1Y1NaRzVqb21tYmfSAcsBQVVfeXFMUG5hQURya2xZTXd2VGZOSzd0YUdEUmZCeFR3T3NNNmd2Z2dqamJtd25aa19UYUx0Y0xOOHNyRVI3QzFNLWdTWktFMU43NklUT0Nwc1UyZmJEczdDY3ZMejZYWERBOVE5UmJhQmlMS0JxM09oVTB5Z2wzTENTaWpaS0k3VWd2NmVpNWp5dFJ4ZmhDUmZwREVoWllQckx1S3RpRU9rc1hjTFZXa1djMVM2dnZNTTdmenVxcEVuaDRIZVBGcVBLNmFfR1ZON2s?oc=5
2026-03-16	Yahoo	0.119	Samsung shares rise after Nvidia's Huang flags tie-up on new AI chips	Shares of Samsung Electronics rose as much as 5% on Tuesday after Nvidia CEO ‌Jensen Huang said the South Korean company was producing ‌Nvidia's new artificial intelligence chips.  The news fuelled expectations that Samsung's foundry division, which makes ​logic chips for customers including Tesla , Apple and Samsung's phone division, may be able to turn around as early as next year after posting billions of dollars in annual losses in recent years, analysts ‌said.  At Nvidia's GTC developer ⁠co	https://finance.yahoo.com/news/samsung-elec-showcases-nvidias-inference-222001364.html?.tsrc=rss
2026-03-16	Yahoo	0.109	Elon Musk Responds To Claim His Net Worth Equals Nearly 1% Of Global GDP: '...Just Track SpaceX+Tesla Market Cap'	Tesla Inc. and SpaceX CEO Elon Musk has shared that his net worth is directly tied to the total market capitalization of his enterprises. Elon Musk Worth 1% Of Global GDP In a post on the social media platform X on Friday, user Antonio Linares shared that the billionaire’s net worth equalled “~1% of global GDP.” The user did not provide additional details or data in the post. Elon is worth ~1% of global GDP— Antonio Linares (@alc2022) March 13, 2026 Don't Miss: This AI Helps Fortune 1000 Brands	https://finance.yahoo.com/news/elon-musk-responds-claim-net-183115781.html?.tsrc=rss
2026-03-16	Google	0.1	TSLA, PLTR and SMCI Forecasts – Tech Trying to Rise Early on Monday - FXEmpire		https://news.google.com/rss/articles/CBMitgFBVV95cUxPN3dBeENXSU11bVBfOHZkWlljd1lKRU05MU01dnZRRTk2eU1GWUJqcldEVGVKX0U5MGJFeVRfTzdmWVZud0NkTXQycWdyTHVoRnc0S0RCZW5Rel9CV25jMkdYY0ZzV0tmckxYMnBZVmpDV2J2UldETFBCb2d1MFd3TC1NQTNtZFdpYmNGc0k5TWdNeTlDUGZ2SmV5RDZkTGdHSTdRNHREWkVwb2EtRlBjLVpNZG9fZw?oc=5
2026-03-16	Google	0.1	Tesla Stock Today: TSLA Rises on Musk’s Terafab Chip Push, but the Old Problems Aren’t Gone - TechStock²		https://news.google.com/rss/articles/CBMirAFBVV95cUxNZk9VNWN3VWE4MEFzazAxOGtXZ3l4azg5elR1OURYSUQ4ZXloWEtVa244Q2FLemNiT2RUVTFMazFZS2YzSWh5SlU0TlFDOUJ5VjlZNGlUY0h5bW5KMy14V2pIRWxMQlhhZUI2OUlXd3BQTEF0QzNwUUIzVmY3YTBpTmRZYkJvYzNIMFlVM1k3R0lkc3VvdmREVXlGTHJkcEh2UmZJaUpzVWV1cEZq?oc=5
2026-03-16	Yahoo	0.042	Tesla Unveiled Two Major Catalysts for Its Future	Tesla Shares Major Energy and Robotics Developments	https://finance.yahoo.com/news/tesla-unveiled-two-major-catalysts-181757294.html?.tsrc=rss
2026-03-16	Google	0.0	(TSLA) Technical Pivots with Risk Controls (TSLA:CA) - Stock Traders Daily		https://news.google.com/rss/articles/CBMinwFBVV95cUxOaVNrR1Z4VlF4VXF1RG1heHhSRkc0SmJDOGhnZVY0SFhsdGhFaGN5aEJveWRiMkZQaVcwc2tEMDNXZGhfVFJYTmRaQkUyakVFczVlUnFxSERHTEhIOXprNHl1UGJpakNXM1ZGZk9nTnZWQnllRHV1UUdTS1FjNjRFVERyY18xVzJxalYteUJ0YkNndTdVcjByVXVqWllvTzA?oc=5
2026-03-16	Google	0.0	Assessing Tesla (TSLA) Valuation After Terafab AI Chip Launch And Surging China Deliveries - Yahoo Finance		https://news.google.com/rss/articles/CBMijAFBVV95cUxNQTMxNW1pOHktcjNZODFZZExoQUVvbGthQjVWOXB0UDJSZE1lZ0NOSUhqLTZYX0JvdDNiWjZjSDVEaDA2UUtSTDRoS09ZYXhfVHJURGVnNG1FdHUzWDNrQ3lrc0w2cGwyOGVtSkxPYXhGTk54TU9MUzZ4NDVvcXJlR3ljbHM2MzhRU0h0Yw?oc=5
2026-03-16	Google	0.0	Cinctive Capital Management LP Acquires 4,861 Shares of Tesla, Inc. $TSLA - MarketBeat		https://news.google.com/rss/articles/CBMiygFBVV95cUxNVVpYQzdQRENMOUpiZjg0ZkdxUkZVT2hTY0EtUTdpZTUyUGV2OFplUU51UjVPRkt0WFpmWlEwSEJPNm0zdU9jekJUc3hsU0xfampFU1RjbmtxVWdoa09lY25hT0FjNEhQNjdVQXJhd3o1T0o0ZW5FbmNZU0c2UVI0cGQxa3JZSC1YRWJzeWJJN1drYzN6N1ZUNk5IdzVMSTQ4Nld6TTd4cTJodl9DMGFCS2NxTHZWeHBMa0hnUFFYUnBrRDFMOVBfWTdn?oc=5
2026-03-16	Google	0.0	Clark Capital Management Group Inc. Has $17.65 Million Stock Holdings in Tesla, Inc. $TSLA - MarketBeat		https://news.google.com/rss/articles/CBMi3gFBVV95cUxNVGlvLVNjOGwyYmw0aE9Jel91YXhWcDhJdnV6NEphd1B3bzFiTi1yQ2pUc2d5SkN1elltY2loVWxjMkprSy02ZzZWb2RQeXZGMXJwY1hkWWtrTDNna1VvVzBXelhFdU9iWHFwdWtHV3JVWWRUTlN5VnI0bl9ZTVlicVdHV21qaFdfZGVqNDY5Z1ctRDdyTlVISU9EQ1BreHozblNTUmZTd0dHTC1FVkhjWGRRR012bUVwVkFzdmhVQzdNdFNkc2djMTVvT1JqMDRoRFhSY2dMSW02RTdBenc?oc=5
2026-03-16	Google	0.0	Coatue Management LLC Trims Stock Position in Tesla, Inc. $TSLA - MarketBeat		https://news.google.com/rss/articles/CBMivgFBVV95cUxPZE5NNHhyenpNa3pJVmJIdnNNSWo2LTJZellUcWRYX2pheExZenlMUExCWXpSMEFsX1N5YW5BVkpXNDZWbktSY0JDTXQtZFhja2JqaUpUTE5lWTI4emZ4aTVzbGpkcGZyZVoxMFg3eUdwWTBEYzFqVGZxVzNubjdPOTE2UkhwNVAwellYaFNrVmxvTENHSXl2X0NrT3c4MVcxaWh6UkF5QzBaM3JKZ3lrLWlLaklnQ18yUWNRYVpn?oc=5
2026-03-16	Google	0.0	Delta Global Management LP Purchases 9,314 Shares of Tesla, Inc. $TSLA - MarketBeat		https://news.google.com/rss/articles/CBMixgFBVV95cUxOUU5lbTdYb3VGSDBUS3dNdFR1RjdnWWlsMVBtQ29weVhmbENPc3BYYmNxaEdacjRUd1lNLWtYRG94MDVQUEM5c29DMGQxZmUxWWlPeGQta2RVaFNlcGIxUjZMZW8xUDluTHlJa3hnNjJZTkpRcmhmTkVvdlYtTmF2b1BvSzFDMzB2UTFaT3RNOFZWOXBPOTRlakl6eGlZVWw4WUt0VXZpNGRfSTZsR05XdTVfZWZ4UUtoR1d3RVV1WkJGLW4zdHc?oc=5
2026-03-16	Google	0.0	EFG Asset Management Americas Corp. Trims Stock Position in Tesla, Inc. $TSLA - MarketBeat		https://news.google.com/rss/articles/CBMizwFBVV95cUxOWldSTjhZdDY5UlZVeU1oRUxWbmVCZ0YtNm1SZ1NWVV9Sdk1aZWwzVlR4QU9HMkJQTXItYTB4TkRsaUpMV3JtamNmdnFieVZ1YWRQTVozdloyUlBLeUIwdFVrcExxS3NvOW01eXpmd1RGaFFzdlhLTnRXa2FrcGZSbm5NVGpYRVlHRWNwX3lYb0RTN2RqQWE4Nk4yYTkxNkV6UlhZcWt2NTFlTVUxeXdDQ2lrUGRYX2lTZ2JWUGpXa0drYmtsWEd0bVFtUW5oZDA?oc=5
2026-03-16	Google	0.0	Elevation Point Wealth Partners LLC Cuts Position in Tesla, Inc. $TSLA - MarketBeat		https://news.google.com/rss/articles/CBMixwFBVV95cUxNNjBuM2l0Qmp6UTlnU2NWak5mUC1tQXIySXAwOWhNd2tGOFdfbFdiZW4wemwzQ2dHM1UxZi02V0o4eHBtVmlDa1Z3LXA1WlZPNXdpY1h2aEl0R19sSmxOVjVxbjRIOXBBN21ieXd5UXBQUTVUalpmNlRycFBWSDl4VUlDRVQ2dC04LVp4MWVhYzl6eElGdGRZNEpCMFBsdGV6U3BCa3lVX1BJVnh1aHJpSGxlS0JWQkNieEZoUzdqNUsycGtVMkZz?oc=5
2026-03-16	Google	0.0	Elon Musk Says Tesla Terafab Project For AI Chips To Launch In A Week - Investor's Business Daily		https://news.google.com/rss/articles/CBMilAFBVV95cUxQNXRXbUtKX29EZlVESlFZSlp1ejdMN1ZBYS1KOVg5dEdZRkRjTDdKN1FyRTdOVEFhc0lsNDBDRHlqUXFTX0tINlIwOEJuRUdOT3FVaWtBaVk3LTM0UlUxcnVNb2pxYTA3cE5sb3IxeEZKUTR2bWlVV3hXOWR3dEdkNWxIa3dxSkVPaFBYbVZkMnN4SExs?oc=5
2026-03-16	Google	0.0	Flow Traders U.S. LLC Takes Position in Direxion Daily TSLA Bull 2X Shares $TSLL - MarketBeat		https://news.google.com/rss/articles/CBMi1AFBVV95cUxQeWhtSElmZDcwOGRrT08yZXdIZzlHdXZZOXhFRVhHQWVWRWcxck80dlRqS0d4NFlpenl4SUlCSlRMMWh3Zlp5T0p0VWNLdDJ6dkc3dTJhX3NzMFN1RERaR3RmSmJsUGRwajlielM1RVlXRmdOckZ3V25sYklmTHh5bEZUajl3TUFRQlZfdGVqN29sb1dRV290MTY5RmZKV05OTVZfVjRTa05Xa24xMjVpWXNWM2syU0ExMHpPdWR5UFRmWjJYZmxEeGVZTXV3TzRtUjhiVQ?oc=5
2026-03-16	Google	0.0	Fred Alger Management LLC Sells 82,237 Shares of Tesla, Inc. $TSLA - MarketBeat		https://news.google.com/rss/articles/CBMiwAFBVV95cUxPWXhnRzRXaF9aR3ZxOEdkYXR6UWlPcVZweWFab2FBWmRFbzMyS1d4QjlwS3dRb1JZc3oyek56WXVZZnE0bnkybk9CV1p1YWlLUzRQX3BZRlBHVWpsakNzNlBMamNpVVMyWGVFdVRNbkZ6X1E1a1VNUnRsUnlfTXl1UXZmRDVXMWhRWmNCMTBXc2lFOGVhLUJrUWJNRWU1RDl2WWJTSXd1UG1pUk5jZnpRVVRoa0ZTMldNQS1BX2xmQVg?oc=5
2026-03-16	Google	0.0	Holocene Advisors LP Raises Stake in Tesla, Inc. $TSLA - MarketBeat		https://news.google.com/rss/articles/CBMisgFBVV95cUxNbmtGT3JQNmFFZy1lR3d4R0tiOEUzdjBKZmJSS0w5bmFwUHBOQ2dxMFpQajNGUVZGcTQyaUFDencycGQ1cGZzNXdRUWpSUkNKc0JMelgtMnZVa2xpTnBSU1p3RndzYW1WbGVXZFpmUDhoUmZGSjNPczM2NzdjQWJHU1gzemwtakZsVGRMNjhSMHR3VlN5UTluUjgwZjlOLVZmVTkxc09qbWpTS1F0MUtyVjVB?oc=5
2026-03-16	Google	0.0	Hyperion Asset Management Ltd Has $515.55 Million Stock Holdings in Tesla, Inc. $TSLA - MarketBeat		https://news.google.com/rss/articles/CBMi2AFBVV95cUxNLUtYU2VmanE3cjZOWl9ha1NCcnZfdndwTXp6WTZEODRLWEZ4TWdMMHNUeloxQUF1QUhINDhMYW9jUGZ0UUp1WnlWVTE4LXhIclF3bXY4eWE3R2Y1UW0wbzdWcW9lTHdsMGtwZlo0Q0VBXzdpNzRUbWQ4ZG13RFR2eHhLVzBkU21takU3OG1JMzRVSWVNb09FMmNLc3FnZGNXTDR6ZkdhYXVBUXYyQVNoZHpGNEVIYUt4VjdGeTJNUnZBQXZ6YU8xaTRlVFN2ZlN2N2t3aVNmajU?oc=5
2026-03-16	Google	0.0	Is Tesla Stock a Millionaire Maker? - The Globe and Mail		https://news.google.com/rss/articles/CBMiugFBVV95cUxQRllXX2diVHQ1ZEQzRVJJYk1GZ09YVTdadkphbUlJQzNTV0hTeXEzazV4ZmxvM0I0UUNUanlQeE9IV2JLNzhSUWNQUGF0Tmg1eWFVdmdndTdXbDVKNVFCblY1R1RjNkkxS3pidmlESmpEcGtndEJwdmZOMm42NElwUWNDUmVFMW9zTnR2ZkZROXBVaFE2RHZYVzN4N2VTUnF2SkhEaXY1MFlBOUlyRnpXUHNubEVoc0N6M2c?oc=5
2026-03-16	Yahoo	0.0	Is Warren Buffett Invested in Tesla?	Explore whether Warren Buffett or Berkshire Hathaway owns Tesla stock, why it matters to investors, and what Buffett’s investing style reveals about TSLA.	https://finance.yahoo.com/news/warren-buffett-invested-tesla-145216067.html?.tsrc=rss
2026-03-16	Google	0.0	Nasdaq, S&P 500 Futures Shrug Off Nvidia Hype: Why TSLA, GOOGL, LIDR, MU, NBIS Are Keeping Traders Engaged Today - Stocktwits		https://news.google.com/rss/articles/CBMiyAFBVV95cUxPMVUyLTBUeUdoLU90MkVhRDVvaURRXzhoR3AzMFAxeS0xV3RFUUVCZ3BCVTFWcU5XTW11dHRBT1VldTZfQ01Lb0ZtQU9XbWw0OENWaVZmbW9jNFFraHJPRDJQLW40aWFQcFlXSDRZV29ocWJzaE5Bejc5SXdrblFJRG5UWmJvS3JacWdFUVFIeUdQRzR6T2E2T0w3QjZ2QjI0QzdkbTRpMlJOSktyTzBXZGE2amV6V0hDZF9EaWZoSndyWGVCanJvRQ?oc=5
2026-03-16	Google	0.0	Tesla (NASDAQ:TSLA) Trading Up 1.1% - Should You Buy? - MarketBeat		https://news.google.com/rss/articles/CBMioAFBVV95cUxNRlRGLVJWb3gtb1YzRjRMc0xpMnRubDNGX29tdFpqT280ejNSSlBlaXZlWWI1RlZTTWhkWEYyMFA1NWRGSi1JTnoyM092VG9COFVzVkczR1M3bU8wT0xyQnloMkpnZXNmTE9rQ2lGOVhoSC1PSzJJUzBqWVpNVC1zZ2FQM29CU1gxeGo0TUItNElmU3g0OHhtNmJtOHZhbE5N?oc=5
2026-03-16	Google	0.0	Tesla (TSLA) Stock: Terafab AI Chip Fab Set to Launch Within Days - CoinCentral		https://news.google.com/rss/articles/CBMikAFBVV95cUxNMXhvVmVvQ2xUOXkwcEF6NF82NnIwbllHNVBHdWMyTzRra09FOUxSZ25nQTd5cXpCTlc5RkZTbEtnOGdmMmZXN09XXzAyUFRPWnJheVRQbTU0VG5fSlZXRVRKdHN3SUJEUHNWOGR6OG9OUXgxMG1waXBzVUpRT1htanNubXBXWndqckZxNXhqWVQ?oc=5
2026-03-16	Google	0.0	Tesla (TSLA) closes above ___ on March 17? Trading Odds & Predictions - Polymarket		https://news.google.com/rss/articles/CBMib0FVX3lxTE9aV3NIMHVNeklQZDRjdGNYWGxaTGxzcjlYS2Mwdml6djAxenhsakwyR29wYU9Kd2k0TjdPNENUWUhyR2FLMmRnVVE5ZGFQYmxUd3NiaGhVTnYxNk55SVN0U1hXX01FQ3ZzcC10SVpRYw?oc=5
2026-03-16	Google	0.0	Tesla (TSLA) to Announce Plans for World's Largest Chip Manufact - GuruFocus		https://news.google.com/rss/articles/CBMiuwFBVV95cUxPTTNjeVRPVmRTRG9veEpBQ1JHVlgxcEFqcXV6OWdfZFJoRF9VY3lIZmJCYV93dVo4ZWlsN0ZVVlhZbGZ6YmtRUlZqS1ZpNjJXQkw1UWFENXR0UlpPUzFrTnFMYjMxcVNnZVFMdF9ESHJjZVQxWGJvZmFGRDR1M2ZEWnEzNWtCRUQtS0djMy1ZeDgtaDMtX01ySmhoejBaMVNhd3FlT2VqRlFMd2dCZkxJanQ3Q0lSRjd4M1g0?oc=5
2026-03-16	Google	0.0	Tesla (TSLA) to Launch Terafab for AI-Enhanced Vehicle Productio - GuruFocus		https://news.google.com/rss/articles/CBMiowFBVV95cUxOcnN2UUktYWVMRnZYTDZ1dDUzLThaeTJnSU83N3ZsT2tJSmVoSTBzU1cyN2VOdDNQOWV0MGFqMnJLNVNQblZUMXpjaWR2T1JxUGdBSGk4bTdjQnNZMHI5MVlpR3JyNlZYQV9jMjdrVmd4OEo5Ykp4bHo5NlQtLTRkYkpGME5qWjY1aFp3cDBGdDkxR1loLVZ1bGNhOUVMa29sRW5r?oc=5
2026-03-16	Google	0.0	Tesla Could Be Nvidia’s Biggest AI Customer - Or Rival - NVIDIA (NASDAQ:NVDA), Tesla (NASDAQ:TSLA) - Benzinga		https://news.google.com/rss/articles/CBMitgFBVV95cUxOeUswQ0drNGtiOVJ4M2Y1ZXlTeHRVczNYSEI5WlEyTEdfRmJXazVFNjVHZHZiY21vcjRyZE1pMUZ2dnljYXF6QnQ4RUlxY2xTOFY5QWljWDZpdmUyNFp4UWh1QlRFMGpISElUNFpYVGVyQjltOG9PcmJMdDNOV2hZOThRZDg1b2lveHoyMlVlejUzNmlFMGVMMGVPcmJFLTJaV0pzNVVtSE5iSU9JU2w1YnBMOTRFUQ?oc=5
2026-03-16	Yahoo	0.0	Tesla Rival BYD Sees 100,000 Vehicle Demand From Latin America. Stock Jumps.	Tesla's longtime rival BYD will export 50,000 cars from its Brazil factory to Argentina and Mexico, respectively. Byd shares soared.	https://finance.yahoo.com/m/cfc159d3-f394-3564-aa68-8835f82abe6e/tesla-rival-byd-sees-100%2C000.html?.tsrc=rss
2026-03-16	Google	0.0	Tesla Stock Rises. Can Musk’s 'Terafab' Be The Needed Catalyst? - Barron's		https://news.google.com/rss/articles/CBMijANBVV95cUxOY25NM0pOU1ZwZGpxLVF1ZWJrYUFzbmxQZkJZblBTNW9pUFlEb3FMdy1TQmRQWG55NWUwSklGZlVQbGJOV1lod3FJTWE5Q1dob0gxTnl3dFdQQ3hNV1pKOUlvR0NBMXB5dW1EZVdXOWxEdnI4OFNKTjJqN1BJTVJLSVh0cUpwaEZpaEFLVWFJRFRfaU5CSTNfWVFYYTJJWUdoV3R4VWI4aWJYWUhpOUxUb1VDbWFicjRnS1BaX2pOUjFSaXpIY21Mbk1RUm5UMDQ2QTJ1dEdvSGJXdVRxZFdmaUZORFZxTmlBNHRvcnpDcEk4RUM1M0wxNHV0c2F0eGR5N2lHWDZ0QjM1RzdvTGp2UlFMcTJyUm1qcEUtZFlpd05wSmZvcUZpYjhvR09tbjhkckhnbjBPYlNRQ25tcTVVU0VuYTVGT1lHUktIekt2eE1jMk81WGlvU1Q0YVFFd0ZaTFA2YzF3TXpjaWgxX2tuZmMzVERWMldYdGtIWU9aZGlHaEJ4UTREdko3S2M?oc=5
2026-03-16	Google	0.0	Tesla, Inc. $TSLA Holdings Raised by Clough Capital Partners L P - MarketBeat		https://news.google.com/rss/articles/CBMivwFBVV95cUxOb0U2MzhNdVNNbDRtWE9PTkdYLWlMOTAyWE5yWDEtWHA1VXhueEJZOFM0UHJzT1RPcVI2a0FKT1d0bUl1RmZ2dVlzN1pkSHAtVTU5aG91bzM1NzdPVEppS3BaQUFOUEtvclFjRFhaS1pNUkdjYUNSWTBJNFRvQlB6LWNsRVhXZzZlOGIxWlU5OU8zMTFUajhpd3Rsc0EwbGQtaXlzWk9tS0syYURJR3JqNzJ0ZmlZOXRJSXdTWlVBTQ?oc=5
2026-03-16	Google	0.0	Tesla, Inc. $TSLA Position Lessened by Flight Deck Capital LP - MarketBeat		https://news.google.com/rss/articles/CBMiuwFBVV95cUxPY085Zk1ocXNxNVM2WWZhZmVDRW9tUEd6eWtHcE5UQVBNQ3ZQQXN0SUI0UU8zVGtMLUxMeHVjRDdUTmkwbHBNRjFYQ0ZZZm9ZNmVoTkN4XzBHN3RFVVlSQl9neXhjc1BITXJaRG1QM3c1bWVSaTZjelp5b2M0YUMzSlN0OWZ1V2pMR3lnOWw2ZUo5a2RiTk9xMm1xYXhYeldZYm9xZEtQMXduM2NpVkhnZlJRZlJzSzFEU2VV?oc=5
2026-03-16	Yahoo	-0.133	The World's Richest Man Told You to Stop Saving for Retirement — But 58% of Americans Are Already Behind. Which Side Are You Taking?	Elon Musk has suggested that traditional retirement saving may not matter much in the future. In a recent interview, the Tesla Inc (NASDAQ:TSLA) and SpaceX CEO described a world transformed by artificial intelligence (AI) and robotics, where productivity is so...	https://finance.yahoo.com/news/worlds-richest-man-told-stop-200104808.html?.tsrc=rss
2026-03-16	Google	-0.15	Tesla Stock (TSLA) Opinions on Closing Below 200-Day Moving Average - Quiver Quantitative		https://news.google.com/rss/articles/CBMipwFBVV95cUxOdVpjTmJDQmlkSlNqWnlBdENEVGlnVkRQbWU5TjhVckR6dVZTYzFJeFNZN1JkYUxoNjc1dlRNODZNWG9rSE5kbm5TWDdMNWphRjdVRF9BODFoUUstOFRaaG9DbzQ4UHVCcTVFTExpZ1FlaXBnX1E4aVBscVlVaFV0RnVBR3ZuNk1WTm9nVDVPSHFWQ2JGazBTTWUyWEQxbWdiclE3WDRPdw?oc=5
2026-03-16	Google	-0.156	Tesla (TSLA) Up or Down on March 17? Trading Odds & Predictions (Mar. 17, 2026) - Polymarket		https://news.google.com/rss/articles/CBMibkFVX3lxTE1SdExtb0ZzRUhfNXlhb1JxaVRnTzdma0dEMHUzREJqN1V1VE8zRnJjWnJBWWhPeE82U0o0dEM1UmVDQUd4THFSaG5haERBeTU3bS01N1VYTGNSS19LbDRXWFo1SlN3OVRNZ1dFT1V3?oc=5
2026-03-16	Yahoo	-0.6	Elon Musk Says Tesla Terafab Project For AI Chips To Launch In A Week	"Tesla CEO Elon Musk announced Saturday his company's ""Terafab Project"" for in-house artificial intelligence chips will begin on March 21."	https://finance.yahoo.com/m/aa01fbd2-dcc2-33a8-b3dd-e259f35be010/elon-musk-says-tesla-terafab.html?.tsrc=rss
2026-03-16	Google	-1.0	“What a Pathetic Disaster.” Influencer Pivots Leave Tesla Stock (NASDAQ:TSLA) Undamaged - TipRanks		https://news.google.com/rss/articles/CBMisAFBVV95cUxQeTZ0Qm1sOWFLWTJfcThOcjEyamZXZ200NnlJMUJNODVYQWxpUDRkWjNxMTZ2TC1aeF8xX1Y1UUdBVnJMV0F2UWlxRTRtdDlFcWhQSnhmWC12NVZ6bnpXUU1UQjBHaEZudWExcVpKVzlmS3R0TFJGcC1WY0FqZHdWaERKMjE3bzBzYTNaX0NKNURLOHJSR1A5NHlHai13X2lWZEthVFdEdzhvdlpORUFoSQ?oc=5
2026-03-15	Google	0.6	Buying Tesla Stock Taught Me a Costly Lesson - The Motley Fool		https://news.google.com/rss/articles/CBMiiAFBVV95cUxQWFRseUFkNGdLMTI4LTJ3cFFRc2Q0cEE0d2g0dktBR3d1ZFBZWXFjMFdWS3h5V2dISm9QTXY2Nm0yWFp1NWdUbnNvaTEzY21pUWlzMWhnRVQ1bEYyV0g3N3I0blJvMkRNblF5VUNnaDFRVUxwZmh4MDdnWUNhYUlOZzRFUy1ydmdG?oc=5
2026-03-15	Google	0.136	Ceeto Capital Group LLC Makes New $889,000 Investment in Tesla, Inc. $TSLA - MarketBeat		https://news.google.com/rss/articles/CBMiygFBVV95cUxNMW5KLXVERS1FcmdyWmFvUFlybExZVDI3amZ4djVhRjE0QzJVVG5tc19DV0JHWE9yZE9PekV2c2xpa1JUc3FtMjM3U2JDMlNLdnBCZnFTWWVXcDlhcGlNNDVxYldINlZTNndMQ2tMOHpwQTJGLTJRZnV3TGtLYnkzcFE5QjJ0RnNSdGpVd05DMzJ4Q24wOElmZkREMzdVRXZfZmRrMVdPcVFSaHFUa0hGZG9GQ0lXQ3hKQUFKQm5WMjFvT21sVm1rY3dB?oc=5
2026-03-15	Google	0.0	1248 Management LLC Sells 16,897 Shares of Tesla, Inc. $TSLA - MarketBeat		https://news.google.com/rss/articles/CBMiuAFBVV95cUxNczRjTkZlZDJJTEoyc0JrSU93Z2lPbnd0a0JaWUt1em5CMGVLQ0I4MFZYVEhJbDMxc1VDT3V3dlYzUFZ5dlV3X0hPbkJmUnZ4Vnh1Y3I3dVI0REttQ1IzcVVXbG9mSmp6Q194T2ROTFM0MnBURWp4bGlldGtlZzFLQVlFOXBINDIwYWpNMG5Qb2VLTC1pMnFlNWFKVXFSblFhTExfOUZWN2pqaU5IMUJqbU9DY3kzS3Fi?oc=5
2026-03-15	Google	0.0	Atreides Management LP Lowers Stock Holdings in Tesla, Inc. $TSLA - MarketBeat		https://news.google.com/rss/articles/CBMiwAFBVV95cUxOOWlLM3dlUllGX0s0SnM0aVZBX1pwWDVwdldSMG5JMXpycTA5M29faTZUSEdMSjlRRVYtZy1GeGlMSzZyamZFWXhiM0dtSHdWNUVnUTU4LUJFNEJndnlzT0lwSXh1bUpNUmVFZkN5ZVFaMDcxMERzaS1yYXVxRXlqSFpUclNBUkxjM0ctVUFpVUxkMmc0OXZhRWdJcFRMX19zOVplNWUwenM2RzVvNnMyR1NoUXg1RDBfRjNZTlREZXU?oc=5
2026-03-15	Google	0.0	California Public Employees Retirement System Boosts Stock Position in Tesla, Inc. $TSLA - MarketBeat		https://news.google.com/rss/articles/CBMi3wFBVV95cUxPcHNCU1htMlhOMnFFQ2UtNHZjanlTQmliazdJUExwOGJ6ZW1scGx4ZDl4aE9MWUVtVVJVMmNBcEgyQUFfQ1l0ZUZ1WjFsalg3WFhKUlVvZXV1Rm1HVFhzTTZHU1N6QzIwYXMxZGlmOXduMGVrSnNzZ2Zidi1jZUh3bDNHMFZQQ3hXZ2pieW5kTnhYWlVOdklWdkpWRDZta1pYWDVfLUNSS0lES1podWZPazZKWjdiQW51NWlzdkJVc0w0ZjV1azZOUUZYckZaU0phVGJOU0xRZm5kTUVaam5j?oc=5
2026-03-15	Google	0.0	Calydon Capital Has $2.87 Million Stock Position in Tesla, Inc. $TSLA - MarketBeat		https://news.google.com/rss/articles/CBMiwwFBVV95cUxPeThuOUhaRHhKU2hiMmpsU0xqcmhnaGRjNVdsdXRnT2NhSW9jVWVCVV9tTFNqajVOcC1faHFxcnB4WUNuSmo0Q08wX2Zxa3Y0aEIzM2FwdENFcVQwbDB2dTZtNG5DUGlJSGl3czVqOVRwa2ZJVTBXZGJZNzhHY1o5ZGRULU1UZE11NUY0WjNOaVBWbzVwN0Y4c1FYWXd2aGk5aXRPOHIzaFdMZWFDYTVDejM4eWdkSzduaTRCQS1CclpBNm8?oc=5
2026-03-15	Google	0.0	Capital Impact Advisors LLC Purchases 5,573 Shares of Tesla, Inc. $TSLA - MarketBeat		https://news.google.com/rss/articles/CBMixwFBVV95cUxPQUJmVHZLVVJyZjZZVUZyNlpMZjNxdnc5aTFEMkpxcmRTYkJtY0hhb2JxckJaZHZQM0NFeVBXS3VTZnRua0s4S09FRldXTjd0dmdXWEdxY2MwcUl2Wmx2S3Z5ZUZPaUI2YmgteV9LVGdjM0xjUDQ3RVJtTlVvWjl2dmtueHU0cld2SGk5TF9ocWstNnVQdjItbkV0clY2U1JSVkRuYW1waWdPVWF5c1JNWWFZR3M0YUlzSnFJaTRNaW54NklvZElN?oc=5
2026-03-15	Google	0.0	Capitolis Liquid Global Markets LLC Raises Stock Position in Tesla, Inc. $TSLA - MarketBeat		https://news.google.com/rss/articles/CBMi0gFBVV95cUxQWnQxVnZxajhuUFZOdTlkSTFYa2YyUnZoSlBVRWNrRmN2RnNuVEl3MTFfRGRCcFMtbllDUnJWOU9wLTY4ZDlubGpxcUNndV8yS1FjQjRSVDlQN3BydHV5NkJ1T1JfSTd2NC1QWHlUY3FDOFFtMHdGV1lwZUVPRTB0ZTk1dU44bW56V3lHUEFrYmFOWENtMzBJYkNvUlFsTzhJTjNkd0pTZ3F4QVBDM3lFVXNqYjN3U3hmUlV3Yk8tVGJZQ0NpQk9MZVUzejFnMVBpMmc?oc=5
2026-03-15	Google	0.0	Chevy Chase Trust Holdings LLC Sells 48,823 Shares of Tesla, Inc. $TSLA - MarketBeat		https://news.google.com/rss/articles/CBMixwFBVV95cUxPR2tibFlXbDVKU2YwdVBZLW1nTUQ4bDdkS0ZVLVBmTmFQTmphZURma3NDYWtheTZ6ZGZkUXVPQXlxN0xOQUxpcVpSNkNZX2w4N2FiSXU1bnZWNXJYbTRKZk5PRTk5N1pJRTljSjA3WkRsZUhUazltOWlGeWdiOXg1UURfU2hMM09yWVphODRDT2JRTGRhSVcyN1pZSG01YWstUV9RSFo1T2thMGotckU3YVVXN2JjU0JQYUZwalFNeFpUckdmVVE0?oc=5
2026-03-15	Google	0.0	Elon Musk Says Tesla's 'Terafab' AI Chip Project Launches In 7 Days - Tesla (NASDAQ:TSLA) - Benzinga		https://news.google.com/rss/articles/CBMiuAFBVV95cUxOLXgwcHN3b2RaLWhvRFduMlZlWFVxN2VjNzg4SWE5RVNfN25FVUdZc1FyWEcwdkhpRmJFRE04N3hPRUdyaVUxUXRyY1lRNnIxSTRLNi1CMllFaUFwc205Y2JlOVI2a1pfSElld1d2a3oxUEV3bTM3VmZiSmh3TmpiVWsyM1VseERtUE4tV3FZUUoxdy15REdiRFoyNWwtMEFlOW9JMVBLeXlQVzdjc2V6OU16bDlNQ1pE?oc=5
2026-03-15	Google	0.0	Elon Musk Unmasks Joint Project Between Tesla (TSLA) and xAI, Reuters Reports - Yahoo Finance		https://news.google.com/rss/articles/CBMigwFBVV95cUxQaGctVGc5ZWNVRmx0dl9nSVhUWmJ3TzJqQjhaVW9HMjhMemNyU3RucE5iQllGNGJybFlBZV82R1gzaEZtRVRfUjJwQU55RV9pZVdfZThaYkI5a0RfYk82NkdRVEJzTTFfdlZVWlRDQzhEV3o2SlNtSE1JTXNoTWphODUzTQ?oc=5
2026-03-15	Google	0.0	Tesla Pivot To Optimus Robots Puts Capital Allocation And Valuation In Focus - simplywall.st		https://news.google.com/rss/articles/CBMixgFBVV95cUxPREVoQkxYRDl5UV9tOFRHZWF0SmFBRXM0b1I3RDRzZ2Zlb3hQc1ZuN2ktZkM4R2p1VVBzYUhfb3p6SW0yMDlSMFFtMTM5SnhOU0FOc0hzRjM4aDZkcDVpa1N3a2Zob1RwZVZ4X19DaDdsbS1jSk8xU0MzeWo4dWw4eGJsS1FFNjJHZ0xnZ3ppUUxhaGxsQzE4cC1UenpMd3VPU2QydVNZVlpMaTlSN3NPaFdGcWw3a01zdzl4U2Y3TnFGMmplRHfSAcsBQVVfeXFMUGFvcUlUbll0YXpad2ktNlhPZ1RFb0dxTUtUdllBSC1DbjUyY3J1NVc3RXhza0hVMDU0WmFJOWNNUG5mQy1PRGpVNkhGYmIyeUVyM01ESFRDd29LNmxVRXdLSGs5ZWUxbDZQLW5kNWhQZDdoazVuSlVzb0lPQ01lMXV0V0lnalFiQ3Q3OE9fQTJ2RnFySzNob29wdGFPWVNOS0JldGd1eUVmOGJjTFViUk5Xa3RpSFVQOGNiZkdtc1NMUDdKZGRPZ3lHblE?oc=5
2026-03-15	Google	0.0	Tesla, Inc. $TSLA Shares Acquired by Ausdal Financial Partners Inc. - MarketBeat		https://news.google.com/rss/articles/CBMiwgFBVV95cUxOaVNDX2hsWGdnNURJMmhNRkZnMGhwYVNJUnpPQXFkNjlHUkdiRmV3TTVyV0xIbW9Gc1VYRmctTWFfczdBUFhkVGwwcWY0TU9JRnZpM0pZdUEwdG53RFlZM043M21QMVdOcS1XWFRGRlpReDdkbHhMOXlTTDJua1VtMmx4SzhGWE55amIzOVNtdEptOFdIbzk0VmFXem5NMWZJSUN5NHEtV25udkhqZ3VMUGU1TzVXZGtnZzBZRXRNUFZOZw?oc=5
2026-03-15	Google	0.0	Tesla, Inc. $TSLA Shares Sold by American Trust Investment Advisors LLC - MarketBeat		https://news.google.com/rss/articles/CBMiyAFBVV95cUxNbFM0UkFGTERMUHJ1TFRJX20xd3lmYmtnaFBYZmlhWFNXSkNoMnp2NmU4SUdSYm9ONkhraFJ6U3YzQXYySEVhbk1OVnlMZWc5dlRTREdIZzkzU01XTVFSVTZyZGJwNC05UEdJMXdyeWdDSFNaOWhHRkFOLW50S0ZiQ1R5UWpJN1huTGNtNVFyeXRYVDcwLWhJODY5NmpKTzVSRE44SHRoeTZxRjZIQ0pUdWFVdHdOMVRuZXBtOURoVm0xc2dRMDZuaw?oc=5
2026-03-14	Google	0.5	OWL, HIMS, TSLA And More: 5 Stocks Investors Couldn't Stop Buzzing About This Week - Oracle (NYSE:ORCL) - Benzinga		https://news.google.com/rss/articles/CBMi0AFBVV95cUxOZVBsOWlKb00ybGRpb2dySXdMU0FxcEZNZWh2anAxUnc4SGVnZ3VCWU02TEhGZDVqTm82RDVVRXpjVWI0YS10RFlrVFdLLU5sRHRZTWVIdG1EMW1raE44ZmxBQWJJOGNqUFN4dFhHbTJZQzUySVZRQV9WR09CQ3o5YnVUY3hTT0hJcHgwdXVmd0JWTlRuQmVwX2hUUTNhR3FvSmN2bnRQTDJYT05TTWxaS3RhRTVEM2h0VE9hR1dxX0RzdW1nNVRCQVNNbFFOZkk3?oc=5
2026-03-14	Google	0.136	Plum Street Advisors LLC Makes New $741,000 Investment in Tesla, Inc. $TSLA - MarketBeat		https://news.google.com/rss/articles/CBMiywFBVV95cUxNX2xqT3lBNllaSTlVelR4MF82Z3NqTldOcGNVVVZ2TVZtWXNMU2JEZUxjaXQ3WFdza1RCdk1IRmRyLXZKblI2emNrWFNVaFBtRGNGQTdYTXMxVTkwWDRWVnBUNFVQMGlWMUV2aVZJMUtYdlRuR0xUUG96WFJUYlQ3YXdhdkFSak83N0RTbDN2d0FNdmhlTkFzXy1xazFCaHBlTzEyY0lmdEhIS3VqYVV6cHp4dldFb2dPUzRWRG9GQ2tYOGlaSWRTVHVadw?oc=5
2026-03-14	Google	0.0	719,861 Shares in Tesla, Inc. $TSLA Acquired by Prime Capital Management Co Ltd - MarketBeat		https://news.google.com/rss/articles/CBMi0gFBVV95cUxPUV8xQmRiME9LVDROQXNmVXpxdWd3eE1VTjQwN3F1NHNvMzJXTUNONVBwR2dDV1FnRWtTdE11WDRCOE9EMFhtRlBIQ3I4WTdaQURGVWRfdkVZYXNoRHNaMlFDS21qM1lSRl9WZUdwcjE2dW45UTZEWmduLVdBNVRIYWNnQzl3UGg4eUZ5TkhyMGFMdFBpUVdwVWVTU1pkajBMUTBzWDJZYVZLTF9FeFZtUWNUZ2MwczNGc1Nwa1U3X1djSjk5MXhPUzlfdENhY0lkUEE?oc=5
2026-03-14	Google	0.0	Broadleaf Partners LLC Boosts Stake in Tesla, Inc. $TSLA - MarketBeat		https://news.google.com/rss/articles/CBMitAFBVV95cUxPbV9ld2MtUWM5bFZtVkdkeHhzbUFhVjY5c1VPNVh1YmVkV3NmZ3NKU3ZZOVdiWjlKVDVuMUhOOVk3WVZLS2VOZXpWcG0xRkdPemN2NUdDeHZJRzNtdmh5X19scG9oSDBxNmljbm5zbXE2QmhqZl9LelJhaUNJNXRfUXExS2pMMmVYLWIzWi1hSHE0aVdBdHhfS2prZjVJX2NSRHllQkdGamZLcGU3bm80RlFiTms?oc=5
2026-03-14	Google	0.0	Capital Wealth Planning LLC Has $14.14 Million Holdings in Tesla, Inc. $TSLA - MarketBeat		https://news.google.com/rss/articles/CBMizAFBVV95cUxON2MzM05RTHlhTmVwblZadlh0ODA1ZFNMMWNaM1JycU1aV0dqSU1wOGJ1LWpzZDFVWkVFdllUVEdFOHhxWm83QnFTUURpT1dFYlktZnQ5eVQyaHJzYlZzejRndy1ZOGVXdGxtVHRvX3NKbEE2QTJNcWhXLU96OFZVMm1xUmtYbGZtV0p2QkhmaHVlUE90S3ZocVJDZU5aSVQwVHZaLU8zdjRsQTYyWlh1VFV5SjVieVE1OVVQbFVjcjkzNTZSNkYxX25jaS0?oc=5
2026-03-14	Google	0.0	Comerica Bank Sells 9,173 Shares of Tesla, Inc. $TSLA - MarketBeat		https://news.google.com/rss/articles/CBMirwFBVV95cUxOdVRmQXhRTHAwNXdScnBFb2xrZ2Fra3dJdmstMVNqNF9ZZkNoLVdzQmdqZ0RZaGhPTnZGWnExR3dadjZ2NlR2OVhwaVpiQlJSWlBGSDVNYURpbHNtTGY0QTJXOXpSRmFPR3Q2aTNtdUJkSGxFdU5wTm5TS1BMWk5yXzlVLXU4OWwxMFpiMmNGdGszamhoNnUtek8xd0pRSzhhYk9IcFZneUw2dk40OWtR?oc=5
2026-03-14	Google	0.0	Elon Musk says Tesla Terafab will start in days (TSLA:NASDAQ) - Seeking Alpha		https://news.google.com/rss/articles/CBMiigFBVV95cUxQcDlOZklJSTN3N2NPT1VyNnlGbHhyUFdpZlhCUVo1MmdSWUlBbWEtOGNud2hSTksyVFRjTS1RaXN1LWZfSHZlZHI4V3ZnU3Z6OG9FWXhqNmN3eEJqUzR5TDBDRS1hb3RxelpxOEFMMVY5Uk9zYW8wckx5SExveS1aMnBtVUQtdndzZ2c?oc=5
2026-03-14	Google	0.0	Musk says Tesla's mega AI chip fab project to launch in seven days - Reuters		https://news.google.com/rss/articles/CBMixAFBVV95cUxQWmZUUnlSRDB5R0JPS0EyNUdWWkF3SDRPV3d2SnNnSlVQVXRhMFI5T2JnVUNFeE5nZW1vZW83THNmanBPbmFFbU45dTVHSDEtQnNIZVdSZFVBdnl1RTE1b0pvR3N5d3ZLOHZiOEdQR3JfMjIzSG5KWFRma1NFbnAtWjVSOEdGbHV3Sk1xQWl6N2JPdFE1cTRNR3UycXQwMmoxbEhRcWUtRHNla3UzWkg0SlhoU0VGYWhld1Z2M3VlRFp5RW1q?oc=5
2026-03-14	Google	0.0	Perbak Capital Partners LLP Invests $1.40 Million in Tesla, Inc. $TSLA - MarketBeat		https://news.google.com/rss/articles/CBMixAFBVV95cUxPcGJtVThfd2tuaXFOVWdLLVVZQnNXZHY2Z2FwckZrNnV3emp3bk13UjNCYzRlX0s2c2xNa0FibnpXNVd6THF2UEROZXlfMUIzRU9ic2JlSE1hR2tiZzMweEwza05RVEdRaERFdDFYa3NxMFpCcTZ3cnM3WjJaeVN0Nm5jWFJGUEJsc1VFM2tvOVE3RWVENFFmanFPN1NIOERGQnhKV2Q2VHoxVFZTV2R4WnY0UDZlSWFuX1pMZnN3alhGdHNi?oc=5
2026-03-14	Google	0.0	Prudential PLC Has $131.11 Million Stock Position in Tesla, Inc. $TSLA - MarketBeat		https://news.google.com/rss/articles/CBMixAFBVV95cUxOSmZkMHc4UU1QT2QxYWd0UDBuV1FvMDhOTU9pMFl4bmlYNzd1Z3kxaE45ZWlVS1hoRkhmT2dFWkY4SkZtNm05SThJY2hQRzI3Qk1jekwwUWhkTnFXTHJZSzV4UmZXdGVUYnpHdFY0cTZMYkFmSWRrOGw3aFpyOXRqOXV1clByXzJyd005XzFmdDJqbEZma0ZXRExxb0tPeE1ZUm1EQloycWZRQ2IwajY5RG1xSWU1T21RWHRUTWt1MS1TNlBG?oc=5
2026-03-14	Google	0.0	Tesla Has Just Shared Game-Changing News (Rating Upgrade) (NASDAQ:TSLA) - Seeking Alpha		https://news.google.com/rss/articles/CBMinAFBVV95cUxPTmRRYnd0WlhSWlRIT3h2ak02ejg2dF9WdE1pcFFfU1g0LV80dF9MbGhDTkFCZW82cDZkSkRZU21fa1pYMkJZRnotc01jTGFoX1c1MGZ6bFhoV1AyRVh2S1dZd0twUDVSbFg2Vzh4LUpkblR0WGdseFdib0MtMW1xN1d0NU5FSllaZTdwV3lLWjZPTnJVdGpjUjU0UlQ?oc=5
2026-03-14	Google	0.0	Tesla, Inc. $TSLA Shares Bought by Maia Wealth LLC - MarketBeat		https://news.google.com/rss/articles/CBMirAFBVV95cUxOcGpXMXoxTDN0RmJ3eTBpMVEtb2FQVjFvdkJkVGZsRzRsZXJDakNJclkxdi1tMEJwc1M2SEF4OEFtTFdIeWpOTTByenRBRVJCNk43UWZjWUpVbjJpVy1DR0RaaEp3YjNSUVlTbjFxckdJVFdmbnBGOThraElMZTFIa2VyVnVlTllJdHlZclJjTllMODYxLVdvTVJzVm94NktlcDRTOGpGaDRIU3c3?oc=5
2026-03-14	Google	0.0	Tesla, Inc. $TSLA Shares Purchased by Harvest Fund Management Co. Ltd - MarketBeat		https://news.google.com/rss/articles/CBMixAFBVV95cUxNcTg0M05FV01MRUk2OEcyRlVGREpiX1BLR0loMElGV21LYzdDcnJGTFBTNFI0Uk1xUzNvbGlBa0cwbXF6cDgwd0RGN3VYYVozWEloOW9VQkUxaGFoeE05bHNURFRMVnZiMkpPWlk2alJHUW1KdlBjWW9TbDBDQ2xNYXVmNmZMbklWODV5czkxZE5LWnlfYlB3TXJHZlc2UTBXaW1EWHNPOXJSSy1mVDlVejJ4NnRhQThmSlRSUFAtU1hJTWdf?oc=5
2026-03-14	Google	0.0	Tesla, Inc. $TSLA Shares Sold by Newbridge Financial Services Group Inc. - MarketBeat		https://news.google.com/rss/articles/CBMiyAFBVV95cUxPT05zVHV5bUYycW42M2M0X21iT1NmbWJ1akRGQkNIMlI5ZkdMbzAwX09OSWV2ckYtUjBZMnR4Rnh5eGJOajRjNExQdWZ3SGl0alZaOG1PYzVORzRKeDhSS2x3dHdQblJ5Vi1VbzBiSHBtdVdoMWlGUDNDejRoMGxRbkJXaDkzck80dTN1MzNLaUh6eUgwWGJrck81OTlsMnZlMmlGZE1VYXdFcTN5VWtXY0RzX2dWRGdLeGUyWkJ5V2l0LXgwdGQ0Rg?oc=5
2026-03-14	Google	0.0	Tesla, Inc. $TSLA is Goldstream Capital Management Ltd's 6th Largest Position - MarketBeat		https://news.google.com/rss/articles/CBMizwFBVV95cUxNb1NJak16dUIxczB4eGtHZGFVWXotcHpEZGpVandfRGlMdUpPRGVMOURNOXVwSUV4Ym5DWm40OU1ENVVxR2k4cEZjVjRvZ01ZUTE1XzJwSVh3QjN0aDN1Zlo4cmlvQmFjY1hZMGg0bU5HNTFrR1YxdGU0OW5SQ1gwOVRDVmtNUTUzNmdRU3RQRzlScWxTU0lfWWE4V281OWJSQktvSzBWUXVuN1gzR2t6Y0VNbkY1eUZrOUxYMWxua2Rvcnc4WDJrakJhVUhLMEE?oc=5
2026-03-14	Google	0.0	"Tesla, Inc. (NASDAQ:TSLA) Receives Consensus Rating of ""Hold"" from Analysts - MarketBeat"		https://news.google.com/rss/articles/CBMivwFBVV95cUxQZ0VHSWFXcngtdkItT09UT01DUmVUY0YyU3BLc2tJcGRHcERjOVp6MVFUSlQ1TF8ycEFmZjBXczlOV1R1TDVZVmVPNjhsa3NTdkl2VDg2MlM1bFdLanBrSkdnMXNoR2VZZ1R0aWFDanVZeWlTQ3F5dVZoT2h3ay1ZeHdVejZBLXk3QnRGdzJ2WjFTUjJ0OGp2b0xjcENLUEJuV3FsVnl4VUQzSUZEVmRqRXZ3MmtpYVlnYW1hdld1cw?oc=5
2026-03-14	Google	0.0	Vista Cima Wealth Management LLC Has $373,000 Stake in Tesla, Inc. $TSLA - MarketBeat		https://news.google.com/rss/articles/CBMixwFBVV95cUxPYzlEb2g4dFVHVGNQc1dXXzh5N1lMN0swS1lpRUItM2N3Q3ZrSUp2UV9CNjBTSEN1TVhTZDlyaXd1QXpRQS1tUzQxZXZ4SFhZYkJ0aUJFQ2FHclVUOVpyOXRPY3U4N3RtOHRfR1JYTXBGYk9RVDlwakplWElSVlZadEJESmE5WEsyb2xGbVNvZ3lreEc4bHc5SzE0a09jREo2RlYxcFFoLVl4dlRzRWpNMlN3VkJYYXlsdTJJYl9OQkFnY3k3bm5F?oc=5
2026-03-14	Google	0.0	WCG Wealth Advisors LLC Boosts Holdings in Tesla, Inc. $TSLA - MarketBeat		https://news.google.com/rss/articles/CBMiugFBVV95cUxORFM5VTlHazJXSXRIaFZvZFlSQnllajRoM0pvVkNrVG11aDRTUTA5WkVvdVVVQXdERWVJUEc2UnFYZHVWTG5jeS16SExJa0RqVzA3dmZEZm1mSURCWjI5VkhqUUlJLUowdm92VzFvVHNQMUFxOUNZRUpidVRIMG5PdlVuZlFGOUcwTHl3M2Y2QmptcjlzVENRTWNwWG16MFkwc2pNdVBYN0lyMktpM1NwbEpLRTFvUGhBUHc?oc=5
2026-03-14	Google	0.0	Zuckerman Investment Group LLC Has $1.89 Million Position in Tesla, Inc. $TSLA - MarketBeat		https://news.google.com/rss/articles/CBMizwFBVV95cUxQOHBBNjlRb3RRNHYtTEtTN2hiTG55cExiaG5QNVJXSFBQVVVsV3l1Yk9heEViYlVHX2FvWXhYQmxXWHJFTnhIbm5UUTEwMEM1T1ByX3FvRUJzUkE2WG10TEdKVk5nZXNPNjBLVDM1TUJseVE1TVRpY3dtcE1ZRUFFSlNCYnhROFlfT213TXFzemV6QjI4WXc3Z1FiVU9iRTV4WC16cl9NRzE0eWtXN05LbTJMYml2a0VHLVFQQk8tV3hHR0dwdFJfODZXUHlUY0E?oc=5
2026-03-14	Google	0.0	von Borstel & Associates Inc. Increases Stock Holdings in Tesla, Inc. $TSLA - MarketBeat		https://news.google.com/rss/articles/CBMiygFBVV95cUxNOE9WTmpzUGZwcGlLNEtjMDZNMm9tNHBzbUlObHVwTnhpUTFERDRSS1BOVmdmQjVFTndIdjAzQUtPMXVfMmo2RXlGQnlEVjJ2dDdjd0dCZW1ENHN1ejdFNklDajBFYnREZTdzS0RNc0xMLVNZcGYyTVgyaGhuSVVnNEs3VFlrNVBzazFrZUxaMDFycEF0V0k0VHVfdjlRdTFTZEx0dHFnS1ZXNERTdEVyeS13djV5WWNRUlRnY0NUYnA0QW5zLU1FTkpB?oc=5
2026-03-13	Yahoo	0.775	Dara Khosrowshahi Just Gave Uber Investors Great News	The successful CEO is addressing the mobility company's biggest risk factor.	https://www.fool.com/investing/2026/03/13/dara-khosrowshahi-uber-investors-great-news/?.tsrc=rss
2026-03-13	Google	0.367	TSLA Stock Today: March 13 California Lawsuit Targets Clean Car Rules - Meyka		https://news.google.com/rss/articles/CBMingFBVV95cUxNQ1AzTG1sVWhtWmtsQVlzRC0wcnM1cGh4SDdWMTI1M0dkeXZ1MFRXVTlLajAzLWtKd3NoN1FSR2pnbE1qUV9pRmc2eW5mRkFKeHMtb2Vrd1NpbTFZTm5Ib1diendVbThGQzdSdWpWc0pjRWk3eDM4M3B3QTFsNHFEdGlyUG5vTFl0NjJrbEQzeVRZSVBzZkx6dmZlU0hNdw?oc=5
2026-03-13	Yahoo	0.316	Finally, a Little Good News for Tesla Investors	It might feel strange to celebrate a 24% drop in Model Y registrations -- but here's why it's great news.	https://www.fool.com/investing/2026/03/13/finally-a-little-good-news-for-tesla-investors/?.tsrc=rss
2026-03-13	Google	0.3	1 Cash-Producing Stock Worth Your Attention and 2 We Question - The Globe and Mail		https://news.google.com/rss/articles/CBMi3gFBVV95cUxNWVQzZ3VKanRGdkFHbjlkdmlkTUxmV0ZRU2dSY2tXT0hrdUoxTG5kNVI1X1E4Z1QyakFzZnpMQ1Z6RlBBa0hpLUV3ODNaMkZIbWttWlZCVjlzcEdHVVh4LVZHMkZ5YW9GdTdubWNBNTcycW1JYkhERnAwRHc3cEhPV2N0RFpqLUo5RjNCOHhGUm5xM290ZU1yWlVQX3VTTGJLSXBrN0ZVYXUyU3lHVkdPcjEzSW5VSTd6M0tNWTFGR1ZPY1BaeDVPdS1KR1dDY1Qtb3g1ZTNPYmZuM1llaHc?oc=5
2026-03-13	Google	0.286	Reddit Has Turned Bearish on Tesla and the Crowd Might Actually Be Right This Time - 24/7 Wall St.		https://news.google.com/rss/articles/CBMixAFBVV95cUxPRXFmYUZLczYtQks2eklZRlNwSGhnUUpjaFcxUENiaExOY1lkVFlScC1YTU1fU0ItWDd3WVZ1RE1ycnZwelQ4dU16WklCRUxWdnN3VzY5c3hRZm1nYlNLN3oxS0lsdDJjcmlkRnR4eUJkLUVZbTVQMHRrM2oyUVlmMDJWdXZ6X3J4bjMxS0gxTXNkcW0zT1MwWndtU3NzSGZlc0JzelBmSFRxV2tlWnZma0QyTFJ1MVloNzVVRUdsVGt2VDUt?oc=5
2026-03-13	Google	0.25	Simmons and TSLA turn better sleep into a Hallmark-worthy moment this World Sleep Day - Campaign Brief Asia		https://news.google.com/rss/articles/CBMixgFBVV95cUxPd1FiTklJSE9GQjdSSm1udlpOTXhFZTBLYzBtVGIzV3NKZXVUbEljbTZaVWZ3aUF5SV9oN0NBbi1kaUZ6cHR1YWZ6XzNqY01RY3pqQVM1R0hYaW9QT1FOY3hDcWxvQnhjZVJ5Nk8ycUM3a0NadGYxMC1DSlNVLXBMUzRwd0hQQ1AzOEJQNUxIandGajRQRWItLVBXRVc0d1hoTFFnQ2dURzcyX19WOHg2OW11ZjU3Wk9XQS04Yl95MVAxQU1MTkE?oc=5
2026-03-13	Yahoo	0.212	1 Cash-Producing Stock Worth Your Attention and 2 We Question	While strong cash flow is a key indicator of stability, it doesn’t always translate to superior returns. Some cash-heavy businesses struggle with inefficient spending, slowing demand, or weak competitive positioning.	https://finance.yahoo.com/news/1-cash-producing-stock-worth-155639841.html?.tsrc=rss
2026-03-13	Yahoo	0.172	EV Investors Hoping for a Rebound Could Be Left Waiting	Some investors were anxiously waiting for a signal that EV stocks could quickly rebound higher, but it would be wise to look at the bigger picture.	https://www.fool.com/investing/2026/03/13/ev-investors-hoping-for-a-rebound-could-be-left-wa/?.tsrc=rss
2026-03-13	Google	0.143	Musk apologies for not building xAI 'right' initially, says it's being rebuilt (TSLA:NASDAQ) - Seeking Alpha		https://news.google.com/rss/articles/CBMisgFBVV95cUxOcm5LOHJXTUhxNW5TbkJzTHdMWVl2emh0MkMyYlJTYUtXZkphR3ctbmdDMmdwTGthTmhTdGRja0VuWHh2N2xMeFhZdFFjYVZGWjFDdThMcTBXR3hJVndBcmZtd2NmWjhPcDhxNld4d2ZVeVdGNjhZRHBwTWxieTBBXzdSOXd1RE9Lek84T2VzZWd3Ymh0LU95ZWpfcG1hTmJfWjdsMWtvSnpIXzlyRnpaMXNB?oc=5
2026-03-13	Yahoo	0.136	EU new car registrations dip in January despite EV growth	Fiat spurred Stellantis performance while new brands based in China drove BEV sales growth.	https://www.wardsauto.com/news/eu-january-2026-registrations-down-bev-growth/814147/?.tsrc=rss
2026-03-13	Yahoo	0.136	Lucid Shares Rise After Revealing $50,000 EVs to Rival Tesla Models	Lucid Stock Gains After New EV Plans. Can It Crack the Mass Market?	https://finance.yahoo.com/news/lucid-shares-rise-revealing-50-172132005.html?.tsrc=rss
2026-03-13	Google	0.136	Quantitative Investment Management LLC Buys New Stake in Tesla, Inc. $TSLA - MarketBeat		https://news.google.com/rss/articles/CBMizAFBVV95cUxOMk1OMmVwVWxab0pGX3haVkQ2NHRHek1ESWswZ0FRVlFkSUlmWDd5X05jUk1ESVctRlI4STAtbllfWUNvbjNUcjJXblIwUEx2QTFnQ2xRcjdxc25uekFCem8wWFlJU0dDM05Ja0g4TnFfT1ZMUHVpMXpRWldidnVBUlVXeVMybnY0RGZ4Nm80OWlaanRqM1poSmFRTjZMd2hQRFdlUmFrOElxSnB0dGtYVjlOSjFYTk4yYU5Ma3llSGxXdDRoY01MdUpnOW0?oc=5
2026-03-13	Google	0.136	Tesla (TSLA) Valuation Check As UK Ofgem Approval Opens New Energy Market Opportunity - simplywall.st		https://news.google.com/rss/articles/CBMixgFBVV95cUxOSVdFdk41ZDlWY2VQZmpBempSRFZsYzRZb0lXUGRqazlucFkyUl80ejVnVEtkUFc3Rzg3QV9OQ1liTEZBeXlSSmVGT3JlUWRFZEJhYnQ5UUJySzF0aW9RdjQ1b3NNdHpWd2YtQjZ2a0ZLUDdkNlRFbWRyTGUyVEZsQ3N6eVBRQXVKb252V01NbDRTZlRuODVER0pTN2NRa2diUkM5cTJGbUNpeVNqUXZTeTNQZDJYWjUzVm93T3VNS2tTTnREUkHSAcsBQVVfeXFMTlhxbDdZOUNKdHZVWW4zcE9UQk1jdGgtNEx6amhESVFLYUZOenA0RHpjUExGTWNHUkpfRFJ2d3dTckJ3ZHZQMElZLWZfRnFhR0ZjdUIxZGJNUHBJRHBpSFRDbXdrQ3Nzcy1fTW5IYl9sT0p2TW5ETW9MbWJWNHhHYTVLU1BqRGtWNVNwck54dDRrWTVMUl9DWEJNdmUyblpGN2pIVDc0dUFpaHdFVDBXdUdIdTBHSElHdEhzQ3ZpVzF6VHBEMDRmUlZYZ2M?oc=5
2026-03-13	Yahoo	0.136	Tesla Rivals Launch Model Y Competitors. Their Stocks Dropped.	On Thursday, Rivian and Lucid announced plans for new midsize SUV models. Their shares dropped, as did Tesla's.	https://finance.yahoo.com/m/0a44e78a-273d-3859-a24c-a11203b88f21/tesla-rivals-launch-model-y.html?.tsrc=rss
2026-03-13	Yahoo	0.107	Jim Cramer Weighs in on Meta Potentially Following the Block Inc Model to Maximize Shareholder Value	Meta Platforms, Inc. (NASDAQ:META) is one of the stocks Jim Cramer answered questions about. A caller inquired about the stock, and here’s what Cramer had to say in response: Okay, I think Meta could ultimately embrace a limited style Block, that’s Square, that’s a Dorsey situation where he says, you know what, we’re going to […]	https://finance.yahoo.com/news/jim-cramer-weighs-meta-potentially-151556155.html?.tsrc=rss
2026-03-13	Google	0.1	TSLA Stock Today: March 13 - 'Epic Fury' Keeps Gas Prices Elevated - Meyka		https://news.google.com/rss/articles/CBMilAFBVV95cUxORllmUHVhd0xBNUhZalhHNjgyYWFFUkZFOWFvZFBPczlSQTBNOHNXWmwyWlRVa0pyenc4VHdraXVCVFJZSk1FYjJ1NTUwTkZuXzBqQUo4ODNlVDZVTkRuZ0d0T0lmVnJhempZTHlaUzBhcXpSZmVnWXVhWndkMHNKUkt0Q3NHNElKYnB2Ui11UjZ0NDQ4?oc=5
2026-03-13	Yahoo	0.1	Tesla China Sales Rise as BYD Deliveries Decline	Tesla's China EV demand rises in early 2026.	https://finance.yahoo.com/news/tesla-china-sales-rise-byd-132105814.html?.tsrc=rss
2026-03-13	Google	0.1	Tesla’s China-Made EV Sales Just Nearly Doubled. Should You Buy TSLA Stock Now in Hopes of an Auto Business Rebound? - Barchart.com		https://news.google.com/rss/articles/CBMi7AFBVV95cUxON0JmeU1POS16MFhKR0ZkdW1UUkk0QU1lZV9oVW9CX1ZzeDVPdEJBMzZZeDBlcFdyUnIwbnhOUC0xUmNmVlVhbktpdEhxak82V3B2M0M4d21QZ3N4akZJRG1NQnFTME1TVjJtRDdnakFtd0ZiMjBaTERNWEt3cUNrbFJVSXozYlhlWE5HMGppTGczaUdXY2RwQnNXQlFvbFU5alU5QXN5cTh0ejJnb0xvQjhFY0J3TkF2QTdoMG5DVW9NWGltVWNnSEkwM1NZeXhUdk1CSDk1ZmFLYTV3M3drWFgzNEphZ1FoLVZucg?oc=5
2026-03-13	Yahoo	0.087	Elon Musk Is Betting Tesla's Future On A Car You Can't Drive Drive: What Do Prediction Markets Say?	The first Cybercab, without a steering wheel, pedals or side mirrors, rolled off the Austin production line last month. Tesla plans to begin mass production in April. A Car That Can’t Be Driven By Humans The Cybercab is designed to operate exclusively on Tesla’s Full Self-Driving software, with plans to deploy it through a driverless ride-hailing service. Musk has said the vehicle could cost less than $30,000. The ride-hailing ambitions go beyond the Cybercab itself. Tesla reportedly plans to ev	https://finance.yahoo.com/news/elon-musk-betting-teslas-future-133110784.html?.tsrc=rss
2026-03-13	Yahoo	0.085	Tesla Stock Is on Track to Avoid a 4-Week Losing Streak. China Sales Data Are Helping.	Tesla  stock rose early Friday, with a little assist from Chinese sales data.  The move came after Chinese automotive information providers released some sales data.  It’s a big jump, but February 2025 sales data were impacted by plant downtime to upgrade equipment for an updated Model Y.	https://finance.yahoo.com/m/adc4919e-7d79-3a01-acab-b267f44e76e7/tesla-stock-is-on-track-to.html?.tsrc=rss
2026-03-13	Google	0.079	TSLA Stock Loses Steam: Elon Musk Admits Tesla ‘Was Not Built Right First Time’ Amid Deepening SpaceX-xAI Ties - Stocktwits		https://news.google.com/rss/articles/CBMi1AFBVV95cUxNUWZxWkVVbk0yWm1GT2ZxbTR0R2tFWDVmUGhWVG1LMlBNcVpFZW1waERXdVgzclFPMHlvbWZWMDNyZWNqTF9UNnNrUmJ2UGJwZ0VXSW5YbzlBbGVPMXh4aklrcUZXeUVaeGVLX2lQczZETE1OaXUzQjRRamZ3Vk4tZjdZa2ZQOG04aThyLXlFcDhmeWJ1RHBwNEh4SF9ER253dWxROXAxenJORHhKLWZxaE1senk3dm1jZTlGMlVXdVBlbUN2bWxUWlMzWkFzb1FqNkxpUw?oc=5
2026-03-13	Google	0.068	ARP Global Capital Ltd Makes New Investment in Tesla, Inc. $TSLA - MarketBeat		https://news.google.com/rss/articles/CBMivwFBVV95cUxOVzNUSE9uTDVUNnpvVXBlZ1FOVFBDMnkzRjZkZkpkRUs4SUxfTEdkZWdkUC1KZmFXVWtlUWdpNVE5WEFkblBfS0dGbVNFY3JhaGlGZC1tcy04MTBoRlNQcVJIX0dTa3I4dThJY3R0SVBXUHpLWHBzOHJxdVI2VEhSQlE0bzZocmdlaEVBY24tc0R5amF2YW13Z3dOVUJ0M2o0WE5MT3dIa2o2ZDduTXRES2hBSHB0UjlWVGdHUFJDNA?oc=5
2026-03-13	Yahoo	0.043	Elon Musk Talks About What His Trillion Dollar Net Worth Will Look Like: 'It's Not Like It's Sitting In...'	"Tesla Inc. and SpaceX CEO Elon Musk has given an insight into what his proposed trillion-dollar fortune could look like as the commercial space flight giant gears itself up for an IPO this year. It's Not Like It's Sitting In A Bank In an interview with entrepreneur Peter Diamandis, Musk shared what a trillion-dollar fortune would mean. ""It really just represents percentage ownership in companies that I built,"" Musk said. He added that net worths are more complex than just money in the bank. ""It'"	https://finance.yahoo.com/news/elon-musk-talks-trillion-dollar-150111702.html?.tsrc=rss
2026-03-13	Yahoo	0.011	Musk ousts more xAI founders as AI coding effort falters, FT reports	"Elon Musk has triggered a fresh wave of job cuts at his AI firm xAI, with more co-founders pushed out ‌amid his dissatisfaction with the underperformance of the startup's coding division, the ‌Financial Times reported on Friday.  Musk last month overhauled the management of xAI, ahead of a planned ​initial public offering that could rank among the largest ever, after merging the company with his rocket firm SpaceX.  He bought in ""fixers"" from SpaceX and Tesla to audit xAI, who let go of several "	https://finance.yahoo.com/news/musk-ousts-more-xai-founders-162559829.html?.tsrc=rss
2026-03-13	Yahoo	0.002	Tesla receives FTC clearance to convert investment in xAI into SpaceX stake	Filings with the U.S. Federal Trade Commission list Tesla (TSLA) as the acquirer of a stake in SpaceX from Elon Musk, who is CEO of both companies and the documents, dated March 11, also show Musk selling holdings to investors including Valor Equity Partners and DFJ Growth. The Tesla filings are related to its previously announced $2B investment in xAI, which is being rolled over into SpaceX after the recent merger of the AI firm with the space-launch company, people familiar with the matter tol	https://finance.yahoo.com/news/tesla-receives-ftc-clearance-convert-180030048.html?.tsrc=rss
2026-03-13	Google	0.0	Acorns Advisers LLC Acquires 2,030 Shares of Tesla, Inc. $TSLA - MarketBeat		https://news.google.com/rss/articles/CBMiuwFBVV95cUxPWGNDRk53bzlVOFJkVUxjX21JX01OZ0N3TFdIUjFCcUhMRUFoV2VCTndwOS1JQXVuNkpKU2xmcDNORTN2NHV5OGw1VC14eDBRRTEyanRWX3VBdEVOSE5wUHg4YlFaajJRaldUeW85eUQybUd6RkZkQjN1Ql9HMFU0X190MzF3Y0NUMmRGUXNYdklWWkpQLWNSYmVFZ0FDZW9PbGFQM09IQnZVekQ4eG5BeHpYM0ltUmNTSFBr?oc=5
2026-03-13	Google	0.0	Bristol John W & Co. Inc. NY Sells 5,612 Shares of Tesla, Inc. $TSLA - MarketBeat		https://news.google.com/rss/articles/CBMivgFBVV95cUxPZlZ3REpVTHd5el9ZX3BuTkQ4SXRTb0ptQTZ0ZWtmU1owWVFxcVlBeEdDa1lHUTJXeHE0TFQ0QnhEdHJaRTZrV0tyeU14ckFPcEdzZEhrODhMWnNrT3hzMm5TellDdm5GbU4zcE9tZjVCeWNTZFZ0aUlfVWR3aWJyLVJTUXhkOXo0M3ZSYkxsMFpGY0JDVXBPUnJNNDlBNk92cFB6R1NfZFB5bndWVXhKZHJMakg0aEFCR0FNSlpB?oc=5
2026-03-13	Google	0.0	Certuity LLC Cuts Position in Tesla, Inc. $TSLA - MarketBeat		https://news.google.com/rss/articles/CBMiqAFBVV95cUxPMkVZME9SeGlicWFPWDNiX2NzUGU3RFFzdTZMSVJjM1gyRXFnNGZIS3lBUndJb1hSbUM4NFNJZ2pJVVhxZTlQVFEwWnRiN0Zqc0F2T0JXNDVNMjFlQUVvcmg0RzhhOTUwdUExejlSZnQ4cVpWNFNOTVZOZm5BWjIySkl6ZG1mdkJLaGpmZ3V6dE9uWjVMcW4tb3hFYWtwb3RjNE9feUxoMVQ?oc=5
2026-03-13	Google	0.0	Employees Retirement System of Texas Sells 3,600 Shares of Tesla, Inc. $TSLA - MarketBeat		https://news.google.com/rss/articles/CBMizgFBVV95cUxNb0ZUOEdYSXJMZnVHdWN0X29WSmQ0MjJGY2ktc01WMnExNEhRWll2V0RxQ0NDNXlia19wcHNmeHlzMGZTR1JHZ0hlb2QwRDFicnQtRDdmNW1pcEpTU2J4Mlc1QU5pQXdYY2VrTDhUVTRCYVM0dmc0bjFaQ0tiSjNFM0xjcXc4SXpkSWlCUmYtUDdDdFB3ZS01SVJmYkJmbG5lbFNrUEloZkNLaWRhaWZvMkRJOFJHUlJiSzA1ZmFiYnpQaW5mZ0NKckNhLUFRdw?oc=5
2026-03-13	Google	0.0	Invesco Ltd. Decreases Stock Position in Tesla, Inc. $TSLA - MarketBeat		https://news.google.com/rss/articles/CBMitgFBVV95cUxOVGNpa0FaWXZUeDQ4T0hxeG9XOVE1Y0xWbUpmb3lEel9VN2pibC1SazAtQm1nUm9YWDhVLTVKaG84M0R4WmZpM19SZVluM3NoT1F5cDdubDBpRDhxN3RNLVdfTDlwaUMxTDlDdHNrZzBwQXJIcG5UOHFnYzR4aW9OTFdMZUM5bGJVMUpyOV93YmNkUTBObWp5dTEyd2NxX0FjT2xyYjhBc2hkWElQNVQ3TmFJWWNMdw?oc=5
2026-03-13	Google	0.0	Menora Mivtachim Holdings LTD. Has $382.81 Million Stake in Tesla, Inc. $TSLA - MarketBeat		https://news.google.com/rss/articles/CBMizAFBVV95cUxPc19ETTNsOVl3SnBDOHZsREgwWEs5QTJaOGcyRW5hTVlwSGRwX1RVc2tVUnp1Qmh3QXh6bHpSckczcXhDd1pWRmtoT2ZqcFI3VGwtSkplTFhIOXBjRk9BblV4bTR0RVZNMlhVVFpFVXRad0pad1RDTTg0bVF5cGNXVEFnR0hzeU9UMFdmSGg5T0FRaWJmQ3UwN25NNWFwcDBFa1ZDLW1rNEFjSkVnRllaT19hTE42bGpsZ0E0dm5OUnZ1OW01d256djJ4cmU?oc=5
2026-03-13	Google	0.0	Robotaxi Competition Stiffens, Tesla Stock (NASDAQ:TSLA) Notches Up - TipRanks		https://news.google.com/rss/articles/CBMimAFBVV95cUxPYVl2V1lpUFJRTXh1R3JnczRTeVFTNGNHUDNzdTBXcmh0Zy0yVkxvUmtBeHpyQzZ6Z0FDVUZZRTdWQ0JLRG5BMGlzTkg5ZWIwMVh4V0k5UEZSVHo4ZmF3dDBBU1dfbDl3TVBGamZHUDNtTDViUVRTRVJyQkkwYlFzZlVGYjNOZUd4MG1kSG5xOVJCcE5ZWEVGNw?oc=5
2026-03-13	Google	0.0	S&P 500 Rule Change Could Boost Elon Musk-Led SpaceX's Entry Into Index: Report - Tesla (NASDAQ:TSLA) - Benzinga		https://news.google.com/rss/articles/CBMixgFBVV95cUxPZjlrNjNNRW9jYlRMWTRVQ04zTmVyc0VCREFVNUF3OHFBNWpCcEtUMmYyUFE5M1NfdDNwcENxT3dZTDQ0MlVqcXFCaTdSZ2RpMHc3cnFSV2tTNHNPOW9Nck5kWVVqOXVacEFEemlIMlBnYU9yamRFMENmRVRjXzhVeHJrdlB2UFQwc00wWGNoWEFMTV80eE5yQWYxLUIxdzJNS3NzSGhocGdlbXNJVFNZRDFhN082bG5LY0FRNU01SHNvZWdGTHc?oc=5
2026-03-13	Google	0.0	Something Can Still Save Tesla (Rating Downgrade) (NASDAQ:TSLA) - Seeking Alpha		https://news.google.com/rss/articles/CBMikgFBVV95cUxQS05sWEstdF80R09PM2RNX2YtUzllU1VyLUVocm1BUnZtbHBNTTVuLXpYVzRzUWRTYXdCNy1ocUI4VkZFWWVzWDlMZm53UEZJWmxSbFZfMnVZeVBQc3NVeGJxS3lOUWFrdXRpQ3ZnSjEzdXdfUE5SYnNZbEg5a01Ob041QldVenlxb2g1TUtleWdRZw?oc=5
2026-03-13	Google	0.0	TD offers callable contingent notes tied to META/NVDA/TSLA (NYSE: TD) - Stock Titan		https://news.google.com/rss/articles/CBMirgFBVV95cUxPX0t0aVI0dEZLVWxEYzRoakJfYTF5M1VjX1UtVW1oU2NpN0VZdU4yLUlRSzNneVNkSkJKSmNkQ0FaMmEwR0p5dW9HcmdEalY3U0JYZS1CQTZreFliZmVENXFKS3FodGhYNng4OVhpc2JIaDdtQ2FidS04TWc3YmQxeUt0cUo1SlI3U3RvOXM0Z3ZsR0VRbDRGUzE2OWt3cEViYXZKNmg1cWRYZFc0dXc?oc=5
2026-03-13	Google	0.0	TSLA Stock Today, March 13: FTC OKs xAI Swap for SpaceX Equity - Meyka		https://news.google.com/rss/articles/CBMikwFBVV95cUxPUkNtb3JVaG81U0cySGJHd3YzUnE0NDNkM0lMRnAtNlJlLVZaZk9OU0F5Y1FHWnJVYUFTUURkVEpaY2hkcXJWbGlxNktYbUVZSjVaWmpWeFlnR09sckVDeUdoRTFVWkhYMkZvTTdhVnN5eGRwTnVkVk4wNVVsS0ZINm1lZ00yR3RHTW1QNHZYc2ZTdXc?oc=5
2026-03-13	Google	0.0	Tesla (NASDAQ:TSLA) Given Sell Rating at Glj Research - MarketBeat		https://news.google.com/rss/articles/CBMipwFBVV95cUxQU0QydXY0YXozRDNCSEx3XzRpLUFxVUw5TW5vQURwaXZ3Q0xjMlh2ZzgtTWlnZlRPeXIycElZaTl4UldBVGozX3RremotdGo3dE9wVGJCUG5LQUhTaW5DVzU1SmdaUzJsQXJuZDlRQWF5a2JuaC1YcXk1VVNkcWlISHdJOFZ3T3lZMUVBWEV4Z2JWbnNJZnpPZm5OM3VWUkRRbDd6c0pkTQ?oc=5
2026-03-13	Google	0.0	Tesla (TSLA) A Buy As Gas Prices Rise - 24/7 Wall St.		https://news.google.com/rss/articles/CBMihgFBVV95cUxQdjFoNTdvZFRvZFRJblp1RUxZQV9qaHZqa0Rkblc4bk5nSlpRZ0M0MDloUV9JSWFic0ZmUTR2UVpIOUhVZGpTQ05PT3c0bFBWcEF1cVc4OFhXRlRyYWV6UVp2Z3d4a0xCRmVTTTlxVkNJRlRCRGFybkx0TlRtV1B4Y05BRHNYUQ?oc=5
2026-03-13	Google	0.0	Tesla (TSLA) Stock Climbs 35% in China Sales While BYD Stumbles - CoinCentral		https://news.google.com/rss/articles/CBMijgFBVV95cUxPRTMtRndIZzVzZHpQZU9CcGhpRzQ5dEhJT1BPdjAyMlRNbkFDZXhCT0V6T1FCWFRyZ1lKbVZCWWhlMHUtelVnd1BtNWJpVjBFSnZ5ZEMwamEwdmM3NUtQVXB4aS1QaWNOanA4QUVteVNjX05vcmlaX3gwLXZGY1J3anBmVnZpU3BINU5fbGxn?oc=5
2026-03-13	Google	0.0	Tesla (TSLA) Stock Surges with 35% China Sales Growth as BYD Faces Decline - Blockonomi		https://news.google.com/rss/articles/CBMimwFBVV95cUxPWERKYXpVMzluYmwya1N3Ukg4cmZqUE1ndkZFanJYZldxT1ZPVTFNWUh5X1BsQk9xR1hfQVRRQXZidTNxTVhFVW5mbEhjUEtDN0V4WHVfZjNzV2VwUVNFVmI3TXd5X3hQS0tZTTVIOVZfSFhDN3M2VVVKdl9xd1piLVIwdmU0eUdLYm5IQU5ZdmRPWFdidG0yVUNXNA?oc=5
2026-03-13	Google	0.0	Tesla (TSLA) vs. BYD: The EV Rivalry Continues in 2026 - TipRanks		https://news.google.com/rss/articles/CBMihwFBVV95cUxPZUVGZ21lTWhkWDlQd25Ba0Nfc3p5dFZoQUJWNms0V3REemlvTFhMakhMMmpsY0VoTmdZY0lFRWhnMUtPbkJxU1FnTXdWU2RES3RmeUctMEtKUy0yRDAxNVNWQjQ5Sk1TTFdRN0ZiNTk4NTU5S1o2Rm9xRFZkUHN4OWUyUjFWdjA?oc=5
2026-03-13	Google	0.0	Tesla Approved To Convert xAI Stakes Into SpaceX - Benzinga		https://news.google.com/rss/articles/CBMisgFBVV95cUxQLWp1VnBLNGJNUUxEN2pmMVFEeEpTVDZBYVcxNURpamZ5LS1lMm56bUVZOF8tcU14eHM0RllIX3A4NEZQcFZCODhSY2s1YnY0M0RmbVU1YVY3bEtSTDlrakR0QWQ5dWtPREtKY1JhM1oyVnozYnowRGYxMEh6bl95NDlkWkIycXUyR2l2dmNLR29iVGRoQ1l3UlJFQVppNUhKMXZ4aGZvc0ttWFlnZGNDVk9R?oc=5
2026-03-13	Yahoo	0.0	Tesla Stock Moving Sideways Sets Up 37% Short-Term Profit Potential	Tesla stock is facing a sideways consolidation phase. An iron condor trade on the EV maker could generate a solid return in weeks.	https://finance.yahoo.com/m/088697ae-4916-3253-83de-9c16641cdaf3/tesla-stock-moving-sideways.html?.tsrc=rss
2026-03-13	Yahoo	0.0	Tesla Turns into A ‘Software-Killer’ With Macrohard: Is the Stock a Buy Now?	Tesla has unveiled its AI agent named Macrohard with xAI. Is the stock a buy now?	https://www.barchart.com/story/news/735497/tesla-turns-into-a-software-killer-with-macrohard-is-the-stock-a-buy-now?.tsrc=rss
2026-03-13	Google	0.0	Tesla, Inc. $TSLA Shares Purchased by Sei Investments Co. - MarketBeat		https://news.google.com/rss/articles/CBMitAFBVV95cUxPeUFqNldlUnJTekdabDBpMkl5VkgwN3VGZHVlX0NxeU5pMm9GaUtzVWNNeklnMWRSaEF2b2tDZ2h5WlRDdDN1YkpjRUdETlFmc19HQ3Z1UUgtMUhLeDBrYVA2cDlTMmtzc0tlUjNrUVNLQlA4a05KbldpTGVrU2pLNnF6VjBZNFVabjN6Njc3T3Y1TEdmdkc5OEVSSURBY2UxMGRnWGRHRXA2WmxmdnFFRDA2WWM?oc=5
2026-03-13	Google	0.0	Tesla, Inc. $TSLA Stock Position Raised by Meridiem Capital Partners LP - MarketBeat		https://news.google.com/rss/articles/CBMiyAFBVV95cUxOY2pCWTZGY3ZfcnZGeC1aLWpkYks3Umtsa0NOSUowaFlfc0NUZWZVUXkzdWx5bWM2ck00NmVRWURfYTFMZzRuenpsRE5veHhRdVVmRTBmRVRnLTBSQnZaSjdQUl9XY2NGbUM0M1hoWEJIU1ROcXNGUVo3a2hJbTVfem16TEVQYUdTOVVBMUdhUUx4M2drN2Frd2FGbVFkbVlsTzV3UDktemM5WDFtaWlEVDF1djZHNnd3ajk1YjNMMVZxTTVjRm80Yg?oc=5
2026-03-13	Yahoo	-0.078	EV Write-Offs Rise, Yet One Auto Giant Is Doubling Down	Toyota rivals hit as it avoids EV write-downs. It is now expanding its U.S. EV lineup as Ford, GM, Stellantis and Honda retreat.	https://finance.yahoo.com/news/ev-write-offs-rise-yet-150400196.html?.tsrc=rss
2026-03-13	Yahoo	-0.156	Amazon Is Down 7% in 2026. Is This a Once-in-a-Lifetime Buying Opportunity?	Are investors at an inflection point on Amazon stock?	https://www.fool.com/investing/2026/03/13/amazon-down-2026-once-in-lifetime-buy-amzn/?.tsrc=rss
2026-03-13	Yahoo	-0.2	Elon Musk pushes out more xAI founders as AI coding effort falters	Elon Musk has ordered another round of job cuts at xAI after growing frustrated with the poor performance of its coding product, forcing out...	https://finance.yahoo.com/news/elon-musk-pushes-more-xai-153653197.html?.tsrc=rss
2026-03-13	Yahoo	-0.25	Tesla Gets Clearance to Convert $2B xAI Investment Into SpaceX Stake	FTC filings show Tesla converting its $2 billion xAI investment into a small SpaceX stake ahead of the rocket company's planned IPO.	https://finance.yahoo.com/news/tesla-gets-clearance-convert-2b-141524544.html?.tsrc=rss
2026-03-13	Google	-0.25	Tesla’s Future Bets Are Expensive Dreams (NASDAQ:TSLA) - Seeking Alpha		https://news.google.com/rss/articles/CBMihwFBVV95cUxOZ3drY09KNWY2ckxpTTdsRG9lMUhUc09LMmRLWDZOSkxCb1JxMWpIZnVwdVBfcHVadUdCdnFIdWJ2bFFWdzZUOWdGbHJiMXdfbmF2d2padVR3bzNZb0ZFVHgwcVdFdU1SZEdnRFNrTnpuQXpJVzR1UTJZOTJ4by1FVzdGYlNFdm8?oc=5
2026-03-12	Google	0.7	Tesla Takes Surprisingly Dexterous Robot to China, Tesla Stock (NASDAQ:TSLA) Slips - TipRanks		https://news.google.com/rss/articles/CBMirAFBVV95cUxOSW9HNThKOFlnVnlSOXFBMDNEaW5FWXZQNmd0Q3dYRE8weDBXUlpGVFI5N1RyUDRkV0U5NEZtSnhKNHZYR0dxYU1Yc3F2cFFFVVdsUEpxV1VtemlnOEl0VzdMcjRmWXNkTjlOQWhuWU5oTG9PTUVYMDBpV0RSTkM4MldhZ1VFd3owbG8wd1ZmYjVQbUZud1ZoSTNqbHJPTnNJY1I1X0d1c2hjT3Qw?oc=5
2026-03-12	Google	0.55	Tesla vs. Rivian: Which Growth Stock Is a Better Buy? - The Motley Fool		https://news.google.com/rss/articles/CBMimAFBVV95cUxNSDlxa0Naay1WNE55VC1oQUlNVVBoU2JvS21KTGRHN3dvdkNlUU52eENvNmVHZll5SnpvZTBsR0JqVlFxd3pqOWZYeXVnWlcyNndYOG1vUTVUeTNpdG1XQmt0MDhUaFhNZ3UxRW9WR0dodnZjSG9aX3NZcDZYbXVqVVVTSURMRE5mVXpLVDJDMlRObDJ2Z3JDTw?oc=5
2026-03-12	Yahoo	0.5	Rivian to begin R2 deliveries with $58,000 launch variant this spring	By Abhirup Roy SAN FRANCISCO, March 12 (Reuters) - Rivian will begin delivering its more affordable R2 line of SUVs this spring with a variant priced at $57,990 and roll out cheaper options in 2027,	https://finance.yahoo.com/news/rivian-begin-r2-deliveries-58-150719126.html?.tsrc=rss
2026-03-12	Google	0.4	Tesla (TSLA) Unveils Autonomous Cybercab in Texas - GuruFocus		https://news.google.com/rss/articles/CBMijwFBVV95cUxOZkptanFnTFhBWFFOLXVuOTBUUFNPNWR6QU9hS2lQU2EyWVFTTEFpUnJNODdsS0RXUU8tSFNGTHVWUEtQY0Y3SDZWc1VxNVJNeTlmVkp2YWVtbGNTQzB2MmtFZmdKdjcxdFMyRGFYLTlvWE9VWWV5cml4ODJSYThTMTFmN2JhR0xTX1ZVQVZlRQ?oc=5
2026-03-12	Yahoo	0.362	Tesla vs. Rivian: Which Growth Stock Is a Better Buy?	Both electric vehicle makers have stretched valuations, but one is a more robust business and a better stock.	https://www.fool.com/investing/2026/03/11/tesla-vs-rivian-which-growth-stock-is-a-better-buy/?.tsrc=rss
2026-03-12	Google	0.3	Tesla (TSLA) Stock Wobbles After Energy Division Wins UK Electricity Supply License - TipRanks		https://news.google.com/rss/articles/CBMisAFBVV95cUxNdVlVaFhPSU9qa0ZPaDU4cHZUZWNfS0VPWmY1SmFnYTZhSFk0OGt6cTdiREVPZkdfbGN6ejRGYWdiaTkxTkZCUzREV3hyMUV6SzNKbFRpVzVaM3FtcVhZOFpLeFZJU2p5NXFvMVd4Sm5TWGtzOTF4ODhYSUJ4VDlMYmVtcXZMWGV1QmNvalEzLU8zbVZjbHd6ZElxTjlQeWpiaV9NbEUyQmRrSzVmMThkZg?oc=5
2026-03-12	Google	0.3	Tesla's energy business wins approval to supply power across Britain (TSLA:NASDAQ) - Seeking Alpha		https://news.google.com/rss/articles/CBMiqAFBVV95cUxPc1QtcE5Ca00yenFjVVBnSGM5SGF1Z2EyNjdfUTdTZFVFTm1OR1pWRHdmN1Rfb3p0RHFib1V1VzJ5S3ZhZ3U3WkZPbW9lbm1oU1BNOElza05VYm9FS0REQ2ZqVUZ1bUhXNXlnaDBBOUZjRXNnOV9aYXdtUVY5bGxGQ1dRQnNQd1NBQTV4dGV2YVJKVHNJbTQtdGhCY3dHbjdleTY0ZTRnNEs?oc=5
2026-03-12	Yahoo	0.3	Why I Wouldn't Touch Lucid Stock With a 10-Foot Pole	Rivian and Tesla are far better investments than Lucid Group.	https://www.fool.com/investing/2026/03/12/why-i-wouldnt-touch-lucid-stock-with-a-10-foot-pol/?.tsrc=rss
2026-03-12	Yahoo	0.269	Tesla’s Optimus Robot is Seriously Impressive. Is it Enough Reason to Buy the Stock?	Tesla (NASDAQ:TSLA) shareholders are hanging in there after the latest 17% descent from recent highs, and a lot of it is likely due to the tremendous promise offered by the future of robotics and robotaxis. Undoubtedly, electric vehicle (EVs) sales arguably haven’t been the needle-mover on the shares for quite a while. But when exactly ... Tesla’s Optimus Robot is Seriously Impressive. Is it Enough Reason to Buy the Stock?	https://247wallst.com/investing/2026/03/12/teslas-optimus-robot-is-seriously-impressive-is-it-enough-reason-to-buy-the-stock/?.tsrc=rss
2026-03-12	Yahoo	0.214	Tesla’s New UK Power License Links Energy Business With Lofty Valuation	Tesla, listed as NasdaqGS:TSLA, has received regulatory approval to supply electricity to households and businesses in the UK. The Ofgem license is held by Tesla Energy Ventures and marks the company’s first direct entry into a major European retail power market. The decision allows Tesla to offer energy services alongside its existing EV and home battery products to UK customers. Tesla is best known for its electric vehicles, but the company has long discussed pairing EVs, solar, and...	https://finance.yahoo.com/news/tesla-uk-power-license-links-150854476.html?.tsrc=rss
2026-03-12	Yahoo	0.166	Tech Giants Hover on Cusp of a Correction as War Heats Up	Bloomberg’s gauge of Magnificent Seven companies — which includes titans like Nvidia Corp., Apple Inc. and Tesla Inc. — closed  lower and is close to being down 10% from its October peak.  “The Magnificent Seven have had multiple episodes over the past few years where their valuations/price levels get ahead of fundamentals and then they spend months working off the exuberance,” said Sameer Samana, head of global equities and real assets at Wells Fargo Investment Institute.	https://finance.yahoo.com/news/tech-giants-hover-cusp-correction-180510747.html?.tsrc=rss
2026-03-12	Yahoo	0.15	3 High-Volume ETF Options to Trade Now and Profit from Hot Market Themes	Options volatility and volume are riding high amid spiking oil prices. While ETFs other than S&amp;P 500-related ones don’t seem to get much love from options investors, three hot market themes have made these ETFs unusually active.	https://www.barchart.com/story/news/718806/3-high-volume-etf-options-to-trade-now-and-profit-from-hot-market-themes?.tsrc=rss
2026-03-12	Google	0.144	Strong China Sales and Digital Optimus Focus Boosts Tesla Stock TSLA Despite Mixed Earnings - FXLeaders		https://news.google.com/rss/articles/CBMizwFBVV95cUxQMUF6TDNzT3F4dTJ3SWRFZ0ZCUm9FTlIxVFFSX2I1THpkRkg3d0pjMExtRUxBRzVQeHBMOXpMOTJ1VmZPUXY1d0UydTBRckZ6RnJDMUpBM1doOUQ5Q2hBbndTMEVvaGlRNWF4UHh6NWIyWXNlbkZpUGthSGs0U3JkTy1vY2pCTEhmMnRydGlUMkZ4SVE3QXl0WWgwV1Jfa3BLeHlWVHdBcVlmMC1Vd042cWVFNXZqVTR5czYzT3FqNG0tR3ZDS25fM3ZqVmpzTFU?oc=5
2026-03-12	Google	0.136	Tesla price today, TSLA to USD live price, marketcap and chart - CoinMarketCap		https://news.google.com/rss/articles/CBMiYEFVX3lxTFBPYUU2UVZ2TFVoQndka3VOOUZnMkJENGhtQm9lMTFtSnFHMF9lcF9EWl9BbmUxRktMWHBtX1h1NzN3RkpkUU1mOWR1V29aeTF5eV9xQ3ZrakdIeEwtZG5wVg?oc=5
2026-03-12	Yahoo	0.135	Tesla (TSLA) Sees UK Sales Drop 45% in February	Tesla Inc. (NASDAQ:TSLA) is among the 11 best robotics stocks to buy right now. On March 4, data from the transport research firm New Automotive indicated that U.K. sales of Tesla Inc. (NASDAQ:TSLA) fell sharply in February. The organization noted that Tesla Inc. (NASDAQ:TSLA) sold 2,208 vehicles in February, down 45.2% from a year earlier. […]	https://finance.yahoo.com/news/tesla-tsla-sees-uk-sales-182345037.html?.tsrc=rss
2026-03-12	Yahoo	0.118	Tesla becomes a utility in the UK, setting up showdown with Octopus Energy	The new Tesla Energy Ventures division was approved by Ofgem to sell electricity directly to customers.	https://finance.yahoo.com/news/tesla-becomes-utility-uk-setting-163641706.html?.tsrc=rss
2026-03-12	Yahoo	0.107	Tesla Turns To Facebook, YouTube For Advertising: Good News For Investors Or Worrying Sign?	Electric vehicle giant Tesla Inc has traditionally avoided heavy advertising for its products, instead relying on strong customers satisfaction and word of mouth to promote and sell things. The tide could be turning with Tesla launching several ad campaigns across social media. Tesla Turns to Social Media While Tesla CEO Elon Musk may not be a fan of Facebook, the social media platform owned by Meta Platforms, the company is getting paid by the EV company for advertising. Users on social media,	https://finance.yahoo.com/news/tesla-turns-facebook-youtube-advertising-223020532.html?.tsrc=rss
2026-03-12	Yahoo	0.081	Rivian Revealed Impressive R2 Details Thursday. Why the Stock Plunged.	It’s a big day for electric-vehicle start-up  Rivian Automotive  which unveiled pricing and specifications for its long-awaited R2 platform on Thursday.  The new truck is the key to unlocking sales growth at a very difficult time for the EV industry.  There are four trims: Performance, which has dual motors and all-wheel drive, Premium, also with dual motors and all-wheel drive, and two Standard versions, one being a long-range option with an estimated 345 miles of per-charge range.	https://finance.yahoo.com/m/4bc21352-4c97-3459-9548-db12066e0eae/rivian-revealed-impressive-r2.html?.tsrc=rss
2026-03-12	Yahoo	0.067	Where Could Tesla Be in 3 Years? The Base Case.	Tesla doesn't need a breakthrough to win the next three years. It requires steady execution. Here's what a realistic 2028 could look like.	https://www.fool.com/investing/2026/03/12/where-could-tesla-be-in-3-years-the-base-case/?.tsrc=rss
2026-03-12	Yahoo	0.055	Tesla's FSD Safety Metrics 'Sharply Deteriorating,' Says Analyst	Gordon Johnson, analyst at GLJ Research, is sounding the alarm on Tesla Inc.. Using third-party Full Self-Driving (FSD) Community Tracker data, Johnson says Tesla’s critical disengagement metrics have collapsed. The tracker measures “city miles to critical disengagement” — a key safety benchmark. According to Johnson’s post on X, the metric peaked at 4,109 city miles per critical disengagement when FSD v14.1 hit its high in October 2025. After v14.2 rolled out, that figure cratered to just 809.	https://finance.yahoo.com/news/teslas-fsd-safety-metrics-sharply-023107020.html?.tsrc=rss
2026-03-12	Yahoo	0.054	NIO Looks Ready to Rise. What It Means for Chinese EV Stocks.	The stock’s recent price action, notably following a powerful earnings advance Tuesday, suggests selling pressure may be fading, raising the possibility that the EV maker could be preparing for a rebound if sentiment toward China’s auto sector continues to improve.  One never wants to see a single stock shouldering all the weight of a group.	https://finance.yahoo.com/m/e159647b-4992-33e8-b7c0-0272fc5b68c8/nio-looks-ready-to-rise.-what.html?.tsrc=rss
2026-03-12	Yahoo	0.018	S&P Weighs Rule Changes That Would Speed SpaceX’s S&P 500 Entry	Funds that track the index must buy newly added stocks, and roughly $24 trillion is tied to the S&amp;P 500, according to Bloomberg Intelligence.  Any change to the S&amp;P 500’s rules would be momentous.  A spokesperson for SpaceX didn’t immediately respond to a request for comment.	https://finance.yahoo.com/news/p-weighs-rule-changes-speed-195942921.html?.tsrc=rss
2026-03-12	Yahoo	0.01	Uber plans Tokyo robotaxi trial with Nissan and Britain's Wayve	Uber announced Thursday its first robotaxi partnership in Japan, teaming up with Nissan and British artificial intelligence autonomous driving startup Wayve for a trial this year in Tokyo.Nissan is integrating Wayve's AI-powered systems into its cars, and Uber and Wayve are already planning commercial robotaxi trials in London this year.	https://finance.yahoo.com/news/uber-plans-tokyo-robotaxi-trial-042337431.html?.tsrc=rss
2026-03-12	Yahoo	0.007	Tesla’s ‘Macrohard’ Is More Than a Bad Pun on Microsoft. What It Means for the Stock.	FEATURE  Elon Musk’s Macrohard is more than poor wordplay on Microsoft It’s a new business for Tesla, trying to become what Amazon Web Services is to Amazon.com.  On Wednesday, Musk made the announcement.	https://finance.yahoo.com/m/b5ecc9d5-dcd1-3a9b-a9ba-04dffddc3866/tesla%E2%80%99s-%E2%80%98macrohard%E2%80%99-is-more.html?.tsrc=rss
2026-03-12	Google	0.0	Atika Capital Management LLC Purchases Shares of 31,000 Tesla, Inc. $TSLA - MarketBeat		https://news.google.com/rss/articles/CBMiygFBVV95cUxPR1NNUWZMSXVRSUJzUHdPRlgtOEVDZUVyYkNrRE12NTRhb01hS3V3WWN1dGdNRU1sUXJuTS1wVXA2ekpPTHFCVjA3SmVPcHJ3UllVek9rLTFMVWszX0ZmdE1VSlBOYzVtMUlPT2MtRGhzaU5EMFp1bkZJaVU4R1VCZUJHTWRRU21TS2g0eTZVM0pfZ3JpU1c5X0tab1V4NVBNbU10Rmd4a2VHRTVBSHo3Nl9pSzRWY2ZJLVA0YXpwNTdIWXBjV1ZmYlpn?oc=5
2026-03-12	Google	0.0	BofA Securities Maintains Tesla(TSLA.US) With Buy Rating, Maintains Target Price $460 - 富途牛牛		https://news.google.com/rss/articles/CBMisgFBVV95cUxNS3cyT1NTdVVzeWR5WkVHY1kzU3VEX0FiX3NUUkpCS0ZfN2ZUcUo2VWwyb0lDM0VaVWJIVV90TTYzeWFOQTZrcVZuelBrNFVfSXkxdE9aS2JJcVdJaDN3cTRxcVJCUVJRRXZudlJMWG55ckxGV0thMFMzdUZiMjlVYnpKSXdOR3FVX0VtTTJRVEJ4WGpQU3lSWHh2Y1NQX29FUnlVbDRHQ1JJME9RR3VYblNn?oc=5
2026-03-12	Google	0.0	Bokf Na Acquires 4,429 Shares of Tesla, Inc. $TSLA - MarketBeat		https://news.google.com/rss/articles/CBMiqwFBVV95cUxPU0ZvYmtVcmdEVS16QnJWcDNUXzgzSGNSc2EyMHRhNlZ3TG9IZnZfY0xhRGJZeEE3a3RnOUlKTzBrVGpMbGwtVGNGaXJEVXZFU3dyRGZrOFktanJnbUJzQUNsS19mSmlyR0RCRXJSN0d5d20zVEx6OFpwZVFiU1IxY0dKQjF5SHFlOUNRdUw2MWszTG9WSENDcDgxeUc1blloazhiM2c3aU9oUGM?oc=5
2026-03-12	Google	0.0	Dynamic Technology Lab Private Ltd Sells 5,458 Shares of Tesla, Inc. $TSLA - MarketBeat		https://news.google.com/rss/articles/CBMiywFBVV95cUxPZVBLUWkzSUZudVNQU1RwMU5RNnVGTFVWakxxejBhYVpoSS1lSWI4by00RW5yTV82SEFSRGlDYVBCTUZRZU9ZbG96OWNXUnQtVjVfaWRzMTJRdkstNWplakRlMVc5VDNBT3dodWdHRF9SZkMyazFacjZBTjl1RzVlSjhxRmxiUUVHMmdYWlpmNUFHc3JRSEs3UjNtLXBhNmxMNTEyeGV3MUVvUWI0ZHdoN25NaTBhMUVlOW5fd1NfZXJUbDZpLUZ5ZVlaZw?oc=5
2026-03-12	Yahoo	0.0	Elon Musk’s Tesla Obtains License to Supply Electricity in Britain	Tesla Energy Ventures received the go-ahead to provide electricity to domestic and nondomestic consumers in England, Scotland and Wales, but not Northern Ireland.	https://finance.yahoo.com/m/92205589-0023-3f90-abff-2b72c88dee4f/elon-musk%E2%80%99s-tesla-obtains.html?.tsrc=rss
2026-03-12	Yahoo	0.0	Kadensa Capital Liquidates Stride Position Amid Stock's 50% Plummet	Stride delivers digital curriculum and workforce training to schools, employers, and individual learners across the education sector.	https://www.fool.com/coverage/filings/2026/03/12/kadensa-capital-liquidates-stride-position-amid-stock-s-50-plummet/?.tsrc=rss
2026-03-12	Google	0.0	Oil’s Return Above $100 Is Spooking Markets Again: Why NVDA, TSLA, ORCL, PATH, RIVN, LWLG Are On Traders' Radar Today - Stocktwits		https://news.google.com/rss/articles/CBMiygFBVV95cUxPX2JWYktuY19VWW5QeDVKWEZoTkE0ZURIMFJ5dnpBSTJ0OFRKLTRnSkJPU1pDcy14bzRvX0J2eDZqMEpWRmdtS1E1NUZILU9PQ2hMXzd1bF84cnNWVDJhaUZDUlRXMDJWVExWdmRsX2R4U01OSFlrVXdlQ0ZvRXJHX2szTEpGYUx5bXE2YWpxZ0NwWUprTVVTLXNFZW9Bb09YckYtQ21GM1Z1amdMQnVJRy1YVDF5N0NRcXV6TGxHRmRZbEs3SnJ6dXV3?oc=5
2026-03-12	Google	0.0	Roberts Capital Advisors LLC Lowers Stake in Tesla, Inc. $TSLA - MarketBeat		https://news.google.com/rss/articles/CBMivAFBVV95cUxNNUhFRGYxNnRtRGgzcFh5Umd6S0Q0UzNvdGo2NzZMc2FUY2M3UTJOcU1CM3VFbWZaYnA4NnRmWUMwQXJEWktBYzJDdFg2SkJrbTBKS2VJeU9WY1dES3J2S3ZOZzdVQjNUcmpjMHQydWRBSTVyZGxXMVFkdllyeFFJaE1pallIZjh2RGx5RmZaNkYyV0VIUnlvNnFybmdoQm5oWFc5dXhPZ3NjOTVxYnhhNjB1RUJLODZvLW1vUA?oc=5
2026-03-12	Google	0.0	Should Tesla's China EV Rebound and UK Power License Shift the TSLA Investment Narrative? - simplywall.st		https://news.google.com/rss/articles/CBMixgFBVV95cUxNOGEyOUZvYllobEVLOVhoUDdwMXZRLWVpM25PX1I4ZDVlaFdRazFPb3ZZSEh3b09TV2JrX1FfekJneER1LXR2QndzMzdDX1ByVWhTOVFxNUdjVzd1a3BQMWJ1bk14RkFGOG5Xc2VZYU5HTVpENG04VWZmbDNNdTNDQUlrbk5ONjE0aHkzakNvakg0VkIyOUJKekNtU2lwRTBwd3B4eWs3aXFnUGJfTUo0WS01S0c2YU1fNWVnY2lKRDBUYVZEMnfSAcsBQVVfeXFMTm8wclpYWUd0S3Q5WVZvRmVBZnRqTE1HVG0zeUNMcTRBdzZmR3M4N3huLVdjYWh1SVRMWlFRY0VFSE8yWXRtVFJ1NjRUZkI5Q19pTkEzLTA5aW0tZlBWZTMwLTl3UGFKQ2NnbTg1anRnRlFlcHZYZGtDdGFJdkhTQ3lHdUZibElXYWlqYjlyRUtOY3RmVUQ2TEI3anNFcUtGaTFiYk9JUHFMdDdacFNBaGNyUUVXdngyOTA1MWRLNUMzRlJTb0xiNll1NTg?oc=5
2026-03-12	Google	0.0	TSLA Skyrockets: The Electrifying Reason Everyone’s Watching Tesla - Phemex		https://news.google.com/rss/articles/CBMiggFBVV95cUxOUmlQUlZlOXoxZWJlRk40eTBNdlJ1enh0SXNJTzNVX1JncFZ0WFdadDdmMDJBY3ByLTFMYmh0TmVIeWhOeTc4YUs5WHRCbUdHX3RyalhFWmt0ZFBWbVI3enRZMUR3YVNQM3B0WlNZWUszZlgxbTd5eXhHd09pTk8yUjR3?oc=5
2026-03-12	Google	0.0	Tesla (TSLA) Converts Investment from xAI to SpaceX Shares Amid U.S. Listing Plans - GuruFocus		https://news.google.com/rss/articles/CBMiuAFBVV95cUxOYVNrUV9vZjdPZnhWSzlIYUdaNlkzaGd5eGFLYTBndGhtV0V2UWo5amNkTTc2XzJJY2ZJOGhZRzBWLVhPMVRyMWtqcVhqUDZZMGpOQTlqaDVBTnRKVVMtV0xnT2Z0WDViT0poNzRoSE1tcnIyY1VnODNFV3RRcFVheGtNMW5nSnZIcmdZd2FLc3JJTFB2d3BSS2ZLM2hsZzlzRERjQ3BOWHJ2MEp3ZjIwN0JFOFkyRklP?oc=5
2026-03-12	Google	0.0	Tesla (TSLA) Gains Approval for UK Electricity Supply License - GuruFocus		https://news.google.com/rss/articles/CBMinwFBVV95cUxQbV94ZFZaQUtIWW4zTkREcEFIZTQ0YWhCTm42bDJVUEpyU1ZmZ1BDM3lCbzRVTkF0WldXRUhTd0N2MmdreWhMR2FLMUg0QUNCZXQ3eGVwTldSWl9aakFTUDRxU2pWY2ZMd1Vla0E5aUlQQmFuQnM0aWVELUFTamlUR2ZSSmpBSVRvYkFsRnJxSVh1Y2NmN1NnM2UyYXpKeTA?oc=5
2026-03-12	Google	0.0	Tesla (TSLA) Gains Approval to Enter U.K. Energy Market - GuruFocus		https://news.google.com/rss/articles/CBMilAFBVV95cUxPd053ZXR5UnhPbk9rbkRCSDJpRTlwMS1lRWlTYm5jdUt5MkJuc01xVkJYU1VKeVZ3TTFGZVZuS2hIOVZiRlR3LVh0R0NMLWJPWGZFTk9mM1BfanQ5cXpkMTR1V0VGdmdKWlhlbXBVaW0tenZlc2Rmbk9nUkhZYlBMTWZ3MjZYYjFMZnVCQUZVazZLRnZh?oc=5
2026-03-12	Google	0.0	Tesla (TSLA) Gains Approval to Supply Electricity in the UK - GuruFocus		https://news.google.com/rss/articles/CBMinAFBVV95cUxQdGV0RE1UYnZwUzVhWmZ6VDhmYzBnNDFJMnFjajZDMWZ2R25DbVNyRS1rVTYycXpXN1RnYnhxM1ltSUgtUExyS01EcjlOTl9TZlVUUFBNUVIxcVN0eGQ1Nm1kOHAzTkRCNDFKaVQzUUJHUTlWc2FLaTgza2RhY0ZCd1FsVUw1OVNWOENnTkpCUDlnWUtvWEFYQV9YUm4?oc=5
2026-03-12	Google	0.0	Tesla (TSLA) Gets Go-Ahead for UK Home Power Supply — A Bullish Spark for the Stock? - TipRanks		https://news.google.com/rss/articles/CBMirwFBVV95cUxNRW00amg3N3VxaFhRR2NnOG9oTWhfRTBQTGFrWU9uQ0tfdkd4dWM2cDdiRjB3cmwtQ1M1UnpDZEZWX3FUQS16VXF6QXQ3NG9hcVlDQ0xKTlY2MWVEdzJJRHRUeVlobDNwMTllZXhfMnhwVHJpMUl4ODhwNEhYQ1Zmd1VVYzd0UDBINHBfTFphX0prdWFGUklnZW9hWlBJNTF1Rk5zUm1Ba3A4LXgyX08w?oc=5
2026-03-12	Google	0.0	Tesla (TSLA) Receives a Hold from Barclays - The Globe and Mail		https://news.google.com/rss/articles/CBMiwgFBVV95cUxOcW5uNGxIRXVlS3dGWEVSSVNmTVE1aEhaQkdHb0Z2M3pnM05RZkliMHNqTVpDckVpNWUxQ1V0OUtibjVpN3lmcjdRcG1SemJOUF9fbHByS1NxVXBJUE8xZzRNbDBWSHl3eTY5LW4xUGdsQTd3MUxyUVh1SzVfY2F5R05DbEJaa0lrS3dFX0M3OGZ5VF9NU0d5emxJSThfeURXaGE4Ump5cmZteFA3bnJtWmYwTHZfbU1GTTN3c0VSdnk1Zw?oc=5
2026-03-12	Google	0.0	Tesla (TSLA) Sees UK Sales Drop 45% in February - Yahoo Finance		https://news.google.com/rss/articles/CBMiekFVX3lxTE40RllGdXhKV1U0LXJiVGFDdlRPdUxuU2dXdkd5a0hnUUFvNzV3R2QxNTZDeHZfRWJILXNEVmVSMmROVVVEMXBGdW02ZDFVNmxZMmJOQWs1dHQzRHRManFBaV9ZZExhU29WaVdJS3FPSXdOSzUwQTJ5a09n?oc=5
2026-03-12	Google	0.0	Tesla Stock (TSLA) Faces EV Headwinds as Software Bets Rise - TipRanks		https://news.google.com/rss/articles/CBMikAFBVV95cUxOeF9lUjl4QzNDbkVBRjhOVnVBT1VGT2VJb0htOHpfbTA2bDd3WUZRQ3N1YW45UTVtSEN5Q1ZTODZLUDBINDRabWhPOVUwUUN5ZkRkX1dUQ3R6eEx6SDQyMEotRUE3VHRwQmNJWjEwNG9jbjJvckNpbmU4ZGgtcFR1eExJVmw0QXRkQmk4cm45OUE?oc=5
2026-03-12	Google	0.0	Tesla’s Big China Sales Spike Didn’t Excite Investors—Here’s Why - MarketBeat		https://news.google.com/rss/articles/CBMinwFBVV95cUxOYjdsSzJjVWlHdGJaRE9RRml5Rnk0aHJ0ejEzaWJaMEx5cEFtMkQ5MElXUkg0aXoyd3oxOHpDNnNXOWlVM0VpRnB1R3BxUkRjcXhNR2k0dkRrUG1QVU9NRU9EdXhnX19ISUktYTNqVDkyNWlST3d5WFFjSlYtdWFsNklTZ3ota1BGOTlVbURvdFJEbTgxc3IwQTRCZXNPUWs?oc=5
2026-03-12	Yahoo	-0.04	Tesla (TSLA) Suffers a Larger Drop Than the General Market: Key Insights	Tesla (TSLA) closed the most recent trading day at $395.76, moving 2.96% from the previous trading session.	https://finance.yahoo.com/news/tesla-tsla-suffers-larger-drop-214503185.html?.tsrc=rss
2026-03-12	Google	-0.05	Tesla (TSLA) Sees UK Sales Drop 45% in February - Insider Monkey		https://news.google.com/rss/articles/CBMikgFBVV95cUxPNXpSc1hwV1NpeWEyOVBjelh0ODcyQm04akJKVUtWWFFncElucXpYWHhudnZZZjludTVlR0Fuc1BQdDNQTXJoZG1mUHpZWGdwSWRkRDFTQWJMSEZNNVBicS1Ya3poZURMTGdHRXJuSEpwNS1Ga2VfNmhZenJSZlVLUGtlRHpzeEZiNE94NmROLU1qZ9IBmgFBVV95cUxNckdNVmpiaVlIcnJqNTlUR0xyYzZWQXZDeHFOQ3ZXbVlBaGRrZ2w2NUZfa2VCNjNYNGo4RU5lcTNBcHVzemx5YkJNck9ENmE0XzlkVEpqUjZpYVFxbzdzU0tzZllMc0RCVmpKbGFmLURZYXhOUWdSRDhxZzVzVWY0ajJURldhdWRVVWdKeXdzQXJ5aGdPMW11XzF3?oc=5
2026-03-12	Yahoo	-0.135	Rivian's base R2 starts at $45K but won't be available until late 2027	Rivian revealed trim levels and pricing on Thursday for its highly anticipated R2 midsize electric SUV, but the version with Tesla Model Y-killer pricing won't be coming this year.	https://finance.yahoo.com/news/rivians-base-r2-starts-at-45k-but-wont-be-available-until-late-2027-150037000.html?.tsrc=rss
2026-03-12	Google	-0.137	Tesla (TSLA) Suffers a Larger Drop Than the General Market: Key Insights - Yahoo Finance		https://news.google.com/rss/articles/CBMiggFBVV95cUxPZjBOQ2hlbFFrZnlWWGVVSGQ5a2hOS0xlYjU4djN5WlNiSzlidmdlMXRZZ2Vzb3ZWZjRtZ2pkdTJnalFMUDBpa0NFY3VHRlQ1Y25DRVZMcFY2NENoWmZ2SVRXX19fbVIzRFN5eUExSzNzWFBRdUQ1QmNqUlNfa0pwVTRB?oc=5
2026-03-12	Google	-0.156	Tesla (NASDAQ:TSLA) Trading Down 3.1% - Time to Sell? - MarketBeat		https://news.google.com/rss/articles/CBMioAFBVV95cUxNQlZKMF9MaE91Z0ZKbXBheERPSmNWamFyZUtJMHlWa2g1a3pLazEyU3BjQ0ZDTFhPNXVrLUhRMXgtQ1UzSWowZUZ2YUdVUm50ZFRPSGlOYk9JUHNPVHFmMkNvRG1DcG9UN2dRd1NVTWlUbjR1bVh5WGVkSlhLODJtTUktSkQ5U1NUdGpmVDJjRmlXd1dzbXVsdUJITkRMU3l3?oc=5
2026-03-12	Yahoo	-0.167	Tesla China Deliveries Jump 91% in February Despite Weak Auto Market	China Passenger Car Association data shows Tesla delivered 58,599 vehicles as overall car and EV sales declined sharply.	https://finance.yahoo.com/news/tesla-china-deliveries-jump-91-192615464.html?.tsrc=rss
2026-03-12	Yahoo	-0.2	Big Tech Has Lost Its Bark, but Not Its Bite. Size Still Matters.	The Mag Seven ETF is lagging behind small-caps and equal-weight tech. It would be a mistake, though, to count out tech’s heavyweights.	https://finance.yahoo.com/m/35877be2-1c49-3443-9f31-e3cde5fe90e8/big-tech-has-lost-its-bark%2C.html?.tsrc=rss
2026-03-11	Google	0.5	Tesla (TSLA) Teams Up with xAI for Innovative AI Project 'Macroh - GuruFocus		https://news.google.com/rss/articles/CBMipgFBVV95cUxPYTZBYzEtRUo1M0lqV0JXZzQxVlhrUFZjQlBaVnRfcWY0Y0lmTnJscGU5QUFHNFVEeklSRnN4NlFveGRSSzdkc0hXcG8zVDlhZE9pZThKeDBtLTlfV1dsYXZkRHBzWGQ1REhNYi0yRTdwN3JMbXZpLUQ0ZWFWT3BMNm54b1pfNVdTR3A5b0o1bW4yeWROY0dLNnVrU1MtZGc0NGNqcG53?oc=5
2026-03-11	Google	0.433	TSLA Surges Amid Strong China Sales; ORCL Gains on Earnings Beat - GuruFocus		https://news.google.com/rss/articles/CBMipAFBVV95cUxQRVJUNVRQMHFkVVV0QXZnQXFKdFRKdWZlS2pVNThPdzVIbjhZVnBQMUE1VHRic2hyUFo2WXcxdmJPTVp6Ym9RQkJoOEhld2J4cE5VVEtteG85cHFOdl9IcHRlbnZXcDhrQkxIZHJoTk52X19pMHZES3pSbkl1ZkNKNDl3SDVhNXVLdVhfbzVjUWhtdDJUQ2QyZm1aN3lWZ1hZa0IyRg?oc=5
2026-03-11	Google	0.433	Tesla (TSLA) Posts Strong Sales Growth in China - GuruFocus		https://news.google.com/rss/articles/CBMijAFBVV95cUxNak9jUnMtZkppM1piZGVGRFJCV3NEUWh4YXBzdnUwSDNuYno4TmpSRjk0ZFlraWVyZThQd1A5elFGV1FCcHhKdmNub0ZOWVhua25yLVpwbDVEY0NhQ3V1NUktdlhHZmd3aVFKeHd3dDY0Q3dOMy10WWtxbjlub1VvakFURGUxcHJqZTJKcQ?oc=5
2026-03-11	Google	0.433	Tesla (TSLA) Sees Strong February Sales Growth in China - GuruFocus		https://news.google.com/rss/articles/CBMilwFBVV95cUxPY0REMmpqNEVQcmdkT01JRHdEQkUwQWtXallackFLdFZtZjNibXFIazU3bE1hdmFJaU1JS0dMaTBvbk16WU9nYXlLNnhDVEIxcHNjZVQtWjZqVHlvM2FKZ2pwSzFsZ20zRU5Nc19ORWhNUl9NRkdHbkREa3RJeWo1ZllnVUV2ZkR3Y0xQU1NBendjVDJDRmh3?oc=5
2026-03-11	Google	0.375	Tesla (TSLA) Sees Significant Sales Growth in China - GuruFocus		https://news.google.com/rss/articles/CBMikgFBVV95cUxNcEFoQWQyRVdza1cxT3IxM0FfZ2dGR2laaHhyMWpBY2JKVS1fRmlaczNOSFp1ZEJBTy13YmdMX1EtdjZUY2NGT3FTMzh0RG1tZXl2OHJVLUtMVkE2X2xHSktRRGx3SHdfOTdpY2xUZVl2TVdTT0tENXg1MXhiMkRYMjFvWm9fbWlIem84WDNEYy1hZw?oc=5
2026-03-11	Google	0.35	Tesla: Finally Some Good News (NASDAQ:TSLA) - Seeking Alpha		https://news.google.com/rss/articles/CBMieEFVX3lxTE9CYWc5cUZ1SjMyZ2ptYWFGYVRkcjBNZUtQU3MzYnJNVE82cWpqSmlBYmpTb2hVYmpzdWhmMy1Od0xFWGNhOVRXel8ya2ZmaS1RLVFfQWsyNndNRG1LTVlZbkhSQ0pCZXFnLWJPRmp5d0N1cng2YnFCaA?oc=5
2026-03-11	Yahoo	0.281	Musk is number 1 on Forbes Billionaires List with a $600B lead	Forbes released their updated World's Billionaires List for 2026. All of the top 5 slots were occupied by major tech CEOs, with Tesla (TSLA) CEO Elon Musk's estimated net worth taking first place by a nearly $600 billion lead. Yahoo Finance senior reporter Brooke DiPalma speaks with Mark Domination host Josh Lipton about the details. To watch more expert insights and analysis on the latest market action, check out more Market Domination.	https://finance.yahoo.com/video/musk-number-1-forbes-billionaires-164500619.html?.tsrc=rss
2026-03-11	Yahoo	0.249	China Smart Door and Electric Tailgate Market Research Report 2025-2026: Market Will Be Worth Over RMB100 Billion in 2030, Driven by Automatic Doors, Knock-Knock Door Opening	"The smart door market is rapidly evolving, driven by innovations like automatic and knock-knock door opening technologies. Opportunities include increased penetration of intelligent features such as APP-controlled doors, electric tailgates, and semi-hidden door handles. Key players include Tesla, NIO, and suppliers like Brose and Magna.Dublin, March 11, 2026 (GLOBE NEWSWIRE) -- The ""China Smart Door and Electric Tailgate Market Research Report, 2025"" report has been added to ResearchAndMarkets.c"	https://finance.yahoo.com/news/china-smart-door-electric-tailgate-162300050.html?.tsrc=rss
2026-03-11	Yahoo	0.227	Falling prices steer US buyers toward used electric vehicles	March 11 (Reuters) - Steep depreciation and improving reliability are drawing more Americans to used electric vehicles, turning the pre-owned market into a key entry point for buyers priced out of new EVs as federal incentives fade. Falling resale ‌prices that are also driven by rapid advances in battery technology, range and software have pushed many second-hand EVs closer in ‌cost to comparable gasoline vehicles, while over-the-air updates and a growing charging network are easing earlier con	https://finance.yahoo.com/news/falling-prices-steer-us-buyers-152930268.html?.tsrc=rss
2026-03-11	Yahoo	0.227	Lone Star Ambitions: More Public Companies Propose Moving to Texas	By Vinson & Elkins Partners Katherine Frank, Robert Kimball and Jeffrey Crough In the preliminary proxy statement for its 2026 annual meeting of shareholders, Exxon Mobil Corp. (NYSE: XOM) proposes that shareholders approve a plan to reincorporate the company in Texas, which would end its 144-year legal domicile in New Jersey. Exxon is one of […] The post Lone Star Ambitions: More Public Companies Propose Moving to Texas appeared first on CorpGov.	https://finance.yahoo.com/news/lone-star-ambitions-more-public-190304454.html?.tsrc=rss
2026-03-11	Yahoo	0.15	Tesla and Google Team Up to Lower Electricity Bills—Kind Of	Tesla and Alphabet believe better utilization of power generating assets can lower electricity costs for everyday Americans.	https://finance.yahoo.com/m/45b227d4-c6ea-3676-84b2-d741dd2231b9/tesla-and-google-team-up-to.html?.tsrc=rss
2026-03-11	Yahoo	0.146	Cathie Wood Bets On Tesla, Says Palantir Is Having 1980 'PC Moment' As Trump Hints At End Of War With Iran	ARK Invest CEO Cathie Wood is projecting a massive shift in global markets, predicting that post-war Iran and a transition into the “electric vehicle realm” will send oil prices plunging as geopolitical tensions ease. The ‘Coiled Spring’ Of The Middle East In her latest “In The Know” episode, Wood highlighted a 90% drop in Iranian missile and drone activity, suggesting the regime has been significantly diminished. This cooling of conflagration aligns with President Donald Trump's recent characte	https://finance.yahoo.com/news/cathie-wood-bets-tesla-says-143058405.html?.tsrc=rss
2026-03-11	Yahoo	0.136	Snowflake Gets Upgrade As Tesla Faces Caution	New analyst ratings reshape outlook	https://finance.yahoo.com/news/snowflake-gets-upgrade-tesla-faces-181203343.html?.tsrc=rss
2026-03-11	Google	0.136	Tesla Joins New Coalition Effort to Change How the Power Grid Is Managed; Tesla Stock (NASDAQ:TSLA) Jumps - TipRanks		https://news.google.com/rss/articles/CBMiywFBVV95cUxQalREWDR1V1JlZm1aT1RzcXZpV3loekI3RWtSVEVzalJqNFVzYS00N0JyV0lnYVZjZVJaWTYtX2RBdUQ5ZlFDVWtBMWZpdEI5TDRTWUNpUHBaRl9lUzJCOENIUjN6TFhia09lS1REZDNEOUtnVFJZZHVhS19yZ0RzTVlVUFFvTjJackp6dXRQcm9oMFVsaU5iNWV4X2lFOEpqS1JidXFieHZYZkdLTm1FMFgxZ0NSeldJTkRWeGFZVHB4WmMtRHJ6dGpsMA?oc=5
2026-03-11	Yahoo	0.125	Stock Market Today, March 11: Nio Falls After First-Ever Quarterly Profit Sparks Mixed Analyst Reactions	Analysts split over Nio’s first profit and a billion‑dollar CEO package, sharpening focus on its growth path, today, March 11, 2026.	https://www.fool.com/coverage/stock-market-today/2026/03/11/stock-market-today-march-11-nio-falls-after-first-ever-quarterly-profit-sparks-mixed-analyst-reactions/?.tsrc=rss
2026-03-11	Google	0.1	US Stock Movement | Tesla (TSLA.US) opened up nearly 4% as the company's February production of domestically-made electric vehicles in China surged 91%. - 富途牛牛		https://news.google.com/rss/articles/CBMimAFBVV95cUxON1VsZEJrcDFQbUVUWDFIM19fVzhjdUlCRlpPdGpDTnhyaDFKUDhBVUdYd3l4b1hyV0h6Q2tLVVg5NFBSdTNoYWkyWEl0SEg1V1lScDFYOVExOGNwMEw3QmpHQkpBYTRsVmdKbnVkb091aG43U1RsS0tVcFJ4ekdVZ0JBVE5mWDdWaFFUVWJGdURKZHZIaWNFdQ?oc=5
2026-03-11	Yahoo	0.073	Tesla Finance Exit Puts US$20b AI And Robotaxi Plan In Focus	Tesla's long-time Vice President of Finance, Sendil Palani, has departed after 17 years with the company. His exit adds to a broader wave of senior leadership departures at Tesla since 2021. The leadership turnover comes as Tesla commits over $20b in capital investment to AI, robotaxis, and humanoid robots. Tesla, NasdaqGS:TSLA, is in the middle of a major shift as it leans harder into AI and robotics, while also seeing meaningful change in its senior ranks. The stock recently closed at...	https://finance.yahoo.com/news/tesla-finance-exit-puts-us-140856384.html?.tsrc=rss
2026-03-11	Yahoo	0.068	What is XMoney, Elon Musk's new digital payments platform?	Elon Musk said his long-planned payments platform, dubbed XMoney, is set to launch for select users. Here's what to know.	https://www.cbsnews.com/news/xmoney-elon-musk-online-payments/?ftag=YHF4eb9d17&.tsrc=rss
2026-03-11	Google	0.031	TSLA, PLTR and SMCI Forecasts – Major Tech Stocks Continue to Fight External Pressures - FXEmpire		https://news.google.com/rss/articles/CBMizwFBVV95cUxPNERYTGkxS0hSMWd1bXIyYWROVG1YbGRkb3FXYklSNWtILV9VM0tGcHN2b3RERWtrUUVlZjBUQzFjektRa2xLSEFfTVF5N0xHMWd6dllBZzJXOVM5eE9PdzdVdDNpRmZTYWxEbmRYaXJwVVdNU0plWjRMd2ZpZVRFRTVSeHM4Q3hqWms1Z19obF85elQ1VmttLUtJX0RaT1o4dGRpTmwwMUktdUdueU9LVWoyMnh2MHBUSVhjUkV0aFFQRU9hUHlkLTJ1dEdnNUk?oc=5
2026-03-11	Google	0.0	Apple vs Tesla in 2026: Which Stock Will Anchor Your Retirement and Which Will Wreck It? - 24/7 Wall St.		https://news.google.com/rss/articles/CBMiygFBVV95cUxPSUpPNUwzTXlUbkFYVC15MnVFd1Rfei1Fd0NSenpKYTJUSEtNRzNfcGE4NlZMWmpORHVlN3duQnoyRHZnaXc4aU51R1pXa0VrUEVUT1EwQ2Mwa1RjaHNsN0hKSVlzUUFpT1Bib09fVmk1WWlxM2xScE9WNS1mNVdlM216QW8tSFV3c1ZHWVZ4eEhXVjA1ZXctbVNYSmhGLXBXajFiYWlLeGxBRFEySFRBZTFVcGVfTE1taFU0dWIzZFJRSjY0VTFiakRR?oc=5
2026-03-11	Google	0.0	Capital International Investors Sells 136,013 Shares of Tesla, Inc. $TSLA - MarketBeat		https://news.google.com/rss/articles/CBMiygFBVV95cUxQc0JVWjRaYmRnNGRYbFF6WlpGRDdKWU1tVEJMV2VpcGRKX3BFOEF5NjlEbzhRQXJteVVwSXBhNHVMLXNWbUE1VGt0YW1GNXdROVg2LUlpOFpLWnBrN05rTjAxYnJXZm9uUWFIZHJtdjhXUy1qUXdibFhZWFZKMjVIeV91ZnRzRFlyUXQyRHh0REVsYWtscGwzbU1MRUdkMWpKYTNZeUV1MkdLNy1QZXFyZk5PTllFLURjeU5TVzktRzQzNWUxY19uRXRB?oc=5
2026-03-11	Yahoo	0.0	Chinese EV Brands Look For Dealers To Import Cars To Canada. Tesla Does This.	Tesla will face competition from Chinese EVs in Canada, now that a 100% tariff keeping them out of the country was lowered to 6.1%.	https://finance.yahoo.com/m/c641accf-76e8-3584-8d92-37c0feacce9a/chinese-ev-brands-look-for.html?.tsrc=rss
2026-03-11	Google	0.0	Direxion Daily TSLA Bull 2X Shares (NASDAQ:TSLL) Stock Price Up 6.5% - What's Next? - MarketBeat		https://news.google.com/rss/articles/CBMixwFBVV95cUxNZEhFU2xIeEdUM013aVBUZ01yUTFSUVRJQThsQzlkNXF6YU5jU2xSdmMyRjFWQUtDdVY0NXl4ejVfWlVZYlhPRU51TzFwbUl2MGpxbmY4QUloUjg4WW9wQl82Q2doa1djVjAyazI0VTZqMXI2Y3hXdC1Ed0dQdUhGOXAybmR6bzVkZlVVZnZld2hJZV8yNUdHX0RaYXpfLXVkT05ET1pHTmpySGphMzl3cXdjTTJjT3Q3aHdEMTgxMVFpWmFEZ3Rv?oc=5
2026-03-11	Yahoo	0.0	East Coast Asset Management Dumps $5 Million of Perimeter Solutions Amid Stock's 800% Rise in the Last Two Years	Perimeter Solutions supplies firefighting products and lubricant additives to public and industrial clients worldwide.	https://www.fool.com/coverage/filings/2026/03/11/east-coast-asset-management-dumps-usd5-million-of-perimeter-solutions-amid-stock-s-800-rise-in-the-last-two-years/?.tsrc=rss
2026-03-11	Google	0.0	Elon Musk Pauses xAI’s ‘Macrohard’ Project to Focus on Tesla’s (TSLA) Digital Optimus - TipRanks		https://news.google.com/rss/articles/CBMirgFBVV95cUxNdHhkUS0xTHlCck9UTnJoTWw3c3NxWndSRGVsckpQcEl2T0RadUF4RUNzYXFhSkhUbDNKS3VLQXRINkx2aDNEekQ3S1JLVjNobGl0d2FpRHRLdFl5RFlzdHk1WjNENTZFS0M2RlhQZ1Axa3RJWjJzUWVVaDd1U2RVZWQzMERoWjRkdkZSMW5iWEtnWmRMRDBURmN4TEhCQ3Jwa0dOajJRLUV2N1MxeVE?oc=5
2026-03-11	Google	0.0	Elon Musk Unveils Tesla's (TSLA) AI Project 'Macrohard' - GuruFocus		https://news.google.com/rss/articles/CBMikwFBVV95cUxQdTVUaTVJWFNsYkZfemFhajFscmlmUFhKT3lBRmZZc0pja2VVLXZENlc5bHJTbjhuM1JIaDUxUHZuYXRIbGJuUnhNVXpIMkZKVTN5UlVSMlBZMm1RcVRkeXdNV2JYQWNvSl9FQjR3MXJhS2w3bmFzZzZQeTA4Q1NFcXZvR2pNSnV3aFdKVU9xczljdkU?oc=5
2026-03-11	Google	0.0	Franklin Resources Inc. Has $3 Billion Position in Tesla, Inc. $TSLA - MarketBeat		https://news.google.com/rss/articles/CBMiwgFBVV95cUxPMDlwdGRRZ3k4NkZvM3Q3a1p3RGNkeTNTVmZDdDhwcmt2YmJPLWtuaUtKMUxsWExWUkpkNWk2cm5nV1cyUUo1aXl2amh2cUVVazd3aHF3WnVyOFZrYlVGTUxVdUVKOUJLd1NwY0RlWkFfQ3RiU0dnMV9JTmNhVm5JSFEtNU93b0MwWTZQcGdMc1hieFBTVTBfUEVtWG54eE9FY3FmVUMzUDlaMVdoanNEcU1Yb3NtWUZVMi00N2NrNDN6QQ?oc=5
2026-03-11	Google	0.0	How Tesla Stock Gained 80% - Trefis		https://news.google.com/rss/articles/CBMikAFBVV95cUxONDU4U2lCUW9ZeEtsR3dGM2dJTVRQNHN5ZkVhOTVOb2RENVRLdmNNWld2MmpSLTBETGZVNTUwNjVMdDVXUVhiazZzZ3NNdS1fbWxjcDRNVEFhQ1lOdnc5ZmxoVHpWRWdndENYTnBSdHJQWm9DZGhQWnBuTmZkblpRcHZKcnl2eGFJRTNMX0hKTG4?oc=5
2026-03-11	Google	0.0	Kepler Cheuvreux Suisse SA Acquires Shares of 15,562 Tesla, Inc. $TSLA - MarketBeat		https://news.google.com/rss/articles/CBMixgFBVV95cUxOVnhyTmV1SW5VQ3FrUHNuQ1NiZHFYWVFLVUJYbXg5VDAtUDRzTElyVU9lczBZRVNoRUdNREk0dDY0ZnJJNTB1d1N1c1R4Ul9LSDludjBVczFHQ3Q0OUVYa0VqSGZJdTdjMkpZYWRaY1dlTkFxOVVJS3NfMnpGa3kxSUlKRUJUbTgtSGkyNnYwMUUxYWw5OWNmVldOSkY2V25aTmNOcm9VbFhwXzB1VTUxMkxocXZsYUdicTJXRTE1VnRHem9nd0E?oc=5
2026-03-11	Google	0.0	Musk says xAI's Macrohard remains in development as joint project with Tesla: update - Seeking Alpha		https://news.google.com/rss/articles/CBMitwFBVV95cUxPQXEwV25Zb2t4SGpNMFdnVVh5Qnc0ejYzNjVkY1p0Q1FTZXA0V05OUWh0QzBab29SbXVuSWttb256aUxhaTFheUktYm1XZzZoUXFDbm52ZGdjaWx4YU9FaHc1Zm5rWU5MMktKZjVMSWg4RDlaTGhwQmE4bVoyT2lOb21keC1HMnVHcG5MekZoT0JYNGtXUFdUMXlrMmpES1JlRWE0amJZOWMwT1hlY3lKSDVQMGtBZW8?oc=5
2026-03-11	Google	0.0	Quadrant Capital Group LLC Acquires 3,505 Shares of Tesla, Inc. $TSLA - MarketBeat		https://news.google.com/rss/articles/CBMixAFBVV95cUxNbjRiczNodVFRWFhROWhvTi00bGhzUUNUWnUzaGh0Vm1hd1R3S19Na3N3LV90b3VOU0N2aXVES2ExZGs1dzVGX0N4dGZ0Nk91U1RxNzBJcjdOY1JqbjJTS3dsbV9TRlhaWThOcXVrX09SYnJjbkFoeVlDLXVVNm04dGpMVlhfajI2TXlqOGVsci1nRldyT3puNHdpRjNQb19HM2dCT2E0VTNBek5vV2RsYjNzWmx5Q0dTd3E2ckRuMklVaFVy?oc=5
2026-03-11	Google	0.0	SA analyst upgrades/downgrades: TSLA, APP, SNOW, GTBIF - Seeking Alpha		https://news.google.com/rss/articles/CBMikgFBVV95cUxNSTlUTjRRYTFtMDJHUzFXWW9ZTEk0UE1OUWpnR1YxREJoNlo3ZFhCdkhuS3pzQy1tSjJvaW1qdVhsVjVnY2JEUTZ2LUtuRWFZQUZBWkpfX0R3VE1ReDRnZUFIVUI4RlpJdWlhRkNsSHhWT3hOR2JIdHkwOFZrRUhDanNaYWI3a3hrMVZfX3pnTmVlZw?oc=5
2026-03-11	Google	0.0	TSLA Stock Forecast: Jumps 4% as Tesla China EV Sales Surge 91% - Coinpaper		https://news.google.com/rss/articles/CBMikgFBVV95cUxNY1RyZjVqWENzZjhndEViT00xbzlLTkQtd0RiTi02RW5Ba28tZ253Uk9qNGZaTnFsRmlmNVlTVzJYQ0dKQUVQd19CRVdkblBONXEtZnJtamlYdkZleWFjNHBpaG5oRWlvY1VNd3pWcVRBeURYMWF4cU9HR3VUaHBwNXVvOTIza1F6ZmJNaEg3RTVfZw?oc=5
2026-03-11	Google	0.0	TSLA Stock Surges 80% Amid Software and Energy Growth - techi.com		https://news.google.com/rss/articles/CBMid0FVX3lxTE1xNXN5NWROdjZ4TDBGUDF2amZpNHpwWlp5MERkSDN2c3JiS0VRRHM0Z0JjeW1VTi1SU1V6VVJQSEEydmxyWEN5N3NtWlU5MElrQkNEMkRuRXF4dmRNbWpFYnNOWDZDaTlSeDQzTlpnMmlCOWVMd2VZ?oc=5
2026-03-11	Google	0.0	TSLA Stock Today: March 11 CATL Earnings Beat Lifts EV Outlook - Meyka		https://news.google.com/rss/articles/CBMilAFBVV95cUxNMzQyWENiSDAyNHJFMWJZMklhY0tISVJySzU0REZCb2w0bVNpUmc4VHVBaG9LUjE4QmdscWVCYU1sM1RtS05CWGdHRTl3bG4zVUpJQjF2d1R3cllCQTBLSmdYWlh2Ukkxem9DZ2M1cVVCekpBaFdpYUxzaGx0VVBNN1BCSHAzVncwM2MtNGdtS2MzaW5U?oc=5
2026-03-11	Google	0.0	TSLA Stock: Analyzing The 80% Rally - Forbes		https://news.google.com/rss/articles/CBMilwFBVV95cUxOUk9wVV8wcklaTzBOdlVYczdia3h5LUVqSFRXQmtMN0xMd0duaFJkcjhjclNnbDNQa3hHNVNlNk9Hdlo4UVhfazVKYnV4TzJpMzAyb2lvV2Y3c1FjdDhWTmRLWTd4S2VaQzJ4V0lWQ0NJRHA1RHZHZVNjeG1ZNG1Eb0NkVm54NmxoaWlJVU9sZUVodkN5V2dr?oc=5
2026-03-11	Google	0.0	TSLA Surges 2.8% as Shanghai Factory Increased Deliveries by 91% - GuruFocus		https://news.google.com/rss/articles/CBMiogFBVV95cUxNajY4T2MzQzFvcHBicjBwV3BjRXdPYmRmdGNZdzE3TEJ6TWdhalA4Y0ZBX0R0eUc2SWtIbjFVX2xjSnlMM2FNbElXSjZPdWJOX050eGI4dmltZXJRanpxb2VSUVB0cXZ2RFVJYlF0aVdaZ0xXVWZJRGlFaGthblRkeFVkMXpyb0EyYmJ6djZJb2V4Zndjb0hJUG9zdEkzWXE2dXc?oc=5
2026-03-11	Google	0.0	Tesla (NASDAQ:TSLA) Shares Up 2.2% - Still a Buy? - MarketBeat		https://news.google.com/rss/articles/CBMimwFBVV95cUxPbzRrZ1oyQWpMNHgweXVseTNjR2NWbFpnVVZ6dEVEbUg3Tlc5WWZqaDVHbjNPQWJUX1J3UFNLOUpfTUdLV3hzY3M3alVXMVVfWXhfRGJFSlpwWVdwSThja1dmbDN0aDdfUy0xVGdBc2JfT0FMZzJzQlk5NG1iYnRGTmFUM1RsNWdONV9pWHJfWkRYY3Q5cTRoZ0N1NA?oc=5
2026-03-11	Google	0.0	Tesla (TSLA) Expands AI Efforts Amidst Industry Disruptions - GuruFocus		https://news.google.com/rss/articles/CBMinAFBVV95cUxQMVd1YUtXZDl3XzNBM21yNnViendEdmdjRUowaXBZWEsyaWJzZGF5ZXVGdEJuOTlRZE5QZ3ZVeGhvejFKX01Fcm0xMVdya2dRa2gyMFAxMWc4aDZDQzFCVnRkV0NTNlJNcC1ZcUZzamhvQkFFMEZZbWpBQ01uQkFDR3lKVlhSeUkzMGJhMjdraExyY2J3b1dZVWdKTUg?oc=5
2026-03-11	Google	0.0	Tesla (TSLA) Shifts Focus to Digital Optimus AI Project - GuruFocus		https://news.google.com/rss/articles/CBMilwFBVV95cUxQNVlHTGN0Zmt2Z2R6a3VNaUJxME9LS0l1RDZfaDM3MVQybmhmeDBDWnBkMWJMS0lzV0JvOEo3REFLczZ1Q0RwRWNuMEdUaEgxQmh1czdNRGtvQnBIMWhvNzJqOWNsZUxqWXhaWU12Ni05YjNLMU83bGc0VWY0OXI1N3ZyT3VSdURfVUlkOGIyWURaMU9GZmVF?oc=5
2026-03-11	Google	0.0	Tesla (TSLA) Stock: China Sales Surge 91% in February — But Here’s the Catch - CoinCentral		https://news.google.com/rss/articles/CBMimgFBVV95cUxQOE9OMi1WRVhZR2ZmT2lTdldBM3pSVzhORDJwS1ZkMDlEV19RdlZhMHRaNmJBd25jQU02a0trZmVnRkdUYWxyVWg3NkRIckpXM0NSSnpVTkROOGVGSG9jUVpqSklDOHc0Q1c2WlpkVXlqZzJVOVRjSmh5Z0MtZ0VjZFNiX2xXcU1JUjRwaTJYRVpGTmNnM1RJLXNB?oc=5
2026-03-11	Google	0.0	Tesla (TSLA) and Google (GOOGL) Partner to Optimize U.S. Power G - GuruFocus		https://news.google.com/rss/articles/CBMiuAFBVV95cUxONjRzWjZfZkk4eDRic3ozcng3eWFSYjlXOHgtd1lmVTM2alpCT19jR05ud1ByWmhQR1FsTDdsdEhCdktaUjhwNnhIUDZSQU15Y3hLVVJTQlhmLWl4YkZ6TUVsRHpYZFFfUkdJUUtwNzlsNEM2RGJLQlh5OWNnamU2ckszNXpnVGRzVG5NS251RThERGVVd2NIVTNVUkJXdW5zajljMktjeFFIVUt0U1BGblpFWVhNRWVs?oc=5
2026-03-11	Google	0.0	Tesla Crashes 18% – Here’s Why Wall Street Is Getting Nervous - 24/7 Wall St.		https://news.google.com/rss/articles/CBMiowFBVV95cUxQRktpQmZ1aUQzYkJtQWo1d2ZjNW92b19tWWg5eVowN1o2S0wtN28xeHA1UUpGdXA4RXBGRWJ0cnJ6c2xTb2VtbkJHREJ2TEUwakl3dXJodDNDbVZUNW9kNFRTaHpNam40UDRmcC0tQnBJYWtBQ2dSUC1iT01nUDJhTER5aWx0RWdtZHlncjRMcGhTMWYxV3gyc3NrMEEyVURjUXY0?oc=5
2026-03-11	Google	0.0	Tesla Crashes 18% – Here’s Why Wall Street Is Getting Nervous - Yahoo Finance		https://news.google.com/rss/articles/CBMie0FVX3lxTE1saGdIX0hudkNoSlo0ek5IWjdhNHAyMlJHdWktb0g3enJKaGtEU3J5cWVXQ0xieFhxWGE1OVAwM0ZLTmpNM3h3MEFlcjFIdlpEbWl4a25EZGxqSDdiMkhXU1Ixckw1dkNpTkJ4Q3FXYWtmQTVNWjhlY1NlVQ?oc=5
2026-03-11	Google	0.0	Tesla Stock Rises On 'Digital Optimus' Excitement, China Sales Data - Benzinga		https://news.google.com/rss/articles/CBMiwwFBVV95cUxQUmlqRTJCYlo1SHJhejNjVXVUeExLSFZmcHF4Q3RzMElydVlKMmI1VVBKTTZBRHh3YjdIM1JPeVU4QXRkOXQ0RlpGN2tQQ0VJQnpvUWgzTm55czgybEw3QTdKUjJpZHZuOWtld0pPODRJS3BHdW5hUDlUejhuWnhnYS11QmZpSWpQYXgzSHVyeUR6U1hRMlR0WkpWaHdUOHBucjZISFdDR1I0UTNob0JBa05mSEdVQ2NpTGdDQVA5d2hESmc?oc=5
2026-03-11	Google	0.0	Tesla's (TSLA) China-Made EV Sales Surge in February - GuruFocus		https://news.google.com/rss/articles/CBMikAFBVV95cUxPdDNUeVZLRnZmN2FiNnFqU2Rudk16TzQ1d1MwVEI4U1cwbFIwYW0yR3ZKbzhqNk5leS1Rem81QmEwUHNwcVc5RFYzbmNFaUpJdWh1TkVhOVhBNVRlQWREYTI2QW5NQ2dlcTZxNzJzcEpHWms2Z1N5T1dob2o1cXhFSGFDWDVRZ1Y0SEk0SFdtUGM?oc=5
2026-03-11	Google	0.0	Tesla's China-made EV sales rise 91% Y/Y in February (TSLA:NASDAQ) - Seeking Alpha		https://news.google.com/rss/articles/CBMikAFBVV95cUxNdGQ2c1RDanRiM2Y3WUdJU0J4Y19JQ0xMM0ZIZDd1SXhCZEdoYTFRR3FaYlQtTXhzNGRwZGtYWTk1cWQxTmkxNm11NC1qNVVQM01YVlZPSTBoVnB6eDZiZW4wRnIxaTQ4Um84dXN5NUNiY01JYnRWZ2hkTVFOX0JnV3FvSGN1b0YtemlrenU5ZnI?oc=5
2026-03-11	Google	0.0	Tesla, Inc. $TSLA Position Increased by Nemes Rush Group LLC - MarketBeat		https://news.google.com/rss/articles/CBMiugFBVV95cUxORHpGTVA1VU1aelVWdHlteEd3bWpCTllUd2ctWE0xZVpmRG9JUkhGd0F6OWR5SnJGYjVHYnByZldzZENVbTR5SVdPclZKOWo2VEFJdUFfc0JTMnpFUF9Nbk5RUXVVa0R2TnNreV8xbW4yNGpfN09HQ3Nqb1lkWUhaeExweUtVTGwyTm93NTZheFhYdHNYeFU2dGhYY0gxWHlSWnk0MWN2ZjluT2Y2RVpxSGVjTFZCOU91REE?oc=5
2026-03-11	Google	0.0	What Is Happening With Tesla Stock? - Trefis		https://news.google.com/rss/articles/CBMiqAFBVV95cUxOYjVPRThZUjk1aFczTUhvbGNQUzYtSzh2dm9pdDNiWmo5YWtJSldublhvR1dINlZfZk5XUFd5VDdPYllLV1VRV0N3RlRWYnhnUm5RX0hFRlJKYlhtUVAtSWx2UXBSMHIyS2hSNm5XYnpFS1BUdlVhS3pMNUJscU1sb0tzdnAwMnlXbjRLTl9pMF9jUHR1elRXd1BfWTYta1N2SmxZX1JlZ0w?oc=5
2026-03-11	Yahoo	-0.008	Does Tesla’s China Rebound and Executive Turnover Reshape Its AI-First Strategy for TSLA?	In recent days, Tesla has reported a sharp rebound in China-made Model 3 and Model Y sales, with February deliveries from its Shanghai plant rising strongly year over year for a fourth consecutive month, even as global vehicle deliveries and profits have declined over the past two years. At the same time, the long-serving Vice President of Finance and other senior leaders have exited, underscoring ongoing turnover as Tesla reallocates billions of dollars of capital toward AI, robotics,...	https://finance.yahoo.com/news/does-tesla-china-rebound-executive-221054539.html?.tsrc=rss
2026-03-11	Yahoo	-0.025	Musk unveils joint Tesla-xAI project 'Macrohard', eyes software disruption	"Elon Musk on Wednesday unveiled a joint project between Tesla and his artificial intelligence startup xAI, which ‌he called ""Macrohard"" or ""Digital Optimus"" and said that it was a ‌system capable of emulating the functions of software companies.  In a post on his social ​media platform X, Musk said the project pairs xAI's Grok large language model, acting as a high-level ""navigator,"" with a Tesla-developed AI agent that processes real-time computer screen video and keyboard and mouse actions.  T"	https://finance.yahoo.com/news/musk-unveils-joint-tesla-xai-161942085.html?.tsrc=rss
2026-03-11	Yahoo	-0.095	Tesla Loses Director Behind Robotaxi Backend: What Do Prediction Markets Say?	Tesla Inc. has lost the 11-year veteran who built the software backbone of its robotaxi service, weeks before Cybercab volume production is supposed to begin. Thomas Dmytryk announced his departure on LinkedIn after 11 years at the company. He led the team that built Tesla’s over-the-air update infrastructure, which now serves a fleet approaching 10 million vehicles, and more recently oversaw the software backend for the Austin robotaxi ride-hailing service. Don't Miss: Bad Ads Live Forever — Se	https://finance.yahoo.com/news/tesla-loses-director-behind-robotaxi-223103890.html?.tsrc=rss
2026-03-11	Yahoo	-0.114	Tesla delivery slide may stretch to third year, some fear, as cash burn looms	SAN FRANCISCO, March 11 (Reuters) - Tesla investors and analysts are cutting estimates for its electric vehicle deliveries and some are now expecting a third straight year of decline, pressuring profit as CEO Elon Musk refocuses on the expensive goals of launching robotaxis and humanoid robots. Wall Street has expected Tesla to break its losing streak of ‌declining car sales in 2026, but that is changing fast.	https://finance.yahoo.com/news/tesla-delivery-slide-may-stretch-163546402.html?.tsrc=rss
2026-03-11	Yahoo	-0.125	Tesla Crashes 18% – Here’s Why Wall Street Is Getting Nervous	Tesla (NASDAQ:TSLA) stock may be up 2% today, but the shares remain well below their all-time high. TSLA is down approximately 18% from its December 2025 peak of $498.83, and the reasons behind that slide are piling up fast. The stock is down 9% year-to-date, even as bulls cling to the long-term AI and robotaxi ... Tesla Crashes 18% – Here’s Why Wall Street Is Getting Nervous	https://247wallst.com/investing/2026/03/11/tesla-crashes-18-heres-why-wall-street-is-getting-nervous/?.tsrc=rss
2026-03-11	Yahoo	-0.152	Tesla's 20% Crash May Be Just The Beginning As Expert Slams 'Absurd' Bull Valuations: 'Bulls Believe Everything Elon Says'	Tesla Inc struggled with weakening demand in several global markets throughout 2025, a trend that could challenge the electric-vehicle maker's lofty valuation. One market expert argues the stock remains inflated by Elon Musk loyalists. Tesla Stock Inflated By ‘Absurd' Valuations Musk’s fan base and Tesla have inflated the stock's valuation in recent years, with shares often trading at a premium to other automotive and technology stocks. With high expectations for Tesla's autonomous driving, the	https://finance.yahoo.com/news/teslas-20-crash-may-just-153105255.html?.tsrc=rss
2026-03-11	Google	-0.188	Tesla China Strength And AI Push Confront Weak Western Demand - simplywall.st		https://news.google.com/rss/articles/CBMixgFBVV95cUxNVEM5TDlTZFI0OGMxSmROQ0hmYjFhdmwtY3hrc0xMWW9pNGxTWTNuTllwQnRVWlRDSG51dGNCTlhjT3BoUFFCM2ttOGtwMzFLb0E4NThXWFNUVGFHRlRMa3J2bTVnYlVoemliM2RTaEJPbENiSHM5eWdKa21uc2lDU2JCSjRpdk96eG9lZ0JaaXJ4QUQydHMzU0xKLUJlM1llaVVHRWlTempFcHZuTk01Z0tPbEJNWXE0dTZ5czBrdXRPWU84dWfSAcsBQVVfeXFMUGxnODBtSlVvVWhUUTMyUUhlamFudFJwRHRBRUE0d0NURk1HS25HR0Z1dlZuUWNIbUhRbGI0ZGJTYkxRdzk0djE5R0Nuc1RqVEgtWkR3RFBEQ2lEaVNmUTZzX1FtUkNobzdVRmR4dW9zbVdTM2tKejYxWWlUR2VUVkJ0NWFHUEg4WkIwTDhYS2h0WWVWZFRqcnR3cHlNbm1aMGZMWk8yZFB4QUpSSnEyMXJzWDgwc0RIelJMZF83elNsUjJQdFJJVjc2MDQ?oc=5
2026-03-11	Google	-0.308	Due to the low base effect, Tesla's (TSLA.US) sales of China-made electric vehicles surged 91% in February. - 富途牛牛		https://news.google.com/rss/articles/CBMikgFBVV95cUxQdmZtcWZrZGtqVi1xM0QtNVhzM3ZST0dTNzFNaklZX1VCVUFaWEhRTER0dTd2MktTY01VWjNHc1NtYmR1YXdxVHBHLWNySjNfcWhuMUhMZndvT0RmV0FnSi10ZVBDNDJYYy05ai1LdDBPVTlUMlpMdkp2YUhVMzU5NGR5am1rcXdGY3hGVDNRRk16QQ?oc=5
2026-03-10	Yahoo	0.667	Could Buying the Roundhill Magnificent Seven ETF Today Set You Up for Life?	As the name says, the fund invests only in the Magnificent Seven tech stocks.	https://www.fool.com/investing/2026/03/10/could-buying-the-roundhill-magnificent-seven-etf-t/?.tsrc=rss
2026-03-10	Google	0.6	Prediction: This Popular Stock Will Tumble Out of the $1 Trillion Club in 2026 - The Motley Fool		https://news.google.com/rss/articles/CBMilwFBVV95cUxOMlVqd0s5QW5MVm8wUEZVbnlBcEw4R1k3RWhJWk8xRWtzTEEyTTFCdzcxQ1U2VERfTHhSN3NFWXhxcUZTTDBMTlkwZmc4UUJyZm1NOW5waG13ZUdXSV9UdDIzdEcyb180cHVqWDVpVEVVZHFPdFI4VTNBVmFZV0JyUnQ3U0N4Q0xEV01DLTM4dkdZYUlGV2ZV?oc=5
2026-03-10	Google	0.6	Tesla Competitors: How TSLA Stacks Up in the EV Industry - The Motley Fool		https://news.google.com/rss/articles/CBMiekFVX3lxTE45ajU0a2NUZ054dG9HTW5Ca1kxZjRaeWhLNm1sZlRMT3M3RFZuVXBrODdSVHFLczIxUmNCMVNZN3d6aGlrcEhlWkNVd2xHM1otV1VDZ2FEM2NBRGwtZVYyQnZveUJxcGVJNmUta3lCRjljcEZmZzI1YjZR?oc=5
2026-03-10	Yahoo	0.5	2 Ways to Profit from a Fading Tesla Stock Price	Whether inverse ETFs or options are more your style, here’s how you can capitalize on Tesla’s decline.	https://www.barchart.com/story/news/673756/2-ways-to-profit-from-a-fading-tesla-stock-price?.tsrc=rss
2026-03-10	Google	0.5	My Playbook On Trading Tesla As The Market Stops Rewarding Story Stocks (Rating Downgrade) - Seeking Alpha		https://news.google.com/rss/articles/CBMisgFBVV95cUxQSkhXQkNPSkl0YnVhZTlwSnFKQVlFaHBMeUVzNWhxVHdscGNUWXI5R2Z1N0dQdExFcFNYS3Rwc3N3X1RsY01CckJXM21TOGg0RV9JRThhZmFqSEZ2R2pHYlFyeEtuLVpIemUzdHFJa1FEMGt1YVFMSnVfSnFVVEh1WldyeDhmdkJmaDFVRFh4Vlp6aHRrQ0R1ZXVvWnhhdVRFaWV5dTVJUWRmQTZpSHJod1hR?oc=5
2026-03-10	Yahoo	0.429	BLBD or TSLA: Which Is the Better Value Stock Right Now?	BLBD vs. TSLA: Which Stock Is the Better Value Option?	https://finance.yahoo.com/news/blbd-tsla-better-value-stock-154001712.html?.tsrc=rss
2026-03-10	Google	0.393	BLBD or TSLA: Which Is the Better Value Stock Right Now? - Yahoo Finance		https://news.google.com/rss/articles/CBMif0FVX3lxTE82aXJaS01nNVI2bUN5aHpEUnRuSUtMSElVaXFFSkNJeVV2Q1lYSzU3b0wyVzcxM1NzdGRrd3g5UVVxNVNiMzFDeEVNV2dSTS1Gd3RyaWFVRGxmc2tzem5jZTVrTW41ZTd2a25INncwSUkwSWNHTEFaVzNESWdGZzg?oc=5
2026-03-10	Yahoo	0.284	Carrier, Tesla, and Industry Leaders Launch Campaign to Lower Electricity Costs by Unlocking Underused Grid Capacity	A new industry-led coalition, Utilize, today announced its launch to address the most urgent challenges facing the U.S. energy system: growing electricity demand and rising power bills driven in part by an electric grid that is built for short periods of peak use but underutilized most of the time.	https://finance.yahoo.com/news/carrier-tesla-industry-leaders-launch-133000245.html?.tsrc=rss
2026-03-10	Yahoo	0.267	William Shatner Has More 'Elon Dollars' Courtesy of Musk — But Makes It Clear X Money Is Fiat, Not Crypto	Actor William Shatner stated on Sunday that the X Money payments service uses fiat money backed by a “real bank” and has nothing to do with cryptocurrency. Not Crypto, But Fiat The “Star Trek” star, who has been promoting the...	https://finance.yahoo.com/news/william-shatner-more-elon-dollars-163108841.html?.tsrc=rss
2026-03-10	Yahoo	0.257	Forbes 40th Annual World’s Billionaires List	NEW YORK, March 10, 2026--Forbes releases its 40th-annual World’s Billionaires list, the definitive ranking of the planet’s richest people. Wealth surged to unprecedented levels over the past year, with fortunes climbing at a record pace. This year’s list features 3,428 billionaires, the most since the list’s inception in 1987. The world’s wealthiest people are worth a record $20.1 trillion combined, up from $16.1 trillion in 2025.	https://finance.yahoo.com/news/forbes-40th-annual-world-billionaires-134300825.html?.tsrc=rss
2026-03-10	Yahoo	0.25	Bank Hapoalim Initiates $14.7 Million Position in First Trust Capital Strength ETF	The First Trust Capital Strength ETF tracks U.S. companies selected for profitability and balance sheet strength, emphasizing businesses with durable earnings and stronger financial positions that may hold up better during periods of market volatility.	https://www.fool.com/coverage/filings/2026/03/10/bank-hapoalim-initiates-usd14-7-million-position-in-first-trust-capital-strength-etf/?.tsrc=rss
2026-03-10	Yahoo	0.233	Why Tesla Stock Got a Boost From a Battery Supplier’s Earnings	Tesla  stock rose early Tuesday and closed with a marginal gain as a key battery supplier reported better-than-expected earnings.  The move came after  Contemporary Amperex Technology  Ltd., better known as CATL, the world’s largest lithium-ion battery maker, reported fourth-quarter net income of $3.3 billion on sales of $20.3 billion.  CATL stock rose 9.3% in overseas trading.	https://finance.yahoo.com/m/af7f1bfe-ca58-3036-96bd-2fcc4ec9c6b9/why-tesla-stock-got-a-boost.html?.tsrc=rss
2026-03-10	Yahoo	0.21	Exxon Eyes Texas as Legal Home After 144 Years in New Jersey	In a proxy filing on Tuesday, North America’s biggest oil company said moving would mean operating in a more favorable business environment where officials are more familiar with its operations, provide greater certainty for decision-making, and align its legal and physical headquarters.  Exxon asked investors to vote in favor of the transfer in its annual shareholder meeting in May.  Domiciling in Texas “may reduce the risk of future frivolous litigation against the Texas Corporation and its di	https://finance.yahoo.com/news/exxon-eyes-texas-legal-home-101000725.html?.tsrc=rss
2026-03-10	Yahoo	0.189	Rivian’s Future Rides on April’s R2 Launch	Rivian Automotive (NASDAQ:RIVN) is set to begin customer deliveries of its new R2 electric vehicle in April, according to showroom reps, marking a pivotal moment for the EV maker. The compact SUV represents Rivian’s push into more affordable territory after years of focusing on premium R1 models. The company’s future hinges on whether the R2 ... Rivian’s Future Rides on April’s R2 Launch	https://247wallst.com/investing/2026/03/10/rivians-future-rides-on-aprils-r2-launch/?.tsrc=rss
2026-03-10	Yahoo	0.167	Should You Chase the Rally in Nio Stock Following Its Surprise Profit?	Nio stock soars as the company reports first-ever quarterly profit and ties CEO pay to ambitious growth targets. Here’s what could drive NIO shares higher in 2026.	https://www.barchart.com/story/news/671543/should-you-chase-the-rally-in-nio-stock-following-its-surprise-profit?.tsrc=rss
2026-03-10	Yahoo	0.15	Here Are the World’s Richest People in 2026	According to Forbes's 2026 World's Billionaires List, Elon Musk tops the ranking with a $839 billion net worth.	https://robbreport.com/lifestyle/news/elon-musk-richest-person-forbes-billionaire-list-1237674389/?.tsrc=rss
2026-03-10	Google	0.136	Tesla: Poised To Start A New Wright’s Law Curve (NASDAQ:TSLA) - Seeking Alpha		https://news.google.com/rss/articles/CBMijwFBVV95cUxNSmJnZFl5WFNOZlh2VTAwcUJfWEhBVFdjLVhuQ2o1aTVFNWNnQ1FoMXVxSHRENVdtanQzZlJ0TjdjR1c5QkZ3VXRLUmdmRzYwLXM1UHZfWW1FOTF2WWZ3VmRGVkVPNW12N2NBczZNTmIwOU9vbXpqTnlHSVlGakpJbmNoNUpkeG5EMGxtaHBpVQ?oc=5
2026-03-10	Yahoo	0.126	Musk, already world's richest person, eyes $1 trillion fortune	Elon Musk's estimated $839 billion net worth has made him the wealthiest individual ever recorded, Forbes said Tuesday, as billionaires worldwide saw their combined fortunes surge in the past year to an all-time high of $20.1 trillion.- More billionaires - Musk's fortune amounts to more than three times that of the next names on Forbes' billionaire list, which has grown to a record 3,428 individuals and is heavily populated at the top by other tech titans.	https://finance.yahoo.com/news/musk-already-worlds-richest-person-182823285.html?.tsrc=rss
2026-03-10	Yahoo	0.125	Stock Market Today, March 10: Nio Surges After Posting First Quarterly Net Profit	Today, March 10, 2026, a surprise first-ever profit and record deliveries are reshaping how investors size up this EV maker.	https://www.fool.com/coverage/stock-market-today/2026/03/10/stock-market-today-march-10-nio-surges-after-posting-first-quarterly-net-profit/?.tsrc=rss
2026-03-10	Google	0.125	Stock Market Today, March 10: Nio Surges After Posting First Quarterly Net Profit - The Globe and Mail		https://news.google.com/rss/articles/CBMi9gFBVV95cUxPZVd4b1FjTFFaVUZfLVZjdlF0SkxKSGJJUUxETzEzR0E3cjhGazZablpfV2d3QUlNb2FUWWJTM3pVMENvd2lDeUJSc1ZqVnRZVTY3cnpwNDg5QW5TdjdfeldjQ2pzVnBRNFFCa3B2SDc4dU8yclBjMUozVHNKNE9ydTFsSTBTQjNfRGRvNEtVVFRhVlNuQ3BJOXB2aG02ZFl1aEd2SURZQmxZc1A4XzU3M3hsekNKc2lwazU1OFdHbFduekt0ck0xT1gwVzJBcGFmbG8yaW12RXdTaFhheFNGT3ZvSWJRY1UwRjNKaXptMnpNMERDbnc?oc=5
2026-03-10	Yahoo	0.075	Elon Musk Fires Back At AOC After 'Billionaire Conman' Remark, Jokes He's A 'Trillionaire'	"Over the weekend, Tesla Inc. and SpaceX CEO Elon Musk fired back at Alexandria Ocasio-Cortez (D-N.Y.). AOC Criticism Sparks Online Debate Musk was responding to an edited video of AOC's comments from a 2025 congressional hearing, during which she called the tech mogul a ""billionaire conman."" The Tesla CEO replied by jokingly upgrading his title to ""*trillionaire"" as his net worth climbs. *trillioniare— Elon Musk (@elonmusk) March 8, 2026 Don't Miss: This Energy Storage Company Already Has $185M"	https://finance.yahoo.com/news/elon-musk-fires-back-aoc-153106049.html?.tsrc=rss
2026-03-10	Yahoo	0.024	Dogecoin price soars as Musk announces X Money debut date	Dogecoin is the biggest gainer over the past day among large cap cryptocurrencies. Its price surge came as Elon Musk announced the date of X Money’s debut. Musk previously said Dogecoin could be useful for payments.	https://www.dlnews.com/articles/markets/dogecoin-price-soars-as-musk-announces-x-money-debut-date/?.tsrc=rss
2026-03-10	Google	0.0	Banque Cantonale Vaudoise Has $22.55 Million Holdings in Tesla, Inc. $TSLA - MarketBeat		https://news.google.com/rss/articles/CBMiygFBVV95cUxPZ3lQLXRPMU5wMTBEZm1fcF9CUTdVRlh1N1hLdWluUWNjaWgxXzU2cGFJZXFqOUhJN2NYNnpGSDNhUzdUTlBmdzBVZmoxOUZsSDUzdnd3aE1Wd1BaTXhjVWhrZDQ2RmZaWlBQckNtVTA2cG5Xc0xKbVlGMnZDMTRsd0QwdExFWnBxUV9vWWFzaFNFaTVSTXRzU2dBVTFraWYyakxteVZfMXBXTDJoY1RTMnplcGFyUmNUT2NhcDJJOThEZmZmdGo0d3dB?oc=5
2026-03-10	Google	0.0	Capital Group Investment Management PTE. LTD. Purchases 2,864 Shares of Tesla, Inc. $TSLA - MarketBeat		https://news.google.com/rss/articles/CBMi3AFBVV95cUxQdFNaRFdzMEV5dW5lV09wblR2ZzV4YkMwZHotVTYydXFuYVpRZkF3NlI3SWhHdTJHSENVTzVTVC1HanF2YS1EX1N2SWFrUDQ5bEgtY1Y5VGlnQVBWUWxiWlZISURidmlrT2hZSUZhRmU2QUtOcVFFWmI1c0VrSldrN2Z5R2tyOXM1eTJRWHcwelA1MUtRcTRLNm9rbVlSTVFia0JyODg0eE5xYmVTYWVTdDNabkZlSDVOcVJkdUpDOHdGaVFSelVDRGpMMEtBNDJ4WmJDaHRHdGxjWFNQ?oc=5
2026-03-10	Google	0.0	Capital Research Global Investors Sells 242,452 Shares of Tesla, Inc. $TSLA - MarketBeat		https://news.google.com/rss/articles/CBMizAFBVV95cUxNYWd5Y1NnRlRYMUFRaW02RTNjY3ZXMlBKLXI2eW9wLW1nRDctbFFNcFUyTWNPYkxEY0s1LWtwS3dSZmtDdjZ2ekUwZmp6WEFfUWV1dm9iR2pVUEUxaFRZRmNJalZSSnBiTW9rUExabVpDdm5BY3VIeXk3RWlJbzF4LUNBLVNiQjB0MHlJZTZLTlhkWllPOXVIaTB2ZEhUQzhVdXhWb1V3clBvcG1kV0x1TzRvME03U2dXT0J1YVpDSS1ibUZWbm83MXFmcGY?oc=5
2026-03-10	Yahoo	0.0	Forbes reveals world's richest people of 2026. See who made the list.	Tech mogul Elon Musk once again tops Forbes' list of richest people in the world, doubling his wealth from the year before.	https://www.usatoday.com/story/money/2026/03/10/forbes-2026-richest-people-list/89086707007/?.tsrc=rss
2026-03-10	Google	0.0	Musk, already world's richest person, eyes $1 trillion fortune - Yahoo Finance UK		https://news.google.com/rss/articles/CBMiiwFBVV95cUxOVXNMcnZvc2FqWlBuRkVtY0VVbXF6WWhZQVJleGhTQmJhR3lzMkFVaGtscFUydW9reVRJbUFjcGhrMFpjSDdhWHI2Rkx4aTlFTTFwZGp0YWRnWUhzd09pdVVSanNucGdha1NfczF1RW9jalc3M3Q3ZmVFU1dwRW52Ulp3REJnUGxtdTBz?oc=5
2026-03-10	Google	0.0	Richard Bernstein Advisors LLC Cuts Position in Tesla, Inc. $TSLA - MarketBeat		https://news.google.com/rss/articles/CBMiwAFBVV95cUxNcm9oWm9jNFVsWFM4a3NDLWFrMEcyVERjN2Y0Q1VBdjRGSF9ETVdzajMwblp1UHFYaWpxTkRiYlltcVBMQ0M0dVVzRU9WaG5QeGgxNUdKUDAwMVNqOXFQbFJIamg3Umh0SVppOFEzdVFrbXY5azBlY3Z2elBHX29sN0dFaDd1UG01NmR6UWxwSnM0LXo3akxScmhRU3RUSl9MT2YxbFhkQmlDcXp0bE92YzlfN2xEcjR4cWxWUW9aMGE?oc=5
2026-03-10	Google	0.0	Tesla (NASDAQ:TSLA) CFO Sells $898,875.92 in Stock - MarketBeat		https://news.google.com/rss/articles/CBMinwFBVV95cUxOSjdRbzBWQlh4S3o2b0taLXA1RFo0bUhVWk1wVnU0Q19BX3luNnhsNFdZMUN0eTZ2cDBSMEo5Qno3SjdIWWd0WW1ucTFNQXRLbVN3NFNuRjBMZG9YaDVmaXU4SkpDR0JaR0pvamJ1bi16X1NEVEFVZFRuTnNjTmd5emd2ckh2cWhMbGFMd2swME8za0V2bUtFbVlpVnNLRWM?oc=5
2026-03-10	Google	0.0	Tesla (TSLA) Stock Climbs as Its Biggest Battery Maker Crushes Estimates - CoinCentral		https://news.google.com/rss/articles/CBMimwFBVV95cUxPTzNfUkJSc2NUNG9xODFBalQ0anhGSjRvSndNWlBpNTNmUFJfMVlwelU5V3F5RmlEWE5qdUpEQjhBVk82dFpUMjhjZWc3bFF6Tm5Wc0RWX3p1dTljSzVVOVJjOHhpNEllTjRZZkdIRWo0RjdLT29VU1lXc09ySmZndHEwb2F3M05QZHpoNWRNQU96aklrcWpzU2Rmaw?oc=5
2026-03-10	Google	0.0	Tesla (TSLA) VP of Finance leaves after 17 years as executive exodus grows - Electrek		https://news.google.com/rss/articles/CBMihAFBVV95cUxQNmNLcEJyTGdOZUpPd3laX3MtSnFYVm11Q3M5LXdCWXhlRl9rTXhHc0VFcnFzZmRuZVpRSHlLTGhNM3BqdXN1bUs2UGpjSFg5M2Y0a0Z0Z1pINGRZdWlrcENvOG1HVHJ0bzZJczFmOTczcERVMUU0dFlNRkhhenYycDF3anM?oc=5
2026-03-10	Google	0.0	Tesla Stock (TSLA) Opinions on Sales Milestones and Autonomy Progress - Quiver Quantitative		https://news.google.com/rss/articles/CBMiqgFBVV95cUxPb1dTT1J0WDFhYXVDNWJhZWFxWUtyZ3MzejdOV3NQWVJBRnBVUHEwcTdSaFg5c0VDQk5GdUJrYUhETjk0UmVTNFFEWjlsMlV3ZDdwTC1jZm5LbVFGWmhhYWxYMWRIcWNWMnk3N3dnWTBXZjFpcmRfcHZCYlpFUTRhN1pNZ2l0V0N2cElaWFRzOEdjZDF4cm5lUmdjQXA4bnJzOGRLWml0SGhsUQ?oc=5
2026-03-10	Google	0.0	Tesla, Alphabet Launch Energy Affordability Coalition 'Utilize' - Benzinga		https://news.google.com/rss/articles/CBMixgFBVV95cUxOUXZpc0VOdHA0eEtGTmJ1dUtRYk5iLUI3ZHdzZ1MwYlNkN1JmU1RTNUx2V2Jfd1NmYVhsTzVpZG5Objc2b0FNMWZPWHREeDhKV3REQ3RzbjQyOWdBeVNpWGo1RE9tUmpnbnlJMGl2VEZkZFVlSFZHNHU4dGNFSk1OZElRTFp1OWd1cTZmRlJBNXZIUHRlaVBWdjB4WkpQS3VCekpGUFBkWXVtMS1fXzJLTUVheHFLVHd5OWpSMkdIY2Z0WllSQlE?oc=5
2026-03-10	Google	0.0	Tesla, Inc. $TSLA Shares Purchased by Capital International Inc. CA - MarketBeat		https://news.google.com/rss/articles/CBMiwgFBVV95cUxQVkRld2NNMjdnSUozdmVmWmExSlNicWVTanR6eFdQSnoxcEJERFNxSGVpOVNkV1FxOFBfMUJhX25CUWJuak1PTW5rNTc4MnhXd3A5M1hiVUdSa1dwODlEUGNHX2hjMVp2dVVoVWhGdkV2eGliZ3lUUkZ5d1hSeTlqVGhyZTFlczdJVnNsY0h6TFVjZmlIX0tUZWFlN1ZsWTBDd2VYRGVyYzk1NTlWdHdRSFdSZ3MwZ0E2UEhQUUtadzhwQQ?oc=5
2026-03-10	Google	0.0	Tesla, Inc. $TSLA Shares Purchased by Capital World Investors - MarketBeat		https://news.google.com/rss/articles/CBMiuwFBVV95cUxQejBWNFZ0TEI2SnlJd2NTX1BodkdObVBXS0E1eTJRSW4yMHpELTdpZTRKa1VrR0dDajVEUTByejBsNnlaOWNtNFVoYWU4Y2luaVk2VkxfSEhVNzFYV1lvektrd2pLTDE5ckJkWmJuSWhHcTBxRGxwZFdIMHJOcm9xYjNfczZjaVZ0NEIxRDFEZGdKVmF0bU9IbHh2Q1pvRV9vOG5QWWttVWljQWR6S1FvUzFvM05jNGJqUTU0?oc=5
2026-03-10	Google	0.0	Tesla, Inc. $TSLA Stake Raised by Capital International Sarl - MarketBeat		https://news.google.com/rss/articles/CBMiugFBVV95cUxQVFpNbFhrU1ZqbmlwWlp5bGhsWDhidlNfUGpmbGtJTVgteUd3Wmo1QjNteUhrdjJlaHp3bmQzLVhPcGljQnQ4SXozWERRWFpvNjRNNUVIQ3FnM1B4ZDlWRElZdTVqeHVkNENZaHMyNXIwYmgzdlc4bVZwMnpvWXNuNkNhQk9XMU5zNi1kTGQ0UjZqcjBJZ0RoT1lFUThyNUxRRVZCV3poc3R0Tkd6eS1nTDZOYkFjUjVhNVE?oc=5
2026-03-10	Google	0.0	Tesla, Inc. $TSLA is Capital International Ltd. CA's 4th Largest Position - MarketBeat		https://news.google.com/rss/articles/CBMiyAFBVV95cUxOcDgtTTdQOEdDbnAyaG4wWDlJWHV5UXU0TFpldGMtb19hMncwSTZDb1lOVFpYdDRjNEtBQ0VGYXd1ZlFDTXhfbzV0ZUZ3cjhFeHZ3WkFaRDRKS2p5dEtRZlptbmFfOHg3amN2a3lUU3RJWjB5emotb19zcVlmTVhWa0kwWmt0aTNCRndIdk9DYmtTSS0wOXczRnhVT3l0WXVTcmQwZk1MX0tTOWdQcFV6SjdTU0ZtSWplcjh3V0N2RFd4TzdxSUR2YQ?oc=5
2026-03-10	Google	0.0	Tesla, Inc. (TSLA) Is a Trending Stock: Facts to Know Before Betting on It - Yahoo Finance		https://news.google.com/rss/articles/CBMigAFBVV95cUxNMy1yM1NQSXlFU3BrN2hZWGhrR3pOczJFM3N0eTduaHRWNF9ISlM3SWp2TlkwUGxnOTEwVjhuU2J0MnNzSzdNLU54OV9pSDBFLVBDQ3NBZzZQYkZKRDdnV19pNUZKWDhUamkxemJTX29fclpDQ0VVTTByMzlBNHA1cg?oc=5
2026-03-10	Google	0.0	Tesla, Inc. (TSLA) UK Car Sales Fall 37% Amid Heightening Chinese Competition, Reuters Reports - Finviz		https://news.google.com/rss/articles/CBMiuwFBVV95cUxQZld6T01qeVR6d0lVTFYtdHg0QlV3YzZxQVFqWmxDZGQzMUViZ21SNkIwa0swT2JCRGoxVTg3SkdBNDd0djFPUElVRDVRUUo5a3BXMHEwMmdyT2F4ZWx2eHE0UGJ1NDhaN3ZVNXVMSFhOM3R1M2M4YWNqQ1VNeUl1cDhiYTQ3S1NuaGZ3NUxEUDhxa2JWOU12dVE2d3lad2hMVTN5Z3N4TnMxcFNlRVZRUmJDUjJ6bnQ1ZklZ?oc=5
2026-03-10	Google	0.0	The SpaceX IPO Could Be the Biggest Ever—Here’s What We Know - MarketBeat		https://news.google.com/rss/articles/CBMinAFBVV95cUxPZWtPTlRqLWYtX1JxbldXR2VIQTlFamxQNENCZWdUWFhLS0JrMTF0WEdjYzBjSmhtZE9JWGVpUC1QM3dIQlJ5TU1qS2ItNlB3Q2VScEFYWFJRcVhaSDYzSWlxd3NfREViQk8wMjJ4UnYwWUZIVUdtZHFmajVEaFloOUVnLUl6ZXhqalhHNWh1bDhSNExaUXpMOGdBUlI?oc=5
2026-03-10	Google	-0.05	Tesla, Inc. $TSLA Stock Holdings Decreased by Legal & General Group Plc - MarketBeat		https://news.google.com/rss/articles/CBMixgFBVV95cUxOcnpEdGw1U1c0VWJ3YndXY1RHRUdkZnQtcWZ5cGZsVko5Q0s1VFJMNFU1ZnIzRVhWM2tNc19QX2V2LVJiWU9JZ0xDM254bHJOTHBJcTJWSnM2YUt2bzRIbWJpQWpJT3UtU01jaTdYclVHYk1QUGNFZ1pkS1pHOTZDeUUzc1hzMzFiYzA1QXV5RVhHMGxQamZIeHFxZDZDZW1sQnZGZkVJM3E2SE84dVFEUncwODRjZTFJbXV3dlVzUEFZM01UbkE?oc=5
2026-03-10	Yahoo	-0.08	This Billionaire Tesla Bull Just Backed Up the Truck on Nvidia Stock	Nvidia (NASDAQ:NVDA) stock has hit a ceiling, and it could stay under it for a while longer, especially since it’ll be time in a few months until that next round of quarterly tech earnings. Of course, there’s GTC 2026 coming up and, with that, there are rumors surrounding some potential surprises for Jensen Huang and ... This Billionaire Tesla Bull Just Backed Up the Truck on Nvidia Stock	https://247wallst.com/investing/2026/03/10/this-billionaire-tesla-bull-just-backed-up-the-truck-on-nvidia-stock/?.tsrc=rss
2026-03-10	Yahoo	-0.099	NAVER D2SF Invests in Physical AI Startup 'Khameleon'	NAVER D2SF, NAVER's in-house corporate venture arm, has invested in Khameleon (CEO, Donghoon Lee), a physical AI startup tackling challenges in highly specialized, real-world environments. This pre-seed round marks Khameleon's first funding round since its founding, with participation from NAVER D2SF, Base Ventures, Mashup Ventures, The Ventures, and Schmidt Ventures, as well as institutional investors from the United States and the United Kingdom.	https://finance.yahoo.com/news/naver-d2sf-invests-physical-ai-013000727.html?.tsrc=rss
2026-03-10	Yahoo	-0.14	Rhoda AI raises $450 million at $1.7 billion valuation, unveils robot intelligence platform	Rhoda AI on Tuesday said it has raised $450 million in a Series A funding round that values the ‌company at $1.7 billion and unveiled a robot intelligence system it ‌says can handle the unpredictability of industrial environments. Breakthroughs in artificial intelligence models that help ​robots understand language, interpret visual information and predict how the physical world behaves, combined with growing investment from major tech and robotics companies, are expected to drive robotics adopt	https://finance.yahoo.com/news/rhoda-ai-raises-450-million-160945418.html?.tsrc=rss
2026-03-10	Google	-0.156	Tesla (TSLA) Up or Down on March 11? Trading Odds & Predictions (Mar. 11, 2026) - Polymarket		https://news.google.com/rss/articles/CBMibkFVX3lxTE53WHhCU01mb01nWG5pX2phOTNZSDlkSk9Kb2dRTGNja3NxSVdua0xnZFNyNHp5S1pOSElQcEhUQ0lQV0o3MHZGWmV0R2hjVEpGaHBQYnJrU2tRZHRLVXdNWVFFWkc0N0dmWXNVZzZR?oc=5
2026-03-10	Google	-0.2	“Tesla FSD Almost Killed Me Today”: Tesla Stock (NASDAQ:TSLA) Notches Up Despite FSD Bloopers - TipRanks		https://news.google.com/rss/articles/CBMiuAFBVV95cUxOcHNiblRfcHFHVDZuYVEyczVlcWZpY2c0YjBxN2dKS3VkSnh2dGRtZWNjSmc4OVc3SnpDVGxxMDFJb0FyVkNsMEtrUUlxa0diNF9mcHRycDVxR1lFRUN6QzFYNGdpUjNTNmVtdHg3WUN3NE94bFYyVERjMDg5VXoyelNlVlR5X21oWjdTUEFrZHJrM3F2eGJIdlNKQktwYngyWFJMaUMwU2N6SXNIQWVjZXVCaWRCSF9S?oc=5
2026-03-10	Yahoo	-0.312	Google and Tesla think we’re managing the electrical grid all wrong	The duo have teamed up with other companies to launch Utilize, which seeks to change how the grid is used and regulated.	https://finance.yahoo.com/news/google-tesla-think-managing-electrical-204244537.html?.tsrc=rss
2026-03-09	Google	0.9	Elon Musk Mocks Jim Cramer's 2010 Tesla Predictions: 'Inverse Cramer Is Incredible' - Tesla (NASDAQ:TSLA) - Benzinga		https://news.google.com/rss/articles/CBMi0gFBVV95cUxQMERuOXlvT0dGUi1qMDlvc19YTGJGTGJxYUdORjBfSzM4RjVGdjRaVC1NOVZ3N0k4ejJZWXhOWjBodFN5dzY0OU0wbmxnTlJYQW5DVVJ2RndESVEzQ0owVXNZY0J4TkV4a2p4aDNDa1lXOEdKNDRiLWk1TjJFUWduTkQxbUtsTnVZbEtLMHIwX3NLWk96R0pwWl92NnhCWW5NTTBBamhlcHE1WDk5T1UzRzhYTWxpdTQydzhNaUtsaHA1X3lvZGxxMlZqd0tQbU4wZ2c?oc=5
2026-03-09	Google	0.5	Tesla Shareholders: Who Owns the Most TSLA Stock? - LiteFinance		https://news.google.com/rss/articles/CBMigwFBVV95cUxQd0h6ZVRqWE9zeEpUb0RGM2lxSEZvQ1lIV25oVWFmQVgzVjRCUk14YkhPcVo3SU9sX3E1YU9xcXNtdXYtSTQ2c21QUVllSnByMGRJWUhYTm9BaFBqN255ZGRhaDVsZEtzMzBxMExrbjFJRWFoLUdMQzN2WlozdWRHaEsybw?oc=5
2026-03-09	Yahoo	0.4	Amazon's Zoox to launch command hub in Arizona, expand testing to Dallas and Phoenix	Amazon's robotaxi unit Zoox is expanding testing to Dallas and Phoenix and launching a command hub for fleet operations in ‌Arizona, as it looks to widen its footprint in the U.S.'s ‌increasingly competitive autonomous taxi market.  The move will expand testing operations to 10 markets across the country, Zoox ​said on Monday, adding the two Sun Belt cities to existing sites including Las Vegas, the San Francisco Bay Area, Seattle, Austin, Miami, Los Angeles, Atlanta and Washington, D.C.  While 	https://finance.yahoo.com/news/amazons-zoox-launch-command-hub-130304389.html?.tsrc=rss
2026-03-09	Yahoo	0.259	Tesla may have just changed everything for Samsung	Tesla (TSLA) and Samsung Electronics (SSNLF) are making waves again, this time thanks to the rumor mill. The story that's brewing may have major implications for both Wall Street and the man on the street. Tesla, if the rumors are true, wants Samsung to produce many more AI6 wafers than initially ...	https://www.thestreet.com/automotive/tesla-may-have-just-changed-everything-for-samsung?.tsrc=rss
2026-03-09	Google	0.25	“Monolithic Structure”: Tesla Stock (NASDAQ:TSLA) Slides Despite First Megacharger in California - TipRanks		https://news.google.com/rss/articles/CBMivAFBVV95cUxNeVRoRV9ELVRqaC1aa0h4cFBzaU1FR3dBOThaT0NTMld3SEJuT2F5UG1QekdNSkVsZnc5M0xBU2lRcGx1TlNPY2trQmFrekVLSUptblM5Z2s0UnhHRU01OXVXV2hxV0pES21LRDM4djJLb3NGbDdxeVQyX2VqRzJ6UV93eXZpamdCMmxHWWkwM1BJbzJHbUc4aWRkbWdoWWp6aE1UMjc5OUMyVU5hRUZIczZDaWd3Y2NGUHQ1cg?oc=5
2026-03-09	Google	0.2	Tesla: How Much Longer Can You Hide Weakness (NASDAQ:TSLA) - Seeking Alpha		https://news.google.com/rss/articles/CBMijAFBVV95cUxPRExtcnhXX0hRNDJGZWtqOUJraDY5S1FHOHZyNGZmRTRTVmJ2SjZ2dTM0WVpOdDdmdUFKcU9kVFE0NlV5VFU3MDkwOXpQNFkzSDlBVkhtbkl5T2lURThPU0xnNUw2eWJXZlpYWkpnN2Z2U2VjMnE3NGlIU2wyNXpqenY1QXFTbzJDdlNXVQ?oc=5
2026-03-09	Google	0.2	Why Tesla stock (TSLA) falls as NHTSA probe into FSD vehicles and March 9 deadline spark investor concerns - The Economic Times		https://news.google.com/rss/articles/CBMijAJBVV95cUxNNmxlZmlVSlVYN0w2c0xBVEpaNHByVDR4eGNPTE1JVS1OM3JEN2pYc1ZkNVNRYW0zdm9KVUJKZkMtMHF3LUZkODQ4bDREQ0FRZXRrTEtQaU1OYXU5dm9GeGRGQzIxT2w0ZEgtQ3FLS2phOTczdUFLYWpJTVpOYVY3am1RSFZUcllEYnVyZDh6ZDdoVGhRQ0JxT0VVRjVmM2FNeXRsajZ1NU9IYk5hZ0pFUzAzOG5LcThfUWpHendEakZFOEVQUzZybURRNDd1TzgxMy1oM2w0VDliQUk0MWk4bWNpWkxvb243aHlHTVUzS3lxdXhjWnlvYTczdm5MbFFSVWNjV09aVWc4aE5u0gGSAkFVX3lxTFBFaWhCUmZuOXpidzRkNnhDMTF1MW9FTnpBUDZDZ05tdnBZTHNhWDd2bHRiTkNIN3lsZTNnRGp1c0dCQW81MlZFS3REdWcxR3hLVVZKYnZ2d25VMTM4R0dQSWQtVF9uMHoxSS1fVUR0N3huNzQxbjA4MVp1ejhBdGlrMVMtbUJfQ3hPYjE4U19nOWEwNDFtQjRFMUhXMzVLdVRlaWRUZE5jYmFTMjhPQ2V0bU5CZE9ZZGprdVBQWEJBcHRMVFc4X1lGT1hmQTdMbXNVdnFrQXJRVTVJckRaQU1tQjRjU3Q3ZDI5WnB4V3BjM3dxNTJzSE9aN05NOXo5a3FBR0Ywc1RMWDdwamVuMWNCSGc?oc=5
2026-03-09	Yahoo	0.176	5 Companies Quietly Eating Tesla’s Lunch in 2026 — and One Is Already Winning	For the better part of the last decade, Tesla (NASDAQ:TSLA) has been the undisputed king of the EV market with the technology, brand, charging network, and effectively no other competition worth naming. This era is now mostly over as the company posted its second consecutive year of declining deliveries in 2025, down roughly 9% to ... 5 Companies Quietly Eating Tesla’s Lunch in 2026 — and One Is Already Winning	https://247wallst.com/investing/2026/03/09/5-companies-quietly-eating-teslas-lunch-in-2026-and-one-is-already-winning/?.tsrc=rss
2026-03-09	Yahoo	0.143	Elon Musk Has One Word As Saudi Arabia Eyes Turning $500B Sci-Fi City Into AI Hub	"Saudi Arabia's futuristic megacity project may be heading in a very different direction. And Elon Musk appears to be paying attention. The Tesla, Inc. and SpaceX chief responded with a single word — ""Interesting"" — to a post on X..."	https://finance.yahoo.com/news/elon-musk-one-word-saudi-113109856.html?.tsrc=rss
2026-03-09	Yahoo	0.132	Tesla’s Robot And Battery Push Tests Rich Valuation And Auto Stock Label	Tesla (NasdaqGS:TSLA) is preparing to unveil its Optimus Gen 3 humanoid robot, positioning the company more directly in robotics and artificial general intelligence (AGI). The company is also expanding its battery supply chain and infrastructure, aiming to build one of the more comprehensive systems in the Western world. These developments indicate a broader shift for Tesla beyond electric vehicles into AI, robotics, and energy infrastructure. For you as an investor, this means Tesla is...	https://finance.yahoo.com/news/tesla-robot-battery-push-tests-061037512.html?.tsrc=rss
2026-03-09	Google	0.125	Tesla (TSLA) Launches First Public Semi Supercharger Station in Los Angeles - GuruFocus		https://news.google.com/rss/articles/CBMisgFBVV95cUxQU05Da0ttRkJmU1JEaHUzMzdKNWQySkNWYklIQ3JpcERRYWJRZTR3bDZucERjY0hMZmJocHJiU1lVWGZsUnNLU2tUVHUxTmsyRDJGUHBxU1lTa2I1QWZ6WmZQQTEyc3pDNVdDTVRSMUM0WDNjakpnZm1BbGlJNVVsTHZtMTZ0WnlMdnNjdUxkbkdlcnRMVHQ5MkJORGxZZkxBSHhEdklPb1c1cV9ndWxTMXFB?oc=5
2026-03-09	Yahoo	0.087	EXL Australia and New Zealand Announces “AI in Action” Virtual Event For 24 March 2026 – Accelerating Enterprise AI from Pilot To Impact	SYDNEY, March 09, 2026 (GLOBE NEWSWIRE) -- EXL, a global data and AI company, has announced the speaker lineup for the Australia and New Zealand edition of AI in Action 2026, its flagship virtual event series designed to help enterprises move beyond AI experimentation and scale AI for measurable business value. The Australia and New Zealand event will take place on 24 March 2026, as part of EXL’s global program spanning the Americas, EMEA and Asia Pacific. The event will feature senior leaders f	https://finance.yahoo.com/news/exl-australia-zealand-announces-ai-210000349.html?.tsrc=rss
2026-03-09	Google	0.067	Tesla (TSLA) Loses Key Finance Leader after 17 Years in Latest Executive Shake-Up - TipRanks		https://news.google.com/rss/articles/CBMirgFBVV95cUxNX0NjUzlVLXc5Ty1jdExncWQ5aW53Y0dPanZwVDJLR2xqUmdpV3NnMVp2NXU3dU1FWXptWG9CZGNuS2VpRzFnWFA5NGc2a2dZOHRzWWNZaUpDTHNYZWstbVVBM19jc05ueVJNSVhVQjNxZVRIeXdkOGhqRzBWeWRxS1RhdGU1WHB2UWVRcGhLRDlFUmZnWjl4OXV4UUlHdUVLb0EzQm5XUDJaTlE1WHc?oc=5
2026-03-09	Yahoo	0.065	Tesla Stock Rose. Now It’s Facing Chip Issues.	Tesla  stock eked out a gain to start a new week of trading after a three-week losing streak.  The global economy and a potential chip shortage were weighing on investor sentiment Monday before a late-day rally sent shares into the green.  Higher oil prices initially sent most stocks lower, with benchmark crude prices topping $100 a barrel at points on Monday morning.	https://finance.yahoo.com/m/9db9ed8e-e446-35c6-8e89-d3889342af90/tesla-stock-rose.-now-it%E2%80%99s.html?.tsrc=rss
2026-03-09	Yahoo	0.064	Tesla Robotaxi prices just jumped. Here is what riders pay now	If you have been taking short hops in a Tesla (TSLA) Robotaxi around Austin, your next ride is going to cost more. Noticeably more. On March 7, Tesla quietly updated its Robotaxi pricing for the first time in over six months. the base fare tripled, jumping from $1 to $3.25. The per-mile rate stays ...	https://www.thestreet.com/latest-news/tesla-robotaxi-prices-just-jumped-here-is-what-riders-pay-now?.tsrc=rss
2026-03-09	Yahoo	0.056	The 48% Dividend Mirage: Why Retirees Are Flocking to This High-Yield ETF Only to Lose Their Principal	I am going to be very blunt. Many retirees say they want income from their portfolio but refuse to sell shares to generate it. The idea is that spending dividends or distributions feels acceptable, while selling principal feels like running down the portfolio. That distinction is mostly mental accounting. What actually matters is total return. ... The 48% Dividend Mirage: Why Retirees Are Flocking to This High-Yield ETF Only to Lose Their Principal	https://247wallst.com/investing/2026/03/09/the-48-dividend-mirage-why-retirees-are-flocking-to-this-high-yield-etf-only-to-lose-their-principal/?.tsrc=rss
2026-03-09	Google	0.0	(03/09/26) TSLA: Cybercab Factory Rollout Could Help Turbocharge Tesla - moneyshow.com		https://news.google.com/rss/articles/CBMirwFBVV95cUxNODFLc2NhNFI4d2NTMDIwdW1CNGQ2a2dacFVXZ29wV19wX2RDeUJ1dEZEZmlWZ3JhajRFXy1KSmpkN0dSVFQ1Q0FKelhaeWNuelNBR3F3ZHU3bFVXcEVaLW1uRDlpaGFHNFZkVXROWnFNNl9XSHpWQ2U0M0Jud0E4TmgwdWl4WEp2ZHBWMjJ6b0p1TlZkd0ZpZlU3R3dFSnUtb1ZKVEFuTkNYNTZLNE1Z?oc=5
2026-03-09	Yahoo	0.0	AI Memory Chip Crunch Emerges as Tech Spending Targets $650 Billion in 2026	Exploding AI data-center demand for high-bandwidth memory is tightening supply and raising costs across the technology hardware industry.	https://finance.yahoo.com/news/ai-memory-chip-crunch-emerges-123826248.html?.tsrc=rss
2026-03-09	Yahoo	0.0	As Elon Musk Aims for AGI, Should You Buy Tesla Stock Now?	While Musk focuses on building AGI-powered robots, is Tesla a buy now?	https://www.barchart.com/story/news/646746/as-elon-musk-aims-for-agi-should-you-buy-tesla-stock-now?.tsrc=rss
2026-03-09	Yahoo	0.0	BYD Files Paperwork To Import EVs To Canada. Tesla Does This.	Tesla will face competition from Chinese EVs in Canada, now that a 100% tariff keeping them out of the country was lowered to 6.1%.	https://finance.yahoo.com/m/c641accf-76e8-3584-8d92-37c0feacce9a/byd-files-paperwork-to-import.html?.tsrc=rss
2026-03-09	Yahoo	0.0	Billionaires Elon Musk and Mark Zuckerberg used mortgages to buy multimillion-dollar mansions. Here’s why that’s a savvy financial decision	Even the world’s richest people borrow money to buy homes. Financial experts say mortgages can actually be a strategic wealth move for the ultrarich.	https://finance.yahoo.com/news/billionaires-elon-musk-mark-zuckerberg-153157317.html?.tsrc=rss
2026-03-09	Yahoo	0.0	Dow Jones Futures: Trump's Iran Comments Spark Stock Market Reversal As Oil Prices Tumble	Dow Jones Futures: President Trump's comments on Iran sparked a stock market reversal Monday, as oil prices spiked lower.	https://finance.yahoo.com/m/dbc8242b-8ae9-343a-b883-4d12fc5d012e/dow-jones-futures%3A-trump%27s.html?.tsrc=rss
2026-03-09	Google	0.0	Elon Musk Fires Back At AOC After 'Billionaire Conman' Remark, Jokes He's A 'Trillionaire' - Tesla (NASDAQ:TSLA) - Benzinga		https://news.google.com/rss/articles/CBMi0wFBVV95cUxOUUNxZkNGdFl1YlJ0S1V3TVZGYjA4ZEtySDdtR3FEQTNaYWMyandPTEJ3UFNzdEZKT0luNFM5LWVnYjJVWUt5WjN2VE5tZ0ZmZlljMkR2RW10ZklqTjhzSW00VjNud0RSZmJiRXRZSlJVUUNWaGZwX052azVBM0RTemxIRDM1bC1OYzNQTno2RE9fdU1GSEVvRlI0eDJmUXVuRnlVUkNHSlVRN2lmTWdLbzZsOExPSjhTV0tjbVVOOHBYcnJ3SU0tdWNiQURmN1NiVmJV?oc=5
2026-03-09	Google	0.0	Elon Musk's SpaceX Will Announce Its IPO Before This Date? Here's What The Prediction Market Says - Benzinga		https://news.google.com/rss/articles/CBMi8wFBVV95cUxONmZ3aE53eEhJVTgwUEhqRlg4YnFjY0FtY0hSUF9WRUtLYkZFdDhOX2ZQUkFuUEJVcFgzZEZSQlJaWlJRM3RqczNHaWJnVVA5VlByT2EtSDVlaDR6VEViT0MtRXBYbUljSXFvaEFvYmQtX3lOV25hVjN0d2tWOHVSWWh1ODlpY2FCcFc1QTA2Q09FM19leWhhczlndlBzNVpxWk1wM2Z3a0haQlJkSV9ZUHFOZ0F2Zlp3MWhaY0l2SW1VQjUwdk1EVjFHUEFoSkxyanRxLURmamtCVU81ajlzOVRkODZtV2IxTDdUSm5qblZhaU0?oc=5
2026-03-09	Google	0.0	LGT Group Foundation Trims Stake in Tesla, Inc. $TSLA - MarketBeat		https://news.google.com/rss/articles/CBMisAFBVV95cUxQV3YzazBRM2FHTnFDemt2YWhua3l3SEYzUnM1WHFFMndWeFJOZXItTlpWd2VtTUsyVmZiUll0NUcwU05kNjRpTTZwVUxnUEg1ZHdDeUNPN1cweS0tLXhjaE1EQWFtZF9Wc3JHYU5CQ2NmbUp0bTFmaXVUd0lheXNJQzhJVWpUWjVpT2pRSC1lYWNrQkhBTlg0ZjJob3NRRVZPS2VqaHJUTlhkSGtJa3AzYg?oc=5
2026-03-09	Yahoo	0.0	Nvidia Draws $350 Million Bet as Tesla Billionaire Doubles Stake to 2 Million Shares	Leo KoGuan adds 1 million Nvidia shares, bringing his total stake to 2 million amid global market volatility tied to Middle East tensions.	https://finance.yahoo.com/news/nvidia-draws-350-million-bet-164820841.html?.tsrc=rss
2026-03-09	Yahoo	0.0	Nvidia gets $350 Million vote of confidence from Tesla whale	KoGuan doubles position amid global market jitters	https://finance.yahoo.com/news/nvidia-gets-350-million-vote-153129802.html?.tsrc=rss
2026-03-09	Google	0.0	Pinnacle Associates Ltd. Decreases Stock Position in Tesla, Inc. $TSLA - MarketBeat		https://news.google.com/rss/articles/CBMixgFBVV95cUxQM1E0dGg3ZG9lY3pYdGgtaHpmdURsa3lhRnRtZnRESk8tdnZIMlFwZnJGR3JReHZ4djk4cVMwdkpJZWVJemJsSzRWTjhhTEF2NlZyY25Hb2drQ2dlN0pIWUN1dWZWWHJBSTZ0SG9BTklJdG9DR0JKbkVJZU5OcHd4SDUzMUlwVDRSWDByOVEzRU5YWlhpZ2ZmT2txSmdnbVE5Sm9zX211Z1VKU3VEcmZJbkRJRFY0M25zOXQ5WElJR0tJX0hGYXc?oc=5
2026-03-09	Google	0.0	Russell Investments Group Ltd. Raises Stock Position in Tesla, Inc. $TSLA - MarketBeat		https://news.google.com/rss/articles/CBMiygFBVV95cUxNRW5EcUw0blZxVzZuYlo5NlhTWEo3ejlCRjBvT3ZhRnI0N1F2cVVSNFM0bW1ncTJuUVZJdVpQUTFRQ3REa05zRGxxbnVhSUh2R2NRS0Zwbm1oYS1zcGRqN0hQdW1kOUs3TVk2TGZhR2pXdlBVVWRkMTNfQVBCSTg3RU01RnZ3bDJyUi1EcnZhUXh3V1ZaaHhablFkd2Q2MDBDeVFOVEVYb0NROFhqdl9adF9rWjZKUWhzZWJkcE9OeG9Ma01XcWlJM29R?oc=5
2026-03-09	Google	0.0	Schroder Investment Management Group Raises Stake in Tesla, Inc. $TSLA - MarketBeat		https://news.google.com/rss/articles/CBMixwFBVV95cUxQb3NhV2F2T1VxVTg5d2Q0Tkp5cWVOTjVOUURVRnpibWZfdU9veXVNem1LbktBd2F6QnpXanVMQzVnZkR1OU9ZZ0xJYW1lVnMzal83SmptWmtXMHdvMm9CVlBfNHZMZXcyaUhsZ2ZaeDZZdUJaOEJnUmRnUm50cVp6Q3ZUbVFld2J4TEpFWXFYbmtFTXIybkdwdHRGRE1yWVlsdzVINTEzd3h0NDY0UXUxS3ZISEk4ZTR5TnFqSDk2YUpOUW1QY0xz?oc=5
2026-03-09	Google	0.0	Strategy Capital LLC Has $46.63 Million Stock Holdings in Tesla, Inc. $TSLA - MarketBeat		https://news.google.com/rss/articles/CBMiywFBVV95cUxNMHppY2xRUlMyRnNJeGtIT2FNVmtkdVBSZ1pWYVhGLTVSVEI0X0NPaFp6ZlE5ZlFPaVFLbi1URzlxWkY2b1dPMGppdDNMdlBxM1FydkVFdy1ZQlZtVG1fdXoxWkhxbWVoTmZ1X2RrYi1IQnRScjZrQ0t6MmtfRkU4cmkzY0ZiM1J2N0JDdTBBXzVnM3RWc05rWEtyZ3YzTG85bzFfMzdaLXhqVEdhSnQwRWFHY0M4XzByTHBTMlluaC1pMGRsbDNMaTFhNA?oc=5
2026-03-09	Google	0.0	TSLA- Cybercab Factory Rollout Could Help Turbocharge Tesla - Yahoo Finance		https://news.google.com/rss/articles/CBMiiAFBVV95cUxNNjRWazdsenhoeUpjTWJsV1NrZl91aWxSYVBfWWxYaDFmUmVPbVpMR3F5dnNPc0IxVEhtZlVfMUJzUWVmTUk1azBaWk1DWFltTDlMdzJnME9pbHZGdllHeUNIZlQ2R3paUUZkV2tKa3haUEJLdGpQc0wwUXc4OHNNMElrWG5Pd2lI?oc=5
2026-03-09	Google	0.0	Tesla (TSLA) Faces Sales Decline in Europe Amid Stock Drop - GuruFocus		https://news.google.com/rss/articles/CBMimwFBVV95cUxPQkt0Rjl3OF9uSnY2STFOTHBmX3BUYnZOS3E3cy1sNENxdVpTX1I4Z3hxVDdxNkU5d3V1ZGlEUHFUUWVzWllUX3Qzbnc1czVJTXJVU3lVU0VvRk9VMkpiTUFWZmVvZlNfWF9McmtES1B5b3QxRWVVS0VScFByb183S1k2VERrWVBWY0pfaGhUY05wSVJtcXhNNlVJNA?oc=5
2026-03-09	Google	0.0	Tesla (TSLA) VP of Finance Departs After 17 Years - GuruFocus		https://news.google.com/rss/articles/CBMijwFBVV95cUxOVVJhdzZPN2tTN0lzZHpTMGJqdWhhVURPak5SdnRqai1qcEZheTNoaTlLbk5KN3FGTG5Ja1IwWmlIV1FMX2Q5cDVER2xPRjd1UEdBczBUNzFmc25Ma2NvSmFOUjQ2RmhnSWJSYW10NlN3UHprV3hiQ1kwdkM1WENCeVlITi12SnBCSzRoSHZWMA?oc=5
2026-03-09	Google	0.0	Tesla Stock Is Dropping: What's Going On Today? - Benzinga		https://news.google.com/rss/articles/CBMiqAFBVV95cUxPNHZQaG5pYVdpdzdZTDhWWllPaURsdGpuWk0wcS1aSmtYSTV0N3ZiaGpxMG5IUFZIT1ZqV3hYMFgxOXdZZFhwMjBmNUFVb1c0Unlkdldwci1BcGZZdThLeGJLTmNTVVBsT3ZLMGFuQkN1aGJDZ1RRb3dZLVo5TW9HMU9TSkphMlBvUHdFUGhJSVZ4anBfdDFIOWd2dHdrWThQcGJod1g3Mzk?oc=5
2026-03-09	Yahoo	0.0	Tesla Whale Doubles Nvidia Stake Amid Middle East Tensions	Nvidia Stock Gets Whale-Sized Boost as KoGuan Expands Position	https://finance.yahoo.com/news/tesla-whale-doubles-nvidia-stake-193355507.html?.tsrc=rss
2026-03-09	Google	0.0	Tesla may have just changed everything for Samsung - Yahoo Finance		https://news.google.com/rss/articles/CBMihgFBVV95cUxNSjh1OHFDWGhONkk5OUFuRXFWQUF1QjZHVy1VOVZKZnhfYkVLX2hYc2dFWEJDNGN6dFN6NTJCODg5WXpZYnFMYU9DQXNjRVZmVkxYODhhcTU4d0ZIaVZlSXBwSlp1bmd4YkhQR2pxUmRnR1k1bTk5dHBTdDcxdVVsWDJOWVc3dw?oc=5
2026-03-09	Google	0.0	Tesla stock: why three big banks are turning bearish on TSLA - Invezz		https://news.google.com/rss/articles/CBMinwFBVV95cUxNbThEY1p6RVRUNXdNRXk0THVXdlZyOU1weWRHb0pRNUVSUTVjalZnNldxbmM0d1dibVlOMmVCN1d3Z0ZJX0FlOC12UWVDNEc1MkhkVDE3WjNGRVBENDgyLXUxbGtuZmlOZV9UbW41TVdFNDk4OVc2cFB1TWlxbTd4dnNwdXBTMGZHZXRmcjJ3dVU4dUZPMnJyQkN1YzNSTDQ?oc=5
2026-03-09	Google	0.0	Tesla, Inc. $TSLA Shares Sold by Vestcor Inc - MarketBeat		https://news.google.com/rss/articles/CBMipAFBVV95cUxQZm9vSVdwSmVfV2g5WnFCaTJwSzhfU2pVZzV0VEh6RWtmcHVJa3FURzk5YmVrMzFWYy1zV3dicDJzRTJ1RktWNVVfOEc3UmgybjYxaEZSc1NWV3NLUkhJamxOV0dTYUVFS1hzaUJFMk93NmpjTkZEeElFREhYMFBMeEJ5aVRsZVc4T0hSNnp3RzdVdENnZTVadEJKQWNUb1dYQlJseA?oc=5
2026-03-09	Google	0.0	Tesla, Inc. $TSLA Stock Holdings Increased by PFG Advisors - MarketBeat		https://news.google.com/rss/articles/CBMitwFBVV95cUxNcGFRRlU4WjE3SjZuTjlFWkxDWEpUeVdCbWszMHNwTWR5ZXpoZFFzeU83enJsbm9Oay1PVmJxYjE0TkEzTkp6OW1sQ1dOc0VFWXhzd3NsbXlTdEx1cWVvV2phU1NxaEhqbVZrQlhKV3hSRUF2LTMxRktYRlNfUWFzU3dSYmpGTlRpRVcyTWJWVkxGRVVNejJ0cEg3cGNZT2dqbVVEbnluekxiTHlud0RBaVBWWWFWcTg?oc=5
2026-03-09	Google	0.0	Tesla, Inc. $TSLA Stock Holdings Lessened by Swiss National Bank - MarketBeat		https://news.google.com/rss/articles/CBMivwFBVV95cUxPcjlOY2hoY042X0VDUWh6MWRhVXBjMWpOc19TS2lmeDVBWVFHUndRX0pYdFN2dV9McFo3ZVRLU3drak82RGtUWVRCb0ZWMzhrUktzdU9Nai1oMUNFZm0tQVJsS2d5cGoxbTNNUkNqQVBVbmQzZ2tySHdHc0FYbExPSmFiYnZ2dDMyQXRDRzZpUExnaVhwaU1ZQ0s1dDFvbW1uWEZjaHNyUWxaTk9lc0VtcHRlbkowQkJ5aTBRc3RaYw?oc=5
2026-03-09	Google	0.0	Tesla’s Samsung Chip Push Highlights AI Ambitions And Investment Trade Offs - simplywall.st		https://news.google.com/rss/articles/CBMixgFBVV95cUxOcjBVYTR4dnBZeWplSkhkanRjQVJoa01HWkh2REIzV3BMcFdFcTJpcmdIY29pX0hGdmpYOXBheE85V3BNQkZzQ1Q2N09GeU93b3lCdExFRzlxVGNNNnlzaU91N1hIZlVMeC1qcDZMaVVKaENhZXdJUEpLZjZORE1sUjU4czQ1bmJfVzVYX3BYZm1tUldOd19lQm5Fbi1Ca2I5bUItNF9aNWNpek12aWJ6dF9PV2gzMDVvMHhLQmw3QWRyQlBLUXfSAcsBQVVfeXFMTWlzeHdtRDg0RVotSGZ4UkNkczdKUk9ycXpvYlFFd2M3azZLcjBVeU5PSUpoc1RVLWE5Sjk1SGlfYW9KbVpDMDdkczZ6bUZnUWJtWnFocWZMSzZsa0pMRnJ4UTBZUDBVZGhGSUgxLXh6RlMxUVJIMVQwczdLTnhVQzhOTmFrbTJkc1drWG91YVJydXZvLXhkY1lZT1BmLW5VZGlTbTlxb1d6ZHdIWkM3UkdLdkRYbWVtRzU4anJ4R2Zkbnh2cEZCVkt4ZzQ?oc=5
2026-03-09	Google	0.0	Tokenized, NVDA And TSLA On Nasdaq? Coming 2027 In Partnership With Kraken: Report - Benzinga		https://news.google.com/rss/articles/CBMi2AFBVV95cUxPRzNOUXJuMUNyUzdLVUdkRndRMkdqUmI5ZGU4RXFFOWdfUmVZUE5TZ2JLajhDaXdYakkzandITHZlb0hvWVJzNXFlZ3hQT3g1NXZheHItT05ibzhNb1hMWjB3Z2JFbFlXV0pLNzFSTk53bGJWZU9sV1dOOU1FN2hXRy1wbmNJbVRIbGxhR3A1RE1XY0dXd1p5SGJNNlhyeG9tLUVUMTlqZ2ZiSVd1V040ZVNVckNrdzVNZHpjVS1XYWVhNTk1ajlOb1d3SFFMcFNIeHR2eFpwT3E?oc=5
2026-03-09	Yahoo	-0.012	Tesla Stock Is Down, Again. Now It’s Facing Chip Issues.	Tesla  stock started the week lower after finishing down on Friday, leaving shares with a three-week losing streak.  The global economy and a potential chip shortage are weighing on investor sentiment.  Higher oil prices were weighing on investor sentiment.	https://finance.yahoo.com/m/9db9ed8e-e446-35c6-8e89-d3889342af90/tesla-stock-is-down%2C-again..html?.tsrc=rss
2026-03-09	Yahoo	-0.05	Lucid (LCID) and Rivian (RIVN) Stocks Jump as Oil Rises but Tesla (TSLA) Stock Lags	Lucid Group (NASDAQ:LCID) stock and Rivian Automotive (NASDAQ:RIVN) stock are jumping sharply today while Tesla (NASDAQ:TSLA) lags behind. Tesla shares are weighed down by a new federal probe into its Full Self-Driving (FSD) system and intensifying competition from Chinese electric vehicle (EV) manufacturer BYD (OTC:BYDDY). Tesla stock is down 11.23% year-to-date in 2026, while Rivian ... Lucid (LCID) and Rivian (RIVN) Stocks Jump as Oil Rises but Tesla (TSLA) Stock Lags	https://247wallst.com/investing/2026/03/09/lucid-lcid-and-rivian-rivn-stocks-jump-as-oil-rises-but-tesla-tsla-stock-lags/?.tsrc=rss
2026-03-09	Yahoo	-0.075	California Gas Prices Surge, Ross Gerber Says It's 'Time To Buy an EV'	On Saturday, Gerber Kawasaki Wealth & Investment Management CEO Ross Gerber warned that California's spike in gasoline costs hits drivers unevenly, arguing the pain is avoidable for people who switch to an electric vehicle and pointing shoppers toward Rivian and Kia as alternatives to Tesla. His push to ditch the pump comes as tesla FSD limitations have also been on his mind, after describing how direct sunlight can disrupt the system even when other parts of the software perform well. In a post	https://finance.yahoo.com/news/california-gas-prices-surge-ross-223019891.html?.tsrc=rss
2026-03-09	Yahoo	-0.123	Apple, Tesla, and Alphabet All Sinking As Oil Prices Explode Higher	Sunday nights are never happy. Most investors are preparing to head to work tomorrow, but tonight is especially tough. Sunday evening just got uncomfortable for stock investors. WTI crude oil futures have exploded past $108 per barrel tonight, and the ripple effect is hitting three of the most widely held stocks in America. Nasdaq futures are already ... Apple, Tesla, and Alphabet All Sinking As Oil Prices Explode Higher	https://247wallst.com/investing/2026/03/08/apple-tesla-and-alphabet-all-sinking-as-oil-prices-explode-higher/?.tsrc=rss
2026-03-09	Google	-0.125	Tesla's FSD Safety Metrics 'Sharply Deteriorating,' Says Analyst - Benzinga		https://news.google.com/rss/articles/CBMiswFBVV95cUxOMFhsZjFaVjcyVFhyX2tJd1dFOE9yaEpOVUU2S2dOVlEwQXIzSDRxbVI3WTFqZGc3QnF4dmZtZ2dvZ01yZ0JVN1F1WlVQTk90N3A2cEc3VF9KbXRMbXV4RTd0Wkhod3hBM3ExMWZaTHhlX0xpWnM3c1JSNGt3ZHMxTmF5c2VxNHQzTVJPT0hReV9IODFiOG9DQlplalpOZGhQVXViWS1aLTMwcFRyTlVFZ1gwOA?oc=5
2026-03-09	Yahoo	-0.312	Tesla Stock Falls as Federal Probe Targets FSD Traffic Violations.	Tesla Stock Edges Lower. What the NHTSA Investigation Could Mean	https://finance.yahoo.com/news/tesla-stock-falls-federal-probe-184105948.html?.tsrc=rss
2026-03-08	Yahoo	0.54	"Nvidia and Meta Platforms Are Now Cheaper Than the S&P 500. Which ""Magnificent Seven"" Stock Is the Best Buy in March?"	Investors are getting a great price for these top artificial intelligence (AI) growth stocks.	https://www.fool.com/investing/2026/03/08/nvidia-meta-platforms-cheaper-sp-500-buy/?.tsrc=rss
2026-03-08	Yahoo	0.33	YieldMax’s TSLA Option Income ETF Has a 60%+ Yield And a Track Record That Should Terrify You	TSLY paid out more than $10.78 in distributions in 2024 alone, with an annualized yield cited as high as 75.31%. Generating that income requires a covered call structure that caps upside and leaves downside fully exposed, and understanding that tradeoff is what separates investors who use this fund correctly from those who get hurt by ... YieldMax’s TSLA Option Income ETF Has a 60%+ Yield And a Track Record That Should Terrify You	https://247wallst.com/investing/2026/03/08/yieldmaxs-tsla-option-income-etf-has-a-60-yield-and-a-track-record-that-should-terrify-you/?.tsrc=rss
2026-03-08	Google	0.245	Elon Musk Announced In 2020 To Own Almost Nothing. A New Report Says He Quietly Built 90 Texas Companies With Expanding Assets - Tesla (NASDAQ:TSLA) - Benzinga		https://news.google.com/rss/articles/CBMiiAJBVV95cUxPRl9PaGZFQW91SXgyMHFyc1UxTzVDY3ppMy1NeTdaZVRRZHEyd3RxTjdUdWpBeW1XTXFESG44SDVlYk9TdEg2QXY1T09yMjd4ajlwTV9aYUxwZkp0cDN3b2twZ0VmeWRTcTFNWTQ4VDFuQ2hlZ3hvOUtNYVhRSk1weUo1WkhGeWNrLTRLNEpKTGFKY3BJcFVnblR3b2JUUk8tODY0Y2I3RnpiUlZyZUI1TEpJWVJDMndTOTN2MTU0eXN0Yl81ZS1HR0I4Zy1na3ZubzRWZ2l1ZDFYZ0VtOFVsb0FYbXd1dnlxTVBuYzhOeUgzdzdqR1ppT05KeGVYRVp6Z2tBRUo1alg?oc=5
2026-03-08	Google	0.136	Prudent Investors Network Inc. Acquires New Shares in Tesla, Inc. $TSLA - MarketBeat		https://news.google.com/rss/articles/CBMixwFBVV95cUxPYkUtWUZvV2paMGI5QU5iNW9ULWVncTR3SnpPT2NaQTl0NTFCc056d3NhaDhaNDN0eDJjamgxLTNGM1ZwcWN0eW9BYnc1UHU2VjhXekd1OWdHVDJqelIyd2psS3J2WVAtNTVGYW9hSmltWGZ3dnF2bUtYYVpfZjNDYjhvaDR4WjZFeHA4MUpTemdXMHQxYnJ4Q1llbGJzb1FicVZOd0ZZZElfNzVZVURlRlNiWmhiOGFXZm1tbHRrSFctTjZ3ZWFv?oc=5
2026-03-08	Yahoo	0.11	Elon Musk Announced In 2020 To Own Almost Nothing. A New Report Says He Quietly Built 90 Texas Companies With Expanding Assets	Elon Musk in 2020 posted a message that sounded like a radical shift in how one of the world's richest people planned to live. “I am selling almost all physical possessions,” he wrote on Twitter, now X. “Will own no house.” However, a recent The New York Times report suggests something very different happened behind the scenes after Musk moved from California to Texas. According to the Times report, which was based on millions of business filings and property records across Texas, Musk quietly b	https://finance.yahoo.com/news/elon-musk-announced-2020-own-180033918.html?.tsrc=rss
2026-03-08	Yahoo	0.083	Tesla's Europe Registrations Rise 10% In February Despite Sales Drops In Key Markets	Tesla Inc. has recorded an uptick in its reported registrations across multiple markets in the European region, in what could be a boost for the company amid falling sales. Registrations Surge 10% On Thursday, Electrek compiled registration data from 15 different territories in the region, including France, UK, Germany, Portugal and more. The company, in total, reported 17,425 registrations in February, representing a 10% YoY surge from February 2025. Don't Miss: Explore the Fire-Safe Energy Sto	https://finance.yahoo.com/news/teslas-europe-registrations-rise-10-193022920.html?.tsrc=rss
2026-03-08	Yahoo	0.054	Maye Musk Shares Emotional Tesla Crash Story, Says Photographer Credited Tesla And Elon For Saving His Family	"On Thursday, Maye Musk shared an emotional story about a photographer who credited Elon Musk and Tesla Inc. with saving his family's lives. Photographer Shares Tesla Crash Survival Story During an interview shared by Tesla Club Austria, Maye Musk recounted a moment that took place during a large photoshoot for Sports Illustrated. According to her, the photographer addressed the room before the shoot began and shared a deeply personal story about a crash involving a Tesla. ""He said, ‘I need to sa"	https://finance.yahoo.com/news/maye-musk-shares-emotional-tesla-143032323.html?.tsrc=rss
2026-03-08	Yahoo	0.044	F-150 Lightning Outsold Tesla's Cybertruck, But Ford CEO Says He 'Would've Done It Differently'	Ford Motor Company has stopped production of several electric vehicles and de-emphasized a former large portion of its growth strategy. In a recent interview, Ford CEO Jim Farley says he would have done things differently. Ford CEO Has Some Regrets Serving as CEO of Ford since October 2020, Farley has guided the company through periods of growth, but also watched profitability hurt by focusing on electric vehicle unit growth. Farley sees electric vehicles as a future point of growth, but right n	https://finance.yahoo.com/news/f-150-lightning-outsold-teslas-220039312.html?.tsrc=rss
2026-03-08	Yahoo	0.017	What to Expect in Markets This Week: Data on Inflation, Housing, and Consumer Sentiment; Earnings From Oracle, Adobe	Coming up: February CPI and January PCE inflation reports, housing market data, revisions to Q4 Gross Domestic Product, earnings from Oracle, Adobe, Dollar General	https://www.investopedia.com/what-to-expect-in-markets-this-week-fresh-data-on-inflation-housing-gdp-and-consumer-sentiment-earnings-from-oracle-adobe-11920289?.tsrc=rss
2026-03-08	Google	0.0	5,086 Shares in Tesla, Inc. $TSLA Purchased by Marvin & Palmer Associates Inc. - MarketBeat		https://news.google.com/rss/articles/CBMizAFBVV95cUxNb2hYdjBWSUtYZHRLTXBhYjdqWUl0dnFpNnhsNHlvNmw1SUR3VjNIT01laUdqbXFnSmhKVDRmVGZ0dkl2LTMxb0lrS3J2Z3NycE9NN1JwS3AtYWF5SjRIWW85V3Z0dWVQeUJZbjU2TWVKT01ORkRLbWx0VUE3ZXhWYVczTlJDRHZsNDdrenZYTzd4RXplVmpEaEFVU3dzcDh3MFN5NlV3Wm5peFVRWGJiYTBVYzd2MExTeTdWRGFwYmYyY3c4OXVRVzlxTlQ?oc=5
2026-03-08	Google	0.0	CreativeOne Wealth LLC Grows Stock Position in Tesla, Inc. $TSLA - MarketBeat		https://news.google.com/rss/articles/CBMivwFBVV95cUxOcGJ2Q2Zob2xRQV85aTc5b0Qzd0lrTWFORnNGeElXQU1hQi1OUjdkV3R1M1V1d2EyNUhEMVVKNE9Qcmx3ZFRHR1pxVXRVUGl5RWQtZVprX19OLWZRakZhV2VYdWd3MU5tTXdXQ0NyaXdTaGpjc1NSMjByVlBEbG1QWTJ3aWt5NURsN3QtVzBKdVhnOWdzX0wwRkYtYjY0ZHRkVWJBMHNybUlnblZfSW9sVkxBYlA2Qmc0WkM2QUhuYw?oc=5
2026-03-08	Google	0.0	Gabelli Funds LLC Purchases 45,123 Shares of Tesla, Inc. $TSLA - MarketBeat		https://news.google.com/rss/articles/CBMiuwFBVV95cUxPVmI5X182TDlDTVliU3hSQkRZMkZreUJOaGNqakJmajh2TkhtVnk5Zl9vZERadjJPVmFuQmV3YWZxRy1tUlVURU1XVEU0Z29YcUhNZEc5cS1Hdm4yazBtdy1fOV9vX1FmbzRWMDFQWko0ZHN6YlVSUzMwa0RWVmVoYm9aekhLUEVaeng3UVRoa1lqekVrNHZpa1R0WkR6TnloeVRxb0ZlaDI3QUl4NU16ck12N0xSMTFWR2xr?oc=5
2026-03-08	Google	0.0	Gamco Investors INC. ET AL Raises Stock Position in Tesla, Inc. $TSLA - MarketBeat		https://news.google.com/rss/articles/CBMixAFBVV95cUxNX3dJWi1SbVRoak5PVWFEN0tSWXd5a29WSXh1VE1TaHZoWHRqWnZiQ3pDY1BZM2k1dGZ4WVVSX3lsUG96ZG5fTFhZdHduR2c2WXpOUHVPMDdiLXMxVGd5elFieHRSUU8tQzJtU2FRNjRIZEswWEZKazVnb0VoQ09KSllVTjZlT04xbHJWNjhRQmRVTVZ6eXhBT04xRnBhVWswWmZfTlpHSUhtNkMtM1FMTGhGX1JuQkhBbFZJbzNsSGlyeEhw?oc=5
2026-03-08	Google	0.0	Is Tesla (TSLA) Pricing Too Much Future Growth After Recent Share Price Pullback? - simplywall.st		https://news.google.com/rss/articles/CBMixgFBVV95cUxOaDM2Z3p4TW5hRlpXbDNmVE1lem12d3h4ZG1ocWNxNXpSMXpUUU9IUG9lOFFuNjQ2ZmZGOEFDdnFMSTdRbGhyeHk2U0dpMXQ3TWNmLTE3SXJFanhuNXVQUlBsdVBVck9ZWm9rcU83VG9yR1VHU181YTExekhIZHZYbERnLVBhNllscUQ3OVVrVF9teFFHUGpsNFFIWHdHelQxYlJFbEgwaW05akl2LW0zV2lLcE9JNUlGVG1JWFd5X21SY3FBbmfSAcsBQVVfeXFMTS1Ec2swSEdVcHNMM3lCRGh3ZDVWcmhDT2JPcGZObzFnX0xLN3FPbURwWmVHNUtZaGJ6Z1p0VTBwRjJ6MFl4UFV1UXduY1pWZHQtSk91VTRlOFRwNC1kYzMtc0NtZXFob3FuT2hGS09tckJJT3VqTVVqRm1KcUhON2ZSdFpjT0w4eS1aekhpUVJwdVZfb0FuTjR5WWNjcmFuZ1BFVHdLamdFNFBCLS15OWlwcmhHNF91cmU2M0hpSFZwZ3ZndTN4aDVLUjg?oc=5
2026-03-08	Google	0.0	Matthew 25 Management Corp Has $16.32 Million Holdings in Tesla, Inc. $TSLA - MarketBeat		https://news.google.com/rss/articles/CBMiywFBVV95cUxQOW05bmQ1T2c5MloyMC1EZ2pxZEVfeE4wVmsyc0poMHF3cHpoTEdXZ0FGTG1pNkZtOGZpZ1pmZjl2UFBHaC02RkdQM1VoMmJHUjRQLWJCQTAtVDEzV2xyMmNqU2l2M0lUOTVYVmtSVTdTNGxDT2lFVEd5Unp0RmllYkdKMXZtSEMtdzRSTGx2cmR6X1BVclhwTVBRRzF0ZldDbEdGRWMyOEltYnJjRk9ubFQ3cnd6UjdfMjBQai1HUFFpVGlCMDltVk9WZw?oc=5
2026-03-08	Google	0.0	Meiji Yasuda Asset Management Co Ltd. Reduces Stake in Tesla, Inc. $TSLA - MarketBeat		https://news.google.com/rss/articles/CBMiyAFBVV95cUxQbmRZZDFfY3V0dk1TOW5GWWdLTnlCT0ZhM2ZmYnN1RHUwRTExUC0wZ3A4MFY0dmpncEliOXU4T0tYZHZidGZHNUo0V2VXSmYwMGdqalRGWGIxQUd5MXhiVkpGODVac2VHVldmTXJ4aUl4QmNVSDRRS3k3RExKS2FXSXJEQzNRbVdKMllzWVZDLTd6TTY3T0JuOW5PSk1UVlB2R3BsNi1yTlFBOWZ5TU5GbmU5RUpMcC1id1N3VXgteFh3bXNKNG04UQ?oc=5
2026-03-08	Google	0.0	Natixis Advisors LLC Grows Stock Holdings in Tesla, Inc. $TSLA - MarketBeat		https://news.google.com/rss/articles/CBMivAFBVV95cUxPdEdaYXhqclZzY3hzQm1EQUZRb216bWFfLTA5ek1jWUJHNXNBRnY4RzYzc0NOR2MzOTRwdnkxNTlJMzNiTnZkMWE2WTZmYzJqdVRoR3M4bWVoX2xaU1BXaUc4c3h0QXVfMFJGel9Td1U1a2NEaVF5eVFEeE1HNnMzdEl0bkNWT0RqbHVDcDMzNlZneXZFaHpNUlpFcW1TbEd2bFVQYlN1YVN1OFhVZ0lLZmZkbGZlSjJVNWpBZQ?oc=5
2026-03-08	Google	0.0	Powell Investment Advisors LLC Sells 6,605 Shares of Tesla, Inc. $TSLA - MarketBeat		https://news.google.com/rss/articles/CBMixgFBVV95cUxPZ1Y4WHZLVlRFeUpxYWRiaElROXVOZEZDU0VKbEpBVGhaSzlYV1YtenJxSmViNXROMHVnUWNTeFd2ZmJLUk9vTUs5clFLb2U2SnV4QmZnU3pJNjZzOG5XbjBSeTBhY2hiWFNVZU9xTF9hSTFLbEVqdjROSzRNc2Z0Y0JRelJGaWhxVHdsR3lPX3RYRWtDU3lNb1lEb29uVnkzckM5M3Y0eHFMNkVZckU0VU10bHI3TUloYTRtSnRzWGlYbTZ6bEE?oc=5
2026-03-08	Google	0.0	Rathbones Group PLC Sells 2,199 Shares of Tesla, Inc. $TSLA - MarketBeat		https://news.google.com/rss/articles/CBMitwFBVV95cUxPRVlpZjE4QzZBUURndEVsNVBoOTNDQlY0RjdpLUVZQmVOdDB1VmVEYWZQU1h6RllYTUtmWkpKVURHNm42WlBwc3JYNUVNN1RGVUJvcmY2ZlNIXzdjeXllRHl6OTc5aEhvNE1QLVFUcm5jSldBa0Y4ZEJWRy1UVWNnNEtjaTZ2WjI3OWdWYW9DR0tPYXRITUozMHZ2amxxcGpfZTRqSWdTR29oX1Nkbzd2MHRsVHdfVjQ?oc=5
2026-03-08	Google	0.0	TSLA Stock Today: March 9 - Musk's Twitter Trial Weighs on Sentiment - Meyka		https://news.google.com/rss/articles/CBMimAFBVV95cUxQVEZnNXBsNmRpZl9ramRGQkZST1BHVjVDajhBTjBJRjlCcW00eXl6a045Rm9jdU5TS01oV1NfNFJUaEFlVXB2UzhRX2RQVHlBV3VDVHI4STFiQkNibDZiaThTNXN2N0JtYWZMd3ZXcnRWYVpELUhrM1h4dHhNNDkwSFRmdHNqczB6ekN3cFE1NXlMc1JvNjZ4Tw?oc=5
2026-03-08	Google	0.0	TSLA Stock Today: Musk’s Twitter Trial Heats Up; Mistrial Bid — March 8 - Meyka		https://news.google.com/rss/articles/CBMimwFBVV95cUxONHFoWFN3MzVfWEdPZ09aZDFTVk1yWjRSZC1aVWNhLUpFajQ2WDRDLUZuckUwUHE2cm81WVdCLUxiRjB1ekt1VHl2dGR3WU1HOXE3cDBVcUxxRzlWaUNMMVQ4OENjZ1FfR0paVURJM2tqMnEyRURTMkhhbzFaSzJ4OElzczF0Tkp5VkhUc3owdEVqUFQ1VDZtN3dCVQ?oc=5
2026-03-08	Google	0.0	Tesla, Inc. $TSLA Position Trimmed by Korea Investment CORP - MarketBeat		https://news.google.com/rss/articles/CBMiuAFBVV95cUxNOGdJVHhOM290WW4wS1FDWjFQNEE4ZmFCZHBVUEE3dm8yUGpkQmRPTDIzSUN0YXloS241N3d1M05MSnppNGllNEk0d3VKZVhBSDVPTFByUjNMM3FmVXowbUQ5NW9zWWZyOVFkNi1hdE0zdkYwZ083aUluSERZNmF4V2V2NE05MG9QaXhvbEh3eWZMaFJVZlJYV1VPTVlkaUpLeHZ5MklLQUJTeDRUbC1fVkJQRi13aUZY?oc=5
2026-03-08	Google	0.0	Tesla, Inc. $TSLA Shares Acquired by Parallel Advisors LLC - MarketBeat		https://news.google.com/rss/articles/CBMitwFBVV95cUxQdl9BaWF2MVMtcXZpTi11dWdFTnJWX05tWjR6Nng4UExIMU4wS3M5aGpkbGVUOF9icWFqbzVTZ0hKUnhkQjlHOWo0TUZrNVVJX05scDd3Ykhrd0hETHJlNThHVEZZQ0xzM2g0V2JWU0h0c0FOTFZWbGNsb2RDV0J6Sjk1NGhWWXdEb2xKc1lPdVEzcFdBV0RtcW16cGgyak16a2l0U0FzOWNGLVN5ZzlTenZQSWVneUk?oc=5
2026-03-08	Google	0.0	Tesla, Inc. $TSLA is Vinva Investment Management Ltd's 8th Largest Position - MarketBeat		https://news.google.com/rss/articles/CBMizAFBVV95cUxOazVManJwTHFpejVxQU1mWkx3X2E3WS1ndF9tbkpxbjhuTVFWV2JvbFR5Q2xFS0E5VUZwaGNYUU5PWFF6WEE1ODhmNGVXQndXaWVYb3F3cVBjSkZ1NHlBRjZQZThDTW10ZUo4MzBlOWE4aDVXR0c3bUwtY2p5eEhBWUJzSXJ6SGExZE9BNGRZbXBoTzFZS0gtR2RIOWNUd2ozTGQtNEpHaHpRZm5wTUJmeVU4bFk5ak95eTcwWmZ6SG0wTV9ZeFhtR085dUM?oc=5
2026-03-08	Yahoo	-0.023	Tesla Optimus Robot Push Reshapes Growth Story Beyond Electric Vehicles	Tesla is shifting a portion of its Fremont factory to produce its Optimus humanoid robots, marking a move further into robotics and artificial general intelligence. The company is planning for large scale production, with a stated goal of up to 1,000,000 Optimus units per year and a Gen 3 robot reveal on the horizon. Elon Musk has stated that Tesla could be first to achieve embodied AGI, positioning Optimus at the core of the company’s long term vision. Tesla (NasdaqGS:TSLA), trading at...	https://finance.yahoo.com/news/tesla-optimus-robot-push-reshapes-001718649.html?.tsrc=rss
2026-03-08	Yahoo	-0.026	Bank of America resets Amazon stock forecast	Amazon stock has lost about 7% year to date, at the time of writing, Friday afternoon, March 6, according to Yahoo Finance. Meanwhile, the SPDR S&amp;P 500 index (SPY) is down about a little more than 1% in the same period. Alphabet (GOOGL) is down almost 5%.Microsoft (MSFT) is down 15%.Apple ...	https://www.thestreet.com/investing/stocks/bank-of-america-resets-forecast-amazon-stock?.tsrc=rss
2026-03-07	Google	0.2	Modern Wealth Management LLC Purchases 4,451 Shares of Tesla, Inc. $TSLA - MarketBeat		https://news.google.com/rss/articles/CBMiyAFBVV95cUxNUnhlOVRrbEJBNi1pVzlfbE81SmNEYkwyTFg4cXZHMnJ4RUdmcWRXMzN1czFteTJSelJsV2xzV2plUWdHXzdLaXhYaDg5dDdmRElpU0o0Ri1XdTdiT183bHU4ampkUGY2WUdMSU44WDBKd1FXZEJ4Sm5OZEx4WGFhZzVvR0VwSEZIZEhBeXZOVlQzX0tPdUJNQ0UyaE9JZlBoanFaNlVNTUdXeEViM09jNlpKSG1rMmhXYjM5RndPRkcyNnUwZWI2SA?oc=5
2026-03-07	Google	0.2	TSLA Stock Today: March 7 — Musk’s Twitter Trial Stokes Legal Risk - Meyka		https://news.google.com/rss/articles/CBMilgFBVV95cUxQZmFETjVpdVBSZEhzRTYyUy1walRBR2NnNTdqdngtQTRHcl9rOEZla2J1T1V4WUF5M1NuQ0tYUjJXYWJFSFZKai1IN2ZXYlJFdWRDeDNFaW41SkxGWGUyTUhyNlpZWWJTWXk4V2haTU9xS1FpUEZDNDcxbkhldHVLMTF0NWh0OXRrcUlVSTlvcTRSczh0LVE?oc=5
2026-03-07	Google	0.2	TSLA Stock Today: March 8 — Musk’s Twitter Trial Puts Legal Risk in Focus - Meyka		https://news.google.com/rss/articles/CBMinwFBVV95cUxQaGEtM1BTQV9vbWZVMVNzT2pqWXVwbjB0ZFNZYlhGQ01FTjBEVXdwTER4Szkzamk4Z19DREV3N0hRU1E3NnBkMGpiT2g3Y2NpcEIweHd1Mkh5cldsUDJZc1pZc3psWDQ0MEtfYUpZV1V0eDJmenV6SlF6NlBVa21RMXJ4NmNVWHE4akxwTUNBbXBYWWd5d21PNVN5YnFjSlE?oc=5
2026-03-07	Google	0.0	Ameriflex Group Inc. Grows Position in Tesla, Inc. $TSLA - MarketBeat		https://news.google.com/rss/articles/CBMiswFBVV95cUxPbXlZM21LODZIMzZyVHNkeDhnYmtJN3hkUk8wSWpMa0NHVld4aWdKR3JKNmVJR2JEamtjVXBZTEtaZzk4dzN5WHZvdVNnMkxBcnlzNDk4VkI0bmJLYVMwZldJclhZdm9lNkVVUnNvd3BMUmJBdFFnSlAtMlZfYzdJWFRfbTRtczNkaTJ2SHRWVWVncVJnYjZCRXIxYXV5WGJodXd2WG9KM3lRM29jSHVDaUNUVQ?oc=5
2026-03-07	Google	0.0	Bank of America Is Bullish on Tesla Again. Is That a Reason to Buy TSLA Stock? - Barchart.com		https://news.google.com/rss/articles/CBMiuwFBVV95cUxPaVB6bUxJNzhXamhYLXhEOUV0SnZVNFZyMnhxZkVfZ0E2dk5kSHd6Y25aM28wOEJqRXJScUlOdnUzQ2E4STV1V3BUVUlkMzFUUi1KZHZRWXpOSmxhdHZHMkJmNTdKQkx5WDFyZ2lxYllVRVN5SXd1M2MtQlRsVk92azY0ZWVoY3lPSUc5SzNnZ19keTEwb3QydGZBQVR1UDY4eVVDajg0aXdsbHpzcVFRMHEwbk1SMTBGeXcw?oc=5
2026-03-07	Google	0.0	Bank of America Is Bullish on Tesla Again. Is That a Reason to Buy TSLA Stock? - Yahoo Finance		https://news.google.com/rss/articles/CBMihAFBVV95cUxPZkpoTTVuYWExR2FaZ3oyeElFTmJzOXRGTmdKeUExWm1YZG9KNFJBaE0wNWRYMk84UHU1bFozZUhxUTZyVThFSTNTNnB2VWtTelhWcExuQ1dicVhSTVZ6dWdYb2w5aDRPbG4yeEl4TVpPWDRadHduWi1BRzZwcC1Qalkzc1M?oc=5
2026-03-07	Google	0.0	Bank of America Resumes Coverage on Tesla, Inc. (TSLA), Upgrades to Buy - Yahoo Finance		https://news.google.com/rss/articles/CBMiiAFBVV95cUxOMlBZTXB0ZFJoNGd3cDRBbkI2THB0TlI5NXAtdG15S0NsM25tTlRIa1RwQWMtNVkzWmxOYkx0MC1nd1JuTlllZ1hoRy1ocjg1bDB0MjYzVVBQejhNd2I4Z0lVUjhVR0hTV2MxNC15Zzc0NnRLclBsclBEblBBd3hXMExza2R1QU9p?oc=5
2026-03-07	Google	0.0	GW&K Investment Management LLC Raises Position in Tesla, Inc. $TSLA - MarketBeat		https://news.google.com/rss/articles/CBMiwgFBVV95cUxOaUlLR3VQeG12bUZYcFl3czdvTDJYN3JpX0xsaTJtai1XeGtTVDlzSDR1YnhtVU1nS2F6alh2Zi03VnBjcXBCOERicURGWDc5YndOZzFVMzZ0NDg5d3lXcXlvdEhmYmFxLXo4ZzBKRml0UnQzRENkOGdRTmR6SU1VVk00MUpGVG1pMVZzcTVyc1FBYXZNVGljTTMwaW1GOURKU3Z5d0xtNGNVNEdRN0Iyc2JVTlJuRVNvaC1VZmlhZHBKZw?oc=5
2026-03-07	Google	0.0	Neuberger Berman Group LLC Sells 4,318 Shares of Tesla, Inc. $TSLA - MarketBeat		https://news.google.com/rss/articles/CBMiwAFBVV95cUxOZWtRSThmdFp2cC1fdlBrQlh2ck1hcmtUSkV4akIyNTdyY1RqY2hCQkhUUE1sMXJvTTNxZEc1XzhpVERYelFBY1ZOaDFyelVpOVdiLUIwTE9zWDFNbUI4cVpYU3NaVEI3UXRRdnhFN091Q3Y3VjRzUVZISzZIc3dFQkZ0N1pqcUd0RUF5WGkwaEFNVTNKcUFJbEp3MkI3OERsMHVKZGZleXNyanRxTTVhTnR4Vktxckd5OFBZMWtCMmM?oc=5
2026-03-07	Google	0.0	Rising Gasoline Prices Boost Appeal of Electric Vehicles (TSLA, RIVN) - GuruFocus		https://news.google.com/rss/articles/CBMiqAFBVV95cUxNUlNrNXcxUXIxLUxWQ2ZBQU9uM01Ha1VsNWk0N3RGTlcxa2VwbExaWkJteXYtRkhlUTZVWkxhakE2dy1mWmpmN040LWlhLW1zSDZyMHdrY3dBWHVVZGJmVkZ6Vlh4bVNGd3FXUE11aXo3NzdfWVM0RkcxajllZzl4VjdLcEtOZHp1ZlFxbWpXVFlNSTNHNS1wTlZPMGIwQ3BVLTI1YndVbVM?oc=5
2026-03-07	Google	0.0	Tesla Stock Price Week Ahead: Why TSLA Faces a Robotaxi Reality Check, Europe Sales Test and CPI Risk - TechStock²		https://news.google.com/rss/articles/CBMivAFBVV95cUxQeFB0Tl9UVWtVTjlqNmZpN3RSeHJNM0FqUE9tV3JBRTMyTEllcTVhNF83YXlCaUs1dGZkbkxmWGxkZm9MT2lsdHNGdlFIU0FVSkZOeGNMREhmbVZReWhXc2dQMmRhdnN1LWxycWtkU1EyVXJDWHhual9qUm81STZER0NaWHIwdncwRndTaDJzYWFYTlBFTFo0azRXY25YbFlhR3ZTVGFHQzl1NnlybER2V0ZyMVFGdWg4X2Y5UQ?oc=5
2026-03-07	Google	-0.125	Tesla Stock (TSLA) Is Up 51% Over the Past Year. Who Owns the EV Giant? - TipRanks		https://news.google.com/rss/articles/CBMinAFBVV95cUxNaUZYUmwxOUUtekY0bXN5VFBVaHc2dy0xbDlOMmE4bV9lcUZQT0RZVWFBVVNQNkc5dS1JWTB3R0pQcmRtVVZzWDdoc2dRZ1NLN0RUbDFTa0oza1JJc1VnTE5jMVZqLV84bzRyazFrRU5vLUU3U0htc0lmdkNaOURQRmlqQXBQSzc3bEhLMjVsdjRmMzdYWkRtdXd3dW8?oc=5
2026-03-06	Google	0.7	Tesla Stock (NASDAQ:TSLA) Slides Despite Surprising Battery Ambitions - TipRanks		https://news.google.com/rss/articles/CBMinAFBVV95cUxOd1lOQld0UmZvQkZsajhvMXl6VXRsejBsQjllOFhiVUc0a19xLXRUamc0VVRxaGM2SDFramM4UnlWdHEyX190ci15RVQ1d3A0Qm5WanQ4b2JpN3BhM3RpMlRaMk5RbHhTeFMzc1R5d2plZnV3Z0otaFIyUzN4dW8zSnBQOFlfT0pMb0t0Mm1FZWZ3aDJ4X3piZE5LVDA?oc=5
2026-03-06	Google	0.438	Tesla (TSLA) Sees a More Significant Dip Than Broader Market: Some Facts to Know - Yahoo Finance UK		https://news.google.com/rss/articles/CBMiiAFBVV95cUxNQUpheWItdnA3T3FrMnRRa2ZTRTBGMldoSHVKVVRHam9BWDJibkpaNklfUTBDLXc2cjlXUWZVRjY0WXBzNTNJczlDbHFqQ0JIblhQYW50amdDbGx6b0VrbjFSNU1mTVdDZlVfNUk0ZzhJLTlOQkZ4TldOUFlNRUVJR0tHUU15SVFj?oc=5
2026-03-06	Yahoo	0.313	Tesla Put Option Premiums are High - Attractive to Short Shellers and Value Investors	Tesla, Inc. put options expiring in one month have high option premiums, making them attractive to short sellers. It also offers an attractive way for value investors to set a lower potential buy-in price.	https://www.barchart.com/story/news/611493/tesla-put-option-premiums-are-high-attractive-to-short-shellers-and-value-investors?.tsrc=rss
2026-03-06	Yahoo	0.3	BYD Can Charge an EV in 5 Minutes. What That Means for Tesla.	On Friday, Chinese EV leader  BYD  unveiled “FLASH Charging Technology” that can take an EV from 10% charge to 70% charge in five minutes.  Most of Tesla’s charging infrastructure can deliver up to 200 miles of range in about 15 minutes.  Tesla has a 1 megawatt charging system that can provide 400 miles of range to its huge all-electric semitruck in about 30 minutes.	https://finance.yahoo.com/m/067ad5dc-517d-331f-82ac-735d9f548774/byd-can-charge-an-ev-in-5.html?.tsrc=rss
2026-03-06	Yahoo	0.25	3 Reasons TSLA is Risky and 1 Stock to Buy Instead	Tesla has had an impressive run over the past six months as its shares have beaten the S&amp;P 500 by 10.8%. The stock now trades at $406.74, marking a 15.9% gain. This run-up might have investors contemplating their next move.	https://finance.yahoo.com/news/3-reasons-tsla-risky-1-003453622.html?.tsrc=rss
2026-03-06	Google	0.25	TSLA Stock News: Elon Musk Says Tesla Could Build First Humanoid AGI - Eudaimonia and Co		https://news.google.com/rss/articles/CBMiiwFBVV95cUxOVGQ3LWZrSjZMcXdMcUMxQUZYUjAwRzVoZ1Q4N3l3R2M4U2VMTEJFS05IczIzdEJ1WndXLW5NVDNYSUhzUmtuNzlhRWx5bUVPRktwNWRFeHpkVnFCQnR6NmZXaXJqWW4wbVE3dzdkMkV2ampWVnZqSlJkQ0poTUEzRXN2R3AtLXlrTXJ3?oc=5
2026-03-06	Yahoo	0.25	These Stocks Are Today’s Movers: Marvell, Gap, Trade Desk, United Airlines, Corning, BlackRock, Tesla, Presidio, and More	Marvell shares jump after the chip maker beats analysts’ fourth-quarter earnings estimates and issues solid guidance.	https://finance.yahoo.com/m/b5c4f785-50c0-33f4-8fa2-b8d3da2bb2de/these-stocks-are-today%E2%80%99s.html?.tsrc=rss
2026-03-06	Google	0.2	TSLA Stock Today, March 6: Musk's X Deal Trial Rekindles Legal Risks - Meyka		https://news.google.com/rss/articles/CBMimgFBVV95cUxOdXd3UmJzX19pMTgwZFhYM205ZTFCcWwwZ2dGa0F3TGFJZEVpNTU1ZkFqQ0RTeDJmOVlWMHV6NXNaa1JoLTAzQkp5OFlhUTBvQWQ3Nlk4dGFOQU9NNkFxU0VWaE90cEYtaFllQUU5ak9QM2VLVEFvVE5uc2kzcWxVanJaQW9OYWZGSHZKRG15Qk5qVGxJVENJemJn?oc=5
2026-03-06	Yahoo	0.185	Tesla (TSLA) Sees a More Significant Dip Than Broader Market: Some Facts to Know	In the most recent trading session, Tesla (TSLA) closed at $396.73, indicating a -2.17% shift from the previous trading day.	https://finance.yahoo.com/news/tesla-tsla-sees-more-significant-224503902.html?.tsrc=rss
2026-03-06	Google	0.1	TSLA, PLTR and SMCI Forecast – Tech Stocks Under Pressure Early - FXEmpire		https://news.google.com/rss/articles/CBMisAFBVV95cUxOWnRpbi1wQVo2SUVyQnBkbXlmSm1mbXBDRXhfLWxCMWVyZGpxN2oxbUpuejlDRzIyTWo0enV4bjJURGU5S3V0VGIxUF9nYkJCNF9pSmQ0R09RQzkxbWpXYUJGN0NNZm10LTFlODFDRGJxOEJabUNrYWYtRktha1pwdHF2N05qWWxGNTRuc0dUTENnb2ZwNGN0RWUzRmhndl9ZTWVDY1RmdkpLN2t1YkEwOQ?oc=5
2026-03-06	Yahoo	0.063	German Union IG Metall Suffers Setback With Tesla Giga Berlin Factory Loss — André Thierig Says 'Good News'	"Germany's IG Metall union has suffered a setback at Tesla Inc.'s Gigafactory in Berlin after it failed to secure a majority at a key election in the plant. IG Metall Loses Election On Wednesday, Gigafactory Berlin's Director André Thierig shared the news via a post on the social media platform X, hailing it as ""good news"" for the facility situated in Gruenheide near Berlin. ""The union share was reduced from nearly 40% in 2024 to 31% in 2026!"" Therig shared, adding that it was a ""clear message"" t"	https://finance.yahoo.com/news/german-union-ig-metall-suffers-193033870.html?.tsrc=rss
2026-03-06	Yahoo	0.05	Lucid (LCID) Stock Is Trading Near Its Lows. Is It Finally Time to Buy?	The luxury EV maker still has a lot to prove.	https://www.fool.com/investing/2026/03/06/lcid-is-trading-near-its-lows-is-it-finally/?.tsrc=rss
2026-03-06	Google	0.0	3 Reasons TSLA is Risky and 1 Stock to Buy Instead - Yahoo Finance		https://news.google.com/rss/articles/CBMid0FVX3lxTE1CTUl6dTZpQWpkdzdmUjUzakZ1anFsUjl0UDFTS2dReUhyQzNaYkpEeHNsTVlZSWNlQm94bGhCcWFFRzEteVR4UFJNQW1Db0gxLVZhYkRUazlqeUl5SExDU21BVUJZaEpkUzZ3b2FTSWE0X1FUNE4w?oc=5
2026-03-06	Google	0.0	BofA Upgrades Ford (F), Tesla (TSLA), and GM (GM) Stock: What Investors Need to Know - Blockonomi		https://news.google.com/rss/articles/CBMioAFBVV95cUxQYlJlZE82TzN6VTBRSVVJdEFtWEkzMmxZTERKVWxKb09XcjBCdzJELVJ2c2VMNnNXbGFSZlpoUGlNNWVNQ0E2SktKOUFpdmcydUJxMjNELXVfNGVUaGN1YzBLeFdBeUwwNFJpcHd5TEY5VmM4bnUyWlk3UGl3M19OZVpLNVoxTFRwVlFaczNYRDZFU3FaZFoxSlFqaTVGYTF1?oc=5
2026-03-06	Google	0.0	Integrity Advisory Solutions LLC Invests $729,000 in Tesla, Inc. $TSLA - MarketBeat		https://news.google.com/rss/articles/CBMixAFBVV95cUxOdHoyUnhyZnNxTHE2R3Q4S1VRY292ZWFuTG8tQ0k3bDdoRFdHU0xPbGRMekN5UUZ0ZkZRcEYxNHFSRlByLUFSaVM2MmdCWll2MV9FSDl0STFVR0RSNFZxSzA4LTJjR3ZQSl9OMGFkU0VmRWRnRkM5UUp4Q2VjeGhVYWJxMFBsVjVCMFROSktHWVU4NHZWR2NkbEVnb1R3RTRJZFphOE56anB2WkxfdG1RLVNCX0taeUgtYldyelY1c2tQMThY?oc=5
2026-03-06	Google	0.0	Noteworthy Friday Option Activity: TSLA, META, COST - Nasdaq		https://news.google.com/rss/articles/CBMihwFBVV95cUxQbk1tSFJRTm1oc0hvVW1WWU5hNzB5T2hmMHFITGpXV1lUaFNfQ0E5NDc1UlE2dHNEUkJxZ01Cb0p6Rk9Ia0o1ZkZDNjYzVmRjZVJNdk5YNTFJb1hXV1J3dFBRODVfNncxYzJXcHRURGhOUE1qeU45aV9fYUc5NzRLMjZHNWlTQzQ?oc=5
2026-03-06	Google	0.0	Perennial Investment Advisors LLC Buys 92,317 Shares of Tesla, Inc. $TSLA - MarketBeat		https://news.google.com/rss/articles/CBMiygFBVV95cUxOdC1nWV81Y20zWmtBbkRzb2tJV09iZ0VneHpXcHVzNFFnNTlhSjhZY1djT0VLMlFrQllfMFhaOHZpVFZDaG9VWEdZY0wzb1lndFBTY2lpckxzTHRUZkxYM3RVQ3draF9pS3kxS1BpZGhjd2FpWGFmSE5lOUVickxRV1Bvbnhvb3QtMmljRjlIX0pDVEdpY01pQWU4UmRfMHBRYUJxTDJLaDF3UGgwUG5MVU1fS3llSHhBd1JpdzhRVjlvQUlndFIzWmV3?oc=5
2026-03-06	Google	0.0	Pitcairn Co. Has $5.66 Million Holdings in Tesla, Inc. $TSLA - MarketBeat		https://news.google.com/rss/articles/CBMitgFBVV95cUxPay0ydGQ4cWkxSHJNdjVCeUhYYlBWb0xCcmtRSFQ1S2NBakxZa000emtxZTVhWTBFQ25PY25oSl9Id2tBVVBvZzlRRjJlNE85MmpIMWZvZE5ucjNSQ2hlbDR0MHVhMHNkQUNRN05mNnJaeGhCYTZUc0RMbzdKTnMyVGZvLWE2M3NkUXZPbzRINVc1dFZYcERWNGR5Mk9RVE5BS0d1eFhTcno4QmgxMmNUOHNWamYxZw?oc=5
2026-03-06	Google	0.0	Tesla (TSLA) Sees Increased Bearish Sentiment Among Option Trade - GuruFocus		https://news.google.com/rss/articles/CBMipgFBVV95cUxPTF9kbGZFTkRqU1Y0REZzekVJOF9fUThpNmhyVm9QcVRiQm84TW5uSl9QeC1mQ0VCM2p6TXZnTUUtM283dU5rdVFsNmo5OXZIMGtBU0hSUFpYUXNyTExVOWdCVkpOYlRFRGY5c09WbXpxa1QxSHRGcXMtNzRHcl9mbHVkV040ekRMWjRtQ1RQanBWS3c2bjhqc2NFZVoyaTdTRW9DcFBn?oc=5
2026-03-06	Yahoo	0.0	This Billionaire Just Bought 1 MILLION Shares of Nvidia Stock. Should You Back Up the Truck?	A Tesla billionaire whale's purchase of 1 million Nvidia shares lands just as the company reports record fiscal 2026 revenue.	https://www.barchart.com/story/news/609587/this-billionaire-just-bought-1-million-shares-of-nvidia-stock-should-you-back-up-the-truck?.tsrc=rss
2026-03-06	Yahoo	-0.01	Tesla Stock Falls -- Why Analysts See Big Value in Megapack Batteries	A New Report Says Its Energy Business Is a Hidden Power Play	https://finance.yahoo.com/news/tesla-stock-falls-why-analysts-182252987.html?.tsrc=rss
2026-03-06	Yahoo	-0.04	Tesla’s AGI And Optimus Pivot Reshapes Risk Profile And Valuation	Tesla (NasdaqGS:TSLA) is reallocating resources from its premium Model S and Model X lines toward production of its humanoid Optimus robot as part of a broader push into artificial general intelligence. Regulatory and legal pressures on Tesla’s Autopilot and Full Self Driving systems are intensifying, with authorities underscoring that the technology still requires continuous driver attention. At Tesla’s Berlin Gigafactory, union IG Metall did not secure a majority in the works council...	https://finance.yahoo.com/news/tesla-agi-optimus-pivot-reshapes-211324756.html?.tsrc=rss
2026-03-06	Yahoo	-0.081	If Tesla Stock Doubled Again, How Much Richer Could the Average Investor Become?	This explores what a Tesla stock double could mean for average investors, breaking down potential returns, share gains and real-world investing scenarios.	https://finance.yahoo.com/news/tesla-stock-doubled-again-much-185505563.html?.tsrc=rss
2026-03-06	Yahoo	-0.096	Wary Shoppers Drag Consumer Discretionary Earnings to 2020 Low	Only 56% of companies in the S&amp;P 500 consumer discretionary sector beat GAAP earnings estimates in the fourth quarter, according to Bloomberg Intelligence data.  Consumers remain “choiceful” as inflation lingers, while tariffs hurt gross margins in the back half of 2025, said Steven Shemesh, a consumer discretionary equity analyst at RBC Capital Markets Corp.	https://finance.yahoo.com/news/wary-shoppers-drag-consumer-discretionary-110000295.html?.tsrc=rss
2026-03-06	Yahoo	-0.1	Tesla Stock Slips. Its Losing Streak Continues.	Tesla  stock fell Friday, failing to eke out a gain for the week.  An energy report from William Blair didn’t give the shares a needed boost.  The move came after a Thursday report from William Blair analyst Jed Dorsheimer, which reviewed data center construction.	https://finance.yahoo.com/m/5780e0dc-85e5-3823-ab89-015d9a05d127/tesla-stock-slips.-its-losing.html?.tsrc=rss
2026-03-06	Google	-0.156	Tesla (NASDAQ:TSLA) Shares Down 2.2% - Should You Sell? - MarketBeat		https://news.google.com/rss/articles/CBMiowFBVV95cUxPUnk2U0JnTURORjdaSXB6MVVMUzlvd0hlb1hCMU1MZjNvX3Q3QjNOenVzZmxwYnpXdTZfS3NZakhfZ3hBWnJEQnZqc1laUm1ncnpQa0tRQjZOM1Q2ZVJieHBlbWhOR25hOEhzbVhBZ1lsMFdHTHcwUHpEcDhtVThNUmFJUTdacFgtdGo0RnNyRGJuOFowUGZKTE9sc2haQ3UwSFZV?oc=5
2026-03-06	Google	-0.156	Tesla stock down 2%: why options traders are betting against TSLA - TradingView		https://news.google.com/rss/articles/CBMivAFBVV95cUxQWEhhQm5Sbk1rb3lJQnltdm5oTC1XV2Y5QnhQQkx4d2x6RDFVejRyMl9NT1h5NmhXN3M2OWZxbEMtNnRMaUdzSldkM1V6T2tNRXp1UUNscWV5YlhmaW5vaFYtNm9UUTRCb0EtMlFBSGt1d0F0MnlZUW85MTR2TFMxbERHZktiUzlIeWQ3OTJiQ0FxY3J3XzFHWTFYTmVtSTNqTEJuOW9QdnhYd25zTHNfNGR5T0JJeEhRM1dTRQ?oc=5
2026-03-05	Google	0.6	Tesla (TSLA) in 2026: The Great Pivot from EVs to Autonomous AI - FinancialContent		https://news.google.com/rss/articles/CBMiygFBVV95cUxPUG5PN1hSaXZlaHN0RFBGUGVCRXBVdUt4Ui1TbzUxYnlyMjBoVUVPNHFUTWtrUnVCVW8tSzlhbmV6VXVlTWN4QThWOE11ak9NbkJheElwTUtWanhFcFRDYkdxQ0tTNURKRkdzSWpWRHdYM2pOeVZiWkNGNjRoR1A0TUFLUmJSNE9Fa1k0QlVWWmxpblV4Rlh2X242UThkR0h4TVhuSUtacl9zM2RFUEg1THczQUpKY2JFa2RCMk1zMFJmb2NNMkNwcEFR?oc=5
2026-03-05	Yahoo	0.3	Tesla’s (TSLA) February Sales Figures Show Sales Growth	Tesla, Inc. (NASDAQ:TSLA) is one of the best WallStreetBets stocks to buy according to analysts. On March 2, Tesla, Inc.’s (NASDAQ:TSLA) February sales were reported in a handful of European markets. In Portugal, the company’s sales went up by more than 100% compared to the same period last year. France saw sales rise by 55%. […]	https://finance.yahoo.com/news/tesla-tsla-february-sales-figures-004432094.html?.tsrc=rss
2026-03-05	Yahoo	0.217	Tesla UK Sales Drop 37% Amid Rising Chinese EV Competition	BYD gains momentum as UK car market posts strong February growth.	https://finance.yahoo.com/news/tesla-uk-sales-drop-37-195501368.html?.tsrc=rss
2026-03-05	Google	0.2	TSLA: Tesla Stock Charges Higher After Musk Touts AGI Breakthrough. Big If True. - TradingView		https://news.google.com/rss/articles/CBMi1gFBVV95cUxPbnFBZDlBcVBBXzR0YkxoMG95WC1zcmZOb3VWSV9Pc1RZdmt0VGc5VzdHVGtoMEcwTURtU2VCaEk0dFlVZTNVQ052YnhqMmhkUzRLVnZ0dE9MNE9MNHNvOThqQnJEWWN5QTlFYlVBSXdvRTVwaFk0N0ZNWEFsN2ZPclRBLWgwa2FLTUpkanItT2xZYklnbng5QzNHcU40eUY3LXRzM20yZWNKdk9UTEFTbk1wZXpSNmFGcVFveHF4cVJBY240TTYtNHlBSWdrOHl0blhLNGVn?oc=5
2026-03-05	Yahoo	0.15	The Mag 7 Are Dead. How the Hottest Trade of the Decade Fizzled Out.	Sure, they had a great run. But they were overpriced, free-spending—and, as it turns out, vulnerable to AI.	https://finance.yahoo.com/m/edc17a7e-9e6e-35df-b3d8-e4c832f85ab1/the-mag-7-are-dead.-how-the.html?.tsrc=rss
2026-03-05	Google	0.136	Bank of America Securities resumes 'Buy' rating for Tesla (TSLA.US), leading the Automotive 2.0 landscape and a new era of mobility. - 富途牛牛		https://news.google.com/rss/articles/CBMipgFBVV95cUxQZ3AzVnFLWklkMVlsYnI2OEZxZ1duMkcySU9pTTFLZ0QtZ0dONnJfcUwxS0lFaWxiYmpSZGI2Y0ZEeHAyV2Jrb3FHWlhzeXROamwzdTA1MFpwRHpCOUFfX211cjlncjhRWndYZzNWMkQ0NkNWYU9WRzlUZktNS21VUERxeEZqcGozQ1dRYkdhZXU3RmtENHFEZF9tQ3V1MTB4V2VUMWZn?oc=5
2026-03-05	Google	0.112	Elon Musk says he paid full price for Twitter due to ‘biased’ Delaware judge (TSLA:NASDAQ) - Seeking Alpha		https://news.google.com/rss/articles/CBMiygFBVV95cUxNM2V6VkRDV1phYjNuUHVEVXVYUC1SRzlRZHhBczI1RVNyaVJ5aGJPOXhWZS1ubmJjR3Y2N2h4VC1PR2JwdUJlTTRtZGVXdzJITTRmYUdHQUZhZFE5Qm43a0VMZFhUbm8wYWRaTW0tUjdhTkF6ZkdVZHdVdzNzQ19MWm1hNVhjODZTY25CeDR3MDM4Q3ozbTV5aEE5WEVPQkFzeE1NV1QxZTRONXpuUkJ3eUhmajJLcThqaWdOeVVScUkwVFVUckZtZVpn?oc=5
2026-03-05	Yahoo	0.099	Tesla Stock's Bold Strategic Shift Could Signal Major Opportunity	Tesla is betting its future on some potentially massive growth opportunities.	https://www.fool.com/investing/2026/03/05/tesla-stocks-bold-strategic-shift-could-signal-maj/?.tsrc=rss
2026-03-05	Yahoo	0.078	Tesla just made a move no other AI company has tried	"Elon Musk made one of his boldest claims yet about Tesla's future on March 4, posting on X that Tesla will be among the companies to develop AGI and will ""probably"" be the first to achieve it in humanoid form through its Optimus robot program. The statement instantly grabbed Wall Street's ..."	https://www.thestreet.com/technology/tesla-just-made-a-move-no-other-ai-company-has-tried?.tsrc=rss
2026-03-05	Yahoo	0.075	Zacks Earnings Trends Highlights: Amazon and Tesla	Tech sector strength continues to power S&amp;P 500 profit growth, with Q1 earnings expected to rise 11.3% as estimate revisions trend higher.	https://finance.yahoo.com/news/zacks-earnings-trends-highlights-amazon-081200590.html?.tsrc=rss
2026-03-05	Yahoo	0.074	Roundhill’s 50% Yield Innovation-100 ETF Is Waiting To Step on A Landmine	Roundhill Innovation-100 0DTE Covered Call Strategy ETF (CBOE:QDTE) was built for a specific type of investor: someone who wants meaningful income from tech exposure without simply riding the Nasdaq up and down. The fund sells zero-days-to-expiration covered calls on the Innovation-100 Index each morning, collects the premium, and distributes it weekly. With roughly $927 million ... Roundhill’s 50% Yield Innovation-100 ETF Is Waiting To Step on A Landmine	https://247wallst.com/investing/2026/03/05/roundhills-50-yield-innovation-100-etf-is-waiting-to-step-on-a-landmine/?.tsrc=rss
2026-03-05	Google	0.062	Tesla just made a move no other AI company has tried - thestreet.com		https://news.google.com/rss/articles/CBMikwFBVV95cUxPeTFzNWZEUnpBR3M4SWU3LVpiWk1TTHB5UW9OdWp3dEk4Q05scEpEYzZuZmY2cVcxZDZyVng4c3N5VFhFZ3luYnNyQ0pBdEt3UTBDNm54akVsQnB2S09aSHVBUjc1X2QzMGtfalN0d2dhcjNfajFHSGxfSkFycGl5MFFDZ2h1a0RfdkpqazJkLWlhOHM?oc=5
2026-03-05	Yahoo	0.05	2 Popular Artificial Intelligence (AI) Stocks to Sell Before They Drop by as Much as 94%, According to Select Wall Street Analysts	Two analysts have big concerns about these stocks.	https://www.fool.com/investing/2026/03/05/2-popular-artificial-intelligence-ai-stocks-to-sel/?.tsrc=rss
2026-03-05	Yahoo	0.05	Elon Musk: Tesla's Robots Could Be The First 'Atom-Shaping' AGI	"Tesla, Inc. CEO Elon Musk continues to raise the stakes on his AI vision, arguing that Tesla could be among the first companies to create artificial general intelligence—and to embody it in humanoid robots. Elon Musk's Claim In an early morning post on X, he said Tesla will be one of the firms to make AGI and ""probably the first to make it in humanoid/atom-shaping form,"" expressing his view of the company as a front‑runner in the race for human‑level AI. Tesla will be one of the companies to mak"	https://finance.yahoo.com/news/elon-musk-teslas-robots-could-114611650.html?.tsrc=rss
2026-03-05	Yahoo	0.011	Social Buzz: Wallstreetbets Stocks Mixed Pre-Bell Thursday; Broadcom to Advance, Webull to Decline	The most-talked-about stocks in the Reddit subforum Wallstreetbets were mixed hours before Thursday'	https://finance.yahoo.com/news/social-buzz-wallstreetbets-stocks-mixed-113927670.html?.tsrc=rss
2026-03-05	Yahoo	0.005	Is Tesla (TSLA) Pricing Reflecting Its Growth Story After Recent Share Price Pullback	If you have ever wondered whether Tesla's current share price matches its long term potential, you are not alone. This article focuses squarely on what the stock might be worth using several valuation lenses. Tesla recently closed at US$405.94, with a 2.7% decline over the last 7 days, a 3.8% decline over the last 30 days, a 7.3% decline year to date, while the 1 year return sits at 45.4%, the 3 year at 123.0% and the 5 year at 82.3%. Recent headlines around Tesla have continued to center on...	https://finance.yahoo.com/news/tesla-tsla-pricing-reflecting-growth-061605106.html?.tsrc=rss
2026-03-05	Google	0.0	3 Reasons TSLA is Risky and 1 Stock to Buy Instead - StockStory		https://news.google.com/rss/articles/CBMitAFBVV95cUxPRGpQZmh1dFRWdVZ4QmlYUlpRYzB5bGhseHZyNG42RmN2NGg2SU1KYzZVZFJRY29sMURaNjZmb0ZCekNqUi1OM19DS3E1aVhlZG9HOFh3M2lJMmRzVnlwd09pOUE3aTRJM2VTUjIwdUh5MDdHcndBQ1Rxc0FZR1J2a3N6dHltZXZzYjBScUx5VlRqZTlTRm13bUFlRV9CMHlLUmNxM2tjOXhWUVNFNVVKaWtOdEg?oc=5
2026-03-05	Google	0.0	Bank of America Resumes Tesla (TSLA) with Buy Rating Amid Robota - GuruFocus		https://news.google.com/rss/articles/CBMiswFBVV95cUxQdTBocmpiQm43TWI0cmNyYjVSMWRnU2ZTWEFqMjZPZ2gtdUlCNEc5cklMYmJiVVhvTnRPU3Izb2Y3NC11NzVLTFp2NEt5UGc4MUo5NjdHMUxOVmtaTFJ6X2VIaUY3WHhhSnlLbVlrazFkMjlRcGJpRjlQNERuXzNZRVBzU1BEVncxUXJYSkljZ010MmlxZW11LWh6dkdZa3drRkdfcVctTGFlcnU3SEx0V2l0QQ?oc=5
2026-03-05	Yahoo	0.0	Billionaire Investor Buys Nvidia Stock. What He Sees in the Struggling Shares.	Nvidia got a big investment from billionaire IT entrepreneur Leo Koguan as investors assess the results of its chip maker peer Broadcom.	https://finance.yahoo.com/m/8f6a2b50-0ece-3a6c-9e8b-f06ad53e1a0e/billionaire-investor-buys.html?.tsrc=rss
2026-03-05	Google	0.0	Elon Musk says future Tesla robots could reach AGI-level intelligence (TSLA:NASDAQ) - Seeking Alpha		https://news.google.com/rss/articles/CBMiqwFBVV95cUxOU21CV1NnSjBHT1hJTGRUTlBEU1YxSjZ0SXMwU0RsTkNyOE1qMnF6YmNCLVZKMVJWYlV6bERjRmNRZTZHdEhEamxob25La2tFdVBCRlJwMGJLV21yQXZnNHhWa3dEZXNwMmdpUnZVYm5USkpNUTlqR2pVWlVpY25QdWpLbzJOSUZycXA2Q2pwSFZHMkduWW9lWFdTNGhMMmNXLVN6TWh0SjVIR00?oc=5
2026-03-05	Google	0.0	Lunt Capital Management Inc. Invests $799,000 in Tesla, Inc. $TSLA - MarketBeat		https://news.google.com/rss/articles/CBMivgFBVV95cUxOSG9sZkFFejRmemFWZGpGbXlpbGlWZXNLdllzOUpVX3hBd2FHTlBJdnd3amhrNGQ5V0NvdG5iSUdCMGw3Z1pwVWU0SWNCRmpQQUU2ZFlBNUZ1MWNBby1Od0R1ZGNuVHJ5WjlqOFBLSE0xaE14Q2dVQmp1LVh0aDJTNG14eDZpd2NMbzFjWlVRSkkyZ3VLbGJDbFhFbmd2QTE1SWpZUFU3bFhxeENVcGtxVW1lUjdzUDdfSWFXeVJB?oc=5
2026-03-05	Google	0.0	Orion Porfolio Solutions LLC Reduces Holdings in Tesla, Inc. $TSLA - MarketBeat		https://news.google.com/rss/articles/CBMiwgFBVV95cUxQbXA4UnM2N2YyYWltUVE1M0cyOTZDM2kyUklkV0RxNk11VmFwR1RXT2RZT0gwb3piYjJRMUtsLWhDOGFEdnVNY1pHSm5JMEg4NDgyLUE0NUdiM0hhem5NVnpUVklGTkRLazJ4RC11d0c2SEZOR1JSUHBlbWY0WTBFYkhsVGlVbk9Bbkh1NkotMVh5cGxsMW5GcFlyclRoLXVfbjVHYy0teUdROEpUUjI5czVmaTFLdUo5ZnNsSUxmcm96QQ?oc=5
2026-03-05	Google	0.0	TSLA Stock Today: March 5 – Samsung Texas Fab Delay Hits AI5 Plans - Meyka		https://news.google.com/rss/articles/CBMilwFBVV95cUxQZENNWjExV3ZERmNoMncyeXBoOUdYN2pLcUcwT3gtSUp6enVzM0I3bjFhMjd6eU93MHBJZHNEdGFQNE1NdWd1WUZUNC1mNTE2akRaUE5MNnZoUUl4UlJSNmdvTExkb0tBT0x4bEI2Y2FCRFprMHBoVUNQR1VPakhnY3BkdUEtZFphZGtWY0xvVFhKd1hObDA4?oc=5
2026-03-05	Google	0.0	TSLA Stock Today: Samsung Texas Fab Delay Risks Tesla AI5 Chip Plan - Eudaimonia and Co		https://news.google.com/rss/articles/CBMiigFBVV95cUxOMS1kUHVIM1FmT3lfdDhycExIZ3h1RWpERDZBdlpMZ090NmViTlZzbXRKZUhweG5ZVFNpV1IxRE4wZ0hVRWM1dU9qNjFueHdmV3Vhd0poU2ZJa0FLUThhaV9oT3k4ckVCZnNoMFZUSXhYNnkyeGlIM1JhTEJucWJNSE9FMnFXRjJjUVE?oc=5
2026-03-05	Google	0.0	Tesla (TSLA) Eyes AI Future with Optimus Gen 3 Robot - GuruFocus		https://news.google.com/rss/articles/CBMikwFBVV95cUxPd1lmTC1WQXFaT0JFbGtBRDBpZW1RUERrTU9zd25lWnJkT2tVR1pDMnBrcnp4Y3ZFa3YzNnpsNlBDdHVJR0M1MEwxVnJLM25DcmtLeUhqOWtNdlAzbi1OWnJhOERHOVY3Zjk1cW1EbUNnY2d2ZGpyUzN3a0FhRmJmM09aUlRBT24xUV83Q3pfUUxpQkE?oc=5
2026-03-05	Google	0.0	Tesla (TSLA) Plans to Expand AI Chip Production with Samsung - GuruFocus		https://news.google.com/rss/articles/CBMingFBVV95cUxPOFo0UDhjbm0tWm1zYmVDUm5BNlI3b0g1a3h1T1JTTDZBSDVzc0VwaDQyVDNXcDB3blMyelBtYVJxa0wwRUhabUp6eUdOd2M4clRaQy00RmZRMkl5NDZIYTZEVng4SnR1UFRyRXVYN0FXN2NpUkNMREh4UVpIQlBfUDVtbWwzVVN4UVp5QlBPcjF3bjNFYWxNajFMZUkzZw?oc=5
2026-03-05	Google	0.0	Tesla (TSLA) Stock Declines After UK February Sales Plunge 37% - Blockonomi		https://news.google.com/rss/articles/CBMiiwFBVV95cUxPTWcyaTUwMEhfM1ZCRmJGTTNrM0xoa3NIQ1RWbXM3R0k2YlZ1bDhQR0c3RGlhaGItQ3RyTXZ4MlZqd2NJb0JCRW5NLVRSdzl2VTlodHVpWFF0VjNESHRRWkhIaDFuS1VCSmY3akhsQ01PR2RKZWo4dUl5VG5XcGdmLTgwTU9sNTluLU1B?oc=5
2026-03-05	Google	0.0	Tesla (TSLA) Stock Slides as UK Sales Drop 37% in February - CoinCentral		https://news.google.com/rss/articles/CBMihwFBVV95cUxNLVJpdmZ5Nmg5akVtVW9jYk1aZXczRGZfa2RIdnhaRG4yUVBWYndtM01Da2k2OGZTUmFsZTNxSkVVdDZ3eHRwSExaVExvUGh4ZkNPUjROMlpXRGN2b0sxUXFHWlp4YkU1Ylk3dUk0Yk8zejdZeEFOd3FKaW9DSjBLR1ZHQkR6Tmc?oc=5
2026-03-05	Google	0.0	Tesla Stock (TSLA) Slides as UK Sales Expose Patchy Recovery in Europe - TipRanks		https://news.google.com/rss/articles/CBMinwFBVV95cUxQMnBRdThUX0lkLV9OUXJoZjZQOUNlQjZUbEVuQWtCMUlBdmFWTGFkRlozRFpLdzV5aDFTRUttTjVFdlVtdVFEb1BPNUV2SHplUWxZZkRqNHpSeFpZem9KTlBBM3lsczl5Nmk1bW1fbmY0Y282MW1oNnpUMzFjZnVTWFJZampWdGlkbXdNWmxINFBXZVhHT2JURHdpMFZJYUk?oc=5
2026-03-05	Google	0.0	Tesla, Inc. $TSLA Shares Bought by ARK Investment Management LLC - MarketBeat		https://news.google.com/rss/articles/CBMivwFBVV95cUxOUmE0YzlSb3lLTWxXeWVUZ2RSUUdrRDJjaXBFd0RVQ2lnM1V6amUyRDlIY1FsRUxyVERkVmI3VGppLXFZbWplbTVZeWFXSGYzVGRrTGVkM3dtNUR5UDNOZTdOZGIyY2d6Z0haN19tYzM0aWJ0ZktTSFNGaDFEOE4wdEF0dVE3ZjlZMEhaUWlMQmI4VWZEWlJmRFhNVlRObjBYM0QzeEVUazZFSDZBd01OVkxLMG5fMkxTRG85cnBaNA?oc=5
2026-03-05	Google	0.0	Tesla, Inc. $TSLA Shares Bought by Advisory Alpha LLC - MarketBeat		https://news.google.com/rss/articles/CBMisAFBVV95cUxPODFxLTRHMWUzSWthVGpGMnRCcDNrbFRIb3k3c2xmcU9xbXRiZjZNV0N6MG1GT21FejZEREktUHc3OE1vSFF6RzVabU02OVdZQmpPQUhUWHVvckxSNnpLd09NcV9GSk15djVCTlRMOXkyX1dCQnM2WmNsS2Q4U1JPamEwUFFyT3N5RnExa2UwNlhsOHNTWG1LbUMtSDNEaldMeExfSndmMFB1b0VCWGh3Qw?oc=5
2026-03-05	Google	0.0	Tesla, Inc. $TSLA Shares Bought by JT Stratford LLC - MarketBeat		https://news.google.com/rss/articles/CBMirgFBVV95cUxPNmF1MmhFWlZLYVY2ajNBTnBjc2dFSnNHTXYwUG1FRERQVVcxZkFPUWJDZ1ZMQzI0VWROV3NRVllHT1QtcjEwOEJmWVBIZ3dXV2JtMXdKNHdEMEZnZVp1YjlZYXpzOGVjb012UjNxcXBEX20ydjJoTW1qa2J5WEZNSFowemp4d1NKbDhwN2c4R29peXBTd1VWX0EyUFRfT2JOR2FLb2FuSFk5a1BMUHc?oc=5
2026-03-05	Google	0.0	Tesla, Inc. $TSLA Shares Bought by NewSquare Capital LLC - MarketBeat		https://news.google.com/rss/articles/CBMitAFBVV95cUxQOG14X3hacFJQM05acUUwUS0wNklIWFgtUDVrR2ZqLXN6eGJFcjVYNE9kU1hEMGVFd3Z3NFd0S2pMSlRDb0ZVdnJyR2tvN3FKeEd0NVZZeW5aZHR2clJtNnJ2T1dab2o4QlJtbk91WFhRb0h3R2N1ZWU0RGhybEtUc0ZRVHpjdjA1dU1BLThHYkU5U1QxckZwdzl1bm9URExuT0FBVGV4SzBnTXBrVTlLR25DLUg?oc=5
2026-03-05	Google	0.0	Tesla, Inc. $TSLA Shares Purchased by Fisher Asset Management LLC - MarketBeat		https://news.google.com/rss/articles/CBMiwAFBVV95cUxNajBJR0huZ1pqblc2MW02M0NKRi1PRXV4VV9aQ3lKWEk4TjV5TWI5akd5c3hnREZ3b1hWS0c5dVlTZDV6b0JkV1RTeWlWb0RLTWNSVEpJOVZjeUdXeUI4Q3o4akdMZmI0RkZFWGZEQVY2R2YzaG96Y3UzOG1QXzlEbFEwTC1ZR0ZfeUhpNXBRX1ZBbGItbjhXclF4S1JURmRqSmhseFFqVVd2aEY1U1ZfNnZkdWw4T0RLZktCVU10OTQ?oc=5
2026-03-05	Google	0.0	Tesla’s (TSLA) February Sales Figures Show Sales Growth - Yahoo Finance		https://news.google.com/rss/articles/CBMihgFBVV95cUxNTk1CcDdWdmwwZUItQ2VfSnhyWEkxaEpneTVRRXJjQkkzUkNWQXlfT3FfRkRhbkNOb01hMmRjQ0ZNOUI0aDExTGYxSEhHTzJGSmxodFV2UC0yNUJJRFE4SnlGZE5IT3FKN2g0ZjAxb2tLa01IVFhQbGloeVF1QmZmckRrakpkZw?oc=5
2026-03-05	Google	0.0	“A Giant Metal Box” Powers Tesla Ambitions, Tesla Stock (NASDAQ:TSLA) Slips in Response - TipRanks		https://news.google.com/rss/articles/CBMisAFBVV95cUxNNENTVXdFVlpNbURjN1ljbVg2bW5JN1FKd010ZW5xZU5vS0gta3pWZ2FORjc3STdEWllmeDVZZ2h2SkxwOXd2dmdfWnE3VTYyaXQxSGFtQlJ5aXh3U0xqaXoxdXVod0dGLS1tS1lyMUg4UzR4M0pGYzRKWllHR1Fjc1Nuc19NX2R6X2FhU3g3UFV3Njh2akx1ZUprNzRtbHJ2cmNqY1JxWUt0Tnh1YkdhLQ?oc=5
2026-03-05	Yahoo	-0.016	Tesla’s European Rebound Meets Berlin Labor Shifts And High-Valuation Questions	Tesla has recorded a rebound in European sales and market share in key markets such as France, Norway, and Spain after several quarters of sharp decline. The recovery coincides with unionization and labor developments at the Berlin Gigafactory, including a works council election. Tesla is increasing its focus on AI, robotics, and Robotaxi services at the same time as these European operational and labor changes. Tesla (NasdaqGS:TSLA), trading at $405.94, is working through a mix of...	https://finance.yahoo.com/news/tesla-european-rebound-meets-berlin-151233804.html?.tsrc=rss
2026-03-05	Yahoo	-0.1	Musk Hypes X Payments as Iran War Drives Record Traffic	Musk touted everything from a closed beta X wallet and partnerships with Visa while Tesla fans hint at loans, investing, and crypto.	https://app.moby.co/home/news/news-musk-hypes-x-payments-as-iran-war-drives-record-traffic?utm_source=yahoo_finance&utm_medium=rss&.tsrc=rss
2026-03-05	Yahoo	-0.2	Elon Musk's Tesla Loses Toyota, Stellantis From EU Carbon Credits Pool: Report	(Editor’s note: The story has been updated to include Toyota’s statement) Tesla Inc. has reportedly lost Toyota Motor Corp and Stellantis NV from its carbon credits pool in the European Union. Tesla Loses A Revenue Stream Toyota and Stellantis have pulled out of Tesla's CO2 emissions pool for 2026, filings obtained by Electrek showed on Tuesday. The report says that the two automakers were among the biggest customers of carbon credits in the region Tesla's pool reportedly included the likes of L	https://finance.yahoo.com/news/elon-musks-tesla-loses-toyota-160112247.html?.tsrc=rss
2026-03-05	Yahoo	-0.233	Prediction Markets Let You Bet on Anything, but This AI Stock Is the Surest Bet I've Seen	Investors should cast a wide net when looking for lucrative artificial intelligence (AI) stocks.	https://www.fool.com/investing/2026/03/05/prediction-markets-let-you-bet-on-anything-but-thi/?.tsrc=rss
2026-03-05	Google	-0.375	Trading the Move, Not the Narrative: (TSLA) Edition - Stock Traders Daily		https://news.google.com/rss/articles/CBMixwFBVV95cUxOZFE3VDNRVV9pdWtsbFo3VG9xTXpta0Z1Q0VIRTdraExMUG82VTF2a05HRUV1ZVZQX3A0YTRWWVhPcmVtQ05yUktXVG1YOWdzd2lfM3V5dmVJZVU0UFVrR1FNYkpyVDVIWnp6bllub09rSndqTS1QM3NoUjZQUDVWdDVnckkzMzhXeVBQemxYSUtFR1RnQ3FQajhaREh2YkVrQ2kwa0djNVkxX3pDS2JKMnlZUTlHX2ZQZUZUdUhiUG0tSXJPUi1V?oc=5
2026-03-05	Google	-0.4	Bank of America’s Robotaxi Focus Could Be A Game Changer For Tesla’s (TSLA) Investment Narrative - simplywall.st		https://news.google.com/rss/articles/CBMixAFBVV95cUxOc3dLdEpWWUdEZ1Y4Vy1XdmxRY0YtT2pyWFVLYXc5azdXV3kyRV9DMERBbEtRQmdFOFJtbHNRZmM3aG9EVFpON2xGTjdoNzZmQTZud0ozVFNpMTJndzZudElFeXhxZ1VuVllDTzRtcjFkWXRPb2otOTducmZmdjd6ajhnUDI0ODZ1UUNoRC1Ma0pyLUR3b3A2c1Y3Qnd4Um1NQzJmSElEOWdBTGlkRlp0Wnpfa1JESGxGNGpEZjhSc2ROdFhQ0gHKAUFVX3lxTE5NU25MNV9YOVBGTUk1eTFEWEQzXzhtcHFnamlENVEwREpYM21vQWxLVmVuODNLcGhnNE9Na1RzV09NZUlRcDYwZ2dqck5WRkN2S3VfYklmWThMZWxDbUpsLUZLbGJSU2YyeVA0cTdQSDFJQi1jdDR1NFZKMC1TN2NXVkxSb0hGVlp6bVpQaUVySkpYcDZzU0tma3lQdjRvYXhIMXA1YUJhVlNZWUxBWmdkaVRUTER4MFBqZm1HUjdWVVdzb1R6N21mX0E?oc=5
2026-03-05	Yahoo	-0.5	Why Tesla Stock Price Targets on Wall Street Are Useless	Investors should be wary of using Wall Street’s Tesla price targets when evaluating shares of Elon Musk’s EV maker.	https://finance.yahoo.com/m/947610a2-253e-3639-9c69-52c1453e4dc1/why-tesla-stock-price-targets.html?.tsrc=rss
2026-03-04	Yahoo	0.433	Tesla, Target, Ross: Top analyst calls today	Yahoo Finance Senior Reporter Brooke DiPalma outlines some of Wall Street's top analyst calls today: Bank of America on Tesla (TSLA), Bernstein on Target (TGT), and Telsey Advisory Group on Ross Stores (ROST). To watch more expert insights and analysis on the latest market action, check out more Market Catalysts.	https://finance.yahoo.com/video/tesla-target-ross-top-analyst-154857796.html?.tsrc=rss
2026-03-04	Google	0.4	Tesla Model Y Completes Huge FSD Run Without Intervention, Tesla Stock (NASDAQ:TSLA) Surges - TipRanks		https://news.google.com/rss/articles/CBMiuAFBVV95cUxOVkhDZXpxZGg2U0R5OEtTb19FQzBnZTM1c2RwVUthZnR4SVpTdlJkdXZJa3ljdGdXX2dBeF84YWpxMEJ6Tll3RUk4NzEzWEMya1hSREhNUmg3ZnVScEg3TXY2TEF2bEt2bXNIcC1TMXlGS3ZmV2pZM244MEMtSndCazlwREJicjhNcWVZSkI2TzBmNFA3VEdvSWR3aEF6U3RPRUtxekpWVHZSYlp0ektybWd1MHR5Vjcy?oc=5
2026-03-04	Yahoo	0.3	BofA Revalues Tesla On Future Robotaxi Profits. Cybercabs Spotted At Factory.	"Tesla will ""become a leader in robotaxi services,"" analysts at Bank of America said. On Wednesday, shares rose after the bank upgraded the stock."	https://finance.yahoo.com/m/1d1e2065-72a3-3b7f-a1c1-5cc876ba9114/bofa-revalues-tesla-on-future.html?.tsrc=rss
2026-03-04	Yahoo	0.21	Looking Ahead to the 2026 Q1 Earnings Season	With the 2025 Q4 cycle nearly over, we can confidently claim that corporate profitability remains strong while also showing signs of improvement, underpinned by a positive revisions trend for the current and upcoming periods.	https://finance.yahoo.com/news/looking-ahead-2026-q1-earnings-233000310.html?.tsrc=rss
2026-03-04	Yahoo	0.2	Cathie Wood Goes Bargain Hunting: 3 Stocks She Just Bought	Ark Invest added to three existing positions that fell harder than the market on Tuesday.	https://www.fool.com/investing/2026/03/04/cathie-wood-goes-bargain-hunting-3-stocks-she-just/?.tsrc=rss
2026-03-04	Yahoo	0.2	Tesla leads Auto 2.0 revolution, says Bank of America	A surge in demand for gas-powered vehicles and a tipping point in autonomous technology are causing Bank of America to bet big on the US auto industry in 2026. The bank expects automakers to outperform expectations this year, as trucks, SUVs, and robotaxis drive both profits and...	https://www.proactiveinvestors.com/companies/news/1088360/tesla-leads-auto-2-0-revolution-says-bank-of-america-1088360.html?.tsrc=rss
2026-03-04	Google	0.136	RPg Family Wealth Advisory LLC Acquires New Holdings in Tesla, Inc. $TSLA - MarketBeat		https://news.google.com/rss/articles/CBMiywFBVV95cUxPMGdocGRKVXlWdUhVOXB5OWRDb0RkZlhQSFBwRmsxS0RXbkFaUUhQVnFFRUZHc09ZWXFwYWJUOXZMcG1YVFJjaXVUQmNyWE9jNEV3MnFkM0RuSEx2Q2FaRm1BNXBKQ1ZTX2UwWVFyNVlOazhaYkc3cEF2UFVpaEdlV3NoN0t3VUdYOTM1eGpMVzFvcTNFeGV2ZXNEM04waWl4anEzVGRzUnJHWVRmdDRzcmlqV2prQWlDMTFkSzluUk1rTENKVE5tWkRpVQ?oc=5
2026-03-04	Yahoo	0.136	Tesla Stock Is Rising as It Gets a New Vote of Confidence From Wall Street	Tesla shares climbed Wednesday as the electric vehicle maker's stock got an upgrade from Bank of America.	https://www.investopedia.com/tesla-stock-is-rising-after-getting-a-new-vote-of-confidence-from-wall-street-tsla-11919330?.tsrc=rss
2026-03-04	Yahoo	0.115	Tesla and General Motors: BofA Bets Big on Autonomy and ICE Dominance With Bold Price Targets	Bank of America is making two bold, contrasting bets on the future of transportation: BofA reinstated Tesla with a Buy rating and a $460 price target, calling it the current leader in consumer autonomy, while analyst Alexander Perry initiated coverage of General Motors with a Buy rating and a $105 price target, betting that GM’s ... Tesla and General Motors: BofA Bets Big on Autonomy and ICE Dominance With Bold Price Targets	https://247wallst.com/investing/2026/03/04/tesla-and-general-motors-bofa-bets-big-on-autonomy-and-ice-dominance-with-bold-price-targets/?.tsrc=rss
2026-03-04	Yahoo	0.112	BYD Sales Drop 36% In February: Elon Musk Says Running Below 50% Capacity Is 'Mega Pain'	"Chinese EV giant BYD Co. Ltd. reported a drop in sales during the first two months of 2026, which has raised concerns about the world's largest EV maker's sales, including from Tesla Inc. CEO Elon Musk. BYD Sales Drop On Monday, AJ Investment Research posted on the social media platform X, outlining BYD's sales decline in 2026. ""BYD is currently running at below 50% capacity and sales dropped 36%,"" the researcher said. I've never seen a more rapid sales collapse outside a severe ecnomic recessio"	https://finance.yahoo.com/news/byd-sales-drop-36-february-153105750.html?.tsrc=rss
2026-03-04	Yahoo	0.106	Viral Tesla FSD video shows why human drivers are a big problem	"In 2024, Tesla finally admitted what most people who had used the technology already knew: Full Self-Driving was not the Level 4 autonomous driving experience that had been promised for years. The company was forced to add ""Supervised"" to the official FSD name. SAE International (formerly the ..."	https://www.thestreet.com/automotive/viral-tesla-fsd-video-shows-why-human-drivers-are-a-big-problem?.tsrc=rss
2026-03-04	Yahoo	0.064	Stock Market Today: Nasdaq Charges Higher As U.S. Sinks Iran Ships; Retailer Tumbles On Tariffs (Live Coverage)	The Dow Jones index slipped early Wednesday amid Iran and tariff news but rebounded in afternoon trade. Nvidia stock and Tesla bounced back from recent losses.	https://finance.yahoo.com/m/69885568-120b-32ce-8274-0b59522d7129/stock-market-today%3A-nasdaq.html?.tsrc=rss
2026-03-04	Yahoo	0.042	Stock Market Today, March 4: Nio Rises After Deliveries Surpass 1 Million Vehicles	Robust EV growth, upbeat analyst forecasts, and a potential first profit put this automaker in sharp focus, today, March 4, 2026.	https://www.fool.com/coverage/stock-market-today/2026/03/04/stock-market-today-march-4-nio-rises-after-deliveries-surpass-1-million-vehicles/?.tsrc=rss
2026-03-04	Google	0.0	Bank of America Reinstates Tesla (TSLA) with a Buy Rating - GuruFocus		https://news.google.com/rss/articles/CBMimgFBVV95cUxNQ3pWcl9PRTBiX2IwTTVjcUdvMVYyanNqREJkTER3eXJVblpVUkhhdmcyVTBHYnpMOHNWbUdqODNFbk9RemJYQTJHSkljVU5WVjl5LVhoei1vLTlKMFR2OEZtdTRoUjk2ZF9TT3FTYzVZcEtxSGFaZzd6aENEZklBcGNwcUEzT1AycnN6X3pNbThSWVEwQVo2N05R?oc=5
2026-03-04	Google	0.0	Bank of America Upgrades Tesla (TSLA) to Buy, Sees 14% Upside - GuruFocus		https://news.google.com/rss/articles/CBMinAFBVV95cUxNNDRMWXFTYmczZUV0c3V0ZW40cms2cEhHZ1M1NUJuVzAxSGZUd1R6enhuaUhsODEzNjhvOHRNcjAxUFduYTVhY3VTYVZZM0RfM0Nhei1hYy1ZaEhLYlA3T1p4ZjJqNmc0QjFpcWF2aklaZDJ3RUQ2R3F5OVJmX0xTTkxHRVZpNXprZl9XR1VTOXQ5TUstWGZDNmgwTnU?oc=5
2026-03-04	Google	0.0	Banking giant upgrades its Tesla stock price target - Finbold		https://news.google.com/rss/articles/CBMifEFVX3lxTE9HVHM0ci1kNWJtbkJkR0V3V3Q3Ny1kMVBQTWFEZnJ5dm40VUo1NGtwVF9kOVNmVFQ4ekdJYnNiMExFUlRfMzNyUWUtbGtTVDJXR3E5dmVYRVNoZHd3RVNJUHRFQldrMGcwN25uUl9xTzBkcTA3VmtZQm93OFQ?oc=5
2026-03-04	Google	0.0	BofA Securities Assumes Tesla (TSLA) at Buy, 'See upside from Optimus humanoid robot & Energy' - StreetInsider		https://news.google.com/rss/articles/CBMi4AFBVV95cUxOcENGOXRYOTdkV2lVOFAtX2pLOGRJZUhnUHhCVzZaLVdfMERXM2pOMHVxcm5KeU44M09mV05JWEpwWVhKdUJBSnBHR1VEOER4ZGlMUUJpUFo4R1B4RVZHTV9fTkR4eGxEbFJ0QnMyQXJzYlVzSV84YUZBb1F3SVJhQ2ltSmpZLWF3ZFlaTzJxMU02ZWczUnQyemZXdDJUb3BheE9FYWZSOEVLbWVrcEp5cVlRTmJYb2F1R3RvVEtEMXFrdjRTVHFjY2tieHZtbWtocktGY3JLMVFFZ0c1MDlWTw?oc=5
2026-03-04	Yahoo	0.0	Does Tesla's February Sales Surge Signal a Turnaround in Europe?	TSLA expanded market share in key European markets in February, with registrations jumping in France and Portugal, hinting at a potential rebound.	https://finance.yahoo.com/news/does-teslas-february-sales-surge-145900041.html?.tsrc=rss
2026-03-04	Google	0.0	Does Tesla's February Sales Surge Signal a Turnaround in Europe? - The Globe and Mail		https://news.google.com/rss/articles/CBMi3wFBVV95cUxNR2g2aVJjWExpT1FIRWMzcnRnMmQwdVBkRmREcGZnb25FcE4yT2U2SnlNODdFT3VoSzRlRTRtR3Z3ZHVxQkFzWTZSWEQxNXE1czIyVU5tVnR6RVpzTTA1TjhqemFpXzVaZG1hbEw4cjR4dVJHYlBYa1BIUk5ZYS1zRnZ6Yl9Md19xLXJJV1dCTGZlVzFJUFdrdExFcF9wazZMYll5cUJOeUdhUk5oTS1JRUxCU0dFb3BEVUNjUGhleFFHdHUxNmJybENoYl94R05hbFY0QldlbGd6RnZvQWNV?oc=5
2026-03-04	Yahoo	0.0	Elon Musk Sparks AGI Frenzy as Decentralized AI Tokens Climb 7%	Elon Musk's AGI claim for Tesla sent DeAI tokens like TAO and ICP up 7.4%, with elevated volume across AI crypto projects.	https://beincrypto.com/musk-agi-post-decentralized-ai-tokens-surge/?.tsrc=rss
2026-03-04	Google	0.0	Final Trade: TSLA, ULTA, CRM, B - CNBC		https://news.google.com/rss/articles/CBMiekFVX3lxTE9XSktlWTdJa0tVTHFZcGtHVTdSR0x4MVo5Uzc0c0ZzQjRsTWF0V09EU01xOEItZENaOFpLZUVndm5lY0ZvamdSQ0xKTEczN0JUOEtOaVZrLXNYMk92YlV1eVR2SGx2d3JsZ0pJRUFIWWpjbW95NVNvWE5n?oc=5
2026-03-04	Google	0.0	German union aims for breakthrough at Tesla Berlin plant - Yahoo Finance UK		https://news.google.com/rss/articles/CBMijgFBVV95cUxPdUxJQlFlM2I2TzFLbGViN3pSYUdRMTFrcXJlOGt1bFBjT0Z2SFExRE56bUY2MHJxUTB5WEQwUFZGZzYtZmYtNmRZeE1nMmtkSUFubno2LTMwby01SXVfQ29pYlhUYmRLb0huSmNNUDZFa2owUHBDZW83ZVNWYzZaYk13S205aFVZUVFnaFBn?oc=5
2026-03-04	Google	0.0	Insigneo Advisory Services LLC Grows Stock Holdings in Tesla, Inc. $TSLA - MarketBeat		https://news.google.com/rss/articles/CBMiygFBVV95cUxPbktrMlhrend1YUkyenlMeHpvTF9PSjYyR2NWeWZwUGZLVjZOM2o0VHI3all1RG5nTFpZVzFYZXF4dDE3Q0otR2JOYkVhaXVaWnNtdl9MNG9neXd1SnB0OEEzQVJhTkVTVC15TWtGQm1HZEROaGU0TTcyOUtfVHdaRk9BMkMyNDdNOFdkM1V4clVza1VvbjhNcGxXclQ1T3oxVmYxX0dhR2lqYllmTVlibmt3VlV2alppcWY4eVowZzE4M2x5dW5DbE1B?oc=5
2026-03-04	Google	0.0	Is Tesla (TSLA) Pricing Reflecting Its Growth Story After Recent Share Price Pullback - Yahoo Finance		https://news.google.com/rss/articles/CBMiigFBVV95cUxOWWQzMVpJWkZFQzN5d0pJMFB6dnE4aV9hOWhCM1NrSDVjVk1Fb3N1UW1rSE9wbDNqN3JacE5ma1lKQTFtaFF3OENvMnh1dG9TdVZxNGxLLXFxWGhZUUlDS2dpbHVEc0pXOG5XQXJ4ZDlodDdpc3NEbFgtRm5UcmZNRFpCLWtnbHM4ZXc?oc=5
2026-03-04	Google	0.0	One of Tesla's biggest individual shareholders says he just bought 1 million shares of Nvidia - Business Insider		https://news.google.com/rss/articles/CBMilgFBVV95cUxPWXBWcWMxZjBQbnNFR3R6aUs2VDgtTGhQS0JqdjUwaXdFZWFWR0Z4bzNHOFJXZC1pUEV1N190d21CUTlOZGptTGpfdVpWMXU1RW5RZEVmTVN2SmZncFMyRGdfemw1c0dDR1Z2RXUxS0NpVjBwcWR6TXRueGl6U3VMN3YwTzFiak5udVVaMnFManFZcjl2d3c?oc=5
2026-03-04	Google	0.0	Stellantis, Toyota, Subaru not in Tesla carbon pool for 2026, EU filing shows - Yahoo Finance UK		https://news.google.com/rss/articles/CBMiiwFBVV95cUxQTURyOUwyZGlIRFp1eHpFeVZVTms1WHEwc0dtTW03eUk2a2QtMDBhd0ZPQXBjQW5OczJwNzA1bmtZT2xIbkNxZURLYTByOE5mZ3NFQ2x2R0J0SXJZemx3LXBwWnNKWThIQXBEMV9rWHBuRC1lRnhDOFgwRnl1QzU4UFhER1dCVklLSkhN?oc=5
2026-03-04	Google	0.0	TSLA & Tech Turmoil: Your March 2026 Survival Guide - Phemex		https://news.google.com/rss/articles/CBMiekFVX3lxTE0xWXJiaFFaM2dxSlhlX2RYOXV5QlRKdUx3QUQzYk1hQ2hpSW1TTFUxanZ1SjZfZkw2WmNqU3JLemhmOWlINmhrUGNJSGVZWm8yYXpMZ1NPTGNEcUN2NU5fZXNIQV94NklEMzJsWk9YTDZLWFpkcUlWYlpB?oc=5
2026-03-04	Google	0.0	"Tesla (NASDAQ:TSLA) Receives ""Neutral"" Rating from Barclays - MarketBeat"		https://news.google.com/rss/articles/CBMirAFBVV95cUxPQ2prSGxlX1NqYm1XWlFRcTVEOUNDSGpxdGs4ZEJ2SUlQLWE5YkE0U1dyZDVOck9lTHJwTVN2X3Z1ZHY5UHl3TkNVdnlXZ2QwZXc1VEN0TVNtNEpLcjdPS3otaEpUay1MY19hV3pfRUx0RVM5ZFFGWVY4b3dxcFRNNm8tSFhEQlFkT2ZuRW90YTJ1UzFFV1JXaW5rYk85NXRVSlQyWVVYRFpIQkJL?oc=5
2026-03-04	Google	0.0	Tesla (NASDAQ:TSLA) Stock Price Up 3.4% - What's Next? - MarketBeat		https://news.google.com/rss/articles/CBMioAFBVV95cUxQQkgweVpPRmFPVVBQYnIwTlU0WTRxaHBxWW92Y0psbDRoVjI5YnBTMnhCQlBXYU5DNmtZWkhpYVhPZkhramhlVkc5MUhOT012QmZaTGNnZktsOHhoSl9Tb28zd0k3dDN0LXNoMkpVcTZZTUUxMGtxVWxqX3VmZVlxQWs5U0V3eGx0T2dxT1MzLVlYRnR4Y19GaTA3a0lvVlV1?oc=5
2026-03-04	Google	0.0	Tesla (TSLA) Faces Declining Sales in Key European Markets - GuruFocus		https://news.google.com/rss/articles/CBMimwFBVV95cUxPd1NUSWpLangtMmNCVWladEtnekV2cUViVmlKQ01fMzFES3VlUkZwWkY3OGU0WWo1RktJTWdKMGRuelBPaEk4Wk1kTEwycHVZVDB6U0tTNXBJbFBoOGNlTlU2SjVwMENCM0kwc0NNNkwxNExaZXU4dmtfSno2ZndDcmpMcHdfcTlwcmlKWmxvS0lxbHlHaEFOaGt4UQ?oc=5
2026-03-04	Google	0.0	Tesla (TSLA) Faces Union Challenge at Berlin Gigafactory - GuruFocus		https://news.google.com/rss/articles/CBMimAFBVV95cUxOb3ZfOEx1Y2h5dklzRldlRzRHUG9CNndQbGxuTGc0eFlCS0F0ai11QWlBVFRUVkJ0X1dSVUNCcUotZkFBVTJIaDFuM2hCMWtlX1lNbks3S1Rra1JsU2wzaE55QWw3Mk1wU2x1ZGowa0RZTFdjeC1BcmlkYnVKVm04X0pCMXY3bDhJNGVEU3E5Z0xUV1l5LTV1Sg?oc=5
2026-03-04	Google	0.0	Tesla (TSLA) Receives 'Buy' Rating from BofA Analyst with $460 P - GuruFocus		https://news.google.com/rss/articles/CBMirgFBVV95cUxOMjczRktuRm9JZXlLd2JEZ0FZNkVCNnZOVldmMW9TWWdjZ2ZPZ05ZNThzMXB0c0pLNWpaTmJhZzBlWHZQZGVQS1VSZjBfbW5CTjgxSUQ4aHVoS2duc2RxeXpkRzJ1X0ZOOXl5Y1VjRF90T3B6RFlBWHNyMGV0aDNDZ1RaTXRQZ0x6eXgtN0x6QUdJQ054RVFNb2wxLWtVcmJQWEdZQjl1MlMyLUUtM3c?oc=5
2026-03-04	Google	0.0	Tesla (TSLA) Reinstated as a Buy by BofA with $460 Price Target - GuruFocus		https://news.google.com/rss/articles/CBMioAFBVV95cUxPUUV4OEFJTXhSRkw1YkJyYm1jV0hwX0xqVHZRemxBX2Rmc3c1VGdzbDdpVjdBQ1NkeUdfbHAzOGc4SkxXYVducU1za28tSk1WRVNmNDd6T0hBbnBVc3FwSXZoYllwU0ZDbXVpdkVxTzlHcm01LURGclVuUi1zY2ZqWFFEbTl5TThSeGlBbXZHSXFVbjJscHhKcng5ZnRzOUll?oc=5
2026-03-04	Google	0.0	Tesla (TSLA) Stock Bounces Back — Bank of America Says Buy, Here’s Why - CoinCentral		https://news.google.com/rss/articles/CBMikwFBVV95cUxPWV9JWExKTG83WFV0WWczOURtcDBkc294dFlTUkhOaEhDLUx1VVk3SjR2TW9McHV4MGZuUWFtUEZHV0RJeVhUR2FuV1ZBSzdoS08xWVdEM2ZlZUpxMEhybTNTd3poWmJzMjN2ZDhYUjZlbVJ3UmQwOThDdE1JRkZSN29VUmNSd29PUmM4YlAxdTJBVUU?oc=5
2026-03-04	Google	0.0	Tesla (TSLA) Stock Gains Momentum After Bank of America Upgrades to Buy - Blockonomi		https://news.google.com/rss/articles/CBMimAFBVV95cUxQMV9CcnJOZF9Ya29qVU9Qb0steGdiMXNyTlJYclAzb2FLZnR0U0tVZ01qZzRRZUhZaUI2TjJuMnBoYlY2TE8teTkxWHN6ZnhkeGVqLUsxaW5jUXVob1dPOXVqdXU1dHNXNk5fTEJiR3MwRTAzanMteHE2R0ZRS00yMFdTNjRrQzNtYUZBNlFQVnJ5MVNQT3Jkag?oc=5
2026-03-04	Yahoo	0.0	Tesla Rises as BofA Reinstates Buy Rating	Bank cites robotaxi scale potential and autonomy lead.	https://finance.yahoo.com/news/tesla-rises-bofa-reinstates-buy-181911664.html?.tsrc=rss
2026-03-04	Google	0.0	Tesla Robotaxi Scrutiny Tests Shift Toward AI And Robotics Growth - simplywall.st		https://news.google.com/rss/articles/CBMixgFBVV95cUxQSXJGZjBObVZCZUV2bEVBOEMzXzczTVdLMWFuc1V6UnllWU00a3d4TGpHMnVzdk9MVTBpRHFNVlhwU29IbTNxdDRUQ1htQnA1RG4xakcweEtXQTZ0Uk9TX3NmYjA5SFlWeXF5ajJ1dVdxZ1M1UWJ1eUhSNE5vdndFc1JOWkRMQlduQzBuQ1lILWYydUlZMVNqTzF1dC1LSGphMDRuS2VvejdOSmRFWTZlNk9sbGtWMkc3SUdpX1c3dS1SVU1TaUHSAcsBQVVfeXFMT0hBS0luU01kSnhaVEptVTZ4UVI5eU4tYTRJMUZEajRiV3R3YThBaWplWmxaU1dwbVZ3aFRpQzNlMkl2am5qckJkTjg2TnZwWE14NTJlT3FmYkxpR1JPbzBCQnJMUnpXOTdVQ0MySTdWRm13YW9vemcxTV9BYmdnNVBhRUs4aWU4ZkMxU2o0UG5Ndm9qbXI1bjd4eXYwRUNKNlNDdVRlMFJ3S2NRQ3NjczQzMGxmVXJzb1AzQlQ3V0NjN0h6QjI2S1U0RU0?oc=5
2026-03-04	Yahoo	0.0	"Tesla Shares Climbs After BofA Reinstates ""Buy"" Sees $460 Upside"	Tesla Stock Climbs as BofA Backs Robotaxi Expansion	https://finance.yahoo.com/news/tesla-shares-climbs-bofa-reinstates-172313915.html?.tsrc=rss
2026-03-04	Google	0.0	Tesla Stock (TSLA) Jumps after BofA’s Buy Upgrade, Crowns it ‘Consumer Autonomy Leader’ - TipRanks		https://news.google.com/rss/articles/CBMisAFBVV95cUxOLWY4VFBLMUJRdVl0S1IzVnp0dUFFUEQzSW1qR2NlbzBmeDlZRGlveW9rclZDOXpVRldZNVZzUzhndThySFk4Y1BJOXdDRUd0MHlKczJoTGZvMkhWbGxkVnIxTkdzVHg3MUJVODNrLVNLQVg3RUZEODNUc1FjeTBzdkZRM2pHYzFZR3JLbkNyT01aWXlGUjFwaGVUWnZrNG1CdVpPTk5HMG9JbndNU2dWOA?oc=5
2026-03-04	Yahoo	0.0	Tesla Stock Rises After Buy Upgrade. Why There’s Hope Its 2026 Slump Will Reverse.	BofA upgraded Tesla stock to Buy from a recent Hold rating. The broker’s price target is $460 a share.	https://finance.yahoo.com/m/5e0b52a1-a776-3855-a8a8-e25f76c3e76c/tesla-stock-rises-after-buy.html?.tsrc=rss
2026-03-04	Google	0.0	Tesla gains after BofA jumps back in with a bull rating (TSLA:NASDAQ) - Seeking Alpha		https://news.google.com/rss/articles/CBMimAFBVV95cUxPd1RJQUVaT3RTT0ZGTmRvYUtIS2pxRjZhWFI5SEJmQmpubEtUckhIQU80Qm8taGl1eUFaMy1zQ1RvMWZCNl9USlpheENpY2g3eW1HWk9CZ25RVEZTeXdRLWYtc2NRaU0xb2NEMEc4YkFKb05wdU9BeFdiLVBRT3BhaU84R3BlRWNQSWowT3VBemNOOTRwLUR2eg?oc=5
2026-03-04	Google	0.0	Tesla leads Auto 2.0 revolution, says Bank of America - Proactive financial news		https://news.google.com/rss/articles/CBMiwAFBVV95cUxQbm9YSzk3QlJvVnN6aXY4d29kZnpmQVcydmZGYU56cmVFOF8ydlRnNGlIcGNfeFhTY0V3THlzSnA1dXRJVTRlVGpzX3VZV1c2dVAwVWJTVUU4bXpIN3hUcnN4bnJCV09rYUo1bWpNVkI4MnVzRkY3SzgyNUcyMU8zZFpPOEJ0Ym9pNUpnR2pFdkJFUXdfcjc1bkgzZEtJZFpFaWd2aUNwM2ZobVR0Tm1jYkhfWEpZVEllUl9NTUEyZEo?oc=5
2026-03-04	Google	0.0	Tesla's Robotaxi Ambitions Get A Thumbs Up From BofA — Here's The Potential Upside For TSLA - Stocktwits		https://news.google.com/rss/articles/CBMiygFBVV95cUxNaHBqME9Iem5zWk8xVDNLQkVESGdmczZJbEtVdmdpNFdRR3VKeHM2V3RfaGVRR1VUNG9FLUJXNjVzUWhqenBEeTdVcjVvQzZ3TWVQcXBZS3ZGek03OHpQVHd6R2FvUXBqcnNDVk1KV0JSQmQzUmNBeXc5M0YzT2N6aU9ydGt0MFN6MnpUY1ZaemQ5cVBLN1JxV3ZJWTRlckpTS09UTnZtN2JLaG5KNGhZRkFlVUplM3F4OHdfdmNTYnd0Q1kyRHpkVVRR?oc=5
2026-03-04	Google	0.0	Tesla, Inc. $TSLA Shares Acquired by Dimensional Fund Advisors LP - MarketBeat		https://news.google.com/rss/articles/CBMiwAFBVV95cUxObkxWRDBVTU5TSUhYUTJFT1JtLTZqRTQyTUxOVEZJaU81QVVWMmEyOE52RDhkTWItNnNPTkFnSVlhNlV2cVN6LUFyVXFsVFVHLW1ieENZUVlFb0o4WUoyVnlFdW5lQ0pZVVNQMzBaVXhIVG9oYWZpbzBzQ20yUmExeERWYWtFR1NxeG4wSV9qRVZFYmpueEt3S244eXEweG1MV0MySlhzWUhhc3IxbHQ0NHh2dlRmY3ZOU1Q3UnptdEc?oc=5
2026-03-04	Google	0.0	Tesla’s 2026 May Hinge on a March 9 Outcome - MarketBeat		https://news.google.com/rss/articles/CBMihwFBVV95cUxPbXNQTVU4N1k4eUNUeEdlenp5YTY1djlZUFVLVDFscDBYMHNXUTMwRjlfVEpLa1hPMVNnZnRBX0EzUVVQU1RHSmVCdzZLQmFfNXZoUzVuWl8zR214Yk5oZG1Sdk4tVWNPNHQxdzlIVzZPd0VXRTJQeGJUeHVyMXFSd3JGcEVKLWs?oc=5
2026-03-04	Yahoo	0.0	Update: Market Chatter: Stellantis, Toyota Not in Tesla 2026 EU Carbon Pool	(Updates with Stellantis' response in the fourth paragraph.) Stellantis (STLA), Toyota (TM) and S	https://finance.yahoo.com/news/market-chatter-stellantis-toyota-not-192222138.html?.tsrc=rss
2026-03-04	Google	0.0	Where are the Opportunities in (TSLA) (TSLA:CA) - Stock Traders Daily		https://news.google.com/rss/articles/CBMimAFBVV95cUxNWlJwaHZ2c3lWSVQ5Y0xRazRyTXdxNml1N0FSaGVfV0tzVlNlME1vZjBDcmFWaTJBQlBtS3U3aS1UME1nVURid3JXOUJvWnhETGQ3MW1rRGxLUjJONzRqSnlwczVwV1E3akVuYWhJZzVRbnVmT0plU0tQNFhOTEJIVGZvbW9WcDlWUzl3X2lLVUR3M3VKa3pRZg?oc=5
2026-03-04	Google	0.0	Will Tesla (TSLA) finish week of March 2 above___? Trading Odds & Predictions - Polymarket		https://news.google.com/rss/articles/CBMiZkFVX3lxTE01SnJBTVFHSm9BZmxveTVrVVl4ZWdsdmFCYldsVjR3WFNoOXlBLV9QTXdmNWVRTGRuVFAyMDFBTTRQWWxVUFFCR2hlX0QySlE4NHRDWWozZVhJQkJYWGlVWXQ0VDFzQQ?oc=5
2026-03-04	Yahoo	-0.019	Billionaire Leo KoGuan Buys 1 Million Nvidia Shares, Plans Another 1 Million	This article first appeared on GuruFocus.  Billionaire investor Leo KoGuan said he purchased 1 million shares of Nvidia (NASDAQ:NVDA) on Tuesday, signaling what could be a renewed vote of confidence in the artificial intelligence theme at a time when parts of the market appear uneasy.  Nvidia closed at $180.05 in New York that day, suggesting the purchase may have been worth roughly $180 million.	https://finance.yahoo.com/news/billionaire-leo-koguan-buys-1-180210387.html?.tsrc=rss
2026-03-04	Google	-0.056	Gary Black Says TSLA Stock Has 'Done Nothing' In 5 Years Despite 'Huge Advances' In Self-Driving: 'Fallen Way Behind...' - AOL.com		https://news.google.com/rss/articles/CBMiekFVX3lxTFBnQWd6aXZha09Cek9PS01kOHkyZXlRSTdDaXhCNkZWbFQ4TXhtVXhmbW44MGw5VFhsazFIa2E5cnY1djc0ckFXYkZGbl9rNGRiWDQ5MzNkcnJobXhWYnAwWjA5YWZ0RllOWTdEelI5Z0JXamNoZW5wZEhR?oc=5
2026-03-04	Google	-0.069	Tesla gets tip of the hat from major Wall Street firm on self-driving prowess - Teslarati		https://news.google.com/rss/articles/CBMimgFBVV95cUxQd3RXV012djZWS0JreF9hcXpEZU1NSm1meVlzUmgzd3ZvMmJHdUllZWwtbVdTc2sxNWRTSHIwU2tRYjJrVG5qZDZLVjBmYVFNc0ZMOTBjZ0pLaVNWZ2VJNGMzTWM2NEFocnpVVzc3TTlZSHlWalJVWENoOGNzMXRRcHVWaXQ4Z3gyLXlmalpVYjhzNHZFeXJCSmhR?oc=5
2026-03-04	Google	-0.4	Tesla Inc Stock Moved Up by 3.58% on Mar 4: Drivers Behind the Movement - TradingKey		https://news.google.com/rss/articles/CBMiggFBVV95cUxNNGpvaHlDb29HUkpTbWxCdmlSNzJtSF9CaGpScVlNQ09PWHZkVGhoMC05MzlSNHFuVFNyN0VDQ2lYam9Oc3NTWWVmamNjdUcwdmZKekI5UVotMGNHVHpUeUhYMHRQeTR0T2JOcEVRdjEtUU80LVJ2Q0ZVMURTNjdGbGdR?oc=5
2026-03-03	Yahoo	0.717	"Prediction: Nvidia's Feb. 25 Earnings Report Just Proved Why It Will Be the Best-Performing ""Magnificent Seven"" Stock in 2026"	Nvidia has plenty of room to run after its blowout earnings and strong guidance.	https://www.fool.com/investing/2026/03/03/buy-nvidia-magnificent-seven-stock-2026/?.tsrc=rss
2026-03-03	Yahoo	0.329	Tesla gets some more good news from a key region	For Tesla, 2025 was a year to forget. Yes, the company finally launched its Tesla Robotaxi service after years of promises (though the couple dozen on the road are a far cry from the millions promised), but it also suffered reputational harm that many felt it wouldn't be able to fix. China: 6.4 ...	https://www.thestreet.com/automotive/tesla-gets-some-more-good-news-from-a-key-region?.tsrc=rss
2026-03-03	Google	0.325	Why Elon Musk's Big Bet on Robotics Comes With Significant Risks for Tesla Shareholders - The Motley Fool		https://news.google.com/rss/articles/CBMimAFBVV95cUxOTlZQdGJmNVFPRGhyOGdua2h5bVNjSXlqeHJJQnVkUmlaQ1lYZnM1Z3NKUXlmcmRRSW5KRm84NUZPc21kWGVrRTNieEdZYnZFTkZqM2Y4ZzdrUWVyMmoycE5pa2wtUVZwd0FlTUttQ0ZuS0pZR2VfaW1VVXBPakZzOGNGQkhvSDVCN3VwNXlDWGF2RmRrYUI4Yw?oc=5
2026-03-03	Yahoo	0.277	EVgo surges to profitability by putting chargers 'where people are,' CEO says	EVgo says more DC fast chargers and better placement in high traffic areas  is key to continued success.	https://finance.yahoo.com/news/evgo-surges-to-profitability-by-putting-chargers-where-people-are-ceo-says-190547167.html?.tsrc=rss
2026-03-03	Google	0.25	SpaceX IPO Could Value Company At $1.75 Trillion: Here's How Much Elon Musk Would Be Worth - Benzinga		https://news.google.com/rss/articles/CBMinwFBVV95cUxNVXJlOV9qa1puRG5XYzhEazlSRFkzRWNfYXBsc1I2MUdrLTNQUlFiR2kxMGQ0SlBDSjU4YmgtMzZoWlJDdkQ3UVpoRFZrVkNzSWpZQTlxUWtSRHZaWmFtcTlwN19FMWpJV09UbUV5UUlLQlIwbU9JN0d0V0pKTXFlSWdXZG1WcUhvMVM4VHItUGFnel9WR2NkaXBXNjBjeHM?oc=5
2026-03-03	Google	0.25	Tesla (TSLA) Stock in 2026: The Most Polarizing Bet in Markets Just Got Bigger - Phemex		https://news.google.com/rss/articles/CBMiXEFVX3lxTE13MGQtcDJiWkZuX3d4OW5oRGhUanhZc1BnXzRxQjlxcjlVSHFqY2lvTFQwSWZkOHA1WFFfVkdHWlJqRXR3SDkyeUJ4N2VJdFh5X3k2R2pGZUg4X3lq?oc=5
2026-03-03	Yahoo	0.16	Longbridge Securities Launches the World’s First Pre-Market U.S. Options Trading，Empowering Investors to Overcome Time Zone Barriers and Stay Ahead of the Market Movement	Singapore, March 02, 2026 (GLOBE NEWSWIRE) -- Longbridge Securities today announced the launch of the world’s first pre-market U.S. options trading capability. This innovative feature allows users to trade options on major U.S. stocks and ETFs during the pre-market session, ahead of the regular market opening. It significantly extends the U.S. options trading window, enabling global investors to position themselves earlier and plan trading strategies in advance of key market developments. At lau	https://finance.yahoo.com/news/longbridge-securities-launches-world-first-020000710.html?.tsrc=rss
2026-03-03	Google	0.144	Tesla (TSLA) Sees Strong Sales Rebound in Key European Markets - GuruFocus		https://news.google.com/rss/articles/CBMioAFBVV95cUxPZWxzSExub2lKX0RReGFvbENSVlRHRjlnb3hYVEV3NlBSWXFpMUh5TUVXTlNXOWtYbkhTWllMVS1LUUw3VVdkU21ZTmVLZkRzT3M1STMzcHZtWTJfVmJwdjloVk1ZWks4bFlIcjFxYkZ5WVREeGxmN2JRaDFPQ1ZZVVJBZWN4eEtubS1FQWlneGFaTjdidWloTXpQckIzNXpi?oc=5
2026-03-03	Google	0.136	New Tesla Battery Data Emerges, Tesla Stock (NASDAQ:TSLA) Still Falls - TipRanks		https://news.google.com/rss/articles/CBMimwFBVV95cUxNMTVRc0JQMWdxUUwwb05vWlNicjVuOEhqY1N2SE9lWnlJaXVrU0pxU21PWlp5N0d0ekhKMFpVc2tPRWpkaWVzRktIWFh5NnhTZWEyZmFWWkl0QVdhcVhKSGNZc0JQMDdsQmJ0MFFaal9wam5kN0JMZHZuTW9OZVFoTW1aeDFyQVZWOVQ4UmhQSEZRYk5CODdlV25xdw?oc=5
2026-03-03	Yahoo	0.129	$5 Gas And Tesla Windfall	$5 gas has become a more frequent part of the American conversation about what it will cost to drive a car in the US if the war in the Middle East escalates or lasts more than a few weeks. Some calculations put the difference between gas at $2.95 a gallon (where it was recently nationwide) ... $5 Gas And Tesla Windfall	https://247wallst.com/energy/2026/03/03/5-gas-and-tesla-windfall/?.tsrc=rss
2026-03-03	Yahoo	0.018	GraniteShares Announces Weekly Distributions for its Autocallable ETFs: ANV and TLA	New York, March 03, 2026 (GLOBE NEWSWIRE) -- GraniteShares today announced the weekly distributions for its GraniteShares Autocallable ETFs: ANV and TLA as shown in the table below. ETF TickerETF NameDistribution FrequencyDistribution per ShareDistribution Rate1,330-Day SEC Yield2ROC4Ex-Date & Record Date5,6Payment Date7TLAGraniteShares Autocallable TSLA ETFMonthly$0.4022219.73%n/a0.00%4-Mar-20266-Mar-2026ANVGraniteShares Autocallable NVDA ETFMonthly$0.3524817.28%n/a0.00%4-Mar-20266-Mar-2026 Dis	https://finance.yahoo.com/news/graniteshares-announces-weekly-distributions-autocallable-163800174.html?.tsrc=rss
2026-03-03	Yahoo	0.015	Gary Black Thinks Waymo's Ojai, Ioniq 5 Robotaxis Can Compete With Tesla Despite Heftier Price Tag: 'Better Marketing And…'	"Investor Gary Black of The Future Fund LLC thinks that Alphabet Inc.-backed Waymo's ""Ojai"" Robotaxi, built with Geely Automobile Holdings Ltd.'s Zeekr, as well as Hyundai's Ioniq 5, can compete with Tesla Inc.'s Robotaxi despite its heavier price tag. Gary Black On Waymo's New Robotaxis In a post on the social media platform X on Sunday, the investor shared in detail his views on Waymo's new Robotaxis. On the Zeekr-built Ojai Robotaxi, Black shared that the vehicle would be fitted with Waymo's 6"	https://finance.yahoo.com/news/gary-black-thinks-waymos-ojai-233103270.html?.tsrc=rss
2026-03-03	Yahoo	0.0	EVgo Stock Rises as Earnings Defy EV Slump. The Rest of 2026 Doesn’t Look So Rosy.	Tuesday, EVgo announced fourth-quarter adjusted Ebitda of $25 million from sales of $118 million. Wall Street was looking for Ebitda of $2.5 million from sales of $103 million.	https://finance.yahoo.com/m/0c23375e-c373-35a8-8503-17fb76865432/evgo-stock-rises-as-earnings.html?.tsrc=rss
2026-03-03	Google	0.0	Elon Musk Says 'Yes' To $1.75 Trillion SpaceX IPO Valuation As Company Eyes Mars, Orbital Expansion - Benzinga		https://news.google.com/rss/articles/CBMi3wFBVV95cUxQMUJMYTdzWlR4N2MzbmJzODFkOXAtc2Q2bm5hVXY1RG4zbHFDRHFZMkVEeTdyMDVKVko2X3ZuRVFnT2s5NUh2UzRQaXpkTm8xdmZZWU9FTGsxSnVzbXRCVFFjeXA0cmNYRkxFOWJrZEx5TF9Edk9Da2FZMVpQY1otVnpKYV9uVmdmOXc1WWJrS3ZrUk5XbFJuaFVSSWtNWjNuZ0x6UEQ1c0s5ZTkzdkhFSVM0M1pyamMzLUUtVjB3cC1NRFZtT0hjdXJGLW5rc2M1Vy05aTZjb2tUQVFsdWZJ?oc=5
2026-03-03	Yahoo	0.0	Is IonQ Stock the Tesla of Quantum Computing?	IonQ stock is riding the quantum computing wave. But investors must weigh massive long-term potential against near-term risks.	https://www.barchart.com/story/news/540728/is-ionq-stock-the-tesla-of-quantum-computing?.tsrc=rss
2026-03-03	Yahoo	0.0	Is Polymarket Likely to IPO in 2026?	Polymarket is a privately held prediction market service, but what are the odds that it goes public?	https://www.fool.com/investing/2026/03/03/is-polymarket-likely-to-ipo-in-2026/?.tsrc=rss
2026-03-03	Google	0.0	Laurel Wealth Advisors LLC Sells 377,984 Shares of Tesla, Inc. $TSLA - MarketBeat		https://news.google.com/rss/articles/CBMiwwFBVV95cUxNOF9UY0dnOGx4X2pGaFVXNW9zTWlZRVlVdkxQU0JXTFoyVGJlblJpRlVsb3VrWTJyVGx0QlVsVDNFNnZlZ2VVUG51VlNUUExiRWctUzZKZnc3QS1IVGwyS0RfNFJwdzJhLVRYdC1tV0tkTW0wNld5aHgzVUVBVHdEMUJyU2xPUHJyODFHenA1RHZqVE1fQy1tOWFNelpYRmU2ZWNucTFCUWtnQnRSMXJTSmRmY0tIVjJGaFFHdVZDY3BPUDQ?oc=5
2026-03-03	Google	0.0	South Dakota Investment Council Has $21.82 Million Stake in Tesla, Inc. $TSLA - MarketBeat		https://news.google.com/rss/articles/CBMizgFBVV95cUxPeTNPeTB0RlpmUHZBaThISDM1Y2hVcXRlRUNVWVlLWWg4X1JQSW94NEp4UGR6ck9YbkxBTlE0ek50S21zdENmWTBsT2dnSjRxdUpjRnZuNFo3WGRVUWpJZzRnbUtnc1ZaZzNjNHFsOU9HOHd2U3N6d2x1dXlEbTV3Rkw4V2dXdFJvekI5el8zS1FRQ1RIaEk2eWJ4UHg1R0RYR1BXTEo2U0FXZFJ5SGJ0dWVBWHJXWU5BZXNuUmNGMWtGWXYwVnA0Ym9UUEw0Zw?oc=5
2026-03-03	Google	0.0	TSLA Stock Today: March 02 – GasBuddy sees U.S. gas jump on Hormuz shock - Meyka		https://news.google.com/rss/articles/CBMinAFBVV95cUxOQjZUQmhIN3BTSllNS0RSQlVhVFU4UDVzZnBZSmcyX2NYdkdlNHdNekY0aEpvUUpwRGtaZ0oybEJsMzVxMWVkNVE2aGVjNFM4VkZuQU12ekwyUzQxX05WQWRmU3RYdFh4OHFXdjV3blFDd19xaHpid1Ywa1JYVFlSa1RUN1ZvZV9sMnZLMXJyejVTQjFBSTJOUjdteEk?oc=5
2026-03-03	Google	0.0	Tesla (NASDAQ:TSLA) Price Target Lowered to $280.00 at BNP Paribas Exane - MarketBeat		https://news.google.com/rss/articles/CBMivgFBVV95cUxQV0JjWHl2WWxIb1hsNVhtcnhTTzR3LUVaUi1qUTJGYmNzUTlMbmJxaFpEVlU0a2xQWmQtSGhnTGF6Wlg3QUJVVzc2cFZfZXNzMVltcE1IaFprMmloN2Zqd2wyYVdMbjRhNEVhc3VkSWRwSGN1dHRKcXhMaGc0SktwYmN6MXlVUUZ1a2VDNm1aMkEyZVlNUzR4andKRVZyUWc0R1EzdVRDQkVZZEx3eVZjR05pT3hCVk9PcFNrVVp3?oc=5
2026-03-03	Google	0.0	Tesla (TSLA) Sees Bearish Options Activity Amid Stock Decline - GuruFocus		https://news.google.com/rss/articles/CBMinwFBVV95cUxOY2RZOHpCUzEzcFdTZzJ5ZlhQNlc0SFViNERBN0lTMHlENDJqWDZGd3M3MFdqLTFFOEM2MFQ2UDhCbG52bmpUbzFHUkFQTzFxV1N5cGtPc1oySHVETXVLYko3cEh0bkxIOENrUUlhVHpuSHBHOGxkVEo0UElWZzRRTk9PbVFHQTgyTzQ4SkpnMFU4QmhIY1ZGNkpwd3pvSkE?oc=5
2026-03-03	Google	0.0	Tesla (TSLA) Stock: Three Catalysts That Could Drive a Breakout in 2026 - CoinCentral		https://news.google.com/rss/articles/CBMimAFBVV95cUxQLVZsTVRSbmlLTVd6Ql9ua2FiaFFEWEhNVlFyUU9fVktSdGlnMXFXSHRfV1ltSkRXbnNDZUw3THg0bGx2V04tRVkyUGpicFE3UWRiU2JqY1dISWtpaEFvY3pMTzBrTGRYV1loaDZQWS1ZNFhGZ0hTaEpLc0lYME5sMkprZ0JiWHRZTW1jYjFaSS1NUGdaLVo5cw?oc=5
2026-03-03	Google	0.0	Tesla (TSLA) Stock: Three Key Factors That May Spark Growth Through 2026 - Blockonomi		https://news.google.com/rss/articles/CBMimAFBVV95cUxOT0U0bGJJVUl6QjJVT1lJVlROLWNPd0tOdG1lVGQzZGV0YXpZX1ZOVkR3bGRQaTJGbE52OWNnWEE1clc1a0I4eno1MWRrdUpFMU1qeVUxRHVoZS01TmRhVC0xQl8tWEJnN1VjYzQ3ZkhQTVV4LWRsVDREd21lOEJmSjFmMzYyM2JqekJBbGhjbDEtbE13a1oxbw?oc=5
2026-03-03	Google	0.0	Tesla (TSLA) closes above ___ on March 4? Trading Odds & Predictions - Polymarket		https://news.google.com/rss/articles/CBMibkFVX3lxTE5uck5fRE9XV21YeGwwNnUyLW9DRTFjWHFBQ3ZuSXJ2WEdrNG9fejRmOG4yYm5iX3dkSmxmbHZ6RGtUQURDQl9YeE9fVlZLZmFRejdVcld3dUV0UHJ3ME9pMjNfZ21JQ0FqUEF4VXJR?oc=5
2026-03-03	Yahoo	0.0	Tesla CEO Musk's X, xAI Plan to Repay $17.5 Billion in Debt	Bloomberg says companies aim to redeem bonds at a premium.	https://finance.yahoo.com/news/tesla-ceo-musks-x-xai-182905430.html?.tsrc=rss
2026-03-03	Google	0.0	Tesla Options Spot-On: On March 3rd, 1.93 Million Contracts Were Traded, With 6.64 Million Open Interest - 富途牛牛		https://news.google.com/rss/articles/CBMikgFBVV95cUxQY0dFRkViaFVOcDRwUmVXZU50Nk5zemJSZXhrdF9wQjhPS3c3VEFNeHdhVndtTmhvdnRSREhndUttM3llY053Q3lpUjhkU1loRm9VUWFyX1lieWJqaW9YOTRJODQ1MlBRcFVmc2hIMUVaVE5kbi1PSmFpMXJrQk5XMXotSjcxd1B3Z0swOUhEU3pldw?oc=5
2026-03-03	Google	0.0	Tesla, Inc. $TSLA Shares Bought by Focus Partners Advisor Solutions LLC - MarketBeat		https://news.google.com/rss/articles/CBMiyAFBVV95cUxOU2NPd0RLX2pCakgxVkg4SmNvWVY3bkc3bE9RenREY3JGbnBiNXR2RlNLZjB2SzZrbnVxUGFwOHJZaGplV1JueUpiZVYwSFdiNFY4eXkwRXBRNEZ1Y3J1ZlZ5OElnbVJlZWhsdlB4Y080bFBxS1d4dVloSXBEREpwVjR2YUl1Z0Q1WHJpUnZIWE9GTHlaTUJOOXdIRkMtZEJSTHBvYVJfRkRZMERlcFBFdWVsVzRTdVFzWVRuVDhTcXFjdFNzMDhUVw?oc=5
2026-03-03	Google	0.0	Tesla, Inc. $TSLA is Contrarius Group Holdings Ltd's Largest Position - MarketBeat		https://news.google.com/rss/articles/CBMixAFBVV95cUxOdHFFYTU5WVRXQ2NmMUo2Ri1wMTEyeE5RNzRqSEd0MzliQVRGSXRnaFFMTXVVY2x0UmR0MG56SDZVd1VJN0JkNlpuS1czYmdadHplLXREN0kyT1liWUZpSno1VFAwT05lLTNhcWg3Slp4MGl1bHNRVXRxVWtXblBlNFVPSTZsclp1NmRLTHlfY0RLTklNZ0h1WS0xRWhLY3BHdVBFRnR0T0N2SnVPX19GcUpZNnB6WmtuWEFjems4R2huc2NO?oc=5
2026-03-03	Google	0.0	Victory Capital Management Inc. Cuts Stake in Tesla, Inc. $TSLA - MarketBeat		https://news.google.com/rss/articles/CBMivAFBVV95cUxQYnFNWlM4dkVsV2xVZTVCbTlpNmdwbERVWG4xSVZsc254cVFhV1pWdWE4WlRESTJwX2FESXJmdzkzLXRkTTdVMTdnZnRCUXk0RGo4a1pjRzJpVktpYnJaSi1RLVgtZGcyLUxhYWk2bHpTRDJib19lQmtmc042WHBmWVVjSV95Z2NJc2Y1bnJJRjJCR0dJdzJCQ3dmeGZWcGcwOGxhNEJJWlljSzdJMFF2MXJ0SWRORkJKc3h4bQ?oc=5
2026-03-03	Google	0.0	What’s stopping Tesla stock from crashing? - Yahoo Finance UK		https://news.google.com/rss/articles/CBMihAFBVV95cUxOaWhRdU83N3FfYW1Wck04N0Zlb0t1WU9WVXV6ZnRIZnlnOFM4X0FZVUdheVNZNzNOX01DcW1uM3YwX2F4dk9MVmNOc0pRbW1qZURCOFpLb2FXUWRkd2xiTGU2RDRQNDNBNXMzZWFJTDZJUGNhYmpLSjNPeVIxTkZLMTRzaks?oc=5
2026-03-03	Yahoo	0.0	Will Ford's Low-Cost EV Pivot Strengthen Its Market Position?	F is overhauling its EV strategy with a $30,000 next-generation model and leaner design, betting a $5 billion pivot can boost efficiency and fend off rivals.	https://finance.yahoo.com/news/fords-low-cost-ev-pivot-144500062.html?.tsrc=rss
2026-03-03	Yahoo	-0.014	Tesla Stock Falls as Investors Wait for Its New Robot, Optimus Version 3.0	Tesla  stock fell with most stocks on Tuesday, as investors continued to worry about Middle East tensions.  Brent crude oil futures were up 2.7% at $78.18 late on Tuesday, re-igniting inflation fears.  If not for geopolitical fears, investors would be buzzing about the potential reveal of the third generation of its humanoid robot, Optimus, which was promised for the first quarter of 2026.	https://finance.yahoo.com/m/b794d75d-5c31-3e9a-85ed-cad840190a07/tesla-stock-falls-as.html?.tsrc=rss
2026-03-03	Yahoo	-0.033	Tesla Under Fire: What To Do With Your EV Stock Before It’s Too Late	Legal challenges and falling European EV sales are pressuring Tesla (TSLA). Some investors may be rethinking whether the stock is still a long-term hold.	https://finance.yahoo.com/news/tesla-under-fire-ev-stock-170816708.html?.tsrc=rss
2026-03-03	Yahoo	-0.036	Musk's 'Grandiose' Plans For Tesla 'All But Implying' Future SpaceX-xAI Merger	Tesla CEO Elon Musk aims to build an AI chip factory and produce 100 gigawatts of solar cells. Those ambitions can't be held within a single company, according to one analyst.	https://finance.yahoo.com/m/eefc7ed5-c325-3e91-8fa4-f74e4f33918b/musk%27s-%27grandiose%27-plans-for.html?.tsrc=rss
2026-03-03	Yahoo	-0.062	5-star analyst resets Broadcom price target before earnings	Broadcom (AVGO) stock has gained almost 60% in the past year, at the time of writing, Tuesday morning, March 3, according to Yahoo Finance. Meanwhile, the SPDR S&amp;P 500 index (SPY) is up about 15.52% in the same period. A semiconductor giant with a vast product portfolio spanning wired ...	https://www.thestreet.com/investing/stocks/5-star-analyst-resets-broadcom-price-target-before-earnings?.tsrc=rss
2026-03-03	Google	-0.156	Tesla (TSLA) Up or Down on March 2? Trading Odds & Predictions (Mar. 2, 2026) - Polymarket		https://news.google.com/rss/articles/CBMibEFVX3lxTE9hZk5ERzM0TndpWlQzNDUzaDFJeEdtTjVvcEIxeHVWSEwxb3Y5bTdBS0lBWkJnOUQ5R1loYWZ4Tm00THhsdjVCTkRkZG5OeGZFRl9qRnFaR1lHS2VHa0xqbUUwTzcyNXF6QUNtdw?oc=5
2026-03-03	Google	-0.156	VOO is down 2.1% today, on TSLA stock price movement - Quiver Quantitative		https://news.google.com/rss/articles/CBMikwFBVV95cUxOMGVQUGI1WVY4UkdOMzNlMzJCMEwtWnB2dDk4Z2xZVEN3OE4wbmVuam42QmlibXp5cjluRndqZmdMazBXaHFpRnNYa29JSkNuZTBGUTBtalpSdG1LbGNWUEtDY0dGWW1zZjFUSm50em04T2lDcTRJX1ZrSExzTUJFNTFGNFBBZzQ2OHhONFl3VUU0cUE?oc=5
2026-03-03	Yahoo	-0.2	Dow Jones Futures Fall: U.S.-Iran Conflict Sparks Market Upheaval As Nvidia Rallies; Credo, MongoDB Plunge Late	Dow Jones Futures: The start of the U.S.-Iran conflict sparked stock market upheaval Monday. Nvidia stock was a big mover. Credo and MongoDB plunged on earnings late.	https://finance.yahoo.com/m/b678b4c5-46a0-3389-8070-1072a0521bd7/dow-jones-futures-fall%3A.html?.tsrc=rss
2026-03-02	Google	0.8	Tesla Robotaxis Win on Some Fronts, Tesla Stock (NASDAQ:TSLA) Slips in Response - TipRanks		https://news.google.com/rss/articles/CBMiqAFBVV95cUxQUlpHcnR4aWR5ZDA4aXl4a1FORm9ITmxMUEtxWTlTV05vdFA2cXhFaEtKM2lPR2ZKcGxnd1lUZnpwRHA1ODhPVFYtTGxlY0F0c21NWGoxMXc1UWxkT0tndGZoY3FIVk56YWlFdm9mMXh3Y2xyUElpeDY4OFlYSW90LThweHlZVkgxT1lvMEFBN25rYzAwbnZrYTNGMW9tWk80SHoxMTBWQ2I?oc=5
2026-03-02	Yahoo	0.554	Are the Magnificent Seven Stocks Losing Steam? Should You Buy, Hold, or Sell?	After powering the S&amp;P 500 for years, the Magnificent Seven stocks are suddenly lagging in 2026. The smart play might be to do what the crowd isn’t doing.	https://www.barchart.com/story/news/518465/are-the-magnificent-seven-stocks-losing-steam-should-you-buy-hold-or-sell?.tsrc=rss
2026-03-02	Yahoo	0.5	Iowa's Harry Stine named one of America's greatest innovators	"Iowa's Harry Stine, a ""seed-genetics savant,"" is named one of America's top innovators, ranking above Warren Buffett."	https://www.desmoinesregister.com/story/money/agriculture/2026/03/02/harry-stine-forbes-list-great-american-innovators/88860864007/?.tsrc=rss
2026-03-02	Yahoo	0.388	Tesla gains market in France, Norway in February	Elon Musk's Tesla gained market share in France and Norway in February, ‌official data showed, signalling stabilisation in Europe ‌after two straight years of declining sales.  In France, the automaker's registrations, ​a proxy for sales, rose 55% even as most rivals sold fewer cars than a year ago.  They increased 32% in Norway, but fell 18% in Denmark, ‌the first countries ⁠to publish February data, with others including Italy and Spain set to report through ⁠the day.	https://finance.yahoo.com/news/tesla-gains-market-france-norway-101601572.html?.tsrc=rss
2026-03-02	Google	0.375	BYD’s February Sales Crash 41% — Should TSLA Investors Be Excited? - TipRanks		https://news.google.com/rss/articles/CBMilgFBVV95cUxPUUtlM21qaTQ3cmEtZURtaW1Zb0x3aUNCVmdVX3hQQzZTWTZGWWQ5V2c1c3lJUHM4d0tIWmozQVlMNUZTdU44TWlRRzlENFBub1FzeWVlSnZjaFBKb0Vob052YXV1dG0yYVRmVzdEeU5aV2thM0FfeHhSTjNCT0prT2k4SmlHV1pRZGNVZG1UY1l3SFk1V3c?oc=5
2026-03-02	Yahoo	0.25	Elon Musk Predicts Tesla Moon Factories Within 20 Years, Tells Investors To 'Hold On' To TSLA: 'Gonna Be Worth A Lot'	"Tesla Inc. (NASDAQ:TSLA) CEO Elon Musk has predicted that the automaker would have factories on the lunar surface in 20 years, urging investors to hold on to TSLA stock. Lunar Factories In 20 Years In an interview with André Thierig, who is the plant manager at Tesla's Gigafactory in Berlin, Musk shared his predictions for the future of the automaker. ""In 20 years, I'd say Tesla's got factories on the moon,"" Musk said, adding that he saw a ""prosperous"" and an ""extremely bright future"" for the au"	https://finance.yahoo.com/news/elon-musk-predicts-tesla-moon-120107724.html?.tsrc=rss
2026-03-02	Yahoo	0.229	Rivian Is the Ultimate Growth Stock to Buy Right Now -- Here's Why	Rivian Automotive is a bet on EVs, AI, and autonomous driving.	https://www.fool.com/investing/2026/03/02/rivian-is-the-ultimate-growth-stock-to-buy-right/?.tsrc=rss
2026-03-02	Yahoo	0.167	Tesla’s Robotics And Robotaxi Shift Reshapes Risk Profile For Investors	Tesla is preparing to launch its Optimus Gen 3 humanoid robot, signaling a push into robotics and physical AI alongside its core EV business. The company is facing legal actions and regulatory scrutiny tied to its robotaxi rollout, including permit questions and lawsuits over autonomous driving incidents. Tesla is reporting crash data related to its autonomous efforts to NHTSA, drawing closer attention from U.S. safety regulators. Market share pressures are playing out differently by region,...	https://finance.yahoo.com/news/tesla-robotics-robotaxi-shift-reshapes-231458044.html?.tsrc=rss
2026-03-02	Yahoo	0.16	War tensions fail to shake tech stocks	As the war between the U.S.-Israel and Iran escalates following the assassination of Iranian Supreme Leader Ayatollah Ali Khamenei, the U.S. stock market opened after the weekend on March 2. Despite war tensions, most Magnificent Seven stocks opened to trade in the green zone. NVIDIA ...	https://www.thestreet.com/crypto/markets/war-tensions-fail-to-shake-tech-stocks?.tsrc=rss
2026-03-02	Google	0.143	Rivian Is the Ultimate Growth Stock to Buy Right Now -- Here's Why - The Globe and Mail		https://news.google.com/rss/articles/CBMi3wFBVV95cUxNdkEtS3A2WC1UNGRZN3BqdXU3QVBJRXJMZW5aT25lNDVCQzhJX0Z4TTRFOTJLeVBENGJIOUFJemlWVXpDdkx2N3ZwX1h4Rktrd1JqVFlEUUhDYkdLYk5lOUY3VmNpM0lzSGtIcFJKLTF3VWREMzVuaU5yT2s2QXRveUxGdlZuc0tBM1RoTXNXZlpKMVhSbGZNU3hvUTBXek5YWWJadnlUZi16OUc0c01melZUM3R3X0RkbWFIdDg1WVdXaXRnZFEwU3hxX1h0cWlJZFN4aGdRRG1ZcnRfZTRr?oc=5
2026-03-02	Yahoo	0.136	Tesla's China EV Rivals Hit By Lunar New Year Holidays, But Nio Stands Out	Tesla China EV rivals BYD, XPeng, Nio, Xiaomi and Li Auto saw weaker February sales vs. January amid Lunar New Year holidays.	https://finance.yahoo.com/m/769830a4-646d-3a06-8cca-2c763fda947f/tesla%27s-china-ev-rivals-hit.html?.tsrc=rss
2026-03-02	Yahoo	0.097	BYD Sales Collapse. What About Tesla?	It is hard to imagine how a hot company like BYD could suffer an extraordinary drop in sales. However, in February, it happened. According to the FT. “The world’s biggest electric vehicle maker reported February sales dropped 41 per cent year on year to 190,190. The decline was driven by a 65 per cent drop ... BYD Sales Collapse. What About Tesla?	https://247wallst.com/cars-and-drivers/2026/03/02/byd-sales-collapse-what-about-tesla/?.tsrc=rss
2026-03-02	Yahoo	0.033	Tesla Stock Eked Out Small Gain. Why It No Longer Gets a Boost From Higher Oil Prices.	Tesla stock was lower early Monday, along with stock futures as investors weighed implications from the U.S. war with Iran.	https://finance.yahoo.com/m/fcfa4887-4a53-396f-8d98-70d227ff7527/tesla-stock-eked-out-small.html?.tsrc=rss
2026-03-02	Google	0.0	5 Stocks Racing Ahead as AI Supercharges Robotics - MarketBeat		https://news.google.com/rss/articles/CBMikwFBVV95cUxQVy1JRnRUM0Jfazg1SWtZTlRUTVhMbElteVlidXlKZWdja05mcFJyT25LM253TjVnaW4zSklJOHlpS3BXbXVIcVRoamdRTXZoek9kQlFhT3dFNllVd0YtZGZhb0s5dzRlRzVtWGpkTy1WZ0E3dXJlSlpDNDNvdWxYUmFiRkxMU1phVW1FaG92QVg5SkU?oc=5
2026-03-02	Google	0.0	Assessing Tesla (TSLA) Valuation As Cybertruck Demand Rebounds And AI Robotaxi Push Accelerates - Yahoo Finance		https://news.google.com/rss/articles/CBMikAFBVV95cUxQODByeFhmT2tCU1BEVzV6VUVhTWl6bFhrYjlMblNxbmV2Yk9fMFRhUXFMdmM1eG0xU0phWXdOWXlpMTlpUWtMS2JZQmNnOE1VdlRlRXRibVMyaDFlc182bFIyLVY1cjNSRlBKM2hmcGVveEp1bkxKUmQxYUdLTmJCZWNTV1pwYzJVU1pyNEFCRlQ?oc=5
2026-03-02	Yahoo	0.0	BYD stock jumps on 'disruptive tech'  teaser, despite 41% sales tumble	"Chinese EV maker BYD stock jumped on Monday after the company said it would reveal ""disruptive technology"" at an event later this week. This comes after BYD said global sales tumbled in February."	https://finance.yahoo.com/news/byd-stock-jumps-on-disruptive-tech-teaser-despite-41-sales-tumble-160609328.html?.tsrc=rss
2026-03-02	Google	0.0	Bank of Montreal (BERZ) issues 23.10% auto‑callable notes linked to AMZN, HOOD, TSLA - Stock Titan		https://news.google.com/rss/articles/CBMirwFBVV95cUxPZExiYmZ2YTV4SnI2VjZ4aldxVnlneXNEX09sOGhVb2dHdVp6aTFJaUxrSW1qNl9pTlRYVkhoVUNjdUlZU1dHX3NPYUF5SmRVNmhqMHJPZVVTd0VGc0FvZkg0RWQ5aTlFb2EtM1JwY2pDdVpPUHBtZGFSLTByYXpUOFdBTzh5TWtiTXhhckh4bVdUVldRR3lRQ0lxTXRScG0wazZaRVN2N3RJeDRVdkRR?oc=5
2026-03-02	Yahoo	0.0	Boralex and SNGRDC commission battery storage facility in Canada	The facility aims to enhance grid stability and increase renewable energy integration.	https://www.power-technology.com/news/boralex-sngrdc-commission-battery-storage/?.tsrc=rss
2026-03-02	Google	0.0	China’s EV Market Is Stumbling. Here’s Why Tesla (TSLA) Stock Isn’t Panicking - CoinCentral		https://news.google.com/rss/articles/CBMinAFBVV95cUxOYjRlbm4wQ2J4WEw4MFd2cE5ZbUczUUhvU0h1LUV4eUVOVWEyLWE3Zk5Ec1J5VWt3SXZMZk1ISmp4Zmd3RjNsTFJWdVZzT0QtNWhVd29qaG5XTmhFblJab1l5alE1OGRmQ0JkT3M3VWNVWURuZWdxSjE3cXp1ZXFRYU9GOTd6dGpOZjhQSFJFUm9LWGlkb2lxTHRUNno?oc=5
2026-03-02	Yahoo	-0.0	Gary Black Says TSLA Stock Has 'Done Nothing' In 5 Years Despite 'Huge Advances' In Self-Driving: 'Fallen Way Behind...'	"Investor Gary Black of The Future Fund LLC has criticized Tesla Inc. (NASDAQ:TSLA) and its bullish supporters, noting that the stock has failed to demonstrate growth over the last 5 years amid the autonomous driving race. Tesla Stock Has Done Nothing In a post on the social media platform X on Thursday, the investor slammed the stock and Tesla's bullish supporters. ""$TSLA stock has done nothing for 5 years (TSLA +81% vs NDX +94%) despite huge advances in TSLA's unsupervised autonomy technology,"""	https://finance.yahoo.com/news/gary-black-says-tsla-stock-123109630.html?.tsrc=rss
2026-03-02	Google	0.0	Goldman Sachs Maintains Tesla(TSLA.US) With Hold Rating, Announces Target Price $403 - 富途牛牛		https://news.google.com/rss/articles/CBMisAFBVV95cUxNOFZMRXNwX0thSnVDMWQ5RURkZXBqaG1oYk03Vnp6LTRUZ0JwbnJTU3E2REdwV2hsa0Zxb1FtdjBUa3lXR3ByalpJSWxwUFdjR21DQ0F5eXNLV0VXU1VGYUtYcHBoYl9LOEN3VGF2N2ZveFBlZ0FtTWdzTWd3dzRnVndOQ216cUZyajJEZ19KMkhQT25sYjg2TEVoQzJFLXBXNDRwcXpKZWxYSDVOYm5ibg?oc=5
2026-03-02	Google	0.0	Showdown looms between Tesla and German union - Yahoo Finance UK		https://news.google.com/rss/articles/CBMijAFBVV95cUxQSk13d3BTZXhvdGtpUXRwejlaOTI1bzhuVG83aDZrbFpsek96alRIckZ0akFkdEZhQXdiWnZmc0FUTzBqajZxUjJxRUEzdnNoaHJZZEpmVVA2U2Y4TDUtV19USk1jUlM1cGh4ZTUwTk1wbWFhN0pGa2NrdUcxZ1pzODdZQUpiZVNha0djWg?oc=5
2026-03-02	Google	0.0	Tesla (TSLA) Faces Registration Declines in Europe, Raising Grow - GuruFocus		https://news.google.com/rss/articles/CBMisAFBVV95cUxOdVFxWFRFUVVhYUxRVktJcWFwMGJsalZrbFpGdVR1cjRvTlhYZW9Wc0RVZkwwd1ZJWm1jM1ltazktSWM0RHJDQUlfY21zVjFCX1pZTmpuUFIxUGJUdDMxODM5eFMxQUJJWktqM19Wb2Y2Rmt4RXc2emdOVzJUUFhXQ1JDV0UtX19mZ3cxMHBieXliTGNxOTd3VmFLSWhrVGt5cFFfWll6VU55N3p3YnExQQ?oc=5
2026-03-02	Google	0.0	Tesla (TSLA) Sees Mixed Performance in European Markets - GuruFocus		https://news.google.com/rss/articles/CBMilwFBVV95cUxOQUJnbllNOEdUYmk0V3RiVmNkdTRlWEJDRkJSa0NOSXhpS0Q0TFpJWkQ4QVdfdzdzckp0SHJWQmNxclJtRURtQ01TczZvZFdDeFdjUldjR3B1WU53cldhd0VjSWY0UDNxSHJqTmkxUkpGczY1cmhMd1RwejNWUjRlR1kwRDV0cVRLN0xOUXNJajlSam9jR0g0?oc=5
2026-03-02	Google	0.0	Tesla (TSLA) Stock: Is Europe Finally Coming Back for the EV Giant as Sales Rebound? - CoinCentral		https://news.google.com/rss/articles/CBMiqAFBVV95cUxPVFFHTGxUZmN2c0ZxUnp0eWFkcEI4QU1VeTZUSjhIX050SHRRQU9OQjZKOVJKTGJORm1yajE4QUpuOE9GMktkUzFObTFNVXpLZ0tkN1oxRS1TdHdzYi1Del9lYmUyTWVIR1JZbUZDQlJreGYxbG1YY1RoVnF2WkpDMmdJdVlYekJGamdtbWp3S1pyd05HQW5ISFFYcE12QThqOW81QU5mUlg?oc=5
2026-03-02	Google	0.0	Tesla (TSLA) Stock; Slides Ahead of Bell as Cybertruck Price Adjustment Hits Market - CoinCentral		https://news.google.com/rss/articles/CBMiiAFBVV95cUxNVFBrZ1dMalNaZlJxWEFfbzMzVnNDWjFMcWxkcHRNN0Zvc29yZkZ2NzF6a1B1dkVzNDQzYjYxbU5mWFF0OFBPU0g1MmE1RWhJcjc5Nl8tZ0hmN0FnVTZjei12STZtWTN5STR2X25zeWpraVBlMTdiQ2VmVjdSVGNoU08xellZY1du?oc=5
2026-03-02	Yahoo	0.0	Tesla Gains Market Share in France and Norway in February	Registrations rise in key markets after two years of European sales declines.	https://finance.yahoo.com/news/tesla-gains-market-share-france-202127770.html?.tsrc=rss
2026-03-02	Yahoo	0.0	Tesla Hits 8.4B FSD Miles: Is Unsupervised Autonomy Within Reach?	TSLA tops 8.4B FSD miles, edging closer to Musk's 10B target for unsupervised autonomy as global testing expands.	https://finance.yahoo.com/news/tesla-hits-8-4b-fsd-154000976.html?.tsrc=rss
2026-03-02	Google	0.0	Tesla Stock (TSLA) Drops Even as Europe EV Sales Roar Back - TipRanks		https://news.google.com/rss/articles/CBMijwFBVV95cUxOUkp5YXhqc2pRNFdEOVhOb1JsbWhuRXhIc1BUSU44cXpVZjBENzBGRFU5dVZoaWl5VzVRLWN5X01qYWR5SkFzbFgtU05ZNlBtQThYcXZGc3hIeUEyei1FWmJnR3hlUVhzSmo4QWo0ZjlzZ3JacGFibzBSSVVBVkptdFVpUWJONEVNQmdNOXFFcw?oc=5
2026-03-02	Google	0.0	Tesla, Inc. $TSLA Holdings Boosted by Elo Mutual Pension Insurance Co - MarketBeat		https://news.google.com/rss/articles/CBMixgFBVV95cUxNWUJ3aHlhUEExSUZlU19hWjlUMnVhTXFMMVFVWE1QdkRmMFd3b3o5Qld1UDkxeXZWZF9DSkFDaTZYaUt4U2I0TkY4MGcwYnNrWFlBVnA4R0xQSFJ6enJ2NUJ3M0VPTmwwajdOLUFERE1HczAwRmY2dXUyaXpXc1ZpbE5oa1I2ZWFJMGlwNFlvMlB1cENGUk5DdVNJUkRlYzFLb2JBMGM3WHdkQnRucHBSRmlMeFJCTjJHSTdKUWY0UGFkNUtWbHc?oc=5
2026-03-02	Google	0.0	Tesla’s Optimus And Robotaxis Test Lofty AI Valuation And Expectations - simplywall.st		https://news.google.com/rss/articles/CBMixgFBVV95cUxPajhqSGVaakM0ZXVydmJfWU5MYVNPbHFOcjBiU1l4bElVMTdIdlkxQW50MWkzQ2JqOVFCVGhQY2FQMG1kUWd0SnA5THZucVlMNFdEZVFxS3hQejJKYVNmQkcteXpXajQ4QkNJZnhnSmJRc1AybVVrWVozcUdhT19OVnRwTDNkSUFPSDBhWXR1WnNqQ0R6bXhBOGViVGRmY1RHT01DUHk4Vmw4TWllX2Nxb3R2MVB4eHpTbTVndExfbC1TcVp5UVHSAcsBQVVfeXFMT193Q2xJbXVGY2E3U0wyb0VKWjhPYmt3eXBSUksyUXJfWUctSnJidC1NQ0ptMDRXOXY0U2Rlc3NQVDQ4WWRxVU42emF0WEdhMVVQUDZLMTY4bkhCandfV3lPWkRxS1ZaMkkzQ2JGVUxFaGJIdXFrd3dudzE1V05Yc1BSQ1NMMVNCZWpUUEJVZDR3ZHpPajZCcnlCOG9zRDF2bnlhNndzdHlMd3N4RlBPenFWX3VoZXBhWTV2cWxYd3pqVVhyMkFHZ2tfYU0?oc=5
2026-03-02	Google	0.0	What Could Trigger The Next Breakout In Tesla Stock? - Forbes		https://news.google.com/rss/articles/CBMirwFBVV95cUxPVnR1WEV2MTRXRElrVkFnUXd4eHVOem5iNFNkQlVzZ0hOaW00TE5rTy1vRUQyX1hNVjhaeFUybndObXlUVXIxTF9kVmhTUkJBQmhpaXo4dVhUbWIzcGNNc3QzbWw2YnVCaTJuelUtV1MzNzQyNmlyazRWa2FJMmVaOWNRMzNFTGJfZmYzZjdsVEhSWXdMQzZDVDRNeHpmQTFGemtJd09hVFJiLTgwWmc4?oc=5
2026-03-02	Yahoo	0.0	Will Tesla's Cybertruck AWD Price Hike of 17% Sustain Demand Momentum?	TSLA hikes Cybertruck AWD price by 17% to $69,990 just days after launch, testing whether sub-$60K buzz can sustain demand momentum.	https://finance.yahoo.com/news/teslas-cybertruck-awd-price-hike-141500931.html?.tsrc=rss
2026-03-02	Yahoo	-0.015	Musk's Tesla Robotaxi Is Cheaper Than Waymo, But Longer Waiting Times And More Human Drivers Are A Drag, Analysts Say	Tesla Inc.‘s (NASDAQ:TSLA) Robotaxi in Austin is cheaper when compared to its rival, Alphabet Inc.'s (NASDAQ:GOOGL) (NASDAQ:GOOG) Waymo. 2x Cheaper Than Rival In a new research note released on Thursday, analysts from investment bank Jeffries analyzed ride-hailing services from Tesla and Waymo, taking over 15 rides in a Tesla and over 19 rides in Waymo. Analysts found that Tesla offered just 2 of the 15 rides without a safety driver and that they also failed to book a ride due to unavailability	https://finance.yahoo.com/news/musks-tesla-robotaxi-cheaper-waymo-130024128.html?.tsrc=rss
2026-03-02	Yahoo	-0.364	Chinese EV Sales Slow Dramatically. What That Means for Tesla Stock.	Combined, NIO, Li, and XPeng delivered 62,474 cars, down 10.6% from a year ago. It was the worst monthly combined performance since January 2023.	https://finance.yahoo.com/m/dae0f208-5d86-38e8-bd71-1e1bfd99b822/chinese-ev-sales-slow.html?.tsrc=rss
2026-03-01	Google	0.136	New Age Alpha Advisors LLC Has $18.41 Million Position in Tesla, Inc. $TSLA - MarketBeat		https://news.google.com/rss/articles/CBMiywFBVV95cUxPTlVON1NTd0stWTZyMUREMDVud1VwRkpwRVJsWGhHazhCMVRsbjFPR2NCYlVacTRYMDVZNVlzYTI0VTZoZ05sTWlKSkQ5bTBwWFJwZkZ4bVdGOV9nVXJpSlktdEZBeHpfMU5LQUN1STcya2NUeVE4MXlJSERKdUUzdzZ5Y0RTTm1FMjVHejhBV0Z4QkZoS1h1eTl3WmUwVG1JeC1jb1VOV2hFSDRpLU5Ja051Q3ZXUEVkRkNKT1Z0b1g2SVR6aEhGbFZ2cw?oc=5
2026-03-01	Google	0.136	Tesla Tokenized Stock (Hyperliquid) Price Today | TSLA to USD Live Price, Market Cap & Chart - Binance		https://news.google.com/rss/articles/CBMidEFVX3lxTE5XV3Z4TDFYWlZudzJMR1NuM0Zua3RjSUY5MUtwa0t6Vi1wOUJ3QkRnUjFKR0k2YWdpb0VVUXczSjFtWVQzYXdlRVUwN09KM0JENVFMUXh3bFViZEtCVXJYTk1LNkliaWNZcld3YlBacWZjdUtC?oc=5
2026-03-01	Google	0.0	Arete Wealth Advisors LLC Sells 4,103 Shares of Tesla, Inc. $TSLA - MarketBeat		https://news.google.com/rss/articles/CBMivwFBVV95cUxNUHdKaWxlUnNfaTFXeUVZTnZnWk9ONzNZQy1FY3EyYnRXY3IwYURXajBDQmNSWHROVldlNDNMb2NvdXRHOTJNVk5IM3lXOC1ZeVB6dGZpelRBeGdrT0UxNE5IWERZbFBGNGhwQUpSVGdGOW1TM3REcjdOUWY3eFdabFlZSF9Ca2NWX2diSlpPeDJBSjhBUlRPQ3VLNXhTaDhidW1PTDVXaG5mblZHY3htNzZqQmZpYlRwajg5NUNpWQ?oc=5
2026-03-01	Google	0.0	Cache Advisors LLC Cuts Holdings in Tesla, Inc. $TSLA - MarketBeat		https://news.google.com/rss/articles/CBMisAFBVV95cUxQeFFiNTE3cEZWRENwb1pIMWV6M3RLbUFrLXJDa1AxV19qZlNSZ2U2S2I3eXFUWGtWcDJsdXo1WFZ6S2RzOVVpdGx5RkNFSldwREhGaFlWUnhyUHVKU2NwZmc5eXRGQ1c1ZmlFTmxLWC1TUkgzOVh2MzRZcEFaQ0w5RGw2MGtWdWRZR3BLQmFlZ1dkZThvYTdveldyQ3UtQVpjR3NnOV9yYW1sbmIwN0d3NA?oc=5
2026-03-01	Google	0.0	Erste Asset Management GmbH Reduces Holdings in Tesla, Inc. $TSLA - MarketBeat		https://news.google.com/rss/articles/CBMiwAFBVV95cUxQd2F4Tm5TRjBmT2kwM3ljOXdSWVFzUDRfcWlnY0FXVERsVmlyZlF3bjVIcHh5SFdCMDYzQWcwV1F4bzF2X3U0RDh5S0VEVkFCaWN6Snp2ZVdTdnNlV3Q0R0tRS09nMkExOEJ3aENFUjYxR2k4djlaNDAtamkzeHZxN3EtTUNzaTNrQVdOcl9OMVpqQ1BwQlZyQTJBMUpFYWtPc0Q1Z0o5U1dSU0hNeEljOGJUc1pGUGFnTnZIZF9WRVE?oc=5
2026-03-01	Google	0.0	Tesla, Inc. $TSLA Shares Purchased by Bedell Frazier Investment Counselling LLC - MarketBeat		https://news.google.com/rss/articles/CBMi0wFBVV95cUxOQUlfNnpzQWVoUmJHNnRqcGxXaXFoN01aU3Y2NXVyWVFXRWlRZHVwYmppenVrckhuaDRfZWZaeWZvdEN0VGsweFctUFZ0RFQ0LXJTbXI2QlR6c3JEVHZ3VXl4NE5UYnlTWmYweXpLTU4zYmlCaG1ReGJGVTlYVlV3UFktV2tQc29EZWlfOFI5LWg2V0gwbU5ndUxvWEg4ZHpSdk9YT0JNQm9uZTFWR1lRTkZaellDX0t2cGdtMDFvQmhMOUFsNU5XdkNXVldxMjUtelJj?oc=5
2026-03-01	Google	0.0	Tesla, Inc. $TSLA is Sierra Summit Advisors LLC's 3rd Largest Position - MarketBeat		https://news.google.com/rss/articles/CBMixgFBVV95cUxQaWVXckxVM3BNeDVDMDlLNGUyM09Kc3RJNlU2VmVOQnJuZGVhUG5KamgzR1RqX0NCS0tzTl83eDhmZHlpazFNWHdsbk5TYWdzZFY4QmlhbjJiOHVRWXBIQWJfRGR1aFVfeUpoaDM4YkpPaE9ncEl6eHpicWxxUTJqQ2ZQNVFabkZESU5LX3VsamtobzlpODk0VnVPZk5NWG9odE9pQUl4VXU0dEJRMjlsVHVvc0hXMHVsbDBQVC1MSDMwcFdybUE?oc=5
2026-03-01	Google	0.0	Transce3nd LLC Sells 2,386 Shares of Tesla, Inc. $TSLA - MarketBeat		https://news.google.com/rss/articles/CBMisAFBVV95cUxPeU5MdENGckdZWGh0QTFrWmdtRWl6WWFFNkRacGV6UzVLUlR3TTlQd2hKM1pUUGdsWmxZT1kwVW5nMnBMemVOd2taYmxUUVlFNmhWblBfa3hQUVpSdDBRS3FkNmZNeTdJYlc0dWs1cG1abE96ek41dkxQQmJTSHl1Z2lMRjJCMFFGemZFempBZHZuSk5LLUxKQWhQSmN4UmdkMVlyTU4zUkU0bTNwZXNPZg?oc=5
2026-03-01	Google	-0.05	Tesla Autonomy Setbacks Test Robotaxi Hopes And Long Term Story - simplywall.st		https://news.google.com/rss/articles/CBMixgFBVV95cUxORXJJTFpLYXY5eDNaV1o1SXZYaUd2ZloxTW9ST2hQbzJJQUNqaXVFa1VhTHc1VXhOcXllNmNaWWUzWjFiRXJienUxLUdpM2ZPdUxRc2VJVFpLTHRCdnM5bWFHR2lOLUFieFJtWWl1aTd0U2ZqdFcwaGpxc3EtazJuc0xCTlVYT041OHNSbFp2SjZGaTFWMFVzQ1NxVl9IRjZJY3Z3a2JFd285NVFUcTJseGpSZElwb3ZCa1hNSlZ1OEZoR3BGVGfSAcsBQVVfeXFMT1F6VEUxM01UWmxzMXBaWHpMTFI0UlI4TVlJQmJjVlZuRUw0YUNjcDBqaUpscXlaeXFPd2NpVWhiRU1uN1RqRTFMdl85a3Y3cWQyQWdhQV8xTmxaN2t4RkU3M0FlemozblZzSkRtUU8xNktqOGRHTjM3Q0YwZ0RzQmZrTnRIWk5QbFVCMWFhbnlGYUt2MFdlemY2ZjVmNFlUaGcyVGxFZXJNUDBCTmZlQ3JNYXM5eF9CSm5neGhUeF82LUlwU0hUZ0JxOWc?oc=5
2026-02-28	Google	0.0	2,234 Shares in Tesla, Inc. $TSLA Acquired by Wealthedge Investment Advisors LLC - MarketBeat		https://news.google.com/rss/articles/CBMi0wFBVV95cUxNaXU2a0FhMXl6Q2lXeVJhR09LTHdjMndfZkYyM0E1bzV6TXI1d3RYU0J5VmtDRGMyVG02SEFhaEJaVms3RmFtMWxKOUJaajRlWTljR3BHNnNJT1Y4UFVqRmRRb08wTm90dFVOWS1rM0ZyVGJabHZOWGxmZmNiX1BvRkpybHFnNkx6Z1p1OWJaYklmSjNXMklVeXhoczVYdVU0WDhVUm5MS1h5YUQ4QVduWHpDSGNIcW9RVG95ODZfYUpWa1ZIUjVrRzRZVXRSMUhxd0lj?oc=5
2026-02-28	Google	0.0	4,644 Shares in Tesla, Inc. $TSLA Bought by Brand Asset Management Group Inc. - MarketBeat		https://news.google.com/rss/articles/CBMizgFBVV95cUxNMDZoRTB5eGd6S3VQNjE5SjNENE1uQUFFbWZ3eUFvSXBpQ29mSXdKd0tsTWRyZDhkOUJ6Q2R4STBNQWtwU2NTLXVtXzdoYTMxSElyUXFnWVpEZFUtdDVEd3htQzVNOVdSODFreGlNMTJGTjhuYV9LMEtvMElURTFwZVk0TjY4Ymc2anF5aTNGcU9Nc3RBbm5wV3dCTnNyaFNEeWtWdjM4LTc1ZjdwMExvc3ItOFZpanluMEVEWTdmY3Q3cmpQMnhvb19mVlVRQQ?oc=5
2026-02-28	Google	0.0	American Century Companies Inc. Has $3.10 Billion Stake in Tesla, Inc. $TSLA - MarketBeat		https://news.google.com/rss/articles/CBMiywFBVV95cUxOTTFYbWtEUHhMTjVhOGZxWThBa0ltRmlqX1NGNC1yQVcxdVBGcGo4U1hJOU9DNkJjclBwQzFCVXg2dWU4YWZBTms2ckp2X19va05YRm1sZmxHRURNekpkTkMyUVFsbUlwZnJVeFZlMWRtN0pLUmFCalFSTEFaWEN3Q3FGZE9UZ2s1bDlBQnliaHNFT2plb0JwbEZsZUw5QlFpOS1mdVkxVzlxUnl3bWNoTU9lNGw5aUFxdlI5M2RrZWRKd1VWT3ZtVkdwZw?oc=5
2026-02-28	Google	0.0	Benchmark Reaffirms Tesla (TSLA) Buy Rating Amid Margin Strength and Energy Growth Momentum - Yahoo Finance		https://news.google.com/rss/articles/CBMihwFBVV95cUxNdHNFLW5ZZzYwSXBocUxRWkVhSlN5V2ZCMWQ5RHhXaUt3ZGNoMXg1UzF1UnFJeG50c3F5bW9FOE5iRW5LMUIxZTdrUTJEczJkVEVxanF2aUtKREJKTjNwYVNZdDJlcVpoVmpLZmpua05UNEFRVVhvbVBKT0VvdjVYc0F1a3dGZms?oc=5
2026-02-28	Google	0.0	Harvest Portfolios Group Inc. Increases Position in Tesla, Inc. $TSLA - MarketBeat		https://news.google.com/rss/articles/CBMixAFBVV95cUxPNVBUanJUTDY5MnVVODNySm1UOXlCZFhReGJoM2xwX3UybHRfbFd6b2N5MmFYV3RsM09zTGtSZ2xKSlVNV3BvcmNJaEg1MVo3R0I5R3dUaW1UN3dDaWlIOHVJb2NuUTQySEJBVTlQcFM2R1M2SmUtdFA3YXdLMkZobTJuRlVMSUQxODVnQ05JclNMaEdkUmNhTF9TblpfbEhYb0pxYmpOMjhMVEpmeXRiZVJKN3lCTGpVbzFnTXdoSE43NGNx?oc=5
2026-02-28	Google	0.0	Huntington National Bank Sells 2,546 Shares of Tesla, Inc. $TSLA - MarketBeat		https://news.google.com/rss/articles/CBMivgFBVV95cUxQSkxOOGhyc3dONGxVN2hDa3BIYzFCNWFRcnEyRThZbkNoX0FNZ3hneF95TFVyODR6bTMwd040QUtPN1RSQUtrYTMtLXRSZ0NoR0FqbEpwRmQyOUhWWk9TMTk1TU04VlZFNG5rejl5Q19RUFhFUGwyWFN5YU5EcllFWjhlUEhDTUVBMlZQanNramp1V1l0bjB3UnZ4R2hRQnV6dkR2ZlBiQ2plTjBtZS1XdHc1VDRraU5ZNmIxOGVn?oc=5
2026-02-28	Google	0.0	Ibex Wealth Advisors Trims Stock Position in Tesla, Inc. $TSLA - MarketBeat		https://news.google.com/rss/articles/CBMivAFBVV95cUxOVzkyMjFaaUl0cW9FbGQwaXVwMThzZnMyMDBhY0VOcXNNeExMNy1udXRrMEx2bTIwSWdMTF9hNl9BZi15QzZRY09Fako2UGxkM1JPY1VQMklOQmZjdVFYNFpwdlB0TVB4YnJ3bXhNY1g5UkFxRDVkQjhTN1V2cUxaUkRsTW1ZYlZyeWp5czNRV04tTThTLV81UmZ1S1QtT3FtS1IxbzZWT05QeHVJSjVZcWZCSjBqOWxkN0o3Uw?oc=5
2026-02-28	Google	0.0	Keystone Investors PTE Ltd. Takes $39.64 Million Position in Tesla, Inc. $TSLA - MarketBeat		https://news.google.com/rss/articles/CBMizgFBVV95cUxOYVNGMUg3THh0V1Rfek81UUhNQTR1aTRVelF0NlZjRUNIT0kzdndfSnNNUzI3eFhNbjBSS2R2d25INkZvQWpkQ2U2SVM3RUpyWFljNXdoWDJYU2JQMFpXbW1OamdCSDNFNm0waGpzN2Q5bWNmaS1hOTNWTERVamFlY1k2TTRrVnRLVVU0MzFHQ1g1WHdLUGhrcmo5SlN1NDViX09VQ0M4TUdwTHJGQkZXZUlXSDJVb0NhNHltYjV5U2V4Wmg1RW4zNmludms1QQ?oc=5
2026-02-28	Google	0.0	Rafferty Asset Management LLC Cuts Stock Holdings in Tesla, Inc. $TSLA - MarketBeat		https://news.google.com/rss/articles/CBMixwFBVV95cUxPcWVfdXBnUlUtQkhrUURxV1R0S3o2NGppRVdBa0h3cldlaGlKTXdGTjlETElnc0JoekdNUVZTSkZGQlV4VmtnbDhQdWY3ejhiWnpUS3hsVmxXWmpzai1nRk11UkFUOG5DNGV4WjlmN2YxeGFZUjROLUpDOU10b1BtN0tpMThncWxkVmRKNThWdmx6YWlfbzZlQnhoRWtWNlR4ZTVMZEs5ZVBlNmRQWXhZY3I1Yy1DbjdGM2NHUjJiSHhKVXVYRG1F?oc=5
2026-02-28	Google	0.0	Tesla (NASDAQ:TSLA) Director Kathleen Wilson-Thompson Sells 25,731 Shares of Stock - MarketBeat		https://news.google.com/rss/articles/CBMizAFBVV95cUxNRWtPbXpDWjIyVm9EV1pKMGk4dThDWEZSZ21MbG1iUHVxM2VyTGJWNUdtODNFZjN1eld6SDFIMGRXYjdZVVdiQlJoazNGMlV5WFJXZFVKMGxmc2hEeDNvRzhxZXplTlFYWDNhNV81ME1INVR3dVVLMmwtcFhrOUxSWmV4dEJsZERrcm9kUVVBSTdqaEpHQnNJc2NxYUxyY0dlZXNvR0xPQmE4TDFJa081RkZ6RllsSkJhOUlVNG1yckhMTVVvWnJ5X3pXV1Q?oc=5
2026-02-28	Google	0.0	Tesla (TSLA) director sells 25,731 shares after exercising 40,000 options - Stock Titan		https://news.google.com/rss/articles/CBMipgFBVV95cUxNbFdmSHhaUVNXWVVySG9pSVhBY0tTYkgzQl9QQzctS29zZENOazNnNmpmM2lQdUlENlZwcGd2TnREem5Ec2NISHpjMmZQbmo5TVUyT1NkdmVBVEVuRm43ZjJhWGNWVHJNTWpPUUFqSGgtUkV3Q2tadlY0LV9mQ0J2SlFmU3ZpYTlFV0ZrbmpPZXhYbFFUbUlZR215dkxZWEo3RFNXbndB?oc=5
2026-02-28	Google	0.0	Tesla Stock (TSLA) Opinions on Analyst Upgrades and Valuation Clashes - Quiver Quantitative		https://news.google.com/rss/articles/CBMiqgFBVV95cUxQNlVVWlVhZWRKbTJRM2gwWVBFWDJzdUlBaFozajRVWjVQNk5LUkRhOTVBZE85V0ZoRWhEZzVGUjBHNVFzSDItRjQzVlAtd2NBMk1yWnd4aTMtVWlMVGxXSkQtS0pfZnd3enFreTlrN3c4eVh6UjJYcktiU3NvaExEWldFOTY2VG9CRGhmeDloS2dITFFZUHhxanRza3ZmMktTNVpBWXVQZVMwZw?oc=5
2026-02-28	Google	0.0	Tounjian Advisory Partners LLC Sells 15,264 Shares of Tesla, Inc. $TSLA - MarketBeat		https://news.google.com/rss/articles/CBMixwFBVV95cUxQd2ZBSi1aUDZqNWhmU2Zmd1NoQzVERkxNeDRLUm5OWXhEVkQxRnBFRUdweEdkODlsVXBtX3NfTUpUVjdjdUJSZ0hoVzFZQ1VrNjNTMWQ2UjZJdnYxY2FjTkNFV3NHRTNtTzdsclBrWldsekV4NGR6eWZ6V3ZFY2d3ckxBUnBHODVmeEJfSDBXREQwa1oxT2IyX0YwY1VjYm9vUXM4ZWJyMXJORlptRzJSZUxEdUl3YjNjMXM2RERRSFdGNTV3UUIw?oc=5
2026-02-28	Google	0.0	Triggers That Could Ignite the Next Rally In Tesla Stock - Trefis		https://news.google.com/rss/articles/CBMixAFBVV95cUxQaU9pS2M1SmZfdnFLS0VFUzVHT05sUGxVUG01MEFjelN0blB4M0JpeEZHNlAzMW9kNHctcml5eXdCUWE1TEVGQnZVdTd6WTdPSDltOEpKMndrUUc2c0VibHU5VzJYdHZkd0NRUV82SlN6N09EekZtWEdoRW5iQi1BRWpRNTZTcUJnbVlWdWN4SGNVbDFFOENTV0pkLVlfZE5sTjFlaml2VHRGRHdiWHVjeG5mMzJVcklBNi1uUTFtMEthT291?oc=5
2026-02-28	Google	0.0	What Could Spark the Next Big Move In Tesla Stock - Trefis		https://news.google.com/rss/articles/CBMisAFBVV95cUxORFZMSGUwZ1UzTnp6SjhqSVZ1Yi1aYnR1ZHk5amwyQ0xWWXlBZlRfTHl3WU1jQ3Yzbzd3cHdoREh2NURNWUtWWFlabUtPbHVCUXdoazRobmFlaElaWmhRSG5KemhldFo5endpbk4xa1ZZaS0wcVVFUUxtM1huTF9UMmd3WGw1UzZnYktNV3M2NEZaUUt6YmVUVFdVR2Rmem1WTmI2RnloZjVWdGxCX2pCTQ?oc=5
2026-02-28	Google	0.0	Will Tesla (TSLA) close above ___ end of March? Trading Odds & Predictions - Polymarket		https://news.google.com/rss/articles/CBMiY0FVX3lxTFB4V1psd2FOdkhlek5yRjRGNkxFRllISjBpakpEQ001ZENwaXNiNTBqbi1UV0xOWkxrRTBHUmt3d3VaMjJDeTE3a0N4elhTV184SjlCUktlTGtLdkdCRVJlZXlGYw?oc=5
2026-02-27	Google	0.5	Tesla Retakes Top Slot in Fuel Economy, Tesla Stock (NASDAQ:TSLA) Slumps Regardless - TipRanks		https://news.google.com/rss/articles/CBMirgFBVV95cUxNUXVfN1hPMVU5Y1pvYWM2RGFBTXpkTUphbW1ablNYM2g2LXJwS01MZmJYX3Nhb2RCT1A5MW1aR3BzTUpwQzJndXpuc1hvelBMSzlIU19MaTBWZjYxWjFGdS1nYnc4RXBZQkNOVHJESXJuTmFyVngtc2RETjhWVjZWVkd6MFlNcXBoX1dkeF9EcDBjWVkwc3gyZU1ldEgyWXZvOWt5dXFoMjdlelprVWc?oc=5
2026-02-27	Yahoo	0.367	Stocks Are Set for a February Slide. Can the Magnificent 7 Spark a March Rebound?	The market’s biggest stocks need to come alive if benchmarks are to book a solid first-quarter gain.	https://finance.yahoo.com/m/afa381a4-35ee-3fdd-b0eb-8efe1e71e51d/stocks-are-set-for-a-february.html?.tsrc=rss
2026-02-27	Google	0.35	Is Tesla (TSLA) Pricing Fair After Recent Share Price Declines And Lofty Growth Hopes? - simplywall.st		https://news.google.com/rss/articles/CBMixgFBVV95cUxNWnJDNksxb3pFbWJOMVFubkZLbjJlY3ctQk1GTXhnMGZBLU4zM25RelVsODlUSm01dUYtSHd0eWxKYWc0N09LLUlzOVU2emQ2TG16ZktkVHFMM0pKMzFRT2J1T2Q4NXFOZEg3UVdRRWRzR2ZuYU1meGhXN2RLQnhoYkowSnlURkUtRlc1ODJPUjNwc1ZDd0dGZkhLQlVCZEZOMWhIdnl0MUR2UEhOQzI0VlVOeGJkemVzcVR0aDFsMWc0MTF5U3fSAcsBQVVfeXFMUFYwMGFJbjJBakVmNnVmaEptX2lrSS00aFMyM2g0b0VfYzFmOVVWYk5uQjZjbjZrTHFHZ2dLSmV0NDlLX1pkVjF0ZVJHS0RoRlVvN2RPcTh6bTAzZHBvbXdWSndYZzY1TkJlYnQ5eDIzUERoX2JJNWVJX05vT05FdHllcFo1SE5Ic08tc0h6WlVHVE56N3oxcElIbkZHMk1QdjBtWkFDbUh2SnhJaDhtLWJhRWFoQVZaa0FlNUhDT2hZNmwyLU9TbHpyQUE?oc=5
2026-02-27	Yahoo	0.3	Tesla Stock Posts Another Weekly Loss. Cybercab Exec Exits Vital Robo-Taxi Arm.	Tesla  stock fell on Friday.  The move came after Victor Nechita, Tesla’s Cybercab vehicle program manager, announced his departure from the company on LinkedIn.  “Leading the team through the development of Cybercab has been a humbling experience, watching so many dedicated individuals develop a product that has pushed the boundaries of efficiency, safety, and affordability,” wrote Nechita.	https://finance.yahoo.com/m/98001fda-1fdc-392a-8764-a36ed48f7d2d/tesla-stock-posts-another.html?.tsrc=rss
2026-02-27	Yahoo	0.26	'Michael Saylor Should Be In Jail' And 'Bitcoin Is For Boomers' Says Ex-Fidelity Star, Who Also Has A Contrarian Take On Tesla	George Noble, who ran the number one mutual fund in America at Fidelity Investments in 1985 returning 79%, went on Steve Eisman’s Real Eisman Playbook podcast and didn’t hold back. Noble is bearish on Tesla (NASDAQ:TSLA) and Bitcoin (CRYPTO: BTC),...	https://finance.yahoo.com/news/michael-saylor-jail-bitcoin-boomers-123113748.html?.tsrc=rss
2026-02-27	Yahoo	0.2	Magnet Wars: How the U.S. Plans to Break China’s Grip on Rare Earths	Access to rare earths is absolutely crucial for defense and high-tech industries, and securing sufficient supply could either make or break U.S. national security.	https://finance.yahoo.com/news/magnet-wars-u-plans-break-100000243.html?.tsrc=rss
2026-02-27	Google	0.2	Tesla (TSLA) Is Getting Ready to Bring Its All-Electric Semi Truck to Europe - TipRanks		https://news.google.com/rss/articles/CBMipwFBVV95cUxQYWkzQ1NtOGIydDIxOXBiMzV6YWJGTkpkckxQSXlZX2o5NlNTZ2hmYzUxSHFqNmZoM0UyMl9YNXk2ZmhuODA0Z3gyZ3U2RjBjWDBOVlVveHJkR1Y2dURqcGhxb2Z6TVQtYl9CdXlmblYtZEJ2S2t5RnRobmF2bVZpdlRMWm1Sb0tnM1RyVXpJZkIxTlFmbGtlR3NBOGd5N01oLTFVaEtGaw?oc=5
2026-02-27	Yahoo	0.193	Why Rare Earth Magnets Are the Real Battlefield Between the U.S. and China	The struggle for geopolitical supremacy is rapidly becoming a struggle over one critical resource - rare earth magnets. They will determine whether the United States can build military equipment at scale, whether weapons can be replaced as fast as they are used, and whether industry can keep pace with demand across an economy measured in the tens of trillions of dollars. Companies mentioned in this release include: REalloys Inc. (ALOY), Microsoft (NASDAQ: MSFT), NVIDIA (NASDAQ: NVDA), Alphabet (	https://finance.yahoo.com/news/why-rare-earth-magnets-real-145000035.html?.tsrc=rss
2026-02-27	Yahoo	0.115	Old Mission Capital Boosts iShares MSCI China ETF Allocation During China’s Market Reset	The iShares MSCI China ETF provides direct exposure to China’s largest companies following a period of regulatory tightening and property-sector stress that significantly altered the market landscape. Investors will be evaluating whether corporate earnings can support renewed interest in the region.	https://www.fool.com/coverage/filings/2026/02/27/old-mission-capital-boosts-ishares-msci-china-etf-allocation-during-china-s-market-reset/?.tsrc=rss
2026-02-27	Yahoo	0.081	How Kraken is bringing Wall Street to every app	Mark Greenberg, Kraken’s VP of xStocks and Global Head of Consumer, joins CoinDesk Live at Consensus Hong Kong to announce a $20 billion milestone in tokenized equity volume. He explains how xStocks is dismantling the traditional brokerage model by allowing users to buy fractional shares of Tesla and the S&amp;P 500 directly within everyday apps. Greenberg discusses the 24/7 trading advantage, the roadmap for adding Hong Kong stocks, and why tokenized equities are becoming the preferred asset cl	http://videos.coindesk.com/previews/M0n6apfr?.tsrc=rss
2026-02-27	Yahoo	0.081	Tesla’s China Problem Is Getting Worse — Here Are the 3 Rivals Taking Its Market Share	Since Tesla (NASDAQ:TSLA) CEO Elon Musk is fabulously wealthy, we can assume that Tesla is a global electric vehicle (EV) juggernaut — right? Not so fast, as Musk’s moneymaker isn’t in first, second, or even third place among China’s best-selling new energy vehicle (NEV) manufacturers. Since China is such an important NEV market, Tesla stock could ... Tesla’s China Problem Is Getting Worse — Here Are the 3 Rivals Taking Its Market Share	https://247wallst.com/investing/2026/02/27/teslas-china-problem-is-getting-worse-here-are-the-3-rivals-taking-its-market-share/?.tsrc=rss
2026-02-27	Yahoo	0.068	Nio Blitzes SUV Market: Flagship ES9, Onvo L80 Set For May Launch	Nio Inc. (NYSE:NIO) is gearing up for an aggressive SUV expansion, unveiling plans to roll out new flagship and sub-brand models in the coming months as it intensifies competition with rivals including Tesla Inc. (NASDAQ:TSLA) and Li Auto Inc. (NASDAQ:LI) in China's fast-growing electric vehicle market. Qin Lihong, co-founder and president of the automaker, outlined the company's near-term product strategy during a recent community event, CnEV Post reports. He shared timelines covering both the	https://finance.yahoo.com/news/nio-blitzes-suv-market-flagship-143022105.html?.tsrc=rss
2026-02-27	Yahoo	0.058	Elon Musk's Tesla Files USPTO Appeal Against Unibev Over 'Cybercab' Trademark: Report	"Billionaire Elon Musk-led Tesla Inc. (NASDAQ:TSLA) has reportedly filed a fresh appeal with the U.S. Patents and Trademarks Office (USPTO) against French beverage maker Unibev over the ""Cybercab"" name. Tesla Vs. Unibev In filings with the USPTO obtained by Electrek on Tuesday, the company has shared a 5-count opposition to Unibev's trademark, accusing the company of fraud, among other things. Tesla didn't immediately respond to Benzinga's request for comment Tesla questioned Unibev's intent to u"	https://finance.yahoo.com/news/elon-musks-tesla-files-uspto-120109096.html?.tsrc=rss
2026-02-27	Yahoo	0.056	Xiaomi launches safety advisory committee after EV accidents in China	BEIJING, Feb 27 () - Chinese electric vehicle maker Xiaomi said on Friday that it will set up a committee of advisers to assess the ‌safety of its cars, as it moves to combat rising criticism over ‌a recent spate of accidents. The company also plans to hold regular meetings with car owners, media and experts ​to hear their suggestions regarding the safety of its vehicles, with the first session set for the first half of this year, Hou Jinglei, head of Xiaomi's EV safety department, said during a	https://finance.yahoo.com/news/xiaomi-launches-safety-advisory-committee-142733259.html?.tsrc=rss
2026-02-27	Yahoo	0.027	Tesla’s Robotaxi Promises Are Empty: Zero Miles Logged, No Permits, Now Suing Regulators	Tesla’s (NASDAQ: TSLA) robotaxi ambitions have generated enormous investor attention, but the gap between rhetoric and reality is widening. As of Friday morning, Tesla has no commercial robotaxi permits in any major U.S. market, has disclosed no meaningful revenue or miles-logged metrics from its autonomous ride-hailing operations, and is now in legal conflict with the ... Tesla’s Robotaxi Promises Are Empty: Zero Miles Logged, No Permits, Now Suing Regulators	https://247wallst.com/investing/2026/02/27/teslas-robotaxi-promises-are-empty-zero-miles-logged-no-permits-now-suing-regulators/?.tsrc=rss
2026-02-27	Yahoo	0.0	'Bitcoin Retail Investors Are All In' And That's Why There's No Floor, Blockstream CEO Says	Blockstream CEO Adam Back told CNBC that Bitcoin (CRYPTO: BTC) lacks downside support because retail investors are “all in” with no cash left to buy dips, explaining the 25% year-to-date decline. The ‘All In’ Problem Back on Monday explained that...	https://finance.yahoo.com/news/bitcoin-retail-investors-thats-why-104508164.html?.tsrc=rss
2026-02-27	Google	0.0	(TSLA) Equity Trading Insights (TSLA:CA) - Stock Traders Daily		https://news.google.com/rss/articles/CBMijwFBVV95cUxQZkhMQmNSQWhsakhveThreWduN2JtdGw2emthc2xJUmZOdWZ5dlFrYTlhUm5fVmIzQ1FzVUc4QlZxUnZhOHN6Q0hJb1k1Zkg4bWdWUnluNlZybWp3R1lxVEJIVEJBNmtUdkNaY1hsejFLcW5tb0NDRDhNMy1idDA5dmNJUHpvakxMS0JYRV84NA?oc=5
2026-02-27	Google	0.0	2,123 Shares in Tesla, Inc. $TSLA Acquired by Fox Run Management L.L.C. - MarketBeat		https://news.google.com/rss/articles/CBMiwwFBVV95cUxObldyMy1OMXQySXVvSW82YXlIQ0R3TmFrR2p6MW9NVUtNVXlLaFV3RGhQMnZFeWhOLVpYZmkzS1hRVHlWRjNqZ0k3VjNwREo1RXNsN2NGbG5Md1pmanB5b1dtWkxfRzQzTnFrU1JpaVQ2MlQ1bTJFR182Z0k0bFU2TTNyZExDMnlpa3VRcGdGTkMwclUtenRHZFBnZnR6QWVUcFZSVU1GZGJYYm5vU0I0RlJZUVhrcjdhdzlXU0RxRUlGYW8?oc=5
2026-02-27	Google	0.0	Allianz SE Grows Position in Tesla, Inc. $TSLA - MarketBeat		https://news.google.com/rss/articles/CBMipwFBVV95cUxQNnNWbmpQbGlWTDhQa3RIYXZmWEZTQkZ2NlcyY1c4aV9DaDFpQWtNY29wR3FNTHdlV3VYWE5HbnRZQThLb0FnWTkyTmM3aWxXVmhuMnNzVTVkdHFTTUF5cXQ0TnBLb2xkZnZRV0pxcFBkcTNmWkRJWXV0by12bUlLUFU2NDJ0WGdwUnpoVzhJNE9KU0tDWjVBenFxbUVGZTBGRHZGaGFQdw?oc=5
2026-02-27	Google	0.0	Bearish Sentiment Grows Among Tesla (TSLA) Option Traders - GuruFocus		https://news.google.com/rss/articles/CBMimgFBVV95cUxPTWQ2TDJULWlFQ0t6bGxpOWRnTHBFbmh5eXhPMi1Lcmp5cU5zX1Q2bUl1anFtUjBvTmtvOW1lVXhRS1dJa1ktRV92WVh2Y1RpZVpOSDFOQk1rYW83Vi11azVIcS1mWnpHZUlmazc0eThtYkFzUFllUVJFaEMtQXcyVWJLTnN3VExQRVZHaElJZ0JmSjdIUlBwSWJ3?oc=5
2026-02-27	Yahoo	0.0	Elon Musk: Tesla FSD Coming To Europe, Alongside Cybercab, Optimus Production	Tesla's FSD platform might be approved as soon as next month in Holland. Elon Musk said Optimus and Cybercab could be built at German factory.	https://finance.yahoo.com/m/be662ef8-6f15-38f1-8baf-af9e11d65632/elon-musk%3A-tesla-fsd-coming.html?.tsrc=rss
2026-02-27	Google	0.0	Generali Investments Management Co LLC Increases Position in Tesla, Inc. $TSLA - MarketBeat		https://news.google.com/rss/articles/CBMi0gFBVV95cUxNUExmeGc2cEJfRkJnSUhHczZoTWtROFB3dVZWS3N5VV9sc0RhaHBrU2VDbXdTZ1g5RFFYbXhuT1o5OU9FVDcyOVBrTDlkRzZVVlRlOUlQa01ONTdfMDVHYVp2cDNuX2xnQmtZblpEY0M3VTV0MjhLZFRwOExiQTB5TktibHI4Q0ExdXdGZHd1TDlFOUdqdUh1Z3g2SVhzMTh6Q2F6RGIwQmhlSEZ5c3p4M1dnLU5aTXUtaTNZRlk4cHYyaTJKVWx1N2xkOVg5b0Z3ZVE?oc=5
2026-02-27	Google	0.0	Here are couple FACTS about University VS Retail Trading for NASDAQ:TSLA by Risk_Adj_Return - TradingView		https://news.google.com/rss/articles/CBMiqAFBVV95cUxQVDFpVFFEajZ4S2QtQ1djd3JUU0tweDRVN2h4WUpDWEJOcUlhbXp6QkZkV3IyYUNrdzBLMUt4aEpiVHdPWWhZbWJpeVREd3JNTk1zalRKZHZFNFRoM1h5S2NNWUczRkh6ekdUY3QyODFzRnpLNjBzUGI2QXFOVXhXdUpqcFVzTC16d0s1bGtNeWtJYkFMcU02NDY1R2hRQ3RoT0t2eGowWFk?oc=5
2026-02-27	Google	0.0	Hohimer Wealth Management LLC Acquires 3,838 Shares of Tesla, Inc. $TSLA - MarketBeat		https://news.google.com/rss/articles/CBMiyAFBVV95cUxQVGMwS2Y4YTJFQkluRFZxdjRRdEpuZi1LbnRSSFc0d1dySHFsQ3NmNDR4NE1kbHc0S0s5QkVvZ2lLMEd5aEFaNjlQaVBCakZXTmtGZ0dZVlZuNG5GN3dMWUtoM1NYNE1vVkVidmFCVTh5d1BIX0YyV0NzN0twR2Q4R3QtMXVQSno3QmppYktKR2Fhd3MtTjlISTZHWjllZ0JEU213SWRzaVFveG4yTUdmQllUN0J3NnlPT1hXb3RmQ0syZ3g5NjF5VQ?oc=5
2026-02-27	Google	0.0	Key facts: Musk urges TSLA hold; Tesla targets self-driving growth by 2026 - TradingView		https://news.google.com/rss/articles/CBMizwFBVV95cUxNdjc5YnJDTnRHZV96RWZyUnQwRXozSExXcWpLdmU3ZGkwaF9SZ1ByR1BrQVptUUNEUGg5dWM0WEYxbUpvaVJ0X21OMm53VEhMQ3dLWGs5VFVXV0RrdGdRMmZKZTlyeGc5V08wVVFGTDZfcU9STmFIMXFaU1NMcU1VVjVGYTcyTEkzUUt0N0QxdldjUUhfQUNTdGowd2wwcUpoSDlya1ZyM1RMUHlmUG9MODB5dWUwR29USGdsR3FmMTVrdF9ZZXNLTXhMeEFSSjA?oc=5
2026-02-27	Google	0.0	Lansing Street Advisors Has $1.78 Million Stock Holdings in Tesla, Inc. $TSLA - MarketBeat		https://news.google.com/rss/articles/CBMizgFBVV95cUxNRjFZM05PSFVyYXpoQUgxOVlkMUlhclE3aTZ5cWRSRHhfdnBjcGg1NjNZcXRoWm8wb2w4dmUyRFFXajBQcXd3WFJkZnBvZ2paNk5lU0dPdjdYYmJ2M3hJV29QZ21yY0pMWm54UGZrUXkxZnNaTVFvWDVLcTBkV0I4TFVPZGdnSXVFcFJLSi10U0hURnRRZGhDTUNFLXZkQ3dORTl1YXp6U1ZCQjFjak1GTGdDV2FaVlV3Nm4tLUhnNGNUSlo1bjBwd0JnX3U3UQ?oc=5
2026-02-27	Google	0.0	Private Capital Advisors Inc. Buys 5,794 Shares of Tesla, Inc. $TSLA - MarketBeat		https://news.google.com/rss/articles/CBMiwgFBVV95cUxPT1Q1ZTRINFkwaDM3YTV6bjhrSkJERGE2MmtLX0Z4NkNRQTJQWlBFc1VxNmdwbG9oZFhBV0dubGFSOF9Ld1l6UUs4bkdFR0FwYmZyMXg1TFlUVnpuTnZhQXRzeWJWWkoteWktSHBfTzZpY2lGVnVxUzBNQUoyNUw0clJhWW9ZWmk0UWRKUmI4YjUydXNhcElIX1ZHcElSeTV3S01HcFdrR0R0NWp4anQ4TTB3TVo3SWx6MDA0N3MtSy1CZw?oc=5
2026-02-27	Google	0.0	R Squared Ltd Purchases Shares of 4,401 Tesla, Inc. $TSLA - MarketBeat		https://news.google.com/rss/articles/CBMitAFBVV95cUxOMzlrajVMUmgtbEQ5QlhPSUhKVEgwQjZ0Q19CNkhMQlZScmphMUtQVXVEUHVZLVp6elZodF9zUlREVFN4ak9IYjBGSnpXX010ZG8tM0dfbWNHaUVRcW5zMERFMElvMVh0aUJNSElOOXVJX2twRUt5NXJJajRMSGx3VjF2S1Axd29FazN3TlNmazRqN3c4bHFaeDhabHpRdDl2YVZ6T1JNT0p5VnI5RTN2bnRfRFI?oc=5
2026-02-27	Google	0.0	Sumitomo Mitsui Financial Group Inc. Trims Holdings in Tesla, Inc. $TSLA - MarketBeat		https://news.google.com/rss/articles/CBMiyAFBVV95cUxPSEhoMGVHbk8zSHdjaWJmbkpBXzdsUTdnQVh5QWVUcWxkWVhWSkZWdlJ3NG1kYUFhdkg0ckV1UktkS2FFdzRvMmkyNy1jZmhvTUZYVFFRSnJaeU9vcG1seVRLWkpvWm5aN3RXczFxN1BTcEZvYWNOdno5VG90bi1Ga1h2ejdNSWo4aEIyd2o2TmtrQml0WXVzUHdSQnQwbUN2T3JTN2VsR0ZCRFJOMlBGRlRNOGNZVkl5ektQRzV3WmNjdHZvU2E5bA?oc=5
2026-02-27	Google	0.0	TIAA Trust National Association Has $40.03 Million Stock Position in Tesla, Inc. $TSLA - MarketBeat		https://news.google.com/rss/articles/CBMi2gFBVV95cUxOWlBEZGRaSGM1MHQ4S2dWVTNKaHlqY180N2NVYnh1TkRERWJxTDZsbmhWa2FxUWZNX0c2eGdaUFFlaE5YbTlydkdvTU5sbU1zX3ZCS18zWEhHUFFNVXVqdEJ5X3lCd0ZyVnZlaDFnZl9qVXp2YUZpQm9CM2VZMkF3RVc4RVEzamRHelk1VFFEcVpsR01SZWZZdFFYS0ZwNmFUckNXY0tMNFhuRVJkbWxDWHpWclJTQTNaVDJkVVM1azJvWnppcDZaTzdMQnFDaXdmc1lwR2NWaE8ydw?oc=5
2026-02-27	Google	0.0	TSLA Stock Today: February 27 – Clinton hints Musk subpoena in Epstein probe - Meyka		https://news.google.com/rss/articles/CBMipAFBVV95cUxOSDJBV1FodzdlNkhTajl1NTVub1RMeDhXbWdxc3gwbU5mTmhDZnoycXM0TkMtMHZabTFrMDN4bjg3bFN4SlFiVUpVcHlONGpPY2p5eS0tMmlhd0dwZFlUQ1VrbzZ0ZzhOR2M1RUt2T3phWWh3anVNemRlX0QzQ29MNGcwVzlaeFZ5dU9EZXd2M0Y4V0lKVmRUM0JRVllaYnJTbG9TRQ?oc=5
2026-02-27	Google	0.0	TSLA Stock Today: NASA Medical Return Spurs Safety Focus — February 28 - Meyka		https://news.google.com/rss/articles/CBMinAFBVV95cUxPeEkxOW54dDdFR1F4dFJJR2g3Y2U4U05OcDN4TW1MVXQtdXZ6QmVic3JrTnE2V0tUNmpRcGZyN3F0RXpCSTY4OGJvU0xoMWllNmFqbzI0aXF6WENucWpMN1dHdXpEaXB2TW15Tlp6ZXJrNjUxLTVmNm42LTc2em90dUtSLWFqQnNmX1VnTEZ0d1VVcjFmSXoxMEhVbkU?oc=5
2026-02-27	Google	0.0	TSLA Stock | Tesla Price, Quote, News & Analysis - TipRanks		https://news.google.com/rss/articles/CBMiTEFVX3lxTE05UGhhTk1vdWhkbTJ6aWg0Ull3UlJpMDF4OFlBR2p3ODRXdHR3eVozMkFuRzVneVJyUnRYWUdKUlFXMFZibmVYVGJpc0s?oc=5
2026-02-27	Google	0.0	Tesla (TSLA) CEO Elon Musk Envisions Lunar Factory in 20 Years - GuruFocus		https://news.google.com/rss/articles/CBMioAFBVV95cUxOZVNOS1ZHWlVZbGJBbEw5RnNjZldyREZlQ3czTXRwckpMeFB6d09hUzNUbVRxamVEZnBNYkxVMF9YcW1Lb3N2YW5oNERPeVdTSnZBNVBLRC1GMmM3TnBNanBkVDNJS0ZrOUdOZ0pXRElmbDJNbjUyNzVNQnIwQ011VFE3LUgtZnlOWGlVVUlzZnVKaDdOUXl3ZDAwMU56a3Ux?oc=5
2026-02-27	Google	0.0	Tesla (TSLA) China delivery times collapse to 1-3 weeks as it extends financing again - Electrek		https://news.google.com/rss/articles/CBMingFBVV95cUxPZkstd1dFVGwza0tVSTJ5a3htcXU2TFd0T2tDLW9VSURiN096cHNvWnVaWWp5WEVtMldsQ1lqWjBFazNNc2xlV0NqM2ozTjZUWWJTdnBZMWx2aHlXWVhqMHM4REVwekEwT3F4UWFkZTRocWRsWW5aeUFNNlJkeUlWNkJRalNWNEtQSDFsOTRZMlJNVmx2U3F6QXRBWU9EUQ?oc=5
2026-02-27	Google	0.0	Tesla (TSLA) Stock Heads for Another Weekly Loss as Cybercab Program Manager Exits Before Launch - CoinCentral		https://news.google.com/rss/articles/CBMiuwFBVV95cUxPbU1jdDVnczNvbDdOTk5nMnRDc0lfRjdWVnp2UWJPcldSbGgzMWNpa1BRaEd0dEw4R28yVjBaVVY0bkhsdTlGWENYQmJQUDBQTk5GVWNYYkNGMWx5UmJYWEduUHk2S1Y5dnV3aUtSaEROZnVwelhSQWVuY2xxWm1XeWtnRFd1RFJiem5CbDJydTluODN6TW9scXJCa2ZRRC15em1ZV1I3VFpuUFRzbUtkZ09zam9ValBKQ1Vn?oc=5
2026-02-27	Yahoo	0.0	Tesla Stock Slips After Cybercab Chief Exits Ahead of Robo-Taxi Launch	Tesla Stock Edges Lower. Cybercab Exit Raises Questions on Robo-Taxi Timelin	https://finance.yahoo.com/news/tesla-stock-slips-cybercab-chief-141604146.html?.tsrc=rss
2026-02-27	Google	0.0	Tesla, Inc. $TSLA Position Boosted by Westpac Banking Corp - MarketBeat		https://news.google.com/rss/articles/CBMitwFBVV95cUxOSWFoekhiNWZaMUxYMVNXNXlFQWdGYkNITlFSMDFxYlFhWlBXZE5hQVRiWTVGaE5aYV94S2VmR05rSVo5Y0xBejlpNG1xbmpST3RxWGNYMjkxWWFZUTdxbmxGbEJweGs4eU5vYXAzdE00T2ptVV9DZzV2c1BIZG50dFYxdEZLdFVvczhWcXdwOWRHSUVUekFiZ0JLYk93c1hVREJuVmtnUHBXcF9Ca0VVa2JJVlNZSFU?oc=5
2026-02-27	Google	0.0	Tesla, Inc. $TSLA Shares Sold by Kaizen Financial Strategies - MarketBeat		https://news.google.com/rss/articles/CBMiugFBVV95cUxPZTZUZnVLVy0wc0hsZXYwdUZ3VWxuVVdLVGxWNmVZVDBPbHdhcnNEYW1veUd6RkNVQTRycFpWQ24tSlYxRXRpU1MxZXVzYjg3cXNLSkdVWUlaVFpSek5LSlJaU1lFV1hrNmlXWjM2eTU4YmY4cmh0U1Q1SWhiS1hTeXhFU0hxSEZFVjNsaFpJYVJKSmZIOTh4NFQya0htZnVKSEk4ZHJ2cUZNTUJHcFJkOU8tMl94R280dGc?oc=5
2026-02-27	Google	0.0	Tesla, Inc. $TSLA is Banco Santander S.A.'s 9th Largest Position - MarketBeat		https://news.google.com/rss/articles/CBMiuwFBVV95cUxOZmloZHNDeXVGcG14ZUVHZk91Nk9FZ25MRHJGSWp1OGhUNkV3U0EzeXlFQnJNMFI4eXpEQ21GS29HczYtMmZqR19NR3Bta3pkbVFKSjllejdTOVpjUUlXTnRvRlNUZW5OU05lVWgzaEJrSkpnMUFXdkhFbWk3bl96VldmYTNPendiOEZtSGhMcFdxZ3p4ZktjeS13bzZjUHF6WHlFYVVJV1pURG1xcmpYZTlqNDF5OTB3YlVV?oc=5
2026-02-27	Google	0.0	What will Tesla (TSLA) hit in March 2026? Trading Odds & Predictions - Polymarket		https://news.google.com/rss/articles/CBMidkFVX3lxTE0yeWN1azNfNG5JNGVnUUExUFBnWjY5SEd5Q2VCMzZQN1ZKcklFSmZ4ZEtVb2lMbHNLQzhQNTRCT2dfYk92bnJRbkwydDZWR3dVZUdTQ0xKV0JJYkFqdFNQZXdHeG5VNkN6dFRVMVQyblg0UTlpR0E?oc=5
2026-02-27	Google	0.0	Xi Purge Escalates, China Risk Trades in Focus: FXI, TSLA - NAI500		https://news.google.com/rss/articles/CBMikAFBVV95cUxNaVhUa3hZWmJPWER2emNRN3RpWnB0eVhGRDFfVlJOZ1p3Zmp0T0pIaGY2M0ZUaGI2Q0c1VVlmZGhIaDZ5NDRsMzRsRTBzbWo4Z0dfUWdETExWb2N4SWNsX3VISnhMWGpNWUtNUlV2Vm8wNGZiUnAzY3BxeWxhTDV2WU1ETWlScHJjWlFpd2JWbUI?oc=5
2026-02-27	Google	0.0	Xponance Inc. Trims Position in Tesla, Inc. $TSLA - MarketBeat		https://news.google.com/rss/articles/CBMiqgFBVV95cUxNYmloeHNWbjN6Q3dldEJmWkVneXJCNWw5bVJ5Wmp2REg4b3lMX3NSUHh0MDNQUUN4aXFVWWYyTGxNOUJFdGpieVZIcnhnVXE0S29LOWFXM1pLTDNJdDNNNm1lQkZjVUhCd19pZU8tZjhXTlNvYmRwWjZnN21XRzJLUzlQWkJleFYzalF4VHB3T1l4RkFQemhnZTl1OWY1ZldtanNZSlU2WlVoUQ?oc=5
2026-02-27	Yahoo	-0.025	Forget Tech Stocks: The Construction Stock Building Tomorrow's Data Centers	Massive data center spending commitments by hyperscalers are behind the huge increase in profits at the companies that help build them.	https://www.fool.com/investing/2026/02/27/forget-tech-stocks-the-construction-stock-building/?.tsrc=rss
2026-02-27	Yahoo	-0.042	AM Applications (Metal and Polymer Parts) Industry Research Report 2025-2034: Expanding Deployment, Production-Scale Activity and Emerging Commercial Trends	"The report identifies expansive opportunities in additive manufacturing across aerospace, energy, and other industries, emphasizing the growing adoption of metal and polymer 3D printed parts for end-use production, tools, and prototypes, driven by trends and innovation from key players like SpaceX, Tesla, and GE Aerospace.Dublin, Feb. 27, 2026 (GLOBE NEWSWIRE) -- The ""AM Applications Analysis: Parts Produced 2025-2034"" report has been added to ResearchAndMarkets.com's offering. The report descri"	https://finance.yahoo.com/news/am-applications-metal-polymer-parts-090300450.html?.tsrc=rss
2026-02-27	Yahoo	-0.052	Why Is Tesla (TSLA) Down 1.9% Since Last Earnings Report?	Tesla (TSLA) reported earnings 30 days ago. What's next for the stock? We take a look at earnings estimates for some clues.	https://finance.yahoo.com/news/why-tesla-tsla-down-1-163013092.html?.tsrc=rss
2026-02-27	Yahoo	-0.056	1 Cash-Burning Stock with Promising Prospects and 2 We Avoid	Companies that burn cash at a rapid pace can run into serious trouble if they fail to secure funding. Without a clear path to profitability, these businesses risk dilution, mounting debt, or even bankruptcy.	https://finance.yahoo.com/news/1-cash-burning-stock-promising-160132571.html?.tsrc=rss
2026-02-27	Google	-0.056	Gary Black Says TSLA Stock Has 'Done Nothing' In 5 Years Despite 'Huge Advances' In Self-Driving: 'Fallen Way Behind...' - Benzinga		https://news.google.com/rss/articles/CBMi9gFBVV95cUxPNjB1TmxRRE5lSExnbFAtam5Za05XSXdjWmVaWUdnc0tLd09oY0ZNcVBlV0J4a2VyckZ2VE84WnlKQVFtbXpMdDVTck9DQ1lUSWlScDQ3dFN0QVY2bVZ0czdJc1pINjRjai1oZ3oyeXE4cFZQVy1IbVQ4cEhOSXZjcXlNbXd2NEFuODJkY1hkMjhCV01BRFI1TUI1UGNIV2hfU1NmU0FfYnlhLUxJRHVRX3dHUWNPRzVMYmEzd2daNHVwbU82QWJHQVdzaWxkU0t4Q1VneTdiLXBxSEVYOVhhSW03OWZBSDBISjdpcG01MnlRUWRtQVE?oc=5
2026-02-27	Google	-0.078	Why Is Tesla (TSLA) Down 1.9% Since Last Earnings Report? - Yahoo Finance		https://news.google.com/rss/articles/CBMidkFVX3lxTFBzR0VLcVVnVHZJOUw1ZTNxZk9wbmQ2czRlMzV4V3VXMjlCY043UXB6eGxGVmlGOTFxaGlaeVlsUEdxcFBKNU1zZ09NUFBFN0xoQUNkbnFoNUphMllhc3h6b1VOZlZWalBLRXUtRktDbnY5d3dqWlE?oc=5
2026-02-27	Google	-0.156	Tesla (NASDAQ:TSLA) Stock Price Down 1.5% - Here's Why - MarketBeat		https://news.google.com/rss/articles/CBMiogFBVV95cUxNWGhDSC1rUWppYlROaGc2aWFtVURHOXFrRHpQMHVLTnl1Q0ZaX0ItdmEyREdmdWtCekRSeW80NjRfWi0ycjF5endUMmp4ZVRSeWotUXA2OW5iLUhYbFJ3aURwVFprWGduNXgtWXEwX2kxNW1RYkhyak0wcXhGdS10UnlNMXZINnktOEhleEhvQUo0NXhSSjIxTWZCN3FVTzN3a1E?oc=5
2026-02-26	Yahoo	1.0	"Every ""Magnificent Seven"" Stock Is Underperforming the S&P 500 in 2026. Here's One to Buy and One to Avoid."	Growth stocks are under pressure as investors question the payoff of aggressive spending plans.	https://www.fool.com/investing/2026/02/26/buy-magnificent-seven-stock-2026/?.tsrc=rss
2026-02-26	Yahoo	1.0	"The ""Magnificent Seven"" Are Sending Shockwaves Through Wall Street With This $8.4 Billion Warning"	The people who know Nvidia, Apple, Alphabet, Microsoft, Amazon, Meta Platforms, and Tesla best are telling a worrisome story.	https://www.fool.com/investing/2026/02/26/magnificent-seven-wall-street-84-billion-warning/?.tsrc=rss
2026-02-26	Yahoo	0.478	"Nvidia Stock Rises on Strong Outlook. The Rest of the ""Magnificent Seven"" In Red"	Nvidia (NVDA) Climbs as Upbeat Outlook Lifts Mag 7 While Peers Trade Lower	https://finance.yahoo.com/news/nvidia-stock-rises-strong-outlook-123928149.html?.tsrc=rss
2026-02-26	Google	0.3	Tesla Europe Woes Continue: Worth Holding on Autonomy Promises? - The Globe and Mail		https://news.google.com/rss/articles/CBMi3gFBVV95cUxPMGNkMnB5NWxVVlZVd3RQZHNVVnVhZWhRZkwzdHY0OTJBNTNRY09EeUFDT09OdGxlWlVKSXpYay1yX2xUc0NiSjdnaXFKV3pycE1hNmdzcGo0YlBvMThRM2dMdW4zSVFrV1pDeXBwSWxLSk9OeTJ5M3pUNjF5S2M3cUUyblhySF90S0RUY2JDR1l0OGxhZ0M1eUtFZ0hHNXRPUkxFaTBqQ3RhQUE3OC1KSmhpR3I0TU1adHRORkQxM19rbUVlMW90WF9ibi1mYkVBajNrVllkQW5yT3lZZlE?oc=5
2026-02-26	Yahoo	0.227	Musk touts California robotaxis but Tesla does nothing to get permits	For more than a year, Elon Musk has repeatedly said Tesla is months away from launching a driverless robotaxi service in California – once state regulators give their blessing.  Tesla did nothing to secure that approval in 2025, according ‌to previously unreported state Department of Motor Vehicles records and a state spokesperson.  Tesla logged zero miles of autonomous test driving on California ‌roads last year for the sixth year in a row, the records show.	https://finance.yahoo.com/news/musk-touts-california-robotaxis-tesla-110542936.html?.tsrc=rss
2026-02-26	Google	0.2	Tesla Legal Pressures Rise As Fremont Pivots To Optimus Robots - simplywall.st		https://news.google.com/rss/articles/CBMixgFBVV95cUxQMWNHN3R0VTIzN0tMWjJTV0t2X2U5YnFsZ25yR1VxZXl2WEtfWlp1Nk5vTDV5alotNWdTX3NNZnNxSTVGY0NEcGN0cGZ4X0ZQOVhNM3NmVER0SlFVdm9pNmVsUHBzQ3E2MEJVb1gzU3VaY1BaSzBDSXBTNVBESUVoWTZsQXhYSHVQVXZndFNGZUZCRWozZ1VUenZEVzFfbngtQVRQRzNUWmRpcmptX3RiNTJlTFREUm1DalA0U2pNMEZRTjZiZ1HSAcsBQVVfeXFMTXRfOE9hcGlQRlNreVZ2OW5aaGNDQ3FwcDhWd1pESEhSdXNwWGZXekFSYm8xTnJ6RHRZa1M1ejltWUYxQmNpb0lUS0g0bFR5RXlUbk5GQTdzajlvWXF1MHo4MmRMTUMyZlBrbGd1dWJnQjlKY2xueXlncFVEd2dNVTJoVTB1b2hBbWFscEI4THBVR1U1NkJaTXh4UWRFWmwteW11aWF5M21Fb3BoYXNlcXRuVkhJR3lWUU44c2NKeDd2Y1hnSGJiMkwzT2s?oc=5
2026-02-26	Google	0.136	Tesla Stock (NASDAQ:TSLA) Dives Despite New Cybertruck Feature - TipRanks		https://news.google.com/rss/articles/CBMikwFBVV95cUxPS0V3S0pLeERhVXptSTI1UW5pSHVDTERHZ2hJQXZiUDFUbHJ2b2RoU0lBUThBeXcyNkhZYjJ4MTh6alFPalVmWW1oZXgzYXRUSWlsWWV1cTdJdm1MOVl3MllxZVYxYnVNV0s1N05pWGozd0FYSzFSVFRRajloSkRpVFE5a2JteGRibVRUeWF6Tk01SjA?oc=5
2026-02-26	Google	0.133	Musk's Tesla Robotaxi Is Cheaper Than Waymo, But Longer Waiting Times And More Human Drivers Are A Drag, Analysts Say - Tesla (NASDAQ:TSLA) - Benzinga		https://news.google.com/rss/articles/CBMi-wFBVV95cUxPQldpTFBYQTRoTFpqNnV5b2NoVXRiTTZMaXIwUTdaQnNoM05OZGI4NGRUdl9YaDhWc2l2cHdRYTdrVEx6S2FDZWQ3WElOX1RKRDZIZU84MEJXQjlTdmtOc3M4SFZmU2Q2alo0RVlDX1F3Z3dRU00wWHJsSEJYUnEtM1lUSGpJSXNlVFM2WWd2ZEhmSG5GVE1MX3lfOWI2a1lVc3d2UEtnYzhtc1dLZWgxOEtLbGFOQnFEcmZvdFM2WGZadi1uYUxjVGloSzRNRmYyYjBLLUUtTGJ0QTdZWG5RNEROcW9FaktiYVNjUU1fMm0wdmpCR2MtdVBZUQ?oc=5
2026-02-26	Yahoo	0.125	Nvidia Sees 'Hundreds Of Billions' In Future Robotaxi Revenue	Nvidia said it expected robotaxis to become a huge market thanks to proliferation of fleets from Tesla, Waymo, and others.	https://finance.yahoo.com/m/e1b3b052-04c5-3748-a7fb-a1d91fc0b636/nvidia-sees-%27hundreds-of.html?.tsrc=rss
2026-02-26	Google	0.068	Optiver Holding B.V. Makes New $1.70 Million Investment in Direxion Daily TSLA Bull 2X Shares $TSLL - MarketBeat		https://news.google.com/rss/articles/CBMi6wFBVV95cUxQRUNPbEYxaHBkYmt5bmZQV1ZfeEp3MWlZdGxJVmxWQ2RRUlduUHFpWG5ydFRRNXgySVBVSGU2T3JIRndXeTN5bHF3dXlWRUFQSDZkdWRGRlRmX21LV3M5YXB5bzJGZ3hJWFB4c01Pam54RTgybHlqZjFHVGVpV2Nva01XUFdqZ05yUkNHMjZmWV9FSGRIY0g5enlfZGM4VFNRazNXR1QwZmNqWTQzeFJSS0JmdW5ITlU3bkZhY3NubVZHaGlYT2lZQXpabk11enpORDRKenUtSnNDbmlORElSUFZoQ1FXVkpMakdz?oc=5
2026-02-26	Yahoo	0.065	Lemonade Posted Its First Positive Cash Flow Quarter and Reddit Is Getting Bullish	Billing itself as “As an insurance company built for the 21st century“, Lemonade (NYSE:LMND) shares are up 3.9% over the past week and 39% over the past month, yet Reddit sentiment has climbed from a quarter average of 63.46 to a weekly average of 68.75. Unsurprisingly, retail investors are growing more bullish even as the ... Lemonade Posted Its First Positive Cash Flow Quarter and Reddit Is Getting Bullish	https://247wallst.com/investing/2026/02/26/lemonade-posted-its-first-positive-cash-flow-quarter-and-reddit-is-getting-bullish/?.tsrc=rss
2026-02-26	Google	0.0	If robots do take over, here’s where I think Tesla stock goes - Yahoo Finance UK		https://news.google.com/rss/articles/CBMihAFBVV95cUxNdlBtYUxZU0NRS1FGZlE1VDJ3Tnp0RmNwUnl5VWVLMDNUQjVyN3libWtGQzZaV0lNbXNkMmplQldqdEpWZTN6bWt6b1NsUG9EbjJVLTBoZWlwVG1OOG1ENnhkeXE2WmhUQXBmZXdXT0NfT0VlWXB3Q0VPSjFtQTB6VHd3aXk?oc=5
2026-02-26	Google	0.0	Interchange Capital Partners LLC Grows Stake in Tesla, Inc. $TSLA - MarketBeat		https://news.google.com/rss/articles/CBMiwAFBVV95cUxNbTVDUXhIamZ1Nk1lNFpKb3ZESGVLTlVkY2hsb3I1aHI0VEdFVW41TmJvV01ldkZaUk5EVktQekpqdy0wNUVLblFVMUhkZEFBQXJFRFgwTTdIOHJYeFMxclA3ejIwTUQ1WU91WDUwVTB6aDBCbl93eXhNMnVhekVZNVphXzZjX1ZFc191ZElNRTFsRXJqSVFDZXhwUTZoak9tRUNCZ3lGekVSU2pEUnNuV3VtaXc5VEpjdzhBcGxsVFI?oc=5
2026-02-26	Google	0.0	K.J. Harrison & Partners Inc Grows Holdings in Tesla, Inc. $TSLA - MarketBeat		https://news.google.com/rss/articles/CBMiugFBVV95cUxNRldZODB4QWlDU3MwZ3RYOHJ0bUt1ZE1RRHY5dTBBQVJHLUJYTG9wWURqaXlNT2tJNWJVMVZQTnRoUnJIT2ZoTVhHRjdnVmF4U3lRMWV0ekxoZUhWVDlBSi16RUpLS0JFWnZOdUVZRjZSdkFma2JqQXN2RndVbEdyWVRSYy01b19BSEJLWWFjNVlwd2JWWHQ5bTFySDRSeWs0ZHlJV29NUi1mVUhCaDIxNk9ydHJuVmMzSWc?oc=5
2026-02-26	Google	0.0	North Star Asset Management Inc. Increases Holdings in Tesla, Inc. $TSLA - MarketBeat		https://news.google.com/rss/articles/CBMiyAFBVV95cUxOREpmM3JObTg1RGxab1V6ang0blpFcngwbUNIRFF6Z1FXS0oxN3dQM3FBTTBRNEdfbk0tZk9Db0FkU0RwdjAyLVFNOFk0dGVZM2JiMENJZV9wUXJ4ekNvUmpzYkxrc3kzR3lOa1lhaUR3R3AteVZTNk5JQXpLMExwUkVJRERtVHhQbDFQT19aVi1tMU9wbE1BS3ZlYU5oaVpZQnQtendwWXFRaG5lbWNibUkwckdoMTZieEo3aDhDdDM2b0MtTllXVg?oc=5
2026-02-26	Google	0.0	Ross Gerber Highlights Meta's '$23.6 Billion' Share Buyback Cost, Warns TSLA Shareholders About Stock Compensation - Yahoo Finance		https://news.google.com/rss/articles/CBMigwFBVV95cUxOb2hGNkZwYUtMSVRzQy1OVDdGdFZ0LXRKaFFSWW1pUm85RDVNQ0FkdWwwWG1NdTFUTmZjM2E5dkdFQ2VQVFdNV2l4MFFDOWxDdHE3NlNXdXd0VEVVaVlxRlFrWV9lY1hDZUJveWF2WDVFQ0loWUliSjJiaFFsaW1zY01vOA?oc=5
2026-02-26	Google	0.0	Tesla Stock (TSLA) Slides as Robotaxi Progress Comes Under Scrutiny - TipRanks		https://news.google.com/rss/articles/CBMimwFBVV95cUxNeXhkd3BENGoyNHNKbHNWZDB3UGdnejVEaWtLeGpvYjhYcmNiNUNOakRzTjlVSmNBclN2OXROWnlHd1VYOWxnN250SW90QW5uM25qLUdRR0dMX2hkcF9vbjZnNlJIcFEtWDA0UkZIQzc1SjdIamlicndpb1RBOXY2RzJDQnVMck15bDBpSFF3N2I4Z3dnVkFIWnlKNA?oc=5
2026-02-26	Yahoo	0.0	Tesla Stock Forecast: Is TSLA Headed to $25 Or $600 in 2026?	GLJ Research analyst Gordon Johnson has a $25.28 target price on Tesla, while Wedbush analyst Dan Ives has set his at $600. Which way could TSLA stock head this year?	https://www.barchart.com/story/news/449368/tesla-stock-forecast-is-tsla-headed-to-25-or-600-in-2026?.tsrc=rss
2026-02-26	Google	0.0	Tesla Stock Forecast: Is TSLA Headed to $25 Or $600 in 2026? - Barchart.com		https://news.google.com/rss/articles/CBMioAFBVV95cUxPUlRvb1Nub2lCWFhyajNXRkFiWkZoX2paUDdQTUNhYWYwMXJnVllrWjNEQzVzNnhMbjR1TmxRem12NXZIbVRyZmxyQVpOeFpDYzlHSEp1Rk9KVWNtUTBicVU2SUR6c2ZWSnBLZEpBWmx2dzVaNXk4SVZvTHdDa2hQX2VhMk9sOVRUTnRPbnpsY1JIR3dkejNNMDExNzM0Wk1U?oc=5
2026-02-26	Google	0.0	Tesla Stock Forecast: Is TSLA Headed to $25 Or $600 in 2026? - Yahoo Finance		https://news.google.com/rss/articles/CBMihAFBVV95cUxQdEU3dVVVUkczb1k1OGllMjZUTjgydXRMaFZRazdDNmE2Z2dSOVN3aXNySWh3Uk1XTkxHQ211VGpKbVJPNEFxSjhXS0x4UXRWalptUTZEOU04MlFEWkJXZHA5Zmoyamc3SUpRdjdFTXpOM2lpOVVvRGZLUXZoa1ZBTHpuZWU?oc=5
2026-02-26	Google	0.0	Tesla stock slips as California robotaxi permit gap grabs attention — what TSLA investors watch next - Bez Kabli		https://news.google.com/rss/articles/CBMiwgFBVV95cUxPU1NjWURXSXhiRm1rT1drZ1l1Qk5tY1E5VXF3V3BzOWF1eGxlc2cyZEVmRC1lYkZaSFhWVEhrVmItM29MZHdXVy0wcEhXNUNlU01kdEo2ZEhOSlU2UTdHaDdsSlhWbmNTdlNOUnRUVUtOMFlwZDVGQ0VqNEoyM29oOEVMVnFyTXl1SVl4czVrampvd0tDT3hqZXN5dEFWOHc1dWZJd1llbTJSMVlIQm11U2Jwb1lGYjhyNVFZWmloN1Jkdw?oc=5
2026-02-26	Google	0.0	Tesla, Inc. $TSLA Shares Bought by Mitsubishi UFJ Asset Management Co. Ltd. - MarketBeat		https://news.google.com/rss/articles/CBMiywFBVV95cUxObmFxV0xIVUZ6YVMyY3AzcmF6X0tBVjJTanh5SnhIRzhibTRNRkpGajVteV9MQ0JnbUR1a1RzUnVDdnNlc0lmOWltOEg0MUQwUkJxLW9OdlhvdlFxWVRuMzdzOE16aEVRWUVfMVpwQUdEajc3UUNoXzRnb3dWbE9XdTdTZmUtekZSRHhmMHZJSFYxeEplOW4yczZ1UmpUQjllNENaai1QR2J3UDhSWkltRXEySGp5Z0J6dkhUTXJ3UEVvVTI1VVlETXYtcw?oc=5
2026-02-26	Google	0.0	Tesla, Inc. $TSLA is Intech Investment Management LLC's 9th Largest Position - MarketBeat		https://news.google.com/rss/articles/CBMizgFBVV95cUxPMGNOU05XMXZpdnVlck40eHJFbFFiUVY3aVFXWU91bjZVWGhtM3JvbVJJZHVIaW52cnVQSG5zQ0lxN3pyOWhFNHhhb3VyandEaEtvaGxyZ0pWdWd0NUp5d1BkQm5DdFJXSEg2QmVlcFZEZ243Ulp5NDFKNjMtTnQtQmZrTDlUNWNhZkJYdVJoS2EycEo2dXlaUjdzUVF3Mi1VT1ZZVENzdklGdFdQbnFHaDlMQ3VIQWp1Y2ZVYUlfTlJfOVVnQ2VreDdXTVVUUQ?oc=5
2026-02-26	Google	0.0	Total Clarity Wealth Management Inc. Has $1.07 Million Stock Holdings in Tesla, Inc. $TSLA - MarketBeat		https://news.google.com/rss/articles/CBMi3gFBVV95cUxPVFlXNEdOdG1WY0hNYUhBRWRMcHA1WlFQYlcxODZ2aEdCVjJhbHdydnJDMUtWaS02dTUzUW1xUFZfbGkwVE9qMmFpSTJfRDlpQkZTSkp3dHViS1dERy01MUlfbmhXWnhuNHhKUl9kNWwwTlc5WVBUcUVjdks4YXF5NlV0aGJEWTVjX2hnUHVDX29IM2hLNlZUQWtueTU0QXdvaDY0dDBHNTdYb2JqMWJVUXRadW1NWVM5Yi00RUhQbS1PaFhyeW5YM01RcDFSWWcybUtUaEhtZlk3Mkp0Wnc?oc=5
2026-02-26	Google	0.0	Westfield Capital Management Co. LP Trims Stock Holdings in Tesla, Inc. $TSLA - MarketBeat		https://news.google.com/rss/articles/CBMizwFBVV95cUxORGRKTnhqOTR0TncwZmZVT1BtS2NvTnVLZWpXUEtvQm5COXlpMmRxUnhHb1JUaktVN2Q2dHRNa1lxYUhRelg4ZzI2NEZhbG5UX2VQeVlQcUdxVE9SNHh3TjlSYjIyT1EtaC1lcUN2TkxkaTFFZ0p1Z2t3T21XT0FYVjRzdVdod0t1WEY4MG1qdlZzOFIzWUpiVDlQUWN5Smg3b2Y5bW9HXzNYX1l2MnJjOUhaNjhIY0lISFV5blR0QVNnWnNiTnNnYS1OMmh2dVk?oc=5
2026-02-26	Google	0.0	Why Peter Thiel Sold Microsoft (MSFT), Apple (AAPL), and Tesla (TSLA) Heading Into 2026 - MEXC		https://news.google.com/rss/articles/CBMiR0FVX3lxTFBXcVRaSE1NUko5WjlaTE5qT0RRU2N0dUxCWkZYNDRzd1hvdDJzRHNrVWgxcUljMEh2ZXFoaUh4WEkyM2oycnhv?oc=5
2026-02-26	Yahoo	-0.006	Tesla Stock Falls. What Nvidia’s Earnings Mean for the EV Maker’s Robots.	Nvidia and Tesla shares were surprisingly calm after Nvidia’s closely watched fourth-quarter earnings report.	https://finance.yahoo.com/m/6f0a4ba2-d77d-3e0f-b500-850717721e6c/tesla-stock-falls.-what.html?.tsrc=rss
2026-02-26	Yahoo	-0.013	Tesla Europe Woes Continue: Worth Holding on Autonomy Promises?	Given TSLA's EV slump, massive capex, slow robotaxi rollout and stretched valuation, investors should temper expectations around its long-term AI ambitions.	https://finance.yahoo.com/news/tesla-europe-woes-continue-worth-122700029.html?.tsrc=rss
2026-02-26	Yahoo	-0.07	Tesla’s AI Pivot And Robotaxis Put Valuation And Regulatory Risks In Focus	Tesla is ending production of its Model S and Model X in order to convert its Fremont factory for high-volume Optimus robot manufacturing. The company has filed a lawsuit against the California DMV over allegations that its self-driving marketing is deceptive. Regulators and the public are focusing on safety after multiple recent crashes involving Tesla's expanding robotaxi fleet. NasdaqGS:TSLA recently closed at $417.4, with the share price up 48.0% over the past year and 118.6% over three...	https://finance.yahoo.com/news/tesla-ai-pivot-robotaxis-put-070909522.html?.tsrc=rss
2026-02-26	Yahoo	-0.1	Nasdaq Sinks 1.2%. It's All About Nvidia.	The furious selling in Nvidia erased $259 billion in market cap, according to Dow Jones Market Data.  With the report in the rearview mirror, Wall Street is stuck searching for a catalyst that can push the S&amp;P 500 out a months-long sideways range.	https://finance.yahoo.com/m/8ad6c448-2df0-3e30-91d8-2b7b36cc3ece/nasdaq-sinks-1.2%25.-it%27s-all.html?.tsrc=rss
2026-02-26	Google	-0.156	Tesla (NASDAQ:TSLA) Shares Down 2.1% - Time to Sell? - MarketBeat		https://news.google.com/rss/articles/CBMinwFBVV95cUxNbkZlaWtrZGNRVDd0Zks5ZkFPaWpvVkZvUm1PTGdMd0NoXzFvZzBMQlJhcmkwejZHNDJuNHhDVnEtb21mTUpxY053R1A3Zy15VlRfOTYtV1lMTEZ6VXRlYm95NXRxOTV2VElFaW1FYkdIdkVuZEdWYUVQd2tOb2xkcmdXUmVxcnJfREdsdS1WUXRxMHBSR0tZRTdJMWJaeFE?oc=5
2026-02-26	Yahoo	-0.2	Tesla Logs Zero California Test Miles as Robotaxi Plans Stall	Company has not advanced permit process despite repeated launch promises.	https://finance.yahoo.com/news/tesla-logs-zero-california-test-164512947.html?.tsrc=rss
2026-02-26	Yahoo	-0.2	Tesla pushes back against California's regulators	Tesla has sued the California Department of Motor Vehicles in response to accusations of false advertising.	https://finance.yahoo.com/news/tesla-pushes-back-against-californias-110000530.html?.tsrc=rss
2026-02-26	Google	-0.312	Tesla (TSLA) Stock: What Nvidia’s Blowout Earnings Mean for Robots and Robo-Taxis - CoinCentral		https://news.google.com/rss/articles/CBMipAFBVV95cUxQVUk2eEQ0VGhfZEp5YlZURTFsOW42RmFQVlBoMV9mcFRickN4MG1aR2JlcmtsV3ZOTThYX1pMejFOaV9HZ2lhYmxtRUZCQTQycnlLeF9TaTJsWWJwaXZSUFRIZ2FySmE4MnhWUHdRSUhINTY3QktOOVdSZzBqY3pWaHN0REFMSzhNZkhHNWQ4bUQ2ZURhS0FmVTZNWmdWYTBoY243UA?oc=5
2026-02-26	Yahoo	-0.32	Elon Musk's Tesla Sues California DMV Following False Advertising Row Around FSD, Autopilot	"Tesla Inc. (NASDAQ:TSLA) is suing the California Department of Motor Vehicles (DMV) after the automaker dropped the ""Autopilot"" term from its marketing activities amid the false advertising row. Baselessly Labeling Tesla A False Advertiser, Court Filing Says Lawyers representing the automaker have claimed that the DMV had ""wrongfully and baselessly"" called Tesla a false advertiser for marketing its driving assistance technologies under Autopilot and Full-Self Driving, court filings from February"	https://finance.yahoo.com/news/elon-musks-tesla-sues-california-110049721.html?.tsrc=rss
2026-02-25	Yahoo	0.643	Stock Market Crash: The Best Dividend Stocks to Buy Right Now	Dividend stocks generate passive income even when the market is falling.	https://www.fool.com/investing/2026/02/25/stock-market-crash-the-best-dividend-stocks-to-buy/?.tsrc=rss
2026-02-25	Yahoo	0.468	Upgrade Your Portfolio Now: Ditch These High-Flying Consumer Staples and Buy 3 Mag 7 Stocks Instead	Among the NYSE and Nasdaq stocks hitting new 52-week highs on Tuesday were three high-flying consumer staples stocks. While they’re all great businesses, their valuations have gotten ahead of themselves. Replace them with these Mag 7 Upgrades.	https://www.barchart.com/story/news/420503/upgrade-your-portfolio-now-ditch-these-high-flying-consumer-staples-and-buy-3-mag-7-stocks-instead?.tsrc=rss
2026-02-25	Yahoo	0.371	Tesla European sales, Lucid Q4 earnings, Lamborghini: EV latest	Electric vehicles (EVs) are facing market losses from all directions. Yahoo Finance Senior Autos Reporter Pras Subramanian chats with Asking for a Trend host Josh Lipton to discuss the latest developments for automakers Tesla (TSLA), Lamborghini (VWAGY), and Lucid (LCID). To watch more expert insights and analysis on the latest market action, check out more Asking for a Trend.	https://finance.yahoo.com/video/tesla-european-sales-lucid-q4-182110884.html?.tsrc=rss
2026-02-25	Yahoo	0.25	The Tesla Robot Opportunity Is a ‘Delusion.’ The Stock Rises Anyway.	Everyone agrees that robots are big for Tesla stock. Not everyone agrees on how successful the EV maker’s pivot into “physical AI” applications will be.	https://finance.yahoo.com/m/0ab0a309-9fde-3530-9193-94c7f6f32a43/the-tesla-robot-opportunity.html?.tsrc=rss
2026-02-25	Yahoo	0.25	Trojan And Hyperliquid Integration: Trade Tesla, Gold and More	Trojan, the platform which many of you likely remember as the Solana-native Unibot before its rebrand, officially announced a full-scale integration with Hyperliquid to allow trading of traditional assets like Tesla, Gold, and the S&amp;P 500. These trading bots are upgrading from meme coins and on-chain launches. They are now ...	https://99bitcoins.com/news/altcoins/trojan-hyperliquid-integration-trade-tesla-gold-leverage/?.tsrc=rss
2026-02-25	Yahoo	0.212	Vail Resorts Heads Into Ski Season Backed by Strong Epic Pass Sales	BAMCO trimmed its position in Vail Resorts as Epic Pass sales set up the winter season. Vail runs a large portfolio of destination resorts, and investors will be watching whether traffic and guest spending will support the company's earnings outlook.	https://www.fool.com/coverage/filings/2026/02/25/vail-resorts-heads-into-ski-season-backed-by-strong-epic-pass-sales/?.tsrc=rss
2026-02-25	Yahoo	0.2	Palantir Billionaire Peter Thiel Dumped Nvidia, Tesla, Microsoft, and Apple. What Stocks Does He Own for 2026?	His latest SEC filing reveals that the venture capitalist's hedge fund sold its entire stock portfolio last quarter.	https://www.fool.com/investing/2026/02/25/palantir-billionaire-peter-thiel-dumped-nvidia-tes/?.tsrc=rss
2026-02-25	Yahoo	0.19	Trump Trade: FedEx files suit to recoup tariff duties	Catch up on the top industries and stocks that were impacted, or were predicted to be impacted, by the comments, actions and policies of President Donald Trump with this daily recap compiled by The Fly.Claim 50% Off TipRanks PremiumUnlock hedge fund-level data and powerful investing tools for smarter, sharper decisions Stay ahead of the market with the latest news and analysis and maximize your portfolio's potential NOT GOING BACK FOR APPROVAL: President Donald Trump posted to Truth Social, “As	https://finance.yahoo.com/news/trump-trade-fedex-files-suit-151022986.html?.tsrc=rss
2026-02-25	Yahoo	0.186	India's Richest Man, Mukesh Ambani, Is Taking On Elon Musk's Tesla, Mark Zuckerberg's Meta With Budget-Friendly Smart Glasses, Robots	Jio, a subsidiary of Reliance Industries Ltd., led by billionaire Mukesh Ambani, is escalating its AI hardware push, with Jio Frames and Jio robots taking direct aim at Meta Platforms, Inc.'s (NASDAQ:META) Ray-Ban wearables and Tesla Inc.’s (NASDAQ:TSLA) Optimus. Jio Frames Debut As India's Answer To Meta Smart Glasses Jio showcased its Jio Frames at the ongoing India AI Impact Summit 2026, positioning the device as a homegrown alternative to Meta's Ray-Ban Meta AI smart glasses. The glasses are	https://finance.yahoo.com/news/indias-richest-man-mukesh-ambani-003110045.html?.tsrc=rss
2026-02-25	Yahoo	0.163	The Bull Case For Tesla (TSLA) Could Change Following Pivot To Optimus Robots Over Premium EVs	Tesla has begun winding down production of its premium Model S and Model X to free Fremont factory capacity for its Optimus humanoid robot program, while ramping capital spending above US$20.00 billion for robotaxis, Cybercab and AI infrastructure amid weaker EV demand and ongoing regulatory and legal scrutiny of its self-driving features. This pivot accelerates Tesla’s transformation from a primarily electric-vehicle manufacturer into an AI-and-robotics platform, raising fresh questions...	https://finance.yahoo.com/news/bull-case-tesla-tsla-could-191135424.html?.tsrc=rss
2026-02-25	Yahoo	0.136	Software Emerging as Auto's New Strategic Lever: TSLA, GM & F in Focus	GM, F and TSLA race to turn software, subscriptions and connected tech into steadier, higher-margin revenue streams.	https://finance.yahoo.com/news/software-emerging-autos-strategic-lever-134500015.html?.tsrc=rss
2026-02-25	Google	0.136	Software Emerging as Auto's New Strategic Lever: TSLA, GM & F in Focus - Yahoo Finance		https://news.google.com/rss/articles/CBMijgFBVV95cUxQV2hKeUdYZlVzal8zOWgyMXUyUDdoQm93UXpKblFqZXBtX2lad05NSkRYckZlemdxRC1rRkYyQVFxMHVQeVVueGpNZFRaczgxSHlVTkxWTW5XX1hWbGcyUTVGOC1LYkF5TlU4MjRHb0Q1UW0yTVNwU0gxQjQyM3V0ZHp3SGhCc29UU1lMVVZ3?oc=5
2026-02-25	Google	0.136	Tesla (TSLA) Rolls Out Its Grok AI Assistant to Australia and New Zealand Drivers - TipRanks		https://news.google.com/rss/articles/CBMirgFBVV95cUxONlA5XzF1dFJkblp3bEJoaWZkeVhHRHV6Zjk4bUVoSW4zZkdZZTlFc25fem1OaEcxNnhqQVBNV3luVXNPRldySTI1cTk3RVNxYkN5QW43ZjZWUk43Y3dSUGxZRnpIZ3F2c0NscjMySGY5d2dKcnFqWGNJMmpPV1ZpRldva0J0b25mWklqWkViWEE5N0JBUjdqWHhha0ZVLTd5MzM4cTVjWXlqREhBNHc?oc=5
2026-02-25	Yahoo	0.122	1 S&P 500 Stock for Long-Term Investors and 2 We Ignore	The S&amp;P 500 (^GSPC) is often seen as a benchmark for strong businesses, but that doesn’t mean every stock is worth owning. Some companies face significant challenges, whether it’s stagnating growth, heavy debt, or disruptive new competitors.	https://finance.yahoo.com/news/1-p-500-stock-long-191635541.html?.tsrc=rss
2026-02-25	Yahoo	0.118	Ondo Finance Goes Live on Binance Alpha: Tokenized US Securities Hit Retail	Binance has officially integrated Ondo Finance into its new platform, Binance Alpha. With this, the users are allowed to trade tokenized versions of major US stocks like Apple, Tesla, and Nvidia. “Tokenization is taking over,” said Ondo on 25 February 2026, on X. “Hundreds of millions of new users just ...	https://99bitcoins.com/news/altcoins/ondo-finance-binance-alpha-tokenized-securities/?.tsrc=rss
2026-02-25	Yahoo	0.071	Elon Musk Says Aging Can Be 'Fixed' Once You Find The Hidden Clock — But 'The Real Question is Whether It Should Be'	"Elon Musk has a talent for making enormous ideas sound like casual errands. Launch a rocket, build a robot, fix traffic, fix the internet… fix aging. Yes, aging. In a post on X in 2023, the Tesla CEO zeroed in on something that's both obvious and deeply weird once you notice it: our bodies age with almost spooky coordination. ""The precision of our biological clock across trillions of cells is incredible,"" he wrote, adding that you never see someone with ""an old left arm, but a young right arm."""	https://finance.yahoo.com/news/elon-musk-says-aging-fixed-150054285.html?.tsrc=rss
2026-02-25	Google	0.0	1 S&P 500 Stock for Long-Term Investors and 2 We Ignore - Yahoo Finance UK		https://news.google.com/rss/articles/CBMidkFVX3lxTE81eWhtdXluUW1GMUYzdXNUWUJRME5FM1FTYUpXWnhEZHFGbE83ZnlWVVJ0cHNteDd2ODBZcjZVMzFYOUdTN2ktTW5VZjJzUzZRSko4TnBZTWswRExFMzQ5WDBoXzRIV0NJZnpTQ3d3MFcxY1MwR2c?oc=5
2026-02-25	Google	0.0	Dakota Wealth Management Lowers Stock Position in Tesla, Inc. $TSLA - MarketBeat		https://news.google.com/rss/articles/CBMiwwFBVV95cUxQa1doeGFDcXpxbC1lYkZkX1p6YVhpZW9NMmZDUHVFbFdPSVVhQklWSWhrdzByZnp3aFp2c3ZqNHFaNXVoQzhvc0xsS25aMl9MeG1UblNNUjRhUlU2UVp2aHU2MFlKRGRubi1BRG1HcWpJMXdaQnJrTngyZGpma3lNa0hEZU0wOXN1MG1MbGd1NEJYMU9ZTVFHbTRnUVprY3JRU0dRaVFRbzYzZjh4OXVhMzVQemp2MXBFNGdLTkR5RXJ5NVU?oc=5
2026-02-25	Google	0.0	GLJ Research Maintains Sell on Tesla, Inc. (TSLA) Feb 24, 2026 - Meyka		https://news.google.com/rss/articles/CBMijwFBVV95cUxPODhWQnBNdWVzQ3VLUjVheHpWcnp3eHI0NWNWcUF0OEE5M2Fpa2doMUFjRURoYXBpVWpiU1ZxdkpLbzFYLTFoSVlSN01HQThkNVdtcHlYTjRrdmc3dkdLRWN5YVQwUnl1dlNKeFlZWndCYWpONzZ6M0h5b3JIQVFVNDBnRkFvS0xkeFZKc3hqbw?oc=5
2026-02-25	Google	0.0	Is Tesla’s Robotaxi Safety Scrutiny Reshaping the Autonomy-Led Investment Case for TSLA? - simplywall.st		https://news.google.com/rss/articles/CBMixgFBVV95cUxPbnNydGRlcFphcFZsazJRWWJmMEd6S0JRaGVERzNTUXhISmg3eWlLLU9IcXFUQXdzUHgzOW9tLWkwQWNHQ0JxRi1kLXdsQlNjV0h3QWkyX1V5OUhaZ2cwX3d2Q0F3NDR0TUJoQlVqVl9CcnNGV2VOZkdsZjg5NmlvVDJEakY4Zm9KQ2tBVFdKX2VkRExyZlhwc0pQX2RaQ01qa0llRHR5Q2xUejliMWJhUkJ3LTBKaGwteF85TG5RYzZUQ3lYaVHSAcsBQVVfeXFMTkhNdl9vYWd4YmV4N0ttYmVZaEZQczNCQklyUFhMUXJXNkotSUc0WnIzRHZud0F3U0RNc2ROOWNFc21BYjV1emg2QWFZOFZMVDhxU2NvYXlRbHpKYnJRVnZNdFBWU3ZZTmpMRmRwYzNEajljRDhHYzFENDM5VXlRN2l1MXNKdnpieVpRa0RWM2FHSzU4WnE5dWpUZGJlcXBTTFR2X1ZTMTV4dEFkdU5sNzdVSGF0R3NFbjlTTFl0dWVXdFpoSW93Q2hCOEk?oc=5
2026-02-25	Google	0.0	RWA Wealth Partners LLC Has $12.50 Million Stake in Tesla, Inc. $TSLA - MarketBeat		https://news.google.com/rss/articles/CBMiwwFBVV95cUxNVzhLZGY3R2lpYkItME1BeHRMX1B5NWxHeURSeVgwNG90NWdqWUhUNmJPSTB5bHRmZlVTNUxQRE5jLVExRTloRThhS3JFY09sQm5GM2wxMlJiYno4dFhIT1F0SGdMTGg3bDFzdnZiNy1CX25vVXNLMWtKUDZOZENwVHppVlNCdG5zX0JES1A4eGoyblJEWVdwYm1COGQ4c0k4b1BvV25aaUx4UXNZSV9KbTVMaWROa3dfSnhUaDI0alhsSnc?oc=5
2026-02-25	Google	0.0	Rollins Financial Advisors LLC Decreases Stake in Tesla, Inc. $TSLA - MarketBeat		https://news.google.com/rss/articles/CBMiwwFBVV95cUxNalpRdi1hbkJQOEFXLW9UNFl5R3NpNnBmNVQ1NzByeEp1SENjRHZramMtYnZBVHdrR2xHeFNUSW9CN1J1NllxazhiQ1VDaF9hdzdwODRPMjRveVNRME16RjlnVGJDQTRQOGJNOXFJc3k1bmI0d0lhOWhlbXhBTXh6MWU3NVl1SWQxd1oyOU9hZ2NtOEJHYjNTTFRrdlhjLVhzelhBejZrUnAxaDFEZjRpZDFTenhza2l6U09BUF9WT1JaVjA?oc=5
2026-02-25	Google	0.0	SYM, TSLA Stocks Rise On Reports Of Upcoming Govt. Meeting To Discuss Robotics Policies - Stocktwits		https://news.google.com/rss/articles/CBMi4wFBVV95cUxOc2pjUUl4eFNwOFY3ckUwWmtEdkxhcGJmaGNBMDkweTl2YVF5NGFjSVo1b0w1eENZcUtTcmdHZzNFOTQ1Xy1tRUJCOHI2UmlmaUNsa1Fhcnc2YTNyMWRNMVBfQ0tpMG90Z0JTMjVJbms2QzhrbUJlS2NqWFNjMTVmUlN5R0hYR01ldmI3SWdXQWlrRDVSSU9ZSGN3eFJWVGxDRzMycF9yQTJyUWdlcmdJZjlMWTVWZ2pqUC1GX1l2Zmx5X2hOemFmbF85Z0pvX0JFRGNSNTBtc1FicHVZSElxeTJ1aw?oc=5
2026-02-25	Google	0.0	TD Asset Management Inc Boosts Holdings in Tesla, Inc. $TSLA - MarketBeat		https://news.google.com/rss/articles/CBMiugFBVV95cUxPWUk0Ym05dWVOTGt1RnBZWWtOdlBUeGRQSTdrRmJIS2pITXRtZ29NZl9aQ3lnNVBBNWVBZTB2bUp0TGpUTVNKMU1iQzBIZ0s4Qk1sRUdsQWJFQWc2UGlBVGVzZlNuaFUyUWI3RGprMHdpMU85dEU0T0Q5UlR5RTFGcG1TXzBiZVJFbGliOVNCQjZFOWZuWGh1WGJZT2FPUXQxdVNIUEVIbFN2YWxBNkRuQVd0VmtSZlYxTGc?oc=5
2026-02-25	Google	0.0	TSLA Stock Today: February 25 – China Space Scare Tempers AI Hype - Meyka		https://news.google.com/rss/articles/CBMilgFBVV95cUxOUU1MQ21fQUpTem41V2FBeUEyWVMtVWNTcWFCWDZDbXdNTFVRTm5UWUE3aVVqc1pBX3pDUEt1Ym1rcTNtZHJIUk9iM0VGRVVjVnJrUzVIVXpGYUlWQ0JBVTNpaWtmRzZhVVMwSXVTR0xzVVE0WjZBVVdVVTFSelNLYVlxaGhRdXNaS1B1eEFOQkh2TlRtcmc?oc=5
2026-02-25	Google	0.0	Tesla (TSLA) stock price climbs ahead of Nvidia earnings as Autopilot lawsuits return to focus - TechStock²		https://news.google.com/rss/articles/CBMiswFBVV95cUxPZjRGRXd0Z0ZDQzlSY1BCVWRVQUVrbGlXWGJaS0JfT3BUVmZwMzFsalNfUVVtUlEwdFk3TnNVczNDNXk4eTdla2pSZzBiQktjYnBoUDI2MDVjaHViZUFBVjllRHNOWjNHck03V2hCODV3a3hIMW5SRF96OWdVUjNfQzQ0U003bmZkMm80N1hncVNTSTdmb2E5Y1VIa2prVW1HM3BScHhTOTRlZ09UQ2ZoWFNXRQ?oc=5
2026-02-25	Google	0.0	Tesla stock rises as lawsuits hit headlines; TSLA investors eye Nvidia next - Bez Kabli		https://news.google.com/rss/articles/CBMiogFBVV95cUxQaFdnV3BySm1BN2VuRmFUZmlZS1k4dnk5YUZ0ekJ6N3hMSVJCaTRqQ05nOUlJNzlSNHZQUTkwbGtKX1hNNVhVTkw0MmRseW5YSWdacVRFNm1hN2pCT3RhdUE3YU5xS2pCbFQxTHMzM3JtZWZWaF8xV2dNWmpITWtRNHYwRklBRU5ZNWhpWlhpdDU1TnpjTklwenNtdkdadzB1ckE?oc=5
2026-02-25	Google	0.0	Thoroughbred Financial Services LLC Sells 3,437 Shares of Tesla, Inc. $TSLA - MarketBeat		https://news.google.com/rss/articles/CBMizAFBVV95cUxPUGlFbW9XejhMbkZBQ0NFQWw2SzFXQ05UVlM5ZlBINFJDZU1ya2U4bnlwbS1aUzdiSmhjSFRyRzU4QV9reVBlLTRGY29PM2lRRWEzNjhaSDh6UEtaazN0Rl9NR3ZRQjlqbmticl80UU9iWlFYcC1wTjFfQWN1NlFsRnEyWlhfZWZJakphWGN0dzRnelY0MFdzLXliOFVMeGN6cGFndnpkZS1hMkl3dEtjSU1HaXNSaHRmMlN3SDAwZWR1cGJmMjlKaHlrcHE?oc=5
2026-02-25	Yahoo	0.0	Update: Tesla Reportedly Sues California DMV to Reverse FSD Advertising-Related Ruling	(Updated to add California's Department of Motor Vehicles' comment in the fifth paragraph.) Tesla	https://finance.yahoo.com/news/tesla-reportedly-sues-california-dmv-120952664.html?.tsrc=rss
2026-02-25	Google	0.0	“That’s Not Investing. That’s Speculation.” Tesla Stock (NASDAQ:TSLA) Gains Despite Bearish Outlook on Optimus - TipRanks		https://news.google.com/rss/articles/CBMiywFBVV95cUxQbG1XcHNHMWhyd29sYzhIQlNTSHRzUm95RWxVZTVLWGd3LTJXdldXeDltWW40cXpCempUdHQ2M3BJemNHTWJLemkwMGhSWXdUMHFEZzNqS2pwcGxxRVJUNllxWXdlTVJaai1JZ1J4N29SaGMwN1ByZnBHLTlYRjlrVlRGSThQTUluZ1ZTeDA5RTRoUUV0YlRwYzFVWnpmampwS284MTVrdmtqc3pOR0swV25HZUp2b3BUYXNPSFJacFBKM0lmS0t2cmRiSQ?oc=5
2026-02-25	Yahoo	-0.026	Tesla Refocuses On AI And Robotics As Legal Risks Mount	Tesla (NasdaqGS:TSLA) is winding down production of its Model S and Model X to concentrate resources on artificial intelligence and robotics. The company is prioritizing development of its Optimus humanoid robot, with internal ambitions to eventually reach 1 million units produced annually. Tesla faces regulatory pressure linked to Autopilot marketing, including a lawsuit involving California’s DMV. The company also recently lost a significant lawsuit tied to an Autopilot related...	https://finance.yahoo.com/news/tesla-refocuses-ai-robotics-legal-061016575.html?.tsrc=rss
2026-02-25	Yahoo	-0.052	RIVN Stock 2026 Forecast: What to Expect as Rivian Sees ‘Inflection Year’	While Rivian's stock outperformed last year, it is down 21% this year. What's RIVN's 2026 forecast as the company prepares to launch its R2 vehicles later this year?	https://www.barchart.com/story/news/421540/rivn-stock-2026-forecast-what-to-expect-as-rivian-sees-inflection-year?.tsrc=rss
2026-02-25	Google	-0.062	Tesla (TSLA) to increase the price of Cybertruck Standard, extends delivery date due to increased demand - Tesla Oracle		https://news.google.com/rss/articles/CBMiywFBVV95cUxNaF8tYmZHem1YTFNPV19jTDlNa2t6NnhGendtMkZmOU5URGYwNEcyd0xJZWk4NVpPRlZOaGg1Mmk0Wmszb19EMHI3YWpIMFNRUEdaQVlXRFFUNmZjR2xQWU5rODgyanZMS3k4Q0U1NUxidWNOM0RMMWthZEZ0dlZiMHIweGkwLXJFV08xNXpOa1NUSlRKeEo4RHFvZzdzdWwyS2VoOEQ4eXpfd3JCUDFLSk1ZTF8yMnlyWVlsSHRvQ0FYMjNPMmZ4NGdoRQ?oc=5
2026-02-25	Google	-0.156	Tesla Stock (+2.4%) : Broad Market Rally Overcomes Weak EU Data - Trefis		https://news.google.com/rss/articles/CBMixgFBVV95cUxPQXpPRGNINmpQbGVBRkpEaklYMUZ1WE9iUDIxX0oteEFSTHlIUDNvZS10QnMxZWVZSlhydTZhSEw1ejYyd2NlZmxlaTZSNDF5SVpUS1B0bjlVeV9OdmdqT1lrQTlNdUVJbHE0RS15aU92dTNsd0lrVkNGOFlDcFI4U3lxcm5xVlk4TVk2UVVSdVNqYnNYd2o1ZzZhSC1RM2VBZ0VGWVBNd0FkZHRuSUVkbkRCM1poLWhOWnplTU42YlZpdWZpaHc?oc=5
2026-02-25	Yahoo	-0.2	Teetering US tech trade puts anchor on market as Nvidia test looms	The technology stock trade has stumbled out of the starting block in 2026, stemming from pressure from artificial intelligence disruption fears and the allure of groups that have lagged, but the broader market may struggle to make substantial gains without the ‌heavyweight sector's help.  Nvidia's quarterly report on Wednesday looms as the next test for tech, as questions are being raised about whether AI-related selloffs have been ‌too harsh and when there may be a turning point for under-press	https://finance.yahoo.com/news/teetering-us-tech-trade-puts-110201090.html?.tsrc=rss
2026-02-25	Yahoo	-0.29	Has Tesla's 'iPhone Moment' Arrived?	Tesla just made a major decision signaling just how serious Elon Musk is taking the company's artificial intelligence (AI) ambitions.	https://www.fool.com/investing/2026/02/25/has-teslas-iphone-moment-arrived/?.tsrc=rss
2026-02-25	Google	-0.312	Ross Gerber Warns Tesla's 'Mad Max' FSD Mode Is 'Basically Unsafe' Following $240 Million Autopilot Liability Verdict - Benzinga		https://news.google.com/rss/articles/CBMi9wFBVV95cUxOQzlTSkpFRU1IUWRWdjZZbFdQaDhlT1NhelRpZW9BdjNmdEtubXBwYjVqUjZVN2FWN054UmxFRTE0NEhnWWlQOFlQaG9pczc2UXcwWDVtUjVXTE15X09BTHN4Yno1S0VlYmYyUUl0ZnhVb2tHREtZMjE0V1JPLUNhUHpORWFpMG5tR0drTDFfUWJhVHJ0NEx4bnBFNlV6dXJZZ2I2aFU5YTMzczN0eGFsNTlNWHNJV2xOUnYwejFJVWNYNUNmZjBOV3BQQWVVRkItQUpsc2dOSlZTcjRDRGZ2TGdXV2p1YVVkcG1mTXMzUEhuNC1Eenhn?oc=5
2026-02-25	Yahoo	-0.6	Prediction: Rivian Stock Is a Buy Before 2027	Rivian is investing heavily in artificial intelligence (AI).	https://www.fool.com/investing/2026/02/25/prediction-rivian-stock-is-a-buy-before-2027/?.tsrc=rss
2026-02-24	Yahoo	0.667	Nvidia's Earnings Are Almost Here. Here's the State of the Magnificent 7 Stocks.	Nvidia is the sole member of the so-called Magnificent 7 group of stocks to have posted gains year-to-date.	https://www.investopedia.com/nvidia-s-earnings-are-almost-here-here-s-the-state-of-the-magnificent-7-stocks-nvda-11912486?.tsrc=rss
2026-02-24	Google	0.6	Below $400 Again, Is Tesla Stock a Buy? - The Motley Fool		https://news.google.com/rss/articles/CBMihgFBVV95cUxNY0pkdXVjX3lzR1EwZDAxLTVGcHg3YmU5ZjY5em1RV0NIVVE2dVhQRG1WWTYwSzFhVHZQamhfdWtGUFVMUkFDTVpqTzU3bVRyV2NBWTNQTVZsT21zVmMtbUd2X0pHUTc3ejNQLWNIMS1RamhidHlONno3czgyWXlyanpKUk15Zw?oc=5
2026-02-24	Yahoo	0.5	Auto & Transport Roundup: Market Talk	Find insight on Waymo, the implications of the Supreme Court’s tariff ruling, Kia and more in the latest Market Talks covering Auto and Transport.	https://finance.yahoo.com/m/f72ca040-0ddb-3cb6-943a-7fdb255cfe3a/auto-%26-transport-roundup%3A.html?.tsrc=rss
2026-02-24	Yahoo	0.5	Tesla Is Suing California, Says Report. What It Means for the Stock.	Tesla and California have a strained relationship. A lawsuit over advertising is just the latest example.	https://finance.yahoo.com/m/e9629a6f-b8ce-3d4a-aa0f-58dc8ee9f010/tesla-is-suing-california%2C.html?.tsrc=rss
2026-02-24	Yahoo	0.417	Have Mag 7 Stocks Transformed into GARP Plays?	"While market skeptics are quick to scream ""bubble""at any sign of concentrated market leadership, the underlying fundamentals of today's tech titans tell a more nuanced story."	https://finance.yahoo.com/news/mag-7-stocks-transformed-garp-181300610.html?.tsrc=rss
2026-02-24	Yahoo	0.3	Below $400 Again, Is Tesla Stock a Buy?	Tesla is pushing deeper into Robotaxi and AI, but exciting initiatives don't automatically make the stock a buy.	https://www.fool.com/investing/2026/02/23/below-400-again-is-tesla-stock-a-buy/?.tsrc=rss
2026-02-24	Yahoo	0.3	Here's Why Lucid Group Stock Is a Sell Before 2027	EV success will depend on AI innovation.	https://www.fool.com/investing/2026/02/24/heres-why-lucid-group-stock-is-a-sell-before-2027/?.tsrc=rss
2026-02-24	Yahoo	0.233	EXL announces speaker roster for AI in Action Americas virtual event – accelerating enterprise AI from pilot to impact	Americas virtual event to take place March 11, 2026—featuring leaders from Google, Databricks, CNBC, Wolters Kluwer and TransamericaNEW YORK, Feb. 24, 2026 (GLOBE NEWSWIRE) -- EXL [NASDAQ: EXLS], a global data and AI company, announced the speaker lineup for its upcoming AI in Action Americas virtual event on March 11 from 10-11 a.m. EDT. The annual forum convenes prominent business and technology leaders to reveal the latest innovations making agentic AI a reality for modern enterprises. Featur	https://finance.yahoo.com/news/exl-announces-speaker-roster-ai-155700778.html?.tsrc=rss
2026-02-24	Yahoo	0.178	Waymo's robotaxis now being dispatched in 10 major U.S. markets with expansion in Texas and Florida	Waymo will begin dispatching its robotaxis in four more cities in Texas and Florida, expanding the territory covered by its fleet of self-driving cars to 10 major U.S. metropolitan markets.  The move into Dallas, Houston, San Antonio and Orlando, Florida, announced Tuesday, widens Waymo's early lead in autonomous driving while rival services from Tesla and the Amazon-owned Zoox are still testing their vehicles in only a few U.S. cities.  In contrast, Waymo's robotaxis already provide more than 4	https://finance.yahoo.com/news/waymos-robotaxis-now-being-dispatched-141029107.html?.tsrc=rss
2026-02-24	Yahoo	0.167	Dow Jones Futures: Trump Tariffs Spark Stock Market Sell-Off; Apple, Nvidia, Tesla Are Key Movers	Dow Jones Futures: The latest Trump tariffs sparked a stock market sell-off Monday. Apple, Nvidia and Tesla were key movers.	https://finance.yahoo.com/m/44a57f38-7d6e-3e90-afdb-819e52c359c9/dow-jones-futures%3A-trump.html?.tsrc=rss
2026-02-24	Yahoo	0.153	The EU Warms To Chinese EVs. BYD Registrations In Europe Grow 165%.	BYD's push to expand outside of China continue apace.  January new car registrations suggest the electric vehicle giant is off to an outstanding start this year in Europe.  BYD new car registrations rose 165% in January compared to last year, according to data released Tuesday by the European Automobile Manufacturers' Association (ACEA) that encompasses the EU, U.K., Iceland, Liechtenstein, Norway and Switzerland.	https://finance.yahoo.com/m/a251393a-0e1d-3afa-b6cf-afbccf3dcc0f/the-eu-warms-to-chinese-evs..html?.tsrc=rss
2026-02-24	Yahoo	0.14	Safety record for autnomous vehicles brings more questions	Are autonomous vehicles like Waymo really safer than human drivers? It seems to be the trillion-dollar question that everyone from Alphabet (Waymo's parent company) to Tesla to Amazon is asking. On the one hand, robotaxis don't drink and drive, don't drive while tired, don't drive distracted, and ...	https://www.thestreet.com/technology/safety-record-for-autnomous-vehicles-offers-more-questions?.tsrc=rss
2026-02-24	Yahoo	0.121	BYD Shows It Is King Of The EV Market	The world economy is generally divided into three regions. One is China. One is the US. The third is the EU. This means developing nations like India are left out of the equation. However, none of these developing nations has a GDP comparable to that of the other three. For a company to win big, ... BYD Shows It Is King Of The EV Market	https://247wallst.com/cars-and-drivers/2026/02/24/byd-shows-it-is-king-of-the-ev-market/?.tsrc=rss
2026-02-24	Google	0.118	Tesla Sales Fall 17% In Europe As New Car Registrations Decline Nearly 4%—BYD Continues Momentum With 165% Surge - Tesla (NASDAQ:TSLA) - Benzinga		https://news.google.com/rss/articles/CBMi9AFBVV95cUxPYVdQZHY5dlpXQVVBdF9NYUxzeDEtYlRmdVo0bi1YMWFWQU1vQ1o0Y1dnV29KU1l5azg4X1lRQ0RXUlBaTnBndXZyRGdsMXNPc2M0WXFaREoySzJxcThyZ0l0MmdndXhSVTlKRzZLODBLMVZBWElpVjVjd25TV0tnZEhfUVNSei1keFNqazZscVFzWnQzcmxDbndpeF9TaG5laVJvWHNiVlNYalR5bURzaXkxS2d4ekNudDluQmxjM1BEVWpSZjJJb0FWbk42SVp3ME02UjItb0dUTjYxcnVaZzM5dW9Sc1hhUEpQMExoWGo4YW8x?oc=5
2026-02-24	Yahoo	0.1	Investors Heavily Search Tesla, Inc. (TSLA): Here is What You Need to Know	Recently, Zacks.com users have been paying close attention to Tesla (TSLA). This makes it worthwhile to examine what the stock has in store.	https://finance.yahoo.com/news/investors-heavily-search-tesla-inc-140008140.html?.tsrc=rss
2026-02-24	Google	0.1	Tesla’s P/E Is Near a 5-Year High—Buy Signal or Panic Signal? - MarketBeat		https://news.google.com/rss/articles/CBMinAFBVV95cUxQQTRSNmFsREFaNVpGNHZTNnNlWGZnUmdtamdCZWJIRU1sSXpZVmtIQTc5V1lhbkRRejJkczc4eUNhMXhhc2JobXFoUUVXQ2hMY1BDelhacWRiNGN0Z1BtLU5ndjFqQVBlYXcyaFdWdGt3c0pSUTFsX285eDl3S3Q0UmlmX3pyMkJneWg0ekZxdTdCbUFPS29mbUZMaDI?oc=5
2026-02-24	Yahoo	0.071	Tesla loses crucial Autopilot ruling that could cost hundreds of millions	Tesla rolled the dice with a lawsuit it thought it could win easily last year, but it struck out after a U.S. judge upheld the $243 million jury verdict against the company over a fatal crash in southern Florida last year involving the now-defunct Autopilot. Last August, a Florida jury ruled that ...	https://www.thestreet.com/automotive/tesla-loses-crucial-autopilot-ruling-that-could-cost-hundreds-of-millions?.tsrc=rss
2026-02-24	Yahoo	0.067	Tesla Shifts From Premium EVs To Robotaxis As Autopilot Scrutiny Grows	Tesla is discontinuing its long-running Model S and Model X vehicles and reallocating factory capacity toward robotaxis and the Optimus humanoid robot program. The company is preparing new autonomous-focused vehicles, including the Cybercab, as part of its robotaxi ambitions. Tesla has stopped using the Autopilot label in California marketing following regulatory scrutiny tied to driver assistance claims. A jury recently issued a $243 million verdict related to Autopilot, adding legal...	https://finance.yahoo.com/news/tesla-shifts-premium-evs-robotaxis-001821335.html?.tsrc=rss
2026-02-24	Google	0.05	TSLA, PLTR and SMCI Forecasts – US Tech Giants Mixed and Sluggish Early - FXEmpire		https://news.google.com/rss/articles/CBMiugFBVV95cUxNR3hqR3ZyZ0pCVnNPTE14VVRlSDZxQUNlVldTUlpoV29peEZaMXRZekcxWGpiM3ZXUkRGal9wb09VMWJLVlgwMGQ2SU5HbHRZQ2lIZmRhdlpLOWtldC1sQmdpbVktNjBMZnAwdHBscXNGbkZ4Um9rVndrMlpQeVZpemJYOVhWVjBsMG8tNTRHUmZHWV9sWTJRVl85WGlpemV5ZEpRSW1nWDd1RjZFSW9rR1NzLUJka0dHbmc?oc=5
2026-02-24	Yahoo	0.033	Factbox-From OpenAI to Nvidia, firms channel billions into AI infrastructure as demand booms	Feb 24 (Reuters) - Advanced Micro Devices has agreed to sell up to $60 billion worth of artificial intelligence chips to Meta Platforms over five years in a deal that allows the Facebook owner to	https://finance.yahoo.com/news/factbox-openai-nvidia-firms-channel-122400217.html?.tsrc=rss
2026-02-24	Google	0.022	TSLA Is Down 11% in 2026 and Reddit Is Losing Faith Fast - 24/7 Wall St.		https://news.google.com/rss/articles/CBMioAFBVV95cUxOOUFPUnhIWE1oUS1VOVFRdUxYaGRVWmdHb1ZZYjVSWW9ObVVVa1dtOExycE81dmxkckxlN25hcEt2QkEzbTUzNThJT3JLVUFYb25iTjhQeVh4Q3pfYW4weHJkQmlHQzJHdHRwX2ZicUZ0Xy1Ga0UzUS1GQ0ZYNGp6Z25EdTVvV244WEliQ0dKVHlic2pZYXF6dTlBNDIwUkJF?oc=5
2026-02-24	Google	0.022	TSLA Is Down 11% in 2026 and Reddit Is Losing Faith Fast - Yahoo Finance		https://news.google.com/rss/articles/CBMiekFVX3lxTE50TkJTZ29OdHRfNThMbjVwUVFDbnNjbmR6OGE1aGlWbTE4UmNQZ1Z6QzZsU3kwVzhnam9lNzBXTHBYbVhFbWdMTE5FcGM5LXJsb25xaUNPTm1oZ19LbTZOcWx6UVNIRDBicEp5QmMtZW82a3ZzUUJRekZB?oc=5
2026-02-24	Yahoo	0.013	Plug in Hybrid Electric Vehicle Competitive Landscape Report 2025: Key Players Analysis, Profiles, Product Developments, Mergers, Strategic Collaborations, and Revenue Forecast Insights to 2033	The global Plug-in Hybrid Electric Vehicle (PHEV) market is projected to grow from US$ 113.28 billion in 2025 to US$ 258.22 billion by 2033, with a CAGR of 10.84%. PHEVs, which combine an internal combustion engine, electric motor, and rechargeable battery, offer increased fuel efficiency and lower emissions. Factors driving market growth include rising environmental concerns, government incentives, and advancements in battery technology. Leading companies like Tesla, BMW, BYD, Ford, and General	https://finance.yahoo.com/news/plug-hybrid-electric-vehicle-competitive-160900968.html?.tsrc=rss
2026-02-24	Yahoo	0.001	TSLA Is Down 11% in 2026 and Reddit Is Losing Faith Fast	Still the big name in the EV world, Tesla (NASDAQ:TSLA) shares are down roughly 10% year-to-date, trading near the $400 mark, as Reddit sentiment slid from a neutral quarterly average of 42.9 to a bearish 32.3 over the past month, with a modest recovery to 38.0 this week. The catalyst is straightforward: Tesla is winding ... TSLA Is Down 11% in 2026 and Reddit Is Losing Faith Fast	https://247wallst.com/investing/2026/02/24/tsla-is-down-11-in-2026-and-reddit-is-losing-faith-fast/?.tsrc=rss
2026-02-24	Google	0.0	Alphabet’s Waymo Expansion Pressures Tesla to Expand Robo-Taxi Service - Barron's		https://news.google.com/rss/articles/CBMivwNBVV95cUxQdTRyaW1sQnNINmo4V3FXaHlkOTNPSWNYMEFwakpmTVJqRERjVlB4b2lSU08wVDlPTkMxQUN5Q1BQNlVBaGR2czhTVFQwcGkxbThNYXpUUUdldHlHSmk2TDJ4bmNWSGp3MXZRZkhvVWY0OUdnczNGd3BWTmhOQkJGZ1A4YmFKd0dxYnZzOE1od2VsZkRwRXJlaEZ3WlBzYm5QNmxfWC1wZUJsLW5BWkZqa3ZoQ05CT0RNc25jR0EzVXZ2c0tVOWNsZEE3VG5jNm9BLVhHZ3N1ZkJyZ0g0QnlaQmNmeFpzUkdSNXFqMlVLN2NyZVNZOVJReGdvWTg5VGlhZ2pTRmNzMGJ4V0djVG5ScFRDUnlvbVdnLUZPS0R5SzV0RmxSUVhJMVRWS3ViUFNDdHVGbTI4V1Jwb04wVHJPQ3ZvUC04UzBCYTM0ZVRMV3FLNllGWXpTZWdPX2FmTGlGNXFYSnZxVWNrYTRVX0hHMnBmMm91RV9oUG5oUkZSSmNITzljVEhZOGs3VTZETDBybGpzQ3JWU0gzZmNPTXlaY2Y5U0s5djU3UHV1SzZmb1NBaFAwS3ljWGp1QnV1OE0?oc=5
2026-02-24	Google	0.0	Below $400 Again, Is Tesla Stock a Buy? - The Globe and Mail		https://news.google.com/rss/articles/CBMivAFBVV95cUxNMkZyTE9KeHJUY0pxS1YtZ0Vlb2ZCN3NibTVpWExWVWdGNEhPOF9oMTZSNUs1N2p2ckVrMDRhNHJSN3Z1RjZNb3lKbW9nRHFwNTlmM2NCWG9DaVpwdllab2VsRkdETC1lRlhoQWpkNFotSldSeU9sdTE1WmJDMVM3Qm1SUTBiS2pjLUxLUC1nMUZBeWxWcjFxejBwWnAyZXp4Skd5Q3JoZ1dCcV9RUVhWSTdOQ2Z1Znd4SWhIcw?oc=5
2026-02-24	Google	0.0	Compound Planning Inc. Has $18.54 Million Holdings in Tesla, Inc. $TSLA - MarketBeat		https://news.google.com/rss/articles/CBMixAFBVV95cUxQRUt4X1hySXFfcnRiMHZUaldsY0xHdnpGNXhmdmswVnpjclZUcFVmOGRJbWs0V2ZIMXl6cHFsYVlyQTdDOEtQc1F0Mk9xUVA5V21iNzVQSFNuTU1UQjhpUzhTOGdQYmNoVW5Xa3Facl9HQ3UwX0dYUVJNT0h1bzZVdENCUm5oajNfQmY3SUdLR25xY1RMRVJvUlhvNFNvZjg2a1E0NDNyeUc4NHQ5d21rR1JPaFlqVjhTejlSV09mNGhVWlRF?oc=5
2026-02-24	Google	0.0	Crypto: Tesla (TSLA) at a Crossroads: Will it Surge or Slip? - InteractiveCrypto		https://news.google.com/rss/articles/CBMijgFBVV95cUxOZHJUbEZWc1VZdS1qLThackdIeDVadmVETVl4UVBXdERjNTR6bm5DWHcydDF4eDVnZ3VwTTNheUJEMm1fUHE3Rm92RUdNdkhrMlVsZ2pSR3UzU3BmQlI0OGRpem1Hald0SmhJS29Hb0xQaU8tTHBXbDdPQjlIQXV5VTFxTjhVbV9hcmZscnJR?oc=5
2026-02-24	Google	0.0	GLJ Research Reiterates Sell Rating on Tesla (TSLA), PT $25.28 - StreetInsider		https://news.google.com/rss/articles/CBMiuAFBVV95cUxOVUNRa1VvUl9UcHhtUGdQZGNiZ25rdmxRSjE4ZDd5dW9yS1VLNmMwemtfMjItS0dzMlpBX2E3S3dYUVl4SVFud2lTZVlOekRQY2JsdFd0ZEFMS2owYm9PNlpNWUFBbEl5TG02N2tfbUZrT3JLRVY1ZlNWX01zdDZOVzBiUUV4YW1sSGNmN3lxTXJRenNWbHZjWVhJVmhKVHB4UDRvZXh4a3E3amZ1NlFsVmk5OFozUGZL?oc=5
2026-02-24	Google	0.0	Krane Funds Advisors LLC Buys 8,510 Shares of Tesla, Inc. $TSLA - MarketBeat		https://news.google.com/rss/articles/CBMivAFBVV95cUxOWlBERU9fTXA1NzljUy0xVDFfUlZ1S0VJMnFIeDU3eXQyVmlraTh4RWwxdFdNVjYweUwwNndObk9ZTlotd2d6bTZsT3lpbnl1cGVjcDRSWnZ5RUlJMjZaTFhrR01nd3lqd1NjUnhVRS1lTHhMV2QwQUFlRmZxcm4zX0JGMEhyWk9RZktRV2hLMVFLcEoyWUVVUkZET0ZFaGtaVGRtbFRjN0NvVUV5MXU0VWgtaDNFTTZ2WGFtbA?oc=5
2026-02-24	Google	0.0	Mufg Securities Americas Inc. Acquires 13,566 Shares of Tesla, Inc. $TSLA - MarketBeat		https://news.google.com/rss/articles/CBMiyAFBVV95cUxQOGJzMnh0X3dPa2FxaXl0Qi1KQXJ5dGNNNU42S2pzczRPcmdIWDFrZlBwZkxGU0VFNVJlb3RKVTF3Vmh3R0VVV0NLV3ROWTdrY3NENWoxRndJLXo4RlBIbnljNU5rX1lubkZJYjJFekhpQzNKY01IR1c2V3U0UlAzTmI3SWlWaTV0OWdQR1Nfd3doM0FES00xTFdWS19jSVE2VUtVd0kydDJlYlhySFdzRkQxbjBuSGVVb3ZNNlV4TURNZjNkMUpXVg?oc=5
2026-02-24	Google	0.0	Ross Gerber Highlights Meta's '$23.6 Billion' Share Buyback Cost, Warns TSLA Shareholders About Stock Compensation - Benzinga		https://news.google.com/rss/articles/CBMi9AFBVV95cUxPcmY3Qy03UkdRRU9UdzlRYUMwa0FWWVU0ajBMeGJiWERLcFNVd2JwcVgtTUt3bEJ6Wk5GY1JZYnYtcWxKd2pvaEt5ZXlaNnZhdEF6TWFPVXVMczVZT1RCRW56dDc1dWFUVE9MX0tzeHNhN1ZPQTV5U3ExWW9kNVdPOXZQdjdKTThpUG5WbkprZHN3RnY2eWVIQzNRdVNBM1R6azVOQ1NYZHZQQ196UHRtVXlaeUp1eUVIclRJbTA4RGxsMi1uTVFVVU5ZcUs3bjBaMWFfR0wtc29GM0RfeldGUnpOdG91Skp1WjBFUUF3WjNaZlJP?oc=5
2026-02-24	Google	0.0	Tesla (NASDAQ:TSLA) Stock Price Up 2.4% - What's Next? - MarketBeat		https://news.google.com/rss/articles/CBMioAFBVV95cUxOaWZ4a3dpT3JiRUE3M0l6NGFyTUZ0WS1jVktVRXp3enJmd3YwTUxpdElLYWVXYWt5djAwV3dXOF95cEdkZjQ1dU5yVk4yeWJibC1LSGdlZEV1WlhNOFBLQV9qRkpkM3ZVS01zdmM1Qy1KZmtoOWdYWXEzUXVJT3BxZzE4MnFTTmRZN0VrdUhZNUtVbm16RGhEUXUydF9ndmoy?oc=5
2026-02-24	Google	0.0	Tesla (TSLA) Stock: EU Registrations Fall 17% as BYD Surges 165% - CoinCentral		https://news.google.com/rss/articles/CBMijAFBVV95cUxPQ3N0bmlVU01MLTQzOWMyWWVXM3J2M28wNkVHNFo4d0Y1Z2dsOE5RSjROX0lmaHBhSWpBZWZ1aHMxVlk5OXRMTTVMTzdwV2pPaVgxZy1XUlJ6SWdJbE84XzF2N09ydVBDT0VTUDE3eHd6cGthbEhGMy10WGNleHZUdkczaE1ISlVfY3N4aw?oc=5
2026-02-24	Google	0.0	Tesla (TSLA) Stock: The EU Numbers That Investors Can’t Ignore - Blockonomi		https://news.google.com/rss/articles/CBMiigFBVV95cUxOV2xMNGZaMVhlUW9xNTZJcXB1UEEyUFBIMGF0UUY1MW1qdnRNcnpFMGFjNG5mVklhYW9CQUpOQXctcndVTG53SkpIaVo2UXRFMHN1WkdJNTRiWm1XSlAtcFdkWWZ1dFp4TlN2bi0xTmxEWVhXR195WVRtcE1PU25BYWdJbldTdVpyOEE?oc=5
2026-02-24	Google	0.0	Tesla (TSLA) Valuation Check After Recent Pullback And Diverging Growth Narratives - simplywall.st		https://news.google.com/rss/articles/CBMixgFBVV95cUxNcVhHNDU4aWg4MEktUnVtQ2VJZ3ZEWGtzQnZ4ajNYY2U4S2pHd09qR0ozU01kUl9pdEZ0NHRmS1lPQkJHaEhCakZnOHpGaWFmSHh2YjQtQ1h4RWYzTC1Fd0RJQlQtXzJHek5DREx4Yi05RUNVeURZMjZ0WmpCSlNCZ05HdWRyR2VRWGVIZlBqSEF3M3loYndFLUxzQWhPdFlueDAtSzNkU0syd3lTeXBQN0NIdnE5R2RJY3JfMkcxNENOczNUcWfSAcsBQVVfeXFMT0pBaDB5U1ROdVRYd3c0NlJvVzRLb2kxQzhHb2dVVTlkdUQxWUZScW12YnRYcmZwbHJsZGVDeFAtV1ZoQUZQeUVhZWNNWWdjMTA2NlpYRFRvMmtyLXVBVkczeXkzc2RUVG4tQW01em9uTEJYSVM1RFJzclJ4cEVCNzFHbmp4S2VBV2FhUmdJSEFfU1h6bHhVZkJnZVEyM0FNcjF3UmhNQWQwbVIzd0ZhWTBYZ0MxWXNWbUl2YVlUZV9OakZDaVJzbWtzQ0E?oc=5
2026-02-24	Google	0.0	Tesla EU Registrations Fall 17% in Another Blow for TSLA Stock - TipRanks		https://news.google.com/rss/articles/CBMipAFBVV95cUxPdEVXUkZDekc4QmJBRUIzWlpNUWI0Z2F4N0ZVZEMtS1AwakFocV91Y0Fra3JNRzNvVi0wRXZxMEJaSE4ybThtbEMtcVdrRmhTc18zX0czakh0aUxOOVlhTDlUc3h2X3dkX1l5UXp2bWktckc4QThGU0t5R0tGR00tTXUzX3IwWkk0TFZvR1VXazNaSnNLYnZKck1fT2NLTjkzNzZXUg?oc=5
2026-02-24	Google	0.0	Tesla Stock (TSLA) Slides as China’s BYD Extends EU Lead after 2025 EV Shake-Up - TipRanks		https://news.google.com/rss/articles/CBMiqgFBVV95cUxPWmwxNXMwMl91ckh5ZnNhSmVwVVhrSUxHMWFySVR0Rkpxc1lwaHZfOXBnNjRNOXlzdUsxWjdOS1NYdFhnSWs5T2Zwa3dKS3ZCUmswaVQ5cVFya1lwS3NnU2N2QzU5QWNKZUg2R3ZqRkZVNVNtM3RYLXpnRVhMak1ld2JXeWJLZGM3MThlbTlnc0JjU1Y1WkRQN0d1eFN6ekNLS19tQm1HZW5DZw?oc=5
2026-02-24	Google	0.0	Tesla Stock: Is TSLA Outperforming the Consumer Discretionary Sector? - Yahoo Finance		https://news.google.com/rss/articles/CBMijgFBVV95cUxPdTgzQmtSVTgwa1BYLUtheE9FbGFvZDdaRXhMNEJPREJoRUxRcWl6Zmg5ZkhmVXdKVkh1RHRFdEdKQWtUb3pzVHZBT1FFZVluWjRWRFIxVkY1NUN3YWJXWXFhQ0owZFZKa2dTcHliSXp4SzNJNkNISS04Yi1qZnRYdjRNLUU5REVDOTV6OVRB?oc=5
2026-02-24	Google	0.0	Tesla: Accidental Rally (NASDAQ:TSLA) - Seeking Alpha		https://news.google.com/rss/articles/CBMicEFVX3lxTE9XSXBqLVIxb1k0MDlTRDlRcXdlam5TRTR1S3NjQWRrbjdVdUhGMWZfRzdYTF8wSHFqOG04SXFkVWlaYW1uZWxCRDBtelR1Wnp4dkdzbmdjSWNkdU42NzdHMktNbllTUmU4NE00NEtzSm0?oc=5
2026-02-24	Google	0.0	Tesla: Decommissioning Legacy Auto To Birth The AI Economy (NASDAQ:TSLA) - Seeking Alpha		https://news.google.com/rss/articles/CBMinwFBVV95cUxNWEtaTU9yMHJxdVhzMlhsaEhaX0h1T0c1Ym1Wb09xeHYzZzJmSGxvdVA5NnVDYUx2ZHJGdEtuMDJ4NTk3VEY0SDdDYjNNeWhNQ3FyT2M2d0wzS3FTUHp5R0dRSkRnYUdNcWtSbU1TNWFkOTYtUEprdExCT2dGUkQ2dk41aVU1alpzYUM4QkpjekF4aEZVdlVyLVVFczJ0Q00?oc=5
2026-02-24	Google	0.0	Tesla’s Robotaxi Business Encounters Safety and Regulatory “Siege” - NAI500		https://news.google.com/rss/articles/CBMinAFBVV95cUxPTXVYRmRmS2JfdUNDazFpQVBPOXFHOWdRbEczMEo3Yi1DX1gtcHVYX1MyS3B4RElVYmNXbkVqS1E4cGN2ajZyeXNSODltSXNWekRvZDBzd1FmQklLSnpabkY0NGFSMUVuQkxVaVBhT2JZY3NMNkhid05mSTBOb21vMllNVHVTZHY2YkxmbUxFb2ZXd09nUV96QkZhYkc?oc=5
2026-02-24	Yahoo	0.0	Tesla’s battle with the California Department of Motor Vehicles isn’t over after all	Tesla has filed a lawsuit against the California DMV in the ongoing battle around Autopilot.	https://finance.yahoo.com/news/tesla-battle-california-department-motor-003612915.html?.tsrc=rss
2026-02-24	Yahoo	0.0	Waymo Expands to 10 Cities. Why Tesla Stock Is Rising.	Waymo is now in Houston, San Antonia, Dallas, and Orlando. That’s 10 cities for Alphabet’s self-driving car company.	https://finance.yahoo.com/m/e5de09b5-e899-325c-8acc-3ea8adbd274b/waymo-expands-to-10-cities..html?.tsrc=rss
2026-02-24	Google	0.0	What's Going On With Ford Motor Stock Tuesday? - Ford Motor (NYSE:F), Tesla (NASDAQ:TSLA) - Benzinga		https://news.google.com/rss/articles/CBMiowFBVV95cUxQZkNaXzVKdkpCQ0VJUGNmcWI2YkRIeDFZWmZlZng0dUxGNXh5RlRpdk5HM3VTQU10dXNiX1Bib0psMkRkNE0yOGhVTWRSd0FMYWk5aVoxY1EyY0l5c0NRY081enZocHYzcjM5Y1pVajJLa19aYzZZRWhURkYwTGtnOGlzN1hSa3NYSTlZRWkwRmVGSDFmempleV9kWjR4bnlhMHBJ?oc=5
2026-02-24	Google	0.0	When (TSLA) Moves Investors should Listen (TSLA:CA) - Stock Traders Daily		https://news.google.com/rss/articles/CBMingFBVV95cUxNQ1VidHV4a0lOaUtlLTludm9Ic0VzYXNHQ2hXdzlxS3ZObmxfcmNMNkdKNzIxX3BjbkcyelVjVGFOYzVIaGJacnhmbE93V2wwa1RlVHJReldQRDZIcmpEbWNoTmV4c0E4Y0hTM1Fra3QtQWN6QkI5UXdGbXA2dWxuc01kTFZ1STVkMUxwZ2VHUWt2QlFKVzJNNlE1MWY2QQ?oc=5
2026-02-24	Google	0.0	Wrapmanager Inc. Reduces Stake in Tesla, Inc. $TSLA - MarketBeat		https://news.google.com/rss/articles/CBMirAFBVV95cUxPYTJyQ2xZWWxLRDV3dzItZUhNUjVVdTBQNmtZcVh0eW9CcFlaOHgwOW1WZlhjVlZ2dzJWRmtwUFd4M2Zvb0J6ZXlTUmFHU0VmODcwSk5jbUVFdFZWZUVGWFhLSmJGdXlEZFlfcE0xMk8wUEoyM3NzT0ZSZnZpZ0NzYVFFOEJ6Z1JybUp3SWIwT3ZkaE43RDNDT1ZzYjRrNC1lbG9ndnZ4YWJZVE5V?oc=5
2026-02-24	Yahoo	-0.033	Why Tesla Stock Could Double as Optimus Reaches Human-Level Proficiency This Year	Tesla is expected to begin production of Optimus Gen 3 later this year.	https://www.fool.com/investing/2026/02/24/why-tesla-stock-could-double-as-optimus-reaches-hu/?.tsrc=rss
2026-02-24	Google	-0.05	Tesla Has a Robotaxi Problem, and That's Bad News for Its Stock - The Motley Fool		https://news.google.com/rss/articles/CBMimAFBVV95cUxPdGo0N20xbDN0bmVHaExyWWl2cnhYczdZazF5cnN4WXEyMVFnYVdVSGtkVXoxOVlfcmxpTEdPWFpQNm5XMmcwZ1A1b0ttaElsX0JvWmpFYUREV2V2dzg4MW0wbV93VkR4bjdzaElPNzVNazBoMFJ0akFWQm9fUmZIR1Zza0hBUEVkOTN1b0NucjNwTVdNa0NLRg?oc=5
2026-02-24	Yahoo	-0.124	Tesla must face lawsuit alleging anti-American bias in hiring, US judge rules	"judge has refused to dismiss a lawsuit accusing Tesla of discriminating against American citizens in hiring so it can pay less ‌to foreign workers, but said he was skeptical that the software engineer who sued ‌would prevail. District Judge Vince Chhabria in San Francisco said in a brief order late Monday that Scott Taub, who filed ​the proposed class action in September, had offered up ""just enough facts"" about Tesla's hiring practices for the case to move forward."	https://finance.yahoo.com/news/tesla-must-face-lawsuit-alleging-163317741.html?.tsrc=rss
2026-02-24	Yahoo	-0.133	Tesla Europe sales tumble 17% in January as China's BYD soars	Tesla's Europe woes are only getting worse, just as Chinese rival BYD's fortunes soar.	https://finance.yahoo.com/news/tesla-europe-sales-tumble-17-in-january-as-chinas-byd-soars-152503422.html?.tsrc=rss
2026-02-24	Google	-0.156	Tesla (NASDAQ:TSLA) Shares Down 2.9% - Here's Why - MarketBeat		https://news.google.com/rss/articles/CBMimwFBVV95cUxPUnEtMTV5OTc0aGFJWWVDMzRpZk1OeUt5cGNJY0NsU2RRRlFmTDVKRlp0bXlGZjNzeTRaX1hMY1l6OG9WVkF6Y1M0dXduNU9IRm1XcWxOSEdYa1c4RWwtS3pQWUpuWWFQX3pkUm1mU1R0bDV4NDNGeFA0ZS1JQTRCVHRENklKZms4V2hUMHVhS0gycEZMZ1hIazc5bw?oc=5
2026-02-24	Google	-0.2	“Wrongfully and Baselessly”: Tesla Stock (NASDAQ:TSLA) Gains as Firm Pursues California - TipRanks		https://news.google.com/rss/articles/CBMisgFBVV95cUxOODBCdEU5cWxnbUtnN2xlNDF1MEZPaDlfdGxabnNoZ3p2SVR4cXBmX1NXSkItNjUteXlrLUpER1hxcFp1Z1JhSGtQb1FFcE14Uk4yNGhiYlR0Tk54RFZFUDh2a2FyVUMyZkJoTUxKUFJlYnlERVpoTGRDTDNjTnV3S0h6Y3dWdEIyZDBFMjFWZlh2Y3Y5WG5wcVA4X0ZYT0VXTWpHcm1pRTBBQVVpUFo1bVFn?oc=5
2026-02-24	Yahoo	-0.25	Tesla Stock: Is TSLA Outperforming the Consumer Discretionary Sector?	While Tesla has outperformed the broader consumer discretionary sector over the past year, analyst sentiment on the stock remains cautious.	https://www.barchart.com/story/news/384692/tesla-stock-is-tsla-outperforming-the-consumer-discretionary-sector?.tsrc=rss
2026-02-24	Yahoo	-0.35	Tesla Has a Robotaxi Problem, and That's Bad News for Its Stock	Investors have been betting big on Tesla's robotaxi ambitions.	https://www.fool.com/investing/2026/02/23/tesla-has-a-robotaxi-problem-and-thats-bad-news-fo/?.tsrc=rss
2026-02-24	Yahoo	-0.4	Tesla Challenges California DMV False Advertising Ruling	Automaker seeks to remove false advertiser label tied to self-driving claims.	https://finance.yahoo.com/news/tesla-challenges-california-dmv-false-202317574.html?.tsrc=rss
2026-02-24	Google	-0.4	Tesla sues California DMV to reverse FSD false advertising ruling (TSLA:NASDAQ) - Seeking Alpha		https://news.google.com/rss/articles/CBMiuwFBVV95cUxPUlhhQU9jMnVGLVZHc2dldE5LeXhVQWlJU1ZHWXJjd1I3ZEFxNExqblBEMXRpTXVrTUJuc016bnZGRnlYZ0hQNVpVQTJkcGo1Qlo0WE94clFRbUlaS3A5WWVBYUk0ZnBucUxGUkZmWG5RTlNQYkJfWlBkQjFBTUg2NEN6NHlsbEdDVTlZTmw2ZVhtazBLWldHbF9VWmpQODVjYjdndFM1TEY2NDRXQzlGMENQNmY5bVBrWEJj?oc=5
2026-02-23	Yahoo	0.5	Uber CEO predicts most rides could be robot operated within 20 years	Uber CEO Dara Khosrowshahi said business leaders must begin to contend with the encroaching AI job displacement wave.	https://finance.yahoo.com/news/uber-ceo-predicts-most-rides-182033636.html?.tsrc=rss
2026-02-23	Yahoo	0.4	Strategy's Bitcoin Accumulation Accelerates: More Upside Ahead?	MSTR's Bitcoin stash hits 717,131 BTC as fresh buys and a $25.3B capital raise fuel aggressive accumulation into 2026.	https://finance.yahoo.com/news/strategys-bitcoin-accumulation-accelerates-more-172900103.html?.tsrc=rss
2026-02-23	Google	0.4	Tesla: The Primary Kinetic Anchor Of The Autonomous World Order (NASDAQ:TSLA) - Seeking Alpha		https://news.google.com/rss/articles/CBMimwFBVV95cUxPSlRJM1dvaWp1QUk5eTNudHQyTjExOExNNGY5ZTRvUVRzaURpQWFPb0oxdFVVUVNzbnB2U083R05FajEzT056SE1neVpaTDRaUnZzYmFBNUxmX3hWQW4zRG1CUE5RblVkX09sT3RudHU0XzlIaGctT2lXeGpNQ01QaGFIRzQwSU5iVjlwb2o0T21yUm85NTgzZUM0UQ?oc=5
2026-02-23	Yahoo	0.4	Uber Unveils Uber Autonomous Solutions	Company pushes deeper into robotaxi infrastructure and AV fleet support.	https://finance.yahoo.com/news/uber-unveils-uber-autonomous-solutions-160422584.html?.tsrc=rss
2026-02-23	Yahoo	0.375	Elon Musk Says 'Probably True' As Host Says Self-Driving Can Drive Affordability In Housing Market	"Tesla Inc. (NASDAQ:TSLA) CEO Elon Musk says that autonomous vehicles could “probably” help drive affordability in the housing market. Bull Case For Self-Driving John Coogan, a host on the podcast TBPN, claimed that the ""biggest bull case for housing"" was..."	https://finance.yahoo.com/news/elon-musk-says-probably-true-193109614.html?.tsrc=rss
2026-02-23	Google	0.214	India's Richest Man, Mukesh Ambani, Is Taking On Elon Musk's Tesla, Mark Zuckerberg's Meta With Budget-Friendly Smart Glasses, Robots - Tesla (NASDAQ:TSLA) - Benzinga		https://news.google.com/rss/articles/CBMiiwJBVV95cUxNT3FUWEdKa3BlNjhvSUE5X25odkp2b3p2bU4wZE44OXNJYXZLX2Z4OGhQbjRpNGxOV28wUE9lNGtrODVHLWpHaEV3ZmxMNXJDNmtfSEhBaFJqeXNxYjY2dnV2emNUWHo3M0Zhd0Z5ZURoSTdxaUhZX3ZUZ09ZRUozVVlWa1ZwUUkyb2JGTzBOc3Vacjl3V0hqbWdOb2FOejZ2dmMwY2JyMTlIOWNrY3c1MEJOZ1hyOVR3NnE1azZyYkVXdjJvZE9nTkI3Y1o1di03MHhwbS1td0tZSHh1SzZnNHF5alVxX0pDY1h1SldlSFRIWW1mb3ROVjQ4NE01bDRBQlQ4VEQyY0xOQlk?oc=5
2026-02-23	Yahoo	0.211	Uber Rolls Out 'Autonomous Solutions' Platform For Robotaxi Makers As AV Competition Heats Up	"Uber stock was slightly lower as the company announced plans for ""Uber Autonomous Solutions."""	https://finance.yahoo.com/m/d5571f76-4b7e-3c00-acba-8ec34bbc664a/uber-rolls-out-%27autonomous.html?.tsrc=rss
2026-02-23	Yahoo	0.191	Stock Market Today, Feb. 23: Nio Jumps on Record Lunar New Year Battery Swaps	Today, Feb. 23, 2026, investors weigh Nio’s record Lunar New Year battery swaps against fresh institutional selling and looming resistance.	https://www.fool.com/coverage/stock-market-today/2026/02/23/stock-market-today-feb-23-nio-jumps-on-record-lunar-new-year-battery-swaps/?.tsrc=rss
2026-02-23	Yahoo	0.164	Elon Musk's Net Worth Is So Large He Could Buy Ford, GM, Rivian And Toyota—And Still Have $141 Billion Left	Tesla Inc (NASDAQ:TSLA) and SpaceX CEO Elon Musk is the world's richest person by a significant margin. While some of the other billionaires have watched their wealth decline in 2026, Musk is gaining. Here's how his net worth stacks up compared to the automotive sector. Elon Musk Net Worth Rises in 2026 The top 10 richest people in the world have lost a combined $45.6 billion in net worth so far in 2026, reflecting declines in technology stocks. Musk has navigated through the trend thanks to the	https://finance.yahoo.com/news/elon-musks-net-worth-large-173109744.html?.tsrc=rss
2026-02-23	Yahoo	0.136	As Tesla Cuts Cybertruck Prices, Should You Buy TSLA Stock?	Tesla has released a new, lower-cost Cybertruck and cut the price of its Cyberbeast model.	https://www.barchart.com/story/news/368297/as-tesla-cuts-cybertruck-prices-should-you-buy-tsla-stock?.tsrc=rss
2026-02-23	Google	0.136	Trajan Wealth LLC Makes New $613,000 Investment in Tesla, Inc. $TSLA - MarketBeat		https://news.google.com/rss/articles/CBMiwgFBVV95cUxNZ1UwaUd4QnBYa1BlZ3lXbExZU0Y0TWpYZEJfNHpmeklTc21hVGNjSzRXRk9HLWdMV3ZtWXBGR1NDNUlEdUx6TkNFT0ZEYXYwdEhSOXQ2VEI3cFctbmdlR0F2NEs2XzlMcUUxV3FkNEM1TDBzaFQ0cUszTmxnUWtjWUhDYmNmS0cxM1drbzhtVVpWa3M5MDBWcnVob1MyQzFMZEVTMWZsR05NdnpyX2JKc2dFdzNIR2hVRzN1SkpPeEhLQQ?oc=5
2026-02-23	Yahoo	0.104	Tesla Stock Drops. The Silver Lining in Slumping EV Sales.	Lower EV pricing is a “major theme” Cantor Fitzgerald analyst Andres Sheppard expects to continue this year.  The silver lining in lower sales for Tesla is a higher market share.  Its January sales only dipped 17%, and its market share reached about 61%, up from 57% in December.	https://finance.yahoo.com/m/b50e24f6-9f85-327f-951a-146e2df42c4f/tesla-stock-drops.-the-silver.html?.tsrc=rss
2026-02-23	Yahoo	0.027	ChargePoint Appoints Jaser Faruq Chief Product and Software Officer	CAMPBELL, Calif., February 23, 2026--ChargePoint (NYSE: CHPT), a global leader in electric vehicle (EV) charging solutions, today announced the appointment of industry veteran Jaser Faruq as Chief Product and Software Officer. In this role, Faruq will lead ChargePoint’s global product management and software development teams, bringing to market revolutionary new hardware and software solutions for the future of eMobility.	https://finance.yahoo.com/news/chargepoint-appoints-jaser-faruq-chief-211500890.html?.tsrc=rss
2026-02-23	Google	0.0	As Tesla Cuts Cybertruck Prices, Should You Buy TSLA Stock? - Barchart.com		https://news.google.com/rss/articles/CBMiogFBVV95cUxNUlRhTnJPUnl5Y1NncnUwUUItS1FWWDhzUFpRM09ocW1TcFNSb2RSSjVLanloZ19DUmRUMmlyWUxzdHlkLWpPei1CN2V6VXlGQnpvdU04UTVDQUxfUTY4dHRoSEN0UEU2alp5bFlpLTNObXNqTGJUUVd4U1VYOVRVeWVYMG5zV3dZZ2kwLUlfNGVWMVQyd0puSjZtR3lMWHlSVXc?oc=5
2026-02-23	Google	0.0	Avalon Trust Co Acquires 2,202 Shares of Tesla, Inc. $TSLA - MarketBeat		https://news.google.com/rss/articles/CBMitgFBVV95cUxOSExuaDY2Y2dISW1GU2Y3cENoQUVpUzFXNnV5YWUxRzN4aWJRaDc2OVdLSHUtQ0R1ZnRhcWpPbk1XcWNyU1hqUDhCVTJ3dG9pcGZjd2U3Rm5lSUxrUmcwMG5PbVVDbzh0WnQwektEM3BMal9TQUpXUnE1UlRFOFQ4S0YyUThFMnhYZkMxeXhkTGZMRWV5MGFXVGZQNXBrZmRBMUprbDM2NE9VbGRrQU1SU3l1d0lpZw?oc=5
2026-02-23	Google	0.0	How Tesla Beat The Market - 24/7 Wall St.		https://news.google.com/rss/articles/CBMiggFBVV95cUxPUDdwOHYzdGFvTEs2SXU1c1pQeFl4R3QtYWpnSVQ3R2ZyWTdaYmdONkVjV1I0OUNQUC1uUWhfc0FaM21EeWRYS0FXYmV2bmM0QmZMaHQ1V1VhWWZlVEhQQVpLcUV2aDByMTFOZkZhZDh6S0hBY0JEUTBKamFrUWs4N193?oc=5
2026-02-23	Google	0.0	O Neil Global Advisors Inc. Has $99.95 Million Stake in Tesla, Inc. $TSLA - MarketBeat		https://news.google.com/rss/articles/CBMixwFBVV95cUxQSHhqb09FdEU3RTZkcFg4YWliZGJTeXZJaG9xZnRDU09vNFU2UlRkYnFGUENiRjhWSGZQdEljWkI5Rm1TSmFKay1SZmx4VFpubG0tSkstT1Vqb0l4eEZlUzBVZ2xzS0JxeDAtaV9FbWdpRHlQUG1sV2JqS0ZZZXRMNnJoYno4bnpUSkhMbmxwNm1rR0kwbWFlSmNMVHZEVHBzUi1uQU9sR1E2WkEtakpZTm1MQjZiVkVXbHZKUDBFRGZGOVp5SzdN?oc=5
2026-02-23	Google	0.0	Private Advisory Group LLC Purchases 1,504 Shares of Tesla, Inc. $TSLA - MarketBeat		https://news.google.com/rss/articles/CBMixgFBVV95cUxPaFRDU1BvUGwwd0gtQW12eVA3amU5d0szOThrd0J2QzZ3N2ZkWGJfSEN1cUdnTFozejV2U0hSZVRRMFlpV2F5d3A3NWs5dEduN1VXV0J0MUJXSVZqbjRCVzZDWDBGU3ZxSWE5bXd0UV9QV2QteVhqZkdwVHRxdjNSQzFDN0xYZG9heDZUVXBBOEN5VFRtRTFxN1V1NTdJMlpRclpIdnI0WXBGZ0F3amtfbFh5ZC1uYk9wNVAtZlhNZVJzRTVfOWc?oc=5
2026-02-23	Google	0.0	Quantum Private Wealth LLC Boosts Stake in Tesla, Inc. $TSLA - MarketBeat		https://news.google.com/rss/articles/CBMiugFBVV95cUxNMXBFUWtXUG1DRGt4YlkycVdMWVhzeEd2czJiSndTcUR4bUdiYXJENXhka1oxMVctQ3p0STYtV0ZVcUdtZjEyOFRMYTZTZ2lsRWRIdmRnZC1PWmhYdWlwZEhNTHplbDh5V2hsN1drSmx5WDZXSVR6UDVoNjNkUHFYQ1JOc0VaUUlkU0o4U0s5bFVQVUdUVWt3QTlHeE9jTkY2ZHhhVmhjWDlkRHdMeGpMeHhtanNYdHRrRkE?oc=5
2026-02-23	Yahoo	0.0	Stream Realty Partners Announces Sale of Empire West, Buildings 9 and 10, in Houston's West Submarket	Stream Realty Partners, a national commercial real estate firm offering an integrated platform of services, announces the sale of Buildings 9 and 10 at Empire West, a premier Class A industrial development located at 100 Empire Boulevard in Brookshire, Texas. The two buildings, totaling 1,655,523 square feet, are 100% leased to Tesla under long-term, investment-grade tenancy and were acquired by BGO, on behalf of an institutional investor.	https://finance.yahoo.com/news/stream-realty-partners-announces-sale-152200926.html?.tsrc=rss
2026-02-23	Google	0.0	TSLA Stock Quote Price and Forecast - CNN		https://news.google.com/rss/articles/CBMiUEFVX3lxTE9qejEtbzhHOHJnMXJRWUVEbUxyUFF0RnJuNEtEN0U4Mk4wTlIycHNTejNyYTJYQlRDMFRCMllMcGJtNV81S0RNME9IZFBSZkRJ?oc=5
2026-02-23	Google	0.0	Tesla Stock (NASDAQ:TSLA) Plunges With FSD Data Issues - TipRanks		https://news.google.com/rss/articles/CBMiiAFBVV95cUxObENBamtLckk4aHpDNmV4MEZCdGpsMVQwN19zWEpNVkF3YTdyQzhGckN4Q1prTy0tYnZGUDdCY2hjN2RoaDBFdXZ1SFBwM0FaUkdXT2dfMkVCVF9UNHQxVFpNem5ISlVsWC03Tm5mbnM4Q21WbkV6elVmaW9TamVJVEViT01tclNx?oc=5
2026-02-23	Google	0.0	Tesla Stock (TSLA) Opinions on Model Y Six-Seater Approval in Australia - Quiver Quantitative		https://news.google.com/rss/articles/CBMirAFBVV95cUxPdW1DNGswQmRidEU4Zmw5OWdSMkdMZndVejcyWVItMnZlTXhUcy1xc01aczBOeE1lY2NRZFZlaXphbUZHWWdOUzktTk92VGJuWEZ0Yi1zSjNWYVZhenR5eExGMlhkZlQ0SmdocVIxaFloSlMzV0l3b185NF9pcDVlaUpNd05STzRzMlBvM0xINzBkeWpTanpYYUUtcEN3VDQ3V2g5Rm9EVzN0Ul9r?oc=5
2026-02-23	Google	0.0	Tesla Stock Is Taking A Dip: What's Happening? - Benzinga		https://news.google.com/rss/articles/CBMipwFBVV95cUxPT01COHBtcXJUTTYtc2Z4c1VIYVZSdERSSW9iZ3pMSXBUZWhYSnVRalUxVUxqNHpkb0NJRkRsdGNEWEVCTlRCalk3NmVFUjFvNjN6U0owV2JlaDc3alZaUm8zdDEyTHl5blBmb1Q3UVhoSTFGcFczSlpObGc0NmlaRUhxVHZFdlFmRzhySzFucEp5UXZqdkdycEZiOUVzWnpjZDJNTklOVQ?oc=5
2026-02-23	Yahoo	0.0	Tesla Stock Slides Amid Trump Tariff Shock and Self-Driving Debate	Musk's Autonomy Ambitions Face Scrutiny as Level 3 Debate Heats Up	https://finance.yahoo.com/news/tesla-stock-slides-amid-trump-160059255.html?.tsrc=rss
2026-02-23	Google	0.0	Tesla, Inc. $TSLA Shares Sold by Legacy Financial Advisors Inc. - MarketBeat		https://news.google.com/rss/articles/CBMivAFBVV95cUxOei1fRGxieTA3dXMwRl9TRHRTMDBRUWFUTlVxWGJadnBManZjUEdmM3lVMW1tY2Z3WkJ0aU4zYVhVQmpXVThjQ3pqM1cyVDF3MnI3b3lUakZLbjJ1NHFOS295aTFwaTgzbnE2d05CNVJEeFNRSTFLTnVvUDJpR3lXSms0d0hibVpXc3BVSEFsU2MxcEp5WEhsQUY5ZWdIdFhjRXk2QjNQRmQ5ZkVkTHR3RTAwRXpmeVJfSEZDSg?oc=5
2026-02-23	Google	0.0	Tesla, Inc. (NQ: TSLA - FinancialContent		https://news.google.com/rss/articles/CBMidEFVX3lxTE9IRXVtNXFTRzFnTFJzUTZkX0JfUl9HUWZ6OVFBTDFFbjBNaTF6N2NSMURzc0VJaHdZbHdnTC0zaldWSjlvRjJuMUJXeEZDMVZmUzNxZWdHcVh4S1Z3WG5zWVpXS1d2U3Z5WTd2MnpGN21UYmZZ?oc=5
2026-02-23	Google	0.0	Tesla: Bears Fade, Narrative Doesn’t (NASDAQ:TSLA) - Seeking Alpha		https://news.google.com/rss/articles/CBMif0FVX3lxTE5qaER3VnJkM19JVkFERnBVa19RdXlLM1lIS3lnR2xmUVJ4X2UzMGFULUpPczU5SGFzcmJIaFhLd0k0Qi1mRnRtTFg3X2tEWTROeVJtc0hCbkptd2VHb3dfR3gyVzdNdnpjQUdhUVQ1NFRFeHlRRWlEQjRORHhMMXM?oc=5
2026-02-23	Google	0.0	Tesla’s Growth Story Now Depends On Execution, Not Hype (NASDAQ:TSLA) - Seeking Alpha		https://news.google.com/rss/articles/CBMimAFBVV95cUxOd0ljbVp5clh5ZGZBY2dBUnNDLXViSk81YTJNb1VTMUFNclNkRmJEbVVaRDY4YU5qcVFrRkJDWVNMNkdTS3pxS29yaHRoQzFUMXcyai1JSFFaWHNkVE9jZ25ZRm90LV9IRmI2X2xJemwzVi1EOXU3RzJlQllwdnhCRHVNTDdjaF9nMUFrTEdQMC1NVWpWa2ItWA?oc=5
2026-02-23	Google	0.0	X Square Capital LLC Sells 2,005 Shares of Tesla, Inc. $TSLA - MarketBeat		https://news.google.com/rss/articles/CBMiuAFBVV95cUxPNW41OTk3dWp5Uk1NbDgyOEdldERVOXRGYlcxTmhPY0hiWjhVT3JjdjV0ckttcENIWDg0R29POUU3ZU5JRTlINEoyVE5aYjVBLWZ1U2lRMG5pUW5QQ1VBUUpKb0x2OGJXWHZMOHdqQks4RGFPTmdIVGpCNllUcDVEbGRyMXNOdVFMcjg4SXEtcGFHSGItZ19ydlQxWVpCQ1pDaWVVcW9qUEtTODBaYTQ3alVMYVYtNU1v?oc=5
2026-02-23	Yahoo	-0.005	Tesla Unveils New Affordable Cybertruck Trim, But Gary Black Says TSLA 'Unlikely' To Sell More Than 25K Units: 'Hard To See What Will Change…'	Tesla Inc. (NASDAQ:TSLA) has unveiled a new affordable trim level of the Cybertruck, but investor Gary Black of the Future Fund LLC thinks the move wouldn't translate to a major sales boost for the automaker. Tesla Reveals New Cybertruck Trim, Sunsets Luxe Package Tesla's official website on Thursday showed an all-new Dual Motor All-Wheel Drive trim retailing for $59,990. It features a 325-mile range but offers a reduced towing capacity of 7,500 lbs, unlike the Premium All-Wheel Drive trim, whic	https://finance.yahoo.com/news/tesla-unveils-affordable-cybertruck-trim-213107932.html?.tsrc=rss
2026-02-23	Google	-0.05	Tesla Pivot To Robotics And Autonomy Reshapes Long Term Investment Case - simplywall.st		https://news.google.com/rss/articles/CBMixgFBVV95cUxNcjNfdWwtTk13NVlqblEzRXAycGQ4WDg5czltbHFKZk5JNXBPX19KdGZTX2o0TndkUDFqUGJpbXR6VU5KQ2sxcnVEVW5fcHdfMDlvaTR2T2ctakUtc2FMMThVUXZxek9iR2Y4NE5uSFlFVmJ2UXFEaUJlVWV1akNVbFVtcTNxUUFkdjFNT2stMlJGaHl2WV9Ha1ZndTV2WXZacTQxRUFpZGdPOUpSb1FfY1Rwenpfd3EwQ1l3WFBxRjNZTDZwUXfSAcsBQVVfeXFMT180ZXVHTk1xTFBDaXYteG16SjZFRW41cTZPNktWOEdXSUtFQXN6R2RpZzQzN3RWWUY1VFVJT19vNnotcUlmTlQ3MUhoT0piM3REQmkyRmRtdlQ1OEJRWUF5YVo2LTlvWkF2QUtIZ0pzalFPcDRKTkRrU0o0TTRyTTVnLU04aEN5VnR4WHIzQXd1ZlBfdmUwcjBreXJqUXpUWVRVQ3dabFV0MGV2c29zSHJPa3hDX0JQQUNiWndPM1RscFBUcTNjQlZhSmM?oc=5
2026-02-23	Google	-0.156	$TSLA stock is down 5% today. Here's what we see in our data. - Quiver Quantitative		https://news.google.com/rss/articles/CBMiogFBVV95cUxPTzJpNTBHM2o0a1lsa01LUHlITkhNZEpxTW1vRWZrUkpPN2FENUJPOTJlbDNKQVBCcTdJYkM4MnQtVjFjUWRpcGo0cUNtbDM0NVpfZnlpTnNiNm85N1RNNmtQRWhIRk8ybUtmTGktMGstMmV3N09DOGs3eU15ekp4Y21GaGtEbVQ3a2JNbmNkUWY1WGI3UjN3Wk1CVTE2SjNkakE?oc=5
2026-02-23	Google	-0.156	Why Tesla stock is down over 2% on Monday - TradingView		https://news.google.com/rss/articles/CBMingFBVV95cUxPWGwyRm5GX2FJVnRyOXJPX2RHTndpTjBFZnVEbmJYOVJhY08yVE82dmNNd0s4bnZ1T3lfVzdtTVFNQ3QtN3FyRjNmWWNMREVQaFQ2VExoaUR6Z3VaV3VGSGdiTUx3NHJsRWVfQzA4UVFVYUhIdGdLODJfRDZrUk5keHFoR0FEYjFhX1BHQTFRTUk4cEhJeW85eWh1RURNQQ?oc=5
2026-02-22	Yahoo	0.643	"The Cheapest ""Magnificent Seven"" Stock Is a Screaming Buy Right Now"	Meta Platforms trades at a discount to the S&amp;P 500.	https://www.fool.com/investing/2026/02/21/the-cheapest-magnificent-seven-stock-is-a-screamin/?.tsrc=rss
2026-02-22	Yahoo	0.55	‘Money's moving out of tech’: Wall Street weighs stock market winners amid the AI scare trade	Investors are rotating out of the most popular tech stocks. Here's where they are finding gains.	https://finance.yahoo.com/news/moneys-moving-out-of-tech-wall-street-weighs-stock-market-winners-amid-the-ai-scare-trade-160024597.html?.tsrc=rss
2026-02-22	Yahoo	0.379	Mixed Analyst Sentiment on Tesla (TSLA) Post 5 New Collisions in the “Robotaxi” Fleet	Tesla, Inc. (NASDAQ:TSLA) is one of the 10 Best Stocks to Buy in 2026 According to Reddit. As per CNN, 42% of 54 analysts covering Tesla, Inc. (NASDAQ:TSLA) assigned a Buy rating, with a consensus 1-year median price target of $480 as of February 19, 2026, implying a 17% upside. However, Gordon Johnson from GLJ […]	https://finance.yahoo.com/news/mixed-analyst-sentiment-tesla-tsla-152446849.html?.tsrc=rss
2026-02-22	Yahoo	0.197	Ross Gerber Says 'Things Don't Seem To Be Improving' Amid Robotaxi Crashes, Says Tesla May Need To Make 'Hardware Adjustments'	"Investor Ross Gerber, co-founder of investment firm Gerber Kawasaki, thinks that Tesla Inc. (NASDAQ:TSLA) could incorporate hardware changes to improve its vision-based Full Self-Driving (FSD) technology, as the company reported 5 additional crashes of its Robotaxis in Austin last month. FSD Not Improving In a post on the social media platform X on Tuesday, the investor shared that Tesla's FSD wasn't getting better. ""Things don’t seem to be improving,"" Gerber said in the post, adding that many w"	https://finance.yahoo.com/news/ross-gerber-says-things-dont-123108691.html?.tsrc=rss
2026-02-22	Yahoo	0.062	Buy the Dip: Meet the Supercharged Automotive Stock That Can Beat the S&P 500 Over the Next 5 Years (Hint: It's Not Tesla or Ford)	Shares of this European supercar brand have risen more than tenfold in the past decade.	https://www.fool.com/investing/2026/02/22/buy-the-dip-supercharged-stock-tesla-ford-sp500/?.tsrc=rss
2026-02-22	Yahoo	0.02	Wall Street’s Latest Bet Is on ‘HALO’ Companies With AI Immunity	After a three-year love affair with anything related to artificial intelligence, U.S. investors are flocking to the factory owners, fast-food restaurants and commodity companies that have seemingly strong odds of surviving the technological revolution intact.  The winners include  McDonald’s Exxon Mobil  and tractor maker  Deere  Left behind are the perceived potential victims of the AI revolution, a list that has ranged from wealth managers to software firms.  In the past month, the S&amp;P 500	https://finance.yahoo.com/m/9f1971f2-c0c6-3364-9432-b31cd2c830f3/wall-street%E2%80%99s-latest-bet-is.html?.tsrc=rss
2026-02-22	Google	0.0	2 Overvalued Tech Stocks Boomers Are Still Buying - The Globe and Mail		https://news.google.com/rss/articles/CBMizgFBVV95cUxPa01LQkpUbkRrYmpRSVhSRk8zUUNQbFBPVWFnaVJpcWJveXVBcGo3VHcwbFVVSUZpRkJXQU9rNjk5a01ZY0IySzMwUEhldTFsWDlUMnNrQWdvdWswVFk4SFJkNTFQRlhaTXVBSWRDY092cWR4RVF6SGVrT3hPMFM1ckRsWFV1SDVZY00zbzB3V2lkLThMRzJueFJxb0Y3NXdNR0ZVQ0tULXdnTWlHU09qckptdGo1SVdDLXVjSXNhYUlrV3ZFQ0JGa3d1Y2l4UQ?oc=5
2026-02-22	Google	0.0	Bowen Hanes & Co. Inc. Sells 130,085 Shares of Tesla, Inc. $TSLA - MarketBeat		https://news.google.com/rss/articles/CBMiuAFBVV95cUxPNVhpUEZqUGt1RVhURzhJTXJ0cWQyaEt2V0wzMEctSVZIRXVHRDlMM2RTRC1JRlk4aE9yZGQzQ3Yyc1RHMHEwTE80NEFCajZYNVhHS1F0M1ZpcDdoNUJIOWR0LU9scGEwMzV1QXpvOFdXUm5qMlNhUW5YaG9NSG5qOFo4NjJzTnRsMkFSbmJHUzFpa29qQ2Rkb0FqSFhXakdybnc2U0dxTU9GcTdpcVJoblhHWldLVmc3?oc=5
2026-02-22	Google	0.0	Hillsdale Investment Management Inc. Sells 2,270 Shares of Tesla, Inc. $TSLA - MarketBeat		https://news.google.com/rss/articles/CBMizAFBVV95cUxQNzhDa21naHgwVmhVREJUVU4tNjkybUU2aGpyeDFRWWxLZ1JxOWxBRUtGa2N4NmtMMk9UaER3bnFxMndQc1VOcFg1NllfZFZVODJoVVRBand4NlJ2MHRxOXhJTnVuNk92MGw3cFlmb1pzQlJqLU9wWW4yS05WWVB2RkJKZHJZa2lMY081cFNCay1ubDVMUGZyMk5YbzJFREVxNE9rajNjNW51dEJEclBndnhRUHVKTmhaeVlkRS1oakFsY1hQX2hIdkc4TWQ?oc=5
2026-02-22	Google	0.0	Lion Street Advisors LLC Sells 1,447 Shares of Tesla, Inc. $TSLA - MarketBeat		https://news.google.com/rss/articles/CBMivgFBVV95cUxOQ2tYcUlTelFjNjNBb2VFTmNDbTZBdXNoOG1lbGg5X3lxYmRZLXhrLVBZV0w5MmwzbmRNOU5UOWZyVDBxM19mX2RXQkYydkFacFpDdjNmVnozdUwtNFk5Q3ZHNmZpaEtVc2hMVXV0QzlrbW0tb0dZTHJjOThNd0dTLXdnNjh2WVdMRUlwRVZVOXdIZlBZOFpyUVh2Um5JR2RRUUw4YkhXTG9CeWcyMVFzVVB0clhPUlZ3UlZhUGVR?oc=5
2026-02-22	Google	0.0	Princeton Capital Management LLC Buys 1,863 Shares of Tesla, Inc. $TSLA - MarketBeat		https://news.google.com/rss/articles/CBMixwFBVV95cUxQTUU0VmpmLXFHR0gtU0diVHNvUWRNWlhyZ0hJVjBFVndmS2t4d3hYMnBhT1pvclRBY0o1d0ZvLW9GWU1Fa0lSTTNoNEJNNjNZRndVSnV5MmlLTVBxWTZja0dYYVpzZEh3OUkxOEVqdjdFaHpseWRuUW8wbGMzakdzdXhEbHZfenZCVUJBQ2VCMlVEbTlyNWJocVdVY0dFUk5HcXpjb0FEak1IVW1kbHcwTTJmRjBfYTlPUFQyWmhubVY1OTFDZDZF?oc=5
2026-02-22	Google	0.0	Tesla, Inc. $TSLA Shares Acquired by Kovitz Investment Group Partners LLC - MarketBeat		https://news.google.com/rss/articles/CBMiywFBVV95cUxOZ0tFOWgxM2V6Rzh3eHJPdDdwNDN2N1BwbWwyVW5Wb2t1YWg4LTlQblVPX1VCaE5wdWNSb192MlhTVEwtckhxZTl3M2MxN0hiaU9UTkk3N3dFZTMwdUh4Nng0R095WHllNUt1NXFVOU1KN0ZBMUhyb2Etc0FKYkE0UUpuQlJ2WEpQZE1VVXg3aTRLbEJDa1FJei0xR0dfemJmLW9SNFdvOElTQ05jSGRfdTF5TlR4eEVmTEgyMlpNeVZQajVHU081X0lCMA?oc=5
2026-02-22	Google	0.0	Tesla, Inc. $TSLA Shares Bought by Lansforsakringar Fondforvaltning AB publ - MarketBeat		https://news.google.com/rss/articles/CBMizgFBVV95cUxOQmUyTmtROWR4VGpfd2dqWjBIZGxVQjhFWkMxeXhNdGJSQkhRT2F0ZkkxVG9pcXFwaUZKR2QzZS1aVW56clN6YmMtQXBURmJYYlVQUWR6Zy0zX3ptU0FXMXRWaG9QZ08zOWduWl9wdHRnUGI5eUxUOTh6VWpCY09XakpGQ1FXeDd4NWN4RXpha3BrNW04ZGpxSVFITUY2NEI2UEMtV0twSk5qTHdOYV8wVGJqYVpuQXE2OGRGYldFa1FQaUtZOEEzd1k2OFczZw?oc=5
2026-02-22	Google	0.0	Tesla, Inc. $TSLA Shares Purchased by Alliance Wealth Advisors LLC UT - MarketBeat		https://news.google.com/rss/articles/CBMixgFBVV95cUxQeFhGT0gydTJaSmJXNE1Ca3EzOENrT1YtYjlCcUJQR3pvR2NWanYzSGI5VFUwMTlrLUpuNG5uSWhJU09JRmFPSmRwbWo1R0tYbkdOdFJnTVlfYXY0WVhmWk9nS1ozTE1LOWNiX2tmR0lHV2NZNXk3eHZaTnV3d21adkhZZGdySkllQm1NNnBGem5KNWZLQzFMLVlUZTV1UEQ4STVRcHhXOEZhREo3NXF1UXZSOTBWMTBMVE8xLXh5X1lWLU91cmc?oc=5
2026-02-22	Google	0.0	Tesla, Inc. $TSLA Shares Sold by Sigma Planning Corp - MarketBeat		https://news.google.com/rss/articles/CBMirwFBVV95cUxNa2dUNy13dmFOcGJWTFF6akhZMFRnSjR1c25HVXY3Tm9TTVROQlJ0UVVkUl96LW9pVHVrNFlxdWVmVzFCQWdnNzVDYkdxWG9Xb0N3c3gwbGRiUFVoRlQ1Q0JTRGUydmlEYnZ3eXc2LW9KM1ZNaktuSXRhTXQ1eUVhZC1nd3VXWjhXWXMtcXlSTUF1Rm4yUWpTZV9Jc2ZsTU43MEVkVnlvMklQcE5RSkN3?oc=5
2026-02-22	Google	0.0	Tesla: As institutional investors sell stock, retail investors pile in - Yahoo Finance		https://news.google.com/rss/articles/CBMitAFBVV95cUxOUldiLWlNSWFYenprNWl4NW5BWE9lUkJidXpYMGFJRlJXbExOS0t5X3JfZW9Ma3hFdDlybzJHa0ltRzh6LWNZYWM1bkVxdkplenFOaUJQc2lMcE90aTIwa0llOU9IV05uTlFwV3ZMbWpvbUJuTnE3UUlOb2djZk14aFo4Snl0VGhzc09fcG5tWEVNZDdGcW15SlVrMHJmanp1WE1FWWxES2lMSXdmT3I1dFdWRXE?oc=5
2026-02-22	Google	0.0	Vestmark Advisory Solutions Inc. Has $36.02 Million Stock Position in Tesla, Inc. $TSLA - MarketBeat		https://news.google.com/rss/articles/CBMi2gFBVV95cUxOMng5R3lLQ0RRYlFYMmZ3RlZQWnlYNHQzWkliZmdmeXhOdzMzMlpZZDNWa2hNY1RIT2twVmV6LURROFktSlo0QkVuZ2ktbmdsTkl6aDNWRzluVy1RS2NvZFR4V0hWU1liRVRSMEJBVDhQY04wVDNWZUkyV1dkWXpXSzJNLUQ2NkZ0WG8wcElFN0dHNUFndVJnOGF1R19TaDNfX0JoaHppSW9YR1dYT1BycEJzMHdienU4T0wzYlhDMmRrVG54dVFUemM4aGlXUHB1dVNGcTZtXzRRdw?oc=5
2026-02-22	Yahoo	-0.046	No, Tesla Isn't Moving Away From the EV Market; in Fact, it's Accelerating Hard Toward it	Tesla isn't so much reacting to events in the electric vehicle (EV) market as it is leading them.	https://www.fool.com/investing/2026/02/22/no-tesla-isnt-moving-away-from-the-ev-market-in-fa/?.tsrc=rss
2026-02-22	Yahoo	-0.075	2 Overvalued Tech Stocks Boomers Are Still Buying	These overvalued tech stocks have attracted many baby boomer investors who may be in for an unpleasant surprise.	https://www.fool.com/investing/2026/02/22/2-overvalued-tech-stocks-boomers-are-still-buying/?.tsrc=rss
2026-02-22	Yahoo	-0.1	Uber's CEO Just Delivered Disappointing News for Tesla Stock Investors	It's time for investors to think about the progression of autonomous vehicle technology.	https://www.fool.com/investing/2026/02/22/uber-ceo-disappointing-news-tesla-stock-investors/?.tsrc=rss
2026-02-22	Google	-0.6	Uber's CEO Just Delivered Disappointing News for Tesla Stock Investors - The Globe and Mail		https://news.google.com/rss/articles/CBMi6AFBVV95cUxOZlNkMnprTU1YRGp1bUZXYlBLTXRCWTFiaXRZc2hVNzEzQkk4TWFYd3RONzRWcG91eFhvNHhWcXdjM0xmb2VNY2pWQURMMW1lUzh1ajRMU0dpdTU0UTNTTld4UkRwMmxnWkhyellWOVZiTFoweksxN1lOY0tTeFBBclppb1BVLVROQWt1dm5zTFdqcF9YbzV3TlUtWnZ2cGpOOERfemRkNXE3eE5qZ2xMNG9XS01rOW5RTEx6U09uWkJWWHVrMFNJTHprSmNVM0pSWUdrUG9uUnJwQUNwT00yQjcyUkVRT0ox?oc=5
2026-02-21	Yahoo	0.5	Elon Musk's Tesla Wins FCC Waiver To Enable Wireless Charging For Cybercab	"The Federal Communications Commission (FCC) has granted Elon Musk-led Tesla Inc. (NASDAQ:TSLA) a waiver to use Ultra Wideband (UWB) technology to offer wireless EV charging on the upcoming Cybercab. Wireless Charging On Tesla? In an official filing on Wednesday, the agency said that it was granting the automaker a waiver of sections 15.519(a) and 15.519(a)(2) of the agency's guidelines on UWB devices. ""We find there is good cause to grant Tesla's request,"" the agency said in the filing. Section"	https://finance.yahoo.com/news/elon-musks-tesla-wins-fcc-033104417.html?.tsrc=rss
2026-02-21	Yahoo	0.45	3 Brilliant Growth Stock ETFs to Buy Now and Hold for the Long Term	Growth stock ETFs offer a catch-all way to buy the dip in top stocks.	https://www.fool.com/investing/2026/02/21/buy-growth-stock-etf-long-term/?.tsrc=rss
2026-02-21	Yahoo	0.293	EVgo (EVGO) Builds Momentum in Clean Transportation Solutions	EVgo Inc. (NASDAQ:EVGO) is one of the best alternative energy stocks to invest in according to analysts. On January 27, EVgo Inc. (NASDAQ:EVGO) said it plans to roll out North American Charging Standard, or NACS, connectors across its network. Also known as SAE J3400, the connector type was originally developed by Tesla and has since […]	https://finance.yahoo.com/news/evgo-evgo-builds-momentum-clean-111941599.html?.tsrc=rss
2026-02-21	Yahoo	0.25	Here's Why Tesla Is Discontinuing the Model S and Model X	The recent developments are more part of an evolutionary strategy rather than a reaction to events.	https://www.fool.com/investing/2026/02/21/heres-why-tesla-is-discontinuing-the-model-s-and-m/?.tsrc=rss
2026-02-21	Yahoo	0.175	I Bought Tesla Stock at $17 in 2010 — Here’s How Much I’m Worth Now	An early Tesla investor shares how buying TSLA stock in 2010 at $17 turned into massive gains and what that investment is worth today.	https://finance.yahoo.com/news/bought-tesla-stock-17-2010-195826521.html?.tsrc=rss
2026-02-21	Yahoo	0.167	Musk Issues Rare Direct Appeal To South Korean Talent As Tesla Pivots to In-House AI Silicon	Tesla Inc (NASDAQ:TSLA) is ramping up efforts to strengthen its in-house AI chip design capabilities as part of its push to scale autonomous driving and robotics technology. Tesla’s Expansion into AI Chip Design Tesla has launched a recruiting campaign in South Korea, focusing on AI chip design engineering roles. Elon Musk highlighted a Tesla Korea listing for the position on social media, signaling the company’s drive to deepen its expertise in AI-focused chip design, the Chosun Daily reported	https://finance.yahoo.com/news/musk-issues-rare-direct-appeal-153042933.html?.tsrc=rss
2026-02-21	Yahoo	0.148	Short Seller Jim Chanos Calls Elon Musk's Orbital Datacenter Goals 'AI Snake Oil' — Says Need To See 'Actual' Savings	"Short seller James Chanos has criticized the tech industry's push towards developing orbital datacenters, outlining that space-based datacenters would cost more. “AI Snake Oil” In a post on the social media platform X on Wednesday, Chanos quoted a video that talked about Tesla Inc. (NASDAQ:TSLA) and SpaceX CEO Elon Musk's vision to put datacenters in orbit following xAI's merger into SpaceX. ""This is more AI Snake Oil from the Silicon Valley promoter class,"" he said. Chanos added that the annual"	https://finance.yahoo.com/news/short-seller-jim-chanos-calls-013115967.html?.tsrc=rss
2026-02-21	Yahoo	0.138	Cybertruck fans have 10 days to take advantage of Tesla's desperation	"Despite its many critics, CEO Elon Musk calls the Cybertruck the ""best vehicle Tesla has ever made."" On Thursday, Feb. 19, he took the drastic measure of slashing the price of the expensive electric pickup, at least for a limited time. Tesla as a whole has been having demand issues for a while, as ..."	https://www.thestreet.com/automotive/cybertruck-fans-have-10-days-to-take-advantage-of-teslas-desperation?.tsrc=rss
2026-02-21	Google	0.136	Siligmueller & Norvid Wealth Advisors LLC Makes New $690,000 Investment in Tesla, Inc. $TSLA - MarketBeat		https://news.google.com/rss/articles/CBMi3wFBVV95cUxPbUVsX2Q4OUE0RFZwSF9ZSXpuUWd3azVfMGQ4TmprS0N4cjhyQXFoNG5QSnNLY3VZZGMzaGdxWVBZTlVRUE1ndXJFQ3JrOXRHYlBaR29sVk1LVksxajJlZG1qOGpSU3Vickl0VWFWOFZKV1VpTjViNnZUNzZkcEY0bUFDOGJzeWNadlpObGpJWFJNSW9MeWNYemQ2UFZOWTFJOExrSDdYc3JBYkFNVVpjMjlvY1RtalR3V2NISzVsb3k5aElGSE92eFRKSEx3M2VENm8tV3FUaVgtc1BOUzFF?oc=5
2026-02-21	Yahoo	0.103	Tesla Reveals Supervised FSD Has Driven Over 8.2 Billion Miles, Touts '7x' Fewer Major Collisions — Elon Musk Says 'Lot Of Miles'	"Tesla Inc. (NASDAQ:TSLA) has published new safety data for its Full Self-Driving technology, sharing that the system has driven over 8.2 billion miles so far. 7X Fewer Major Accidents The data, released on Tesla's official website on Wednesday, showcased that the Supervised FSD had driven over 8.2 billion miles, with over 3 billion of these miles driven in city driving conditions. The automaker stated that its FSD system has caused ""7X"" fewer major and minor collisions, as well as ""5X"" fewer off"	https://finance.yahoo.com/news/tesla-reveals-supervised-fsd-driven-003105716.html?.tsrc=rss
2026-02-21	Google	0.067	Tesla, Inc. $TSLA Shares Sold by Empirical Financial Services LLC d.b.a. Empirical Wealth Management - MarketBeat		https://news.google.com/rss/articles/CBMi6wFBVV95cUxPRDJlVzk1eUc3S0ZtdUR0VFluVmdZS1ZwSkZ6NjFTYUYyaDhwejRaSkJZZDMyOWdCODV5R1BGbW9DTzI0WTR3UWI4OV8yTnhHWGZXTHlOR2hxdTdDR1pmVV83Y29NeV9xQm9kWGVxaDNkQnBSVHl4MGprTjFxdHFZZ3U5cTB0OE81NGh0a3N2ZkdZa1BYVWMwazVkaUR0TWVPeGJoRGxhS05vbHp2UFhocWJIN3k4QTRURDFOLWhIaEFFNEY2YmRnSmJkUlV5TjNlaF9MR00zNkcyeXd1MWJBR280ZFFsR0VvN1Zr?oc=5
2026-02-21	Google	0.0	(TSLA) Strategic Equity Report (TSLA:CA) - Stock Traders Daily		https://news.google.com/rss/articles/CBMijwFBVV95cUxOMDZJN2hJVUdVMHhfOUNPSlF0MVZzMlJrOGhxcTVpYU1rblJabi04d0cyZWVic0hZM1FSMjdORkpMOEtKcHllN1RHQ2daV2dpR1lGTWhSenZ5NUZaRmp4bE00cUNDQmxkdjRpTkEtdVpfTUxhLUFSN0pHcmdtelQxeGNRWU1lTHAtZG5CcTI2Yw?oc=5
2026-02-21	Google	0.0	Convergence Financial LLC Raises Stake in Tesla, Inc. $TSLA - MarketBeat		https://news.google.com/rss/articles/CBMiuAFBVV95cUxPSDdmSVJYSXRfdTV3VnRaYmdZUzJEN05QcmtxMDduX3c5a2ZnVFplSU0wVVZndkxUcTFGd3hOcWhLbGp5bTRyLUJIb3gyQ3VWZWw1c0pvSTZfNXRXR09HdlRIMXV1b1l3ZU1lREpMMWFOOGk3X2RnWUVORVY3RVNyNGhjbVBJM21Ic05Rc096X1dPX2NtaWEyZEJDblhIUnhISVVfZ2JaTzlncFc5bE9adkhmb1ZZVTQy?oc=5
2026-02-21	Google	0.0	Mitsubishi UFJ Asset Management UK Ltd. Sells 3,100 Shares of Tesla, Inc. $TSLA - MarketBeat		https://news.google.com/rss/articles/CBMi0AFBVV95cUxQSEE3SnZaczJQOGtzMENqMmtxNzJvVjVkamNCNFd6UTNPWnRrenltTEt3dV9CaEJMc29FempPajFuenBoTmRiM2RWUm1TeVVvYmdKVkZhaWF4Q2p4LWN3Mmx5VFUweU4wbHAwZEhOb3I4a1haM2g0ZHplbVdkMmxITVBacjdBQVdLUkZSWG5ZMGo2YmdQbDUxQS04aUJGTHoxUlNXelZPMWc3MHZCdlFUZkdMU2hrYVoxTEt2QjBnd0VIQ1FnYUc5b1VKT2RyV2dO?oc=5
2026-02-21	Yahoo	0.0	One Analyst Thinks Tesla's Robotaxi Revenue Could Soar to $250 Billion by 2035. But Here Are 3 Things Investors Need to Know.	Emmanuel Rosner of Wolfe Research just made a bullish call on Tesla's Robotaxi business.	https://www.fool.com/investing/2026/02/21/one-analyst-thinks-teslas-robotaxi-revenue-could-s/?.tsrc=rss
2026-02-21	Google	0.0	TSLA Stock Today: February 21 – Maye Musk Defense, xAI Lawsuit Heat - Meyka		https://news.google.com/rss/articles/CBMilwFBVV95cUxPT3FMOHJJMEo5c093THQwSWNRbm93ZzNRd21iZXBVLU9nUDFvUDRFM0hNZ1NLTE5LQkRLSVBKZFZ0LXJweEVRQkVXOUlXTWJWUUNYOEtwSDk5TTN3YmtoY3dwV0Y5eUdvQU1MNVVodjhobjNjUHpWTUVVMUFfazBBdnBhUTk0YTVCV3R5cjByTmlSLTVZX1JJ?oc=5
2026-02-21	Google	0.0	Tesla Inc (TSLA) Stock Price, Quote, News & History - Benzinga		https://news.google.com/rss/articles/CBMiS0FVX3lxTFB6dkpQaV82YW5nbS10bGtGVzVzb3JseXBOTzZUb3VwdEtjQy1idVV1WU9iVV9TeFF3aXNHeXFKYW9UdW93ZDM3TmY1OA?oc=5
2026-02-21	Google	0.0	Tesla, Inc. $TSLA Holdings Raised by Stevens Capital Management LP - MarketBeat		https://news.google.com/rss/articles/CBMiwgFBVV95cUxOVWN3Wmpac2QtNS1YeFFDQmJ0OWdkbHZTMkJtbV9uUElUSU5LdXkxNTl1TmU5QWp0Z1NzdW5fU2M2UDdySWYzem9SRTRuR3hfcDVYLTlJb1pwaTVlM05VSXlqLVowVkRWUFJfeVlIYllGbXRReW5JaGFJWEgtaVJsa1RGeXRLMV9nVnBQdmdzbUVMdDBYLUE3eVpDXzNvTWw3ZWZ1MnlKZGRlaFpjaTN3TmRBUjB1Q3ZULWtrSGJoTXZ2UQ?oc=5
2026-02-21	Google	0.0	Tesla, Inc. $TSLA Shares Purchased by King Luther Capital Management Corp - MarketBeat		https://news.google.com/rss/articles/CBMiywFBVV95cUxORmx4X1lHVlVIejdJTHRuTmJzbGtSOUpwbi1pdVE1NkFVbElSN3ZwNHZkc3J3a1IxQWRNazMyb1VIRWRnckRHbmlqMFN6TmJjcVlRNjhmS2l4d0FfQ2lQSEdOR3d2RHNTaTVUa1VIUjZrUkxpZG5VdmJpblZOXzkzYi0yOVdnZnBQT1NSd2dlMWFnc1NGaVJpVWw1NFlfS0FSbkVZNWsxQ1c4VGFyaWlZdGlmYVZyaGNGVXdCbnBEd2RpMUd2eUNEQ2tOaw?oc=5
2026-02-21	Google	0.0	Tredje AP fonden Takes Position in Tesla, Inc. $TSLA - MarketBeat		https://news.google.com/rss/articles/CBMirwFBVV95cUxQeHhlNTJWSGxHbndrZUV5aTV0Ry1EakNsek5hU3hucHhlbmJsRkdlVl9xZmFwYTNkTU5rQU94UkRDUE9TQTg3MWM0eExGWUV3bTR4VUttbE5VbWRkbkc1QjdPTU91bWtoQXdValh6U1E0Zmlaa1FLYjdnSjM5Vk1ZeVNFZ2I3S2V6MjgzUjBZMzVPUm85TmotYU5JNjRqNjJXZjNMZTRVVWtOSnp3d09j?oc=5
2026-02-21	Yahoo	-0.177	MarketBeat Week in Review – 02/16 - 02/20	If investors are waiting for less market volatility, they’ll have to wait a little longer, but the MarketBeat analysts help investors find the opportunities	https://www.marketbeat.com/originals/marketbeat-week-in-review-02-16-02-20/?utm_source=yahoofinance&utm_medium=yahoofinance&.tsrc=rss
2026-02-21	Yahoo	-0.25	"Say Hello to the Tech Superstar That's Staring at a Multi-Trillion-Dollar Opportunity (Hint: It's Not a ""Magnificent Seven"" Stock)"	This company's CEO just eased investor concerns about what appears to be a big risk.	https://www.fool.com/investing/2026/02/21/tech-superstar-trillion-dollar-magnificent-seven/?.tsrc=rss
2026-02-20	Yahoo	0.7	Tesla to Discontinue Model S, X After 630,000+ Sales	After helping Tesla join the Magnificent 7, the Model S and X will be discontinued as the company shifts focus toward robotics and an autonomous Cybercab.	https://finance.yahoo.com/news/tesla-discontinue-model-x-630-220805203.html?.tsrc=rss
2026-02-20	Yahoo	0.517	The New Magnificent Stocks to Own in 2026	The Mag 7 is over, but these five stocks look like worthy replacements.	https://finance.yahoo.com/news/magnificent-stocks-own-2026-223300179.html?.tsrc=rss
2026-02-20	Google	0.333	After Trillion-Dollar Runs, Is Nvidia (NVDA) or Tesla (TSLA) the Better Buy Today? - TipRanks		https://news.google.com/rss/articles/CBMiqgFBVV95cUxON1p4Zm9vSDRpV2dNYmllV3hSM0pzVllLOXNqdlNjTnBDc3dhU0FNektmOFlkNFdYWE5xXy1wbUJiZEdiQUxQQzVBVVZlcUI2SmkwcXBkSXZVQndRX1pSMHhCN2VPNWRLcGtqMm1EZ2g4dU9hNFVJSk03VFNTYnJWREpkR0phVTNsSEM1bU43OFdlQzdERE9fcExtV21LUjU5N2VaU055akZMUQ?oc=5
2026-02-20	Yahoo	0.254	Beyond Tesla and Nvidia: 2 Overlooked Robotics Stocks Just Blew Out Earnings	Everyone knows NVIDIA (NASDAQ:NVDA) and Tesla (NASDAQ:TSLA) are the marquee names in robotics and autonomous systems. But with both stocks carrying trillion-dollar valuations, the leverage may be limited. Today, we’re spotlighting two robotics stocks that just reported strong Q4 earnings and have drawn renewed analyst attention heading into 2026. While the days of humanoid robots ... Beyond Tesla and Nvidia: 2 Overlooked Robotics Stocks Just Blew Out Earnings	https://247wallst.com/investing/2026/02/20/beyond-tesla-and-nvidia-2-overlooked-robotics-stocks-just-blew-out-earnings/?.tsrc=rss
2026-02-20	Yahoo	0.192	Top Stocks to Double Up on Right Now	The software bear market has bled into other pockets of the technology realm, and some stocks now trade at a rare discount.	https://www.fool.com/investing/2026/02/20/top-stocks-to-double-up-on-right-now/?.tsrc=rss
2026-02-20	Yahoo	0.147	Tesla Stock Wobbles After Musk Launches Cheaper Cybertruck. There’s a Concern.	Tesla  stock edged higher on Friday after the company introduced a new version of its avant-garde Cybertruck.  News that Tesla lost its appeal in Florida to overturn a $234 million judgment about liability in a fatal 2019 crash related to Tesla’s driver assistance systems didn’t do much to shares during Friday’s session.  Tesla didn’t respond to a request for comment about the ruling.	https://finance.yahoo.com/m/62fd7684-e4b7-359b-ab2b-8419b56d11a4/tesla-stock-wobbles-after.html?.tsrc=rss
2026-02-20	Yahoo	0.136	Tesla Cuts Cyberbeast Price To $99,990	New Cybertruck debuts at $59,990	https://finance.yahoo.com/news/tesla-cuts-cyberbeast-price-99-143035853.html?.tsrc=rss
2026-02-20	Google	0.129	Elon Musk's Net Worth Is So Large He Could Buy Ford, GM, Rivian And Toyota—And Still Have $141 Billion Left - Benzinga		https://news.google.com/rss/articles/CBMimAFBVV95cUxNc2l4U2tTVDBkdTFYV19kYm9pRWJIdHFKNDdjc2FHUTUtTE5hQWROMGs4bVJOTWZuTFlhTFRqY1ZBZ1huSkZacnh0bHhRT2d1SzFBWDY5M01takdOUXlNMFhhRzNvMkRoTVppTHNra3ZDSjZCVW9na3pEc0lHNzM1Rm1USmcyNW0xRkNyVWcyMHZuWldDNXo1aQ?oc=5
2026-02-20	Yahoo	0.118	Tesla’s Self-Driving Future Hit By Waymo’s New York Disaster	Gov. Kathy Hochul of New York is about to completely kill a proposal to expand the use of autonomous for-hire vehicles outside New York City. The block adds to the industry’s hurdles to expand across the country. And the reasons are new, which adds another layer to Tesla’s (NASDAQ: TSLA) and Waymo’s challenges in growing. ... Tesla’s Self-Driving Future Hit By Waymo’s New York Disaster	https://247wallst.com/politics/2026/02/20/teslas-self-driving-future-hit-by-waymos-new-york-disaster/?.tsrc=rss
2026-02-20	Yahoo	0.112	New Tesla Cybertruck Just $59,990, But Only For 10 Days	"A new Tesla Cybertruck, with reduced features, starts at $59,990. But Elon Musk says it'll only be available for ""the next 10 days."""	https://finance.yahoo.com/m/8b646c73-5402-3c70-8f28-075d80a1a7df/new-tesla-cybertruck-just.html?.tsrc=rss
2026-02-20	Google	0.05	Clear Creek Financial Management LLC Boosts Holdings in Tesla, Inc. $TSLA - MarketBeat		https://news.google.com/rss/articles/CBMiywFBVV95cUxPajZxQWFiODRFTTJzMEdQVUNaeE0wVGdZTnFjMmUtVUtuelUwRTJVcm11TkxkSUg2aDNuWXdFUldPWU84dXRacXdVVU9jeVR2aUpxY3F1Y2tjT0V0aU45QUNPRzc3YktlV3hGTEJlWWd6SFRKV3hRZXpmcHRxX24zMnp3cHU0bm94cC1CQy1ZYWgtMmplTlg2NFBRNkZBLVdFQVVyeDhLSlFYUkFiSXVScU9qb3dlNE5GVmlIbmNxV3NXZUdzT2FpV3B6RQ?oc=5
2026-02-20	Yahoo	0.03	Benchmark Keeps a Buy Rating on General Motors Company (GM)	General Motors Company (NYSE:GM) is among the Goldman Sachs EV and Battery Stocks. On February 10, 2026, Benchmark analyst Mickey Legg upgraded General Motors Company (NYSE:GM) price objective to $90 from $65 while maintaining a Buy rating. The analyst pointed out the company’s solid execution in 2025, stating that the corporation met operational, strategic, and […]	https://finance.yahoo.com/news/benchmark-keeps-buy-rating-general-160446218.html?.tsrc=rss
2026-02-20	Google	0.0	15,125 Shares in Tesla, Inc. $TSLA Bought by Compass Wealth Management LLC - MarketBeat		https://news.google.com/rss/articles/CBMiywFBVV95cUxOZXFEY0tCLWFXZk1mTFVORzJvWS16eTB3M0EtNHlHMTdpRTRxb1YzMjI3VHJUUFREX0VNajVka1NIV250RUtiN01BeTlDaXBmRThpRXRMMk5SUU01UjJkdlFKblg4UGNYOU5qWVdXVGkzQVI4UTc0VFJuYl82YVVKbUdUQTlUdEhqUFc2dnlmZkVkLVFsc0hvYU1pNmF0dURQQzU4RDhFVjF5T0JKNlRDQ1E3aXJMYzVoOXVXMkg0WFhaRVdadlp5WDhlbw?oc=5
2026-02-20	Google	0.0	Analysts Have Conflicting Sentiments on These Consumer Cyclical Companies: Tesla (TSLA) and Bayerische Motoren Werke Aktiengesellschaft (OtherBAMXF) - The Globe and Mail		https://news.google.com/rss/articles/CBMiywJBVV95cUxQOC1KSW1rMGJ2YlVtaFd4QzA1bEMtNklyQzVDYTFwM2VtMTBISGgya2ZDVUtYZjBMam15czdHZVRTVkNnTUVQaU5TcVhjSlMwTldKSy1wNUcwUHFQRjd5cG5PX05sR1BaTXNvLXJuejZLLTVta2tVQkQ3MDgwVW5tU0N1VjJMSm1BelpXZm94dmFMVC1uYVR4elM5M2NmMS1vN1dnTXVnMUczSmhndGJFcXRKT3hmWXN6dGVpa3lmenZicEdWQXFkblk2Y1FTOGJIM2QtZlVGNGQ5MEpLUW1rSUdpQ1ByR1hudzViTnVZZ1IzS3ZvaV9EMnFHTzFNNnJxQ01rcC1OQk1JbVhURXlzOE95bWhOT1YzZVRVVzhoa0FyOC1YcmZ5dlNqTFdoTlZTWTFnR3NCc1BKakZJcEpJQVlpZUtzS05YQW1V?oc=5
2026-02-20	Yahoo	0.0	As Tesla Launches FSD Subscriptions, Should You Buy, Sell, or Hold TSLA Stock?	Tesla stock recently announced it will pivot towards a monthly subscription model for its FSD software, positioning itself as an autonomy-as-a-service company.	https://www.barchart.com/story/news/331008/as-tesla-launches-fsd-subscriptions-should-you-buy-sell-or-hold-tsla-stock?.tsrc=rss
2026-02-20	Google	0.0	BNP PARIBAS ASSET MANAGEMENT Holding S.A. Purchases 12,395 Shares of Tesla, Inc. $TSLA - MarketBeat		https://news.google.com/rss/articles/CBMi2AFBVV95cUxPWDdLbUNoMWxUM3k0TjJyQTQ2ZDRZYi1JTWxpLThkbEp6S0xJaXgtNWY2MFA2SFhKME9jMnZGeEw0RXVvem5hUkdHbWxLVFhhZ1JZZWhXSnBlNXBmU2FoUzkwVVp5TC0xZF9DQ183NXlEYWsyZ2pDenBYMDZWSVlLMEZoLXBMSVNiWnhob0lmbHJ2ODYyRmFuVFF1UXlrRTJVOVNrVDRWNlM2VV9GQTN0VWI2dWU4VDZwM3hjdVZTWTV0S0xrWmVHaUo5QU5hQW1xbE1rbXZfWms?oc=5
2026-02-20	Google	0.0	China Universal Asset Management Co. Ltd. Purchases 3,935 Shares of Tesla, Inc. $TSLA - MarketBeat		https://news.google.com/rss/articles/CBMi1wFBVV95cUxQVmNqNFBhYTR5QmhycUQwQ0wzdXhBdUVILVlzYnl6TzZqRmo4Q3hvdU9BczNhM2c0ZzlTYms1RGF1Q2pjb01LeHpoa2RTSi1obnhWNTNKVU03b2kxai1rTUs5YzN5X043ZVRYTkVpSDduZTBpcXhIekp3cHZ6NWpNcXlsaU5UZXJBdTRnajZMMGtTOVRCVm10VG52RWxRXy1RSXM2cGkxRW92eTBxamY5ZVNKRWdTYjFNSEZqaGcxdE9KT1FqeE1oVjkzR3BfeG9yci10aVMySQ?oc=5
2026-02-20	Google	0.0	D Orazio & Associates Inc. Acquires 1,388 Shares of Tesla, Inc. $TSLA - MarketBeat		https://news.google.com/rss/articles/CBMiwAFBVV95cUxNOTRZRGtUcHkxMl9QcXpHVUNWLXIwdjVCQzN5dHRqRE5ZdGUxUUNhNlZJUXFnWDY5eEFYb2ZFX1ZiNVEyVmRIVXhRQnQxOUhuVUVqNHhBdUppSlVNSmE3ODJ1ZDZOUFlJYVJzbDNhcFFyX0pLU1dpWFhQeXY5WWpmSjM4R1BheEtBQW9YaHdFb2JOSjhWLUN6aURFcFI5WU94QUJHR0U4LVo3elJ4eTRYX2RJVHJWYUtxUDF6VEd4SWQ?oc=5
2026-02-20	Google	0.0	ICICI Prudential Asset Management Co Ltd Buys 4,211 Shares of Tesla, Inc. $TSLA - MarketBeat		https://news.google.com/rss/articles/CBMi0gFBVV95cUxPbG9OSHJhUk1pWXkxTXg3dXlrVTFvdG5Jd3dNbTFpRmtEc2MwOHR2RGF1RTBsUVhCUWNZaGwzT3lvZmM0SklRR3RFOWV2TkIxZVM1VEkxYkN2RUp6U081R3QwYzdfYUxjUkNXS3V4d0ZlM2s2dVNVVnptQzVjWW5ETFI2ZDFPRWo1M0c3ek40N2NvYi1YVzh2ckFRZGJuVXluMEZzQ1otUUxpN0RUTE1DUUhGeW0wdGZnQjE1RGJIWS1ZMlhUZm1CMFlpUVlYdk5ma0E?oc=5
2026-02-20	Google	0.0	Judgment Sticks: Tesla Stock (NASDAQ:TSLA) Slips as Tesla on the Hook for $243 Million - TipRanks		https://news.google.com/rss/articles/CBMisAFBVV95cUxNc1BRRWh5ZGpJNjZlNndteWJEa0Fhb2xxNzhoMkl1NWdrZ0F6QTQ2VjlQX1BMUXBlY1hJMV93aFNyazZTaWZaR0dlbjMzWUVKMDhfbVVmQXd3MkNUdnV6bE80S1pIUm53R0ozR2JpeFRQdUVxeFRaSmZhYUV5c2V2OC1SdlI2dXgwVjhERmlfd09XcHpQM0hRbnVaRWNCWktqSFFxME1lTDYyRTNSWUZ5RQ?oc=5
2026-02-20	Google	0.0	L & S Advisors Inc Has $464,000 Position in Tesla, Inc. $TSLA - MarketBeat		https://news.google.com/rss/articles/CBMitgFBVV95cUxPeDd0ZllkWHRKYV81eUNCc3BGekUxemZ2eFBzOGRtdE5DTmZaU01lcmVhOWptZHRTS1pvUWZ4Z2lwa1puUlVWaEUtbi1KX3pfS1dyYWxEVC1yakM0eFdiMUdwZXBQMHQzclZjTXJFNXEzTWRlclM5OElaWlRkdUg0dzRVSUxsVm05WTdvWDM5OGh0UWpaTVVoNHlnVUN5UE92VmFpeG80YkZ1T2RuS0h3NGxrOFAyUQ?oc=5
2026-02-20	Google	0.0	Northeast Financial Group Inc. Boosts Stock Position in Tesla, Inc. $TSLA - MarketBeat		https://news.google.com/rss/articles/CBMiygFBVV95cUxPY0FDSkhDTjJpRF9PNTVzM09yV1d5RmxVX2tnYXlOdzFGTGJuR1FCVld2SDlVaEpVdnRkWUE0T3NvM3hFdy1xMnJ3M1RDRF90Zkk2S0FTZzZhaWl6aTdrZ0JoSkVxX3ZNWFk2cUl6V3c1eUxSSnZOR29UbkV1MW5JVnlBaktDWWZNYnhXY1pzSHpIYjNUelZpVGtKLTJJUXhlRTQzdmk5Q01VMUZsSDhib0cwSVBKcVlFMW9CWGpOWW9SOFJVemlmQmt3?oc=5
2026-02-20	Google	0.0	Ontario Teachers Pension Plan Board Has $1.10 Million Stock Holdings in Tesla, Inc. $TSLA - MarketBeat		https://news.google.com/rss/articles/CBMi3gFBVV95cUxPaXV5V2pPTjViRDc4Z1ptcTBnZjlrSWJXdDIyZFZaalZodWpCTHM5SDgtSndYVElCSi1TNEJZT3dRVDZvOGUzR0tLT3ZEalg1TGtrRU9yV2JyT0JHZ1Q0dGlhM19GTjV0VmZ4S1NmOFlRYXk5MXo3djZOd1F3Wm1ncXp4NUlobjI0UnlKVWZ1eHBSSl9IYWNkOS15cFRvbUVzMzVQZWNHbTZwdW1mbmdtSFlfT05VWWdxckF3cjlpT19uUnNjaWFYYU9HN0JXSkhJakFqdWJ5TWJjZjZaRHc?oc=5
2026-02-20	Google	0.0	Tesla (TSLA) Slashes Cybertruck Prices to Boost Demand - Wall Street Pit		https://news.google.com/rss/articles/CBMijwFBVV95cUxQd3ZUb29YWlZlUnNfVlVRa2JGNDRqdUpNV0RLbGZCN2ptcENXMG5LVmpnM2o2MUlPeXRfa3VDSDhwWWhYV3N3VkJoOTc5MGxnbFZackY5RDFJZHpPTUd4RVZyMGJHTDdiYkNwYnRDOXUyMzVrdzZPemlhQnl6TGhSYkpNVUl3N3R0ZUk1TlZ1dw?oc=5
2026-02-20	Google	0.0	Tesla (TSLA) cuts Cybertruck price to $60K amid EV slump - grafa.com		https://news.google.com/rss/articles/CBMikAFBVV95cUxNSTNYWjBEUHVkdDN3eW9kTUUxcUhYdEFkVWVkRXNtLTV2QzhscHVPOXFLcUNxZmdOVDVjWHpNRGNwaXYyUHpyamVfRVRjaHhhc0JjNXZOS0FySS1HZnZYeTJfalNUaWNOdzJERWlvVTFOMTFUc2FlR3JHc1MtLVhYRklUSUdlSjBEZm82djF2d2Q?oc=5
2026-02-20	Google	0.0	Tesla Stock Quotes, Company News And Chart Analysis - Investor's Business Daily		https://news.google.com/rss/articles/CBMiogFBVV95cUxPSzZVOXVEYXlod1RJM18wNmhteHZNVjhTVUhOb2ZXMXNDd0JHX3czT0RmS3VBeFl0UUN5ckhOZUV2ckpCby1sc0hsa3FJQzByczR3Zm45OHNRSUhnMVpfbVg2X2MtYVZwd3lRVk5WMzhPZkFERUl5UmpmNVVFTFNsNEVXd0NpVW5Lc1BFYnFLRHNydHoxbW5QNUlpOE1mT3B2RVE?oc=5
2026-02-20	Google	0.0	Tesla, Inc. $TSLA Stake Lessened by Jupiter Asset Management Ltd. - MarketBeat		https://news.google.com/rss/articles/CBMivwFBVV95cUxQdjEtcXBaMUhtWGd5WlBYV0FSd2tTLWFObXFhTzNnbHRvR1BJZXlpNTJMWC1tQjkzc1pWeXBseUJnWGlSSEVzZTd3c0VDWHp6TW5yakU5N1dCajJIQXE5dG00ZlB3VFBuVDdhazNZd2dxRmZfNmpEbFNTS2NIQ3M2anhGZ3F4b3FBTUJPd01lUmpNV2t5NUVKU2NxV25SbFZQZ0l4eFhLX0tRSEY5SzdTNUtJM0E3SEQxUXFqOTZtNA?oc=5
2026-02-20	Google	0.0	The Risk Factors to Watch Out For in Tesla Stock - Trefis		https://news.google.com/rss/articles/CBMirwFBVV95cUxOallXbWQ0TkJQZ0l1MW1wOGRScVZQNWxtOVVQSnlMak1rQ3lTRmpYTEtfbERJeW03NFlCVGJCelhMdXpncmJXWFFoOUNXTDQzV21rOFlVWjhHZkpwRkdsaE51d3QtWXM1bTRSalNmeXBSbU9TMWtWd1NDT3E4VDg3QzFxNllfcUJGTmZxakpBaFJQY2l5Zy1uUEY0cGVxa3k0WnFCVWFtci00MHJPblRj?oc=5
2026-02-20	Yahoo	0.0	Tigress Financial Initiates Coverage of Tesla, Inc. (TSLA)	Tesla, Inc. (NASDAQ:TSLA) is among the Goldman Sachs EV and Battery Stocks. On February 12, 2026, Tigress Financial began coverage of Tesla, Inc. (NASDAQ:TSLA), giving it a Buy rating and a $550 price target. It anticipates the company’s long-term growth and value creation to increase as it transitions from a pure-play EV maker to a […]	https://finance.yahoo.com/news/tigress-financial-initiates-coverage-tesla-160434093.html?.tsrc=rss
2026-02-20	Google	0.0	Tigress Financial Initiates Coverage of Tesla, Inc. (TSLA) - Yahoo Finance		https://news.google.com/rss/articles/CBMikgFBVV95cUxPbW5qZjJSV3BadHp5Z0dZamNnT3hsVkJpZ2djLXpfeWl3OXlYSjZYazYwRVMwSzZ0MHQtNjBCQVlfbGpVZmFRUHJzWlB1VVlwOEFvTlcyUVFpdFdqSjRVLVNkVkdVU1B3NUNfN3NSWG9PSUs3REFHSTJPSVpBbnZFLUFGSVh0TDluZGFUWW1OaFR5QQ?oc=5
2026-02-20	Yahoo	0.0	US judge upholds $243 million verdict against Tesla over fatal Autopilot crash	Feb 20 (Reuters) - A federal judge rejected Tesla's request to pay $243 million to victims of a 2019 fatal crash of an Autopilot-equipped Model S. In a decision made public on Friday, U.S.	https://finance.yahoo.com/news/us-judge-upholds-243-million-144128729.html?.tsrc=rss
2026-02-20	Google	0.0	WT Asset Management Ltd Invests $7.12 Million in Tesla, Inc. $TSLA - MarketBeat		https://news.google.com/rss/articles/CBMivwFBVV95cUxPNERHaGRyV2kyTm94ellKd0FkUndMT01UbE5VMWdkajFIN2R0TDF4YnljLXM1R3hFZ2tDM3B0aGdpOEpWd2RDOFRJcU1ETEM0U0UzS3FhVXJvaU5ybk95cEhUclc4UTd0TkhkMnJLV1dqY0h5amdKWE14dExpVXM0dmZTQ0ZtZzBvbTRreTR5MzBfSkxNd1hmYTZtMFFoT1MwZUVqNFdDYkl0Y1dFREpfOVp0S3owbHhSWGNYc3ZyNA?oc=5
2026-02-20	Google	-0.027	Tesla Unveils New Affordable Cybertruck Trim, But Gary Black Says TSLA 'Unlikely' To Sell More Than 25K Units: 'Hard To See What Will Change…' - Benzinga		https://news.google.com/rss/articles/CBMilwJBVV95cUxPT2V4MHJEY1N5N0ZXRkNBMldmMzkwU1otSzVmX2RDTWtyVHMzNnM1X2tFdVBuOUZRdjRLWUoyMnVNS2Z0SGJ0LUFfWnViRV96RWhpVUhHR1dnTUVaNnhYSENmYkkwLThWNEdhb3BxYTJZZVFrTl9mOWxGVElDNmh3djZsWG9IcmFJTEpEek44N2lGdk8tMkhhOE1UbVZ6Z3JqSTI5aldGNEctS3NQcU1CRk5QWjJWSU56cmRzMEwzNUM5VGM5WEdQRjJYX3I4OV9GRnp4eDVMaTBCN1lIcVh3a0Z4VWhwR3J4U1h5QXYtakp3RG9FOHk2RkxiLUFKM25KZERQOW0wQ3dqbUVNNUZuNm9FYjdwem8?oc=5
2026-02-20	Google	-0.15	Tesla (TSLA) loses bid to throw out $243 million lawsuit verdict in fatal Autopilot crash - Shacknews		https://news.google.com/rss/articles/CBMikAFBVV95cUxPanVySXFYUjdCdjkzbWc1NGJnNFB3TXE2VDVaVl8zeHVlMjJqcWc4Y0VqQncxMHhtWTYzLTQ5aWlHWGxZR3VUZmVKckwyUWF6c0t3MElXZWJvcDdmRF9NcWtsZHVLeU90QkVVNFEyaHZKcTZwckFCMnhZM3pTR01lcVZoMkxTN0RVM1haTTRjb0TSAZ4BQVVfeXFMTTZCY3JETXBJb2tSUlF1YzItTjR0UVpXNzJ3VWdtRVRJOGJnbE51UmlYMGR2Ul93VHJvWm9NTE1DaTFxVEtSVk5OUGVnbmtFMHdWQ2ptbFhVTHQ5WG1COGVFUFVaY05mM1hyS3lsU3FzM3ZnbFFReXBlaTFJZVlSbGk5TlRRb1VUa2dhcXBuRHpTR2NRWmR3YkNVUVNwRHc?oc=5
2026-02-20	Yahoo	-0.156	Tesla loses bid to overturn $243M Autopilot verdict	"""The grounds for relief that Tesla relies upon are virtually the same as those Tesla put forth previously during the course of trial."""	https://finance.yahoo.com/news/tesla-loses-bid-overturn-243m-173724282.html?.tsrc=rss
2026-02-20	Yahoo	-0.2	Tesla's $3 Trillion Opportunity: How Optimus Could Dominate the Robotics Market in 2026	Tesla has a few robotics advantages that it's tapping into.	https://www.fool.com/investing/2026/02/20/teslas-3-trillion-opportunity-how-optimus-could-do/?.tsrc=rss
2026-02-19	Google	0.091	VeraBank N.A. Makes New Investment in Tesla, Inc. $TSLA - MarketBeat		https://news.google.com/rss/articles/CBMisAFBVV95cUxPMjZVclJyTXFVTzlhT1g1UGNKc2VFSGFZbTVqYUxERHhseTB0T1dpak1qVmpqTjl6eWozMTUzOEFyNmRSTlRsM1pfTXFxU1hLVGdTRllOd2tJSHBNOHhHQks4WHlJa0hZS2hFRGN1OHZBa19vVmlMSk1RN3otRE1RU2VYbEMyekc5cGZDOFdRVmpzSm9QRC11aERZVWFocjlBbHM3a09EaUNtQUt0aWtTTw?oc=5
2026-02-19	Google	0.04	TSLA, PLTR and SMCI Forecasts – Tech Stocks Mixed Early on Thursday as Traders Uncertain - FXEmpire		https://news.google.com/rss/articles/CBMi0gFBVV95cUxQQS1hVmZaeHNGVll6dXVPVTdiVnNoSFV6a1A4anh6UFJpTjRXSjd4M1ZQNVRkaVU3ZUsxYWtmZW4zRmJPUnZ6Wk9VMVFZR1NJd3FDMkNMcDV2dlBWSGs4Z0NoTzVNamR0dlFLbUhsWm9WaTI5OE1pVjR4S0VKaXVzZjU4ZWpMMG1feGhQc1RJQVoyYkh0dFBJUGhEQUNDbjVyTWFxUTVhVEFYYmFTZU55Q2ZRbnVqQlJvRURnbTJvZFBuZVFPU0xJMVRzVUhibVVNWXc?oc=5
2026-02-19	Google	0.0	Assessing Tesla: Insights From 23 Financial Analysts - Benzinga		https://news.google.com/rss/articles/CBMitwFBVV95cUxQSkNTNWg1QjRTOFduckZnTG5YNXA4RFJKeDNZNDRjRGZkLUlmR0FqaXRmeFBJWm9FeFpBQ3g2VjdzZTFVY3BFLTd3ZnlNQWJJSF9NZTlBamhNd0VMaFgyQkVRcDhFTnZwOVczc3A2Y2JMeTBMLXFLSlN2QlIxcjJMYWU3ekNZVy1sMXltZUMzTW5ITmpXM3dvRWZ1VU1GNlZDdlBnQS14WUdVZHFoY005LXZPamU5T0U?oc=5
2026-02-19	Yahoo	0.0	Before you buy the software and Big Tech dips, take a closer look at this overseas stock market	Investors are possessed by a fear of AI and fears from AI. It's hard to know which fear is stronger, but both are already shaping the market. Depending on where you're sitting, it could be an opportunity. On one hand, you have investors worried about the impact that fast-progressing AI models by ...	https://www.thestreet.com/latest-news/before-you-buy-the-software-and-big-tech-dips-take-a-closer-look-at-this-overseas-stock-market?.tsrc=rss
2026-02-19	Google	0.0	CFO4Life Group LLC Boosts Stock Position in Tesla, Inc. $TSLA - MarketBeat		https://news.google.com/rss/articles/CBMiuwFBVV95cUxNaldqbXNaUkJEeWR5c25OSGo1clhKZkd3UE9BckdOOC1TYU9FeDhTX1RrbXl4bE45d0ZPcGM2LXNwR3M3WjZXV0k0Ty02VGp4UEhhZzQtQ00yUTh1cmlZdWdlVzEzWHpjakRDWm1vSU9jeVNXcHlIbnpuOWVoY0Y1QmRGUFRSd0llaFFNTFZiajAzTjJ0VmIxcHY1VS1jdWhIZk8wMjczY2VXdFBYYmZrZXJfdGVXSzNPNnlz?oc=5
2026-02-19	Google	0.0	Can Tesla Stock’s $1.3T Valuation Withstand China’s Humanoid Surge? - Trefis		https://news.google.com/rss/articles/CBMiwgFBVV95cUxNeUdtSXI0cGNTLTFwUDYyZkNTX2dqS2M2U3h0eGsxRWhYZnVMN2NaNVh4LTJwV2N0X0ExOEhJcUFMTERPeUxDaDhRV3h0dy1BbmF4ZXB2S0tEVTFBUDRRUi1aMmpMcnJFQkxoRWp1LThaekotQ29KT2dHbldCeGdlNHZkLWJwRUZ2X3NvU2c3T3VYMzhrMWhaVjJWZmFFcjFkekhyc1ZlZi1TektObnVRMUZmSVpVVE9BdlJNSXVQbmpXQQ?oc=5
2026-02-19	Google	0.0	Does Tesla (TSLA) Still Make Sense After Tripling In Three Years? - Yahoo Finance		https://news.google.com/rss/articles/CBMifkFVX3lxTE1hMmJ6UUVfQkZ6X1VNMkNET2tYX2RUVGR1bjhxYkFPWlhZT29hTGZrT0lkZmRPQ1FhNGdhcl9kWl9IeVcxTzdwbldWSklraVZjaGQ3aEZLc1RqT0JwYWRRbjBJbllXQjROTERPNE5GelAwb1U1MlJpbjdsdXYyQQ?oc=5
2026-02-19	Google	0.0	IWF, TSLA, ABBV, NFLX: ETF Inflow Alert - Nasdaq		https://news.google.com/rss/articles/CBMidkFVX3lxTE1VaTBLeElsQ25QZGt3eEUwQVlzaVgzLVFOYzN0dmc4WElYcENEOERuZ0g5aGl5OWpSLWwxLXhGOEN0S0VCZVFLWWpKbVg0UFJBZkg4N1I0clVXNmloSEw5WWRhbUtZM1phajctTlZWV1pveUowaFE?oc=5
2026-02-19	Google	0.0	Nasdaq, S&P 500 Futures Rise Before PCE Report, Likely Tariff Ruling: Why NVDA, TSLA, GOOGL, IBRX, APP, GRAL Are On Traders' Radar Today - Stocktwits		https://news.google.com/rss/articles/CBMiywFBVV95cUxOaWx1cDlndXA1S2lWbFVsMlppSjRFZlBZempyaFZQWXZiZnJGcGJTemczU0JpSGtzTThabFJ2VGt4MG9Wc0dCU3RNeXpja0ZxOU9peW9BMHpyaW93WWJIZUtHTDBnLTFyZ2x5S0RYSVR4WmF2c2dZdG9SSVl3cFk3LWxTdFY5XzJSNGpRNnNBYzV6d1Z4NDBtSTVJOHZvUlAtcHFvWnVFTGhwUUFSMklxbENyTUpZTGcyQXNMMjJFZWo0RG1Td0ZLbENRTQ?oc=5
2026-02-19	Google	0.0	NewEdge Wealth LLC Buys 3,462 Shares of Tesla, Inc. $TSLA - MarketBeat		https://news.google.com/rss/articles/CBMitAFBVV95cUxQVDlrTFhyM0tUZk5Zem1ONzhWajBrQnJOM2poTXlkcWtrODFKQTE0TE8wTnNpRUo4VlNlRmRET1lPUUlRcjVsaUlWSW9TV2doT0lWd01uY1UwVHNGMmRiZGF3RW9VMHd5eG5nVl82d280UWxGLVlNOXJBbE9YaXJfT0lBNllnbm1JSWtIQ1F0cll6RkVzSl9IUzM1X2laSXFyaWo1TE5idmV1V0gyQS0tbGhWYks?oc=5
2026-02-19	Google	0.0	Synovus Financial Corp Sells 2,149 Shares of Tesla, Inc. $TSLA - MarketBeat		https://news.google.com/rss/articles/CBMiuwFBVV95cUxQOGtLLVI3WHAtd3ZoUGEzclRVdkRnU2h0aDZsRFpsdjZzbGhBZ1Voa3BrYWFpUFFYZ1VrbXd0ejZEUHk2OWEzLWRUTFlEQW4yT1NocXJUVUl3VWxZMXRoVG9VN0hURFJ5T2tLMElidmN6VmtZc3ZuTEhaY2ZwREY5WkJkeUxHa1FtUDBRUFYtMlNqVVNXRUtWTl9ZRzVGUVQxTWp4SU56RWFCeENqNnFGQS1ITm1IalhDQng4?oc=5
2026-02-19	Google	0.0	Tesla ($TSLA) - The end, the beginning or somewhere in between? - Elliott Wave Trader		https://news.google.com/rss/articles/CBMiwAFBVV95cUxOQ3UydWNHU19jcjhSVUdxYlVKUE0tVzRkczFHV2x1YmY4OVFMVXgzNURHVHhydnNkNV91WVFUTnljY2NESGNYS3N5MC1HdW9JM2lUUXNYeGc1V1Zlb0JkUDhodnU1aDU3RGJobmYxNFNmQmxuNHN1d3h2Q2dFNFB6LXdCXzc0V0FMOUM4TGlmS1Nwek1OUTFNcDBfeHlJUFNpZzFVY01Dd2VSNWVNOXExVERRWEFVX2kxVDI1YWtCa0k?oc=5
2026-02-19	Google	0.0	Tesla (TSLA) Stock: Cybercab Production Starts With April Launch on Track - CoinCentral		https://news.google.com/rss/articles/CBMimwFBVV95cUxPOElQQ1lBWTRnM0lwUEVjalkyQjZJR3Q4dGpqb0RiMXdFOUNwa3hPV1NzZTRGd19tdEhSWXJwdzFObWduZEphMk41V3NTQ0FVdUtSZWhUaUQ4Zk8wSk55OF9oVUcwSzB6Z0hjSFZfdm1kbDdYQ0xMUHlVVS1XUS15dG1GcVFUMmFQaG1XUjB5QVJVVWFBX081SDVaYw?oc=5
2026-02-19	Google	0.0	Tesla Stock (NASDAQ:TSLA) Notches Up as Edmunds Tests the Model 3 Against the Model Y - TipRanks		https://news.google.com/rss/articles/CBMisgFBVV95cUxOYlpGN0RlOFJfVEQ0WEh5WFpLRDRGb0stcHU5YTNxMmxjeFlQaFhNSzJ3aUZXbmJvaE1yYU04WHhrcHBDZnk4SWZrUjVmQnFuLW5vaVRVc3ZIYm5Od2VhQ052YjNlbW0wOXBWeHJoM2lfWVRDazZGX1Z6NGlNTFMwSnlkYk94VzRISUIycDhJWWtmcFVKWE9tcms1VGVYdnZVWV9IZ2lUNVRCV0Q1emdZMTV3?oc=5
2026-02-19	Google	0.0	Tesla's (TSLA) Sell Rating Reiterated at Glj Research - MarketBeat		https://news.google.com/rss/articles/CBMipwFBVV95cUxPOThTaEdpVnU4dzFVNy1Uc1F2WkxIUkZNeV8wRldpUWRndi1VQkFZTV9BX0wxQlVja1l0a090R2RsMnlISUVlMFBzTV92LVZ0U1FIV0Q0MWlHajh0MWRKMDg2OF9TNS1ROVMwUDFIa0U5UXRYV3lYZllSMXZLQU5UY1NIb1hFdzN5U3BvWUxtM3huanhjeHJiQnM1Qjlub3pSZ2VNSzkzYw?oc=5
2026-02-19	Google	0.0	Tesla, Inc. (TSLA) Barclays Capital Forecasts Stock Dropping Over 10 Percent - The Globe and Mail		https://news.google.com/rss/articles/CBMi7AFBVV95cUxQVU4yOEVvVTdLc2RUZWZoOXdUWUlKYUViekR3cTZtN0Z2dTNqNWJCWEV5NVJMcHJ6R1lvLUUzUTVVSF9ISU1hQWFYMGt5Ynlkam1OMGV0MTlrVVNKcmxTMGh3S2J6VXVUZmVsdkVRU2Fjdm1XV2pkU2ZBcmFNRGRBZ0xhcmJscWY2WXZabHJSTWRzNHpGTDd2NHFreWYxM1o2TV9JbW02REM3X2llSXIxYUNuaXZ5MlZFT1Z1a0QyOTA5dVNsNmROVG9YZUt5c0hiODdWYnpteXZuelFiZDdTYV9TZDRnZGFtZlVMRw?oc=5
2026-02-19	Google	0.0	Tesla, Inc. (TSLA): Our Calculation of Intrinsic Value - The Acquirer's Multiple		https://news.google.com/rss/articles/CBMilAFBVV95cUxPdm9zeVRjc1lOWGVJVGRiS0g3aXQ5OW9lTXdiVmFfUHJjTVlXQUJJdzh5ekh5U08tWUVZOFVZbXlPXzJmU3ZIaUdMd1ktZnpXX0FXMTE0b25WSkF5SlJhLVdQS2VlaFNMN0dudGtjS0RCUUpyQ21BcV8xU1l3X3dkTzJKSDJscjFBLUV4RlJBQnVDWTZj?oc=5
2026-02-19	Google	0.0	Why Tesla is facing a retail vs. institutional investor tug-of-war - Yahoo Finance		https://news.google.com/rss/articles/CBMifkFVX3lxTE5qNlIxWGhKcFBtYldyeVc0N2paQTNfM19RT1l0ZXpkck43azQ1WWlEU3ZkZTJTRGR3U0sxdWlWa3pHWEZXcVBud2xZOE90NmRJZFJqQ3ZCMWtTa3F5aDVIa2c4dWQwdURwWDllX1Z4NjBoZHVqaWVBbVBONW4xQQ?oc=5
2026-02-19	Yahoo	-0.308	Kevin O'Leary Reveals He's Still Long Bitcoin Despite The 'Brutal Correction,' But Warns About 'Something Bigger' Happening Underneath	Renowned investor Kevin O'Leary said Monday that fears over quantum computing would deter institutional investors from increasing exposure to Bitcoin (CRYPTO: BTC). Will Quantum Computing Slow Down Institutional Investment? O'Leary took to X, adding a clip from his recent interview...	https://finance.yahoo.com/news/kevin-oleary-reveals-hes-still-043108642.html?.tsrc=rss
2026-02-19	Google	-0.333	Tesla Faces Falling Sales—But Is That the Wrong Story? - MarketBeat		https://news.google.com/rss/articles/CBMilAFBVV95cUxPN3FrRkZFdkhsemFiYlBLR3lhTEJMM1FPV25RTDJ1M1g0R1hhUVJqblJ4VWtKaVBUaWJRcTd2S2hBSXhncGpod2pCV0p1SjhMTlhNR3REb1VUa2dtY21PdkJzSVB4SHU0RjRsNWswandLWVRGRDNlbURfd1E5RlJVUE9FUmZqeWtTZWR6YV9jNVhYWTlu?oc=5
2026-02-18	Google	0.6	1 Reason Why Tesla Stock May Keep Underperforming - The Motley Fool		https://news.google.com/rss/articles/CBMilwFBVV95cUxPX05OU0tRUmw1UXRLZFBYZF9Teng3Ti1DQTR1NWQzQnFkUnBUVElxeEtHa2g0VjJJeW5DVmt1RHAtSl9RM181VFpXc1E3dHRJZUwzdWE0dWtlNlNNT2pUc0ZWS3BwaG9odWRmenhXbHMtSjNPWUdrWFlnZmVHZjZ4c1dKNUFMaEpVVXZkczNkQWR4bmxyek5N?oc=5
2026-02-18	Google	0.32	Tesla: The Most Volatile Stock That's Worth Holding Onto (NASDAQ:TSLA) - Seeking Alpha		https://news.google.com/rss/articles/CBMikwFBVV95cUxPWVNqdnVEWlB0MkhPeElNWlZfMFZiUVpHaWRvUllEUmkyb2luVFZtb3ozNS10T2xIOXRzZ0RDTkxyTGNfVGhFSkZ1VGgxenhpSi11MTZXeHNJQXdkUHZOS1ZxcllrX0dIclllN1ZnUnVGX3JIMlB4UzFUYWF3LVpKOTJGZzQzZUhTNUJrWnVHTWZfU3M?oc=5
2026-02-18	Google	0.25	Nasdaq, S&P 500 Futures Edge Higher Ahead Of Fed Minutes: Why NVDA, TSLA, AAPL, APLD, PANW Are On Traders' Radar Today - Stocktwits		https://news.google.com/rss/articles/CBMizAFBVV95cUxPOUx1U2xJdXNyeWgxY0ZmNERFNDEzYW1lSzBoX3cwV2lNRVkzOGdRcDRjUVUtLXJNem9UUjJBdE9yekd2QjRpcjBJNTZKV2NMTlNaa21YTlUxSHhrc2xMdkFfaHRJRU9ZREF4M0huemFiMkZRcTZQU3hmSHVuUm0zUFZ4NWNDWUc2bElRVUFKM3lBRjRNQlY1SG01eE1oWm5PcUpkUjM4a3d1YkZPVHdTWlMxa3BvZnBvYlhwTGZSRG9yemQtVHFvMVBuRG0?oc=5
2026-02-18	Yahoo	0.165	XLY Has A Major Concentration Risk: Two Stocks Own Nearly Half the Portfolio	When the economy heats up and consumers open their wallets, they don’t just buy more toothpaste. They upgrade cars, book vacations, and splurge on new wardrobes. That’s the discretionary spending cycle, and Consumer Discretionary Select Sector SPDR Fund (NYSEARCA:XLY) offers direct exposure to it. This ETF tracks the consumer discretionary sector of the S&amp;P 500, ... XLY Has A Major Concentration Risk: Two Stocks Own Nearly Half the Portfolio	https://247wallst.com/investing/2026/02/18/xly-has-a-major-concentration-risk-two-stocks-own-nearly-half-the-portfolio/?.tsrc=rss
2026-02-18	Yahoo	0.1	Rivian Stock Jumps. It Has 1 More Thing in Common With Tesla.	The electric-vehicle startup Rivian Automotive has followed EV leader  Tesla  in a few ways, including as a source of controversy among analysts on Wall Street.  Rivian shares were up 2.8% in early trading on Wednesday at $16.93, while the  and  were up 0.6% and 0.5%, respectively.  The move came after Edmunds named the Rivian R1T pickup its top-rated electric truck for 2026.	https://finance.yahoo.com/m/8558a232-c3cf-3a83-867c-2f2eca251380/rivian-stock-jumps.-it-has-1.html?.tsrc=rss
2026-02-18	Yahoo	0.0	1 Reason Why Tesla Stock May Keep Underperforming	The growth stock has struggled this year despite positive updates from CEO Elon Musk.	https://www.fool.com/investing/2026/02/18/1-reason-why-tesla-stock-may-keep-underperforming/?.tsrc=rss
2026-02-18	Google	0.0	3 Forces That Could Shake Tesla Stock - Trefis		https://news.google.com/rss/articles/CBMiowFBVV95cUxOY09oWlJjUWdJYVJkTnJsVDczTWxKOUM3dm8zS3BmNlAza2RVZkk5bzZUQ0lUeFRWcUhsNUFGYUZwVV9sR1phblZPMWVvcnBZRktpTXE3OGsycWFOa3VXUnhBMG5tTFdzM2xBbjFCdVIzMERlTXZqTGpqQnRpTEduYy1HaWZpZGxnM01GNGRTUzc3MnBKZTU5LWNGbDhJZU0tQVhB?oc=5
2026-02-18	Yahoo	0.0	Amazon and Nvidia Lead Mag 7 Rally	Magnificent Seven stocks gave Wednesday’s broad market rally a big tech boost. Amazon.com was up 2.4%, while Nvidia was up 2.1%. Tesla and Microsoft were both rallying 1.1%. Alphabet and Apple were up about 0.	https://finance.yahoo.com/m/9f2a2dba-948d-3072-a833-d28c193d8008/amazon-and-nvidia-lead-mag-7.html?.tsrc=rss
2026-02-18	Google	0.0	Crestwood Advisors Group LLC Buys 3,105 Shares of Tesla, Inc. $TSLA - MarketBeat		https://news.google.com/rss/articles/CBMiwgFBVV95cUxPYjMxbjJ1eHVxbGlDLXpnT3hFaXlXc3E5aC0xcU9SeHAwbGtFd3VPU0trTzRLTldEZ1Y0aFV5c2QwLTEyY2NOYXJ2eWZ4NDNJRVNBY3JtTlhnMVVQRlZpY05kOTdHcGQwZUdYazFiN0k4Yk8wNXJHcTd2c3ZqVWstVTNXODJZSUl4SlVIbUYzeWZJbm4yek9ma2dJZHF0M2x0NlU5UUZBeC16bFB1VDg3dmlNZTc1UmhobDMxSjhNQnREZw?oc=5
2026-02-18	Yahoo	0.0	Elizabeth Warren Slams Elon Musk's Tesla For Paying $0 In Federal Income Taxes: 'Does That Seem Fair…'	"Sen. Elizabeth Warren (D-Mass.) has slammed Tesla Inc. (NASDAQ:TSLA) for failing to pay any federal income taxes in 2025. Does That Seem Fair To You? In a post on the social media platform X on Monday, Warren expressed her criticism of the Elon Musk-led EV giant. ""Does that seem fair to you?"" she said in the post, sharing an image that said that Tesla had paid ""$0.00"" in Federal income taxes last year. Does that seem fair to you? pic.twitter.com/OL6PlfKTPy— Elizabeth Warren (@SenWarren) February"	https://finance.yahoo.com/news/elizabeth-warren-slams-elon-musks-190101933.html?.tsrc=rss
2026-02-18	Yahoo	0.0	Ford Recalibrates EV Strategy While Tesla Pivots To AI: Would the Bet Pay Off?	Ford is recalibrating its EV strategy and doubling down on affordable EVs at a time when Tesla is pivoting to AI. Would Ford's latest bet pay off amid the EV industry slowdown?	https://www.barchart.com/story/news/284557/ford-recalibrates-ev-strategy-while-tesla-pivots-to-ai-would-the-bet-pay-off?.tsrc=rss
2026-02-18	Google	0.0	Fortis Group Advisors LLC Purchases 1,497 Shares of Tesla, Inc. $TSLA - MarketBeat		https://news.google.com/rss/articles/CBMixAFBVV95cUxNN1RmOXlFRzhjNGdCaXJwS1JzUlNCeFdJeTBicXVQUzNFMFF3NmVWejBzS2lWMWNTaGp3TFFkMXkyYVFXaG9fTzQ2T29hcUhibUUzbm9pTWhrZFowZV9NMzZvZFRkY0dZc1Z0OUZpMGIxLUF6Ni14djkySzlSdldKdGhGUWhINGtGZ2Zfckx0OE5LLWNaMENOeEpxaE0xMlNCUWJuR2VfRVFlSTVhbHN1VVg1QVFNbHdXVlpMNldnNFZaM3JU?oc=5
2026-02-18	Yahoo	0.0	Is Rivian Stock a Buy in 2026?​	Rivian could be a comeback success story for electric vehicles in 2026.	https://www.fool.com/investing/2026/02/18/is-rivian-stock-a-buy-in-2026/?.tsrc=rss
2026-02-18	Google	0.0	Maridea Wealth Management LLC Raises Stock Holdings in Tesla, Inc. $TSLA - MarketBeat		https://news.google.com/rss/articles/CBMiygFBVV95cUxOUWZCMi04V0RGZlVXVUIxSWxaT3hWTm5SRy1rQjVmY3BxZXVaM1BhaU91bkMxSFJlYndTb1lDQ1REdWpiWklDRUkwekhDdlQ5cl9oeUFDWE84dnEzWVhTSTZBcnRkYmFQeFVLalpoaVBBMnNPZlg1bkRGRkpsRGdYTXdIZ093V2pJNUJnNnB3R3VueER0M29xM01uRTYyM2c3MEIxMWc4ZlFmakZrZEpheEUxZFBUYkVWZi1kdUh0TFIyaGZ4VllFa2NR?oc=5
2026-02-18	Yahoo	0.0	Nvidia, Tesla Collaborator Looks To Trigger A Breakout	Boosted by double-digit growth and AI-fueled demand for its sensors, TE Connectivity looks to resume its big climb.	https://finance.yahoo.com/m/286d48b5-00c0-3330-9c1f-24b65dfc7a25/nvidia%2C-tesla-collaborator.html?.tsrc=rss
2026-02-18	Google	0.0	TSLA Stock Today: February 18 – Starlink Russia Block, Geopolitics Risk - Meyka		https://news.google.com/rss/articles/CBMinAFBVV95cUxQT09CSkpmSUJWeXdFMFV2cTJ5Y3FORDFBSnBIMDBLbVprZEY4YXcyTldDMEdBZldYOEQ2U2pQMHBFMk9XRDREUUtFUVNsVGp6N29WYzNfMEh4d3E4bzE4QVkzZVpVUThSY2E1SEZLWFdHS0swR2Rmci1VRmtWc0tZME1IX01Pb3BmWVFTR0tmamxPMWVCWGQ4RGM1aV8?oc=5
2026-02-18	Google	0.0	TSLL Vs. TSLS: Trading TSLA Through The Pricing Cycle (NASDAQ:TSLL) - Seeking Alpha		https://news.google.com/rss/articles/CBMilwFBVV95cUxQazgzMkthbUFDb2lxdlhYVFkzN3gyZGZZVmsxQW1MVnpQT3RwbXpwZTBpOWdwelJmODBzcTlkNjYteUVVVmlKZFB5VEhjd0c5VHdTaGpGUnp5ZGlSYnFRbGs2azlranpxZFFMNUw0WDh4bTV6YUM5UVFWOVpoM0lJalVlV0hYeE5FZlBEYi1feTdoOHRJMjVz?oc=5
2026-02-18	Yahoo	0.0	Tesla Begins Production of Cybercab. What It Means for the Stock.	Tesla  stock edged higher on Wednesday after CEO Elon Musk did something surprising: hit one of his promised timelines.  Production of Tesla’s purpose-built robo-taxi, Cybercab, has begun.  “Initial Cybercab production may be for a limited number in support of testing and validation,” wrote Barclays analyst Dan Levy in a Tuesday report.	https://finance.yahoo.com/m/c41d843e-d9cb-3197-9453-0031623cedd5/tesla-begins-production-of.html?.tsrc=rss
2026-02-18	Google	0.0	Tesla Falters in China Again: How to Play TSLA Stock as Xiaomi Outsells - Barchart.com		https://news.google.com/rss/articles/CBMiswFBVV95cUxPZGJ4VHA5UWxjaGJXMzcwVXpGUWFLX0xOUmhvdmE0aHZyTllkZXM5Nmd4X2lwOG1zQlMtb1lENjU0NHJtMVA4V1lHUHJ4elFnNEZTbTZPRFdLc2dFQmJIeXdWRHo1X3RHbE9xQ1o5Y0JBUGFOTTVzQUt5cVZiSmxlTU9kTGYyVFdLZEJxLXQtbUFMVXdTQ3cwMXBXQm14bDR1QlktVjRGaHd3MWF1QnFFZGprcw?oc=5
2026-02-18	Google	0.0	Tesla Falters in China Again: How to Play TSLA Stock as Xiaomi Outsells - Yahoo Finance		https://news.google.com/rss/articles/CBMiggFBVV95cUxOaTNDZklmX2d2Q3AxOWZsR0dablB4Rzk1MWxINHVZNTkzQWptQV9xT2RiODhEdWpWVVRfUkdXNGdMb05qZkRZdDZsS1ZCY3U4a29kcUNkWFcwVmtqZlQzZ0ZxdndsQVRYQ2xrM3o2OWFNaWpXblNNZmRyVTFzdlR2UTVn?oc=5
2026-02-18	Yahoo	0.0	Tesla Rebrands Autonomy In California While Accelerating Pivot To AI And Robots	"Tesla (NasdaqGS:TSLA) avoided a threatened 30 day suspension of its California dealer license by agreeing to stop marketing its driver assistance features as ""Autopilot"". The decision resolves a multi year dispute with the California DMV over allegations of deceptive advertising related to driver assistance capabilities. At the same time, Tesla is discontinuing Model S and Model X production as it shifts resources toward artificial intelligence, robotics, and purpose built autonomous..."	https://finance.yahoo.com/news/tesla-rebrands-autonomy-california-while-221221642.html?.tsrc=rss
2026-02-18	Google	0.0	Tesla Reworks Autopilot Pitch As Focus Shifts From Cars To Robots - simplywall.st		https://news.google.com/rss/articles/CBMixgFBVV95cUxNYzVTTDdWRUdRYk5heGZURkxDTVBFSXcxVnNBQ2hieVo1ZDVyb0MweVZOaEl6YUtnV1VHN21oYUNFWDhfUlNkWVJ3RVN3S0VuUjRvU2dlT3ViaEFCYXVNZEh1Q2hOQmx3d0pWemVKXzlDTk1YS09UOExlTEZsNDJIQXAxUDJFNW81NDI5MTNOeWUtQ2N5UFZVTDMxblVvSkFBU21wa2tNOUw2NmpSdXBWYXhLLU03endYMVNrZ1Boci1ncFdERWc?oc=5
2026-02-18	Google	0.0	Tesla Stock (NASDAQ:TSLA) Gains, California Sales No Longer Threatened - TipRanks		https://news.google.com/rss/articles/CBMinAFBVV95cUxOblNLM2diMzlOczB3UnpUN2NsRjdZMDcwdkNEQnBYOWZqcXBhc2o1ckFyeDAzWkdnall6RHg3VDFIRjB1aWN2NjZ1Wkx6VXFISllORFpUQlYtMEVydGJ3M3VIYXZCLVhNV0NIZS1scC1icGJ0dm85QVU4eE52bVZYaEVuZ21temtvUk04ZE5DWWVZYWpuVkc0Yi16UFg?oc=5
2026-02-18	Yahoo	0.0	Tesla avoids California sales ban by removing ‘autopilot’ from marketing	State regulators walk back suspension threat and say Tesla has stopped misleading drivers about the safety of its cars	https://finance.yahoo.com/news/tesla-avoids-california-sales-ban-200559057.html?.tsrc=rss
2026-02-18	Google	0.0	Tesla escapes California sales suspension over Autopilot marketing (TSLA:NASDAQ) - Seeking Alpha		https://news.google.com/rss/articles/CBMipwFBVV95cUxNZzBqcEdzQU84WmtWMkh1elJBNUVaUHhINFV1TVhYd3hnVVlJM29QMFNEU2NGZGJaRllQYnhxOHdoUjlwLU1pUWJQWFNDMXhOS21uYmhtQlJlTF94WlIxdWhZZWN0Z182NXRQM0hjYXpxREcyenJsbU9zYUJGb1FRQTBGWmJpd3Bzbm5HcXpUVk5UTDhha0dlNm9LLVFSN0REdGE2TTZKQQ?oc=5
2026-02-18	Google	0.0	Tesla to integrate Grok AI chatbot into cars across the UK and Europe amid regulatory scrutiny (TSLA:NASDAQ) - Seeking Alpha		https://news.google.com/rss/articles/CBMizAFBVV95cUxPajM5NElVcTB2N1VfT0MtcXpQR0cyam4yUkNQNXd1Nl85NFJpWVVYX1VrZG9IODFGVzBDWHVpT0syTXVfWmcwLVp6cWtXMG9LOXVCVHFuZC1EVENFNkZTTUJDemh6ekR1VTlwcGcyMHJIRGstMURjVFlSWk1fenBMWjBoRy14X3JMb015eVlKSVp3ekhPczVURzF1OEdJVWdiMUVGemRmaGJNME5UcWdIbUpHS19fTGpkcUlrVmlLa1VVUjVGcncyZU5ES3I?oc=5
2026-02-18	Google	0.0	Tesla's (TSLA) Neutral Rating Reiterated at Barclays - MarketBeat		https://news.google.com/rss/articles/CBMipgFBVV95cUxQQTRzb0ZMWXZwdkYyc0ttdllqc1ZBQ2ZWa3lLWDd0NC1kMVBzcEtHX3lQaE0wcHk1d1FYc2tDTW1uS05rMEsxeUVpV1RJMHBwLU5hTXlkU3BlRk9CajVXRW5JR2JCWUN3X0h2T291YXVXMW5ScEFPR0djSTFsTFpIcWVGNUxRY1kzRmdaa183X0ZtS0pxRmFGVXZyQThLV0JYZzJGNUp3?oc=5
2026-02-18	Yahoo	0.0	Tesla's FSD One-Time Purchase Has Ended But Here's How You Can Still Avail It	"Tesla Inc. (NASDAQ:TSLA) has officially ended the one-time payment option for the company's Full Self-Driving (FSD) technology, but some owners could avail the system without the $99/month subscription. Tesla's Luxe Package The FSD service is available at no additional cost on the ""Luxe Package"" with the Tesla Model S and the Model X, as well as the range-topping Cyberbeast trim of the Cybertruck, Teslarati reported on Monday. Don't Miss: This AI Helps Fortune 1000 Brands Avoid Costly Ad Mistake"	https://finance.yahoo.com/news/teslas-fsd-one-time-purchase-233005279.html?.tsrc=rss
2026-02-18	Google	0.0	Tesla's Renaissance Has Come (Rating Upgrade) (NASDAQ:TSLA) - Seeking Alpha		https://news.google.com/rss/articles/CBMiigFBVV95cUxOU3pEUUlBZ1R5WEFhUl9mZk1sSWdsSjQ5ZkgzaUFkNGRsSFJRM3Y4aWVwclJzWm9DcDd4UlFCVmdXcG1hcVo5ekV6d1pnYURpc1NQQ2s0eGZDR3djQW5KOW5xUkpQTGVqSkdWM2lmd0pITXNFOGxQaTZMZTdSNU9zcDJsLTBiMkhPbGc?oc=5
2026-02-18	Google	0.0	Tesla: Time To Ditch The 'Someday Soon' Premium (NASDAQ:TSLA) - Seeking Alpha		https://news.google.com/rss/articles/CBMijgFBVV95cUxPNE9PT2tnYXhJUkhQaEx5X2VIX1NMTE8wLXRTX2xVRlYxRkdHQXoteG45dVhPVnFSQjlVMU93b3g3LVlYZTJhTDFyMkl4NGFUUFpZT3dNQ1lkeUtPZFh0bG1XVGFSbG50bW91VVhpV2RFYVNDQkxmOVNWWmMyeVRaWDZWYXNBczljTXNEdjdn?oc=5
2026-02-18	Google	0.0	Trend Tracker for (TSLA) (TSLA:CA) - Stock Traders Daily		https://news.google.com/rss/articles/CBMiiAFBVV95cUxNSnZIZlZ3UjZhRWp2WkRnQ2R0eDN6RF9IZ1dkTHZ3RDVBYmVuX010WEpDdTl4UGlVd0RxYXBIWFFWREdVeUFwcFcwQ2JZUDlfYkQtenBPUkU2TkxaWlhjWXltX0hGcDdOdHQ2NmRGZEMzNVY4ZDJpWEt1VVEyVWE1ZWw2UGNQMUtR?oc=5
2026-02-18	Yahoo	0.0	Uber Pours $100 Million Into AV Charging	Robotaxi strategy moves beyond software	https://finance.yahoo.com/news/uber-pours-100-million-av-222705009.html?.tsrc=rss
2026-02-18	Yahoo	0.0	Uber bets big on EV charging for both its drivers and future robotaxis	Uber announced a new push into EV charging on Wednesday with a two-pronged approach to serve both its current drivers on the platform today and autonomous robotaxis in the future.	https://finance.yahoo.com/news/uber-bets-big-on-ev-charging-for-both-its-drivers-and-future-robotaxis-163838364.html?.tsrc=rss
2026-02-18	Google	-0.078	Tesla (NASDAQ:TSLA) Trading Down 1.6% - What's Next? - MarketBeat		https://news.google.com/rss/articles/CBMingFBVV95cUxPUG9SU1VzMUxUNzlpOUNad3BUNGg5c2lidFIwV2tSWElrNUxkWGtLZlVNSktvamRkRE4zdUEwck01bnFfUGV1WlRVeGxZbXRfOFhaa2tiRDFCTHNQZC1BaVBJRDVteU9RN2dDSURmRU1rVHZnLUYzWW01VU45TW40RjdyRWJzVVNTLXNWaGdsZzdvdDhrSWFfNHBzMldVUQ?oc=5
2026-02-18	Google	-0.133	Tesla Trading Momentum Turning Lower Since December - Trouble Ahead? (NASDAQ:TSLA) - Seeking Alpha		https://news.google.com/rss/articles/CBMiqgFBVV95cUxOUUx0aDRwTWtUYW8yYm5qZWI4cFE0a05HZ3ZqWWdES05lbG5aNXRYSHR5aUpLTjVyNlFMb095d1U5Z2tZWEZ6NXFiYU8wNVRXengxV3ZqdGZmQl9kcUtQTWJ1WXYwZjdYV2NWMkp1azJPQkRCUUtKMFVXaDI1NXZYMFMzTVo0Y0pURGxSbjM4czl3SGdKYU9kMjdMaXRoRGExRVRtOEdpbWVoQQ?oc=5
2026-02-18	Yahoo	-0.3	Ross Gerber Says Elon Musk's Tesla Should Sell EV Business To Rivian, Says TSLA Brand Reduced To 'Negative'	"Investor Ross Gerber, co-founder of Gerber Kawasaki, thinks that Tesla Inc.'s (NASDAQ:TSLA) brand value has declined significantly as CEO Elon Musk pivots away from the EV business to autonomy and robotics. Negative Brand Value In a post on the social media platform X on Monday, the investor shared that the EV giant's brand value had deteriorated. ""Unfortunately the value of Tesla's brand has been reduced to a negative,"" he said. Commenting on the automaker's lackluster sales figures, the invest"	https://finance.yahoo.com/news/ross-gerber-says-elon-musks-230112600.html?.tsrc=rss
2026-02-17	Google	0.333	Tesla Austin robotaxis more accident-prone than humans -- electrek (TSLA:NASDAQ) - Seeking Alpha		https://news.google.com/rss/articles/CBMipgFBVV95cUxPZEhKa1B5c1h4ejJPN0VSUkdKM3FmVzBXUGtkQ3d3bjFIZ2lMZlBXZzVodXBwUDQ3OFFzazNCTkJ3dHlTZVhFeDV3YnZrczZ6aHVpa0Zic0VwRGhtc21zb3FVcFZqR3ZLcWx6Z2NNeHVzSGtjbUYweXRfZVE3b3pMUWtKdnNMWW1yQXdvSWZYUTNfZ1VFZkVuQllJeTd2Y3Z3YkEwOVd3?oc=5
2026-02-17	Google	0.167	Tesla (TSLA) Stock Edges Higher as Grok AI Assistant Launches in Europe - CoinCentral		https://news.google.com/rss/articles/CBMimgFBVV95cUxNQUQtRzBxUkRfN3RaZDFLbmFjLUQxeENmdHJHTFRqNW1Sb0FRelRCUTQ1cEg0ZVAyRWNOZHozVEYzRFdsalRoRlhJV1FBemVwUUY4S2VXU2NOdC1tazVTcEQtNk1Id19UMWxzODVLcEFnTzA5ZHdKbkhhUkVJNjNma3U4ZmNIVE9RZE1McThXNklERm9mV3Bvc2tB?oc=5
2026-02-17	Google	0.0	As Tesla Gains U.S. Market Share, Should You Buy TSLA Stock? - Barchart.com		https://news.google.com/rss/articles/CBMiogFBVV95cUxONk5tRlJ0R2ZUM3lnekYyUnJ3MU5iRE1iQnZOZm55RWlsNWdHRjMwMFJwSWZlUEIydmxBNVp3YnZ4eHJfd2xsMXIwZDAtRjJrSVpEX1hOc2tKbFV3cFRrRFdjaWYwNnhxTWRVNms2OHZUUmhtVjdlUE5BQlNfRS12dzNaZFRyb2Z4ajhrMEJGMEdHaVVneWpnNTFOY0tZWG5aYWc?oc=5
2026-02-17	Yahoo	0.0	Elon Musk Says 'Maybe We'll Meet Aliens,' Reaffirms Lunar Mass Driver, Deep-Space AI Satellite Goals	"Tesla Inc. (NASDAQ:TSLA) and SpaceX CEO Elon Musk shared the possibility of encountering extraterrestrial life as space travel technology and orbital datacenters evolve. Maybe We'll Meet Aliens During the xAI all-hands meeting on Wednesday, the billionaire shared his vision of having moon-based factories and mass drivers. ""We're actually gonna have a Mass Driver on the Moon,"" Musk said. A Mass Driver is a theoretical method of propulsion that involves accelerating payloads using magnetic levitat"	https://finance.yahoo.com/news/elon-musk-says-maybe-well-013109830.html?.tsrc=rss
2026-02-17	Google	0.0	GSA Capital Partners LLP Acquires 2,180 Shares of Tesla, Inc. $TSLA - MarketBeat		https://news.google.com/rss/articles/CBMiwgFBVV95cUxNcG1OM29wWHFGZUp1SjNHRVR5WEh0ZHU2ZlFmVEs0SUxXMjVkd1MtdDRiemlVS2IwUXRCc21RMjdwaFJxcnFxekZibkhzV2VoLXV4YVptZUkyeWY1QWE5X3Zad0lDZkNfR2phcDFlWjhJM0N2WExpOUhsY1JDVExvQlVDTk9IdUQyM19rODBJa0FwOVRXdnU5cWpuSWZvV1FacjNqbEVzR2JnQTZOSkd6UlJjTXhMSFlxcDRadjZfMHp1dw?oc=5
2026-02-17	Google	0.0	M&G PLC Grows Holdings in Tesla, Inc. $TSLA - MarketBeat		https://news.google.com/rss/articles/CBMiogFBVV95cUxPMUR1NjJHUUtRd2FCa1ZoaFZHQTdYUEg4UVk5MWZIaUk3dW5ab0dVSFJZZzJIclQzLUNoMk5EOWdBbE10Y2ZhX29XQ3JYTFJjOE9iSm9PNmJGSHQwOUVRVGZwMHJhc1hiXzJHcWVBU2lWYW1hOXBtUk5DdnRjamF3SThDVDhlRVFGNzB2YlV6QmxxTEtYRXFBZjhLbjJpRmQ2SWc?oc=5
2026-02-17	Google	0.0	Musk Says This About Tesla's Cybercab, Optimus, Makes Claim About Epstein And Tesla Stock - Investor's Business Daily		https://news.google.com/rss/articles/CBMijgFBVV95cUxNN21VVXY0QnZOVW1mZEJ4VlNidEFtYklTdFVOM05IaEFEdXRVeFEyUHE3cDA4cjVHcHhrQTN3RC1DYmtXY3lJVFQwd210VVU3S01XUExBUW44RGRNYk05Sm0tZ1B2akstcHp5b1ltVmtURDR0NEpUdlBFSEowZEpwSmJPSDM2dGJ4YTNoUHlR?oc=5
2026-02-17	Google	0.0	NEOS Investment Management LLC Increases Stock Holdings in Tesla, Inc. $TSLA - MarketBeat		https://news.google.com/rss/articles/CBMizwFBVV95cUxNbXdiWTkydHFjemQtdGpKMnA2bjh2azR5Ymo5OEYxYnJfZ0VrbWw5akk0a0ZHdW5zdmNQeGdHdks4MWM3R29yanpRUkdUWk1KalVJS1kxRkR6TWI5MFlWNVh1ekdkYmFNWlF2VTNlZjVERnA2c2dobW9WUGJpOU0wekNTTUNkcmlvTjE1WEpUaEJUSzMyZmcyQkpfaEJDTFMyaUF4WVlBVHhRNktyVGZzNThqYm44ZHdSbmFLeklyWVFYdVZXOFQ0ODRYTTdzemc?oc=5
2026-02-17	Google	0.0	Should You Buy the Dip in Tesla Stock Today? - Yahoo Finance		https://news.google.com/rss/articles/CBMie0FVX3lxTE9tOVVYeWhOeXZoS0gxaGM5QjBSaVpsTm5WNnRxZGRkdEIxSWloajlGZkFzRXFSUGhqUm04Vm9IcFd5amxiTXFMdkpfTWx1Y0pzWk1uUHlVVDNBdmdBY2pBT2lUV2xUTmVsbWIyME5JMlItbnBIWmdEb3lONA?oc=5
2026-02-17	Google	0.0	Tesla Stock Slides Tuesday: What's Happening? - Benzinga		https://news.google.com/rss/articles/CBMipgFBVV95cUxOcXJYdF9fLXIxOXlkYm5mRnA0WVI5SWhWNFZtTFBmenBJQkNYbUhFbkFZQW1Reml5eFFoMXVvS2FQMW5ZWlRtQlo2amVLc3ZIV3FuZnpiaDgtcUxzTkU4U1pDQk9HeVZjVHpoS3h3dlR0Rmw5ZU42NDhaUzdyeHUzdlZZTGhhNmZsRGRjeGJjbTZPTXJEekRzR2dQVFEzdWZMcTNoV2hn?oc=5
2026-02-17	Google	0.0	Tesla, Inc. $TSLA Shares Bought by Merit Financial Group LLC - MarketBeat		https://news.google.com/rss/articles/CBMiugFBVV95cUxOdzk2M1RsZXRFV1UwR3VCR0o0MkVodWpMdnc3eWdDZE9iVmRVa25LSUJBeGVqR2VOMFcwRUNWSlRBcUhzUWh4dWJEYmRGSFBDUUpibTZXN2Zjclk1a0RsMEdsMnFNdWh3bXotdXFpbHk3Ui1lbWNsV0hwNUtzekRmZnVUNFVjRGMtdzJOUVptNkhIQjdtY1ZHaGR4VXZYY0FENTM3dkZjS08xdHA3Xy1JLTlWV0ltZ1ZXYkE?oc=5
2026-02-17	Google	0.0	Tesla’s (TSLA) Growth Outlook Hinges on AI, Not Just EV Sales - Yahoo Finance		https://news.google.com/rss/articles/CBMihAFBVV95cUxNeDlmOFBWZ3JLLUFNcXNkRjdZSWhRT2tYTFNjZXRpUU9lSElOclh2eWVzelZyTHI4d1NkYkhkcXJ5SlkySVNwR2xlZGNhR19jdDVGVXhvWXZSNjNhVzRhazI2TXdXanFCZTk3clYxNjdBUkZQRGRRcFhlTmtQTFFYNDhIVVc?oc=5
2026-02-17	Yahoo	0.0	Why The Tesla TSLA Narrative Is Shifting On AI Bets, Energy Ambitions And Valuation Risks	Tesla's latest valuation update nudges the modelled fair value from US$418.76 to US$421.73, while also slightly lifting the discount rate from 10.06% to 10.11% and trimming the assumed long term revenue growth from 14.66% to 14.18%. This blend of a higher required return and more conservative growth, alongside a modestly higher future P/E, reflects how the current debate around full self driving, robotaxis, physical AI, and energy is feeding into what investors are willing to pay for Tesla's...	https://finance.yahoo.com/news/why-tesla-tsla-narrative-shifting-031242288.html?.tsrc=rss
2026-02-17	Google	0.0	“The Solar Opportunity is Underestimated”: Tesla Stock (NASDAQ:TSLA) Slides as Buffalo Workforce Ramps Up - TipRanks		https://news.google.com/rss/articles/CBMiywFBVV95cUxOc0cweGQ5R08xbVRuZ0U0alJRbXVhaVEtMDZfVGVHcVFieDg3My1fV3VSd2tKVHRBcldWNGU5aW5Xa2d6RHRHVjhleVhuNjhrbU9vaEtJV3huYWdieWlXeVVYMEpSVFFzbDJJRXVoeVlBSFVFOHZGMkJYd3VQdExHVDJGZ2VSNEhraE1oS09rQk82UUFwT3Y3UXV2MHRNRzhQMktyLU53ZjBBNjRyZkpmYW5FbEM0Y3F3ZzJBcVVVdl90MmNYMWpBS1V6WQ?oc=5
2026-02-17	Google	-0.025	Tesla’s (TSLA) Growth Outlook Hinges on AI, Not Just EV Sales - Insider Monkey		https://news.google.com/rss/articles/CBMiowFBVV95cUxPQXJPWW5sVkVBcUhvUUp4YkhDWlNmRXBMSGRMd1F5RnlNVEVzZzRIOEZKaUxmM2RtaThpX205a1BjN2hmYzk2YkhLWVZHeWl4eGFxWk43QndiU1dIcmQzeXhabjctMFZFLTBkLVZ3YU5YdGk2UmVVekNXMWVFWGJjdEZjX1FPZmE5dll4RXkxeUs3VDA1SXpFTk9GeHVjWHMwOGtR?oc=5
2026-02-17	Google	-0.1	"Tesla, Inc. (NASDAQ:TSLA) Receives Average Recommendation of ""Hold"" from Analysts - MarketBeat"		https://news.google.com/rss/articles/CBMixwFBVV95cUxNYmRoSG1FTFZCWWx0TW9adkVVQTlEcUkzWFlHLUZ6VGpSR3dzZlFCa3lraFM0VG5OUmNtQXFSdTZmUTVDd1FQbzliSUxObzdLZFZMWFE1d1FBOE9xeFdmMzljN1hiYndCZWlaVnVYYnhWUEN5dXY5bGRRYndzUEdaM2xxVUxCU2JCS1lWTVZReTBVT2VFcUhfUW1BUmpoQk9ldVVGRzRBdG0taUtJUUNmeS1RWHYxT0FQM082Y1B4QW9IM0lCcG1z?oc=5
2026-02-16	Yahoo	1.0	"The AI Stock That Could Turn the Tables on the ""Magnificent Seven"""	This company is seeing revenue climb in the double digits.	https://www.fool.com/investing/2026/02/16/the-ai-stock-that-could-turn-the-tables-on-the-mag/?.tsrc=rss
2026-02-16	Yahoo	0.6	Tesla Makes Its Largest Investment Bet Yet in Its Own Vision	The company's vision of the transportation market is revolutionary, and the company is betting big on it.	https://www.fool.com/investing/2026/02/16/tesla-makes-its-largest-investment-bet-yet-in-its/?.tsrc=rss
2026-02-16	Yahoo	0.525	This AI Stock Just Became Wall Street's Most Controversial Pick for 2026	Tesla is winning over some analysts, but I'm not convinced just yet.	https://www.fool.com/investing/2026/02/16/ai-stock-just-wall-streets-most-controversial-pick/?.tsrc=rss
2026-02-16	Yahoo	0.5	Better EV Stock: Rivian vs. Nio	Nio and Rivian are both relatively young EV producers, but the market conditions they're faced with could not be more different.	https://www.fool.com/investing/2026/02/16/better-ev-stock-rivian-vs-nio/?.tsrc=rss
2026-02-16	Yahoo	0.136	China's humanoid robots take centre stage for Lunar New Year showtime	China's most-watched TV show, the annual CCTV Spring Festival gala, on Monday showcased the country's cutting-edge industrial policy and Beijing's push to dominate humanoid robots and the future of manufacturing.  Four rising humanoid robot startups - Unitree Robotics, Galbot, ‌Noetix and MagicLab - demonstrated their products at the gala, a televised event and touchstone for China comparable to the Super Bowl for ‌the United States.  The programme's first three sketches prominently featured humanoid robots, including a lengthy martial arts demonstration where over a dozen Unitree humanoids performed sophisticated fight sequences waving swords, poles and ​nunchucks in close proximity to human children performers.	https://finance.yahoo.com/news/chinas-humanoid-robots-ready-lunar-080728852.html?.tsrc=rss
2026-02-16	Yahoo	0.136	Tesla Reboot Raises Questions On EV Weakness And High‑Risk New Bets	Tesla, NasdaqGS:TSLA, is contending with accelerating executive departures that are raising fresh concerns about internal stability. The company is reporting sharp drops in vehicle sales in both the US and China and has discontinued the Model S and Model X lines. Management is placing greater emphasis on humanoid robots, robotaxis and large scale solar projects, shifting attention away from the core car business. Tesla shares most recently closed at $417.44, with the stock up 17.3% over the...	https://finance.yahoo.com/news/tesla-reboot-raises-questions-ev-121114194.html?.tsrc=rss
2026-02-16	Yahoo	0.0	$105+ Bn Battery Energy Storage System (BESS) Markets - Global Forecast to 2030 with LG Energy, Panasonic, BYD, Samsung, Tesla Dominating	The global battery energy storage system (BESS) market is set to experience a remarkable growth trajectory, with a projected CAGR of 15.8%, expanding from USD 50.81 billion in 2025 to USD 105.96 billion by 2030. This growth is fueled by the increasing adoption of renewable energy sources like solar and wind, escalating electricity consumption, and the demand for advanced energy management. The decline in lithium-ion battery costs and favorable government policies further stimulate market expansi	https://finance.yahoo.com/news/105-bn-battery-energy-storage-155700043.html?.tsrc=rss
2026-02-16	Yahoo	0.0	Assessing Tesla’s Valuation As Analyst Models Clash On Future Growth Potential	What Tesla’s recent performance data can tell you Tesla (TSLA) is trading at $417.44, with recent returns mixed across different periods, including a 0.1% move over the past day, a 1.5% gain over the past week, and a 4.6% decline over the past month. See our latest analysis for Tesla. While the recent 1 month share price return of a 4.6% decline suggests some cooling after a strong run, the 1 year total shareholder return of 17.3% and 3 year total shareholder return of around 2x still point...	https://finance.yahoo.com/news/assessing-tesla-valuation-analyst-models-031213452.html?.tsrc=rss
2026-02-16	Google	0.0	Eric Schmidt Says 'We're Running Out Of Electricity,' Urges Space Data Centers — SpaceX CEO Elon Musk Quips: 'If Only There Were A Company' - Amazon.com (NASDAQ:AMZN), Tesla (NASDAQ:TSLA) - Benzinga		https://news.google.com/rss/articles/CBMikAJBVV95cUxNR2NBXy1mZzhoLWpORDJQdzZCSUV5cjVFcXBxaU1fd25WbzltUUFYaExQMVg5Wk9ucmRmWEQ3ZTVXbWNlTGFoWEplUmtsV0lFRG80QUc2V3hRTWZwbFZ5MVR2TTFRS3R2REpIeEdlWklra0ExemFEc0RhRmJnWXdtV0duclVlT0RLYjBNekw2T0ZyRzhvcFQ3TjU2cFppakxlZXRFYUNxbTFFdV9PSkR6VGhSY25MS0FDdDlqUmRTZFBiekowMVhXdzkzTlFFU2xQMTFtV2szQ0hfZTVIRmJQVEdwWlJGeU1ONmF2czBVd3JYd0hOWHJBODVPTW9yNzBRMVpDRWkxWXdySmtYZzZaQw?oc=5
2026-02-16	Google	0.0	How Direxion Daily Tsla Bear 1x Shares (TSLS) Affects Rotational Strategy Timing - Stock Traders Daily		https://news.google.com/rss/articles/CBMi7wFBVV95cUxQd0Z4YndzdVR3cmhNSXI0TTdsd3ZUUzlsYVU3dUxiT05BcFpJUFJDcDhvaUFhTVNHQ012aUpKejAzU3BHSVU0bjZnZDFKd21LczdnMElhOG9qdDJNQUFzYkVXc1owZEU2RGlrd043eTVjTEdUWWNCVGd3ekk3LWtLeXlWZVY0UEt6Mi1TMXJqVzRRUENiZlVGOHc3QUxtSDNpWXpNY0k4bl9GNFowX2dHdXB5cTZDbzR1U282aVdDVzJXdEhGNUZyUTVTTVkzQUFqZ2FwMTRPSzM1WU1hZUFmYVNwUllXSmotd0FRaFdBbw?oc=5
2026-02-16	Yahoo	0.0	SpaceX Shifts To Moon, Challenges Bezos	Musk pivots from Mars to lunar city	https://finance.yahoo.com/news/spacex-shifts-moon-challenges-bezos-111409132.html?.tsrc=rss
2026-02-16	Google	0.0	Tesla enters the autonomy-as-a-service era (TSLA:NASDAQ) - Seeking Alpha		https://news.google.com/rss/articles/CBMihwFBVV95cUxONGFlOFdIakRKZ09EVXBKa0ROZmpMTXN4V0JzOHNUWW1RM2JQVG05cUFlcnFQa1ZJTWZSSWlZcWN6N1lySG0yYnpPODgyNURYVzdlWWRzLTkwakMxSVJlMTBtU0p3X1BNVk10SzhtbW1ZM1lhS3pMVG1hMnhFVXc1YUhNOExieUU?oc=5
2026-02-16	Google	0.0	Tesla, Inc. $TSLA Shares Acquired by Southeast Asset Advisors LLC - MarketBeat		https://news.google.com/rss/articles/CBMiwAFBVV95cUxPdERRaDJ3WVRXcmFNN09VTnl0cUlncUlpaXZhOXhYODhVX1hieE9oZlpVcHlYVEZBQkcxUUp0VkRSVzlUN2FSOVBTOVZzYWs0dGNEZ0Zkd0t2UFJ3OFpOek9yZlgybUdTMXNxeVhUNGZTdnFMeGxocU40THlCV1JPZmV5dTZvSzZET2VhUUYweVhjaFdYaUhFR3psNmlqbUtHY0hYYlViWVliMGIwQ1NsNWFKamZGOFBNR3dXd1VNNlA?oc=5
2026-02-16	Google	0.0	Vanguard Group Inc. Grows Stock Holdings in Tesla, Inc. $TSLA - MarketBeat		https://news.google.com/rss/articles/CBMiugFBVV95cUxOdHlLdllIVHEzczh1QTllLXJqMTFnQ0lDYnZMS2tWQUxWbDRFaXhhTlFLd0tWemx1OFk0YVZ2a3lQeWUtbXNGbVdodTJjX1RCREJPWktoNUpJTDI1QVN4VTZkOFBubzk3NVZZa2UtV1BnM1lNdnJHMzAtcFhIMGZ4aWliSEEtLXRUc2lGeWU2UUw1dVJmZGhEZnJMVEhwQ2ZVaFl2YUpPLXhvbzI3aHJxOXUxUDBYUFNjQmc?oc=5
2026-02-16	Google	0.0	Zions Bancorporation National Association UT Raises Stock Holdings in Tesla, Inc. $TSLA - MarketBeat		https://news.google.com/rss/articles/CBMi3gFBVV95cUxNUFdjSXlZRnM1N1VrUkd1d0txLUJHNlVrUGpRM1gwSTF0dkp3cXdVcXZRZGpSV3hMNlExTGNobkJ5UG1NV3VTYmdyZzBueFk2TFZBRUkxQzJNM2xUdUNJZlI1aGc3UFN2aVBydUdZczdUcGlmUjhHcEdBQUtFckdxbXZxM0l1MmNBQ1FsV3hJeVZYQlNkZmtBMFExaE1CamNUZUtBNnJSNURxTUJkTFlEVnVlb0QteXZQNm5LTF9paDI0VnM0cmxzcm1VWnNZcjN2VmZ0YmlhNVRMeDVQVEE?oc=5
2026-02-16	Google	-0.017	Precision Trading with Graniteshares 1.25x Long Tsla Daily Etf (TSL) Risk Zones - Stock Traders Daily		https://news.google.com/rss/articles/CBMi7gFBVV95cUxQUmJEQTNVN3hJU3hUZWk3VUJ2bDM0V0tnLTNnbmV1aEM5emp4UFYtVnMxRkNpS3FwTnRFOExDWG8xWUhEYW0tV0ttTDlmWUkwYWdlTGR2SXJCQWpMZUNVODBuUFp3SDRpZzJHNnI1dHBVdDBDVFB2cjNDcFNyakVNZnlmYm43TXNvbGVkOW4wUWNYMnpfamNzckI5Slp5QW1IU0xxaTVCa2tXdHBZSHlIMy1HWDd6eGx3dTM3M2tfOTJqQzU2dklCWEY2V0pKWUlvUnRwQ1FQS0JTaTBqSlhGWkhqUjN1TWstS2t3ekVR?oc=5
2026-02-15	Yahoo	0.5	Here's Why Tesla Is Now Diving Headfirst All the Way Into Robots, Solar, Robotaxis, and More	Tesla's core EV business appears to be hitting a wall, forcing it to accelerate the developmental timelines of several of its side projects.	https://www.fool.com/investing/2026/02/15/heres-why-tesla-is-now-diving-headfirst-all-the-wa/?.tsrc=rss
2026-02-15	Yahoo	0.0	ARKK ETF Update	ARKK is having a rough start to 2026. After closing 2025 with a 35.49% return that crushed the S&amp;P 500, Cathie Wood’s flagship innovation fund has stumbled 9.58% lower year-to-date as of early February. The pullback has been swift and concentrated, driven by weakness in the fund’s largest holdings and a broader repricing of growth ... ARKK ETF Update	https://247wallst.com/investing/2026/02/15/arkk-etf-update/?.tsrc=rss
2026-02-15	Google	0.0	Tesla (TSLA) Valuation Check As EV Sales Slide And AI Robotics Spending Ramps Up - simplywall.st		https://news.google.com/rss/articles/CBMixgFBVV95cUxOYkMwcWJRSExpQ2RfM0VPazFGRnA1TDQyR1BDc213ZWhoT2dvZHRBaUk0T3pERXZtcmRFblVhSDBmTm13RzVVWnc1YVQycFE1YzFiWXlXQVhrb3N4WUlqdktSQjN6UFlZZFZ5R0hObndyTzl4WWtTcWVPcmZwUHh5dFpzbTdaUFNFSS1ENGwxQjJ2UGJEclNyT3M0VllobDZid1RzX3drRThuVzZ1MF9NT1Y0elVHamVQNFdIdVVqNkNxckFmUnc?oc=5
2026-02-15	Yahoo	0.0	Tesla Rival Xiaomi's YU7 SUV Overtakes Model Y China Sales In January	Xiaomi Corp. (OTC:XIACF) (OTC:XIACY) outsold Tesla Inc. (NASDAQ:TSLA) in China's electric vehicle market in January, with its YU7 SUV delivering more than double the sales of the U.S. EV maker’s Model Y, according to data released on Thursday by the China Passenger Car Association. The YU7 recorded 37,869 deliveries during the month, compared with 16,845 for the Model Y. The Model Y, previously December’s top seller, dropped to 20th place in January. Among new energy vehicles, it fell from first	https://finance.yahoo.com/news/tesla-rival-xiaomis-yu7-suv-183233313.html?.tsrc=rss
2026-02-15	Google	0.0	Tesla Stock (TSLA) Opinions on Five-Year Price Stagnation - Quiver Quantitative		https://news.google.com/rss/articles/CBMimgFBVV95cUxQZUlQX2tncjJMZ0lCWUNmSXE5TF9tS2pFRk4xZzg0T1o1MWllVVA1QUpiZkR1R2JpLUxJNnpFYkVHNXpoTE91U0ZLUzI4eXBVU0xwZzVQTkhrMG1zNTViNjJIMEc4d0h5a2VkSTlqd0VlYzAtYmZJSktjVVZUYWVhdDBJWEhsS3FCZmY2clVJTnRjOExsSnVONFpR?oc=5
2026-02-15	Yahoo	0.0	Volkswagen's EV Lead And Tariff Break Reshape Valuation Debate	Volkswagen (XTRA:VOW3) has become Europe's top battery-electric vehicle brand, overtaking Tesla. The company has secured an exemption from EU tariffs on its China-made Cupra Tavascan SUV through price undertakings. For you as an investor, this shift puts Volkswagen front and center in Europe's competitive EV market. The group already spans mass market, premium and performance brands, so gaining the lead in battery-electric vehicles adds another dimension to its position in the auto sector...	https://finance.yahoo.com/news/volkswagens-ev-lead-tariff-break-100856407.html?.tsrc=rss
2026-02-15	Yahoo	0.0	Where Will Lucid Group Stock Be in 10 Years?	Can Lucid follow Tesla's growth trajectory?	https://www.fool.com/investing/2026/02/15/where-will-lucid-group-stock-be-in-10-years/?.tsrc=rss
2026-02-15	Yahoo	-0.2	Tom Lee Says AI Killed Software And Job Losses Are 'Soon To Follow'	Fundstrat’s Tom Lee warned AI is destroying the $450 billion software sector and job losses will follow, predicting a dovish Fed under Kevin Warsh will cut rates as core CPI is forecasted to drop in Friday’s data release. The AI Job Destruction Warning Lee told CNBC on Thursday that AI is “wreaking havoc across software” and job losses are “soon to follow.” Software companies, which once “ate the world,” now face existential threat from AI displacement. “If software shrinks, that’s deflation,” L	https://finance.yahoo.com/news/tom-lee-says-ai-killed-230155251.html?.tsrc=rss
2026-02-15	Yahoo	-0.4	The Week in EV Stocks: Rivian Gains 19.8% While Tesla Lags Behind | RIVN, TSLA	Rivian Automotive Inc (NASDAQ:RIVN) gained 19.8% this week, closing at $17.73 on Friday, February 13, 2026. While Tesla Inc (NASDAQ:TSLA) managed just 1.54% over the same period, Rivian’s surge came despite year-to-date losses of 10.05%. Three storylines drove this momentum: Rivian’s Q4 earnings that revealed hidden strength, the imminent R2 launch, and software revenue growth ... The Week in EV Stocks: Rivian Gains 19.8% While Tesla Lags Behind | RIVN, TSLA	https://247wallst.com/investing/2026/02/15/the-week-in-ev-stocks-rivian-gains-19-8-while-tesla-lags-behind-rivn-tsla/?.tsrc=rss
2026-02-14	Google	0.0	Tesla’s (TSLA) ‘Investment Year’ Strategy Is Turning Heads on Wall Street - Yahoo Finance		https://news.google.com/rss/articles/CBMijAFBVV95cUxQYmdUandrTW5uNmJvTkd5T0RCWkpUMnpTRXQ5OUJRTUJCNk4zVnJaTWJ0dzMzcVlDSmNvMEJ3TnJxTDdWZ19iUmVzcVhuVm5sM0VzWG9tSEhwNlRHRkRtXy1naWo1ZHdOT3Uza2JnU21tRGFNTnRRRWJPVXVNTTdndkpyNmYyMlp0TXVHSQ?oc=5
2026-02-13	Google	0.5	Tether invests in Hyperliquid frontend Dreamcash, offering perps markets for TSLA, gold and more using USDT0 collateral - The Block		https://news.google.com/rss/articles/CBMi6AFBVV95cUxQWENjTVFVM2pZT0JDOTZjTUxLa2loZnUxYUxVQnFLa0VsUHdyU3I1QnpmbE9ZZUpYbXdMdmRKdnJYcVRWUUIxQVFZSEVDRjF3YmE4REdKR2oyTlgzeHgxUU9qWkxIUmE4WkcwcDEtNlg3Qk5XNE5wV2lScWJpZU9iVXYyZTRTRWlqRFJQeU1YaXN2MzRfbG1XTGluakhBcldjajRGdE9McmJWMGlqaEdrVW1fNE9pNFRDRTBIVXB2cUpGYXVNbXJnamo4VGc2M29Femx4T1hMU2JPTEl0cl9sNXg4YjdwN2dB?oc=5
2026-02-13	Google	0.0	Tesla (TSLA) US sales estimated to have dropped 17% in January - Electrek		https://news.google.com/rss/articles/CBMikgFBVV95cUxQbFR1R1BzcE1zbmhETkpTaWJpbXZBTnNLMnM4MFhlZUR3eTE4ejlnc0ZqRFhYc1l4elNBUWNDeV9pcDZBNUFrTEl1QVNBc1FVXzlLbjZjRi1qTDJsdEl3aUtZZHdSRTQ2cnJ3YzBPZXFUNUFTNkZtVFd5YXh5dmN6dmZwTlBYNk5CZTJpSGdlY18zZw?oc=5
2026-02-13	Google	0.0	Tesla's U.S. auto market share improves even as sales drop by double digits again (TSLA:NASDAQ) - Seeking Alpha		https://news.google.com/rss/articles/CBMitwFBVV95cUxPWVRobWpuZVVBT2FlbUNCbzZHYTd0WXJOQWZqbk8xTDNvN2pwZjZWNkFmaHhzcUlBRl9iNDMxVE1UVVA4M2h2dTFiYUgwRzdOeDBQU0E1N3NQMUxDLVV1SWRoU1lYX1hPRmM5VFptN1ZvVnJrYlBqT3RMZDVxazlBLTc1ZzN6RmNZOUpzald6ODAxdVdmNU1rbzlaajFfZjJpemRPemlSdXdqVWVCTEhEMUtWbXFfV2c?oc=5
2026-02-13	Google	0.0	Tesla, Inc. (TSLA) is Attracting Investor Attention: Here is What You Should Know - Yahoo Finance		https://news.google.com/rss/articles/CBMihwFBVV95cUxPTnlONmdhZG1CMXQ2RUUyTVNhUERYQWRBanpMUHNfYTBydUhsM0dUNFZYbl9hSGR2UE12ZEZHQkc5LVR1ZTJNNWlBOExUc1MwRTUtR3dhblVTUlVXZXoyVG1HNW0tSUNGaE45cy05ZmZDbUZMQWs0b0t5THN2a1JMZVktaThsSkU?oc=5
2026-02-12	Google	0.0	Tesla (TSLA) sales in China crash 45% to lowest level in over three years - Electrek		https://news.google.com/rss/articles/CBMipAFBVV95cUxQc3VlSndWQWJLM0Zobm1sN1BZUEFJc3hHOXZqUGJCQVdWVUtjeF9yVlRBMWM4SUUtdUQ1NjEzRXNDbmluZ2JhYUlFXzhkWFhuelo5aWVjT0Q3WkJRbS1BNi1DQmpJU3NuRGg2NEN5WW9GSkJqUTgzTGttZXV2REdsUUREUERUTHk4dGdXaVgyVnpST3d4VERWZU9BTzBMUVRnbWl0bg?oc=5
2026-02-11	Google	0.5	Notable Wednesday Option Activity: TSLA, CVNA, META - Nasdaq		https://news.google.com/rss/articles/CBMihwFBVV95cUxQVGRwSElKTi1CWkhuT2owSUpsMEx6Z3Y2QXBNcU5zMXJ5RnRhM3c1T2FqbXlkbnZpN05JRlVyRmlvVlFVMXVYekVlZFJsdnhWVVJWeTJ0MHN3dmNKeGQtMXhiMXhHaFBkSkZwY0VScWFIdFhIT2JQM0xzRmNSMGVPZkQ3T0ZiU1k?oc=5
2026-02-10	Google	0.136	Rowan Street Capital’s New Addition: Tesla (TSLA) - Yahoo Finance		https://news.google.com/rss/articles/CBMiiAFBVV95cUxQVWcwZGpoM1R0OE1RZGV3NWROWGlxcThrM29Rakxlbm8tVWF2TmFDZHNYZ2NmM0tCb0xBSkRmNG5QVmFDeHhsOG02SDdMbFhGTU10eWtBZmVfblhKLVAtd29falcxWjdLc0o2RjJaSklhV1BLbEQ4bUJ0UW9Lal95TlJMaWEtaDk4?oc=5
2026-02-06	Google	0.4	“Tesla (TSLA) Was Fabulous,” Says Jim Cramer - Yahoo Finance		https://news.google.com/rss/articles/CBMif0FVX3lxTE05MXVKM2ZHZFpqVzVqYXhjd016a3ZUd0w2ZmNuVWY4ejdhSHI1WS1HSjBMQVBzT1R5aHFGQWRTdzd0TGJXalVCSVN0VS1RY2Y1WFJoX3ZtenhmX2VxODQxblJuR0J0a2RsUGtqa3BWRTJqblNDdGtJaVNxM2RxMGM?oc=5
2026-02-04	Google	0.136	New Congressional Support For Robotaxis Gives Tesla Stock (NASDAQ:TSLA) No Help, Shares Plunge - TipRanks		https://news.google.com/rss/articles/CBMivAFBVV95cUxOWVNWMXlJMEltMElDNlN0eXJMQWdLZGlIb1d0enZJR0dtLW5mNEhRa0dyQlZmT3dwZ19YcXdlY3FVazVtNERQV0RxdW9Nc3dwNHk4UUFEbGFQbnRXajJsLUxJUk03OEFJZDZRYWV4cXRENFRUeDlWWHRJel9ZX25aNk11aWZSV1VycktYcm9kZkw2b1U2RFlFT2RacjhZSklfbHpvVlJyMWxCeFhXcHZ4XzNydnVqel9QTjZJNA?oc=5
2026-02-04	Google	0.0	Does Tesla (TSLA) Share Price Reflect Its Role In The Electric Vehicle Shift? - Yahoo Finance		https://news.google.com/rss/articles/CBMifkFVX3lxTE5nVkI1WmhLemZlNVZVV0c3QVdFbHhkRFlEZEtTN1VqWnBYMXBfODR3OEpqRjE2S2xXeXF3WS15cmNCRlFBRmVzVVBPU0lCejhFS1hhZ1R3cWswVTBOd3FnaUVNOTR2MFhWM0lnRWg4M2dyY1Q2Vi1BZER6Q25UUQ?oc=5
2026-02-04	Google	0.0	Tesla, Inc. (TSLA): A Bull Case Theory - Yahoo Finance		https://news.google.com/rss/articles/CBMiekFVX3lxTE1HYjBlX2NQM0dKWlpBYkZIZUhuNExpTnRCV0M4LWZJMFBNMHBhVmVjWHRxdURsUWl2elA0NjZnOFVWVEVjN1RYeHF5eVBTNjBvV3REekM2dEdFN0FFU0Q0eTk4aHIwS3Nxckx1Q1FUaU93bm00eUdkdFBR?oc=5
2026-02-04	Google	0.0	Waymo Raises Another Red Flag for Tesla. Should You Sell TSLA Stock in February 2026? - Barchart.com		https://news.google.com/rss/articles/CBMiwwFBVV95cUxOLVZraWpYZnJGbEtiNWFmbThydUt5MUVlZWJmMllmSXJwWm5EVEF3eS1PMnpqQmtnYmo5aDhaVzJhaXhoMmdyOGx4OGJNUjhYQ0w3TG9uUzN5WW54YTVLRmtHbDNPUDZXNUVoaGNSVmxtN0dYa3NyYW9JQV85bkpTMzFtSnFMWDBVVTdLZUVueUNMa3o3UmZFMG52UWdxSnVnVkFURTU1ckpIdDZGSmt3OWU1dXI2QjBLdEg0cjBzbzZKaW8?oc=5
2026-02-04	Google	0.0	Why Cantor Is Sticking With Tesla (TSLA) on AI and Robotics - Yahoo Finance		https://news.google.com/rss/articles/CBMiggFBVV95cUxOTHhWWHUzODdMVHhGYlB1d1otN2xIOVpKdENnX1ZUVXhLTmxHS2hUNjc5U3ZHSktXdERCOVRwNVJScVFzWEptNE9qZVVMampmSGRVU1hTZmlQMDVWRFpQTUt0VUt5RGd6VWc3WEN4dlo0M1VxVmFCdGFtNXBrMUxyd2hR?oc=5
2026-02-03	Google	0.0	Here's Why This Investor Just Purchased $1 Million TSLA Stock: 'Never Bet Against...' - Benzinga		https://news.google.com/rss/articles/CBMiygFBVV95cUxNN2lCUGZzTmlxODJ6NDRaOE1FR3RoYmpydnRxbThJQ0FOV04xbE1nNVZnekdGcDhyUlBETzNWbGo3dThGdVAwaG9ET19va1hZeWswaXcxNWtJZ21pRXh3OHhKakdxT1A2eGwyaTBkUEZ2eFk2blJpMTY2UWxVNWNiYkVMMlZSYmx4LTVqU3FRVGFiRnJMX0RiX21obER5ODJYOE9GZ292dXZGblRJd0ZTT0pRdlFiajF1aVBSLXgzVkI5Q2FJd2doWTNB?oc=5
2026-02-03	Google	-0.111	Gary Black Thinks Tesla-SpaceX Merger Does Not Make Sense For TSLA Shareholders: Here's Why - Yahoo Finance		https://news.google.com/rss/articles/CBMiggFBVV95cUxNWTZyYjBxd21sRlZwZE4zcFRsWmRrbk1pSFQtc3FwRUpwM0RqQm5UbHN2LUw1YmJYWWphN1JKRXYyOGROZVpvVWJoRHlwbkZvRllsUDBKMmtqS3gzQnU5S19ZdXNoUENqN0F6MlhuMW03aGRYaWpMRktsdUZ5ejZGUWFn?oc=5
2026-02-02	Google	0.0	Tesla, Inc. (TSLA) Is a Trending Stock: Facts to Know Before Betting on It - Yahoo Finance		https://news.google.com/rss/articles/CBMigAFBVV95cUxNWTJvU2lteGhoZUNyNEcybVk2RGN2U21vcUZjSVdnN3VwUnA1WEFOTXJuZ1A5SGRETkp2b09nM1JRLW8tTUlQYS00WG5XZExxUXpRZlpscS1wRG9FR0piWUxfbkE2aFJuR2VMeFhQc0hkbzdoQjYxSzNSRE5HTjVOWQ?oc=5
2026-02-02	Google	0.0	Why Is Tesla Stock (TSLA) Falling Today? - TipRanks		https://news.google.com/rss/articles/CBMidkFVX3lxTE4xU1dvMVVCeGN6V0VJd09YRk1KOWZYUXl2a3pTUzg2ZnRJOTJJVG5XR0I2RG1zSVFBbVBKeUlFSklvak5veGlHakFwR3pfdEJScUZJUWJzcGpLVmw0SWpxLUFKWlVNOU5rM21IX1ExcFd4UkQxMVE?oc=5
2026-02-02	Google	-0.875	Tesla (TSLA) can’t find the bottom in Europe as 2026 starts with another brutal decline - Electrek		https://news.google.com/rss/articles/CBMijwFBVV95cUxQNUZFUGc1MXRMX1Q5M0ZqdlFOdTktZThnU3JLVzdUV3dqY3BtOXU0Tkhzc2FRMWpib1BVYUwwbW93ZjBKQ1VKazFfMXkzQ0liUDRaVUdmNmRVTWwxRjVUYVJSQ29vYV9nNlg4NjBLaFBHMThLV2c2LTJEWlYwVkNOS1hYYTBDaGlFdEk5clVTbw?oc=5
2026-02-01	Google	0.0	Tesla (TSLA) Seen as ‘Physical AI’ Leader as Mizuho Lifts Price Target - Yahoo Finance		https://news.google.com/rss/articles/CBMifkFVX3lxTFBfWUFIOVhaMzBzQm5KaGJvbjdOQ0ZXNUtzRGFfZ3dyNVQxLXlMTW9pRUJpZ1pxelEtWEhDUUNMdm1SRTBqd1Q1cDF1Q0VyaFJybXliTVk1emdZMTk3aDlOYk1SQ3V3bnFHY0hrWE9qVy13dmtPN0lXQVQzdVZsUQ?oc=5
2026-02-01	Google	0.0	Tesla: The Valuation Makes No Sense (NASDAQ:TSLA) - Seeking Alpha		https://news.google.com/rss/articles/CBMigAFBVV95cUxQUVFCeVhGVEJSWUNJaEpzZF92bzlYMEtBcGpBOFJsVWljZllOZjZaTnBOVWZxUHFZNzQzaTBJN2lId21KR1I3cS12MmpqcEJ5QmdSdTZCY3VuQW9kcXRXcGxpbEtUUWdnUm1pNDRndzN6eUxRVzY3cVhreGRZS1g4Ng?oc=5
2026-02-01	Google	-0.014	Tesla (TSLA) Valuation Check After Mixed Short And Long Term Share Price Moves - Yahoo Finance		https://news.google.com/rss/articles/CBMihAFBVV95cUxPTnBBNTRpUlpLUnVqbW5XalpsbEV3SWdVS2hGQkJ1Ymg5NzBGdUFtYUNCbjNqOGhyVmhsM0pYTVg2YzNSRVZCTGVDdUpYZ01ySzAwVTdkZ29YbEZZeWw2Ynk1QmF0eWVoZDJVZVBsU3FKWTBrZWgxUHlGeWJjOWppMWV1WVU?oc=5
2026-01-31	Google	0.0	Jim Cramer Says He’s A Believer In Tesla (TSLA) - Yahoo Finance		https://news.google.com/rss/articles/CBMiggFBVV95cUxNQk5qcmVsOEFtTHllQWF0emtRbWdPTy04RUNvYUlXcEZQdHhPc3RVbHZkT3loUTBzTXZJbVFqZTBwelBVU3I0VTdKOF9LNWlZVTF1c3lNWUdXY3AzOVpPcGtNODdqeGYwZHZnUzdUTWNZbEtzZmdSdHpXMnotSXdnX1pR?oc=5
2026-01-29	Google	0.0	What Makes Tesla (TSLA) a Lucrative Investment? - Yahoo Finance		https://news.google.com/rss/articles/CBMiiwFBVV95cUxNMFBLQzlBcU9NQkNhamJMY3NqTU9ZOS1kME5HX2NzdnZLZXFkREdzREZoMkdWT3A2YzdyaktRakc3azFaMExiZ1RMLWkzNjNnTXpyc3dEdVQzV3o4ZFNsemVYREZXVHh2cWc5UDdhOWpOSjNkcFNLcEJoOVU1a1QwZkltZTU5T3JfdWxJ?oc=5
2026-01-28	Google	0.25	Tesla tops estimates for quarter, but wraps up first annual revenue drop on record - CNBC		https://news.google.com/rss/articles/CBMickFVX3lxTFBIcmNFZHZuaU5TbzVFaTJFSXBadWI1WUhtWXo2ck9jdnVFVmFQaFRnNHJlMVo2SUQ4MGcyMGg0V1Z2RDhLUnlqY3ppQ2N6SDF4RGhGOVhHaWtxSVFpNlI3dW8xTTBTZHBoV0xqaU9GRTBtZ9IBd0FVX3lxTE5feGdQZmdrcFdZWFRHZE9wY3dwd0p2dzNreGViMWtzTW5BMmRYM2lLWFFIX1BjaFRtdmdxZjhXX0NhaXhudlRTS0pfYkdWa0FEOEt5dXljbXVmM013a21scDgxc2VNN01FeTVPQTZWTUVjSDlhVUJZ?oc=5
2026-01-28	Google	0.136	Live: Analysis of Tesla’s Fourth-Quarter Earnings - Bloomberg.com		https://news.google.com/rss/articles/CBMiiAFBVV95cUxOeVNCcXlqTk1SaDVsNVJHSHo0VjJyYWY0YlZ4Y254aE1Oa0VLX0lZUkFlVm1NRVRtOXFmakUtQVZqb0ZFZGRFeUNvci14aUpqVWRPVGhobmlMcHJJcXJyT0NqZXp5Mm80Tkh5Z3U3Z2tnZ29feXRjM1ZLbEE1bGNmdk14bFM0TmYz?oc=5
2026-01-28	Google	0.0	Tesla (TSLA) Q4 2025 Earnings Call Transcript - Nasdaq		https://news.google.com/rss/articles/CBMigAFBVV95cUxObGo4X3NzeHo2dTQ2WWFjQnZJSWhBc1prZ2pad2p1aS1QaUFIcW13ajJRSXo5Vmx5NnYtd3B1azl4bWRNMTNrZnJLQ1hreU1mUFd1QWs2dGlzZmZGNl9PN2pLRTF6dzVNUGswZzFYNjE2QjVzQnFOZ01kNkh1VE00OQ?oc=5
2026-01-28	Google	0.0	Tesla (TSLA) Q4 2025 Earnings Preview: A High-Stakes Test of Patience and Promise - marketpulse.com		https://news.google.com/rss/articles/CBMitgFBVV95cUxPVy05S0V3VU1HMUYzQ0ZqNlZwNkNvU2xyWmtfdnNHV0M3WnNIWkdPRFFNNUtBWDA3bE55ZzdwWEZERXJaOVVNd0ZJMVlmb1U1R2YwZ2pmMnBqdGd2OFRac1R6aUxmb1BwUXg4NUZERFdSbUxpWjNMNFJVMVllaUVackc2eUt3d2ZVQ200SGYyTkticTNsTWt3ZERDQUF2UjIyb3JRZV9fQmYyZ1VqLTkyaDFlN0ZoZw?oc=5
2026-01-28	Google	0.0	Tesla Inc (TSLA) Q4 2025 Earnings Call Highlights: Navigating Growth Amidst Challenges - finance.yahoo.com		https://news.google.com/rss/articles/CBMid0FVX3lxTE54ZWlyOXJzaXlRYTF3eXh2dTV3U2RkYW84QTMyR0Z6NXlfTnN3bUxWQkhpOS1NSDcwZFVfa0ZyajlMTWJ3MVRwYjEwM0ZJempsNmdrUzJiZFhic3JiTXJ5MGpjWkVaVGlwZXZGMVdkWDhHZlBaVW13?oc=5
2026-01-28	Google	-0.083	Tesla (TSLA) releases Q4 2025 financial results: slight beat on earnings - Electrek		https://news.google.com/rss/articles/CBMiowFBVV95cUxNX0ZKRlI1T2tSMHpFRWV4UDBaZmszVThHR05qVVExN3cwZnRYc3JXVzBybk5kVmY4WnRnelotS3RMZUQ5WkpwT09OUlpjclFoTUVvZGNyT3JpbzRZSkRjaWtVcUNDQ0VCbzVPN19IcTFOOXQybTZOcFJlM0VjNTBsN0Vldk5Ob3c2ZVZRSkZ3TldrcXBicEM0aTluM0JCQjlZZ1E4?oc=5
2026-01-27	Google	0.143	Not Owning Tesla (TSLA) Impacted NewBridge Large Cap Growth Equity’s Performance - Yahoo Finance		https://news.google.com/rss/articles/CBMiggFBVV95cUxNWXVIV091LXA4OFBSQTdLRjcxSnJOMlJ2NUFmTnNPaW1qRm1IUi1XbjVNbXBxQjdXSkxTeHVyZVhTR1dPWUxHdWVNR0NHYUtaYTNEVE5uMmZEWnFiMWZudU5TLTZCRlIwd0MyT0FicTB0RU1XNHJ0RDQ3M3F1RU1zTmRB?oc=5
2026-01-27	Google	0.0	Tesla (TSLA) Earnings Preview: Battery Demand in Focus - tastylive		https://news.google.com/rss/articles/CBMilgFBVV95cUxPV2V0Sk56VDJGa1ZWbFpUbElxMXNBdW42aUt3Ui1KTGNQbHlaTGdQemoxVnpZX2tENUNqZTZYMExBd3EzbGVBa0RfSW9mS1kxcFFfZnVPSXlYelRIeHhCbFQ0MmRvdTk0aWZObGYyQktqdEJ0TFB5azdpVGVCNllud0FYcm8zamhINDBtVmx2a1F6M1VMS2c?oc=5
2026-01-27	Google	0.0	Tesla (TSLA) Q4 2025 earnings preview: another year of decline in the books - Electrek		https://news.google.com/rss/articles/CBMikgFBVV95cUxORDNVQnpxS29XbGRsYmkyMUVFRHp0Yk1OWW9HUXNrTlpOekExVVYwQXBuLUVSWE1JWjZwWlN6amtJS1ZQOEZnMlBqU28zVmFQc2NGeXpWLXRIOHAwQVl6U0ZMdzRNZjZEcDBMc25HNHNaN2xfLS13RlhCdWt1aUY5REowSG5IT1hOVEc5REV5LThXZw?oc=5
2026-01-27	Google	0.0	Tesla Q4 2025 Earnings Preview: Should You Buy or Dump TSLA Stock? - Yahoo Finance		https://news.google.com/rss/articles/CBMiggFBVV95cUxORGR2WnY1TmlJT3loY1ZkRk5fcmdpbG0wNy1RWUl1RDJVaVE4dzlPMndRajZQNjlfb3VLVDBOc1E0c1VoQTZHelBMLXpmZFpIc01MNm1GYlAtMmJVOThWWE1uSkNDX0xfVFg1VE1zczJEcDVLOEtCbWJ4dG9BWUJLQnJB?oc=5
2026-01-23	Google	0.0	TSLA: Tesla Stock Slides as Robotaxi Autonomy Faces Scrutiny - Yahoo Finance		https://news.google.com/rss/articles/CBMihAFBVV95cUxObDRwZFVCSzltTFVaRndLbDlQTDAzOGJiNmQ4LW55WFVKdmFqb1JKUmVqNjdvcEJIZzN0bnBfOTJWSFdpLU1vd3hqU1JuMEdxLXA0ekp5aHRWZ0JtYmpoY2tTOGQxODZDUjRDOEVuWjRwOE9PZ3hTUUhmYXVmWVlPSVhpWGg?oc=5
2026-01-22	Google	0.0	Why Tesla (TSLA) Stock Is Up Today - finance.yahoo.com		https://news.google.com/rss/articles/CBMifEFVX3lxTE9hWDdlV1dKUzNFckRlbjF5dS1VMHhDcFJ3YTMzS1Z1N0JoVkg1a05lM0JxSHdYQlhraVYxVWFWdlBjeHhzSk5QZmc2OFB5eDl2WUNtNUU5YmlyQTNwUEJnX19yeXhHc1RaRmJ4eFFsQkctMExxWWNYd3p3TWw?oc=5
2026-01-21	Google	0.2	Tesla's Earnings Could Be Much Better Than Expected (NASDAQ:TSLA) - Seeking Alpha		https://news.google.com/rss/articles/CBMilAFBVV95cUxPUzYxT3d3U3RJd0wtV0RpVy1pOU0yZ2VIaTRCeHBMUXlJekVUb0lhVW1lWXU2akF0bkxWTmpfOTF0d2IzVU9sOTZkanZSclFVbGNqemVFc0NWdnlMMkQyM09xU3IyRC1pcE5QTmFCZUJpdHB4V0w3SXg1eTN4NWJMTmRzcTJXMV9WbE5XdlpSZkpMQ2NC?oc=5
2026-01-21	Google	0.0	Buy, Sell or Hold TSLA Stock? Key Tips Ahead of Q4 Earnings - Yahoo Finance		https://news.google.com/rss/articles/CBMiekFVX3lxTE1ZakZfblY3bm5NdXJHYWtvczZLUW1SeWUtcmVCdm9Oak1VMHFGeVh4TS10M1NWYkYyY2hfRm03Q0c4RnhrWURWSWo4TDZZZDV0RG8zRUs2WDJLRVBZaHlzSUtmdlFiMUZwU3FqeC04Nm5EblZjT3RWMUlR?oc=5
2026-01-21	Google	0.0	Does Tesla (TSLA) Still Justify Its Price After Recent Valuation Checks? - Yahoo Finance		https://news.google.com/rss/articles/CBMigAFBVV95cUxOMm1uOEZ1YXNMdEtUQTRueTNHTzVCdFJ4dlN3ZlJIZjNhOW00eFNFSFBpN2t0c19TRUVIZ0JCM0t4dTYyazFWZFJwTHE4TTFlOWlQRTd5THBLelB5RjVLRHc4WjRSSDBvOUpyY2J2M2l5d25KVWNSWUJwekxKUkxraQ?oc=5
2026-01-19	Google	0.0	Barclays Says Tesla’s (TSLA) Fundamentals Are Taking a Back Seat - finance.yahoo.com		https://news.google.com/rss/articles/CBMiiwFBVV95cUxPTnIyb0wwU0dyZ3JWU3JLeG9wcmRVc0dhU20yXzBtbE9jc1VtQmtydnpNZVdTaENPbWFCN3Y2ZENiclN6aUtBNGJZYkhQaE10SGQ3ZnVudDJndDF4OVdMOE1UYktLbDI0dGluYlV6V0d1OXQ5TWZwYzhoc3BjZ3gwbjNhUVV6R0licE9R?oc=5
2026-01-15	Google	0.0	Tesla (TSLA) Earnings Preview: Q4 Margins in Focus - FOREX.com		https://news.google.com/rss/articles/CBMimgFBVV95cUxQMm4yQTk0YXN2N0hjenVrS1ByYTd6TDVPUFV2SHNHV1F2ZmVvc0xmS2RJQlhOWEQyRlpRWUlKUzEtMkRjUWl0UFFvZ0FCOGlieDV1cF9rVjRTSkl6RWZCS0xJUVVuYV9hRWRGeXZGaXJMZFVOaGFBaGtLaDkxcmhpMzBpZ2VzTW9YakpnT3diUWtndW9Ic1FQeWRn0gGmAUFVX3lxTE5MdGVCZ2pJMEtINDY2ZGtNeG9QQWFEdngwbEFoUUpETUVOVWFEOGpHVExBdEN6MmhGQ0N6cFp4VjhoajNuMTJjU2xxYzdyLUxhd1podEFMLTVpN3FpMFVObXdHbGxGeTBIa0wyaDczbDhjZlFZVlp2MXhLM2sxR0xoMGdrVXNrWi1sSFQwU1VvRHZQZURZNTBPXzh5NHNEcTJ2eFVzZ2c?oc=5
2026-01-02	Google	0.0	TSLA: Should You 'Buy' or 'Sell' Tesla Stock in 2026? - Yahoo Finance		https://news.google.com/rss/articles/CBMie0FVX3lxTE93Tlh2alo1UjNNOXljOVRjQ1p5V3J6ZDhuZjQ0MWF1S1QtMFprMFhxaXhWSHNENG0xbkNRNzJkcU91anJJa0V2b3RNNXVQSUZfa2VQV29CVFBYNTdoVzBmbFZCY0lqbVVEd1phSHdNMFBSZWg3WU1MTTY3MA?oc=5
2026-01-02	Google	-0.062	Tesla reports 418,227 deliveries for the fourth quarter, down 16% - CNBC		https://news.google.com/rss/articles/CBMif0FVX3lxTFBTTWVpcmJlbWxuSHF0bThUcExsVWpxOXkwbVpqY0ZrZlVHcmtNY0YwVjlpYUxEOTVQeE1RTTlXYi1GeDNwTXF1TWlZTFRCQzRTX3B4WlRMc3ZKcXpNQjJoeVd3LUlCQmVXOHlmSi1NUEVtRG9CSUEwZ3lsRFZUWkHSAYQBQVVfeXFMT1hqLUtaMGxJRE03eXhtcDV3eUlOZGxoUXFwQWYyRGFoREtPeXdHc2hRVUxWSGlTQ3dFLVRVMFZ5QjBBVm9OTHV2cHV1YmZUZG5QX2VDdEZUT3lHTHo5bHloaW9Vb21ZNTFBLTBqdGE5Qjl5bG1uZmVENkZ0SjVpUHBaM0U3?oc=5
2026-01-02	Google	-0.133	TSLA: Tesla Stock Falls After Missing Q4 Delivery Estimates - Yahoo Finance		https://news.google.com/rss/articles/CBMiggFBVV95cUxPRVY5TWktS3EzR0ZHY3hjd211dms5QWRqSFV2bUcxLVpCQlIxLU44bTBLZ0tjLW1QcFI2MUtBY2FuaWhhaGlqNmpRM0FmSmhZcDJIS1h4Y2NIb3diSnRmUHZiSmJGMGJYQzRnSEFQVF95UUU5c0YyMHZkbktabENnYjhR?oc=5
2026-01-01	Google	-0.333	UBS’ Tesla (TSLA) Coverage is “Sad,” Says Jim Cramer - Yahoo Finance		https://news.google.com/rss/articles/CBMifkFVX3lxTE9lMC1PTjlobTN1R2tCaG9pYTk0UDItWEt3d0JRVGU1Uk0xUTUwemhlNTUzeUNaSS10NHlWRVAxTDJUUU9WUWQ2NjZ3Qy1BelRpM1lMblNTamtLOWlMS3JrTGpkYlFJOFZyTmQ3b3FBVDJyYmsyeGVVMUJiS3FjUQ?oc=5
2025-12-29	Google	0.2	TSLA: Cathie Wood Dumps $30 Million Worth Tesla Stock - Yahoo Finance		https://news.google.com/rss/articles/CBMie0FVX3lxTE8zUE1vUXBmWmc0UUJob0VnbHQyNFF6SktIZWpsdWRWNWRPd0Z4MmYxNkQ4VW9hYjQ2bVZkNHhleFY2anR2dnNkWkUyNHlSLUdwdEFPMkFUM3dhTGNuTG9Dem1ZZDdlVEdLOUJPek0zdU5YbWgzcUVRaVdYcw?oc=5
2025-12-29	Google	0.0	Why Tesla (TSLA) Shares Are Trading Lower Today - Yahoo Finance		https://news.google.com/rss/articles/CBMigAFBVV95cUxNeFNjb3NJcTRJb3NQVTZHTXdORXRRbzNYRVdGcm9lQTJIYThRdzhjaUh5eXVxMjFlZm5tNkdHQnQta3EwRURyNElNSmVjeEVXSC1XZjBRYUJEZTd4U011b2NEVzVaWG9Mc3BGRV9fQjRMMDQzR3JBejJacFlFQ3UxOQ?oc=5
2025-12-23	Google	0.0	Tesla (TSLA) Draws Wall Street Attention on Driverless Testing in Austin - Yahoo Finance		https://news.google.com/rss/articles/CBMif0FVX3lxTE8zX3VkZy02ZVNXcnNqeW1wb2htb1hvUEthOGxnOFVJOWhOVC1YMGFVQXVkZDE5SkEwVHc5VHowVHZCSzI4MU9BMHZuWEZWTDQ0M3hlVmRGRl9GR0tUa1ozanJGRmlYRC1IVG5EaTNLb2VZaVFpSG9xNDBXSEFMcUE?oc=5
2025-12-19	Google	0.0	TSLA Stock Price Prediction: Where Tesla Could Be by 2025, 2026, 2030 - Yahoo Finance		https://news.google.com/rss/articles/CBMihgFBVV95cUxOSk9teHJ0czZvaW9VNDFwX1Y2cHJEQmpZZFpkLThOSkFmNW5NZTAzYlYzMlV5WDhtQnc3T2R3bDRBVmIzT1VJMmRqbkhlYnNkYmxMS25qUmtzUURlRmxlR3N0VXlDRThDX0lzS1FrZTlsUVBjVVRTS09PdGd2d01aTFVGNThndw?oc=5
2025-12-18	Google	0.0	Why Tesla (TSLA) Stock Is Trading Up Today - Yahoo Finance		https://news.google.com/rss/articles/CBMif0FVX3lxTE1ra0dHM19rZENFMkk3THZ5R1pPbUpEakF3eWM1a1J3TzJvSndtQ0RaSmNRQXNCSG5MbUtmcmltSlRyYllNdkFBc1VvRVJSOG1EeWNCU0MxSk10bVFFcS1JZHByLUI2dHpJWkl6dEhmeG96VXl2djFLZmUxaXV1VHM?oc=5
2025-12-15	Google	0.0	Tesla (TSLA) Stock Is Up, What You Need To Know - Yahoo Finance		https://news.google.com/rss/articles/CBMidkFVX3lxTFBwNzFYcGZ2MVNfTWQzX1ctbzFDYjVFZUh0ZkY5QXRKYzg5aTBvdFFraHYxZGQzeFF3MHBmLVJRWTlvM1VIRHVtazNkR09aSmNoVGhNQm03TndqTGJZOWp6TU5CYUpWa0R0NjI3bmVxTDN3REJFOHc?oc=5
2025-12-03	Google	0.0	Why Tesla (TSLA) Stock Is Climbing Today - Yahoo Finance		https://news.google.com/rss/articles/CBMigAFBVV95cUxQTDJXVkl4SUlwNnhBVVVWdUxDZjZEVkhJVGFYc0FTUTJqZnJ5dlI1dGNOX25aVTROY3E0bjBBLXU5MGRFbkt1UmRodENaTGxzd0g2RUE4ZVhmYXo3Y2MyQzRfTkptUlkxbXA4azVPVkxXQnlQV1hWbFZyN2JObmp4Tg?oc=5
2025-11-24	Google	0.0	Here’s Why Tesla (TSLA) Surged in Q3 - Yahoo Finance		https://news.google.com/rss/articles/CBMiekFVX3lxTE1HOFE1NUNSenBLRFotR2RacXRTSktWMVh4aUw1dGI5c2RCeDg4RkFXam0tbGdqdUdBcDR4djJTc19xSExBWWNZN05nRmJYT092eWo1X3BVdHlQdlBCQUZNZzJJTmkzbndHVFFRS29WUzFldnJpNkhBeDR3?oc=5
2025-11-24	Google	0.0	Why Are Tesla (TSLA) Shares Soaring Today - Yahoo Finance		https://news.google.com/rss/articles/CBMigAFBVV95cUxNZ1JuVUhWRHQwc0dRenpRdWEwUzlmRk9iV2lLSm1id05ONjZBdkFnd25YTHZ4anFtcmdqdVIzT0NYLTlLN1AwaFMzR3RrZzJUMW9wNTJudXBJNVMtRzdfQjBUWG9hTy1aU2N6TlFLUWhtVWR6OU95dS1pV0RkaHJCTw?oc=5
2025-11-17	Google	0.0	Tesla (TSLA) Stock Trades Up, Here Is Why - Yahoo Finance		https://news.google.com/rss/articles/CBMifkFVX3lxTE9LeDlBSmJrVWh3anh0SVpwVzEzODVYSXZJMXNlNWxTSWtfZFBBR1NCc1RPTElJcC1FZzlXeEI4UU9SZzJGOGpMeUZPOUNTZXJqUkdHNVFrcmx6Q2VZMVY4NGZqVXNsTU5XdU9QdHRXSjRWV2dLeWFfMEtCVXhDUQ?oc=5
2025-11-14	Google	0.0	Why Tesla (TSLA) Shares Are Plunging Downwards? - Yahoo Finance		https://news.google.com/rss/articles/CBMiggFBVV95cUxNN1RUSmxyZkhXcGxZdFMzcEhMeWxiZXlIWU5SQ0o5OUNJWGVqdDlMOWlMbkk4UE9KOVZ2NjgtSnFkbXF3dHFNWHJyemd6NG8xX2JIdFZXOFJKUmNxMXloQTBrdUpKb2hwaHoyc0V4RFNxWFpvdE9uZ0EzeF9YeFJfcjBB?oc=5
2025-10-22	Google	-0.104	Tesla reports revenue growth after two down quarters. Why the stock is falling - CNBC		https://news.google.com/rss/articles/CBMie0FVX3lxTE1HdTVfaGQyVFBGaTA5TzNsdVFTZUpjVFRNVEhtazA0ekFNMUk1X0d6LVRoMS12ZHBWRGJWQkUtVGdqUkVnd210eTFPSGJwR1M1Y3Q1NDl3NXJIQnRWUU5lRUxHWE1Gd0t0WGY0TTM3ZzZnVlUxbzNSZk5HVdIBgAFBVV95cUxQWXNUN1YtdEJJb01FREhWWDBsdnljTTh3V0dKQXJ5bzJWcnE5WFB5X2gwLXFJTDczb3IxZExfZGFtZ25ySTRoSGZxcHlYZWpndXhlbWF0UkRoaTdSOEVEMUVaQWVIbzVNcWp0TnlhNkMwU212Nmc0dGNORjJEcHJ6cA?oc=5
2025-10-02	Google	0.0	Tesla (TSLA) Stock Rises Over $450, Hits Record $1.5T Market Cap as Q3 Delivery Test Looms - CarbonCredits.com		https://news.google.com/rss/articles/CBMisgFBVV95cUxQaVFRaml3aTU3emtpdkVjS1hBcmFsd2Zmd3FybXNQOGFlSUNVRW1nT1pid1JpVEkxLWtWRnY3SlJLM3VzcXV2VVJTUGNhcjAwQVlIb0lOZHhObzlYQmVwdS1tYTB2aWc3UThucldpa2NBaGhQdkJ4UmJXR056aHVzdUdCOGtuekFkRFczd1g0STZjdUVaMDd6cC0xZm84SzFRX1NVVFZlc1BzdTJMM3c3anR3?oc=5
