Date	Source	Sentiment	Headline	Summary	URL
2026-09-03	Google	0.0	AMEX:EWY Chart Image by BelFed_Analytics - TradingView		https://news.google.com/rss/articles/CBMiUEFVX3lxTE0tcHBrOENWdG5QRUVfTDE5UGJHamJwVlpqNEM2WTZzeE1ncXRiV3BSMTZnbkpnYTZXR09tU3Rvdk1Zbm9EaDhuMzJSbC1tSnln?oc=5
2026-09-02	Yahoo	0.15	South Korea ETFs: A Short-Term Pullback, a Long-Term Opportunity	South Korea ETFs are pulling back, but robust exports and rising AI spending could create a compelling long-term buying opportunity.	https://finance.yahoo.com/markets/stocks/articles/south-korea-etfs-short-term-152000309.html?.tsrc=rss
2026-09-02	Yahoo	0.0	ETFs to Watch as Memory-Chip Scarcity Could Extend Through 2027	AI's memory crunch could extend through 2027, driving chipmakers while pressuring electronics firms. Which ETFs could emerge as winners?	https://finance.yahoo.com/markets/stocks/articles/etfs-watch-memory-chip-scarcity-142800655.html?.tsrc=rss
2026-09-02	Google	0.0	Morgan Stanley warns on KOSPI volatility amid Middle East risks - Investing.com		https://news.google.com/rss/articles/CBMiwAFBVV95cUxOeVZSNjJiR1dLZ2pLc2l0YUo1SkdzVlExaTBZWHVuUjZ4V1JuYmpxZG4zYjJTOUtEZmswRi1ibEk4VUgySXVkeFFFMlZuNWNVSmNjNUpiSzlfSlF2b29yN2Rua2NOdlB0UTRuOFI1YnVtdjdKdXVOTk44Z20zOGl3Z1FWVHZMTHBFSzFWR2NjN2hPa3VERlZOd09Xdi03Tzlub3BxZm9NSWNjR1R0MjNfc3A4azVLWTM1cGl3QVp1TEk?oc=5
2026-09-01	Google	0.0	South Korea proposes record $597B 2027 budget to boost AI, chips (EWY:NYSEARCA) - Seeking Alpha		https://news.google.com/rss/articles/CBMiogFBVV95cUxQaHhXVTNrV0xnZERVQXozbkhRQVU0cFNYLUl4amVSaW5PRWhXeU0tTXFNLXd5NnNteG1kMHVybGpxMmVvNElsLW5lVlRnb0FMc3A2TEstMDZWdVBoRmw2ekFjOXJ5WVhYV1ZTbmFPczNHV1lEUHVDcmppNVBtOGZabGUzSzNtS18xLTVyU3dqOXh0a0hKWFNTZGZOam1LN2ZQeVE?oc=5
2026-09-01	Google	0.0	South Korea’s $15B semiconductor rotation - SocGen (EWY:NYSEARCA) - Seeking Alpha		https://news.google.com/rss/articles/CBMijgFBVV95cUxNSGNlcE9YekJ2aFRUamdkR3hpSnlTY2FkUk1mbXgzUlhGNUFGbnJsbEJtRWlJVXk5UWdqU3VTak1zcHhmWDVEMVE4LWVrTTNzRFZjVldDUE1lV19NSU1sTnYyX3hDbzlraWpoT3lnb2phR3pDZ0tEanhlbmxIdEdHMXFkR00taHUtNWNCRlpR?oc=5
2026-08-31	Google	0.0	Korean Stocks Up 47% YTD: How to Join the Rally - TradingKey		https://news.google.com/rss/articles/CBMijgFBVV95cUxNX1M3TmZaVjF3cXA1Um9MbUJsNk9uai0xQ3BFSk1vWkU0VC1oMzNlakVCdVo3bm1oQ00yUndkUkFoeGJheTgtX0hvclRjNjByQWZoeUZQX1c1NF9peEFSZnVBWlRlUklnZWM2WkVxU3ZKRkx0b2w0OXl1Z0djWUUxa2ZYamp5ZHBrWFc1N0FB?oc=5
2026-08-31	Google	0.0	Precision Trading with Ishares Msci South Korea Etf (EWY) Risk Zones - news.stocktradersdaily.com		https://news.google.com/rss/articles/CBMi3wFBVV95cUxON0tzWmc1V1ljRTVnUUxyNWRKUlZjcGxITzA0Tnd2R0ViN2I3TkswMkMybFdtYVBhSTlyQkFEQ2VzREE5MkxBVHg1ZFJVSVI3dmczaVpZaE80NWUtdDQyNjR0RHNLOVNNYlNaZEZxdDNjZVM4a0g3MWtNbjlJdjBmbkdsWHZrZGJLWElSZHFyVkVxTHNjZGQ1OUgtTmdReUwzTGtHMGNuUzFwVUpGT2hqTXpDRVZDa1Zrai1YeGFOVEF5d2JTNDdpR3lid0xsR1phNUVPSl9TM0dlUEtWaUF3?oc=5
2026-08-31	Yahoo	-0.1	These 5 ETFs Have Raked in Cash This Year—What Do They All Have in Common?	AI-linked ETFs like DRAM, QQQ, QQQM, SOXX, and EWY drew massive 2026 inflows and gains tied to semiconductors and memory chips, but recent sell-offs highlight concentration risk.	https://www.marketbeat.com/articles/these-5-etfs-have-raked-in-cash-this-yearwhat-do-they-all-have-in-common/?utm_source=yahoofinance&utm_medium=yahoofinance&.tsrc=rss
2026-08-31	Google	-0.3	These 5 ETFs Have Raked in Cash This Year—What Do They All Have in Common? - marketbeat.com		https://news.google.com/rss/articles/CBMirgFBVV95cUxNT292akNRcWQ5Y2IyZUMzMUtHbmItTG5qNHhwNGotRnh1YUZoOFlpblIzMHp0MF9qYnFYYVFac2xwazlkUW5YeEhyMDlVUnNVeVlNcjR4SHdnQnh6YV8yNHNFWnV1aDJGWVpmRk5EY1pSblRwR0pDdEZrVzFqeHNzaVVDSDFaWDhRNmNtRTZVdDZGYWlHSnZUUVZzS1JnZ09vSmoxYy1UYUV0SlZnVHc?oc=5
2026-08-30	Google	0.0	EWY: South Korea's Flagship ETF Sees Outflows Spike as Chip Leverage Trade Unwinds - Benzinga		https://news.google.com/rss/articles/CBMi0wFBVV95cUxPOVQxWWwtNWZycHU0a29ycmstT0M5bHktWU9ROVpWamU2SksxMTV2Z3VYbVU5SUdjbHpFNnh3VnpueUZoU1kyZmd3UlljZjFFaFBJRHBudVNQbHAxWkNTR1VJd1dJcEs1RE1TOExaYlVpSHJlMG5DTTZEZTZQMEFrQnRvUDR2akZhU1ZqVlJvREdzUktNUUhvckFEZEJNU3ZFNGFzZndwVkRhWF9XZnB2LW1TaENIN2pXVXNlVE53UFVRNmxtR3NHZWNpcXdrYVkxMHJz?oc=5
2026-08-28	Yahoo	0.0	SK Hynix's $720B AI Memory Expansion: Bet on These ETFs to Capture the Boom	SK Hynix's $720B memory expansion targets soaring AI demand, while three ETFs offer diversified exposure to the HBM boom.	https://finance.yahoo.com/technology/ai/articles/sk-hynixs-720b-ai-memory-120600144.html?.tsrc=rss
2026-08-28	Google	0.0	iShares MSCI South Korea fund Tokenized ETF (Robinhood) - CryptoRank		https://news.google.com/rss/articles/CBMijgFBVV95cUxQMFdRSE1OQnlKSENJTURqY3VNT3hKbUhodGd0Zks1UWplSW9hNU9BTlZ2UEZNTmI1cGlSd0hoYmJ5VnZrckF3LWdUa0wxOC00Z2liMzAzdGZONW00TFhYeGYxRVItanZvaE5oOWtBbm1EZEtTSENTbXNiQWRDX0NCcDdteFFuQkIzWjFvUTFR?oc=5
2026-08-26	Google	0.0	BATS:EWY Chart Image by CestrianCapitalResearch - TradingView		https://news.google.com/rss/articles/CBMie0FVX3lxTE9TazR6dFdaVjRpbWdpZjZnMG96Mk5jS1cwVk1pWlZNQXhPcktPRy0xMk9GNFNGUFZoWnVWVzB6QWxCREtsUGRUU2pJVWcyMHR2V0R6LU9QT1BXT3VEdV9tNXZTTXhkeWpHMHI3X3N0SmJCR2dfSjF2SnVTdw?oc=5
2026-08-26	Google	0.0	EWY 260828 175.00C (EWY260828C175000) Stock Options Chain | Quotes & News - Moomoo		https://news.google.com/rss/articles/CBMiqgJBVV95cUxNVFg5Zk1xZ1R6YWtvbk1PWW5veTN4b0hsQ3Nha1VEb2hOYlVJRnBacG9HQmpQczJwTmZ0bVFjZXZfR3NPNjVZVF85S08ydmVqb3NSU01QaUZ2a01INFpzS2J6SzNRYmMwemo1MWpSX2VTNnFDOTJwTUdNSlB4VEZYd1ZSZWdUQjF6TDEySUpITGNRZE1Xa0R6NkMxdFBIWlA3cVdkVlBmdDNSSHhTTGJVRU9hb0tla2lBeVFqdFhwSlZhUUhUM2t2MlR4X0ZwVHBGVmZ0eEFDZnpnQ0M3ZTFIdDV4ZW45YlVQWWdLZFBBaTk3SGdNZ3V3T3FZcm96MWlLZXdBRVl6eHJsZnZxdXFmaFpqUTRrd0k1bFlFOXUwellVbzNwSWpMOWh3?oc=5
2026-08-25	Google	0.0	💥Skhynix, NVIDIA, MICRON, DRAM, & EWY - DUMPING AFTER EARNINGS, WHY? 😱 #aistocks #aichips Caris Levert (xqyVwsvQkh) - Mshale		https://news.google.com/rss/articles/CBMiYEFVX3lxTFBqaWozQW8xRTdhejJIWjNqOHFKcGIwVUdDaElFR3JQUjVtTC05eTRiQmw2SFFPSmRPT1Z0RWROcV9KUXpYWjliYXVxQlllSXUzalFhaVlRSUpNVTJ3RUYxNQ?oc=5
2026-08-24	Google	0.0	Convert 1 EWY (iShares MSCI South Korea fund • Robinhood Token) to EUR (EUR) - Bybit		https://news.google.com/rss/articles/CBMiV0FVX3lxTE9GUFZ3NFZ2OVpDUTVtSkhtT3BwTEVtYjRIQ1F0bmpkRXRCb3RDTzdMdmxfLTY3Z293NE0xQlI2ZjdKNkg0cF9jR25oNFVIMTJhWk4yR0VJcw?oc=5
2026-08-21	Google	0.0	South Korea to channel chip tax windfalls to back youth, AI investment (EWY:NYSEARCA) - Seeking Alpha		https://news.google.com/rss/articles/CBMiqwFBVV95cUxPTEdOUFFoMTBPSFk4ekVIb3YtQlZ0emg2MzVYLXBKQWtGSkd0ckVWMWRiNFg3dktHU0xlbnVUcEpMd2tZRFVwWnhBQkNXSkJ2YlpmYjlxdDNjMnNVdTI3YVlJZjJNSG9RSVg4aWUtRThyZnFndW50bmYyalp6LXk5SFpQZ01KS2pnSENFalZBdDNUVDB2WU1GMGxSblVZejg0b0cyTVZKaEFZYnc?oc=5
2026-08-20	Yahoo	0.244	SK Hynix Shares Jump on Buyback Acceleration: ETFs to Benefit	SK Hynix's massive buyback and strong AI-driven memory demand could provide a fresh catalyst for the stock and ETFs with exposure to the chipmaker.	https://finance.yahoo.com/markets/stocks/articles/sk-hynix-shares-jump-buyback-123100730.html?.tsrc=rss
2026-08-18	Google	0.0	IShares MSCI South Korea ETF Options Spot-On: On August 18th, 173.77K Contracts Were Traded, With 1.42 Million Open Interest - 富途牛牛		https://news.google.com/rss/articles/CBMimwFBVV95cUxQb0d2aU9zenRBTkkwYnJ1N3c3VkNpT00ybl8zS2UxMS1JSVRGNldkdURob3BsZWdnMW5pb0prWDdrNGQtUENfUDBYckNoMjlkVUNvQ1lTeGRpMDNLWHlTNGRsUGM1YlkwalI3NVRDR2lMaHdmWnV3ZlMwWUo5c1J6YUlreEdGQnJ4YkljRXJiOGFOeXJ0NGFtMENSRQ?oc=5
2026-08-16	Google	-0.1	Trump orders reduction in U.S.-South Korea military exercises (EWY:NYSEARCA) - Seeking Alpha		https://news.google.com/rss/articles/CBMinwFBVV95cUxNVHBxdEpCNWdwZTRzRGItN2kyRUQtdXBxeUh3X28weGlnTFZqUHU3enp3ZzQ5VXNuTlJKc0xDWWt3RlM5SUNHQkwtRzl5Sjlub3MyTWRPVUdYWTEySjh4cEY0eFRjclRLZURZZ01lM0lpYTNLNXQyUU9RaUd3b3ozTUhvVVhUTThFa1BXZzM5TU0tQjlkVXhzcXEtdzJXdjA?oc=5
2026-08-14	Google	0.0	Buying Samsung and SK Hynix; MSCI EM (EEM-US) And Korea (EWY-US) Remain Buys - Smartkarma		https://news.google.com/rss/articles/CBMi1AFBVV95cUxPeXdsbzYwVWlQbjZJdjBvRUNyQTBFZjVGRnRuMk9MVjdOcEFicUZmd1NDNGR4ZFY5V2gyQVBFbGtieFRuaWVkcDl4RzFtTGRfZVVkYm9KVjBUSjRUU1Ffc0pCS055aXZDTnVHV2xrZ2VqS2l6cWwzRF8yUlltOXJfWmplMm5NbVI4M2FqbFhGWEhDTk1TdHBBalE3Q29WcmN5eHVYU3piU1hIa3ZMN3ZsRjAtV2h3WWdSM0lPUFpPaDVpMDAtc0d4VE1hX1RmMU0wbFpCYg?oc=5
2026-08-14	Google	0.0	Lynn Joel Ewy Sr. Obituary Oct 25, 2019 - Altogether Funeral		https://news.google.com/rss/articles/CBMirgFBVV95cUxPYWNaNldjNFlYUi1vaWFZd19jNThuaVZJX2JaT09xN2pHQkNzZ1RfbTVUcHBjTy0xT1dMSE1iSlRBdDEzLTlfWDh2X1JRRk1NUHFrZHJmTVg5Ul9PYzJJQVlSeUc1WE5QVGpZb0ZQaFZuVVJzcGtzVkItVm45TWhMWnV0TkdpY0JWdWRNOUVjU2l0OFpISGVjbGZCUWl1S0lmZy1hdDlYTFZCQmJqVnc?oc=5
2026-08-14	Google	0.0	iShares MSCI South Korea ETF (EWY) Institutional Ownership 2026 $EWY - MarketBeat		https://news.google.com/rss/articles/CBMie0FVX3lxTE1LUXFPcndnUVZGNkQ5THFfTUJjRU5OQWRycFhaNmpoQ2JTMG1Ed1ZUVUtJMVBZNlFKem9GTG1QNWZEcmtKX1hWVmtHbHZvMkYyM0VkZFpMUFpScHRwb3EwZ1ZKdUJSdDBjcjJJbWNwWW1GRWhHTUE0T00yMA?oc=5
2026-08-14	Yahoo	-0.024	Korean Stocks Rally Again Overnight. KOSPI Closes Up 2.41% As SK Hynix and Samsung Rally.	A single investor day in Milpitas just sent shockwaves through Seoul, and the ripple effects are repricing an entire asset class that Korean giants are preparing to take public.	https://247wallst.com/investing/2026/08/14/korean-stocks-rally-again-overnight-kospi-closes-up-2-41-as-sk-hynix-and-samsung-rally/?.tsrc=rss
2026-08-13	Google	0.7	South Korea - Reiterating AI Warning Despite Good Performance (NYSEARCA:EWY) - Seeking Alpha		https://news.google.com/rss/articles/CBMiogFBVV95cUxOOTQ2SXhrVWN6MUgtcW0xZjM2SjhmamJaakRzQ2k4Y2ZHV0JPenZCckZsQWIwQXJjYUdYUTdBdm5nbnRtTFZEenJudjZZLTB0VG9iTUVheVJNN3lvekhKcS05aGRSMnB1T2xmbkk1RWRHOEFuR3hPRFVPYjdQTE96QlE0TnJ1amw0OExiYmlycFplT1lxNzdWUGZDdFRMTVNWV0E?oc=5
2026-08-13	Google	0.5	Why These South Korea-Focused ETFs Have More Than Doubled in 2026 - MarketBeat		https://news.google.com/rss/articles/CBMipAFBVV95cUxNUWNtMlpUMDNqbDU3eE9iRF9ZWW1ORDJIX0hERW1ZMzY4R2t5YkZ3ejMwN1g3N1o4R2Q0b1R5OTliZ1FZOV9vVDFLZU1KMk95M3VhMDNlRWs2aHg1a0tsR21LWFF6QVplazRPb3UtQVVmMjFGT29zN3o1ZEJSeXF4a2ZkemIwSXpuRkJiT05fZDRBSVJ2bEZNNU5rODlNM0pwQWxwTA?oc=5
2026-08-13	Google	0.117	Memory finally looks to be turning higher within Technology as South Korea's EWY breaks out - Fundstrat Direct		https://news.google.com/rss/articles/CBMi8AFBVV95cUxPUUZwY3FLcFUtZ2JvS3ZEWFFrVzNqeVBGbjNMZFN4bjRUWllNMGkzMmxLeGdCQkpWRGxLRktBRG0wRUp2SjJhWVVNN0QteU9WTUY5b09UQnlsajR1UW1zYkx5bDd1eXdaSUNaTnJZTDEtUmo5bUttNjBvLWRUc0ZSbWVEVm1KaVhSbF83UU83anJHQXp5X1BaVE9EQkNUREU4d2VINHVJamc5NkpnVEN0RG5CeFFaeno0RTZ1S0FPRjBEMXpOQzZPcFg1ZUpmUk5pVDA1SDNJTDFiSW1FQWk2SzF0RnFHSVBzeHkwTUpIVy0?oc=5
2026-08-13	Yahoo	0.05	5 ETFs to Benefit From Cooling Inflation in the Near Term	Cooling inflation is easing Fed rate-hike fears, creating a favorable backdrop for growth, emerging-market, Asian and gold ETFs.	https://finance.yahoo.com/economy/policy/articles/5-etfs-benefit-cooling-inflation-140000926.html?.tsrc=rss
2026-08-13	Google	-0.108	South Korea's AI-driven stock surge faces risks from high leverage and weak real-world returns. - Pluang		https://news.google.com/rss/articles/CBMilAFBVV95cUxPdkpWcFBMWXVGYUFvdE5MZnZVX3JzTW9mbEV3MUNOM0VXMzB0bDFMRndDaF9ORXdINkxJMm5kUGFSVkZ3Z1ZLY0lnWktiN1RYUUR4WEdmcVNUdUlCanJ1NmhsTnZmTnYyZkR3bEVSS2ZsdzktS3ZIZnliT2RRcHM1Z2cxUjlxTzQtVk41ZXhPeVFNSUlI?oc=5
2026-08-12	Google	0.0	Dynamic International Opportunity Fund's iShares MSCI South Korea ETF(EWY) Holding History - GuruFocus		https://news.google.com/rss/articles/CBMikwFBVV95cUxOd0xScElSWnhJQXJ3V0ExUjl6TG94bjlBODRaXzdlOTFhZXhMZ3Jvb190cG5vc3g0QWhmM1ZWU3lENUlPRFYtbG85akNiUGVrR2VuRzlUejZYbm9hMDJrRTRiVGQwY1h2WDBBV3dVWHZqeHd1SnVXM0NvMEpoZGdPR1pxLXdvaUM5Tk5SUWV5c0FSV2c?oc=5
2026-08-11	Google	0.0	Convert 1 EWY (iShares MSCI South Korea fund • Robinhood Token) to USD (United States Dollar) - Bybit		https://news.google.com/rss/articles/CBMiW0FVX3lxTE10UVFrTkhkMWtocmFoRXEydEhUekY0azJtWEhxMTB6c0dlNTNRemhVdS1JalM1S3E0LTlyTXB3VTlBVmh3ZkxRY0hMXzVwMjY3dXNFb0VLYWV3d3M?oc=5
2026-08-11	Google	0.0	EWY Aug 2026 113.000 put (EWY260814P00113000) stock historical prices and data - Yahoo Finance Singapore		https://news.google.com/rss/articles/CBMib0FVX3lxTE5NR0YzWWpWbkxxZVlUVlpBTU9vRm1wUG1haHNWNGY0N3ZHOVZEVWYxT1pEcklQTF9GQ0psYThIajhCQzRreEk3RFNPeXBvSC1CRU5UT0VlY3lxcU9uQ0p5QU41elViZ3ZST2V4Q2o3RQ?oc=5
2026-08-11	Google	0.0	EWY Aug 2026 124.000 put (EWY260814P00124000) interactive stock chart - Yahoo Finance UK		https://news.google.com/rss/articles/CBMibEFVX3lxTE5IZ0lpSFNxSXVtN0t0NWFBcFlQMjFrZ3JRcnYtWDI3b1pqQmZTOGE1dHFCOURsTXdIVXc0eDdJV0wycGpVRm1vWXotMGlRZHR2UEswbmJOekZCZkRRdGYtMVBtWU5ONmVXTDZpbA?oc=5
2026-08-11	Google	0.0	EWY Aug 2026 130.000 call (EWY260828C00130000) stock price, news, quote and history - Yahoo Finance UK		https://news.google.com/rss/articles/CBMiZEFVX3lxTE9zZTUyX1dMSW9Sbl9sMEZjRGl2VVBTV0NKNWFWTlhKQ1BfUzhfbS1SSzhVaEliVS11OV9Ga3FyWkRza2lHOHJuWVV4NWZSWjFoRmlBYkxmSHN6anh6Z2g0UFpHWEM?oc=5
2026-08-11	Google	0.0	EWY Jun 2027 95.000 call (EWY270617C00095000) interactive stock chart - Yahoo Finance UK		https://news.google.com/rss/articles/CBMibEFVX3lxTE1YYjF6X24xa1g3ZGxoT3dqd2NOUzBEZWZFQm1IY2RfYVdRMGRrdDVvaDVhZjNtSWd3UGpvalNGQU5CWUNsTkYwWTllNFE3SEd0YWpuN18zNkgwRUU1NXpoRFJ3c3NKRDhaaV9PeA?oc=5
2026-08-11	Google	0.0	EWY260814C00115000 interactive stock chart | EWY Aug 2026 115.000 call stock - Yahoo Finance Singapore		https://news.google.com/rss/articles/CBMiZEFVX3lxTFBiaG5DSngzTHdxMExvWDA5Yy1ZbzFJemZ3dVlmRFBJV2NtLWU4NXdqSDd3QkU1c2VWQ1BqcmxwUW9CY0lEMkxLTVBfV3MwQzFQMm1uMU9LczhJR2dzSGpBV19lanY?oc=5
2026-08-10	Google	0.0	(EWY) Price Dynamics and Execution-Aware Positioning - Stock Traders Daily		https://news.google.com/rss/articles/CBMiygFBVV95cUxPeThiaC0tRXhqMDRHWHE1THl2SlRpQlhGSXllR1ZtSkNBSk1HRlNmOGVQbjA1WDNmZzZDdTUxclAyakt6aUk1Qk1qREN0eTlTT1A5UDZBRE5sRnY4VFJ4OXQ0bThuOTc4UTlIbEZnMGVuMGtyYlpJRVNkNno1aGYwUE0ydG4xSXQ2YnNSckRyRlg1LTFmOVI4amh2OTZ2NEtaU0czR1JqWUVGTUFJcVBJMUJlZ0hFOUdLbXZmczdxVTFHQ0lxVGFJVkJn?oc=5
2026-08-10	Google	0.0	Convert 1 EWY (iShares MSCI South Korea fund • Robinhood Token) to CHF (Swiss Franc) - Bybit		https://news.google.com/rss/articles/CBMiV0FVX3lxTE1scUNVMmlfc3dWakJqcHFXVThEQlhUSmpHcXVGZThTV0FCeGZ1aVZPUjhNNk50TlZlbHhWSnBKWS1aQ1pjVFhRbHpaU0l6NkZmMUNfa1M4aw?oc=5
2026-08-10	Google	0.0	EWY Aug 2026 131.000 put (EWY260814P00131000) interactive stock chart - Yahoo Finance Singapore		https://news.google.com/rss/articles/CBMibEFVX3lxTE5pRnMxYkc3R2pjMi10U2NWR0NlQ3ZncWZCRFlXVnB3NEk0VW5ibmE5UHNqclB5d2dNRmp1eTJTdE9iRHdPaEtyR3lnSHdtdFZvTWpEYXVUZk1UbFdIQTVySlhQMXRuVW96X2wtQg?oc=5
2026-08-10	Google	0.0	EWY Aug 2026 154.000 put (EWY260814P00154000) Stock Price, News, Quote & History - Yahoo! Finance Canada		https://news.google.com/rss/articles/CBMiZEFVX3lxTE5CdjVUQ2tpMEtqV3NRWHNfbE82X1ZGLW4zNDJxVkdIc1l2WTB0UFhLS216SURqOEFzdkt3SFN2ZUp6UlFUVHdRN2htZm55dTVtQ3dNVnNON2k1VFBPaEV0U1V3ajU?oc=5
2026-08-10	Google	0.0	EWY Aug 2026 199.000 put (EWY260814P00199000) stock price, news, quote and history - Yahoo Finance UK		https://news.google.com/rss/articles/CBMiZEFVX3lxTFBGMkVwQUFIVVAtbVNtcGZPZFRxNVVMWnFRLXNsd29fV0ZGUFJ4M2hQVEJIbjdpLWF5TzNkaUhNRGZVTHhnUTJMZU51YW5xMENlZzNubm5uOHhWTS0zU2JGZWhteW8?oc=5
2026-08-09	Google	0.0	EWY Aug 2026 120.000 put (EWY260828P00120000) stock historical prices and data - Yahoo Finance Australia		https://news.google.com/rss/articles/CBMib0FVX3lxTE1KV3ZBT2phMHRJREs4V2xacGVPSlNVUTFLZG1uc29YQjhiLVFIZktIYnpnNW5uWHd4eExoZDVZWFJvbWVFNUNNTzRaeUNBR3M0NzR1d3ViV1JQamw5Y01DWlVKR3FkSm5JTEJEZE8tUQ?oc=5
2026-08-09	Google	0.0	EWY Aug 2026 151.000 call (EWY260814C00151000) stock price, news, quote and history - Yahoo Finance Singapore		https://news.google.com/rss/articles/CBMiZEFVX3lxTE1BZFRFa250R3lIcUNicWlFczJZU2JrdVNoNkFPTkJxMlBUZUl1ZWtmclhOMGtNanBUSjVIVmhrbUpxbC0taXN4U051LWlZQTl6TE82a0ljeFhZWEN6TjBfTnNadDU?oc=5
2026-08-09	Google	0.0	EWY Aug 2026 167.500 put (EWY260807P00167500) Stock Historical Prices & Data - Yahoo! Finance Canada		https://news.google.com/rss/articles/CBMib0FVX3lxTE5SVkk2SG9mek55RW1ESS03ZmVJdDNPMkk3c2NDRWZhQ1BYdTJtajdGNERJV1R5TXlSWGlrcF9NNUxmRFVGbFhmbHdHc250RmtkcUl3QVRkZi0yLW9Ld2tHQlRxdlBfMEZ6NU5EZkJ6QQ?oc=5
2026-08-09	Google	0.0	EWY Aug 2026 177.500 call (EWY260807C00177500) stock historical prices and data - Yahoo Finance Australia		https://news.google.com/rss/articles/CBMib0FVX3lxTFBaN0ZqbmNVcWJIN2Z5WXlnNHByVDBwWWFIOGVvSzRHNXlzeGpjb3RNdEROZm1FWDJkeWdlaG5KWVVhSFhOU3VRV0l1UVhBdXdBS0VlNzZTVnJQX1B1Qm1GQUl0ZUpVVnlyVUxUSk5nYw?oc=5
2026-08-09	Google	0.0	EWY Jan 2027 198.000 put (EWY270115P00198000) interactive stock chart - Yahoo Finance UK		https://news.google.com/rss/articles/CBMibEFVX3lxTE1FdDg1dVVDRVZHNXVkdHBLcTFJOWJjakRrdl9FRkk0LTFXVGtjaDVQQkEwNzM4b0Y3ZUE5V3N4NV96bmV5aDRMOHF6czFFX3U1ZmNkaHFETl9wWTUtSXZ4QlJNeDlOY1JNbVZtTQ?oc=5
2026-08-09	Google	0.0	EWY Jun 2027 90.000 put (EWY270617P00090000) stock price, news, quote and history - Yahoo Finance Australia		https://news.google.com/rss/articles/CBMiZEFVX3lxTE5FWXNNR042VTQ0a0JUdWxCdUswWTk4aWNETW81RU5ibUk3Nk83TTkxWXd2aEZEYkZUd0t1cEpEaFppRG5HSXJVaGd1aUxOWUVISU05TFlHbXZ5QzlZOUpUVzFVS2I?oc=5
2026-08-09	Google	0.0	EWY Nov 2026 210.000 call (EWY261120C00210000) Stock Historical Prices & Data - Yahoo! Finance Canada		https://news.google.com/rss/articles/CBMib0FVX3lxTE9sRDV1TEVobDF0NmppNXFlWnBncUJIR3lqTGpBSEI3UlJGQUNVa1BONXBLcXJyWjRsZWh5QUc2X1Bhb2RTYUh0RC1RSXhfOWVvUG1wZFl4RzE3SHZaUjJTbXJxbGdmc3VUWlhUd2ZKbw?oc=5
2026-08-09	Google	0.0	EWY Nov 2026 230.000 call (EWY261120C00230000) interactive stock chart - Yahoo Finance Australia		https://news.google.com/rss/articles/CBMibEFVX3lxTE5GcmZoSzNfNkNEc0NGcGhYMVJfZ0dpWDEyd0FDUUQ2VWhGTmIzYVpKbmYyY0ppLTZUZVlhODVNZVBEY01HOXhBcFRodTZoVGIydFJtMEpseU84VTBoSGtjbklKRVhORXNORnY1eQ?oc=5
2026-08-09	Google	0.0	EWY Sep 2026 161.000 put (EWY260918P00161000) Interactive Stock Chart - Yahoo! Finance Canada		https://news.google.com/rss/articles/CBMibEFVX3lxTE5DN3ZuUl9SZHEyYmRYOXlhSW1aSG00UVFnVVJHRkg0aDJpSVQ2S19BcUx1MXlFSTBqRVk1QVFJTDdCc3ptQUZPNFdSYWw3S2tncXczYUQwcXVhVWFycGFrZU1LXzdKejlVNEkzag?oc=5
2026-08-09	Google	0.0	EWY Sep 2026 176.000 call (EWY260904C00176000) stock price, news, quote and history - Yahoo Finance Australia		https://news.google.com/rss/articles/CBMiZEFVX3lxTFBFRU1BY1BWdlNCQ29CVnA3S05mcTlqTk1oVlU3djNmUU92MmlUTnVBNTNiVlRLR01rd3dtRTlINmhVVVdqNVZTUnVDeHExdW5ZVG81U3V6Sm9NOGYwblZMWTU1aWM?oc=5
2026-08-08	Google	0.0	EWY Aug 2026 167.500 call (EWY260807C00167500) interactive stock chart - Yahoo Finance Australia		https://news.google.com/rss/articles/CBMibEFVX3lxTE5hOXdXbTk0UWxFOVdhYzZuRk5xSHRzaWJoOVYwMFB5SVFjbllpaFNCMmhkQ0VLZU16eGhwSlVzNWxLLUdpSDkzcXN6SGdiNl9RVl8zRTEwRG9XSkZZbmQ5YzNCZ1dGZ1lXMG9xZw?oc=5
2026-08-08	Google	0.0	EWY Jun 2027 160.000 call (EWY270617C00160000) interactive stock chart - Yahoo Finance Singapore		https://news.google.com/rss/articles/CBMibEFVX3lxTE1DZndFRWc2cTE1RW9rYi1NR193NDRwc0pTRnNsVTExV1ZmM3dxa2pDeHduU1pXeDJKSmVGQUJBZk02STZJcDJscnFDU1VDR2NaamZEbUdFQWZUakNIQ0dpUEpoNEh5QXVLLWNsYQ?oc=5
2026-08-08	Google	0.0	EWY Jun 2027 190.000 put (EWY270617P00190000) Interactive Stock Chart - Yahoo! Finance Canada		https://news.google.com/rss/articles/CBMibEFVX3lxTE4tR0ZxVjlqVFdtcjdTWnFqTVVMMkZsekFyWkhOUE4tTExRTUFHcVJ5ZFRCdG5pemZCMUNRcnc3SktFYk5HSVUyaE5IR1hVMW1JSzFfemFkbEJoRzJZVHZIZ3l6bEV4VjJiTHA5ZQ?oc=5
2026-08-08	Google	0.0	EWY Mar 2027 210.000 call (EWY270319C00210000) stock historical prices and data - Yahoo Finance Australia		https://news.google.com/rss/articles/CBMib0FVX3lxTE5uZnZDN1d4TnRoaVR2SEYyRy1kTmlzcVF1U01hZ2UtUHJWdzY1Rnl3V2VkNzdyRnNJalhidVI3RHYyM2V5WWR6RnJGeDBFRHlQSU8xaU5CMjktYUtIb20xZTBIcFMwbFI0LXVvbXpxaw?oc=5
2026-08-07	Google	0.0	EWY Aug 2026 177.000 call (EWY260807C00177000) Stock Price, News, Quote & History - Yahoo! Finance Canada		https://news.google.com/rss/articles/CBMiZEFVX3lxTE9nT1BCVDJ4dmhiNXRVS05rc0VxTnhjUGVPN2xJRnlhSUNJMFYwNjVNR0xfQ0FhRDFlQkd6Uk84VDZkaTJNVjhaTzNpNEZTM2VJQVNRVTd6Y1VhX1dOUU1xaFFiSXQ?oc=5
2026-08-07	Google	0.0	EWY Aug 2026 193.000 call (EWY260821C00193000) Interactive Stock Chart - Yahoo! Finance Canada		https://news.google.com/rss/articles/CBMibEFVX3lxTE5wVjFoQlJWX2JHQ0dTTUg3Nkt4al9Fa0c2Y1k2Y1AwcEMzZkpHaUJXRFVOa3JiNnJWOEllMzVrSy1hQm1jbVg4Zllmd2hmdHN6aEdtSndwaG02aWJ1WDFvVzdZTEJkRFlET3o1Rw?oc=5
2026-08-06	Yahoo	0.15	Here’s a Solid Backdoor Trade on the Memory Boom	Memory chip stocks like Micron and SK Hynix have been wild rides, and some famous bears are already circling. But a quieter corner of the market may offer a smarter, steadier path into the boom before the next leg up.	https://247wallst.com/investing/2026/08/06/heres-a-solid-backdoor-trade-on-the-memory-boom/?.tsrc=rss
2026-08-05	Yahoo	0.15	South Korea Still Has Investment Appeal: ETFs to Consider	South Korea's AI and semiconductor strength remains compelling despite recent volatility. Here's how investors can play the opportunity with ETFs.	https://finance.yahoo.com/markets/stocks/articles/south-korea-still-investment-appeal-160100893.html?.tsrc=rss
2026-08-04	Google	0.65	EWY: This Volatile Stock Market Is Now The Most Attractive - Seeking Alpha		https://news.google.com/rss/articles/CBMinwFBVV95cUxPTXV4cndJU3hWWDVNSTdBNkhPdEhSck4tX3BNOTEyOHBPQks5cHl6akVTVmxicHJsMmJPSkNNMkFodUZQX2tKV1BKQkh4VDJZLTVNQUdORFJDZExueDNHSG1ZbWlmaHRHcURvWlNkbElpZl80ZXJ0VWZCZ0ZRcEdFZzREV2pJYldSQkFQcGdhcUhiSlh0T2tJMTVaRllibHM?oc=5
2026-08-04	Yahoo	0.305	“Our Conviction Level Is Really Strong”: Goldman Sachs Sees 90% Upside on Korean Stocks. Here Are the ETFs to Buy if They’re Right.	Goldman Sachs just named a specific Kospi target that would make South Korean equities among the biggest winning trades of the decade, but it hinges on two chip giants delivering something the market has never quite seen before.	https://247wallst.com/investing/2026/08/04/our-conviction-level-is-really-strong-goldman-sachs-sees-90-upside-on-korean-stocks-here-are-the-etfs-to-buy-if-theyre-right/?.tsrc=rss
2026-08-04	Google	0.1	South Korea's stock market offers a buying oppo... - Pluang		https://news.google.com/rss/articles/CBMiiAFBVV95cUxNTC04TWdIal9JY1NtQTVicnJmSGdZbGlzSGtPaXhQMTF1eElKVDFLLU1KLWJvR3lGNEYyWndTMmF2bEhON0R0ZU0taUdsSVpTeVFxenpwaDluUWJvdUFKeWNlY1hlcVVnWEpvOWl6dmoyS2dHb1ZzS19teGthNVcxTl82T3ZhWmRM?oc=5
2026-08-03	Google	0.0	Daily ETF Flows: EWY Takes No. 1 Spot - ETF.com		https://news.google.com/rss/articles/CBMihwFBVV95cUxNdEluMHVvS0lCcWdRbXFxS1RtdEs2R3Ryb0hacTB5bkZiNG1uMFhTb01iczFNY20yS1E4LTl4Q1RyU3JqN1hlUjhTU3pDMVJ3ZUFIdS1McVZjTnFrZklNTl8wN0hlWG10Nk1MMnN1SUtwX2V2ejl3WUw4SmdIOTZ2dnplQTBXSDQ?oc=5
2026-08-03	Google	0.0	Daily ETF Flows: EWY Takes No. 1 Spot - Yahoo Finance		https://news.google.com/rss/articles/CBMilgFBVV95cUxNQkZyRlZ1TlhrMmFTSUJndi1nWnZ3RU9CMXdvWXBZa1ZjWExQb0x1MnRWalRod1VzQ21SMTFueHlGMDQzdDZEcDkxTFZFX3EyYWVnLTkxV0JfU2lFNVJ4ZFRGUmxfdGJqQzNraDd2ZUJpRFpNT2Z0Tm9COFk1aTNUYkFGUWdiQVhtODB4cGhoRUdhR0dib2c?oc=5
2026-08-03	Google	0.0	Daily ETF Flows: EWY Takes No. 1 Spot - tradingview.com		https://news.google.com/rss/articles/CBMilwFBVV95cUxNeUo2MjZYY3NCX2JrcTQtcjBfelFtYmJLQlNHVWlCWVpaajBsdnd6NWVnRXhPdzdNLTRFeWw0blk3UTJ1Z1lWSE1VcXBSVnJQT1ZOMWxlR2E3TDduNE15cGpwaUxYaGwtVi1NTkUwOXphb0FJa1NHZjRMSGk0cnZaaWF4bHRhRkJtNDVRZ0ZCaURRbV9UQVBZ?oc=5
2026-08-03	Google	0.0	EWY Dec 2026 280.000 put (EWY261218P00280000) interactive stock chart - Yahoo Finance UK		https://news.google.com/rss/articles/CBMibEFVX3lxTE1nSUhHbUtfZ1FlaTdoYWVXMFNPWXF5aVR1dVlIRHlhc25qMmVOb3NBdFdGNmFGWFViSjFad3Jfc2V4U0EwWU1uMnJ0VWNJd1dBZDQtVzJXQlhwUE8tUklFbG53TmR5SVMxWGpaVw?oc=5
2026-08-02	Google	0.136	Live stock, index, futures, Forex and Bitcoin charts on TradingView - TradingView		https://news.google.com/rss/articles/CBMickFVX3lxTFBtNHNGZ1VNZ2ZvakFvXzh4RTY4WXFTT3lIZm5UakJYUTJaYXllVENPQmcyeGdJYm5Qd1hfdWpZS2VnNFA5RVI3WW0ycWJyS3AzYXdiS19ZVzczMmxzMHZIbFlBbzRaRDlha3RvVnFZbEgzdw?oc=5
2026-08-02	Google	0.0	EWY Sep 2026 110.000 call (EWY260918C00110000) interactive stock chart - Yahoo Finance UK		https://news.google.com/rss/articles/CBMibEFVX3lxTE1WVEV4Z2psanNaRWY0SHFiOXpyM0EwVlFOeWFET05WQzBhTk5BN0ZEaFdaNGNfWXVCTkQ4aTdLUE5xNDIwbGs4cGFIalB0dnM1allpYk5wd1pCM0E1V3dtemhCcmZwRnBjU2g3Yg?oc=5
2026-07-31	Google	0.136	Fund Update: New $12.5M $EWY Stock Position Opened by Badgley Phelps Wealth Managers, LLC - Moomoo		https://news.google.com/rss/articles/CBMilwFBVV95cUxQS3doOWo2TElvYXZQemYwVURzS0xpeEQxSG4yXzRjZlV4SjdKeGNraTJ2QURvQnBQVnBuYVdiWFNNckRJV1NCa0JxZUdVZmtrNnZTR2lpbVBFcGxsTVA4eTMtSEw4Wm1Zd3F5Qk56R2tJaDBqdXNxZ0YxUUIxZGItWE9sMU9DelhLbUlpc29VU2hsOGJaTEN3?oc=5
2026-07-31	Google	0.0	Badgley Phelps Wealth Managers, LLC's iShares MSCI South Korea ETF(EWY) Holding History - GuruFocus		https://news.google.com/rss/articles/CBMikgFBVV95cUxNa2Y2RzJoMW5SUzZ5UFRlUjJfTGo0QmxOMGR5bW9rdHFQWlhTaDc3bnNyYUcxMUtXWVpwM2lSQ2tZc0gydENiSUpwRndLeF8zN2pwNHF5c3FsZ1RlSzI1TUJrU1U0a0lSSnF0M243UTJzWFJsb1RLbzdnMnpxRnlmMVM2N0dvaEh5TXdiNjRtaVFJZw?oc=5
2026-07-31	Google	0.0	Korean Plays (NYSEARCA:EWY) - Seeking Alpha		https://news.google.com/rss/articles/CBMikgFBVV95cUxNNzdTalk2eldTQmJScUw2MURnWkYtS2UwNmRFeVpLakgtMGhuZ2N0TlAyN0tkcl9NSm9HcThndjEzMlhpdERSRlRqS0N0aEh2cno5S3MtTzJxYzVuTnJzWG1uSm02VnlTYWhVRmk5Wk9qUkFJMkZCSUlpMXFXSXdmZmllUThmMmxXcFI2NHFfOXVFQQ?oc=5
2026-07-31	Yahoo	-0.058	Market Minute 7-31-26- Tech Earnings, AI Fund Fiasco in Focus	Stocks are rallying further this morning after a solid day on Thursday. Crude oil is higher along with the dollar, while gold and silver are pulling back. Treasuries are under modest pressure.	https://finance.yahoo.com/markets/stocks/articles/market-minute-7-31-26-141500380.html?.tsrc=rss
2026-07-31	Google	-0.067	iShares International Country Rotation Active ETF's iShares MSCI South Korea ETF(EWY) Holding History - GuruFocus		https://news.google.com/rss/articles/CBMipwFBVV95cUxQWG5nTG9oNjJUZ2Z1VWVuMUhzTnV3LVlpN2w4OEtuT2lnamgyb0V4OHZ6VlRzNDdvaTRZbGYwdmlTNi12YzZsT3QwSVFmck91SVFDN2d1Y2hoN3EwcW9vTGQyeEt0bDZfLUNnUnJhLVRmb1lRaXFRMDR5Q2RPcHZyMWNzaHVORVd3NFZndUxjNm1YSzBadXFEWEVaNEoybGMza0VMRTRvVQ?oc=5
2026-07-30	Google	0.5	Top 4 reasons why South Korea’s Kospi Index and EWY ETF have plunged - Oil & Gas 360		https://news.google.com/rss/articles/CBMingFBVV95cUxOZmpQQ1NFVUZna2V6bEk5a2tlLThCNjNpX0diTkFZeW5VSzhaemNOOGt5d0Y2cTVWelZONmQ0QlAyckNqdzNfUzV3SzlyZ2dzdGlNZi1jMGpfSkp5SlVCNHJkQTZmLVpUeWZRSTJFanpRMklJLUJDMm1NcWlqUXB5Z1R6eU1WVVhobUJlUm82end5allnWVVvcXBqbW5lQQ?oc=5
2026-07-30	Google	0.5	iShares MSCI South Korea ETF (EWY) Latest Announcement & Press Release - moomoo.com		https://news.google.com/rss/articles/CBMiuAJBVV95cUxPWnZCc0E1T1BvcU93WVhwUkNCdHEtXzJyUW1zcGhXSGhmdTR0bnZIRlpSTXhlcG52OFdELUluZ0M0b0tCN056NERRdGlUZ183NXVrUTlMcjhIS2FIUUtVbWdvWGhSX2tmX0pPQ0sxVmtPUXEzRFRZSF9lWERHRTVKWUUwUmF1cnljT1pRQnNicFBNZkhUS3RCQmprbkl2ZkdxOG9sVDZoemE1ejdSN21lU1RVeUh6THEtNkc5WE84SVFOR3NKQjgweEVLdWRGY29VZk9iODUwdFRpemxlWDV0OEhtSDMyU3h5aE96OGxLbDhCckdfc012TWFha1JVU3Y0Z2wzdmthUXpFSTEtVUx4OGs2Wk5RbmNHSkNIUHlFSTZsT0lJTmVpYXFvTDFZc3dzRTBEZWs4TFU?oc=5
2026-07-30	Google	0.136	Fund Update: New $3.6M $EWY stock position opened by Carnegie Investment Counsel - Quiver Quantitative		https://news.google.com/rss/articles/CBMiuwFBVV95cUxOTDlnUEtGNmpqN1A2TWJNcDJGQjJFLWJENFg5R2JLRm91bWt3Qjc2NlhDS21taEJjbGItWWM1Ql9zMmFKWVZrdFhjZm41eHJET280dVMwQjlIOFpSTW55VnRXNjVBYnFUVm0wdW9QeHFvTTllai1nUUdoVVhOamVvSVY3dU0yenhhLTR1dll4cDd6UUlwQXNMZlNhSHh6UUozalYyNUMxN21VZDlQQnIzZUNIT3FaMzN1VlhZ?oc=5
2026-07-30	Google	0.0	(EWY) as a Liquidity Pulse for Institutional Tactics - Stock Traders Daily		https://news.google.com/rss/articles/CBMiyAFBVV95cUxOQmtSX0Q2cUVlbkFXc2ZPdzRJVXdvWGM5UTM0MGFreE5XcUFKbFFmeHdJZ1JYanZ4RnQtcGs2TVhsY1NhWWl3WEZ5bHdXY3l1MFNrUDB3ZTZtUGIzRjRYOEdaMnVzZWx6YzNSZ0dzMV9ZczBienNVdmtkUWxFaWhCNHNwRzJ6VzU2cEdEbjM1ZXZUVHZyS3hlN21PRTFlWk1DZVA4WGZkVmVjanY4cXhHNm16OVo5OWp3NkVTQUM1Nk5hTlUyNy1GYw?oc=5
2026-07-30	Google	0.0	PRIVATE TRUST CO NA's iShares MSCI South Korea ETF(EWY) Holding History - GuruFocus		https://news.google.com/rss/articles/CBMiekFVX3lxTFBKUHJtNjBJaUFvcWhJZ0IyRE5YSThGZHlZT0tQVkMtVmhHeUxFMTc4Tk9CMTFkTG1EWGZJcEs5NG9tS0NrMk8zV2h2Wnd6TVY2QU1zZldxX1R4N1lYSWxhUnV4d1pYQTFfV1I2eUVJTHZ0SXRNTEtXR1VB?oc=5
2026-07-29	Yahoo	0.4	Navigating South Korea's AI-Driven Volatility	Investors in the South Korean stock market have experienced a rollercoaster-like ride in 2026. With the recent pullback and the fundamental story still intact, the index is poised to bounce.	https://finance.yahoo.com/markets/world-indices/articles/navigating-south-koreas-ai-driven-165200793.html?.tsrc=rss
2026-07-29	Google	0.0	Navigating South Korea's AI-Driven Volatility - TradingView		https://news.google.com/rss/articles/CBMiowFBVV95cUxQeGNYdU11SlcwajBzd2Y4cXc2SkVuRUtJbXFVbjBBYkpnX0VNTmdxejJEWEV4MTExSnkzT19DRVlMWWdDVzA4bWZYd1JHajkxNktZN1VfOE45Sm56bW5LdGJobGxTRUxSMzJ5bU5QZ3ZpY1ZjQ0Z3Z2hPZlV4YTBXTy1kb3cxZXRPbGF0ODJ5ZEl4RWRzWGRZRGZwdkVUMTN1czZr?oc=5
2026-07-29	Google	0.0	South Korea looks to hold emergency stock market meeting - reports (EWY:NYSEARCA) - Seeking Alpha		https://news.google.com/rss/articles/CBMipwFBVV95cUxNeEEyRTlTVDRmdEJFVUxYYUVwZzlzazM0VXJ6emNzRVFad2YxYk1ZclVGSnlVUlR0bzVQMHR2NFNpSWstbGhUMkt2a3MtUnRLbEFwMGxfYkhhUkEzdVJRUExwcFNDMWRfbk9jbnNJMXBXb1dYaDRJNXFqT1VNcFZpMFphd3FKSjVzT0VRS1Z5TGVuN1huZmZIUWUzZnBNVVFCcDN2cWZFRQ?oc=5
2026-07-29	Google	-0.05	SK Hynix Earnings Sinks KOSPI Further, Putting South Korea ETFs in Focus - TradingView		https://news.google.com/rss/articles/CBMiygFBVV95cUxPYlNsRkpNNlVTaEIyWE9XYWo5N1dNQnA4TGNCanpXNVRrek9XUUxqcHpjUW51Z3Q1aGhXZ2dxeGFlSEtZVU9SUFN0NVFIVEV4ZnkweUNCS2lmaXkwX2xJZm02dDlmRlplTUoySGk4c1VjWTRkaFdXTk1pbkhqRWc4cUtzbVZnaUFMelhIZ2NHMlFYa2hIdkxOenpTZkU0bjREVkQ1TThURXBTMWtxa3lkLUw0eUZEWlpwN2RQUVdiLVZfNjk1WFdzNlpn?oc=5
2026-07-29	Yahoo	-0.125	Market Minute 7-29-26- Wall Street Waits on Warsh, While Oil Spikes	After a mixed day yesterday, stocks are under modest pressure ahead of a key monetary policy meeting. Crude oil is spiking, putting downward pressure on gold and silver, while Treasuries and the dollar are mostly flat.	https://finance.yahoo.com/markets/articles/market-minute-7-29-26-141500738.html?.tsrc=rss
2026-07-29	Google	-0.2	South Korea calls emergency meeting on market rout; here are the 5 biggest YTD losers (EWY:NYSEARCA) - Seeking Alpha		https://news.google.com/rss/articles/CBMivwFBVV95cUxQb3NvWlRfejhBemoyYldkMkZxSWI0U29oeXhKUkVXaWlGQUdBdnNhZTRaN1NaQzJHSEphRXpnRGI0UklWV3pGd2ZNbzRKYjd0cG5WQjFXR24yb0hWMV80OFF4cHA0Rm5fRmdWNXZwQjNzRkI5Sl9pQWlLMzZhcl9COXhIR0RnNUFIaXhNSUZ4YTVRWlhDTTFDRDF6dnctMUUtazM0LW5rZXVzQy1YT3NwMjRLUzlSU3NPMm9KcFYxbw?oc=5
2026-07-29	Google	-1.0	SK Hynix on Pace for Worst Month Since June 2002 - iShares MSCI South Korea ETF (ARCA:EWY), SK hynix (NAS - Benzinga		https://news.google.com/rss/articles/CBMiswFBVV95cUxNTUpWWnBxRUFuRVFpZmNONERDaEZRRnF2N2lhRjFXYkNYYVp2S21HZXRIbXpCUXFQNlNPMHk2MGx5d1VRYmJ2VGpLWER1NmdWeE00WWZaM2FBNWtxZG85cHZYYTFuUERyZEVPc3FTUFZVdDRDUWk0dTZ5cTJUaXZPUHh1UXZoVEhDUVBicTQ0ak9jaXowVG1xN1RPNDFQVVQzd29HQW5yWmk3LXVsLU9abXJ6cw?oc=5
2026-07-28	Yahoo	0.3	The Tech Bet Hiding Inside EWY ETF	A fund's label tells you the category, but rarely reveals the concentrated bet you might be making inside.	https://www.trefis.com/articles/608960/the-tech-bet-hiding-inside-ewy-etf/2026-07-27?.tsrc=rss
2026-07-28	Yahoo	0.102	South Korea- What to Know if You're Investing in that Market	The Kospi index in South Korea has more than doubled over the past 12 months, making it the best-performing major stock market on the planet. It has also fallen about 25% since June. The opportunity is real. So, is the fragility, explains Nicholas Vardy, editor of The Global Guru.	https://finance.yahoo.com/markets/world-indices/articles/south-korea-know-youre-investing-050100079.html?.tsrc=rss
2026-07-28	Google	0.0	AI jitters send KOSPI into freefall as chip rout deepens (EWY:NYSEARCA) - Seeking Alpha		https://news.google.com/rss/articles/CBMimgFBVV95cUxQZlJzZ0NSZnlSTWRiSE5HR3BSaS1naEJDTnMzVjhTM0RqWmc2MDlXWG5LbTJTYUZjWlNLSTV2MTdpOXhYcnNRWi14cDlYVnRqV1l3WE1VcC1TUXVnZThQOFFLUU9vUmdKNGpDZEY0VXNoa0w4bG95S3N1dlAyYTU2dWREaHp2MWo0OGFWdHZ4VDZIdXI4NnJuUnF3?oc=5
2026-07-28	Google	0.0	The Tech Bet Hiding Inside EWY ETF - Trefis		https://news.google.com/rss/articles/CBMimgFBVV95cUxPMEIybnQ3aTNHNHFtR1dRZks1dk84b2RpSk5DbExGZFNObXpDRmNaOWdkdVB1RHE0RGFyR0RXRWgweG1IM0l0ZHRlbDlTVEM4ZGRMVU1UX0FWUnRrZzdmYjl3WVZrTXdfekFYOUpFRjNOMVVUZ0ZwOWdtYkhpc3RHS2lmODFUc3N6SDAzLXBjME5nUm1YNTlDbmp3?oc=5
2026-07-27	Google	0.1	World's Best Index Falls Into Bear Market In Another Bad Sign For AI Stocks - Investor's Business Daily		https://news.google.com/rss/articles/CBMikwFBVV95cUxNcFpzdHMxd0dhY1E4UWVza0tqYTE1bnBfTHZaT2d5RWJvSUZ0TUY3SmU3WXdKRkl6NndRU1FhM1F2THd5SmQ1cXlJMW9sWkpReHFXRmZMR2xTTERLcGRDSkxHeWFmUGRIbGk4UnFWVEQ0bzl1M0JmTVZkSlU5MlJzdGxxM3VRZGFmVVBxcGlORkZyMXc?oc=5
2026-07-27	Google	0.0	EWY Jul 2026 164.000 put (EWY260731P00164000) stock historical prices and data - Yahoo Finance Singapore		https://news.google.com/rss/articles/CBMib0FVX3lxTFBEZUlfVGszaWtScktvWlVxenZWdjE0ZU5mUk9PSHR0Skw1cFpURGZzSVNFSjA5OUVYYlZOTmRmOXpWWDZDRTFzd2hoQkg4X1FSczJ4eVRxR1JaSlpka2JzeVYyUXY5OGM0UDRwRkVnUQ?oc=5
2026-07-27	Google	0.0	The Tech Bet Hiding Inside EWY ETF - Yahoo Finance		https://news.google.com/rss/articles/CBMilgFBVV95cUxPdTVTckhXNVIyV1MwM2Y1bWZFREFJdDNnRFBXN0wyTG02eGhyRV9QbjVxYnNXZlBXejNqZXZCa01CX2dPeFJWVEdhbUdXUkYtRlZnaVBtSmN1cTZfd0NhYXdDbnFXeXFCdHFRbXd2d0tHWmZ2R3B5U2RJQzVma3VhYWt2WlU1bGRGbzc3Q196V1lZejZKY3c?oc=5
2026-07-27	Yahoo	-0.026	World's Best Index Falls Into Bear Market In Another Bad Sign For AI Stocks	Even after rebounding the past week, the Kospi index is down 25.9% from its record close on June 22.	https://finance.yahoo.com/m/41bc6ca9-4b71-36df-9fc0-06d5db9c5276/world%27s-best-index-falls-into.html?.tsrc=rss
2026-07-26	Google	0.0	Direxion Daily MSCI South Korea Bull 3X ETF rat... - Pluang		https://news.google.com/rss/articles/CBMimgFBVV95cUxOdG1hN0c2Sm9vcE5Nal8wQlkwX1g2Nk1PSW1fNDJlZGl0WTR2ZXR2akpBTjZMVUxFRVpQQkdzNndpRURBcDVjdXdoNDZWQmFpcGp0YVc1UkIweFJ4Z0JiUDNCNllFMlB0dGpYdWhUaG5aTlBlaUZ0VzhTV28xXzFZOTF6cEJaNGpMOWw1dmNkQkFROG1rT01oZi13?oc=5
2026-07-26	Google	0.0	KORU: Why Bearish South Korea Is The Play Into The Fall (NYSEARCA:KORU) - Seeking Alpha		https://news.google.com/rss/articles/CBMimwFBVV95cUxQb25RbE96OE9oUXdsSkctM3FDMmtjWGxSd0tnM2V1N1NpdE1DSkpsNVdBam5YNWJaTU1rVUMtVmJTRU9xbDVSRTd1VTZhXzlwbFdETFBvZE9rUnZ5cUxjMUFyYTBFTnFESFVJQnNiMzBMXzZkbks3ck5VY3llVGgwSFlKNDRwVGk5azV5VmdoQ1lPNktFa3VtU3VXbw?oc=5
2026-07-25	Google	0.0	EWY Aug 2026 190.000 put (EWY260814P00190000) stock historical prices and data - Yahoo Finance UK		https://news.google.com/rss/articles/CBMib0FVX3lxTE01TWgwMVFnXzhLYUNvUm9kT0tTTzVLcVRVWW4xNVJpSHlrNWQzZUh3OXBLMVV5d2lnN050WXVLbmRqdkhDanRGcllMdm9zV0Y2akFMUlFRb0prYUJ3U1lxNVZHaVhJLUZ4RUZjRW9waw?oc=5
2026-07-25	Google	0.0	EWY Aug 2026 199.000 call (EWY260814C00199000) stock historical prices and data - Yahoo Finance Singapore		https://news.google.com/rss/articles/CBMib0FVX3lxTE5BX05obG5RVjduRlkwT2hkZmdLTzBraUtsUUZxcDZST1BPVk9ldmViS2lld1RxMW11Y2NOLWg2anBxRTdLV2kwRU9TOG9oYjNNRHdGM3BETHhNTHVNTzUwRmZMdm9oNlJaeTBKclA5SQ?oc=5
2026-07-25	Google	0.0	EWY Dec 2026 300.000 put (EWY261218P00300000) stock price, news, quote and history - Yahoo Finance Singapore		https://news.google.com/rss/articles/CBMiZEFVX3lxTE5pdmVKQ1FFaXJWVDVEUmgtSnBUS2xVVXE4blBqMEdCT3lfMDYycDAxemJXZzAwMzZIQjhaUnh6NzJfTHdrNkhVemN0OWg2X2NIQUE1aFM3YzRJTmlSczljN0V4Z2g?oc=5
2026-07-24	Google	0.0	EWY Aug 2026 182.000 call (EWY260814C00182000) stock price, news, quote and history - Yahoo Finance UK		https://news.google.com/rss/articles/CBMiZEFVX3lxTFB2TTRSal9NQXRnNEVXNnU0ZGo3cTdoNElfcVNHVWNkRVFUMGhlaTJQT3lmbW9zNjRMeDBRM1RnRHNnYlFqRUFiaHhfRXpPMGF0N0dla1h2My1fMmtlT3ZvZXRlNk4?oc=5
2026-07-24	Google	0.0	EWY Jul 2026 202.500 put (EWY260724P00202500) Stock Price, News, Quote & History - Yahoo! Finance Canada		https://news.google.com/rss/articles/CBMiZEFVX3lxTE5LYnRZaDB3NGU0ZnU3MkpqY0lzNDdBbUxDY3BzLXBiWXc4d3NOWlVKMlNHajZ4UDlnODlSeGNYQWVPRzBPeWdEV0FZdWE2dUR1WTR4M1czY3h5MlpmVWRLMVB0RlY?oc=5
2026-07-24	Google	0.0	EWY Mar 2027 185.000 put (EWY270319P00185000) interactive stock chart - Yahoo Finance UK		https://news.google.com/rss/articles/CBMibEFVX3lxTE1HeElEUEdhMFZsbUxvUk9abTZWYklvZjllXzRZZ2kyRVNZRWlLWkNrLTA5YUFBS1V4TGNzVENEbU0zR2lzZ0ZhaUstbzdfNno5SW9lYWhMSW1talJ1VzAwR0dfd2xuNDNUU1VGZg?oc=5
2026-07-24	Google	0.0	EWY Sep 2026 167.000 call (EWY260918C00167000) stock price, news, quote and history - Yahoo Finance Singapore		https://news.google.com/rss/articles/CBMiZEFVX3lxTE1ubnJQNjRUSXdRM0NlZ1VRT1BOY0JSUXV1bXZWeUFicmZxSVc4SnZzY3hVS25EWDZsRW0zd3ZueUo5T3oydWFJMVl6SWtNYVBFb05KMnRsVDlNRDFsTmoybkdYaW8?oc=5
2026-07-24	Google	0.0	EWY Sep 2026 173.000 put (EWY260918P00173000) Stock Historical Prices & Data - Yahoo! Finance Canada		https://news.google.com/rss/articles/CBMib0FVX3lxTE9Ib210S1dZZG9vZW14ZlphSmZJQVdZMGZIbGtPSTVxSW0zWkJQZXNQd3FBaGdQVEZGLXFtNXdXWE00SXFYY1VjZjk3OEQ5WjQxQ2o3WTR1Rm5NQzZpM19pV3VtZWhhcVNPcGhSUEpNTQ?oc=5
2026-07-24	Google	0.0	My Research - Bespoke Investment Group		https://news.google.com/rss/articles/CBMihwFBVV95cUxOTUl2X2lNakM0M0lOdnc4ZjJKREVHRTBjX3NyTEV4TlhRTVliTnl1Smkzdy1SZ3h1eTdaeFdIM1RIaXg5Mk9xc1NDZXZGbGZqaGhRYklKREFwU3FpLWdkRVJ5OS1faEtrUkNjRkJ2NGlib05wVHBhRmQxb1ZpeEFJc2hTVzhla2M?oc=5
2026-07-23	Yahoo	0.016	AI Chip Stocks Just Got Crushed. 3 Semiconductor ETFs to Buy the Dip On	Semiconductor stocks just took a bruising, but the companies powering every major AI buildout are nowhere near done growing. Three ETFs offer very different ways to position for the rebound, and the choice you make now could matter a lot.	https://247wallst.com/investing/etf/2026/07/23/ai-chip-stocks-just-got-crushed-3-semiconductor-etfs-to-buy-the-dip-on/?.tsrc=rss
2026-07-21	Yahoo	0.0	2 ETFs to Access the World's Best-Performing Stock Markets In 2026	Taiwan and South Korea ETFs EWT and EWY have surged over 50% and 70% in 2026, fueled by AI-driven gains in TSMC, MediaTek, SK hynix, and Samsung amid the memory chip shortage.	https://www.marketbeat.com/articles/2-etfs-to-access-the-worlds-best-performing-stock-markets-in-2026/?utm_source=yahoofinance&utm_medium=yahoofinance&.tsrc=rss
2026-07-21	Google	0.0	2 ETFs to Access the World's Best-Performing Stock Markets In 2026 - marketbeat.com		https://news.google.com/rss/articles/CBMipAFBVV95cUxNLVd2dWpROWM4QXhuZkV1RVpXY2ZpaG9RX25Ta3FNMEk5TjZERnhnLUtjczRMOVlWY2h2QXdaUDVuYjRUd3YxUVNXNXdmQS0tSktwRWUyS0JMLVFNR1BfS09TOFlBMy1CSE1LanI2OTVpWF93eU5nMlI1OXdWb25RVDhmU0R2WlVKcnExZVZYWkNia2lkOWpRRnVOU2NRMlhLVEtIVA?oc=5
2026-07-21	Google	0.0	BlackRock's South Korea ETF Sees Record $2.8 Billion Weekly Inflow on SK Hynix, AI Optimism - finance.biggo.com		https://news.google.com/rss/articles/CBMidkFVX3lxTE1HNVU0NDJCY3c2ZFVid2l3YlpMZHVIX0Z3d1RRbHBMLS01c3RoZ3FIT05DMFlLQXl2TE5fTkpuU2VEU2o1emdhRWdnRkFKYlNJNkxaWURMOFViYlMzOHZFTXdSQjhMdVdwQVd0ZlZWaWlaMm8yYmc?oc=5
2026-07-21	Google	0.0	EWY Aug 2026 145.000 put (EWY260828P00145000) interactive stock chart - Yahoo Finance UK		https://news.google.com/rss/articles/CBMibEFVX3lxTE1sbGhNT3ZnZ3dibmdEbG1Ba0RhdFh0UnlLZmVQYVJ5VjRIVThObGsxYzVsZW04MTZRdzQtU3RuZUhPTE9BR0tzV3BXVWJHN1U2ZEt0dFpTcFVpd1NteVhlTW1WalJiWVJxckwxUQ?oc=5
2026-07-21	Google	0.0	EWY Jul 2026 128.000 put (EWY260724P00128000) stock price, news, quote and history - Yahoo Finance UK		https://news.google.com/rss/articles/CBMiZEFVX3lxTE9lYnYtNEgzdXplWUlqNk5INHFpcVdHTlozRS0yRzNQdEUxZlJnUllYNE5IVE9LektmWTJUaHExYjJCNDA5ZExCSUlpeTdOLVM4eXdNMktzaDA5bXdjOGtwTGc4QzI?oc=5
2026-07-21	Google	0.0	EWY Jul 2026 149.000 call (EWY260724C00149000) interactive stock chart - Yahoo Finance UK		https://news.google.com/rss/articles/CBMibEFVX3lxTE9MWlkwX1ZxZWZ4am85cE1fZnRNdWJmODJsR0pla1pDb2ttTWNhZ1NjZTJobFJEUEE0NFJoUFJpcm9VcWlaQUlGSy12a0YyYURJYmx4eVVDTTcwcTdJbEZGZmMyemE5Wkl1OWhkQw?oc=5
2026-07-21	Google	0.0	EWY Jul 2026 153.000 call (EWY260724C00153000) stock historical prices and data - Yahoo Finance UK		https://news.google.com/rss/articles/CBMib0FVX3lxTFBXeFlBcV9NM1hHZ1Y0OUdXcDd2RGc1VTc4VktYWmtVTFJoVTlUX01kQndkaDVXNmlMZ00tNVBTSG1QMzBSeHhmMDdXTVVwVC04R1FxSXpjZm0yZGVjZlJRbWFIR2JHNzk5dzA1al9iRQ?oc=5
2026-07-20	Google	0.25	Daily ETF Flows: EWY Enters Top 10 - ETF.com		https://news.google.com/rss/articles/CBMihAFBVV95cUxQQVUtcnhMNGItdkE2Rl9ncHAxTEtOOVNRNDBUMkZ4TzVxLVdaUk5MNG1mRkF1Rlo4aUt4bmxGc3IzTzlTd1VNMHQzYXNhVlFPdVR4cFpfMXJETm83SDk0S0FVOWxFMm5OMUJCZnNPc0ktMUxaSm4xSENNQUpTS2tWZHFySFU?oc=5
2026-07-20	Google	0.25	Daily ETF Flows: EWY Enters Top 10 - Yahoo Finance		https://news.google.com/rss/articles/CBMilgFBVV95cUxNSUFmNEZJSEZFcnN3bHUyYjFFWXpBUmc0ZUkyWVkxdmNuR0NJZC00a09lYzZiR2N6SkdmVVZkMWxSYmYzT3FyR3U4MXUtWkZQZHVjeV9MSVBpc3g1dE1WOEhnNWxzcDNMNGR1MHJQbDlTTVBQaGFvcG5VVGRhTm9wVUhKRjJXOW1QZFV4bFE5c2NYWFdPVWc?oc=5
2026-07-20	Google	0.25	From South Korea to Semiconductors: Last Week’s Top ETF Inflows - ETF Database		https://news.google.com/rss/articles/CBMikgFBVV95cUxQNFZOaGNmOEo4Y3ZXM2k5aUNBYUlmTldqb0wySWdiR3hrXzB1cUZ1Z2ZmMnNvM04wWjVtU0VTbURaYU9URUdjbUNxa2RCNFJfdXh3eGV3LTNWek9DeFd3SkpRVmpfTzlYQjJwVWVxNld0VnBWQnAzZzJBZzN1VTZKSV9EYlNickxpT0NzNnFsLVQ4QQ?oc=5
2026-07-20	Yahoo	0.167	Daily ETF Flows: EWY Enters Top 10	Here are the daily ETF fund flows for July 17, 2026.	http://www.etf.com/sections/daily-etf-flows/daily-etf-flows-ewy-enters-top-10?utm_source=yahoo-finance&utm_medium=rss&utm_campaign=yahoo-finance-rss&.tsrc=rss
2026-07-20	Yahoo	0.05	Investors Added $46B To ETFs Last Week	Ytd inflows now stand at nearly $1.15 trillion.	http://www.etf.com/sections/weekly-etf-flows/investors-added-46b-etfs-last-week?utm_source=yahoo-finance&utm_medium=rss&utm_campaign=yahoo-finance-rss&.tsrc=rss
2026-07-20	Google	0.0	EWY Dividend: 1.03% Yield, $2.04/Share — History & Dates - GuruFocus		https://news.google.com/rss/articles/CBMiVEFVX3lxTFBmbVFLTmdlUm9EQmdGOF9aUUFlMjhFcW5TdWtwZkJ2eWpNWkIxa1JEZFJ3MGl2Q1R0bVVhVTJ1NTlqUXhtOFc3eDZMRlZlamNWbTFCUQ?oc=5
2026-07-20	Google	0.0	EWY Vs. EWH: Michael Burry Has This Backwards (NYSEARCA:EWH) - Seeking Alpha		https://news.google.com/rss/articles/CBMijAFBVV95cUxORzdtNW1ybDI4M1RHNUJCdlJ0ZGd6YkhHS0FxTXhVeTJjWUg0QlBYaTRLbEExRUN0b0ZuMnNvaHRMcC1xWktDQW5KakFKTW1vLTdrSlpNSS1DbjR3cXdsRmdWT1BNN01zSE5oWVBjRU5ZVUZOdm1NNGV4MTdzbWpLTDJUVXc5dkRnelFjcg?oc=5
2026-07-20	Google	0.0	Korea's market dip is a buying opportunity, not a shift to Hong Kong, says analyst. - Pluang		https://news.google.com/rss/articles/CBMijgFBVV95cUxOc3lBOExaME5LMk9EOElCUkMyM3VKcVB2YXlIVW83Z3ZwaHNqakZCd204VHRTSHI0LUdSQ0hZeHhra0pPTHozNnJXeWY2a0NkTnppcmJkUzRwcDJvZnVheFBacVk4anZCVmFRZ2xEbmxhV1MwVE5ibThrVUpnMDlIc0tMVXdRNFpMaFh4andn?oc=5
2026-07-19	Google	0.0	EWY Sep 2026 170.000 call (EWY260918C00170000) stock historical prices and data - Yahoo Finance UK		https://news.google.com/rss/articles/CBMib0FVX3lxTE5LZmVxdW1LeHd0S1B6bEJfWDMybnh3cF9pT2MyYmZjeFNSVW5UOFVtRHZBUUJ6Vkdmay1zdHJ1NmltbGdBX3VMM1F0bVhEb3BnQ1VmbEF6N2xhRkU5bkdmTkQ1YXU5eTkyaDRNVk9QZw?oc=5
2026-07-18	Google	0.0	EWY Sep 2026 205.000 call (EWY260918C00205000) interactive stock chart - Yahoo Finance Singapore		https://news.google.com/rss/articles/CBMibEFVX3lxTE0tYmRVSzJLNDRVU3M4MmtwZHdyRk5yLXdtOE5ncmFmWlotTnlUX1I2eXd5MTBwZ3VQZkdjdVlEVF9sNXlWanFBR04yenhFbnVGQm5venkya29ONUlON2xfLXNlX2lIbTlFUlBHNA?oc=5
2026-07-18	Google	0.0	LEAVELL INVESTMENT MANAGEMENT, INC.'s iShares MSCI South Korea ETF(EWY) Holding History - GuruFocus		https://news.google.com/rss/articles/CBMijwFBVV95cUxPNnhVOFZNZzIyZUdSSm03bkp6M2ZWMnV1TnhCUXp2a3VUWm1hZkV3X01hWWNfdURnaUJ3YlZlbUZRYk4tcXF1c29LNWVadHBoRldVUVA1NnpseElweFMwbW5WLV9YTXFxQ3hrbVRDa1ktSDYwMl9adE9wV3pHb3RFLVpRZVdYYmNmQWRBcW1XSQ?oc=5
2026-07-17	Google	0.0	SK Hynix ADR trades at a 51% premium, driving global capital into South Korean ETFs - Moomoo		https://news.google.com/rss/articles/CBMilwFBVV95cUxQVTBOMEZFWEo3aWR6b1RMeFhkd25abmZBN0FBYVFCVi1ZSktYX3Q4ODVtZnQtNXQwSFVNbnJIY192eTd2U3Z5d2o4N09qM1IzeGxRYlVSb1pVZndweVdNWm9mYkQ2M2JXSGZzeWEwVW9pZ1RWYkY2YnkzbVVMZVFOMEVrbnJONDBITEc3MnpLZ1lzSUVSZkFn?oc=5
2026-07-17	Google	0.0	South Korea ETF sees record $281M inflow as investors pile into SK Hynix - Crypto Briefing		https://news.google.com/rss/articles/CBMidEFVX3lxTE1MWkE2MFFJUVQ4NllLTmRFSm90X3ZqZlMxWXlSdWNIMzZUaU94R0o4eFdBTGtCc01BRXFjWEtZVUwxU2IzRk11S1RLdVJQU0xoMzhfSkY1b3BoY0FrRDJ4ZjgtVG8wWEthV0pYTXAxbXpVa1Rl?oc=5
2026-07-17	Google	-0.625	SK Hynix ADR Premium Soars to 51% — Too Expensive! Capital Floods BlackRock's Korea ETF, Single-Day Inflow Tops $1.1 Billion - finance.biggo.com		https://news.google.com/rss/articles/CBMidkFVX3lxTE82Y3QzZExGcXZMUS1pOHptVFN6U0x2dnlBanFsZXZDanctUmdiTVJ1TDhzX3JXOVAycVFUMFNmUlJhc096cjI5Mk8yMVl6UEdhWE9VZ1ViSXdQQ2JJSzhnZmNOd0hwRkJWOENCZkd4UDZnRmNlREE?oc=5
2026-07-16	Yahoo	0.069	Asia’s Other AI Winners: The Thailand and Taiwan Funds Riding the Same Boom as Korea’s 105% Run	Korea's country ETF booked triple-digit gains while most Asia funds left investors watching from the sidelines, and the same AI hardware boom that drove that run is quietly powering two other markets that rarely show up in the conversation.	https://247wallst.com/investing/2026/07/16/asias-other-ai-winners-the-thailand-and-taiwan-funds-riding-the-same-boom-as-koreas-105-run/?.tsrc=rss
2026-07-16	Google	0.0	Korea ETF’s Record Inflow Fuels SK Hynix Proxy Play - Bloomberg.com		https://news.google.com/rss/articles/CBMiqgFBVV95cUxOcmZMMWprQ1RlalBLWm5IQlZQNTYzT3VGbVdQUkNEVk9rVTVPbE9pdDVBUkJIQUlJWFR3X19UNFM1X2k0aGcyR1p4UEtjbFBtLWVtZXdpSjNlbFR3TmM1T2RkSHFIUVZCWEVJclJvQ2dGOW9felpGSU5hNHBXSW44N1kzOXktYmZ2eS02c0JwUUtmT3hyNG45R045SlIyT0owYWNjUVJwbEZRdw?oc=5
2026-07-16	Google	0.0	Record Inflows to South Korea ETF as SK Hynix ADR Spread Widens - Briefs Finance		https://news.google.com/rss/articles/CBMikgFBVV95cUxOZ295QVl0RzFQU0NqcDhrR2R0TXNaWmdfTjhQNTg4bUlfWEdSZUNWTDZWT2d5bDRQUS00eENod2dXVzVyODFvMjdXbERESGRoWlJPTlV6M3VJWVMtLUlsa2dHX181T2E3RHdzUUlEME5kU2NkbjVvR255ZzBKeTJWVlZNQjRPZ2owOUwzb3hTaDgwUQ?oc=5
2026-07-16	Google	0.0	South Korea Triples Deposit Margin For Leveraged ETFs - iShares MSCI South Korea ETF (ARCA:EWY), SK hynix - Benzinga		https://news.google.com/rss/articles/CBMi4gFBVV95cUxPRU9Zak9XUGRYdk1IOG9fR1h6Y2pqdXRwc1ZhQVNDRHdwRmFKcEx4eGlob2x2X0JveGdZS1B0LXRpTTRVMWdTSC1BSFhSWWJEZm5ldmR5Q0NWT0E2ckJtZVVsblZ2NTQzWjJKU3U1UDJpclRWODJaRWhXQ0t2dHNxTG56TlVzbnAtNGNxbzhrVGNBVnp2X3NuenFZRjhkakw3QmhTTm9CQmI1VTM1X09BMldySkVuLUR2RDIxMi1lMjZWY1RZcVpKaDdmbnZ6cC1GVWdEZVUyTjJUOTU0QVVXNXF3?oc=5
2026-07-14	Google	0.136	iShares MSCI South Korea fund • Robinhood Token Price: EWY/USD Live Price Chart, Market Cap & News Today - CoinGecko		https://news.google.com/rss/articles/CBMihwFBVV95cUxNdldjeTloYk0yUHRZMEdzbkxON1JMaHZ5MzJwLUUtVGpDeEtmWUJaZVAyQnRsVDZBSnVyOTQwMS1ENkwxZjZDTVdZNEc1eHRHeTdWMzRENEFIVHMtMklYQkNwbXFKYUVzc3FaZHhqenNramY1WlV2aV9SbmRUVEpqUXJGdUIzaVU?oc=5
2026-07-13	Yahoo	0.1	South Korean ETFs Under Radar as KOSPI Plunges Over 7% to Below 7000	EWY is in focus after the KOSPI fell nearly 8% below 7,000, as investors weigh the selloff against a bullish long-term outlook for South Korea.	https://finance.yahoo.com/markets/world-indices/articles/south-korean-etfs-under-radar-163600505.html?.tsrc=rss
2026-07-13	Google	0.0	EWY ETF Profile: Dividends, Returns (AMEX:EWY) - TradingView		https://news.google.com/rss/articles/CBMiY0FVX3lxTE5xZkVQVEkwXzZ2bGxlM215eHFOWUx2bjFyN25IQnBNaFp3WTRpbzI5aVNSTXBjenNZUEU4R3hjaVJQUkE2RUlRMmE2ZGRybkJuNGVvNlhxV0hNb2RsMzJFNnNFSQ?oc=5
2026-07-13	Google	0.0	SK Hynix Makes Its U.S. Debut: Which ETFs Offer Exposure? - ETF Database		https://news.google.com/rss/articles/CBMic0FVX3lxTE85S0VYc2ZKUFhldTBla3lwWEptSUxwWWFOLUV0S1ZoeFo4ZkNZZmxqV19mQmlxcjZaNllqZkJEM3lZR0R5bS1wckM3RnVZSGlfekZaTWNLRjRqdDJLVGRXcW0ydnRJeHhFS3Vqbk5mX0QzNXc?oc=5
2026-07-13	Yahoo	0.0	SK Hynix Surges in Blockbuster U.S. Market Debut: ETFs in Focus	SK Hynix's record $26.5B U.S. IPO and AI memory leadership put semiconductor, South Korea and IPO ETFs like SOXX, SMH, QQQ, EWY, IPO and FPX in focus.	https://finance.yahoo.com/markets/stocks/articles/sk-hynix-surges-blockbuster-u-120000805.html?.tsrc=rss
2026-07-13	Google	0.0	SK Hynix debuts on Nasdaq, shares jump 14%, ETFs adjust exposure to the chipmaker. - Pluang		https://news.google.com/rss/articles/CBMiiwFBVV95cUxNYTVtQ0JiTjY4bGdhTkJZRHRpX2ZzWEJLazdSRC1jWW5DTmpkcE5LMnBjY1pjUTJ4TlctdVJpQkJ1aWhQNHl5a1dITDBoVHVRa0kzbzZjdFF1RlNhZjRtVThtVmxYamVLUjJhOEdWSjdNSjFCdjNQbUJGVVFqS01IZktKb0hMXzRTZWln?oc=5
2026-07-11	Google	0.0	BATS:EWY Chart Image by CestrianCapitalResearch - TradingView		https://news.google.com/rss/articles/CBMie0FVX3lxTE9uR3o5cDIwd2ZzZ2NUVGd6cFpYVkZIWmM0RWZ3Sm0zWlpEMy00SGJMWGNPaTlHTEFuM1c3VmxXRGRFMkdEcjVPZGNTVHR2Ylo4c29OY1pOQzBZVmNONUpPQUZhTzRQYnNqVjhOR1ZFVjRPam5USldfZU5PTQ?oc=5
2026-07-11	Google	0.0	EWY Jul 2026 255.000 call (EWY260731C00255000) Interactive Stock Chart - Yahoo Finance		https://news.google.com/rss/articles/CBMiaEFVX3lxTE9JZ3JRR2FWT0pvakN5MERDRGFJMTVqY25iX3l5S2x4VklkckZwWVdzaTFsSTNTbDFSZVZHYTZBRGVlNVpvYVV3NWVaZjRMRF93cUZIQ0Y0M2gyUHFUT3VIRGtheG9ILWEt?oc=5
2026-07-11	Google	0.0	EWY: Why South Korea's Bear Market Is A Warning Sign To US Stock Investors (NYSEARCA:EWY) - Seeking Alpha		https://news.google.com/rss/articles/CBMiswFBVV95cUxPVlF3c0kzNGw4S3FhNVA0MzdrWDJMSlhfOGlEMUc3N3Q3WTEwYzVJdTNNRHB2MElRSVA4dW92eENrQnFtUDN6eHhESlBlOG4xd1NsVVJKYjZ5LUFubVdhajhCTE1UdGg5eUpBUm96QUJ6Wkd3MzdUTEx3Q00wTlV4ZnVCTVExcVFidXRhU05WQWVzZmxGT0xPTjRLRHZhT2lKcDI3R0dxT3RMTTgtbTRleUZwSQ?oc=5
2026-07-11	Google	0.0	South Korea ETF EWY hits bear market amid tech sector risks and governance concerns. - Pluang		https://news.google.com/rss/articles/CBMikgFBVV95cUxOOUJtYnF4dU56M1Vma2Z1WjczWktGWFd5WU92M09UaDRNOV9sYk5RQUIyVmhMeXlTaU9SWFRvdk1jUHc1TW55aGVQUWRXM1NpRjk1UGhGV3dOM2puM3RlbHRoSlVyTUk5dVJGZGdjaG5aNndoTWw1aTBnYjEzcUdWak9aaGJROUpoT2t6NTRoaTdXQQ?oc=5
2026-07-08	Google	0.0	EWY,TUR Volatility & Greeks - Finviz		https://news.google.com/rss/articles/CBMisAFBVV95cUxQMFFLeEtLemp6WEthc0FFUlhKWmN4WmJXXzktVWt1ZlZuMFJjR2RPR1VjQ3hvLWk0WEhRRDgzNWZkR0xuNXgzVERCc3lCZkdCNGNOSTdpTWRmWDRKWlAzM0VKanpvb2NELTRlakVTR0ppNEFsWkU0UktBbzd6UXVNNXI4cHVaazBJcjNOSlBoeDV0RTBxZjIxWG5jbjZRTU5kUWpCeGE5ekNnVGtTOHl5UA?oc=5
2026-07-07	Google	0.0	(EWY) Risk Channels and Responsive Allocation - Stock Traders Daily		https://news.google.com/rss/articles/CBMiwAFBVV95cUxPZHJsS005OXdBdWFoOUNZSkxfUmFmZGN0RmVWeGNMazlqZnMxWWFLMGJnVTFFX3JSanlVVUlCb0U5eDl0LVFvQTNzd1RlTThSZmFYZ0lVUFp6c0VvR0hqQ21NamUxSEFaVmRDVFJrOGtaS1poOTk0WEN6SGlOM3RTM1R1MFhQZmZPNDhMVFo4UUFOYnRyaFNOWkExZWNIeVJ2SU1keTdqU3lDTlNwb0E0MHlZcDJPWTIxS3BvVjdPSUY?oc=5
2026-07-07	Yahoo	0.0	SK Hynix Eyes Massive U.S. Listing: ETFs That Are Likely to Gain	SK Hynix's blockbuster U.S. listing could reshape semiconductor investing. Here's how chip, Korea, Nasdaq and IPO ETFs stand to benefit.	https://finance.yahoo.com/markets/stocks/articles/sk-hynix-eyes-massive-u-160000193.html?.tsrc=rss
2026-07-06	Yahoo	0.375	EWY's Dip History Comes With A Catch	Buying a drop in this South Korea ETF has often paid off, but the price of admission was usually more pain first.	https://www.trefis.com/articles/605511/ewys-dip-history-comes-with-a-catch/2026-07-06?.tsrc=rss
2026-07-06	Yahoo	0.204	South Korea’s $590B Chip Bet Has Semiconductor ETFs Buzzing, but Memory Cycles Have Burned Believers Before	While a justifiable amount of A.I. attention has been devoted to faster and more powerful semiconductor processing chips, the High Bandwidth Memory (HBM) part of the equation is less sexy, but no less important. Without HBM, A.I. has insufficient memory to operate properly — and this has been one of the major bottlenecks to ... South Korea’s $590B Chip Bet Has Semiconductor ETFs Buzzing, but Memory Cycles Have Burned Believers Before	https://247wallst.com/investing/2026/07/06/south-koreas-590b-chip-bet-has-semiconductor-etfs-buzzing-but-memory-cycles-have-burned-believers-before/?.tsrc=rss
2026-07-06	Google	0.1	Here’s How Much You Would Have Made Owning iShares MSCI South Korea ETF Stock In The Last 5 Years - Benzinga		https://news.google.com/rss/articles/CBMi0AFBVV95cUxPd1FJd0hKVTFuT2dSa0V4eTJVamZ2bk5JSUVtREswcUxzMTNrRF9EWEZWOVNhWnVzSjlEU1QzWHp0X2xlX3Bmdi01N1lOaHdHUjhteGNiMk5LcU5uMVRHd0ZxTkk0ckgtekgyeHc5emJHYXh3bU9obHVyblR5MVh4TUM4YWU3Y0w5RVJRMTBySlBWSjVEVU5ydU9PNVhPMDJuTENsMXB6b2I1bUVra0p1QVMtTVJHNmFKUER6a2d0RWpkbHNadmhfRFAxYzBVZUdO?oc=5
2026-07-06	Google	0.0	EWY hasn't stopped rising; if it hadn't halted, it would theoretically be up around 23% as well - Moomoo		https://news.google.com/rss/articles/CBMingFBVV95cUxPcXRsVUJqM01HZVFhZS1MU01PSUxzeUlqN1hMempOQ3prVlRMSXBQQjJ2NmFTSFZvdWx2czdqTTlqUVJvc3M2VHgwa2liLTRqQnd3cXJKNWJ1cjd3U1hKVWUyWkRfRzZabjdpdi1aNm1aYjh2b1labnFidEtZUHd6ZXFmY3l3b2RlT1BXc0RWYl9WYW0wQUJ3TWZBVXBOdw?oc=5
2026-07-06	Google	0.0	EWY's Dip History Comes With A Catch - Yahoo Finance		https://news.google.com/rss/articles/CBMimAFBVV95cUxQRWd5ZTJOY2hsWms4amVyX1JFZUVqMjY4TmdFcmI0R1dtSnB0VFFyOWFGZWVFV19NYzRaTU1nd0tXeE5pa0puM0F4T2xjbXNWOU5yWTlvanhBdTRaM1hPNG9FRXl3dlhKbG9HeHdMcFU2WFhzM3B1SnZHN21qVlJ1aUdRZW11R3hhVlRiVkU5TmpIU0xYUGZkUg?oc=5
2026-07-06	Google	0.0	EWY’s Dip History Comes With A Catch - Trefis		https://news.google.com/rss/articles/CBMimwFBVV95cUxQNHhmYTdCbnJfVUFpUnBvcGVUSXJMSmw5YS1iNndNX1Vqb0ItVGkzbWlWVHhiZ0JBV2hqekpEN1llempGcXJWRzFIUEh2a1FkaHNRQnh6V1BESEFjMjNlbWdYeDVOQzQxbEdWdUtfVTVpSGttNVFKOTBpUmZKeHp6YjdNQUV5Rk1seU52R1dqb3NHQkt0dVJvMWFSZw?oc=5
2026-07-06	Google	-0.05	The Most Dangerous Stock Market In The World (NYSEARCA:EWY) - Seeking Alpha		https://news.google.com/rss/articles/CBMijgFBVV95cUxQaElLbWRiazZzM2dhUlNFd2RwODJzeFI3bzFYcG9wUC1vSlljbjY1T0lWQW9TNGF5R3c3bGlOOUxJa0EwY1FtR0VwWm43OGZ1QjVndTBqV1BUdWxQVUlSVWlTcFpqTDJsSzVHTDljeVFFajZNU1ZUeU5jYTRuNGFvWDJleXVTV2stVWx3X3Z3?oc=5
2026-07-04	Google	0.5	iShares MSCI South Korea ETF (EWY) Latest Announcement & Press Release - Moomoo		https://news.google.com/rss/articles/CBMipAJBVV95cUxNLVMwbFl2V01EUVY2ODFuQzFoYjg1UDZXd051MGMzVElDMGVCdm5RTUMyaTVZbDdDdU16QWVEVE9iblEtTFYwOGxjR04yWDVDeDFTQnR3d3RWdFRlcl91aWkycU40dVYyZkZ1YzBaUXJhWUJneHhJVlR3cHMwa0wyV1VQMVAxNGV5M01MeHVnZ2IxcS11b1VFQUJmT1NUcGdrZ0Y2czllTVE2RW0tMXlLd2xyYVp1cnhsQkdHTWFYekh2WnhQR0Q0bEo4NkQ0V3FDUmRXdktUS3FhVk5UNzZ5ellDMVlmMmp6X2VWVW5sWmpYSDhpbGg4TDVBWW5jR2pSOVhZWk5OMWZNS1R0UU91dTlSeDFVNE5fYjR3b25GV3o1Y0Fv?oc=5
2026-07-03	Google	0.375	EWY’s Dip Looks Familiar, But Is It A Trap? - Trefis		https://news.google.com/rss/articles/CBMiogFBVV95cUxNUG9zbkl0RnlCTmNUY0hNVFpVYjBlc1Q5cTFna0djeXVwZG0tSE5DMlZNTXUtUkpxbmxBSVV3R0k4Y09EVmd4cTA1N01Ldk0za2dRSzF0Q2E0NnI1LTRsZkNkMkJfUjVwT3NOMVVrckpjZjZIUFkwUE1WeUhVMWtzLXhuZm5TUE1yaG1JNl9MbDliTmdqNWxkc3Vhal9kN0hRYUE?oc=5
2026-07-03	Yahoo	0.292	EWY's Dip Looks Familiar, But Is It A Trap?	The South Korea ETF has a habit of bouncing back from drops like this one, but the price of admission has often been more pain.	https://www.trefis.com/articles/605701/ewys-dip-looks-familiar-but-is-it-a-trap/2026-07-03?.tsrc=rss
2026-07-03	Yahoo	0.08	3 iShares ETFs to Buy Now as South Korea and Taiwan Soar Past 100% Gains in 2026	The 2026 rally in North Asian equities has been led by the two countries that fabricate the world’s most advanced semiconductors. The iShares MSCI South Korea ETF (NYSEARCA:EWY) is up 103% year to date, the iShares MSCI Taiwan ETF (NYSEARCA:EWT) is up 67%, and the broader iShares Asia 50 ETF (NASDAQ:AIA) has returned 43%. All ... 3 iShares ETFs to Buy Now as South Korea and Taiwan Soar Past 100% Gains in 2026	https://247wallst.com/investing/2026/07/03/3-ishares-etfs-to-buy-now-as-south-korea-and-taiwan-soar-past-100-gains-in-2026/?.tsrc=rss
2026-07-03	Google	0.0	EWY News | ISHARES MSCI SOUTH KOREA ETF (NYSEARCA:EWY) - ChartMill		https://news.google.com/rss/articles/CBMiWkFVX3lxTFBaSzNzcFhLZzBQRjBZNHoyVXo4azc4UGFCWjBfZ0hJakhNQmlwZXhYVXMwWFFodDdBT1daNzRIbmxLcE1jM05yRUhoblNFNmhyMWFOM2tURmljdw?oc=5
2026-07-03	Google	0.0	Premier Prospect Ashley Shaw Reclassifies, Signs With Georgia - University of Georgia Athletics - University of Georgia Athletics		https://news.google.com/rss/articles/CBMirwFBVV95cUxPUUJ2aHlNNWJFdlJRQ1hSTVpaSnJTOG1OMGlKR0tTSGhZZnVkcVM2XzY5WWRSM0tVdXFBT1FHYUN3LTZnbjJLWnk0Wk1uQkJKQmxILV9LX0JqRVViV3RqM01YVEU2bjluV3k2R1Roa3BrZVVKWWFsaGNNQ3dZV1NYbXd5SWw4TVdiYVBMQm9XbTJTWW16V2ZIbldMT21tUk4tY2sweUg5NVhLWFd6X05v?oc=5
2026-07-02	Yahoo	0.433	Top-Performing ETF Areas of 1H 2026	From shipping to semis, these ETF areas dominated 1H 2026 as AI, geopolitics and strong earnings fueled market gains.	https://finance.yahoo.com/markets/stocks/articles/top-performing-etf-areas-1h-121700945.html?.tsrc=rss
2026-07-02	Yahoo	-0.012	The 2 Signals That Will Determine EWY’s Next 12 Months: AI Memory Demand and Samsung Concentration	The iShares MSCI South Korea ETF (NYSEARCA:EWY) just gave back a chunk of its blockbuster year in a single week. EWY closed near $192, down roughly 12% on its most recent trading day. The fund is still up sharply year-to-date, and that round trip in miniature is the EWY story for the next year: the ... The 2 Signals That Will Determine EWY’s Next 12 Months: AI Memory Demand and Samsung Concentration	https://247wallst.com/investing/2026/07/02/the-2-signals-that-will-determine-ewys-next-12-months-ai-memory-demand-and-samsung-concentration/?.tsrc=rss
2026-07-01	Google	0.5	Investing in Emerging Markets: EWY, FLKR and More Top-Performing ETFs - NerdWallet		https://news.google.com/rss/articles/CBMid0FVX3lxTE1JQW5kYURpNjNOdFMxdGFOeHdWeWF4MFo0RGk0cjdLR1dmQjdkQXR4YzUybVAtVFB5V01QT0dwcGY5Y1Q2b3FsVTNjcFRiRU9aVW1vQWhhampwUmdrVnVacnBQSk5aakxnMWIzMEY5QnY2RmJWeHNN?oc=5
2026-07-01	Yahoo	0.247	Best Performing ETFs of 2026	The S&amp;P 500 had a solid first half, but the real action was elsewhere.	http://www.etf.com/sections/features/best-performing-etfs-2026-0?utm_source=yahoo-finance&utm_medium=rss&utm_campaign=yahoo-finance-rss&.tsrc=rss
2026-07-01	Google	0.136	Ishares Msci South Korea ETF (Derivatives) Price Today in India | EWY to INR Live Price & Chart - Binance		https://news.google.com/rss/articles/CBMiggFBVV95cUxQNUVONHhQZzZNTVY0YXFGVlRvdTVFTy0yZjZMaThLUVB6cXRFOExUTXU3S1hsX3ZHOFE1eWM5ZU1kZWxyTWtHSlBvS253VEFFUXlncDRPYVliVlQ5b0FPbkx1eVU1RnI1b094NzN3STI5NWZRb0JxVG9aMnhIUDRSNEJ3?oc=5
2026-07-01	Google	0.136	Ishares Msci South Korea ETF (Derivatives) Price Today | Live EWY Price, Chart & Market Data - Binance		https://news.google.com/rss/articles/CBMifkFVX3lxTFBMbGFEOUhEZFItN085dmtQUU9aaGY0T1R1STBhSGc2S0dMdGRqaTJVSTVxOVl0bm1WV2NaX19rbGhqVUVaRnppWGdQTkNyUlp1dnNzcEl6X1Q2YXFhYk8zbXA3TENwM2IySTZpemxjVjAybVNCMFQyZUJDbVExQQ?oc=5
2026-06-30	Google	0.0	EWY vs DRAM ETF: Samsung, SK Hynix and AI Memory Risk - EBC Financial Group		https://news.google.com/rss/articles/CBMifkFVX3lxTE1fSndUaFdHTmg0SHZVYUFSU0dKclZjVWZrU1Njel8yTjJyNHdsM3J3bVJZU2FGZHlocEU4NWRTZUZrTEVLZ3duSTVQbW1Rb0VfWm1pQzBKeEVnTHB4OE5Ja1ByQmVJVWpRVEZPS1VtZV94UzRwQlVJRWtBZzFBZw?oc=5
2026-06-30	Yahoo	-0.025	Here's Why Investors Should Still Go Long on South Korea ETFs	South Korea's AI-driven semiconductor story remains intact. Here's why the recent pullback may be a buying opportunity for long-term investors.	https://finance.yahoo.com/markets/stocks/articles/heres-why-investors-still-long-151400683.html?.tsrc=rss
2026-06-30	Google	-0.05	Here's Why Investors Should Still Go Long on South Korea ETFs - TradingView		https://news.google.com/rss/articles/CBMiuAFBVV95cUxNcXdicjZudDFNVEJObGt2ei15QTVYUjZvd1JXQUNuV2xDOTV4WTI5aFU0blpfX0F6N0trYlh3N3dua09OU2hGcXhxRTltNGhLUVV6YWdUTnhkUktXZWhidHEzbGRab1MtNWFaNGNaSGJNeTd1S0lITXY2eDg3UV9pMDZIV3RWaDdKcUM3MkJNUkROWVl1VTRJT2p3Q09RRUpycDk2dlRXZE4tQXNiS09Uc1pFVl9rUWFE?oc=5
2026-06-29	Google	0.0	EWY 260702 225.00C (EWY260702C225000) Stock Options Chain | Quotes & News - Moomoo		https://news.google.com/rss/articles/CBMiX0FVX3lxTE1zVWM2RmJBUjhURFB1Y25MYnlxSXUxNVBkOVlSeUFMV2YxYWhsSGNSS2t0alg5d3VmNnhzMVhJZWdPcGFOSGoyejJoY1VWdVlmY2lLdTBpdy13QjdoMDdr?oc=5
2026-06-28	Google	0.0	EWY 260626 217.50C (EWY260626C217500) Stock Options Chain | Quotes & News - Moomoo		https://news.google.com/rss/articles/CBMiX0FVX3lxTFBZZDR1YkdmaGs5TF9KMGxXQ3M3cEl5OFA5QXBZSUtFeVpsLWRhTjVkTC1IVjVOdDVONGdMci1IcWZjXzBBS3ZuNkxBMzdRMG1rWl9KaDNqZTQ5b19peFA4?oc=5
2026-06-27	Google	0.0	EWY ETF Assets Jump To $23 Billion, But Samsung and SK Hynix Risks Remain - Benzinga		https://news.google.com/rss/articles/CBMixwFBVV95cUxPbFlnSEpscjlfZXdEMTFvZG5nem4yT1ZfcUtYVHVCLVR5aGJQdlV2cXVDZmZXOV9JZ1JyZmY0eG5uM1BIQVd6dlpPOXI5OGZFcTNPdldadXd3ZnFYUjJsTjlnVnc2V09HZ2lWT21YQXdOOUdaUmNlTGhvU3E1RWlxQy12NFo4UF93Uk5vOGtVWEZBcVRPMDJFS3NlMlJZYUtRUjFHekZ6aWRTN1hoS3ZWdjhodllabzdIT0Jvc2IyVTRQbHJXUDln?oc=5
2026-06-26	Google	0.0	(EWY) Movement as an Input in Quant Signal Sets - Stock Traders Daily		https://news.google.com/rss/articles/CBMiwwFBVV95cUxPWjNJQlhNN2FSbVk4YWxSVnpWdlFZZUdyZVdZRDRmNlZmWjZLUUhqd2lfZnY2aDdJQUdVa1FYWkVLaVBEaUs1RkFfaUdld2x6WUhxTWROdFlqWXhnbGZKa1hXa0oybl9fcVNvSlR6THp5azlxa0RJOGl3R3lZY2dpMTdfdDVlVzZYeThSV3NmMDZ4S1lOdTN4dVl3WTF1eEk0UUJYNGRVLXQwU0x6d0Vsc2MxMW1kMm5mRXlYSG93eFVkVWc?oc=5
2026-06-25	Yahoo	0.104	Forget FXI. The South Korea Fund Beating China’s AI Trade Charges 19% Less	The iShares China Large-Cap ETF (NYSEARCA:FXI) is the default way most U.S. investors play China’s AI trade. FXI holds the country’s biggest tech names, Alibaba, Tencent, Baidu, Meituan, and JD, which is exactly what investors want when they bet that China’s hyperscalers will mirror the U.S. AI capex cycle. The case for owning FXI has ... Forget FXI. The South Korea Fund Beating China’s AI Trade Charges 19% Less	https://247wallst.com/investing/2026/06/25/forget-fxi-the-south-korea-fund-beating-chinas-ai-trade-charges-19-less/?.tsrc=rss
2026-06-25	Yahoo	0.08	The Leveraged Tail Wags the Dog: Samsung  SK Hynix	Recent market action in South Korea isn't a direct cautionary tail for what can go wrong with leverage, but it's a good reminder to pay attention.	http://www.etf.com/sections/equity/leveraged-tail-wags-dog-samsung-sk-hynex?utm_source=yahoo-financeutm_medium=rssutm_campaign=yahoo-finance-rss&.tsrc=rss
2026-06-25	Google	0.062	Kospi Index, EWY ETF jumps after Micron earnings, but major risks remain - Invezz		https://news.google.com/rss/articles/CBMiqgFBVV95cUxQY0ZOc0ZWdVdhcFdFeXNPT0JVYWJSQU5zQk5zWExWWXZPQVF3ajFEVEdKZ0hGY25fMUFGUG8yS0RsSmVQNktuclAzNVNHTUJTYzRxZ05KaU9UbmdWWlgxVEx6aDJjclJJM3ZEeTNUd3pkUTJkSzZFTncwOWU4LV9kd3BabnhYOTduTllQbWFzWnduNHNjVmVxX0pCbGR5UVZGeXpFS3FCZG1Udw?oc=5
2026-06-25	Google	0.0	South Korea's EWY ETF outperforms China's FXI in AI trade with lower fees and stronger returns. - Pluang		https://news.google.com/rss/articles/CBMinwFBVV95cUxNRXk2WjA3MmVEYUV2VF9qbm16RGM5TW51Qlg2MXNKb3hvYXNtSFltN3FYMEpDaW14RWxoaUx4NFdlWC1QZ2QzeU9XNlZLTHNnSzVUNWdJZUxVOC1paEdhb3Z1bnBWRUhrZ0RxQVBQcDMxU3c4b0NfNFMxcEplRDdadkNEX0Y3RVBKc00wWHhKOV9RUktMRmQxYXAyZnhLdHM?oc=5
2026-06-25	Yahoo	0.0	What SK Hynix’s U.S. Listing in Means for the Stock and the Markets	SK Hynix will be easier for investors to buy. Will that hurt demand for South Korean funds and the DRAM ETF?	https://finance.yahoo.com/m/d1eb7291-b0a4-32e3-ac4d-48419c5f1b98/what-sk-hynix%E2%80%99s-u.s.-listing.html?.tsrc=rss
2026-06-25	Google	-0.125	Morgan Stanley (MS) issues EWY‑linked Dual Directional PLUS notes due Jun 28, 2028 - Stock Titan		https://news.google.com/rss/articles/CBMipAFBVV95cUxQTFE5REdjb0NTWXZMSUtlbFZ2eWExR1Q4Smc4WnQ3bHFvbkxPN2pVakJNSmhVdmw0a3QzYnlxdER2RzNpSDQ4cHBnOVlIb0h4NllYeUc1Ni1DY2tyQjN4STBOSjJWWkZRWVNvTUJUd2t6elkzMEZsSUpkc2pUWnlDeDY5QzhrdFFPQ3YyWHY2Wk52TVJFYXNqSVdWcmJqalhqQkdVYw?oc=5
2026-06-24	Google	0.5	Why These South Korea-Focused ETFs Have More Than Doubled in 2026 - The Globe and Mail		https://news.google.com/rss/articles/CBMi5gFBVV95cUxNbUxiVFVOZjFIXy11Vk1yejlNeWVnSDE2NjJyZGVHcnNiWHlzMGZpS3I5RkNaeVpDTzAwQWRLYnJfOW5oWlhXVENIWW80UnQ2UmM1dmRKQzVRenRTa2hscTVGU0NiZkx5YmhkSy04WDUyZ3gzN003MGdpeDR1X0xlX0VzLS1WMko5TGtIeVVVZkViYk5kUXQ4Vk9xdHZubWVaRHBuYWxoV3pYSWFhLW1LOW5OV0xXRl9vNDFLQ1YzNzBPRUNndHVQV0RCMjk1QzNWdXNYUTJSVnlrYXVUZk5wQUp4bGlDdw?oc=5
2026-06-24	Yahoo	0.467	Why These South Korea-Focused ETFs Have More Than Doubled in 2026	South Korea appears poised to maintain its 2025 run as a top-performing market, and these ETFs make it easy for investors to benefit.	https://www.marketbeat.com/articles/why-these-south-korea-focused-etfs-have-more-than-doubled-in-2026/?utm_source=yahoofinance&utm_medium=yahoofinance&.tsrc=rss
2026-06-24	Google	0.0	Semi Mania Gets A Reality Check From South Korea; Investors Should Pay Attention To Shift In AI Tokens - Sahm		https://news.google.com/rss/articles/CBMi6AFBVV95cUxNbHBhdUhQSXVqb2R0dzJSVjJ2SnE1OXdrR3hwMEJVa3JfZ1d2MG9oaEwyLUFDSW82ZUp4SmpUNVI5dFptcEp1TGd3akFiNU5rWlcwWTMxc0NKZ3ZleFBVRjF3VXZ2MTlQS0Y5X3czTmdRRjNiMmdIWnVLMGNBOHZ0NHdiaUZ6QXE4TXdpSHZQUTFlZlY2Qno0Y2ZldlNyNVJpVHRFQTF0cnctdmJad0IzaHpCbW90YjhqX0dtVEJzZkYxbmlOSnA0WFRSNXNyWFpOSWJlUVpocHo0MnlDM3FiaXpTNDVVMFNI?oc=5
2026-06-24	Google	0.0	South Korea's KOSPI Crash And Rebound, Explained - iShares MSCI South Korea ETF (ARCA:EWY) - Benzinga		https://news.google.com/rss/articles/CBMixwFBVV95cUxPWndJS3g2cjR6eFQwZ3MwLS1FSFlHRlRaZHk4MHprV05sN0oyRjF5bHMwUWVfcUFucXVKNXVZbzAyakVFVnFJSWhMZHA5bWRmbzhaUmhtRTZmRTMtRjRDMTIwUDRfM2JTNHI5OXNlYVRYM1FieWxKbWJQR3JaV0JySXpRenBSdkFYV2U0UGcxdE5oR1FGd21OZHg1NGU4SldwMjJIUTdvV1VYM3BoN0t3d2ZNeS1nUzRrTEtoMEFqQmVNQm1UVmc0?oc=5
2026-06-24	Google	0.0	iShares MSCI South Korea ETF (EWY) Stock Price Quote Today & Current Price Chart - Capital.com		https://news.google.com/rss/articles/CBMiigFBVV95cUxNSWxGX09fS01sck9JNjRlaTBDeWdhR1M5QjF4b3lMOHNyZWRUTXhmODJoOEV5ZTc0V2JjbU9rUUN3R1BaOHJfLWNIWUNwTGlhZHUtd1FrbFM0eE54RHBGTE1pVUVGcFVsX0hpRXVna1Q4M1duOUJEVEwtZDNGQWlNRUZ0YzJISlpBX2c?oc=5
2026-06-23	Google	0.2	If You Invested $100 In iShares MSCI South Korea ETF Stock 5 Years Ago, You Would Have This Much Today - Sahm		https://news.google.com/rss/articles/CBMi5wFBVV95cUxNV1JSZThIT05WbkFaN3B4bFF4d2oteGc4OHRXY1ZYbl9BNTFuXzZtUTdJZjdQcm1TY2dpQ2dCREI3MVNJakpZR1VoOFFIM1l4U19WZGxsTjgzbzNlMnZDa3ZyOVJCMC1HdlV5OF80TXA4VmRmNW1DZldQd1hqeTFQS1Nsb3pGbzFHSWgzTEdmb3lrOEtXSG0telhxSzRJTFhfYVduV0F2azVzVXFuczU4LUl4YWU4M1BGcjdrSGxTaVQ0bDMweVZycjNDRDZmek5Vb3R6a1FLOVNPWGFjN2dvLWM5TTJLY2s?oc=5
2026-06-23	Yahoo	-0.089	Market Minute 6-23-26- Chip Stocks Crack as AI Worries Grow	Tech and chip stocks are cracking globally, dragging down the averages. Gold and silver are selling off, too, while crude oil, Treasuries, and the US dollar are mostly stable.	https://finance.yahoo.com/markets/stocks/articles/market-minute-6-23-26-141500626.html?.tsrc=rss
2026-06-23	Google	-0.6	South Korean stock market suffers record $474B market cap loss as selloff deepens (EWY:NYSEARCA) - Seeking Alpha		https://news.google.com/rss/articles/CBMiugFBVV95cUxPOUJPZzZNWFdpUTJVMG1fSjhTQnJfRTRqRUtDeFJCVV9EMzQtMmNRWTBCTzBSd3YtYTFteXJZRWktYWNQMll1ZVNMVGRlTjhCaWJORWtjUm43andmSTdPWkZYLTRqWVI1UmxJazZ6RnZ0UXFpRzFZRTc4YmxGZ1dUbkVibGZOOU1hVEd0RmUwZFoyYkdTRW44N0hMbmxVZFlwNXVpRFNGU0E4STNZM0tvYUFtNFpTRGhzV2c?oc=5
2026-06-22	Yahoo	0.167	David Tepper’s Most Ignored Trade of 2026 Is a $400 Million Bet on an Entire Country’s Economy	David Tepper added to his position in the iShares MSCI South Korea ETF (NYSEARCA:EWY) during the first quarter of 2026, building on a stake he first established in the fourth quarter of 2025. He bought Micron Technology (NASDAQ:MU) at the same time. The pairing tells you what the trade actually is. One memory bet wears ... David Tepper’s Most Ignored Trade of 2026 Is a $400 Million Bet on an Entire Country’s Economy	https://247wallst.com/investing/2026/06/22/david-teppers-most-ignored-trade-of-2026-is-a-400-million-bet-on-an-entire-countrys-economy/?.tsrc=rss
2026-06-22	Google	0.0	Coinbase to Launch Perpetual Futures for MRVL and EWY on June 23 - CryptoRank		https://news.google.com/rss/articles/CBMiiAFBVV95cUxPZWVsaFVZVXpnT1VpY1RVNXhGSkV0UmRPMGhCRTg5aTVEMkd4VmdSQ08tWGdVRnZENm13aEJ6b2NTVGlYMjY3QUwtdmxPREh6N092THJydnFWbTczRWNoYlg0dFltTE1wYVJPQWhHMERpNGJRMjdTNkoyR3RiWUtWLWNGNGxMOENB?oc=5
2026-06-22	Google	0.0	David Tepper boosts stake in South Korea ETF an... - Pluang		https://news.google.com/rss/articles/CBMimwFBVV95cUxOUU5XWDhUNzJKcFhuSFBrWGd6dUFUeW9KR1kxSjJYSENiazNBUUFDTzN1WXY2ZTZTNC1mLXlLSVhub3JlSHNIc29FbXdhNF93ai00YmoyeHAwbTVCVlBGZmdFS1Z0MjJ0RkVaaU5DODVRU0VUZTR6UGhpMHN5Y09PbHhDX2lhTEdtMjNrZDVLVG9pc1RPQWI5VkhpSQ?oc=5
2026-06-19	Yahoo	0.345	After DRAM, Investors Want a Photonics ETF	Investors are hunting for the best photonics ETF as AI data center demand for optical interconnects explodes. Here's why the new EUV ETF misses the mark, and which upcoming pure-play photonics ETFs—including filings from KraneShares and Tuttle Capital—come closest to the targeted AI infrastructure exposure investors want.	http://www.etf.com/sections/features/after-dram-investors-want-photonics-etf?utm_source=yahoo-finance&utm_medium=rss&utm_campaign=yahoo-finance-rss&.tsrc=rss
2026-06-19	Yahoo	0.166	Asia’s Stock Market Boom Isn’t Over. Why the Blockbuster Gains Can Continue.	Blistering bull markets in South Korea, Taiwan, and Japan have helped Asian stocks trounce the U.S. so far this year.  Not only are the markets still relatively cheap, they are also home to companies seeing continued growth from the artificial-intelligence boom, as well as increased spending on defense and industrialization.  The broad MSCI AC Asia index has jumped 25% so far this year, while the S&amp;P Asia 50 index—tilted more toward the South Korea and Taiwan’s record-setting markets—has sur	https://finance.yahoo.com/m/0d962adb-e8eb-310f-8213-d47b1cd4f289/asia%E2%80%99s-stock-market-boom.html?.tsrc=rss
2026-06-18	Google	0.05	Thoughts on the $iShares MSCI South Korea ETF (EWY.US)$ / KOSPI crash and whether it's a buying opportunity for Samsung/Sk Hynix: This looks like a clear buying opportunity. Especially as investors misunderstand that 2026 is not 2022 (Ukraine-Russia) c - Moomoo		https://news.google.com/rss/articles/CBMiqAFBVV95cUxOMkp6Q1BvMXNweXV3d0Z5dDNud1BEU1JxS1kzSjVjUTRZZE03Q2txMmVBbFZSM3RkV2xldlpEN1RyUXNFY0luMUlEX21lclY3QmtIek54blVXSHVlZWdZcGo1VmhzbmtobGFQUVJCRTkxRk1NNmhyaVRGLU5TT2FWZXJaNHM5Z21iZWJ2ZHI1cVZPYnJDNVlFVUJFOWE5V3ZBdlRPdXExYzk?oc=5
2026-06-17	Google	0.0	South Korea ETF EWY Surges 112%, 11x The S&P 500 In 2026 - iShares MSCI Taiwan ETF (ARCA:EWT), iShares MS - Benzinga		https://news.google.com/rss/articles/CBMipwFBVV95cUxPSUNBWTFSOU9FY2xZdDU3Qkw3NGFMamc4NGdSQlUxdUFYNEZGOGg1MDljYksyenhtenJaMHFjQ0liZWNrTi12aFZBY0JhT2RyVFpya180VkREMkIxdWhMaGs4bjV2TkdfVWllVnpfRkhGbUVaZC0xZEhFZTJjWGljR1FjM08wOUFnQUdVN3djODVXRE5NZ1RveFJyVW5jeVE5TlNRUTVzZw?oc=5
2026-06-16	Google	-0.156	South Korean Defense Stocks Spike As Iran-US Tensions Settle Down: ETFs You Should Watch - Benzinga		https://news.google.com/rss/articles/CBMi0wFBVV95cUxQZDdPaGNremhLQ09KcnBGMThQb3BFRV9aWDN6SGhJVWk1bkM2UWh3dk8zc09uS29Td2hjT0trMXpIMENvTWJNNmhTX1BMUkdvZV9ra00xeHlWQ2xHUlNra1dKY0ZraWg1VDVfd1RGblF6WUVoaVRDVXpheDdRSzR1bFRrXzVKV01STFliN1ZtZjItT19zX1d0VlQwN0xHRFA4VExiSVBmbmE3TjhBakx3cENjMFM0TXJLM0NDMnBPNlNaMlNqVnJqVW03X3lSS0ZKSnMw?oc=5
2026-06-15	Yahoo	0.064	Here Are The Other Winners Of The Iran-U.S. Peace Deal. This Index More Than Doubles.	Many world stock indexes had been rising ahead of last weekend's accord, as hopes grew for a resolution that would free up transit of crude oil and other commodities.	https://finance.yahoo.com/m/b31c5bc8-6a19-3fa0-a1eb-c83ccb7e49c6/here-are-the-other-winners-of.html?.tsrc=rss
2026-06-15	Google	0.0	Liquidity Mapping Around (EWY) Price Events - Stock Traders Daily		https://news.google.com/rss/articles/CBMivgFBVV95cUxOLWtaTmItN25RaU1MU0RkTEJIcnZQaHgwTjFwTjNBdXZPbU9TRlFzcTZ3elNsVk1zOGtnQWRScG9kaFYzVWZjRThERnRKbXVjSEU0NUJnc2dGQndoYVFMaTFZMFhiZXl5SXcxSk5VeWd0NUNoZWVRUVljUExPTkRQWkRVTHRiMHRpMF9kc0lmNi1BOHFQd3NTcXhGeEJpdWJab2hLU1hHUGlsZHBhZUhFSnd2UnFXZlFHcnB3M0ZR?oc=5
2026-06-15	Google	0.0	The ETF World Cup: The Winner Is EPU, But I Prefer EWY (NYSEARCA:EWY) - Seeking Alpha		https://news.google.com/rss/articles/CBMimAFBVV95cUxOV1lETXdGMzkxY2p1ODFCUy1HX0NvS2VEX2xjVktHenI4MEx2YXFpLS1aT1V4aXR1WEZYVkF4blV2eEpUX0oyM1d3QVJxbW96ajJLWFd0d3U4S3FKRDZVMG16MkVRbkxJWno3QzVXR0FHTnBlNDFfTENHLVlUMTFoVDR6bmswTkxxTEdvb18wS1BqQWdaUGtuVg?oc=5
2026-06-13	Google	0.0	120 lbs Maddex Ewy, Oklahoma Red vs Tucker Brill, Nebraska - FloWrestling		https://news.google.com/rss/articles/CBMiogFBVV95cUxOTkhNNC1mbHNWVnQxanFUX2ZKY0Jwa1E4OS11WHRMb3U0WThVa3l0Mnhibl9MdlRPY2RZLU5rd0dBOHdqbDVXQmVad0FpQUFPOHR5bWpTNHVTZHNDV0t5aWNqSkVxRHdfVHF6ZkZFN1A5enc5UWtyQXZsS3I0eEd5T0ppYzFybDAzWEhubzR4U1ItMWp5TEJZUUxJVmNzQmFYRFE?oc=5
2026-06-12	Yahoo	0.066	Semiconductor ETFs 101: DRAM, EUV, SMH, SOXX, SOXL — The Complete Guide for 2026	"Semiconductor ETFs have been the defining investment story of 2026 — SOXX is up 90%, FTXL has doubled, and DRAM, the AI memory ETF, has grown from a niche fund to nearly $17 billion in assets. But the category has expanded far beyond ""just buy SMH."" This complete guide covers every major semiconductor ETF, from the AI memory pure-play to leveraged instruments built for traders only — and explains who each one is actually for."	http://www.etf.com/sections/equity/semiconductor-etfs-101-dram-euv-smh-soxx-soxl-complete-guide-2026?utm_source=yahoo-finance&utm_medium=rss&utm_campaign=yahoo-finance-rss&.tsrc=rss
2026-06-11	Google	0.193	The AI Rally Has Gone Too Far. Here Are Two Stocks to Sell Right Now. - Benzinga		https://news.google.com/rss/articles/CBMitgFBVV95cUxQTFFkaG9KSVZNMWRKX2VrYVoyUjJZZm1Ia2wzRl8xMzhvNDJydEtndTdodVpXOGs0bW9kejFscXkzUWRNVlFkcFVISktvQVoyUGhlQmhvUmpOSHM4eE5paWVRWkVVSDN2bHlkWHZhMEJrYmZwX1cycGpJXzFCamJPOUJTaTRxUEFaREZxS0NDdUZwVTVKRkJLeHFzaFlXOEZHdmUyck54REUtMkZmdElMMkg1elVZQQ?oc=5
2026-06-11	Yahoo	0.0	An ETF Retirement Portfolio for Moderate-Risk Investors	Building a retirement portfolio in today's market? Here's a balanced ETF mix featuring dividends, short-term bonds, global stocks and commodities.	https://finance.yahoo.com/markets/options/articles/etf-retirement-portfolio-moderate-risk-160100552.html?.tsrc=rss
2026-06-10	Google	0.0	South Korea And Iran Crash The Stock Market (NYSEARCA:EWY) - Seeking Alpha		https://news.google.com/rss/articles/CBMijAFBVV95cUxOQmV2OUw4QjBsNkdHWkZCS3RwMkV1VWFhdVFMTU5TeDNJTkYyeVh2cXQ3LTZ4djVXS0dXN2xxZjB1NHhCRGxoOTIxanhCM3dOR09IU1ZQZUVYMndDUHMtOWliYWJ3SVNpdFNwX0pnSzhIMjg4Mmw0anBsZWpUYk1wX0Mxc1VvQTJleE1aXw?oc=5
2026-06-09	Yahoo	0.154	The Zacks Analyst Blog Highlights SMH, QQQ, SPY, AIQ, EWY, SPY, NVIDIA and Microsoft	SMH and other AI-focused funds plunged as chip stocks sold off, but strong semiconductor demand and long-term trends keep investors watching.	https://finance.yahoo.com/markets/stocks/articles/zacks-analyst-blog-highlights-smh-112300934.html?.tsrc=rss
2026-06-09	Google	0.0	The Zacks Analyst Blog Highlights SMH, QQQ, SPY, AIQ, EWY, SPY, NVIDIA and Microsoft - finance.yahoo.com		https://news.google.com/rss/articles/CBMinwFBVV95cUxNOWxRVGlxdWdyQ2d2QUV6MDdtcDlfN012WXo3UWl0S1R0TE5lcWM5MzYzdUFvSGZmdnJkZ2tNaXlYYlVDQUlueUpkdHpMeG1yRFBxTzhiYnNyWDZiSlNKdkpNbUoxdGFGZjFxcXVSakMwdUZqTkx5djcwOGwteHhseFc5Y0hvbUg0UG9Kc215UEQxVVZib1FDYjVYSExBM3M?oc=5
2026-06-09	Google	-0.2	A Few Reasons to Buy the Dip in AI & Chip ETFs - TradingView		https://news.google.com/rss/articles/CBMiogFBVV95cUxObUpGS1luWndnZHdyemczU0h1N3V1enJQbERwblZacXBUMURYR2QyVE5VX2Y1UUlKZmY0Vkczbl9KZlg1YjkxN3o2RnNpWHU1Y3hLUXM4djZfYXZHMzA5QVYyRjNsMWpwZ0VuZEV0Z2hWWE15SVpXaDlUc2RfSG42dXhLVnJXbmJsbDIxcUhIVjJTUXNELVV5NFc5Z0xPLXhSYWc?oc=5
2026-06-08	Yahoo	0.096	The Korean Stock Market Just Crashed Sunday Night But the Nasdaq Is Rising on Monday	South Korea's KOSPI tripped circuit breakers in early Monday local trading and ultimately fell more than 8% intraday, an abrupt reversal for what had been the top-performing major market in the world this year. The question now: does the contagion hit the Nasdaq when New York opens?	https://247wallst.com/investing/2026/06/08/the-korean-stock-market-just-crashed-sunday-night-will-the-nasdaq-follow-tomorrow/?.tsrc=rss
2026-06-08	Yahoo	0.036	A Few Reasons to Buy the Dip in AI & Chip ETFs	A sharp AI-chip selloff has rattled markets, but strong long-term demand, easing supply constraints and still-manageable valuations may create a buying opportunity.	https://finance.yahoo.com/markets/stocks/articles/few-reasons-buy-dip-ai-110000266.html?.tsrc=rss
2026-06-08	Google	0.0	South Korea ETF EWY plunges 14% in a day amid AI chip demand concerns and currency weakness - Pluang		https://news.google.com/rss/articles/CBMinwFBVV95cUxNZEpZZlpoZDNiU3NHREJ1dFJxRG9oMVgwVFJqczh4UWczcXpuQjh4YlFlcGU2OHpmWXRPMXQ3NXVMaXpLVUFLU1BvWGJVOEl1V2xnbXgzTXJNQXhIU2MwREJLbjdpUWh0aXpvQk5hT1podG8zaS1ybU0tdmpod0xwRDJjbUowczBpaExRc0ljYU8wNF91OEtxLThWWkdPdkE?oc=5
2026-06-08	Yahoo	-0.15	The iShares Korea ETF (EWY) Dropped 14% in Its Most Brutal Session in Six Years, and It Started With Broadcom	If you owned iShares MSCI South Korea ETF (NYSEARCA:EWY) on Friday morning, you had a roughly $204 share by the closing bell that was worth $175.19, a roughly 14% single-day decline that, by intraday magnitude, was the fund’s worst session since the March 2020 COVID crash. A $10,000 position opened at Thursday’s close was worth ... The iShares Korea ETF (EWY) Dropped 14% in Its Most Brutal Session in Six Years, and It Started With Broadcom	https://247wallst.com/investing/2026/06/08/the-ishares-korea-etf-ewy-dropped-14-in-its-most-brutal-session-in-six-years-and-it-started-with-broadcom/?.tsrc=rss
2026-06-08	Google	-0.188	The iShares Korea ETF (EWY) Dropped 14% in Its Most Brutal Session in Six Years, and It Started With Broadcom - 24/7 Wall St.		https://news.google.com/rss/articles/CBMi4wFBVV95cUxOQ1o0ZFZVWUNVYkhJdzhJWUtWU3JQZU5DT2ZoVlNqX0cxRndDSm5nRi0wTWxqZzB2ZjFYRXlNWGVOdUZodUcyTzlNdXZWWG5IcUp6WFZDMUh3SjduSVM4aUZMT0pHbHJEaDliVkVkRTh6bVlXbk9lMjVhZTlQdlJfUmFQVVRzbF9wMTZ0a0RoZnc4QUpEaGdtdlNRaS1OSjZxTDNPR2E0QXVvV0FoTVhLTEk4aEpvaXdMLTV4SHRtdXdSYkZ0LVZzdmZaNDNCZkNDWE5obnB4VUJqYzljdEsxLVlnNA?oc=5
2026-06-07	Yahoo	-0.016	KORU Is Up 236% Year to Date but Just Lost Half Its Value in a Single Trading Day	If you owned Direxion Daily MSCI South Korea Bull 3X Shares (NYSEARCA:KORU) into the close on Friday, June 5, 2026, you watched $10,000 turn into roughly $5,811 in a single session, and you watched a $1,050 share close at $610. The headline number was a roughly 42% one-day drop, which is the kind of move ... KORU Is Up 236% Year to Date but Just Lost Half Its Value in a Single Trading Day	https://247wallst.com/investing/2026/06/07/koru-is-up-236-year-to-date-but-just-lost-half-its-value-in-a-single-trading-day/?.tsrc=rss
2026-06-05	Google	0.0	Decibel Trade supports onchain perps for SPY, QQQ, and EWY - Crypto Briefing		https://news.google.com/rss/articles/CBMidkFVX3lxTE5NakJiZEVkQnJpazZWVWZSNUtQbmNINkVJRm9SZjFWOEJudU9rMnU3b3hFZHdva2xDM3pkT1VoWmtSLXVHWVdQeDhKcUNzQ1RoS1R0UHVVMmhBN2V4VmU1aTh1aFpTQ3RSbG82OXg1NEZMLVhXT1E?oc=5
2026-06-05	Google	0.0	Why is iShares MSCI South Korea ETF stock tumbling today? - Investing.com		https://news.google.com/rss/articles/CBMiugFBVV95cUxOMEh0TlppM1F0RlFIVDBLcHU5TDM4LWN2R3ljOG43RDVSQ0gxTUNUXzNzRmhKZ1EtWElsdF9Eam8ybTNueXRkR0RRVHVBMmdKX2x0WnhPTXF0ckdrX2tBd3kzT2psR0hseXNlQUpzblFEdGZESXBMcG42ZkdBQ3J0NW83cmtnYjdHRGZkbl82ZUQxSGtIdXdINHE1cUFPYklZZ2t2bzdQSDJYajRDMEMyR1hVNEJNXzVlZUE?oc=5
2026-06-05	Google	0.0	Why is iShares MSCI South Korea ETF stock tumbling today? By Investing.com - Investing.com Australia		https://news.google.com/rss/articles/CBMiuAFBVV95cUxNSU1vbUhSRFI2ay1kRWNDeFdfZmZzd0Npc0ZWcUk3YWZOYzh3a1ZNUjNnaTRfdGVuYVk2WDR0dHFzeF9JdENxNUlPak1McllhSjFjYlpFYnltXzh3MTMzbTZ6TDVkcDNqY1BIZFo1eUI2cUp2M0NOdGZiM1pxdXlhbjZMT0xXQmpSRVczM3I5OHZpa0NwZlNGblVESWtKWUVtSmp6UnFMVThKUDdURUMtZnk3U3pjNlZq?oc=5
2026-06-04	Google	0.033	Why (EWY) Price Action Is Critical for Tactical Trading - Stock Traders Daily		https://news.google.com/rss/articles/CBMizgFBVV95cUxQNzNFNlZDTXBzSG9WOF9KZGI5bEUwcUpjTVVsdTVnNDRVZFdmZ3l2aEFfaVR4MmdqSll4UmhPekZKNlB2WWpKSXZNMThpMVZrSHhlUk1BNUg3LTB4bGVKX1FTWlpmeU9Dbm55aVR2M3B2b2JZSU81cERNQTVBbGEwM21ndnpDOU1JTFFZaTRMaTRGNVBhbG9Va1U5YTdBZnFDY1daMFNkRzNCT256eDdoUGNxaDYtREJVMkFUTERqUGthdE96SzhROWJ0RmwyQQ?oc=5
2026-06-03	Google	0.167	Three Ways to Play South Korea's 2026 Stock Market Boom, From a Steady ETF to a 503% Leveraged Bet - 24/7 Wall St.		https://news.google.com/rss/articles/CBMi1gFBVV95cUxPeVFtOS1YRkVVUzA3Vm9nS0ZzNWtGR25KeURhX2hvRGNmQzlWa085d045MTlhUXVLajRTRnlMXzhIQW85TU15Tkd1WEtlWTZSa242TmVyZlFHeVBhTWVsbHhrZ2hoRU55c0k5d3QyVnZSYmhuMmhUaEJjekItUEJmZFF6aklGNkFSQklaLTcwX3gyZkdweUF2a0t6RTRDa0NTdEJJcEZYRFBHWXltUFpBbXJqTFlQT3FTLVdIcDh4QjZzNDhkcnZJTUVoQklHZmFhT1p1dnhn?oc=5
2026-06-01	Google	0.167	All The Classic Signs Of A Bubble In South Korea (NYSEARCA:EWY) - Seeking Alpha		https://news.google.com/rss/articles/CBMikwFBVV95cUxOQkVmTlJYd2IzR2haQV9JOUlvZC1Ha0FZQ2hmbTltSGJOaGFpSjljRjM4WGZKLU5SeHI1amptelZENmZsRHZxdkxqcFRsSDVZb3k4cjUzT3A1dDdsVGZOci1temJvQ2haSk5RUzg2SV90b2VZX0MxR2ctRDBTQTBYZ24wTHNKNXdTZGw0V0FSUjl6eUE?oc=5
2026-05-30	Google	0.2	EWY - iShares MSCI South Korea ETF Latest SEC Filings - Finviz		https://news.google.com/rss/articles/CBMiTEFVX3lxTFBJb29KYVZzYmtZVEY4MEVrUXRqdExhU29MeEpnTDlyaktwNEZtR2xpSFZsNmxZMmVGeGhLcy1BcDN3TjhtM29jdXpZX0U?oc=5
2026-05-30	Google	0.0	EWT, EWY, and SOXX: The Only 3 ETFs You Need for Semiconductor Dominance - AOL.com		https://news.google.com/rss/articles/CBMicEFVX3lxTE9NcENSaW5nNTJRdFBFWXpBSndKN3hTdG4ydWpkQVNtZFFmS1lKbG9OV3hXNkh4ZFpCZmoyRm5PUE1Yd09mSjVWak14SXVRN0ZMZFFFTVprOVczQUpsTFhSTlAzdTZoeGkxa2MyN2MtRnE?oc=5
2026-05-30	Google	0.0	KF: Korean Stocks Have Doubled This Year, Yet This CEF Is Still At A Discount (NYSE:KF) - Seeking Alpha		https://news.google.com/rss/articles/CBMitwFBVV95cUxOZVlQUnRydzhIRkVwYWJpOEVvenJtNWI4NG9fWVFTbDhEeEttVy15YnVnMU40NE9pWnRUbUoxTzJaOVZjZDg3bGNiWFlNRThaNkd5ODZ1WmJKaklyTE8wTzh3SW1aS25kQ19DRkd3TDJ5eW5zM3NSMTlNMnpCSVlnczJxcVE0WVZva1FpWDFiWjFlVENiQ2lUNC1tbmIzVU9oVGtkVGlzVzVFVzFobGsxRjR0Q1RKWEU?oc=5
2026-05-30	Google	0.0	Meet the Tiny Market Already 5Xing the S&P 500 in 30 Days - aol.com		https://news.google.com/rss/articles/CBMif0FVX3lxTFA5VVlUMlMxUWtRLUdtRkwzU3NsbDJ3ZjNJNmxnWkU4Ykl6d2lUNmE3NlZUUi0wZXdBXy01WUpQV21UdHphb1dLeVZKNDh1OUxhbUtRTWxQV3NvelZwc1BBOEdCNzA0eDhJTjFCMVY2QzRqRTN4UDI1LWhZQ1JYZkE?oc=5
2026-05-29	Google	0.05	South Korea Is Up Nearly 96 Percent in 2026 and These 3 ETFs Let You Play the Chip Nation Story at Different Risk Levels - 24/7 Wall St.		https://news.google.com/rss/articles/CBMi9wFBVV95cUxPR1VmX3BxM05LM1BXRnRZb0E4bU1LQ2R2T2ZPdUh6dkFKVENoLVJ6cVgtZk9oMVdDYUZBQUFKQnh0dUcwVW1GSU9BWGZnVWxrTjZRVjVwTEkzajl5bUtGb25XZmhMaUZWRDhWZVBaMXN5WTZ3cDUxbk9ZVHNldVBENFQ2WWlkVm8xdFh5TllkbHpaOFBuRXJkM09lMnhjb1g4ZVNib1hLQ0pSWjNMdjVYbEFwUGZNY0xxdmd4bWtkWFdablE3TmJSVGhtejE3Y01mem1MenNEb2xlT3FPMHl2bVR3OUhkdXVRZFhqSmJGVzY5OV9xT21J?oc=5
2026-05-28	Google	0.7	The U.S. Market Is On Fire, But One Surprising Country Has Outperformed U.S. Stocks 10-to-1 Since the Start of 2025 - 24/7 Wall St.		https://news.google.com/rss/articles/CBMi7AFBVV95cUxPNlQ3VElLMTZOVU1nVEx6VFNKX3hjTWgtcmlMb0Z0aHJWWGJyUm1SV2hKeW9LUWtseldmaFp1Z1ZVTkVycWFrVVZyUU9MMTgzTFdyRFZ2NE5XUERNX2lUX2hERGs4T3Frd3NmQVUxbkd6U2JoakdhcXRBQnFxQURwbDNpbFBmQUNtVWRFT0J6TFY4OTVUVUdUalBxSHJURWVsWWVodGt0ZHMyQTNDNElTQS1NTmRFUGtVT3FjRjBlcEdudEJ1T0I4Qk5xU1E5TVpOWWF4ZGlyQm5Vdk5wWnJkd2M3Wkx5YnZVTENycg?oc=5
2026-05-27	Google	0.0	South Korea Crushes Nasdaq 100 By Widest Margin Since 2001 - iShares MSCI South Korea ETF (ARCA:EWY), Inv - Benzinga		https://news.google.com/rss/articles/CBMisgFBVV95cUxQdGJzbHlXTjlxSm9xVGotanJ4TS16dWE2bm9KOExpTmxhenRQbGNid0NZNnhod0pmek5KaWlYSHpEeGhXN3Q0b1BVVXA4QUg0NmJ5M21wdTlEYnRzdUMzeUV4XzBKTDdwVWp3ZGtRZ3E2OEhLMG04UkhYZTVwd0ozU2x1d3hRYmw2SHBVYlNXeFRzT1NyejNvVndWdDN4VFMyVFNDQkdaazFkMkFENjZfbUJR?oc=5
2026-05-26	Google	0.0	EWY - iShares MSCI South Korea ETF Stock Price and Quote - Finviz		https://news.google.com/rss/articles/CBMiREFVX3lxTE1malozQ2txckEzckJrY0RjVEk4UDJJWnZvdWhZMDByeVFneGl6cVdoekpmcURxeDZuRnlSY29HZVZyUGdk?oc=5
2026-05-25	Google	0.233	KORU's 274 Percent YTD Gain Looks Stunning Until You See How Fast Daily Resets Can Reverse It - 24/7 Wall St.		https://news.google.com/rss/articles/CBMi0gFBVV95cUxQdTBfUXVCWTV1amFmRmp2Qk1aSjRNNFlvX0hZVWtlandPSnRRU3VJUmNvemw4STdCTEY5MmVrMG5NTzU1VDVJdmYwRUY0ZlQtOFpKc0dwdkxVdE9KTFhENkVKbDUwZVhjVGhKSHM2VlhNWDRfSTcyTmlaZS0ya09FTjFaZjRYUFl4WWJrSTJzdmtfZ0xZRUl1RkQ0QTZiMEplSmJmNkF5N2ZvWUg4bGxkZTgzUkhwbXkwbks3bHVMaUZUQWZ1ZUxlYm5qWWd3dHBBUFE?oc=5
2026-05-24	Google	0.0	Understanding Momentum Shifts in (EWY) - Stock Traders Daily		https://news.google.com/rss/articles/CBMitwFBVV95cUxPajMzcVd3eU9VTndXUUxITzlIODRFU1VmaFpVR09WY0ZldDQ5UVFrTHhOcUdDQ2JRRmp5MkRKMHlaYzBFWXp0S0Q4MjhpRFVZQUZrT0lEOV9yU1haVzdTMXNrc3ViYUxYUTgyVkZrWUdUMFBrdWI5SGl2bzhGTTF6TElyRlFxbUlPcnNacmRyaXdFTWlUQ2h2aFVEQUIwdFp5cFhzVlpxWS1nblVPV0dMZXdjU2lQcE0?oc=5
2026-05-19	Google	0.2	Why South Korea’s KOSPI Is Crushing Global Stocks - Cabot Wealth Network		https://news.google.com/rss/articles/CBMipgFBVV95cUxOYlhOU0U3alJmZGF4elBxZDh3cWh0REh2MktUOTFrdTdCY2xRLWpaUXFFSnh5Z0JrZktQUld3UFIyNm1nMlVGY3FWdHkyeGNJdU5Zc21KWjA3NEF0YmlRT0o5UGJQdWFOWm9lQ3c1Q01iN0ctYU1QalZ1dmc1RnZEUklCUGNhMm9Yc1hvLVhfdTBTQWhwLXAxUzlWMF9ZX3d0VGpQcU1B?oc=5
2026-05-14	Google	0.0	This Asian Market Is Up 81%, And It Can Thank The AI Buildout - Investor's Business Daily		https://news.google.com/rss/articles/CBMifkFVX3lxTFBPYUFyOUY2SExYQ293OTJPWkp2eEVDYkg3T0VSWTFibEVyOW5NUDdFVnEwaEc0NUd6R0VMWGs4YVh1OFBkUmlfaFM4UGdNczZ2WnlWMllxcHJqeHpLcVRpbWhRMTFmMno4YnlJbFJ3UnlvM0Z3aGJGeDR2OWdCUQ?oc=5
2026-05-13	Google	0.3	South Korea Vs. U.S.: Who Wins The AI Trade? (NYSEARCA:EWY) - Seeking Alpha		https://news.google.com/rss/articles/CBMihwFBVV95cUxPS0hjLUtQUHczLXJVSnZaWlQ0UEhJVGtNelBwQkROcXBGTjJSZmRBenZtM2MxT3U4SkRnZElHVk14NnZicmtSMUZtMzFORGJnMHYzVk5SS2lTUDJTMlJEVy1XUnJoUGY5VWRKVmhNSUx0VjNyeHFTOXpFMjRGbWlhbDd0Y25zVTQ?oc=5
2026-05-13	Google	0.0	Avoiding Lag: Real-Time Signals in (EWY) Movement - Stock Traders Daily		https://news.google.com/rss/articles/CBMixgFBVV95cUxNQ0tzYWlvQWx1NGRfT0t4Z0hEbl9TQ0RPQ25IRVVjZFBoY0ZVNXh0ejlGTFRRNTVaV29YQ2hYeFBIdHBGV2RxSFdUNTl0VUEwVnoxYl9talRVcEJBallxSUdOZHczazBGdmxsTXZLa2kyVHhsVl9RNXJFcDZXTVhrWWZTcGhrRkxZUTdkYS1YazlXZ1cwYVdHblZtQXVqekxkYVlrM01kTVBHUWVpcEtSb3NVbXRielBBUHVhMHF4UXpDdjBJdkE?oc=5
2026-05-13	Google	0.0	Avoiding Lag: Real-Time Signals in (EWY) Movement - news.stocktradersdaily.com		https://news.google.com/rss/articles/CBMixAFBVV95cUxORFU2aUVlNXQzX2prMjZBUUFEVGthUUdGWjExcGpYSW1lODltcF9QbnlEbjg2cFFSdk5LNTJJWWhjMXBndzlSdWwtRURkSW41dlRCZjhQT2V1YW5uZzJtWlQ3ZGRFeTZMT1JhMk5BMDZsUjdBLWtDTEFsdnpfS09rbGN0ZzlDQmpacFo0YVNpVno0amlDdlh0REdLb2UxaVF3dGE1RWQ5TWdHajZscUc5QVFuRDdmUDBCNE0tQS1PaktJX2xK?oc=5
2026-05-12	Google	0.5	KOSPI Top or Buy the Dip? Record Outflow from South Korean ETF Sparks Crisis Fears as Wall Street Targets 10,000 - TradingKey		https://news.google.com/rss/articles/CBMiogFBVV95cUxPMkJmSWljNktnazFuWTVuSGRhQ1BkOFd3MC1FY05IeHl4S1VQZF9USk1VU2tvWS12UVFIRnozNmRGUnpCRlQ5LVg5Ym9SNjRsZWFYdmE3YjA4VDNNeHRldHltYUlobVpybzdTazhkcVlLMlktc0Q4MGRpcDhpakVYNWE3TDZMcG11b1g3cDRzeHhFeE85aW1QWTRPZWNWVjRZNEE?oc=5
2026-05-12	Google	0.25	EWY: South Korea ETF Plunges - Why More Downside Is Likely (Rating Downgrade) (EWY) - Seeking Alpha		https://news.google.com/rss/articles/CBMiswFBVV95cUxPeXZldjJ5U2ZfOWh6bTVqRGNZZWZIRG01OEVPTkVZLUJ5X3owUEItLUY2U0k3RVc1MWN0WllKeFdla0FGMGhkUGxDNmp2YUZVWDBwNVVZd3BicVlHdVpoWjNuQXdILW12dGFtUnZCMGRjZTBVM0xSMHJyLXBJUXNaTFBDcHBILUd2RWQ3Si1NblVScFRkaWpSNlVTNTZOLXVfd0FtTFVLUGIxTURBU005SFA3Yw?oc=5
2026-05-12	Google	0.0	Korean ETF EWY surges 80% YTD, driven by AI mem... - Pluang		https://news.google.com/rss/articles/CBMijwFBVV95cUxQQUlNYm02dHBsLXh5M1dna0hwYm9RZEVsTk9kZzZzYV9IeUNjY3NvY3lLTm40Qkp6UGI2RTRLNDhrM1ZqZV9PaHIyaGdsekFCNllRU3YyNDJTVElBNVA2LTNVeHItSkpJOGhRcVJ4a0Ric1lDUEpYVDljb0tLdkQ2ZXNFS1Q2R053UUlIRWhoNA?oc=5
2026-05-12	Google	0.0	The Zacks Analyst Blog QQQ, DIA, DRAM, WGMI, EWY, DIME and BKCH - Yahoo Finance		https://news.google.com/rss/articles/CBMilgFBVV95cUxOOWY4bWlkTGJJdGtmbDJVRUVqc2VmWjdzX1FSLXNudEQtMnRSalBya2RZeC1KMjlCSEd1RjRGTjdjUjYydnlTTmFVbFZERFFiMWxObVNuN0FGMFMtVTNEcEZTSmlYeWh2Q05PSG9Icno3QkNQMkp3UzFIVDdfdEtlQXdJeFhrbC0xdlphdUJKU3d3MjZUZHc?oc=5
2026-05-12	Google	0.0	iShares MSCI South Korea ETF drops 10% amid AI profit-taking concerns, downgraded to sell - Pluang		https://news.google.com/rss/articles/CBMiggFBVV95cUxPanNmMVI5R0RzUlNBVHo4UGdNamRJTDQ2ZlBIQnIxUXd3XzJyZS1kNVh1cGs4WmlhS3licXlzYzRkNGRfTHM4V2ZnNVVkcm1pOC1UMDdpSFRGWnZubmpWNC1NOVAyN1RiQTVJclJDeDFIS3QybkRwYWJXTHhYMlJ6VVlB?oc=5
2026-05-12	Google	-0.7	"This ""Boring"" Country ETF Is Secretly A High-Octane AI Hardware Trade - 24/7 Wall St."		https://news.google.com/rss/articles/CBMisAFBVV95cUxQUm1ZSm5ObS1rTmhKMmE0bnk5ZWNscjkzVExxRms5SzFobFNLZVhjRTVmOHdUTmZxV2NSU2JQRzNoc2o4LUJhVXdsUk9KaEdtUjZFZnluT2k5RnZIV1FIcGhQck92MjdZc0FLTUNLWTdUZHhMbEVLajBaTjBaRFhvZWFNWE5xMk5Ya1pQWHNsNXo3Umd6Zkdiekh6NFRBX0NyckcxRTFYOU9Hcm5MREZyVg?oc=5
2026-05-11	Google	0.0	Korea's Quiet Dominance: EWY Outran The S&P 500 By 200 Percentage Points - Seeking Alpha		https://news.google.com/rss/articles/CBMiwgFBVV95cUxPQUF1V2lpT0hzdWNSVURna2xLV0hmYnVOOGl4SVJ5SFlyTURiQWtxVl9abFc3QlFlcXJqX1VLU2sxTGwxQ055NE1GanctMTFLaEN6Q2N6RUVzcDVENUdrRVF4bTFVcmRQRXNxaGRXMXEzRENYdjNwaGFlVDJhdTltYmNnNDg5aTd5b291bE5EeW1jMW4wZmswT0VMUlpsRGJveF9meU1lS0F5bmVCNmJodVUxSUl4bldHNVlzMnhEQTkzZw?oc=5
2026-05-07	Google	1.0	Record outflow from South Korean ETF puts focus on the country's best stock performers (EWY:NYSEARCA) - Seeking Alpha		https://news.google.com/rss/articles/CBMiwAFBVV95cUxQeEt5WGdoNEdsN3hjYlNrVlFITWloU2xZTXJ5cE55YnVmZjFldkg0NDRBamR1QTBNaXdmR1B6ZXVRLVI2SVB5NDRCT2hrQko3RS1WeFpTMzZsRnlyU1ZmaDloUVI1V3pYTm1Pc0U2RkplcUJJemgtdnlvaWZPRHRfR2tzSGFEeUVPQmdrVXdxeGRuTzYtQmVZMjZaWUJ6T2NZWWc5ZTRYRXhZOGMtVE9Qdk5HX2hEQmVGUTk4TzV4Umk?oc=5
2026-05-07	Google	0.292	How Ford and Carhartt Designed a Super Duty That Puts the Heart of the Worker First - Ford From the Road		https://news.google.com/rss/articles/CBMipAFBVV95cUxQTmR6NnFfd094cE15c1hqTUM0ZDlCRl9FbEtaUXF3NUZjY25ramhqSE9jU3NJbUVUSG82Y0QtWGdqeWhqN1ZyUTM1Nk1YaEJ0NnFXQTVxaUkwLVBscXpnQXpnajdER2NDMldaX1MycmxOc0U2aTgwT2dQU3VyTmJkWmlpaVgwWHFTZFVtanVodnBpd0xzc0Y2d2lTZ0xsMzVPM1o0NQ?oc=5
2026-05-07	Google	0.292	How Ford and Carhartt Designed a Super Duty That Puts the Heart of the Worker First - Ford From the Road		https://news.google.com/rss/articles/CBMipAFBVV95cUxQZUV1MnN6cXAzMjB5cl9oaEtTdVNYNTRVVEFUZG45amF3ZGxWc1dSdHkyRl9iUjRPWFo2b0pJeEpENUt6bWZKTFh2LUlWRGJncVlneGRrMHlsWEVueWZqS2lrenRfMlllSjhFV3liM2RKZHpaRi1PMkhJbUZ2UmZOSXBaRmx6WW91VUlVeDNOdDh2QlljbUtmVmRtYUxFT1JFWGNjcw?oc=5
2026-05-07	Google	0.136	New listing: EWYUSDT Perpetual Contract, with up to 10x leverage - Bybit		https://news.google.com/rss/articles/CBMixAFBVV95cUxQVGFwMU9OeWZCTUtxdEk4Yi00VURMM291ZnRkTjNTaEFPZjViV3RZUC1pVkVublFHMkFFaGdjdkV0LWIyUlhEV2RTSm1kd2pmTXdLYzFaanhOeWZRQTM5X2l3YWtEWDg1ZnFuUHlmMmEycUlWdWdIR3JiZF9WVzhuRzQyM0dXYTBRYWdEaDlRZTdhaUZ2dVplQlJfbGhrTzVYSVNpWmNZRE5Oby1laldxNndnR1laWi1hTTZ2UXRmYksyX1A4?oc=5
2026-05-07	Google	0.0	BlackRock South Korea ETF Sees Record Exodus as AI Stocks Soar - Bloomberg.com		https://news.google.com/rss/articles/CBMiswFBVV95cUxNdFN4VkI4WmR0UUVNNUIxN1JDWmxIcV94V1NsT09VVi1jNU9FUXdOYXdhSS1GZW4xX0hHTmtmSEFMaXgwRW5FMkhDWnhQQ2dCeldEZFVjendQVm5fV1JtZTFnLVdla1RPVEpGeXhRd1A0TnNLN0hva0xjMGRSYVp6NjNXTWFGWTFyaHY1b29QS2ZjM05FcDhIRTQwUFNVWWRQcEhFLWhnRVVaVXBZQlQ4YW54VQ?oc=5
2026-05-07	Google	0.0	EWT, EWY, and SOXX: The Only 3 ETFs You Need for Semiconductor Dominance - 24/7 Wall St.		https://news.google.com/rss/articles/CBMiswFBVV95cUxOQzlUeDN1R1AydkFjMDFiNXgyVl9HT1pFUU5NVVljdFNuT01LcWpSWGRiX2wzVHBfVUdQUzRUM2hpTXJJM08wRU9xR3ZTd0ZyNzJkd3ZJR1NUMjBvNjJtYjJrSXV3ZldLcm9uOXEwRFZndHVLNk5PazVidV9MT3dITU5rNl9HQWtISV9zM2VHWWgyVFhyZjRvWHIxVkxHUFh4Ty1BTkY0czNJTG9UZW9jdTZPdw?oc=5
2026-05-07	Google	0.0	EWT, EWY, and SOXX: The Only 3 ETFs You Need for Semiconductor Dominance - Yahoo Finance		https://news.google.com/rss/articles/CBMijAFBVV95cUxPV3hhMHI1Y3YyWDFJSGVYXzhOa1gxVWVpSVo4d3otU0xfNVcycThQOWtUQUg5RmNiVm1DNXNNSHlNVldpUGtGLUl5QlBvYXlOVk9Ic2YxVk80OV9TdnBRYnE2RkxPMHdGX0lMRVVGMmIyWkVtVUhaOFBRTnU3eXZld253cngwekZBRVNhdw?oc=5
2026-05-06	Google	0.0	Barclays sees KOSPI rally continuing despite cooling participation - Investing.com		https://news.google.com/rss/articles/CBMixwFBVV95cUxNRE5JT3NicXJhVWhOMmNkcDFZTWM3WHFfNEJwcjNwa1dkTDdIUEVDQUUwY29KU3VLLVctSlNzS1V0MVVLS1FXXzhoNGp5akpYMEVfSW1sdFcxTzlTblJ1c09mVVl3RXNxSDRTQmdKWHhxQmVkeXNvQkZWaGFQMlZoQUtuQjFLdlpDMG9GTkJfdmhJRkZiOTFxQ2RyVHhiTnpJNWZtaHRFQUhibXRGckR4Wkd5NWx1a2hpalgtTlhORmtjWVFMMnJz?oc=5
2026-05-04	Google	0.0	3 Emerging Markets ETFs to Maximize Exposure to High-Potential Countries - MarketBeat		https://news.google.com/rss/articles/CBMirgFBVV95cUxNdmoxOUdqZl9GRFNZQWVzWG9yYUNfZlJ1UTdyWEZCYXp5d0N1R0JLQlRUVjRIMFQ4VDB2V2xDWmJrWXZ6Nmhna1puV3hEajRqbl8zR3A1NGF5VzgyU0xFTjJfZFc0T2owNml3ZGpjMWtjVmtUNWpqZ2xxdWxzbGpvdkNHZVhDRTdaSF9VdUNyM01qWkZ2OV9MTGozRFVNblRGQnFBU3FaYU1CWWR6UHc?oc=5
2026-05-04	Google	0.0	3 Emerging Markets ETFs to Maximize Exposure to High-Potential Countries - The Globe and Mail		https://news.google.com/rss/articles/CBMi7wFBVV95cUxQRWc2WXBxVlVGZ0RHbXRCY085eTYzRm95amFySFU5dzltVEpXV1ZPWm9uOFhab0dJWjhfVERNNzFWa25Ua3paWmE3d0dFcDZMSi1sYXNrVml1cXhIbDdtbi02U2I5UVdPN1ZhdGZaRkVRVS1Famt3Y2tLWlRkNDlNZTVsckVZUnNhRUxWSmh0czhGNndhSkUxc0R3V01tVnJXc0l6YzBRYmpqVjF1T29JY2MwN1N4QXBRTDFnUkY1eVI1UHU0ZER4SjRWNV80SmVKd0NkMVVoYzh2SkprWkk2YXZnSmdZRTRnYnYtVlIxbw?oc=5
2026-04-27	Google	0.0	Korea's KOSPI Index Hit 6,600, Korean Memory Giant SK Hynix Jumps 5%, Roundhill Memory ETF DRAM Is Up 2%, iShares MSCI South Korea ETF EWY Rises 1% in Overnight Trading - Moomoo		https://news.google.com/rss/articles/CBMimgFBVV95cUxQR21kcEUtejJiTTVYRFEzYVhqNTdfdURKcEVqLXp4elVtU1RqZjJhUWp3d0otaW9vNFB1RGFTdDM1UnljUm1SbkF1UHlvMEVVOW05aXFDLUhxTjEwOUNBMTlIUVZYWTNSMGRkQk1ZOW5ScURUQkc0QWUwZ3Y4dEp4dnNvN011eFFLVDBla0w0QU5HMW1fV3FRQkJ3?oc=5
2026-04-20	Google	0.0	Behavioral Patterns of EWY and Institutional Flows - Stock Traders Daily		https://news.google.com/rss/articles/CBMiygFBVV95cUxOZzcyVUlzdEVrUmhLTWNjcFZTMzYtSXBrRWpfZmtYMnZ3c2xTZW9VTEU4UVRrV2FzbUFxVW9MdWpCUTBYMm1vMVQ4VE9rSnRlSHUtSzQxQU81Y2VWeVRfczZqelFsZTM2MEtuUjFLTmZUSFhCUFp6V0oyU1NkSU5xbGpsWWFMZGRyQnN3Q19IdDViRjJvSWFab1BVRnE5NGVxY3pxUlBDNnFKcDRaX2xDSlRBQlQ1ZVVpUkJ0RmdrVUNtS2w1Q0c0cTVR?oc=5
2026-04-20	Google	0.0	DRAM Hits $1 Billion, But EWY Keeps Rolling - ETF.com		https://news.google.com/rss/articles/CBMigAFBVV95cUxOcE5kZ1VWUXlhUWhWbmZlZUdKSkVzNkdPSFFNSnY5WTZWVmRocjdGekJhUEpRVXpKTHV6OWtkSG90VUNEdF9UWXBEX1dzMWJPTHd5X3p3djJ4REVsaUlBNDJYYTZwUkJKLTd4ZXkzU0FkLWhGVjVZY1YzMXVGTThYSw?oc=5
2026-04-20	Google	0.0	Dirk Lloyd Ewy - Johnson County Post		https://news.google.com/rss/articles/CBMicEFVX3lxTE4wVVR4Uk1xU1RNVUpIcGZuMHlZM0NVV1pYa2k1RE5aSUdxNVJsS05Db2oyaXN1akJUczBjb2pDaC1KbTJMaUVOYzRKclU4X3BtUTAzM3JsaTFtR2Y1RXBaekRSRDIxQ3d5SkI5Nm5zeDk?oc=5
2026-04-18	Google	0.3	1 ETF That Could Soar If the Strait of Hormuz Stays Open - The Motley Fool		https://news.google.com/rss/articles/CBMimAFBVV95cUxQU3lXZXZyU3Vpa2tac3lueWEwXzNTWmtfalVuR19ndWRjMjk3MF9ZWlc3X3M1X3N1Rnd3VGJaanhRSm9Xd0FVVk9rbWxRS2JXMUJTZ1RZdDhjQzlrZW9yektCS3lkNGVoNkQ2MF9SNGFKS280S0lRWm5ZTktoNkQxQXFpQkdDdWFnT3JYeEpTbS1WU1FTN1phNQ?oc=5
2026-04-17	Google	0.0	Dirk Ewy Obituary and Online Memorial (2026) - Legacy obituary		https://news.google.com/rss/articles/CBMie0FVX3lxTFBMWnJMTHhxUlVIZFMtU05GUHFTSVhQZWpiX2Y5cUZ6NEZDbjJ5QnhEREo3SVF1WUdWVkZ5R1JjSWstcUFlaWdYeGpYbFJfYzhxTHR1NE1KVS1fWGhtQllmNHdYWVhUdmFfSlFDQmFfMm5aZTc1YVRVMHlGaw?oc=5
2026-04-17	Google	0.0	The Strait of Hormuz Reopens, and This South Korean ETF Could Surge - NAI500		https://news.google.com/rss/articles/CBMioAFBVV95cUxNbmVDT09pbWZWbEJKMUVLZS1DTFhodXRvbmJ3MndQR3Z4cVFQUTNFUm4yX2tTdDZHeXZkdTlXTnZBYlF2V21zQ2RBaXNIQkUxeUhkOVVLbHJndzlhY0tIUkFOY0ZVRDBfeVVIQnp6bWVxcUxfck1pY1FyS0RSNmFTTHQwd0tJc2QybkdzQXlUYjYxcmkxTldWb1N1NnB6RkY1?oc=5
2026-04-16	Google	0.6	The iShares South Korea ETF Surged Over 8% on Ceasefire Day After Steep Losses During the Iran Conflict. Does EWY Belong in Your Portfolio? - The Motley Fool		https://news.google.com/rss/articles/CBMijwFBVV95cUxQN3ljZ1J4a1lTX2lKX3hkOEJFRFp1Vk9GRzhzNmFWWHJfNnJZako0cXFNT015dTN5ZzlUVy1ua2pDUjljTnpyUFlCRTFVd2lRUFN1LUtlcERtNGtQQUxqdUNTYXF1NU5la0VOczVQc0NGdEpWOFduaFlUQkVIeFBQdklSWWd6dVNVNXFLV0xTNA?oc=5
2026-04-16	Google	0.0	Dirk Lloyd Ewy Obituary (2026) - Prairie Village, KS - Cremation Society of Kansas & Missouri - Prairie Village - Legacy obituary		https://news.google.com/rss/articles/CBMie0FVX3lxTFBEQ1lHMnA2X1hJM1cxWUgwMGJnREhqd08ycUZlZHZ6TTFxRDI3SzloODlNbDRvYy1fSGUwdi14N3VHOVVUVlhsbVdLZTIyNV9WSVRJRU41LXR2VVZyTmViR09PVk1BLTdmUmJaNElvZG9PV0UzbWhxVUZEVQ?oc=5
2026-04-16	Google	0.0	Final Trade: EWY, USO, ADBE, NFLX - CNBC		https://news.google.com/rss/articles/CBMifEFVX3lxTE01MDhEa0YwcUxaSVRDY04zZjdFMGx4ME1vSzhUcFFUb3gwVUhxWmlmYkowTzVtNlRUdzBDYURiN1E2ZHo5UDNOVFV4YW5BMmkxOGpCNWwwTmdPd0U0UWtHRkljR1hTdVVLX0ZDTEF5V0ZOTlN4eXFQQ1hhLVQ?oc=5
2026-04-15	Google	0.0	South Korea's best-rated stocks: From financials to semiconductors, ranked by Quant scores (EWY:NYSEARCA) - Seeking Alpha		https://news.google.com/rss/articles/CBMiwwFBVV95cUxNNV91TWUyVDQ5eGVGM19ZLVU0Nlk0Wm1yaHExMHJiYmg3Ukx5SzNzM09yMG0zYkg2bEV0aVJxVW03TWo3eVAwa2E2em5rQVdlTThlY2ppc1c0bzZFTldmcGFmaHNVUWcwOEF3bjdtTW9wOGNRaDdualV3SVNyQXpLZkhNWFAwalozc1VXcXN4YVFycWZZMVB2eWJLY2xhUEwxWVZuTDdSTXpHeXlBSjF4dHVSVFQ1YjV3VHhuVGZkbHFET3c?oc=5
2026-04-14	Google	1.0	BlackRock's iShares just had its best Q1 ever: Here are the 10 top-rated funds in the lineup (EWZ:NYSEARCA) - Seeking Alpha		https://news.google.com/rss/articles/CBMixwFBVV95cUxPSXVtTTVYUnpzUTlVUkpObktBejh1bUE0b1JvV3ZNVFdQamF3b0ZxT0gzNVVxUmdqeWlWc01id25SbGR4NVRpTlZ6bzhwQjcydUdrdUdBWG9zZHpCN1hFaW5VUjNuV19mM1dTUk5SMHNKT3BBSW5CMjFNaVNyUEZKNGNvR0RRMzNaMnJJZXNEZkFhM2U5anlQVzcwQ0lpZ0kxWkNnMGlWSnpLU2ZKT0NmT2pLeWdSQlBHaXRGa3RZcXR3RFFSSnlB?oc=5
2026-04-13	Google	0.6	3 ETFs Beating the Market in 2026 and Why They Could Keep Going - The Motley Fool		https://news.google.com/rss/articles/CBMimAFBVV95cUxQdkdQbjRzOG54T2Zjc2N5M2Vrd0tlR2owT19pWTNzYWptZS02R2lmT1dGbzRFRTNYM0hISHN2TlZydDg4MkctVXlYQmJWNDFLd0xmN0NqWm9DV2I5OXd1Qzg1NnJjMDk2TUZPcEFTdVp6NWh6czhBdDZaUmt4YW9pNmxRYm1GbzhIdXdDRUo2YmxYTENQa1RVSw?oc=5
2026-04-12	Google	0.0	Jay Ewy Obituary Apr 12, 2026 - Cozine Memorial Group		https://news.google.com/rss/articles/CBMiU0FVX3lxTFBBSHVlU1lQcjZ0SEU2dHZPWkNsdUFRcE15Vl82ejhVV0k5M21fQ3VISm1TMGtVTC04eG0xVFZHeHpUb2dmTUp5WUxGb2pTcGhZeGx3?oc=5
2026-04-10	Google	0.0	EWY: Rally Not Over Yet (NYSEARCA:EWY) - Seeking Alpha		https://news.google.com/rss/articles/CBMidkFVX3lxTE1PeEJkNlIxb2dNRm5aSjYweUV5QlZMeUtBeXB5VzQxeVhPamliTzZPQ1IwZXN1TVYwaDc0NzlTTGwxVzYwVGJVN29WRHNRVGpkRUlTTWZfQk9paG9KZ283MFJLRlFEX25Mc1BRaGhlWlNuMktGZ0E?oc=5
2026-04-09	Google	0.25	EWY: The AI Memory Supercycle Makes South Korea The Most Mispriced Market Globally (NYSEARCA:EWY) - Seeking Alpha		https://news.google.com/rss/articles/CBMivwFBVV95cUxPYl84S1IyanlqejdMTmlWT0d1Z0dZTVdhb1J6clV6a09NQ0E2ZXpRck53OHBTODB1X3ZkamtjTmliSGtSTDhVVmF0X3ExdkxndVJFMC1fZFRLQVZ5Si1teXhKT3ppNnF1TV91N1JoNXNHbUZhQzU1ZXVZdWRrQkdPVkpLMk9rR2NmWTJlUzJlZXJJMnRGbUt0ZW5HWnZwRjRab3FaSE1pXzhBNHQxMVhVaURvMjM1STVRTWU0VnZ1Zw?oc=5
2026-04-09	Google	0.0	(EWY) Movement Within Algorithmic Entry Frameworks - Stock Traders Daily		https://news.google.com/rss/articles/CBMixwFBVV95cUxOWDVrZDFxb0p3LWRpcHRLYVBpYmdfVjgweFg1S2JhQ21iLTJ4djlHSkUxZnVZYXRWbVVERlMtNms5b1cwZXJjVl9QU0xJZTVJVnhoTENZWG5jWHFrQXc5QWxCYzhieWhJUndtSVVhTWZNZ2RtTlR0VXliRkR0VlBiOVZTOG1WR2IxZDBwOGItYWhVLXdUQkhuR2szREVuRFh3OGZFck9mYURSM2xySjltdjFnR25VRmtEZTZDTTdTd0ZVMUhLa1hN?oc=5
2026-04-02	Google	0.0	If Iran War Ends, Korea Is A Screaming Buy (NYSEARCA:EWY) - Seeking Alpha		https://news.google.com/rss/articles/CBMihwFBVV95cUxPZGtNbjhGYjFmb0luMWt4YUpfNWtWSXJfSjFaMGRMclBRWmpqX2dkd2wwM3FFRGd5djZGOUZqRnZVamEwbC1ONFg5UWpJcHlwWGFMOHYxZ1laUG9qamZVWndfd3RFLXNwVThuYzJTSE9VOHVCZ25pTVlvanpVYVQ5XzZOcmdzMTA?oc=5
2026-03-30	Google	0.0	Shirley Ann Ewy - Legacy obituary		https://news.google.com/rss/articles/CBMif0FVX3lxTE0waHZhMk5ubXRLQ2N4OXVZa1JiUzdzV0dRWlNBV3lQblJTc0ZyVXJNOG1YREVrM3Q0Ykk2NFRwc2M1RHdEdzF2bkhwTThiUUp4NnV6V2hfZG5nRGtUZEl5VFNmN2xmNFo5MTcta1lLY0U4LXJMY29VWGQ0NVh5SmM?oc=5
2026-03-29	Google	0.0	How (EWY) Movements Inform Risk Allocation Models - Stock Traders Daily		https://news.google.com/rss/articles/CBMixgFBVV95cUxObVFUUXFqeGEwMDhUT2h2dDctTk9Ja2lRd05ZNG96bGZrdW45eG1JZU83cFEzWEVMdzRBQzJGNE9hbnY4Y0ZoQWVJVWVRVDAyb25wczFReTdZT3dLR3BrNTZyTlBFVjBDSHNYdTRJdjhfUFhoSGJpNlUxTy0xWVVSSVZxQkNZSXduamRMRjdhdnhkSFpyQ0tRazAtcm5MSjVIUkNPdnpuT0FmaGlIaEQwckU1Q1M1S0dMYThCN09jdS02dTd2Mmc?oc=5
2026-03-26	Google	0.0	South Korea ETF (EWY) Price Forecast: Breakdown Risks Grow - FXEmpire		https://news.google.com/rss/articles/CBMiqgFBVV95cUxPZlpFX0o2WHFHS2dUTXlzNGV4dkNEZUdocEJaT095S1BtR29TcXE3UGtxTmpCY3hyRll3Yi02OC1SQ2JGazlYaTBDR3YtT1RFYmN5VUxtWHl0aXp5NXI3WUZiR1EydGZJVVRpM2g5WTJyZG01WnM4aTl4VDhZWlFLQ0N2NTNLYk9LT1A5U3FQMERvcU5helJFR2pGZGFxMVI4T3pUNzlEZkRrdw?oc=5
2026-03-26	Google	0.0	The Zacks Analyst Blog Highlights SPY, QQQ, DXJ, CPER and EWY - Yahoo Finance		https://news.google.com/rss/articles/CBMinwFBVV95cUxQbUQzRVVjcGZDNTZscWNWVTBnT0N4NHlzVGlJNDRSTkU2QURHV2JZc0c5dlZLT3NQam02VEJCY0hTeEN2TkFhVkdnZERZYl9XQmN5eHBxZE1kM2xadTBxdVN1bDVKbnpzVWxiYUZSblROeG5lS3ZrN180VmVWVmVzLThzN19kU0I1ZFEwazN5R016NTJjWUJWRnRoQXQyaGs?oc=5
2026-03-22	Google	0.0	184.97 | EWYUSDT USDⓈ-Margined Perpetual Chart | Binance Futures - Binance		https://news.google.com/rss/articles/CBMiVEFVX3lxTE9IRzkxckRLc01XUGpkV1BzNTZJWmE5QkU2YVBQTDgtQTRXUXplaTNKc3RNLWpKTzZyTjd1VWd2ZEhsNVhFMjk1U0YteFF1Y215Q0ZTeA?oc=5
2026-03-19	Google	0.0	Binance Lists Korea ETF as Perpetual Futures - businesskorea.co.kr		https://news.google.com/rss/articles/CBMidEFVX3lxTE5jZmdwMnY3X1BLTnE4SjlrVmFUY3NPOU9tR2sxZzdvVEJmY19QWHUxak9ZdUNPaUw3YmdpZEY1V3VEZm41M2RRaVhhSV9KV0NIMHhZdEp1WF9CR0FFam9pZURkalBtQm5CRk5xUm5kUTU2aXNr?oc=5
2026-03-17	Google	0.6	If the Strait of Hormuz Reopens, This ETF Could Soar - The Motley Fool		https://news.google.com/rss/articles/CBMimAFBVV95cUxQWXFQZHFRMDMxNjN6d1Z2ajJPV1UwX1lKMUFKZnduVWFVQVVvZG5EeFVxMmxfUE83OGliZjAwem1SMERBd3QwaWEzQWtGWnZyQmQ2WE5xVEN6S2FnclRqRlM2T1lJeU5UZm83NlppcTFvaXk0TkJDWU9yX054Um9sYzl4alVNZHdIWGsxWkJlWmUtbXBtbnhsWA?oc=5
2026-03-13	Google	0.0	Binance opens 24/7 EWY futures, extending South Korea stock exposure - CHOSUNBIZ - biz.chosun.com		https://news.google.com/rss/articles/CBMigAFBVV95cUxORWlLMmZqUDFCY0JlUWxHZ3NudDIyNzNiVHNKTFZtUWRVRXVCOTlqS2lyWXF3M3JfdjFvbGxlV01INTFlNkNmSXEybEN2YW1pSmdlaEFKQUNXTmkyU3FfbW5iNDctbF9ObXZyS0NsTVRpWlF1a1J0TThaSFdlc3pyd9IBlAFBVV95cUxONGgxNVNkRURsWjdydHpkdFJTUDRZZ2tSNXJXMEl0WThzY0oxZDAyTzZMbE9XT3g4YU5yVlpxSFdSWFItbWx4QkttVDVIdlJYdzVpZGhVekwwLXhJQjQ0QUcySUdEZlQ4Zmhjbk9sRU42QVJONmVnMmc2ajhuamdJUnBibUJYTkZBTjdLYldWVXFuMlk3?oc=5
2026-03-12	Google	0.0	174.88 EWY USDT Perpetual Swap - OKX		https://news.google.com/rss/articles/CBMiV0FVX3lxTFBPWDFJMHV2MGZBcmJEWU9pOWRwX0RBUWpmdVhwSzZsVzVsRHV3N003R3VCSnRSR3RLS2JhNGdnU2pwTXk0SDNyUjU4cW9wS2h5ckdSS0F1MA?oc=5
2026-03-12	Google	0.0	Retirees Are Using EWY’s 40% Surge to Bet on South Korea’s AI Chip Recovery - 24/7 Wall St.		https://news.google.com/rss/articles/CBMitwFBVV95cUxQbndCUGs2UE1KbDF1RmJYd0t4UXpxamlYbnh4SUUzTllucGlkd19JNGlUc1Y0VGdRaDVtSXNZMGpPRzhaMFhycW1FTkNmbU9IaWxrZEdoWnBOWG5qTUNSNHNROFkwOGNaUlNiUUlZSTZJY19PTzNuXzlPZjJzT0pnTjlPZTVwTUdDYnpiZWk1cFpRNlE0ZWRsNXhWZ3JPTnZzN0lUenhfZlhBRkItWGFQeVBaODlOV00?oc=5
2026-03-12	Google	0.0	Retirees Are Using EWY’s 40% Surge to Bet on South Korea’s AI Chip Recovery - Yahoo Finance		https://news.google.com/rss/articles/CBMifkFVX3lxTFBLR2p2VTFhMU9oemNvMWRGd2tSUDQzeU9EdHNLdkhUUWY1Q2hDcmFDWFpNUzBDTHlUd1l3bHdzS294X0VYOWthVDNHaXRUZTRlR1NJQlg1Y2ZkdmtmcVBiSGNCUlFtUy1GWjlkTWd2ZjRLMmQzcm1icHFmUVQ3dw?oc=5
2026-03-10	Google	0.0	How a Protective Options Collar Cushioned a Loss in Korean Stock Fund EWY - Economist Writing Every Day		https://news.google.com/rss/articles/CBMiWEFVX3lxTE1NbzhPZldwdGZCSzFVRV9INUVCemhBeU9oUjNtTUdEUU42YmdoYnRfSXQ3NUtSVVUzZ3p4WERwczV1VUgyNmlaZ0NfMmloX2d0RV91ZVlVQVc?oc=5
2026-03-08	Google	0.0	South Korea VaR shock was a disaster for long/shorts - Seeking Alpha		https://news.google.com/rss/articles/CBMilAFBVV95cUxPSWN4Vm03Zk10LWdBUmFEVmFYbDY3ZWtNOVF3bnV2WTNmVDh6T1lOLXNtU3NvQkVVdmhJOWFvYi0wUXpvQzVhSmdvRi14WmpTRkM2NFptWXFBeTRJb01CX0Iya1BHYWVEMVdiOUx0UGFaOEluRXVkT1Q0ai1ZNVhtZVdnYkc3MjdpbDFtSXVadVVVNmZS?oc=5
2026-03-07	Google	0.0	How Ishares Msci South Korea Etf (EWY) Affects Rotational Strategy Timing - Stock Traders Daily		https://news.google.com/rss/articles/CBMi5gFBVV95cUxPUzEtclN4dHRnbkUwTXhLME5tczNmTWFsOVNJTER2ZFE5OWJpUldoRDRTa0k4Q00yb2tUNGhoaFlnZUY2VUtSTjdJLTlIRFpnRWE5Z2szRFVKZHF5S3R5YnAta1JpUHJaTDBnZHYtekxiVjhEVHYyZFpLMXFfakM3R0lfbnFEQkcyLXltaTd3ZzJnMnlOejFjTFFLZkNFOTJITFQ1QWEwWVpGakpvZ1BBQXFoc21hWWRqZ0s0ZTJkVTNReWk0V3g1dDdOTWhobkpZLUJkellKVF91YWpLXzg2NDBkVVZ5Zw?oc=5
2026-03-07	Google	0.0	Ishares Msci South Korea ETF (Derivatives) (EWY) price Prediction - Bitget		https://news.google.com/rss/articles/CBMijwFBVV95cUxQU2VkVHkycTQ1bTlwZlk2czBGUnZiNlRzdHBnV2V2NGhWcDB3akxXYnVDYjhfTnh4T3JVblBoOGstMmxQbnRHTEFUcUxZTVlwUkV1d3JjSExtcGVzbU43T0RvRV9NTEZSTkxSbkdvNlBQUlQ0NklTNHR0N09iLWJ0Qk5iSVdkWXhvekwwNnVvSQ?oc=5
2026-03-05	Google	0.0	South Korea’s Stock Market Just Fell 12% in 1 Day. Here's What It Means for Investors. - Barchart.com		https://news.google.com/rss/articles/CBMiwwFBVV95cUxNeWlNVktHRVFESlIxdFoycDlWbXZSUVBEOEhnNXA0d09ENGMtVGRGZVpaOXY3TDBUWXVuTy1MV1dfWm5DSDlTdHd6SWhUQ09Ca0lOOE1peU92MDlLekVfdWkweG80NDBrRUhJcVZMN2NmdjNRTktKSm5EeFRzczJ6UlhkRDlTaWlKTXo4dUpXLThKNUVGV1g0Wm1vWlgwalJwZzdpNmlFVEVMSW92T1c2VUxEVVZMSVVHeWFIdVlndGVIdjg?oc=5
2026-03-04	Google	0.0	South Korea ETFs on a Generational Run: What’s Next in 2026 - ETF Database		https://news.google.com/rss/articles/CBMifkFVX3lxTE5NeFFCN09wYWNtU2poM3pMZm5GWnBmOFNnTkQzcFJqQ0prTThYU242ZjVtYlVDZnZGQm5kcllvb052QTV4TVV0ckVxa0ozLUwwdERjWEJCR0ZmYnpsUWtUaFVuZ2Q2bzN3WGg3UEZ5bXN1eGUzcXhBZmlpVFNwUQ?oc=5
2026-03-04	Google	0.0	South Korea ETFs on a Generational Run: What’s Next in 2026 - ETF Trends		https://news.google.com/rss/articles/CBMiekFVX3lxTFBLRUpJemVKdk14bWR3cTBqdmtLV3JTRUpGek84TDJ1dDlqZU96aGlhYkRNTzNTOS1QTmdTY0U0allaUXpmZ0d0TFdzSU1kTm5nM0ZqWkxWZVI2LVVHNGZPb2hjVWZUZVVGbVRvc1Z2TjV1UU1fREZ0VUVn0gF_QVVfeXFMUHM0Mk44WG5ZRzNESjFnODdJMG8zNEs3bXgwX28zZUhPX19TUmNfelh6QjN6WUNycEYtX0tBb0RnRHVOd2hZZEpJV0tIbzFYQ1FBX283NGVuY3VqM2hOdl9OZHpVVjM2cXE1Vkc2NTYyNXFMbXhTUlhVd0pwaVdsUQ?oc=5
2026-03-04	Google	0.0	South Korea stocks crashed 18% in two days. Could it happen here? - CNBC		https://news.google.com/rss/articles/CBMibkFVX3lxTE9IeHRXWjRSMi1nOEFWNGFodFJqWDVGSTZraDN1cWFBN2QwTmlqUmRwd29yUEtWTDdUU05zU1JReThkQnV3OW1oUWhRUkpyU191RXV3alZlN19xNjJ6bTVrSFI1YnFSLXVpeXhmNVFR0gFzQVVfeXFMUFhTM29fTEVIN3h2ZjdnWFp6cTdXYTREU1NtNXVjZVZmYmk4Zm41ajRoWTdtX1ExT2RUdWNscHltc1VJZnE0SDdldDZzTzVFY0c4bVBTX2FjeUxOLXE4cURvaUs5S1RRMnkxd3lTRGM2cUx6cw?oc=5
2026-03-04	Google	-0.6	South Korea’s KOSPI Just Had its Worst Crash Ever – Is the S&P 500 In Trouble? - 24/7 Wall St.		https://news.google.com/rss/articles/CBMiuAFBVV95cUxNVENtdzZLNlQtUzdzaU4xTEMzQ21QZkd3MmtHcU04bmE4RnhGUlZuaGx6b1JBbEx6U1JOWHNnTDF4UlctOU5mVXhqbmdfUlFhLV81SVNkcHctZmVidnJuMUhHWlpWVVp3NW5lODIxckNPTXNaNHJoT0lJbWNVazJiSndQTUQ5M2dKYzhmdnVkOV9aZ1NsZ0haMzk0ZVBkSVgydm1NejliLTR4SFNXaTkwbmx2ZlBQMlBJ?oc=5
2026-03-04	Google	-0.7	This fund signals investor demand for South Korean stocks may be returning after ugly rout - MarketWatch		https://news.google.com/rss/articles/CBMiwAFBVV95cUxQYXJfM0lOTGhKemtyYjJ6TDJVak1wekU3QlJXeVppU0EtMUFrR2dEUmR1NmM2M0RMQ19rSUhYT2tYY2lOZHVKbzFHYTBjejQyZFFoQTZKTWFNSWFadmhRQUFLcDF0Vmh3M2Rtdk1rTUFkbkxtSXJjWHN0LW1XV1YtdGdWTWUtdkszcEp3Yk5uSWwzbjl6QnRlSXNPQjJkVWY5NG14U0MzbHpPLVFnVEJ5Y1dYNVc5bjRjUGNxZTh6U2c?oc=5
2026-03-03	Google	0.5	EWY’s 10% Drop Looks More Like a Chip Selloff Than an Oil Shock - ETF.com		https://news.google.com/rss/articles/CBMijAFBVV95cUxPOU5EeDhZQnZhcW00TEpubFExczR0clF0djVnMUlKZUpNZTdJN3dxNkFyT3dBSnI5XzNMUWIxSnJaOENEeHJ3a2tFbUNVSTM2RHdpdUlmSE1jNXR4WXVkRWpjMW5vUXppN0NSVTRNYTR3RW1KMXQ4aHFReEdtWjNETjhTeXpwd29oLWQ4RA?oc=5
2026-03-03	Google	0.5	South Korea plunges 7%, triggering chip sell-off (KOSPI:) - Seeking Alpha		https://news.google.com/rss/articles/CBMijAFBVV95cUxPNHlaVmJfSUNEXzJYQ0ZpanJIbXNyZDRrQ3Jad0I0MjZvWTBnRVE0WjBFRkFzczkzbFlvYWtGdlRkS2g2azFaVFFkSlVkUHdxYTBjNkc1anVjNjc2UzVpb2RKUllib3pBRHI1NWp3ME93RW9xeHlWRG1qdFl6ektYZUtwcWVCbFotRF9iWQ?oc=5
2026-03-03	Google	0.3	Exchange Traded Funds: One Of The Best Trades Of 2025 Just Got Crushed - Investor's Business Daily		https://news.google.com/rss/articles/CBMif0FVX3lxTFBnVEdSdF91Ulk3ZVlodGJGQng2Zlo0bFFxMEM5clB3QTYzejhlZWprallNbUpTMkI2QnBCeFkxbjAySjVNWlJmT0k3dHZIX2piS0Zqc2NIa0Q5eDIyM3dGWEVReW83NlN3Y0VvSWt1UmRsUko0UlBNUHJrS1psVlU?oc=5
2026-03-03	Google	-0.078	The momentum trades of 2026 are breaking with gold, silver and South Korea down big - CNBC		https://news.google.com/rss/articles/CBMiuwFBVV95cUxQMDZkRXZzTEdUMHotZGtHTGZVWWxMS0o1S3htLUxPYzZvWm1DYUQxRFlFU01tT2swOUU0U3pGd2dkY3YtUFBDQllPdV9zTHNiTWEtT2tvM290WkhjRlQ4dHhqRmNmZ1A1NXpzdldPakxCMER5MmlKcWloa19aN1VMRVEwYkcyMmEzQmJoY0VPdHJjaXdSUVlqbHdWTERqQkxWaVFjX2dNdDYwOU5BS1pWN0c3bzRPYXNPYkhB0gHAAUFVX3lxTFBDNGVfb2RrSVJIODUwWjJaMFE5bFQtd3haeUNacTVrRTZRVEUxVkF1Nnh6R2hOY1RsMkRKWVhBR0FTQU5OQjlLaGJtSmQyNW5CVkdjSlU2YThQVkt6SWM0ZklGc0FpQk1VdTRmcHNoMFFzSWNhZXh5MmpLMmpuTmIxaDNCZ1hKYWxWZW11WF9vby1TTm0zTjQ0MG50M3pFcUpZbVRmSHZJcXpMS3RxSDdUZWFJMGRPLWNmN0lhUUM2Sw?oc=5
2026-03-02	Google	0.0	"The spread of the ""Buy Korea"" craze in the global exchange-traded fund (ETF) market is buffering som.. - 매일경제"		https://news.google.com/rss/articles/CBMiT0FVX3lxTE1IRkFVTEFlUTZWX3FFQ1hZRXNBX2kyUzFfZldfM1NXcUlTcmR6X21sXzVzUGdCVFFWZ3NuUG1qZjZNdjJmTUJ3REZ4WmJHLTA?oc=5
2026-02-26	Google	0.5	Korean market crash looks imminent after 'blow off top' - Kolanovic - Seeking Alpha		https://news.google.com/rss/articles/CBMipgFBVV95cUxNTmsxWk1JbVlzV0hTOGNtVWNoWWlETHFWY1VNYWx2UGRrQk95YVNLWjhKQ1FJX3VaNVd4SkJQRjNQUTd2Wm55RUYzWVNaR0N1bGl5d2dmWjU1X1RLSTdhTktSOTRaLWNxMl85cDBiaUYyeEszWkZ0cEViV3JnN3BnYy1ZYzJMd3hkTVlzeFN5cmlmcEpCUzlnN2xvS3IyeW1jMWZ1NUZn?oc=5
2026-02-25	Google	0.16	South Korea ETF (EWY) Hits a 52-Week High - TradingView		https://news.google.com/rss/articles/CBMimwFBVV95cUxOanFOMEx2RFB4a0kxTHNEV3lJSmswamFZRWlWTE9QdWVab0xLdGRYMXY2VG1ScUxSTWRFZS12Y2NpNjR0MnFJS1lrYlJHMXpFYVVKdEFjcEZXVC1tS0VYZVZEMnJFRkxvYmliVmt4QmlGS0JBZ19IdWo0MWNxRUU3T0QzWW8yZnVRVjZza3hsQkVDNkhRSVVGX01XRQ?oc=5
2026-02-25	Google	0.16	South Korea ETF (EWY) Hits a 52-Week High - Yahoo Finance		https://news.google.com/rss/articles/CBMiekFVX3lxTE16RHNxdGVwZHJLVks2Q2N2ZXZiTWJZMlNVa3lHcFNwQm9iWGUyaXR3dXk1Z1EtX0J2MHQ1OFZsenNjSV80dktsaUdLeW5qOU5PZWd2TWJEWHV4Q3M2cUFTVlZOaTJUUXBqc0NGV3RwYzhidWY1WkRxcHd3?oc=5
2026-02-25	Google	0.0	South Korea ETFs: Quiet AI Winners - Yahoo Finance		https://news.google.com/rss/articles/CBMie0FVX3lxTE85NVhTX1FVVmVDSUdhQmluOVNlSjRzT1J2MGlXUmoxNXY0ekN5dkJMSzQzTkhFMzB6c1ZXTXVUY291VEk4c1c1RWcyUmZ2dGlYR1JPaHdZVDdlQmVPMzg1UFFzcHNZYW5tTVJIVlBkdGtNTDd6S19IbVM3Yw?oc=5
2026-02-24	Google	0.0	(EWY) and the Role of Price-Sensitive Allocations - Stock Traders Daily		https://news.google.com/rss/articles/CBMixgFBVV95cUxQZDlmTUZ1bERrLVR3aFc1NlZwNzFUanZMbFZ4dDlJWFlmWm81SXRkVHAwZ2IzWkh3dlhITTJ5UXJWb0JvbHdocHlNQmprWmdQd0x3Y21FX01nQ3IwdzlLZWRGcHA1eGpSSTVPc0FEZVdiblI2ZGlfekt6Nld3V2tDQW9Sd1dDNkRNSTM0dl9yME8xTGtSclZJSlBrYW1waVpUeVBUS3FNVzJxNHVFNXdCc204NHZWck9qbEFfdWg1dGdBbmtVOHc?oc=5
2026-02-23	Google	0.0	EWY ETF attracts biggest inflows in a decade - Investing.com		https://news.google.com/rss/articles/CBMiqgFBVV95cUxQNXpSNG9xRktGNk5KckdtYUs2aEI4VnVQV3N4a3cyOVJkdWhENWtaQl80N05oZUFwaUF3dk94Zi1Jb3VnZXA3S1A1WTZ0WDBtTDdKWFluTE9VMGhrWDFIaTk3Q2kwb25yVDl5RGpVRkR3d0l6MG80c1NabE4yc1I0TnpBOThKWjkzek1jc1Rja0poWGUySnZkNndVNHA4Q2VJcEpVZWk5d1E4UQ?oc=5
2026-02-23	Google	0.0	EWY ETF attracts biggest inflows in a decade By Investing.com - Investing.com Nigeria		https://news.google.com/rss/articles/CBMiqAFBVV95cUxOdTg5MWoxenhCdWc0MGpzVkt1RWpOU2s4SWUtWVJ6NWdrUXN4QmhFMll2LUY4NFd3RUJMa2ZFM0RFMUZEbVRVd29keVNJVzFfNU9nQkhoWFBuX2J6RVZEM1owRmdPU19ORVhTUVFWMUFDUUEybzQ5OURPTFFHc3JlbkZmejE1UGIwdzMxZU4xZWJCQlpBR05aM3JMYmFoT2RSU3VjVEh2WjI?oc=5
2026-02-23	Google	0.0	EWY: South Korea Is Cashing In On Its Memory Chips (NYSEARCA:EWY) - Seeking Alpha		https://news.google.com/rss/articles/CBMilAFBVV95cUxPV3AwNF9XVUJJNW5QTUhoSGxjcnJaeTVOLWJnZUdhUFE0cGNoSTFhUXRRbGNZUEFHcnNibThVclQ0b3JHVktfMzNWLXBTYVdsanBEcDFXdm41WTFhYU93YzVPMGhiODYxWDN3a0lCYlFXY2FCc2lieGFzazdQMzRERHptdTZTSVpPLWZKTWF5OFEyM2lT?oc=5
2026-02-18	Google	0.0	Brazil for Druckenmiller, Tepper likes EWY, Berkshire enters NYT: 13F Roundup (EWZ:NYSEARCA) - Seeking Alpha		https://news.google.com/rss/articles/CBMisgFBVV95cUxPUlRWOUljZjV5czNGaElaQzV3Q3NCdnJRT1FqUkJLZnJBSmtBV0tDdUV0LWRnVTl5c0gtYV9kS1NROVVvdXlLcVV0T1Z6NnotYUFYWjhMaHhMNzhaU3NJanZuRFc0MTVpQTRCZ2R6bUlCdUZFM0RQdVZxS3Vob0VVTjBYUEdVaXhRX3NENUUzczA0Y0Z3U3J2TDFXLWRUWXVvVUEwRktQQl9NLWhmOWJOcGpn?oc=5
2026-02-15	Google	0.0	iShares MSCI South Korea Capped ETF (EWY) stock price, news, quote and history - Yahoo Finance UK		https://news.google.com/rss/articles/CBMiYEFVX3lxTE14QkFEbDFMVUhxSlVOcTJSZ2dEOGdRTGRqS2xXbjh0ek1TUmxLWHB4ak5BQ0xBbWJuZXVyTTdGUmhSZDBoN1F6SUp4Ny1HY216V1h0U3E3aHgxdGFmSVlKdQ?oc=5
2026-02-13	Google	0.3	South Korea's Chip-Fueled Surge Is Compelling But Temporary (NYSEARCA:EWY) - Seeking Alpha		https://news.google.com/rss/articles/CBMioAFBVV95cUxQem1Kbzg3VG5EanNhdnZFQTcwM1Vna20xUkE3eUlSUF9UR3dhTlk0UUc4QWFFbVZ6LXBUUmg2akRxM3ozeWpRVWRuQ0lFUERBV2hiRVlqcEc5ZjBSQWtILTA0WVg2TWVFQlB3TEVLVXdrTmx0RS1RTHl4RGZ2ZGdEdVFtVDd3UDFITFI4VHVaUnl0NmR5a2FVVVZIWUNYRjNI?oc=5
2026-02-13	Google	0.0	Responsive Playbooks and the EWY Inflection - Stock Traders Daily		https://news.google.com/rss/articles/CBMiwgFBVV95cUxPZnJucGxvVk9PRGFodkFFMm1qZDVfMnVtMGoxbzlJYTRNdUZQSkZKQzdjYXpXMzdpcG5qREE2c05oLWZYYnEwWFdVaTBSX1A1ZUtjYVZDREFvWmV1eXNmWHR3U2pkeE5BUFF2bGo4dlhKNEVYYVRHTnZ5aWg5UkpueVpTZWlKdUpqNUJtcEhvX1I5emg3TWN0NUd4UmRmWC1pbkdxdG1UOWpXdE93SjZvRnBjckdNTWJsYWlDX1U2ZGZtQQ?oc=5
2026-02-12	Google	0.148	South Korea ETF (EWY) Hits New 52-Week High - TradingView		https://news.google.com/rss/articles/CBMingFBVV95cUxNSkZ0Zm9Xek85clFYbjd2UjNzRE1XTl84c0o4UVV0bHFKYjJQbUlrMGJDSTZKdWJxOWVteDlEZEJEcnlYdzdyamdOa1JxcllTZlNsYkhaWEhyZnBLYndQams2d3gyeWVUdjg4N1BWTGlqR0dmWDNnMzhkZXBRczVndEExamo3VU5oZTRIdlk5TmVOQTFIR3N3V2syYVhmdw?oc=5
2026-02-12	Google	0.148	South Korea ETF (EWY) Hits New 52-Week High - finance.yahoo.com		https://news.google.com/rss/articles/CBMiekFVX3lxTFBEbWdlM3M3dEZWUlNxdzMzRm9wWWFiN1Iyb0ZPUFJIVGIwakh5NjNDc1dXTmhoU2poZ0J3UXU0N2tyOXY5VFJuOFdveVU4bnlDdlljbXpveF9GYkVhUkdMaC1NaE1vY0p6aVNBLWZ2MGV1bmxRSDd6LUJn?oc=5
2026-02-12	Google	0.025	An Asset That Made People Rich In The Late 2000s Is Soaring Again - Investor's Business Daily		https://news.google.com/rss/articles/CBMixAFBVV95cUxNMjY4RVpfS2g0WjloNnpsSW51bTNvR3BqbmZWRk16ZklBNG9ESndTMDdoUHFVaEtkN2FObEF3d3IyUFBLeXhiYXBvSm1WZVA3VFJjRkpQZGh3Vzh3U0E3MDV5dXhQZTBCSTE3S0hFU1ozZVdNWkRqdHozTksyQVdNUU1BY0JRVzF4T3p2ZnpxUHliYVBnS19mbUItME1qVUVpN2FzQ2hqRFozM3dNYThPUi05YnFXTVZzejRfcHI5RGRMUGcz?oc=5
2026-02-12	Google	0.0	EWY Technical Analysis & ETF Price Forecast - Intellectia AI		https://news.google.com/rss/articles/CBMiUkFVX3lxTE9pUUU0SFc2OVljNmYxMGw3RzY4ZDFJTFJoVkFHMzctWFcxUUQ0S1N5V3c0VkFHeEhWbVo0dzBvN2dzYjdEbkpBQk00MEkxZTRrd1E?oc=5
2026-02-12	Google	0.0	Traders Pour Record Cash Into BlackRock Fund Buying South Korea - Bloomberg.com		https://news.google.com/rss/articles/CBMitAFBVV95cUxQUlVKRHdtU2lwa2x1bGViZDhtZE5Hel9GNnZCMUdMNGhQeWFVb1ZqWF9RbkdGUVhCdzlranFRakdVVlBYcGJfR293Znpnek5JS3F5azdaRnh5Qkx0ZTNBWGNlLU1tOEZmb0JQLTE0OG1iZmNuRzlQUFd6TmRIVEpFRFNDdGctcG4zSy1zVERKZENDWS1xWFJFZGV0c1k0S1cwYmVIaUdseVJpYjVOUkNCQWtSV3M?oc=5
2026-02-04	Google	0.0	EWY Becomes a Proxy for Korea’s AI Memory Boom - ETF.com		https://news.google.com/rss/articles/CBMigwFBVV95cUxNWkh4cXJIT2VVSzE4alQ2UkhLQ0pwZ0tQc3FvNjRTOVBNRV9TZVFfSVNkR3ZrZUF0c1RWanFyTWdaSVVvUjd1eE1QQS00dm5rb2lmVG1SOVljTFdZSmZad09NNmY5WkJQblpmSEp2TjlIcU5DWXBraGJLay1wRV8taGg4VQ?oc=5
2026-02-04	Google	0.0	EWY Becomes a Proxy for Korea’s AI Memory Boom - TradingView		https://news.google.com/rss/articles/CBMipgFBVV95cUxOaERXa2hvZ0dVVjk3UlRvcHNLWWdDak1YR21BMl9GV2N2b3FrNWVMRy0wTi1YVGxQRWFQTlhGWTM1bHRvVmlhal9YTVJ1NjJBVDVlYktuamZuLWVYbnJpZVc4OHJFMUNpZFJ3Skk1VVh1NW1TRWdmQ1A5U1gzU0h2eFZoOXZGMFd4RTFGX19yNzZBZTYyZGhzZkVJY3dnSXpMV1R6RUdn?oc=5
2026-02-04	Google	0.0	Hanwha Asset Mgmt Launching the PLUS Korea Manufacturing Core Alliance Index ETF (KMCA) On NYSE - Smartkarma		https://news.google.com/rss/articles/CBMiyAFBVV95cUxPSEpKd2NObmQ0bWRRM2VZMzQ4MklGZVBLSk15Wm5TWG1rTjBDQ0xiTzlGenkxNld1dDROQUJFTWdub3RrTDl1YnZyNkc3c1dMd2ZGYlMtNnF5RlF3V1hLY2lOYzFIOUk2ajViYl9HdVBBWXBKdDFHc3FSY0haT1dXOFA2b1dQNWZialFEazdxZFREbUJfNDQ5M2Zmdk5DUnl4VER5TFFyQk42QkVIUGZ0OHVSLXg3UXhoWUU0Vjc2NGxGWkE0am9LNg?oc=5
2026-01-30	Google	0.0	Shirley Audrey (Ewy) Trullinger | Obituaries - hometownsource.com		https://news.google.com/rss/articles/CBMi0gFBVV95cUxQRWRGN3FfcTJNTnFvV3ZxcXdzdUFpeVNUMUhOamxqMHluZjFIYlRjUHpWalZpRWszT1dRaUlkY054dGV5a19CbHpzSDZXTkwxOERaZXRVY1lMTmg3eE9jS3llcnoxaVJNNE0zankxaGlDLTllTXI2NDFiU1dzNWtsYTdPY0tjcXhtd2RUODIwUG03b0FWRW5wVGFjWXJ6QWVVdGVHVVlGZGJqM0tlcG5xVHhwNDkyX2QwcHdxbjRKVEN4czVPYi1BSnFSRk9HNmJmZHc?oc=5
2026-01-28	Google	0.5	This Country's Stock Market Was the World's Top Performer in 2025 - MarketBeat		https://news.google.com/rss/articles/CBMiogFBVV95cUxQd0dNbm1uSWZKMi0tWkxDNzg5SF9XWWJLdEZCNmFkNnR5NGhWNFdLMlZJOGxQM2t5ZTV1XzF6a2VsQ2NLOGZqUS1BRnpvWThqVlB2UUw3QUlfMFpnaHlGQ240Mm12VFExSU9nMGQzWmpmakl2QlB1NjV3d3FpYnVWMWJYZ3Y1c3RvNW1JTmxBTW5MekJpNzducHBtV2VieExkLWc?oc=5
2026-01-23	Google	0.275	This ETF Almost Doubled Last Year and It's Nearly Twice as Cheap as the S&P 500. Is It a Buy? - The Motley Fool		https://news.google.com/rss/articles/CBMilwFBVV95cUxPYWlJV2o1RXUySGEwOEoySmFhV0pKRVg1NW82WGFZOEM1dGZsb0hyOUE4YmZVNmQzbVRsMDZQZUNRdG5UWThmUFhIMzRmeTI1T3V1OFJLTHNBOVZoSVlCdkV3M1FlcWRqN2ZBU2hvcmx1RVZIQkxnQUtpNkVJZ3BDUWdYVFZvZ3pjZmVLeEhCUXRaQjlJVkJn?oc=5
2026-01-19	Google	0.0	Shirley Audrey (Ewy) Trullinger - Peterson Chapel | St Michael Albertville Buffalo MN		https://news.google.com/rss/articles/CBMibEFVX3lxTE52alBpZmxRSXFFMEJUN3VSWkcxbUd1UU93MFFHakREaTRrZEIxbTFpWWxPTFhWcFN4RmJUdXZ4SmFqazFWZVBmMVNXX254cEs4SVFXd0pkTTY3RS1TeTBITEZWU3NEcGU0SkxqSg?oc=5
2026-01-19	Google	0.0	Shirley Audrey Trullinger Obituary (2026) - Hanover, MN - Peterson Chapel – St. Michael - Legacy obituary		https://news.google.com/rss/articles/CBMiiAFBVV95cUxQcUsxbDYtOUZlZnFteWVQX0FzV0JCdXl2OEZxRjlUYzFuWXYzZXl5SjFWa3NiaXdIVU5zUWFfWHFuYmQxS3BSdEVEMTlDdDFkdVNJWDV4bmYxdlVyWGN2WndoYUUwd1hYZkRDZ292MFVkNzJOVkJmTXdhd3pLanBqSTYtZVNWZnBw?oc=5
2026-01-15	Google	0.0	South Korea ETFs: Tailwinds Carry Over From 2025 - ETF Trends		https://news.google.com/rss/articles/CBMieEFVX3lxTE1IVFhhRU50R015clNFdVBQRGZ2cEh3Vk1kajNwbGxnZDA3NzRXZjE2YlhxWTNCUXFfTlNLaU11VmY2anYzeWlNNXBnNm9OYVVENDdHMWlVaEVuTTBkaGIyRVBHYThzcFlxZHdwNEFfRE9FLWxhdlpWUA?oc=5
2026-01-15	Google	0.0	South Korea ETFs: Tailwinds Carry Over From 2025 - ETF Trends		https://news.google.com/rss/articles/CBMieEFVX3lxTE1IVFhhRU50R015clNFdVBQRGZ2cEh3Vk1kajNwbGxnZDA3NzRXZjE2YlhxWTNCUXFfTlNLaU11VmY2anYzeWlNNXBnNm9OYVVENDdHMWlVaEVuTTBkaGIyRVBHYThzcFlxZHdwNEFfRE9FLWxhdlpWUNIBfkFVX3lxTFA3cTFSTjdFeTZ3SXgzUHZXSFY0d3JjTTBoVkhJNVBCSWRnVDJSZUpEck1VWDhlMzhmZ25DUHlkakh4NmhWTmk3QXhDYkRqVWJzVFcyNm41NTQ0cHAxcWtZcEJ5M3lwVUU4Qi1TWVVVaG0yMnpVcjR3OS1ERTNFZw?oc=5
2025-12-17	Google	-0.062	EWY: South Korea Fund Pulls Back After Leading Other Country ETFs (NYSEARCA:EWY) - Seeking Alpha		https://news.google.com/rss/articles/CBMiqAFBVV95cUxNTTV4UVh6QWFBaGVlVXJuSHkyZWtBWmdzRVAwVFprSWE5UmMzT1R1U2wyVUJVN251MGdPdHp1azBhZkZ0eV9DTHYtMjd3SkpsRDI5ZHBaWVhIXzRySkxZUVE0YktaZ19FbG5iTWVwQTJOWHRwSDVmZDY4WVdOXzVaR2lxa1hsT3ZXVldJZTBzY2dlRHphbDVrUUxkQnpoYUtMX0lqNXZyM1U?oc=5
2025-10-20	Google	0.0	For Targeted EM Exposure, Consider South Korea ETFs - ETF Trends		https://news.google.com/rss/articles/CBMifkFVX3lxTFBhb0RmWTFhTmRKM3ozUmp3YWphOHItNldGdU4xZmk5Vm14RlBUcm1PMjBYekk2TnpuNnFlaE0yVXZGY1VLRXY2blV0VW5RVjN5cGZMVThoOTdFUndfSDBPeDVRU0lTQ3VRWXV4azdLRHhWRm13cnpsQjZURFFqd9IBgwFBVV95cUxPRnZOSmIxQXJWY3Z2U3pXNVBtNjIwR1NfTGJScGo4My13cmgxTW5xTjRVQmtxaXhYbG50QXBIUy0xd2tUNVlkckVmbWRSd2s3aFE4UVgzelNtNDNxd0JTbUg4ald1U2lTeThjaDFaS0I0aUNLM1dCbHFzMl92U0xucEo1cw?oc=5
2025-10-09	Google	0.6	This Nation's Stocks Are Beating the World. Should You Invest $1,000? - The Motley Fool		https://news.google.com/rss/articles/CBMilgFBVV95cUxOVGRjWjBmSXRENGZaRmZCSmV4eVBCMWlpZnNmeFF0Mm9Pa3g5U29sMXRTNEVpWjB4WFZXUllKU3plZ09YYVRIdUE1Tl85ejhLV1dNMWY3UDR3NVZTV0ZhM3dMY3hsbWtLTnh4YXZ6RFBxS1lMbG95VlpvNFluLVRWem1xQlNxcm5ROUJQX0p2bC1zWlZ0dkE?oc=5
2025-10-03	Google	0.0	EWY: Taking Stock Of The Largest South Korean ETF (NYSEARCA:EWY) - Seeking Alpha		https://news.google.com/rss/articles/CBMijgFBVV95cUxPREFpUzB1RVhuUFNzc0k1YnRkY1BfZERsajhJMlVrcy1NSkxrTF9sYzQwYk14dHUzVjRVUUN1bXl6VV9ia18ybGRMVGF0TFlENFNSMjdzbTY4WFkyLTFDY2lYWm9KVUdTUWl0bHVRMnhrRjFLWUV6NXo3SDNvRUp2UGlFcDVqdF96ZVFFRTFR?oc=5
2025-09-28	Google	0.0	ETFs Investing in LG Electronics Inc. Stocks - TradingView		https://news.google.com/rss/articles/CBMiYkFVX3lxTFA4U1pYbUQxTVlIUjhQcTdMTHMtb0U4b3RSa24zZ3Z1OW5PSXdhV19SSy1CSWJja0RucFM0RFhmdVRnRTA0Qjl4SlpGYlVjTXNCakNPREswLWhHb3JzRTJveEd3?oc=5
