Date	Source	Sentiment	Headline	Summary	URL
2026-03-17	Google	0.0	El Día Después (11/05/2015): Iago Aspas, De Vuelta A Casa [5c4153] - Fathom Journal		https://news.google.com/rss/articles/CBMicEFVX3lxTE5lSDJsTUZ0NGpqZEpBLVljTklFVkdpNlNGMjd2OUlZbnJDT0xHYlRyQlBGWEVwNlRLR09vMlNQVnppeUktX01XSUlFekM0Y254YUhjNURVdUc4Y3J3WTlzbVRYeTU4RDNGQ1pVYmR0Z3E?oc=5
2026-03-16	Google	0.5	More than 300 flights delayed, 100 canceled at DIA on Monday - The Denver Post		https://news.google.com/rss/articles/CBMigwFBVV95cUxNZ2ZkYzNaTDM4emhRQ1F6V18tTTJON2NwMmQ5NWxSNThGUmZmeWg5X01Zd2FFX1QtVVhEZnhEazk0WUk5WnFzSVVfZU42N09UY2UtUU42YW0tZW9fSmQxNkRqRlNaWnJSdC1VUENDVmZyYWpyZWZqY2stLXJjR041T0g0aw?oc=5
2026-03-16	Google	0.35	DIA calling for gift card donations for TSA agents as employees miss 1st full paycheck amid ongoing shutdown - KKTV		https://news.google.com/rss/articles/CBMiygFBVV95cUxNNlB3cXlwblVVWDZtZWIzNGV0SW0wd2s3clRFckpxZm45bS10X3ZYWW9iUF9Ya01NTkNSbUJDNFFRSWplaDRFNGw3SENpZ21VSWlXOHE5eWFkSEFVb2xLbzdUZk4xUW9BUlVuSEdlRkVaakZkYVhyekxJZjdxc1RxQTBxV2l3QWtZaHh0ak9ieTF4OFlwbEc5Rk94eHFtZVNyN0JVYkNnMVlpaGFDRkFWSmh4VFdJV0JKREpZWWZSWC1VZjgtdWlzTllB?oc=5
2026-03-16	Google	0.136	Jacksonville DIA to weigh restaurant extension, new bakery funding - The Business Journals		https://news.google.com/rss/articles/CBMifkFVX3lxTE4ySWtSRkpPZlFqRy1nY1lLX3RUSDVuczkyd0x0Nml0WVJQd2JnWjdydHN6QTRVY2Z2TzZ5YXFyYXJQRzdGaXl5ZUZtYmxPUnFwSTFBTmRrU3NxTWwwcUtZRFhVNzVNOVNrQjktc2RpS1A4VnJOYm9kZ2dCSC1CQQ?oc=5
2026-03-16	Google	0.1	¿Is the End of the Cuban Regime Near? - Al Día News		https://news.google.com/rss/articles/CBMiZ0FVX3lxTE5ld3E5alhSWnlQd1lLY09EQktCc2tfemFjVE9xZ2VESm1xMXBSQl9HN2lyeF95UklNaUZNb0d1U2IxV20teVFiczlJdTgtdkNSVFdXbDd2T0tfRnhNdHBPX2RlbU8ya1U?oc=5
2026-03-16	Google	0.0	(DIA) Volatility Zones as Tactical Triggers - Stock Traders Daily		https://news.google.com/rss/articles/CBMivgFBVV95cUxQSG9oX1ZoRmlLUXhCd1diVHpyeHBJbjFOUGJVNllseXV5Z2JhVFZvZF81QllWSTR4c1BTdURoMF9YVEdkSEd5Nzk0cWxId2hYMS1Rdnl0OVo4YUg3cjZHNlgtMGtsenM4dDBzZ1hCWGtNRnBVXzFscl9jNFpMNUY0Y3FwZ0pKVndWa1lsUENvRXk4RGV6TEluZVdKOWZvX2lXUm1IZkp6YVVYS3JTZTBMQmZLWkVtLWR3UGc3VDNB?oc=5
2026-03-16	Google	0.0	"4 Dia Intake 45 Degree 102mm 4"" Inch Aluminum Intercooler Intake Pipe Piping... Pipe Air Intake - hotelier.com.py"		https://news.google.com/rss/articles/CBMingFBVV95cUxNSmVlcG9tZGpEa21jdVBsSzJOYnJCcDdaTFkwcHdpT2NqRVQtdGpyaXJIQWNiM1JSU0tHVzc2bkhUUmhaQUtQS1RMc0VtWTRpS2FxajlaSUEtaG00ZlRnLUo1MnRkNmZHZkN4cS1DZEtWNDdjSkFrRFhraUU3aXg3RDBaX3g2QWtBVkVlWERGSXA4S3ZDc2s1LUo2dFkydw?oc=5
2026-03-16	Google	0.0	Hundreds of Flights Delayed and Canceled at Denver Airport - Westword		https://news.google.com/rss/articles/CBMikwFBVV95cUxQTmg5ckVURl9OVEUxdWc1ZzUwc3Mtd0ZHNVl3ZWdha19zTHRPYWxXdjFiTmtqYlpYbWpJX1BaTVlYdDZxY18wVFhNaENkc3lXNG1LR3Eyc0YzV3d1cGVWYmFEd1FTdjRyNC1kdTQtemdpM0hOb3dLWVVJVC1zalhERFE5UzJXSWNpNmNmQ3N1RWJGMzg?oc=5
2026-03-16	Yahoo	0.0	Is Dow ETF Better-Positioned Than S&P 500 & Nasdaq Amid Iran War?	The Dow ETF may outperform the S&amp;P 500 and Nasdaq during the Iran war as investors rotate to value, healthcare and financials amid rising rates uncertainty.	https://finance.yahoo.com/news/dow-etf-better-positioned-p-130000489.html?.tsrc=rss
2026-03-16	Google	0.0	Spring break travel increases traffic on I-70 mountain corridor, delays at Denver International Airport - Denver7		https://news.google.com/rss/articles/CBMi2wFBVV95cUxOdU90WkNmemw2MkZISmNZQkRlUXVyN1NwTHlMMzI1Mm56Tm9va092aGgtOEwybDlLUEZaMFlERDNQbVNkdmdOcXBuaTRJUFlscHNONlNHWE1WR3FLakh4bVhDeENrNmdjeHlGQ3hNVVBpQThmRHVydk9ybXIzZWVrNVRWSmhWemk5TkVRRGVVempPWjVmVVc1Vno4TmpkUkI2cURfdTFTZjlPdHN2OUFlaE40cWtNMG1ja3pFTHJ5bS1kMGd2WGM0dlVpSnBjTWNJZFhyNXVMQXFIWm8?oc=5
2026-03-16	Google	0.0	Toy Drive for Día de los Niños in Chandler - Signals AZ		https://news.google.com/rss/articles/CBMihAFBVV95cUxOTjVSYWpEN0FLSDVCVktJSFBEdjc2TWJSYVRTTV8wajU5RDN6Y3d0cWl1aTRITHprTGVmNkFpbWNXekxlcTlOckMzaXZjV3dmaW1lZnI2Rk9IbGxyd0N3dHhXMTFrZDh1aG4tc29ybUptOExvend6RmhmMWE4NTJzODl0VW8?oc=5
2026-03-16	Google	0.0	“El día que tuve un teléfono móvil en mi mano, olvidé cómo escribir una carta” - KGET.com		https://news.google.com/rss/articles/CBMixwFBVV95cUxQUHREbVZGNGp6RjhaMm1DT2JpRHZvay0xRXRxSHk2TXJkRUZpamw3SHZOdktCVUE5UU1wd0h0ak9KdmtwZk9XMDFIRHltU2hJd1FDQV92VU9BMkhIdGhVNXl0Z0RfYzhWb2xEYWVMQl9oMC00a0FQVzlPRVh0aVNpY19QRTRrMENNRGF6Z1BJWXQwOWtQYmRIcVNGOUF0WnBCdzZjM2FfV09LbndWOW5uUUQxMGJlYk9hTWxweTZnTEdKX2tMM3Fj0gHMAUFVX3lxTFBVWG1yMWx1azdTdElrd3NyZjlnWDF3NEpHUEVueTRES1kwTktyd0tub2JNSU9ma1ZRa095OHFPbUlVbzRjeHlNa28yNTlyZThmT0JOQ05KOE4wSU1WLTcxRGJ3ZXdlWXQ3OEptVXpRamtQaVluampic3hhM2ZzeDNjN1QyVUFNZnM5VWpJR1dta3FPVk9TcGhjZFR1TzdJcko2V3Jkd1VzOGNxN0d6dU9MYU55MFc1NEtGaFhVWkw2RUhpV0hsTC0wVFVLag?oc=5
2026-03-16	Google	-0.133	The Truth Behind Denver International Airport's Massive 14.5 Million Dollar Mistake - islands.com		https://news.google.com/rss/articles/CBMitgFBVV95cUxNOWIxNkVrYkV5MF9BbEtLNVJXWnluQmpsM2YwaW1nVVpOYkJrTGZnOWdvRmoxSzVlQ1NNOGQ5MkVpbFYxZllHWmN2eVRpbzR5am5ueDVaSzRJTm1yMTNJVHp0cDF3RjlMaC1yTU5zSWE5RGZTRUp0MFUxZUpxbG5OcGltMU1ubFV1eURLV2JGZGpydFRNX3cwWDJTdjFDNGh2S0ZxQnhRYmNTVHlQcFUwMGlldVU5Zw?oc=5
2026-03-16	Google	-0.6	When Police Respond with Artificial Intelligence - Al Día News		https://news.google.com/rss/articles/CBMicEFVX3lxTE5peHBrdXpEVDd6N25TZG85cGZjUXZKbWQ0bTJVM0tNYS1id3BSM0hJUVh4Mm1ORkF6TGZkQlptWVFNZEt1bEdScG53WkFvSHNYQXJLMG54LWp0RVJOMllqNEg4NVp2LTJiRGd5YWpqNmE?oc=5
2026-03-15	Google	0.45	Ole Miss basketball vs Arkansas in SEC Tournament, Darius Acuff, AJ Storr see best photos - The Clarion-Ledger		https://news.google.com/rss/articles/CBMi9wFBVV95cUxQNEpFQ0Fabi1TZmkwZUN0dFRwRy02STdJc2R1T0VUeGNlZ1U1YmtsOTVxSVVyUi1WckNUZ29fZ0pJNnJlQ201bUZmc1FNTFFKeHAxT2JicnVDaDdjci1RUzM3MUl5ZVczdUY5bkxzZm9MNGdKc0N6bGpiY1VCcmZyajFOd3EyUFkzTTFpclVvYkZhRld6VF80cngzQjZtaDU2dWlWWG9nOHF6dFNfX1YyZTBGSmNhcDB1LWpGaUJ4WFVuN2llNDBSYXJRQlF4OU9RNERpUDFEai1lLWctSmFGMWhfa2NqdHN3QlExeHhHZjBpSHROb0Uw?oc=5
2026-03-15	Google	0.0	Boulaye Dia vs. AC Milan – Player props & odds to score a goal on March 15 - USA Today		https://news.google.com/rss/articles/CBMiswFBVV95cUxOckU0R2NjZlc5eFRQdEdQbENnUkZmZi1kOGRqOVhaQlJGRldQdmFjaUhnb1QtRXdJN01zTU02cXZ6SWJJYk8xMUVNc1lCVXVDaHdxd3VFQ2RmMU1LaE5XR1ZQYVhqUWlUSUVFMmNJMHBXdjhTcVZpZFpWX1Jub3NRc2tMelF2TlBuMk90MDdaMFpHTGFiNXlXWV9kS3ROSWNHQzFzazdodHFoZkhIQXp6LUNGUQ?oc=5
2026-03-15	Google	0.0	El nuevo tráiler de ‘El día de la revelación’ te abducirá con lo que promete ser el regreso del mejor Steven Spielberg al cine de extraterrestres. - IMDb		https://news.google.com/rss/articles/CBMiZ0FVX3lxTE9qQjFoblJ2QnpkSEdYQUd4dmZfQWNZRmE2NHVBNjNuQ1NpUDNRVkd1X2ZxMmh0M0hoQ2pYSzllMVFLYk5NUDMyZHdtbi1hRm1QdnYtZldnbTBEd3VMQzhWVDBrNkY4Q3M?oc=5
2026-03-15	Google	0.0	"Flick: ""Es un día especial"" - onefootball.com"		https://news.google.com/rss/articles/CBMidEFVX3lxTFBDSTg2TjA2S1VQTzZiRzV6OTBNOTNOSVZMRzBGSjRWMXdILWtrVlRaeWF5T3Jna29kM2FEbm54VWo1cXQ3SlBIWGdFUUc0RTE3N1QtYldZTWJGakNFV2ZvZW5vOUJTV2xERm1OVllxYUV0OEFr?oc=5
2026-03-15	Google	0.0	Hundreds of flights delayed, dozens canceled at Denver International Airport - The Denver Post		https://news.google.com/rss/articles/CBMigwFBVV95cUxPemdodDA2WVpxZ3pzZEc0dHFKeG82c2x0YzRMRm0wU0hFNzdCNjFJSDVqaWZaZk5qXzVXRFVadGZmOElmWVNlVlFNMXZqRzB4Tmd1TjA3a0Z3QTQ5MzcyaV9tR1ZpZm5lRHJ3YXNXc3VLVmdjMlllbVhwNTBwYVdfQVNuaw?oc=5
2026-03-15	Google	-0.1	Everything AJ Storr, Malik Dia Said After SEC Tournament Semifinal Loss - HottyToddy.com		https://news.google.com/rss/articles/CBMikgFBVV95cUxPM09LMnRJbE15SnVUV2RVMk94NXVkcjBCb285Qk1ITi0wQ002UnBNYUhqM3FaU1dFeHlNSDdKbkpIbnh6Q2M1NlB6RUI3eVBGeTRWMFlmS0V3ZV81LWZBRlZLZ28xUmZ3LUpDbkVIRG1YSjFyYzRmcUFlQnJMTlhZT2taY2tRdUZpdFdJNllBY0MzZw?oc=5
2026-03-14	Google	0.05	Gordon hits back at 'complete nonsense' from Rooney and Shearer - BBC		https://news.google.com/rss/articles/CBMiZ0FVX3lxTE1Na2k5ZVFGT2tXSVhJNWVUQ2M2YXpfNnJHeHF1cnZxRnpoY1BrV24yaHZheTFWbm9IVFM1WFFfZWVFLUxUN0FMVHZLVHBJSmdLaTEtY1VOTG9vWjhUQ205aE5mazgwVnc?oc=5
2026-03-14	Google	0.018	Mississippi beats No. 15 Alabama 80-79 in SEC quarterfinal shocker - New Haven Register		https://news.google.com/rss/articles/CBMioAFBVV95cUxPNWFmck1OTFp0Y3JQUzJCOWw2MTAtX29nTmZtRHloWC1yTUowcTBnbFQwb09CWk44VlAtZFZrTWtMTm5Kcm5ySHlnSVdqdy1ZSThFeGZuRHdPbDZncllIelA5OXUtS2I5N3R4WDd5T2NMZHA3dm9STWp5LURVdmRLYnhEVV9wYTZzZXZvelF3blk4UEJJaDNqLUJMelhQSXhQ?oc=5
2026-03-14	Google	0.0	Denver Plots $12M Fire Truck Shopping Spree For DIA Emergencies - Hoodline		https://news.google.com/rss/articles/CBMilwFBVV95cUxOR1FMVFVtYWRTcGJydXBrdHRualV4VVBpTUZ6Z3R4UlRuSXNhVlhDOXNTUG00elNzZzIxcEVaVFVRTEd2cUJkZlZTWmU5OGc5dHp2LTRDa3ctQlVjamlRekNCVC0wMjFUeHpCb0RsVXlQU3BQcWhnUUJ2bmpnT01uMDdQOG15TzlNOEtIMllmOWxSRHNjZzZ3?oc=5
2026-03-14	Google	0.0	Spring break traffic at DIA: When security will be busiest, what to know - kdvr.com		https://news.google.com/rss/articles/CBMipgFBVV95cUxOeTNMS3JzT0VWRHpuek5lRlRnMmlqU1VDam1kejY0My1PMjgxOE82MVpjbURYWUdiN1g0cy1kM1U5aFZweHk0OFRsREFZUTJwVDJqcVl0LTdpREpPZDQxMWxzMmd4SHBfc3ZndnJlNmlJSTYzWVpGQXJHRGtzVEFNbFc2STMybE5XQ1JQUXRfSUdPeFZ6YWxWd2FTM3lIX2hiRTJFX1pB?oc=5
2026-03-14	Google	-0.1	15th-seeded Mississippi becomes the lowest seed to ever reach the SEC semifinals - CTPost		https://news.google.com/rss/articles/CBMinwFBVV95cUxNZ3M0UWtLVW1ZM3FTemhlRHVvVV9vRFlNaEMyLTJEWTdCZXhST3VnMVllaDNLMmh1ZGJfYW9zWkZoUWVGWEI1dGN3OEtoYklzRnJaRUxxM19VejBjdnlyY3hCYVo0ZU9HOEUyTnI1QlZWT3VtYUs1RTJMb3NkbEZ3bWFCOEQ5Umg2NXJOX3lmcW9qRHdkSU9ndnA3dDhPQTQ?oc=5
2026-03-14	Google	-0.1	Malik Dia reflects on Ole Miss basketball's SEC Tournament run after semifinals loss - The Clarion-Ledger		https://news.google.com/rss/articles/CBMi0AFBVV95cUxQWjN2MHR4bjU0X1lGQXcta2VkbWpnNXZRc0FCcVdTS2pDZTVYb2Nzang4LUtGcVRsbS1RbzJFZ1AyUjdfU1JMcllxb2dfOFBSX1dhalNsTFJrZmtVcEtzV1ZoZ1Q5eDFhYm55aFZRY0duTm5mODlveThnRy0xN3JrNHhpNU9mZTdYTW9tX25pUlJuLXNFQlpqN1JVUS12ZXNRZGNQU3A5Z2hPRFBVclhBM0RqcExBZGFGV0traFJuUTRoV1N3QWp5dXpuUVRTUERQ?oc=5
2026-03-14	Google	-0.6	Malik Dia on Ole Miss: 'Nobody is afraid of the moment' - ESPN		https://news.google.com/rss/articles/CBMiW0FVX3lxTE9wVXZGMVFSbFcwWHBOdGwzNXJhY0VtamVweFVpQ0xfcTRpQ2QtbUt0RzJsdGlZdzhySlc4UlJiWGN4REJJTkY4b0lPdzFuX2tYejQtMDJFbHZmMkU?oc=5
2026-03-13	Yahoo	0.3	What Happens at $200 a Barrel?	"A jump to $200 oil would represent more than a price increase; it would be a systemic shock that shifts the U.S. from a ""soft landing"" into a structural crisis."	https://finance.yahoo.com/news/happens-200-barrel-210100949.html?.tsrc=rss
2026-03-13	Google	0.25	DIA: Supporting the profession in March 2026 - Driving Instructors Association		https://news.google.com/rss/articles/CBMid0FVX3lxTE5HeVNLaVBsWm5PTWpoR0d0LWctNlBKRXY1X1BIRGdiaHVlYy1STnlsamxZS05fRy1zT3FMZTk0Z1lmLWFwVEpMRmdoTWpYOTBWTG9NdWpEV0RhcDVjaXM3RHJpcDNDQS1ZWnlDbVRvMTJPQ2loczNv?oc=5
2026-03-13	Google	0.136	Bollywood Roundup: Adah Sharma, Malaika Arora, Dia Mirza, and more… - INDIA New England News		https://news.google.com/rss/articles/CBMifEFVX3lxTE1TbFhSUDhDU0IyZHloaFFZTjhqNWU5ZG5XMTVIaDBSQ29oLWZpc0hOY1BtbVNycno0WXFuZ1QtOGtmOEZPWVFMTjlSakFhb2hxMC0yeVFUeUZpU0ZFaGVaVlpBZEl5ZHM5ZlFmaG9OWC01NXA5YWlPNWxPMnM?oc=5
2026-03-13	Google	0.13	DIA travelers face 1K+ delays as high winds snarl busy spring break travel - Denver7		https://news.google.com/rss/articles/CBMiswFBVV95cUxQTlpHc3V1WG1manA5YmY3Q3F6TGh3WHJ5dU01Q3BhbHEta0RuMW5kejhPb0dnVnlqajdIek1vS0NQRzdzX041Z3dGUFJhZndXMEJWaDlnYm1qZ3o5OVJfUjctaW1DLWtBcXNHQXNtemZwY1A2UEc4dUxWcDFMYWJ5ZVJpN3pyN2tGNXFEQTFWam45czB2amNETF8xOXR4S0FSZEl4cW00Q0RkUEd5eWlXMjJLUQ?oc=5
2026-03-13	Google	0.056	Dia Mirza enjoys a fun session at the gym with her little companion - MorungExpress		https://news.google.com/rss/articles/CBMimAFBVV95cUxPS1ZuZ1lBRHZqTlVpUE1ibmw5YktDa0dmOGdQbG9YUkhRSlZzdWNHemRDblRiZ2FhNG02bUNZWC1pSV9TSlFCYXBFNHpPYmJGbDU2eGZIQ1FoU0s0WXp3Q3A4anZNRk9KRjZnNWZZUXdZWW42UFBFTjFuMS1yRlF1NjVSQ0Vvd2JMX3h2bXJUeU1fVWh6U0F5MQ?oc=5
2026-03-13	Google	0.0	DIA launches gift card drive to support TSA agents working without pay during government shutdown - Denver7		https://news.google.com/rss/articles/CBMi1AFBVV95cUxNblNfUlAtdTNhMmlhSUgyQ0o2azZPQ3dwYlhIdFhJMzNzZ0ozZjBRVXB5Z2lmaEhsYkZtaTJBWkluWW05akN4NmNzWVo3aXdCRzRnR0hvblBacXkzWjZsb1pHb1VHZDB1VC14emZrR19UZktUYjZyLUU0cG9ZTWhNVG1vQ0kzVG4zSWdaSUVELWZpOUI3cm5ZM2JGZjZieVpDTFU3OGR5QkxTX3RTanlqRlIwYXRxTENNVmJOd3RJXzBUdGdsUExSOGJyTmxzVGtmZl9ObQ?oc=5
2026-03-13	Google	0.0	Denver International Airport asks public for donations to pay TSA workers as shutdown continues - Wyoming Tribune Eagle		https://news.google.com/rss/articles/CBMinAJBVV95cUxNWVpCbUlZYlNyNmRQSUpUWEpwd0hTMG55MXV3d0huNkhpT3pkaUwtRlZUYnRXSDdVOEhRTHdlbjUtQVBwZFYzSTNoT2tzOWlQTzIzTlRkbWZya0NfWGNNMlN0Q1pNaVRLRU5lZ1F5YXg2QkxjTzJkazVxUHEwbGxnMmdaRmtDYUE4M1RrMlUzQVZHRzRlYzByaTI1ZE9oUmtLOVdwY0ZmYmQwNHk2Z1pMRHd4ckY4WXdfSFJUZVUyQldKTGtaM1p1aHR2ZVBhd01qcUZfeWVUaDBsNDZHa1h5QUhRYVNXWnBWOWZlZTF2UlpSeVo5aUN3WEg5ekNoZXFETk1jS0dzWVFKejMyUkNpa3dDWGxSQXpvSk10bg?oc=5
2026-03-13	Google	0.0	Dia De Portugal Festival Will Return To Newark: 2026 Event Schedule, Honorees - Patch		https://news.google.com/rss/articles/CBMirwFBVV95cUxOdFlVc2hiNXRmWHFYREF2UkFmQnRoR0VIRFRjWTlsSDdUckVkMHQxRFNFZS0zazRfT21kdS1lY1BmS2VqMHBTZWs1MUNobmRMVS1hQ0E1b2lET0R5QWJxUV9xZ2hZWnMxSFh2MjlQT1Y1TXU5QmNPRjBWU01LclZmcjlBV0dfWTVtOFhmOUFrQjBPRDY4NlBmanc3c0phNUlLS1lEZjk3ZERwZUE3aUtR0gHEAUFVX3lxTE1TN1lLOVA2THZVeUVQTUcwSFZsYmRhTDFsWFhfTzUxRERWSkRobUI1RUctaXI3ZmZEVnU0SVRybnRtXzV6R3JfZW9WSDNSSWs4ODdQTnRNRnhrMHJPekZQdVdmVHRJLUVoUS1PekxqeUwyZ2Q4WHdYT2x0c213UTdFY2s1bFBkcHRsLWVRSEFqVEIyTjZzejZURXpCSFZxR3lvc0dLWWtYUDF2Z0VkSF9DUUVGQlJvNHlFeWZha2RCWllyYTc?oc=5
2026-03-13	Google	0.0	Former DIA Member Jenny Marries After Six-Year Romance - 조선일보		https://news.google.com/rss/articles/CBMijgFBVV95cUxNdl9OaFV0cUt2RkdPNWswZDRLVG9mMlZSNUVGOVp6amJzM3VnUG52SG1zZVpPU3A0S3dqVUlOaE01T2VvM2dtWjd1cEZOc0dVQjV4TldvRzFqOFZNV2RNcV9GY2RvZm9wSE13ZklIVGpwbHUxMmJxQV9ZTmJCV1BjUFNGejlsdWVhaWlZcW9B?oc=5
2026-03-13	Google	0.0	German airline looks to Denver amid expansion of long-haul flights - The Business Journals		https://news.google.com/rss/articles/CBMioAFBVV95cUxPazhkU21hN0ZaUlEwSjR1SmszbGttSWc0Q2dNNjE4bWZBRnNERUN0Q18yMURmbThKZHB4MnViU0ljSkpTZjNTaXFmRTl2cFg2YmpJU3ZLV2QtaEdUTm5EdGhyY2lUNy1ieDU5QmRGazRRSEN6bUM4eERCMm44YU1JSmJvZ1lSRGxPTGFxazdvWktDV0RiWExXYlZSUTd6MHB6?oc=5
2026-03-13	Google	0.0	Ole Miss survives after a furious Georgia comeback, 76-72 - On3		https://news.google.com/rss/articles/CBMi_AFBVV95cUxOV1hJekI2bDhhVjU1U29OZUlkZ21CNkJHT1ZDVzhvcEhMbHRkdWZDaC11dGpKbTlCd0VLNWt0WVM4elEzNFM0RG94eTZzTHp6NXMzdkQtcEVYaVBNbmhEUC1Hb0Z0cTFweGIwb1hUMzF3SndQRXllR0hSTDQ5a0dxMWpYRjV1TlNadFF6aG1hVWZObGxsaUkwb1NpQno5RGtzUVRVUzM4R3RldmxyS3c5SHdaRG54elhEai0tSGpwUzdWNzJZcHJzQnZBMlZzNmlSMVRqakNXM2M2NWpDSktkMFhQNE1YNlRtcDI4TXlrOGV6ZFd2TjdFOWVRcGE?oc=5
2026-03-13	Google	0.0	Renew Your Passport Without Leaving Home in 2026 - Al Día News		https://news.google.com/rss/articles/CBMickFVX3lxTE9QVzBqaWZSZ3k5R2lDUHNtMklhSUVsTDk1RVJzX2IwUEROMW1IU1JCV18wY0E1ZVRkZnE4Q0JkbDgzcmZwSVkxUDRNUG9KZDBpaHp5dUNSLUNLVklpcHlZWEg3Z05VNlRJUjdYajZvcEg0QQ?oc=5
2026-03-13	Google	0.0	Spring break travel rush underway at DIA - KUSA.com		https://news.google.com/rss/articles/CBMi3AFBVV95cUxONVA0WXREelVJTDdxNmV5aVpCanhCR1owQUc0N3RVLVAybFdFX01YNlNCU0huU2VXeko0U2dwQzlGeE4ybkdnOWVVRWNVMnpLbi1KbFd2MEJOUThqUHZoNUotSEpVMXFaZ3o5M2FubFZfWE1CSGU1Q0lXakJRQzFpcHk2VXh2ZV83OXEycWxXaWRpUHpEalcyUlJGWlZRRFBUNnZmYndGRXh1THotSFI1YlUzbEl0dXFkNW9TNkV2azN4dHRLb2tSRkNYcHU4ay1vX2F4Mk1sTUFCVVpt?oc=5
2026-03-13	Google	0.0	"West Java OJK Launches ""DIA KITA,"" Farhan Promotes Inclusive Financial Literacy for People with Disabilities - Jabarprov"		https://news.google.com/rss/articles/CBMivwFBVV95cUxORWpBVFhDUFB3VGdaYlFNU2hoMEpldHhYcVFNRC1rOF91MzlyYXdRd3NfdXFaNUpjTkhTNG5MdnBNNGNIVVB6bDhnUGFVaXFZU1JyQ1MyMEdyRHNBcW1UTlVyaXJNU245Yk9uU3JPV0t1Y0NfMnpJdzdLcUZUVGVlcGhZUW9jZDdGOXVqbDlGZ1pUSGI4ZXhYS2NuM1RuYlZ6cjdGdUV4aEhIdkxhSGhzY21MYWd4V3Z0SzJ0MEYzYw?oc=5
2026-03-13	Google	0.0	‘Día del Club’ ticket for Boca: prices out, no sales at Unión - OneFootball		https://news.google.com/rss/articles/CBMinwFBVV95cUxNYkNaNWM2bHBDbXI5cmd4a1gySEpRaW1OY1dobVNsR1UwRTlSVGlQdmEzVEJnT20yVHlRQU41ODI5SkVOYmdwUGtuU25BOWpDd1AtaVo0dF9fMnBZaG1PbEJfTVdzdktaTXY5SEdtcWt4ZGNYb2FsWTBCYUZFUnVGOGpmY2M5UER0S2ZFX2ZYbXliLW5YOTRBenZnQUtZRUU?oc=5
2026-03-13	Google	-0.1	Alabama basketball could get wrath of Malik Dia in SEC Tournament vs Ole Miss - The Tuscaloosa News		https://news.google.com/rss/articles/CBMi8gFBVV95cUxQcWhKcEJ4bHNRZjMwYUwxOFk3OE9tMEV4eThQT0dhQWtaUlB3a29BNHFUekdHdk44Q1kzWjZwUWtnWWJqTUU0X2JmQTBkWk92ZFJoT1dKLTRkMF9LbEF1dWJOWWphZl9tSHhiVGs5b29iQWxnMGQzaFI0dE1mbEpKRk5GamY5M0liQUFkYnhxRzZDMU9rQzlobHVyVjNjbktFcnlKWVpJaWRYVTBWaW9YS1lyMHdKajhPajFfQllXTXRKMjQ1ZmlZWVBDQkRDQ3c0VVVoVFBrTUJLSEpFbnRVVi1jQ2lYUjh6YVFjQ194clNfUQ?oc=5
2026-03-13	Google	-0.1	Everything Malik Dia, Travis Perry Said After Ole Miss Shocking Win - HottyToddy.com		https://news.google.com/rss/articles/CBMijwFBVV95cUxQRzB5eC1lTFNBaFd4UE9ydXhoNVI3QmlkaDJseFl3bGlWRm1UYm1QSWtKRGdaZzFnZ0xjc05OdzJEa2FURkVwUldsVk41OEUzZVA5djdKSWVmN0JUczZ0Ql9HeXZvTlRSUUpkXzNvVzFJTk9IS3AzWWpCMm5aTVVDUUZ0dlZPazBlTXJrZk9JMA?oc=5
2026-03-13	Yahoo	-0.1	Q4 GDP, Durable Goods Lower than Anticipated	Pre-market futures are up following the release of this data, bringing in a spring green a week ahead of the season's change.	https://finance.yahoo.com/news/q4-gdp-durable-goods-lower-143500198.html?.tsrc=rss
2026-03-12	Google	0.35	Malik Dia reacts to Ole Miss basketball's SEC Tournament win vs Texas - The Clarion-Ledger		https://news.google.com/rss/articles/CBMi0wFBVV95cUxNU051ay1mbTBfOGJyLTdBUTdQU1NqZVRTSWV2cDhCR0JyNkJJaGRYOVRDYlIzLVVnY0xERnQ3SFp2NVJ4T1RoQzViMnNKRHJCZG1nbmxfVEFjNFRUYkhQZFJrWWlsVF9CT0VpcWEydHVJQXB6Q3dNbGFyMWdyaWVEMVFzRnBUVTlpTDBFX3dWXzhESC1wTVdrdkszdVdGZ2gzTDZtZ0QwdUhnSXhUbkFveDZIeFd1ME5lYUduSjRHZjNpVlVuckdROWJBY2YwdWdsWmY0?oc=5
2026-03-12	Google	0.3	Latest headlines | More than 1.3 million passengers expected to pass through DIA during spring break - KUSA.com		https://news.google.com/rss/articles/CBMihwJBVV95cUxPV0Z5Q3FmRDlydFpkeklmOGVQZktXWWVLSW5oX20xdjFkT1ZlQ1llb25mWTRJUU8waUktYmFnTlc4UWpFc1JZdXZkUUdqeS1Yd1I1M2V5akwxeTVNTG9FUC1pMlJmUXp5c1FfbjgyX25HMHN1Qk84SFJMR2tad2x0cVVuNU16U0tQRi1Eb29DSUUxa0VIVlhyN1JIWjcxcWNmT1NRMFRJX2o1c3hVaVRKbzJBSUlaMW5FSGdtbWtXWXFxWThCd1VOaUg1VXFaZ2JwaEdIYjRjdUc2WW9oN1JPcFd3Um9Pa2FtZE9Yci1VQlJTa0ZpSHJQZWVIRXhDNk1ZY2dOUnBoNA?oc=5
2026-03-12	Google	0.25	Denver airport gears up for spring break as TSA employees miss first paycheck - Denver Gazette		https://news.google.com/rss/articles/CBMiuwFBVV95cUxPcjQ3RWRsc0tpczRUUkFwdXBxd0hEY19kX2dJRk1BYzl2azJ2RzEwTk9DQ0ZJeVFRZmFIZml4WXo4ei1kekVLekl4UGdMNjlQRVlSYXFIWmNSRGVqZ0RqbnM2V2hzSl81T3d5RjFXLVhMbjNQV2d5Z0p1T09SX1N1S1ExUmhvUEpEVmdlUy1qY2RDWXgyVnptckhkeUlFM041Q0xoX3BsbDhrQndoQlpNVUNLSmdRam9rN2xz?oc=5
2026-03-12	Google	0.2	Frances Arnold: The Scientist with Latin Roots Who Changed Modern Chemistry - Al Día News		https://news.google.com/rss/articles/CBMieEFVX3lxTE5MOTlpLXFUVGpIU1Q5U1dJZWRuRWp6M1RiZGNhRFNPcTRwRFZrUTBXYkVrdWU0UmRrQ0g5N3dZQUVYdnd0SWRUUkp5bmMwWHJJc0lUQ0g1clB1MjdZQk9VaWc0Z09HdTF2QlUxc2drd0JRZkxPT0dicw?oc=5
2026-03-12	Google	0.16	Over 1,000 flights delayed at DIA on Thursday as high winds sweep through Colorado - kdvr.com		https://news.google.com/rss/articles/CBMioAFBVV95cUxNRkkwMGxUOEp0ZmVYQlZHNmt6N3B6R3YwS2E2ZmhnU2g3ckxIdDFsQmJTeDFSa1dvMlN6ZHFBWnpCSy1pYlE0bnk3T3QzOFdhT3RrcFdXcHZzN2dFMHJmRXh1SmFKVGtKVTNLRXlGM3puSXhFaEdyNnR6b3FadG1wRmh3OC1TTHJyaExLdkgwTGlVM256Q3BTaGJJc3ZFcHRC0gGmAUFVX3lxTE10WVUwS2tVWG5FakVwOVMta1pRQlZMaHl1eW80R255Q1pqcmdNOTAxMk9YMUJqN0lQV0poNkhiSmloLXBScW1LU1gxS0JXWktUcDQ5bm92cEpmMnNSVHJfVlIxQzZSTDdYQ2FnNHdoY0lDUkZYY3B2YUZwZ2FacXBKTHFBU0lDSzNydEJJN0duYWNRa00zRHF4WXFhTnprYWcyMHhaUFE?oc=5
2026-03-12	Google	0.136	Lucid Details Upcoming Midsize Platform and Announces New Recurring Revenue Streams, Outlining a Disciplined Path to Profitable Scale - Lucid Motors		https://news.google.com/rss/articles/CBMiuwFBVV95cUxQTGpyeFVQTTZwVG96cHk4WUtEMGRwTmNvVG5uM1NtcmYtQ0U4di1ZWkM1UVByT3hvSW1kXzBuejlCWWplSHhBRDFMNWFaZ0RHV1RkNmJyT0lsZWRMNEFSOWx2cGJYbURwYU45R25SYlppY0h5ZmswYXJNUzZQdVhmaTF2QVg5aWx0VGhFNTMxYWVGWjR6Q3NqMW5kQUVhOGlOVHM3RzB1Z1JlVFZXVEszc2VRLU5KWVpiX2xj?oc=5
2026-03-12	Google	0.1	Rebels Dia, Kamardine motivated to keep their season alive - Southeastern Conference		https://news.google.com/rss/articles/CBMinwFBVV95cUxOTWt0UVhHekNUYzhrTzI3MEQ3ZHBLdG5fb1J0SWxJMkNtUlc5SFZnb25LRGFZOC1vak5kcUhYcnNEZ0ZLTUNVUlEzM1NNM1FOSXpXNmJBeWIzYjJIelJ3Y1lNQ3g0dk1RZVhfMkhBZ0tiODFLODh3ODVXN1RqOGVSNjFJRW5rNTVkU1pVcWRwaGJ1R0xyd0JRZFRteGxFRDQ?oc=5
2026-03-12	Google	0.0	Banho premium: 5 ideias para tornar o dia ainda mais prazeroso - CASACOR		https://news.google.com/rss/articles/CBMitgFBVV95cUxNSWRhVXlhMFNqa3hfci0tVUY0S282Nm9WbUhMYldLUGZLRklTVWNPanVnS0lKelNaUDBEdGFyT2ZMSzA4R1dsWEx3LVB1ZThwa1JqUkxkck40bWJ4YmR1c09ZWHlfdlR2Z2k0blFzVGNYcWFHLVRLWVhlOHhfYjVIV19lMFRqNER6d3Z0Z0RPU2pLNXFiS1hXNnlMQmFwTzFFRjluamdmaEJWVlp4V2NRcFdjdnQ2QQ?oc=5
2026-03-12	Google	0.0	DIA asks public for donations to pay TSA workers as shutdown continues - The Denver Post		https://news.google.com/rss/articles/CBMiggFBVV95cUxOQzJKdGVsUWVHMkRBTi15aGt1SjRpQ2h0UmRSNU5FWS11MXA5cjlfNW9oUFo2UlUtckh6b09qVFpUX1RSQk43ZWNtUmJnMWZ1bHFjWURvN2JQQTFaZzZfOWxlTGMwaDd5b1lKTlhJOXZhN19aV18xOHluR01LZTBfNTBB?oc=5
2026-03-12	Google	0.0	Generation Z Dominates the Box Office in the United States - Al Día News		https://news.google.com/rss/articles/CBMic0FVX3lxTE1ZeTZNSmNuckdZeGJQQ1BCMURzMVFzZmhVRHh2N1ZwTHROTnRfNnRCaUp6V2JHYktQYzNCeVkzQW5yVkhHUXpqWUw5c2JjUHBkNmpQU2ZGRjl0RUQyaWFVOG5wNVd3TXpBcUFoYzgtSklPRWs?oc=5
2026-03-12	Google	0.0	Government shutdown leaves TSA officers without pay; Denver airport calls for gift card donations - Colorado Public Radio		https://news.google.com/rss/articles/CBMifkFVX3lxTE1aclFyWTRVblZfbTN2bXRWNmN1aFFlWW1DdHBXakM5eVpTdlEzUXp4Q3RRVzVGZ0NWSVVNcDFjemJGb2l6QjU5U1ZYQkt4YmtjSE92cnktS1lkb291TnVzMDFoU2Y2QkktbnFnYjFvZE96VzdjaF94TXl2bEV5QQ?oc=5
2026-03-12	Google	0.0	Is Your Brain #WiredForIMSDIA? How IMS DIA Is Redefining Design Admissions with a High-Speed Aptitude Test - Republic World		https://news.google.com/rss/articles/CBMi3wFBVV95cUxORzUyVERpbzBCVEY3VDZXX0RYTzZ6ZkFOemVQYzNreUpoRmZGWENzdkRJZ0RtbUF3Nk9ZZW44aFNaSy1rYVltclN5NjZoSUlFSXhFZWxwWkIyN2dUWkJjZnZJQm5qb1QtU2RPblBtZGUwNTRsLW43TWpKOXZQNFVib2VnRFVjTW5SODJ6ekNUZ2tBZzlKVnNFNlpzVWxuNkNqSWFmd0otNjc4dzNWdk0tcHRDbDNERkJhc0RQQWRNdlFkRmVDN2xKV1RrSGlzdzlJTUdzbDA3c3hKd24xRmtv0gHkAUFVX3lxTE5LQ2ktbEFxbVJ3Y2Z2VVpWYzlaaVk1eFBDNlJLNjY4UVI5LXBmdVRwVWhYMU9kQmxNUzRBN1VZRUpJZUJqNVA4aWFWVnA0dzBYWUtXV21jMkRYdXl5V3lSQ203Y2RkYTFIdUlyWGR3TGF4SEhmamJTMTkxVEZSY0hlUC1xYk4tS0l1dHljbjFuNjZNeGJMQUxZblBnSnVkbkhXVzFyMFlxWkE4YlVlaE5tSkNTZXBHSmx2Slh2MHN0TWNmTzBCUUVoNWdwb0pCZHc1dUxLRmk0WktnWm83OFBrX3didQ?oc=5
2026-03-12	Google	0.0	Ole Miss forward Malik Dia didn't disappoint in his hometown Wednesday - On3		https://news.google.com/rss/articles/CBMi2gFBVV95cUxQY0poVDNlVGNYa2tNVXU0aVd0TmE4Yjd2cnFDT2lRS1lzMURTUjF5ekQ5WWZlN2Y1MUtfRFpnR0p6a1M0UGlGa01VRjh5S2EyNWtyRDIwcmx1M1BUVjFwU21LTm9MQXNDX0tLdXR1dmhfSGJWSVp6endXMWZkTXFEeVdBOWdrN29XaTZ6T3JGNFFrczE3Y20zUXBCazhCd2Zuazc0UTM0Q25NV0xIeVNfd2lTSjVQeHJUcEV5SnEtR09Vamd2d3B0aE9aVEEyN05ydURFdmRuYzN2QQ?oc=5
2026-03-12	Google	0.0	The Yolo County Library Celebrates 15 Years of Día de los Niños/Día de los Libros - Yolo County (.gov)		https://news.google.com/rss/articles/CBMicEFVX3lxTFBkSlplVUs3S1A0YVNoZGhWN3FLWkhLN0pPRUxSdzBFdmEzOFhscmxkTVlHd3NQMWJIY3daWTZjZ3EzQi1NN2V5RHAzVnljcHZ2LUU3V1lXY2hxYnMyWWJhdFEzQVp5OEQ3d1hSZ3kyWno?oc=5
2026-03-12	Google	0.0	‘Día del Club’ tickets for Boca: prices revealed, online sales only - OneFootball		https://news.google.com/rss/articles/CBMipwFBVV95cUxNYVVucWJnOHBid3NJS1BjWVI5bDhuMTd3VDJuMjRsSWRYazJldDY1MUZ4SnBLM1J3UGwyRmwwSDNqRkhSZFdZc3RDaE43bUF4YlVVdTZwSFVPYzhKdzdkclhvWndOdnlGUUEyUm1YMjJPSkY1LW1LbUVlbktScWhUTkdYSWVBTDBVOGI4aDNfSUlaMldLLUtDRzVsVmRxR053TjAwODB1dw?oc=5
2026-03-12	Google	0.0	“This Is Not About Me”: Machado Insists on the Fight for Freedom in Venezuela - Al Día News		https://news.google.com/rss/articles/CBMieEFVX3lxTE5Vbks3VlptWlVqOTNTaE16LXBGWjBBQ0d1WC1OWWdPa0RSWE4taExueG5vdmNFR1BIYkMxMXBHV2N3azlZSnM3bEN3clVOdW1DV3luc2M2d183S1haT2JuY3ZwakUzSGZrQm92Y200QkpkY04wSWtjUA?oc=5
2026-03-12	Yahoo	-0.033	Iran Tanker Attacks Sent the VIX Surging Today. Here Is What Could Push it To 50 From Here	The CBOE Volatility Index surged roughly 13% on Thursday before settling to 24.92 by the close. The driver was unambiguous: oil prices briefly touched $100 a barrel after reports of Iranian strikes on tankers in Iraqi waters, reigniting fears that the US-Israeli conflict with Iran could deliver a stagflationary shock to the global economy. The ... Iran Tanker Attacks Sent the VIX Surging Today. Here Is What Could Push it To 50 From Here	https://247wallst.com/investing/2026/03/12/iran-tanker-attacks-sent-the-vix-surging-today-here-is-what-could-push-it-to-50-from-here/?.tsrc=rss
2026-03-12	Google	-0.05	Malik Dia scores 23 points, Ole Miss hands Texas damaging loss at SEC Tournament | Sports | tdtnews.com - Temple Daily Telegram		https://news.google.com/rss/articles/CBMihwFBVV95cUxPVDFzX0VDelFsU3lxVGxZT3VEekg0QzdraXdtcjRBYkthcXFrTV9iUHBobjA4SXNXQ1ZIZlZud1FPSUVLNHZvR0taczJ6YmxfSDI0bGtJNkN5b3kxc1d3ZmpGMzlhTWlRbUw2MzdnQjlURU5ndVJweEJDWDA1YWJOOTFxUUZFZTA?oc=5
2026-03-12	Google	-0.1	Malik Dia leads Ole Miss basketball to upset of Texas in SEC Tournament - The Clarion-Ledger		https://news.google.com/rss/articles/CBMizAFBVV95cUxQZFNWZmlwYU9zWFFJd21nS0VBUV9UdUdxM0w1TjNnWE5udVRqT01VWklBSGswODhrb0Jia2NnUkVaR1ZqQmhFbGFvVUtDX0pjRmQ0ZklRMXk4ck5peHhMZF8wNmFxVnhjSUNuWkdjR045SGM5aFFqN0V3MVgzdEpBZG04Qnp5QU5TYlBuVTk5NXhsVnNKZXNPdWF0alVIYUZoT1liYTlTYnFwTVVDMWVmN2hYcThOZVo1RFhWaC1ZVk5pX1JZNlNabjV4RHg?oc=5
2026-03-12	Google	-0.1	Malik Dia scores 23 points, Ole Miss hands Texas damaging loss at SEC Tournament - AP News		https://news.google.com/rss/articles/CBMijAFBVV95cUxOVEJhbkRrMDJ2bTJlc3hlcnJ4VFVhSlFhcFMwcThxZ1VNZy1FMzRwYUxpTWpHWUd5a1MzWl82UDNYb080M3ZNZHMtTUc0M2pieWFraE1DaVVMZkI3dFN4MTlsZHVZUG9TRGo2MmhFRUZZdnVmdGdmUy1aeFduUU9RYVNHUThmWU1obmoyNA?oc=5
2026-03-12	Google	-0.1	Malik Dia, Ole Miss deal Texas damaging loss in SEC tourney - Field Level Media		https://news.google.com/rss/articles/CBMimAFBVV95cUxPNmpzc2w0TWxqb2l3OTZOUFhfcFJnM2lBYjdzYWdZaWVrSUtDWU0zZHJndG5jOFhCVW1FaUtIbG5fNVpoeWdPV3B6V3R4ZmRrNHhWWGFINkFidnNzeVk5QVhkWEJ4OUNWMGdfWmE4Q2kzT0RPcTN0YWRwOGRuSTFENHV1YVJOazBYNFY0eTJsWnFJb21yVExtMw?oc=5
2026-03-12	Google	-0.1	Men’s Basketball Beats Texas to Advance to Second Round of SEC Tournament - Ole Miss Athletics		https://news.google.com/rss/articles/CBMiyAFBVV95cUxORDBaRHRtWnBpbTlxTHlRVmNwZHpDQ1l6RUJ2djdldTFCZjJXMWJ0NE1QUVFXNkk5N1l1N2o1M25rWmxZUHhCUkFLQXZCV0RJM29YbmFERkdrQ0xuZlJpUzlZTnBrcTVyTElReVV4U1U4dTMtSzE2akNSZTE5R0V3TTRQaDRZUXk4ZVg0YWMxeWp2cFk5eVZUMjI3dk5QaVg3NEdBdFdBTldCc1JXWUlBTUR4RTNYVHlRbkFYbEZfbTVNN1dtSzJrYQ?oc=5
2026-03-12	Google	-0.1	SEC men's roundup | Dia, Ole Miss hand Texas damaging loss - timesdaily.com		https://news.google.com/rss/articles/CBMi1AFBVV95cUxQa1FKU2w4RUxwZWpTaEtCb1pQd1RPbXdjdXpLbjhFdmtmN3pxVE5rYmRFaXkya18xaW5FellPVFN3aWhoNUdYMDVkaDRPY1JwVWVhckZYZnJOTVB3SW1rdTZ6WWtyYlFRbnBnb1R1bmRBbFVaTWRYZ2pIalVaWlBNMW9wN2RLeXIxRF8tN25iZnEtdXgzY3hrNXpwMzQtbGtQbWZfTDJYNjBSMEFMQm8wQUZsNGpHLTM0YThLaE44XzR5c2lfWkZrZnpLUlRSaVpMTTBleA?oc=5
2026-03-11	Google	0.4	DIA announces Free 6-week Summer concert lineup - 98.5 KYGO		https://news.google.com/rss/articles/CBMic0FVX3lxTE0wYlpPZHJ5dnljVXpVTE11QmJyTlFJZV9rTDRoZm5wRGJzSF9Qd3BoNmh4eHA5cGZOLWZ6S0hUYXJDaFhkTUQ2Tk5ibUNoZGVrNkowSHVDeWlQQ0lzYUlCNmhtdXBaTnZuN1ZkUkFLaEFJY2s?oc=5
2026-03-11	Yahoo	0.333	CPI Keeps Steady at +2.4% YoY	CPI data has gone from signaling a warning on inflation to among the most placating of data sets that inflation is not a problem at all.	https://finance.yahoo.com/news/cpi-keeps-steady-2-4-141500224.html?.tsrc=rss
2026-03-11	Google	0.0	DIA asking for gas, grocery gift card donations for TSA agents - KUSA.com		https://news.google.com/rss/articles/CBMi3wFBVV95cUxNZm5JeHpyOGRfNnlCYlNCdU9nUVNxcG1CS3JqeWd5VWpZSnloTTBqWWZTdF9xVXVGNDI5RVZ0T213UlAxTVBsYnJzVktJUWJJZF8zWHVZOUx2Slc3aEE0QjV4ZHFoMjFCWmlPX2VrQjJ0cllZTTluQUtIbjVhemF3TkJ6b1Y4eUdzU0ktT0tqbGxqQ2pUTXcxYTNuNkpPZWZQYlhHamZXTGozbkpEWlhpVERTREQ1X2p5NUdWTW4xNmVWQngyektuMUhiWXZZT1RSNDdDZjBjcUtnQ3M5c1ZZ?oc=5
2026-03-11	Google	0.0	DIA releases lineup for summer concert series - KUSA.com		https://news.google.com/rss/articles/CBMizwFBVV95cUxQdGFZcU1yRUhtSWNuZlREdzA2X04yR2ZmelJtc1ItUnBvbHVld0tiUVU1QnJ0N2tPbDNaSER4dWxkLTFENUo5a0hYeE93bDJCdHppbzNPQ0xYSmpLTHE0eE0tdExodk1RNVo1RFBPYjMtZXBNSW5iY1ExaUoyRW1jNVNnMUNhV0dCOE4zVlNxVXhyaFBaOWF2ZmNxWkJlNHVrdUwyV2VGdGRQOGZ4UVQ5TGYwSVczZi04MmhRWnJnaW9UNWZRUVppMnlTazF3UjQ?oc=5
2026-03-11	Google	0.0	DIA seeking donations for TSA workers amid shutdown – FOX31 Denver - kdvr.com		https://news.google.com/rss/articles/CBMijAFBVV95cUxPWFNTd1paU0hueEc5bW5SM1pEUUZwRE9LQnZWcTdTT1NuYk8tYUUyeGYwTlNZemxQQ3lNclNIVTRVVHhubUgtT1F5SGF3eGJuLWU5MW5PZFh1aUpWX0xEVGZVTUY4MFpITWNmNlBqcHlwcm1Hd2p6b2JxSnZJQTVCQjhlWmRnblVSQzBhUA?oc=5
2026-03-11	Google	0.0	Denver airport announces summer outdoor concert lineup - KUSA.com		https://news.google.com/rss/articles/CBMi3AFBVV95cUxOTkVzeThQOHlnR3E2dEY3dy1hTmJkeHFNQnI4M3BtOXV2V2V2NDFfOWtEZFE0clBuMkZNWEJ5TTdMdXNCUHZCWmt3cFFRQmRYZWhuU2tyR3RudnVwaDlIcFZ4UjhNRVR5YXZ3SUF5bGF0S3VxWnNkT0ozZkNwZHA2OG1CVkJIeWVjOU5EOUJYQTR1OWJrMC0wbXIzeWVjRXZ6dDlobjhuU1lsbmI1UGlTdF9helhRTGVwSUE4MzdOYkx5b1F2Q2JSdzRIOXhnM1hCVnZ5Z3RWR0ZZNkhm?oc=5
2026-03-11	Google	0.0	Denver's dominant carrier, United Airlines, expects record spring break travel - The Business Journals		https://news.google.com/rss/articles/CBMiqAFBVV95cUxPR1hFNnpwLUg2dGllN1RUeTlhUERJMGJGb3doS1B4XzBCQTYyOFgxU2FaemJfRkJfR3hHbnM2bXJNV0NiUjJnVjdRTWVMTHJ3ZmFrOXRQeW8ySmJiM0FSN24zbHowalNJWE9JOE5mdFRnNXk2a1V0RGVtZlJiRkZuVVBqcHBNOGxvQWoxYTJDa2NuWndfTFZ6VWFyX2Fvc1NaM2wxUDdtZ2g?oc=5
2026-03-11	Google	0.0	Día 11 de la guerra en el Medio Oriente - KGET.com		https://news.google.com/rss/articles/CBMihwFBVV95cUxQNDh3UGVXazNzMFFOZXlSNXloUjNZblprNnBBbWFtUjB1SEhURTdEYnRiRnZuZjFiSDducVRUbm5HaHJfbUpPMllhYTdaZTY5NkZ1QUpCX1JzdG1IVEQxanJnZ21qVHFvUjJUV2FHZ0xTeFNCN0JBTW13QzJXZm5OYkxHMnpkRUXSAYwBQVVfeXFMUHF4cE9YM1E4WXZsOFBzbUtqc1JRMV9WTlpaSFZvYnMzU09nTjdoZ0JwbnhOV2llUnh2VW83bEtacHFGaExTX3R4bG1sb3F1aExEbHNVTEhuMDYtLTEzeC1aRFp0WGVJUEpPRVZ3Tl9qQWxySVVRZlFkY3ZUMHZNVzhTRjFQTUFtMUJVWGs?oc=5
2026-03-11	Google	0.0	Día de la Charra Brings Escaramuza Tradition To The Spotlight At The National Cowgirl Museum - COWGIRL Magazine		https://news.google.com/rss/articles/CBMiwwFBVV95cUxQVlFXUUFLdGRyZlc3b1diZGUzNW92Z3Y5eF8xRmp5WkYxZXpiN281OW1kZW5wbEdBTWtMX2QtMk1INWl1NFBRRnJyX0dIdi1hSjcwUU5PVzZpSGQ3SDl5TlVBZmpQcXFYdjRVazVicHFvM2RNQkpLcWpCNTVoOTJlWjRzZHdfY0I5bE9EeGZ0M1lNWmpzM0w1c1ozd1M4UjJtMXZ5RGlzVkp4eGVFWVA3RnJMNk4ybGM2Um1Ya2hla1ZPdmM?oc=5
2026-03-11	Google	0.0	Ole Miss 76-66 Texas (Mar 11, 2026) Final Score - ESPN		https://news.google.com/rss/articles/CBMiiwFBVV95cUxNRU44Nm9sT2FfdWtaNWNVNFFtQ09hWVoxZWVPT29qOF9jSDlzU3JMa0dGRDdidXhZMHNTYk9jM2JfeU5yUWdYc0VCVlJWQVpzZjlNbFo1Qnk2QnVfclJiMTdvMjZudmpfSEZzUnlSUjgzSWlsdG1SSGY3eWNTWVBJT3pXcmt4RmV2SC1N?oc=5
2026-03-11	Google	0.0	Spring break traffic at DIA: When security will be busiest, what to know - kdvr.com		https://news.google.com/rss/articles/CBMipgFBVV95cUxNOWs1dEhYU01WLXZnRDE3dENfbVBaekFCLUFqN0JpWVA4eTN2THlKc2dpd2c0ZlVGTC13czlNRmV3bGhiVmRqdlQ5VGsxTHpMRmJRdmxaVmMtbmFzbHAwRzRVSXdLeFg4NDJHUUtNMkxMU3VsdE1DVUtBZkxuaHE2U1luWUUxY2VmdVBJQlM4c2cwT0ZjRjRrN01LNm5raFlrYU9OSHFR?oc=5
2026-03-11	Google	0.0	Willie Colón: Tribute to a Salsa Legend - Al Día News		https://news.google.com/rss/articles/CBMibEFVX3lxTFBQSlNBS3VlLW84cWE4ZlNUdXF6TUtDUkhYOEo1a21mTWtYZURURUVKZ3hUMUcyaVJ5Wl9MNzFGTHEyTGY4bkIxU3VXekh2WUR6MXRSVWVzcjFOU1pzUlhPMTB6YTg1aWsyZHRJbw?oc=5
2026-03-11	Google	0.0	“Cada mañana, al comenzar tu día…”es el PEPEnsamiento del día, 10 de marzo, 2026 - KGET.com		https://news.google.com/rss/articles/CBMixwFBVV95cUxOVnI4SklaUVhVRl9neEozNWRNVUhGdUVLelVKMGJ5Q2k1Y3Q2QTVDZUQ0UFNRakYzQnBGZVdhY0VRMlZNWm9XTHZKejh3N0pkRE1ZUEdqalo4RTZ2dlVrdEpVb1RTejNsTENUanF1aWRLTS1scTlmZjRxZl90TzhyTlljM2NUS2owLV9BYW5CRVhqTDc1bzdxckh0TlVfSnAwNjJURElEUmxjbHpsUDZGUEswZFNFTHZiWGhQeVVfWk5XYmtxR0hj0gHMAUFVX3lxTFBZYTZVYkhlSkxqTmo3Mjk5dW1ndjhVSFljdGE3aWVOeHNOLW05NzZDUjhYRXZaM3FNYTMzU2h1WEdXWDBFUXdlcGxsbHd2UGlSRi1Xb0o2QldMTnBXVHlicG5jWjdLUnh6OHJOWTFtdkN4aXN5Ylo1UHY0VWhCZEtpWWc4T1NCemZCMTFFZWdpNlhJcEFQc1piUy1MM3pGSzRKeFljMXlHZ0lGVE5ZRFEwTEk0RVJvdzhvTWw3d3c5SmFFZ3JaRy00MlZhMg?oc=5
2026-03-11	Google	-0.075	Initial military inquiry finds US forces responsible for strike on Iran school; cites outdated intelligence - WION		https://news.google.com/rss/articles/CBMi4AFBVV95cUxNdE5YNEJka0pqMXlsaF9WS2FGOU9vQ29WY1RDQ3FEZmFrOHg3bFdvc0VkZWktTUsxb3M4bzJ4UW5NSlhHeXVaMEtYZUhiM1BhVTJIRlhhUTlGZ0FVWGlpNTJjZWY5cFFBVl83SV9NdGNmQ3pxR0JGQ2J5d2RnbFFyZWNqQ2U0R2JfMzBIdlRlZXBVbTlYMjd0X3pJZkU1d1NYblREMGhhWnVvaGxRSGo0Z3BzWnJOZXJKQnFxOFFVOVJVSldLakJZRWR1RnhzVUVDbmtXTjZPeUprcEtKbmxzWNIB5gFBVV95cUxNMklMRHIyWW9KY0t5YTJ1YUN1QlRxRGtROUZqdmJaeDYtTVM5Z2ZfMEhZdmhlS2ViOFRoQVlMOXR3Z216SjBLZ1h2WENfVk5NOEY1UGRZWUhCY05ZMndsVnpGZUxVSWUxUEY0STBUdkZYRHZWLTRLVVRtbnBRWmxVV242YnNHRkV1b1ZjYXNBTlRNSEkyRDM4cnJJQXJhdnF6TzN5R2M1c0g1Zkh0YWZmVldTdjlyd2MwanN0YXd4VDVPd3ZWTzdEeld2elZMTWpLMUQ3U0FXTGVhWkQ2S3NFYVV1eVlmQQ?oc=5
2026-03-11	Google	-0.1	U.S. Military Targeting Error Suspected in Iranian School Bombing - 조선일보		https://news.google.com/rss/articles/CBMihAFBVV95cUxQdGFoam1jeG1OYzNGWjNycldSdUh4cGJDNHBVMmdGcDh5d0dLOXFQaWo5SjY5eXJndDhzd1I5S0E2YTEzV2g1dWdxSmNjU2VvWWpEV3BJbTAzc25rZVFncU52cnNRY1Y3YnQ1VTZSTDVoV19scDNjMnRFQ3E1MUQ2U1B6aVg?oc=5
2026-03-11	Google	-0.117	"Denver International Airport TSA workers without pay for 3rd time during spring break travel rush: ""It's not fair"" - CBS News"		https://news.google.com/rss/articles/CBMitwFBVV95cUxQY1BfQnFKZTRDU3kzVUZ1UWlfWlZ6UjlZRWJjR1J2a3BzUkstTmx4eGZXWndTcnBtVXpSVldacHFHQ0FtZWtZWV94MTZSZnB3NW5OdHdNZE1OQ0tWWWJGZ1V1Q0tJN2t5V2x6c0tYLWM3N3B3R2lsQnVmY29yZWtEVlBBSXgwS25hRVhqUTYtQnlMb2k2cWNhMzhTNHRFZjNMVDJIVUdjVFBNUk1WSFpERGlwaURqdTTSAbwBQVVfeXFMTjhRNTdrU2t4ZkUyMjg5TzBKaUdVNC0xaWFlNkw5Uk1uT2hEUXFmazM1LUd4NnJ2M3BjdnNuWGNJZkl2NVRzT1hXQVZrS2pZcUozNnpGMnNsQnNtOEROOFFiY2QtaVFaWGJ5dTU0Qmc2VVd6OVBCaFF6WDR4WW1PbDk2eVF3T3hDYlZjQzFjZHBNMjg3cjBnNjZyN0RJYlpLczVncE5YX2JJci1vX2VvLVdzelNBd2lwanFhQms?oc=5
2026-03-11	Google	-0.125	Denver's airport is asking you to give TSA workers gift cards as the work without pay due to the shutdown - 98.5 KYGO		https://news.google.com/rss/articles/CBMivwFBVV95cUxPU1piS1ZFRzVCbWd4Z3ExX2taSmdJM01ERTE1cm5nMzlIRHc3cno3eHkwZERhaW1hQjF1OG5pbzBSVDlYSnR2OWEtbkxDbkFpQUtyeExrTUhOVG1oMEZQdHRsdVkteDNaaTBxUU1ad0dIaVJhYkM3eWxZZzZGcTJwRFZSOUhxVnRLLVRhUVBzamhkQ3pFa0poRm5wck9Hc01KTHFxMUJSWXhIUXR2cHNNaHdSZW9STTZ4OWlORFRHcw?oc=5
2026-03-11	Google	-0.175	US strike likely hit Iran school due to outdated intel: Report - The Times of India		https://news.google.com/rss/articles/CBMizAFBVV95cUxQazBPZHFWckZyckhsaWZmYzNudUNpTGJPZ09IQmhVQ1ROaV94eUlDdmsydjV3Qm56aVVfVHhjLWpSbjg0ZTRnTG9pOF9Hd2dUZ3dxZXpYRDQ1SE9YZk1jNXBsWVQwTzhYOFdUZW5KQkJKU095LVhfdHhrNVFfdERlVExEbkQyMmNWWmhlT2MyRjZ0UjdaYzNvMEpQSEdlcjAxUzR0TlhXUWNGSjFCV0RObDh4UEdGZkF4Zkl6X3laa3E3bEtDc1JRTk42aDA?oc=5
2026-03-11	Google	-0.2	Initial findings show US accidentally targeted Iranian girls' school using outdated intel - report - The Jerusalem Post		https://news.google.com/rss/articles/CBMiakFVX3lxTE9uNmdaLWVCSlF5Xy03RG9GOE5OZGZ5ZTQ0WDFPMzJoTmJKTVpaZWJ5RDFTM0t1UUFhei1veXRfaWtua0hZMDJfZmJ1aEplMDE4YmNZZ09PWXpuU09RaHVSdU5DQ19DU1dUU1E?oc=5
2026-03-10	Yahoo	0.312	With oil skyrocketing, Gold at $5100 per ounce, and the Dow, and NASDAQ down, Take advantage of Great Opportunities!	With the axiom of “buying low and selling high”, now is the time to buy low! Our economy has excellent fundamentals, as oil production is at record levels, while $18 trillion of investment commitments along with 9 better trade deals should lead to a very strong economy for the second half of 2026. From the ... With oil skyrocketing, Gold at $5100 per ounce, and the Dow, and NASDAQ down, Take advantage of Great Opportunities!	https://247wallst.com/investing/2026/03/10/with-oil-skyrocketing-gold-at-5100-per-ounce-and-the-dow-and-nasdaq-down-take-advantage-of-great-opportunities/?.tsrc=rss
2026-03-10	Google	0.25	Dia Mirza meets UN Leaders; says, ‘Women in government are more likely to pass climate change policies’ - The Times of India		https://news.google.com/rss/articles/CBMikAJBVV95cUxPS20tNENBYjlETHNlNjdQQTdLVjFpQnhNamhMSHUtVHZJNkZEbmdfbTVtUUxsZmVQQk53LWo0UVFOeGU0YXVoWXcteVpNUk1OVjdWOW9WR0xqNERyOG1SRnpUWENybk5TdnFVRzllckVRaXAzUTBWMVJTSERsVHRYZ29DVHVxYy1IeHZ5MGJoQ3dibUFmTDBqclMySVk2V2Vabmh4U1NYRW5iMVNDdmUwcGRoVlNMckFNYjRvUDN0WTRKOXJlNnBnX1FQV3FNQkRXY3o3QzlWZTgyVlpHQ2RidEVkOVZOZHNyc0kxai0yYUozQjVLa20ybGhjbnY3dHBzaVJtVnF3aXpLaWRObFpkUNIBlgJBVV95cUxOSnVvdm9wVTdFMlVnNzItTGMtRENZa1ljcnQtWVRNYnJrcXRnUGZwWDRIQzJveUM4UUZ2UDl2ck9hbWg2ZjM4NTNSeE9VR0N6U0FLcXRTUjlxOFd3LUlmdkJndnNBcjBxaTBORE41NzJqcC1SWWtLaUpOd016N3VoQ2xYSFhfZHJlNl84ZnA2VWVnT1B2THhXcm9zcEpwa0RBYmJUeDlSSGdOanFWTGVidkMtOEtBT3RMWk5HcUpLWU14b3hNNjVIQlNwOTVKWG5veS1hd21Hbko4ZllwYjU3ZUhHQlU4MER4RThtSTROVHhGRWVYLXpiVjBYb3BwVE1WalNMRzRzUW5uR3g4bHJuVE84SXZMdw?oc=5
2026-03-10	Google	0.2	DIA braces for spring surge as shutdown leaves TSA security officers unpaid - The Denver Post		https://news.google.com/rss/articles/CBMie0FVX3lxTE16RzNuY1pGU0Zmc3BoYXdnZmhvc3pDUXJHamFYcmJvYmE4R1I5NjQyWThPcEx4Um1VSFNOZUJOVmRmVm5oenRrN1BhU0VzcGp5VWJYZGUzc1NaV21rS3JVMEx5ZVNKcncwRU11d1Nqa1RtRmhZZzQzcG5kOA?oc=5
2026-03-10	Google	0.2	Dia invests €16m to secure completely Spanish strawberry supply - Fruitnet		https://news.google.com/rss/articles/CBMisgFBVV95cUxNUFozeFVWOFhnSk43RnppWXVEYU9SVUE2RUYzYzF3S3hOV2NJX0w0YU1IOUpkaXVZYzFmTW11bUpYdXg2ZTd4MVR0Z1Q5QzFwNV9PaWNQdmk4MzJiX0N2d2NmYUNKNUxuVkxrRXF3ZHRXNmdlMG11Vng1aG93RVFIQ0luc09hWGllQ3UwUzVmNk9aaTJ5RFhPWHpFRWxYd2lsbnFBVzVKaFY3eUxMQ3VTREdn?oc=5
2026-03-10	Google	0.136	$19B Liquidation Event Spurs DIA to Launch New DeFi Pricing Oracle - Bitcoin.com News		https://news.google.com/rss/articles/CBMilgFBVV95cUxNX3dQbWpHRktfUGxvMWhUMzhIVUlydXE4b1hsclJWMmozNEtzUUQ3LW54WUdrZ3JhMnk2Z25LWktza1pBVTN5V1pQbmZnSk5jWE0wQnBWOHpXTWNlOG80Um80SFE5cWM5dGdOOG10TXg3b05BMUtXNEhua0lYMkJUS0lHWEduVEVKeTlVSWZIQjNCZmpEd2c?oc=5
2026-03-10	Google	0.11	Ronnie DeVoe: 'Cool it Down' crooner Ronnie DeVoe of New Edition group get Ghana citizenship - BBC		https://news.google.com/rss/articles/CBMiXEFVX3lxTE4xRjg5NWl5U3VSZHI1TzE3NW5XVndpajNjc2RXa05Ub3g0QUFCNm1EdW9CMy0tYURNaG1zZm1OaVJrVk1fTkRCN3VuNmNoNnFBYzg1alFtQzYwVENj0gFiQVVfeXFMUEVpYllLVGlUWUdDdDZ3Z254UjR4RGJTb2l0US1SZzRtemRtem1faTBZWm5WWkwyUk4zZW5RZlR1N1g2REFaU2l4QUU5aG1JbWQzUVNESnZfU3FaaFhobzVscHc?oc=5
2026-03-10	Yahoo	0.08	5 ETFs Hovering Around a One-Month High	Commodity and defensive ETFs surged as Iran war tensions rattled markets, pushing several funds close to one-month highs.	https://finance.yahoo.com/news/5-etfs-hovering-around-one-120000575.html?.tsrc=rss
2026-03-10	Google	0.068	DIA targets $100B DeFi gap with new oracle for illiquid digital assets - TradingView		https://news.google.com/rss/articles/CBMixAFBVV95cUxPMTZxNTBaVzNlalhOdkF4LTkzc0pVWmNieWtibUpKYlFHR3MtSWU3ZjlBMlVUcWw4T0pLT2xuRzdqNnpwUDNoQVFpbEVLakk0LTQ5WHE2bHMwWUh1cXpwUEQ0UDNaWExUdjFBRnFScC1sZjdTX1JRdkEzRXlZSHFGcjNBTWdmWHV1VFE3Ml9ycEpqRHVBelMwMkdvcUo2TWZ6WW4wd3RvS2VCdXB6N3VOZExKYjlnSEQ0N211aFRGbDFoVWMx?oc=5
2026-03-10	Google	0.068	Why DIA's New Oracle Could Prevent the Next $19 Billion DeFi Wipeout - HackerNoon		https://news.google.com/rss/articles/CBMilAFBVV95cUxQR054Qjl4RTBkWkJmVV9GRHZIQTI5MVI2SjFzQ0pFUXFOdjl4WGx2Y1NQR1VObGh3a1d6Sl9ISzMwZXlMQmd4V0lXZmVhZkZocWliNWlERlJUd0ZuR1BtUzlKRHhISVhVZ01JSWJPS21QU0JfMGxXR19yRkVlX3pwbnljalc4Y29sY2YwOFNYVWlnYXpE?oc=5
2026-03-10	Google	0.0	DIA Launches Oracle To Price Illiquid DeFi Assets As Tokenized Markets Cross $100B - Yellow.com		https://news.google.com/rss/articles/CBMiqAFBVV95cUxNbTlENWRteWlha2NVZjRHYnRBYVlJWWRqbVpCdERQbHp3Q1VfU3pTcXU2S2plRUJfSTZYN3dRVGU1VzYyd3pmdVllYVUtNm1JZk9TWVlyLTJYXzhNbmU5dWlDS2kyN0VkcHR6M1pIRXItaWRQMWl3Q05oMUpYdmMxcDM1d2I3aXdhbDZPOUJGZkFtMVVhSElPRmtMTlplcmZMbXdNZno3eHM?oc=5
2026-03-10	Google	0.0	DIA Launches Oracle to Price $100B+ Illiquid Digital Assets - DailyCoin		https://news.google.com/rss/articles/CBMihwFBVV95cUxNQldmUjZZWEFtRnJHY0FBc1lReUtFeHFDUW5kSVNNTXNSelRnaWI0NTFpak4yVjJKTzlUWFowOW5EMjJWblMzOE9HemdKTks1SGRLbnp1ejZxci1RYThFZlNuQzFGNVVJLURhSzJNdV9IZzJFYkN1NmtXdHNZOTRVWGhUSFJkV2c?oc=5
2026-03-10	Google	0.0	Marcha en honor al Día Internacional de la Mujer - KGET.com		https://news.google.com/rss/articles/CBMipgFBVV95cUxQejd4NnZaUzZQcnF2QWp4NWVvdzAyWTRtN1Z4Ymc0QUlDVTBHc1VDQ0dOTU5DcGZhck4yNlV2R291TzM5akRPUTZzczRweWJFUVczMFc0MC1mNDJPX250ZWRYVE5CR3RuZVlkS2xNbFZrR2xyZHFmeWNPYWFCRDhwa29nN0J2NFZ0d0FxQjFWdnNhR3FtOXJhNFU3VjFBQ2Q2djVTQTR30gGrAUFVX3lxTFBRc2M2emhwQktaME5CeDVYd0dtRmNJVXZVN0I2ZXBfZGl4UmZwTXRTXzQxS2tTMXd5MUd5SkFvUTZQMlFTLUI1d1E1Mm1udHEwYWhMNXdMZHR5b0cyb0piV0tlMDBSQW5mRU9LX3lrN1I0VVBZelcxeUdIRG9QcjJ4VFRpVFVPSURGRER2QnBuVGM5RlZwcEpSLXUzY1U1TENUbTloX1l2VDVCOA?oc=5
2026-03-10	Google	0.0	Meet Nature Cat at Día de los niños y libros: A Celebration of Children and Books - WTTW		https://news.google.com/rss/articles/CBMiugFBVV95cUxPWk1WZnBVanFtUlZnaFFROTBialJ4bEpqRW5aVXRlSWxHME1hME1zTEZlR1JwbjhxaFhkRFhOMVMydmpXUEpTbXh6dHZoTmNNaDNZcnVUemxneGZkeTgtR0VZQVNrV254RGNhU1RCZWVDM3JucUMwMUs1aEl1ZlNQOTJfTDBVbTZCdnh3cUxWTkNjaEVxb2JCT2JIWldQZWRZMGIyT0kzVWRiZXVrNmdkSTFxQk5oSFBpelE?oc=5
2026-03-10	Google	0.0	US terror alert in Nigeria: United States warn of possible terrorist attack for Lagos and Abuja - BBC		https://news.google.com/rss/articles/CBMiXEFVX3lxTE8ydEFUS0RHTkZmRnlZS092enFMWHI2V0tCRlpTVXNhdXpzNVVrb1QyclpKNnJucmt4VzRveTRoZFhLRm1kUVZxc1c2d1dLZ2poVWFpNDMzRHNNS0xG0gFiQVVfeXFMUDJ5OEp3NU9yQ1loX0pxczlrY19XLU5fZDhKNWNHNmJKZTBHY2c5LXlUU1F3Uml3WlVUQ2JCTk5sVFpPOHVjWHQ3NWhyNHJiWkJ4cmNObzZUUkNrQnRSQml5M1E?oc=5
2026-03-10	Google	-0.031	No major TSA delays reported at DIA - KUSA.com		https://news.google.com/rss/articles/CBMiyAFBVV95cUxOS1VPSlJHVC1abDVQM1I3cmhxN0hNY1dreU50czZOM0ZaREVGdVViOFVLZFlCNW9VMVU1elh3RUUwUVM5bVMtOWlDMXlDVFhKcm1vOVhOWDRFbGRRU3pMbjZ1SkRubHRRbFIwOEZxaGEwR1JBV0NOOVduNWxpRzBiTU1pU2Q5b1VodGRlTGRNOVRfT0gxellVNnNZYUdvcXpwQklTdDYxSTVTNGtaWEJqdTV1T2JFekFWSTkzVHRXQ2RhRXhmSUw0cA?oc=5
2026-03-10	Yahoo	-0.117	Pre-Markets Take Cues from Spot Oil Prices	Oil prices are higher than where they were in the early trading hours, but still -4% on the WTI and -5% on Brent crude.	https://finance.yahoo.com/news/pre-markets-cues-spot-oil-143000078.html?.tsrc=rss
2026-03-10	Google	-0.231	The FDA issues a nationwide warning over contaminated raw oysters. - Al Día News		https://news.google.com/rss/articles/CBMifkFVX3lxTE1aQXRPZHlQcFVHVFZQLXhVTDBZT3lPRG1iWXpNZVdocVV0dWpJYTJ1QWxReUZCSm9SYzg2bkFxU0V6Y1FmY21DOVp0QXNZQjZFV1VSeWtBNUZmM3AzSmQzQ0Jqdy05QUdVZWJpaUVkVkdNQ0ZTdThLWWJscVZ5UQ?oc=5
2026-03-09	Google	0.136	The New Opportunity for College Athletes in the U.S. - Al Día News		https://news.google.com/rss/articles/CBMie0FVX3lxTE9HbGxyRi1QaGNRV2trOXBCa2g0TGdpdV8wVVRzeU5yTmZOZkhBRWw2em9QNk5PXzFNSG5IYmdHSXdSR3lZell3d1BTbTRwWW00LTJIM2RjVVNlbGVsbFNpNlJhNXVqUERnQ19wS2JhemZGdjBvdUJWYXFWaw?oc=5
2026-03-09	Google	0.1	Dia Mirza celebrates Women’s Day with UN leaders, highlights women’s role in climate action and storytelling - Firstpost		https://news.google.com/rss/articles/CBMi8AFBVV95cUxNdDVBdFZMWjBoUE1qbU1qYjFsaExIQmxoSkR0MllwWmt2eU1GYWIxQVlGNkFRa0xDN3hZQlE1QWMyUmNONXpxS2VyRmlxcW9qQTlsTnpiTy15TkdRLWxKc0lxSnpGQUE3SzcwZjBtcVVGRENJNXFSQnVBVHl5Z1JxdFBDUlFlSzA4RUtyZlRKZmxvcS1SWWFJcFZ4VkZ2cXdTbE1HcXYtcWM5bE5tU3hreEMyRkFNSkp0YmluVmJvc2FGcm5UTVUzV25SM0dzM3pacEJCNVFpTExWdWd5eWdELUpnYzRDNUpRa2E4ZmRRQS3SAfYBQVVfeXFMTmFLenM0NF9fSlRCNGpxY2NLYjc1QjBFeWJORjR1WmpKeERTc0c1b2dQdkRuaWtUaE5qR2ZGNzQtQXpFbGxXRTQ3dUVKdG9MdWN4Skd2a19PVkFBZFlCOFJCV1R3M1FMVExiMnRHSnJiSDZRM0lPbmFFNUM1ZndpbldxQTdLNDVNUERuVnh1ckxEYnRRdDlrMEh3VXZCOVNPSS1CWDJoTlpiUllUZ0syZlRadXZaNW9EdkxzYzVkNjVkdVlSVjNZTW81anZQN3hVT2YxS2djSElrMDZWSFl1Y3FxYUNONkZ0RVJlQ0k3ay16MHV4dXlB?oc=5
2026-03-09	Google	0.0	Boulaye Dia vs. Sassuolo – Player props & odds to score a goal on March 9 - USA Today		https://news.google.com/rss/articles/CBMisgFBVV95cUxPZzRTMEVub3RJbndONS1aQ0I0MHFEMGVkNFpOc21YY0dhS2cwdmw0cEdQY1ktd0lXQUszbGhWNGRyVkpxOWRzSHhaU2s5eWg4bVVCTGx4OXByRl9acGJPcGI2UGx1ZlA5STFrYm1NeXBsenZVM045d1JoYTRCZmdjQ3ZTY1BOelM4OVRlVUdlY0hPa0RiYkVMM1BweXlYS2M2VEVxWTcxa2RwZm5xTXlCbjNB?oc=5
2026-03-09	Google	0.0	DIA to engage Canadian industry on future submarine fleet - Canadian Defence Review		https://news.google.com/rss/articles/CBMixAFBVV95cUxQakQ3c21ETFdFdVBYS3IyRkoyYWdEMWVzSV84SVZ2cEJqRlJpeXdwaFpWTzRFVUlqbG5fTjJpSl9wVlczQXcwYjdQLVA4WG1YYXhQQUw5WHV6a2VHSkhwVW9TcW4zeFRONHlyYlNjOWd1cE9iV2ZyZTBMSU5Fc2czeDV6UlRHNThaenMtQV96dEliMktha1oyaHNDZldiaG1tbVluVEdaOElrTjdhTWc2em5HNnJTYUtSZE1mdnh5VU96VmpY?oc=5
2026-03-09	Google	0.0	Our Generation Teases Halloween & Día de los Muertos Dolls as Part of Its 2026 Celebration Series - All Hallows Geek		https://news.google.com/rss/articles/CBMixgFBVV95cUxNNmlibE9LcHJUQXhKZEdxSW9YZE0zUkdBR3ZZZVhmQ2RBMllET0RnVUtla2ZRZzZ2c1JBaHZtcXhqTzA1V2E3QXRKdFJhUXUydllvU3ZtY2FoS0JCX1Y2QkVXS0NpM0hfWlN3M2lmbHFQaUtPS2c5TF9fYUJoY1BSMlBVZktzRDBCUHFkc3RUUV9la05BT1hfSWM4NERsbjNQcXNZVFR5R2YyRjEzMnhfQnFPd1lMWFItVDhKQTIxcFA5Nm5Cb3c?oc=5
2026-03-09	Google	0.0	The Comeback of DIA: How Spain’s Proximity Supermarket Chain Is Rebuilding Its Retail Empire - ISN Magazine		https://news.google.com/rss/articles/CBMizAFBVV95cUxQNlhUa3ZlckFsakdiR0hqOFlra09hQ3hleXFqdHpJbHlJN3o5N0pNRng4NGVqQ3NMbUNOYUM1VDNmM2gtM05oZUZxczAyWEtHZTJTMXp0TmpTcHQwZURmQjB2bFdQcF94OVZJZWtKRzZ3NzA4dlRYSGI3QU1XWURISWZIVERsUVp1ZjVGVGlvODg5czlySWowQnRRSlNYZUtVTWdyOFJoZTRFdklEZHdwdTNZaW5rUnJTUDY5TzhpcWNBV2w0WjhfNUlNZjg?oc=5
2026-03-09	Google	0.0	The Political Phenomenon of Alexandria Ocasio-Cortez - Al Día News		https://news.google.com/rss/articles/CBMid0FVX3lxTFB5a1d6VTlzWlAyMllhYktuRTNLaTItX1J4ZnBLVFRxbVBZUjFjckp3VHhsQ1EyWGdfRHVMM1J2dUJNbUJkV1NpSmZ1MHppeDdTc3ROdXMzc1o1N09qNzM4SzcxRkUtczlRdld4Qm1hQ3UycDlxVmMw?oc=5
2026-03-08	Google	0.152	WEEK 12: Dia Mate breathes new life into a classic Camila Cabello performance | YFSF 2026 - ABS-CBN		https://news.google.com/rss/articles/CBMi4wFBVV95cUxPNVdmc3FCQmthVXFfbGpiQmhlU0YwQUJ5czJQRkx5ekVURzJHWi04UDRGbFpWT083ZU02NXZ3R0k3blg2dWlXTGVXMHNNYnJ1TG9jakVCM0thWllWWUJveEZWeXVxUk8yamxsQVFHY1BENVhIRXdjUWd5NVdEUWlkUWZvci1adXplWXZJLWplMlo5VE5Fb1cyWDJ5OXkwM1hWSE5lV2l6QkFpc0c3VWFwMWsxQlpoWDM1cDkzajFObWhHeHNIM0h4SlFHSG9LejFzWDluNjYxX3FVVmJMOEdzRHZ2aw?oc=5
2026-03-08	Yahoo	-0.014	DIA Skips the S&P 500 Noise and Delivers Monthly Checks to Retirees Instead	Monthly dividend checks. A portfolio anchored in Goldman Sachs, Caterpillar, and Microsoft. An expense ratio so low it barely registers. For retirees navigating a market where the VIX has climbed nearly 30% in a single month and consumer sentiment sits at a recessionary 56.4, the case for owning the Dow Jones Industrial Average through SPDR ... DIA Skips the S&amp;P 500 Noise and Delivers Monthly Checks to Retirees Instead	https://247wallst.com/investing/2026/03/08/dia-skips-the-sp-500-noise-and-delivers-monthly-checks-to-retirees-instead/?.tsrc=rss
2026-03-07	Google	0.5	Snowstorm delays more than 1,200 flights at DIA, FAA issues ground delay - kdvr.com		https://news.google.com/rss/articles/CBMipgFBVV95cUxObXctbG9hV1RidEtCRklEcDF1MWQ3U3Y0TVNXNmluYXBNZHBOb05LWGRndXpuYVlzTm10WjhjeTB0T0tEaXVRMXlFMzlxSFVUd0Y0UUV0Q19yd1RpME9KUlFZUDV1aWx6Y09lR1lpT3FrbHU2YndxYmhGa1RDMmsyaDJNU0NWR3BwM1V1U1lxY2dsWXZob2o1N1djd0I3bkpBeDFWMnRn?oc=5
2026-03-07	Google	0.325	Ready for takeoff? These are the most popular destinations out of Denver International Airport - The Business Journals		https://news.google.com/rss/articles/CBMiqAFBVV95cUxQeHFkbVdxN19nNWMxYzgwVW1tX2llYnVTeWVsYjd0clppczFmU3NoNHpnNkdDWDN2N2JNb1V3Qkw5ZmF1MkRvb3FjRHZXVDhjbXdkNVdhVVVDM3QzZ2hmWjYyX0FDRXEydlZkZlVod1Fib2U3TXFuUnFrbFplWWN5T2h1ckxsVVRHQy1KTGRuNmhpU1Utd0pFb1RFZGY4MjVfNzV5aDh6TzE?oc=5
2026-03-07	Google	0.0	Measles outbreak spreads to DIA traveler exposure - Axios		https://news.google.com/rss/articles/CBMimwFBVV95cUxPbTBBblFQOFJQNTV4SGFMendVRkctZTR2RWtWTVcxem1uUkRCV2VWeUUza1hqRmlQR0JFbTZqVDJPVkRqb3FfempLaEVrR3VkRHliSnJOdjZOcWNwTEIxTXJ6d0hDWUEzWlNJWDBkTjNEN2llYUYzT251eU9EaUZRWE9kT2VVR3IyNXlqTzV1NHFDNnozWHpXZWNyNA?oc=5
2026-03-07	Yahoo	-0.075	Dow Jones Movers: IBM Leads, Sherwin-Williams Drags as Analysts Clash on Salesforce	The Dow Jones Industrial Average (NYSE: DIA) had a rough week, falling 2.95% as tariff anxiety, macro uncertainty, and a VIX spike to 23.75 rattled blue-chip investors. That fear gauge is now sitting at its 88th percentile over the past year, we’ll see if that continues as much of this week’s sell-off came from worries the ... Dow Jones Movers: IBM Leads, Sherwin-Williams Drags as Analysts Clash on Salesforce	https://247wallst.com/investing/2026/03/07/dow-jones-movers-ibm-leads-sherwin-williams-drags-as-analysts-clash-on-salesforce/?.tsrc=rss
2026-03-07	Google	-0.1	A $1 Million Closed End Fund Replicator (NYSEARCA:DIA) - Seeking Alpha		https://news.google.com/rss/articles/CBMijwFBVV95cUxOWlB3dHBfeTEwVE9ZUVhTQlI3QWNLSTRxekZtcGE0X2N3dU5abUpIWXFIcC0xVU9JbEREZXRCbHpERndFMnBwcmh3bTRaZjJQLVBfZnRvM0ZnOUFKZzZMZHlwN3EzbUtPeTc2UnBxMUlkb2R4Y25IRlhzQnhDeUpaRlpYTFFBWkk2MFp3X1N0QQ?oc=5
2026-03-07	Google	-0.25	DIA 'most miserable' airport in the country on Friday, per FlightAware, as snow snarls travel - Denver7		https://news.google.com/rss/articles/CBMiywFBVV95cUxPRmNyaDVRRkZlVG9aLUZueG1mRU5MM1hkU21MSDNDdmNZLWoxY3F6a1hZNGR3bkZheHF6NWlnbFJGNjNDV1Z1cGpmdlJPajF2Q0Z0S2F4RkxEcC0xdl9GOWJrVktyekxIbzlUbUxwM0ZoM1NsR3p5QVNVcXRtWFFjalFTNWc5STlpdkxpTktUWkpMRDRpM2JFTnF3SEZpZUJLRUdMcE1XU1lnOW9kU05GZmxaTkl1NTJXb3BLODEyU2xBbVl3S2ZpRDJONA?oc=5
2026-03-06	Google	0.5	More than 1,200 flights delayed at DIA amid snowstorm; ground stop in effect until 8 p.m. - The Denver Post		https://news.google.com/rss/articles/CBMihAFBVV95cUxNdW91b0tGZ1E4bUIwWnhLc0wtbkZtcjVmNExWdFcwZFdtclB5M2pyY24zOFdRX2pYOUZuc1lMUmNpWHdQWWJXb2pXTTYzQWtjMDVIRUtLc0FSaFRvem5rNFNJVHBobXAzM3hEd2NQd0luVHRmaW9FWWQtOGYxVnNNODNhTTI?oc=5
2026-03-06	Google	0.45	4 more Colorado measles cases confirmed in school outbreak, exposure locations include DIA - kdvr.com		https://news.google.com/rss/articles/CBMiugFBVV95cUxQb1dOT1FNa3Z5VHE5WlAtWGd0S2FDVi1xTWVuNjUzM0k3WHdVRUloOFotR3VJcExUZDd3WS02S25WT01TTW9oMlpMX3VNUXFQR1RqdldsY1hQNS1XenhvMDFOcVBuckswdnFJTGRrTmE2a2xEU1hfSjE3MVNQWkNGbUd4QUVoU2k5aUpGSHpHOEZ4TV94dFI0ZlZsbW80NVlsaUR5ZW9sNVY1cTUxV1JtcmZBVVZaVjhNT0HSAb8BQVVfeXFMTXgzMUtxUDMxUGJVN0pocnROamphYThPcGFTdFk5aVlJRWJjbGwxYm55SnF3cW9Gd05fUnRFM2lzVmlkQzV0OVlIQjU2ZkhUNE9ZSlZQNTlab0g1cURMMlZtQy1kdUcwM1NsLXZpR0w2YkZPUFQ4Y1FkTVY3cUlvTDV6UnpxWnBPc0JsSXFTdlB0d21KRlJoSVhXWXdaU3NjUFZVSV9kYkF6WHBoWEtrdHRyMGZqVTVLeGc2QnFhTlE?oc=5
2026-03-06	Google	0.45	Dia Mirza lauds Anubhav Sinha’s ‘Assi’, calls it ‘one of the most important films of our times’ - Punjab News Express		https://news.google.com/rss/articles/CBMi-wFBVV95cUxNS3BZR3NNQ25YX3h1cEZMMDhQSWNReEd2ejJJMEZOYXpWTXhMVWU4NDY1YzhtNlZjVjllcXRuWEx6cTNfbExpOGxMS0p6R25iUUk3LTA4YkxlQ0M0SzlnXzBEa1FoSXJ1SEF4RzJOaG03Nk5ubmRkUWlySmdRSzRnSlR2UldxRnRUbEstSmF5bm9wcy1DRVZieUxxSzBubUlfWUlFOGhEREtlcV93ZnRhaXI0SGRWYWdYNTVadUhZblNJNzducTdKRFdYNlBJdnZ5ZjJOeWxINjYxTHhIay1kZnJNeDROZU5WdlM1b2RJWGptSGoyMjhma2R5SQ?oc=5
2026-03-06	Google	0.45	Dia Mirza praises Anubhav Sinha’s ‘Assi’, calls it one of the most important films of our times - The Times of India		https://news.google.com/rss/articles/CBMilwJBVV95cUxOTHdMNTFaUkhIMzRINmwzdFBuOHZMbTBFOW1xeVJScFBYeW1XZmZFMTRQb3RyN01XVVM1bVRJWG1wM3lWT2l1b29pN0hhd1p5SXNtcm1YX25oRnkyTkc4TGgyXzNuVHdnYkhtSFMyNDJwbDJLLXhJZDJyc2NlS1BNMkFhVEphVlprbm5UYXVUaUtBcUE3V0R5ZHRtaXFrTW9SMVVkeWRKQTBQSTlLV0lXejlacHZrd3NTMFc3NEhhMlI1RWcwUW5ULWJlMmw4bW41MjJIRVdpWUo3MTNVdTY3UUw0RkxheFl0U3NEa1M0eDBWQUN4WEdzS2d4Q1B5WWdiNjRVTWlKUGxRN21Cd09td0dMbWQzeWPSAZwCQVVfeXFMTkd3cGlFeERmZE4zNEtBSi1ONXAzRjNranBnVXAyMEFxOHg4cy1RSGZDWi05eENDeENlc0t5ZUJOcXU1QlNmVTEyNHpSal92RVcxbDhNQlk3VzV6UjZFZDhXSFk1MTZkT0xqdlNoSnhfRGpLSkxiM2VVMXhTbFVxejZnUzQtNS1mSkh2YkNfM2YzSThEMlp1MkhrVU1sVjNNZzNyaVpIOG5ZT00yUURGLXlaalhhaGlWR1RPaEloRkRwT0hRZThyNDVldWltOHViRERqS1pYbktnUG81eXJnWlhMeUpJeTYyZ1JLUG4zdkdYamxwLTZSRnJnVnYtVVJCTmVGU0JrUGlCRl94anZOLUQtQnRMc0JfQjFYMVg?oc=5
2026-03-06	Google	0.318	4 more measles cases linked to Broomfield school outbreak, with new exposure at Denver airport - The Denver Post		https://news.google.com/rss/articles/CBMihwFBVV95cUxOY1RnNUtEb0twZm5ycmJYT291cmhLNlZBRTVBLWJIT243a1RfYmpmX1lfSG5JTUVWQ1pIanN4Mjl4c2N1REFPZGNzM2R1dnRmMXhxV3ZtVE1kY2RITEpiVlEyQUVLMnpMWUFLUTNRa1EtMHQyU2J3cU1HNHJVRERhV3kybXB5dnM?oc=5
2026-03-06	Google	0.25	More than 1k flights delayed at Denver International Airport on Friday amid snowstorm - kdvr.com		https://news.google.com/rss/articles/CBMilgFBVV95cUxNVk9lU1BtVGV6NU9BSi1ZVWhKdDFndHdVVXlqa3hYY0hOa0FNOWdJeGtyQkRQY2JJclhadXRfZ1p2X2NteXRyRTRSSjd6T3Z4TENVcmdNX24yX1g0RV9MWGNfaGx2OXlwTlJuaXV0OG55dmtFUlhhTmYzb3pHUlJyejJSQ0lNLUdqTFFvMjllaUdiZERmWHfSAZsBQVVfeXFMTkw2dEgzVkpNcEdTQ2RyN0cyYTkzYmNrZUF4TVF6Y1FCelNGYVljV2VDMHhkbDNjSnlOazNhOElDY2s2clpBZ3c3N0Rvc3pZMWdOQ2hQLWpHT0NyV0M5Q09aNFgtLU1PQzVHTk4zajZNQnN4NlhvY0dhMmVSb09KaTRNeVJOdEc0SVRXTTlrNlNsa1llejlsZzc5OG8?oc=5
2026-03-06	Yahoo	0.056	The Zacks Analyst Blog Highlights SPY, DIA, QQQ, WCLD, XTL, RSPC, IHF and XOP	Several sector ETFs, including WCLD, XTL and XOP, are holding steady and even gaining despite market volatility tied to Middle East tensions.	https://finance.yahoo.com/news/zacks-analyst-blog-highlights-spy-101000444.html?.tsrc=rss
2026-03-06	Google	0.0	1 injured after truck strikes plane at Denver International Airport, disrupting flight - The Denver Post		https://news.google.com/rss/articles/CBMidkFVX3lxTE4wSm9MQmRBWFE2ZjlVbXRMVFpodmlGWmRwd2lZS093MTMtOHJkT0pIT2pkd2REbXNEYVlsRENwWEVtZnR6VkdkcEh3M0xBSlRCWkJIQk50WjBuclloYjJ0Q0JBVDQyY0JyS1BrSFYwdkxpbmxQRFE?oc=5
2026-03-06	Google	0.0	Día de los Muertos: Papel Picado & Conchas Workshop - University of Colorado Boulder		https://news.google.com/rss/articles/CBMirAFBVV95cUxPQWxuMWFaZzV3akotOGItWFlyRE14ZHNiZmZ1ZlhjWXgyQWlBN3NXd28ydW42MzV1NzFGTTgxQkR5NkJuV29fSmw2YUp5eWZSdm1SUkpoRmdiM1lMaENJUFlGZEd4YVpfdHlPSkIzNUgySkdFS0hUME5md2tmS2l6WkROM2dZdDB0ZXRjWmNHWFFRWEdqdnpyZmxOTEkxUm5TR21ZekJvaWRWVmNm?oc=5
2026-03-06	Google	0.0	Passengers on United Airlines flight from Denver to Nashville deplaned after plane hits deicing truck - Denver7		https://news.google.com/rss/articles/CBMi4wFBVV95cUxQYldlUW94cUw0SnByQ2duWk9NNTVlV01mRlN6SXRCS1JENGZyOWlqaVJ4MV9oTHdXRFNNWE1LV2pFU25XdV9qX0dIVmVsZzRvbFlDTUN6ZFVCZlQwVEhKd3VJbDJaWTlIeFp1a0R1VWNVeXV6bnBYay1HQm50VjJSTG42TUJTMmhMVko5R1dnVlJucUJ4eFB0M3FFZ25pMFhVd1k3d3BGSmZFbzYtUjVmTkRROXY4SzFubThlZkVBNlp5TWQzWHpaOGVlNF90anBTRzViRzlQTzRheXROWV9xaXV6Yw?oc=5
2026-03-06	Google	0.0	Plane strikes deicing truck at DIA amid snowstorm - kdvr.com		https://news.google.com/rss/articles/CBMihAFBVV95cUxOZVdnd3hMMGdwM2ZSdGZVUTFhN0ZOaEFnSzJETUg4SnhMMzZ6cHRNNzVBQ0kyZGd5RlczU1FUeTJsTWtGWWxFby1yVHRQeDRaSUg5N3VxOWc4M0R5X0hqdkszUDI3RHRlYWMxNTM2WTdwT1ZncTZyaXBSMXpSR1hzRVpxUWTSAYoBQVVfeXFMUHlTczJyQjR2ZUNadmJmbUowei1LcVBaYWJVV3dFQUFYYnQ4OHBHT181NTBsYTBFMF8wWlpxNmlfUkUxRVZVa1paOTduWFloY3JiaHp5VlBSODNDZHRZMEw3TTJVSHdZMDFycXZ2RmZVY3dOY2c5WGx1TnU5U3NsaDN3YVJiVTFiVS1B?oc=5
2026-03-06	Google	0.0	Truck driver hospitalized, United flight deplaned after Denver airport crash - Colorado Springs Gazette		https://news.google.com/rss/articles/CBMiqwFBVV95cUxOR2RXZFA5WkdFQXExdWhmSFNUOFh3QTBDLWhQWUlqRlVWSWlQMXZCRVFSNjdQZTJ6aXpPdHd2eEducFZ3NktucTJEZUtfVHVObUxTX19TMjZFN0g3QWZGa2lxQzRVazloY1hPbXo4TDhVNG5OYlVzUTJlSzNpeEJoRnBXVGc4M3RCNnhWdzduZ0MzLWRDWm00cGQ4YnAzeDZQS0E0NnBZX1RFWHM?oc=5
2026-03-06	Google	0.0	Truck driver hospitalized, United flight deplaned after Denver airport crash - Denver Gazette		https://news.google.com/rss/articles/CBMiuAFBVV95cUxOSElDMUQxUWRYcXV6OWdSdGQzLWhpSVFMNDZKcTZZMFBOMFUtVV9lbkpxc0pfLTNzT1lqdDVvd3dOc1pPUFp5V1pVekdqdTViNjFRdVlXdHEwU3ZZSmZmMVczTXJsMzFaOXJHbUpMc2ZBV0VubWFXY1VRU0ZwNFBFLW4tTVFjV2NiZmZoUS1uOGpkSV9fWjJvUDlndXN1N25HNGZjb01tR21RZ2U3OFdCWHZRaXYydnVv?oc=5
2026-03-06	Google	0.0	Un Día Lleno de Aprendizaje y Prácticas con 49ers Flag México en Los Cabos - 49ers.com		https://news.google.com/rss/articles/CBMiowFBVV95cUxOS0pBa2Rjc2I1dmtHd0hFd3MtVUxfTGFYUXVVR3NUM2FldDhsczJIZlBrclh6RmFzeE0zMkhnY3ZJVlNoa3VnUjkySllIRzAtLTM0UEUzZVJwN1dTMGhsQXRieHAxdGlReWVNME10LXVZYUhyRWtFdkhkSHVHS2laMWtsS0xtb1l4eVBkRWlRTE50QVZKeW1ZYjAzUlVMdzA1SjU4?oc=5
2026-03-06	Google	0.0	United Airlines flight hits deicing truck at DIA - KUSA.com		https://news.google.com/rss/articles/CBMi4AFBVV95cUxNaXRBT2U1ZVQwbVE3R29PTWFnaWZQNkktR0VDZHVxOVR6N292OTFhQ2FFQ2pMRHp3ZWQydEZ3S1FsR1VwQVVtcHlUXzZaRERKYktWTFZKWnRnT3FNZm1xMVRGNEo1RnpULVVBNEpMVnNhWnZSODhKbzJDTW9mbEpsUlBvemNRT2Q0dU9XX1dGdm1OdU1GampzcnZfMTdjRlctWW1BMVpXbTNNVzNGUnFLbzQtYVBGNTVfcHZJazVLZjRvckU3Tmo4S0R4Q19FcS1taDdIZFlFVzdvbFg3R1RRYQ?oc=5
2026-03-06	Google	0.0	United airplane collides with a de-icing truck at Denver International Airport - Denverite		https://news.google.com/rss/articles/CBMijgFBVV95cUxPSTJWeUZaZjgtS1dBUWdOenZ1WDZaYTlocm80NW9IUjEyTVFZMVpKcVF5VU03c0F2U2p4eGJVbTFPcVg4TFh4VHAzSUpyWTVXUmZWcHBzM2stbkdjdVk2TFNnVkQ4NWxHNmJfdGc2ckJ5OUxXNDdMbklqeVV6REFLcnhwNE1NeXlBeVh0LWFR?oc=5
2026-03-06	Yahoo	-0.1	Non-Farm Payrolls Sink -92K in February	Harsh weather conditions last month played a role, as did a 41-day nursing strike.	https://finance.yahoo.com/news/non-farm-payrolls-sink-92k-153200897.html?.tsrc=rss
2026-03-06	Yahoo	-0.191	Stocks Retreat Amid Inflation Fears and Weak US Jobs	The S&amp;P 500 Index ($SPX ) (SPY ) today is down -0.95%, the Dow Jones Industrial Average ($DOWI ) (DIA ) is down -1.00%, and the Nasdaq 100 Index ($IUXX ) (QQQ ) is down -0.76%. March E-mini S&amp;P futures (ESH26 ) are down -0.95%, and March E-mini Nasdaq futures...	https://www.barchart.com/story/news/610113/stocks-retreat-amid-inflation-fears-and-weak-us-jobs?.tsrc=rss
2026-03-05	Yahoo	0.167	5 Sector ETFs Held Steady Amid Iran Conflicts	Iran tensions rattle markets, but select sector ETFs stay resilient. Here are 5 funds gaining momentum amid volatility.	https://finance.yahoo.com/news/5-sector-etfs-held-steady-131900903.html?.tsrc=rss
2026-03-05	Yahoo	0.129	Parade of Econ Data: Jobless Claims, Productivity & More	We see new Weekly Jobless Claims, but also Productivity and Labor Costs as well as Imports and Exports.	https://finance.yahoo.com/news/parade-econ-data-jobless-claims-152500369.html?.tsrc=rss
2026-03-05	Yahoo	0.0	Buy the Dip in These Top-Ranked ETFs	Market volatility from Iran tensions has created dip-buying chances. Here are 5 ETFs across tech, semis, dividends, healthcare and financials.	https://finance.yahoo.com/news/buy-dip-top-ranked-etfs-170000123.html?.tsrc=rss
2026-03-05	Google	0.0	Colombian Film Featuring a U.S. Actor and Its President - Al Día News		https://news.google.com/rss/articles/CBMickFVX3lxTFBnempXQ2Y4Y1ByLVJ5bFplSXZxTmNOS1Y4TjMwcW9HWVc2VHYzRXdGbVFSNmhZVFFWQjhNTVJCclNqUVBTQ3YwSl9Vcjk0d2RaVmlZZ0tKZG1WbFNPU2YtNGM4MXlWcnliUjdvTlRSVDhzdw?oc=5
2026-03-05	Google	0.0	Danza Azteca de Anáhuac celebrates Día de Cuauhtémoc - The Taos News		https://news.google.com/rss/articles/CBMi6gFBVV95cUxOVFVzQVJ1ZXYwZXZlV1huUDJ5UGFOQWxYdFc2WTlfbG9rWkJ3N3NMRzNzV2RleUNJbklmZEpTc0I5dkdiNV80YzVJMmhmbE56NTctSmpOc1VjUm9TTm1lb1ZTc0RNTVdTVVdQczh0NkE5cFM1Ulh1SGFfYWtGN3kzMzNSUVRPU29Jd3d2LUdWeGZnR1hCYy1MSlhkYlBTbVZSdnY2WENHN2tJQ0JrTHpOQkxJVy1IRWkydjk0TTZTajQ2NmJFdUx5cnU0N0tIakVpVWViTmJPRXJIVU9mWjBBNDdIVy1mcjNONFE?oc=5
2026-03-05	Google	0.0	‘I’m just being commodified’: When Dia Mirza spoke about dealing with every day sexism in Bollywood; how to deal with it - The Indian Express		https://news.google.com/rss/articles/CBMi1gFBVV95cUxPSzNnd2FTVmtubENLMzhlaVZYY3RpdlNtQTF1a3M0enRzdXVwMG1Ibm9NSTY4ZVpOOVlNLTQxYXFDczVtLXpyQk9tZnZCbEhHSXVnb0x4YUFOYUl5S1RZVWhobTVqRXdtb0F4WmFZNGxDSXplaTE0RFIwNjU4d3czbkNjU1MzNG1tX21JVGR3X1R2aTZnTHFpZXN0MFpjcUpXMkhIalpuSU9MeFNZcFIzdklZZkNsdWl0cGVPNi1oNENjenVpNUVzWmZUTkxEeXh2Q1VaMy130gHcAUFVX3lxTE1yRXNiREFRS0FqR0ZfVi1mcG05ODlfc3ZkeUVGTmdZa0dMMHptSjNZSFJoQV9Xa0lmUkE4TS1lajNQVnViRjNoNjB6TThncm5ocFYtRkJxQ0RNM2EyZDFBY0hRMHIyVFZBOTRGYnpYN3NzS2ZUZGZXWWFTd0hhS0o2aEhpYU5KWTJMX2RUUEh0TlRock9FUzNtQ1VGTTFIUC1QZUU2VHhfbGFJUHpXZjBDcUtsRzM4N0huSlVVZk5KUE5LZ3JEV051X0t0c0lWRHRRbmZXcl9CRW1xbHQ?oc=5
2026-03-05	Google	-0.125	Florida Suspends Hiring of Foreign Professors - Al Día News		https://news.google.com/rss/articles/CBMidEFVX3lxTE80NFRpdmxJOWVvTDluYk1zeGhwdm1hRERqRmZON09jNU44YUtxd3ZnLTk5dzV1Qk1Uc1dyYW5DTkN1NHUzbHNjUVoyU2lPQUVqYnRSOUdFSDZTVUFfdm16bnZYQ013WkhzUF9PX2ZCbU5VcGxT?oc=5
2026-03-04	Google	0.0	DIA 2026 Global Annual Meeting Reimagines the World's Leading Life Sciences Forum - Yahoo Finance		https://news.google.com/rss/articles/CBMiggFBVV95cUxOcUcxRzhFM21VU0lXdEhUQW1rcUJYdWxObmpUUXdIWHQzN2xqbUhNOUtCYjNqLUdxc0xCLTAwdnlaNW5IbkpnNnl5bldKdWtPSG1XMzdEelQ1S25YaXR6LU10Y2JMM3VaVnFlR2pJaWNjcHVZY2ppSTAzSjcwd1ZnaVpB?oc=5
2026-03-04	Google	0.0	Singer, Songwriter Audra Kubat to perform at the DIA - FOX 2 Detroit		https://news.google.com/rss/articles/CBMiZEFVX3lxTE52cTM1VlpwSmx4LWJKSXNEd3hnUzBxNjNEU1JQT2dDV09Eb0ZhY3F1WjBkc19xa1VMb3VnZzFJUWE5emMwVm5Mem5RbmtKejRTWmJMR2g1M3lPSUExYzVjUERnOWXSAWpBVV95cUxPekhucDJ0dGhrbXhHbUNBUmc2eUtMQXA1NEVyREkzYUhDZGNZRFVfX2RsbmZ6eXZlYmg1UzZSVnZOTWQycWJXYTZJLTE4ZEN2YmFmQm54WG9rNm0xak95WVBremV1V3FhS253?oc=5
2026-03-04	Google	0.0	Three Countries, 48 Teams and a Massive Logistical Operation - Al Día News		https://news.google.com/rss/articles/CBMigAFBVV95cUxQMTF4U2FrNVdJall5SGcybUc3RlBiVERUaVRNNGJ6dTdKU21FU0k1YVR3Q1VWQlREc0ZOUUdSYjhFWjZZTHZHTG94YkJNTUlEOWpfVVZXaWZRRnJDNTZxMFpjWTNIOUZReF9qcXBFQ2lDaGJ2LV81RnU2VlBod1BpeA?oc=5
2026-03-04	Yahoo	0.0	Today's Market: Dow Climbs 300 Points, Nasdaq Surges 1% as Iran Signals De-Escalation Talks	Wall Street Rallies on Cooling Middle East Tensions	https://finance.yahoo.com/news/todays-market-dow-climbs-300-190430380.html?.tsrc=rss
2026-03-04	Google	0.0	US-Israel war with Iran: How countries dey help stranded citizens for Middle East - BBC		https://news.google.com/rss/articles/CBMiXEFVX3lxTFBBaUdSMVVTaE5hNElVa3lVTkxwMTVHbGlFcy1TdWhPeVdlWXVuM2piRlYzR056ejVPaWY5eVo2T1BIaFg1d2NDYWpUNXR6dzhjUE5zeHhKS0VZRVlG0gFiQVVfeXFMUEh3ZC1mamRMZ1ZRV2VpWGhRNzVTLU45eEdiVk9KNWdwMUROM0RSZFlRWnN0RWxFNWltODhRUWN3eXVRT0d5dnExZHFzQ0tqWmpBVVd3UVRfU25Ub2dJMVJBLXc?oc=5
2026-03-04	Google	-0.3	Why Chris Beard predicted rules changes coming after late call in Ole Miss loss - The Clarion-Ledger		https://news.google.com/rss/articles/CBMi1wFBVV95cUxPRHp2aXpiZ3UzXzRWWEJDM2JPNHR4dHFrdG1EMDNldjdMZGtKVTRpUTM4UU45dV9WcGE1d3dRT1k1NlN5d1F0RTE5Zy1HcnJBMlA4SDh1NUxYTFAzSURRVDdMVW1qUEZfLUE5cmZDQUwtSnBQX3BiUGdjY0oyLWk0RUVPQW13QnlrVlBZdmRGMzdQUXRYQlIySlBKb0hpUV8yeDlIc185OHU3Wkp6NVA2TFBvcW5NRnlaZjd2ZnpQU2pVTlp0S0VQVm91NjhwUmhFWFBybkRYUQ?oc=5
2026-03-03	Google	0.0	EU Regulatory Reforms and Global Healthcare Innovation to be Focus of DIA Europe 2026 - Business Wire		https://news.google.com/rss/articles/CBMi2gFBVV95cUxQNmtnOG50U0hGWmRod1NDZmNXVU5OUjFmaWRoVWJJN0lMdE5hWkVwUmI0SG1XM1hWeFFxNmxwWF9XemtpZkozR0pIdEJKT1ZKRktINWtSdTBJZUdhbVVHTi1uMk5ZTHhjYU9WTjYwN2FOSlNzek5fbUp5clkwb0ZkejJOeElGTjZudVNfUHRGUUMyeTlPc3hBUnlCc3lpRzVhTmxYMFA3WkpfcU5GMS02V0ZGUk9tNVZFTUFhNmpaWTVfX2ppd09xOE9YOXBwOXRycXBzS3dGWWt4QQ?oc=5
2026-03-03	Google	0.0	Giant Circus Tent or Colorado Icon? - Fort Collins Country Radio		https://news.google.com/rss/articles/CBMiWEFVX3lxTE96dmR1dDIxeDF3SVhTN0kwajlkLWU1WDF6a2tpcEowV2VHQ3oydTRMQ3poOVRXRXpnTi04ZEM1cnduWUpLcmtSek1SSURLVUFwbnduYzNDcXQ?oc=5
2026-03-02	Yahoo	-0.15	Should SPDR Dow Jones Industrial Average ETF (DIA) Be on Your Investing Radar?	Style Box ETF report for DIA	https://finance.yahoo.com/news/spdr-dow-jones-industrial-average-112002396.html?.tsrc=rss
2026-03-01	Google	0.0	Defense Intelligence Agency (DIA) | History & Structure - Britannica		https://news.google.com/rss/articles/CBMibEFVX3lxTE1kb3ZURmdHcWpwcXhDbWxueUc3b192Ml84OVVVY2ZhNHd1blhrNm9oekhCR3VJaVhLQy1PR1k5Tl9FZmktRENxdTRqS0JyVTlOQ2VVRlJHSXpySlJWWVFZQXM1WTZEa2R4UHNPRA?oc=5
2026-02-25	Google	0.1	Greendale restaurant Dia y Noche offers Latin food, community events under one roof - TMJ4 News		https://news.google.com/rss/articles/CBMiwwFBVV95cUxNVzVYSkxfWWFVNEpIWU5DRm1wWEtoN0xfOG1raFZKU3Bxc1EzdVd4bGliWC1reEJBN1d3cmVYQWN4ZDdIamJsbWs2Nkw5ZDFMLWJhNlBkTXRRekdTcGNzdk94OHFZODNpWTcwdDhYM0FEN0hTajJGbXRJcElPZFJUZ3hNelJpVDNvcnNGTU11U0c5dkVTeVlseEhxbVdYQkFJRHQydkphZHE4bGs5dmJubzVzM3ZMNUxBQTZxbkRMVm16eXc?oc=5
2026-02-25	Google	0.0	Traveler from out of state causes possible measles exposure at DIA and St. Mary’s Catholic Church in Littleton - Colorado Public Radio		https://news.google.com/rss/articles/CBMihAFBVV95cUxPNzRSSHZNek5nYzJma1AyT0owTU5mc1VEXzN1N0FGT3ZwZE1yeWppLVZNQXJkcEFwa0tmQVUzYm5FWG9IZVpGTE5xQnJwbFJpaUtmQUxGenl6Z1FmSU5STmM2SFZ1elQ0NWJfX21BRS1rdE84RGJOOHFNcXl1LThQcjBDM3g?oc=5
2026-02-24	Yahoo	0.076	AI Scare Back in the Market: ETFs That Stayed Steady	AI fears rattled markets as IBM sank and tech slid, but ETFs like OIH, BWET, IDNA and HDGE stayed resilient, gaining even as major indexes fell.	https://finance.yahoo.com/news/ai-scare-back-market-etfs-130000267.html?.tsrc=rss
2026-02-23	Google	0.234	Feb 23, 2026: Flock camera limits proposed, DIA welcome sign troubles, comedian Josh Blue’s new memoir - Colorado Public Radio		https://news.google.com/rss/articles/CBMitAFBVV95cUxNdFBIdGJBSmF6LXZncnVVZFVoUjFBRFFxaE93VGs3YWVqcDJUWUtxM1NUd0lfOWlKcllzYlJPejQySW1MVzBoSEdfOUR0dDhiZ1RZTDd6R0JFVmRTQUhRVF9MYTFCaEpLYS1EaTVfLXFRTnBPNVR6SFEyS2RSVWI4cGI3a0xSUWd1dUxGUUw4Mm4xQ3dWVEpBUk1PUy1BTTMyRm80V2E3MGM2TVdkWWJNaHdJc0Y?oc=5
2026-02-23	Yahoo	-0.14	Best-Performing ETFs of Last Week	Oil, shipping and niche thematic ETFs rallied last week as Middle East tensions lifted crude prices, while silver and uranium funds gained on macro and supply trends.	https://finance.yahoo.com/news/best-performing-etfs-last-week-130000229.html?.tsrc=rss
2026-02-22	Google	0.0	Lt. Gen. James Adams assumes directorship of the Defense Intelligence Agency - dia.mil		https://news.google.com/rss/articles/CBMi4AFBVV95cUxPVGhXMkRSeG1lUGRUZUV5bjJULUhmVlhNSmNYNExMTm16QnRPZFVQRG5aclZacXRMdHpFLVZWX3AwYjQ5SnVnUXE2M1ZkNi03T2MwY3IyZm1KVHR4TDhLTGpmQTdSbC15RnlKZF9tRmNTZi01X3Y5dEZXemdOYWE3b2NvWXlsUzRqbGRfOVpFNExBalN2eGQ3a0s2X1RPMFRSWV9VR2NSZjVYdTJnbW14MGItbGd4WFFlc2x2SE1Sb3R0T21QYVJsTmdQNE9HR1pSUVpiOURZT2NKNTBPQmNqQQ?oc=5
2026-02-20	Yahoo	0.0	5 Dividend ETFs Beating the S&P 500 This Year	Five dividend ETFs -- DFJ, SCHD, FDL, HDV and EYLD -- have outpaced SPY in 2026 as investors rotate toward quality income plays.	https://finance.yahoo.com/news/5-dividend-etfs-beating-p-130000329.html?.tsrc=rss
2026-02-20	Google	0.0	Assumption of Directorship Ceremony - dia.mil		https://news.google.com/rss/articles/CBMiYEFVX3lxTE96aGZUU2h3dnp4Znlyd2liWnQwbFVqWjdpU3NKR01jQ3JwYmJyTU1oQVRsUExaY0Jwc0tNMmtKelF2RmMyeVRMNW5wQURucUp5a0hvUkhnWTVKdkREeVBmdg?oc=5
2026-02-20	Google	0.0	‘Rainman’ takes charge of DIA - DefenseScoop		https://news.google.com/rss/articles/CBMid0FVX3lxTE5GZ3pxdVRvNHZINldDb2VnYzI3N3kzWHduV1RwOVVaVUk1S293aEYteGNLRVJHV1BpVEkzZWg0QjNQcTcxYkptZHJjUm9IcGNoaENfR1ZHUDJLV2MxZ3Y3OWExTFBLaVNjZ0puQURnZHBNREo0U2Rn?oc=5
2026-02-20	Yahoo	-0.5	Pre-Markets Dip on GDP & PCE Figures	With preliminary Q4 GDP at +1.4% and core PCE +3.0% year over year, we're moving the wrong direction on both fronts.	https://finance.yahoo.com/news/pre-markets-dip-gdp-pce-152400732.html?.tsrc=rss
2026-02-19	Yahoo	-0.275	Caterpillar, Honeywell, and Chevron Lead the Dow Jones in 2026	The Dow Jones Industrial Average (NYSEARCA:DIA) has climbed 3.4% year-to-date through Wednesday, but three industrial and energy giants are leaving the broader index behind. Caterpillar (NYSE:CAT), Honeywell (NASDAQ:HON), and Chevron (NYSE:CVX) are leading the Dow’s 2026 charge with double-digit gains driven by record earnings, strategic restructuring, and energy market resilience. The Dow’s 2026 Leaderboard Company ... Caterpillar, Honeywell, and Chevron Lead the Dow Jones in 2026	https://247wallst.com/investing/2026/02/19/caterpillar-honeywell-and-chevron-lead-the-dow-jones-in-2026/?.tsrc=rss
2026-02-18	Yahoo	0.34	Housing Data (for December) Better than Expected	Housing Starts for December came in nicely ahead of expectations, just like basically all delayed federal economic reports since the latest shutdown.	https://finance.yahoo.com/news/housing-data-december-better-expected-151800220.html?.tsrc=rss
2026-02-17	Google	0.0	DIA consolidates open source, media exploitation organizations - Federal News Network		https://news.google.com/rss/articles/CBMiwgFBVV95cUxQSmhsaVpDaXBDRXZMb0d5TElpZUVLVWZSdjQ1c3NwdF84ZE0tNVZkc3FzTkVQWDhIb3U3NThzaWVZMXVfVzlwTmQtZmQyWEowTTVSZEpmUVVIdzJfREFxcy1ZRDA3aklxRVlGYTZCVnp4MkV2MnpnRDF1WFlOeFA0aWVHR1dzemRyYzhTUUc3d1MwdXpzcTJJcTBmdFVXd0wxV0psWW9YS0hCa3ZEbkxOZG1SWnREMzJRMnpkLW81XzlkQQ?oc=5
2026-02-17	Yahoo	-0.05	Market Minute 2-17-26- Tech Still Can't Get its Mojo Back	Tech stocks and precious metals are resuming their recent struggles in post-holiday trading. Crude oil is also lower, while Treasuries are flattish and the dollar is rallying.	https://finance.yahoo.com/news/market-minute-2-17-26-141500930.html?.tsrc=rss
2026-02-14	Google	-0.2	Day of the Dead | Día de Muertos, Origins, Celebrations, Altar, & Rituals - Britannica		https://news.google.com/rss/articles/CBMiXEFVX3lxTE1wb3ZXWWdzVTZCLVExbC1iTkpvRmxUX0VPd2RTWGtWZUJMUWJ4NlVkVlpfS1JoWG41M3hTa1V4RFI5VFVRaWlBQ0ZtbU5vcS12NTAyU0ZzZjJ5cVFS?oc=5
2026-02-10	Yahoo	0.124	Trump Says He 'Was Right About Everything,' Credits Tariffs For Dow Jones At 50,000, Predicts It Will Reach 100,000 By This Time	"President Donald Trump hailed a historic Wall Street milestone Friday as the Dow Jones Industrial Average closed above 50,000 for the first time, a surge he attributed to his administration's aggressive trade policies. Presidential Victory Lap Writing on Truth Social, the President linked the market’s record performance to his protectionist agenda and national security strategy. ""Record Stock Market, and National Security, driven by our Great TARIFFS,"" Trump posted, following the index’s climb t"	https://finance.yahoo.com/news/trump-says-everything-credits-tariffs-193104611.html?.tsrc=rss
2026-02-10	Yahoo	0.0	Daily ETF Flows: Dow Jones ETF Tops The List	Here are the daily ETF fund flows for February 9, 2026.	http://www.etf.com/sections/daily-etf-flows/daily-etf-flows-dow-jones-etf-tops-list?utm_source=yahoo-finance&utm_medium=rss&utm_campaign=yahoo-finance-rss&.tsrc=rss
2026-02-08	Google	0.0	We compared food prices inside and outside Denver's airport. Here's what we found. - KUSA.com		https://news.google.com/rss/articles/CBMi9wFBVV95cUxOaHlBbjVlczE1VU1ueFV5ZVlrRjZ3NENIVFFBR3p6M1QwX1gwNC1BUmlLRVFvQ0NXMVpBRE9mVFBBTTlaMHpvdFI1SmpQTkdsaWtQaTZmbHJEUTdDRnYxa1ZiRkx4anVLQXBoMmJYZ1BFOEZzUHFvRkVQX2I2LVcxT0xtX3ZnS3FqUWExX3FTVl9oS013WUM5WVVIUjFrdk9tUWtzRm5sNWdGdnhuWGpYU3U0eHZCalVDdm5KOTZwVWhVbWxFQ05IZmRsRnZwcExSUmszbjNtcms1ZThOMldEaFZEYl9lUWNYclJUTjlXNEQ1NVJ1UEpR?oc=5
2026-02-06	Yahoo	-0.031	Dow Jones Sets Record and Breaks Past 50,000	The Dow Jones Industrial Average (NYSEARCA:DIA) crossed 50,000 for the first time on February 6, 2026, marking a historic milestone for the 30-stock blue-chip index. The move caps a strong rally, with DIA up 4.25% year-to-date and 11.99% over the past year. What’s driving the surge? Financials dominate the index at 27.8% of holdings, with ... Dow Jones Sets Record and Breaks Past 50,000	https://247wallst.com/investing/2026/02/06/dow-jones-sets-record-and-breaks-past-50000/?.tsrc=rss
2026-01-25	Yahoo	0.6	DIA vs. VOOG: How Dow Jones Stability Compares to S&P 500 Growth	Explore how sector focus and risk profiles set these two popular ETFs apart for investors seeking either growth or stability.	https://www.fool.com/coverage/etfs/2026/01/24/dia-vs-voog-how-dow-jones-stability-compares-to-s-and-p-500-growth/?.tsrc=rss
2026-01-20	Google	0.05	Trump taps Marine general as DIA director - DefenseScoop		https://news.google.com/rss/articles/CBMijgFBVV95cUxQbkxFUDlJbVJwTlNPc3JJckpyQ2FxWEZUUldNUk05N1FOdnFXVnBCODJfcER0UHdvRldqQkVMcHpKbURpUjM5VkdxSHFmUjFvaV9yWFNaVlkxZ1RSd3VuX3R5WHZOaWpMdTlPamtoSW1EM2pYX2YxTDNKOUZPYU00YzVxaWU4RGREckJaR1p3?oc=5
2026-01-18	Google	0.0	The University of Minnesota Claims Fourth Consecutive DIA Pom Title - FloCheer		https://news.google.com/rss/articles/CBMirwFBVV95cUxQZTZLUU0tMDJwT2hjRkpLOUd0a19oRy02U1BrWVVLUEs5OXM3UHRCVG50Q1l4MlNMS1BhTDVIdmNTcTA0bGUwOGdsZnVWNFVwRlVoYUJPLTN5WjZvN1dVME8wYUZoQ0NTMnlhY0l2YWNEWmNEUEhZSGRZQnJQd2F4Qm51YUJwTTdIQTdFVEhUOS1tcUp3dVp1bTBueHQxdldhdG9lYjl4cExrRUNBTnZn?oc=5
2026-01-17	Google	-0.4	DIA Dance Game Day Results At UDA College Nationals 2026: Here's Who Won - FloCheer		https://news.google.com/rss/articles/CBMiswFBVV95cUxOelZ5SGFQblNiQ2ZRZ1hreGx3RnZ4TFdGT3ZmVlNxVVZjdEVDS2R0MUVuUnhMMWFNYV9TMThTTEIxeG5SVHYtUlFVY2dZUHBJUnlRMzc0ZnM2dnR0dXlTNXJ1OWlUNVNIRWpscWVFWi0wQUQtTFQzeDFESEkyaWN0NHMxdTJIendQWmdmSVdKS2d3djUxWGdUeEdDdGtBeFNVZkxUMTRkNV9XV3pkU25KNDJmSQ?oc=5
2026-01-12	Google	0.0	AMC intelligence analyst receives recognition at DIA Director's 55th Annual Honorary Awards - army.mil		https://news.google.com/rss/articles/CBMixAFBVV95cUxPV3FTdWFJeERuT1JYdDh2azZSbkx0c0NYNUNwRUgyMk1sSWR1dlh2eTNjU09ubFNqRE1iTGZUZ0tSc083LXZfanRlZ3pQb0g2Y0dha09KTVNwa2hmVVFabkMwanc4WkUwZWNXQklKSVZ0OFJZZ0ZINDNLdXR0WGtaWUhMRUh1NWZULWJROTRYdHlCem5DckZVNEFUMkdNS0pLNFYzRjdQdjlPSUNIWUNERG9vWTI0NW9oWHlGanFfNHZaSUdt0gHKAUFVX3lxTFBMV0JubmtCYWlWeklTanF6R1kxSG5RUTFGMUJiTUNrQllIRWtoU1JTc3U3dVBnUEJoMHN6TFd0dnUweGxmcjdTcG5PSENBaU1UaGNCZk5RRF9CQnluWDQ0ODdwdUs4TlhMVXd4cTR5WUs1VTUwMFY0V085MS1FUk9sbFlubGFfY0N3VkxhNlFOYmY4Uk9MQm5fS2dRbGM5RkxneUJyU24tdVZfbzQ2NmY2TzJka3NjM0ozZkcyRnRRczRPSzB4azJyZEE?oc=5
2026-01-06	Google	0.25	DIA’s Concourse C, Peña Boulevard set for more construction following City Council contract approvals - Denverite		https://news.google.com/rss/articles/CBMimwFBVV95cUxQLThZOEdxclRnOTBzY09kQl9QX0RIb0V0NzcxbmlqTHdlY3FpQlFvaGkyakxaaVM3RURZZWFjRnVrU016RmM2QndjZ0RGTkRDdko0aUVCeEJLbHRhQktHenQ5NGZ0b3Z4S1lZV1RIaFliZjBXa2pvbGZsV2N5ZlpSRXN3NWlhbkw2eXlaZU5qckVwRF9aVHRmVjVwaw?oc=5
2026-01-03	Google	0.0	Día de Reyes Community Celebration - Clark County (.gov)		https://news.google.com/rss/articles/CBMilAFBVV95cUxPa19UalZTYzllTjhIOUo0cWV5a2YwbXVxMmVhelBrUGJuc1lDaHBKWS1jYXcwQ2dPbG13OTdvbmlzWncyakhTQ056dDFMMDlnbHJ5a0lCd2tueF93WVI2V0loNk5PVHBXbUJFS05jd2dJMms2VnozZ2VOZXBHYUJwb2hrUTRjZFNwSGlhYnlRUnFtam10?oc=5
2025-12-24	Google	0.0	Former The Lion King Child Star Imani Dia Smith Has Died at 25 - Playbill		https://news.google.com/rss/articles/CBMilgFBVV95cUxQRkdxQmVhOUNZVF9XeUNhLTIydDdfTno3MzJnYUlNZjJDNERLWWlrZVdZRDJFSlRUQXktTWdLT1BxcElUcmVtSkFkR01ReHNyZjI0Y05QSXRjMDk1aE1jZm9SWWlpRVY2WU53bW9wWmZ1Q1l2Z1lTWjBrSXZmX0pOOTdIYVl6TFY1LU10TUhpTDlQdHY0ZXc?oc=5
2025-12-23	Google	0.0	Health officials warn of potential measles exposure at DIA - Colorado Public Radio		https://news.google.com/rss/articles/CBMib0FVX3lxTFBBUjRpbUd0ZG5XRFlzTHAzbVVGOGFUVUpWdnBrVXIyUkdkLS1OTkJna0hxUVV0TjFnOXJqcl8tbW9TbEUwYjNhZHRFdkZEUldlbHVXT2tMN2V3eXpLRndOSkNWQUFPSkUzWW9lc0djNA?oc=5
2025-12-22	Google	0.0	Lawsuit Alleges Boyfriend's Role in Dia Abrams' Disappearance - cbs8.com		https://news.google.com/rss/articles/CBMi4AFBVV95cUxNRVExbmhPY09UYkt2clgwNnJwQW9OOFYxRXU0TGZ1Yk55UFZJLW1vMjdXa2l1U0VuMHYtS0dDcXlJMGtVMllWUGw2ZFZsZloyV0M2Um55UzVqaDFZbGdEUTBnLTFsZWROaWxNaWdrM0U1aU1iWVhXTlY4Sjkta195QmhRTDJHZVQxaW9IUXRHSjljT3ZodElmN2FtcnIwRFFYU0pKM1c5UmFsMGU1bjg3S1VBUk1Gekc5aDUtVFF6cFN4YnZhWF9UUXdPMUI5R1ZIaWQ2dHZnaFpGOXNBMkpmMA?oc=5
2025-12-08	Google	0.2	Dec. 8, 2025: The story of DIA’s signature tent roof; Books to enjoy or give for the holidays - Colorado Public Radio		https://news.google.com/rss/articles/CBMivwFBVV95cUxNRzBPc2lENHBWS1UyVVVGQ3hmakZvQTY0SGc2V0FVTF83dHJkOE43Rnl5eHBFWkU0ODlfRHEwMHhPZ2NTaGJ3N0pCVVUtamV0MjV3aWs2b3hNX3FSdDl0anBwcEsxemZtdmtvNU1POXVEd1pWOUM5Q1R1c0xLVGFhdnpHeTJOaWJibEl4UDR4eUZ3bnRFS0wtQUU4N0pjUEtMcU5JdWhOSXA5eXhnbG4xZTdGcEZyOWFadWxQbUJrSQ?oc=5
2025-12-03	Google	0.4	International Day of Persons with Disabilities, 3 December - Welcome to the United Nations		https://news.google.com/rss/articles/CBMidEFVX3lxTE03NFpla2tDSXJQMG16RU5DazNpRDhJYkZSem1BaGptVGdwQWlfQ3NDQllfa2RLUEk3am9UaGxuQ2FtR1plWGd0X1VYTTAxWVZhTXc3cnNjWS1MZ24wVnpiUFFhcms0NlFnaTMxUml0bVpUMEx1?oc=5
2025-11-25	Google	0.0	Calling all passengers: DIA seeks to lower noise levels across airport - The Denver Post		https://news.google.com/rss/articles/CBMiZ0FVX3lxTE5KYXVzdmc2enhuaHN4Nmh2TWJqZk94WXlMM2ZFTEpVNWFYNF8yVy15LURjeUdlV2thakNrYnVqVE9DaENfYUpleWMwQmtPUExYdXNHaWdZaUNrU0ZXVDlFOFIyTzhvOHc?oc=5
2025-11-19	Google	0.0	Brazilian O Dia de Ação de Graças - The Martha's Vineyard Times		https://news.google.com/rss/articles/CBMieEFVX3lxTFBIWkRwMk1CbE5KYU9TRUNpQzZhSWQ1ajRFS1F6U0Y3WFNZMXlYeEZqQkt1OFB4ZG5tUndmWWxVd05mQWtpdUw0M3hyWC1fdWdEdDZBeVFhSVVLaWFLNGh1RGxhb0RneUJZVjNXckZSUjFyNFlVRjFqUQ?oc=5
2025-11-18	Google	0.025	DIA mourns the loss of former DIA Director Lieutenant General Kenneth A. Minihan - dia.mil		https://news.google.com/rss/articles/CBMi5wFBVV95cUxPSk9pbnB1eHk3MFNBMm5NbDlfNWxEWUdMbDhlSHhGMVVDYURXSDE0R21tMk1xTkZYdG9udWh2clJIZ1pwak81aG0wOFNYcm9fRzd6X1piZEZqQ0EyWG1NbDh1VVUwdTFtZzJHMDhQNEpkYVlzSWlJcTRsX2FCNzFCRVlULWU5UmNoYzlsMTduczBhTHUwZmp6MjdrWmktOXF2cFQ4VFQtNk9acVNlRnRoZEh3OEFwd0JTbHJiREZvREpyRkhPRkhDczRxcUQwLV84eHBmczlEOGRMQWV3V0V3TC1xMDlhN28?oc=5
2025-11-17	Google	0.0	After a misstep about nuclear, DIA now looking at all energy options - KUNC		https://news.google.com/rss/articles/CBMipwFBVV95cUxQZUpCRUhsMXZEQnM2RkU5MlZrck1neEpEU0RyeFZ4RTFtOFpmdHo1c0YyVEp0SmtmNkd3LW00WnduSHZvcWpaMG1MY1dfMWxjTlpRQnZzUDYwSVpDUWp3ZlhJZlBTd1A1Nk5IeWRnT1ZYajcxaThRb0tUcVU4QkxpZ1hJLTdiYWQ3QlpwX1QxY2JUdS1sRlhRZUx3Z1hIdll5WnppZS1qRQ?oc=5
2025-11-12	Google	0.1	How Californians Are Reclaiming Día De Los Muertos as an Act of Cultural Resistance - KQED		https://news.google.com/rss/articles/CBMiugFBVV95cUxQMlJwVWQtaXJOd3dlZERsU1BUNW9Cc0JzcFpaYjBVVXFpUTBmRnlMc0hlZllTbjY1bThqdVVNTGswMFZEVVJPZElUaHc2V2hLUVEyT2FzZHdMQXctdmhzVVN0dUUtNzNHR0tFVnNtS2xCVlpBczlGeEpzbktzTVIxblVEUUlLdFlSNU1CU1Y4c1p6N0V4QTlVZnZ3T05qY2pvaWJKczZsZ2xMSXBVcHdDX2t1NElSUF9VMWc?oc=5
2025-11-12	Google	0.0	Día de Muertos Celebration has Become a Signature FAC Event - Colorado College		https://news.google.com/rss/articles/CBMixAFBVV95cUxNV3hxZTZKZVA1QnhqTGV0TmwyTnRGaVpKTVpCaTdxOFlYbXg5SEJDVjFBTlcySGtwY3RRcEJSVVRIRGk4SW1McXhqNTA4VElwWVRsemZScDhNeHpCd3I4a2hNYkF4Z2s0bmViUUxyNk41NU80bGs4WEtxQy1XdVdQZl9XYlZST3lfUS1GODJybkNsWllVLXpnN2RYUi0wVDNndU5JWU1fbnJ2Q2lhM0U0UnhlU1UtU1JHNF9BbUl6ajNCQmZY?oc=5
2025-11-06	Google	0.15	Queridos, Siempre en Mi Mente: Celebrating Día de los Muertos at Charles White Elementary School - Los Angeles County Museum of Art (LACMA)		https://news.google.com/rss/articles/CBMivwFBVV95cUxOelIxU1MzRmpqUUhkZWc4aTg4UXRMWkZybVoxNGxQY2stdjljVzZ4Z1V5UnJVUU93cm9QZlU1RXBQZWJzLVhCOTg3RTJtVndfRzVnZXl4bUVDLURIZG1UZTFmWjMtdkFjaXFrTWxIbHlUN3k0RjU0akx0b1FTb2FvWlNURXFVNlcyUUJpWDh5X1RYTkxkVG1id3lSU3RQWFVmek84M05aSnNqWmlONzBMVEluUVRubHd2ZzQyWHo0SQ?oc=5
2025-11-06	Google	0.0	Flight cuts coming to DIA as shutdown continues - Colorado Public Radio		https://news.google.com/rss/articles/CBMilwFBVV95cUxOLXhxdEpqQ0tJSUlvUnNxUXJTOXdjVVBFQnRTU2NiV2ZvQy1xc3RvQlNvVFB3LU94SW5pMUNuYnJVVzd0eGl6NDVkd2lpcUV3MEEyVi1wd1RpcnhYMzZoZFo0ZzBBblVvWnlwUW9ybDZTRDlDS2VSbkE4ZGlqSnhVdFAwT2R0TUNzamtDNW05ZmJKYVFMUzk0?oc=5
2025-11-03	Google	1.0	Dia’s AI browser starts adding Arc’s ‘greatest hits’ to its feature set - TechCrunch		https://news.google.com/rss/articles/CBMipAFBVV95cUxQOXFGc3BfQUxmdVo0ekFhak92ODJtZmZGZVl6R0UzRXN3S1NOdGRDX0d3ZGR4RnVmTFFSQnNfdFgtOWtKSWNPV2VsUGRNeXBwamJEVHZSdXczTUhDM2QzTWM4Zy1XQ1VVcHNZZDZONkJLd284THFVWUw5UlJNazM1TFJsSFFvbVpTUzhVLUU4ckJxRzc4VHRtUHd3VDhYdHpTLXgtMw?oc=5
2025-11-03	Google	0.0	Celebrating Día de los Muertos with culture, tradition and community - William & Mary		https://news.google.com/rss/articles/CBMitgFBVV95cUxPZ2VDUWEwZjBxOUhSQVVUZjM5ekRJNThBdnFwYlZRRlBPNGVlcERpd1pPaVFrODBLVnFQTTdRMXBJY2dobng3dVU3Ri1YbVZ6YXFtNUkyYmZ0X1NJc1B5VExBamZJYURrM2FwSnZWcE9zLVU5V1dUeWRfSU0zUGVzN09HTEdXb05GYzNWS1FwSXNRUDhaVG9BLThDU0llVHZiZkVnbTl4TGJCTnZWYjBMTlpqTm5Xdw?oc=5
2025-11-03	Google	-0.225	Dia de los Muertos Parade 2025: Houston's biggest Day of the Dead celebration honored loves ones in downtown event - ABC13 Houston		https://news.google.com/rss/articles/CBMivgFBVV95cUxNYmU0dTVuelFqWDd1cFRLdGxQOHdSMGpOeGlwZklMeEhKRVhsSHJTTjRoOU12aHVUWnoxazhUd2VUWkV5V18tNzNYMHpTQnBzQkdfeVVlS2tiOS0ySXlqeERxNXhGbzZSMlJUMm53cVp5d3dvSXZ1MWE4LUdSbzRXN0N5YVd3WEcyQ3ZTZklxNk1ZelNFQ05sM1ByWEp5UUJhT0hTNUtCeFlNR2JncUE2VDhrSnpWWGp5VkRuaC130gHDAUFVX3lxTE04WENfdEVaSlA3cGFPLV90NTUxS19FbTR0RTN1aVcxS0F4UXhwZTh5eFJyM0RWeFpMbDIyR21JNEZCTm1tcklZbG1uTDhQaHBKQWQ4enI5WlF6YUxvR3FMd3FXUzBGb3RJNnRkd3Rkc0p5bVRPQ1lpSVI3MFZJXzlEZVRNblRLcmpDVXFQUzRZUFVTemhJS0w0M0lOalRXeG9FR0t5aUQtUDZ1NzFqTDZVaFJocnN4aWdidmw3Ql9naDJCSQ?oc=5
2025-11-02	Google	0.0	Rogers Park celebrates Día de los Muertos - Choose Chicago		https://news.google.com/rss/articles/CBMikwFBVV95cUxQYldxOVQwREREekpnemp1VDlxUS1xMHR6VEFQQXVvOUdxa2l5NFlXNmdzb29LR1dkYmxUZHV1ckZ4RzIwZFZjbUhleGk3Wi1rYlFNaHVSZThoRF9pZElYMkMxLWFSU0RMUTlYZmxhdU1PdHh4SnFRLWpmRzBacFp1OWJGa044cV95dnNlMmpEem5nNlk?oc=5
2025-11-02	Google	0.0	¡Feliz Día de los Muertos! - MLB.com		https://news.google.com/rss/articles/CBMiaEFVX3lxTE5YeXJLWXloLXhNdUl1Tnp6eVkzN2czZFZmMlhNOFVxWFB5SFdWZnp1Y2JrSjBzNG5mWmgwMllrM3hfc201cDI1MUFINEVSVnBDTUE2a1dfREIxVGFJMWJhRl9pc21wcG9V?oc=5
2025-11-01	Google	0.5	Wishing everyone a meaningful Día de los Muertos and a reflective All Souls Day, from my family to yours. 💀🌺 - facebook.com		https://news.google.com/rss/articles/CBMi2AFBVV95cUxNZkxpOHNQNmF0OFlMYXhEdnp4czlzYnJ0UU9sV3kzaDVFLTV3ckx4UElQV2twbEl4dFhvdE9vUHo4T1A5T1BxZUpfSDVkRHJfVlBmNDhsemtveF9LaDRtTFBDSnZOVGxDYjNhZjJ4Z3dNZWZBMzcySHVDdTZxUlZxSWxCeDFWQkRianJFandaOXNRbklnMi1seTZ0MFg3d2VSWVQxUFRzZ1RzSUV6Um14M2NNaXNBS2dYcGJVT0wxbEc1U1BGOF9YN2trU2lSaGhyb2Y4Z1hfckY?oc=5
2025-11-01	Google	0.0	Dia de Los Muertos Window Walk - Choose Chicago		https://news.google.com/rss/articles/CBMidkFVX3lxTE9PcThua29RenBOZFViaGplcVF3RGZIcnRqbzNmX2lKNHNITHAtSHNFaHZQNkNtUGZEQTJiWUNwZmNXR25SRWx5UkFHd1E5WW1nMTNsdnpSaG5jQ2c5NzFVdHdwWnE0SGRtVFJHalRJdVRyRU1EMlE?oc=5
2025-11-01	Google	0.0	Dia de los Muertos Celebration - Stockton University		https://news.google.com/rss/articles/CBMiZ0FVX3lxTE16d0l2Qml4bjM3aUp2a0djakZyVGpzOWFRRWsyY2dNeFBsQjhVYkxCR2xiWld4Y2pDMVB2LW93bl9Nb2N5Q3dPVUpPaUJfY216SFRYTjlsUTZWSXhldFVDSC1pOHQyWjg?oc=5
2025-11-01	Google	0.0	Downtown Chula Vista’s 5th Annual Dia de los Muertos Celebration - KPBS		https://news.google.com/rss/articles/CBMipAFBVV95cUxORWFES3lVYnA4eGpROHhYVFNtTUxkTzh5U1U4ZTJaMldIVkROcnlMN2gtTkpWNFhRdXFTUFhDQjNwRUhxbXFmWC03T3o3SXlyQllZNFBaaDRsOS1zYlJEX2ZsRzJ3cnZ5U0pzYmVKV0hmXzNMczJ3X2wwdTEySVJWeTFVenhFN29nZzI0Znd1R05aMmV3MWRKTDdHaVU1TkVwRzk3eg?oc=5
2025-11-01	Google	0.0	NYC DOT and Mayor’s Office of Immigrant Affairs to Host Third Annual Dia de Muertos Celebration in Times Square - NYC.gov		https://news.google.com/rss/articles/CBMilAFBVV95cUxNVGNZUnVvWC13bHhZU1dtUmktLUhSVGZ6SzZOOVRFb0tGSTlWbE9tWFNRWEJ3TUI1ZF85dEwwd0VfZHNyQ1V3UFRDTENuZFFLbzZvb1o1RFZMRUZtamlybnRvMU5yWTV2MWxyREZpNXhTRjkta1FPUTM2ak1xc2E3VVlEVEhvczgyekJNdkc5WFJlNGNX?oc=5
2025-11-01	Google	-0.033	Bluegrass Youth Ballet and 250Lex to Present Día de los Muertos at the Lexington Opera House October 30 - November 1, 2025 - Central Bank Center		https://news.google.com/rss/articles/CBMi-AFBVV95cUxPSnA0ZXpQYUoyelBubEVKN2tEOGd2Y1BFY1FFU1lxS2pKY1BkYXdCZzV5cXB4c2U2V3RhX0F3MXVxZnJabDU4MmtWSUJjNFZXaGJtWWJFd2NJaTdyeTA0QThrY2FyTGFIUlowRWhQZGExN2FuN2V1b0xfVzVFZFJfaldwenowLU1sWFBJbkpMZVBQRF9iSHFROFNVRlNaeVpLRW1xam1PWkVkUWJZWkJyNzBQeG13a2tJRm8ycFZ0T2ViZ25Cb01hTnYwWVl6UUF6TmFRUTdxY2lXT3ktQjJaanhpZEFJbWZsdGRyQjJMY0E2MGROTkl5Rw?oc=5
2025-10-31	Google	0.05	Dia de los Muertos offers connection and a way to grieve together - Global Sisters Report		https://news.google.com/rss/articles/CBMinAFBVV95cUxPV0lBOElSVnFhOWU5UUVDQ2JBUjNhMk1jQUdab0k1c0tXamxVckdHY1JOR1lqbUU2VldMdThwalpMSFZLZWd6Tk1nRzFTUHFRZGZCLThncy1QeXJaSjNsY2RqT3duMDVIZng5UXVSbUl1N3JOOUM5X2JoS2JzaU5mS21ySXloLVJyWFI0SFpXVWRmV0c2TUdERVc0ejk?oc=5
2025-10-31	Google	0.0	Threatened with ICE raids, US groups consider cancelling Dia de los Muertos - Al Jazeera		https://news.google.com/rss/articles/CBMiwwFBVV95cUxNX28xa1NtRUhSWXJLVm9HaGxVejBHM1l1S2tJUWdEVS1VRjFPdV9JbE5xa1BTX0Z1Q3RzOEF1WnVkRC1DdjJ0bmZkM1ZpV2RnZ0xxa3RLQXhPa2Z4YmtIUHVqcWlnZ3hzRWtsY1FFNzVyaVEyajNLRG55VGFSZlBVWm5WcEVaT0ZGRl9YSFduUEk5d0tURlppc3JsSlRvcE5YRmhUNV9IS2s3bDhjNzY2QTBTTnBmV19JcG1xQTF3Yi1RRW_SAcgBQVVfeXFMTVk1QTJUV3RRZFJ0bE96TjlUbWI1VW1jZTdMMU5VQlluU29LVE9EaWpMeG5oblQwUF9tbTZWZzRQMFV5WUFUNE12anVIN0NVVHhESWxlRm5MbWpSaC1GYWRRVWRUWFhackg1QlZtWDhZMFBfQzdFWkpaS0d1T21WNTZHZjktYTBzNTM0RG1hT2tIckZ5THBfMU1DbFBybVZSZXFRRGM4Yk1CQjNwU3BIRDlTZTEzYlhmOUtWODVZVXA1NkJGYmxpaXo?oc=5
2025-10-30	Google	0.1	Elon University celebrates Día de los Muertos honoring life, memory and cultural tradition - Elon University		https://news.google.com/rss/articles/CBMiyAFBVV95cUxNbHRrMDFoX3NGNlpwTnFtdHB5QlZRanNRbktSOG1oV19zU3E5dXoyaWRLNnVFSF8wdzhiM1NqYXRrbEJYdUlRSFpxaXhtOXZuajFORFJ4ZXVSdGNaY1RQT20tenRiN1JIU0F3cDhEMU05elhHSjNqWTdXNFRNRjRSYThDME9tZC1wZmVlaHBiQkc4YjB3RXhOSnhFenlDcjRYT1ExTTZHUDN4WFJBLXh2Slc4a0RhTEpVYkpxcFVyRTF6RFVzNVdIMQ?oc=5
2025-10-30	Google	0.0	CSUN Department of Chicana/o Studies and MeChA to Host Dia de los Muertos Celebrations - CSUN Newsroom		https://news.google.com/rss/articles/CBMiwgFBVV95cUxQaTh1dWRQNWFsNnBmN3JWdmpScWhGN251a3R4YTBtaC1ra0FXTHpNREV5Y19wY0c1M0JHSUZNYmNqTWJKOUZTZm1QeUJCQkVVcVBzenZCUnI0TElaemx5aHFzQm9Qbzlpd2hlb3RtSFpGNGdSRmRjdkJ4RXp4cHhzYk1jYWMzdzd5VUU1UllPSXFMclNRWjVPQnVPREw5Z1JNcGNVT3ZSQ1otYy1Dc0M1bTloeVBhNGRTZWpXTVBpUkxVZw?oc=5
2025-10-30	Google	0.0	How to build an altar that truly connects with you this Día de Muertos - El Tecolote		https://news.google.com/rss/articles/CBMie0FVX3lxTE5uTnd0c3FMcjdPeE1Kd19fV0RXeHlVYng4NHhsQVZFTDU1Tlg4dkdRcXA5alpYR0x3VzNOLWZuY2thbXNyVzZOMUxpNWhQZllpS0hQaWJ5bm9ERjRxaWktaGMyVkdvVk1JS2JUeU51a1VTR3hHRDNxa2VWaw?oc=5
2025-10-30	Google	0.0	Transcript: Mayor Adams Hosts Reception Celebrating Día de Muertos - NYC.gov		https://news.google.com/rss/articles/CBMisAFBVV95cUxPQWZMRjNRdGVIdTVLLXlrTGxjSGNuVTlzemZ3cTB2QVFzQl9qMFJTMTdHWGFEbTExdUVUMUVmcHNrU0tFdkJiYjkxRURuWWd2Rm1HU2JkY2NTVy1NWkdHdUw3WDVyXzdHRk5vc3drUnJJZ0ZuYzFvVEpWUDFvZUsxcXdIbm9XVkNoZ0Uyenk4N3FUaGRVazJ0LWI0WjJyblQxTU44WDV5Zm5GdlNLNWRLNg?oc=5
2025-10-30	Google	0.0	Weekender: Día de Los Muertos, Halloween Inspire Events - UC Davis		https://news.google.com/rss/articles/CBMikAFBVV95cUxNLS14a1NHMkI2cEVucUdUS2hLR1FCVE5NeDJYUVJZWVRzeGJiQVp1eXV4OF9YeEVTM2JzdExXN0VvMnEycXB5WG9VeFRUTUpWaU4wRHZpWkYxMkszU1ZOM2NhUmFyS0dIdVBxWWx5TkxlU2MtUk1YSGFXRWJ3MEFqM0ZGTzNCTnV5TGJQZk1zNTY?oc=5
2025-10-30	Google	-0.1	Ducks to Host Día de Muertos Celebration Sunday at Honda Center - NHL.com		https://news.google.com/rss/articles/CBMimgFBVV95cUxObmhHOE5vTUwzTFdWTTQzRFhMUEdvV3l3Tk1BSE95ZWp2Z240ZEdpNDhlSkNBMElGVk5kOHlaVjUzWW5tT2tQeWxEYkdHazdXdEVpVFJOZlRrclU0a0pGZFlHMGFaYm5SVmNCMDdXajlBcmlsZmNhdC1VcnY1LVZqbXNvS0VPNm9yTG16WVFpQmZoVGhSS0VIQWJn?oc=5
2025-10-30	Google	-0.1	SEC Coaches Give Malik Dia Preseason All-SEC Honors - Ole Miss Athletics		https://news.google.com/rss/articles/CBMirgFBVV95cUxQREFzcTJ0djI5UUFNTnphaEJwVkpIMDdUWVFiMnZZZV91YkhXeXh2T1pTZXB4bE40ckRrOWFKbWxqX0pIcURxOXpTaDVYYmxlUnVzVWdLc3dUN3NKVEcxOUFYcGswczFMdjFKUmFJYUpxVkc0U1g0SC0yTHdpZjNsb1g3RWctZ0lZSHRpLS1OeV9mY0ZVY3pac3hoOHdPNnFLX1hQYmtCXzFib1dYclE?oc=5
2025-10-29	Google	0.0	Dia de los Muertos - Pacific Park		https://news.google.com/rss/articles/CBMiUEFVX3lxTE0zUGJUTDQ4ZW4wWklDUlQ2YWVKbVo1RVZhLWxpM1ZCbFhYWTBNbl9wUU1kZG9qOUk2RGVSN0xENERkY1NjRk9IQm5PMGRGV3B5?oc=5
2025-10-28	Google	1.0	Día de los Muertos 2025: The best Bay Area celebrations and art events - San Francisco Chronicle		https://news.google.com/rss/articles/CBMilAFBVV95cUxNekd3al9SQ00xdzRTcGFBQ0hGLXBfdTZqd2tPc3czUjRid2FvekFKMFhsSWwxNFVuUVhsN1haNklnNlk5bG1OMEFWR0lzUzN4a1pPeHptUzdmbnVBYldRMjZJQXZPTjlQazBRbEU5V2lHdWV6NXJqOGNBQ2hFS2JrRmdPYXcyaGRzaU5LazAtaW53cnVZ?oc=5
2025-10-28	Google	0.5	Top 20+ Día de los Muertos Festivals, Celebrations, Parades & Events in Greater Houston - 365 Things to Do in Houston		https://news.google.com/rss/articles/CBMijwFBVV95cUxOZ21RM2tUcG5iTFp0MVhBRnUxM2xSeEdMSDNvWVZHMlhFQndmTVgyUzJ1VnU3YjluZWl6VWlVMmtrOGpsa3lndUg2NzZsWFR6QTczMDRoWlR1R3ZOUzB1T2hKSmNRakZkeEFka04zTFExU0RhRDFfNmVDQlU4T2RtalRrNENIQzlSSEpKMUFtNNIBlAFBVV95cUxOWnQ0MENWVU4xQUpYbmhiLXl2T0NuMFE4UzBjNXdMZ2ZxbVBJS3A3eHd2LUJSVHR4djhBTkVGMk1LckJIXzBWdkdsZHBRZEZPNmtjQ1NUcUNtOVo1aDY2djhNS2hlcW80Z0xpcHp6VElJdXVZUmxYVVJuaHNvMURWSGx4LUVOVFcxWGUxR1RRVXRXQ05j?oc=5
2025-10-28	Google	0.0	CBP reminds Southwest border travelers of agricultural restrictions for Día de los Muertos Holiday - U.S. Customs and Border Protection (.gov)		https://news.google.com/rss/articles/CBMiugFBVV95cUxNdWtuaEduVHhrOE9YTTlJRHFEd3Z5SXVzMmVsY0lIR2IxbmFqZFRMNFpkSTczQml6Y0lPNXFmZjFDM1V4cXk2NWUyb1pqa0QtSUV1Z09qRTRUZnBQVVlWRG9Icm1FUmpIbzQ3ak03ZzJreVFJdDFUSGdqQ1FaaWVLVkJVUHRWTFQ2VGc5SmpNSkVYaHNIallxaFIyTHAwUGV2Q2F2MHQxOVdRVG5IWDJGQWZVME1wbTc5aGc?oc=5
2025-10-28	Google	0.0	Celebrate Dia de los Muertos at Mission Marquee Plaza - City of San Antonio (.gov)		https://news.google.com/rss/articles/CBMinAFBVV95cUxPQ08yUHl6Y3ZVSEVHSzdicDN4Q1FXYm1ZNWdHTzJiamt3ZFNZc3F1WEh2OHR6eHE1WE9qME9KZ0pkQncxZG5nQzJJSlBKbjJQM2ZiNUVic21fQ2NzU25PZU9uSU9OS0JjVnVPOWpodTdmSVNkaE15V3hkRU9QSDd4b1FYeW1rSHVoNGZzQjhmMWFXWEduY1VEZzlQZFY?oc=5
2025-10-28	Google	0.0	Día de Muertos Celebrations Planned On and Off Campus - UC Davis		https://news.google.com/rss/articles/CBMibkFVX3lxTE91VU5QeGc3dk9YMlVpYW83cTZldF9KdFhDcXNwajJHSDVXUE5Ra1Uxa3RtWE9fS3BrVWlpNS0xem1CclAzY0NIV0lWWjVIWDM3anc1VTdab2RBdHktQ1JWN3Y5YXI1bThzU25SQzln?oc=5
2025-10-28	Google	0.0	Here are six ways to spend your Halloween and Dia de los Muertos weekend in Houston - Houston Public Media		https://news.google.com/rss/articles/CBMiugFBVV95cUxQbUZBemRIRXZwYjlQdk9LNW45NF83TTUzSHM4bWxWbENOWE5pZzVDUWJvLWd6SThtUndxeXVzUFdDeWFlc2sydm9sRmJzYVNSNHBYRGdQdVFXeDdrZTUxUG5VNUhJX196c1JJYmZXcnRfYnEtaTJvVDNXS0hiT0Ewc09NVzU0YVpnaEloc1M1M2Uxckk4dXROWGNlZy1oQXpDalE0dUJoSGFkVFdTVmxTbGlfaWswZTRXZ3fSAcIBQVVfeXFMUDhsdEVIWURQZWlIRGxOTnhVMVk4YTM5VnJFYVJqUlJOMmZEd1RQWGFteXdOQ0Npd283aF9GcGdKYzM5d29nN2JnUEVQbGxKQ3FOQVc5WkszRW9lVGJqeVpxOTlKNTFwRkJ6bzNCQVNfc0ZMWjVIc3JEY2xQeG9hRWRRbnVQdFlqa0RNM1FpNWNTTkhkX191b3Q5eEpUZHNtXy1pN1d5Mm5qbUVTMTFWaWlsNDNTVXl6c2dWVEstTUdWZnc?oc=5
2025-10-28	Google	0.0	MSU celebrates Día de los Muertos across campus - MSUToday		https://news.google.com/rss/articles/CBMijgFBVV95cUxObGhKYzFjQmhnU1hXS0ZvNWJLWjBiNFFNSnJVazAzUFB5MDhOV0FMeTFHWTVVSVZMbUU3NEdrTnl1cW0wakVqcng2WkNpbjFCa2x1cU9kanlJYy1zLWF4T0RVQ3F3QWowQ3UwcERwdlRvVnRSOFJRX0ZzMWR0d2tXNmRlTlJFMWpfZ1BjSUhB?oc=5
2025-10-28	Google	0.0	OSU’s Día de los muertos ofrenda open to the public Nov. 2-4 at PRAx - OSU Today		https://news.google.com/rss/articles/CBMisgFBVV95cUxQNDA0UXhFaFZzcVFoMVJFWTF3NTE5Z3VwRGxMcFVCN3duXy0yZVZ3a0VwNDA4NE5pSVhxS2lRay1nemlPM3JGaXhlbzNnVVBCcHd6ZU5LcTZHb1VtT3JpNjJkZVNDTFQzMktmdWJJTWlSTFFoUjZVX0VwZElTVXlqOUhQVnExQndBUGItdWZRM1QyYmNzZUZ2Z3FrZ0sxQ3pacVJQa3A1cjBsT0RSLVdvamRR?oc=5
2025-10-28	Google	0.0	South Broadway Cultural Center Celebrates 31 Years Tradition With Día de Los Muertos Exhibit - City of Albuquerque (.gov)		https://news.google.com/rss/articles/CBMiygFBVV95cUxQbkhWY1NNU3F2cHVkeDJPYkgxOWhSRGJ1elJySmw2TkZUWVJ3TmJmQXpzQnByQWZqbzJ3WXdsbVpMNEhvSVJ0cDlMUG52RU4tQkVfWm5CWllIYy1BMzBVRzZ6bzhsSVJFbVJiZUMyTmV4b1lRLXNJdmk5Q0JSa0pXTnRHelJLSWZUV1MxVEwxNWZqUklFTFVPNEd0ZjBhNjVXeEM2cTUyUHItOHFCY0l5Y1l3UlZISU83OEJ4QWVMNzVYX0E1MWlfSFpR?oc=5
2025-10-28	Google	0.0	Tradition, culture and faith on display during Dia de los Muertos celebration (PHOTOS) - Detroit Catholic		https://news.google.com/rss/articles/CBMivAFBVV95cUxOSThiWUVva0hOaG1ZbHAzVDh0WGJqSFUwcGxFNndXTTI1dUZpeWtIeWlPdzgwaEVSbWtTUWlnRUtmX2tWMk04b0dFd3hvRXBqbVhUVG4xbVNTVkkza2pQTi1TMkZ0b20tODB6bGpwbnE5M0gzNWpOcjk3SmtKVXhwWHE4YUIwU1kxRUlDdkRnTWxlem1FRVY5b1pCclRsMU9qb2NGYks4a3luY1M3Y0NLMF9JSWJnQjdOQVl5WA?oc=5
2025-10-27	Google	0.15	Top 10 facts about Day of the Dead - National Geographic		https://news.google.com/rss/articles/CBMigwFBVV95cUxPZEFFa3NGVldMWnMwTURBeWltdGVLeTdvbXR2Y2JaVVBJdzJabjBXblFKMW1DM0N4TXNUVlFtM1daYkw4TklScWFXVUF4a1JKcll1WktOdkJoYjFIVWRON1NycE5zT0tOcmRJOTV2YUdGWjYwLWtrNFZvWWQ2NzF3Z1NHNA?oc=5
2025-10-27	Google	0.0	Experience the flavors of Día de los Muertos at Pearl this weekend - San Antonio Report		https://news.google.com/rss/articles/CBMinAFBVV95cUxQbjQ2TXRSTkZhMTh1OGpWbjFkSDFoOVBRcnRJbnA0YlBIMmNoM1lwQ05Vdlh4dnVBWWUyNmFYSjFRS3JiMjJkaXN3bEd3VzhSeXA5UWdFal9oR21UQ1lLUWRjMVJfRURpNERIRWJvdDc3WTZRUTFFZnNLNVNuVFN1ZzNXaFl2ekFZZmppVUtTRWdiQmJURkpqTi1QVUY?oc=5
2025-10-27	Google	-0.125	Santa Barbara’s Día de los Muertos Parade Canceled Amid Immigration Enforcement Fears - The Santa Barbara Independent		https://news.google.com/rss/articles/CBMiwwFBVV95cUxNSHNaQm5Tb3JmZ19MUHNUeEZ0Qm81VDUyQ0VfejNiaXo2bmlOUjlwTC11VVpQT0VpSDhwZFdNRHFBZjdMM05BalJsdDltQW5YSkpWQnpGWTVkckpXQ2Y0Y3RVd192YkRKTEhGWmplODZxeFZtTzhjY2s1MWZnMFlNUWRENDN1TmxHRWhJLTZzY0FHdjlsTFF1WmdoVHlOWUM1Qktuek5HYVlHV1FTUEFzYlI2bERFZmZqTzBFRlVkUk80eWc?oc=5
2025-10-26	Google	0.0	10/26/2025 - LA Plaza's Dia de los Muertos Family Day - Angel City Football Club		https://news.google.com/rss/articles/CBMidEFVX3lxTE9iSHNXcDNXSjk1a1VnSm1oQ3lMT2h5N3ctcnZUV0cxdHVMTy15dXFPRzEwZXhxdExyLXJMLW8zZ2RTdGNidk56UjZFa3p5YThyRFd4eDBPQkt6WDdIOGtTemx6aW5CZUxSY3A5M0o5YWV2enJi?oc=5
2025-10-25	Google	0.0	Clay Sculpting: Día de los Muertos - Denver Art Museum		https://news.google.com/rss/articles/CBMipgFBVV95cUxObTNidExwbzRYNTZGWFBfV2UyWmJ6a2x5WlFMOVlQbm9xWlF0RmFhOVh3Vjh2bzd4aWlFdldYLXNUMjdQdzhLNE13UE9fNVlGelBVM3AyUUN5Z3dpYTBvMzlKaWZMREJMNXFwTHFNdUEtcVJrWWxvX2FEeTJxeHo2ZVlWa0VYa2tvbkVDU0xuam5kQTU5OFBhYjhSN1MzTHktbDFKbDJ3?oc=5
2025-10-24	Google	-0.8	On Dia de Muertos, fatherhood and grief - Los Angeles Times		https://news.google.com/rss/articles/CBMiiwFBVV95cUxNTDB4Qm5abXZLSWJxaW52MHhBMERJRnhPamhmRG1jNWFETUx2STVUNDJoSS1EeEZTenBtSkNTWS04NV9lVURZTDJEaVQ1dk5mNmVNeVpXTF9MOFVYQjMtQkFfb0dxa3BqXzJybEItRGxJOXVlUWs1SWhsSlV5X0xMd3ZKY2szQUo3cU1j?oc=5
2025-10-23	Google	0.0	Celebrate Día de los Muertos in Downtown San Antonio - City of San Antonio (.gov)		https://news.google.com/rss/articles/CBMiqAFBVV95cUxQTTZldjY5UzZQV1Z1ZzhHeUNPLXljczJac3VUbldCLXZac1M1R3h2ZUFFamdWcEdrSnY5WUFFNTRNcmVqU3VTUzN1ZzA0MlVFdWhOTVczcTMtOUJJUFp0MXlYTkFWU0s4cUczZjBFUVB5SHFfS2hXNnhpVmZVcHVpY1dYa0djNGNVbkZ2OVI3Z3NWVTB6dU5LcmNwZS1xTFdtdVRWR09mTk0?oc=5
2025-10-23	Google	0.0	Honoring Día de los Muertos at CSUF - CSUF News		https://news.google.com/rss/articles/CBMihAFBVV95cUxQQVlTVnpVUzR3NW9kcmZBODlnN3VDdEQ5bkZMQjliS1Y0U0JoSVVkcXNMTDZqcnoxYmVKSUhqY2lfR0d3cDJLMFE4bkNWMEtmbTRMbUtYQXNjM0VQbXhXc2ZnR09RSFlyRUxEcWVCQXlpb0xXRklQMVRjTXg2aDlveERuTUE?oc=5
2025-10-23	Google	0.0	Our Lady of Hope Cemetery to host Dia de los Muertos celebration on Saturday - Detroit Catholic		https://news.google.com/rss/articles/CBMiswFBVV95cUxNdWVpY3IwOEhCQkJPZmJtNEM4WFhuTDIxbDFXMWUtV2k4NjVnZTZWN0I3LUFEYWZaYnpRSDJmMWxLVUhOYmVmZ3phd3h6bURGLV9tcGRQT0NObzdlZW9aeEg3NElRejJkb2xNM2ZDcW1tendzbnJ4ZUYtUXllMU9mMUs1Mkx3dm9KRmRHelhjQ0hHamJHdHVnalFjODZJX2R0bDhxeU5pNDNfN3BsTVlpUkJ3SQ?oc=5
2025-10-22	Google	0.5	Top 5 Must-Experience Moments at Día de Muertos at Desert Botanical Garden - Desert Botanical Garden		https://news.google.com/rss/articles/CBMiSkFVX3lxTE12NmNvUkZ5MDlWcUJ0ZUFzUTJvSTlRWXV1dUlLc1lfUFZHREtMcXZlSzZJTV9tOE5oWVF6RXlqbTVyQzd3Ynl4QzNn?oc=5
2025-10-22	Google	0.0	Celebrating Día de los Muertos with KLRN - KLRN		https://news.google.com/rss/articles/CBMiigFBVV95cUxQbGRwLUxXZlBpMmxqeWpHS2pzbzd0ZDlDSDFjT3pnVHBsXzNrTUtEV083aDR4YVZ5bHhiZnFBYThxVXRaTk5CSEEwaXdxdXdrallhMURUOHJLZjdmOUQteUJLNmZJQm10bWtHQWROUXNYVUl5WXY4U0Z1bVVkdl9QRldOclBsU0NyUUE?oc=5
2025-10-22	Google	0.0	How you can celebrate Día de los Muertos in San Diego County - NBC 7 San Diego		https://news.google.com/rss/articles/CBMirAFBVV95cUxOU09CTzhvdWdoZk90VDU3UURaTVg3aDM1WFpmTnhtcmtjS2pLcTJvNnJ5Q1FNZWltSlM4ZFdDYWpud2FJTDd4dGFSZzcwbkxRVDBUSDh5NHJFRlJwVkh4TTN3RGJrekg0TVVvX0FrX3hqVWo3ekdFUGJONHVVVW5CLVBFbTVsN1J3eHlnYXgzUFlxbWZkVDhXSloyQ2RzWHlCLXJfU1FldGdWcDlG0gG0AUFVX3lxTFBBaEZQeU9HbVFfTkVpdVhYNndPeV9BTWE1TloxbGtkUUpNYXJWX2xlQVF1RjJteXZOQjl6ZHNVNm91bW1uZU9yRDZnY21jUE5GLUM3cHM4THJGa2FJTnhJOXhpaWFqVUFJX3RlQXBBTVhHUTNhVFNjX2E2UG9hQW1XQUVCbl9mc0dLYkwzN01MRmtQTjIzOVFaOU1UOUtUalp4ZjJxd1lrNWt0LU1ORElkN1JXeg?oc=5
2025-10-21	Google	0.5	21 Ways To Celebrate Día De Los Muertos In Chicago: Ofrendas, Markets And More - Block Club Chicago		https://news.google.com/rss/articles/CBMiwwFBVV95cUxPY1h6MDlYX2dpSXBHdUlfajZlLUFNd1k1aG55a3hTMTZ4NWt4OGlIMjQ4TjNZcnpwMlpJcm1vVnVfdmlmbTBieDB2bkZZVmduVnpnMjF2ZVZjWllIemNjdmJySHhyNlI3djFHYk9jV2NjODdicm8zN1FrVGI1a2FsRXd0UFdac2tKdDNtRFZyeUkxR3o3MWFnQV9GX0VXQUQ3YnlmY1dNMkRtVFNobU5uM3FuYjd1dDlLTUZORmZSRjZHZ2M?oc=5
2025-10-21	Google	0.0	AlphaDIA enables DIA transfer learning for feature-free proteomics - Nature		https://news.google.com/rss/articles/CBMiX0FVX3lxTE1aV25IazFRUl9yUmJud25DVVZJRC1qVmt6QWRjTVFQc0VrcmF5QnhoRk9qTmZndTZlZFhqSElNUENBZDY2aGlWdkRTWWpKcjlCQnJOZUJ3amoyZVBlQURr?oc=5
2025-10-20	Google	0.0	2025 Día de los Muertos Events Around the Bay Area - KQED		https://news.google.com/rss/articles/CBMijgFBVV95cUxQUGQ4QnNGVGU0QWhia3JTaWVqY1dnMjM4LUs4VW56SzgwSXBXVmpZQjYwVUl4Ung2Q2pyX2FvNFh1WThublhGb0pBTHVreTNaMzd2NDdsYmgzZnd5bktQV3lHYXlxWEFLYUNfaENKekZldzMwLWE1b2plcVVHN0JRTDIzUzBNM292VUVRZWZR?oc=5
2025-10-20	Google	0.0	Honoring Ancestors: Samhain, All Saints’, And Día De Los Muertos - Interfaith America		https://news.google.com/rss/articles/CBMihwFBVV95cUxNTEtybWRHZnpMcGtFemtjMS13WEFTaGVOTl80Q1JXaTEtczVlMFNERE1QYjFPQktQWHNzRGlQTDE3Q09Id1kyMmU2RDNpVng0WHdtZW9HTE02aXdWQ3lNc0JWM0k2WUNrVktwZ2lVTUU0NXpqdGQ0N2lzaFRqd3NBZjdRRXMwRmM?oc=5
2025-10-20	Google	-0.188	Where to Celebrate Dia de los Muertos in Little Rock - Little Rock Soirée		https://news.google.com/rss/articles/CBMijwFBVV95cUxQSFNCNkd6clFnSDVub1gxMHVOTVUtMEZCZGFZX1A4VDNZUnltaFF2TXNwMnIyNEdqdkF2aVM1a2tXY19wNndLbzdrc2t2ZUszWDlJeWhDYV9vYkVqdHV4ZG9YYm1HSFBRQ3BrMDFHQ0JNZ1VtdllGWk1QSzFzZTgzMTIwOWxDS3lYMlRJZmlnNA?oc=5
2025-10-17	Google	0.0	Where To Celebrate Día de Los Muertos in Sonoma County - Sonoma Magazine		https://news.google.com/rss/articles/CBMiiAFBVV95cUxOc2czNmo0QS1nY05TME96UmkyQU5tUkRlQ3hzb1hDaTVraFdzb1FzZXBfZ2hmbHdPd0E2OUZwanI5c1E0dXpJNmptWTR2SjVjNXJOUmYxRzMzMGE4WnJYMEltbjdhT0U4R1ZzQU9rb3g2NURKOXdxSnh6ckZrREtjU1Qwb0MzcVZY?oc=5
2025-10-15	Google	-0.2	The Beginner’s Guide to Day of the Dead - Columbia University		https://news.google.com/rss/articles/CBMidkFVX3lxTE5VbWxfQ2pxM1h0OGdacDNCdHFiUlVXQzRpaG95SlUwVHJ6eVJyVUhnR0JxTHhOa2JYbzBMMTNrMy0zeTNHaEx3VVlvUExsVlUxR3E3QThSSl9mTnd0b0ZYQnJSTlNubkZQYU8tS0pQOW5BQVRUaEE?oc=5
2025-10-14	Google	0.067	Old Town San Diego State Historic Park Comes Alive With Color, Culture and Community for Día de los Muertos - California State Parks (.gov)		https://news.google.com/rss/articles/CBMiU0FVX3lxTFBfNC01YnJIcGV5bllQYzFpVUFtRkVrYTNDQTF5V2stTjZCeG1taC1zaGRESGotQUozelBKQzZlbXB5aTJtM0pGYkJVenk0b0ZENWdj?oc=5
2025-10-14	Google	0.0	LA Kings Celebrate Día de Muertos - NHL.com		https://news.google.com/rss/articles/CBMickFVX3lxTFBrQmN4Ty14SW9uMUgxcmo3X01qVlY0ZDAwLXF1bDNTS3JsbjlYQVotZWhCMDI2VTdrQkRrNXJ1cG9keTk4RU1Pel9SZFc4aUxQVkNEX3FmYkMtN3FBa0dBeGlUbEpMWWpGdXhYNU9YNG1IUQ?oc=5
2025-10-13	Google	0.0	Malik Dia Tabbed Preseason All-SEC Third Team by Media, Ole Miss Picked to Finish Eighth - Ole Miss Athletics		https://news.google.com/rss/articles/CBMi3gFBVV95cUxOajZmUFZqcU1aVG9wb3RSVlZYaDBURHBjS0tDYXpjNlFqdUQwakNpdkF1LWtDSWR1VlYxbjY2cm1wYUlaQmdiVzhkSzB3SW4wVzJoTXJaSHhwYi1KNzM4ZVlpOHZxdHhkUVRjZThrYmhFQmVvYUFWR3YtMnpIa3gwemhxR3liMnM0YTJoS2N2UGdVQV9mUUNPbzlFaVVJLXh3cTNOYWM4Y195M0VYU0FhZ2lvZ2o1ZFVMb1VTR3ZWc24wUS1FNVA2WEdiWldKcURTcWh0MmtuRmx4ak1VYVE?oc=5
2025-10-11	Google	0.125	Family Celebration at Old Town's Dia de los Muertos! - San Diego Unified School District		https://news.google.com/rss/articles/CBMiygFBVV95cUxOS3RiUVNsck9NNlp4dnpvRVFzb1Mzek5OSlpqaVdZSFkxVmkzcy1Zd0pPVjFDWXR0YzlUeXdCTkkwSFRacnk4d2FyTjZWbmVUUlptUDhZSXFqemxHaDNadUstQmV5cGFoUjdNVFItWUNYWUVYZjZKYXpfUmNwQm1JelBUTmtibndFR3lOZXI4VURoa3NKMEVFVFY1TWRnaGtEUUh2TkhRNG9DRGZsSWFwYTg3c21yTEdIM3UyTk5yN1JxY1RoOEctTUtB?oc=5
2025-10-09	Google	0.4	The Browser Company’s Dia is now available on Mac, no invite needed - The Verge		https://news.google.com/rss/articles/CBMib0FVX3lxTE54eEdXVGhyUGI3OXcteEp4d0Z2UFh1UENzeEVUOXV3UzlURElXc2ZkRUtyS01wNzJCUnN3Q2pkZ3hma0Y1MlRUVU4xTm1fOEJRN3h5MVF4eW9mVFBFYVU1VUc3OGdrLWF1Z1djSzNobw?oc=5
2025-10-09	Google	0.0	Día de los Muertos events in Southern California - ABC7 Los Angeles		https://news.google.com/rss/articles/CBMiggFBVV95cUxQOEtzejFnamtCeWF5dHRMcS1oM3kwYXRUT2dWZ1d4Wlk5b1BjZXhQcHFLcWQ0ZVVVdEZBQkZyQmdYUmppWEVmRnlZYUJvQkNJOFRaa1BINjg0WVp3WWZjNkFYa0UtMHFjS0laNHpmNkJDN1VaS3M0MkIwZDduVjFDekF30gGHAUFVX3lxTE5FYWoxSU1PNWo1UmtnSU1CMjIwbGJMNGpNRmdRQkVkaUxDWGtzR1gzNXlTUzFHTVpGa1lFSkljMDh0NTdvU3NfZWgwLVdOSWZMc1ZNZzNfOVFvNVNqVkZjZjQ5bzhaU01MeTNpZDVGZmdEVlU5YUFfd1lWY1M5eGJpVGRwYmZrQQ?oc=5
2025-10-08	Google	0.083	This Vibrant Holiday Is Not the Mexican Version of Halloween. Here's When and Where to Celebrate It in Mexico. - AFAR		https://news.google.com/rss/articles/CBMif0FVX3lxTE1DaGF0YXZieXFqd2dzNzdSM19wYmVCNXEzc2duVUl1ZC1QS0hzMTNxX2tIVFdmMHlwa2VoX1B2a1BWeDhmYzd0SkttOTFpOHVOZjNqWl92RkNvUFA5TGh0YlZWOWhXdnhDaE9kR1A1WllJSmtYY0tQd2t0cXoxOGc?oc=5
2025-09-30	Google	0.0	Michael Avery Dia Obituary September 30, 2025 - Schooler Funeral Home		https://news.google.com/rss/articles/CBMiakFVX3lxTE4zQ1hBeUJQRkhfOFNwNTd3WE1GZndrbTNHYzc4NHNVYm9va1phd3lMdEcyb2VUUy1jdnF0YnE5eFBkS19Fa042UC1GX0U4ak1hY0ROay1XYWFnTFlRWjRkNVUtTlpZc2VkR3c?oc=5
2025-09-30	Google	-0.2	ESB MACC Dia De Los Muertos/ Day of the Dead - AustinTexas.gov		https://news.google.com/rss/articles/CBMiekFVX3lxTFBWVm96endTb3Q3c2thTGJoVGdWM0s0ZXpOdkdKSzNfb2N2Wkw0NVJKcklSUUdlbm9uZkhJQWhaalZnWnV0eWJxTDJXV3FsbG5kLUVrQ0dwM290aU5kbXdTYTJXZ2N5a3pwdlpVRTVxRU1zNlVRekNycWNn?oc=5
2025-09-26	Google	0.0	About Us - dia.mil		https://news.google.com/rss/articles/CBMiS0FVX3lxTE1IX3NNX25QZUdhYjJuOEl6Tm1MN29QRVNkLTUxVVVnSUFzVWU2b1lFQkxZc2dEVTRGZF8tM1pXZmVJVXRYc1dtVVVkdw?oc=5
2025-09-26	Google	0.0	Careers and Opportunities - dia.mil		https://news.google.com/rss/articles/CBMiXkFVX3lxTFBYNzI5OEhSY0RMMTFEdTFhNHNmVVJWSUh3VG1HV2RaVS01VnpSb0g2bVRUMkoxeGVoOUltR2F6d083bkNNbkFFOFhheFVUWEJBcnhFcHNjd2IzMDJ4MWc?oc=5
2025-09-26	Google	0.0	NEWS - dia.mil		https://news.google.com/rss/articles/CBMiUEFVX3lxTE4tV0pVWlJaeHBwTnhuNUVVMk1tQ0xfLWpiNEYzV1NrUm5LbWVDeXRNdU1NUjJJWUFQMVlrckpjVUNLZ2I2SV94ZWNPdlJtRHRY?oc=5
2025-09-25	Google	-0.4	The Ancient Traditions Behind Día de los Muertos - Texas Highways		https://news.google.com/rss/articles/CBMiigFBVV95cUxOc0JLaXZwWHRHWWNkdnJzUXVSTEZaeC1sbnFmLWhvVklLUXRUel92Z0hEbWpKU0VGeS12WE42SlgtRmpVbUh4THM3Qkk5ZVNJeXRxRmR1SzBtcEkxdlBYbjcyTUNIbG96REhDMlR0WC1hOUhhSDBheXNaaGhyTTc4Y2VDUDdoWEZMQ2c?oc=5
2025-09-12	Google	-0.117	Long Beach cancels Día de los Muertos parade over concerns about immigration enforcement - Long Beach Post		https://news.google.com/rss/articles/CBMimgFBVV95cUxQNmFIai1FeG1PcVhGYldmSTZVdHdoMDNWWGRYOVNEcHdnQzFoa2gwWm9LdFRwaUF0X0xZb3pNZ05tRC1LMnR0VVl4WEJnQUpwdlRPM09hbmdfTi1LWmttbVlmLXEtZTkzbmt3ZUlhVW5scERJcUhWUVRTSnItLWw1QTcxOXZYc0lPajYyQU10RzRlYnQ2THhRSmlB?oc=5
2025-08-24	Google	0.15	DIA’s Missile and Space Intelligence Center Breaks Ground on Advanced Analysis Facility - dia.mil		https://news.google.com/rss/articles/CBMi1gFBVV95cUxOVlNXZHNDVmdkWEZWTEhfbW1RbG51czg2b1I2SmU0S2FPM0pCTVZOZ19Fd21DLWR4aDlMclZFRzZXWlNKUUoxb1Z6TUhkMWpRaU9TVEVFY1FEU0NOWWxwMngwNUxSRnJMeWJTTFctaDZsNGV4Zk01cGlYMjJXdFhDc3dWMk03a1hQdGNSdUotQy1tUVpmbkNKS3BpQXdzMVpjOGZNWldZU1lNNFVrRHlTRzJQa3hGM3d3LVR6aFREX21SQk05d3BuTTBTZkhobHdibUp1SmN3?oc=5
2025-08-08	Google	0.025	DIA Mourns the Loss of Former Director Lieutenant General Patrick M. Hughes - dia.mil		https://news.google.com/rss/articles/CBMi4AFBVV95cUxOZWJlUk4xazdwbXNCUDJRZVowSkpiNnphT1J6Uk5SUmZxSjlGV01vQ2ctRTAzeWtFcnR3dkh2QTNMUkNxbVZVUnVLY29GcTBSS1V6eEU3dUhUa0tiQkZ4Z2N0R0hGMzNPckJONUdOdDJ2TVdqZGR3bkpoM21RU2hKZ01YVkRXa1RCOWt1ZkpSMEI0ZnZvdkEyUV9iWUpCZHloY05nc0hMQ3RIMThfd0pPZmhRYVlKVkt2QVhha2FPVWs3SThXdnM1eVdGYW9Uc2xUNE9MU245UC1SZmU4QlM1cQ?oc=5
2025-07-25	Google	0.0	Dia de los Muertos - Latino Cultural Center - Purdue University		https://news.google.com/rss/articles/CBMiZ0FVX3lxTE4wOXpLV3JlWmkySzM4eEFkbjFNNkNtT1IwdnoySUZtYXF4YWtrUkZBZkhPRjFOX1lhOWpoTWQ2REJhUmlfY0x2a2hPVTZUbGRjbXcyMmV5b3AzVHFnR1dRM1hMNV9LY2c?oc=5
2025-07-17	Google	0.0	Dia Signs with Men’s Soccer - Siena University Athletics		https://news.google.com/rss/articles/CBMiigFBVV95cUxPbkY3b3k2WEJrOUJBSy1vaktQRGQ2MnVUT0lWWlpRb2o0UTBJZE1jblE3MlVCNGMzMTJrVUtFdGNTeVYyS19yVnZMT21rUDJxSzM1X0xoN2x6UHFvNTYtSmstMHRJQUMtOUNXUGh1RWtjU2MyV0F4eHcwTGZDOW9xRGtMTVJuclRNVHc?oc=5
2025-07-08	Google	0.0	Dedicated Internet Access (DIA) - Lumen Technologies		https://news.google.com/rss/articles/CBMidkFVX3lxTFBIeGpQY1VGdFBPY2FldFplaVgybnM2dWtjS0FWaWRsaHdSWVM4Nm1MdGt5ZXhQaVMzeGpualNCYzZFb09hVUF0V1VaN0xNVjlhUXhSaTNGWVEyUU9DZFEyWHBKS25iUlM4RlBQNzQ1aVdYMUhDaFE?oc=5
2025-07-01	Google	0.0	Experience Día de Los Muertos in Oaxaca | Chase Travel - Chase Bank		https://news.google.com/rss/articles/CBMigAFBVV95cUxOWW11VGh5LXlxcUh2MDJHblVmWFdHR2daSEhtczlja25PNlJMSjczQkhRQnV0MEdRMzg1TlVid0hkLVNvTW9XMWszbkFrZWJheWFPWlYyTTJkX0J3Q1dtU0l4WjZjWlR5UEE0TTJwU1hHeTRVSUJ6RmpzMk1qUzBkRA?oc=5
2025-06-11	Google	0.0	The Browser Company launches its AI-first browser, Dia, in beta - TechCrunch		https://news.google.com/rss/articles/CBMinAFBVV95cUxQNnJaTE9OWXBFYWJnTlV4aWgxeGc5NnoyZERkMEphYmpQZlBXeDUycFVPRzNjZHFWZEoySXZTTW1IWWZTdEVsRjNKd1llcndUY1pINGJBTFljaktqQ3VfVkJIV2ZIV3E3a2FHUS03UnB1Q09qd1NkVldMckZjbGlOOHJNZjJfYmY3dXBPczJfUHNZSE9ybUMtNVJtNXo?oc=5
2025-05-30	Google	0.0	A robust multiplex-DIA workflow profiles protein turnover regulations associated with cisplatin resistance and aneuploidy - Nature		https://news.google.com/rss/articles/CBMiX0FVX3lxTE1GOTNkZTNuem51cEJWd3NHZ1l4c2RnTW4teU9teVN0N3J1TGlnbWJKckcyOGNmZXBxWEhCVm1OcERVb0dTZHlYSm11N04wTEJvUGtuM2hGSVdfSGZ4Y0hV?oc=5
2025-05-23	Google	0.0	Jayme Dia discusses concerns with Tony Dia - WTVG		https://news.google.com/rss/articles/CBMiigFBVV95cUxOV25hTWNaOVNWTmRrWWZoTWl4S1hXZTE2R2tLejUwejhsWDdvMXIzX0F0QkJOM0lXMGdwS0NlM0JQdlNicE16N2xZVjdlaGh0Y0R6cFNlZmU4UXFSaDhfbU1USDNyT3h0LTNQX1BqOTlRX1dmcWtiUmpGSExPaXl5M0FDV01FemU2TXc?oc=5
2025-05-13	Google	0.3	DIA releases ‘Golden Dome’ missile threat assessment > Defense Intelligence Agency > Press Release - dia.mil		https://news.google.com/rss/articles/CBMirwFBVV95cUxOdy16bUZFTF9BTjZKQTU2TWphblkweXJmMFJfVVp6M0VteVJsczh2RGkwYzhLWGRyU1RjLTZfN3NHNmJSQ18yYy1ZMVRmQkdwX2lDQ1ZUNTFRZzdzZnNsUFFfMWMwVUU5Q2lPSk54RWgwdEJXRmo3X1lfanJjTjlqUFVFMExBOFFKTXpra2hEVjJoY3pFZXlqVzYwQXVZU0RwR1pHWGlpdTNhdHptNVJJ?oc=5
2025-04-27	Google	0.0	Día del Niño Celebration - Denver Art Museum		https://news.google.com/rss/articles/CBMibkFVX3lxTE96cEJNSnpKRUY3OUlCRjF4Qm9pV2M2X1BsQUEtaWVJTlVzWnI1WmcySlVmZ1l4ZUI5WkpHWDRKalRVQ3RRMTlEcm1oZDBWLTVubGVkUkI1LVhaR2hKYmdCWjJuNF82eE8teUh0eEJB?oc=5
