Date	Open	High	Low	Close	Volume
2018-01-02	143.16	143.22	140.91	111.55	1880600
2018-01-03	141.05	142.5	140.86	111.99	1770500
2018-01-04	141.44	141.96	139.58	110.35	1729600
2018-01-05	140.23	140.7	139.59	111.06	2119400
2018-01-08	140.66	143.24	140.66	112.25	1882100
2018-01-09	142.1	142.25	140.86	111.49	1581600
2018-01-10	140.41	140.6	136.03	108.77	3330500
2018-01-11	138.0	138.01	134.51	106.68	3244000
2018-01-12	135.39	135.5	132.54	105.13	3197300
2018-01-16	133.24	138.0	133.24	107.2	3193900
2018-01-17	136.12	137.16	135.55	108.0	1999700
2018-01-18	136.58	136.67	134.72	106.86	3416400
2018-01-19	135.9	137.68	134.75	108.78	3284700
2018-01-22	137.69	139.24	137.41	110.06	1826700
2018-01-23	139.51	141.44	139.2	111.61	2923400
2018-01-24	141.1	142.68	141.01	112.05	3061500
2018-01-25	142.46	143.06	141.5	113.0	2409500
2018-01-26	143.14	145.14	142.84	114.71	2107900
2018-01-29	144.9	145.99	143.68	114.08	3901700
2018-01-30	143.88	145.66	142.84	114.73	2440000
2018-01-31	145.41	148.84	145.24	116.75	3184700
2018-02-01	148.02	149.36	146.54	116.24	2351000
2018-02-02	146.44	146.74	144.23	114.78	2474600
2018-02-05	144.14	146.29	141.77	112.27	3000900
2018-02-06	140.28	142.17	137.63	110.79	3817000
2018-02-07	139.85	142.33	139.24	110.66	2245900
2018-02-08	139.88	140.93	133.46	105.58	3890100
2018-02-09	134.35	136.93	130.37	107.54	3977300
2018-02-12	136.99	137.23	133.83	107.68	3821000
2018-02-13	136.03	136.92	134.86	107.74	3710300
2018-02-14	135.03	135.9	132.62	107.09	4829300
2018-02-15	135.56	136.93	133.04	107.67	3223300
2018-02-16	135.86	141.05	135.8	110.67	3024700
2018-02-20	139.16	140.7	138.67	110.06	2220500
2018-02-21	139.43	140.25	137.34	108.64	2811400
2018-02-22	137.96	140.48	137.23	109.85	3075900
2018-02-23	139.6	141.87	138.87	112.14	1925000
2018-02-26	142.14	142.95	142.08	112.82	2214100
2018-02-27	142.72	142.99	135.81	111.21	4572500
2018-02-28	141.31	141.62	139.31	110.13	4015600
2018-03-01	139.0	139.62	134.91	107.0	3178000
2018-03-02	134.63	134.75	132.02	105.92	3224600
2018-03-05	133.27	137.24	133.27	108.14	2486100
2018-03-06	136.73	140.43	136.21	109.77	3144500
2018-03-07	137.99	140.84	137.63	110.66	2750000
2018-03-08	140.51	142.87	140.11	112.82	3025500
2018-03-09	142.67	144.32	142.53	113.49	2172300
2018-03-12	143.31	145.7	143.31	114.67	2443000
2018-03-13	145.32	150.12	145.32	115.6	2159100
2018-03-14	146.5	147.32	145.59	115.76	2467400
2018-03-15	146.98	147.43	145.91	115.92	2142800
2018-03-16	146.37	147.2	145.37	115.84	4063100
2018-03-19	146.26	146.62	144.02	114.71	2581700
2018-03-20	145.38	147.68	145.38	115.65	2491100
2018-03-21	146.81	146.81	142.18	112.5	2422300
2018-03-22	141.87	145.19	141.28	113.04	2454100
2018-03-23	142.98	144.84	141.91	112.45	2228600
2018-03-26	144.23	145.51	142.61	114.78	2172600
2018-03-27	145.14	147.15	142.97	114.18	3043200
2018-03-28	144.31	146.21	144.06	114.06	2423100
2018-03-29	144.8	145.82	143.61	114.88	2978300
2018-04-02	145.73	146.99	142.79	113.69	2705400
2018-04-03	144.09	144.87	140.39	111.78	3442400
2018-04-04	140.98	143.55	140.24	113.07	1956500
2018-04-05	143.0	145.61	142.85	113.88	2013400
2018-04-06	143.51	144.4	141.47	112.37	1527400
2018-04-09	142.36	145.01	142.36	113.18	1829700
2018-04-10	143.5	144.18	135.14	109.18	6140200
2018-04-11	136.36	141.7	136.34	111.18	2807600
2018-04-12	140.8	140.8	137.6	109.95	2805000
2018-04-13	138.9	140.42	138.12	110.37	1460400
2018-04-16	139.79	140.04	137.95	110.07	2073200
2018-04-17	139.27	142.07	138.32	112.05	2734500
2018-04-18	140.81	141.15	139.67	111.09	1773400
2018-04-19	139.17	139.61	136.68	109.19	2553000
2018-04-20	136.97	138.9	136.24	108.56	2659300
2018-04-23	137.3	138.4	136.78	109.81	1911300
2018-04-24	138.72	139.16	136.16	108.83	2430000
2018-04-25	136.15	136.95	135.36	107.85	1511900
2018-04-26	136.32	137.71	135.91	108.73	1794500
2018-04-27	134.75	135.81	133.53	107.46	2311000
2018-04-30	134.95	137.74	134.51	108.35	2548600
2018-05-01	137.07	138.66	133.85	107.35	3249700
2018-05-02	134.39	137.73	134.39	108.44	2362800
2018-05-03	135.78	137.96	135.04	109.32	1858600
2018-05-04	137.19	139.7	137.19	110.33	1729800
2018-05-07	138.75	139.79	137.32	109.76	1532400
2018-05-08	137.77	138.03	135.85	108.87	3069700
2018-05-09	137.16	138.22	136.2	109.61	1661400
2018-05-10	138.89	141.01	138.38	111.15	1801900
2018-05-11	140.0	140.43	138.4	110.34	1197800
2018-05-14	138.8	139.43	137.48	109.88	1142800
2018-05-15	137.32	137.88	135.27	108.62	2607800
2018-05-16	136.85	137.34	135.89	108.44	1839900
2018-05-17	137.0	137.43	136.03	108.74	1820400
2018-05-18	136.72	138.66	135.99	108.9	3562500
2018-05-21	137.64	137.72	136.24	109.16	1266900
2018-05-22	137.6	137.6	135.87	108.98	2169100
2018-05-23	137.17	137.53	136.2	108.72	1772500
2018-05-24	136.94	137.54	135.06	107.67	1729800
2018-05-25	135.72	137.69	135.64	108.33	1484600
2018-05-29	135.7	136.75	134.87	108.04	2295400
2018-05-30	135.94	138.29	135.62	109.52	1848100
2018-05-31	137.25	138.57	135.98	109.95	4514500
2018-06-01	138.2	138.81	136.85	110.07	1623700
2018-06-04	139.49	140.25	138.79	111.29	1246400
2018-06-05	140.06	140.42	137.75	110.38	2565200
2018-06-06	139.37	139.52	137.58	110.48	1347000
2018-06-07	139.07	139.35	137.59	109.8	1493000
2018-06-08	138.58	139.25	137.82	110.11	3537400
2018-06-11	138.5	140.64	138.08	110.96	1475100
2018-06-12	138.58	141.25	138.0	112.15	2940900
2018-06-13	140.66	140.66	136.03	108.43	2270400
2018-06-14	136.79	138.93	136.5	109.93	2103500
2018-06-15	138.7	140.2	138.25	110.1	3087800
2018-06-18	137.33	138.34	136.74	110.45	1497800
2018-06-19	137.61	140.3	137.48	111.13	2741700
2018-06-20	138.97	141.0	138.45	112.29	2178400
2018-06-21	140.65	141.82	140.34	113.21	1940800
2018-06-22	142.38	143.34	140.89	114.12	2543700
2018-06-25	142.56	143.06	141.33	113.58	2174200
2018-06-26	142.48	143.44	141.96	114.4	3052500
2018-06-27	143.32	144.19	142.92	114.54	2147700
2018-06-28	143.35	144.41	142.58	115.27	2110300
2018-06-29	143.43	145.0	142.65	115.2	1995800
2018-07-02	144.33	144.73	142.71	115.59	1559500
2018-07-03	144.69	145.04	142.76	114.28	1669600
2018-07-05	143.77	145.71	143.39	116.39	1512400
2018-07-06	145.54	146.33	144.91	116.51	1376600
2018-07-09	144.83	145.02	141.72	113.6	2334400
2018-07-10	141.5	144.04	139.17	114.69	3775300
2018-07-11	142.98	144.39	142.7	114.59	1250400
2018-07-12	143.57	144.75	143.07	114.87	1504600
2018-07-13	143.77	144.62	142.93	114.44	953700
2018-07-16	142.3	142.95	141.21	113.27	1644500
2018-07-17	141.8	142.26	140.91	113.6	2995100
2018-07-18	142.17	142.47	140.65	112.97	2046400
2018-07-19	140.98	142.55	140.76	113.2	1505900
2018-07-20	141.32	142.02	140.12	112.17	1786500
2018-07-23	140.78	140.97	139.42	112.53	1457900
2018-07-24	140.44	141.68	138.51	113.12	3230400
2018-07-25	141.24	143.35	141.12	114.21	1572200
2018-07-26	143.17	144.84	142.83	115.47	1619000
2018-07-27	145.04	145.14	143.98	115.36	1424800
2018-07-30	144.03	144.55	141.94	114.04	1963200
2018-07-31	146.86	150.82	145.6	118.45	3924400
2018-08-01	147.67	150.49	147.25	119.99	2766300
2018-08-02	149.79	150.36	148.14	118.42	1877100
2018-08-03	148.58	151.19	148.0	120.64	1673000
2018-08-06	151.3	151.63	149.73	120.58	1272700
2018-08-07	150.87	150.87	148.69	119.88	1418100
2018-08-08	150.27	150.27	148.68	119.31	1060300
2018-08-09	149.53	150.7	149.12	120.31	1231700
2018-08-10	150.16	151.39	149.08	119.2	1260000
2018-08-13	149.0	149.83	148.59	119.06	957900
2018-08-14	149.16	149.87	148.58	119.14	1433500
2018-08-15	149.09	149.86	148.41	119.49	1413900
2018-08-16	149.97	150.56	149.52	119.63	1154200
2018-08-17	149.89	151.21	149.71	120.79	1542000
2018-08-20	151.62	151.92	150.52	120.48	1496300
2018-08-21	150.61	150.82	148.94	119.28	1520000
2018-08-22	149.27	149.69	147.5	118.34	1134400
2018-08-23	148.43	148.72	147.19	117.76	1206600
2018-08-24	147.38	148.53	147.38	118.3	1339900
2018-08-27	148.56	149.05	147.75	118.55	1072800
2018-08-28	148.05	150.11	147.89	119.93	1192400
2018-08-29	150.29	151.26	150.17	120.21	1309000
2018-08-30	150.63	150.88	148.6	119.01	1034100
2018-08-31	149.13	150.17	148.74	119.15	965400
2018-09-04	148.73	149.06	147.56	118.38	1171000
2018-09-05	148.03	148.11	146.54	117.94	1667200
2018-09-06	147.8	148.41	147.3	118.33	1304000
2018-09-07	147.57	148.2	146.36	117.1	1510900
2018-09-10	147.25	148.36	147.07	117.72	1312300
2018-09-11	147.19	147.53	146.53	117.46	1194900
2018-09-12	147.27	147.45	146.44	117.7	1359900
2018-09-13	148.0	149.41	147.75	118.83	1676600
2018-09-14	148.53	148.64	146.71	117.61	1182700
2018-09-17	147.08	148.4	146.38	118.06	1507800
2018-09-18	147.12	148.49	146.93	117.78	1108300
2018-09-19	147.59	148.25	147.33	117.92	1247500
2018-09-20	147.61	148.86	146.86	118.84	1021400
2018-09-21	148.51	149.6	148.32	118.65	2793300
2018-09-24	148.0	148.08	145.91	116.96	1258000
2018-09-25	146.29	146.64	145.48	116.42	1127500
2018-09-26	145.51	145.93	143.69	115.02	1378400
2018-09-27	143.71	144.61	143.3	115.2	1530500
2018-09-28	143.35	145.43	143.35	116.74	1523400
2018-10-01	146.09	146.09	143.96	115.72	971200
2018-10-02	144.04	144.6	143.11	115.8	1043400
2018-10-03	144.15	145.75	142.75	115.62	1910000
2018-10-04	143.73	144.81	142.36	116.05	1507900
2018-10-05	144.81	146.3	144.32	116.3	1625900
2018-10-08	145.05	146.92	145.0	117.13	1760800
2018-10-09	146.04	147.89	145.37	118.63	1782200
2018-10-10	146.58	147.75	145.5	116.9	3517100
2018-10-11	145.85	146.25	140.4	113.03	2484300
2018-10-12	142.09	143.78	140.82	114.13	2219700
2018-10-15	141.78	144.25	141.51	114.67	1289600
2018-10-16	143.15	146.36	142.69	117.05	1303100
2018-10-17	145.23	147.13	144.43	117.85	1737000
2018-10-18	146.49	148.15	145.77	117.94	1515800
2018-10-19	147.14	150.95	146.9	120.64	2450700
2018-10-22	150.1	150.68	148.96	119.91	1996800
2018-10-23	149.1	151.28	148.43	121.2	2179100
2018-10-24	150.62	152.87	149.75	122.1	3056300
2018-10-25	151.9	153.94	150.42	123.33	2628100
2018-10-26	152.46	152.77	148.74	120.2	3639000
2018-10-29	150.69	153.67	150.32	122.78	3072700
2018-10-30	154.0	161.71	150.14	129.31	5553600
2018-10-31	160.0	160.86	155.25	125.18	3841200
2018-11-01	156.54	157.5	152.85	122.94	3963600
2018-11-02	152.82	153.0	149.24	122.17	3978700
2018-11-05	152.9	155.85	152.47	125.09	2301400
2018-11-06	155.8	156.5	154.78	125.46	1285000
2018-11-07	157.53	157.78	156.05	126.1	1803400
2018-11-08	156.96	159.4	156.68	128.03	1707900
2018-11-09	159.29	160.3	159.19	128.66	2279800
2018-11-12	160.1	161.96	160.1	129.38	2059600
2018-11-13	161.35	161.76	159.76	129.6	1496800
2018-11-14	161.92	163.58	160.68	131.29	1940900
2018-11-15	162.75	162.85	160.65	130.26	1987800
2018-11-16	161.89	164.24	161.63	131.75	1987400
2018-11-19	164.5	166.36	163.88	133.55	2171500
2018-11-20	165.16	167.09	160.55	129.06	3449900
2018-11-21	160.58	161.42	159.03	128.8	2009700
2018-11-23	159.76	161.18	158.87	128.86	746900
2018-11-26	160.99	161.77	159.25	129.83	1447200
2018-11-27	161.41	162.16	159.98	130.22	1390200
2018-11-28	161.23	162.89	160.99	130.16	2332200
2018-11-29	162.0	163.98	161.12	130.73	2063300
2018-11-30	163.22	164.66	161.88	132.16	2741400
2018-12-03	165.02	165.15	161.51	131.02	2651600
2018-12-04	163.27	165.45	163.04	131.35	2468800
2018-12-06	162.81	167.85	161.13	134.68	2809300
2018-12-07	167.37	168.58	165.84	133.72	3357400
2018-12-10	165.96	166.9	162.75	133.52	1908700
2018-12-11	166.73	167.32	165.5	133.88	2033000
2018-12-12	167.49	167.55	164.14	132.29	2675000
2018-12-13	165.14	167.64	164.43	134.01	2153800
2018-12-14	166.52	167.0	165.02	133.85	2193400
2018-12-17	166.95	167.16	160.37	129.3	2743400
2018-12-18	161.85	163.46	161.18	130.4	2475300
2018-12-19	162.48	164.69	161.78	130.59	1912300
2018-12-20	162.35	163.97	160.5	129.79	2570400
2018-12-21	161.54	164.6	157.62	126.94	4385700
2018-12-24	157.31	157.52	152.63	123.39	1968500
2018-12-26	153.4	157.53	150.67	127.26	1981500
2018-12-27	156.73	158.75	153.3	128.13	1641700
2018-12-28	159.73	161.61	157.75	128.31	1740000
2018-12-31	159.67	159.76	156.14	127.79	2044600
2019-01-02	157.11	157.11	153.93	126.62	2030600
2019-01-03	156.61	160.04	156.43	127.38	2467400
2019-01-04	158.11	160.07	157.69	127.89	2530000
2019-01-07	158.48	160.62	158.02	128.68	1708000
2019-01-08	159.78	161.13	158.58	130.14	2502700
2019-01-09	161.88	161.91	158.35	129.0	1797300
2019-01-10	159.47	161.99	158.62	130.76	1986600
2019-01-11	161.05	162.26	159.9	130.39	1878800
2019-01-14	161.04	162.56	160.85	130.39	1435400
2019-01-15	161.23	163.32	160.63	131.72	1597100
2019-01-16	163.45	164.31	162.83	132.31	1495200
2019-01-17	163.78	164.93	163.06	132.79	1322800
2019-01-18	165.25	165.25	163.38	133.03	1763000
2019-01-22	164.52	165.41	163.17	133.04	1503900
2019-01-23	164.51	165.8	164.34	133.93	1700200
2019-01-24	164.81	165.84	164.11	133.82	1275900
2019-01-25	166.5	168.13	165.79	135.24	1482100
2019-01-28	166.94	168.05	165.67	135.76	1180500
2019-01-29	167.68	169.52	167.55	136.88	1849700
2019-01-30	169.13	171.5	169.01	137.71	2159500
2019-01-31	169.79	173.95	169.25	139.63	4046100
2019-02-01	173.15	173.15	169.54	137.68	3446200
2019-02-04	170.2	170.95	168.88	138.09	2846800
2019-02-05	170.83	172.54	169.57	139.3	1671100
2019-02-06	171.32	172.36	170.1	137.55	1422900
2019-02-07	170.33	172.4	169.83	138.96	1113600
2019-02-08	171.91	172.99	171.05	139.3	1294600
2019-02-11	172.86	173.66	172.15	139.75	1211000
2019-02-12	173.08	173.75	172.07	139.43	1471600
2019-02-13	172.43	173.84	172.09	140.32	1195900
2019-02-14	173.61	176.07	173.07	142.01	1832500
2019-02-15	177.28	178.15	175.98	143.65	2744400
2019-02-19	177.97	178.32	176.72	143.47	1961700
2019-02-20	177.33	177.33	175.53	142.74	1612000
2019-02-21	176.32	176.75	174.58	142.59	1407600
2019-02-22	177.15	177.45	175.19	142.69	1312600
2019-02-25	177.24	177.53	174.07	140.75	1946500
2019-02-26	174.84	175.32	173.42	140.58	1853700
2019-02-27	174.3	176.77	171.71	139.92	1632200
2019-02-28	172.52	178.69	172.39	142.3	2888500
2019-03-01	176.2	178.19	174.27	143.73	2048000
2019-03-04	179.0	179.76	176.84	145.16	1678000
2019-03-05	179.43	181.91	179.43	146.27	1991500
2019-03-06	181.07	182.29	180.88	146.75	1226000
2019-03-07	182.01	182.97	180.81	146.83	1375900
2019-03-08	181.0	182.73	180.44	146.71	1276000
2019-03-11	182.31	185.3	182.05	149.58	1586700
2019-03-12	185.53	186.78	185.09	150.06	1618300
2019-03-13	185.7	187.55	185.7	151.25	1512600
2019-03-14	186.68	188.04	185.77	151.85	1183800
2019-03-15	188.0	189.0	187.62	152.66	2541700
2019-03-18	189.11	189.48	187.5	152.59	1556200
2019-03-19	189.42	190.22	188.51	153.42	1848200
2019-03-20	190.28	192.16	188.92	154.74	1537900
2019-03-21	191.16	194.75	190.8	157.3	1761300
2019-03-22	194.24	196.79	193.21	156.44	2050300
2019-03-25	194.1	196.31	193.53	158.09	2157600
2019-03-26	196.65	196.67	193.96	157.57	1948100
2019-03-27	195.05	196.04	192.62	156.8	2250600
2019-03-28	194.0	194.99	193.2	157.47	2455300
2019-03-29	195.46	197.33	194.66	159.19	3017700
2019-04-01	197.54	198.19	192.16	155.52	4105700
2019-04-02	193.0	195.8	192.11	157.63	2762400
2019-04-03	195.06	195.92	192.49	156.96	2230300
2019-04-04	194.94	195.06	192.65	155.96	1684000
2019-04-05	193.26	195.98	192.31	158.14	1656500
2019-04-08	195.07	196.47	194.19	158.52	2166500
2019-04-09	196.14	197.13	195.95	158.92	1708200
2019-04-10	196.46	197.27	196.0	159.57	1304500
2019-04-11	197.12	197.19	195.44	159.59	1027100
2019-04-12	196.64	198.06	194.8	160.66	1412300
2019-04-15	196.7	197.83	194.52	159.14	1765500
2019-04-16	196.17	196.17	191.05	155.98	2108300
2019-04-17	194.09	194.09	189.42	155.15	2105100
2019-04-18	190.93	193.6	190.05	156.56	1325400
2019-04-22	192.56	192.9	190.94	156.08	942500
2019-04-23	193.59	194.39	192.51	156.96	1457700
2019-04-24	193.99	194.5	192.48	156.82	1324500
2019-04-25	192.43	193.31	190.81	156.06	993100
2019-04-26	192.46	193.35	191.64	156.8	870000
2019-04-29	192.9	193.92	191.96	156.18	901400
2019-04-30	192.81	195.51	191.12	158.5	1476200
2019-05-01	194.95	195.05	192.14	156.56	1384700
2019-05-02	193.28	193.73	192.14	156.47	1412700
2019-05-03	193.34	194.53	192.27	156.59	1059100
2019-05-06	192.43	193.54	190.47	155.97	1548700
2019-05-07	191.97	192.31	188.53	154.08	1510000
2019-05-08	190.17	193.51	190.17	155.53	1339000
2019-05-09	191.71	192.92	190.09	156.24	1240400
2019-05-10	192.51	196.23	192.33	158.79	1283100
2019-05-13	194.52	197.4	194.08	159.78	1790600
2019-05-14	197.2	200.38	196.7	160.75	1788000
2019-05-15	198.2	201.2	197.02	162.69	1285400
2019-05-16	201.81	203.38	200.2	163.95	1507400
2019-05-17	200.89	202.74	200.53	164.28	1421400
2019-05-20	199.79	200.96	197.39	160.89	2764800
2019-05-21	199.48	200.02	197.99	160.83	1338100
2019-05-22	198.56	201.24	198.22	162.86	998000
2019-05-23	200.17	203.85	200.17	164.68	1436800
2019-05-24	204.14	205.31	202.93	164.75	1412600
2019-05-28	204.15	204.75	202.48	164.38	1936300
2019-05-29	202.64	203.43	200.23	163.23	1448500
2019-05-30	201.34	205.02	200.53	166.12	1568600
2019-05-31	204.69	210.25	204.22	169.43	2706200
2019-06-03	208.86	209.79	206.5	169.85	1730800
2019-06-04	209.24	209.54	206.41	168.81	2351500
2019-06-05	209.61	212.96	208.71	172.68	2193300
2019-06-06	212.86	213.71	211.5	172.62	1237800
2019-06-07	213.55	214.52	212.03	172.42	1132200
2019-06-10	213.0	213.54	209.03	170.31	1976600
2019-06-11	209.84	210.47	207.47	169.59	1715600
2019-06-12	209.53	212.36	209.52	171.65	2974400
2019-06-13	212.1	212.65	208.53	169.62	2586500
2019-06-14	209.0	211.95	208.18	171.43	1568100
2019-06-17	211.72	214.69	211.3	173.75	1780900
2019-06-18	214.3	215.96	213.33	174.74	1696600
2019-06-19	213.51	217.04	213.19	176.19	1421300
2019-06-20	216.16	218.79	215.9	177.29	1839900
2019-06-21	217.46	217.93	214.24	175.39	2420400
2019-06-24	215.81	216.0	213.97	174.87	1064000
2019-06-25	215.04	215.41	210.69	171.82	1542400
2019-06-26	210.86	210.86	205.23	167.74	2434100
2019-06-27	206.93	208.2	205.55	167.78	2044600
2019-06-28	206.06	206.88	203.62	166.64	2965500
2019-07-01	205.0	205.5	199.48	164.89	3039800
2019-07-02	202.92	206.23	202.68	167.6	3224300
2019-07-03	206.41	211.89	206.4	171.3	1408700
2019-07-05	209.0	210.27	206.21	170.38	1735500
2019-07-08	208.89	210.4	208.31	170.31	1227600
2019-07-09	209.47	211.64	208.81	172.23	1483200
2019-07-10	211.88	212.43	210.04	172.41	1858600
2019-07-11	211.64	211.64	208.09	170.56	1398200
2019-07-12	209.52	209.52	207.42	170.33	1263300
2019-07-15	210.33	211.35	208.98	171.73	1640300
2019-07-16	211.18	211.59	209.02	170.6	1430600
2019-07-17	210.07	211.54	207.82	170.14	1395000
2019-07-18	208.65	209.41	205.01	170.07	1279400
2019-07-19	209.15	209.43	205.29	167.54	1847200
2019-07-22	205.95	207.16	204.68	168.47	1259200
2019-07-23	206.52	207.74	205.48	168.56	1165300
2019-07-24	206.82	207.29	204.58	166.92	1932400
2019-07-25	207.03	207.03	203.83	167.43	1058800
2019-07-26	205.5	206.08	203.65	166.75	1336800
2019-07-29	204.67	207.0	204.15	167.55	1875400
2019-07-30	206.54	209.0	205.59	170.06	2080100
2019-07-31	209.62	213.68	209.35	172.48	2845100
2019-08-01	210.11	213.86	208.5	172.31	1691400
2019-08-02	211.74	216.7	210.92	175.62	1802200
2019-08-05	214.63	216.2	211.32	174.34	2268700
2019-08-06	214.04	217.03	213.14	176.83	1988200
2019-08-07	216.03	219.01	211.54	177.22	1827800
2019-08-08	217.54	221.37	216.0	180.15	1389700
2019-08-09	221.62	224.71	219.48	181.13	1251300
2019-08-12	222.01	222.97	220.43	181.12	883800
2019-08-13	222.68	223.59	219.37	180.21	2468800
2019-08-14	221.07	221.62	218.46	178.4	2092700
2019-08-15	219.25	224.57	218.85	182.74	1773200
2019-08-16	225.1	225.43	221.93	181.7	1681900
2019-08-19	224.04	225.69	222.83	183.54	1415900
2019-08-20	225.51	227.39	223.53	183.85	1620700
2019-08-21	225.55	227.48	224.79	185.33	1279500
2019-08-22	227.78	228.78	224.99	186.25	1073000
2019-08-23	228.94	231.64	225.57	184.67	1497100
2019-08-26	227.57	230.15	226.11	187.52	968500
2019-08-27	230.78	231.77	229.03	187.29	1584000
2019-08-28	229.55	231.53	228.58	187.58	1143700
2019-08-29	231.0	231.5	229.13	187.8	986200
2019-08-30	231.49	231.67	229.07	187.62	1426200
2019-09-03	230.6	237.9	230.19	193.86	1843100
2019-09-04	238.23	242.0	237.97	196.49	1796100
2019-09-05	242.0	242.0	234.59	192.15	2059100
2019-09-06	235.95	236.56	231.66	189.58	2307600
2019-09-09	232.78	233.18	223.74	182.57	2994000
2019-09-10	222.83	222.99	213.5	176.23	4266100
2019-09-11	215.95	217.87	212.5	173.36	3019700
2019-09-12	216.02	219.35	214.67	178.38	2334500
2019-09-13	218.29	219.25	213.92	175.54	1908800
2019-09-16	215.52	217.5	215.03	176.68	1422100
2019-09-17	218.4	221.4	217.52	180.37	1853300
2019-09-18	221.95	222.6	218.47	180.63	1318300
2019-09-19	220.54	229.36	220.0	185.08	2281100
2019-09-20	228.25	228.48	224.73	183.85	2787400
2019-09-23	225.84	226.51	224.95	183.7	1267000
2019-09-24	226.1	227.27	223.1	183.52	1728600
2019-09-25	225.46	225.62	220.86	180.98	1709400
2019-09-26	221.64	224.07	221.55	182.54	1350400
2019-09-27	223.09	223.09	216.86	179.25	1832400
2019-09-30	219.32	221.78	218.87	181.01	1703000
2019-10-01	220.7	222.87	218.22	180.81	1545400
2019-10-02	220.75	222.0	218.5	180.08	1270100
2019-10-03	220.42	225.52	220.27	183.28	1604700
2019-10-04	223.97	227.4	223.66	184.94	1621900
2019-10-07	225.19	226.61	222.97	184.41	1005800
2019-10-08	225.22	228.12	223.64	185.08	1962200
2019-10-09	226.57	227.35	225.33	185.46	1038800
2019-10-10	226.15	227.68	224.11	185.23	1888900
2019-10-11	226.17	227.06	224.35	183.73	1352200
2019-10-14	224.99	226.6	224.51	184.7	766100
2019-10-15	225.74	226.46	221.84	183.53	993200
2019-10-16	223.55	223.55	220.55	181.7	1508400
2019-10-17	224.1	227.15	223.46	184.92	1197100
2019-10-18	225.95	229.6	225.85	187.53	1544400
2019-10-21	229.24	229.59	226.7	187.78	1272400
2019-10-22	229.16	231.21	226.43	185.6	1341000
2019-10-23	226.25	227.36	223.87	185.01	1151500
2019-10-24	226.0	226.73	223.35	182.93	1097900
2019-10-25	223.19	223.2	215.2	177.36	2409800
2019-10-28	218.78	219.0	210.03	172.51	3431400
2019-10-29	211.01	216.82	210.55	176.94	2044000
2019-10-30	216.18	217.41	214.6	177.83	1520700
2019-10-31	218.5	219.5	214.05	178.51	2021200
2019-11-01	219.15	219.76	212.35	176.42	2112200
2019-11-04	214.76	215.48	211.0	172.78	1640000
2019-11-05	210.65	210.73	202.91	168.63	3449700
2019-11-06	206.31	208.88	205.87	170.25	2206100
2019-11-07	206.71	207.2	203.53	168.37	2117400
2019-11-08	204.89	208.56	204.26	168.52	1819400
2019-11-11	205.7	208.59	205.58	169.73	1347200
2019-11-12	207.44	208.77	206.35	169.24	1475400
2019-11-13	207.78	211.09	207.56	172.16	1664900
2019-11-14	210.4	211.91	210.0	173.37	1362800
2019-11-15	212.21	213.43	210.2	174.66	1546600
2019-11-18	212.98	215.67	212.98	175.44	1353700
2019-11-19	214.67	216.6	213.86	176.46	1526400
2019-11-20	215.72	219.33	215.64	178.37	1297800
2019-11-21	217.52	218.9	213.31	174.8	1361400
2019-11-22	213.49	214.09	209.79	171.99	1779800
2019-11-25	210.49	211.69	208.82	171.66	1441100
2019-11-26	209.59	215.02	209.59	175.82	1877600
2019-11-27	214.8	215.51	212.74	175.92	1117000
2019-11-29	214.91	215.8	213.68	175.2	654300
2019-12-02	214.15	214.64	209.46	171.55	1189400
2019-12-03	209.26	212.5	209.25	172.89	1520000
2019-12-04	210.11	213.71	210.02	174.65	1276400
2019-12-05	213.22	214.13	211.96	174.79	868200
2019-12-06	213.76	214.0	211.89	173.7	1206000
2019-12-09	212.06	213.99	211.83	174.07	938500
2019-12-10	213.35	214.08	209.2	171.9	1414800
2019-12-11	210.67	212.3	210.0	173.18	1441000
2019-12-12	211.65	211.86	208.61	171.65	1836000
2019-12-13	209.11	212.84	208.25	173.96	1988600
2019-12-16	213.0	216.8	212.52	176.48	1827300
2019-12-17	216.31	217.09	211.03	173.48	2439900
2019-12-18	212.8	218.91	212.43	178.41	2143300
2019-12-19	217.52	224.95	217.44	183.52	2958000
2019-12-20	226.8	228.28	224.5	186.42	3333100
2019-12-23	227.11	229.98	226.4	185.79	1096400
2019-12-24	227.14	228.04	226.26	185.88	491900
2019-12-26	226.69	227.87	225.57	187.36	1035300
2019-12-27	228.52	229.29	227.55	188.36	749400
2019-12-30	228.56	229.0	227.23	188.17	1259800
2019-12-31	228.97	229.86	227.49	188.96	1199100
2020-01-02	229.68	231.15	228.01	187.88	1426000
2020-01-03	227.56	229.83	227.0	187.97	1598900
2020-01-06	228.48	230.0	227.89	187.92	1526800
2020-01-07	227.13	227.57	221.62	183.92	1463800
2020-01-08	223.48	226.49	222.52	185.51	1433900
2020-01-09	225.5	227.14	225.36	186.21	1376700
2020-01-10	228.09	231.02	227.44	189.77	1578900
2020-01-13	231.25	235.42	231.15	193.56	1840600
2020-01-14	235.13	235.94	232.84	192.36	1217100
2020-01-15	234.5	236.74	234.5	193.54	1152100
2020-01-16	235.0	235.15	231.94	190.95	1782900
2020-01-17	232.89	234.41	232.59	191.92	2352900
2020-01-21	233.92	237.92	233.0	194.65	1827100
2020-01-22	237.91	238.17	234.26	193.35	1294000
2020-01-23	235.16	238.49	235.01	195.55	1485400
2020-01-24	238.0	239.99	236.72	195.29	1284800
2020-01-27	236.32	238.16	235.68	195.25	1197200
2020-01-28	237.11	237.67	236.33	195.02	1051800
2020-01-29	237.43	237.86	232.86	191.94	1434400
2020-01-30	232.42	235.26	231.31	193.39	1271400
2020-01-31	234.36	234.94	230.85	190.54	1700900
2020-02-03	232.98	235.04	232.11	192.46	1560200
2020-02-04	234.42	238.22	233.02	195.24	1105700
2020-02-05	237.5	237.98	235.2	194.36	1338700
2020-02-06	237.18	238.57	236.35	195.53	1257100
2020-02-07	238.44	239.52	237.81	196.31	1237500
2020-02-10	239.68	243.88	238.79	200.37	1576800
2020-02-11	246.55	258.62	246.55	209.07	3231900
2020-02-12	254.28	256.66	252.08	210.64	1625400
2020-02-13	255.62	257.43	254.43	211.23	1146600
2020-02-14	257.0	258.32	255.26	210.7	1600700
2020-02-18	255.3	255.6	252.68	207.97	1998500
2020-02-19	251.24	252.39	247.85	203.99	2618500
2020-02-20	247.98	248.53	244.72	203.53	2150300
2020-02-21	247.94	248.64	246.8	203.1	2570200
2020-02-24	244.82	248.77	243.61	201.54	2329800
2020-02-25	247.92	253.99	244.16	202.38	2268600
2020-02-26	246.14	248.36	240.0	199.53	2024600
2020-02-27	239.99	244.89	232.9	191.52	3168700
2020-02-28	226.7	228.71	218.03	186.48	5188100
2020-03-02	229.03	240.88	228.08	197.95	2718500
2020-03-03	240.75	246.84	238.84	199.51	3502600
2020-03-04	245.58	251.97	245.32	206.92	2350400
2020-03-05	248.55	250.89	243.53	203.04	1969400
2020-03-06	243.17	247.58	237.9	202.53	2693600
2020-03-09	231.43	239.61	225.0	190.64	3209200
2020-03-10	236.74	244.21	229.85	200.52	2658300
2020-03-11	237.37	239.19	228.68	191.5	3360600
2020-03-12	216.29	231.72	204.14	179.11	4734500
2020-03-13	225.53	241.56	220.02	196.5	4220300
2020-03-16	206.65	229.81	201.37	166.71	4093100
2020-03-17	210.17	234.9	203.63	187.08	4527100
2020-03-18	210.0	235.84	206.17	178.54	4210000
2020-03-19	217.57	219.78	201.52	171.85	3847800
2020-03-20	207.0	210.0	192.37	160.65	3940900
2020-03-23	196.0	196.27	174.32	147.25	3890100
2020-03-24	187.79	193.85	179.25	156.44	4221400
2020-03-25	188.9	208.54	186.03	163.84	3201500
2020-03-26	198.15	226.29	198.0	182.7	3413500
2020-03-27	216.19	222.04	211.73	179.64	3367100
2020-03-30	222.68	231.97	221.34	189.59	2581600
2020-03-31	228.46	230.0	215.92	179.04	4629900
2020-04-01	205.81	213.4	202.03	170.18	3772000
2020-04-02	207.0	221.09	205.59	181.51	3993100
2020-04-03	219.16	223.75	216.82	183.19	2858000
2020-04-06	228.02	236.22	227.0	193.37	3050300
2020-04-07	241.11	243.88	227.03	187.28	2226100
2020-04-08	229.64	249.65	228.0	204.94	3329400
2020-04-09	248.5	260.43	248.2	213.45	4331000
2020-04-13	256.7	257.35	246.76	206.22	1830900
2020-04-14	255.08	257.66	252.52	210.63	2011800
2020-04-15	252.93	252.98	243.21	204.34	1909700
2020-04-16	249.59	252.72	247.55	207.88	1640700
2020-04-17	256.56	257.77	248.08	209.77	2328100
2020-04-20	252.03	253.0	248.51	205.33	1281800
2020-04-21	245.21	245.87	239.1	199.81	1925500
2020-04-22	246.23	255.11	245.56	208.88	2041400
2020-04-23	252.19	254.81	248.14	205.26	1419200
2020-04-24	250.28	251.49	243.77	201.96	1775600
2020-04-27	247.0	252.29	245.24	206.6	1557500
2020-04-28	255.25	255.8	242.72	201.07	2091900
2020-04-29	251.02	251.02	235.67	195.52	3505800
2020-04-30	234.11	239.09	232.71	196.51	3410300
2020-05-01	233.24	235.9	232.59	193.37	1896800
2020-05-04	237.39	237.5	228.11	195.38	1642700
2020-05-05	237.68	243.55	237.68	198.37	1421200
2020-05-06	240.86	242.24	236.79	195.9	1441400
2020-05-07	239.18	239.67	235.03	194.24	2548900
2020-05-08	237.65	240.25	236.68	196.8	1879700
2020-05-11	236.08	242.93	234.48	196.7	2040700
2020-05-12	239.36	240.25	230.74	191.3	1852500
2020-05-13	231.26	237.08	229.39	190.85	2200600
2020-05-14	229.38	231.0	224.76	189.59	2112500
2020-05-15	228.35	229.97	223.83	189.56	2246800
2020-05-18	236.07	238.14	232.07	194.88	1792800
2020-05-19	235.08	236.85	229.66	189.88	1542800
2020-05-20	231.98	232.66	228.92	190.02	1346600
2020-05-21	229.39	230.48	227.12	188.38	1263200
2020-05-22	228.54	242.6	227.41	200.16	2812700
2020-05-26	248.59	248.68	240.14	201.4	2833600
2020-05-27	245.61	252.94	241.83	208.07	2311000
2020-05-28	255.62	259.47	253.52	213.12	2190900
2020-05-29	257.16	258.97	254.09	213.16	2138600
2020-06-01	258.03	266.78	255.52	218.23	2035000
2020-06-02	264.51	265.59	259.74	217.64	1809800
2020-06-03	264.93	269.25	263.6	220.77	1802200
2020-06-04	264.09	266.91	256.51	214.44	1997600
2020-06-05	263.73	265.91	260.58	218.71	2336800
2020-06-08	265.0	269.12	264.3	220.35	2095800
2020-06-09	266.7	267.08	264.35	219.43	2691000
2020-06-10	266.51	269.03	263.23	219.08	1603500
2020-06-11	262.82	263.59	251.07	207.66	2548900
2020-06-12	256.72	259.0	253.96	213.09	1436500
2020-06-15	252.11	263.08	252.0	216.73	1532400
2020-06-16	268.58	268.8	261.0	218.62	1837500
2020-06-17	267.15	268.4	263.78	217.95	1380100
2020-06-18	260.51	262.03	256.54	213.58	1776100
2020-06-19	261.51	265.87	256.42	220.21	6193100
2020-06-22	264.16	266.84	261.12	219.38	2034300
2020-06-23	266.13	266.82	262.01	219.3	1941400
2020-06-24	262.25	263.18	250.27	210.74	3475300
2020-06-25	254.28	255.94	250.58	210.89	2648700
2020-06-26	254.07	258.09	244.02	204.36	3268800
2020-06-29	250.04	254.46	247.5	210.43	1638200
2020-06-30	254.25	259.12	253.12	214.36	1980300
2020-07-01	259.32	266.71	258.15	220.04	1207200
2020-07-02	268.05	268.63	262.53	219.06	1175700
2020-07-06	268.0	268.95	264.57	220.52	1504600
2020-07-07	264.02	269.73	262.59	220.52	1289800
2020-07-08	266.83	269.37	261.53	219.47	1389000
2020-07-09	262.98	266.97	260.41	220.21	1143400
2020-07-10	266.5	267.6	263.1	219.18	911400
2020-07-13	262.74	264.69	254.51	212.2	1791700
2020-07-14	256.23	259.82	253.75	214.69	1877500
2020-07-15	262.31	262.34	256.38	213.31	1301000
2020-07-16	257.2	257.75	253.15	213.48	1475200
2020-07-17	258.5	261.01	254.75	214.83	1291900
2020-07-20	260.18	262.15	257.11	216.01	1422200
2020-07-21	263.0	263.0	257.98	214.91	1161900
2020-07-22	258.08	260.8	257.02	214.77	1355700
2020-07-23	259.14	260.39	254.0	213.83	1324900
2020-07-24	259.75	260.43	255.85	212.53	1391300
2020-07-27	254.57	260.94	254.53	215.83	1417500
2020-07-28	260.57	268.7	260.57	221.21	1553800
2020-07-29	268.14	272.2	267.97	224.93	1452700
2020-07-30	268.0	268.0	257.53	217.63	1959900
2020-07-31	261.95	264.47	257.09	216.72	1781200
2020-08-03	259.0	261.76	256.12	212.73	1504600
2020-08-04	256.28	262.4	255.94	215.71	1782900
2020-08-05	260.26	260.37	254.22	211.66	1069200
2020-08-06	254.7	255.54	252.0	211.85	1127600
2020-08-07	254.44	258.71	254.18	213.59	1023300
2020-08-10	257.21	257.71	251.94	210.11	1282400
2020-08-11	253.95	254.2	245.2	204.13	2111800
2020-08-12	247.01	252.95	247.0	208.36	1381000
2020-08-13	250.9	253.0	250.18	207.88	960900
2020-08-14	250.83	253.24	248.71	207.38	737000
2020-08-17	250.09	251.95	249.42	208.03	1435000
2020-08-18	252.17	254.78	251.34	209.39	1896100
2020-08-19	253.23	253.58	244.86	203.32	1496500
2020-08-20	245.0	248.96	243.39	205.36	1017400
2020-08-21	249.69	249.98	245.44	206.73	1139600
2020-08-24	248.25	248.38	242.18	203.5	1201400
2020-08-25	246.3	247.18	243.52	204.3	1060800
2020-08-26	245.65	247.1	243.75	204.77	1479400
2020-08-27	247.4	249.1	246.04	205.6	1398200
2020-08-28	248.77	249.73	245.41	206.94	1062900
2020-08-31	249.0	250.12	247.49	206.57	1307500
2020-09-01	248.44	249.75	246.63	205.65	1085000
2020-09-02	247.71	257.29	247.03	212.67	2034000
2020-09-03	255.56	256.76	249.24	209.2	2094600
2020-09-04	251.3	256.22	246.83	207.26	1885100
2020-09-08	248.72	249.63	243.1	204.63	1451200
2020-09-09	250.62	255.29	249.46	209.29	2202100
2020-09-10	251.92	251.92	247.54	205.94	1256800
2020-09-11	249.78	252.56	248.23	207.1	1219400
2020-09-14	251.11	255.69	250.93	210.51	1333900
2020-09-15	255.61	265.22	255.57	218.68	2426700
2020-09-16	265.0	268.66	262.8	218.3	2326100
2020-09-17	259.62	260.4	248.94	207.88	2341500
2020-09-18	248.67	251.26	243.81	203.55	3270500
2020-09-21	243.38	244.42	238.29	199.79	2848900
2020-09-22	241.99	244.85	240.2	200.6	1702200
2020-09-23	242.23	242.23	235.07	195.43	2550300
2020-09-24	236.3	240.13	235.1	195.82	2246600
2020-09-25	235.0	240.67	234.97	199.79	2861500
2020-09-28	243.07	244.42	238.41	199.95	2593500
2020-09-29	241.21	242.0	239.12	200.05	3098400
2020-09-30	241.93	243.58	239.69	201.39	3345600
2020-10-01	242.19	245.0	239.95	201.74	2500800
2020-10-02	240.07	243.91	238.99	202.7	2138100
2020-10-05	243.25	243.64	237.89	202.73	2130300
2020-10-06	243.91	244.41	240.16	200.79	1913500
2020-10-07	241.19	243.51	241.19	201.43	2048000
2020-10-08	243.76	246.54	242.86	202.92	2501100
2020-10-09	244.27	246.39	243.15	203.85	1538700
2020-10-12	245.25	247.78	244.33	205.27	1430400
2020-10-13	245.15	246.55	241.42	201.96	1622100
2020-10-14	242.88	243.28	238.08	198.7	2049300
2020-10-15	238.55	242.15	237.5	199.62	1790900
2020-10-16	239.7	244.08	239.16	202.22	1480000
2020-10-19	243.66	245.7	239.16	199.62	1323600
2020-10-20	241.68	245.73	240.63	203.12	1407300
2020-10-21	243.36	245.96	241.31	201.4	1100500
2020-10-22	241.33	241.61	235.14	196.43	1836600
2020-10-23	236.64	239.37	235.66	198.05	1057200
2020-10-26	235.56	237.89	233.4	197.55	1657600
2020-10-27	238.93	240.98	236.03	196.75	1433200
2020-10-28	233.82	237.32	229.25	191.73	2449000
2020-10-29	233.47	236.37	230.67	193.0	1693300
2020-10-30	230.0	232.5	226.5	191.33	1621300
2020-11-02	232.58	233.6	229.27	194.53	1551200
2020-11-03	235.54	237.23	233.5	195.15	1268800
2020-11-04	234.7	243.24	234.7	197.51	2434000
2020-11-05	240.28	242.79	237.82	199.89	1877400
2020-11-06	239.91	243.59	238.66	201.74	1181400
2020-11-09	249.16	253.08	236.95	198.27	2423600
2020-11-10	238.93	238.93	230.22	193.6	2717400
2020-11-11	234.82	241.48	233.32	198.66	1573700
2020-11-12	239.6	240.3	236.46	198.29	1882600
2020-11-13	239.76	243.72	237.69	202.53	1476400
2020-11-16	244.76	245.59	238.85	199.19	1433300
2020-11-17	239.0	240.87	238.31	199.27	1354200
2020-11-18	238.31	242.31	237.21	198.04	1617400
2020-11-19	237.09	238.88	233.37	198.64	1636400
2020-11-20	238.19	238.43	232.5	193.84	1965500
2020-11-23	233.56	233.61	228.62	190.71	2848400
2020-11-24	231.04	231.85	227.39	190.01	2635100
2020-11-25	229.29	233.37	228.65	194.12	2478800
2020-11-27	233.96	234.09	230.58	195.03	937400
2020-11-30	234.0	234.14	228.75	192.62	3547200
2020-12-01	232.0	236.39	231.72	196.48	2471000
2020-12-02	234.79	235.83	228.59	190.7	2755100
2020-12-03	229.52	230.76	225.79	188.47	3702600
2020-12-04	226.75	228.9	224.44	190.51	3298400
2020-12-07	227.66	228.79	223.35	186.85	2554500
2020-12-08	223.27	224.77	222.18	186.3	2607300
2020-12-09	222.72	223.04	216.22	182.82	3413500
2020-12-10	220.21	221.93	218.48	182.8	3028100
2020-12-11	218.0	220.17	215.41	183.14	2893400
2020-12-14	220.97	222.43	216.4	180.56	2501500
2020-12-15	217.08	218.36	215.55	181.0	2181200
2020-12-16	218.28	219.8	215.68	182.97	2347600
2020-12-17	221.1	223.6	220.13	185.55	2484400
2020-12-18	222.18	223.23	219.84	184.56	4538000
2020-12-21	218.36	220.5	217.14	183.11	1963400
2020-12-22	219.29	220.85	218.27	183.7	1845600
2020-12-23	221.27	223.6	217.38	181.12	1553400
2020-12-24	216.44	219.39	216.19	183.18	705700
2020-12-28	218.87	221.45	217.43	185.21	1842500
2020-12-29	222.21	223.42	220.42	184.72	1283000
2020-12-30	220.51	221.53	219.35	184.6	1361300
2020-12-31	219.76	224.67	219.6	188.05	1669300
2021-01-04	226.07	226.21	219.27	183.98	2786400
2021-01-05	220.12	222.6	219.09	184.91	2481600
2021-01-06	219.5	219.68	214.56	180.03	3230900
2021-01-07	215.27	219.51	214.68	182.22	2933800
2021-01-08	218.24	223.82	218.11	186.16	2310400
2021-01-11	221.26	221.97	214.19	180.06	2284700
2021-01-12	214.62	215.78	210.66	180.05	2468900
2021-01-13	214.29	217.17	213.9	181.35	2314800
2021-01-14	217.0	217.24	214.41	180.12	3735000
2021-01-15	214.99	220.46	214.22	184.22	2404700
2021-01-19	220.86	221.52	215.96	181.7	2536400
2021-01-20	217.75	223.6	216.08	186.64	2399000
2021-01-21	220.95	223.16	218.36	186.16	1736700
2021-01-22	222.1	225.0	221.86	187.6	2113900
2021-01-25	224.0	228.73	222.13	190.61	2401800
2021-01-26	227.84	232.99	224.31	194.61	2838700
2021-01-27	234.14	234.14	227.62	191.91	2763100
2021-01-28	227.71	232.96	226.61	191.28	2685600
2021-01-29	226.87	228.78	225.08	190.48	2701200
2021-02-01	229.17	235.68	225.95	197.36	2172100
2021-02-02	236.08	237.98	234.58	197.85	2045200
2021-02-03	234.75	235.53	230.77	194.63	2503000
2021-02-04	232.13	235.24	231.28	194.54	1934100
2021-02-05	232.64	234.97	231.63	195.2	1609300
2021-02-08	233.02	233.37	228.8	195.03	1775200
2021-02-09	231.25	234.74	231.06	194.08	1263200
2021-02-10	232.42	234.17	230.47	194.08	1539000
2021-02-11	230.79	231.6	227.09	190.87	1412200
2021-02-12	227.82	228.54	223.55	190.34	1632200
2021-02-16	227.59	227.59	223.21	188.49	1444400
2021-02-17	223.51	226.73	223.05	189.6	1234800
2021-02-18	225.57	228.52	225.24	191.24	1131600
2021-02-19	228.61	229.82	226.23	189.65	2034300
2021-02-22	226.69	227.25	222.19	188.56	1774400
2021-02-23	226.33	228.08	221.65	186.97	1731600
2021-02-24	223.17	226.45	222.4	188.32	1696400
2021-02-25	223.6	227.89	221.41	188.3	2912200
2021-02-26	224.66	225.46	216.02	181.07	3211200
2021-03-01	218.56	219.43	213.52	179.1	2733600
2021-03-02	214.53	214.87	208.76	174.94	2978700
2021-03-03	208.81	209.03	202.91	170.0	3269600
2021-03-04	203.66	206.42	200.51	168.56	3212000
2021-03-05	202.83	204.07	198.02	167.56	3455700
2021-03-08	200.29	204.72	197.5	166.44	3155400
2021-03-09	199.98	204.66	199.78	169.82	2988300
2021-03-10	202.7	205.68	201.35	171.26	3080500
2021-03-11	206.41	215.61	205.66	179.21	3737300
2021-03-12	213.9	217.5	212.28	180.29	2251900
2021-03-15	215.7	218.79	214.56	183.05	1849100
2021-03-16	219.73	223.81	218.5	186.7	1929700
2021-03-17	221.27	223.48	220.47	186.97	2265500
2021-03-18	220.8	223.78	219.09	186.42	2485200
2021-03-19	222.85	225.05	221.36	185.87	4789700
2021-03-22	221.86	227.69	221.33	189.2	1917700
2021-03-23	226.59	231.38	225.58	192.57	1771200
2021-03-24	227.21	229.26	223.91	190.18	2440800
2021-03-25	227.15	228.47	226.04	190.36	1859600
2021-03-26	230.87	239.07	229.06	200.08	2705200
2021-03-29	237.55	242.82	236.48	202.61	2211800
2021-03-30	240.21	240.67	235.63	198.68	1657000
2021-03-31	236.4	240.89	235.7	200.28	2143200
2021-04-01	240.06	240.5	237.01	201.12	1726900
2021-04-05	240.78	244.94	240.33	205.05	1716700
2021-04-06	244.09	244.13	241.18	204.07	1771800
2021-04-07	243.62	245.87	240.95	205.02	2143200
2021-04-08	245.27	246.14	240.76	202.0	1791700
2021-04-09	240.9	241.45	239.4	201.4	1888200
2021-04-12	240.7	241.52	238.8	203.38	1463200
2021-04-13	241.5	243.41	240.82	204.65	2242200
2021-04-14	243.14	244.4	240.86	203.53	1637200
2021-04-15	242.03	247.26	242.03	208.14	2096400
2021-04-16	248.39	250.02	245.7	209.37	1753000
2021-04-19	248.64	249.22	246.37	209.31	1209600
2021-04-20	247.74	253.85	247.74	212.78	1837300
2021-04-21	254.07	255.03	251.07	212.37	1096400
2021-04-22	250.73	254.02	250.09	211.83	1222800
2021-04-23	251.67	255.28	251.24	213.94	1511400
2021-04-26	254.1	254.96	252.24	213.05	1494400
2021-04-27	253.68	254.55	251.63	212.63	1324400
2021-04-28	252.58	254.66	251.41	212.18	1389200
2021-04-29	253.0	253.0	245.37	210.88	1901900
2021-04-30	249.98	255.0	249.6	214.55	1816400
2021-05-03	253.95	254.24	252.15	212.57	1717300
2021-05-04	252.95	252.95	247.62	209.59	1826700
2021-05-05	244.7	249.65	244.03	209.36	2663500
2021-05-06	244.27	246.83	242.35	205.5	5244100
2021-05-07	245.65	249.03	245.01	208.42	5548400
2021-05-10	249.0	250.61	247.37	209.37	2134200
2021-05-11	247.47	248.0	244.0	208.28	1779200
2021-05-12	246.09	247.03	241.43	203.77	1621400
2021-05-13	243.0	245.32	240.87	205.48	1474200
2021-05-14	245.17	247.82	244.62	207.81	1714500
2021-05-17	245.0	247.5	244.85	207.07	1443400
2021-05-18	245.86	248.14	241.44	207.46	2023000
2021-05-19	244.92	247.4	242.93	207.2	2177300
2021-05-20	246.62	251.73	245.21	211.23	1419100
2021-05-21	250.8	251.48	248.91	210.49	1586400
2021-05-24	250.7	253.95	250.24	212.88	1170100
2021-05-25	253.35	254.73	249.44	213.37	1325000
2021-05-26	254.18	256.57	252.75	214.29	1519900
2021-05-27	254.06	256.14	252.9	214.0	3149500
2021-05-28	256.51	257.53	255.46	215.13	1494600
2021-06-01	256.64	258.68	254.95	217.75	1722300
2021-06-02	259.0	263.0	258.26	221.42	1912700
2021-06-03	262.83	263.61	260.76	221.78	1544000
2021-06-04	264.59	265.66	263.05	223.4	1789900
2021-06-07	266.09	269.12	265.12	226.23	1810700
2021-06-08	269.21	269.21	264.35	224.03	1424300
2021-06-09	266.96	268.54	266.5	224.86	1239000
2021-06-10	266.35	270.89	265.68	228.07	1312100
2021-06-11	269.68	269.79	266.83	225.99	1335800
2021-06-14	268.43	271.0	267.36	228.17	1152700
2021-06-15	270.86	271.3	268.62	227.77	1166100
2021-06-16	271.59	271.81	265.76	224.46	1595700
2021-06-17	264.52	269.6	263.78	228.05	1360700
2021-06-18	268.76	269.58	265.92	225.03	2770500
2021-06-21	265.99	268.15	264.01	226.55	1471000
2021-06-22	267.78	268.38	266.48	225.6	1156900
2021-06-23	266.0	266.61	263.52	223.58	1330600
2021-06-24	265.54	266.15	262.33	223.52	910600
2021-06-25	264.41	267.46	263.81	225.54	1882700
2021-06-28	268.37	272.0	268.37	229.98	1808500
2021-06-29	271.41	273.78	270.26	230.83	1624100
2021-06-30	272.97	274.81	270.03	228.59	1857900
2021-07-01	268.63	271.74	267.65	228.75	1537000
2021-07-02	271.3	273.5	271.3	230.9	1207700
2021-07-06	272.87	275.88	271.57	233.32	1742700
2021-07-07	275.25	279.66	274.01	235.38	1732300
2021-07-08	277.95	280.21	276.12	235.17	1179400
2021-07-09	277.67	278.76	275.32	235.62	1151700
2021-07-12	279.17	280.65	277.74	236.92	1323500
2021-07-13	278.14	281.62	277.64	235.69	1228200
2021-07-14	278.0	282.42	277.01	238.09	1198100
2021-07-15	282.1	283.22	279.03	238.01	1082200
2021-07-16	282.24	284.11	281.14	239.01	2100700
2021-07-19	282.9	284.65	278.56	237.68	2166900
2021-07-20	283.11	284.44	279.69	239.47	1502600
2021-07-21	282.68	283.14	279.93	237.15	1167000
2021-07-22	279.7	282.12	276.89	238.28	1152200
2021-07-23	282.25	285.74	280.73	241.38	1144200
2021-07-26	283.37	284.93	282.49	240.83	1174400
2021-07-27	285.01	287.5	284.03	242.75	1229200
2021-07-28	286.94	287.3	283.75	241.14	1636000
2021-07-29	286.0	289.51	282.26	239.47	1768200
2021-07-30	284.69	286.64	282.73	239.3	1762200
2021-08-02	283.5	286.13	283.17	239.99	1219300
2021-08-03	283.7	285.82	282.81	240.61	1000000
2021-08-04	284.79	285.76	281.71	241.05	1315100
2021-08-05	286.43	286.72	281.13	239.26	1307700
2021-08-06	281.4	283.44	281.01	238.72	1459900
2021-08-09	282.0	282.42	278.95	236.98	1093300
2021-08-10	281.55	281.98	275.0	232.95	1293200
2021-08-11	276.41	277.7	275.37	234.58	871500
2021-08-12	278.0	280.48	276.15	236.97	874400
2021-08-13	280.43	282.95	279.21	239.4	808000
2021-08-16	282.92	284.56	281.77	239.64	1066600
2021-08-17	281.14	286.73	281.14	242.45	922500
2021-08-18	285.96	287.29	283.33	239.79	1146200
2021-08-19	281.59	289.73	281.59	244.66	1203200
2021-08-20	289.4	291.82	287.75	246.08	1712800
2021-08-23	289.38	290.33	287.31	244.13	1071400
2021-08-24	289.49	289.81	283.39	240.82	978000
2021-08-25	284.65	284.69	281.72	239.38	973400
2021-08-26	282.22	284.87	281.72	239.62	960900
2021-08-27	284.82	285.81	282.21	241.58	882400
2021-08-30	285.5	291.77	285.22	246.81	1632600
2021-08-31	289.83	292.73	288.8	247.23	2327100
2021-09-01	292.85	298.44	291.99	252.13	1658400
2021-09-02	298.1	300.98	295.69	254.61	1795800
2021-09-03	300.05	302.3	297.17	255.55	1645300
2021-09-07	300.5	301.94	295.1	253.19	1535200
2021-09-08	298.66	303.72	298.37	256.92	1512700
2021-09-09	302.5	303.71	296.69	251.16	1243100
2021-09-10	296.49	297.15	290.06	248.67	1488700
2021-09-13	296.51	298.42	293.18	249.29	1270100
2021-09-14	295.29	297.79	294.81	250.81	1109700
2021-09-15	296.62	297.83	294.25	251.53	1044200
2021-09-16	296.79	298.0	292.84	251.43	906500
2021-09-17	293.84	297.55	293.57	248.56	2994000
2021-09-20	291.54	294.15	287.61	246.4	2374700
2021-09-21	292.25	294.22	290.67	246.97	1161500
2021-09-22	292.1	294.92	290.19	248.39	1172900
2021-09-23	293.5	293.5	285.43	243.7	1634100
2021-09-24	287.89	288.43	281.36	238.77	2318700
2021-09-27	280.91	281.85	273.67	233.02	1776700
2021-09-28	270.8	271.99	266.77	228.47	2317600
2021-09-29	269.9	271.39	268.19	229.54	1448500
2021-09-30	271.37	272.37	265.27	225.63	2090800
2021-10-01	267.01	269.02	265.09	226.65	1784600
2021-10-04	265.91	267.38	262.15	225.48	1387600
2021-10-05	265.4	266.92	262.31	224.9	1649200
2021-10-06	263.38	268.45	261.11	227.8	1421100
2021-10-07	269.2	271.78	265.61	226.23	1185000
2021-10-08	266.08	266.14	261.41	222.8	1064300
2021-10-11	261.92	263.47	260.52	222.39	1074800
2021-10-12	262.77	265.89	261.57	224.9	1352700
2021-10-13	263.3	264.39	259.32	224.59	1646600
2021-10-14	265.45	268.39	265.07	227.72	1370000
2021-10-15	269.79	271.38	267.08	228.96	3091300
2021-10-18	268.44	270.25	266.93	227.83	1354300
2021-10-19	269.72	277.46	269.04	232.0	1816900
2021-10-20	274.1	276.88	274.1	234.67	1109700
2021-10-21	275.79	279.38	273.28	237.22	1269100
2021-10-22	279.78	285.31	279.0	241.82	1496300
2021-10-25	284.5	285.68	280.62	241.93	1194700
2021-10-26	286.0	289.56	285.4	243.93	1742300
2021-10-27	288.22	291.17	285.31	242.64	1280300
2021-10-28	285.5	289.99	282.85	243.14	1391600
2021-10-29	284.23	284.93	279.64	239.71	2532000
2021-11-01	282.86	283.16	276.41	239.82	1520500
2021-11-02	282.81	285.29	279.51	240.29	1532500
2021-11-03	283.72	285.42	276.46	238.54	1133500
2021-11-04	281.8	283.45	277.64	237.14	1381000
2021-11-05	280.94	281.44	276.7	236.19	1214000
2021-11-08	278.25	279.22	273.43	236.98	1014100
2021-11-09	279.89	281.61	278.8	237.97	823300
2021-11-10	278.63	281.48	275.56	234.53	925300
2021-11-11	276.13	276.7	270.37	231.64	1221800
2021-11-12	274.49	275.22	271.6	231.32	991200
2021-11-15	267.33	268.54	259.14	221.46	3467600
2021-11-16	262.13	262.33	258.63	220.22	2783200
2021-11-17	259.1	260.4	254.7	218.93	3451600
2021-11-18	257.6	259.77	253.4	220.15	2436700
2021-11-19	260.9	264.29	259.61	221.86	2036700
2021-11-22	260.0	261.06	256.63	219.02	1835200
2021-11-23	258.26	262.21	256.75	222.73	2070900
2021-11-24	262.88	266.01	260.5	225.69	1320800
2021-11-26	266.58	267.5	262.27	223.47	1161800
2021-11-29	264.13	269.31	261.49	226.93	1842900
2021-11-30	264.16	268.15	262.36	223.14	2759500
2021-12-01	263.98	267.54	258.51	220.14	2629100
2021-12-02	259.73	267.74	259.27	226.34	1902600
2021-12-03	265.72	269.23	263.46	226.95	1804000
2021-12-06	268.53	272.9	267.34	229.17	1864800
2021-12-07	271.25	277.32	271.25	235.32	2133000
2021-12-08	276.39	277.92	273.54	234.51	1327600
2021-12-09	275.88	276.99	270.93	230.43	1116100
2021-12-10	270.91	274.18	269.45	231.72	1352400
2021-12-13	272.0	277.33	270.35	234.65	1836400
2021-12-14	274.47	278.1	271.01	232.43	2225100
2021-12-15	274.16	276.19	271.12	233.23	1932500
2021-12-16	274.8	279.67	274.71	237.58	1791500
2021-12-17	279.25	283.75	277.82	237.06	3248700
2021-12-20	275.85	279.54	275.01	236.72	1551000
2021-12-21	280.3	282.04	276.58	236.21	1381900
2021-12-22	278.95	281.34	277.71	239.1	914200
2021-12-23	280.0	280.46	276.46	238.14	1016000
2021-12-27	280.06	285.91	278.46	244.14	1235300
2021-12-28	285.76	288.94	284.72	246.47	1065600
2021-12-29	286.8	289.5	286.8	246.8	1430600
2021-12-30	289.61	291.99	287.41	248.73	1370200
2021-12-31	291.4	294.4	289.94	249.9	1274100
2022-01-03	292.37	292.55	280.28	244.67	1597900
2022-01-04	287.19	288.25	282.46	241.58	1813300
2022-01-05	278.97	279.44	262.23	226.03	4486100
2022-01-06	263.91	265.38	256.77	226.31	2473100
2022-01-07	264.03	269.24	261.0	227.75	2244300
2022-01-10	267.35	267.35	258.61	225.9	2113500
2022-01-11	259.41	261.61	256.1	222.55	1884300
2022-01-12	259.88	264.5	258.85	221.61	1876900
2022-01-13	260.0	260.23	255.06	218.23	1728000
2022-01-14	253.64	254.2	246.09	214.12	2549900
2022-01-18	248.63	250.97	247.78	213.78	2523600
2022-01-19	251.21	253.26	248.08	212.73	2200000
2022-01-20	249.89	252.86	245.54	210.12	2120900
2022-01-21	249.73	250.78	243.76	209.11	3504900
2022-01-24	241.31	249.33	239.0	212.22	2708800
2022-01-25	245.79	252.4	245.39	214.04	2065700
2022-01-26	250.63	254.37	240.4	207.26	2325000
2022-01-27	241.55	245.05	235.22	201.99	2722300
2022-01-28	237.57	246.85	233.67	210.83	2106700
2022-01-31	245.91	251.68	244.98	214.87	2665000
2022-02-01	251.07	252.45	247.59	213.71	1665800
2022-02-02	251.88	254.47	251.55	215.59	1446000
2022-02-03	250.9	252.69	249.86	214.18	1367300
2022-02-04	248.16	250.0	245.05	210.54	1275900
2022-02-07	245.77	248.36	244.5	210.39	1171600
2022-02-08	245.59	247.33	243.07	209.59	1303800
2022-02-09	248.15	250.46	246.73	213.49	1824700
2022-02-10	246.63	249.46	241.18	207.19	1453100
2022-02-11	242.96	244.95	235.49	202.39	2379600
2022-02-14	237.9	238.56	232.75	200.16	1810100
2022-02-15	237.06	237.15	232.28	199.4	1696300
2022-02-16	233.4	233.75	229.75	198.49	1275700
2022-02-17	232.01	232.51	227.76	195.36	1721100
2022-02-18	228.82	231.3	226.71	195.17	2705400
2022-02-22	228.24	230.9	224.53	195.11	2521600
2022-02-23	229.89	231.45	226.73	194.32	1934000
2022-02-24	221.81	232.62	220.0	197.99	2699700
2022-02-25	231.7	234.45	226.79	199.63	2309500
2022-02-28	231.15	231.4	223.4	193.83	3690400
2022-03-01	228.0	230.92	226.68	195.26	2467300
2022-03-02	228.31	232.77	227.74	197.35	2160300
2022-03-03	233.48	236.8	231.52	200.98	2702600
2022-03-04	233.97	239.23	233.97	203.57	2396600
2022-03-07	237.12	237.87	231.03	198.23	1499200
2022-03-08	232.52	236.65	227.51	194.76	2058000
2022-03-09	231.65	236.47	231.25	199.16	1481200
2022-03-10	230.93	233.48	227.1	198.89	1300300
2022-03-11	235.31	238.03	234.68	200.63	1889000
2022-03-14	235.97	237.16	232.45	200.71	1652400
2022-03-15	236.63	238.36	234.08	201.8	1422300
2022-03-16	237.82	240.42	235.67	204.73	1902000
2022-03-17	238.49	245.24	238.49	209.43	1876100
2022-03-18	247.17	248.46	241.8	207.2	3668100
2022-03-21	241.81	245.0	240.03	206.44	1601400
2022-03-22	242.23	243.29	239.11	204.76	1909800
2022-03-23	239.07	240.22	233.71	199.92	1968600
2022-03-24	233.6	235.56	230.67	201.19	2081200
2022-03-25	237.42	241.33	236.54	205.63	1530200
2022-03-28	241.75	245.19	241.0	209.34	1382800
2022-03-29	247.64	251.23	247.27	214.06	1917500
2022-03-30	249.15	250.92	247.37	214.33	1385400
2022-03-31	251.91	254.07	250.7	214.63	3315600
2022-04-01	251.22	257.39	250.1	219.52	1636200
2022-04-04	256.98	259.37	256.13	220.28	1989800
2022-04-05	257.55	265.36	257.04	224.62	1956200
2022-04-06	261.19	269.14	260.51	229.49	2749700
2022-04-07	265.96	267.85	264.02	227.02	1752400
2022-04-08	266.16	268.49	264.03	227.61	1559100
2022-04-11	266.59	267.74	262.59	224.96	2158500
2022-04-12	258.88	260.15	255.63	220.89	1518100
2022-04-13	258.07	258.23	254.94	220.88	1317800
2022-04-14	257.94	258.35	255.0	219.49	2312200
2022-04-18	254.14	257.38	252.15	218.09	1072500
2022-04-19	254.85	259.55	254.78	222.26	1308500
2022-04-20	259.75	267.95	259.14	229.84	1807500
2022-04-21	268.89	271.53	266.16	229.11	1712400
2022-04-22	267.13	267.13	261.85	224.95	1664500
2022-04-25	262.1	263.0	255.11	222.9	1656800
2022-04-26	258.83	261.21	254.44	218.87	1883300
2022-04-27	256.01	258.0	251.55	217.18	2049600
2022-04-28	252.62	253.86	245.21	216.6	2417400
2022-04-29	250.31	251.31	240.68	207.01	2151900
2022-05-02	241.38	245.28	232.73	203.52	2127600
2022-05-03	236.95	243.0	235.32	207.01	1367100
2022-05-04	240.63	246.04	238.67	210.98	1098500
2022-05-05	244.98	246.47	239.7	207.41	1375900
2022-05-06	239.25	245.12	238.8	209.63	1843000
2022-05-09	242.13	242.13	229.96	198.49	2423300
2022-05-10	232.63	234.14	222.33	193.04	2411700
2022-05-11	226.45	229.38	223.93	193.01	2104200
2022-05-12	224.67	226.57	222.02	193.68	2193700
2022-05-13	227.18	232.89	226.19	199.83	2229500
2022-05-16	232.61	234.89	230.03	197.74	1203100
2022-05-17	233.2	233.63	229.4	200.13	1728500
2022-05-18	232.57	233.3	229.51	198.09	1623800
2022-05-19	230.0	236.19	229.21	200.34	1825900
2022-05-20	235.45	245.17	234.31	209.81	2853900
2022-05-23	245.59	249.72	243.54	214.23	1697400
2022-05-24	249.49	259.31	248.69	222.05	2174400
2022-05-25	256.79	261.19	252.58	223.57	2392900
2022-05-26	260.72	262.27	253.96	218.76	1487200
2022-05-27	256.52	262.56	254.83	224.14	1786300
2022-05-31	257.76	259.04	255.23	219.99	2829600
2022-06-01	256.13	256.13	250.85	216.93	1418000
2022-06-02	246.06	263.19	245.68	225.34	2781800
2022-06-03	261.82	269.5	260.75	229.1	7332200
2022-06-06	269.79	271.09	266.17	229.64	4197100
2022-06-07	266.18	266.99	259.16	228.6	2135100
2022-06-08	265.64	269.04	263.32	227.15	1550400
2022-06-09	261.17	267.73	260.02	223.49	2050700
2022-06-10	257.01	257.84	250.11	215.6	2188200
2022-06-13	245.0	247.15	238.97	206.16	2272900
2022-06-14	239.18	240.48	232.66	201.41	2584900
2022-06-15	235.4	244.5	235.01	207.34	2076700
2022-06-16	234.78	236.99	232.31	202.34	1668500
2022-06-17	233.7	238.27	232.12	204.06	4291800
2022-06-21	242.0	248.54	241.89	213.29	2502000
2022-06-22	242.32	258.82	242.25	217.74	3130200
2022-06-23	253.06	259.8	252.73	223.19	2553100
2022-06-24	260.76	262.13	256.58	226.07	3131500
2022-06-27	262.23	264.09	258.14	224.07	2018900
2022-06-28	260.0	260.48	252.12	218.54	1601700
2022-06-29	250.03	253.93	247.15	218.74	1863700
2022-06-30	251.61	257.71	250.21	220.84	1938100
2022-07-01	254.53	259.04	252.44	223.27	1363200
2022-07-05	255.49	256.06	249.63	221.14	1321600
2022-07-06	257.96	260.58	256.7	223.12	1170900
2022-07-07	258.5	260.58	255.42	222.21	1089600
2022-07-08	255.32	257.88	253.72	220.34	936000
2022-07-11	255.0	258.46	252.49	222.91	1299500
2022-07-12	256.95	258.74	253.15	220.75	1650900
2022-07-13	252.41	258.21	251.17	221.12	1188500
2022-07-14	251.75	257.85	251.43	221.63	1579200
2022-07-15	259.88	260.79	255.33	222.23	1181100
2022-07-18	256.91	257.79	248.58	215.36	1608200
2022-07-19	251.61	257.27	251.5	222.19	1506300
2022-07-20	256.0	257.93	249.43	215.78	1573500
2022-07-21	250.17	255.99	248.19	220.67	1290300
2022-07-22	256.55	260.36	255.76	224.3	1587500
2022-07-25	259.35	259.66	255.9	222.35	1593300
2022-07-26	258.56	263.07	257.82	223.77	1579700
2022-07-27	259.52	261.24	255.38	223.16	1505400
2022-07-28	261.46	269.56	260.06	232.34	2589500
2022-07-29	270.35	273.95	267.51	234.01	1821200
2022-08-01	270.28	271.76	266.26	232.1	1323100
2022-08-02	269.1	271.18	266.03	230.38	1681000
2022-08-03	267.84	269.93	264.87	232.28	1370200
2022-08-04	269.15	271.72	268.0	234.39	1257800
2022-08-05	268.37	272.43	267.04	235.18	1156400
2022-08-08	274.75	276.88	271.33	235.88	968900
2022-08-09	273.83	277.32	270.35	238.63	1459800
2022-08-10	279.97	279.97	275.07	240.02	1350800
2022-08-11	278.92	278.92	273.27	236.7	1260400
2022-08-12	275.68	277.9	274.64	239.96	1110000
2022-08-15	278.39	282.47	278.13	243.24	1329100
2022-08-16	278.85	280.08	275.89	240.59	1183500
2022-08-17	276.85	278.98	275.44	239.73	1059000
2022-08-18	277.52	279.2	272.92	238.03	1139000
2022-08-19	274.99	277.59	273.39	237.1	2110700
2022-08-22	272.32	274.15	268.93	233.07	946800
2022-08-23	268.32	268.9	263.32	229.17	971000
2022-08-24	266.29	266.71	264.1	228.52	1372900
2022-08-25	265.75	268.46	262.31	231.77	1367400
2022-08-26	267.87	268.31	261.07	225.68	1227300
2022-08-29	259.8	262.64	258.19	224.41	1577900
2022-08-30	259.9	260.68	252.7	218.95	1211100
2022-08-31	253.86	256.21	252.97	219.51	2005100
2022-09-01	252.94	257.75	251.62	222.61	1590500
2022-09-02	259.54	260.98	250.48	216.74	1387400
2022-09-06	252.11	256.47	251.0	219.62	1163700
2022-09-07	254.93	260.05	253.65	224.22	1095800
2022-09-08	259.66	262.0	257.26	226.09	1518700
2022-09-09	262.49	263.21	259.67	226.02	880000
2022-09-12	262.06	265.56	261.96	229.05	946100
2022-09-13	260.55	262.21	253.96	220.01	1711400
2022-09-14	251.43	255.09	249.78	217.58	2087000
2022-09-15	251.59	251.99	244.59	211.74	1561400
2022-09-16	244.43	247.65	243.97	212.46	3287400
2022-09-19	244.4	247.78	241.58	213.85	1249300
2022-09-20	245.35	245.85	237.33	205.55	2093000
2022-09-21	239.97	242.44	234.05	202.31	1942400
2022-09-22	232.71	236.46	232.21	201.13	1446000
2022-09-23	230.91	231.88	225.63	197.7	1907000
2022-09-26	229.14	229.14	218.13	191.27	2146900
2022-09-27	223.88	226.5	219.47	190.6	1900800
2022-09-28	223.59	223.93	219.81	191.0	1988800
2022-09-29	218.34	220.17	211.38	184.66	2096500
2022-09-30	215.86	217.32	212.03	185.51	2501700
2022-10-03	216.89	219.2	212.35	187.64	2102200
2022-10-04	218.95	224.34	217.97	190.16	2032800
2022-10-05	217.14	217.54	211.38	185.02	1518700
2022-10-06	213.62	214.16	202.78	175.46	2908700
2022-10-07	199.12	201.03	193.41	169.39	3165300
2022-10-10	196.0	198.17	188.96	165.0	1992300
2022-10-11	189.44	191.98	185.27	164.73	2463100
2022-10-12	188.58	189.35	182.3	159.96	2572500
2022-10-13	179.87	191.44	178.17	165.23	3518100
2022-10-14	191.61	192.67	185.06	161.69	2466400
2022-10-17	189.76	195.9	188.83	167.53	3040900
2022-10-18	194.52	197.94	194.22	171.65	3253400
2022-10-19	195.01	196.19	190.51	166.22	1824700
2022-10-20	191.15	191.16	185.37	163.62	2515600
2022-10-21	188.97	188.97	183.13	163.24	2078000
2022-10-24	189.92	191.43	184.18	161.36	1856400
2022-10-25	185.96	196.05	185.92	170.18	2495200
2022-10-26	195.32	199.31	194.21	171.39	2512300
2022-10-27	198.87	203.95	196.18	172.92	3414500
2022-10-28	197.3	208.37	197.3	178.17	2613600
2022-10-31	201.65	209.88	200.7	180.32	2513500
2022-11-01	209.41	213.32	206.59	180.92	1907000
2022-11-02	206.73	212.01	202.35	178.58	2655500
2022-11-03	203.21	204.56	201.08	175.22	1703800
2022-11-04	202.91	204.38	199.14	177.48	1788100
2022-11-07	204.64	205.99	201.7	175.82	1828800
2022-11-08	202.02	205.49	201.1	176.69	2071800
2022-11-09	204.01	206.73	200.4	174.97	1530300
2022-11-10	213.11	221.58	209.64	192.26	2781200
2022-11-11	222.81	225.44	221.02	194.31	1915700
2022-11-14	221.78	222.17	215.23	187.45	1628000
2022-11-15	215.4	219.82	215.07	191.11	2152200
2022-11-16	220.09	223.06	218.13	190.73	2400800
2022-11-17	217.72	219.59	214.39	188.29	2144600
2022-11-18	217.63	220.21	214.63	187.93	2360400
2022-11-21	215.59	220.24	215.59	191.39	1682400
2022-11-22	220.73	221.2	215.47	189.85	1562400
2022-11-23	218.2	220.42	216.26	189.95	1210500
2022-11-25	219.64	221.24	218.38	191.54	566500
2022-11-28	218.71	220.37	213.04	186.16	1367200
2022-11-29	214.81	217.27	213.32	189.05	1848100
2022-11-30	215.88	221.34	214.67	192.56	3889200
2022-12-01	224.42	225.97	219.89	192.6	1708700
2022-12-02	218.27	220.91	216.27	190.92	1354400
2022-12-05	215.95	218.49	214.58	187.65	1454200
2022-12-06	216.27	216.85	211.76	184.96	1672200
2022-12-07	211.93	215.6	209.46	183.74	1624800
2022-12-08	210.39	213.83	209.22	184.73	2465300
2022-12-09	211.97	216.39	211.27	186.11	1646800
2022-12-12	214.88	215.93	211.97	187.88	1847700
2022-12-13	222.96	227.97	220.91	194.42	2179100
2022-12-14	222.72	226.97	219.74	191.34	1902800
2022-12-15	217.32	221.39	216.54	189.92	1693100
2022-12-16	215.09	215.15	208.08	185.77	3724100
2022-12-19	213.15	213.15	207.76	182.44	1401700
2022-12-20	207.96	210.43	205.76	181.63	1307500
2022-12-21	209.79	213.39	209.49	183.29	1410200
2022-12-22	209.36	211.1	206.4	183.29	2212200
2022-12-23	209.41	212.59	209.01	184.9	1146700
2022-12-27	211.0	211.68	208.64	184.91	1550000
2022-12-28	211.35	214.25	209.99	184.21	1411700
2022-12-29	211.85	216.7	210.13	189.15	1323900
2022-12-30	214.33	215.2	209.18	185.75	1450400
2023-01-03	214.0	215.25	210.97	188.22	1812400
2023-01-04	217.41	222.54	215.51	192.01	1796000
2023-01-05	217.07	217.81	211.5	185.99	1495000
2023-01-06	213.4	219.34	210.93	191.57	1980200
2023-01-09	220.85	223.46	219.14	192.28	1727200
2023-01-10	221.09	222.95	219.75	194.6	1691300
2023-01-11	223.71	228.81	223.71	200.01	1893900
2023-01-12	229.3	232.8	225.56	203.59	2364700
2023-01-13	229.25	234.87	229.25	204.12	2007100
2023-01-17	234.23	235.57	230.96	202.58	2204500
2023-01-18	231.26	232.51	224.24	197.44	2213000
2023-01-19	224.07	227.11	222.97	195.83	1864300
2023-01-20	221.36	221.76	214.46	194.13	2990400
2023-01-23	218.89	219.99	215.1	189.09	2723600
2023-01-24	214.93	216.56	212.64	188.65	1991900
2023-01-25	213.91	219.4	212.79	191.71	1985100
2023-01-26	219.84	221.5	218.5	193.79	1126100
2023-01-27	220.71	221.93	219.43	193.58	1360200
2023-01-30	219.99	222.58	217.85	191.19	1422200
2023-01-31	218.05	223.42	218.05	195.86	1548500
2023-02-01	221.89	228.97	221.07	199.15	2601500
2023-02-02	230.21	235.49	225.54	199.37	2195800
2023-02-03	224.41	225.38	218.04	194.7	2485700
2023-02-06	218.88	221.53	216.52	193.39	1797800
2023-02-07	218.93	220.21	215.8	192.42	1834400
2023-02-08	218.88	219.99	216.87	191.55	1936100
2023-02-09	219.43	220.49	214.62	188.67	1220000
2023-02-10	213.15	217.2	212.35	190.01	1929800
2023-02-13	217.56	219.01	215.39	190.49	1352800
2023-02-14	216.92	217.52	213.15	188.64	1017300
2023-02-15	213.51	216.63	213.01	189.91	1381500
2023-02-16	213.83	214.76	210.36	185.87	1719700
2023-02-17	210.96	211.97	208.49	184.35	1793500
2023-02-21	208.66	208.66	203.29	179.43	1888300
2023-02-22	205.08	205.11	198.59	174.72	3564500
2023-02-23	201.25	203.96	200.0	177.07	3234000
2023-02-24	198.79	200.28	194.08	171.61	2727000
2023-02-27	198.57	199.86	192.96	171.04	2348100
2023-02-28	195.1	199.6	194.34	173.61	2741400
2023-03-01	196.52	198.81	192.86	170.87	3261000
2023-03-02	193.32	198.18	193.32	173.19	1884900
2023-03-03	199.26	202.58	199.09	177.55	2044800
2023-03-06	203.88	204.16	198.14	174.1	1788900
2023-03-07	198.12	198.26	192.04	168.66	1907000
2023-03-08	192.13	197.23	191.37	171.64	1603000
2023-03-09	195.59	197.77	190.75	167.64	1463600
2023-03-10	191.16	194.54	190.38	167.7	2357800
2023-03-13	190.9	200.99	189.55	172.14	2325200
2023-03-14	199.07	200.01	195.32	175.2	2461600
2023-03-15	197.9	203.21	197.74	177.39	3117500
2023-03-16	201.99	206.15	201.41	179.78	2622400
2023-03-17	205.41	207.65	200.87	176.54	3456900
2023-03-20	200.94	203.68	199.79	177.06	2000700
2023-03-21	201.54	202.34	194.63	173.77	2578100
2023-03-22	196.05	197.69	191.92	168.44	1943400
2023-03-23	192.3	195.3	190.37	168.01	2053200
2023-03-24	190.89	199.68	189.37	175.02	1897500
2023-03-27	200.19	201.34	192.76	169.35	2389800
2023-03-28	191.99	194.25	190.96	169.1	1480200
2023-03-29	195.36	198.57	195.08	174.03	1784100
2023-03-30	201.66	202.74	200.02	176.39	1477800
2023-03-31	201.14	204.49	201.01	179.16	2558000
2023-04-03	203.19	204.95	199.12	176.32	2876200
2023-04-04	201.26	204.11	200.81	178.38	3431500
2023-04-05	203.51	207.76	203.44	179.47	2060200
2023-04-06	205.37	207.01	203.53	181.22	1273300
2023-04-10	205.13	208.73	203.77	182.67	1728800
2023-04-11	208.32	212.51	207.3	184.45	2115100
2023-04-12	212.0	213.48	210.43	185.23	2306200
2023-04-13	210.12	211.95	208.81	186.21	1686100
2023-04-14	210.49	210.77	205.31	182.74	1174800
2023-04-17	207.77	211.94	207.08	184.46	1857900
2023-04-18	208.45	208.86	206.17	183.88	2116100
2023-04-19	207.13	210.64	206.78	183.83	1186700
2023-04-20	207.81	207.81	204.71	181.6	1472300
2023-04-21	206.59	206.59	202.83	180.31	2177300
2023-04-24	204.29	205.01	201.75	180.14	1356700
2023-04-25	203.38	205.12	201.59	178.19	1339900
2023-04-26	202.55	206.47	200.08	176.96	1789300
2023-04-27	200.34	205.96	200.34	181.64	1744600
2023-04-28	205.66	206.61	203.32	180.54	2082300
2023-05-01	203.29	203.99	199.36	176.22	2135800
2023-05-02	199.67	201.74	195.68	173.24	2133800
2023-05-03	196.45	197.45	191.6	169.57	1491300
2023-05-04	191.27	196.42	191.27	171.71	1984300
2023-05-05	194.94	197.64	193.64	173.79	1210800
2023-05-08	195.51	196.44	192.55	170.66	1311400
2023-05-09	192.31	194.94	190.85	170.93	1511500
2023-05-10	195.49	198.16	194.82	173.44	1628700
2023-05-11	195.65	195.98	192.79	172.85	1714500
2023-05-12	195.89	200.41	195.64	176.91	2130700
2023-05-15	200.77	202.4	194.3	172.65	2134800
2023-05-16	195.23	196.15	190.97	168.74	1395300
2023-05-17	192.0	194.87	190.79	172.03	1181100
2023-05-18	193.74	194.26	187.57	168.73	2387500
2023-05-19	191.42	192.88	189.58	168.47	1250600
2023-05-22	191.0	195.03	190.28	170.89	1754000
2023-05-23	192.52	193.91	187.65	166.19	1755500
2023-05-24	187.75	188.13	183.17	161.99	2011400
2023-05-25	184.58	184.65	181.65	161.25	2597900
2023-05-26	182.0	183.0	180.16	160.92	2692100
2023-05-30	184.27	188.35	181.31	160.76	2483400
2023-05-31	182.26	185.64	178.53	162.91	7074800
2023-06-01	184.19	188.82	184.15	165.18	2618200
2023-06-02	190.28	192.07	189.07	168.84	2188200
2023-06-05	191.92	193.71	188.37	166.62	1383100
2023-06-06	189.79	189.79	186.27	167.04	1390400
2023-06-07	190.0	193.69	189.03	168.65	1823100
2023-06-08	190.21	191.12	187.66	167.84	1184500
2023-06-09	189.98	189.98	184.82	165.44	1825300
2023-06-12	187.5	188.71	185.89	166.55	1533300
2023-06-13	188.23	191.25	186.94	168.73	1946300
2023-06-14	192.25	193.77	190.29	170.49	2510000
2023-06-15	191.55	194.95	189.29	173.0	2432500
2023-06-16	192.29	194.44	191.55	171.77	3283300
2023-06-20	191.59	193.21	189.95	169.25	2139400
2023-06-21	188.87	190.07	185.99	168.61	2127600
2023-06-22	189.62	189.62	186.3	166.02	2431400
2023-06-23	186.01	189.24	185.24	165.67	4173300
2023-06-26	185.65	188.83	184.82	167.54	2308800
2023-06-27	188.97	189.42	187.18	167.17	1776300
2023-06-28	187.74	191.75	185.93	170.64	2600300
2023-06-29	189.81	193.02	188.68	171.63	2674200
2023-06-30	194.27	195.3	191.19	172.71	3243100
2023-07-03	193.4	196.32	192.66	173.69	971000
2023-07-05	195.0	199.32	194.82	176.65	2178900
2023-07-06	196.0	197.44	193.77	174.55	1605600
2023-07-07	194.89	197.11	191.89	174.14	1830200
2023-07-10	194.35	195.63	192.95	172.36	1615700
2023-07-11	193.64	195.02	192.67	173.3	1484200
2023-07-12	197.26	198.33	194.59	174.04	1649200
2023-07-13	195.08	196.95	192.8	175.29	1750000
2023-07-14	196.1	196.66	193.61	172.74	1712200
2023-07-17	192.93	193.21	184.9	165.87	4359800
2023-07-18	186.0	188.94	182.16	165.45	3090300
2023-07-19	189.33	193.61	188.62	168.41	3380800
2023-07-20	182.82	184.86	179.21	164.44	4164000
2023-07-21	184.92	186.04	181.61	164.65	4474200
2023-07-24	185.92	191.32	184.03	169.94	3420600
2023-07-25	191.0	191.49	186.66	166.34	2353600
2023-07-26	187.04	190.24	186.85	169.18	3158600
2023-07-27	194.42	200.81	193.19	172.08	2969600
2023-07-28	194.93	196.18	188.94	168.28	1714400
2023-07-31	189.34	191.69	189.0	169.48	1812500
2023-08-01	190.75	192.35	189.66	170.31	2243700
2023-08-02	190.17	191.94	188.13	169.75	2236400
2023-08-03	189.34	190.3	183.68	165.42	2493000
2023-08-04	184.17	187.8	183.35	164.54	1687500
2023-08-07	185.0	186.01	182.24	163.43	1559600
2023-08-08	182.2	184.89	179.85	164.4	2047300
2023-08-09	183.93	187.2	183.47	166.62	1475800
2023-08-10	187.17	189.33	186.5	166.48	1618300
2023-08-11	185.83	187.9	185.82	166.63	1073100
2023-08-14	185.87	187.39	184.94	166.66	1342000
2023-08-15	185.34	187.15	184.19	165.33	1487800
2023-08-16	185.75	186.17	177.4	158.51	2200300
2023-08-17	177.65	179.66	175.92	157.01	2370100
2023-08-18	174.69	177.88	174.3	157.13	1511300
2023-08-21	175.22	175.88	172.55	155.86	1998500
2023-08-22	175.16	176.38	173.21	156.49	1658400
2023-08-23	177.46	178.49	176.73	158.37	1655700
2023-08-24	178.4	179.53	176.28	157.76	1055700
2023-08-25	177.09	178.55	175.67	158.1	1174700
2023-08-28	178.15	179.05	176.8	158.67	1381900
2023-08-29	178.68	181.65	177.78	161.63	1572900
2023-08-30	182.5	184.19	181.81	162.33	1858300
2023-08-31	183.08	183.52	180.73	161.47	1567100
2023-09-01	182.49	182.49	179.29	161.0	1654100
2023-09-05	180.56	182.44	179.5	160.67	1715200
2023-09-06	180.19	180.19	176.14	158.52	2313300
2023-09-07	177.62	183.53	177.34	162.57	2404500
2023-09-08	182.89	183.3	178.86	161.09	1645800
2023-09-11	180.76	181.04	177.55	160.55	1393100
2023-09-12	179.35	179.62	175.4	159.57	1341500
2023-09-13	178.48	178.93	176.37	157.58	1639000
2023-09-14	178.63	182.22	178.63	161.26	1444600
2023-09-15	180.97	182.43	179.24	160.42	3514500
2023-09-18	179.91	181.64	178.7	159.88	1499100
2023-09-19	178.47	179.99	177.07	157.95	1612600
2023-09-20	178.99	179.71	177.04	157.99	1885600
2023-09-21	176.76	176.76	169.15	150.79	2499200
2023-09-22	169.04	169.77	165.91	148.02	3732500
2023-09-25	165.05	165.91	163.08	147.58	2681100
2023-09-26	163.34	164.89	162.65	145.08	2702800
2023-09-27	162.91	163.45	158.17	142.21	3178700
2023-09-28	160.4	163.3	158.85	144.55	2694000
2023-09-29	165.61	165.99	163.71	146.45	2529300
2023-10-02	163.63	164.0	160.61	144.01	2061100
2023-10-03	161.0	161.97	157.72	140.79	1783300
2023-10-04	158.47	159.45	155.63	140.42	2217100
2023-10-05	156.97	159.29	155.61	141.34	1486000
2023-10-06	156.8	160.46	154.58	142.1	1878700
2023-10-09	158.76	162.72	158.76	144.28	1952100
2023-10-10	159.89	160.75	158.29	142.63	2793900
2023-10-11	159.69	165.8	158.83	148.98	2782300
2023-10-12	165.87	166.52	162.57	147.74	1765100
2023-10-13	166.17	168.55	165.47	150.19	1969200
2023-10-16	166.39	170.32	164.52	152.18	2062200
2023-10-17	167.32	169.92	165.77	150.14	1732500
2023-10-18	167.01	167.55	162.7	146.43	1728500
2023-10-19	158.47	162.54	158.01	143.41	2672200
2023-10-20	160.77	162.22	159.72	144.01	2560800
2023-10-23	158.51	161.25	157.25	143.29	2187700
2023-10-24	159.91	163.7	159.91	146.83	2404500
2023-10-25	162.22	163.3	160.49	145.66	2448200
2023-10-26	163.0	177.22	162.55	157.47	5013500
2023-10-27	175.5	176.03	170.2	154.71	2829500
2023-10-30	171.92	173.97	169.7	155.29	2568600
2023-10-31	174.07	178.66	174.0	160.29	2930700
2023-11-01	178.48	179.27	177.0	160.46	1781300
2023-11-02	181.32	186.54	180.62	165.65	2908000
2023-11-03	186.07	193.2	185.86	171.42	3417100
2023-11-06	189.94	190.76	185.27	167.94	1943800
2023-11-07	187.52	187.63	185.17	166.82	1544400
2023-11-08	185.69	185.69	183.18	165.89	1447300
2023-11-09	184.6	185.27	180.91	163.57	1949300
2023-11-10	183.54	184.54	179.32	165.32	1738700
2023-11-13	182.24	185.28	181.03	165.17	1425200
2023-11-14	192.96	195.98	190.89	174.69	2910400
2023-11-15	193.11	198.75	192.72	176.2	3803000
2023-11-16	196.8	199.85	195.15	179.1	3260600
2023-11-17	200.12	200.51	197.05	177.87	2593500
2023-11-20	197.45	199.8	195.34	179.58	1945500
2023-11-21	199.56	199.57	196.82	177.69	1989300
2023-11-22	200.18	200.58	197.83	178.82	1393300
2023-11-24	197.99	199.33	196.4	179.29	614100
2023-11-27	200.48	202.84	199.02	180.99	2525200
2023-11-28	200.78	203.52	200.53	182.8	2105200
2023-11-29	205.0	208.82	203.99	185.46	2933400
2023-11-30	205.54	208.96	204.28	187.8	2943300
2023-12-01	208.4	210.84	206.13	189.32	2093300
2023-12-04	209.21	209.84	207.69	187.76	2668500
2023-12-05	208.92	211.06	207.41	189.27	1738000
2023-12-06	211.79	213.31	210.62	189.58	2037700
2023-12-07	211.6	212.05	210.25	189.55	1964500
2023-12-08	209.8	210.29	204.05	185.71	2364300
2023-12-11	205.9	207.99	204.11	184.94	2468600
2023-12-12	205.85	205.98	203.58	184.45	1712900
2023-12-13	204.98	212.43	203.66	189.84	2244500
2023-12-14	215.46	218.48	211.24	190.85	2975000
2023-12-15	210.13	212.79	208.33	190.83	3722400
2023-12-18	212.04	214.04	209.91	189.52	1804900
2023-12-19	211.45	213.23	210.65	189.8	1776900
2023-12-20	211.51	214.51	209.27	189.9	2991200
2023-12-21	212.99	214.34	211.54	192.75	1685500
2023-12-22	214.96	217.11	213.66	193.57	1106400
2023-12-26	215.28	216.99	214.44	194.51	1053100
2023-12-27	214.01	217.11	214.01	196.49	1860500
2023-12-28	216.71	218.32	215.58	196.89	1125400
2023-12-29	215.98	216.8	215.0	195.73	1584400
2024-01-02	214.41	219.1	214.41	198.39	1566300
2024-01-03	217.49	218.99	214.61	194.65	1533500
2024-01-04	213.64	217.67	212.68	195.35	2033000
2024-01-05	213.7	216.25	213.04	194.28	1884000
2024-01-08	213.42	216.22	212.52	195.91	1703200
2024-01-09	214.35	214.42	210.27	192.08	1578800
2024-01-10	211.61	212.09	208.37	189.46	2088900
2024-01-11	208.29	208.74	206.09	188.27	2271600
2024-01-12	209.67	211.82	208.46	189.88	1763400
2024-01-16	208.97	210.84	207.55	188.63	2400000
2024-01-17	205.4	210.39	202.72	185.82	2629300
2024-01-18	205.25	206.79	202.54	184.88	2881000
2024-01-19	204.66	205.14	202.78	184.84	1986400
2024-01-22	204.1	206.69	201.95	184.98	2185500
2024-01-23	204.76	205.29	201.38	183.38	2108900
2024-01-24	203.1	203.4	195.96	178.39	3308500
2024-01-25	199.39	201.64	198.0	181.52	2510500
2024-01-26	199.2	199.83	197.08	178.87	1831100
2024-01-29	197.08	199.3	195.76	180.52	2466000
2024-01-30	198.5	199.0	195.36	177.31	2428100
2024-01-31	196.9	200.87	194.75	177.39	2454100
2024-02-01	195.34	198.43	193.37	179.87	2700800
2024-02-02	195.0	195.55	189.33	175.45	2914000
2024-02-05	191.05	191.69	187.82	171.78	2489100
2024-02-06	189.47	192.57	189.15	173.78	1777000
2024-02-07	192.29	193.86	190.55	175.55	2254800
2024-02-08	192.63	194.25	191.63	175.56	2001100
2024-02-09	193.4	194.51	191.64	176.29	1903900
2024-02-12	194.99	195.41	191.44	173.87	1589700
2024-02-13	188.17	188.7	184.05	170.83	3512500
2024-02-14	188.85	190.03	186.84	170.9	1818100
2024-02-15	189.97	190.73	187.74	171.77	2411900
2024-02-16	186.78	187.61	185.02	169.66	2127500
2024-02-20	187.09	188.71	185.77	170.81	2241000
2024-02-21	189.22	189.66	186.63	170.65	1863200
2024-02-22	189.01	189.01	185.61	170.46	2149700
2024-02-23	188.12	191.27	187.45	172.2	1458600
2024-02-26	189.2	191.38	186.72	170.2	3310700
2024-02-27	189.19	190.61	181.16	169.25	4672100
2024-02-28	186.5	195.83	186.5	175.67	4059100
2024-02-29	195.2	200.8	195.14	180.3	4676900
2024-03-01	198.9	202.05	196.15	182.93	3473500
2024-03-04	201.43	206.52	198.99	186.91	2851800
2024-03-05	205.94	209.61	204.64	186.25	2469900
2024-03-06	206.46	207.23	204.99	186.78	1865400
2024-03-07	207.63	207.93	203.8	185.62	2085800
2024-03-08	206.6	209.16	205.89	187.96	2156000
2024-03-11	205.93	208.32	204.86	187.45	2006300
2024-03-12	205.71	206.24	201.58	185.12	1746100
2024-03-13	204.3	205.05	201.29	183.46	1690400
2024-03-14	201.02	202.55	196.21	180.6	2010400
2024-03-15	195.58	198.75	195.13	178.92	3346800
2024-03-18	196.6	197.83	195.51	177.62	1833500
2024-03-19	196.17	196.88	194.7	178.28	1463500
2024-03-20	195.42	196.72	193.81	176.46	2154800
2024-03-21	195.86	196.55	193.66	175.84	2658000
2024-03-22	194.74	194.74	191.55	174.79	2581900
2024-03-25	193.69	196.22	193.53	177.31	2144800
2024-03-26	195.26	195.47	193.9	175.98	1823400
2024-03-27	195.65	197.75	194.02	178.96	2494200
2024-03-28	198.37	198.37	196.01	179.15	2170500
2024-04-01	196.55	196.58	192.19	174.99	2195800
2024-04-02	191.83	193.83	191.34	174.24	2321300
2024-04-03	191.37	193.25	190.18	174.36	2270400
2024-04-04	194.09	194.8	190.09	172.54	2265400
2024-04-05	189.25	192.24	188.78	172.42	2538800
2024-04-08	190.1	190.49	186.64	170.64	2296800
2024-04-09	189.37	192.99	188.84	174.81	1962900
2024-04-10	187.19	187.49	180.54	164.98	4136500
2024-04-11	182.01	182.28	178.33	163.42	3688600
2024-04-12	178.78	179.68	177.13	163.93	3839000
2024-04-15	179.2	180.28	176.02	162.94	2562800
2024-04-16	177.95	177.95	171.76	157.54	3848700
2024-04-17	172.96	173.36	171.08	157.36	2732800
2024-04-18	173.73	174.06	170.67	156.43	2276200
2024-04-19	171.8	173.01	170.69	156.71	2867400
2024-04-22	171.63	172.94	171.01	157.62	2603800
2024-04-23	172.49	176.07	171.43	159.34	2659000
2024-04-24	172.67	175.44	172.36	158.58	3029300
2024-04-25	171.75	173.22	171.28	158.17	1862300
2024-04-26	172.72	174.94	171.33	157.06	1701400
2024-04-29	173.26	175.56	173.2	160.08	2104800
2024-04-30	175.53	176.92	170.46	156.94	3710600
2024-05-01	173.28	178.81	171.5	161.77	3877100
2024-05-02	178.01	179.7	175.37	164.33	3278100
2024-05-03	183.5	184.89	181.17	166.26	3130300
2024-05-06	182.28	182.7	177.52	163.47	2297900
2024-05-07	179.98	181.45	179.23	165.83	2594800
2024-05-08	179.95	181.52	178.51	165.88	2014400
2024-05-09	182.64	187.75	181.96	170.49	2588000
2024-05-10	186.47	186.71	182.5	168.77	3158100
2024-05-13	185.36	186.23	183.05	169.24	1842700
2024-05-14	186.36	187.61	185.4	171.03	2008300
2024-05-15	191.15	194.26	191.15	175.66	2815200
2024-05-16	191.65	196.21	191.51	178.33	2616900
2024-05-17	195.56	195.56	193.19	177.94	2157300
2024-05-20	194.0	195.09	191.66	175.42	1733500
2024-05-21	191.5	194.33	190.28	177.59	1527300
2024-05-22	193.59	194.24	190.22	175.04	1681100
2024-05-23	189.78	191.57	186.51	170.7	1768800
2024-05-24	187.15	188.51	185.54	170.09	1257900
2024-05-28	186.56	187.71	184.87	169.27	1828300
2024-05-29	183.35	186.48	183.04	169.53	1977700
2024-05-30	186.4	191.02	185.34	174.53	2850400
2024-05-31	191.88	197.19	191.17	179.06	7331900
2024-06-03	196.0	197.83	194.99	180.19	2333200
2024-06-04	198.0	201.58	197.0	183.34	3236300
2024-06-05	200.26	200.89	197.7	181.3	1737100
2024-06-06	198.0	200.03	196.76	182.49	1865800
2024-06-07	195.87	196.48	191.75	177.71	2143300
2024-06-10	193.86	196.07	192.7	178.13	2874700
2024-06-11	194.72	196.34	193.14	176.8	2781800
2024-06-12	197.95	198.84	193.65	177.31	3331500
2024-06-13	194.02	197.5	193.99	180.01	1531300
2024-06-14	194.93	197.75	194.93	181.74	1933200
2024-06-17	194.86	194.98	192.19	177.36	1779700
2024-06-18	192.58	195.98	192.56	177.82	2407800
2024-06-20	191.84	194.65	191.52	179.1	2236300
2024-06-21	194.1	196.37	192.91	179.73	2828400
2024-06-24	194.7	198.71	193.72	181.15	1792200
2024-06-25	196.35	197.43	192.19	177.73	1345100
2024-06-26	191.35	193.26	190.38	177.72	1828500
2024-06-27	193.25	195.41	192.17	180.16	1599300
2024-06-28	196.18	197.88	193.79	179.29	2393900
2024-07-01	194.4	195.91	191.62	178.96	1691700
2024-07-02	194.35	195.24	191.55	177.35	1913600
2024-07-03	193.07	195.08	192.47	179.67	1182600
2024-07-05	194.98	196.36	193.47	180.46	1018500
2024-07-08	195.13	197.39	194.51	180.95	1508800
2024-07-09	195.55	196.23	192.74	180.75	1577100
2024-07-10	197.39	197.49	193.8	181.5	1576900
2024-07-11	201.09	207.39	200.0	191.12	2256000
2024-07-12	209.06	212.19	207.5	194.27	2238600
2024-07-15	210.0	211.21	206.93	192.63	1585400
2024-07-16	210.44	211.21	207.1	193.84	1329400
2024-07-17	210.3	213.18	209.61	196.58	1759700
2024-07-18	210.81	214.46	209.68	194.3	1736300
2024-07-19	211.87	211.87	209.32	193.83	1404100
2024-07-22	209.97	212.43	208.23	193.12	1476200
2024-07-23	209.56	212.19	208.97	193.26	1123600
2024-07-24	210.25	212.81	208.57	193.14	1922800
2024-07-25	210.54	215.86	209.12	193.63	1926600
2024-07-26	210.81	214.12	210.06	197.13	1548200
2024-07-29	213.72	215.59	211.0	198.25	1607800
2024-07-30	220.0	223.46	217.61	205.74	2447700
2024-07-31	221.5	222.33	218.0	203.3	2924200
2024-08-01	222.8	229.22	222.01	210.24	3047000
2024-08-02	230.0	236.0	228.79	216.43	4750500
2024-08-05	231.88	236.13	226.01	208.64	4329600
2024-08-06	225.02	230.65	224.31	210.45	2823200
2024-08-07	226.35	229.77	225.05	208.43	3315700
2024-08-08	223.86	225.55	221.5	206.26	2942100
2024-08-09	224.84	225.4	222.34	205.32	2071500
2024-08-12	221.58	225.66	219.79	208.04	1455700
2024-08-13	225.86	226.16	222.03	205.38	5449800
2024-08-14	223.22	225.22	222.8	205.86	2313700
2024-08-15	221.27	221.45	217.5	201.14	1858400
2024-08-16	217.9	220.44	217.0	202.79	1986200
2024-08-19	219.42	220.9	219.04	202.61	1261900
2024-08-20	219.66	220.98	218.3	203.28	1631000
2024-08-21	218.37	220.0	217.02	202.46	2262500
2024-08-22	219.01	220.62	218.45	203.02	1926500
2024-08-23	220.97	227.68	220.56	209.38	1804000
2024-08-26	227.73	228.39	225.02	207.82	1142400
2024-08-27	222.19	226.29	222.19	208.61	921500
2024-08-28	226.45	227.65	224.18	207.77	1105500
2024-08-29	224.24	226.25	221.25	206.17	2003200
2024-08-30	223.88	225.68	221.43	206.67	1796800
2024-09-03	222.85	231.69	222.81	212.49	2660100
2024-09-04	231.43	236.13	230.26	214.47	2261800
2024-09-05	234.39	235.43	232.13	215.51	1990800
2024-09-06	234.0	236.44	232.53	217.83	2750000
2024-09-09	235.4	239.22	235.04	220.02	1984000
2024-09-10	239.35	243.56	239.15	223.98	2016800
2024-09-11	240.21	241.16	236.8	220.42	2216500
2024-09-12	239.0	239.5	233.94	218.74	2003800
2024-09-13	237.77	238.78	235.36	219.99	1983400
2024-09-16	238.92	241.97	238.92	221.67	2255500
2024-09-17	240.18	241.46	239.16	220.87	1526000
2024-09-18	238.86	240.28	235.36	217.64	1828100
2024-09-19	234.0	234.56	227.7	214.28	3434300
2024-09-20	231.66	235.34	230.74	216.82	3683000
2024-09-23	236.03	236.89	233.19	217.93	1762000
2024-09-24	234.24	237.02	233.74	218.12	1616100
2024-09-25	236.58	238.34	235.16	217.34	1447200
2024-09-26	233.12	234.02	230.26	213.78	2312500
2024-09-27	233.11	233.5	229.92	212.45	3051000
2024-09-30	230.13	232.78	228.75	214.51	2256400
2024-10-01	233.49	234.47	231.1	214.06	2279900
2024-10-02	230.99	233.05	229.52	213.88	2229500
2024-10-03	231.6	231.71	227.71	211.49	1590900
2024-10-04	225.87	226.0	221.51	206.3	1942500
2024-10-07	222.28	223.54	221.38	206.04	1658000
2024-10-08	223.53	225.62	223.19	206.87	1630900
2024-10-09	222.0	222.69	219.41	205.13	1574000
2024-10-10	219.58	221.52	216.51	202.45	1924300
2024-10-11	219.06	219.68	217.59	203.72	1613900
2024-10-14	217.71	221.99	217.01	205.98	1501800
2024-10-15	224.0	229.73	223.37	213.16	2310100
2024-10-16	228.26	231.05	226.81	211.39	1518100
2024-10-17	226.2	227.52	223.29	208.27	2021700
2024-10-18	225.87	227.06	224.19	210.26	1441900
2024-10-21	225.09	228.0	220.28	205.77	1295700
2024-10-22	219.6	222.48	219.25	205.76	1971500
2024-10-23	221.5	226.76	221.5	210.23	2712800
2024-10-24	226.0	228.8	225.8	209.91	1618300
2024-10-25	225.66	227.91	221.89	207.0	2054200
2024-10-28	225.33	225.64	221.84	206.47	1935000
2024-10-29	215.16	220.0	211.55	197.82	3591100
2024-10-30	213.59	217.1	212.43	198.35	2437800
2024-10-31	211.28	216.29	209.7	198.4	1961500
2024-11-01	217.76	218.92	210.92	196.28	1989000
2024-11-04	213.05	214.44	209.66	197.07	2333800
2024-11-05	210.93	213.94	209.5	198.69	1302400
2024-11-06	200.8	203.15	194.42	183.47	8133500
2024-11-07	199.46	200.92	196.04	183.84	4924500
2024-11-08	199.2	203.22	198.17	187.49	3981600
2024-11-11	199.71	202.16	195.85	182.18	2699000
2024-11-12	195.11	195.99	191.74	179.99	2953300
2024-11-13	196.2	197.79	195.02	181.32	2354800
2024-11-14	194.91	196.81	193.5	180.96	2282800
2024-11-15	195.0	196.73	193.75	182.52	2587300
2024-11-18	194.65	199.11	194.13	184.74	2374200
2024-11-19	199.25	201.77	198.23	186.89	2514400
2024-11-20	200.0	201.55	198.92	186.64	2243400
2024-11-21	200.32	203.51	198.71	188.43	1961700
2024-11-22	203.1	205.19	202.8	189.83	2016000
2024-11-25	205.47	208.04	204.7	192.84	3605900
2024-11-26	206.57	208.83	205.37	193.25	1791400
2024-11-27	208.0	209.67	207.83	194.46	1669400
2024-11-29	209.3	209.77	207.53	194.18	1610200
2024-12-02	207.54	208.51	205.71	192.63	2374800
2024-12-03	208.43	209.37	206.53	193.06	2551200
2024-12-04	206.53	207.94	204.68	192.79	2529200
2024-12-05	205.3	209.31	205.3	194.33	2291100
2024-12-06	209.58	210.66	205.02	192.42	2677900
2024-12-09	206.69	210.05	206.1	194.22	2854200
2024-12-10	207.34	208.04	198.8	185.38	2653300
2024-12-11	199.52	200.59	198.08	185.44	2356800
2024-12-12	199.56	200.59	197.38	183.82	1922600
2024-12-13	197.18	198.58	196.12	183.18	1995500
2024-12-16	196.51	198.74	193.57	180.0	2218800
2024-12-17	191.2	196.75	190.41	179.56	2637400
2024-12-18	191.77	192.9	184.54	171.74	4186100
2024-12-19	183.44	184.5	179.04	166.68	4709800
2024-12-20	182.08	186.51	181.83	170.7	5750200
2024-12-23	182.64	184.61	181.04	171.31	2594100
2024-12-24	182.62	184.75	182.54	171.61	788400
2024-12-26	184.4	184.4	182.59	170.94	1464600
2024-12-27	182.0	184.33	181.51	170.48	1640900
2024-12-30	181.87	182.23	179.85	170.52	1887000
2024-12-31	182.95	184.05	181.19	171.92	2115500
2025-01-02	184.09	184.69	180.57	169.69	3142800
2025-01-03	181.25	183.73	180.11	171.12	1817300
2025-01-06	181.57	183.48	179.87	168.97	2262400
2025-01-07	180.13	180.96	176.9	166.07	2096000
2025-01-08	176.55	179.32	174.78	167.97	2048300
2025-01-10	173.56	176.52	172.51	162.59	3539200
2025-01-13	174.66	177.2	173.78	165.86	2409800
2025-01-14	176.88	180.3	176.26	167.6	2124300
2025-01-15	184.05	185.3	180.07	169.02	2230700
2025-01-16	181.0	190.53	180.41	178.16	3544800
2025-01-17	190.76	191.75	189.43	178.46	2882500
2025-01-21	191.31	193.77	189.33	178.03	2460800
2025-01-22	188.46	188.97	183.65	173.68	2753700
2025-01-23	185.79	186.62	183.36	174.71	1684000
2025-01-24	186.0	186.95	184.89	173.49	1218200
2025-01-27	190.0	192.85	187.97	180.01	2862400
2025-01-28	190.22	191.31	186.17	175.22	1997200
2025-01-29	186.84	187.79	183.12	172.13	1735100
2025-01-30	186.23	187.31	184.05	174.18	1457000
2025-01-31	185.28	187.63	184.34	173.36	1570200
2025-02-03	184.82	186.5	182.15	173.76	1832100
2025-02-04	183.77	184.83	182.14	172.6	1450200
2025-02-05	186.81	188.22	184.82	175.72	1869700
2025-02-06	188.31	189.87	186.72	177.86	1407000
2025-02-07	189.78	189.78	186.69	177.01	1588200
2025-02-10	189.57	190.09	187.23	177.99	1957900
2025-02-11	189.18	193.5	189.0	181.3	1825700
2025-02-12	189.4	190.51	187.07	177.65	1766400
2025-02-13	189.91	190.75	189.14	178.09	1855000
2025-02-14	190.65	193.55	189.11	177.52	1776000
2025-02-18	188.56	190.65	188.18	177.68	2301200
2025-02-19	189.4	190.84	188.35	176.75	2470000
2025-02-20	188.52	192.97	187.02	180.33	2848500
2025-02-21	192.31	193.0	190.53	179.55	3304300
2025-02-24	190.7	193.63	189.45	179.97	2393200
2025-02-25	197.51	206.27	195.02	190.99	5179700
2025-02-26	204.59	205.4	199.59	188.16	2512100
2025-02-27	200.05	204.17	199.33	191.19	2553100
2025-02-28	205.0	206.34	202.61	192.74	3466800
2025-03-03	205.0	210.29	204.99	196.48	2229700
2025-03-04	211.75	215.15	206.94	194.15	4031300
2025-03-05	204.4	209.57	202.71	195.62	1969800
2025-03-06	208.37	209.02	204.28	193.97	2416200
2025-03-07	208.0	212.99	206.89	198.99	3599400
2025-03-10	213.49	217.32	212.31	199.72	4156600
2025-03-11	213.11	214.6	209.22	196.64	2698100
2025-03-12	208.01	208.83	205.19	193.74	2519800
2025-03-13	206.94	209.0	205.01	194.75	2691100
2025-03-14	207.77	211.23	205.98	197.72	3789000
2025-03-17	212.2	216.33	211.35	199.37	3097600
2025-03-18	212.69	216.29	211.37	201.41	3996500
2025-03-19	214.26	215.62	211.64	200.37	2244200
2025-03-20	214.9	215.13	212.66	200.85	1839300
2025-03-21	213.86	219.61	212.64	202.68	6326100
2025-03-24	213.91	217.01	212.41	199.47	2879900
2025-03-25	212.02	212.58	208.2	196.38	2646600
2025-03-26	209.5	211.55	207.65	196.86	1607400
2025-03-27	211.07	215.05	209.66	200.63	2458400
2025-03-28	215.64	215.82	213.36	202.06	1907500
2025-03-31	216.55	219.37	215.72	203.97	3281300
2025-04-01	220.08	220.7	217.6	205.69	2124800
2025-04-02	219.88	220.48	216.29	204.25	2794100
2025-04-03	225.0	231.03	220.0	213.9	5852900
2025-04-04	233.15	233.8	220.03	206.38	9877200
2025-04-07	217.35	221.91	211.64	200.02	5082200
2025-04-08	215.09	216.69	202.01	191.84	5455000
2025-04-09	202.11	211.94	197.5	194.48	5646900
2025-04-10	207.75	213.17	203.5	195.27	3565200
2025-04-11	206.52	213.75	205.15	201.51	2555400
2025-04-14	213.0	218.83	211.16	205.83	2080600
2025-04-15	219.28	220.82	216.02	206.03	3854900
2025-04-16	220.3	220.54	216.51	206.03	3376800
2025-04-17	218.94	224.36	218.26	210.43	2599000
2025-04-21	221.33	223.55	215.13	206.02	2781000
2025-04-22	219.78	222.22	217.83	208.83	2747400
2025-04-23	219.77	219.92	209.37	200.92	7046000
2025-04-24	214.33	215.28	210.76	199.32	2885500
2025-04-25	211.48	211.79	208.45	199.24	2464500
2025-04-28	210.45	213.6	209.36	199.69	3390200
2025-04-29	211.64	221.77	210.36	209.17	3174900
2025-04-30	221.36	226.09	220.59	213.03	3491100
2025-05-01	224.87	225.84	223.07	211.72	2253000
2025-05-02	225.53	225.98	221.19	211.32	2732600
2025-05-05	225.1	226.02	222.45	211.57	1832900
2025-05-06	224.31	225.62	222.36	211.52	1637100
2025-05-07	222.58	224.96	219.27	207.43	3571500
2025-05-08	218.94	219.9	217.55	205.91	3007500
2025-05-09	217.07	220.59	216.58	207.89	2499800
2025-05-12	217.44	217.44	206.92	196.5	4450800
2025-05-13	208.5	208.5	201.72	192.76	4525300
2025-05-14	202.9	205.19	201.01	193.27	4060300
2025-05-15	206.24	211.77	205.0	200.05	3115600
2025-05-16	212.96	213.46	211.4	201.66	2812700
2025-05-19	213.64	215.5	211.95	203.31	1733400
2025-05-20	213.51	215.86	213.42	203.57	1755900
2025-05-21	215.64	216.56	213.46	201.99	2231500
2025-05-22	214.43	215.66	209.07	198.72	1969800
2025-05-23	213.12	213.53	210.56	200.22	1573200
2025-05-27	211.02	214.99	211.02	201.96	1867000
2025-05-28	213.0	213.1	210.73	200.79	1787600
2025-05-29	211.66	214.1	210.65	201.97	1790600
2025-05-30	213.12	215.37	212.32	202.86	5861500
2025-06-02	213.38	214.44	210.9	202.35	2142600
2025-06-03	213.15	214.38	211.73	201.67	2035500
2025-06-04	213.25	216.47	212.19	202.59	1579000
2025-06-05	215.13	217.19	214.07	204.34	2526800
2025-06-06	215.32	216.13	212.09	200.87	2516300
2025-06-09	212.11	213.93	210.38	201.14	1777800
2025-06-10	213.94	215.4	212.73	202.82	1625000
2025-06-11	214.61	215.71	212.94	202.59	1577900
2025-06-12	215.78	217.77	214.55	205.74	1738000
2025-06-13	215.5	217.36	214.07	204.6	2455600
2025-06-16	213.0	217.32	213.0	204.77	2424500
2025-06-17	215.12	215.76	212.78	204.92	1659500
2025-06-18	215.61	216.66	213.59	205.25	1665700
2025-06-20	215.14	218.85	214.3	207.15	4018600
2025-06-23	218.65	222.61	217.55	211.1	2618000
2025-06-24	220.87	225.03	219.0	213.28	2219000
2025-06-25	221.74	222.83	219.51	209.76	1727300
2025-06-26	220.79	221.58	215.82	207.19	2040100
2025-06-27	216.3	219.88	215.87	207.44	2086300
2025-06-30	217.39	221.13	215.26	210.52	2071800
2025-07-01	220.9	225.26	220.62	213.81	2567600
2025-07-02	222.82	224.96	222.54	212.25	1937900
2025-07-03	222.48	223.16	217.9	211.22	1369100
2025-07-07	222.3	222.98	218.05	209.57	1894900
2025-07-08	218.02	221.16	217.63	210.22	2022600
2025-07-09	219.71	222.0	217.37	211.29	1712900
2025-07-10	220.49	223.68	220.2	210.51	1459200
2025-07-11	220.08	221.41	217.51	208.83	1358500
2025-07-14	218.95	222.3	218.87	211.25	1475900
2025-07-15	221.25	221.3	217.98	208.52	1754200
2025-07-16	219.66	223.44	219.1	212.75	2426500
2025-07-17	222.81	224.28	221.83	212.45	1522400
2025-07-18	223.42	225.77	223.17	214.1	1253800
2025-07-21	226.0	227.75	225.36	215.74	1458800
2025-07-22	229.59	232.55	227.96	221.32	2274400
2025-07-23	230.94	232.47	229.59	219.25	1839700
2025-07-24	230.72	234.33	228.48	220.26	2034700
2025-07-25	230.62	231.55	228.25	218.95	1031300
2025-07-28	227.72	229.07	223.35	213.56	2176300
2025-07-29	219.0	219.0	211.8	204.51	3704000
2025-07-30	211.56	215.08	207.66	198.83	3693300
2025-07-31	207.22	209.6	205.71	198.49	2774000
2025-08-01	211.41	217.39	211.13	202.03	3232200
2025-08-04	211.36	214.34	211.0	202.87	2804500
2025-08-05	212.26	212.79	207.78	200.07	1854800
2025-08-06	210.5	211.58	208.5	198.98	1634100
2025-08-07	208.92	211.07	208.0	200.04	2025800
2025-08-08	210.33	210.89	205.81	196.7	1727500
2025-08-11	205.93	207.88	204.85	196.29	2339200
2025-08-12	206.15	206.78	203.22	194.9	1757100
2025-08-13	204.88	205.31	202.95	194.45	2717800
2025-08-14	203.2	204.19	200.79	193.8	2636900
2025-08-15	204.19	208.21	203.19	196.33	2640400
2025-08-18	206.6	207.02	202.66	193.48	3227700
2025-08-19	203.54	206.83	203.23	196.84	1669400
2025-08-20	208.49	211.14	207.68	199.55	2217500
2025-08-21	208.37	211.0	208.37	199.77	1483300
2025-08-22	210.9	214.79	210.25	201.82	2343000
2025-08-25	211.0	211.92	209.91	201.09	1238900
2025-08-26	209.1	209.1	204.55	197.6	3538700
2025-08-27	207.75	208.03	203.21	193.62	3083500
2025-08-28	203.26	204.44	201.71	192.94	2978200
2025-08-29	203.0	203.86	201.68	194.17	2618100
2025-09-02	202.6	205.22	198.75	190.97	2601200
2025-09-03	201.49	202.8	195.2	186.94	3630500
2025-09-04	197.92	198.19	193.05	185.82	3523700
2025-09-05	197.07	199.4	196.28	188.9	4126100
2025-09-08	194.38	195.47	189.01	184.44	5376600
2025-09-09	193.93	194.78	192.0	185.36	3383900
2025-09-10	194.01	195.75	193.32	184.56	2539100
2025-09-11	194.32	197.09	193.07	187.22	2277400
2025-09-12	195.75	196.55	194.59	185.82	3096400
2025-09-15	196.06	196.73	188.55	183.36	3883400
2025-09-16	192.0	195.15	191.48	185.48	3253800
2025-09-17	194.96	199.13	194.43	187.85	3041900
2025-09-18	195.23	196.46	192.23	183.86	2368700
2025-09-19	193.55	194.64	192.09	184.13	5329500
2025-09-22	194.29	196.54	191.95	184.03	3471300
2025-09-23	193.42	194.75	192.72	185.05	2774700
2025-09-24	193.74	195.56	192.55	183.77	2963500
2025-09-25	194.43	197.41	193.14	184.51	3022700
2025-09-26	194.33	195.45	193.38	185.04	2608300
2025-09-29	194.56	195.5	192.31	185.31	3314300
2025-09-30	192.89	193.8	191.13	184.8	3426900
2025-10-01	192.28	194.5	192.11	185.76	2960500
2025-10-02	190.95	193.21	188.88	183.7	2822300
2025-10-03	191.0	192.41	189.46	182.77	2863100
2025-10-06	189.45	189.45	185.33	178.32	2968100
2025-10-07	186.26	186.99	183.95	179.66	2741700
2025-10-08	186.71	188.89	183.77	178.33	3329700
2025-10-09	186.3	186.51	183.99	178.07	2211000
2025-10-10	186.77	187.99	184.01	179.38	3154400
2025-10-13	184.36	186.07	182.5	176.04	3242800
2025-10-14	183.81	186.52	183.13	179.22	4174900
2025-10-15	185.92	190.19	185.76	182.6	3353900
2025-10-16	190.57	194.08	190.24	183.98	3394700
2025-10-17	192.08	192.51	188.16	183.81	1981400
2025-10-20	191.95	193.12	190.62	185.53	1782100
2025-10-21	192.15	194.4	190.85	184.85	1749500
2025-10-22	192.03	193.43	190.87	183.72	1535700
2025-10-23	191.27	192.22	187.47	182.86	2279900
2025-10-24	191.31	192.73	189.97	184.03	1721800
2025-10-27	190.0	191.09	188.74	182.31	2979100
2025-10-28	185.94	186.34	177.49	175.58	6047500
2025-10-29	182.67	183.92	178.75	172.08	4501500
2025-10-30	180.25	182.58	178.47	172.43	2954900
2025-10-31	177.13	180.06	176.89	171.98	2604700
2025-11-03	177.75	178.02	175.0	169.73	3481700
2025-11-04	178.65	180.77	177.44	173.3	2663800
2025-11-05	180.6	182.03	178.72	172.42	2330500
2025-11-06	178.88	182.11	177.85	171.13	1960500
2025-11-07	177.75	178.48	175.38	170.99	4255800
2025-11-10	176.24	180.97	176.0	172.69	2911100
2025-11-11	181.48	184.96	180.81	177.57	2429500
2025-11-12	184.0	185.38	181.93	176.18	2947600
2025-11-13	183.02	184.24	180.85	174.05	3072000
2025-11-14	182.85	184.4	179.61	176.41	3807200
2025-11-17	183.69	184.7	179.96	173.41	3253600
2025-11-18	180.0	182.36	178.94	174.45	3436500
2025-11-19	181.54	182.36	178.92	173.44	2673200
2025-11-20	180.5	180.66	178.01	172.12	3094500
2025-11-21	180.37	181.99	179.01	172.54	2609900
2025-11-24	179.58	180.36	176.58	172.55	6032500
2025-11-25	180.23	182.0	179.47	172.73	2005100
2025-11-26	180.02	182.3	178.5	174.15	1941700
2025-11-28	180.41	182.05	180.02	174.18	1088800
2025-12-01	178.5	179.1	174.91	169.38	3329600
2025-12-02	177.06	177.73	175.2	168.94	2467200
2025-12-03	176.03	176.77	174.35	169.29	2693000
2025-12-04	175.57	179.11	175.4	171.84	2804200
2025-12-05	178.82	180.37	178.1	171.87	2998000
2025-12-08	178.54	183.31	176.9	176.04	5804200
2025-12-09	183.2	184.61	179.35	172.53	3161100
2025-12-10	179.81	182.63	179.55	173.21	2500900
2025-12-11	181.66	183.21	180.74	174.61	4370000
2025-12-12	182.17	183.16	180.32	173.64	5329400
2025-12-15	181.74	181.94	177.91	173.21	5020800
2025-12-16	180.27	180.98	178.7	172.13	3198300
2025-12-17	178.54	180.77	177.8	171.51	4084700
2025-12-18	178.6	179.36	174.19	167.48	3950800
2025-12-19	174.21	174.84	171.95	165.67	6033000
2025-12-22	171.63	173.37	170.77	165.78	4154500
2025-12-23	172.95	174.58	172.13	167.69	3358100
2025-12-24	174.72	175.18	174.29	167.97	1040000
2025-12-26	174.5	176.7	174.5	169.51	1463200
2025-12-29	175.07	176.51	174.88	170.6	2177300
2025-12-30	175.67	176.85	175.0	171.46	1718900
2025-12-31	175.92	176.76	175.4	170.35	1680100
2026-01-02	175.26	175.81	173.17	169.6	1786500
2026-01-05	174.26	176.27	171.04	171.01	3433400
2026-01-06	175.38	177.8	174.77	170.59	2362300
2026-01-07	176.99	177.0	169.4	164.4	2756800
2026-01-08	168.57	171.32	168.34	165.26	2714700
2026-01-09	169.44	170.07	166.88	163.5	2359900
2026-01-12	169.4	172.88	169.4	166.43	2732700
2026-01-13	171.4	174.12	169.71	168.79	2870300
2026-01-14	174.48	180.61	174.26	172.2	3604700
2026-01-15	177.45	181.81	176.37	176.15	3868300
2026-01-16	179.68	184.17	178.65	178.11	4130800
2026-01-20	182.9	183.96	177.63	172.46	5038500
2026-01-21	178.99	179.68	176.69	172.87	2755700
2026-01-22	177.29	181.08	176.52	171.69	3741500
2026-01-23	176.38	179.7	175.15	173.43	2869700
2026-01-26	179.82	182.64	178.99	174.12	4304100
2026-01-27	178.59	181.36	177.08	174.71	2867000
2026-01-28	180.07	180.88	176.23	172.23	3437700
2026-01-29	177.51	181.89	176.81	175.95	3496100
2026-01-30	181.21	181.21	175.3	173.95	3504300
2026-02-02	178.98	179.82	173.59	168.53	2968500
2026-02-03	173.04	174.23	171.44	167.98	3147200
2026-02-04	174.13	177.92	172.38	171.3	4518900
2026-02-05	172.58	173.72	169.3	166.39	4730000
2026-02-06	172.77	173.6	168.68	166.18	3481800
2026-02-09	171.05	174.26	169.32	168.54	2507800
2026-02-10	174.35	179.67	173.59	173.2	2680700
2026-02-11	177.51	180.54	175.6	175.11	2089100
2026-02-12	182.47	190.34	181.85	182.59	4537000
2026-02-13	188.67	192.21	188.1	186.39	3413100
2026-02-17	192.5	193.62	189.93	187.35	3166000
2026-02-18	192.07	192.18	185.63	181.07	2636100
2026-02-19	186.58	188.38	184.4	179.29	2257500
2026-02-20	186.0	187.42	183.41	181.74	2484100
2026-02-23	187.5	191.49	186.68	184.4	2966400
2026-02-24	188.15	195.45	187.03	184.53	3535100
2026-02-25	191.6	191.65	182.29	177.05	3406300
2026-02-26	183.17	187.39	181.18	179.51	2918200
2026-02-27	186.16	191.97	184.68	186.15	4964400
2026-03-02	190.02	192.24	188.54	184.54	3390200
2026-03-03	187.53	191.18	186.25	184.59	2361100
2026-03-04	188.51	190.99	187.22	185.12	2457200
2026-03-05	189.0	189.03	185.03	182.06	3430400
2026-03-06	187.89	190.15	185.86	182.98	2747300
2026-03-09	188.23	189.53	185.3	181.09	2800900
2026-03-10	186.5	187.99	184.53	180.58	3288700
2026-03-11	185.61	185.61	182.49	177.41	1587900
2026-03-12	181.06	184.18	179.6	174.51	3070400
2026-03-13	182.1	184.54	181.01	178.92	3194200
2026-03-16	185.73	186.21	184.15	179.22	2267300
2026-03-17	185.6	187.84	184.14	179.57	2728900
2026-03-18	183.14	184.2	180.2	175.32	3654800
2026-03-19	180.29	183.07	178.35	177.32	3615200
2026-03-20	184.02	185.72	175.6	171.53	6368000
2026-03-23	179.2	179.63	173.15	171.25	4363100
2026-03-24	175.49	176.38	170.1	165.29	4558300
2026-03-25	169.48	171.99	165.08	162.29	4107600
2026-03-26	167.29	169.07	165.75	163.9	2890300
2026-03-27	168.79	171.66	167.97	164.48	2468500
2026-03-30	171.54	173.03	169.78	165.29	3106500
2026-03-31	172.63	173.11	170.48	167.45	4425800
2026-04-01	172.67	173.91	169.79	165.93	2311000
2026-04-02	171.49	176.47	170.34	168.56	4241600
2026-04-06	172.74	177.23	171.72	170.9	2898900
2026-04-07	175.82	176.38	172.89	168.9	3617100
2026-04-08	175.0	177.2	173.73	170.94	3465200
2026-04-09	175.24	182.36	175.24	174.58	3273800
2026-04-10	180.55	181.58	178.31	173.96	3179700
2026-04-13	179.48	181.21	178.48	175.56	2597700
2026-04-14	178.44	178.84	173.0	172.87	2887200
2026-04-15	177.77	178.7	176.22	173.44	2129100
2026-04-16	177.17	178.64	176.58	175.02	1915900
2026-04-17	178.29	183.07	177.41	178.7	4708600
2026-04-20	181.37	183.43	180.5	178.02	2778700
2026-04-21	181.74	181.88	174.31	171.26	3564000
2026-04-22	176.93	178.19	174.82	172.77	2269500
2026-04-23	177.55	179.21	176.38	175.42	2433900
2026-04-24	178.89	179.62	176.26	174.64	3065000
2026-04-27	178.64	178.9	174.7	171.79	3046500
2026-04-28	176.5	180.18	174.29	174.82	4484600
2026-04-29	177.54	179.22	176.59	174.62	2775000
2026-04-30	177.99	182.98	177.07	179.05	3006400
2026-05-01	183.77	184.11	180.87	177.97	1943200
2026-05-04	180.67	182.63	179.23	177.25	1625500
2026-05-05	180.0	180.68	176.71	174.55	2244200
2026-05-06	179.15	181.25	178.41	176.55	2116000
2026-05-07	179.5	180.97	178.43	176.17	2589500
2026-05-08	179.83	179.83	176.11	172.99	3510200
2026-05-11	177.05	178.99	176.15	173.91	2456400
2026-05-12	174.59	180.51	174.53	175.23	3384000
2026-05-13	176.77	176.81	171.01	170.38	3271000
2026-05-14	174.63	175.3	170.19	167.08	2922200
2026-05-15	170.18	172.35	167.37	167.21	4632900
2026-05-18	170.89	177.78	170.63	173.73	3242300
2026-05-19	178.81	184.12	177.7	179.33	4659700
2026-05-20	181.96	184.02	180.66	180.33	2812700
2026-05-21	183.2	184.84	181.99	180.1	2929200
2026-05-22	185.02	185.06	181.62	180.16	2069900
2026-05-26	183.79	186.99	182.97	181.24	2795400
2026-05-27	185.28	188.59	184.71	181.27	2741200
2026-05-28	185.56	188.3	184.01	182.94	2411200
2026-05-29	186.93	187.6	185.0	183.21	4326800
2026-06-01	184.82	187.9	184.01	183.77	2479200
2026-06-02	187.32	187.37	183.07	181.81	2610600
2026-06-03	184.22	188.59	181.47	178.59	5585700
2026-06-04	187.2	194.97	185.05	190.02	4071300
2026-06-05	193.98	196.08	193.02	190.23	3060800
2026-06-08	193.0	193.48	188.88	185.31	2800200
2026-06-09	189.16	193.93	188.73	187.0	2665700
2026-06-10	192.29	192.94	188.59	188.64	2179000
2026-06-11	192.1	192.94	188.05	185.51	3337500
2026-06-12	187.73	190.14	186.79	185.18	2985700
2026-06-15	186.12	188.02	183.69	183.77	3906300
2026-06-16	186.49	187.36	183.47	182.5	2682000
2026-06-17	182.64	183.85	180.79	179.15	2007900
2026-06-18	181.64	181.9	175.0	174.17	4453100
2026-06-22	175.73	178.43	173.99	174.54	3031800
2026-06-23	178.49	179.75	175.99	177.46	3507900
2026-06-24	179.9	180.47	173.34	172.59	4636500
2026-06-25	175.23	175.29	167.24	166.92	3382100
2026-06-26	172.37	176.61	171.14	173.71	7260600
2026-06-29	174.94	175.82	167.64	166.87	3600300
2026-06-30	167.69	168.6	162.4	161.82	5368900
2026-07-01	163.53	168.15	162.27	164.3	4626500
2026-07-02	167.16	169.7	165.44	164.25	3857600
2026-07-06	165.0	165.79	160.06	160.38	3989400
2026-07-07	164.23	166.42	163.93	163.48	2737000
2026-07-08	165.6	166.73	163.84	163.27	3625700
2026-07-09	164.08	166.07	163.66	163.24	3132600
2026-07-10	166.5	168.93	166.18	166.79	2458200
2026-07-13	170.0	170.9	168.97	167.69	2135300
2026-07-14	169.0	169.39	166.7	167.02	2200500
2026-07-15	168.2	171.3	167.78	166.83	2072300
2026-07-16	169.78	170.1	167.56	167.11	2375400
2026-07-17	171.94	172.68	168.9	168.24	2849600
2026-07-20	168.23	169.77	166.36	165.27	2570600
2026-07-21	165.31	166.61	163.07	161.64	2758700
2026-07-22	163.74	166.82	163.47	164.28	2702300
2026-07-23	166.18	168.23	163.59	162.89	3619800
2026-07-24	166.53	169.49	166.42	164.89	3343500
2026-07-27	166.42	168.23	165.55	164.96	3520800
2026-07-28	169.54	178.6	169.16	169.67	4395600
2026-07-29	174.96	180.37	172.59	177.34	5367700
2026-07-30	177.3	179.86	172.82	172.59	3697400
2026-07-31	172.69	174.17	170.96	171.51	4302400
2026-08-03	174.67	175.16	171.79	171.15	2505900
2026-08-04	170.5	175.55	169.03	173.38	2990800
2026-08-05	173.91	173.91	162.5	166.27	5294200
2026-08-06	169.69	172.38	167.39	169.37	2896000
2026-08-07	170.51	173.77	170.51	170.69	1560500
2026-08-10	171.26	171.62	168.72	167.3	1801100
2026-08-11	168.5	171.62	168.5	167.74	1584100
2026-08-12	169.22	172.39	168.93	168.61	1797300
2026-08-13	171.35	175.0	171.25	172.33	1357000
2026-08-14	174.26	176.59	173.77	173.7	1853100
2026-08-17	174.92	175.22	170.15	170.39	2678300
2026-08-18	174.86	175.33	172.25	170.49	1869100
2026-08-19	173.0	175.76	172.62	172.62	1435300
2026-08-20	177.04	177.91	174.96	173.84	1904200
2026-08-21	175.96	178.02	174.42	173.92	1746100
2026-08-24	176.46	178.86	175.9	176.48	1596500
2026-08-25	177.85	179.0	177.06	176.66	1401200
2026-08-26	180.0	180.98	175.35	173.85	2002200
2026-08-27	174.19	176.11	173.5	172.3	2204900
2026-08-28	174.54	177.32	174.22	174.35	1597100
2026-08-31	175.9	176.87	173.39	173.82	2858100
2026-09-01	175.9	178.24	174.62	174.14	2389200
2026-09-02	175.9	176.39	171.73	171.07	2579000
2026-09-03	174.93	179.05	174.89	175.85	1963000
2026-09-04	176.39	179.39	175.35	173.97	1931600
2026-09-08	178.34	179.19	174.23	173.85	2137600
2026-09-09	175.48	176.45	174.6	173.55	2048700
2026-09-10	176.18	176.85	171.75	171.13	2283600
2026-09-11	174.59	178.54	174.34	175.95	1911700
2026-09-14	179.13	179.47	174.85	175.05	2422100
2026-09-15	176.09	178.7	174.69	175.81	2262200
2026-09-16	177.39	179.8	176.34	174.5	2348700
2026-09-17	177.38	177.38	174.75	173.7	2668100
2026-09-18	173.2	175.57	172.82	172.12	3651800
2026-09-21	173.83	175.46	173.11	172.73	3569000
2026-09-22	174.3	177.08	172.84	173.38	3832200
2026-09-23	174.57	175.97	170.46	168.95	3022600
2026-09-24	170.78	171.09	166.54	165.47	3216800
2026-09-25	166.95	169.2	166.42	167.22	2054800
2026-09-28	168.9	169.89	166.97	166.2	3251700
2026-09-29	167.25	169.22	166.07	165.56	2841000
2026-09-30	167.57	167.73	163.35	163.69	2778500
2026-10-01	163.62	164.79	160.94	161.06	2649100
2026-10-02	162.22	165.23	160.85	162.2	2908500
2026-10-05	161.78	162.67	160.32	162.26	2484177
