Date	Source	Sentiment	Headline	Summary	URL
2026-03-18	Google	0.162	New deal to unlock full potential of renewable energy in Wales - gov.wales		https://news.google.com/rss/articles/CBMioAFBVV95cUxPOHNsNlRJZTVEVWhoMDdGUEozMlNpaV9yNmxzNXVBTWxodmZBVVhWc3dQYUZ1em96VUVUTFJDcFRNYnZsaDJvRDFDZDBZeDFtcmFZblRqNnFxY2tHdXQzZTdKZElGdVNHRkdGQkhQNkV5cTFMWERZMkF2ZUo3V0dXRXlaZHlxWDNIOVM2emtwS3lIVmZmUFc4WDVUcXI1NG1J?oc=5
2026-03-18	Google	0.0	"Climate law debate may ""heat up"" during state budget talks - WGRZ"		https://news.google.com/rss/articles/CBMi6gFBVV95cUxNdkdYNG9PNEEzZ3hnaXh5TE8yV2xFSS1zRnJtaDJnRE1JTC1sNGNNMEc5ek9XeEpWUEQ2a3Bhd29oQjdGX1JueFNWWXRtcE1VSTJyRktTZi12WE96YjE2TTFKRWZuOW4xZThDSlBMUDYzVUI4WXVpNDRTT0VWUDNBYkNGeklHcklNSnlGdFBSQ1ljdk1USlhKUW4tVWF4TThqV0ZsS3p1Nm5KSTFfaExCMzBWTkdHaDhjcm8zNjg5TG5ySGZ5YjNXWmxMVW4tYmh1SDZUcjJSWDBnTFdIVk9nZ1U2MjVndGpkaGc?oc=5
2026-03-18	Google	0.0	Editorial: With AI demand surging, Texas can’t stand in the way of renewables - Itemlive		https://news.google.com/rss/articles/CBMiqwFBVV95cUxQNzAtT2FaVUVIOUVSSU8tWUZwSUVzSVBXQ3NyUm9HR1ZCemVBWTREbjMwQ3lvNE9OS2RDZ3RUOU0wWWRESHh2b2tqOFlieUx4ZTg0OEliZ292b2F1U2Z4ZFJCV0lQdkpoV0ppaUx5UDc4LWNHVUlfNm5iWUNCazZSNUZKbXBGT3pIbWRRSEVpZG5ZNGFXNnZlLVEyNHVGQU13MkEwN3U0cnFkTU0?oc=5
2026-03-18	Google	0.0	HD Renewable Energy deepens presence in Japan's power market with 50MW Hokkaido energy storage project - digitimes		https://news.google.com/rss/articles/CBMiogFBVV95cUxPazhGT1RnWW5ZVkFoc3VWRkRvdWkxYUIyR0E4ZklaejZBWHI2MFdRZnBCNTd4QmctaVZrNXhQd25vc0xYaTRaX1FCWWpGRzdyNW55anlvX2UyaXlCWjNzckZTODBqNm5JOU0zak9hYTRlc1VQbHFvYnUtbDNZb255azJlMG1RdzJ5bTdVeXl4VF9NRW5HakxZWnRDYWZacklZd0E?oc=5
2026-03-18	Google	0.0	Pakistan’s LNG surplus crisis: Assessing evolving energy dynamics and the need for flexibility - Institute for Energy Economics and Financial Analysis (IEEFA)		https://news.google.com/rss/articles/CBMisgFBVV95cUxNR3NjSkVMUDdhTG9RUlJRVGZQU2xtb2Jtd2xnZW5fS1h2V0ZsWHJ3dnVIQXJzT3BhS0tRaGQtZ3NZVUw2emRJa3BaWXo3TGRRblR3ZmNyRjVSOEFVRldSYmY4TFRMM3BIQnNLeEwwLVhuQ0V0am9LZVJLbGY0a3dvN0k1Umd2SnVCY2lYVWo2b1dSZW1yZUtvTUk2QmtTNTY0VTQ5V0Z3b29neG56aUpLS0pn?oc=5
2026-03-18	Google	0.0	WinDC partners Armada to deploy modular AI DCs at renewable energy sites - W.Media		https://news.google.com/rss/articles/CBMikwFBVV95cUxPN1lDU1JOVDFEZk96UkdoTUY2T2RJakxtVmNzVnNlN21xcXZBdG1meHg1eU52NVZHUmpNeFhmUS1sU0xuN2h6a2FKbnRfTE1MY1dHQlZYSERhX2RVdlBOWGFncHA2bFBfSDhXenVOTk1kalBOTXRGc0ZmektVRnAtWHBGMmViM2VwNDBZTDBkLTQwV1E?oc=5
2026-03-18	Google	-0.033	Japanese Firm Unveils Plan For Liquefied Natural Gas In Hawaiʻi - Honolulu Civil Beat		https://news.google.com/rss/articles/CBMiswFBVV95cUxPaWF3SmpGaHBFN00xSE5kOWNnT3dobUIyelVBbndSdGpNTVZKWkU2WmFOekhESFc5VVdlcEcyRXRWLWN5aE9LN2ZFOVEwMHFXSEZRRjZhejU1RzlGZHhzeUZ2cDhrOHREdkEyRHYyeU16WDgyZHJpb0ZENXZNS1RGN0FHZEU1amFLVGg0dE5sakdMb1JmYjFSdzJvTk9yZUFhVUUxb3JyclZUdnZhWDBEUnNfSQ?oc=5
2026-03-17	Google	0.6	NJ Senate committee backs bill forcing data centers to use their own renewable power sources. - 70and73		https://news.google.com/rss/articles/CBMigAJBVV95cUxOWEFKRmdfS2NQd2doSWlSbmFUVDJWaWVrWDEydHFLbmZrTUxIc25td2p4Mkx6cVBaZnIwVFZGTlZhR1dpbmZsZE12SW1jSlFrbE9zcVJFWXZubWN3UmhwNDVsQ0JWYTVYUDM0TElyQWlEV2x4cDdxU1NidTZRdlV1YVpkNFJhemtMUFFmMnpwRmVIZWhMcE00RFhZTXRMTHdSSkFac1QtaDRUcXhiOXFoQkVta3F5Mnk5VWVkaW5wSWtMMGd2RXFSY04tVi1NZk9UR2QwT2tRM3M1V1c2X1FrZ2J1VFViSjdIWlpKWmVjMmk0eEg5Z253U2JveFF5Q3NH?oc=5
2026-03-17	Google	0.5	Would more North Sea drilling lower UK energy bills? Our analysis says no - The Conversation		https://news.google.com/rss/articles/CBMiqwFBVV95cUxOMTJGMGFrQzVJdXh4UDE5bnNSWDdTenoxTG9SOXljSjNYbmVTdmkzYnJLbkdQbDFkNkJnTWV4Y0xCRncxYmdWaGZHU1Mza0dnRS13QW1CTW1zcWF1MUlQUHl3UUxDSGRkdXdXQzZQbHdBZ1g2dEo0b0lNeG4zSWdSZ1c5QkZvWVVjb0VaaHJZdGNmUmNLMjdNZS0tZERwUnpJWFA3Y2l2d1UwMEk?oc=5
2026-03-17	Google	0.483	How Ann Arbor, Michigan, is creating its own clean energy utility - grist.org		https://news.google.com/rss/articles/CBMijwFBVV95cUxNYzg0OHVKdWZaNXI5VEJvU2Nqa0U3U3JOVzd6eHZYR2VMclFTWnpqa0w3Wk5MYnFTMnFZZWh1LXRhWjJLWmdQZjQ2clZYOGpuR0dNX0N3X0YtZFZDTkNYdzdKOWpCd0NiQlFKS184UTQ5U3BNMVNaWHVwdXhDX2Z0VkR0T0tydXViRjVFd0lnWQ?oc=5
2026-03-17	Google	0.483	NJ Senate panel backs bill forcing data centers to use own clean power - NJ Spotlight News		https://news.google.com/rss/articles/CBMisAFBVV95cUxQaktmZVdydjFNYjE2cGRreXBWSzFyNk9PYTZXZnJaSUZGS0RfYWVCb1NSNkZXR0Z6Z0h4dUdkVkNwbHRNckZpcExFaWZLZGwzVTYzWmZfd296aVhreVpUengtMTBPWUJ1UmNlaEtpZ2tEMmk0WUVXejVXbU1tNjdodld2LTI3SEMtMDlOaUZrTGxteThJaFVhcjhLS3JWS1RyZTBmOU9FMzhJZmxTbzNSbw?oc=5
2026-03-17	Google	0.4	FES Caribe 2026: Which companies and energy leaders are already confirmed for the fifth edition in the Dominican Republic - Strategic Energy Europe		https://news.google.com/rss/articles/CBMi4gFBVV95cUxQV2VoWG5NSnJaQWllMFAwOEt5azk1MUVEWjNCZU5SVzVORzlRNzN6NXl6dmItaUxIc1Z3RWlCVzZETGhBbXdCcC12bDhLVFZnR0tSbmVoWGlFYTlIVmhOT1FfVzRiQVkxWkZDUDNyODdlQlhuWjl0YUhSTkRIZHBndnFZWlRINmo1WTh4Q0lzRWJZaGtBZC1NUXNKbjBPSGZKTGJRclNueWxIdWlDejRweHJuN1N0TUM0VFgzbHRubU9FR1hRaU5GQmxjZEozdThsWnFacDBnZzhFSXVUWXF5eVR3?oc=5
2026-03-17	Google	0.375	Mariano Berges and Soltec’s “rebirth”: “Renewables were love at first sight” - Strategic Energy Europe		https://news.google.com/rss/articles/CBMinwFBVV95cUxOamJwaEh5RjdhT1J0dmdJYkZqTC1RWXFhUVYzdEg3UGljTWEzbnBCM01VNWhSMXdhNmhrSzYtZzlUSWkxOEFKeXhYRTFKZWhfcWNFRDdzX2tTay14Z2d4WG0yZXRvQVcwUl9ZdVN6eWRRVVN5Ul91RG5DckdWcm5ncTkzR2FTOXR6U3hwUEMtN2dkSzY0T2hqM3liTFZGejA?oc=5
2026-03-17	Google	0.367	AI power dash transforms clean energy offtake market - Reuters		https://news.google.com/rss/articles/CBMisAFBVV95cUxPTXlfc3RLeDJtTVJ4dDRsZDVjRklVUHBDVUVxX1pGUG5IcW5XQ21kZ2xOcDhmcHN4TzlYZGg1RWYyaGstQ2FORC01dnVEX1BzQ05KU1RCMVBqS1l0Mk9iNTFuZGVWWU82aUJQYWZoeDBpQUMwY2NHWW50QTZXb3FNNEdfYmJ3NUZnWWZkaHZzUkZWS09GdEJtUi1QSnlKYmVGNUxXMUNyNkE1eVRINklKZg?oc=5
2026-03-17	Google	0.367	After a tax credit shakeup, clean energy marketing strategies are pivoting - Marketing Brew		https://news.google.com/rss/articles/CBMikgFBVV95cUxOa2ZZTjFLTndtR01nTWJIN01RYkJOekd5LTlIUW9Db3dSMHd5a1l5ZUw1dXdjVm9uSW4xV0Z6bEVuYmhJSE95bTRWQW9GU1ZrNzBCMmNzVGxTUnVnV0ttMlVhd2NBXzk2YmRpNTUxQlh6cjh2Q1UwUEM2VFFKUm9vZFdDdk1vek9Jd1RLR2JGQkN5dw?oc=5
2026-03-17	Google	0.367	Duke Energy Clean Energy Program Exceeds Enrollment Targets in North Carolina - PR Newswire		https://news.google.com/rss/articles/CBMizgFBVV95cUxNbHVXMGo1aWR5Q0lzdWg1bXNobURORVEtcXh1OFN4X1djY284dUxSU2NjbmliSjF0MHZPcEhjT2x1bi1vYXBQYXVmcm01Wk41SEFmMExfYTYtbEF1Q18wWElNVVIzcy1RRFQzeHhtWTJ3RzVZdGdzekJYekZUQVQwbjRGaG12V19UNnpjNkdwdFpnV3N3eHh4X0lmMWZub1NNOVdvUUZHaGM5OGpWNk1rYllNdkRFWmZfTXVFYjM5NjVERWJ4LUFUNkpNRnktZw?oc=5
2026-03-17	Google	0.367	Google, DTE Energy to bring 2.7 GW of clean power for Michigan data centre - Renewables Now		https://news.google.com/rss/articles/CBMiswFBVV95cUxQTk5vRlBJN2hQMTJ2THoxZVZ6UGRXaFdZVGhxaGd3WnNaWVlmMnNJYi1zNHAzMDVaTk9hZEpoQkxrNnptYW9vQmo0YXA5WVhpWENZQXFzeXpBTTdCRy0tbEtMLVhVUm9nd0NMRTdlbW1LUVdwZEVlaDJsd28yYU1BelV2QkVCNFFnMWY5WUNJYVdncWJVLXQ3bUsySUttMFBuMm5sOWFNUVhXVk1Dd1pRWUZaVQ?oc=5
2026-03-17	Google	0.367	NY clean energy projects that could power 3 million homes on hold because of tariffs - Gothamist		https://news.google.com/rss/articles/CBMisAFBVV95cUxQTDJhZEk3NlBmQ2NFNS0zRzlrZlZNTDBJOTg0UTdTY3J2SlJ0b0xOSVV3TFlDazR4U0pwVVFJME93SldpWXpVS2RZNUNjUjNjR3RfUDJjSG9xM3NONW4xRk5KT3dwcEpFSEk5UjFBYVBrenZfakc2SnB0aHpDMHpoMGY0NVZMeXM2b2o1VC1IZ0xSZHA3Mmd1bjF0Zkk2b1piN29HRnZKTzFIdU14Q2hkQQ?oc=5
2026-03-17	Google	0.367	US companies bought record amount of clean energy in 2025 - PV Tech		https://news.google.com/rss/articles/CBMiigFBVV95cUxNbEpMQ3JSaXVvYmRZYWtGdldpTmloQ3RQbnVVZVZOZW5pVndyTGlkeEdOajlTZUFXakhERGVJMnpsMlZ3SmM0bnp1UEFucENDVWxBXzhhMjlDRWtodi1UTGRDdnNPTno3RURHMnN4MXM2RkdiR2Fnb2EtM2JXMElHZlV2OFREclFDbGc?oc=5
2026-03-17	Google	0.3	Danske Commodities wins tender for record-breaking 1.1 GW offshore wind project - Energías Renovables, el periodismo de las energías limpias.		https://news.google.com/rss/articles/CBMiqAFBVV95cUxObGE4c0ItOFFMak1KSzVFekxpRUVPUFNTTnZna1BzV2FBekRXbVRTLVU4OEg4SGNOVmZBOVJ0aXEyTzQzQ2FiQmliT3kzZWlzSlJXSGFLalY4LWNTbHFEaHlKVTVTbEFQTEhBVDM5Z0l0YU1MSlZ5WWNXc2lTRjdoTjJ6a3V4UU82ODBtY2NTb1hJeWJMenZ5X2VsUXdKeFJMc3pGdWtlSlM?oc=5
2026-03-17	Google	0.3	The German village running on its own juice - DW.com		https://news.google.com/rss/articles/CBMiggFBVV95cUxNSG1OcWxHaDlnazRlUmdSR1M1TE1iMzBtczlaY2tMVDNnS1JlN0hJN3pzV0pPTXo4Zmc0ajlKTUh3YXFqaG05eWdMUjIyZDhOX1RuWWdMQTFOTWg1LUVCQjhZb21HVWRGSl9hb1J0Y1V2SzhqVzJSa1Znck5JUU9zWl930gGCAUFVX3lxTFB5UDhSaUVIS3BpajZzTDJPQm9XYkNMaG5PNWMyQnhjZWo5RHI4YzhrUXZhSWgzSTNmeEtWcVA3cnRmQWxBNVNiX2hoRXNVNWRqU0FSS0tJT2U4U2JNYjBUenJGaWl6bmNabVh5a1NXdGFqNlhaNlhEb25RYWN3Z0E3M1E?oc=5
2026-03-17	Google	0.3	VSB wins approval for 36MW Hesse wind - reNEWS.BIZ		https://news.google.com/rss/articles/CBMickFVX3lxTE5NQ0lrME5iNWkxMlR3ZlBuUnVCdmhBQ1E5dTRMRUtDTElMZERMSUI2eWRMSjVQQ25qbmc5TzZ2ZVBibTNmb2lVNW1OQ3JWUEJPbEtJZEsyYWZTXzVCejVGeVpxS0p6X1UySVdiY01hMkJaZw?oc=5
2026-03-17	Google	0.292	Ireland has just launched its first giant four-hour battery, and what is most impressive is not only its size, but also the fact that it can be activated in just a tenth of a second to supply renewable electricity to 10,000 homes when the wind stops blowing - ECOticias.com		https://news.google.com/rss/articles/CBMi1AJBVV95cUxNcnBfMzVZakNzaGFkYWN0RnRURTlOZVp2WERBZzJxdFp3dFpoRUJ5QUNjck9BVFZ0a3RnbDUtVENiZ19hTTVvbEpFalRZWUZfRWJHejdROGpxS2tDem9IMkM5WjhkWEVBS3JMaHpKWFBNc1RSZ01pem9NQnBFQk5FT1ZoUHV5OENiUTRRbVgxQmVxRnkwdlJ1N09xYkxucUxKS3ItNjd1QnhWblpFLVpsTEkyTWhRc3NvcllnVG1BbHIzMkdtNzhqNFU5cFZFbldVNnBMNzQtQUFqQjEzdEVpRi0xcnpJWk5WQVVmSEN3eUNTb3d3MmpVS3d2OHkyVXJNNnZ1WUQ0Y0FDZHFfbzUzcEJOZk5fLUFhb19EWWNfX3pXZlJ0SVFMQVNMX0dvbGVJNm5HeTdHTm53TzJocnVGUmt1QzM5TG9fMXVTeF85LWU1dDhN?oc=5
2026-03-17	Google	0.252	New Mexico Advances Clean Energy Despite Federal Policy Shifts - Governing		https://news.google.com/rss/articles/CBMimwFBVV95cUxNUm5zd2c0WTh1NmNsazZiRm02djhFTGhrMUEySERqblNFYU0xeHB2ZTY4Y0VSM0hKSE5HenVzaHZ0cXJISmhhTnlzRExaalVaakIyWkVUVjFmMXVWUGV5NUUxN3ppQTVaUUk4QnV4azlTYVY5ZzNqc21uQjZXN2V5UnZWZVJ5MlJsdjVaY1FaUk9WZG4yRW5nc3JBbw?oc=5
2026-03-17	Google	0.244	Correcting the Record on the Clean School Bus Program - Southern Alliance for Clean Energy		https://news.google.com/rss/articles/CBMiiwFBVV95cUxPT0s4Tk9mazllZ29NcnhmZkZuVHV5REVRaTZycVM5VlVrRG1WWkNIdklXLUU0QU5JaHBuMWh3d09HR3ozU1gtM2psNDRTdFRhU0RORktUbXhiSEdkRnJoZU1iSnFSRXh2N1BZQlhkbmpsRU1uQkIzODhoYkk2NWJITWw3RkoyOUx2MkNr?oc=5
2026-03-17	Google	0.233	Power play: Our ultimate energy bracket picks most affordable electricity source - Straight Arrow News - SAN		https://news.google.com/rss/articles/CBMioAFBVV95cUxQOEstMDAwQUhQV2pJbGRnOWN2S0lUdXNxWmVLRXFHQUN4MVltZjhEZXBEZjBIXy01N2R0TnBpOEI4aVY1c3pSTG5wR0p3N3NOa1pSNmdaTWUwZEI2b2VnOVBOR3hqbllxd0E4djRDWVNTeDB2TldVQ3ZERVM0NHNndjNKblBId2hrVEpCT0RGMWhCMkFwWWR4MFl6WFZ1WFUt?oc=5
2026-03-17	Google	0.225	11 Most Undervalued Renewable Energy Stocks to Invest In - Insider Monkey		https://news.google.com/rss/articles/CBMiogFBVV95cUxQMDNST0JZR2tqdDNMdkhQeEhTWi14M0ZGOGRjMFctclFYYmYxNkxLUjUwYzhmNkZ3WHFFWGtjdHNQTmVOaEpURi14dnE4Q2xodnhzRmt1RWRxQ1FHZUNpdzJXRFUtU2FxQjA4ZXNZTEZtQllIUjJ4TkVLWEliV3NfOUR6MGZrZDI2N1RqTHlTLUtTYmZVZnQwTVlUaEJGOXJsMUHSAaoBQVVfeXFMUGEyQmhGQnMtM0lMaTdlM1kwTHZFMlh3ay1GeU1aZHRPTkxNSmZWOGZLanVxT0pJSUUwYUNnTkNqNjRTeDVwNWY4SnREMTJJbVpFWW9POTdLTGNxSmJTSlNBTk82anZ1UjFYM0hzcXFKNDZqQzR0YXlOU2RHSnRFZ0xEcUkwRUFWbzUwZHZVWjAyTGNEVGoxSngwclk1bG1wbmpOcE5oSGxPZGc?oc=5
2026-03-17	Google	0.214	HD Renewable Energy Showcases 3GW Japan Pipeline and Power Trading Strategy at Tokyo Smart Energy Week 2026 - Yahoo Finance		https://news.google.com/rss/articles/CBMihgFBVV95cUxPcUZSb1VSd19xTFpVdTY4ZmR6aHJuUVhsYVk3ZFdqTUtoQkw5OW5JQ0NFXzlCaFRHOVN5RmJBMWlhRDJWdDJHQlVFZWtWanJxZ0NidTQ4QThEbXlDdkRDdUtHdDgtZmkzVTBSdVlvNHJjeTdoSncyWW5oNkNSbnJxbG1HcHI2Zw?oc=5
2026-03-17	Google	0.2	Promising Renewable Energy Stocks To Watch Today - March 17th - MarketBeat		https://news.google.com/rss/articles/CBMiswFBVV95cUxQQy1MNFhReXBJX3ZRMnFHcU1aV2l5RUpXMnNKaWRYUEdfME5EUWtqcVdDZkpaNlBJVDBwTFhVc3hfM2FOYmJrTDNVeDNSZ3pJWnBpN2plR09BQkNOMklJQ0tHQVhBcXJ0SWdPbm94QzRmMVBZMlZhYXg4N3VvdDl0X3c5QTRoNEM0RnlqTkk5WkZkSjE5MUJuNXpSVXRCSDJOamVxd1JIUEZNVWlZNnNoUUtsaw?oc=5
2026-03-17	Google	0.183	BPA’s Energy Market Choice Will Spike Customer Rates, Harm Reliability, and Roll Back Clean Energy Progress - Earthjustice		https://news.google.com/rss/articles/CBMi1wFBVV95cUxOSlYtN1N3N3RGOTRIUHpWQ2lSLVZEX3RuWnZtc3ktMkxOZDZqVW9iUlRYS1BWS203NzFTeWIya0p3dzlIWnRuTmJMYlhvdGVETDRfajhHdEdHZm5CZ1NDaEY4THRUamRYN01rNXJNZkxzMGJnV0M2a0o4Rk5pWmw4WHVCNjdNZTl0eV9MSUVoUklaYkRIb2QtSmUtMFU0UFdBblhTUVpNWDl0aFMzeFJ3WmFLWEpXYkpxaUlMSmR3NFJyaWxBV080elZsY2NVNUlsLTNPeW0yWQ?oc=5
2026-03-17	Google	0.168	Priorities for Sustainable and Responsible Development of Offshore Renewable Energy on the West Coast Outlined in New Report - National Academies of Sciences, Engineering, and Medicine		https://news.google.com/rss/articles/CBMi9gFBVV95cUxPb2w4RVpnRTlSQnBtN2RIcG5GMG9fTWk3R0cwMlVyb0c5TnVET0pBSzM1N1dVM3QwVURtUG5kTXA3QjhiY1RCWTh0dHR2V2J0aXd2VEVRMnlyOW9pTTQ1LUFFckNieEVsMjRpTWVDNVZLNWpyVTZrdWctRFBlZnpVZmdEVGM1Z19MUDFjU1FGVm1QaUpBdjFzc1BjQWxCNWlGdGRxZFFMbk4tUG53b1VQZ0Q2THowVXh6c1g4RDV0bkFQT1hRRHJ4d3lLQmpZSFRqQndQTUZvUjY0aU9tQ1BXcmZoN3dFTHRCckluN3BGLWhZb1RBUUE?oc=5
2026-03-17	Google	0.136	Grids under pressure and new tenders drive energy storage in Latin America: Sungrow prepares with 110 GW of capacity - Strategic Energy Europe		https://news.google.com/rss/articles/CBMi2wFBVV95cUxPb012Tm9iaVFRYWdhMlRpUjlBam1RMnFLR1lHYUxVMlpMVnUxWDFsQmdNcEZKcXlGaFg1aDRZVzRvYWluZUZkeDltLXJHbFhKR1hNdElkVG1XLW5LRS1JLWtoVzFONW9obGp1cE1zYUk4M182QUFNUkxLd1ZrOHAteUFycTR2OE0zV1BGZk9vbU1wc01PU0pHdC1kNzNQYUpOQ1ZXVFhsWFJPSE5DWjRwOV8tTW44RG1ELTNGMDRYaE1ZelNkWkFVZXVrV0dBVmJVUVJoMHVuMGNwdTQ?oc=5
2026-03-17	Google	0.136	Massachusetts targets 10 GW new energy, 5 GW storage by 2035 - Renewables Now		https://news.google.com/rss/articles/CBMioAFBVV95cUxOVTBzMGRxS0t2WXJ1dFBYZXlYOTJUYzY3aURWWGp4RFl2NmQ0YTZYTllPUEpvSWxiWTh2cDdsVDFLNnJlbWk1S1R2RWt3VmQ0S3Bxd0FzNG1oZVA4R2hMSjJCay1LcnRELVd0VGl1S2ZVOWFNOXVYM09IdTNVMDlXblJ6Uy1oalV0dV9ESlhJUnNGYUEzTVFTM2ppU04yMFFw?oc=5
2026-03-17	Google	0.136	Opinion: A new era of unified infrastructure - Fierce Network		https://news.google.com/rss/articles/CBMiiwFBVV95cUxOY1N2eHpERjU0bUVZb1Y5VEo0Ykl5ZHQyT3JfdTNYbXVmOW9UcXJ1WjBGN3NEeHhkbnI3Uk1HTEpDVlpYQTNQWjVmOG9nOE9NZERhSlFQRjdVeXNCOVpDRERQZ1I3bW81VWQ3cWREUlQtMHhjVEo3eDY3a1FGMXltTFhZR2txOEZ1TEVV?oc=5
2026-03-17	Google	0.136	SRP, Invenergy strike deal for new solar farm to address Phoenix area’s surging power demand - KTAR News 92.3 FM		https://news.google.com/rss/articles/CBMie0FVX3lxTE4zOGNwU1hyNGxtTGRSYWQzX29iMmRDbTUybThzbFlYUHJIWVBiWlhqN2prVUxoRlkwaGd3X3ZqeXg3UWZ2OHR5VlVnY1dyalBQYjRtMHhBVGl0ZEhEVWpqQ3J0VTRGWUJUU1c4WXVkRlVCaU1zRFpiUHYwcw?oc=5
2026-03-17	Google	0.122	Despite high upfront costs, a solar-powered household saves big on electricity bills and helps build a more resilient local power ecosystem. But there are obstacles to overcome. - facebook.com		https://news.google.com/rss/articles/CBMi2wFBVV95cUxNUjJSNllBUnF4N1JYcERva1dQZFA3Rm5tWWZxXzNkdUdtSVQ4ak1pVzIxUkJNMFFIU0F1VFMtSDNDbURNX3dkdFlDOEFRbG84Y3pnVjh6MVJUX3BtSjlaQ25MM0ZjZlZUTElWemtlSWcyZ09DNFowY0dSVDU2M3JYbTdYajVxTl9NQWRVcEhzT3VJR2tBbHN1c1prT015YW8zM1JNaHUzUlBEWHhsLXo5cjluUTducTZyaG1QVTR3bVJpa1ZLNENkVVpRTkxSTE9haEdsUTFkd3lJTWM?oc=5
2026-03-17	Google	0.101	Fintech Company OneEthos and Montgomery County Green Bank Launch New $4 million Clean Energy Financing Initiative - Newswire.com		https://news.google.com/rss/articles/CBMirAFBVV95cUxQbURaLVZGWng4Ql9sc0h3NTByR2M5Z0FXWnIxbjBNZjJQckVqMFdORkRNWV9pcFFmMmM3R1dzQU1KSHZEaWNlVGxnMUlvaXVvN3lxWDVhN2FYUmM5YnVsVTduektlRWNZUFNnUjIyX2FlQ0hqeDJNRS1YSGQyNlJNRzZtYTlrYVNibWpaTHVxR2ozSTlBUkV5NXZGRXFqUkU0WHdmMGdkLWItblAx?oc=5
2026-03-17	Google	0.1	Direct Storage of Biomass Coalition Launches to Advance Carbon Removal Pathway - Energías Renovables, el periodismo de las energías limpias.		https://news.google.com/rss/articles/CBMipwFBVV95cUxQTkZQWkYwTTBmQ1RvQmcxUnhrSEtTLVBoRExRcll2MWlyZjc5NmxhWF9NUDdJTEhHNjZCQW5aV3h5bFFBdmRLTDFrUmtSNXhkU3h5VERGMldKXzdWR21BV1Y5QjBXQnlfZEdDQ2p2VUI1YTBybEhlWldOcWZ4bjVCWlE2VEhEa3drT2ZocXQwWk9EU01taDgtLW9JblBpZVZXbXlSMGpJNA?oc=5
2026-03-17	Google	0.1	Projected Surge in Electricity Demand, Natural Gas Production, and Renewable Energy by 2050 - stl.news		https://news.google.com/rss/articles/CBMisAFBVV95cUxQTHktSVg3ZUNQU1NoUUdFbkZNY2FWcWU5eVo5MFBtWng5M1BCZFliTU9vQU11ekU4Y3JPdHY0bV9Uam5aQU11M2NFVHBwRlRhZVd2ZVg5bVJ1ckh4Y1pLOU9yU3NNeHFCNlZycy0zeWI1Mk1HU2R2NlFwQlAzMUx0eV9IRU94dkxtQ0xtdHFEWWJ1QnFNZE55TlB1WEZzTmxhTUxLcC02bFJjWlNmYlpENw?oc=5
2026-03-17	Google	0.075	e-STORAGE to Deliver 2.5 GWh Battery Energy Storage System Supporting U.S. Data Center Power Demand - AltEnergyMag		https://news.google.com/rss/articles/CBMi4gFBVV95cUxNVk5EZnIta1JzY3BvdG5oSEhjSFpzdGZqMTl5bkNFczIyOWFSVjN6X1hfVHAxUjlFZVlza01fSDZUWV8zVlJKRFYzd0w4dEl1RUg4ejItdnRlaWlhODNKclpxVUctQ1VXeU1obEdUQ2lGVGRUdFN2cVVqZ3BpZ0JZeE4waTBHSHVUZFpLeWN2bThBRzBwWnlINE84STVGZUE4UWc3RXVEdXY3OUt5UEVSN2VBRVpWblB4aFdXNUsyNGtCbWdkRmtGVWJKQjR0UURHY3F4bkVrU1V0SS13RGVGVjZn?oc=5
2026-03-17	Google	0.068	City to host public meeting on Ithaca’s new community energy program Thursday - The Ithaca Voice		https://news.google.com/rss/articles/CBMirgFBVV95cUxOMnRpNnVPNjIyQWFwVXJsV1pVUUcyazNrYXFhMFdyaWxYczRFTTVhbHJyaU5lajRfVktPSzcwZlhZSVhPb1JnbThBNXNPSFlyTjl2S0F5RWwzLUVSVHZfMnZWR3BZbGNsQlROTHVVbV95RmlScWs1bUk2ZzFpNWNCYndEUEdZeHd4eTNlN29TZzRQaU9mb295dnBYZVpIeHlsTzBJS1c5TndGTjkyOXc?oc=5
2026-03-17	Google	0.062	A Major Offshore Wind Farm Just Finished Construction. Trump Is Already Plotting a Counterattack - Gizmodo		https://news.google.com/rss/articles/CBMixAFBVV95cUxPNjZZRHRXX2tQai0zTEFNNnJsMzlmb2hZN2hzQVFfZDNXX1pYSTZua19lR1Fza3k1QmpWN3lVRnBIWGpsU1lyVXJRaGlXQnBiZ0cySGNLZWZhS0w0dUhDNmI2Wlhnbm05Z2pkMFhrcWFVS0RDd1JJR2xfZlRiX2xtcHQxWWNMd1ZMV2kwNzBrbkI1X3F1NkZjZW5kbUYxMGpuV0syUWE5UUdnYjAzeE5SaUQwS2JhVUEzRGVra0RVV19YbFhK?oc=5
2026-03-17	Google	0.05	Environmentalists say Washington County renewable energy project is too near national wildlife refuge - Oregon Public Broadcasting - OPB		https://news.google.com/rss/articles/CBMiqAFBVV95cUxORDhFU3k1VExtaWVLMC0tSmZaUThOWjZaTHhXV05EM1l3QzBmUzZzc3lpaU96UkFtX1ZfZE94Z0JEbWRnazRFaUM0WE5vdG01V2c4Um9pRFR1MUZOMlY4a3h1QVBnaG1MRHpMX2pxQXdXanJ2OXlZR3FuSER6UWkyUGJJb2FIZEFucF9IZ1JpMXVDaXNubDdydHpNTWF3cEVYck1oNmgxdTI?oc=5
2026-03-17	Google	0.017	How a Small Chinese Solar Company Found Success in Africa - The China-Global South Project		https://news.google.com/rss/articles/CBMilgFBVV95cUxPUDdreW1ZaFRzSmpYN3Z0NGNaWUY5X0F2RnhxQWt1UFFYT2Qza0FKcHBwRHc5SE01LTBIY201UkU2Z0JmUElmS0RaLTNmWFlUengtLVEzNmY1QVl0NDV3YVloOERlWE8tNUZ0SFhlX3BtSEltOTlqd3BzWXoyVGNHZHE2dFh0ZnFSWjhOWTVFSW1PS1FjZ1E?oc=5
2026-03-17	Google	0.0	"""Balcony"" Solar Could Save San Diegans Money - Voice of San Diego"		https://news.google.com/rss/articles/CBMiowFBVV95cUxPOHNUdGJSSnlMUk9rM0pqUklWejFaMUFicG1FaGxwYnBzaGl3TDU4UVcxZTVnMHFtOFFyMHZEWnBqLUVjek1aZmtqUmZka3lMR1hnc3NWSDdBa2wtbWJvODhscmhmYlpLcVlJV1NUS1BVNDFWMzBWa01fQ3VXRU9mSlNJLTVscTk3OUdjZzJnMnBFcW9LWWZQQlExSHlJOVEwcHhv?oc=5
2026-03-17	Google	0.0	Abundia Picks Topsoe Tech for Texas Plastics-to-Fuel Plant - Environment+Energy Leader		https://news.google.com/rss/articles/CBMirgFBVV95cUxNMXFZaF8tY1JkQkRHaFh5NFNBMFZPTlNqUzYzNk1VaTJsUmE4MW9ZOWN5UW9CbFNhUUJBY3V5aFpjN0ZSbnhjOTZyMGM0Z0VoWFMyOF83ZmN5cW1vX254aHJ0UTNpSVoydVhBV1A1dWlpajBNeUFvS1ZQa21sNHgzalBDN0lYcnhkbjdDU0ExWXBYdlU1S0RDQlhPTjVscUtzZENEZkJtQXVuX2dlTmc?oc=5
2026-03-17	Google	0.0	Alaska Native Renewable Industries Builds Solar For Rural Communities - The Business Download |		https://news.google.com/rss/articles/CBMipAFBVV95cUxQYkp3SmRRTTBjQmlrVV9VOGxxU0NlWHdnR05acXY3NnJEbnRoVTB1NHdqY1k1ODg3Q0RnZTBhZ0VXd2Z6dGNEZ0NkQmtMaV9lTXZjTWRzb1VSUTFWRGlvMWEyVFhUWVN4NEVDbm02Qi1aTUNNMlN4YVczWS03ZThVTnctNGF1MngtSUQ2Y0IzTV9RclczQmdrME00dkxQNWlNZnFHeg?oc=5
2026-03-17	Google	0.0	America’s wind turbines are aging. Therein lies a massive opportunity to decarbonize the grid. - Anthropocene Magazine		https://news.google.com/rss/articles/CBMi0wFBVV95cUxPSXRxNFhJZ0pYSnJFWmZqQXU0UGlBZ0d6clVLUVlPSkFZUGVOemM2Y09BamczdzBab2J0NjRRR3BMQUI5MWxfRHZuLVRXRHBYUEJ1Q2xiU0tiQzRyV01LZnJmbjlUVVI5eWs1akd6cVUzelZDQ0dQcElrRjdZelhoOWVWQXAyN1d0cndGY3hhSVBzSjhqN2RVYUVNZzZmQ1hNYUJpeFI3MjdSWlNIVERHOWRIWVNqYzZkUWlKUzl4NTFqbkRmTzhRVWxtbVdOMGI5Y2Q0?oc=5
2026-03-17	Google	0.0	Arevon's Justin Johnson given CEO seat, COO role vacated - Renewables Now		https://news.google.com/rss/articles/CBMimgFBVV95cUxPNlRyUUtXWVRvenNOZExTQ1VpVE81c3RrYk1laV9za2s0NDBMbjg2bmtxYmo3UjRjc0JNNzdqZEp6ZDV4aC1DcUlHaWJBcU4xa0ZLbHpCcUE5Y1kwQXVsM2dIMWRZYlRwdDdweG1FNmUtMTJaRzNUdVQySFB0RWM5cHBJNzZvVGFHcUUwQzBYNG05MHJKaGc2bVR3?oc=5
2026-03-17	Google	0.0	As Fossil Fuel Costs Rise, Renewable Energy & Storage Shine - CleanTechnica		https://news.google.com/rss/articles/CBMimgFBVV95cUxPbGNEUGFxU0FyekN2Zm1mSnJyMWhaZkplOU4wTmpoM1pqQ0FXWHZyRlk2V2xkTHNybjhCem1ObjRLRGxncUtMTlV0Wi1XOThrQW52MllOY1E1d1RnanpSVHAtOFBZNERyeS0zLUYxN0UyZmRSMlM0ZlU4NldBbXBvMG5MMnVoMlpsNFlsaGRUZHBtZEI5dmdvcFdn0gGiAUFVX3lxTFByRHl2WXo5Y2l6R0hMYWlCWlFhWjdoV3N1MzlfcWg1eGJUZzZ2RDJMU3hvSWJNNnpGdjE1Q1c3VHlmLUthek5TTnpRYm1zcXhIbmxjUjU5RkgzU1ZXd3Z4eG9jNUVuS2M2QWRIWktkalctOWdOM2dJODFmd1hGZkZvN1Z6MW45WFJ3UGc5cFF4RW5YVmswaVk0T0R6VWtxZWVtZw?oc=5
2026-03-17	Google	0.0	Cambodia Renewable Energy Certificate Market to Reach US$ 7.01 - openPR.com		https://news.google.com/rss/articles/CBMingFBVV95cUxQQkNsM29RdklvZ1pmZWhJZzZZZDMybmhOcFBSQjl1bWMybEl4NFNFbldsbTRqSC1hMVJkMlRPZzdaMHBpN2xRblBfc3NpZnFNMXN0bXZ6aDM1S0U4UmpqQUhrUjJZcEVDb3RPQ1hwZWlScWRVaExKenpRRUVDZ2c3Z0Zmblphc2I1ck8tNVU0ZHA1RUc3X2UzQXNfc2VCQQ?oc=5
2026-03-17	Google	0.0	Can permit talks survive Trump’s wind zigzags? - Politico		https://news.google.com/rss/articles/CBMitAFBVV95cUxObjFIQ0R0UFROXzlDYi1VbVBkbXEtM0p1cExiaU5janNyWGtuZEw1bUg4djNlRG5DWWFQVUViTWJZZFRaUGVhUFNvUU1iR0oxVDhwWWd5ckpnLVdnNXZ4cVlDSFJoV285TjQ1S0xLTnJpTm5iUjF3ZFRCeXhEbkNiU0NseDF3NlZzQURTbTZ1WXRmS21lRnlBbHlLbHBaUUZYb0xaRzB5MGlMLW43TTktNkt2MVM?oc=5
2026-03-17	Google	0.0	Chinese Company Plans Renewable Energy Expansion in Uzbekistan - Caspian Post		https://news.google.com/rss/articles/CBMingFBVV95cUxQRVBmbGlLZ2RoZXRfcm1ZM3BVUnZtVkMxOHYyc1FZSlNTMDFvZXcxa1BKaGpHdUxVYzRRYUl2YWhkaDVNeE5mTzhBUnhBdDBlMG5pbldQVDNHMjdLN3Bkdk56b0N2TnhqeDl6M09SQmxaa3hsdWlLa2dTM3dGb0JlVjFLSFZkSFlPaVphVFVPT0pyY2ZrUWs5dkIwR3pQdw?oc=5
2026-03-17	Google	0.0	Cisco and Daimler join Duke Energy program to source NC renewable power - Stock Titan		https://news.google.com/rss/articles/CBMivwFBVV95cUxQQ3VObUp3MkxraXJYTUVjTGxKU3JOYkRHS0pnaEVpZ1FMeXZkTlB3Sk5YNWdiQXF2b0I0UWpHb3dTNVFXYmZpU3NUWkxhMzFwMW1aUjJUNzhsVDN4MFUteXJmSFFwMFdYZU9JSlpuZnk3X21fMXloUW11Q0hQVDlCOGVtUXluV3hDT0FtRUo3TFBlUlVkbEk2Y05MRkFjR20yVm5rbG5CQ08xVUtnSEtxTGExa29femhrX19YTWtQZw?oc=5
2026-03-17	Google	0.0	Clēnera secures $304m in financing for Idaho solar and energy project - Power Technology		https://news.google.com/rss/articles/CBMihAFBVV95cUxPTW5XNVlUeFAwNnZvbGZPZVVEU01mems0QmhWYUpiUkN0bFpMTVZWMjlhd0VNM3d2MFEyemZwbkpjNEh3ZlNNZ0JtQ0Y0aGhqNmxVUW5CeGp0V0tUcmJwdmFKTkREMTktSDFJQ0F5VmxlTDM2NjNjUV9KWnZNdmRFVEtFV2k?oc=5
2026-03-17	Google	0.0	Columbia River data centers threaten renewable energy goals, report says - Nonstop Local News		https://news.google.com/rss/articles/CBMi6gFBVV95cUxPbVVNeW5WaE9lbGhROFVpUUI3Rnk3MDc4TERoQm1RcmZpUGRCZnRGdEV6SS1kR0dkM1l5dDJ0eHBwU0lMXzNwb3RwUUlsdE0zbDFOTlRCdkUxQkpydjJnYVYyOXRaNUZ0QW1OWDA0M0paeEhnV08tZmRTelh6M191Z05RY2tqS1lzX3VkSjlEd2NxMTVvRVNiNHp5alVlZmlUM0xKVHk5cS1uSlFUTkU4dEU3SUpoTWFfd1FJRUh6QnJUeE1SQzRvS2ZPXzUwaEhXaHpQUGg1aDlWWW1lVzl3MS1rYXlzeGhvcUE?oc=5
2026-03-17	Google	0.0	Construction underway on 620-MW solar project portfolio in Northeast Texas - Solar Power World		https://news.google.com/rss/articles/CBMivgFBVV95cUxOX2Eyc3BIYmI0dWNZVVI4UnROOGZ6MkZYbnN0RUd0Sll5bUhIZzFFanNxTmhRSHQ2bUU0RTE0bExXaFhMOVYzRHVObGRaUDE1TW9pZDcxbE9pWE1GemVjb1llOXZ2am5HWmFodDZfRHV0ME5CUXBPc3oxYXpoNVhyQUxvQU9jcEVuXzZhYTJ4R1BLWER6SF9vWF8wYklEMW91NG5WbGhISzBITl8xTzBCdU96aFdxS3NTTnBqY3B3?oc=5
2026-03-17	Google	0.0	Contact Energy Lifts Sales and Generation While Advancing Renewable Projects - TipRanks		https://news.google.com/rss/articles/CBMixwFBVV95cUxQd3Jsa3FqMTJFTGtHZm5OZkdkTTkyMVNtZ2RUVkoxcWdVdnUzU21lWnNSb1JQZDhCc0tZT3M4UEg2eHpUdVFpcmJaYnduOHBYa2otcXc1NjNibmR5WnFoR1YtWVBXclhsX1c1b25Idnl1NmE1cGV4QjFVc3N6NFZFaVBJazFrOGJyRmN3bXFQTFFMaEZheUVSZWNfLTQwOU1PN2JObWlmbGk0LU1lVUhEVTl0ZTY0aWNfUm5HOE5BSEpKRUxuSU40?oc=5
2026-03-17	Google	0.0	E&E News: Gulf investors seen likely to keep funding Africa renewable energy - POLITICO Pro		https://news.google.com/rss/articles/CBMi0gFBVV95cUxNa0R5YkxiS3NoamkzcnV1WXNHR1VHWjUwVzFxQjRBWUxGU0NnWWJoYl95dVd5c0ZTaFd1bjJFTW5rNU5yZm1lUC13WU9lOExTdGoyVFdPM3NIeUJ5Zm9VZnhWdExEZmh4azVGSG41R2UwT2Rza1h3c0tCWWlsZVJ5V2pkZlBIdjBCTEprUGNOc1RvaVNlMXE3dkt4a2lTbUJybzJYdUlFRTdnZnRYOUVxLVptQWZBck02cHk1SF9NNXIxcGhHcDlUU1dleFN6b2xubkE?oc=5
2026-03-17	Google	0.0	Eco Wave Power Featured in NVIDIA CEO Jensen Huang's GTC Keynote Video Highlighting the Role of Renewable Energy in the AI Era - TMX Newsfile		https://news.google.com/rss/articles/CBMi_gFBVV95cUxPekVlVmpPUnI4cjQzbFNMRjVEQUJkb0ktc1J2X052YjdaeWJfVGIwLVlydHNoYURKa0lUTXpjTEUwVTZLOF9CN0d1SjJIck45bVgyTFZpYlVUUXRCM2lnR1pNeHAwT2NTR1EtSWVULVpveUs1MzNDSG03TU1Wc3VjZ3kzWXNuNGhzSGJvMEx6ckstdFUxTTdyRE1KQ2wyRHJvb3ZjM01OVWxaTWZOdzdlcDhJa2YtYmJsQ0NGWFBEdU52QzAzWFF4MW9kb2lHSnM2aENDeVZTYW5ISDREMC1LbTdFNjNGRE1KNTk1SVZac2V1RzVyZHdJUWlhV0Jmdw?oc=5
2026-03-17	Google	0.0	Eco Wave Power featured in NVIDIA CEO Jensen Huang - Energías Renovables, el periodismo de las energías limpias.		https://news.google.com/rss/articles/CBMioAFBVV95cUxPRlNkcDJMNTFSLVNOV0VXT3VEOTlvOFd2b0lhYjQ1eTlNeG0yVE4tMVd3Qi1HOUxBUlpvWlFHUzdhZlEzTmJNejh3RFM2bUNuY0RWMzN2cTNlNGlKeDBEZzhLS1ZpdnhGeUdZRll0bm1vQUJkSWo1WUp5aHNxNjliMG1oQWtXdHFseFVXTU9Ca3VnVzBBcXQtODFzSkY5T2pH?oc=5
2026-03-17	Google	0.0	Egypt Advances Renewable Energy With Nefer Benban Solar-Plus-Storage Project In Aswan - SolarQuarter		https://news.google.com/rss/articles/CBMivwFBVV95cUxQQk9kRDZVTjBQYjBxMWpkdHRUamw5SkxBUE11X1dTUG9QQ01YQ08yQ21SM3oyME5LVm5IMGdrZUpNOEUtVndDLWNJcWg4eVR4bzk0c0hOZmJvZTdFb1RoUkljMmRCZ2Rpb05OU1dlR2xVZlZOeGR0czhuZWp1MmVrWV9ncFBtOWZnLXI5eUhFMEFNQTBjcHgtRzNPcXhkY2VlMlZpU3V4Tk00V3FGVlluMHdyOTM2TDJmOXB0N18zQQ?oc=5
2026-03-17	Google	0.0	Energy Council: Reich’s dual-network strategy - Table.Briefings		https://news.google.com/rss/articles/CBMiiAFBVV95cUxPTzItOEtXeWx6eFFuWTVWSlJDdkJQU18tQkdidFlSWC1nSUIxTlQzdDdrVmZLUWgtNmRBSEVBUmloRllLVU9wU19LYzRuS1kxMUk1OG5yM2t4ZWpIX1lINGd3Q0NXTUpySk1MeEJhaHd2dlhaVEJZQkVCR19KZmdjR3ZoYlQta1Z5?oc=5
2026-03-17	Google	0.0	Energy transition and renewables financing: capital at the core of decarbonisation - Financier Worldwide		https://news.google.com/rss/articles/CBMitwFBVV95cUxPRHd6MTRJN0ZkQzRyZGtHendLR19QNTdYdzlMaWl1S3RsSzZDVUNZR3hCck9oYnNYMWxQYlpXQTVUXy1vSUg0VTQ4T09YRThJMUhGXzNBMk5ublFjeVRyQkRkQ1F3LWhITk5tRUkxRGV3SDYweGdlZjQ5NW0xNXk4WGJ2SjlkSTQ5bUtKeE9aaC0xajhScTBxVEtpOEVQOGU4QkwzTV9oMUktLVdXS2NfVkVSSlNNOUE?oc=5
2026-03-17	Google	0.0	From Amazon to Meta: how the world’s biggest companies are securing supplies of low-carbon energy - The Guardian		https://news.google.com/rss/articles/CBMipAFBVV95cUxPLXM2b0h3d2pYS1RvLXlzRjdTUUM5aS1VMFl6RDI3WFVFWDZTZ29VN2Z4T0xXYnRiMGQyaHczUWx2RG9GTFFmNVZ6OE9FWkY5SS1RZTJBVGoyQzAtQ3FjUVUyYUJHRmxRY0VoYzl1TkdqRWlLamJjcV9mMjd0SEJfcEJudTEtRU9FUUdIT0wtY1lqdTF6SFY1aDFfR1dsWU1NSUVSYg?oc=5
2026-03-17	Google	0.0	GT Voice: EU energy transition is urgent; protectionism isn’t the solution - Global Times		https://news.google.com/rss/articles/CBMiYkFVX3lxTE56NjBqbkFUb3NHNkdqYkpvM3RSWlR2VnM5QXR5WmhIbDhJT3haYjFQYy1OVFQzLUJCQ1JwSXNHMnNmbGEtbWVhRFZJVzZ1N2pmMWVldkZnVUZvTFpPSHZ1VDRn?oc=5
2026-03-17	Google	0.0	Germany Needs 53GW of Hydrogen-Capable Gas Power Plants, Study Finds - Fuel Cells Works		https://news.google.com/rss/articles/CBMiugFBVV95cUxQWERtakw4UDVwX1dEVF9mYTNuUi1HbjBCM0M4YTlpS3pRb0FQWVYxSWdRaVZVbG5KY3NGRHJ4Zkpqem4zRjFvSDItM1JaLUVacjN1Wl96TEdTN2ZDeTdUT0w3bERkbkdlZ0hVa2ZsLTRRUWtkLUJ6ck1MZkJ6dXBHZENqS283TWE1VV9VX3dUeEIwTHlXZmh3c25yNl80SW5GSGRremhJVnJXcUhkZ010RnhrenZLUm4wN0E?oc=5
2026-03-17	Google	0.0	Gottheimer plan targets NJ utility bills by boosting energy supply - NJBIZ		https://news.google.com/rss/articles/CBMic0FVX3lxTE40MWJhTjZLeXk5ZTJkRmwzSkt0RXBzalFDSl9YR3VHMW5qN2lqeHhiSXJ6T2dOb0o5SmloRjREZFBXS2hZeGJKbEQ3eHg5NmUtZXNaY0VjVXlueWRpWmRVYWM1VmdvSlNnYU5kc3VnWHhjc1k?oc=5
2026-03-17	Google	0.0	Grid consolidation gathers pace amid India’s renewable energy surge - PV Tech		https://news.google.com/rss/articles/CBMilgFBVV95cUxNUWlRRkptdDA0SktqY2FyOHJ2cTlmM1BQalJDZEdGckR1UFBLNTZRX0VDV0ZvWG15S2FDSDMweko1Znc0RFdWTkV1dHVHaHBNYnNOdGFBekZjN19CWXdhVFE3cmgtQjhYRXdHZkZjYXdjTEVTM3FmMTNCb0dETWFlU28yQjRmWHlQYkFkT0VZMWoweHU2NFE?oc=5
2026-03-17	Google	0.0	How Does the Iran War Affect China’s Energy Security? - War on the Rocks		https://news.google.com/rss/articles/CBMijwFBVV95cUxPMDUtT05mTllaSDVwZzZhTTFBN0pvX3IwYTRud0xoclNyUDJMcG1DNjJDXzNmSEs1cFUwbmFNUjI4bk83MGlpNTBvbVQ3UnJzSjlsX284OS11X2dvVTNxN3dMVmx0Sk00LUljN0NKeVBMR2NvNEhnVWE4dnZETnMyMDY2V19qbzBGWVZndTdxUQ?oc=5
2026-03-17	Google	0.0	How Pakistan’s people-led solar boom is easing impact of Middle East energy crisis - The Guardian		https://news.google.com/rss/articles/CBMirAFBVV95cUxORU8tbUQyaTFlWmVELUpsb3JmLW9pZkViZG4xQ09wSGtQT2FSRGVSQnNTVjJqSHF3dUxyUkJsOV83NUM0eHNobWc0OTZKdVpkMWN1czI0WUdWREtqcXJsZWZraVJ6dWhrNGtneXJ3X0VTYktfSnB2X2hLQll6UXl2Q0R3enQxZUxCN0UwQ014dUxOYTB1RGZqZkYya21FczdCWDEwRzNuVndmRWFE?oc=5
2026-03-17	Google	0.0	ICMM: How is the Race for Renewable Energy Impacting GHGs? - Sustainability Magazine		https://news.google.com/rss/articles/CBMiiwFBVV95cUxOUzBVaHYxN1NuY3R5R214ajJYT1dnS0NzWks1NnN5UWEzVE1nVk0zWEo2VUxqY0RFem1hazVYSktvSUtQTmxZQWx3OUFWNTk2Y2dlbE5rRXFCN3NFN01vQ0ZhbVpOUHF1alB3MjNiblJIM2R2NHRWSU1DV0RRU2hzVU5KZUVTTFpVanFv?oc=5
2026-03-17	Google	0.0	Idemitsu solar + storage project designed for California peak demand - Solar Power World		https://news.google.com/rss/articles/CBMiswFBVV95cUxQd2VOWlRMakcwcWhSbnJxV041THN0azdNSmp1d0FRc1BaMEhUTzkySmJuUE1yOHJ3MjlvMWJVSGRucVJwRGktUkdqTnV6czRFVW9CaWJYcEhsdlFfdHJXX2tLMTFKenZmMm13Yy1JcWZIeE9jRzAtdS1oVmhPSHN3R2lZRDQ3VXRUSWJWN29NMS10eVJCaURTVE84MUpROElzUUh2VnhZX0c3NXUxQzJzSUJBaw?oc=5
2026-03-17	Google	0.0	Interior bends on solar, but wind energy on public lands remains stalled - E&E News by POLITICO		https://news.google.com/rss/articles/CBMipwFBVV95cUxPNm9INmk1NnBnb3VwQzNXSjBXd05RQ2xuc1FyY0ZBS0hLNVpnTzEyRVlBdWo2dUx3ZVVvSGhZT0U5TzlsalpWZHM1cTNxZ1NaR21OUV9VWDBJei1DTDNiSFVHaFlvY2x1V2RremwtTk80eXlvamttb29xU3d6akQtN3ZMQVRKQTVDOGI5aDRrVUx2SW44bXhRcnN5VV95dkRzeHJ1U2RuTQ?oc=5
2026-03-17	Google	0.0	Japan energy giant proposes LNG-fired power plant for Oahu - Honolulu Star-Advertiser		https://news.google.com/rss/articles/CBMitgFBVV95cUxPVld2dkgyMjNKRkFVUjU2SVhRU2Fyem55OUhCMHc2cGJ4U2dZZkNjZFF5Zy1SemlsSUF2cXZNelk1azF5dkJQQ3hiWXNwVkZFYllLMEhTUV9tYTBXRjEwbkhRWU11ZUIwWVJWVW1tcnlER3V3OENVWWhCaEhnTWtRa1JiU2t0VVdtd2RuSTJHQ1pnSTAzZGVZT2pHZ0c3OFEzaUEzVDUtNGxaaUVUT3ZBRGFDR3pidw?oc=5
2026-03-17	Google	0.0	KNESS obtains financing for solar, storage projects in Latvia - Renewables Now		https://news.google.com/rss/articles/CBMiogFBVV95cUxQRjFHdFd3b2JiM1REWUI2TDNEQkI3ZjBwdHN5SUVYNFRDSGtFNjRnaFl6eGtrdHNLSXRtWG1xa0RfYlNyY2JmaHI0TTJkd2N6LTNZcGZWRF84aHBtTWFfa29makpidXphMmo0Y09sM0FMREFlci1TRTBjRXFVak45c2VlOWxJcnM2b3dXTy1HbVVuN3haZGtqSXZLNEllUEdmb0E?oc=5
2026-03-17	Google	0.0	Key Trends Shaping the Biogas to Hydrogen Market Until 2030 - Energías Renovables, el periodismo de las energías limpias.		https://news.google.com/rss/articles/CBMingFBVV95cUxNZUpoLW91cnRwQzNWWWVfX1h5TkloRUdDbnB2VTl2dDA3SGtEbjYzVGxKSWVYazZBRkJSTG5Ga3g3eml3SjFwMk5ZNFppUy03eTJGM1MxRVhGRGJzYWZvYmJkZ0tnRXlkeDZsMXhvU1MteUZma0IteF9iUDVoRFNUV2J2TS00QlBKLVRubEFTUFZ2QjYyazNvVk4tWG5tQQ?oc=5
2026-03-17	Google	0.0	MASEN starts construction on 305MW solar PV portfolio in Morocco - PV Tech		https://news.google.com/rss/articles/CBMiiwFBVV95cUxNNnc4UWxJcjlwLTgySmNTdXlzX1VXSWlLd3pCSlduaUttNzZ1QTRmU0tNU0lBVm9wVHM4QWVkZnEtS3hlWF9KdEd1SmhMZkE1dnZXc0RxaDl4VnNfRS16MzE5alNjZTVBNkZSdnFicjcwX1NkTmh6T0owLVdVSTlfZEx1MVJ2UXlBQTQ0?oc=5
2026-03-17	Google	0.0	Mass. governor orders state to pursue 15 GW of resources, including storage, VPPs - Utility Dive		https://news.google.com/rss/articles/CBMinAFBVV95cUxOdWkxMVJlMkhCM2FFaVpRMU1fM3BySEJvdHVhMDY3UUdlOFplWEloNVlWQl9KeUplcDEwSllBbzJYZkFyWFlPUE5yYnFwaEZrTjIwMnYtcU5ncXItcFZBdS1sSXlZaTBmNUltY3VBam9FU0hCZE94V1NOOUcxTDkzbFFuOUczMWpkZmFiRmhUS2M1SU1CZ004SGNzNWY?oc=5
2026-03-17	Google	0.0	Massachusetts in 10GW power play - reNEWS.BIZ		https://news.google.com/rss/articles/CBMie0FVX3lxTE1FVWttUWNJTzRSQXJ3dFRDc2xMMnVPWml4LWRZa0pHeXh1TjhObzFtVVJvVDlnSGw0elNXRXNWNHRldGpOX19NR283SFRwSkZCLUcwLWFocVB1UzFQeVBpR3k3Ym9mVFczY2dja0pOQ3VyZ0Z5aXA4SGFTWQ?oc=5
2026-03-17	Google	0.0	Minnesota solar programs hope to expand access and cut public energy costs - The Minnesota Daily		https://news.google.com/rss/articles/CBMiuAFBVV95cUxQYzhhMUFCSDdKZ2VzNU1JWjBUZUd1MEpReXYwV0FpT21hVGVtaU5heEUtVWt6dDdMR0JBQWYzZUJsbUJiTWo2N2lLTkJRVF90VjNqaGFVSmRnTkZQS1BsRmhpb2lmWHg4SVFaNkx0UWZORmRUSDkwaTM5SkJiTW5WZF9jUk9WWG1jSkpPeURXc2NzQXdBMHJEbWxMQndnWkVxWk0yTWg5bGlZcE02ZzNEcXUtcXZsdTVJ?oc=5
2026-03-17	Google	0.0	NJ electricity bills up 45% in 2 years. See one politician's solution - Bergen Record		https://news.google.com/rss/articles/CBMiwwFBVV95cUxNWDg4ZzVXM2ZHMW96bzlBUkJQUDFpX0JpWEUyczRobzlSTUdfOGdoSE5qd3Z6allPT19rQ1hTVW9DaFJKSW5oTkxWSG1zVmVXQUZkN3FXbm51S2tzMFhLSGd2bTRCZjNuQmVXWEV2XzdZcjVQSThXX05iTWR6QTNZMFpONWJBcFVPUXVNSlFBdW9KUnhXVjUtR1Q0RUkxaFZwTG81RFFxSGFjWVVXM1kxaWhsYS1oMGpiS1NKbW82SUJXaDA?oc=5
2026-03-17	Google	0.0	Next-Generation Solar Cell Market to Hit $17.5 Billion by 2032 — The Future of Solar Energy Is Here - AltEnergyMag		https://news.google.com/rss/articles/CBMi7gFBVV95cUxQS1RQX3IzNm5kWVh1aXZZN20tVVFZYWtqbFVDX0lLckhTbGxqRFR1TGJIblQtVFZWTVZiVkFwdnllZV9qSDlTVnE0a2lHVHY4RzZzTG55WWN0TVh4a2NQSWQ3WEZpQzRVZ3ExUF9HTG9Nam9fZTBOMTVFdjc3UGVHZi1XNVVvY3NNOUlCV1hyX3IzQ0ZHaEdCTzVfMkdiUjRfXzVqMFNnZnBCbGNfMjV0VHFxUm4waHB0SzVMc09sMTFkSDEtTFVWdjQ2RU1FUi1sc290T3VhVks1d25FWE92aGFvTGEtY1R0eGthaDZ3?oc=5
2026-03-17	Google	0.0	Nofar USA Completes 1GW Solar Asset Acquisition from Pine Gate Renewables - Business Wire		https://news.google.com/rss/articles/CBMiygFBVV95cUxOa05QdUNhYVNUYkVLcHVLOW43YUdXeFZkdklMMG1GYjR5TXdud0gtQklETkFOa1VoSVl1bk9CSG9vR0FKVFA2eFA0dlUwS0txR3FRb2pVV21kZW15ZDBpZnZVM2xGbS1HdGQxM0R3WFJvc3FVNlN4WmR1OU9sUTlTdjZ0WXpnMFd6UVFoZFlON09NZHhlX0t2ZDVQSWN6TnkteFBORW16aXF4UTZ2Ql9VMjJpWDViRGlWTnFPSnVvR2xoMmpwWlBZSEdR?oc=5
2026-03-17	Google	0.0	Nokomis Energy Names Joe Stofega as President - Yahoo Finance Singapore		https://news.google.com/rss/articles/CBMiiAFBVV95cUxQOEctaEZqTTBESEVhSGhuQ1hWOEt4Q0hvYWQ1d1RFei1UckNpZFMtUFRZWjdFMDNWY2ZpYVFwNHFJZTRsMGNkMGtneHJpUWFTVnlkZHZfYW9Rb2Y5MEJfeWJFUmtUc21NTzdNTWFqVmFaazhhSVAtNDdlVWlRQkpVemJjYk9BMU1t?oc=5
2026-03-17	Google	0.0	Oregon students harness the power of sun, wind and waves at this coast competition - OregonLive.com		https://news.google.com/rss/articles/CBMiywFBVV95cUxNSTJ4QWFOWHBNbnYzZjIxTmE0SzY4SHB5d18tSGtBMDUyTFJINjA4VFRQbXFCRi1NMW9MUndfS1VTMTNlWTdVU2tvY29OdEZoOFVMTmh3cmlrX2xRVXVaeHFMNnVCUXRHMTZ4NERUVTVtWWdOS19tUmZRVG9nRGR6SGZCdnVBQzFWNkhBYnFJSzhTQ21LM3p5MlpvU29NLXF3OVhxSnB5el9abTU3RmNDcnh5bmhmb2x4MEROLWF4R2lZSmVjVExwMTJLdw?oc=5
2026-03-17	Google	0.0	Origis Energy Brings 210 MW Wheatland Solar Project Online to Serve CenterPoint Energy in Indiana - PR Newswire		https://news.google.com/rss/articles/CBMi6AFBVV95cUxONURWTkphdDk2dF94aGcyeTVlMHZKQ3dPRHpTMGFLblNJeG9BRE5ycGl2cXVTc3duM1JiV2JfbWhSdEU2bWR3RmdOdGJRUDBCY25EUXBieHh2aHBoYTUtOHZvY1dRc2pkdFo5NzNVRGlsbm01QXB0Q1VjdDlJcUNIcmdQSFRKVjV1eFo5SG5nT3FBYWV4Z2JVeXlkNHZUUzJCa0d3TkhIbjM2ekVuUDZVZjExSldyZm9nWl94WHRMaUp3WlZzNzNLaGNtRndSWVJ5dW9QTzFodmlkRHM5MkJYZXRmQm4wV2tH?oc=5
2026-03-17	Google	0.0	Pandora signs solar energy MoU with VSSES - Vietnam Investment Review - VIR		https://news.google.com/rss/articles/CBMifEFVX3lxTE1BaVpsN05RMUdEZk56X2l2VHlMMFVKNFZaSHN5b282SnFtWGM1SGNIWG92U1YtdzUxN1owWTZNNjIxODFMVmtPQjVfbzBaR0dkQkFIblZBYlByRFU2czQwN0pQbmZwS2t4Nmc4U1BOeUZaUU0xY0dBZktZYWI?oc=5
2026-03-17	Google	0.0	Poland's PGE gets EUR 326m to upgrade power grid - Renewables Now		https://news.google.com/rss/articles/CBMikAFBVV95cUxOOGdLR2pwS1ZVekl1MWNWQ0ljOExjZFFvdmNWV2hQSWVmVHhwUFZqNHZMRDdHUzYtZVZGbWo2SlRvYXppWjQxT2ZfOVd5TjVja1hUMi00azFYSkE4NmdaNW12THRlOWZ5cWwxbVRCaHFYTmxSWWlFYzg5YmpCSVQ0UC1pS3FUd2V6MV83OHlSNno?oc=5
2026-03-17	Google	0.0	PowerBank preps 42 MW of solar, 22 MWh of battery projects in NY - Renewables Now		https://news.google.com/rss/articles/CBMipgFBVV95cUxNcjBWcjg5WFBmOEwzd0F4SFozc1VLdlZqblV4RkY3NlA1eU9aVWNueHNnWXpsdkowWUtVYkp3TFNMcDhXZWt5LXZuZ01QalZYUDdldDhoZ2lHVVdLc1hjZ01DNWNGMXlBZmZJcTVEcHRDdHJfTnFOTklQM2FIc09hZWVSSWxxaHRmYk1qMHVQcXIxcXZFMnR5SFhYbkxuYVpiUnI1XzV3?oc=5
2026-03-17	Google	0.0	Project InnerSpace and Society of Petroleum Engineers Launch Geothermal Resources Management System Initiative - Energías Renovables, el periodismo de las energías limpias.		https://news.google.com/rss/articles/CBMiswFBVV95cUxOcnFETVZMekJ3a2l3X3RqOS1xM0ZTOTdIVmk0MHBVVzZSMmpSbHpCc3ZVNDdLaHdGSDM1cnAzdU9GVWU1T3AwRzVsM1dTMGotcEwwVmctbVpHYnZzVDhpazFRazBpV1U1WndNVlRZa2hQSVBzclRsRnZMN2ZmVEEwU1hyUUZRbWxaWHJOVmpvV2tiRG81aEIzMTFWSElQajQ3UVBDOXdGQ0NNLVpOOHMwbE9qYw?oc=5
2026-03-17	Google	0.0	Renewable energy lowers carton packaging emissions, finds report - Packaging Insights		https://news.google.com/rss/articles/CBMiigFBVV95cUxQQnhLaS1ydks5UVREUTZOMXhmQUxUUm4xN3hrdjZkSTNwaUk5d3dYa01fcHVJbGNHcHZsRkx5SVpVQ2ZjNnlzNGE5ZmJTd3d1dllGN3JCU2xVV3NQYTRZaWZMa2VOTHJEd2FGOHNqdHQ3bWQ2QTAxNlNNSDQ5SmRrVHk1ZE9zVWw3X3c?oc=5
2026-03-17	Google	0.0	SolaREIT expands land financing to substations and transmission corridors for US solar, storage - ESS News		https://news.google.com/rss/articles/CBMiywFBVV95cUxQTnlGUHVINlRiRlhMb3lpZldMbldzbUdQT3dSVzBDRzVNb3NDby1hYklVNG4wTzBLeXZqWWlUMjRhd1lVeVNXRzQ1UHFoZVhLbDR0LTNucWNHeHRKZUxTVVVBeThZOEZ4dURXVUNsSmMwcVMtUGNKUVlIeW5MODhGZlpCZWdiOW9sR2JOSDV3cG5mWkZOQmtoV0JGaDJTVF9UdEVSdTBPR1FheDQ3OUVrQ3kxZTdCVkZDMGtnNkZ6NERjR3Z5dHlIU2lHYw?oc=5
2026-03-17	Google	0.0	Solar interest surges 27 percent as homeowners seek energy independence amid global volatility - Energías Renovables, el periodismo de las energías limpias.		https://news.google.com/rss/articles/CBMipwFBVV95cUxQZVR0aFlsYnJNMnFCNU1PVVRQcWxLWkRKbGxFSmdTNWVHa1BHWWZvTFRKY1FDYzJEMDY4cFdmV0dhdjk1dTlDdGRmdk9NZWFqQmlfRno2aDlFTFRfdGI1Y1I2Q1R1OXlscllsQnVWeGVfajgxNmN0RTlhV0p0Ri03Y2VRdXZSSnVrZWRQRl82d0xveC1jS01hRkRQaGNMWWJTOWNwb0xlMA?oc=5
2026-03-17	Google	0.0	Sovereign Wealth Funds Pursue Renewable Energy - Sovereign Wealth Fund Institute | SWFI		https://news.google.com/rss/articles/CBMikAFBVV95cUxPQ2lfc2ExN2VPUWx1enV6aHYxSjZSWEo0OWRFUzQwS3dYMnFacHNCd29icTM2TWxWQm5vWjhSNjlRTkhFV2dLS3ZOQkkwTVhXcS1ReXNvV3hPSUZVNkNjV3hfbkIxOUs5Nzhzalc0c2oyOU9hZXpXaUZQNnJUOXRib2d4bUZNY01reHFrVk5vMVo?oc=5
2026-03-17	Google	0.0	Spain warns EU against suspending carbon market to try to lower energy prices - Financial Times		https://news.google.com/rss/articles/CBMicEFVX3lxTE9MNW1hSEtkV3VvNlVxdS1Oam5zZHc5WWxCbFFLQnphZnZwLS1MSVRIYnZsbm5YUmM4dTJveUM1RGJfZ1N3UjAwaVVNQUNiVjltWEVDTmNrLTh0R3dJVXpzbmdMWWNieEFvaDd4R0dZQk8?oc=5
2026-03-17	Google	0.0	Sunraycer celebrates start of construction of Lupinus I & II and Eagle Springs Solar + Storage projects in Texas - PR Newswire		https://news.google.com/rss/articles/CBMi-gFBVV95cUxOdklqNmYyXzhFUkQ4VlhzRGxzM1NNb0l6YlJUZzB6ZGVoUHNkMkNUQWI5R2ZDNDJBaWIwdkhjSWh1cXYwVDJFNmRuZDFRUDB5eS1yVzRhMkZ5N3hEZ0tQZ2N5NTlQa2Q4QjY3MzN3aXhISVlpVDB1MTAwSm9yc1BXOWdwVUxwYmhoWWU3QmpWb3p0OXZTUWlxTTFBOVdaM0ZmdnZ1N1h3N0liYkc4c0ZOZHhmOGxLWm5XRGhYa0lpVlF0R1N5X0ttejNLUVZnOFYxbU5zZEVzYmRkbDJyLV9ZZmh4TWpsZm5IUC1fUUowUnZKV2JCaVU3Y0xB?oc=5
2026-03-17	Google	0.0	Sunraycer kicks off works at three Texas solar-plus-storage sites - Renewables Now		https://news.google.com/rss/articles/CBMiqAFBVV95cUxQbE14T1cybGlvaUhRSUI1ZzhBektzZXlTckxCLWJaY2h6VkhzZHVuVWh4ZEN2RG9YNTktVUI2MVJ2UWxTNHM4ZVMxZXRrYjdWZC1hNHRXNHY0WmhzSF81ZjBYYVRLVFAzczllamxUV2NlQTd0YTNVOUFKRjhMcFNVN09SNUlmZnlCX21Pdkh1SnhZOWwyUktROEhEU2Q0SU9HSzJlaTJ4Z0o?oc=5
2026-03-17	Google	0.0	Sunsure secures US$65.6 million debt to fund 242MWp solar portfolio in India - PV Tech		https://news.google.com/rss/articles/CBMiogFBVV95cUxObl94U21GWDB4VUhmQUtWT2wxRDQ2cm9XSE90LXhxZDhkNUhkcmhMM0FfU3BkWmtxVW9BOTJTWlZsMFpfeVRkUkVYM1JwNHJaRWIzajNPUHFxS3EzX0xhM0YybjVRdDZaMnpwVzJHdWJhYlR4TnpJdDZiOW0xZG54cWljLUUwMGszVGFxd1J0Skh4QjYxNmhxamhlaDUydjhuUlE?oc=5
2026-03-17	Google	0.0	Survey: Reforms to the German Building Energy Act and Renewable Energy Act face criticism - Table.Briefings		https://news.google.com/rss/articles/CBMixgFBVV95cUxPbTZ3NzU3WGVudUNDdi1pR1FxZzNhc2R3c2RWbTdYeUF3emhTZU16UW1aVjlMYm1VOURaQlNXWDQwRHQ2S3gxQm5QVmdnVjNoQ0VhcmNTLUdETmZCVFBWZ1JHdzdoUFRwUzlfYmJXQUp5ZFR0YkMtRWgxQnU5LVRYUnpZd2FZengwcEY0OVNKRTdPNkRsYUY2T2J5ZUxpYXp4REdLT0RNZjhWblhPQ3BKVzFpeXlNX21Bckd0QXU5S1N2dGhtVGc?oc=5
2026-03-17	Google	0.0	The Digital Bottleneck in Infrastructure Delivery - Construction Digital		https://news.google.com/rss/articles/CBMihgFBVV95cUxPNmZBU214a1YyNWVTRjRFcUUtaWtNWmZtd01UOG1ybmxxdVNhaGROV1ctMXJFV3l4eWNKOEl5dFFkVjhPNjQtQzNsSUpLNHNoVVRDcjZfeTVUWmI5blFXOXFCYTcydzcxRTZ1dTVCT19wcVJUTWgtNW9wek14WnU0Tk1VaF9sdw?oc=5
2026-03-17	Google	0.0	The fight over California’s community solar plan is heating up - Canary Media		https://news.google.com/rss/articles/CBMinAFBVV95cUxQTVkxYy1TWVRGQzFQTzA1eTNHZ2cyeE1wWEhNRkdwNlIyczQ0QXJRMmVIZVlMLWVLbkVSTEhYcGtiVVllWjcxUUhjZXJOYlA3SDRrOVBzSjRxbzI0NmM2SVhLRE04b2VRSERKd1lKclRHVTA2eGR6LXlINXJfSW8yQ1drTTZBOHVLUHdqVDd6cmRnOU9VaFV5OUI0aEI?oc=5
2026-03-17	Google	0.0	The war is pulling energy security and affordability in opposing directions. Can renewables reconcile them? - LinkedIn		https://news.google.com/rss/articles/CBMinwFBVV95cUxPb09UNEhPMGowaU9CSl84MWhvdERzMi11bTB1eUR3WXFxSVpFa1d1aERNeEFHVWlnc0Y5VXVHQ2hKRHoyUFVCaDRQUWRyU0xVaEItZThZWFF3TE1jUDh4WVlPVUFKa0g0SENBbmFvVlBHSkNzMGdxTUtxT29jQ2c1MGZFYUYxTXNaMDk2Z3dPRUJNLVNqeFY2MzI3TExXQXc?oc=5
2026-03-17	Google	0.0	Trump has choked off Cuba’s oil supply. China is stepping in with solar. - The Washington Post		https://news.google.com/rss/articles/CBMijAFBVV95cUxOWjk5a21HOE5lQXIwcjVYbDVQcmViRm1HaXVDZGg1OC1saDVDcGZ4bEJSZFM1SjdISFZCc2RFUTRnZy1LWV9pSkdCcHdOWVZ2TXNVRU9CNmZUWW9hNk5xNG5paDE0cXBqSmpyQzFBMkRQeW5DU1g4Tk1zb0c0Y3NLWUhwLTYtOENRZGQ1bQ?oc=5
2026-03-17	Google	0.0	VSB Wind Farm Pfaffenhausen in Hesse Receives Approval - renewable-energy-industry.com		https://news.google.com/rss/articles/CBMiwgFBVV95cUxQbjZLbXBKYmxOdS1ydFBYWkpTR3hLT3RKRDJJZUpQY05fb0s5Sl9vNlpjam1RS1h2V3d3SmpoOGhCaTd6Vk1LUmJROFVRaEZTV3hpZWlRZHcyUnN3OUZQT0ZEMjNEY1F4b3VuaU4xVzdNMlF6SnpRb1otdFg0MDBwYU5MQ0lqeEw1UjVJTUR1WGpDcDE0UDcxQ0hlby1fWUpKdEFva2JscHB6aUFPd0M1bFduWi1xZWtvYmtTV3ppay1tQQ?oc=5
2026-03-17	Google	0.0	Variable Renewable Energy in Long-Term Planning Models: A Multi-Model Perspective - Department of Energy (.gov)		https://news.google.com/rss/articles/CBMisgFBVV95cUxPV2hnWm1aS2JOTGl1U1FNcjBGZjdZSUhXamR0QnptS0VRWTkzRy05UURuMzBJSmNoRjVhM05Ka0htOU80ZmJ2QzZmajlpbTdDLTBjeG44anZ6STJIMzhLb3ZuUXlvME9Zak1GRm80WnEweGprYzNXMklaOERWbERXdEtONl90TnV1Q0tCQXN2MHFQZnFNWktjN3dLWkZqdnBaSDdQTGF4S2Q3NjY1SFFuNnJR?oc=5
2026-03-17	Google	0.0	Wanted: an electrical grid that runs on 100% renewable energy - Physics World		https://news.google.com/rss/articles/CBMikAFBVV95cUxOc1ZqYnc2dGhKQTc4NnRoUFVuWTJSQlhEa3hkTVdiR3R1MGk4SDlPYUJpVVFnT3BZRXFzQnd2eVdEbVY2Wk1CTzF1SGRDOERYSXpGM1FQVTA4cmJwZ1FCQ2JVODhSQUtOSEJzQjhjN3NoMWExNzV2d0NCaTVCbUNMcFYyZFBSbmhDcFhwekJfRGo?oc=5
2026-03-17	Google	0.0	Why Are the Windmills on Edom Hills Sitting Idle? - NBC Palm Springs		https://news.google.com/rss/articles/CBMiqgFBVV95cUxOV3Rxb3dkdGNtVkhjdUtBMnJWcUV3aFp2WW1zRXJydzRvbHRWaHpoUlF1bHZLTHZlWjl1NUZ4Uno0RXhMODIzYVF2NTZ3cHRsZmdyY1RJWm5veF95cEU3c0cxbWlNT25hN1NuNFFiMmZ6OWhlUUJFRjVHeWs3YmNQR2V1T1hqQU9XSWpiSzZmczlZN3J3aUtXVkR5UWlhM3ZnblY0V2JZcjVGQQ?oc=5
2026-03-17	Google	0.0	Why Europe’s cities must move from climate ambition to delivery - Enlit World		https://news.google.com/rss/articles/CBMimgFBVV95cUxPdUxDVGN1M01BWE9DMmgyeGc4YThyZDhPRURnRGY2U001OVpRa0dfSXJOazFfLXhiMnhfRXVKanRhZnd4bVpOSThlZkt2amMxazBNOTdKRENVUWhBTkZwbXNJY18tWjNKdDBZbm9nZXJRWnFBbzRoRTNOU2tESmg5MmFjRUNmdC1CNXItNmlUeTk3MmgxMi1HZEdB?oc=5
2026-03-17	Google	0.0	Windar Renovables to build second wind turbine tower manufacturing facility at CTPark Legnica - Business Wire		https://news.google.com/rss/articles/CBMi5AFBVV95cUxNYUxGd3k4MU5MNFlSTzVodDZTTm1IRHRSek5VSW9OQjNDenBrLVoxU21xamEwVU1zSHFoZTVUclpsMWtfRVBmR1hXdWhMMi1lTGN2ZzZTRGRuVmNkcmJQc3ZKYmNxSDF3UjFJNGUzU0FyT28tOE4yd09wYU8zcUtkYVA2X3k5NUVPV0plU1JEdkVSemhSLUJiNUhsbmtaRnpTbl9SVFVTeVNMUmpHUU50V09oWW5KTVVSUnE4ckc3X1BhZVdwRVFSNmRXOUpfM3BzM2YxNnY2SXVUMmxOVzRHdnJfWkU?oc=5
2026-03-17	Google	0.0	World Distribution Switchgear - Market Analysis, Forecast, Size, Trends and Insights - IndexBox - Market Intelligence Platform		https://news.google.com/rss/articles/CBMiwgFBVV95cUxOemhnOHJXV2dIS09kVHVCUGZYbFFEUEdjLS1wOUtscWNsNzV1OTEtRS1HcG1CQTNsRlpoOXU1aHRSLUJKRi1mN3hBOTZyQjEwSHBXNlFiT3pyc2VxblJLaFdmaEZlNVctN3I4ZzBQUjVYdmtvV2Q2dXN1R01ya19sWnpXSUc0S1VLbXZJRkUxZE5wN3hjbktXS3JGcWJwZXRZWWVNOHVicWZGX3JFUkNrRDktcEs0QTlKcFRpbllZck1mUQ?oc=5
2026-03-17	Google	0.0	World Transient Protection Devices - Market Analysis, Forecast, Size, Trends and Insights - IndexBox - Market Intelligence Platform		https://news.google.com/rss/articles/CBMiyAFBVV95cUxQR0l4WGE3QURrMFlHUGs0NFQ4dkMtNXZ6WDZST0RxSzhNbVVoVlo0bWhzYWpHaHhfUk4zdmx6c0l4ZGpMRkxHMEZ0amFKLWh1Q05aY1NMdUYtaU5xVkRRamcwU1pXaC1rUFdqYjVpN1ZTMlRtVzJ2RTBQZ251aEFvNXV3SEFjUjZscXpKbWlJSDhiYTV5Q3BRVHJXb2lhMjY1eXZPcTRxVVBTdUplb3V4eDdpVUhVTHVyS1gxSjhSXzIwVVVaR0w3Nw?oc=5
2026-03-17	Google	0.0	‘A fossil fuel state’: Legislature cuts renewable energy out of long-term energy plan - Charleston Gazette-Mail		https://news.google.com/rss/articles/CBMilgJBVV95cUxPZWNid2VoMFRqZkd0NUd4RFZXV3dEdmxYTUxLVkJEYW12aFM1UXZjUWwtN2c1NWx5UkNtc21BY0g5dzFBOXpnd2JGd1RUQ3BVX3JaUDZseVJNTkswOHY0NHM0YTVndWl6Yy1tcU90cXdjb3M1c01pNXBiaFRqZGRxMi1iMVI0SFktLUo1TTA3cjIzeEowZElmZExUOUN4UHIwQ2MydkFaSlVRSjdqMGFOek82ZTd3WDVGM1RWNTVoNEZDcGRKWmVWaEt2ajBWdEh2Nm51WjhmbE9tazBwY3o2TXptY1VDRWNMRk1naldkM2hJZ3V3b05mZEszeDVQSm10LThqRTYxenZrak4zOGVuOHBlRF9Xdw?oc=5
2026-03-17	Google	-0.05	EXCLUSIVE: Solar expansion prompts cost, reliability, and local control concerns - The Center Square		https://news.google.com/rss/articles/CBMilAFBVV95cUxQejYtTWpWLUJ0SVZ3a29FbHVhdWphZGhqbmNWX21NZ1ZqOG9XVy1XZVJYUGpCSjdBTEdKUF9DR1NVNEJ6eHIzczF5MFFEanZXUWRpUnViMGF4T3h4aXJPVGhSdW93cHk0ODVKNjFvTUUtTjJqMGNGR2VWMk5LemJBS3FNLVFCNXNfN1VkX2tjUEFRRGVM0gGaAUFVX3lxTE1lU3dXWkl4cjVuekwzeGwtQ2Z1R0VfZDl6VHlXVmlsWmpjeWlWTVJVRXdmLTdqeEJndHRGdWVaRnYxNVVRODUwMndjdExQUDNKMzA2TlZ0eENZWlY1RDZxUVRyQk1fZmNSVmNvOEdqRl84ZUpkU2JnQnBJNWlVUjhUYVdaV2REUDZPRWs2ZHd3RC1uLVBLenZiWnc?oc=5
2026-03-17	Google	-0.057	Rhythm Energy Expands Flagship PowerShift Plans to Small Businesses, Unlocking New Savings Opportunities - Business Wire		https://news.google.com/rss/articles/CBMi8gFBVV95cUxNaGZRYXFkMWk5MzAzUDQ3a09oMmJBWlBuRkhWWTZNcjNpYVdQZkVPLVZJSjl5cFRvVTZnQWZ1Qlo1RFBTdnV6MnBHampELTdtTVRwcmdtYmhqR0gtMjAtU2hxNXRHZnpiVGZJLTRvbS1QeG0tMDNoeDJ6NURVVlVxTlUwcW55cmVHeEpIQWpLa1hVbzV1TzdLNVFQbTNQcVNqUFRiNG5DSGFhT1dKYVFjWWQ1ZWVCNnJwQ0NIZDk1X2lmM3pWZXFYR1lFeHkxeXlVZWJGYXlCS01aWlNMekRMUUxKWTBqUVc2czIzcnBwU0JhZw?oc=5
2026-03-17	Google	-0.083	Could a global economy dependent on renewable energy see less war? Experts explain - abcnews.com		https://news.google.com/rss/articles/CBMisAFBVV95cUxNTy1YNi1WQW50YThjeTQzM093VGZCZzZpYXdsalZKaV9FUDZlZ3g4dGRhcGJEMjlxTHZxX05MQ0ZUamxZS0NLWDJBVC1qbHVsVGlVdjd4VFdvSkYxWFdWSnM4cWVjcnZ1bWRGYjV3b1FYZDd5ZUxGd2pDLVBuRm5ac0FLaFEzdllSOUd5aS1EVEIycXlJeEhlaXFFYWtjSVJNdC1LRUZ0NWtuRGFFSEp1QdIBtgFBVV95cUxQMzAzemlnb0FJWmJsRkpKYVFJa3lOV2VqckRYeTNvTnQtVENYOW5rX09pREVTRTB6b3dpM0xIektvaWNQdDFPSXNMQmkxbkk5bkVZUEh2Zzk0ME04cEtZMUdtOC1EZnUySkZLWWY5WmEwa1N6dzNCWVlkTi1TeU9KVWxuVlg5aklkLUYtNHRLZDFxZVI0YUhOd0xBdVNtSTZXY1hyZ3hpdzBPNWtqbmdQNWVJRTA3UQ?oc=5
2026-03-17	Google	-0.092	Without AI data centers, there is no clean energy future - Chamber Business News		https://news.google.com/rss/articles/CBMioAFBVV95cUxOSVppLWVrUktzbkVDbDJiVjNuczk0Q3ZMalV6WjVEVlBFQWM2TEZ2Mi1DTlh4eld0MzFEYjNtMnljS3J6amwyR2ZsbDN0T2tFZXRsS3R2V09rUjI0TFQzZ2RRRWpfUW15cjdXZUhlYkFyUTRYSFdDQTktMjh4LXVXWGkwaXpiZU8zMk1sZkJmSk44cjRaRWtXTnZPR2RZemlJ?oc=5
2026-03-17	Google	-0.1	How a green energy transition could impact international conflict - AOL.com		https://news.google.com/rss/articles/CBMijAFBVV95cUxOcEx0NjJBbnJyT0cwX0Q5MEFqVjhpcWFXNHo0dDdhTjRtbm5CZmJNdUc2Mkk2UTY1aThJcTNTMjdZSU9WdkQ0MExUZTMtSUFEV2gxTzdBZi15UUt4Y3loRHRHYVM1NlIwMVNhTVY1OUhhZW5CSFJud0tQYWxaTWxub3dYNk9OQndLcU54Zg?oc=5
2026-03-17	Google	-0.1	Investor-friendly auctions dominate green energy funding - Asian Power		https://news.google.com/rss/articles/CBMijgFBVV95cUxPWE9zZVlweVBNdDhvVEowMGhjcUduT1N4c0sxcmpuQ3pzWlViZ1VmWEIyaHRhc0h4T3BIM2xmdFdxY0hsYWhYQWI4U3JvaEF5SmUxbDJtUHVIczBwQWlManZZeFVPTE1JWVI1STRobmJvd2NLaFFlTDRHWlNVak0yRmJCNnAxWW42TmdDM193?oc=5
2026-03-17	Google	-0.1	Photo | Solar array sits atop the Santa Cruz County Government Center - Santa Cruz Sentinel		https://news.google.com/rss/articles/CBMiswFBVV95cUxPQlh6MGFKaGJUWXFSXzM3WE5kWjQ2V3NRbzQ5QUkxM252alFNVVBHZ0lnYVViU21JdTF4SzFDSVl2MzQxLV9NMFFrQzFIVllydW41aE10VVV1eGdCWUVkbXRsZW1YWk9LT1Q2dHJoVGd2Ym1HdkNBOGZjdHh6Sm9nTUx1eUdJUVVqN1Roek1ZbEhXZWN5OUpEbmxTME1NZzBUS0VPZE9kQVVxS0hLQkdEUTlDQQ?oc=5
2026-03-17	Google	-0.1	UK's GridJet Datacentres saves £1.1m in energy costs from renewables contract - Data Center Dynamics		https://news.google.com/rss/articles/CBMiugFBVV95cUxNSDJZZFdCMTBmTnVPNHd3NUxBSHV6MHJiN0l6U1BIZ25NWVpnRFg0bjBlZEF2ekx3V1AwcS1TTzV3RUhScHo1dWw3QUJ1ZnM2dGZDUGpkUU1tTkZuVXAzR0pmcXE1YWhNSF9zdmpsRWV0SnFsM21iNDhJVnFFZWJDT1lZYUFHYlR1UjBUT0t0ZnNJWnoyazNWeFRCeklkM3lxdWExZ1I3VXotY2tEWmFvNTljaTJQV254REE?oc=5
2026-03-17	Google	-0.125	'We haven't seen anything yet': China's plan to kick foreign oil habit - ABC News		https://news.google.com/rss/articles/CBMiqAFBVV95cUxQdDEzZGpoeFI0a2FHbXpYMWdJeEFmV2VJZEVISFhfS3hMVUt1cmpBYWVsWEVPLWNIWHNrMDJLblNPMkNzcjhNbW9lMVRvVTE4VGpMaFZWZ0tzNE53aXI0ZFhTektPakdLUVlxSDBjQk5zdDI2QmhEYmN4ZlVwMUF0TTlmR1RuU2V4aGdlM1l3MFBrcE03T1pPLVVuQ2hMTXVZRWo4Skg4b3E?oc=5
2026-03-17	Google	-0.125	Will the Iran War Derail Colombia’s World-First Energy Transition? - Foreign Policy		https://news.google.com/rss/articles/CBMifkFVX3lxTE5ycEFtVnI4djAycm5wRGRTcVZuVnFzakhkaWE5c2UwdVVzOTE5dFNJeWZWMTFRYS1sQm5KXzJERjhhdVg4X0tackJCdHkzVzBNazNIZHBUY2tPdGFJd2Z3Z3Y5cmZRT3BvVDRaTXJ5Z0FMcmVwUkR2U245WWZlZw?oc=5
2026-03-17	Google	-0.156	Hochul signaling slowing down pace for turnover to renewable energy - WGRZ		https://news.google.com/rss/articles/CBMi4gFBVV95cUxQUThTYVVkbV8tbFFQMVBWbHFwRGFwQ0ctd0J0UWFqSm1MenRCOG85ZHBYZVRZaTF2ZEtTaUQ4WmNKTGVncVFNU0pjQmUxSTVId21oV1hpWGN5Snl3X1VDcnd2OV84V25vSUxuck9xYnBpemYxTFBRVTBsWElwa2pVWElmcmFVSGF1dUlKZVBCZ3ZDMS1LaGhHYjQxdmYzd1BYd3NKVmNZQ0pZbmNCM3g5Wm4ta04zdUphM21DdmtOdTNadzFOZTFVZEd1RWcycnVjU2lyNnktSVExa3hYbXByTmVB?oc=5
2026-03-17	Google	-0.156	Pritzker doubles down on clean-energy expansion - Illinois Policy		https://news.google.com/rss/articles/CBMihgFBVV95cUxQSXdQYWpXeXhZWUd6VUVwa3NDbW5pYXBiNTZkekp4MFVUNXB1blQzSmNiUGp5Wm9obWh1a3d0MFJ6LWVwSV81Wnh3MmppQ1VDbXlScnAxMUd0RFRaY21ueThFTC0zZGMyYlp6RzBFRURvc083WWc4aWZ3MTlQOWNNbFB6SnNJQQ?oc=5
2026-03-17	Google	-0.2	Agrivoltaics: Accelerating Europe’s decarbonisation while protecting land, food production and energy security - Balkan Green Energy News		https://news.google.com/rss/articles/CBMi2gFBVV95cUxOWjQwNzNWZFdxcUhKTm01V0V3UERlbHp0TnVGNzR5YUREbUpldmRqZG93YzRyczhYMWNTanc5Mk9aYnNZZHF1T1RrR08tU3R4WEdTNUUxYVM5bTRYSGtJRGY0ZXpLaWVieG54NDhTZG5ocl9mMzdiWlFYLVliTXNwTk5SYUtKU2pBXzJOVTR0eThSRjZ2dzdNaGpDZXN6b3FNejZieF9tOTlaSHdHUzg2dHJGVTNja3FsYXlfdnE5V2dRWVVfajlCNmFzX2NvUjlSaUZCdHFSODVmUQ?oc=5
2026-03-17	Google	-0.2	China’s wind and solar boom is creating waste, but there’s a plan - Electrek		https://news.google.com/rss/articles/CBMiiAFBVV95cUxORnF6ZXVsUENOMkY5ck4xRlNzOVF6NWRRS2VOOE13VkxZT3RkWHZXbV9tbFU3Nk5uejdaNTVTMmpZMjRsVG42My1MYVVtMUR6c1A5ZVUtMm16S0xkMC03VG9jOS1wTkpGdUNwT2VMWFB4ZEtOQmNqbXdUdkZmTnpDcmswRVh4Q3Zi?oc=5
2026-03-17	Google	-0.2	Europe’s Green Power Revolution Softens Iran Energy Price Shock - Bloomberg.com		https://news.google.com/rss/articles/CBMiogFBVV95cUxQUjRJcFBBS3RhUWhSRi1pcnMtR3ZKeWVIdXlST0F4VVZUbm1JNkV2NVI1aTNzMWROWUFibnlTS2s0b2NlZmR5bUEzQklzSkZ0TVRoMzliN09YMkpRUUZZc3dsNWM2NEd2bnJVY2pMeVlfYjBTYUZSbjZyV2lIMHNoY0J1TzQwRkxuQkU2MDY4Zk5xc3Q4dUI3bXIxZFJjTGc4a3c?oc=5
2026-03-17	Google	-0.2	ReNew Green Secures $95 Million Investment Led by LeapFrog - Saur Energy		https://news.google.com/rss/articles/CBMisAFBVV95cUxNS0RWQ3ZpV0pkWGl1WDJNaXdTc3lNZmdIQ21CNWZBWGhTMzJfOUJvZ2RVNFdfTGhCMXpVMTd0TjViSjVZLWlTNVhjbmZILUJTcEVCdTI3Rk5hbjBCZktfOEZWNjRxREZYTndTWldBMnJmQXAybE56WUU1REtjUjVTU01fX2YxYVJMa1h2cnNCTHM2NkdHektLdUpWTDdiUWt5Wno2ek1XaUFPd3JVRk9Iaw?oc=5
2026-03-17	Google	-0.2	Reform pledges to scrap VAT and green levies on energy bills - BBC		https://news.google.com/rss/articles/CBMiWkFVX3lxTE56bFQ2RDA3MldCUnpiSndGZzZTZkx1eUJUS0VpZHVEdV9UT19VZG9ZeTEzLVdnb1NyZy1LVUgyWFlXU2dqZEVtdmZOVVMtOFJycS1kWUxMVm51Zw?oc=5
2026-03-17	Google	-0.2	Reliance and Samsung C&T $3B Green Ammonia Deal Powers India’s Hydrogen Exports - CarbonCredits.com		https://news.google.com/rss/articles/CBMipgFBVV95cUxNclZHWkN4cGxTa0NuRmtSQk45RVdheVNfNFdGMElpeFdDNFAyUWpwRmprWVBjU0pqdjFqUVFPSC10cXpka1U0ZHBDZkNaSjFzdnAyMmxRaHhpYXNRa1A3N0xnd3ZDdHF3R20tSDVOU2JRSmRlaDhDSDJ2UjdEV0hNc2NKQjJKMUdJQkRJeXhxV1hVaFdGdkZraE5XbkNDbGpkd05IZzBB?oc=5
2026-03-17	Google	-0.2	VLA Energy unveils plans for green data campus in Romania - Renewables Now		https://news.google.com/rss/articles/CBMingFBVV95cUxQaXBqWmYyUWJEX0ZWOUhjVnRXYlMwMEFvVzRYdHN6VkdEQzBnXzJvRThkYzMwTzZVV041WWxpYUdWOUI0ekFFTENhcE82ZGhjaUJJVnZBclkwMFd4YWU2SlBUWDh1aWhNVkNvWmVqNGZTbWFuSXRMdmVEYk0zeGFyM1hGaUtQZkR6S21HdG1jRmxsMGhKRWVHR29xNVpLdw?oc=5
2026-03-17	Google	-0.275	Letter: Not wise to backtrack on green energy tax credit - Honolulu Star-Advertiser		https://news.google.com/rss/articles/CBMitwFBVV95cUxOQWtnQ0ljRVZhUEp5S0xvRWlWWlh5RFNfaDk2ZkY2RHVrMXNoSWhZZ3E2ZEVlX2VETVN4YllCTS1TWmh5NmdTQ01pcWRNUkFuSTFxY0d6YzNISUFyNTZPTnhScUotbGdOS3NxUFF4Vk44S3Jka05xYzdBMk9LeXFwSmJVb1pvRWMzMGZRdjQ4czFlUmloSHdndzhDTG9vdW9tNmRuWERzLVRua3ZiVG8wSk1aTWxxcDg?oc=5
2026-03-16	Google	0.8	War-driven energy price spikes highlight value of renewables: UN climate chief - Welcome to the United Nations		https://news.google.com/rss/articles/CBMiV0FVX3lxTFBScG9zaEZfV09neGVOVkk2cVBvSXVhOTVQMTQ1SHhIRHRyZ3EyeWNER2pPUTM1MllkYU9Fb01kbXpFV2dPXzJJeG5XUEJDY1VEblRSZ1l5OA?oc=5
2026-03-16	Google	0.433	Europe Biodiesel Market Set for Strong Growth as Renewable Energy Policies Accelerate Sustainable Fuel Adoption - vocal.media		https://news.google.com/rss/articles/CBMi1AFBVV95cUxQZEhILWJQU2dsLTdyOURiMHFLMi1nVExVMXhCMEYyUkYzTXVybXByTzU1MjJaMFhGU2RGMEhvNnR6cUpHaUt1YUlCVTBZRjNteG1FdXQzZ0d6d1pkVFpESEN0ZEEzbjVMNHg2LW50ZGpMbGNLVGFWeUxtNGxhRVpXWUlrenVFaklVZWk1SFdLLVE5cnpsVDI3dzg0TXlCa2poRkFDVjZkd1g3WHZKODJJU0VIcHVUbmNCVTl5MERKdGlHb0JhVjl3eEFMYmRUeGFLX1l5ZA?oc=5
2026-03-16	Google	0.367	Hydrogen Generation Market to Reach $281.9 Billion by 2030 — The Clean Energy Revolution Begins - AltEnergyMag		https://news.google.com/rss/articles/CBMi6AFBVV95cUxNUUwtMl9DQTh3S3NmRmQyd25jTllpemVzTXNQOGRsM1Zfb256WmY3aGU2WVdDQzk3NDBaeTUtZk85T2lMVDJLOW5oNXBYc2xwRUZRMkZ4eDZOQUZyTHlwX3JSSTVnOWszYTIwb1JobW9ydkQxZU9qeV9sX3hWTk1zMWxnTUNkd0JNbGRXclZma0drOHpRY1RlcUFrSjY4ajB6WTJUalNXYkgwaW9zVjl5bDJHTXU4TFNCazE2MExiRFJwaThWdVBfZ01IZEhmbjVNUllObUhJcDAtT0xKX0dYT0xsdHQ0dGhC?oc=5
2026-03-16	Google	0.367	Starsight Energy Africa Group partners BII to advance clean energy growth in W/Africa - APAnews - Agence de Presse Africaine		https://news.google.com/rss/articles/CBMiqgFBVV95cUxQdWRCUmdiU2Z5V0RpUWdFLS0wOWdsSTlSZ2w4Tk00NVphd3AyQXV0MHFHYTVmNk44Rkl4MGcxOTFLcHhyY3BsOFNOZWpkSnU3cHo3T1k0TVYtUTIxTlB2SU1wcXFSU20xTzBITU1RMUQzQ01wTUJPeFYxeGY3TWp1dV83RjdRcVJJb2l5YVh1Z3dSX2VQYUF6OVpFTVdXeVZhY3pIbXRVTmhRZw?oc=5
2026-03-16	Google	0.367	The Winds of Clean Energy Keep Blowing - Sierra Club		https://news.google.com/rss/articles/CBMinAFBVV95cUxQcnE0Q3pCQlFFRGdrcy11Rk5QT3JJVVNDNDQ4TXNZT09yd3UyUWFoejRoWVNLbnd6RW12N3VmQlhsSkc1QXBfMnNtakJjSlN4QVhUTzlTdjM1Nkx5NHcxd0hINnZBTWZVUi1GX0dwSGs2allkQkdZSFlmcDlCMWtyY1FfT3hmZTFLa0ZWYTNUYlJSWmdXWjdvOVZDMTI?oc=5
2026-03-16	Google	0.367	Virginia Legislature Wraps Up, Passes Clean Energy Bills - RTO Insider		https://news.google.com/rss/articles/CBMijgFBVV95cUxNQ3dTMnNXa1dYN2FlS21tYUlvOVhCelNqTVBGcTQ5OV9SaFgzc1FteGFnNW5GQnB4eWo3c3I2bnVyR1BRc01EOFRCeDAwalJBMS0zNmpPcklwT1AtelRob0h6V3JpeGFRYXkzU2JyWHlNbnBubUNlenlFaWZ6Y29ORTctMjV4Rmh3eXNvanZ3?oc=5
2026-03-16	Google	0.358	Founder and CEO of GIFSEP, Dr. David Michael Terungwa gives an expert perspective on the role of clean energy in alleviating energy poverty in Nigeria. Watch full interview: https://youtu.be/YIB3Z0EY4Ys #trusttvnews #BusinessDaily - instagram.com		https://news.google.com/rss/articles/CBMiVkFVX3lxTE9NN2ktVl9KcWRZbEhieE5idXpjcEFvdzlOcENNU3k4VHp5UHVhbnBtMWN3MHMxajRfQk1pZ1B2QWw5Y09SNDRoMTVKM1Q3RFIzYmRsVUdB?oc=5
2026-03-16	Google	0.3	Green energy boosters stress long-term savings - Great Lakes Echo		https://news.google.com/rss/articles/CBMijgFBVV95cUxOZ3Qxb05XM0VpLWZEUV9PSVNEM3dGNFZiWndQTVhsdjNlZVlxY1M3VjUyd0NPTFp0aG8zU2RNYXlWVmxNa2pQNjdiRFl0UjVEVGtYUHc4eTR3cVJ0SEJZbWFqcFBUZTlrSmZSSTFZUDR3RFBRR2lsMm4xSFUtREFXUUE5bTF0a0VUM0ZyWDVB?oc=5
2026-03-16	Google	0.289	People on the move: Arevon Energy, American Clean Power, and more - pv magazine USA		https://news.google.com/rss/articles/CBMipAFBVV95cUxPdjlBMjhXbF9QczRkRkloU2xNS3M3am56U01nQWNHa25EOGRVWHNoN04ybzBuYXRCMlVDSmp0LWEzRkJObjNSZV93TXItSmxZVDFXbWNORUtrdjQ0cVY3NW90aDZpUGxkQzFGRVdCQ1I0ejFpV0xUMGpTdkt0NFZkVWV4aDEwdkw4R1Y1aFd3UVlUQ29VUlpueTdvLVVmR2F4TGUtcQ?oc=5
2026-03-16	Google	0.283	One Big Beautiful Bill (“OB3”) and FEOC: Current Considerations for Debt Financings - The National Law Review		https://news.google.com/rss/articles/CBMiqwFBVV95cUxQNjNuWTVzNFQzR3JPQjl4ZmxjeV9RcFVibV9CV2Q0OC1jZHh6MkZydW01aU9RQnhxTng5aTkxenhNMkUzRXc5bTFoM1dBenJ1VG9HRjNSZUtvVzFIRlpDV3ZpeGc2ZHVsdWdibTR4Z1RmTGcwcmJEUHpYa1NRd3dtQWVnaU5JbEx4YzkxNURjWERqRjFUcU1BaXVwQ1Y1QVpzTWhEdTJHaXBPNVnSAbABQVVfeXFMT0w5ZkhzR0YwRi1kYmtYdjhEdkZhdEVfcVNJTkRhdWU1Nm5QS1dQYk5pbGdheVM1b0xSdjgxcUlTZjVPMmFOQTJGTjFNMkxyUFdWOERteURfc2hSOHhQbTFmVllia3QwLVFDZzdmWXFwaTgtVXg0OFdZdlFZZkh6aGlPX2t0R1lXLVgzNmxvWTFTNnZram1odFVsYTZyMXNRY3FLbDRLbXNycVdfbTNEdmo?oc=5
2026-03-16	Google	0.256	Ithaca and Tompkins County Secure $250K Grant to Develop Clean Energy Projects - The Cornell Daily Sun		https://news.google.com/rss/articles/CBMivAFBVV95cUxOQk1MZ0xZVXlWbFY0bXZiRVMxV3B1Mm94aTZwRzEzMTgtaHRHSy0yR3VzanJuaVd3Tm9uLVcxZFVjNjhqa0twVG5wOHJxSzlFWVBHU1BHa19hZVItYUtqS095dUl4TnN3elBWT185Nko4VHhWdWprNXZVR3RmMjJHcXQ4dVFKZ1lwT2lyaURzVDFQNlplM3FDVU9qS21YM19iZjVacUZuNTVzWTd0R2FxM3V0YjEwWWQ2NGhFVw?oc=5
2026-03-16	Google	0.25	Empact Technologies Secures Six-Year Compliance Partnership with Maas Energy Works Supporting 56 Renewable Energy Projects - PR Newswire		https://news.google.com/rss/articles/CBMiigJBVV95cUxQdEdYdGdLNmVmYnFwbHZVaFlYZ1ZUYXd0dGpzYmVtclVFNkFQRDNYWXpPaW1OOXVleEZyWnlaNzRsRWJoNEswZ3JpaFlaLU90UF93U1AydExkRHp0LVVnZ3RvS1RDdWtSY3dUVWRsemg5bEpUVjBzNzJ2dWZjUDlIYmVpaDVNVUozTDUtUk1XdEVkOTZTeWR4SE5NWnlTY0x0X2dfN190LXN4WlBJdEZBRjRSdHhYRlpCLUFiLWRIM1dHVFp3YUtLZnRzYjhjUlJYWWpyVHhXYTc3MENHSkdCNmRSTFZIYlN6cGt0Y3RpcFN1UmdMbHB4b3NuZHRQWlMxanhBQkpPSHV3dw?oc=5
2026-03-16	Google	0.242	Patrizia, Mitsui secure $70m EIB backing for Asian clean energy - IPE Real Assets		https://news.google.com/rss/articles/CBMirwFBVV95cUxQZkRMZlBmZGRYdHB4ZndlcHpBMWZPcnFtYUJPNGthOWpURzRVUGphUFJwNHJiaUFhMDI4bW9lSkF6NXFacEZJOGg0OHE1NGlPQmlILXVyZHBQbWx0NFBKSTlEM0RMdnBoQVRrNFZkQzB0Q2lwODV2U0ZWQVlwR3REQmhadGpUMkk3Yzd0VElNcUlrWEQzcDZ3VHh3cTJTWUtsbExtX256SEdvcUdPNVUw?oc=5
2026-03-16	Google	0.2	Oil and gas prices are soaring. Some countries are ready with solar panels and EVs - NPR		https://news.google.com/rss/articles/CBMinAFBVV95cUxQUmw1T1JRUTkzSXRWWHNkNXN3RTVWb25nUndsR0dkS1k5cXFVaDBJcGFZcXN3SDczQ3Q1b2dkMkZuOFE3eEFITGtXNFNkNVlzaEhqWHU2MUVCdkRBV241ekUzelN1UUg5RE4weFluRTZaRUNUZ1MycS1qNnFmMXNPdkptTU1kLVdFc3ZwbkdDaklSbTR6NXZNOXE5V2o?oc=5
2026-03-16	Google	0.2	Promising Renewable Energy Stocks To Add to Your Watchlist - March 16th - MarketBeat		https://news.google.com/rss/articles/CBMiwAFBVV95cUxOZmpES2l4RTlYTm9NazZSNDQ4V2tnSl9jejVSVEs2MktBbGYzV2VuSHhmWG1CUF9XWm00TUQ3a0Q0V0d2X3JxVEQzelRMR2E4YVBvRi1KazJuZzdSdnFqZ2wxZUIwVnVmQTg0bVloelV3QllJOG94NlUyQUZ4OVJCVVlQQmFYVFFndWUwWlNybEllUlc2UDNtT2J3bmUxX2NJS3RleU5wNlVBa3dxOVUyOGROd1NOSU1jUmJKLVRqQlU?oc=5
2026-03-16	Google	0.188	Cambodia welcomes ‘significant and historic achievement’ of 1GWh grid-forming battery storage project - Energy-Storage.News		https://news.google.com/rss/articles/CBMizAFBVV95cUxNaUcteG1ubEdUM3gtdm1HS2N2VUdtQ2FVVzI5STNwSHJHc3NRUlRJT1gwaGQtR1ZSbGNXWmRhWjd6MDNzNjhYRHdPWDlzeDRUc1RQYVEzS0N1ZmhOUUZtbmI5ZlUzMXEzb2Z4YW5QQ2ZyaGtlOWJrcWYyc0padzFtMUZ5Y2JzSS01emFjNTZLMTg0M2VkN1FKbDBNRUEwcjZYRmhNOXF3NG5hMlRhRXZxdF9BUGFyUFJrNTJvLWs4SHE3TVRxS1E4M0libVU?oc=5
2026-03-16	Google	0.136	Carbon-free energy: New sites covered by renewable power purchase agreements - Safran		https://news.google.com/rss/articles/CBMiuAFBVV95cUxQcXF1TzNJN29OOG5TRFNqS1BiaDlaVXNJQkJ1bUFzVFkxMUg2RnFPZFFpQTVmNzY0ZFp4Y2oyd3JiY3VFcHIxd2k4SGVOQ2ZKWFFUNmJZbFRuRXdkRGRSaFlXczRwSnltd2NBV3lRcU9zdUduQnVqSmRMRnVTT3RpQUlwaTYwakNZb0FFVVdmcUdYRUFHcEVWN3pfQkMtYTkwVXBuNTQxcWNJZ0FFOHhzUWphZ2dDTVl6?oc=5
2026-03-16	Google	0.136	Hydropower Line From Quebec to Queens Could Power a Million N.Y.C. Homes - The New York Times		https://news.google.com/rss/articles/CBMickFVX3lxTE9Wa0lXcEQ3bUdpbHNLNmV2WFduYnZaZVlIYTh5UDZJaUdmNnVsM0FWdUVETGpRZkhmOHNQckc5ZVF6Mm9uVFZwaGlWZUlrUVFOYURUQ1ZXNHRla2ZuSXNPOEVoYnpUQ3NDZ3dOZ1FudThIUQ?oc=5
2026-03-16	Google	0.136	India may soften new grid-supply rules for renewable power producers - Reuters		https://news.google.com/rss/articles/CBMi1wFBVV95cUxNWnE3ZFBhSU1kaWpQSEppWUJZU054OEtyV2Q4ZUV3cWdaODJPX01LcTJYT1ZIRHdOdVNPRFY0OE5Xa1lrdVdHTXppa0NQb1JMODFXbE95WXFuZHdNODFIUDlieWNuVTdaX2VlejJoU3BfNWNsVElrdzNtSzY3WGZPb0d1MWRLRlJnamsxVDRvV3VFZm9BSUlRS1Iya3BvTzVkUVpRU1VFb1RHSW9ONkZUVnZDMnMwUDR1Z1p2THF2VVVyMnZudmlod1JWWGRSRWlldU4tR2xIMA?oc=5
2026-03-16	Google	0.136	Legislative committees go all-in on energy reform - New Jersey Globe		https://news.google.com/rss/articles/CBMikwFBVV95cUxPUWVYUHdfNDB2MFJmR29KeDhXd095czFMeXA2WGJwdDNDZXZBZkQzN0xaX2pjbDdLb2dsYlBhcTRReTRKZ3dLWGhHOVNTdHZ3YXJVSFJ5Y2JJTWFMV3JhTHJKVFNWeXc3OHY2XzRQcVJoMFFTT3Zza01uM3BvTjBMVjVGdFdhOUNMZE9PZFVZbXRnWDA?oc=5
2026-03-16	Google	0.136	Mandating 100% Renewable Power for Data Centers Not Practical - New Jersey Business & Industry Association		https://news.google.com/rss/articles/CBMijgFBVV95cUxPQUVMcFEyYkJKUEYyS3pPdWF0bHVEWl94WGhBTTZSenp6YzhIY1VVSHkwNkFfdmhMMG1JczB0Tm5EQlBwVWlxcEZmdDJ6eFAyT0x3LVF0WjY3LTN1bTVuUzdrNE02SUo3UXpMYllqWE1OWUlWdkxmZ1FIZV9aRDJhMnkwMnRzVWVEMVBEWTl3?oc=5
2026-03-16	Google	0.136	NJ bill would make new AI data and crypto centers use renewable energy to avoid stressing power grid - Press of Atlantic City		https://news.google.com/rss/articles/CBMivgFBVV95cUxNOTBubnp5Q0V4bjVCclFsdl9ySVVjVkd1am5BNDdmWmgwa1hnakFNd01tV1A4ZUZXRXI5cjBSdmdBOHlGbEV5NTBILXZtalVrbjNUalg1Y0xUcjhQbWdwM05PUnBCUVduYmVKWGFENS1pdjRiMEx6N1V3bDNZUHQtWnJUNlZXNW9qVEJXZHA3MlE2WWhDYXc4NC1zUHpyZU1mUWZhS0pNR3o3TXA3aHhjSFI0M1JVVFBZN3hzNjd3?oc=5
2026-03-16	Google	0.136	New Daylight for Geothermal: How Federal Support and Bipartisan Permitting Reform Are Fueling a Geothermal Boom - Foley Hoag		https://news.google.com/rss/articles/CBMikgJBVV95cUxNNk1HeEdEMWMwbko4MlpaaWlyNTJoY0hXVzBaTWhNUElCTzBERUI3OTYzMlQxUnZMSU5GWWFrLUlOb0pxcEhBN1R2ZjZWZkJYUTh6QmN4YVdBcTk2aVhUQ3h0aGQ4VXhLaHZBQ2o4eWFtcHprQW96czc4TW9rcWtsYlJsUW00eXIzaFQ3WXV3Yno1M3NKR1Y0TnhBN3VKOTd6VlVPa3hyYndUdHp2SXJuaXoyMjY4a1BwNjFreXBBUEZBT3JRWkVhbTN5UUNvd1g0MnBmU2VnV25peks1ajNJWTFQbzRBZEFQX0JrTWpPci1TLTlTdVdhX3pEYzlORHN4ZVZPSVM2c09ab1k1bmZUQ1FR?oc=5
2026-03-16	Google	0.068	100% Renewable: Tecto’s New Standard for Energy Accountability - jsa.net		https://news.google.com/rss/articles/CBMihwFBVV95cUxPT1IwcDcwRTJxRUl4SXhnRFZXZzNxSWxmc1pweDN6NENfZ1h1aldWMGl2SkNOZjYyeXRYZUpoUkcxT1kwY0tySjVuREh4TmZwcllrMlc3dkxKZmNFR1BQVU5FczBtY3N3RFhIdFU1a3UwaTBydk1MZndBa0dZM2ZrcE5KNlJrejA?oc=5
2026-03-16	Google	0.068	Pluma Construction, ForeFront Power and Standard Solar Bring 48.4 MW Community Solar Portfolio to New Mexico - Business Wire		https://news.google.com/rss/articles/CBMi9wFBVV95cUxNWWdVcVJMMzdqcGRYMG5SR3JWNDhFVF82YUY4YjA4aldQdkZERy1pM0xyRjFzdEJTdWs1cmZYV2FYX1JqODhadm9SaDk4Tl9JUE53NzBKV0FKSDhxSkp1T0tlVTB0Um5Xb3p3UnFWU19Vc2FWV1M3bGM0YTFiS21qWEVFT3g2Q3VrMVp0VW1vaXh2WDkzVFJORGNSNnc1X0ExVFZwbWRwOFloNWVlV0lmeE5mMGNGejFVaUE3bEVPSk9FNlpiMWdybFhwdG9sSVl3VFg2c09oSThJSlJ4am5xeXdydTFXTkZlNlk1YUlhbFcxYnk1aVYw?oc=5
2026-03-16	Google	0.068	Santa Barbara’s Planning Commission Considers New Rules for Solar Power - The Santa Barbara Independent		https://news.google.com/rss/articles/CBMirwFBVV95cUxPa0daMy04blVVWDdrbnpYUWs2VlZGcWduMTM2UllYVjEwd1FXUk53WGZXUjV2ZGpNX0RwRDA1V0toWVk3UjdsYXVDUmRGaXhzTm5VcTB6UDNNQnk1TW1XemNhWFdXWWhQZkQ5dXh1Vl9KaXBXcm5hSnhNN3BGODlBUllfN2hMWFM5ZF82S3NjeEZ6TTBySmR0RURWa0tJSkd2Z25GYTk3ZTZCakNyNXpn?oc=5
2026-03-16	Google	0.039	Small Hydropower Market to Hit $3.07 Billion by 2032 — Is This the Future of Clean Energy? - AltEnergyMag		https://news.google.com/rss/articles/CBMi4AFBVV95cUxNdVphVTZmS1h5Y1FpTnBmYzRNclpsYmdIUnhIdWRvNXpXQU9wQm50M2J6bEVrbUZTS1VLcDV5aWZhTEdFSzNhT3RTOENmX1JRWWJXY2w5aEpoWnRsQnJsZ3FHdy04a1lSRWNpaGw2Wm1Xa1p6UWYzTG1OY3pMRU92WDBLMVQ5Ti1nTnBMenlIVDdqMmVXWXBUVkY3YTNDaVl4aURGdDg0SWUyam96M1pTNXRqX19fazBiYjJfcTRDbHVxcVQ2ZllRdi12dC1vVk1pc3l0WDVNRElNcjJIZjVldw?oc=5
2026-03-16	Google	0.0	2026 Strategic Plan - Enbridge Inc.		https://news.google.com/rss/articles/CBMiYkFVX3lxTFBFWm9IWGhBYXQyS1EzVnpPVHZFU0hpdHpfRk5leEhmamZmVWJvRHVzVWd4NmJfdHpiaVU5ak1QekFFVWFyNllSTG9HczByUkgwMHRhU0loUHA4azBRM0lUYld3?oc=5
2026-03-16	Google	0.0	A proposed Willamette Valley solar park is still in the mix. Neighbors want to nix it - NPR for Oregonians		https://news.google.com/rss/articles/CBMixwFBVV95cUxOamJWM3VMNjdwVWM2eUU2MVR3STlTOHRNTUFOV2ZwQjJqd1V3ampyR0d6SXFiZmp3UkVXNDlCN1dsaWRKSmFkcVVUeXZmcjdCOEc5dHR4VHE1cGl1ZlJjcDZtN01RTll5Q2hmZlV6SzZiZWVKU0EyTENPVWRyakFjeDlmc0ZyZWt2Mm9fOW9FdXNUNzlNeTE4bGdpRXZiVVpiUW1JaGg4RnFVSXNnNDRKQTRON0NRWDBoQkt5MXNpUWZTR2owWmtR?oc=5
2026-03-16	Google	0.0	After 345% Run, This Solar Power Stock Heats Up As Oil Tops $102 A Barrel - Investor's Business Daily		https://news.google.com/rss/articles/CBMiigFBVV95cUxQNmhoTkxZckw4ZE9LN2Y1UUt3cmFNVjBGWWoxMkxnQ2JlM0YzMmV3SFp6Q3dNNmFQRzF2TDFRRGFTUDNjcGpaTU1wYWdieVlUYzhtNktXREdSbm5PclVBYWgwcXpIb1Zoc0NBVG1Gb2dpc2tPLXJaY2VZSE8xRXdScm1aVUtjWThNakE?oc=5
2026-03-16	Google	0.0	Ansarada: Clunky Procurement is Curbing the Renewables Boom - Energy Digital Magazine		https://news.google.com/rss/articles/CBMikwFBVV95cUxQOXBEZkcyWTV2eVRNQUt2cFhqTVJCNVpCWU1oQmliZk12bXNJclZZUnFwZFBuYlNuMk9hMko5cEFEX3BiQVJQU0FpUzY1YWxnMUhoU0Q2cEhHVU83RzVSS3M5SEZYdnhETkQ2RzNDRnZlMEFMSW5xOFlnZ3pMMXdhSGdueDVEellIUmxIb3hPU0pVbUk?oc=5
2026-03-16	Google	0.0	Assessing Enlight Renewable Energy (TASE:ENLT) Valuation After Clēnera’s $304 Million Crimson Orchard Financing Deal - simplywall.st		https://news.google.com/rss/articles/CBMi5AFBVV95cUxOenFqTUMxQ2Q3c2lqRllUQ0lDV1A2b09ya0hQNjFVNVdxdlE3X29kTlFUZVJ2VUdlMHUyNnNpend2a2NtUjRqWEt4TDk5XzE3eVl0cGZRY1FyQTVMWXNudkNxWmw4TmNqbzNPX0pBZjE0SHREVmZteXl0SW1xeVEtUTZ5eW1HU3JVNWRTNTJpSE9KNmZUUm5rSUUyb0s4T1ZQcXRGY1BQVGxuLXA5cG51UFlqQXQ5ZlEyQzlLZlRsWnQ3a3N0QUozeWNmVUUtZlA0WVBZRFFOOFZDUDBjci1hZEduN03SAeoBQVVfeXFMTUNxV3FhQXlKSnFweGxFdmYwdkNPLUV3dTZyUnN6akR6S2RyejFmOTE3eDdGRFJ6SUhUNFRhN2huQklxNXUtY29YeFVES0I4SVpfdHJtTGZhYnl3R3Zzd3pqcTIzT1dRcF9pSGhLYWtQdVhVQXUzUnhCSWZEbW43bVA1ZDV1bUEzMXI5QnAwTERkc2Q0M2lscUpwb2o5cWtNT1FmaUo2NXY0T3A2X2ZpZEhuU2JUNEx1ZFJEclJEblY2RGxWYVYyZ01zR2hraFdrYXh4bGlGeUl6WTJWaVBRYjB6Z0J0NlJmWmZ3?oc=5
2026-03-16	Google	0.0	Bill would tax renewables to gain property tax relief - Sunflower State Journal		https://news.google.com/rss/articles/CBMikgFBVV95cUxNX2lMdGxRSzB4NGE1eVBQUVpkclNyeEZyWldSVXV6Q0MxU2xOU05wYTlDV0YzQVloa1M0WXNZZnVWczAtZHRwZkRVV20tSTZaUExRXy01Nk9wcjdWajhGNng4eDY0YmNOVnVkZHRibElfWEx2em1VRG1uNC1qdDVvY01iYm0tRXVDamtPSTU4MmNZdw?oc=5
2026-03-16	Google	0.0	Blocked Northumberland solar farm planning inquiry to take place - BBC		https://news.google.com/rss/articles/CBMiWkFVX3lxTE9YNGF5aVRNZEFHQjhZc1VhWXNvQ2NrVTZZdjI5XzBaTTZEeHNwUDcxbnV6MFd2MFI5Y0tjX3FLcTJDRWdubXlGZ0ZVdGptVE9NRVU1a0x4MUFuZw?oc=5
2026-03-16	Google	0.0	Brookfield-backed Finlight, Atrato merge into 700-MW DG platform - Renewables Now		https://news.google.com/rss/articles/CBMipgFBVV95cUxQbWQzVXE4SzVYT1BlT1MtbGxydVJkdm03M1pxMHgxNEltS1A1MDd0Qld2MnlGWUw5RkNneTQxZjBqbi1KeGxzVV9WcVB2YmQ4clRtYzlTUWpkamdFbFBnb2h6blRwd016eUplaEpodDM5cEpoVER3WmdqMy1aaUc1TTcyWW5VOWVyZXcxcnBvdHJkSEpxUHBteTlkdWNfenQ4TU1KcURn?oc=5
2026-03-16	Google	0.0	Can China Support a Just Energy Transition in Latin America? Policy Insights from a Working Paper Series - Boston University		https://news.google.com/rss/articles/CBMi1AFBVV95cUxNc2JwN3lZUmMzaUpMRDkzcWNSenFQNmJ4Mk9mQUZtTmhuVjRNYTVtM0JOdnFuN3FDUmJ6d2JEZ21XX0UyY3NNMmsydmJyZHBoZ0s3M1psOXhiRnBKV2hlYV85d01TbEVzWDlobVM5bnY4Y3IySG9idGtiNjQ5UVpHS0FGSWRnaXVWVXQ4cUVCelQydV9UNG9nbmVmTWo5cVg3MVFvcGdDLV8zUjNPWHpra0oxRGlFcGViMGtTaWVaMXZWeHpqMlE1d2t5YUgyTHJzbTF6SA?oc=5
2026-03-16	Google	0.0	Clēnera raises US$304 million for 120MW solar-plus-storage project in Idaho - PV Tech		https://news.google.com/rss/articles/CBMilwFBVV95cUxQMEpUMmpDVkRkZlluQ0NjUlJBM1I1WThwNFZxUG1PVEQ5RVlod1lBRmJTWkthOGVTU2g1bzNiZ2dHeFVQaFdfa0NlbkNfTmVaakVwajR5MUZrQXd3Y2d5ajlyS1h0RjAzemNfU3JUNGl2bEFQYURuVmU3YWpmZnd3YWs5RDl5NUhqcE1GdzdkSC13X0RjejFz?oc=5
2026-03-16	Google	0.0	Doral Renewables secures USD 525m in letter of credit facilities - Renewables Now		https://news.google.com/rss/articles/CBMipwFBVV95cUxQM2M1REpWRndFa2k3OXlMM1gwVC1IZXo0MnlwVVNfSElpOVdId1phREFhZzg0bjhJQ0p6aUhlc1NOOGstcWN5TXBDcGtKX2RUTG9ZdzRNV085S1lIUW5fdkxrNFJHZlo5a0xXcTgyWVdMZEZZcG5aVDJ4WllzOGN0YTMzTjRqVE9taUdmOHNUQXp5UEoxRzFfUlhZQk9WNDNFTzhHczFDVQ?oc=5
2026-03-16	Google	0.0	Enlight Renewable Energy (ENLT) secures $304M for Crimson Orchard project - Stock Titan		https://news.google.com/rss/articles/CBMiwgFBVV95cUxNU05wa19GWk5EU0xLX2xvY20zVWh0dmMxbHJxZkFGTFZxX3lmVGdaWG1ZMGdMR1JqcHdNQUlsZWlqUXRHZUN4QVhQSFZOdkk4b2F5UWVFeXdkZnFycG9MSlBzczhaekNCVFg5VzRJcE9GVFJLSmZmRXFyY2dWZHNwWmE3YjR3WVlObU5Sd2Y4aGRYLTdnN28yTlVENEd0M1hPSkhlQ2k2cGJ3TmtDMHNqY2N4UEtwcVhQdnhrN191aXN6Zw?oc=5
2026-03-16	Google	0.0	Enlight Renewable Energy Secures $304 Million Financing for 120 MW Solar and 400 MWh Energy Storage Project in Idaho - Quiver Quantitative		https://news.google.com/rss/articles/CBMi5gFBVV95cUxNajZDVDdhVWVmeEJpbjdBYVVsa3g4enE4TjNSb29adGdwX1NZVGxLZGdsa1VEUHdTMDM3YVlsNXRWWk9XUXlEVmM2bUd6akFXcWpzZklMMjQyZEw0WGhXREZ1amNUZ1lNRXRBTGxORnpnM0E2RVI0elhvLXBkdlp5eEJ4bVRHLVlHaTIwOE9DeEFSV2oyaDVlVGNTLTBLVXdxeVo3MG1uRXNfVGIxRFI2WDdackpZZ3FpcF9DdzNVQkVHQWZZb0JqdGh4NTljeHBZZ2VlQlVVcFlOZ1VZVXB2MXlMS2VoUQ?oc=5
2026-03-16	Google	0.0	Enlight Renewable Energy Secures $304 Million Financing for Crimson Orchard Solar-Storage Project in Idaho - TipRanks		https://news.google.com/rss/articles/CBMi7gFBVV95cUxOa0hvQVJGT0JUdUFLcHBjZjZPdDhMR3FIQVJ1NEZDRzZfY1gyOUpwellJbGE4cVp3TVRmc2dzQmlLRmc2aTRpYUZ3bmMwNEd2VGdZbWhXS3BRWWhQSUc3YTBNUXZUcHc1MUFVb2JkZENjdWlsUXhkZVpDYWZ3NWV0NmFBMDd2M19wM0ppUkU3cklmeUF1N1RVT1ZVY0tPUWkyQVVmTXhxZlZQNXVtSWhRbXc5aDVUYkZTdFZ0NHY3aXRvWWVta1pUeHJ5clJLTUVxSTNnWFdodi1rQTRmeXYxRjN0MTNabU45WXpLSDBn?oc=5
2026-03-16	Google	0.0	Enlight Renewable Energy Secures $304M for Idaho Project (ENLT) - GuruFocus		https://news.google.com/rss/articles/CBMioAFBVV95cUxPZ2lUZzc0VVVDT0E4Unc5bExfU1lBVUVSRUZhNnUzQ2RCUHR3RnFZdlEwaXl4WWcxNTRLS25oWDJ3dlgzQ1gwNHZqdTN6enlRb2g5RUVWV3d5YnpEWUg2WlU4cUFjdUwyNkhXTTVSR3dMaC0tQlM0cEdlWTRUM0Vad2ZhSWxsRG5VWVZMUDh3S2kyMHA5eGNfSml4MXBTXzh5?oc=5
2026-03-16	Google	0.0	European Energy opens 108MW solar farm in Victoria - Yahoo Finance		https://news.google.com/rss/articles/CBMihgFBVV95cUxQcktlVWozbmwxa0xiZURDYXItYktTZXJHZTAwYVZKUzZQSlRwaTVNaXA1dzAtZEYyUHU3RjFlSDc0bkNhbmd3dDFnQk1rWE5rVUNkV25OTGxJTUszMjFILUctWnhidHQ2UC0yQmJ3Yk9IeXd0OWYwWkZmbk00cC1ZbU5TQkRNUQ?oc=5
2026-03-16	Google	0.0	From Resource Curse to Renewable Futures? Chinese Investment and a Just Transition in Latin America - Boston University		https://news.google.com/rss/articles/CBMizgFBVV95cUxOOXJqQzB6VjdSbW9VM251dUViQUdvMWRmcEY2N05xeTBXRVJJbnFscUNZOHhGbXNvTmpvMU9RNzJFa29JRF9FeHBPRUlFUkM0ZEstUVNRNF9JZ2VQcU1TNEh4VTJzQkhCWDMzME1IdWh4S0J3cHZhNDdlNnNvekRoVFo0TEZjalBjbEJQOUtHdzFQMHdsRG03NXVfSWp1TXNrcXg2aG0zS1R0N00wd0VlUXVmS3kyRFFNMl9HdHZaS2tMdjFiNnVUaDlvY1pTUQ?oc=5
2026-03-16	Google	0.0	Glasspoint is back, and armed with global expansion plans - Latitude Media		https://news.google.com/rss/articles/CBMilwFBVV95cUxQdWtwZE96bHlBNzItaHZ3YWVndUlrNU1pUEV1dVF3YV9UbEZBNGZLOVkxQ1VQOFhRRGFZd0pWdUVvY3pfOGl0Nk1ubW96NGkxeDNwaHZDTnE2RHY0SGlTT0s0SWgtcDctQm04RDNjb2kwMWp4LUd0VWxWelpUTVlleFJJMXMtNVBFNkQtYzZxYXhVaGR4eUtF?oc=5
2026-03-16	Google	0.0	Global Renewables Alliance launches plan to accelerate renewable energy deployment - Sustainability Online		https://news.google.com/rss/articles/CBMivgFBVV95cUxOcm9qS091ZzF2Z3VYVkNreVFBYW53aXBHUTBfcEFpWmZLNVI4eC1zZzdodGFhUFI1b211Y1YwN3Q0SGlNbUJ6NVdFUzRhYnQzN1hjaUlJQm5GZnJ0ZGRMVFJqNkJabjFMN0tSc2lUSGF1QVlCeWZHNlR1cjlvcERRMElPb1U4R0pNWGhJaVhRRDAxODQ4TmR0NWtvZU0yZk9GOFdXNXlBYzZoeVZWcTdmeEZBN3JPSXVVdm5LWTRn?oc=5
2026-03-16	Google	0.0	Gottheimer Announces Plan and Bipartisan Legislation To Lower Utility Bills for Jersey Families - Insider NJ		https://news.google.com/rss/articles/CBMi0gFBVV95cUxOeHN5aGFlaUN4dGFmY0tmSDJVU3JhOEtHQUlhNFB0d28zaDgybkVydEpMSFRBdFBLRGNaMmJlQmlnbDNJdW5sLW1VM2hOa3JLNVAzNllvLVpyQ0JFeGRBYjBFRDhaS0t1RzNKSEdSQ0dnbGNkY3dPXy02clJ3dTd1OGJMYXlUYmp3bWN6T1Q5em43ck9teFFUdjNLVUdhdWZ6S3JZX2tmd2dSeFpMcl9pcHpTbWY2S2I1REVXS3p0Y3pBeXBRUlZZdWltV2g2cTF1bXc?oc=5
2026-03-16	Google	0.0	Govts urged to accelerate renewables shift amid renewed energy risks - Renewables Now		https://news.google.com/rss/articles/CBMirAFBVV95cUxNcEdfS1pkSkhRZ3ZndXZ4S2I3U3JfT1phbWlxdVpScGg3WG9WME43MkFYMTlTZUpmNEVuLWNPdWVlZWJFdVBVV0txSmVXS25EaWRuQVo4Y19nQmRkR3V0SmJZTFAtc0xKZ2JqOHZtNEFIbURfMDRjcnFUTTFBLTVCYkhWWG1FTjgtVV9sdE1laXV2R3puZHp5N1d6ZFl3T3ZRbmk1WUNsZzhaSU5s?oc=5
2026-03-16	Google	0.0	Gulf investors seen likely to keep funding Africa renewable energy despite the Iran war - AP News		https://news.google.com/rss/articles/CBMinAFBVV95cUxNNHRCejhoWlBScVhFMVZ1ZlpZbUgtWFlPc0F4XzVtaHA0ek1Hc2RMV2V4cHlnMi1mMEN3Q1hmYXVKOURUVVZxdERBdUlmbk41ZzBCczlXTTVJSVlqZUUyY2FpcXJ1dGlfUE9rMEVQRWxZeEVEbkRERkFDSTlCNG9RRDhBa1BrYzRKYXVzc2tVaEwwS1FUajROYjYwOV8?oc=5
2026-03-16	Google	0.0	Hormuz Under Fire: LNG Disruption, Regional Exposure, and Energy Sovereignty in MENA - Arab Reform Initiative		https://news.google.com/rss/articles/CBMivwFBVV95cUxNTG9jQTdtdF9sMkNsMnU4aWRneDVZNkZURld4bnJzb3FmZFI1OU90SkczY3RaUG5obUd4U0tIbzA1eTgtaDg2YkxuYmJBc2lHOUtoblJlcEtFRzBLR2VoV3BtUmxwLVNTQ0RKNk4tSVlYM1JYcHVkMFloZXZobnJfcjNCUm9oU0pyNFR4X2MyVXpob0NUNVpMOXQ5Z0M4bmdPbjZiVnhzVVl3Nk90c0w4VTlvbDZOTHl5a3Q2bXJOYw?oc=5
2026-03-16	Google	0.0	How solar power could aid Trump’s AI agenda - Politico		https://news.google.com/rss/articles/CBMisgFBVV95cUxNc1dYTXF6N0Z1MjY4Yk9zWG9LSHJkVFB0d182UU1PdlZBX3cyUXNqR282SWl6Rmg5bFF5Z3gtZ0YtOEszMGxsemVFM3o2c0FBc2c3djgxekFZMEN5MjNBa0NQMlc4V2Z0N01nU2pYcFBZRW1wYTZ6VE4xYmg3dmY4dzJoM1pWbkl1NFZfbTl3cjdEVWJUeUNCR2d2THNreHU3aFV1UlRhNlhNM3EtbFgwcVJB?oc=5
2026-03-16	Google	0.0	In an Election Decided by Acreage, Data Centers Are Shifting the Balance of Power - Heatmap News		https://news.google.com/rss/articles/CBMiYEFVX3lxTE84RWtjdTVxWGx1NV9ZTzM4bHY2N21icENPQnhPUjgxbmI0Q0traEptako3WFJLdjRoQ0UwanlPbzJKMlRURDdtcGlIXzFscFFXSjVIcF83YTJ4WVhWc1FUbw?oc=5
2026-03-16	Google	0.0	India's ReNew attracts USD 95m to advance C&I platform - Renewables Now		https://news.google.com/rss/articles/CBMilwFBVV95cUxNMDlCbkdlVUtXWUdJcFRfLWVONFdqMmIyU2lKZGhTenRhN0FMUm9ySU51b25udGNCOWYzWFNQZTZvNWxGNlN1cDZvdkZGejJnQzFQd1ZoWlFCd0t4VDBjVlZWX1pnbV9YanQwcHozbUhIVFNYWVMtVVBXTzZacUhTZEtzM1hMRXdEV0VjRGk0VXQ1cTY3VVVN?oc=5
2026-03-16	Google	0.0	Iran Conflict an “Abject Lesson” in Fossil Fuel Dependence - Impakter		https://news.google.com/rss/articles/CBMickFVX3lxTE9OWjJhYnRMZGZVVXhwOFMtbWJQQVRTLXlxQnNoWE1vb1RMM3ZxZURMWlFwTnk1MVEwN2VnRUpCQVdZRElWa3dVdTJtT0ZDTG9vTWM0TzdwSXBMNzR1dFhMMnU0QjVZTjhOeXp5YndtejVjZw?oc=5
2026-03-16	Google	0.0	Iran War Sharpens Europe's Renewable Energy Urgency — And Exposes Its Gas Vulnerability - thedeepdive.ca		https://news.google.com/rss/articles/CBMirAFBVV95cUxPOE95dExuTEF6REVSSWZyTEs5aXJTb1ZvYmtaNHpYNmRCWVNYRHFUZjJ6TnBBc0JfWDh1N2F5YTR6d1k1R2I3cGhBaHVYWGpERExxLXI5czhrTTJSMzN6YkZqbEpKNzA4eHhKclJDaUR5QXNTQ0NqNktsaDhLZUx1aDBLQ1JfU2J3UHA2elZMdnk2aDBfcEF2aU9Jc0R5R1h0VndKY3Q0cmhGLUox?oc=5
2026-03-16	Google	0.0	It Takes Almost A Decade For Wind Turbines To Pay Off - Here's Why - bgr.com		https://news.google.com/rss/articles/CBMid0FVX3lxTFA1SzVLOGxDX0ZWMXZmckFmd1dWVGNhbGtSMzBKTFNTMWxxT1l1OF81NDFyRkxxVEgzUHNLN3E4eXdTa1RNSkxETlJXT25tOHlNczBYdnBRdkRRLXlLcVBsc0JXdXE5aERXdWxON2RuYmZjVnNGSFdB?oc=5
2026-03-16	Google	0.0	Landmark offshore wind farms come online in the U.S. - Scientific American		https://news.google.com/rss/articles/CBMimwFBVV95cUxNVjVxWXRKSEJLOVdMekMwNk1nRkxoLWczZEYweG9HV05GY196bGRoTXdQUUF6N0NNYlRpQ3FMbkJVVlFKQnYxWTc5VndxYmZpTGF4TlRwWU9WUUhyQmtsN1hxM0ZDbXZHRmZzZkxPaks1Q0JsQkFqMGVwRTJQTTNzVG9kQ2c3d0dPalFzT21lVHNaZnpLMFBUZTM1SQ?oc=5
2026-03-16	Google	0.0	No Planet B: A sustainable energy guide to powering our future - Marquette Wire		https://news.google.com/rss/articles/CBMipwFBVV95cUxNWU9GT252aVd1bEV2Ml9wLWNfQTJVb09LMmowWGRzVGRkbUpYR183MFBqQ2hhTjRHQ1VkSHVQMUVXQXlKS0twbHdCR2I3TTZCRnhkVGlRRWNwOElBWmk5QkhGT3c0WmlQd1MydTQ5aEpQNFp1ejdVNzdEWnF1aEhYVERrNnlvU0doVmtsNXhYRHNKenBGNWd1VFZodkVsQ2prRFBZUnNjUQ?oc=5
2026-03-16	Google	0.0	Octopus’ 300MW solar-plus-storage project lands Flow Power offtake - PV Tech		https://news.google.com/rss/articles/CBMilAFBVV95cUxOMG1ackxocldhVEFOUG5iSDhRbnpHT1dkSFI1X3M5SnNMdmo3R3BRZlB4M0duNzU3SEJVNGU5TmxGazFoUkJYRi1RcnNZclJOcTJfd2Y3dktDVUVuZTQ5a2JqSHZ4LTRueE8wU2FMVTlJTnVVVGIteTJ5MGZBeUJLVk9OYXdpQkpPWEdWYnlIMlZkM1B2?oc=5
2026-03-16	Google	0.0	Ozora Electrical and Renewable Energy Achieves Dual NETCC Approval - IndyStar		https://news.google.com/rss/articles/CBMiugFBVV95cUxQcENmQ0YzOFM5ZVA2cjNWRlE4bC01N2hMTW5xMExSUjhKb0J0a1I2TEZfTlBwY2pNNURPN0FFNmpPMktSdVVYRjJLMUhQdVY4RkY4bXI4cWVkSW9HamhqUjMxajZILUNpVXQxR1d0VFlEU1ExVXAwZ2ZxOWtUeW5nMk9Idmh2WFNJWjFTaGdITDdEN0xMU2thTVYxMnFyQXUwNVVTSjF6UmFlMlZBSDdITWVzMDZGNlJXMkE?oc=5
2026-03-16	Google	0.0	Ozora Electrical and Renewable Energy Achieves Dual NETCC Approval - The Des Moines Register		https://news.google.com/rss/articles/CBMixgFBVV95cUxQWmd0TkE3cDBzQVM4WElPZjVWQU91U1RhWVFXaE5SZUNvME1tSzV5YWRReWZoRjlJWGxQcXA4ZzZiRFE5dFVBSExXTkxfYUxrTXlkamNUWnFHVHZtWi1CLVBDOUF4V1NkMUwxT0MwODItMWRFaDNha2g1NmhJY1RSdEVnMy1pNXowQ016Sy13OUJYQUlOUFl2blZVZ1o3bG9ZTmNvdWpianFHWFY2VzhXbUlHS0swT0ZDU2Y0OTNnWDZiSXgxaGc?oc=5
2026-03-16	Google	0.0	Price Shock Is Boon for Oil Stocks, Curse for Renewables - EnergyNow.com		https://news.google.com/rss/articles/CBMijwFBVV95cUxNQ2NGMEpDUGtBOVUtTGVKdmdzdkRuZ2JCNnEwczNpNkdCeVB0bDNlYzdPNk11djZXalljaS1GMTlheXpoRlRQWHJiOXNHaDhRNU5zYndJQkJJRWNZLUtjakdBUk5CS1p6OGtvZ2ctZUFxYWtJUkxKbkJPNEM1ZnJqU3VVVHZQY3VQSHZueHVoMA?oc=5
2026-03-16	Google	0.0	ReNew Energy: $95 Million Raised To Expand Commercial And Industrial Renewable Energy Platform - Pulse 2.0		https://news.google.com/rss/articles/CBMisgFBVV95cUxNZ0lCNFZkdWZLb3ZrejN4bVBpQWxCeTVNVkhTMWsyUldUempZMnAyY2VXbi1rSVJ1X3lnVnVvQmotUmpnZ2I4bkV5ajlGNzliUmNOTVd3XzZ3WEptV0EyaDJFeTExTDBpN3pfd05wVUZKLUVZUjVxWFR1UF83bXBBemhoMnpOUUdBMUw0V3owZzR4eU9NUTRlTEItUGJsMmtkdlFjeHVfcFZFVXFENngwNmJR0gG3AUFVX3lxTE9sdTdONy1RSTRuckRHQ3g5Y2lyRjlvb0M0QzdvcnN1YVBjZnYtdy1yVTNSS09oMlBscTI0T0hndmF4ejBQX3JtMjNPTWw0QlFtdW1LU2ptakl2T3dEUWZncUhQZldxWDhDaG51MzlfekppcVo3cnpvTlVCNE5NdUZpaU9sVWNZaGdHQ1NQb1lsRnhEWTBnaWpseTM3Z05UUW1vc042b0FGRi03V2VYd1paY1Q4OUpycw?oc=5
2026-03-16	Google	0.0	ReNew Raises $95 Million to Expand Commercial & Industrial Decarbonization Platform - ESG Today		https://news.google.com/rss/articles/CBMiqgFBVV95cUxNTmFyRFZWb1lqUGRxMlhQMWlnX2tWMW9CcVV0Vng5YngxSV9paFdaYmRtaGg0UEVVWERuLUNZUGM1U2lPZXYzc3JwMzh4MGhOSjZtZHlJcVE3OEpDMG14b2JrejdPSTRZdHFMQnFFY2E3bDBTYWpkeWpnVFl6VFo0YWpuWUNIYy1lQzFPekktQ1plOTZwdkwwdXMtMEJ1M2c1VGJmemhmRW1tdw?oc=5
2026-03-16	Google	0.0	Russia’s renewable capacity to reach 18.4GW by 2035, forecasts GlobalData - Yahoo Finance		https://news.google.com/rss/articles/CBMihwFBVV95cUxNUTRYY2UyMENGUDZVNnBzTTBGdWtvQXBoTUotM2dqUTdVT0o2SWFqSTdRMUh0aUNhNXdTV203a0dTU2xXT0k1ekpONTh5Nnpral8xR3ZaNEVwVmpKTnlDRFdjejlnajFPSGVGZW4yWlhwMmhpaEVTVE8xbEppSnZ4UmRTLUVraUk?oc=5
2026-03-16	Google	0.0	SolaREIT Expands Financing Offerings to Include Substation and Transmission Land for Solar and Storage Projects - PR Newswire		https://news.google.com/rss/articles/CBMi-wFBVV95cUxObnRsZ3FncFRNenp0VmlNU3FyNkVOSUJoNlBHSFZoblNNUG1BWTYzeV9YWXlFNE5sQXV2by0zYmhTdWpQWkM1THNOQ3c2ZmJqWE0zSjByM1JVU0Qxa2FLOVpLdVpra3pEeUl6NzlLQ2RPQkF5ckVXSVlKNk9oV3VmSUVGRHh6dm9yQ0FkeUxwaThrUi1OY05LdDhUbVVTdGR3UHhCUXNza2ZoanhaeUlhY3lsTmV3Q2RULWRWbWlsbExvY21DaFd1U2RZLXJzSkd5T2NwTHRFa3otNWVIUTRIbHhESV84Q3pLekZ3azZtcFFUWTZqQi1YTXJQTQ?oc=5
2026-03-16	Google	0.0	Study finds solar farm growth to add $8.9B to Louisiana economy - 10/12 Industry Report		https://news.google.com/rss/articles/CBMivwFBVV95cUxPTVZrNjRuTGV0Rkw4bngydkVieE1CMTVXYlFSVGJicnNLNFR5YU5hZUVCa09qMmJBb2JXUF95ZTZYX3NsZTllLWxTQ2o3RDZtQzlqa3o4WXpSclNlMURPRFhlaXhibTlDc3JGV2lfN28tZ3N4WXI5Qnl2VU45ZzdNbXctVUJjQlQtNEwyRWpOWmhsZFRWRU05VDZSNlJUQUNrbURDM1hRck04djdwWXNHY1hJNXZaSnYwR3J5X1RaQQ?oc=5
2026-03-16	Google	0.0	Sungrow-ENEVO Landmark 1GWh Energy Storage Agreement - Energy Industry Review		https://news.google.com/rss/articles/CBMingFBVV95cUxPR1kyNEg5Nl8tWFFkanNVODNJazNWUnEwNkRCU1NFSUg1VV93NFFQREc2cWl0ZVkzRkNhU3R3dXVLYjlDSEU5ZHZvMVlJQjVQN3RVTGZGV3JGNVlVTHVpWnZ5RHZSNjNTSU81T1pwX2lTb0dkMlY4dWt3TUhyNjVNMVREX1BhNE5VZHVVVmc3MGtlM3BjdjhrNm1sUEsxdw?oc=5
2026-03-16	Google	0.0	Texas Nature & Energy Project - Environment America		https://news.google.com/rss/articles/CBMif0FVX3lxTE9xTVFOWko3dHVJU0JoSGI5OG0xZW9DVmxhZXhPSXVsd3NIQml5UXZTcFY1NUVtVzBmaVlQcDI0Y3I0eGNnU3Zlck43dUR3UWdFRlUxN0ZSa3pITEplZ2s4Zzg3eGtuNW5uWHI3cWpqY2NxZkhlSXZVZmp6RWNWNW8?oc=5
2026-03-16	Google	0.0	The Future of the Energy Transition - Economist Impact		https://news.google.com/rss/articles/CBMiiwFBVV95cUxNc0xGNUQ0cF8wRndkNzl4N25ad1RmaVVVT2ZrWjQzdUF1VzJjRWxPbnAwbFJfOTQwclBKMV9hUGdjZE1LT2dMQjNxVkJnSHc5ZWtiNU9VTjROUUkxWVdwWGRTVkg0dVhkemxUOTdWRDllZFZYVnNEQUpKTGkxLTVHWUNyQXFVMmZuck1Z?oc=5
2026-03-16	Google	0.0	The United Downs geothermal power project: A story of tenacity and adaptability - ThinkGeoEnergy		https://news.google.com/rss/articles/CBMirwFBVV95cUxQYmpibEtteUdickxmb3lCNmxXS3NTZlVvOE16Y3hieEE5emh2LV9xTTk2VGJPTzdKcDhWSXl0b21rdEFSZnprMHNBS2ZoMlctQWROLTUtT0NEUmNTUXl3NjNTb2NhcHdGOXAtZzc4QWlJdktlWG1kZFZuemtBSVVHeFlsNkhaWnVhTXlJdTVwSndNazgydGRSTGVVMl82dUdfVXdMSGx3UElUX1lYTjVr0gGvAUFVX3lxTFBiamJsS215R2JyTGZveUI2bFdLc1NmVW84TXpjeGJ4QTl6aHYtX3FNOTZUYk9PN0pwOFZJeXRvbWt0QVJmemswc0FLZmgyVy1BZE4tNS1PQ0RSY1NReXc2M1NvY2Fwd0Y5cC1nNzhBaUl2S2VYbWRkVm56a0FJVUd4WWw2SFpadWFNeUl1NXBKd01rODJ0ZFJMZVUyXzZ1R19Vd0xIbHdQSVRfWVhONWs?oc=5
2026-03-16	Google	0.0	Trump’s war on wind is pushing investment north to Canada - Corporate Knights		https://news.google.com/rss/articles/CBMimAFBVV95cUxNWm8tZ3JMTm5mNFhaUkgzUkVRXzBjVF92WEZFenRFeHJFOHJ2WXlsWEIwMlhDdHBGWkdSZEZyUk5vMXhPNlhmcW9jcmMzS0JpZ1ZZcXZqLWxkUE5rZVkxYmlNN0RodG1tNnFCdUR6SlBCQVlOTlR2T1dGSmxVOERqTjIyT1JKY0pWLVBOZVp0YVlDWWtrbmd6Mw?oc=5
2026-03-16	Google	0.0	UK's AR8 Renewable Energy Auction Scheduled for July 2026 | Offshore Wind - News and Statistics - IndexBox		https://news.google.com/rss/articles/CBMijgFBVV95cUxQb202MHpIenIyd3Y4bmVUNUZxVWY4UlhuWUJDV2U1LWxDYnUxT2kyUnBja05qOXQ5eXNXNWdpOWNDbWpKZzlsRkVwNi1DT0lXc1ZJVHFTY2dhX3NNdlJ0dzdERll6czhad1otRmFrVHZFR28tSWItRWtsZ3F5Mk1pbktob1dfRXI4aHVyQmFB?oc=5
2026-03-16	Google	0.0	UN climate chief promotes renewable energy amidst oil price crisis - Jurist		https://news.google.com/rss/articles/CBMipgFBVV95cUxNMndObVJaZjJ2TGdmLVAySkFaTkFfMzJzMkZ6el9MVElHSDZMNXVwVmljVzJ4ZHdzV1JuNTY0dlBIUS10ZUk4WTEtM1ZOemZLeDdTa1lfYkF5bjZMTWt0Z212Y1dBNjR1RUVyTkxsRF9XSGFsU0NNdVBRWG15bTVXcTVfS2RQUVNqcUIxVnkzMjBycDlybEVOTXludUJMalpRVnpxaHd3?oc=5
2026-03-16	Google	0.0	Ukraine prioritizes solar-plus-storage in renewables auctions - ESS News		https://news.google.com/rss/articles/CBMinwFBVV95cUxNNWhzUUlwOHlTZVNjTXU2Unp0dk1FUnhuODBNWjZaMk5VWUtNcVlxZ0xjZkppMVR1aXF2WGZwc3JYdlVBVFZfc0Q3Q184NFNXQk5ZRzI4eExFVjMxVzZRVDBEcTNKNW5VbnNjX1JmMVZSVFFsVC11bmgxeHJ0WE1DR3E2bGtNeTZlVkppV0s5Z1JMZEdEcjI5Mm5wdXpDLXM?oc=5
2026-03-16	Google	0.0	Vattenfall develops combined wind and solar power project in southwestern Germany - Energies Media		https://news.google.com/rss/articles/CBMigAFBVV95cUxNUjVUZ0NNQnc4VzhCU3oxZmRNU3BvZ2hBOENrR0NkcTJpWk15VUVockZTc2JEa3p2Yk9VcW96aFh3X24tQVFCY3Y1SHY2MTVKWGdxX1phbXBGMWFLN04wNE03SmtzOW9WSERJZlExeGh5d1RtWXRTYUR5dWVYXzQ5bQ?oc=5
2026-03-16	Google	0.0	What technology, policy and energy-finance leaders all agree on - Utility Dive		https://news.google.com/rss/articles/CBMipgFBVV95cUxNZ2swcDZnVnVCYlhXZFZXbktVWFB6UE1MSzJ2UVNyZVJpR2QwWnh3SEx3Zl81eFhUX3pwZWx0Z3E4Tmd3T1otSW1nbWZHM0pOelRUNDhQTks0SC1XNXg1UTVPMnRsQkJlSDhkUUtyV1k0emgyOWU1TnA5RXJVRThaSlRvSHFUa21BVHNON2lNOHd0RVhrdXVpLUhaaU5vb0dKU3FpeEJR?oc=5
2026-03-16	Google	0.0	When Fossil Fuel Supplies Falter, Interest In Renewables Increases - CleanTechnica		https://news.google.com/rss/articles/CBMipgFBVV95cUxPN0JTYWlkZzN0Z2M4anVRVm5fZDhyb0FmbTd1Q2YyUHJjTklrRmlkelpJYy1OUGdVWXJYWUJYd043T1JWdEpQeU5WZVN4c2hKZU1OQ0ttdHdsN21nTWg0LUFmeUh4dUVZZ2stNHRiODVzUTlKdlBpTV9nZXNSVk1PRTRTemgyZGgyN0hqS2JaM2pfVXJJV1VwcjNJaEdQX3pTLTNkbGtR0gGuAUFVX3lxTE9Md2Q4TU5tZ2FlT0czN0ZuZ1FLM3laTlNyT0YyU0l3REhES3J2amdmYVQ2WVk3R0hFSVJJTzE0T0Rfb0JMbDFXN01HcFZfYmJPcmd0ajBCX09ESG5ESzNwajF1ZTMzSWIxYnpqOHFNQ1FGdVFvYkFIaXJlM0w2SWNHTXZiZDUxRkt2SGJKZFdMVElIYWFjS0dGX3E1aUlOTGQ2VGdVeldGYk44Rk42dw?oc=5
2026-03-16	Google	0.0	Who’s Who in Tech: Equatic is ‘Sinking’ in the Ocean - Los Angeles Business Journal		https://news.google.com/rss/articles/CBMimwFBVV95cUxPWG9HWlY5cmxLVi16RkFaaFFRYS1ZQW9mTGJQQjdTY18zcGVEQXd1S3Nvb2RfMk1XUGZRYXhnaDJMUUJzOVpsN0FNRE9sdlRpOW5KWkh0NEpsQ1poekFxSFNyR3NMcHdxTWdEQTdMSmZSMkRmNXl0Y19kT2VPSkNUOElEcjFWVnFGNnAyT1RVTlRkM2ZTYW5NcTVqNA?oc=5
2026-03-16	Google	0.0	eVerged Partners with World4Solar to Offer Integrated Electric Vehicle Charging, Solar, and Battery Solutions - PR Newswire		https://news.google.com/rss/articles/CBMi9gFBVV95cUxPLTBJRUtnUWlPcTVSaVplRGIzc0ZFSjZlN1NOSzVwdDl3RkljNDRhX1F0eEZWWjNTODFLbXVaU1VSVW5hbkduQTMxZTZpVWI0cnliM1ZIRjNSR0w5R0lQYXhOMlhOdXk0S1NBTzlqZTd5SEUzdHVUd3Z4ajhENW5Fa19Pb1JBVjdNSXVuaTlTcFk0MEpsSkRZTDZGMk1yTjVsOGpqZTBqZ3ZzZDlGcDZ6eDRQdDZfQ01uandNWTZad2RVa1dfaHVjMVVsVE5EWjZsSzNuSVl4Q3hmOHJtR3NIcE9GdGpqZzNwMnFzZHQ4VmIzOUFHcXc?oc=5
2026-03-16	Google	0.0	‘The world is transitioning away from fossil fuels’: Gulf oil investors turn to African renewables - Euronews.com		https://news.google.com/rss/articles/CBMixAFBVV95cUxPQ0ZnQVJULXU4Y1FvdjAyaTEyOTZicmRBQk5kejl0UEFsOGkyQnlvTHZLeTc2dEVfaEFINnZzdzhnaFlJUlVYV2ZsYXdBVklYeTJJR3BqV18zM3dqMFRzQWJET0QxSmxUMHlscThrclFwUXpudXNTdlpMdUQ3ZWxYRXp6MGxPcmJoY25sVUY5aFk3dEV5QVNKSmVSMjAyTzFZZ3pzSU4xaV9YaGh2QnAzX0FXY1F6MDlJUUIxWlBSYXJoZUZ5?oc=5
2026-03-16	Google	-0.1	Can Energy Procurement Match Global Green Ambitions? - Procurement Magazine		https://news.google.com/rss/articles/CBMihgFBVV95cUxPTkRUMlRlRFhyX3RXQ3JrNllXb3R5di03aHlmdzhIRTNwSGQxVjlMRGJHUFNhVVI0VUVBdEFwMV9HRVhENVpZV0JRMWJnd0htTHR6c0JQTWE3M2FxRGJlRTA0XzVoUjhvb0lfbzNILU5rZ0xxQzhZeXVJTmx3U2RId2d0c0pFQQ?oc=5
2026-03-16	Google	-0.1	Global Green Hydrogen Market Growth Surges with Decarbonization Targets - AltEnergyMag		https://news.google.com/rss/articles/CBMiwAFBVV95cUxOT0daQTRWQy1HVFhYVGdSMFdVMTZMNU1yOGJQQ2tUNDNITjBWelIxRVRhWU41cy1GVTZwREx4aGVZMHVyTDktZnpfdWtZTzEtQ002WVMxRjZXWE4zU3JnSDVoSjQ4amZGTmFCM3o1RFlnUUg4b2hpRDlKQVVoajVHQlNtYnEyX2RkRExzTGlpRlFSZnE1c1NhdGJzRmE1MDNfZVRiR05wbTB2X3pTVlhPZHpWM0tFMndQa2YzSHVPU1M?oc=5
2026-03-16	Google	-0.133	Behind ABB’s US$75m Investment in India’s Energy Future - Energy Digital Magazine		https://news.google.com/rss/articles/CBMijgFBVV95cUxOZXg5ek5KVWcwR3VBakgwOG1UZzJDa2dwMmEyd2l6bnJZWnVEUE8yRnhFc0V3NHZ6WkR4ejRXRXg3bHBVeFhLb1lkSkZIeUcycVR2dW1QQnBwT3ZyNHNCVi1mMkNPLUhKcEM5MkExczJ5Mkd6SWlHam1CbW45Qi1qejNjVDJEZDVEeXJGcWdB?oc=5
2026-03-16	Google	-0.156	Iran War Shows That Doubling Down on Fossil Fuels Is ‘Delusional,’ UN Climate Chief Says - Inside Climate News		https://news.google.com/rss/articles/CBMimAFBVV95cUxPbXFFc0hES29HOXU5QnZxa3dEWm9zY0VURi1NZFpnQmoxVzBqU3BSTFhTcDFuWVpjTFlScG5ueVc4SEVSUDN1eHhueE5zM0lrUjdfcXAyYUdNTzFxeXZrNHZoMkVER3hjV2Z3cm4yUFFzeGlfMVBURGtRdldiNzNNVTJ2SEwzMWpmMmFPS1RiU1RVZUtKc2N3UA?oc=5
2026-03-16	Google	-0.2	Reliance Industries Signs Landmark Green Ammonia Agreement - Fuel Cells Works		https://news.google.com/rss/articles/CBMi3wFBVV95cUxNWXVmckhNZW0xeml5djRBWlVsTHlUNDcyTk9oQnlxNnB6Rlhkc2ZQMTAyOXA4bEkyc0RtSFZWYW9VYlh4LVAxbV9hZnBqa082akRObWpQV0NZd3V3b21UYlNYWEgxREItMlJaLVBrdmo1ZFllcWNFcl9GM0duQ0w3anV5TXJEUHdqam8tazJWU0NtS1E2SkRqZlJWX1dGa0J3NEJlTGpTSk9QdUg4TEZQSng5UGIxN1U1cGRwd1k1c0t4RUpLbm5TVU5nOGJSTzIyeGRxTjc4d1MwVlB5MXhj?oc=5
2026-03-15	Google	0.0	How India Is Powering 1.4 Billion People While Deploying Renewables - Forbes		https://news.google.com/rss/articles/CBMivwFBVV95cUxNTC1RZll0TjhlNmtaUHFUd2hUMklHVU1RQTZGdFJkVmJYeUw5bkg3OVBBbzFVRnFHRXZKWkE5TDhUM01JSjdIbjc5Ynl0MWsxaThvc0NhMkw1UGc4bzFMTmZxMExEMHFWTU11b1VEbXdsVUp2dEpfSmZzcWVneWJ6T1F6SmRxNFlNSmJYODdHeWI4clNGYjJhWlBwVUZEZFY0YUJzTzR6TVJwaW1xbmdHeTg1V3BWTDVqUW9LMlhWQQ?oc=5
2026-03-15	Google	0.0	WinDC and Armada Join Forces to Turn Australia’s Renewable Energy Advantage into a Global AI Hub - Carroll County Mirror-Democrat		https://news.google.com/rss/articles/CBMitwFBVV95cUxOeG1MLUlTVUJwdHVCc093MDkyME1XYml1ckpVVG9Fd3NYTGxWMkJkZUJiR1M3bG9fblVSVHBSdnRhRXJJLWdYQ3I3cDRBcHJwT1VTMl9Gak83YjNsb1FNTU9qVGZtU1pxWXlIZGNsVTJRbnY4V1FMT081bmx0SEpkWDJCYU9fM2tucXpEZHlLSDNQc1lobHB5V2EwMG00bGFsYnIwZVlYbXVpeXZpVmg5T1dVdk9tY28?oc=5
2026-03-15	Google	-0.089	The Solar Industry Has Been Bogged Down by Red Tape. Digital Tools Are Changing That. - Sierra Club		https://news.google.com/rss/articles/CBMivgFBVV95cUxNXzNSVDFxelBma3UyUTRrX1h5djFlOVNvcVgtWFprNDdnbHh3dzdsRm9jVTVvQUkzMU03UVNCVk5FX3MwdVFkRUFpUFRVSnV1MDNNWHloOGhRb3Z6dnJhTlBXb1dIUTRfb3ZQM3NRbW9qSmk0dThOUnRxeXc0NjZWdUxnLVVBSEJkbHVsb2JLYmUxM2ROSVlDRzBHeDRuN2ItZ3l1QWJHdjljMlAtaUZmLUlHcUpJanRkYjU3a2hB?oc=5
2026-03-13	Google	0.8	Best Renewable Energy Stocks to Buy in 2026 and How to Invest in Them - The Motley Fool		https://news.google.com/rss/articles/CBMilAFBVV95cUxPQzcxYTdzalE0RmlrbDVUYXhaNVZEWXVzZURtWTZJS2hPWUFHS0E5N3p6M2ZXVkJ1Wm1aOVNySTQ4R191NmRZT2UtZFc5eVNtd1Z1R2RFLUt0RG5tdnlxcndEZ1FUSGVQdGFfbGhDcnpPWkxVNE83MVJNbnRhZ2FfUm9aaWp1OHRqbUd3UmgwMkg5cUlO?oc=5
2026-03-13	Google	0.45	‘More capital available’ for renewable energy investments in 2026 - PV Tech		https://news.google.com/rss/articles/CBMiiAFBVV95cUxPTzE4VGFka2xReTQxVFVuWURLQ1UxYmFJRDU1OEhqWmtHd1FOR0dMU2s5akNTM2VxYUN2ZjBKakJxQV8xSXNNcDlTSE5yTHlmVGRhWEdoS3BYVzJLUGd2QWVQN0JCSGE0TTJOSmRIS1kxd09KX1ppbDljOExibE5oTEM2ZjUtbVRs?oc=5
2026-03-13	Google	0.393	A Morgan Stanley exec flags energy security as a top investment theme right now. Here's how to play it. - Business Insider		https://news.google.com/rss/articles/CBMirwFBVV95cUxQRTkzMG50MTNtSkI1aV9oTElGZnkwdGJNeXJ5TjlWcjViQmxicXRaVkxEZEFNakUzeGJGZjRRRzZJQ0JSOEJURDhVYURnM1NnalExLTNTWlBiX2JubjBUVXVIMGRVVE1uRC1SZDlhTnRpbXh3c2xvd3Nqcl9la1hVME5KdDVPOWkxQk1HNF9vMUFSU0RWU21TV3ZtdkVRNGJoZkVabnAxSkRRSVhhNkVR?oc=5
2026-03-13	Google	0.367	As Maryland slips on climate goals, Moore’s budget raids clean energy fund for $725M - thebanner.com		https://news.google.com/rss/articles/CBMi8AFBVV95cUxQUVZvSHRTQzcyNHBzbGIyNm81ZHFpc3JSWFBTVjhxZmhBSVRiWjdzNWFVdDRFazJQemh4M0RiMEhQY0VPa2gzTFIwSGhxcWRkTTZEdFllaHBQcXlPbU9lbVBLZnJ5b252RW1jbXFRR2t5SDlOR0FTSm1RWnBpLWVzU3Y0dmFPeDBnamwwSVVubFlMR1ppWkVmMU9sLVFIeEh0aGx2NmlzVHpndjI4VVFwMVlIZ3Z6MWVHQWpNX2tuY0w2Slk5eElyWDlkS3dqMU9USGlYOEtfX3VBN2lvVVhEaTc4MXdmekkzVExNbk1rTDQ?oc=5
2026-03-13	Google	0.367	FTC Solar signs 1GW tracker supply deal with Strata Clean Energy - PV Tech		https://news.google.com/rss/articles/CBMikwFBVV95cUxQQmxOeURuLWx3V1FhX2QwNFJac3dfSkJGVkV6QUZBN3JWZktQbmhET1Q4MWM5ZW44SXpZRjZTQlQweF9UempsWTNsUWdnSkp2eWZSV3lPUktfMG90MzBTVmhtY2ZiY3cwVGZQSURORkRCZjhHZ3AxbE0zWjhGTFkwclA3UUpvVHRicFRDTDFJM1ltRVU?oc=5
2026-03-13	Google	0.367	For Latin America, the Gulf conflict is making the case for clean energy - Dialogue Earth		https://news.google.com/rss/articles/CBMiqAFBVV95cUxNYzcwMkV0SXBPcmJvbVJCOXRKR1pPSHV0dG10Q3Zrc3hqOFByWFMyTGJkNjZ5bUN2dHI1MDMzZUpUY0tFODV4Yi10NlF2NEVwbXdPd0hQaHFNSWVRWmdBd3ViRU0tRlcwRFJzektqYTRRbjZ4NGhmajZUWGlPUm8yOEZSY2p0RnlvSzZwZ013MFpVUy1raXhHVlNoVHJaaWREcFV5bWJISDc?oc=5
2026-03-13	Google	0.367	How Gas Analysis is Driving the Clean Industrial Revolution - AZoM		https://news.google.com/rss/articles/CBMiXkFVX3lxTFBpNkl2NTZqVmtoVWFYMmhvTXBaM1lmWmF1YVJNVzJXVGxKc3NRRmJLbTljV0FqQ0NTSHBaUmtPLU1zNlM5RFFGNDhyYnNtQW4wZXJQNkFicVZuLS1iNXc?oc=5
2026-03-13	Google	0.367	Yakama Nation receives state funding for clean energy projects - Tri-Cities Area Journal of Business		https://news.google.com/rss/articles/CBMirgFBVV95cUxNRWtRNkdVVEktNjhfVWZ4ZktzVUhONWVoUUNmald0OC1abGgyV3d4ZVhqdEJseGViVkxtZEpnTEpsSGI3LUxzV1BsRV9iNTVUX1B4a1lqWGZkdmQ3RmdRSVVVWXlvUUw3VURjZjdXSzdydU03XzV1YVRNVUVTME1uMHhXTHVmaklxcmlQTEtEWW9UbzFYM0oyQVlZcF92M1R5T19ocUpVNFdCbVNOa3c?oc=5
2026-03-13	Google	0.3	As Iran war shakes energy system, some see powerful argument for renewable energy - MLive.com		https://news.google.com/rss/articles/CBMivAFBVV95cUxQbWYtbjU4bzF4OW5fbEthdzBFQ0VvRFZCWEcxdXlxWUlUaklMUVBtcEo1SmhULVFwNGh5ZkdGM1BDdi1hZ1BILS1RSk8yaDZFbkxiTDJVWS1MX2c3ZTg3YzA1WDF3aWhFN3o3YXdxT2E1TXByRnhaemJWM1gxdVFFTHIzWEwxS0tOTTNvLUpaNDN2TU5ENVpYTG8xR2lKUl8wNE1fdzN0LXhKX3ZDT1VaYVNuNnRTSTAxenV5RtIB0AFBVV95cUxPUGl5cFhmWEVwbFRvaW56ckFNaFA3WExNbC1PVmIxdU43cnVZWU1yNjZMS0JFbGttNWcwWjZLRGpwRmNfLWx6S2gxbUh4VEUzX0xmUVdRMjlsVWFTbi1fV0dSaXgxZG1hTWdremlORk9lUWUyX2NPVzdaX2VnRGwxZHdzRUdPb2NSMjZDZno1YjhVeEcyN0I4ZUo1MThfZ2w3aWZwSWpjb2NPUTRsTVNsdmF4UDh4bXdFckg4Y2pMV0JHUFk2S2xHYjZRTjg2WUpl?oc=5
2026-03-13	Google	0.276	White hydrogen: The search for a new clean, abundant energy - DW.com		https://news.google.com/rss/articles/CBMi_AFBVV95cUxPaGhwNHNDWXREMVVPdnJEUkVPaWRFbmQzekR4V2s2bnNmaUpoZ2RSWlJCOF9mRDc3czlYMUR4dXhmQUlrMGlPbGxrSWF3SGJaNV83T0oxb20zaHZRVlhGNTM4TjNNa2xpSzRrdElaaklyekZwcXJLdU5KRnJJQzhSVHFUVnFoYmdFTkliOGlnaVJYZ0hWZ0hQV05wbFFQTGxCd3dTRUJtOS1HY1RYdWFzSXVBbFMtOWQxdUprWXIxZDBQRm1mU3RXMjJFWEVRRWVOa2dpOFJBdXZvaVZWTXZETld6QUlHeG4xb0VxMmVsaXV2TzN0NEQ2U3k3TDbSAfwBQVVfeXFMUEluOXVTLWc4YjJsRkxSbEQ2U05QRnFGbjhiaWIteElFRTVqd0RaMGNDVFdpN0RhNUk2NWN2SG5FVWRJbG5pMExYWkp1VFBIT3FhMWRtN05fWHBPUW1MT2pTVTEybjI2ckpOV3VzR2EtcnN2MG0tTkFwYWl4V3htd1ZJTl96R3dPQjlFYlhIdkttRThXMk9xZ2RZc0YwMHQzcEUzbDhITS1RNmtUUG1DdnlsYWo1S0tNWVBpMksxd1d3TkYxUmVHSjBIX2s4WDZyeHJWV3pwMjU5Vld4S0RTR1lBQ0ZTQWlsMTlwdWM4TUdpd0I3cGMyQkstd091?oc=5
2026-03-13	Google	0.233	The Middle East War Could Finally Push Indonesia Toward Renewable Energy - Fair Observer		https://news.google.com/rss/articles/CBMiygFBVV95cUxQX0tTcmlCUFdHOXJRaFlMM1hJNjlPZHFqcU53MXVDanhKa0ZUUW5ybjFGRUVUaGktYkZwY3cyV2l3V0VCcEtYd2dCY2NZT3BGRjkxQkxGSUpDM2dUWURONlpuQ21vSjQtMzNFc0t3d3Yzb2JhRDNRajJKX3FxcHAyVUlZdFNIclFwa3hTTkRpekMwU21Fc2Y0Z3B0WGtudjNJbFAyUWhnYUdJNDBJYmhfaHVGLWZiWVdSVnN2UDc2NU52dnV4N2xyNUNn?oc=5
2026-03-13	Google	0.2	Affordability is Everywhere - Legal Planet		https://news.google.com/rss/articles/CBMickFVX3lxTE1LTWlkRHpLMzlIbGhYRHJrclNGeVpfYjVua01ObE9oLVlBb2VHUmdOWDJDSG5BZUtNcmZyNEFER1pwcG53UW5TdERfVEVWTDVha2ppaHp1R3NGaG1nakh3dTNyYkNNdmFtaUtZOFZuTFRHQQ?oc=5
2026-03-13	Google	0.189	Light Hunter Launches Solar Pergola in Germany, Bringing Clean Energy into Everyday Outdoor Living - Yahoo Finance		https://news.google.com/rss/articles/CBMiiAFBVV95cUxNWlhadWV3WjlLdjdyQ1dkVm1FcXV0UXlFSUpkQ25WS3FiZWhIVVl1WWR0UmZwMFgxRXNvMDZLVXg5bHJqZGV4WExfOGdQdk4zdVNPaGtvbTFleUVfeE9aWWw3Z3JfSVN4d0I0REJVcHZfSUV6bmpQX1ZSR1prcm15akJuMU1SV2Q2?oc=5
2026-03-13	Google	0.175	NASCAR’s Biofuel Revolution: How America’s Biggest Motorsport Is Hitting Full Throttle on Net Zero - CarbonCredits.com		https://news.google.com/rss/articles/CBMivwFBVV95cUxQcWhsT0ZOcE9hSENwTkNnUFRqTHNwRENjXzdQRFBJNlRJRU5PM1lmSDNJV0hvblFsdXAwdEdLN0NkX2tONld3bHNmUGg3OUE4cENvcXlNZ1JJY0xxbG9jRWlYN2tIc281R3BhMkM2dHMtMkFueEw2dTVlYmdiYV81MTI5VDRTUGxEa0tqV25Dc3p2cUJYSkFQdjh2enZwOHlsTTUxeE5sRHlBWGZPM29SRzdlYl82bl83SXBwOTJzYw?oc=5
2026-03-13	Google	0.136	Cape May County selects Waga Energy for New Jersey RNG project - Biomass Magazine		https://news.google.com/rss/articles/CBMioAFBVV95cUxNcXBidU5jZl8wRWxIMWFwb1E1bDdGX3NpeDZVTVB0eUpvN1h5T1ozQldSNXVVVm1ncFFoam1nMm5Xb2FDR1JDMVlPXzl0UnU1RE1SRUdvS21PSzd1Zi1FeEZuSlpuTXd3RXNhY3F6eFlzZVo1MG5zWVpVVjBWUmZwUzVSUlZZSENyX3FfV0xGZFY5YXp5WHJnRkNxQW1xRkZ0?oc=5
2026-03-13	Google	0.136	Four New Roadblocks on the Path to Sustainable Buildings - Metropolis Magazine		https://news.google.com/rss/articles/CBMimgFBVV95cUxPdkYxSDRNRGEyMWEtV2JUN19BWWc2ZVRiUzV6SWNZNm93dlJvNnF6MzI4OVoxQy1MdTByRmF3SjdPd2o1dUxWNDlqMUI5NUZ4dG92WlpLUGJENXBRQjdrWDl2dkpsUmtvYlJLR3dtV1laSjAweWZrUGgwcnBNdVd1WjFmRl9kNC02bF91SV96NTBpZ2VPclgyVDB3?oc=5
2026-03-13	Google	0.136	PCR CEO warns: Argentina’s renewable boom will follow new power demand - Strategic Energy Europe		https://news.google.com/rss/articles/CBMinAFBVV95cUxOLWdqVDZ5cjBZcExDWnV0SFd6V0MtVGNxdWdyYVBBY0dCWC11YzRUa1VuNXZ4ZzNvaTNjR1MwbjU5ay1FQTJlVllDd0FDWlc2STJEWXcxTU1iZjZCUEdnS3B0T0hXclZOSUZnMnh3eDZKSWxRa2lVM2VjUmwtS08yVF9EZXk5aFg1MTJ0dUlycUlBMjlQQnM4bUxtcDc?oc=5
2026-03-13	Google	0.136	Renewable Energy On The Rise: New York's Shift Toward Solar And Wind Power - WNBF		https://news.google.com/rss/articles/CBMibEFVX3lxTE1mRExvRmo2Y2g3SUJ3dVB6Nncxa054RThFSlh2WEQ3OUw2NS1nY055UjVHbUItLURJRVlnNWtCcERBdTM5cW1lbm0tTEFUTVg1ekdtNEx6OS1NLTZwdkZJU2MyZjdnTjY1MDZWZw?oc=5
2026-03-13	Google	0.1	Guatemala’s renewable auction attracts nearly 2 GW of bids and raises grid concerns - Strategic Energy Europe		https://news.google.com/rss/articles/CBMirwFBVV95cUxQd244VDBqTi1xZ1VBY0ltTW9aS0MxSVdvQng5dE11cW1jZDBadm95aDFjc3dpdHJLSl9keGRpS0hUQkJmQ1o2MnZwNGJXRTVUUTNTaWFrUGJSNGtweXBOcWR4U1JMTW56WXY1Ylg3bzZMNDlNNVdheWdzc3U3Sk1Uc3JJWm9taEtLaWF6dllUN0F3Rm1ib0o2TWlzUGF4NGowem15clRYRTgxTWhxV3VF?oc=5
2026-03-13	Google	0.1	N.Y. state Senate Re­pub­licans want Hochul to reconvene Climate Action Council to review 2019 climate law - Spectrum News		https://news.google.com/rss/articles/CBMivgFBVV95cUxNY01WSFEwV0RGVFNIQ1RfVVNrSmFnc2ltMzQ1eTB6SXJ1NHFycU12a1FTZlZwS2IxNnBtTzFlajg0ZmlMZEtZOUg1clVNakdHelZ6ZWx3LVNCU3RmY3U3VlgxU3V5N05Hd085bzNqbGxvNlZ5U3RIUmc1S0VzbXo3Q01ESTJJYzdTTzhuQ0hqUi11U3loVnFRLWpBX2VxRUNKNTRUN0lmNklza1ZmX1U4RlpEbkFXWWNXbW1HUXRR?oc=5
2026-03-13	Google	0.083	Do we want to keep fixing the same issue? Unlearned lessons from the first big oil crisis - The Guardian		https://news.google.com/rss/articles/CBMitAFBVV95cUxQX25pT3ZUV2dqQ1VfZjhqRmdiQ2J3QzNwbEZTRkFyR3pTSkFvTnotU1VZd2hsdm13UzdTSkUwQjBfTGdOcHZyOTVVWGJacDdKYTVvTm1rMUdFM3VfZVRvNFBDZjNSMXA3N3BPeHJjWUhhWDNJeUxVazlqLTFMV0YwbTc5NDMwWGFaaF9WWTlJblNIdWVqYUJzUXgzZmttRTQtQjUtVzRnQnhnekFTbC1mbDU0WVQ?oc=5
2026-03-13	Google	0.068	New research shows US offshore wind could drive $42 billion expansion in domestic steel sector - Energías Renovables, el periodismo de las energías limpias.		https://news.google.com/rss/articles/CBMimwFBVV95cUxQSDl4UEEyQnZWNXFYdVZ4bktwTmdrVnA1aUZ6NG55WDBsNWp1YVJiTHFOQTA5NmNLMkJPdm85ZDkwR3Y2czhXOFpscmlHTkdNbFdMVVFkT19EUWY4aEd6OFNEX3o4RThmcHB4ZDktcEd5QnNqMUZlaF81U2VaZWQ2U0xBY21IWDJjUkJVaUdseEplY0phNHBjcHN6OA?oc=5
2026-03-13	Google	0.062	Vestas secures major 1.38 GW turbine contract for the Vanguard West offshore wind development - Energies Media		https://news.google.com/rss/articles/CBMif0FVX3lxTE5BYUNwV1RWZHhjX2pNc09fZkctSm9WMlJ3MnZTZFpFdmx0bkR4ZzNGd3hmeUYzMHJNTlNZUzFKT25xRV9iWjFQMHl6MDFFZC12ano3endKRmpJaXJBbkFoM2htaVdzY25Dcm5jR0pJcWRHejgtdFVRek54VTd3NDA?oc=5
2026-03-13	Google	0.054	Major Partnerships and Investment Collaborations emerged from the Sustainable Markets Initiative's annual CEO Summit at Hampton Court Palace, as Global Business Leaders accelerated action on the Sustainable Transition - PR Newswire		https://news.google.com/rss/articles/CBMihgNBVV95cUxOSWdjZFNobG51VWZOOG5GM1RmODBzRG5ZSWFoNGcxcm9PVkxNcGdHa0oxOWpOdUNGWUpZMzhaV2RRQll1bGFRRmJwN25uUDFDckNNLS1nLXI4blEwVU1PZnRTOTk1VlVsbmZLQ0xBZEZ2RkVYU0tOMFVsUklHelFiZUN5aXd6bU1TcFFfQlA2MjhDc0RfenIwVjJvZHF5ZndJU1JKN3V2cjVKdkR6ZVppZUNzQXkzVXF1aGltcVhCejRFcjBLTWhFTTdMZUVxc1BHM3lNUFFfeXN0S2pITlh6NFAtbEFmazQxRkp6RUQ5YURYcUxOVGM2aWw1dVJ6SUs5UzhYNk1QSTBfTTZwYnl1d2pYTmlTcWNKXzhwODhFOXkyTkhPd2s3MVphX2JLcl82ZHlJOWtQTWVpYS1XeVdHSWc2dE1GUUh2dGZQcE43MU5iVTREQ25hSDFXTTBTcWxYb1FMMmhONWZ0U1JzSGF0dUJzNjZVN2k0OHFEVkU5cjk0UG1sb0E?oc=5
2026-03-13	Google	0.05	Who is really footing the AI energy bill? Inside the debate about data center electricity costs - CNBC		https://news.google.com/rss/articles/CBMiowFBVV95cUxQdTBPVTc2cDlEMVdkSkpYXzVibjJCU0VHT0tGYlhEVEJPWnZFek1rc1dETExhUURvcUlLdzZnbWRqb0NMV0J6UXJPRk9wUVpFVEhzcU1ISEhkM2tJMkk3OGhzeUthQTBUZXk0eTJBSUxvZ0Y5aFZCMXNKU2RMZWpsZWZJR25PZURzS2c3RzVZT2o1VDMyZ1RfWUFBeG1RTS1pM0JV0gGoAUFVX3lxTFBqb1VrZUtKSzFZbU9TbFB0MlpiX3lvVFJQYWVBRzVmWko4NlNPSUFlZzZ3RFkxY29iQV9tWFh5YVUwdGI4dEw4R1hLdGRJS1B2dGN4VmlUeGFETkxUc09wWERJWjVCVm1kckphU3o1QUpsOVM2Qzh0eXFHdHhpMkNRRG8zSW9lR3pLZFlPSUdPbzhTZGVLay1Ocm82RGxTX2taeDJFOWdwbw?oc=5
2026-03-13	Google	0.0	A proposed Willamette Valley solar park is still in the mix. Neighbors want to nix it - Oregon Public Broadcasting - OPB		https://news.google.com/rss/articles/CBMijgFBVV95cUxOcWpPWWZCMllSTGlsaHo1Q1Rob0ZtZ1ZmSjMtNzFiTnFlSHF5SVJYM3JBaXJTZHNLcDhJNlVWSDhuUmQ2ZDVnRGgzUTVsSmhNbGRSaDB1YlB3Y3FrdzJmbnlKblhPRWhTRFBwZWtSS0I3TFZ2aWFaX3ZWbnFMbXg0MGJwUENEc0djcmMxdldB?oc=5
2026-03-13	Google	0.0	ABB's Seven-Step Guide to Electrifying the Mining Industry - Energy Digital Magazine		https://news.google.com/rss/articles/CBMikgFBVV95cUxOUEUzb3cza2ctU0Jxa3RsSkJXS3lHb0dIQ3BpbEVjTXVqUjB3M0QyUTdBaTZ5elRTamtMd0IxQVVBZ1E1a0l6R2M2dWlVM1ZwMFhISkRWR2dURkV4eWJYU3pQNlBrNTRUOFJZMnFGV0Q1OXZkZm9UYVpsT3VGZGVvOHVMSy1mN0pMZW41eURlc0Rrdw?oc=5
2026-03-13	Google	0.0	ABO Energy CFO leaves amid financial woes - Renewables Now		https://news.google.com/rss/articles/CBMiiAFBVV95cUxQNkJScERUeWlYZFlidGx3cjJ1dFYtNWZxZ1hKcFBCRFpleWQtWElMQUlZQlJaVW5INkwwenRmRVNUN0RPVUxXejgxeGpSNGZub29GQWdXeF9ZeEZ5SzFJT1F1bGZoQlNTR0prLTZHOVk5dzhxbmM0VEtuMklNQlVMUGs5NklhamZE?oc=5
2026-03-13	Google	0.0	Arizona leaders struggle to find compromise on rising energy costs - Arizona Capitol Times		https://news.google.com/rss/articles/CBMirwFBVV95cUxNRUhwRTVfcEhBNTVma1NYZ3RXdzVGa2hJUk1rcUNOeklWMExoWWs4SVhoak9jWDVZVzQ2UVJxRFFXY2k0c0g5VHBxUGQxSEJCNWx6cDVWbE9LRDktb3E0TUJSX0U3dDhmM09oTktoMDV0Z1MzY2VKc245cEVpVXdjNEtXSjdTRTREd3Eza1lqUXppZkIxM2tLU3VBR0Y4VzlzVHpCb0psS3lFc0dxeVpR?oc=5
2026-03-13	Google	0.0	Asia-Pacific Renewable Energy Certificate (REC's) Market - openPR.com		https://news.google.com/rss/articles/CBMilAFBVV95cUxQSmFDSFdkLUFxVGNRQ2UyemllM3BRTXBzaHFSeGFlcGVxTmRMazhMTEhZVGtMbVRTS1dmZlBHMEFVaHdhRjBBLVlvLWVXaGQwVHRLdllYbEpUTDVnbFBKVlN3RjFqQnQtQjQ0NlZYZkp6eTVSNE5jRXBBcmg4QmpncW0xeWwzNUZYVExjbkY1c1ZnZ21a?oc=5
2026-03-13	Google	0.0	Canada's Westbridge seeks approval on move to Luxembourg - Renewables Now		https://news.google.com/rss/articles/CBMimwFBVV95cUxNdU1aa3RHelFOOUxPM1BlYlc5WkEzRHhZbHpTNVJ0S3MzN1dnUUt5NUtMWFRJalQ2blU1cnBCOEJKZHhyOXZvX19LenROQWNNc0hWX09WSVhjSElabE15R0gxNlNCVkc5V1lhdnZNMWhzT3lKRExPWmNQWTBGUlNvNjMxT0Yzenl2aGdKaXdNd09iZ3hFVjVYcEY0TQ?oc=5
2026-03-13	Google	0.0	Details emerge about NextEra's West Michigan wind turbine proposal - Michigan Public		https://news.google.com/rss/articles/CBMi0wFBVV95cUxPNGhYLWI4VjQzQ1dFdUdtRFBNOGJVTHNVWlJQYnpnam9UWGZNMHBnX0pGcTFRQmxPd3BHY2lERWJvdm16WUtYa3N6QWpYdzBkMGNsTnE2QkdwRWI4MmpqMW9qVEgxQ3h5UDhqX0NldnNVeW0yS2QtcDBmeHZ4elc0bHJTR0htQkpiVkJxam5yY3VqVTExa3NPTUw4NVFBV1lGRkpDTVc3OWhwTlhjcS1jMDVFQVI3a2IwcFl3QXRuQTdzTUhHbktTMFFZZjcxMi1id0xj?oc=5
2026-03-13	Google	0.0	Eagle Point provides strategic financing to Heritage Energy Storage for distributed generation platform - Energías Renovables, el periodismo de las energías limpias.		https://news.google.com/rss/articles/CBMirgFBVV95cUxQQWttNlRsQVpKVUxKTXFzcEJPaUVoYThpeDloRnhSYzBZNnp0cnc5NVJ0NUhCVXRnVUhHVUtVbXhiNHk3Z3JvZTFLNjRVdVFmZ2Znenh6TlBrY29SMF9LeS1RSkdCYm1IUXdRdDcwY3N4eWtKUi16RzdSMlQzbkdfU1NvYWE2SFdLc3lYU2RQZ3hJTjhKT1ZTTEpTYWs1TXluMXVDM2JPNF9ESF8xekE?oc=5
2026-03-13	Google	0.0	Eversource warns proposed community solar bill could add $6B to CT ratepayers’ costs - Hartford Business Journal		https://news.google.com/rss/articles/CBMivAFBVV95cUxONGEyMy03d25yVmZUdGdWQVlkMTFWOERiUG5WM1JNWEI4MXVJUDlJV21oWXN2aHJ5U3RfRGdLZXAtZDUwYlhfTXpqVnV4dWJMbkNYMEJaQXdvc2hRYU9BM0RsWTFSaFRUMzVhTTVCOVNCX0RUZzlYMnVuSm01eG16Y2hkcEZmcEdCVUlWTDhYQ2hzYWlqU09DWUVPell0bjNZemUxYjhJMVMtN3hpeVZGUXFvSjJleGJDV0NhTA?oc=5
2026-03-13	Google	0.0	Global Renewable Capacity Forecast to Exceed 8.4 TW by 2031 | Solar Leads Growth - News and Statistics - IndexBox - Market Intelligence Platform		https://news.google.com/rss/articles/CBMipAFBVV95cUxNMzJ5endKblF2YklnckNvTUE1bTZvVk5wUzF1RjFORkp6ZEpUQUFRaG9jRXpSVHR6cm9NLTVNLVctbHh6OEFwU2RrZnQ3LUFUN2ZCS0hEWDNCS1UzdkZub3lUVGpnc2lGSEZzOG43YWNPRFBLb2w3dldtUEJkVHZsVkh1UGR5ejg0RVNCSWF4ZXZ3ZEtoUWxXMEtJeVdkaWRLd2R0MA?oc=5
2026-03-13	Google	0.0	Google completes US$4.75 billion Intersect Power acquisition, initial focus on California & Texas solar-plus-storage - Energy-Storage.News		https://news.google.com/rss/articles/CBMi3gFBVV95cUxNVHdvVFA0aG9mdGFVNnNWcG03eVR6SF9JYlBEekdzUjd6Uzk0OUFGdlR4UHQtcV9nZlRYbGhReURuUHJFSmZ5MnltMHR5S2tkdkVvQTdLRS1qY1B5WVJRaEYwMTlHc3JMbDNtNXp5MGxKT0VBdUtjMjRUcjlGeEotN0pOME81M3ZMMTdwMjlFSGVaT1VsdDM5N3J4ZlU0NV8yNVc2WVJ4N3JiWncyWk52ekJYWVd5b19odDNFZTVBN2tYSHRJajFTMGYyajRxRFl6SG5fcjdlcGNQaGFVTXc?oc=5
2026-03-13	Google	0.0	HASI makes structured equity investment in Viridi's Wisconsin RNG project - Renewables Now		https://news.google.com/rss/articles/CBMisgFBVV95cUxOWnF3dHB5SjVxOU1CdUNWNFJfbVZ1MFl0SDRZQk95NkVfZ0pkR2dTbUg0OUF2b2hheGdzQVp4aHFyWWlPUk9HT0tSNzdHakl6TGJOS3FPXzFvZEhpa2tRdEZWaEFLX2I5b3Q0MEppaWJSd3RQbTM4amxMajBMdzJBa2xBVVhRTWVOVmJNYmQ4R19GWTZGZDBocVRnOFBNOEpxVTh1VUlBd3ROano5dDhwYTFn?oc=5
2026-03-13	Google	0.0	How Is AES Using Long-Term PPAs to Drive Renewable Growth? - TradingView		https://news.google.com/rss/articles/CBMiswFBVV95cUxPXzdGZEc0OXVYZGRkM1lyUXVxa1g1cjMzM05RZVJQUk54WGRWczE5N2YtYXE1RzFDUU9yR0h6M3EzRm5uTXE1R0FQcGtmNjFUY3VkbnlrZTgtX050cWk2N0NsSFc4dG5tUDdHQkZEUzl4bk1IMmhVOG9OSV9aaGV0eTU4V19wTmU3NzZJQXVXM251MERqS05ZZ1RnY1c3TjZNdzJCTjlyeXJkdzRGRC01M296aw?oc=5
2026-03-13	Google	0.0	How Renewable Energy Software Is Transforming the Energy Sector in 2026 - ilounge.com		https://news.google.com/rss/articles/CBMipwFBVV95cUxQRHlNQ19UdkRDcGs2am0yT3VyaGlnMDBsZjZsOGdYcU4walYtWDRMRTZHYmJGZjZMOEFzaU9fRVpwRS1ndC1CcjNmOEh5dFJSLWxRZXpIWWtzQ1h5Y18tTm9YTXVuQjRPTHVOTm9qclJOQmhPOWowZnlQVE52VUROeDZZcHRJSkFzTTFTRjYyaTl6d1hQVHdGcEpnN1M1VnhYUThPQ3RySQ?oc=5
2026-03-13	Google	0.0	Industrial Scale Renewable Energy: A Skeptic’s Scrutiny From The Hinterlands - The MoCo Show -		https://news.google.com/rss/articles/CBMirgFBVV95cUxPbkd3b1YyZ2RUbklsdlZPZ2dUSklJOWRkbVJsNlRtUkx5UW5sUXR1U2R2dzJqTnJNUWFLVFFuY3RuX192a2tTZ1JvU0pGWnEzSm5WRmY5dU5rUGZsUFJ5dURKNGU5UTRXMHctMEpkR0JKZU9pTXV3d3JvV1NTNXVOQXVFTGFFcEVtMHpFNzZTWmVuNk8yYTN4dWV3TUdHdHJOSXpOOFhuQUI0aUpfdHc?oc=5
2026-03-13	Google	0.0	Maryland leaders unveil legislative plan to cut energy bills - WBOC TV		https://news.google.com/rss/articles/CBMi0gFBVV95cUxNeEhNcHB2UXlISWU4R2JvQUROV216TFRfenhEeUxtejJnR1Z2RnhlandWbVJ1SVNhZzNGc3VzZVd4OVRUWXlhSXltTkxkdGFjUkZ1VTVOeHVTajhOeGZlTnR5T196Vi1Ec2d6YjRrSmIwOWo5eWtxemYzZFhSUzEwVVFBekR6bjhzempGY1RUbktmTWx5NGJwb3ctTU9xeU5vNGdMMXZFSjFWRFhzVDZIa3BjeUdOZWhRR2ZUbkRMMXFKSEw1TFFDOHdkdF9YTGFmaEE?oc=5
2026-03-13	Google	0.0	Massachusetts AGO Rejects Yet Another Municipal Solar and Battery Storage Moratorium - Foley Hoag		https://news.google.com/rss/articles/CBMi_gFBVV95cUxOZjliM1pGcnZZWDhlOGk5NURyWXBXMHc4VnVXUFdOWkNDcVpGZUFkWmhVeVBybUE2WnB3cjhXeWlWV3JJSUVILUltNTZXQTgzN3lDeldTejRDa2g3VkRjalBTWElCLW41OHlJVVZscGJCSnVVaWg3RFdTc2ZuMi1uSzBCYmZwcFZtR1p4Nmg4VXhUOG5DLVpsV3hiWWhnbjBTOEZxVl9hLUdHZjR2SXpNLXVyZE82cWJKb29telc5X2FMb1NrRFBLbWNpWEU5a2tJUHB3ZGdrY0V3dS0wZmp1UDZ6QTcyTTJMdmhTczRQN0oyaWQwM09UVkp5aHkwQQ?oc=5
2026-03-13	Google	0.0	Nebraska lawmakers advance bill that aims to boost state's battery storage - KETV		https://news.google.com/rss/articles/CBMilgFBVV95cUxOVUtQV21IVUtqUTdlQlZzYlJzVFJMSURhRUpPQVhDS1RYNi0wTjZ4X1JsdW9FRVlrb1RiRzdIVVZGTzNob1ZWZDNLbnFMZkdwY1AtdEMxTGQxU1NIQmdkN1RFLWRzRVEzVXh3Ym1xQmRsSFk1TzBwU0E5NkhUbUZvUWg0ZlNNdnUzWGVGYlhNbE5qblVvdmc?oc=5
2026-03-13	Google	0.0	Nexwell Power secures financing on 250MW Spanish PV portfolio - PV Tech		https://news.google.com/rss/articles/CBMijwFBVV95cUxQWFpvaVR1eU1lUWVqZlpDMUp2a2t5UHA5cFQ2bUpFaXFvMWFHdVhMbUstZEE0Z3dOU0dzUE1PRGZSTVBlYWxEbXYwWGJsM1lUWmVuRVJqYUpRaTJQdFZuMG9hVEVLT2s4VEptM0NIOXdiTXhjVmdDUWlOWlZrQURjcjBxWXpOS2dmM2FUTFM1aw?oc=5
2026-03-13	Google	0.0	Oklahoma doubled its solar energy capacity last year, report shows - KOSU		https://news.google.com/rss/articles/CBMiYkFVX3lxTFBxRHRkMnQ2cV84ZUxvWmE3X0pJaTJ6VmlmYnJUOUJqdnFyd09rUnlBQXVpUUNtb3NFTnFHRjMwQ3hDelV1TFozWkdTdXZBbEFfcG9Id29WYUdMSkJQUy1aTk93?oc=5
2026-03-13	Google	0.0	Package of bills aimed at lowering energy bills introduced in Maryland - CBS News		https://news.google.com/rss/articles/CBMifkFVX3lxTE5kN0F5aTQxRUFKcFNUUlFuRkdfOGRrZ1VXYjlMajRWa1pxSFZtbW1Sc2dDa2tQT3l6SE43cFFZMGdBLWo4R2FNNWhpM0k2b2djbnMxd2tjazlnUWRQQkx1Y0ZVbkt2NmMxbDNwTzlaRnFYenNkZHdMY1Yyd1lydw?oc=5
2026-03-13	Google	0.0	Q&A: Why does gas set the price of electricity – and is there an alternative? - Carbon Brief		https://news.google.com/rss/articles/CBMiowFBVV95cUxPRUtRdDRRVkxua3ZLQl9WSzZiQ3Q5S2dOeUdhZnZITGNqZ2EzbGRXaHZUVnl2NnNoZEVGSU5LMWV2UnpZQ2ZTLUF1eXFfVzE4a1NSd3BkeGlnSE9OVTVLeEdMVloyZlFwcDYzQVBRVi1GNnlfWmFmRGdrZlBjRlVTaXdYUFgweS1SYm1hdHI3OHpBZnFXd3ZZNmNzZWJjeVk2QVBn?oc=5
2026-03-13	Google	0.0	Qair gains onshore consent for 1 GW Ayre Offshore Wind Farm - Energías Renovables, el periodismo de las energías limpias.		https://news.google.com/rss/articles/CBMikwFBVV95cUxNR3NWWFgyY1JkU3JtdEJUUmdBRWFxcVRVd05IZUNFbHd6MkVLNWNoZmd1M2NVaERMQU1xMTFCUXdTT00zLXAyc09YX0tvNDVJeGczUm5yOGlCSFVOcEtnTktZNG43dFgwZEZxYnBnSWZWRmdUblZ2YU5saERLR0NwUV91ZFhaeXotUEN6N1FzOVpyb2c?oc=5
2026-03-13	Google	0.0	SINN Power: The Next Wave of Solar Power - Energy Digital Magazine		https://news.google.com/rss/articles/CBMiekFVX3lxTFBpSXpUZ0pfVHZFdFduWl96WjVKYVdOTmltN2pfMFZoUlctWDF2MzBJWjZsOWNjbFFzSFp2R0R4T3ZDZWVmNU1iNTRlaGdkRzE4MVlOQWk5bU85SG9IVHBhVlBvWHpWeWY3cEdVdk83ZkJ5MWc2UXV6WEd3?oc=5
2026-03-13	Google	0.0	South Africa endorses treaty to triple global nuclear energy capacity by 2050 - news - Mongabay		https://news.google.com/rss/articles/CBMixAFBVV95cUxQWU5uaG9Zcm12X1RPYUd0TlRJYUt4My1ob3ZuUU9zSDdMaGpGNGhxVzNWNkhFWU95VTYxb01mQ2xtU2hQczVEUmJSTUhUdU9Oc3lzN1BxbEFQS3lrYW90YmdibHFsX2gwc05GM3JxWUdzbjllUXpqell5aUlfcVZBNkhubmJxODJMbGJhRkl4dFNSSkwwbHlkRUFJem1xWlB5RzJZb0VtSHNhMmgxMm05SmFQUTBjeWRGT09SdmdkUVVfV3Bh?oc=5
2026-03-13	Google	0.0	Sterling And Wilson Renewable Energy Says Commissioner Of State Tax Maharashtra Concludes Visit On March 13, 2026 - TradingView		https://news.google.com/rss/articles/CBMijwJBVV95cUxPOUJrV2tUS2Z1bXlBZnlZYWVYT3lwUlJJTkVOXzl6TDU0RUpUbzZIb2d1MUxhWUNZMkFXYjJvY0FuTGVoeWFPUmVUaHpHSWhVbUVUeEtmZl9TaG1vdEl0R2Z2eTMxYl9HUHFnRWJpa2ZVSTRVWWtBVllZN1AxN2c3cEdVM09XSVhpY2FxcU5Hb2U0c29JLWFwdU5wS1ZORDVqUzVzVVcxNm5fQWs4Nlh6Ul9SNVg2VTg2R0Q4djBvYnhkLURwaTlueTRYbzVRLTNaSU1uano3RG1wMGg4SlZmZnlmMFhiQkJFc19KbzVjSGROWTdkTThWeUk4eHJyWkVTY3NvU3E5cmpSUXdtSmdR?oc=5
2026-03-13	Google	0.0	Sustainable Switch: Global renewables alliance calls for urgent clean‑energy shift - Reuters		https://news.google.com/rss/articles/CBMixgFBVV95cUxQeUMzMzlNLXY3dUFwenNEWEh2VjAtSE9KR3VHeDRid2xwcHhVNlVDbEZQSXQtTWVZVkU2MW9MUER3SnVpZncxVlBJRl9idV92dmt2bEFpZG52UURuY2lCa1pyTG5mbVpZUWNvNV9peFhGODVyOVNSVWdHWVdMaklmZ2J5Tkx3cjdMQ2Vnb3ZTSUg3cVd1NjFsT002UnRmU2JjQk5HeHBlRWdnZ21JRFR4SnUzRlZiNEt1dkE5SVJreTRWR2Vhcnc?oc=5
2026-03-13	Google	0.0	Sweeping energy legislation heads for House floor - Maryland Matters		https://news.google.com/rss/articles/CBMigwFBVV95cUxPeXdKQmZSVmlWcWlaZHM2Nk02VVhEOTRwS2k1amdfYnU5NWs5bzgzbVEwMElld1JsVmEwNEZKajZTUGtSeHFfa2wxRmRyQ05hVlJxdXFHYjRqTjNsMk1WakhJc2ZoMUxGT2YxWW9GOVFGdmU5MTJRbGhockdUMVNNVlBfSQ?oc=5
2026-03-13	Google	0.0	The National Security Case for Renewable Energy - The American Prospect		https://news.google.com/rss/articles/CBMinwFBVV95cUxObzNHQVlLMGVtMWlUc3U3Vm1CU1BROWhkMG00RkJBZlJPR3BfdDZTZEozYkNNTk5QcGEwbTNPWFBtMGQ5cjdUY2R1Q1Z0REFCVDFCYzZ4S2NxRUhsQzFZQ0RaQm5WemxXd19PV3luLTF3NHNDTVBCWWswUWktS2hhSnZmSHV6eGRjSWV4YmJQb0lycXdLWHRYazJSU2JiLXM?oc=5
2026-03-13	Google	0.0	Two reports, two energy visions for Maine - The Maine Monitor		https://news.google.com/rss/articles/CBMia0FVX3lxTE9hWkVDNlVJNVJQTUc0Rmw5eklVdVJEcVpBX0h5LU44M0lDNXNueUJJNmpWX2M1c0NTT05abG41MkpHRGFKRDgzZktfVmFSbDc4QUhaNGN3TlBtQVZiejdhaHJCSDRrVkZhOEJn?oc=5
2026-03-13	Google	0.0	Voltalia's 2025 net loss expands, revamp plan in progress - Renewables Now		https://news.google.com/rss/articles/CBMimwFBVV95cUxPNFZJYVhHckpwOS1iNVR2blZ3ODJHdnU2dXBHX214aXZuTGhlbGhjOFN4bVVfLWk3cVIyb1MtXy0zc05LcmY1b0ZhZUJHaXdZY01jYy01Z2ZjOGJhbTE4M05veE5xRms5WTdNS0VDVWxXRnZ5cjRmdDBwejdOS0RFSVJMcURWT0dCT1RrYlV4UDk5VFd0NE5GaFNPWQ?oc=5
2026-03-13	Google	0.0	Weekly renewables M&A round-up (March 9 - 13) - Renewables Now		https://news.google.com/rss/articles/CBMihwFBVV95cUxPcXdJT0lod1QwRmRfRU85cWFFeHoyN2F0UXI4cmJ3X2pZSG5QdGJNekpXRV9RaUpESDAzZ2R2djladEdXVm9KM2l1RUNEZ0xGa1Q5WHY3MlB5NkRTaFN4M083YVllZWwzLWl4enFKZmc4cDJOZ0YwYmQwdFY2VlVub0lQX3J2VTQ?oc=5
2026-03-13	Google	0.0	Why China could emerge a winner from Trump’s global energy shock - The Washington Post		https://news.google.com/rss/articles/CBMihwFBVV95cUxPLUQ3X3hOQzJxcnI4akhqYW9OUFVLN0dkQW9kQnJtTW0xNDVTcXU5c2pBcW5vNGdMbktKcTFJTldNR29FMGlnV2NnS0xRQzIwWTBkWXNYbzI4cjVqWFhEVTlucERXTEFGUWNrdXY4Z1VYODBKRTNsQ0dxTGkwTXlnZi1CXzFMVmM?oc=5
2026-03-13	Google	-0.05	How the Trump Administration Could Lower Energy Prices and What It Is Doing Instead - Center for American Progress		https://news.google.com/rss/articles/CBMiwwFBVV95cUxQdkxwcGtYTWlpa3ZvV0xldTZKRmdTcTNFeGhIdF9sVWZ5a1VUUVpibWlGMGMzUzlfZFFibEN4TTN3VHlWTnlCcDFyNVdTcmc3dzd4dm1Zd3FyNmJNX3lNQl90cjBZTGdSNjVFMlhSQ2hRbEozQjItcVV3R2dYeGIyNm1WV0ZPdVAzQ2ZTN0RkWDRjTkE5NklWWU1VcWZiYVd3a2JhcXlLYUl2c3QtSVFZM3V1NVdoTThIY2NMT2pQdjAtUUU?oc=5
2026-03-13	Google	-0.1	China’s Clean Energy Push Has Made It Less Vulnerable to Energy Shocks, Including the Iran War - Inside Climate News		https://news.google.com/rss/articles/CBMiowFBVV95cUxQN1NyQnAybS10LS1Vay0zTGpVQ2Nld3JJamYxRGhWblQ5YnA2SjVoMmd0cTJ2c2d1WlcyQm5lcmt4OXRrRnUxZkNxZnZ2TGJpZ25DQkJSOVAyRUozNzg2SHhqWFh3TnlKUlV6cU1fYnh5YndBOUFobVpVOVhWR2gwd3dVQlR2WTlUMnJyYzFCbER6SEoxTFNCNzR5Uk1uZzN5Z0RV?oc=5
2026-03-13	Google	-0.1	Regulators approve We Energies purchase of 150-megawatt solar project for data center - Milwaukee Journal Sentinel		https://news.google.com/rss/articles/CBMizgFBVV95cUxOUGIxSFNRWjFDdHdyenZGb0RPaWZVWF8xank3LVVENjhKWTkzOXBGSFRQdy04cHBYck14aFM4bDc0VmY0WFpSSEI2RHBIUi1RQVBPNTFRUnNreHFDd3g0dmNvRjB3RThjWUc0WGRYUGRCcjhFcnNrOTdpQjZiNHMyYlMwV1NHd3IxeXlPUUE4TWh1R1QteDc1dklkajM3Z0t4TV9nS29nNVJpT1VlVVQyQ3A1eXdxYWRvNFhrWV9Qa1FRS2dtdmhkUGVaalduUQ?oc=5
2026-03-13	Google	-0.1	Sol Systems Acquires Wolf Creek Renewable Energy Center in Saline County, Illinois - TMX Newsfile		https://news.google.com/rss/articles/CBMiwwFBVV95cUxNbVoxalZ5clB6QmdsTFJ4QWthdEtfNmpKc01NRFM5VlZCeVZwNGZESElrM0psMDNWdm1QMEZ5UGdWQU1Rcl90anBhVmxMU2p3dlBEV1d3cTdtNHVuWHRKZUJaYlQ0c0tFSnBJcmFfeExGZFJjN1VCUExpNGwwNXBkeTZ5NGtLcVVDUkhlZVU1aXllOFNicGlMVjhZdkdVeUVTcUtTT0h6RUw5TGVTai1LQjIzaEhUd1Zsekl2WV9xR3FLRGs?oc=5
2026-03-13	Google	-0.1	TotalEnergies signs agreement to supply 1 GW of solar electricity for Google data center operations in Texas - Energies Media		https://news.google.com/rss/articles/CBMifkFVX3lxTFB0OXVVSmpIV2loQW5kc0xJQ2NBUlB5VmNuYTJHLUJyUWdCQWdObG16ZFlZVm9HVGYyeTJwbU1fOTY0cElyRlNPZmRzZWgtZzFTbEoxQWRwbGxTak9CQkFsQTJlU3ZveEdHQTVCMVJVd3lsWlhWcHFCc2h0UXVZZw?oc=5
2026-03-13	Google	-0.2	Forest advocates accuse EU energy firm of Dutch biomass certification fraud - news - Mongabay		https://news.google.com/rss/articles/CBMirwFBVV95cUxPcnFMRmpHV2pwdDY0Z0YxdEx6YW11MGFqWTBfQXNaS2JHbHcwc0RoaFJGRF9IODRLUUZPd05ZZ3piMEVMLXBRdmM3Z2hHODZvZVZsSmEtWkk5R05BMjNacC01YTVWWnZHRHVMWlFjODhKUlZLUTNscTZDbXN4RGk3a3lzTDBoeXFiSkZmY2Fpd1pVcW5XWnRhUGQ1c0NtMy1BcHg2MURrVDRVSmNlNE5z0gG0AUFVX3lxTE8tcGxPZklwdE41TS1meFZwWDFHU3lJdFdjdnBBemlJbFNWS0QtRjMtczY1aWwtRG05eWlzUENaWlREVE1LM3Z2SEhmY1VoZjBJYUN1OGJVbnNjTHRfYUt4eFFNVk9JZDcxTmFGNl82cWFJcXlLWDdlQ09HRWtHeThPMkl1NUF5Qnd2SWYxbWVLTVJCNkRPTUFuXzRBaFlKLUpQS0FFVWczbVRKdjNHc3B0T054Uw?oc=5
2026-03-13	Google	-0.2	Mitsubishi Heavy Industries’ Net-Zero Strategy - Harvard School of Engineering and Applied Sciences (SEAS)		https://news.google.com/rss/articles/CBMigAFBVV95cUxQYnM0eUhqdm0xX0V3Njc5cUkxZHRNRWc2WnlQZFNrTENsNlJlRDVYNUlEWkQybFZzUGgxN2xUY2t2N2I5T2o3VjhreDNRQ1N3VVY3enpQQ1FIZmE5czFPUl8wOUE5NWZCSGtONERsTzBISkpGUTM0c1NIcVhRaTA4Vg?oc=5
2026-03-13	Google	-0.2	The green energy president? Trump’s policies spark a surprise rally - The Globe and Mail		https://news.google.com/rss/articles/CBMi2gFBVV95cUxOU29kTDFXYmpQSDl0WmhHdGZ2d3MwU0loRnNpZDVwbTdTdTEzVWtzTTdyeDM1azBvYnBZMnk1TkRuWV9wa08xSXZGOEkyZzBnaTY1clB6WUR4aVlFRW9xOGxaRGZaNy1pOXE4cERsQkkxbUE1Y28wejFIOFhjM3hiRGtjU0htV3RYWmFNa29FRkxYYVY3MnI5cVNaYU9DY2lqdnRRTU5Rc0lndlhhYVVNVE5YVWNfRDd5SjF6T3FMZEpzNGNlZHZ5R1kzWWVCd1pCb1BzTUkxTjV3dw?oc=5
2026-03-13	Google	-0.233	Blaming the Green Deal for rising energy prices is simple — but wrong - EUobserver		https://news.google.com/rss/articles/CBMinwFBVV95cUxNR215dDRPYVpBWi1nQUZTQlFnZGRDOXowMFNBLWdHS0FLT0hTZkRPMExHTTRxMGVUeVRSQ3UxRzJweGE2dm1SY3NHcWFMNmY5TFdOelFOOWZDXzFpRE40MkpGTzZUMDN0UGJlY0MtTlNxNFFwdmRwWF9XbTFMMlR0dWhTZjV1a1Rtb3VWdi1PT0V1V3F3MlM1MTVJN01YRjA?oc=5
2026-03-13	Google	-0.25	Oil shock shows why America needs renewable energy, not more drilling - Las Vegas Sun		https://news.google.com/rss/articles/CBMilwFBVV95cUxPQnJIbmFwaHVlWVBJMDNlSmd5YXlXY1ptd01oOVNxUzV1TDdyczE3Tk53X21fcU94eUFUd3lfZHFuZUVHVmM5S1R6Q09KWXo2dnJZQlFsOWFPY2hhVlZNMkkwUVlMOXJxRC1BdFI3SXU4dm5Mc1F4N0I3a3RuX1lPSXRFYVVfRE9jY041R3oxOWtRTlh6czFj?oc=5
2026-03-13	Google	-0.4	Energy blame game: Michigan Democrat targets Trump - Michigan Capitol Confidential		https://news.google.com/rss/articles/CBMinwFBVV95cUxPbUVucFVlOXMtenlMTk1mNV9wNG02QkI0alRuU2ZZUm1XcjRrMVNGVDl3dlVwb0dsWE84UnNqVjQtM283X0FKUEtpcVR2ZUlPeVVkRXVTTkRpWExSSTl5d3N5MF9PX1NmOUN1RklnaU9sWEMxWEZvUVhoMXkxTFMtZ2tHTmhwWVBWS3EyOENJSm9JcXZtWjBuVzU5Q3lpNG8?oc=5
2026-03-13	Google	-0.4	UK energy prices are soaring – and propagandists want to sell you a false reason why | George Monbiot - The Guardian		https://news.google.com/rss/articles/CBMirgFBVV95cUxPMG9KN0JDZm5LVzJieGVOXzNSVmVyczJ2b1RPaW1OYldwU1g5NXZFYUFhbDBfd0ViNUZnYTNSbUpNVmF4Q1JaXzl6UzBfTmxWNVZSZFd3WjhnVUNqZ0luajhQdXpiTEUteGxpUkh5V2xiNDFmd0xVVzV2S3JrME44djJCb3RNcGxycHhWWFE2QU83Ql8tTG9od2tsbUNoQ0VSV0VIa1Y4bW5xMGxxVGc?oc=5
2026-03-13	Google	-0.7	Two bad bills would speed up fracking of Ohio parks, squash renewable energy - Ohio Capital Journal		https://news.google.com/rss/articles/CBMiugFBVV95cUxQVDdORHNHWnZMaFh2Qk1LRVBjUWNyVFRocEFTQU1kSlV2SnZSVC1hTk1tcGc2OGVZR0pqOGVIbFF3eGJyd1pxcC1ZY1hPc2Nlc2tzelpIRDZnYlo4ZVJiOHF0NEZ2SXhXWGJoN0MwbDVXTDJ6WWtTVWphS0xVUVNUVkdhSWMxZE1nVDdmbGMwV012NGttbUZtc1V4VHlSVHFZMGVwVDllQkNyV3hVZ0R4YUtPU0UtcG1SLXc?oc=5
2026-03-12	Google	1.0	The Best 3 Renewable Energy Stocks to Buy and Hold for Decades - The Globe and Mail		https://news.google.com/rss/articles/CBMi1wFBVV95cUxNLVNDWHgzRXFpVzBXOHFfWDlYVVZmc2pFa0wzX3VkZEl6T2JublhVdU9yejhSTlFCUWdFN3RDaUlnNXo3R1lzX3A0TDNJVF8tNEU5X3dDTkJ3QVJadTFSSWl4M3F6R1Nab083SHV4bk9pUml5Sl9saUE0blViZi03T2tjRHFFelJYNi1HeTRvaGY5VHFOcUEzTUR2bjA0QjRlcXFKcG5nUHJTMXR3bU40ZG91T1ZERW45dkhYVFBLUkdTY3kxTHZQQmVPNmpTd283NGFWZ0xZUQ?oc=5
2026-03-12	Google	1.0	The Best 3 Renewable Energy Stocks to Buy and Hold for Decades - Yahoo Finance		https://news.google.com/rss/articles/CBMiggFBVV95cUxORDFjVG9BMFhMSDk4cVgyX29NQ3Rfb2xCTWFtaWVfbGlxc2tqaVo2bDdjd01VZ2VSMHBQbEthOEZaLU9xVlpxaXZEMURFS2RpaXU5cXE0VUdDVFFoNk8xdmVaVzd0Uk1QT2VzYTdwRXdITWxTakNPZDZ5VERRd055Ti13?oc=5
2026-03-12	Google	0.8	Solar plant win for Hawaiian energy co-operative - Co-operative News		https://news.google.com/rss/articles/CBMif0FVX3lxTE95dXp1cjU3R3NhVnpNRGkzSk9VOGdIdWZoRVRpWlVjdFh1em95dm5KZVJxX3BPckE1bXhiQzZPQVV0OXNtaXlNdXNaa1pzSjZsLWcxSzE3T2tnemNqaDJtTlFocDF5SzBpUUpvMldoaFljX3B6LWRvSU84OW5iVHM?oc=5
2026-03-12	Google	0.8	The Best 3 Renewable Energy Stocks to Buy and Hold for Decades - The Motley Fool		https://news.google.com/rss/articles/CBMimAFBVV95cUxOcE9HVDk2Unp0aTRxcEcxN193VE02am0yMk1LTzhnYnM0RUVRSElmRWdHUDVIbk8zUFF4S3ktNGhsR1NzOVY2M1FJQTJacVJSaExfdjRGWDdSSVJGdnk4ZU8zbFduREtXdGNQTl9iRXdVRmNlUDhuQl9mbUhqUUdvN2EtR2JHcWpWZnJQRVFOWmRBc2stVjFseg?oc=5
2026-03-12	Google	0.6	Illinois to data centers: Bring your own renewables and skip the line - Canary Media		https://news.google.com/rss/articles/CBMikwFBVV95cUxPdDhzaHBVT0dQU3oyT19LZDVxUk9CSm1GQXBqWGRjYlJ1SUc1b0NHbHlReWhuU19BRFB0WWs0WjVqY0FNc243Qkw2VFF5Smg2cXV5cXVjd1dRX3JwTUQ0aVFCUlRmU19WTGdXcnREUjUtbzVnSjVuQXZJMkRzanRaM3lUV0VjUUV2aVpiMDFDY2ZlazQ?oc=5
2026-03-12	Google	0.5	Madison Gas and Electric aims to create more solar energy in Rock County - WMTV 15 NEWS		https://news.google.com/rss/articles/CBMiowFBVV95cUxPRUNhWVdsc2FzZ29RRWtQNHNzT3ZJMHYwekFmWEMyX1RPWFIybjdUQWZ0YjBkS0pJamZCMHlMVTdMMFpRbUpqWUp2dEEyR0dnS1JyVTR6TlVaSnFsblpjVDZSMnZNMC13RnNRU3ZsdE1kX3p3Z2J2MXdRT1BRQ0dlQzJtVTdSRGxobWZSWVV2c2h1OWtESkh1b1ZYZFd1QkNCOUpn?oc=5
2026-03-12	Google	0.5	Peak Energy adds 10MW of operating solar capacity amid growing Singapore demand for greener and more stable energy - galvnews.com		https://news.google.com/rss/articles/CBMi_wFBVV95cUxPWU5iZmk2VVBJZ3pwZFFuaE13al9zQnlMbE5IR005bU9ncVZPU1JRT2FLY09GZURWR2xLdXc2cklvWTI4T0Z6T3JLRHc4QzhuR3Y4Vkpic1FTNUFhaUFpR1hzU3ZLM3JiQkhxSVN0VFBienZCNHh4cHpmQkFySUluUVdRbzJfQU1iNzFjN2pLU2pob0g3UGdFNTItRUpEMUtaVGw3RmxodXAyWWY5Q2dpdmM0dUNKY2xWeFFGeXRaazBMUjVDcjNmc09tdHhtUnBZdEx1WlpoRkg5UFNtSi1CcU0zN3pHMTd6MjdXYVJKSjFYZkNzbTZ3NXd6aVhIVnc?oc=5
2026-03-12	Google	0.433	Eco Wave Power Reports Strong Operational Progress and Files 2025 Annual Report on Form 20-F - Eco Wave Power		https://news.google.com/rss/articles/CBMivwFBVV95cUxOcjVMYWF5bE4wdWNYTFBtem5tZHdUS01VVnJMeWU0cjZzcTI2Y0dtSHJKSUU3dnFvTXNXZFJkR2ZDTk85RWtvRWNHamZvYWxCQzBOel9JdVVOT0FsUjJhNmpsNm42NlJMMHhycWtwbHd2bWo5V0dwVmRqdTFDUnJab1hiY1labVJNQjAzWFdBYkp0QkFvUE95Nnk4VERsbEd4eUlrb29Hem9VOFlPc3JMRnppT1pra1hHOFpmc1Jacw?oc=5
2026-03-12	Google	0.368	Renewable Energy Stock Up 54% in a Year as a New $26 Million Bet Signals Confidence - The Motley Fool		https://news.google.com/rss/articles/CBMizwFBVV95cUxNNnV5X1FhVVdDT3RkMm5aVzFOaS1qUjAwd2ZyZkFBNTh5R2J3aTZGLXRtWVhBOXNBYUtBbUpjTjF2NTNWVVBHWUtZZU5FZGRpQTlsU2dkMnNPRnB2SEg1M09LalkxNUJqQ1dNZmZrTnRXQjkyYTVMT0FrV293REk1cGhUd09UV0NsR0N0cFZrLWVma3lfSmhnMkViQkFIN25OREZHbFVyRGdmVk94UWJWbU1rUnZBZXFldHdYUXNpSlFNOG9RVjYxdDB5ZDBEczg?oc=5
2026-03-12	Google	0.367	Clean Energy ETF Sees Flows as Grid Buildout Hits Record - ETF Database		https://news.google.com/rss/articles/CBMipwFBVV95cUxNa2sxdWJCdF9JbExraTZLZWl6M3dUN01lLTRFVXVjRWZZMkxqUGxVWklLRjNTbmNLRU1wTkxOeDVKLWF3d0lmZXp1cEUwMkJvdmdMU0MzMkZwalNmQUlwcHZWbGdFNGlzYzhxeUI3aXdkeC0yOFBFdGp4dm5oeHIyNTNaeVd6aG5qRnA5ald5NU04dVJDN2plSVVzYXJlVHd4TjhxVEJmQQ?oc=5
2026-03-12	Google	0.367	Foresight to acquire NZ Clean Energy platform - Power Technology		https://news.google.com/rss/articles/CBMijAFBVV95cUxNVWxKaWQyXzM5LUdodGh4N2hJdDE1T1hWV3VQVFhXRmJ0YVZlRmVFc2dVYV81TFc0bXJ4Sy1neDF3aEVnSkdTRzIxYUF4ekFtVWlMWFA0VEZKLU1OOG5qelZmOVA0aW5UY3hYOGZhTFZZSFZmRmYxc0VKeElSRDZDV0gtWDByb0xwSXZiNg?oc=5
2026-03-12	Google	0.367	Foresight to buy NZ Clean Energy, commits USD 360m for projects - Renewables Now		https://news.google.com/rss/articles/CBMipAFBVV95cUxNNUFVM1F6UlhuSml6ZHJfWGt4aDVzT0RvdXZkdFc3Y0lPN05qV3g0SlE0emItdnpISEhjUzFwSmNIQmdtLUVyWTFYN2tjNmJtRTVPbEtvRXVKcUZpT21wdjZvaWdtY2t2WUZPQTNGVGVPZXBaaWdVYzV2SmsyRGQ0Tkt4RGNZTWxHMGVqcXpkU29la0REUzIyeElGVm5XQ3lVRXlHMw?oc=5
2026-03-12	Google	0.367	Geothermal: Clean Energy for People Who Like to Drill - Washington Monthly		https://news.google.com/rss/articles/CBMimgFBVV95cUxQZk1sdUs0eUE2eURnOWRTeFF3SXEyYXdsZ0oybF9GWTN1bVktcjJmQXBUNkRTdVdLTWx5QkYzM0lkNGNDaVZXM2dVS2x3ekw0dnVBX2FoRjlUQkExdlRMY3lZSGR4SDdiZHl3azZBTEFTeFpSXzJOdVFxMFN0Ulo0TDBMdVB4M0pXSkhNTzNURUlqZlpjdnE1QUtn?oc=5
2026-03-12	Google	0.25	How Auctions Can Distribute Risks More Equitably and Maximise Benefits - IRENA – International Renewable Energy Agency		https://news.google.com/rss/articles/CBMivgFBVV95cUxOckExNWQzZ3lTTkFadEJ0WV82ajJjU1VuMUI4X2lGdVVCT0pGRmZuaUdTREpUZ3p0S2s0dW9PZE1PUVpDTzNHTHN5b2ZnWDFVX1FSUlVsMXk0RzBldnhBeHA2eUJCX2NTSS1kZTF2YmpQU3dhMGVBOHppaF9rYVZXV01YRjdyQzQ4dEpGekVnZnN1WUxDR2FITHU3dWdTME5LYnM2V0RKMUk4T3BRUFVOdUc3LU14elBCNHZKV2N3?oc=5
2026-03-12	Google	0.25	Seaturns Launches the World?s First Pre-Commercial Offshore Wave Energy Project in Mauritius - Energías Renovables, el periodismo de las energías limpias.		https://news.google.com/rss/articles/CBMisgFBVV95cUxQSUVYeWZMSlVhNzQyZl9sNEpCeWtiOG85NFZRbkRWRkJYak9SaU9jQ2Y2RjZfTHhPblZDOWp5MXZ1U0xxUmxGUmhtNXNpWUg0U3JISURSVEV5VVFFY2FOTWtuZnZoVWx2Qm5pQzVwbkRGMm1FRGs4SDJFOWJZWUpMZWl0RFlhbmRNZzNjM2ZmWXB3V2V3SThPbG9WTGl4X1JaSENZQllXNG9vZXJKNVM1WVN3?oc=5
2026-03-12	Google	0.234	Consumers Energy wants to build 2 new gas power plants, scale up clean energy - MLive.com		https://news.google.com/rss/articles/CBMitwFBVV95cUxNVnVzYkZrRnhoTDFGOWJDS3l3TXlfMklUYVFLSmZhNEd0T1FqdlJzLVdkOURBWWhhZFR5RjBBQndFN09Vb3ZEbXBWVHlOWXlkV0hvWnNZdjliNGNScVNqMEM4WTVPWEhPQ29OWDJPRzM5dE1nLU03SHlrdWp3bzFuNF9uX01hSmtIQ3kyRjR3QVZ0b29VWWVHZWx3b3ZUM1pjTmw1WTNTbFJjS1p0NlZPRTVaTjU1ZEHSAcsBQVVfeXFMT0dOVHRZU3lJSXZRVzhHekhFeklZUWlYTXVKQzZNRmpUNVRHcnBOTVpnYUg3YVlvcE1OS0o4Sk1kOXNlVEJhSERRUzZULWNYZUpNdWZqc3ptd2dNX0xITHJ6QWVzZUhaX0EwbjNCeG5XaHBZZTkwWU9rc21oSU5Od1N2QmEzb1A1Vm51RXRnQ0tIdnNUQThlNEtZMlV5bXZtV0V1eEoxeThXOFFScTRybGNiRzEzSUdpWDVpQzdBMWc4VEhhUmcyOEpJbUk?oc=5
2026-03-12	Google	0.2	Arizona Corporation Commission Votes To Repeal Renewable Energy Standard - AZ FREE NEWS		https://news.google.com/rss/articles/CBMipwFBVV95cUxPRXh5NWJ3UDdUVlRLRjU2ejJXUjd6WW0zWGM5bnhEMVZpUU1hSEZ6Z29IRVhncU9BbnM2cXA2LTh5aXhIRXF0NzRwYmVIUm5yVjVFdjBiT3BlM1BlMWl6QUptaGY3VzFOYUhkbE1mbTh5Q2NWTzFXZFlycEs0LU5DVUotNWdCTEhTT2VDajhIcW5fUkd2VlVvMDJsZW1yanlVRWtnS2NMSQ?oc=5
2026-03-12	Google	0.136	A Look At Doral Group Renewable Energy Resources (TASE:DORL) Valuation After New Off Grid Hydrogen Partnership In Spain - simplywall.st		https://news.google.com/rss/articles/CBMi9gFBVV95cUxQM2gzR1h1YV9qZmZrTHZHaHVSX0QzZW1La2NlVXdEaGZPWEE2VEFkTEFEM2FhUlVzb0FXVk50TEt2ZVFDRk1UNk1CMmQwaEt5Vk8tcHZHdEpqXzdITXkzcnJoaXdRVDc2b1pqVHBYU3g5SWZvUW9Ka0Rwc05RMUlweGI3dkN2aHV5dkFpNG5KaGlKaVZONXlNeGVJRm1FcDR2Q3ZoQTdxV3VBSEJNQU9UeDZyS1dZNmxUWHdjSVZCbWtqaG10VzVUWUkyRG80eWVSS3R1cl9NVG9rMG56NmExX2NVWmxtdmJKWnBRQ1Ixd3VsUTV0aWfSAfsBQVVfeXFMUEhSeW1obDNGV2ZzSWVmNzBoLWFDcDA2YlhtTWxTTDRlS3Ewck83TzdWVDdFS1VTVHh0X0RXdXJhZVR0NGVVMXpVR3Y5TVdKTkRrUjlpc3RtdWVNbzRaaldsMDVXWDNyUlF6QTZyazBmY1FvbkNmZDNYY3dDQ2tpRFFYdmRudzFDS0RueEpOSDFMYlhWdThYYlE3RVk1OHdiODR6ZmZsbGl4WkR5RVVraWlwZzVnM3YzdzU3R3pBNFZiRG5nNDR2dnI1NVNPT0pqZEJzRjBwelJGSjdHcnlMZ0xqNk1SVWNFS2ZKc2RGOU9sLVhmbHp6OWV6Y2s?oc=5
2026-03-12	Google	0.136	Arevon Secures $920 Million for New California Energy Storage Project - ESG Today		https://news.google.com/rss/articles/CBMimgFBVV95cUxOZVlhREJqbVZTTDZtZnZfM3dYZ09UVndGNFA0TjBzb1duVXpjSmN4dHdfS3ZaODhmOFZicm9udTUwdG9oVDZaSThFcWRfU0w1SGFIWjEwZTZ3cXV5b0FvTFVvdENsMko2cUdQa2tXbzFBelQ5Tkc2QzY1YmJGdkVmNTBlZ0x4R3ZicXJVNE9aS3hvaGxpWTNPd1Zn?oc=5
2026-03-12	Google	0.136	Aspen Power to Acquire Cipriani Energy Group Community Solar Portfolio Across New York and Illinois - Business Wire		https://news.google.com/rss/articles/CBMi7AFBVV95cUxQZTEtQkpFUkZqRUhWTDBsaGRHaGRaWUZ0cmk1TEcyM2Ftb0pvN29XX0pDeVdiS1ZBOUZ6dXRtYTFxeFdSNDJabUxIOVFhOTRPMUZkMHVkRE1IcUJoWjB4UnNJaDJROHlucnlnenFMVXU0OFYwQ1lpS1czczc3bEI4dWtGNmk5QlNKN0FwLUtQanplaURzSGVFSExqWTMtTnJ2dTZjaHhJRmZOcVZ4Vk1lTnAyaHY3clRudHZkVWlZemxhUTRFUEw3S0FESEhKN1diSUFxOFV0WmpWYzY1ZDlBN19ETGxKanU4MjBCUA?oc=5
2026-03-12	Google	0.136	Interconnection queues cut across new renewable and fossil source timelines - pv magazine USA		https://news.google.com/rss/articles/CBMitgFBVV95cUxPZHV1a1JMNjlhaW14WlV3STd6SXhFcUtGamU1ZGJrNTBRRU56c3hBM1NWTWFnWldYdVJrOTlMOEhocDVudkNiT0dHQ2c2R3BJZVA2RjJEZ3FJWERPR3NrYl9hUmRibUx3a1plUjN3T19ndnJEekRYY1FwX191YTN5d0ZQMzVLaWRQWVhuT2czRVpQbDhMbDRfdF9iNS1HSGJOMUQzU2J0OFJodExHNEVNWk1Va0NjZw?oc=5
2026-03-12	Google	0.119	A start-up company wants to light up the night with 50,000 big mirrors orbiting Earth, bouncing sunlight to the night side of the planet to power solar farms after sunset, provide lighting for rescue workers and illuminate city streets, among other things. - facebook.com		https://news.google.com/rss/articles/CBMi0wFBVV95cUxQRVMzN2ozbGR4LXM1QXdudEUtOVF4ak83M0VqaFVnV183aVo1S1RsR1c2Mm1LamdkQ0x4alVKelZjMzVXWlo1bDVQcUVPVElPdUxYX0FFbDBSZXRTdko1UjZkaXBBcFJlcVpWOFlmeEY4YWtWbXJIX0FrTk4wNmZHSkNrc21uNDBPRF93RlY3U3hLcEtvMHRkOGRHanZJMVRFemQtWmJvQmJvX0dWNjZ0MXRrYXJ2bjg4QWx2eHVnX1I3YWtlbVh4SWZIQTlhaVNMQ293?oc=5
2026-03-12	Google	0.1	Business coalition warns against phasing out use of natural gas in Illinois - WQAD		https://news.google.com/rss/articles/CBMijAJBVV95cUxOT1Q3YVptbnR6Q2N2NXlTc1dtTzhwWjJnNzB5NmVFMTBWOHc5amUtTXpWY053bnhEOWQ0dGNOSENad0FiNE1ZWjRVOHd6alM4S3FYd0M3QU15S0dfNWFkQlNMcFl3aXdsTmRVU2FfcElydGtxNFhoWnQyZ1ZPQVpjcEk1d1BvRlBIV1RFWmhZQ0xIRW83bno3RDctaUZmRnF2T0cwSXZ3T19sWjBaNTJTTEd3T1lyR1RLZTV6WmZaOGgyQ2FDNTI0eldneUtLbTVPTmRaaGZKWTNEcXBuZEMxcmpxbTM0NXU1NFI3YzB4SndYMUNuQWU3NTBZVWdrdzhsa1JCUGRaeXZyNVVG?oc=5
2026-03-12	Google	0.1	Consumers Energy plans to build natural gas plants and renewables - The Detroit News		https://news.google.com/rss/articles/CBMi_AFBVV95cUxNVDJROTc4aEt6ZGZXc0NicFBhMzlmZjdTUTJBTDM0REtZaXpZRVNEa19sMnZsQ2tGdkZHT3cybHIwWWhkTmJhQW5TMVluUWdsUDBDb2NHaFhGM29BVlVTeUdpVnF4b3V4V3NtQkpUbFF6TlN2STE1dy1tYlVUa3JMS3owQ1NaeG1xN1FaTExQTFRlYUREZFVFbzdzMjluSkhtaW51Tk04UVFXSzkxSTNRa0x2ZWVHbHJXRlZyR3FPWmtvc2k3WWkxWVNFcE1zNEV6V0pPTWY0TXpuUDVxYnFLek9Jem1NUWVVSGNIb2FIeE5XX3lPN0FrSUJBVFA?oc=5
2026-03-12	Google	0.1	Redefining Rooftop Solar Through Community Action - RMI		https://news.google.com/rss/articles/CBMidEFVX3lxTE9oYUxUNllDekhwTkNNNEgwU3h5OUp5Y29CNFR1OVZFbjJwelk5WUp1RWx4REswc3F6TElqSXpIbFVhOHlpOTl4U1dxWlVyeS1fdTdlMFExUEp2TXQ1WHBRcE12NTZGYUJXejNJNzZzUnhNYmFq?oc=5
2026-03-12	Google	0.092	Nevada likely to fall short of clean energy goals because of data centers - The Nevada Independent		https://news.google.com/rss/articles/CBMivAFBVV95cUxQampBei1ZTXllbVY3dWtmSF9vQ3RvX2VOdzQ4VWNDNVlaSV9iTzFGcHpKa2xfSlJKV1RPQVRrd25GTXNXaDluWkRsVmpQNVU4aE1DSVU5ZmYyTm5sSHVJZ1M4T1VPYXJOR2xRMU5TeG85WUZCa2FGT2NqME82b0F2eTFhVmZXSmpaYmlsb2U3SS0tTG5oelJWR242Ump3XzlucjFLS2V5VzdJekdaVHl6MUxYekpycWVENGtBTA?oc=5
2026-03-12	Google	0.068	Inside BMW's New Fossil Fuel-Free EV Factory - Energy Digital Magazine		https://news.google.com/rss/articles/CBMif0FVX3lxTFBhdEczRXdrSUZqaWJBTFRLNjRKN3gyZlZMamZCRU9UTk05UDdfYmgxUHhCQWhMRzdxRWVHY0RrbjB5Ukh6X0tXbmEzMWpSRURhRG13dzZQWGF5THB2WUtWQkN1WThZT1NFaHBRWFp6ZU1UZV9IVjVYVnBEZ1pyZTA?oc=5
2026-03-12	Google	0.068	New report highlights need for clearer biodiversity reporting in the renewable energy transition - International Union for Conservation of Nature		https://news.google.com/rss/articles/CBMitAFBVV95cUxNTmI2RVdZMUZQbWxmYzZaU1h3Z3VlVUpIQWJCR1BWVkhMN29PYTliaTVuUDZnSDI5OTdXWnlsU1BSekJqNEYwVjhNNFppdHR5d3plbjhSWjlvLWExbVVhcm5sSkg3SFRHWFktUzA5Rk5EM283YjZoeFFvY1lza2xpMWV1ajBvZmZ4aEpySS1aTzc5YUlBUjROODBKbWZGYjYwbmo1LVRTYk1hWUFRUXYxT1BzVGg?oc=5
2026-03-12	Google	0.058	Foreign investors threaten legal action against Vietnam over renewables, document says - Reuters		https://news.google.com/rss/articles/CBMi7AFBVV95cUxNLThTQzljZ0FvOTFhbXdEVkZ2VTN6QlNsRjJ6NkpsV3A2blN0SnhRWGRFZEtqc3pjUXhYdDE3TzA5RFZoVG5xU1NOQzFGQnBueXZDb3FHU2gzV05tSGk1ZzFvb3RRZC1VeEZtN3RjNVNWSTQ4ZFhQaVlBaXVTaHZPZTJ0aXAyNU5GcV9vcHR3OTdpU3JSV0Q2Z191enkwc0VHQUVhb0l0d2xCNXltUUdXM215U3pwWDRpV2N2TWNfSDNTczlveVd1MDMtSXQxOWV0VUN1akQ5bnBPVXNjelQxTGRET3NIT3FvdUt5NA?oc=5
2026-03-12	Google	0.05	Global Renewables Alliance: Renewables Action Plan - Hydropower.org		https://news.google.com/rss/articles/CBMiiAFBVV95cUxQekIxREVocFEyYVJFQU5FUzl6RWJKbnhDZmR1SjZTZldVOTdBMU8zTW9lN1I0SURvR2R5SHBSTWc0czVkWUlscXJyNXZnRTBmMmRJenp4TDBxUmw4dG94RUZjWXNGbnlrUF9QSm85V0tiaTlZcG5sVWRJcDVSTjdJdlp0RzVVS2Jy?oc=5
2026-03-12	Google	0.0	Ashtrom Renewable Energy Completes Financial Close for Another R - GuruFocus		https://news.google.com/rss/articles/CBMi0gFBVV95cUxNT0Riak5US1RzR0VicmFJRGp6VVA2X3dlNHpYSF8wNEI2dnFGVVhZUkZqcHdPLWd1Yl9TYk40YS1ZR3RoQllsNVl1WXB6anM3eG03b0xkc0hQVl8wS1VnSEFHVXN4THVsN1E4azU1Rl94ZlZYUjFlWk1GSnlPMUxNeWlRcWNBS29RdmlNYTBPbWJ4M3I4Z21pbnNiR05RQWc1UnJkWEQyMXZ0c25WYkxwck8zQTh2WUl4cXNHbnU3dnN0TWQxTGxabUNoNEdFQ1BXQ2c?oc=5
2026-03-12	Google	0.0	Ashtrom, Hapoalim close $200m Texas solar financing - The Jerusalem Post		https://news.google.com/rss/articles/CBMihwFBVV95cUxOR0JKX1dGekgxYUFPQ3ZCWDdZbnYwSkpsM2NsZVl6UVJUMkJneHZHblMtN2czRUlMSWM5cnZXeEhwMnVBak1LU0phV3drdFRSOWVVb1VpWXpvamQxaW1taE1KSmloUzRlQ3NkOHdmbzIzNTlXZ2Q5Z1hTZlU3NjVvQVBlbzlGY0E?oc=5
2026-03-12	Google	0.0	Bill Would Give Local Governments Veto Power Over Solar, Wind Farms - Urban Milwaukee		https://news.google.com/rss/articles/CBMiqAFBVV95cUxQXzRLUXQyd0ZWWl9mSm1yTUNlczBXNWIwQVo1QVIyT19pRG96UUpaYlZlSGNXNVc3dm9Ba0pQUkp4c1BuM0Z2QXhOWDNSb01lVmxKVmJaemhsaGNpcVFhRExqNU9TNGxhMnhMQi15eHdGajBoMXpDR0hLdGJlNWFWT3N2NW9RZ0x2NFpWaHFROG9JajZSSkpnWWhtWEFjMnZpV21sYmN3NW8?oc=5
2026-03-12	Google	0.0	Can Hydropower Ride the Wave of the Energy Boom? - Inside Climate News		https://news.google.com/rss/articles/CBMijgFBVV95cUxNRmYyQXdfb1FpTXJvVVVEb2pXcjBZaE9vYnpPLXd6NHNMajlVcllFSERUaEZMTElDQXVEaG5DMm9QX1J4X2d3ZkJCS3dKYUdMQ1RJTGtGX3I1N1NiRE5jbmhBUTYxQXdIWFN2TkxwamlrdmZCN2xCMm5kbEJqLWRBM2ZDNWcyNnFYU3l1VUtB?oc=5
2026-03-12	Google	0.0	China, the world’s checkered trailblazer in climate protection - EnergyTransition.org		https://news.google.com/rss/articles/CBMinwFBVV95cUxOZE9SWWZ3UWJVYzNwSHQ1LTBOZ0JsSlM5bWRHNkZ5OXZKbW1mYW5meTdVbzhLUzBiUE5RMG5GMnQxaHFvUk1VMW5fMUppbEFVdHU4ckE4T3NEb1dyRDJ0eGduelFxQy13ZnBKWk5WOXV5SkM0Y1ZDT01Gd0hhVWRqd1ZwZExaeFk3ZzJNN3Q2ZmxpNjN5VTJYQ0NrVGl3azQ?oc=5
2026-03-12	Google	0.0	City Proposes $2.65 Million Program for Solar and Battery Rebates The Municipal Services Committee on Tuesday reviewed Pasadena Water and Power’s proposal for a $2.65 million solar and energy storage rebate program designed to help residents and b - facebook.com		https://news.google.com/rss/articles/CBMi2gFBVV95cUxOSlZkZFZLMk1XcldzeU15bXFQUWhZbHlJM191TmtXZ2NQNzFIbjVVamk1Skg4OVhCaFVzSWhLMWJNekZ0MmY5ZXU5SkJDdWNBRUZBVF9mZ182SWl5ZktwZkJHSnJ4MEpfeVJHUW9YYXRsLXhYNTRaQXJYeXo5a01UQXFoaUpJbXBLbWpjM2NhN2d2YkNkQnFLZkI4V0ZVaDZSakxEOTJFTGowZUJVazY5cGRCdjdXYW42ZlFpZVhieXljUzdfUzVMdHd5alZMMmcwMXJCY0FjWlRUZw?oc=5
2026-03-12	Google	0.0	Don’t buy the ‘green China’ hype — here’s Beijing’s REAL energy agenda - nypost.com		https://news.google.com/rss/articles/CBMinwFBVV95cUxQZzE1RmVFa01HQnhqbk02eDc0dWhySEhFZ05jVkZIRUlOaHR3QWlnRnlTbjZCdjhuNmZ5QV9FOTl0S0ZHTTZESDVlNEY1anFoMnVmUVFiSFNBUkEtYmhubFJMcUtCaXVDSlJCWWlnRHVxTzhDY0g3SlRsazNmd3o0X1V6cnhoczdERHNBWHRhbHdLc2QxenZ2UlNwWTFNaWc?oc=5
2026-03-12	Google	0.0	Easy-to-use solar panels are coming, but utilities are trying to delay them - Oregon Public Broadcasting - OPB		https://news.google.com/rss/articles/CBMingFBVV95cUxOUE9kNEQ4cnZmc0k0X1ZKTlhWWk9rVUxrVUhCbGhLRE5LSFFrMDhSbmF3RmZRTDNkMk9ua3BxVzF4eWxaOGFCSmpfY2VYQ0FFa1kxWjRNNkZBSXluaHotV1JHTFl6ZFVOZ3gwN1pQVWk0TDJzNzZxX1UxMjZGWXpVemVHNEswLUVCNmJLRVZ0aFY4YlRadmROdDE0amdsUQ?oc=5
2026-03-12	Google	0.0	Environmental groups blast Arizona's rollback on renewable energy - KOLD		https://news.google.com/rss/articles/CBMiogFBVV95cUxQbURyN1VCY0tURFVGVUoweW90T3lhQ0JLYlNnVmVhdktod0kzZVpXandjTHdFY0hHVWdsV0ZQQ25CYjg1cFY0LU1hcGs5Qnl1RUFuODZHZ18wTUhpdXZtcEc0ZFVWS1BjM2RwSnhwMU1HMTQyNlhYQzRWc3NZcVZFUlF3elNTWGw3WGNBYTRnY2l1LUZSeGI2enE2VFdVeWhPS0E?oc=5
2026-03-12	Google	0.0	Environmental groups worry Arizona is abandoning renewable energy - AZ Family		https://news.google.com/rss/articles/CBMipAFBVV95cUxOeEZ0ODkzMUh6NHgzczZBbFlFa25oUnNCTkY4b0JpT1RpbGVDX2UyaUY0ZGZRQl82MGJBMmNicWJCZU1FdmJQYVBxMElhb01VcjBTSkpaQ2MyZE1sM2Nza1FKVHJYQkZOa2hCdVRNRHNVekVFZlpIN0Y2MG5zcGlLY1dZb2FMRkRsd2YxT2NacmVwX2JqYjRKVUs0VWUzLUowd2dHX9IBuAFBVV95cUxOVjQxQVRaQVFRWC1ieGZrNkFCTWJpSlF1dElEak95dXQ2c2YxV1Npd1FJTzEtZTVybHVUaFlFT29qN25idi1RakFDNFZFdjFxekNibGZBeDAyckptM2dDRFFnbzVtLUhiZnRYMUlfT05XaTBmd0tZWUZCYW9ZOUQtU1I2bDhpY3lMYVBTUm9KSVFpcnBCa3VtN2FRTnZHMU1IcW1oa29QUVBWYndSbWszOUxUOFRyQl8t?oc=5
2026-03-12	Google	0.0	Europe Renewable Energy Certificate Market Size, 2034 - Market Data Forecast		https://news.google.com/rss/articles/CBMilwFBVV95cUxOSkhpZGtEb3d5NXFnOHkwclJmSE45RUR0UDQwTTQ3aXF5M1plWi0ydG9lVnFiZkxEakVnYjNkZ3NIc1lvbnh6UTAyWXpvTXhGV21ibnRjNE1OWDgyVmpTUTdUakpzWDFCakJONW1uT2cwa0lid0RUdUEzZjJoS0ZZQXBOVHY5a05MVmJ1QktQNDlaMkFwa180?oc=5
2026-03-12	Google	0.0	FES Caribe’s fifth edition approaches amid key renewable and BESS tenders - Strategic Energy Europe		https://news.google.com/rss/articles/CBMiogFBVV95cUxQWXFweURTLXpOZXRVTXJ2TWs5V3Z6Ml9pbXpUb3RZMlBkbU12VGRNdEMyUkFXVUk5UjBYYjhuVERLLVRGN0p6QkdJX3NvY0hnZWZKOGNVdHN2N2ppeExwMjFONnBXSU1HMnFMejM1S3pHTHcwSmRHNFAxak0tOEhERDlmWUlNNnNaX0ZEZnJtdnd6V3ZrU0JKbnFiTjlUU1NoYlE?oc=5
2026-03-12	Google	0.0	Fiberglass Sleeving Market to 2035 Driven by Accelerated Global Investment in Renewable Energy Infrastructure - IndexBox		https://news.google.com/rss/articles/CBMi1gFBVV95cUxQTWp3NVg1MVhrdlprc0pqLVJFVjZqMm1HNmgyS09zd2NnTmFoZkNPaHo5QmpnS3ZmeFhJNC1TcjNYSURoTTBuRWNWSDMxYjlBQnF4TXpMVTFyZW42UEJ3RnktcVpoUGRjYjRBVERTenU4bFhQTng1SDVFNzlhUEo1OWhnTlFJUmxXRVBiQ2JMT3cxNnJ4cmE4ZlVIc0x2b0VmUVpnUkVTbm0wTDJ5dWkwLUlCV3pCTHRHTVhKUGpiS3lWUDlxaGMzLU9Dd0ZpbHBoZ1pWNW93?oc=5
2026-03-12	Google	0.0	Fiji: Assessment of legislative and regulatory frameworks for a just and inclusive energy transition - IRENA – International Renewable Energy Agency		https://news.google.com/rss/articles/CBMi2wFBVV95cUxQMFEycUVTb3hfanJCRUozVmtKd3J0TnNteVB3ZHFYanpOS3MzcUcwQ0NsX2hpVkpTdDhya0pFSkRPYXpSSmowT0k5bHNkZU5hU3lLTHZTVGp2b1hsNnVYaktRdFBRTlZIVDJGUC1DSGstOWNBeDVpMkNVWFdNNlNwc3VnUG43M01DQ2N6UmRDS2x3TkxBMWlibTZ2R19ySUJfZjhKRGltM3dMR25uOTdhSFcwYXdmdDBQVmNyMUxYLWN4LUZZSzhOTkd4bmx2cElFUWJqOGFsWk9mN2c?oc=5
2026-03-12	Google	0.0	Gas price hike shows the cost of Trump’s EV and energy policy in NC | Opinion - Raleigh News & Observer		https://news.google.com/rss/articles/CBMiakFVX3lxTFB1X2dZTTFwUURDS2JoVUhhNjUxUWYtOFpyQzNzNkpmUExORnlVUEpoV280dURkem9mdVBuMTJZakdicGNYVHVnOFNQU1I1WS1reFJuc1lBdzVsQi0tSERZT1RjZ1hXenp6U2fSAWpBVV95cUxQMk94YXk5Wng1dXcxckc3U2VRbDR2cmxHck9nRU9iR3FSNEtRTXFzZVZjVU51ZDFCSzFNRXloUlJ2WVJRUjhFV2ljNjlvaVpBSENJaTlsejE3OTU0dzNCN2ppVHU3eEhSNDlB?oc=5
2026-03-12	Google	0.0	Georgia Tech Energy Day: Meeting AI’s Growing Energy Demands | Newswise - Newswise		https://news.google.com/rss/articles/CBMimAFBVV95cUxOX2NUN3F2ZmhLQ0x4MEVLWlhzM0NDYnpzX21uY0Z4TEpxTEtTeU1xWEprUE1OczlpLUhLeWpOcjJfaU9xZ0ZFMVY5X3RVZ1EyamhaV3pJNFBpbFlROTgtZWE3ZndRaUx2Y2RUQjQzRDdBajZUY1UySTdZSjJOQVRhZk5IUGlsdEhWOGVxVS1OSmNrVDUzVEhoQdIBmAFBVV95cUxOX2NUN3F2ZmhLQ0x4MEVLWlhzM0NDYnpzX21uY0Z4TEpxTEtTeU1xWEprUE1OczlpLUhLeWpOcjJfaU9xZ0ZFMVY5X3RVZ1EyamhaV3pJNFBpbFlROTgtZWE3ZndRaUx2Y2RUQjQzRDdBajZUY1UySTdZSjJOQVRhZk5IUGlsdEhWOGVxVS1OSmNrVDUzVEhoQQ?oc=5
2026-03-12	Google	0.0	Global Renewables Alliance urges faster renewable deployment amid energy price shocks - International Water Power		https://news.google.com/rss/articles/CBMixAFBVV95cUxQTU1oUjZXNVJuQnZuNWFibDJGS01KNXM1OTM0UGtpRlYxaVJ5VUpkX3ZKbTRLWjJlWEV0OVNkSnkydnAwWkRVUzVhaXJJR19fNGNZbl9xbjlDOEJ6VW9PLUEtS2NwMjRHdGhocXlUcldDd3VISW1FNC1ya2lCQjRwUV9ZMGRreDR0SVV3ZEtzR0tHMHNhajNLbzFGOUxmM09SVWI2YWZQd1JQZUpKMWVpQ0wwVHlfVUl2dzlJMmVIbWNrQm5N?oc=5
2026-03-12	Google	0.0	Global renewable energy capacity tipped to double by 2031 - BusinessGreen		https://news.google.com/rss/articles/CBMipwFBVV95cUxNVUg5dDh5Vzh5UjRkbEkzMk5DdTNoN2JGVktmRjZ0VU5JaXlXRjAyWkx3ZDNKdmVFbmdNNEZOTk1YMy1XY01NbkV2bWM1MEtZcE5IOGpodWJXNnFWVEFDS3Fsc0hFY2dYa3BQRzFaSHZtNTBKY2ZWdlpta2c5aW5Vajlvb01pVFdLY29zZXBKcXgtZ0NXTWpjTG5KRHBWZWJSZEpYNEQ2TQ?oc=5
2026-03-12	Google	0.0	Horseshoe Solar Energy says aquifer repair completed - Livingston County News		https://news.google.com/rss/articles/CBMi3wFBVV95cUxPLTBUQ3hMODczLXRRU0h1M0RkdDhrNVdaamZ2TUtuX1gtcGFHXzVUeDEyWlcwX20ybmhuREI2SnBCd1pYcjZ6SVlsU0lvQktfcGJsMHRzTDZtRlpneTdFaW1NbEtsZkNoWXViOUtRRjJ2UW1WeEVhbmx3WVRTc25XXy1iZTFiUmI4cHl2TW51MTZ5cWE3ZF93X0ZSQUVYWUV4VkRaMnFHNENwMmxPMUJPTnBYd253b0lYWDNkRTdkZG5JQl94T3BRSnh5cHZoby1sSUUwZXJla1dTZFhnaGxF?oc=5
2026-03-12	Google	0.0	House passes bill to rename community solar program in Hortman’s honor - MN House of Representatives (.gov)		https://news.google.com/rss/articles/CBMiXkFVX3lxTE8tNEx6cWFLb3lnTVhkdFFRSVFMdjJxdzZtNUlHcDNqS01VdFpFeFpqaURkU3E4ZnQxUnpxb242UVlxb1NTUDhBRVoyQjBnUEwyelUxdU1vYXc5V3oybHc?oc=5
2026-03-12	Google	0.0	How Middle East tensions could fuel renewable energy development - Insurance Business		https://news.google.com/rss/articles/CBMi0AFBVV95cUxNcVRuWHNOMEt0VDk3ZmZxcjBpRERudklpYlVnV0JxWnNOZjNPSmNvb3I1X1RoWDVmSFlJSzhLTEJ0TUlOaVZYX0RiT2tNYVNzTVBOaE13WFhCYTBPZUlrZThIRThoNVNkVTVhenhBR2QyR0VqNGNLZ0p0eU43YW5WS1JYMGt3eFgyQ19TcnVucHBYVkJQWm5aa29MUkpXaGMxdnp2Z0FpMGNKSkpha3FPalJmN0J5NW9GRmJlbEtfcWUtc3RiTk9DWlhaNzRrcllU?oc=5
2026-03-12	Google	0.0	How solar grazing was the path to sustainability for these West Chazy farmers - North Country Public Radio		https://news.google.com/rss/articles/CBMi2wFBVV95cUxONlVFSVp3SlVHNzgxSFNmV1J4SXBkMkQ3UGh6anExTU9UVDhibVlNXzVKQXlDeTd5ZjgyOW1kdEI2Y2tBMDNXU1NyZjRkTmdrOHBTUHJoeGUwRWpEVnBWZmRRdDB5OU10V3VnV0NDZ0F1WGNBWm9UbDE1Z2hVbTVmcXVFLUVWOEFSaGxQOEE4VjQyc3hZTFY3MFZwTkk4dmR4ejN1bW0xSnhHYzZYUjh3cjladTdsVU9VZTdDVU9RNHp3bDlYS21WemROX3QyNFhnRlNBTktZTV9DT1E?oc=5
2026-03-12	Google	0.0	ICMM: Understanding the Minerals of the Energy Transition - Energy Digital Magazine		https://news.google.com/rss/articles/CBMikAFBVV95cUxOa19oS0w4eGlueU5XVFdSUTlMWU80WTRxNGwxcVpxVjNteUpDaUNiUGd6ZTFma1FOUFptVThjQ2F6N3lHVS1lVTBwMUJoV2FpVEpZZE1PV0FsNG1ySFlmZmF6QWs0a1dWbUtGVWFWZnRSNnhhdmFMb00wYjdlSVZ4eUxRMENjRFFOenFXVjdlcU4?oc=5
2026-03-12	Google	0.0	Iberdrola launches Neoenergia takeover - reNews - Renewable Energy News		https://news.google.com/rss/articles/CBMiiAFBVV95cUxPQkRSbThnbVJYNkpnai1DNWtSVTFob01RaXNLSEVFU0VsV1V2clZFdjhiaVJtYTMxcDdGaThDcVQ2OU1EVV84enp5QWJFTDdBdEo5SndkSG1nc2liLVlnTUx4eGNuRE1pT0M2Sk1aSEJkUUtFSU1kMXAwZmo4ZWVQeExuSmJaTlF1?oc=5
2026-03-12	Google	0.0	In Battle Against Renewable Energy Investing, Texas AG Is All Hat — No Cattle - CleanTechnica		https://news.google.com/rss/articles/CBMisgFBVV95cUxNRkVlQ05TcTRrNEZUd1c5NUlXblJud21UdkxOa1loUkhDa2dmcGVCanVUQTRPUEM3M1VPS3Q3cVhHRWF0NW1HcDhsbGtBS0xrRmVuZ1BhYkY5TWNSOEJwV3NNSjM3dnBoM3E4MF9rYVA1cjBVRUE5SVZZVHhtUmlHQkVTZTVPaE1LWWFXZWp5SWtOWEFSd0ZZblA4MXp2cVBUVUxWczl3bVlMSm5jNGlwZ1Vn0gG6AUFVX3lxTE1CNzFuZTZsQ1V3OUJud3E1XzVZMHVyVGhIblRGOFR1Q2lhckQ1OWtxWEFDRy1Zb190LURmYmpwa3ZXd1ZMLUI4RW10bW1KbTlYSTZDOXBWZXNuQ3Q5RHpVcGlSamVMeThITG9teW9uc1lLQnN3aWQ3c0Fmb3ZFUXA4NXlsdGhlWGVCUXF2dEJ0cE1PLWR5LWF0UWgxeTRoUlU5bG5HczBrdV80ejlKSTNqTVg5dV90VGVSZw?oc=5
2026-03-12	Google	0.0	In Rural West Texas, Renewable Energy Brings a Windfall for Seniors - The Texas Observer		https://news.google.com/rss/articles/CBMifkFVX3lxTE1ZZjlRWkU4Y0tyVkV3OVBCUzd2YkdUTnd4bEZKRkFCejlUUy1PclVjY2ViNU1zeUdEcnotbGJoV0UzUEdycVZqT0xrbFAyazRhTjItWEN2M3FNS24wTzF3OVAtUng1Y2NFQ2lPZ1A0aFFuREI5bWlmRkd1VXI0UQ?oc=5
2026-03-12	Google	0.0	In rural West Texas, renewable energy brings a windfall for seniors - grist.org		https://news.google.com/rss/articles/CBMimAFBVV95cUxOdGJHcEhEMzNyVFNuT2VIdC1uNFBSVGRMRThIS0dkSnI5ZG9iM1k5U0dnOF8wX0Ixemo1Tmk3VURBMmNOSjZ6bXN5eHphd2ZfYTAyN0pVLVk1eDllaW9GU1VWaVlacEZMMkZpb0s1YWpQVXJrR2M1azVGaWlXOUJBd0lQQUdHNjVnQkd0REkwbTJGbl9sQnNXNQ?oc=5
2026-03-12	Google	0.0	Integrating Variable Renewable Energy in Kenya – Analysis - IEA – International Energy Agency		https://news.google.com/rss/articles/CBMif0FVX3lxTE5RUF9CcU5QTG5fZHJBNFVadGpOcFJXUWZia01WdVpfUHFBckdEN3NHMnE2LXRNRld1QjB1RFpoMDNuTjFYUFcxRXIxVEU5RG5KT05SZ1NrQkFmdWhVSHp4UVRpeHY2YXQ5MGYwSm1YZW1qRHY5MklXVVRaNFAzbGc?oc=5
2026-03-12	Google	0.0	Iran tensions underscore the urgency of Asia’s renewables pivot for macroeconomic stability - Institute for Energy Economics and Financial Analysis (IEEFA)		https://news.google.com/rss/articles/CBMiqwFBVV95cUxPYzdmR0RuM0JNb3p5bTRvcWowUFVWSFJ3ZmI0cDRycURjWHR6N2lpS2VpelIxSld0WjczUkszZ1VZeWh4NENadHp5aDN1X1pyaUZBa1ZxamY2TWlDMHpSNktXU3lNWU9jbGRWU1gwS1Qxc1VxeGFHbVNfSExRcmVEQ3pvV2tkYkFOV2VPYVF5emRWdkYzbUpLWmZGQWNFSm9zRExidnN2Yk01VzA?oc=5
2026-03-12	Google	0.0	Ireland touts 8-GW renewables capacity milestone - Renewables Now		https://news.google.com/rss/articles/CBMikgFBVV95cUxQaklJb3ZmdTU0MGxKQTliZWJFSmVVSHpvSmFjSW96Uk9QQjVyNk91bjdOTUg5RnRmS2daNjZYT2lLMDhwSW5xS0xJLTFYdFpQamJfVVBmcDRoc2JWRlF1MGxLcjZhYjF1S1E2ZkxHUFktdHRGLXhyZUR1TFMzVThzT1hFX0ZIZEU4RkozZk5MSWhVdw?oc=5
2026-03-12	Google	0.0	Legislation Introduced in Maryland to Deliver Immediate Electric Bill Relief and Address Renewable Energy Mandates - WGMD – The Talk of Delmarva		https://news.google.com/rss/articles/CBMi0gFBVV95cUxPOGRuMDZnNDJZdlVSa1BIdFo4dnN4Z3VtVW9SOVAxVFJUZW9veW53ZF95UlNUblZiUHU3NlNwY0loYnNFMHcxcVNKUzBrUUI1dmx0a0ZxRFRIc3JQM0ROMjhPZ3Z4ZGI5ZkxpdGpPN3kybElCcVl4YjNxbDkwdVlKZWI2Zlg4VDhZUWFtVVZKQy1XaHc1OUxJUkQ5dUN3aWEzeUNvQ05ydGNhNnlpS0w0TWZ4ZkZYWG5DTEdqTTlLQVlfdEdFbkdvNkVlZElMcHFZYWc?oc=5
2026-03-12	Google	0.0	MC USA congregations invited to apply for 2026 renewable energy grants - Mennonite Church USA		https://news.google.com/rss/articles/CBMicEFVX3lxTFBrOE0yOG1VQ2ZDZ3VjVXNWQnZxemlSMkRXZEJ1ZjNUQnpnckJGRmpBamJwQlVOejh2RkdlRVFMQWE0b0FQYVBpWVoxMGR5NW16cGY3LTY3Rmo1ODdtakcxcGUxcWI4YWxxZkl1cVU1WVc?oc=5
2026-03-12	Google	0.0	Meet PennEnvironment’s spring 2026 student interns - Environment America		https://news.google.com/rss/articles/CBMirgFBVV95cUxNWGdzOHlRSUlKcTZCcTNwUW9WcUh0OW1jRTFQMmZxNVVRUWNXUEl3M3J6Q2c3djJ0OHpXaGFZLUlwS2E1WFc2M0M4MU13Wm84ZHNEeGt6QTcxZ01pT0pDeF9Eczc0WVRpMFJuaHBuVldxTWUwc2ZXRUNRQ1pjRWtkNC1zTGViT05McUNEX2tCbm9jNjNzdnl1SmxSUWtQMFREVUl4Yy1PUTVqRkl2TlE?oc=5
2026-03-12	Google	0.0	Middle East energy shock prompts industry call for renewables acceleration - PV Tech		https://news.google.com/rss/articles/CBMioAFBVV95cUxOcmdRLXZlSGJ5T2NpVVZWV2tGU0I0R3FxT3VrWnp2TTJyVDZZUV9TRUlhNkZOQ2tMY2VnTGFnZE1sTW1PQnZVSTJOY1d1bGdVOUVlMUtNRDZKVGF2Z0hJRVZIXzhRWEd2b1dpZXJieXZBNWtXNUFOUTJ2VEZsZE15Skhha0hKX0FOdV9JeE1CZHdNQmlVa1pCVlBZeFFmVW5V?oc=5
2026-03-12	Google	0.0	Now EV Announces Expansion of Solar Panel Installation Services Across Additional Service Areas - Press & Sun-Bulletin		https://news.google.com/rss/articles/CBMi5wFBVV95cUxQNnNVTWt0Q3FPWjZjLWhnQkFOY0phZXA0c1gtNXhvOGpuQURlSjFOY1pON1JxUHVWTFZVRFlRUHFkM0tacVFQeDlaOWM0aW02UWVPbkZSWUcwdGlZZGtod0I5VnQtdi1tcmtlTHVhQ0hZckQ1QWpiX1NMZ0hJbkZaeTNhVmFWQ1hlRzhETExuLVFTTDlmM040WmhJUWtWSXZuRUhXV1FEdk03NVlCdkVsNGZmTGtzTmtCX1ZQejFsTTNabUtNcTNSbWxPZTE1elVRaVFYbGY1WExJMnJ6T3l4T25wU19WcGs?oc=5
2026-03-12	Google	0.0	Origis Energy Surpasses 2 GW Operating Capacity as It Delivers on Its Transformative Growth Plan to Become a Top-Tier Renewable Energy Platform - PR Newswire		https://news.google.com/rss/articles/CBMipgJBVV95cUxNNEtZSmprZlJ3TWNZOFlEbWpMbjZGUjljSzFxZkd0SDVKcUNJdjlVZlBuR3UtMVozV2s5Zzg0LXhGUUxqcXhyVnUyaTkzb2FwQmYzdU1ydThFVW42aXAxU3RkOTFnUUVMdFpaQU1sWDdUVVBLYTFqd1JHY3RwN1BLZjczTVFncFpkVHNBWThkVnNWWEstSmpyVUFTUHJGZ0daTklHY3FqcFgxMVZGT2hlRDRlZWg5bmhQNVNpMlMwUERpc3d3ZVZEY1ZBcDNsY2UyYWloTmRCalk0YktqVWFLZUFRYVBxREF6MHB5VkhpUzk5eURtaEcxMlJpX2dLSldURW5xTkdXdTR4Y2hJR1hkNUtaS2pQWUJFQnZXUGpOVEY4XzZCLWc?oc=5
2026-03-12	Google	0.0	Renewable Energy News & Analysis: Solar, Wind, Storage & Grid Updates - News and Statistics - IndexBox		https://news.google.com/rss/articles/CBMinwFBVV95cUxNZkhMZTZtbE5rTXpUV1N6TUFnYjhxYkhjR3FrWHdEUnNEQzNuRFRGWEg2MkE5aXNzWENtMFlCeWd6dXVZUEJ3Q2hBTThfZzVySUlEbmRoZVBsM3JTaVc5bXVoZmFqNlIwS3JRWXhjZDZaeTZmWmpGUE80bkRURHNIZjMwVVFOMWpuS1RKTXRITEVDNUdYVXhRT2xNWS1RVFk?oc=5
2026-03-12	Google	0.0	Salt Lake City’s EV Policy Protects Public Health And Enhances Standard Of Living - The Business Download |		https://news.google.com/rss/articles/CBMiswFBVV95cUxPSUZvS0p2Njg2a3cxMmJnU3B4ZkxiUXF5ZEVKS0VaVWNMZEp3T3FObXpjblJZSF9qYzJZUFJrU3BaWEJPX2kydWZFdWJJQkJGRWZmMTd3a0hIQ2FYZUs1WGFKTW9YM3R1TmtHWGM0eHpyMmY1bUZhV2VFTEZQZlAzSU9tellVTXBFSzJhZjVXZUJOQlQzMUdEdjhlMEZKZUhtVXN2aVdwNWpoVTk5RWFDUGNtcw?oc=5
2026-03-12	Google	0.0	Siemens Mitras Plant Achieves LEED Platinum - Siemens		https://news.google.com/rss/articles/CBMif0FVX3lxTFBDQko5OWtoRVNuZUQ1Slc3Ulh1Y3pkSC1DNjN5dmpQTkZjY1ZJODlXUm5FOVdWUkVTRVotdmFzTkpPTG9ULXA2XzVJVm0tbkNpX3FNc1hHT2NiOVR4WXo1TjgzaldmWEhscXBVU3RhUk9oS05PaldlVEgwMThhRms?oc=5
2026-03-12	Google	0.0	State House Republicans Spotlight “Project Lighthouse” Effort to Turn Back Renewable Energy Mandates - WKZO		https://news.google.com/rss/articles/CBMivgFBVV95cUxQT3JYcDJFcjhZUXg2eUdwV3dGalUwbmVHcVZfcW9xZVUzbmNpUXNBSGRGNWlpR1M1bjQxc1F4QUdTdzBpeWdsbDdubm5uU1hlYUpRRFdRQlo5eXNMblZCSmkzcWk5V3YycDdJUTJqbnZPUVJYYUhYbDBHYzYtS2psSy1hZ2dhUUNNdDBPVDdZWmh5RUR5dHJ6a2hIREw0aXlLQUVSTFl0cXFCdVpaQUdIWTk1V00yZnBhcUxiazJR?oc=5
2026-03-12	Google	0.0	The Iran war doesn’t give China an energy advantage. The US did - Latitude Media		https://news.google.com/rss/articles/CBMingFBVV95cUxPQ1l5YWtLcDhBWWljUGRhbnoxMFRhYlpTNUljbFVmaFUxOF95VmRsZFhEbDB6OGU4ZmR6TC1NemlXek5MQ2VTbVVKMjhEUGVIeVQ1S3hHQ2l2WHBSLXdpa1ZzTjNqemhNWGdIbGtVMWVBV0tvWDVUUW9yU1NMRnZER3NNcXo2Y0tVeVUzYUJ5UjdGMkFtdGNDdzl4cTZQQQ?oc=5
2026-03-12	Google	0.0	Trump’s War: Exposing the Lie of Oil and Gas “Energy Independence” - Food & Water Watch		https://news.google.com/rss/articles/CBMimwFBVV95cUxNQlZUTFZkczFXQjI1WWlqUnNmYi1tcW9XLVFvaWNXdk8xZzhrb3QwSHhsRXZwUlVTcHBwN2wwTVE3SjNwZDdVamh4QUxMdWc1RHRRSU1IdFhUUWVZUzJkdHowS082V1d2M25keG1BN3BTMENOSUUwc0dSNjNaNV91TFNIVXZ4N3pMQk5yZmFFSjlaMnNKaEtLTTJmaw?oc=5
2026-03-12	Google	0.0	Unlocking Resources for Resilience and Energy Savings Join Us for a C-PACE Info Session on March 18! - The City of Asheville (.gov)		https://news.google.com/rss/articles/CBMizgFBVV95cUxOUlRyV2Nsbk1wWk95VUcyTnVMUG1kdTJ3cnNSQUpvazhWVkJBWnNNTGlYVFdMS3FjcGVyLW1SQU5JczBRRFlndWNwT2pHeHRrY19uU0ZCQmRxOFFwRFN4SHY5ME00RU1FWVJENW9zRXQ1QUxXLWllSm9iZ04waTFCUG0yR3p1T2ZFSExNQkxRT1p0ejNSbmpJMXBWNC1GZmxFY2F2TWswX2wwUVRZcXpYYXRsWVJJbUwySVQ0QWJzaEhNVkFtcVlxeW9vZWl2QQ?oc=5
2026-03-12	Google	0.0	Virginia legislature passes balcony solar bill - Utility Dive		https://news.google.com/rss/articles/CBMikAFBVV95cUxOV2xkYnR3b0NxUEVSdV9qellzeWh2dmhRaXlOZFZyenpMZVhKT3B5MGxWaWZleEc1TTdjbEJIckprYndCWWFBTUo0enl4MEVxXzAzdnU0ZFE1UWRZVEhjVGdYQVN2R0JiNkxIbGtpT2t0N2lBV0VmbWNKck1QU1RHS1VpYTRBamNfUmFibEVOelA?oc=5
2026-03-12	Google	0.0	Westbridge Renewable Energy Corp. Announces Planned Continuation to Luxembourg - Financial Times		https://news.google.com/rss/articles/CBMimAFBVV95cUxQcHJ0YlRldWVsc2dSdXA1TUVuVlJNX2ZSWGh5SUtlWjRKUEg1ZGpYbFhhOWlpNnlpVFJRN2dMNEhkdGdkT1VVN2ZVUGlOWVZXU3Z1YzZhN004OHN4STZDaUpldWtsSlVJcFBGWEZzb0xlTHVKamVOTE9uMXpzUmtYV3ZXTENWRGcwc1pjMV9pTzY1YWRQaUxXbg?oc=5
2026-03-12	Google	0.0	Westbridge Renewable Energy Corp. Announces Planned Continuation to Luxembourg - PR Newswire		https://news.google.com/rss/articles/CBMizgFBVV95cUxQbjBqU2c3VkdielBFR1loVkJZS3h6ZjRGemlVdVdNTzRaS0lVUC1KaDBpcUNBeHFoTHF2SEdOdWstTFIybUNidWNaUzQ2TXZKVEMtR09oeFJfd3VfQjI1d245cTFwd2lsZ1FuTE9SeENuVjBraUlaMmFObS1wcG9NQXB2ZWdISU81UVJPc28yQ1ZENTVyVl83MUJWMkFkYnphT2ZURUt4VmF4TmlaSWVFUWJENHJMeUVZcGZ0QXlLQUozVVNDRkVYQ2JEd1diUQ?oc=5
2026-03-12	Google	0.0	Why Natixis thinks Mexico could drive renewables growth in LatAm - BNamericas		https://news.google.com/rss/articles/CBMiqAFBVV95cUxPQ09xc1JtM3RiZnpaY2p4VjE0MEtSaGMyaktqYWIwMHVQMkZhVjY1YWVYZGRrdFFpT3Q4T0tlV3NyazVRM0hmeVNweHpGZENoLVpMMURhZzdqaXUxWVd4cE9WZnZjVmtRaFRLZkhhbFl2ZEV1Vm9xX2JnWTc4Z1ExMHVHOE1GbmlyUTMzT29kSXlUeThGMUtuNzl1V1FGdkk5WGZXOUM5Rko?oc=5
2026-03-12	Google	0.0	Wood Mackenzie continues practice of funding solar and energy storage for Puerto Rico women’s shelter - pv magazine USA		https://news.google.com/rss/articles/CBMi1wFBVV95cUxOb1p3eDVKSldmZ0VROWdMc00ya1llNFV1amNUV2I0eDVXWDlCbTlBS0dWTmYzUXVObUhTZUJLYmNYWk5NSWxPNF9feHJwTVpUX1JCOUJmY1R5dXkzVWdxNXF6RUljdHZVVGRISU9kRmtydGV3eGRpZzZMLVA4UVVpQ0JJekpFQzdWcl9WdWIyNFAzLTlCWUVDUG1oWnBac3l5eVRaV1hEa2I2MmVRUUxHdktiQk83SGNKdnZKSG5wcEtYWVR1R25rbmhaUmE4Y1dQM0lIaUFBdw?oc=5
2026-03-12	Google	0.0	World Grounding Testers - Market Analysis, Forecast, Size, Trends and Insights - IndexBox - Market Intelligence Platform		https://news.google.com/rss/articles/CBMiqAFBVV95cUxOZFZhRDNYU2xxekVRWUg2UUt5SGN2aEV6UzNoRGRKT0Z4YUkxLVdsdXFBeDBqZEZab0lEVVdCbktkWTk4bEt0Y2t5eFhVYVMybTM2ZXdKdHc1T244VzBMN3ZVeXBSem0zRlJRTDhDZzBieU5ENkwwUEI5dmhHQmhacmtlaFFiMXdyNlNESFN1VkpNb2Zwb0RtaHpsVmQzZEJWeG1mWmI2bTA?oc=5
2026-03-12	Google	0.0	Zeeland Twp. considers renewable energy ordinance - The Holland Sentinel		https://news.google.com/rss/articles/CBMi5AFBVV95cUxQRGlTRlVISk9oQVdxbUhuTDRPRUxSR0I5V3J3LUQ0cmFKVUM1OWgwSlpfQWxzbmtjY19WSWk3R0dJOUtZVzVjbWRMS2pQdWlzdFJlYWtMSFBpNnVVY3F4OWhPMGtBQXFxQmh6RGZMRktBV2c3dUkyOGY4MjZKN3R4RTVndF9RU2JFUDc1U3g2ajU3LVFlRHlpamU2QzNIQUZEU1BmNlZxSWhfa2xtWVRSTDJUUHlXaGg1MnlnOWg1WGQ3eUZSaUJoc0d1dG9IaGdfWng0T0JrSk82dzFQdWZ3cGNnbzA?oc=5
2026-03-12	Google	-0.05	Undoing Renewables Obstacles Should Be Part of Energy MOU Talks: Pembina - The Energy Mix		https://news.google.com/rss/articles/CBMiowFBVV95cUxQXzd3RVZwaThDMUp4elQzM25kMkJna3c2MEI1RjRkTmRqZ2wwc2NmczZQRzltUndLcXN1TnlOZFFIWUhIbU9YbDRyc1g1cFlNdWFpOWN2akd6a1VOTkM3TUh3dlA2LUhwSUx1aE9BcFZwS1cwY2h0MGFDOVEyb2NmYlhkWk5ONEgxMkE2TkVEai0xMGtMQnFMdlFyR0tvQUUzSGpJ?oc=5
2026-03-12	Google	-0.067	Kazakh Parliament Backs Caspian Green Energy Corridor Linking Central Asia to Europe - The Times Of Central Asia		https://news.google.com/rss/articles/CBMiqAFBVV95cUxOYXhiZTBDcG5rLTdETXRVdWFvQVgwZzNkVU9lM1dyNVUyd3llV3FvQ0JsTGdHbnZseEp6cU9TV2xGdHQ3UWs1cTgzSEt1N19aTHFqSlRDel9lVzQtdTAxaDB4M0pHRUduZklnZ3pTM2g2SU9hUTFZcWJod0RPdWQ0bk1mNldqU2JBSFNtSmplcDJqd3QtSDRYVjFYTU1IWmhEQ1YtdHNCMmg?oc=5
2026-03-12	Google	-0.094	How tough should Zeeland Twp. be on renewable energy? Officials say very - The Holland Sentinel		https://news.google.com/rss/articles/CBMi2gFBVV95cUxPdjA5dGExOGtvMENGZUxJTjhsVEFoRF92NTNtVlFHMU91WlQ0bmZXTkN2X0dwR1VXWm1OQk1tU29RazhjbUlfdXh0SzNBOGdHajZWSnpjZkxGdTA0U01lSmRiMXpWdlBaUXpOU0dJSmh3TmNXc2xJR09OTE5lQlp2TXgxWmlfNXNwS1l4aS14cUFBVW8zdHlvekpCejZyaWZ4QlVxREM5RlM3WDJ2R2V2UWt4ZUM5cGpZU1ZRdnpwUWNmaW1KSHlrWHZxSU1RYkVjRENzSGN5a0ZQdw?oc=5
2026-03-12	Google	-0.1	Why Namibia's 'green hydrogen' dream could be a red flag for penguins and succulents - BBC		https://news.google.com/rss/articles/CBMiWkFVX3lxTFBfdmRrYy1UTHNXYjZNMm5JdnVUai16MFhlcGs4UEU3Vy1jdmJCRGNlT0dkQmZ3OFUwOHpJb2M4Qm5ZUnltMnNndmU0Y1JLX09VNFhKbG44NHk1dw?oc=5
2026-03-12	Google	-0.2	Burning Plastic Isn’t Renewable: Rethinking Waste & Power In Hawaii - CleanTechnica		https://news.google.com/rss/articles/CBMiowFBVV95cUxNQ1d5VVdnYXp2Q3h3Q2Q3VktvSnZHY0ptRTJSZ2FNV2FVeGN4OTl2NTVua250cEdXS3RnNTZmeW1WTE9WZVJmS2R3amptWXpFNUlyWk95VEZNUEtBLXFEUVh4RlFqQ3Z0c1lUaW4tMjhpM0tFaHFBQ3hsQWx2aE5QLUMzUTZHUV9DZGYyTUNYOVBkRWtNQWREUHg3YXp3QVVYTm8w0gGrAUFVX3lxTFBNQTJTSVJka0RpTTQ3MVZ1QzdqLWpuTzFpMmtVZ2s5Q1I2Y1dmaDFieHhhRkd6eHN2Q3FsVjN0aWlDT0QtTjJYOUtLNi0wSG56R0FOMXM0OWs3dVFMcEE4cjdlSXNDcndDYmRoM0pTNk9TVHh1OFI4LVZtZURZTExjWjAxU1ZtbUFTX2Yxc0ViVFJnYWV3eTgxWTRuckVwUThpZDNYckZ4NEJzYw?oc=5
2026-03-12	Google	-0.2	Kazakhstan Ratifies Green Energy Corridor Deal with Azerbaijan and Uzbekistan - The Astana Times		https://news.google.com/rss/articles/CBMirwFBVV95cUxQZXRLTmoxT0l0THZVMlEzeHdYWFNZVDFIX0lEU2JodzZUWWc2ZGVNWGJqanhXZ25lLVhZaHd5cXJPWmo3VFFfZTFxckE5NjBVWnhYNm9ESTU0Vko5NC1INEtiR2VpcVBINE5HeE94ZDUwLVp1MEp2WmlCU1ZHWXh5NmJOZEszTDdMN1dSZE5LNEdCQld2X0xaSHpvS1g4TnhvdDhiY3dLNUR5R2dpSU44?oc=5
2026-03-12	Google	-0.2	VSB Group Signs On-Site PPA with Sealed Air: Rooftop PV System to Supply Green Energy for Packaging Production - renewable-energy-industry.com		https://news.google.com/rss/articles/CBMiiwJBVV95cUxOU0stcDJMN0ZVWEFPS2E2UFI4aVZOdEwycGFsenJQbDVsUllUYncyb0ZDZUwwOFVkT1FobS03TGZ6LUFXbDR5VTFOVjVwYTlKN1BjZTh2QWhnMnd5Y19MMjdCUkVXUFBxeUlZd1VUVTV1M0wxOFJHSVY3UF9aV1liUDJ1UjhnSmZNN2xjc1h2UDF4Y2NndjV0Q0hjLTZKVDhDSFVDMTVVSUd6eTNNZHZGZHZjaElLZ0lJdngxRUZhLUxaTmVWYmZzT2Z3dVl1bW5hN085MEZlemFqR1RGWXRzWVMwSE91Rk9EVnR1TU1ieDhITlNWVVBXRjZzQjY0RnEzSXpoaFVObkVRYlk?oc=5
2026-03-12	Google	-0.233	Middle East War Revives Push for Domestic Energy - Crude Oil Prices Today | OilPrice.com		https://news.google.com/rss/articles/CBMinAFBVV95cUxNYVVaXzktNTQ2aGRIWmlhX1B2eTBCeUdQdmhsODl4V1d5S1NLdDFhWlFNcTZLSzVkRTF1cjJZX01iNDdobUxWZFloLThrN3d2aENpUDVsdTNrSGZ4eFpqU1hoNE5GaGZ2ZVdsQ2dCVTVXRXZTQUgxTExHUmprd245bGVxNEQtTFNoanBPc1oxeklEUE9PZDhyNDc0YXDSAaIBQVVfeXFMTUVJdEJFZ1BWTzlrU3Joa2ZoZVBrdmdaQXpETVBrelRpMnpURlZsZmtBbEZuVUZlOTh4TUc5QmJRT2s0bkhJOU5ndDVhc29pOW96THdVY1pNeGNBb0N6VEllWkJELU5CNXBLMEM5YjFZQU16UC1zLWxhVkQwTUU2WnljV29ycC1qZUF3RVcybFFJXzBiNzkya2pEU3NESlpXZ3dB?oc=5
2026-03-12	Google	-0.7	Residents frustrated over solar project proposed to go on farmland - WNEM		https://news.google.com/rss/articles/CBMimAFBVV95cUxQSjdWc0t4TmdKRVczUngyODFrSGx4RVF5SnBreGM3Z1dQdElnQVRnTVhwMVRUTlZPaDY4RnVkU1E5M2Q3ZnhSVDVZdEV4d2dETjNBZWNNenpseklKSlFBb0RIMFl5dFN3RW1ncklDT0JpaHh2bklXSlNUX0VnOG9SZ09YMk1lXzRVVGM3b1Jpc25ISnZhUnUxctIBrAFBVV95cUxQbkFVckZtQXdRc0dNSVR6OEl1UlAySGFUOGlzWHFVRlBNWXZIa0ZsYVc2TDNuX1dHSUg4ZThCWkFzenJEU0JCUjBjY3daVUwxYmNkQ29sV1I2cGdtTGxyYnFyQlpyNWJONjRSNGxyeUlRNmw2X25aODBja0pybEhzdzVKYkZOZTRQX29Fc2w3em5MV3Z3eU1jYTEwUWN4MWZlS1FiVzVCMTcxXy16?oc=5
2026-03-11	Google	1.0	Best Renewable Energy Stocks To Add to Your Watchlist - March 11th - MarketBeat		https://news.google.com/rss/articles/CBMiugFBVV95cUxQcWlRUzViVkJvVDgyajV3X2N2ZjlVTlo4ekluWWt2cXhiM1N1QzRhaFhIYUVDeUxSYU9vVmVLMG5NelFEVmQwVnVpVnZJRXJmWkU1elZXd1pBNXRqNDNfZFFIV2ZvNDI0NzBmQWY2dUI5VE5uMXBpVTUzOGFyREhfYXdKd0libl9UUWVSbTk5UUpRV2I3VkludERIQWUyaXFpN3hYUmRQcWVDcWx4WnV2bHZkR0dPdWYwWFE?oc=5
2026-03-11	Google	0.8	Federal program can help nonprofits cover costs of clean-energy projects - Great Lakes Echo		https://news.google.com/rss/articles/CBMisAFBVV95cUxNNG43TXNFSmo2UWtSTmNsd1UwTVFtaS1sT1E5UVY1QmQ5X2llbFBBOVItQklYMXB6VnVkRmhnU0ctU1VxMUNCOGJSVWQtbG5waXN0NWRQTXk4NVFOVl9GREV5YVp0a3o4UzExVzBsRWdtM0NBd2dpNkVMT3VzSlBSSFRVLUNNbVlJUkt5alpzS0hfMTllallreFppeFNyMXRsdnhoMVlsTjF2M01qaUN3Tg?oc=5
2026-03-11	Google	0.6	Where Will Brookfield Renewable Corporation (BEPC) Be in 5 Years? - The Motley Fool		https://news.google.com/rss/articles/CBMifEFVX3lxTE44RHVtRDlaUDVsZ2s2QTdQbGJFWXVlZENoajc1RmxxTnVGRmhtM2lXZHJDQjJGWkFFVGhXcEhCYWIweEk2TU9NNldBbzA2V2ZnNkk2bGVmczNJVmtLb3JqTHE4Z2xZT1BiQkpza3JyWjkwQjA5TDFWM0EwNnY?oc=5
2026-03-11	Google	0.5	What’s driving the latest push for solar power in Arizona - AZ Family		https://news.google.com/rss/articles/CBMikgFBVV95cUxQU1lUZlY0WDlBcVcyMk5nd19HbjhUdXltZmRFcTV3ajlUTTRzcXlPc0l3UEE4SW42Ym4ycFBrUVBZMHBrZ1IwQVpETXV5eTllRzRUUGZ4TUFmNDdpaEFmMm5heENnTHduakRqSlk4bVp0d2FIaVdUbnZaX0tWMzRRMGp2UVBrckdDcklPMl9rXzJQZw?oc=5
2026-03-11	Google	0.367	Commerce awards $16.8 million for tribal clean energy and resilience projects - Washington State Department of Commerce (.gov)		https://news.google.com/rss/articles/CBMiqAFBVV95cUxNZ25iNFR2R3FoM0dKczQ1Q3hpY1Y4YmNlSm5wRkNSU3U5U2FkSEpIYXBVQm5oZUpXU1g4MHNkWkdud2Q5X3RBZXRrb3hFRkJUWmdpWFhYbTFxblR0NFpFLXdMTG12Um9OeEdUaG1DUFRyaFZiQmdiVFZyTWxISU5MTzlNNFMwU2xxNmhBUjRKbHIxeTRyYWhxZGZPeTBpWV9HS2JCdzlKYXA?oc=5
2026-03-11	Google	0.367	Foresight to Acquire NZ Clean Energy and Invest $360 Million - Bloomberg.com		https://news.google.com/rss/articles/CBMirwFBVV95cUxQQVJZSG5rZXRTOEhzTlNEcXhxU0NwZFgxU01BQTNjeG4tOTVHZms4VXUwWEtWTlE3c0JLbWswd2lZMzZFT3Y0V0pZYllTRXNBY0hDdXBTeV9NNWU5M2hhNTg1N3Rfa19MWWtCSVp0dFdhSFVTWTFVME50bEljdlpFX0hqalNIMlFsUTN4YkZqcmNqMV9Xd242a3lSNEJMVEZxeFliQkJ0OThpejg4YkVv?oc=5
2026-03-11	Google	0.367	Massachusetts Finalizes Clean Energy Siting and Permitting Rules - Foley Hoag		https://news.google.com/rss/articles/CBMi4wFBVV95cUxOb1RGQ3QxYm55bHZQb195Q0o1TUlzODBSUVhtTl95WEgxbUlMTnFvTkJlenRPR2JhamRRaHQ2M1JsdEIxb2dteXZVMkY1ZjBMLU1MOEVaWEV0N1RRM3ktNzhodHNwN1NKRXdXM19kb2EtNUJJdVpaSzNYbDJPWVUxN1I1cUxCSDU2SDQ3UGFpbG5NUGEyejN2b2RGSWRsRGlDYThHOTF6MmhZbGlCMTJHQ0dFcy1CVTdfZGljSUZjb2paZjVPYmY5NWVVUmU4U1JUbHBhRE1Cd3g0Q2JydlREY1R4bw?oc=5
2026-03-11	Google	0.367	RWE brings online four BESS projects in 13GW US clean energy portfolio - Energy-Storage.News		https://news.google.com/rss/articles/CBMipgFBVV95cUxQd0hiQVZsZmgwNlRWMzB5ZDRGTFBydlZjWG1DRHEyRnd5UjRpZ1BIYzRNLUItMFBMUXl5alQyemNMV2VKdFNWOU85amhUWU93M3h2ZUZTTFZVOFp3LVQyZWJGY2FJWnZIbHhnbjd4MXE0NHRnSFc2Wm9ZczVTQUt0QzNyd0NVUy0wdjRCQUdXZThJMVVoVktYbktWS2lyemhKbnA4bnpB?oc=5
2026-03-11	Google	0.367	Wind Power Generator Market Growth Fueled by Onshore Wind Farms and Clean Energy Transition - AltEnergyMag		https://news.google.com/rss/articles/CBMi2wFBVV95cUxPZG93SFF2eEVrRDdWbmliTGxzVDRSNHVYUHVnaGZpZ2dLZ2I5bGdicF9WQ1QtekFEdWZFQnBlWURHMkc4aF9DLXdyTjRzcVhLRFBzSXJ6SFg4cl8ycWhLUVAtRHFHM1B4SU9jWjQzTmhTM2c2dzRJNGNDTGZQWl9uRUxTNktmcU1GUWZwNnBfakJlU18xZklkTWMtdGpaajVfNzlMRWRHSXQ5V0tVLU8xd2dyWllaelYwblFpcC1FOU5vSVpnTy1OaHZqWUVxc0lKVk54XzBLUmpCZ0U?oc=5
2026-03-11	Google	0.35	Montauk Renewables Announces Full Year 2025 Results - Yahoo Finance Singapore		https://news.google.com/rss/articles/CBMikAFBVV95cUxQc2M0V09DLVhueE0zZC1NZHdnc0VZUVVrWHEtZlhyRGNpVlFkbXd4NlRSSzBTUEtLYTE2bnRSNVBvRi1Ic2g2SUJSYjEyZTdHS3Zpc0RiMUxKcS02TGo0RnVidWZCQ3l3aV8xTVZlT3VJc0YxQjJKV3NEY1ZOdzd4VkZscUtOejZ2WWVyWmFLcGE?oc=5
2026-03-11	Google	0.289	Analysis: Why clean energy will cut UK gas imports by more than North Sea drilling - Carbon Brief		https://news.google.com/rss/articles/CBMirwFBVV95cUxPVktmRWwtZnQ1SXNnU2R1YTZVSFkzNDJPOUR3dEoxVTFwZ1AyN1hhVkpGRzdxNkpJOFZEd3ZOamRNT0JjbTFZYzdHWU9GV1lnMGdnQkFYNGtUR0s2X1NRcS1UY3k0ZmYwR3JVMUNxUzBVT1A1c2tvUGg4SnBzU0loVDZWcUcyb252MGo1dGNWOUN4OXUwSGtWQnhaZFZTa0l5bkpxSGpuY2hSamxSdGMw?oc=5
2026-03-11	Google	0.252	Iran Shocks Could Spur a Shift to Clean Energy — But Also to Coal - The New York Times		https://news.google.com/rss/articles/CBMihAFBVV95cUxNblZEUzEzZldYV1VkVGRYNHV4em9vYUc1QVBlV0w2dmszRTlBVVJxNm8yZVF6T2owNzJ5MkNGMDBvaUFVZ2xFdk9NeHd1X3BSY0gtN0hpNG9FLTNDOEpDVXdJWHdJNnduVUExZXNJcXg3dUNiYXQwQ1dwN3FVaFZuTjJEeFc?oc=5
2026-03-11	Google	0.195	The Iran oil crisis has proved Ed Miliband right on green energy. But households still need more help - The Guardian		https://news.google.com/rss/articles/CBMinAFBVV95cUxNQUxQUFZIV0tRSmdIbEk2eDBzU2lRU3U4X0JVSkx1X3RENWItRkJacEpGcnZXUDVTNG45NXhEbUJsRVF5anp2RjltM2FoRXN6Ylc3Z0VfaWRIYk8zQmdBZTVYNG8wdnV6TGFMaVRRV21WdFFSemRzLXQ2ZkdSTTVENnVfZl9vaDYyT3BCd3RHeHc4WWJ4cWVBYTVtOGc?oc=5
2026-03-11	Google	0.183	EU Clean Energy Investment Strategy underestimates barriers slowing renewables deployment - IEEFA | Institute for Energy Economics and Financial Analysis		https://news.google.com/rss/articles/CBMiuAFBVV95cUxNcnh4MDA1YVhPYVhnZEVTZ1drNEc5WjlRWXNFREptelpJbmlhNUVJcDF1OTM5dUREZVBqeHhZWWFCWEdaOFRLazJMcXFhR0ZuU1lwNEk1T2hzdEVOYndBY0o0WVd5dnRTdVFxTTNrbHF3RGROOGwwSjdBa2dGb21MU1pmcmdpWndxQmFNcDBMVWlZUWU0MVRlMXVJNTZSRjVhVDdrZ29CRnZSU1dfUDlGeVAyM2J6cy10?oc=5
2026-03-11	Google	0.183	Industrial sector and Mexican states demand a transition to clean energy amid the USMCA review - Strategic Energy Europe		https://news.google.com/rss/articles/CBMivwFBVV95cUxNSmJ3ZUJkQnZyWHZmQk8wd19xOVBSOXJCeThuRFRDTk9KMFNGQTBZRzVoSVhuZl9xeWtOZVlMZV8ydXhsdnpjTDAxSDZJdXpqOWVmYmFUXzg4YUVaTl9iQUsyQnMtcC1DVVYwWllxb2p3Tk9RLWlleGlLZzBLS1M0V0otUDJWMXMzenRaWWFKV3NlWGhUVXVIa1RkdE1iWlJXVHZibW44OUNscTRIQy1OWktIc0ttSHNQY25xZGUtZw?oc=5
2026-03-11	Google	0.183	Louisville's next mayor must make clean energy a priority | Opinion - The Courier-Journal		https://news.google.com/rss/articles/CBMi2AFBVV95cUxORU5YQk52ZXRsOW1HSW01V096Wk9BX0RPcEc3YW1HTnRjTy1sOUxZVmNGMW5feWhlRm9PYXZPMFhFX0hKQmdyOFBZdkNndm1NQWVXREdnU2JzZHppVVkyd1cwUEptdlQzODBQcm1FSDlLa3N0cUg1WElIUndud3hyVjMwN2lJcDNYa0tyR2t0bXRJUVU2NWhESDJFUEM2Z2pQVTdNVjV0Tk53UTlCZEh1bGtsS3N5QWJ6Qzc4SmVISWRwZk1ZZFlWendPSEhJTERxT2ZHVFlmbm4?oc=5
2026-03-11	Google	0.183	Western Australia unveils AU$153 million clean energy loans for manufacturers - PV Tech		https://news.google.com/rss/articles/CBMiowFBVV95cUxNOHF2Nno5S2ZReEVNbWFoTE5IWG1CQV9xUzdkQldGUmdtTnkwb0lEQWJBb09nbU9MODV5Y0liZWVDbzIxWVlyUUZ0M3lUYkpEYUNvUVgzcnZfekN4RHN3c3lUUFdFTFQ5NlJ1NWh1V3hpZ0NGWjctM0tpcGhlRjF0dHhHYk9JdFU4TEtDbHdYTGR3ekxwYnA1QmtLSmZwZEw3Zldv?oc=5
2026-03-11	Google	0.136	Michigan power shake-up: new gas plants, 13 GW of renewables, lower bills - Stock Titan		https://news.google.com/rss/articles/CBMitAFBVV95cUxOSWo3T0RKdFQxdkpDd3gtUWM5aElKVUZncDB6Q3V0c2k2R0tDbGdiQmFuWWhIMmRuZkVkZWFJR21iV0VxUFpnOGFhQVBqY1BkaWNkSFdKMGZ3dE1mX0syQjhubjhDdHowMGFGUFZPLUdwRkF2UWdlMGRlUWxBME4tUzhiY2RuVzVKMUR6cGJCTnJDN0JxUWZoYXI0MEVMSlFZWlB5RVdOWU01Z19MSTg0OEM5c2Q?oc=5
2026-03-11	Google	0.136	Why Texas Is Outpacing New York in Renewable Energy Development - Governing		https://news.google.com/rss/articles/CBMiuwFBVV95cUxNemZKVVRBZUlqUjVwUFlWMmNlUXhVWkNtUS15MTY1Ylk1am1BMUs5RERJVkdIZmNOS2MyMHRpMXh3cnY0bDdGcVY4aEQ1SHUwc3g3elBQVWNkT3p5eWFVdWZzZjFlYk0ySEJ2bXJESERjZjBqUlM1ZHVTMDl1eDU0cEpyMnktYXJDV3JSa2hFeW1OR0JSb2d1RzdfQ055cktNV2pVQkdoWlUwMlZxNndIWG1MUUVLdDhMSzZ3?oc=5
2026-03-11	Google	0.1	Cape May County MUA combines with Waga Energy to upgrade landfill gas to renewable natural gas - ROI-NJ		https://news.google.com/rss/articles/CBMi6wFBVV95cUxOQUZjUUxhZkYzNmNnSmVfTWpISV9jdEJLTHg1ek5kZTRvVWt6WkdDeV9GQk5nQzN5dl9nbVJZSDMzZFllTUJNeG5BZTZhd1pJR3BDWkQ1Vk9Rb1NLSkc4WEVWdDRvSTJWMlBzVTNtczNDY3Jabk9lWEYzdmQ1TTBuSXVaZ0U2cG1wZTBmV0NwaTU2SzlheUZNWGlxdkN2X1JncjRRNzFEZmx3Q1h5WTI5bzVzZGFLTmc4ektEWTRmV3FzTkoyWDBjS3FrTUUtN09kMkNnbUlUbkx3bmc4LXlUSnhyU1V5OFpwSHdV?oc=5
2026-03-11	Google	0.068	New solar installations in Nevada fell dramatically in 2025 - Nevada Current		https://news.google.com/rss/articles/CBMimAFBVV95cUxNTXE1LWw0bTZFdzIxN2tOWG9hYmFfMDJYb2UxYUI0ZE5CSVR6WTJCR2pXNXdjWThkWmhHcDlWTGY5N0YyUkxJNnJqUTZHUm1Ec0JuejhNcTREaEl1V1hmbE9aakVNLTFWRzhTZnBxMVNkNTd2MzFoV0puZ2dNeHRRTlZHUXdydUszSEYyZ3F4X0xTNVJwMjJBSg?oc=5
2026-03-11	Google	0.068	Southern Energy Renewables Invests $1.4B in Facility - Biz New Orleans		https://news.google.com/rss/articles/CBMihAFBVV95cUxQSTRURmpKdTViN3BWcjQzNC15dmROZEp1OE9kTU5RZXNwajlvd2cxcDJFeXNJN2NUaGV2dmVvYUticUpIYjFpaW80Y2JrWU5OdjNhWFhDeGNlSWR1U1dYWTYyWktfRXRiNFZibkk5UHJGRW1zSzZxYzBJZzBrV3ljYTNNTlY?oc=5
2026-03-11	Google	0.068	Southern Energy Renewables plans $1.4B fuel facility in St. Charles Parish - New Orleans CityBusiness		https://news.google.com/rss/articles/CBMiqgFBVV95cUxPQ2l6aWNfNENXTnBxUFVkRDFaOUtvRGw0Nk1DY2xDS0owSllfUTRPc3duMDREM3BtSVNTcE1fMDRHd0hWVTRVcjdPaEVQaENTeUViQ094RFB2WXJYdEl5dk45X1doQ1JHTlFsLVRrNjBhNkE1NWdEQmtzdnhFRUVsUS1raHdMVmJDcE4zMFVGYUx2ZDUzQVRoekFFVEVnbEx6MGRkNzF5MUNzQQ?oc=5
2026-03-11	Google	0.051	New York opens 2025 clean energy procurement round expected to accelerate large-scale solar development - Energies Media		https://news.google.com/rss/articles/CBMifEFVX3lxTE1xbEZGM1p0UWpzVjNoY295SFpwdDZSTS0tYVlDUkFxb1JUd050ZHBoWWRZNzhfbWh3cTE0SzlIXzg2NFh1MGpUMFI5RmVrZ0YtbmVxek5acFBVRGZ1cXp4cmF1NEE2MWVqejdZQm5Nc3ZfWVpycEVJUW5acEc?oc=5
2026-03-11	Google	0.05	PRESS RELEASE: City Offers Grant Funding Up to $25,000 for Solar, Energy Efficiency, & Lighting - Indiana Daily Student		https://news.google.com/rss/articles/CBMidEFVX3lxTE1IQXZVNy1SV0tTd3lxeEoyNHFoX3kxVEkzYV9HMkpidmoxVHJlSTJtVlZaeV9VYzgyXzE4TVBZeUV5MW90N2VTaWp2WnBhU2NFeWdNdmdTa3JkZFFrc1dtcUpsdVZGUkxxX0ZZSHZSdnh3QWFS?oc=5
2026-03-11	Google	0.0	ACORE announces 2026 Accelerate cohort to advance digital optimisation, distributed solar and grid innovation - Energías Renovables, el periodismo de las energías limpias.		https://news.google.com/rss/articles/CBMiqwFBVV95cUxOZ1dua1hTc2hiNDBoSGVGdVg1OWpYUWY1eUxYeXRPSVBOMWI4ZDJXaTFfcUp3SmVHbGlzaTNjNUVmZm9SbDczZGhOYktRd2U2MTBiWEljc0lvR0tvWjM0Q2hsZ3VhOUk4X2RvdlZFV1NMTzZMTjR2UWNZaGNDWG5FcXN5cE1wVElCdDVINFNQalZVcHl5NVBlRWlPNWJOMVpTTFFBN0p6NXFpRW8?oc=5
2026-03-11	Google	0.0	Alabama bill that would pause solar power development passes out of committee - AL.com		https://news.google.com/rss/articles/CBMiwwFBVV95cUxQYm9mZEZESkRUalp3Y0RUTGNFeF9ta1hSOFM3cWlmUWZnOU5HaG8zZ2dsZ29fcHE1c1J2TkV0MlF6SkJna2UwbXo5Sk1JcEhZM1N3LXMxVkhKNkZTcWt6dDdDZ3RDT3d6TmxYbHB3TVAxbjFzZ3RUaGlJakl4aFFMcDlBeE1KXy1STzlucWlXNGdPTjFCMGVmT2ZUeDV1NzJBWERMLV9ReE16MzdKY3h3SDQ5cmk2aDJJN05RUTNZZ19zMGfSAdcBQVVfeXFMTTdHLXB1OEQ5VUpGZlpJQU9Fd2ZDN3ZKNnFYVUhEYlQzLTdlTkRJSlI3bmlLOXRJQ1k0NVhFc0I2RXNhUkRPZFVGRVhCZUIzWXUxbUtPZnZLSDhpSEQ0ZWQxdThBSlBFRVp0Vjl4bFNYZHRSQ29WT1JiY3JuMkZibGx6NUFSMGctZUpQRnF6amIyeWJLTDdGLTNfTEo2a1dVeWhLOW9EcXZKSndqcFk0ODBRU3cxWFA2S1ROY09yejNfSWJ3czhxaXhfemo1SW9NWHc5TUNSeDQ?oc=5
2026-03-11	Google	0.0	Alternative-Energy Funds Are Soaring on Increased Energy Demand - Barron's		https://news.google.com/rss/articles/CBMimgNBVV95cUxNQm9OTWloVmptcG55VnlUeDBISEh0MURtOXdCamtvclZybVEtY21MQ3hRcTYtQk9CVjBPZzROcnlzdzE1OUk4cWRFYmRSdGNSeEVTWkRCbk5QTm92d29NcHVGZzJjcm1PQUtpbW8xc19lU2hQczlJMjdXckVhSTdoRXZRWTFjQ2t0U05CdGxPQ3ZWQ3U2U0Zka05BQTRLNFVFejFQUjV1SXlNeXd3ZDgxN3h4SDBNNkNtZWQ2MFRMdUtQZl92QWlWVGpfMEw3dTAzYWVKa3BsSE5mLVJicGNWRk5oTGlnYTU0N1ZzTHRsYkRXOTBsSERkbkxkcG9ZT1JKalhYdHJJWHFNaHZVMUNPcE5GaC05UDRhR1gyUTRZM194X1c0VmJNU2E5dTZCb1M2cWRaRnM3bUhPa19hanUtaUd0eTA0bF81dlBiV2JlX0JVWW1EdFFJZDR6WXVxb2VMNVJmR3BlY0FUdGJfWWFMeVEwd1dGeGFTNDRGNDc5eVJMNjZMc1Njd1U0aXFPTllXVkxoQ2toeGtuZw?oc=5
2026-03-11	Google	0.0	Amazon may be the owner of Oregon’s largest planned solar and energy storage project - Oregon Public Broadcasting - OPB		https://news.google.com/rss/articles/CBMiigFBVV95cUxNTE43SkpQalpPS1NuTXlNZjJsNXVwbkN3ZlVUdW16RVE2X200bkp2Z0Z1Z055cEZIcDNUZDh1V0c0VjhVQW1HcUFjcFBSZzlFUzcxOXR3d3FXQXBkV0JJYkdZNl8zb3dqdzE1RFhHLTFxUHpIaG01eU1TT3lRS0VxbkZ0NEFjaURITWc?oc=5
2026-03-11	Google	0.0	Amazon, Nofar close Pine Gate deals - Renewables Now		https://news.google.com/rss/articles/CBMif0FVX3lxTFBtazFHeEwzeDRScV9tRjlVaXdsMmpKenhHRXF0WTdTc3JVdVFaRTBDUEJOaGtZaFZEeVdUc3R2dkYwUm9Lc1NtM3BHYWxYYklwTGJVTW9mWFhwQ21RTnB2d0hZNDZSX2ctQkpOckM3Nk1NOHpYWWZCVWlDUzBUQzQ?oc=5
2026-03-11	Google	0.0	Arevon Closes $920 Million in Financing for its 1,200 Megawatt-Hour Nighthawk Energy Storage Project in California - Investing News Network		https://news.google.com/rss/articles/CBMi1gFBVV95cUxOQVFfcTF2NDRUdm8yMS1oSkFTaXpoUU1sU181bVhhUmt4V3p0ZktKWnFFeFlEWUJZa0tKVU1lZ2hxQjVzcjdnQ1NBZXlQX3JOX0wxWXF0RmZtSXJISkc5TVFleEVmN3c1N3ZvcWp1WHllazdUbVNCZENUZ19jRWZCRXZZRXBja1R2em42bUd4MzZ3S1lqOWpsMDF3UEQ1UHNSa1ZMVEhuS3dvZFRSYjBIS1JIVTc4cThUVTE3cGN5MDEtNktCUHZfVGhaX0NZOGhZMWFXeXNR?oc=5
2026-03-11	Google	0.0	Bills to Boost Renewable Energy, Create Jobs and Reduce Plastic Pollution Pass Committee - Colorado House Democrats		https://news.google.com/rss/articles/CBMiwAFBVV95cUxOX1pDMWF3YUFYY210T0RWUUlKc0VFOU95a2VhZjFKbmdjMUl6b3RBdzlISnJIMEFZSkNjVjhENFdGOVN1R0NaNWxLWHdiaHVMVUk5aUNGcWRnWUZNSXRFZU4tR1JjTmI4Z0FBazRkdVRsTlJaNDN4dkUtOW1fRUFuX0ZqWDZQclRZVXNlN21iU0xvWl9ZNm14NDRXUzE3V3FEY0psTHo2MUUweFlvYTljMVQyQ2FjbUluLUdVR253QlE?oc=5
2026-03-11	Google	0.0	CMCMUA, Waga to partner on renewable gas production in US - Renewables Now		https://news.google.com/rss/articles/CBMinAFBVV95cUxPNTdrTV9uUHBTZ3ptX2h2TVNpOHlXa1pFY1NFUGJrNFY4cWVPdExfU3pBXzdwSDN2ZXhPeDlZMjU5LUhCamRSbVpRTU5hRHAweXlEektaRkZFd1JKc3VKN0NYYVY3bHRNUXhwR0NBRWtBS080d05VSkdBWXN6eWczUjRiRHhWUXdtMUxZaE40TlNCMjMtNHFWdXdFanM?oc=5
2026-03-11	Google	0.0	COMMENTARY: Iran War Shatters Trump’s Case for Fossil Fuels - EnergyNow.com		https://news.google.com/rss/articles/CBMikgFBVV95cUxNakloVURUYUxtTzBuY0tSWW83RTFLaXZZeTZiVU9nOGFiVzhqYUNZWWJKem0wUTNWNm1SNVE1RnVGaDZ0NUZnTlRRZUd5YnlpZ20xOF9CYWd6akdsX1FwWVFfa3ltbklsSVpoa2ZhdEdrQkVkNXFqeklLX1hKYUtKdGhhc3IteW9TZ0RPaUEycDJ0QQ?oc=5
2026-03-11	Google	0.0	Consumers Energy Unveils Electric Supply Plan to Keep Energy Reliable and Bills Lower - PR Newswire		https://news.google.com/rss/articles/CBMi2AFBVV95cUxQcVdPUk4yUl9zXzk5VU1xZjEwdXNmcXp0RVVRWlNjbVZNYzdwdkRKRHFPRmQ2LThIR0VFZGlieExhR0FSNmo2c1k3bktRaHlZNUhpTXhHNUQtZWsxblZrT1p1aGp0clRKeUhmbUo0b0hLRzZTeXExNENKYTBHeUVpMThsQ001ODNZUmsxSlFXdFppX1d3WGkyWC1hTDFNMEh0Y1Y4N1d4Q1p2YnhxYm0yaGhRYTU1Mm5hczZpU2hOY1pVUkxWcVVNNTRNeDRBTC1jVG5EakQxY3g?oc=5
2026-03-11	Google	0.0	Consumers Energy to seek approval for 2 natural gas plants amid data center proposals - Crain's Detroit Business		https://news.google.com/rss/articles/CBMif0FVX3lxTE9OTW9SenFEREFqLWVhNUVNVzNzZlNjajlQX2M5U0ZBajBZa0ZCZlhmTWc0d1RuSWczei1pTzRJek92Q3ptc1NzUURmY0RUeGJEd3ZMUkJaeVFQNDZfbWtmbmE4ZDlSS19MT3NXZktGbm9jaHltZy0xc0NrNnVRaDQ?oc=5
2026-03-11	Google	0.0	Continental Phases Out Coal, Fuel Oil in Tire Production - Mexico Business News		https://news.google.com/rss/articles/CBMinAFBVV95cUxPZ21MZGg3QTNBQnUxQlhwbVJCdFV0WmZmU2dqQ0ZXSzV3UDUzWlUwelV2YVlyV3pFbkZxd3RyTGlRRjl1TTNQbnVaMDJHT2Z3bmljRUpoU3Q0RWhCMm0tUW9qQTJCUEdKNS1JM2FWV21yZGV0UzlMR0F2OGJPd2tQVjhHMU14Wm5ka2NQMzFPdHhKTTFRMTFfM0syT18?oc=5
2026-03-11	Google	0.0	Countries must seek energy independence through renewables and nuclear, says John Kerry - The Guardian		https://news.google.com/rss/articles/CBMiswFBVV95cUxON2U3b2hnMlBBQmRsUWNYOXY4UjJ5VkxnUEtyRHIzTHRVMDN2YzlSVE1rcUZSUnVXLUJELTVUQk1ZWXNkcGpFeFM2YTlvdGlRTVBFQzFlbGFjUVNUZWtmbmp0S09uSXFHd0UyUzdMNm9UQnZhaTFxQTI2TWhwSWt2R25ZY0FRc2RHanhrWVVmRldfR1VlWDlTcjN2LTRWc1BfeUtsbDZHZVRtUkNpOEZndENLZw?oc=5
2026-03-11	Google	0.0	Dandelion Energy Grows Nationwide Financing Capacity With Launch Of “Geo-as-a-Service” Offering - Energías Renovables, el periodismo de las energías limpias.		https://news.google.com/rss/articles/CBMiuAFBVV95cUxOZm1Wdk03bVBneU9iSzZaQ1lRcnJzNmNoT3pTUGh1X3Bfbl9MZHQ0NmJidXNhSHh6Znc1d3hvODluMmQ4enRaZlRjZklZczU3VHNqZ21IaHhBeTNMQkxpelZ4ai1rWFNYOEx4ckltdkVrQ3RWTDh2dzBTVTROSUtoRUhsUlJKcHFRN3JiN056V0pGVGpRR25yYllBQ1JKRmZTUUhsZ3l3RkpESTJWenJNaHZRdUdVdmkt?oc=5
2026-03-11	Google	0.0	Electricity demand spurs states to find a way to meet the moment - Arizona Capitol Times		https://news.google.com/rss/articles/CBMirwFBVV95cUxPRjh4dkVSNWNuMGRoOFI4Q0V1OXB1Ml9UQmxBenFrOC1ycUxHQ3JWVTY2WjJWLWVBMmVrdmR1bjl4S21JVlA2NUdDUDdhZGV0QlZpSHBfRXAzSS1SajlmRThvZ2NVSlRqQmJHQVVaTF9sS1B2dmpXZ2JPQ3BMQUFISkJ3Sk1neUlMTm1hTzNyeWZmSHRZQmlsZDdEdzlpa2p1S1MwaFR0TG1Nb0tyN1dn?oc=5
2026-03-11	Google	0.0	Energy from the Sun Doesn’t Pass Through the Strait of Hormuz - The Santa Barbara Independent		https://news.google.com/rss/articles/CBMiogFBVV95cUxOT3cycnR3V1E3N0pRb1l4a255SlR2cGkxSTg1aDJ1YjhkT2J6bk96UnZsSk5TSmR0aGhod1FQbk52MjA5US1KaVdLMTlzQWdyeWtTbVZBV2J1MWdNano1QUZSRHBNY2RSSTl3VDk0U0djbDctenVtdEM0aG1tSy1pTkJGbjN0LUZWQzRiNGU4TU1rT1dSMThKandZQTJmeWF1OXc?oc=5
2026-03-11	Google	0.0	Energy shock will force business rethink, says State Street CEO - Financial Times		https://news.google.com/rss/articles/CBMicEFVX3lxTE41eGtfMWc0WkVCSmpqSkM4QTllanVCLUpDV0dwODVUS3pyd3BFWjVpY2N2aW90WXZpT0lQNXZnZnFPQWxRSVBndmMwWGYwd0F2QlR5ZmVvaFo0WUhaVXNfN2JYdTU0V1F6VGJ6d0c5Nm8?oc=5
2026-03-11	Google	0.0	Europe’s heating and cooling dilemma: can district energy deliver? - Materia Rinnovabile | Renewable Matter		https://news.google.com/rss/articles/CBMilwFBVV95cUxQN2FkY19jX1h3Mm5yU2ZDV3RybnY2aXpmWWRYM2FJWTRjNmNmaEtyR0xodVQ1RUpmdEdnM2tIbXFMeWxSS1haeEdIQkRYNVJfSW1RMmV3d2pNTU1uLXZ2QW02ZTdqdk9Fekd6VERlZTU3RkRtcFhvSW81VGI5Sl9KbnU3NmZsLXduZDdYT1VRNTJqTnlYVFpj?oc=5
2026-03-11	Google	0.0	Experts speak out as US energy production defies administration's claims: 'He's not going to see this resurgence' - Yahoo		https://news.google.com/rss/articles/CBMijgFBVV95cUxPN0ZvQWQ3LWV1VGY0ZkROV0xuMFQ0N2pfVmpFQzFtU0FqSDhIYjZuMUVGb3RlNmFUQ0tFY1JVdml3SjNUZE10ZjIyTm5hMUFuWS1YMkM5TlZ0dHV1cnJnSGI2eU5lV0lDM1NXUnF5Zm8tX3dwbWVQTllOQlNNajdtSG5OYnAxZ0tFeTBOQjV3?oc=5
2026-03-11	Google	0.0	Exus Renewables North America Onboards 437MW of Texas Solar Assets in Partnership with Nuveen Infrastructure - PR Newswire		https://news.google.com/rss/articles/CBMi9wFBVV95cUxPNEM1R3JaVWdUYjlxYTQzMTdIUV9CN0FQMkVCcUQtUnZiakRmZzdNalFKN3lqQU05MklkV2ozbGEtbzZxMzNCVWlqV0RLUFp5NXdsbTFzanFrUXgtTEt6OFo5ZXFLYU8yQkRyZVFsZ0hJWG4waVN1M0I2YXRFdGJ3bG9UTmU3NElDYlVBU2pwN00tMDJOMjNCU08yMFlUeGpzTFQyYUpfQUZHWnRvTW42S1BCMVozV0xsN2YzYUhaMEZ0b3BUODZXcjl5SVZXRThCVGpNbGJpQU9CZUs3b1RuX2xUUDFTTGRITG9kc292QTBGcHI0QnNn?oc=5
2026-03-11	Google	0.0	Financing the Transition: Solar and Storage ROI in 2026 - Mexico Business News		https://news.google.com/rss/articles/CBMikAFBVV95cUxQT3RMMGhfLUpNUlZSa296bWF6WUh1YW9TZ0FZR0FHV2ViVFJlOTB0SXB5SE1pVnNwSWFXUVBTTXlqeDBqM2xVVjJtY3g0cmlfeV8tSWtvYUI4ZXVoRWYzeHR2M1gwYU1oRFZtcmgzNTBEYldINHZzbExrN0RPM29zZnRJdjF2QVpIV2ZPQlFQRXc?oc=5
2026-03-11	Google	0.0	Fossil Fuel Lobby Made Japan Hostage to Trump, Netanyahu, and Khamenei - Japan Economy Watch		https://news.google.com/rss/articles/CBMie0FVX3lxTFBWemxEcERucnBNX0dqY3pudWpxcC1kRkZNX3BpbWF3bTlVbnZsYjZPdS1rS0psZ1htZkZDV0E3NkVWTVNpS1F4Wk5CdENuVmhtMTlhTlVwb2hldUZSSWhOS0ZWbm1ZYk55cXU0a1paaVFFNW1LMmMyREIwcw?oc=5
2026-03-11	Google	0.0	GenPro Energy Solutions on the Expanding Promise of Community Solar for Rural Revitalization - USA Today		https://news.google.com/rss/articles/CBMihgJBVV95cUxOR2VibzVjMVh1dkxlcXVGSkpESVVoZUM1T2xqTVdVVTE1Qmpmd3htLTNaNmFHT2ZPSHo1b1RfZlRhSWJrQXZaaVNfR2ExVEkwSURFOVpoUndoY1piNFREOHJfbzliT1d5RjdudThwVXRNWFRvSE5lRG92ZF9FQ3JFQlFyN1lhdnJaMDRfRmVyVXVGX0tSQkpVd05vU1BsR0k3YWN5ak5jWHE0TUktTWFLcmFRRENPMEExUlVZOGxxd01LTUlMSEdSbGxoSEpUUjRtX0NqR3F0MmFhRWV5WG1OcUlsOWJfYmhSS25tWlRVaURpWkhEZW82N0F5N2FkWmo4V25pZ3lB?oc=5
2026-03-11	Google	0.0	Google bets big on 30GWh of Form Energy's iron-air battery storage despite efficiency trade-offs - Energy-Storage.News		https://news.google.com/rss/articles/CBMixwFBVV95cUxOVm5TZm45TTF1TnliLUFzMkhiMnlLcU1VQTU1UmllcTNPbUVsRDhEa2l0VUpzOUJ0VEdIeGJqUzF2elIzR3FPWnNRaWptcllLLU1wVHJ4amdCXzRqeHM1WG1nRWV4MnpFSnAtR2FwNVZzWl8tLUJRYkM2aXRWMVFBOWxZVEo1WVZGd1NKcXo2ck1JY2tCTGZWRE96TGc4eUhXQlBKZDJPMTlrMUZaamJTbk1WWWhrRzVoOV83azIyZEdXLXdaQmJ3?oc=5
2026-03-11	Google	0.0	H2Pro and Doral Hydrogen Partner on Solar-to-Hydrogen Project - Fuel Cells Works		https://news.google.com/rss/articles/CBMihgJBVV95cUxOcnA1UkxYWDZBUFYyU3JOYmtUcjB6TTZqM1BiMlhvbXk0LTVfalRPaEpnU3dCZUhvb0ZLWTBMNlNlYVh2MXE4NnFhWG14ZmFpU2RDTE56cjZKOXV2OF82N3d4UTBtTkFTdXh4Z2JpVmZiT1pla2lhRWNOT3d1ZHRrdXphVTRyQlV1UGJuUDlaM2J0MHZMNnFRWHhNTmtrNHJVdmxhSzdOT2t0eVlyMkt6b2pWNGNXdWpYd2d2MEJYUHBUN29sQnREVklubWw0dGduOUR2RWZFalNOMXRsUkVTbURhTTV5eDV5RGhqa0R6bHRnUnc3RjdCMlVFbWpLeTZrOVo0X3Jn?oc=5
2026-03-11	Google	0.0	Hawaiian Electric 2025 renewable portfolio standard hits 37% amid spike in electricity use - Maui Now		https://news.google.com/rss/articles/CBMivgFBVV95cUxQbVhRSVcxSlFTYklydFo1TjROV0RZZFJJVmo5cWc2YUxjcjNCVV9UTG1Kam5qMGVaTmFTTjlQQ0t0cFBMR2o1ZUVWM0FBOHl0NHBTeUJET1ZQdG9vZGI1MUxnelFPanhyYmxzVTVuaXFnWFBFd1JGSlJhUTZfNWdKUkZIZGkwLWx1RGNRYmJPU205NDJUZTNnWERFN1lObnFONC1TYlM0NnY4QlVnYzFZQ25HbXp5RkVRcmpiZm9n?oc=5
2026-03-11	Google	0.0	InCubEx’s Scarbrough Discusses Thriving Renewable Energy Financial Markets - SmartBrief		https://news.google.com/rss/articles/CBMirgFBVV95cUxOSk9RaVEyQlVoQktFYXBSM1lhZG9SNFdveUxvaWNRTllEbTVJVWttT2F6dms4QmpEQ2p4VW5LUmlEbU1OWWhvYmFHQ21OZ2thYUpOcnpIamEwRjFuSHd5Z3RSaDZobXBRcHV0cm9FY0JCSkhiUGlvdHVYVXdMT0xvUWQ0ZGhNX1NUbk1YcHRvUDdPN3ozZjAtdm1fMlZnUWFhVFllaHRmQXRhd2NIbVE?oc=5
2026-03-11	Google	0.0	Iran war: Wisdom of renewable energy - The Seattle Times		https://news.google.com/rss/articles/CBMimwFBVV95cUxQWjRsaTNUdzBHVHB5M0VQZVhkYldDOF9FTTRWOEoxZ1ktcXN2UlFYNzcwX2p2SlBHQnhfMk03NUo4aGVMWG43Q3pSSVZtQWJpQVZpRXI4SWFFME03cmpfTkh5TW5yc3hCdHpId1NaY1N4UlJxZFBHelhfUFBOM3kwM3diUlAwSExfaEpGY1RoUVBoSW50WVVfdHRnNA?oc=5
2026-03-11	Google	0.0	Jalisco to Analyze Electricity Demand to Drive Energy Projects - Mexico Business News		https://news.google.com/rss/articles/CBMirwFBVV95cUxNbGVKNXhGYllZREdxd3lPeWxDZHZxMXY5TFlwUDR3aU5zQW1sZWVVVXdobXBYYlhUVndPVVpQc29nM2xlVmxHUE9fRFBFYnpEdy1EZGhqcDlvZkhIbFRoWnJnREVKbkRwT3lWM290N0dwTGVMYlhOVlV5MDBmOEFKOThPaVJIZWlfTUk2QWZfN2xGSV94Q1pYUzE3aEV6RHRjT0VXcWw3QUZpMnJxNHJ3?oc=5
2026-03-11	Google	0.0	Mapfre Slashes Energy Use 27% as Climate Plan Advances - Mexico Business News		https://news.google.com/rss/articles/CBMinwFBVV95cUxPR0JhN0cxTTBPRXpNVExBZ0x4M3hXZGJLUjJUdFA5RldaZzFnOTlkNDJUbl9nakpFNnNleklldU9hSUxabTZlYTZfUUljTWUwNkJxSTI4cGEzeHc5Unk0RXlHX0ZsY24zVXRiZnBiaE9jeHFzYTBRQlBBZF9nTDBnTGswTlRiZ0g3STZ2WUVKbFB6aUhZT3N3MXhkQ0xxVms?oc=5
2026-03-11	Google	0.0	Minnesota Power Generates Future Plans Despite Controversy - Twin Cities Business		https://news.google.com/rss/articles/CBMihAFBVV95cUxNRTRKNmNhUHNOX1N4MldOZ0U1cUFFRmxtclpzdzhHNFpTenZvR0U0dk1pejVoLUk0NmFTeVpEcjZEeGRwRk9pc2llaDJaSzViQVUwVzNWMnloOGI4R1NTSFdZZGhINFhMUkpXMXlsRG9XeFhHN0hTd2d2N1c5dENKZHpEOUs?oc=5
2026-03-11	Google	0.0	Multilaterals power Bolivia’s renewable energy build-out - BNamericas		https://news.google.com/rss/articles/CBMimgFBVV95cUxQcDIyMFUxSGZCaUFhN1lyRmhPcm9RYk1TZDB6MTlxQnk1SmVoVmVmY2xnMzVQRnQ5R0pCb004alBsYjZRYjdpaFNvSDdVSlRHUnROa1NNZWJkdWlNVmJqekh3X01OeGRkeTh0alBOYlpuYVU3Ukw4ZU9HbXZfbUlxZHpQNzlzWUxLY1J2Vk8tN1BZcXN6NFMycUVB?oc=5
2026-03-11	Google	0.0	Nuclear power is back in Washington's energy debate - Axios		https://news.google.com/rss/articles/CBMiuAFBVV95cUxPN21Ma3ZaWFQtOHpYU0p6alNwX1NacFB1YmFNMF9sRlFSQlo0NmtvTEkzZUpYZlJ4SVNXVHNoemliMF96bkRySmVkTU1CX2hXS21aNC1NclJpc29oS2V2eEZlR1IyMTZCVl9vQ0hmSVdxc2lqQ0I5ZzlRbHhMU3psMEN6MnkwUHR4ZWdxTVVCX3RzR213dkhyYzFIU25yTlkyY0o2RUUzcUw1MGtZU1hxNEh5LWhWVHpZ?oc=5
2026-03-11	Google	0.0	Oceanside’s Energy Infrastructure Project Earns Global Recognition, Delivering $26 Million in Projected Savings for Taxpayers - Business Wire		https://news.google.com/rss/articles/CBMijwJBVV95cUxPQS1UajZ1MU4yYVB6MS1Hb1RYS0phRnZUcVpBVTVuQ3BTd09HdzlHNUU4dkJFeXVFUE9aYl9jaWtRS2l1TGpyOXcxMzhDMEtsWEw1MnJGTWc2QXdlQnFnWnVlQnBnYVBwTzlRN3JmOExCYmFnRWltam5zalRQdHM2MFlvN1FkbXFzUXh2b01taW80REVmcmhobE5RdTc5b1pqQ2d3YXBlZzRZYjMzeTJxZkZFVlFoWGFHMHdpNDhDM0t3emlVNkxpSmEzZnZHaDNMcjBUU0pJSUJkTFhpODF2MTJfQmd3THBMdzZ0Yjh4WlloNnFaSW1IeVo3MDJTcVpsNllCUUpZOHF1SldzWUNB?oc=5
2026-03-11	Google	0.0	Oklahoma doubled its solar energy capacity last year, report shows - KGOU		https://news.google.com/rss/articles/CBMingFBVV95cUxOa19vTHJyLWpuS0pPVWNlcDhJSVBjdlk5UEVTdzJwSERiMTNudmVKOERyUWx5cjB5bzhxU0J6c01UWnEtNzZjR0pzUTdSbERZbXlkRDlvUkI0aHhEU1hrRll3aXV2Z3F3YzFFMVVtRG84amxoNUptNnR5OUlPTWQxVFNTQVh5ald3NlhXMTFwc1ZxZnhyUWFkanZxZFlyUQ?oc=5
2026-03-11	Google	0.0	Powering a brighter world through energy - Texas A&M Stories		https://news.google.com/rss/articles/CBMif0FVX3lxTFByeUstTnNKeFF0MkJSWHFiMFByUVAtUjBKcG92SEcyT3VLTUtRbzVld0hvc25KLU55cnRMUVY3dDUwWk92bGZkS1Y0T0R3Mzd1cGp0dVBZWVhreEsxUXlXR2RfQWRXQnc0bTVuREh4bVRaRFJMNjNXRXFYMlh1aXc?oc=5
2026-03-11	Google	0.0	Renewable Energy Kingdoms Also Faltered - 조선일보		https://news.google.com/rss/articles/CBMihwFBVV95cUxNcldXUTJzbUloMzBKcE9ZOEdpbi1WSEVBdk96RndRSnFBM1dLcnl2MGV6ck5KTkQ5Vno4dkFUMnZzTXZocXQxN3h2TFd5TVVlSG9BbkpGOWpGTXR4LUU2NVVlUzJDaEZucEN2ME0tU0ZLa2l5WjNVS0JCOTdWRUhiSHVlQTZuNlU?oc=5
2026-03-11	Google	0.0	Renewable Ethanol is Essential to EU Energy Security Says ePURE - Energías Renovables, el periodismo de las energías limpias.		https://news.google.com/rss/articles/CBMiogFBVV95cUxOMXZHcmt5akhmaGZ2Wkw3SnR0UXZOUTJsWjVWZEVYWlVORElfcjFidkVfX1NzaGduVDN5dl9VTlM3RXpPNjdSTVFmYzRzTXRKdHdyZDdzZC1nQ2RzNnFQcWgzUzgxRGRpRjBfdE9zVE13MFJ0aVV6Ym5ISFhiaWJZa2EzUy1SYTNoaUFNSmQwdDZLS25zOVpqdzdBUFk3NTlGRFE?oc=5
2026-03-11	Google	0.0	Renewable energy - greenpeace.org		https://news.google.com/rss/articles/CBMiXEFVX3lxTE1MTmpmZVNnTnBHeDNzdEg2MXVkNjhGZmtueXVmV0ZsVDFVQUNWUURDVGMxd3pZSEwweEJNODM0aG1wX0cxa1hLUzQtbWlDUFVzNl9SZGFSamRtS0ZR?oc=5
2026-03-11	Google	0.0	Renewables cut annual electricity bills by one month in Türkiye - ember-energy.org		https://news.google.com/rss/articles/CBMiqAFBVV95cUxPNmRveDJST3pGUFpyWUlKaUpZeTgzV3RKdE9qMmJORndmTVRRUGUtSnp3TmRZX1I5N3pzRldhTk9jSWdjWGtEREl6MVRSV05ua2VaZ3ZWN2M3MER1eDIzOFJJd1l3bnVTT1lOejFWVm5TT2w2QWFxX2dERmpTT1MtVVd2eWw3c1pyRnk4LUdYZ0s3N1Y3MG4yNWQ1bXlKdFZiYTJWRWlfZUg?oc=5
2026-03-11	Google	0.0	Sedgwick County Commission considers moratorium on battery energy storage systems - KWCH		https://news.google.com/rss/articles/CBMiuAFBVV95cUxNMFd5UUlKdUNMaDBjeFBRMVFtZzRXZkJjdUhfOW41ZjNacnM5bUVnOHl3OFY5UkZqc0x2ZW9UTDVMYzZCbHpZeHZjVk5Jd20zM2JBNjRBanozeXdMSmNKZEF2OXhsV3IwcHJDRjhiX0N2M2F2X1BJSERLM3N4VUhGTUk4MlFxcVp6dHgybndDRVE0cmU0blRTcmNyZVl4WU5CNkV4UmdLWkVKOEo2QzcxYUR3MVpoY2ZT?oc=5
2026-03-11	Google	0.0	SolSmart Gold designation recognizes Lafayette’s solar leadership - Journal & Courier		https://news.google.com/rss/articles/CBMixAFBVV95cUxOUzR4MGp4Y3VHaTF6Nmx6clBlS2ZIRzZCdUFRQkg5M2hkZnB6NWtBdEpONnd1NXlwUDVlOXF5dVo1Mmd2RTdTUWx3TGNKSTFWWWJYRHpaV3JTbmhhZVlZdS1MZjl5eGJZVkQtc0puTVc2Zk1vSzdTc1YyZUp1X3B0N0RMUEN3bFhCX0w1STI1Qi1IdUJqd21zSVJNbkd6ZEo3QzBxWllBV3dHb2c4QVRFaXgzMTNrZmpQRXdEWFhTZi1tWGZu?oc=5
2026-03-11	Google	0.0	Solar Cables Market Growth Fueled by Rising Renewable Energy Installations Worldwide - AltEnergyMag		https://news.google.com/rss/articles/CBMi0gFBVV95cUxPcGxtb29tZk1Wa0lVTDRBUkJuNG5tbDBXRHhZTE41MGNDNldoWTQySDVZck54dlUzVmFHTE95ZVU5Q2pyRm5wd1pCQlZxOTQ3VU9rSmtkWWtvUERCQURRWlNRdzdWUW5ETUp1ckc0LUd2d2oyT05YRFd4N1drUUZCREItLWs5Q0Q1UmZzVUlkX0xuSzh6dG8tUnJKRFVxUUpuOU9wYm5fcXAyTlQ4Vnpnd1c0bS15TUhFeG5xaVpCb2E5ZjlHVzZrc0dWOUdOQllZc0E?oc=5
2026-03-11	Google	0.0	Solar Power From Space: How Close Is It to Reality? - Impakter		https://news.google.com/rss/articles/CBMie0FVX3lxTFBlLXdGcG5VX0VReE1tWVZwYWdoczNBVXFNM1o3eDFZUjJZMGpCRmgxRkpmRmRsR2ZtbkU2MUQzbkc2dHFmVk1DbHJKTVJZb1lzb2NqV1lJYWVidWRsSGs1MnNHbGhHb2ZCU24xeHVrSjJRVzc4dnFwdkNITQ?oc=5
2026-03-11	Google	0.0	Spain could be the only EU country to beat energy price hikes - Euronews.com		https://news.google.com/rss/articles/CBMivAFBVV95cUxOdy1jSlFPeUMzOUNjallQVkJLeTVrSVpYWVhKbmFSZlg3aW1YamstWDFlVEhqU3hWUlNvZ3VtR1JKMmpEVlhMczZGM2wwcmF1STdNVXNBWThEMnZPMjJ1N2pPNTBnVHU4TVNwaE52V3dnalZSVDRyTC1tYVJPODM4WGpITGk4bHhyVlowbnhPdW9TVnFFVU1nUm94clJneTIwNkVJZ3RfM2xldzlqbkQycENxTHpmZlZZc2hpMA?oc=5
2026-03-11	Google	0.0	State bill would require solar, wind projects get local approval before state approval - WPR		https://news.google.com/rss/articles/CBMirwFBVV95cUxPeVhQdC16NGZrczVVc2NoLTdsSThwZHhMelNyQU1TaWNpald2N0NpbHVZYktzRVVTU2ZMTVJBdTBNWllQS3JuODJ6VXltNGNEMWY3RDdTeU1leWFKZG1xT0htWktOeGFHS0lvak5ISjE0aW1HdWRxMWtQeWlsc1J1Z3gwZjJVbWo1RFhLelpvQVBlREFXUGxyT3F0ei1mbFBFTVR0TlpVRVh3ZVpMTWlr?oc=5
2026-03-11	Google	0.0	Survey highlights technology shift in utility-scale solar - pv magazine USA		https://news.google.com/rss/articles/CBMingFBVV95cUxNR1U2UUFXMTBtQU05c3Q2YW9MSUg4ZkxHQk9JOW1pUG9NWWxUMDNwZERfN3V0SGZ4N1p5c3JQNkYydEJ0aGRWMnQ1TURxX2pxWVlLVDdOZ1M0RGJHWE9GczlQbWRiU3oweTRSTDNOUHZwVmRzZ3o4d1UyTHUtZTg2eDQ0T0swYzNiRV9QV1FiT3lXaUVDN3ViRmNuTkh0dw?oc=5
2026-03-11	Google	0.0	Swift Current Energy Completes Sale of 2.9 GWh Storage and 2.5 GW Solar Facility to Cypress Creek Renewables - PR Newswire		https://news.google.com/rss/articles/CBMi9wFBVV95cUxPdDgtM0lRMll4LWltNUdTT29falFKNERrZTVNTE42dVRKelpDQ0ZxdWxkNzdGWXZxeFp2VzJiV0JnSEg1MGFIVVVTME5UbE52SDkzTE1qU1ItNEJoQnBxZzFCbVJpVmtTRnpiRWFrbklWeFZDRlZhbTRLa0Yzb2VNWC1WMXlDS0R0TDBiNmEweHBnRWpkRS1FcDB6WklVRXo3VWRuX1BYSDJPUkhhVWxrTkJGMlJNUXlaQ0EtS2tlUVZRWU8zajdaV0ltcmhQMjdkMFZRYjR5WFdUVXduVjFyRjc0Q3l0RjZVblUtRzlLcWJ2b0tXNHh3?oc=5
2026-03-11	Google	0.0	TPG Rise Climate Completes $4.75B Sale of Intersect to Google, Launches IPX Power - Dallas Innovates		https://news.google.com/rss/articles/CBMirAFBVV95cUxQeUM5NGpwYm5nYXBvREFYYjR3SlBqODVDMXRiempQdF9PYkM4ZWNJeGQzZGJVZVFyOGRwaFNqSW5Pbzhxb3RQdndjdzRzeDl2LVBpSm0zSkZyNnZ4UXpLMkEtTEQxcFZtaWlMMFhCWi1hMHNBVUt6TjRHZzFENkc5cUpoOHlGMml0Wm95SF83SU1pZldzT1RvWE9hV1ZTdDBRUnpyZXF6SkVNcHdo?oc=5
2026-03-11	Google	0.0	The Iran War Is Making the Case for Renewable Energy, Experts Argue - Inside Climate News		https://news.google.com/rss/articles/CBMiiAFBVV95cUxOeXJRRTNrdFh6ZnBoSGluTnpWbmczTEgtaUt4M2I2d1VSc0ZfVmpNejgwVnFUTWd4ZUpxbGhURWkzZVp3MVhiYmFBZDJsUzlFOUhWSUVNV3NDemM2OTZ0WDJfZTZCUDk0RlRlQmh4M2cwRkh6U05FQk9aaC1JNDFJTHIwb0IzZldM?oc=5
2026-03-11	Google	0.0	Trump's White House still gets energy from solar panels - Axios		https://news.google.com/rss/articles/CBMiekFVX3lxTE1acUQ5dVlrSzljeHFfei1CWjFuR3ZsdWZFb1JQOUt3UVF1TE40c0czWVNXaUlxMWhFRWp2SjdkOUhzUGwtMzQ4NEdXd0VNc2hiRFVxcE9TVnprYVpOT2l5Nl95Nzl5dEpIZ0JCUTVDSEcwdVB6d2t6Wlh3?oc=5
2026-03-11	Google	0.0	What Does Renewable Energy Curtailment Signal for India’s Power System? - CSEP India		https://news.google.com/rss/articles/CBMilwFBVV95cUxOX3pfRDVFR1ZnSFA4UDVndVZPcVJIR3BqVkJfVHNkWUxwUUwzZFEwdUtsWV9KT08yYjNhNEZSQUwyRzBiaC1KSXBoRm92NW1vZzJ0bFF4b2djU29vdXNUV0FDU2FHRmFqOUpnZ3hzSGhLbnJaei1IdmJWQm9zeEU5blZZekVfM3dUdUluZTlYWm4tVWxJVmdj?oc=5
2026-03-11	Google	-0.032	Waga Energy to operate RNG production unit at New Jersey landfill - Waste Today -		https://news.google.com/rss/articles/CBMiqgFBVV95cUxNS2t5SXM3T3lxU3RLdmtUbWI3eEEwaGY5YndKM0dUeGxIdFRWbHFua1ByR2VzTmJqNkt2d3ZJVU50WFJmam1paS1GbVN3cHlNUXUxVnYxS3BKRWRRWm5jdnBTbWplQlM4SVdYTmNJN19fMV9GLUpwdFgxbFFBVXNUdGN5XzRjRUJfMkJxUE1HN2RVNnZ4RnZENl9SVDVmTjR2VzdLenJXSkhWZw?oc=5
2026-03-11	Google	-0.05	Wisconsin bill would require local approval of wind, solar projects - The Center Square		https://news.google.com/rss/articles/CBMilgFBVV95cUxNdXowc29Edm1sVjc3a1BXdXZZSWc0SHFxVm1EQWpEalJURmtLWmZBMTRYcFpZZEZ1YnZsc0Y0NFlTZ1lvbTBrZGxqVlFNeU0zdWhYZ0dmcUlvSGJJSnNsVWJZcnhYS2wxa3AwUXhPdW0wc0lyREtsLWN4ZlBfWXJzSlVuWGY3bURadENCVFlYYlBxSWtESlHSAZsBQVVfeXFMUEREYWxEdGFUSkR3UHV4UU1HQ0U1d25uazVNckJqQlhBc05OUzltVkRQaDlfX25OdFNLck5LMWlMZnAzWDlRalZMenltdnpSdjVWV2otYUd2em45TlM5YVE0UHl1OFpBM0dzOVRIb2hESlpOZzB4TjFKZjlDcmtJYXFVcFdGUVk0U2U2QWpqdU1oRXY5Qkc1a3RVNEE?oc=5
2026-03-11	Google	-0.067	Any takers for Australian green iron? - IEEFA | Institute for Energy Economics and Financial Analysis		https://news.google.com/rss/articles/CBMic0FVX3lxTE1KT0Q4b1llNGM1dkozZFRBcTVudHhLVXo0VVl0Zlk1RWwyRkFLZHEtc00taUdSdFNvMktzams2UjFPUDkyOHI0c1ZZY1RoR1lJQXQyUE1Gc2psOGJJSFRsRFBaUTJqbDdfRVVOVXNCcTQ2T1E?oc=5
2026-03-11	Google	-0.088	Europe’s New Energy Crisis Will Mean a Bull Market in Renewables - WSJ		https://news.google.com/rss/articles/CBMitwNBVV95cUxQcEFVZVlPcHd5Tkh6eWF5SUk3VWlGV2t4dlpvY19JdlpSV3VtNmg4bFV3aXRoSU1vOHREd1hTUW9WZ2J6ZHVlWU5ya0x1VlRoVTREM3FGX1pDajJVWkhWbW5DbnhhSVhwQ0JybWVmSlpUZDN6MUNfMkN5aWUyblFKMWZwX29SbjBDaUs1SGdBN0VjVnhTbl9qTWlhS29kZTYwTEZ2cFVmM1AyYlhvSmxvdTBZbG11WkxoXzFDRjluVU84bkQ3RzltUHVNWThVOVl0TG15aXJsR3VkdC1rTy1GR2lGU0p5MU9GMVJKVGJVM2o1R1llWVdZMTByVGJ3ZnJOTXFHSGg3R2J2MmRfUUw2UG5pSURLb2xRdTlBMk02Ulk2TUxRaWkxZ3VNZW1lUk14RHd1eklTc1ZUWnpidlRZVWtEMnJlWVpTUjVaLW85UUFNQ1Q5N1h1X2s3T3pTMUQzX1dRbzk3QXBaZC1QM2ZwaUN6SXBoLS1rbXBITmdaZFIycXhIM3MyeDRZZTNfd1ZfV1FlZ3lFbjFEVG00VjNYM0ljdVVRdHlMZ1IxX2FmUHhESFcwMGZ3?oc=5
2026-03-11	Google	-0.1	Celebrate STEAM Launches Atlanta Science Festival - Georgia Tech News Center		https://news.google.com/rss/articles/CBMilwFBVV95cUxORlZreXNEUllVSWxIYzRjSDh6c3RWNHZzc3R0aFFVaDZsUDN4T1JVV2FGOUwtNV9lWjI1cE01Qm9OVXhyS25ndmE3dXMtU1dUcmszREIwOG90N1FqOXF5VGlVdUxpOGVTeGY2TWdLNnppMnZ5WmkzaU43ajVGUW5DTUx4RF9xRHh6NXFWOFY2XzlYOE1UX0xR?oc=5
2026-03-11	Google	-0.1	Intersect Spins Off Green Energy Producer IPX Following Acquisition by Google - ESG Today		https://news.google.com/rss/articles/CBMipgFBVV95cUxNYWV2ZS1CWl9laF84XzFOZFM2cVhGOUlKelUxbVZNS2licmR0OFBDcExab215NWhMeEhMeGVUU01QZnNEVEtORk9IWm1mYm5mMDBmbmN1YlJHc01CbUdidW1JVElkaDl1bXk5NE1rQldYS2dUbVFZc2ItWF9VVHFYdXRnTHgwQUVpN3pNejJFTDdfd1FYd3h3ZkJ4THgxLTBhTmVOM2RR?oc=5
2026-03-11	Google	-0.125	China and Climate: February 2026 - Council on Foreign Relations		https://news.google.com/rss/articles/CBMibEFVX3lxTE1RQ2lta3NvLS1DQmRXTlg2UTFuOHJBTlZ4Q0phYkxFY0cxMGh2enI4Nno5TlFxc3JzTGs5U2RRMkpFNTFWeU9ub0ltbnhjbmh5SkxPRkpUU21qSXcxc1RGbS1NV3RsSWw2U3UzQw?oc=5
2026-03-11	Google	-0.167	Why the Iran war is bad for clean energy - E&E News by POLITICO		https://news.google.com/rss/articles/CBMifkFVX3lxTFBBdmxlUm91Tk40TE55aHdHMmhBaUt4MkRYV1pHb29EQWF6X3N0RTZCTWFfRU1BemRxdERXRHFOT3hmV1lQX3ByR2h5cWI3TGw0QVFsSzRaM0w0NndYWHZ0cV9tczRlLVZLdjU1Q3BndlNQVkZDempqb0lMMy13dw?oc=5
2026-03-11	Google	-0.2	CTDC, BGMC and reNIKOLA form green energy alliance for renewable power - TNGlobal		https://news.google.com/rss/articles/CBMiqAFBVV95cUxOTEE5eHBFeTNHVnd4YWlDeXZUTkxJaGd0LXZhM05DYUdaZVRxNWUwcnpEVHpOZHYzVTY1cVhKTEdnWGZwdXM2dUQzc3M2Z0ZJV1pRTzhGR3IzRFVJZjlmSGhSRjJ1Vm8tWnhBNEdpbTJPSklDN2FJaHllR2U2YXZnOTV3NmQ0Z0NkbXVKN0RqXzRSZ0lNb2FocHNqMi1BQk4tSWZqZ21GeVk?oc=5
2026-03-11	Google	-0.2	EU Commission to boost investment in green energy - EnergyWatch		https://news.google.com/rss/articles/CBMie0FVX3lxTE9ZNEw2Vlg2Slo5NWNla0RjRmtEVkFHdV82b3VBN1VTSGV1cmVlbWdtU2ZCRExzSUZPUXAyMmItTUVtMnpTYlhyNUF6UjBqRG91LWhaTlR5VTk5WktzbWNLZUdiVEUyYUJDUWNpMUY1UXhlSzhTazV3a2ZFUQ?oc=5
2026-03-11	Google	-0.2	Iran war: How green energy shields countries from oil shocks - DW.com		https://news.google.com/rss/articles/CBMipgFBVV95cUxOQWZLZkpSNnpBWkloc3RXMXJGMTk1OXRMVGVKMXNfZXRJdlJqNUQtNGV4aFVQNUstelRKV2hlMXdtQnZZSDBDUUNkWlpaN3o4V2RoLThReTNTYXFhZVVsa0xFcFdydnU4d29leGs1VmNuUFZaeWRQVzUwOFNIa3JQNGc1Mjg4X21jVXNCTVUyR2tuenBrRE5BNXVVTWt1YkdZMU5XV2FB0gGmAUFVX3lxTE9tdVIwaExvcW5tZlhwQlJHMHlkRjlLZm5hckp4d2dDSHN6VU1YTE50em91WFRNZUVhZ3FNWm1qWXFtVHdYQ0NDRFdXLUtiZUtrSGpLVUJyaWhIcHc4MmcyXzh1SEJkZk9wU2xxdjVLYUZQem9Wc3I1c3lFWGJibWcxY3RzRDR1dl92TF9TSUhLejRNS3JWOHByWnNXLTAycTBqWkVSNHc?oc=5
2026-03-11	Google	-0.3	The geothermal plant behind Europe’s lithium push - Mitsubishi Heavy Industries, Ltd.		https://news.google.com/rss/articles/CBMilAFBVV95cUxOTDRMc1BSN1Vkd295c3Z0MFQ1bFBTYzVjNDBHV0JmdTR2c1hFZUVkWVhVYTZFbW9lWUh4RlNOZEpXaHcwaGhIUXZScWZYY01UN09CTE5NVm1KWG13d196M3NwbndaSGZMaHRJMnN6WkltTnE1WDJabEM3bjEwZXl1d1d1TVdkMWlrb2IyeldMZGNtWUFO?oc=5
2026-03-10	Google	1.0	10 Best Renewable Energy Stocks to Buy Now - insidermonkey.com		https://news.google.com/rss/articles/CBMikgFBVV95cUxNbDdJdzlOVVZvdHFyLTJtbVRxNTB2WEtJWS1BLWh2eEEwV3RHWDlNNU5zVFdwMmpEQTM4TmJwY0dqb0NVYmZMUDJqUC1iMEhjNkxpbnc2aEtndUhxbkZpekhMc0xHZ1ZnN0Y3a1pOaEFHY0p3MnlNMENOSGVXYkMxblZWVFJrLTEwMGM5WXdDbFZMd9IBmgFBVV95cUxQWk9WV3VaTW51RG9HSDNiM2pVMFRLREFzMU5Pd1k0bHd3TWFIY1BFOG1KMEFpZ1BwYnFWN1F6eFQwNzBFa2hYV0MzQXZWUGszZEFGTnB6S09QYXNjOUpDdVhBa01lRnNtMkpaSTdhM1pUWjRWWWdLNjhLTm9KTzNwSEFscFZsZkYxVU92aWllcFF2cUVRUFVWcFhB?oc=5
2026-03-10	Google	0.8	Beazley acquires US renewable energy MGA for transition expansion - Intelligent Insurer		https://news.google.com/rss/articles/CBMiogFBVV95cUxQWEdEVWNtLTQtTkNaTGoxUXhtUV9JemQ2NVpoc1ZaVEVfUEtXQkZOWUFHZlZJN2VKN214RkJ3aUlweVh6aVlGV3JWS1JSM0FMLXRiQzIySnl3Z3hfbTM2bnRNcklmOS00VGpDd3FZb1RnbFRQdVlYSTRyWFJDVmlrSWxHaXBQcF9zVXlHWVhMRTdzZDlfR3RpV1psaE1XV01WSlE?oc=5
2026-03-10	Google	0.6	Long-duration energy storage deployments rose 49% in 2025: WoodMac - Utility Dive		https://news.google.com/rss/articles/CBMiqAFBVV95cUxQMi12c2FtMlgyVUZ6T3h6QXVPN3hpRXhJbnZkM0dnNnBsX3BlMlJ2RlAya2N3Z2JtZjdsTGNDUVM0dkxGeEJMNUhkZ0JUNEhVMlRBcHpwTVpmYW1ablR3aFFGb1Z5bjF2Vm84N0Jyak11N01IYTgzbXJsRDIzd2FxdWRYU0N5cVM0cnNzSzFRMEtHOGlDa0xoRnVDamVYWTBkajdxeVdyR1Q?oc=5
2026-03-10	Google	0.458	Quaise Energy supports Oregon State University work to transform clean energy with geothermal technology - EurekAlert!		https://news.google.com/rss/articles/CBMiXEFVX3lxTFBsNlEtSVpBdEFkYlpkMm9WQXVrYXJVRWJGeUk0ZFhic0JZeE5GNjhVeGFEV0VwbzRvX0hwNGx4Sm1DbW1aN0lKV3Y5UVBJV2Z1dkllN29sZFBBbXZ3?oc=5
2026-03-10	Google	0.456	The Best Strategy for a Clean Energy Future: Grassroots People Power - Sierra Club		https://news.google.com/rss/articles/CBMinwFBVV95cUxQMFpRa3dzOGtQSzdLZkRFZ1U5eTdIRlQtSFdESVRnRno4MG5tRVAyaE11UHh5NmFGa2QxTGR0VFUtdVAwWkVKQVNyOEYtMjZqak5hRzd1a0lIRGlVWTVvRkdEcHBJUTVENmlzNFR6Y1JSMWNjbWo5b21zd3A5cHpNalMxOU5RLU5BTkpuT2txUW5yNGdBa3VpSmRDVU1KZDA?oc=5
2026-03-10	Google	0.367	Gov. Meyer claims trade mission to India brings investment, clean energy deal - CoastTV		https://news.google.com/rss/articles/CBMi6gFBVV95cUxQYWxuRmpBaHlpbVRDMVlrRnROdDRvT19TZXllTmN1aDRUY2RxUWdJMUlmY3VpLUdHNnZZZlIyMHh4UFhqSGZPRDlzWF81TzRiV3JSV3lISGFZdzZCZnZ4SnhxX0tIdTJGQ1Q3cVdoMmFJOVVCQmQwOHVSVmhRckJ1b2FxeXBxLTk1MUROZEhjMDFZek8tMTZqMEdtSVp5WHRoSWVWdnM5T1V4dHF5Y1VRUzNHSjFvdU1JWmhTTXlDYjZxdFR0R1NWek1tOG05X0tsTWY1MzBYSmhqbkxnYnhFeUZGbWFDSnZTYWc?oc=5
2026-03-10	Google	0.367	Quaise Energy Supports Oregon State University Work to Transform Clean Energy With Geothermal Technology - Energías Renovables, el periodismo de las energías limpias.		https://news.google.com/rss/articles/CBMisAFBVV95cUxOd1ZqTnZBcjUzZXMzYUQyelE0ZUN3djh1YmNlYVN6dGVxdWQ4RzV3dzhvRE9sT0lFZElVUDhaRXU4V205SWdzVWNMejdzeTVydEtscERUZHozT1dYbHpudWdCdXNWel9EMDloMU1hc3I4V1MwVGdIR29Hdk1MamlZTFR6VGdnNjBwVE5kcVY1R0FIcHdGa1dWSXoxWl8xZjVUSHB4OUY3cF9MT2wwZWtlSA?oc=5
2026-03-10	Google	0.367	The feds pulled $1.5B from tribal clean energy. Tribes are finding another way. - grist.org		https://news.google.com/rss/articles/CBMiqgFBVV95cUxORHVXNTNkVEw4NFJKd1U1Y2dRNi1YUHMtdVlvaENISHVBVFBmUFdBdlVPcXNsQTZSeW00MXIzRF9VMmJUc0FNSjdGb3kxdHBIdm1KZVNVV0l1YmpvLWV5Ql8yejFreDhYN3lHb1Y3R2VpVHpuTUxHZGtyd0pHaVhNMkJHTk1jZ1RKOEUxa2czV1JURk1WM0xQVmpHYWdJRnBKelJrYXFZSU9nQQ?oc=5
2026-03-10	Google	0.367	To Meet Rising Energy Demands, States Should Continue To Be Clean Energy Leaders - Forbes		https://news.google.com/rss/articles/CBMiygFBVV95cUxPODlsY190aUYtMHU4NV9ORGFDMV85MjZTQjduWlJxb1NNcVo0YmZfT2d2WDRScjNNNi11dG9kQ2V0X1NWMjVQVUdTbzFnOUozUXFjX214M2pGbXprclpBNEIyRzBIQmtEcldiOS1PTFpYSTZySFhkVmJRWGlaRnRvejlQQ0JYNElmSUh5OEVPR1Q4aU1YRlhvb3FVbURMTHhjUnFFUVNEdEVUTHA0TWs5dGl1UmdxS3JydnN5SnFmVC0yd3h2enFfbVZB?oc=5
2026-03-10	Google	0.318	SEIA & WoodMac: Despite drop in installations, solar is still top new energy producer in US - Solar Power World		https://news.google.com/rss/articles/CBMihgFBVV95cUxNc0M1bFBZQmpyQlA3YmNEOWxja3B3ZVZxLURtTmJJTmNEVk1JdlpsRno2azFXNGx3V2NTanQxcnB6al82OGlVU2F0aVVSWm9WX1gzbVJiVFNxZGlpQ1gxYjlqeWtYUXJxN1dZQmJPUE9Jc3Y1QTJXSHVZc09yR1NCT29xM1RKZw?oc=5
2026-03-10	Google	0.3	Pinehurst Elementary receives $219k renewable energy grant for solar and battery project - KDRV		https://news.google.com/rss/articles/CBMihgJBVV95cUxQbDZfMFc2QjU1d1VVMWJZWUpELTY5MGRwM0pJdVRtR3Z5Zjk4UktTenNfcVdaZl9wQTJGd29hTmJfT0RIUjMtOFNpb1BBSDdzdkcyTFhpakZDV3lHWlNwVzNKTDNrZm1LOWFON191RnFHaG9mT2l4NlZJalpza2tncV94UGRyanF3RGZOeWpKdWNweGxYM2JkR3EzMVRHWEZQdzhYU09mZmI5NXVqX3hONVc4NjAydUZpZl8tbi1BY3ZsU0VtUGlRekZ5M1JIcGVyNWtzZTQ0Zmh3RXJOaVRCNV9ldVROMlF0eGI4ZThhc2cxNVdRTUJJdnhLSVdZSmRyT19ISGtR?oc=5
2026-03-10	Google	0.252	U.S. Solar Installations Fell in 2025 as Trump Attacked Clean Energy - The New York Times		https://news.google.com/rss/articles/CBMipgFBVV95cUxQN2MyUFdvWnllNF9GY2kzWVA1S19mVWQ4Nmk4V002dVBhQUxHaW4xdnpRQm10RkF0OWFRdHBpX2d4NWNYNFZiUC1tV0hNRXBQV3lyQVlhSEpoeVBBcTVSclRYZ2JVbVpqOEg1TlZEa1VsR09UbVR1OTUyaEgxd25HZlktQUtlclRnOEJtMUFzb3ZGUFBtOFB6YXhpODNNN0xWMEREaXJR?oc=5
2026-03-10	Google	0.25	HELLENiQ ENERGY Launches First Solar Parks in Romania - Yahoo Finance Singapore		https://news.google.com/rss/articles/CBMijgFBVV95cUxPVk5FUm5PRC03OGpHR0F6MWxWcVVvZkFZUWhkNklBVEFIclo4VUgwcEZCSjJkcE9IU2pyelNXdjZTMVlwVmpiRVNiUkR3ZUZXQ0ZFTTJOZGZEa3g0U21mRk9HVDBCR0ZBQk9qRWYzVUlkM3ZzTEFZcjJCcmt3NTlhZlpDWmhieHJBZlV6a1h3?oc=5
2026-03-10	Google	0.233	Nearly 60 gigawatts of U.S. clean power stalled, trade group finds - Los Angeles Times - Los Angeles Times		https://news.google.com/rss/articles/CBMiuAFBVV95cUxNT0FyX0ZZTjVzX1ZLdTJTa3ZOcnI3YzMzMk5XTnVTQ280akk1QkF2WTFtaWtuRkdqaFZBX2JuU0lJOHlQNmhrSjV5UEpYRTF3VFFjSlFwbEpXOFpqM3F5TGF6MGRPZEQzSEFqcTBPVmdQX1JZdzFCNFNBRDdIaHVUd1dJZl81R1hxUkZMNnI1UFFiOTJ6SUFrTUVWZV81Rld1UHZHRnVXMHFDc1pGOFBkSzl0MUxVUWZJ?oc=5
2026-03-10	Google	0.183	Middle East conflict exposes Africa’s fossil fuel risks & the case for clean energy - Mongabay		https://news.google.com/rss/articles/CBMiyAFBVV95cUxNSmd2bEZXTUtOWks3aUdXcmhXekE5S3NNUGRYRDVFSllHb19CZ08xTHJyc0JXa3psZWZ1dnhEYkUzNEJKREZjbF8wNVFLOWU4M2tQSExRWWJzQnRnU3lEWDhBaFhLX2JIRXFIa1EweE1ZV1NIYU96ZlVIZklUU3FvZ0RHeWtfUDZFNE9PN1Z0Z1pNcnZwbEVGUnRmOExuQ0pEWjBnNWdhVVdmc2JKYTBJY3YyUG1PQlBaT0Z2YkFwLXlsb1VleTdmbg?oc=5
2026-03-10	Google	0.169	Swiss Clean Technology Firm Unbound Potential Develops Membrane - Free Redox Flow Batteries for Enhanced Long - Duration Energy Storage | Top 100 Swiss Innovators - 36 Kr		https://news.google.com/rss/articles/CBMiU0FVX3lxTE8wemNRaHc3dnpTMVRWWVl2NEs3RVVtZ1F3ZzlNeVlJUGs5ZnFyS2FTLVR0MGZ2LWZKcHEwclNTUUZ1MWVYTHFlRWItbG5tQUZPeVI0?oc=5
2026-03-10	Google	0.16	Wasting Renewable Energy Comes at a High Cost for the Dominican Republic - The Energy Mix		https://news.google.com/rss/articles/CBMipAFBVV95cUxPNEJMRmN3V0liWURCVXRGSm9McUs0eEdMVnJGbjVyMVJGc3ZpX2R0Z0U0NWJWbVJUUFpfZzdKT0pkNlFwWE16YzVwXzItb0s1d0tEVDJvZjR5NzZnbHRaYllFU0laMUFoTnc0TVlfZ3dvLW9hd09pcXZJVEZIVTVUWU1vZDVmcW1QeGpON1JJdzdjNUdRZ09FMVdCVEM2S2JQNjNpTQ?oc=5
2026-03-10	Google	0.136	LSEG Launches a New Sustainable Development Solutions - Impakter		https://news.google.com/rss/articles/CBMigAFBVV95cUxQV1A0SVRXQzJzaUwxUHJpUzQ1eGdRRmFJSzJxRUVmYm1VWjIzYVJqc3RVcEVycjN1RFVIeWF4S0d0YlFxd2pFSi1HVGo5MmJIX2VidUZVSHhSUTBsazNiMmczVFM1d1RwVTNVRWRzYnFMZ3ljejl6S1FhZHgxUE9sbg?oc=5
2026-03-10	Google	0.136	Spain's Repsol may bring new investors into US renewables unit - Reuters		https://news.google.com/rss/articles/CBMixgFBVV95cUxOb0NTZ3VYOVhEb29TRXFkd2tCZC02Wng5NWRPSzlyN2t4bUJxNW5MRDRjTGRUMVQzUnpseXY5VV9XWXBqOHNCWUxqOFAwbGt6akJ3ZEFwVk1TT3dDS0RKNEVtRVFLYnhUMHlldEl6MTFJaVQwX0ZvSlR2OU9TS0RnSGtyRlZrb25uN19Qa1VSZWsyQ29MSUZaYnY4MFhVMUpMOFhvR1RkNWhiYjZIZDd4c3M0STB0VUJkejFNYjhzZkUzbEw1cWc?oc=5
2026-03-10	Google	0.1	Renewable Natural Gas (RNG) Manufacturing Plant Cost 2026: CapEx, OpEx, Profitability & ROI Analysis - openPR.com		https://news.google.com/rss/articles/CBMilgFBVV95cUxPNmlKSGhCcTJVWVhBdmxlb09mLTlFY3dyUmd3WnZNckFqdFFRYllRTWJmckljSzBpcGpELTRYUFQzRXBQWUFiQnhzR0Qwa29wY2d1MmJWYWhwSEhUUVNvdGpyUmxIRVg2bThhWUVhbUc3SEg2Q2RwaVl4aGRUR011VXJRMEc5RjlEVHkycEx1OTU1cHZrTlE?oc=5
2026-03-10	Google	0.089	Research note: Using RFIs to build project pipelines for clean energy - Center for Public Enterprise		https://news.google.com/rss/articles/CBMikgFBVV95cUxONUVIbFpEaUhRd0NZdVNpOXUxWlc5Z3U3bDZUNTdQWEEzZEpFLVpqZHZoV0Q1VE9tM3JoNzlIQjRnZUY2U192QjdtMXVnVV9mTVJsSjV4SXlCVFJfZzdDRTVhRDBUV2hXVjYxcjdfOWhSUmtQdjRsTHMzdGo4MmFlVWFkS0VadExtd3RpYUZaRHphdw?oc=5
2026-03-10	Google	0.068	New bill would allow local governments to reject solar and wind farms - wjfw.com		https://news.google.com/rss/articles/CBMi1wFBVV95cUxOaXM3MmJ4OFN6OGpVYTBIUmpYYUh0clhzellSS28xVEhicmExTnpYRENBUWM0M3E4WXRCVFB0VHZ3TTNsdHRYVHNjQk8ydVlhTEl5Vm93S0Q5bUhhUTUyU0ttT1NOd1JGeGV0U0xZNF8yOGFrSmgtX3hOMk43cm9RRE9KVzVyVkh3aFhmampKMHU3NUM4b1ZoMi0xUlJyZXMtYkctNzhHT2hoMkRBZVdjZDFFcm1sVW1PN0pZY3NfUUNsLVJCZy16SFE4M0FjcS02ZEFUNVNNZw?oc=5
2026-03-10	Google	0.068	New release: Energy in Europe - 2026 edition - European Commission		https://news.google.com/rss/articles/CBMifkFVX3lxTFB3dDBXaXA1OFVjX01aTjNvSEdIMHc4aGhCeWo4SVF6VW1PRXBVWGZ0M0dEWG5lb29QNGg3S3kwZ2p3UEJsSy1KazZwelZSbzFnbnFTSXotajhpRThiSmhvUWktaHFkd0VJaFhHZk12TGZNY211MGFSdmVnWTFWZw?oc=5
2026-03-10	Google	0.045	Energy as Power: The New Geopolitics of the Global Energy Transition - Pressenza - International Press Agency		https://news.google.com/rss/articles/CBMipAFBVV95cUxNcjZ5a3lobVlqSDBsYVJWYUhyZ1VHcUZkQW9kZjlvMk5LcHpmd0tyLVVpTG9xMG5Cb2h0eUxQdmR6eFVvNi1fZUpjdVJudzhUMmE3XzlTel9rbzlXSWp0NHBiQ0NDckFITUFzVUFEdE50WkVtdDhDRExBYzU2N29BX1B5VWRwM0otYU1hVTQwREJFZWpaN1h1RzdMdzI2YWpEMldIUw?oc=5
2026-03-10	Google	0.044	Renewable Energy Surge: Solar & Wind's Big Eco Wins and Hidden Costs Revealed - Nature World News		https://news.google.com/rss/articles/CBMiyAFBVV95cUxOVjU1eHZTZ2JHaGgxRmVMUU1CWTktN1dKQVJyZ1EzWUV3Rjh4eHhqcWExeVZJSGZnSlRHcVhvSFM5QnA3amh4czN2RllwSXNxeE01bE9DaTg2ZVZwUTJFazVtU1VIRWdIa2FFQUpuVFhiNzhCX243RmNnVGlnRnVmSGpiam9aQUtYc0pERTFER3FobGV3T05ibXF6ano5TEZMcVRZZUhvaDRPRXlmRkF0UDRyZ25SblMwRFdPdFRUZk96TVdnX3cxMg?oc=5
2026-03-10	Google	0.0	A reminder, as oil prices spike: EVs are the #1 route to energy independence - Electrek		https://news.google.com/rss/articles/CBMiqAFBVV95cUxONURSUGpEX19aWU9jQVZ4TnlRLUgyYnRuTkYyRURsTFVlUk5OaEY2YWtTNEIwUGNibWxOQm5UMDh5Yzg0NjNMMkxON1Q5a09HY2QyYVdXZzFTNzVscFZJRFlyOFhaUGwzT2tFa0JPcGhnYWI4clZRZWVWQUNJSFQwVF95NGcya3FEWVJGcmV0UzFudXotT3A3V0hTYVNwUWF2azFFaFVZTms?oc=5
2026-03-10	Google	0.0	Advancements in Solar Technology that are Changing the Way We Power the World - The San Diego Voice & Viewpoint		https://news.google.com/rss/articles/CBMioAFBVV95cUxOX25HSFJCenRlYjJqaVdsYkR6SUk2aXlXVV9mU1Z4bTNsV21GYVhvZXRMSjNrXzNaWW1NeHExTkx6SElPZmFnZjhrMU1zeWVwRS01alhSeHFpMVVRaTJxMTFYdnpIcWJka1MyRDFBSEdXVWR4dDVPTzROakQwT2dyb0o1SUJnVXpiMkpXTWQwd05mUGpiWUQ5bmZJb3dXanpi?oc=5
2026-03-10	Google	0.0	Advisory services and capacity building - energy.ec.europa.eu		https://news.google.com/rss/articles/CBMiqAFBVV95cUxON0hWNWpUVC15X09QQVJBMmlsdGdMX3FvTmk3bVotbTNYSkJZNTZUMlp2QzJFbmh6VVAzR0NMaTI4T0RlR3c4UmxpZ3lkRk9lUXZlYUFlaWJ4VmtZS3pFaTczaUFFMlVUY3ZzX3dtOHJ5T3NHMWxfWFdVdWlWbXRCWjFiRS1nVVl4UjFDVTdYSGNnRUF4R3hfcHpWUi10RWZQUXdWbXAwbHM?oc=5
2026-03-10	Google	0.0	Alliant Energy Brings Solar, Wind, and Energy Storage Projects To Iowa - The Business Download |		https://news.google.com/rss/articles/CBMiowFBVV95cUxPVXhnMkZqU2RnVTNNd0RKM3VZUjdyUE5XR25pVW9BNHVWY2tBSzRGeExBdzl2blZrV2F1djZZV1ZQQlJGbVJmbldMU0dORkpxNHhJOFdqM3pEbUJzZzhLMldyU0pNX3Nia0d0UXVwWURubzlHSkJmaGxSVzRTSmpHQzQzUndOOVFQOWY4cUl0X1o0VjVTT1ZQQjhUZ1gtcnQ1WmRz?oc=5
2026-03-10	Google	0.0	Appeals court upholds California’s net metering 3.0 - Utility Dive		https://news.google.com/rss/articles/CBMilAFBVV95cUxQN0ZtMzlPRHJ1WmdiZ2xHMkFnMkVra1lUT3RZLTFZNGxiRVBWNHJyUWxpYkhqNVExeng4a1RzcEs2RkhWQU0teGVRMWZsdUd4bXMtbXBPNV9CZjI4V2dDU1JkbnlNZEt0U1M0aDAzdWxUYk9sT1JXTFI2ajNSbmwzRGxIS05ZVmZhLVVoMWNWeXNCa2dk?oc=5
2026-03-10	Google	0.0	Appellate decision sends storm clouds to California solar panel customers - Courthouse News		https://news.google.com/rss/articles/CBMiqAFBVV95cUxPbVB2YkhoZFlYUVpGMjBCQzd1allFcU1KZmJyWjZnYzdHajJ6R2Z6ejA5TE95RF9zTVFwTG1hclNIeHdCWEdkaUhXQ2ljRzBWLW1rVFFoU0NHZXRzLVptVEFVQVJSbk9TQzNWNFduX2ZUa1p5VTdKb1lTMjhrak8yOXpjSkFTQk5lbEZseVF5TTRvdEVEYjNocFF3QWlOVVpvbkRudnAxLVE?oc=5
2026-03-10	Google	0.0	Beazley acquires kWh Analytics to scale renewable energy underwriting - pv magazine USA		https://news.google.com/rss/articles/CBMirgFBVV95cUxNYWpXZVlndkJvSVR1UFJYRkQ5STZWWGlvU1g5TFBCWC1TSzMyWmlZTWt2WVdSUDBhWWdwY0I5ay0weGJpSC1vRXVsMGhzb0lvT1hLalZjU0VSQmUzR3h5eFdncjlESTE1aVZaZnFZcDJaWTIyWUd1TmhjVEhjNk1faUZ5V0ZUa1FPX1ZnbGRJbUp0QlZWNnZsVUpfUjBpWkxEN3I4VWdMa3hYZE1US1E?oc=5
2026-03-10	Google	0.0	Beazley acquires renewable energy MGA kWh Analytics - Insurance Day		https://news.google.com/rss/articles/CBMilAFBVV95cUxOT09wdFU3QjVLbDFIRkJHc0hldjZhV01mWWxPbkNER29MQ1E0TThqU1BQc3pFODZVTGpUWHVydkZERmNtb3Rob1hTcHVKWlNWSFNQZnNXWkcxS3V2bkcycTFnZ0t3ME40Vk9oUFR4ZVZyd0J2S2ltb3pfM3hEN2N2S0RiejdDU0hjMXZXM3RZX2w0NlVW?oc=5
2026-03-10	Google	0.0	Beazley acquires renewable energy MGA kWh Analytics - theinsurer.com		https://news.google.com/rss/articles/CBMiuAFBVV95cUxQc0RmaDBhZmoxbjA3SEowX0JobEs1Y2dZdXlDRGpHcEl4RjM3VXdZeElKOHNPR3ZxLVhhYUdWRTlhYzlXWmdoTndoYVVNUkY4ejRsc1A0Mk9kSktTSkpkM1phVG1VYlhfSi1qOXUxdzNfa0dUQUNHNlJiVlBFeDlNRm9BRkRZUjk0MkEtczJEd2ctRDhYbmFpeUR0MUVXUGItckMyaXJEalFzN2RiSzg0S2dFQnNNbWRq?oc=5
2026-03-10	Google	0.0	Beazley reaches agreement to acquire US renewable energy MGA kWh Analytics - Artemis.bm		https://news.google.com/rss/articles/CBMipgFBVV95cUxOWDJiZEtIOHFWRHBpcldQRXVXRTJ6OWgwcHlod0s1NjNDT1lyRHBYWUFqSWktcW9sUVlNQWdrem9YUTJZTG9sbzdkQlRBMFRYcW9INlAwcmo0ckhROHRueUtvamVuMjBvamhPMGFSY2dDTTMxOWczVXZXMy1JeFNNN0JEenBOdTdxNnlPaEI5emhNaHRHVmhVXzVydlRURzJrbkIyY0dB?oc=5
2026-03-10	Google	0.0	Beazley to Acquire kWh Analytics to Add to Renewable Energy Portfolios - Insurance Journal		https://news.google.com/rss/articles/CBMid0FVX3lxTFB0b2ktby1OYzkwRmdDdF9neDlERTdYNGJ6MHVoQ2c1OFZpbVJTYVhvZkhtUmQ3LVVmTTlQaldESGtYcFg2enZHdDZIeGlXZHRqUG5pS01DSkxsdGRQTUgxX3JOVkZZdExDeGt5WTNNWXl2cU1XOFUw?oc=5
2026-03-10	Google	0.0	Bill would require local approval for wind and solar energy projects - Spectrum News		https://news.google.com/rss/articles/CBMijgFBVV95cUxQNnpnd2MtV3pEbTRiWDlFcEJ3b0Fhdk92cHE3aEJYWWUySjN3WWVUSFZvdG1KU19ZSWgtajU1REc4OXNOUW80dmdJa3REQ0JlT0xtcFM2QU8wRGVfQzJRZG9GalJLRU1fcFN6WEhrREJLanIyRmdnZ0tDcVZmYWpHQWxzUndGWTFoYjRnM1dR?oc=5
2026-03-10	Google	0.0	Botetourt County considers solar farm in Fincastle, residents protest - WDBJ7		https://news.google.com/rss/articles/CBMioAFBVV95cUxNSkRLQmJpOERYcm1qM3Jwb3lKM012Z2Z3eEFYUmN2MHVhcmlsNWJqQ2dzTUg0alRfbWhUdV9nTm5BUndCUFVZN3FFeWM0ZzU3N0lDMy1jUWZKOFlYYV9tNHZFZ0U4S0hEbzJhOUZQS1phaXFvRjEyUGd2ZU8tVXdfVjFJZ1lZM196SktnVnowdGx4dFNTV3pmYy1jb0RMbExF0gG0AUFVX3lxTE9hTXgtdTc2Yl9HSU9RX0o2dVV1OVVYUW1VNFRnRHM4QjdiQ0MtbVJ4dm1BaWlyNVUzOERrdmJTSEdDRlFwT21mRjFzUTh5Tzg5eEd5ZVJsVEoxbHN4d3N0cjByWGVZNmJaajZMT1o2QlUyQXBmLTBHT0NfY2ZzdkNnWGw3WVFzdXFKcEVCVkY2N2thbVdVOXlFN3Q0ckhoZVR2R0JxMkVNRWNnamVwTkJVVnpFSw?oc=5
2026-03-10	Google	0.0	CIP Raises $1.5 Billion for Energy Transition Credit Fund - ESG Today		https://news.google.com/rss/articles/CBMiiwFBVV95cUxPcU1aNkFnWHVHMnVmNV93czFpVDVDTFd2VldQYlI1dzBZdVFDb2Q2YWpEWjFVYy1yZjBVdHp6LWRBSVlDTHYyZjhLNmVDT3JvY29Hd29CMlo1Wk5VZEJvU3lHOXhkbDVDeFdjNVp0X19tVEJRUzgzUVBtbkhZNHBOVTQzcVlxMm45QkJR?oc=5
2026-03-10	Google	0.0	California Appeals Court Upholds State’s Rooftop Solar Policy - Bloomberg Law News		https://news.google.com/rss/articles/CBMiswFBVV95cUxOc0hxRGpVdGdOME5wVUhJdldJeklwdFJvTE9WYUtWN3NUVkFBNUJkaTlEd1FpbWkxOHNJNk53WDJOOUk0MjU4NTFwamdQc1Z2RHZ6eVBnNzl2aUpKTkR3N2FmSFpzVzc0Z3JuS3BLSHFzT3ZsbEpXREJWTGdFUGdlS0MtMlN0SnhjRVV4WWQxMm1KMzV2ZEkwYmVRdm0wN2ZRY0Jjcmd3dVVtLV9xMU45aFhQVQ?oc=5
2026-03-10	Google	0.0	Coal, Gas Power Plants Shift Toward Backup Role - Energy Intelligence		https://news.google.com/rss/articles/CBMickFVX3lxTE5xUnNJMlItdUFsaTFkTjc0T2RXeHJMdkRpcEgwS3lmN0pOSXNlZGNPaXI2UC1GcHBhZVVpM0hFUW92b0NiQVQ5YWxmSWhPOTlYS3pERXZsVWZFTXhIWTFQVzFFbHBpNlhWbWNrYzlyOHBsdw?oc=5
2026-03-10	Google	0.0	Colombia hits 4 GW of renewables, reaching 17% of national power mix - Strategic Energy Europe		https://news.google.com/rss/articles/CBMimgFBVV95cUxQcU1LU2hKakpJSDMxYjhscE1DUnk5SC13OUJtS1E4RjZWcWRwVUg1TGduaXVYc1JhZ1MyMi04ekxIU0xYZW5Pa2pYYVQ5aDZIOEtWbXZ4Z21JVUVlaDFrVEt0Y0NrZDAwS0haekxwVXdXV2JpLTZiWU1kOFhITDVuWGdKdGE0OWxpbGMtb1lwSXBjWENSdFQxWXB3?oc=5
2026-03-10	Google	0.0	Corporation Commission Scraps Renewable Energy Standard - AZ Public Health Association		https://news.google.com/rss/articles/CBMijgFBVV95cUxQM2V4eGJUQ3pqcTBjNE0yZ2JsZmItWm5EOTBTOVF0SV9heUlRQms1RXBIRG5KMGZXak1vR1FncnBxcFdfWXNwZFZEVEpfajdaTk04ODgzYXBwZk1MZko3dWVScDBqMVcwT0prWUU2aXhMV09KejFIbDBScklKRGljcENMazh0UTZrbk82cXhR?oc=5
2026-03-10	Google	0.0	Creekstone Energy Secures Largest Solar Lease in Utah’s History and Receives Millard County Zoning Approval for Over 1 GW of Solar Development - Business Wire		https://news.google.com/rss/articles/CBMipAJBVV95cUxNOHJFRlREY1ZQdFdCeGRhdE1CblBGTkZjQ0dZdzM0Zkg4WnhoaU9FaU5vcUNkcVNvMWVkOXBacVkxb0xlMDg5VEhZbk9NUlV2NE1iNXVSNkJSMDFvcVh4RWNuRVNYUHNjOUpyU2xWeV9KSjEwUlBsUWdFN2J4eVF5ZUZLcUdqVVRrcGo2bmtWZ3BQQnBoY1BOaXI5ZmR0WXdBcm5JWlViQkd6bW1kbG9SNHVMNTFZNmY3aXdLMVZPZnVfaGxEQnJsODRnZm44QTB1UTBfSjFaTlB2cm5EcDNXbzcxYVdiMFBHaTBjQWc1S3hsSnY2T2Z4S2daaTB5Q1k5cC1oQnZycVQ1N3lnUDVzRVhfNlFlUU9ZeXRybm1obVdzcEhP?oc=5
2026-03-10	Google	0.0	Douglas County commissioners to consider extending permits for potential solar farm north of Lawrence - The Lawrence Times		https://news.google.com/rss/articles/CBMibEFVX3lxTE0xTWgxejRYZGhpQWx1eHBiSFpsSzBlYTRWbXc1eG5kUWFEc1lDRWlVdW1YMDRmNjh1LXkwb2ExSkZ6X1NKQUlLZUNPZjIxSXZCSlZUUE9MZTJrQVlvWXdrVlpvZXE1R0E5U3Y3eA?oc=5
2026-03-10	Google	0.0	Driving the Shift to Renewable Energy Curing: A Closer Look at the IONOMY Ecosystem - Coatings World		https://news.google.com/rss/articles/CBMiwgFBVV95cUxQcU82Zng5Q2V4V1ZudzBUbHNwZTBISC1oeU5venBzTmVCU01mTnJQbDFCMWpaWGs4b3ZaYmt4X2hCLWpSaEl3UGpDbkhpOTNyNlZUWmNYNHlaWURqSGRKU1IzTjBCT0dnTUZpUXFMV1IwZk1LRkpOTldTeHBDTnp5QWdhU1J0QVBXVThneThyVU9IOVJLNW9xdDdnSHFOS2JsS1hwLWxaQnRqS0VCQlgySTAyWGZDSUhQQjNyVEh6SXYxdw?oc=5
2026-03-10	Google	0.0	EUROPE ROUND-UP: Sonnedix, Helleniq Energy and others close European solar PV deals - PV Tech		https://news.google.com/rss/articles/CBMiqgFBVV95cUxQeEhxQzBzZkJMZ3hDZ3NDWTF6TVhCQU15eko0WHRNdWQ4RV90VDF5TlhySWc2azNNSmlOUHRpcU9kTDZ5RW12b25NWF9WNFc5ejZDcmtGQko1ZER5QTJBb2EwRzJ4U3NnMXEtT0JiblBuNHNkbHUtbWpUdy00MkdNam9ndkVIV250dURBT2w2ZjhiZ2pSRlZHVy16aEYwaWNrYXZHTGFnTC0wdw?oc=5
2026-03-10	Google	0.0	Equator Renewables Asia Raises S$50M for Indonesia Projects - Fuel Cells Works		https://news.google.com/rss/articles/CBMi4wFBVV95cUxPZmtwTzdlU29BUXgyS256bU5DeUF5TDJRellrSmVLdUk2ckdyREx4UzBYc1Ryb1E3QWxSSEVmeHNmMVhNblM5ZENkelc4V2VhNUFTOFJxRDROR1pJOUE2VFl2SXpCOWNjWWZVN2lFM1kta1RxczBxdFBza09RWHFlZ2pYV05GRUVMRWxadmNESlNHbC1sWDkxSHhDaFV3QkJ2RmlQTjNRUThERUFmc3p0TmZRMHd2b3JCMEowdUIxYURZZlRmSHg2V0o5enptdENxWkhoZzdFUjlhT2tZRnlmYzVXTQ?oc=5
2026-03-10	Google	0.0	Euclid Launches 24-Hour Diligence Screening as Renewable Energy Deal Volume Surges - Yahoo Finance		https://news.google.com/rss/articles/CBMihgFBVV95cUxPNDBsMTVGV3N0c29uTFp4VGs4bGRyd19SZFdQZUdtZGx5UDB6NXllMi1NQ3hMS0VKTkZpMUlibXFFUU5MYmxzLVpYZEk2NENLNzN6c2hvanZpZ0hjQ3FtMHlWQllfZnUzWE1TalJxcFY2LWJCYnNWUHR1VEZRSVU1UUdTSVJfUQ?oc=5
2026-03-10	Google	0.0	European Renewable Energy Sector: Project Milestones and Financing in 2026 - News and Statistics - IndexBox - Market Intelligence Platform		https://news.google.com/rss/articles/CBMipAFBVV95cUxPV0FWMzVLSk9zR0pJbHF5RlVfOHhFOVJPc3FOMVM3LTF1SERaMW4xbUlDeGo4MVFPWGl2T0VIaFlQaHprQ2RoUFpNVjQ3RlF4VjFWQUhVOXRSNzMwRWozMTF2SWZOVzRhVzVPR1I0Uzc4UG9Fd19zd2VONXJ0b0ZvTXBDbjRIY0c3LTBhdXpReFB5dDRRY1Y3Rl80WENhU1dQb1JDMQ?oc=5
2026-03-10	Google	0.0	Global Enhanced Geothermal System Market Growth Fueled by Renewable Energy Transition - AltEnergyMag		https://news.google.com/rss/articles/CBMi0wFBVV95cUxQeHJYQnJXUXNOLUtPbWRRUEdzNF9RVlVjU1JZSW9iWTdsWkpFYWtJN2hXbFlmX3ZNVlM4dGxpS2k1RU5DMHFUa3lMdXZaTm5JMXdtOUJqZUtDZW14d2RIVlpZeVNSc2F2d2NLN0thSnRTV3VEMlhaLXR2Z2wxUTIwOUlQaWY1U212eDZsaG9DYmFfc0doOUhMTUhSNnl1dmVBNjhOZzFySzlMenJHLWZFaXM3TFJHWWp1SkJWLUJOVVFvQ2xnTkNtYlFzVkJMUnh6ZUpj?oc=5
2026-03-10	Google	0.0	How Oriental Rise aims to turn tea plantations into RMB165M solar farm - Stock Titan		https://news.google.com/rss/articles/CBMiuwFBVV95cUxPcklrSklVV0JCWE1Ra294UTNUV29DUGhQM09vd29IWUk5MlZGcEw3R2gwclpCb3RqMjlBazVLMDJGYml0M1pqdDEyTV9rZ2g2eHl3cktKVjh0UHZ3Vmlidk5FRk9qR0poVEtrNVVIWk9vTVpYRUtSUWg5OGEyNkVVZHFlY1dndHZLcFUwc3I4dkJJWHhiLVJwakM1cVNfby1YMjlXdklMU0VSTVZ5ZVRRbE1BYzJZWWNxdF9j?oc=5
2026-03-10	Google	0.0	How falling battery costs are igniting race for round-the-clock solar power - Reuters		https://news.google.com/rss/articles/CBMi3AFBVV95cUxPUVJmNFU3Y1FZMjlEam82LWJCci1nVVJQbWc2U2o1NnJ6aXJNZDl6d1ZOWFZBSzZPRlF1NzR2TWFkMFJwd1Ewa2pITElNVk95TTFCM0hmaE13OXNuellwaWxQSVF6NzlrREw1Mm5jN3phOS14RUVYdXdmZ1FqbTlya1NaWG5FNm5SdVh4MHNsTUF3OXE1Tmk4ZjRfSFA1SXRjRzlaWmJycTBtbEt1cXdIZmtRMjJFQkoxQ2JxZU1CZGl6bWhDemZWMzhqeDNvTVNRV25qWVhhWkVsTHJj?oc=5
2026-03-10	Google	0.0	How renewable energy shields countries from oil shocks - DW.com		https://news.google.com/rss/articles/CBMiwwFBVV95cUxOS2xnak9Ob0pfdWUybEpkQldGUGYzc1kxS0JkSmh6OV9Xa2N4OEJJbU4tYXg0UUk5clE1SThhNDdpUkJKdUhuQ0ExdzFyWncyWDctdm0zUl9DdVBDSnU1UXdlMVRDQktjcjJrRWpJRHZDZ1VaenFmVGZBVVg3S1dBUGxXZEwyMl9hd0s0Wk1NODRaZFdzR3V5cXlPdkwwOFRkMGEzUGpBN3djTkRfc2pCZ1p3ajBodnBURFFHNlpSLXE4YlXSAcMBQVVfeXFMT0FjeWgxUXdpMTRWeGR5dTdteGE0d3ltdEdfbFBFdllZQXhPaDljREROMXN0enRjV1dOQnBSM0pGWGUyRGVjUnpwVEd6MTd0MlcwelJWXzQ5ZGFVNFl6RGhLZUxuT2V2TlltRW5ySXhxalFBNHk3WkJBbGNHdTN3NnpCa0hhYThXOXhzMUEza0JJTUpZOENzR1NXb2ZGc3RnZU5iWDVZSWtKSVFqYUZYdmZfdVBGQWZ6QTZRTmRJQ0p3eEY0?oc=5
2026-03-10	Google	0.0	If there was ever a moment for Australia’s shift to renewables and EVs, this is it - The Guardian		https://news.google.com/rss/articles/CBMi3wFBVV95cUxNRFl2eDZENU5TaGJEckRtT2dOaldOd1MyWFM1eGZfcWdudUoteTBvMnhmVDExU2FBYTdseWJpeUhlbk5LZ09oek9xUUVvVExXWlJRZEp2UThwNDc2akJTbEJGbTVacXc4cjJmLWtLdl9BZEZCc0pfZTZ3OGh4YWxPczY1cHllOFNsNFNQV1lKNkNkTmFCdzhqZDRLUXN6UTNNMlVheVByWVVKMFNhTjd0NWZiS3A3NUo2Nm1BMWtFc1hMbjVYdHlIc3R1R2ZoU2UtazBnYnU0c2RhVTF0cjJR?oc=5
2026-03-10	Google	0.0	Industry and Manufacturing - Environmental and Energy Study Institute (EESI)		https://news.google.com/rss/articles/CBMib0FVX3lxTE9TSFFxZEpJRHNoYWo4TGhtdmxhRUluRU5PdDFfWWZqdmpyRVJ5VnVMUzRKV2IzNm83OTN6RlZ1eHgxOUtYeXItR05jZ04wRkJob1dIdmluQ0IzU0ltcUFBT3R4WjdGalY1aUIyOTlYYw?oc=5
2026-03-10	Google	0.0	Intersolar & Energy Storage North America Opens Registration for 2026 Midwest Conference and Tradeshow - Business Wire		https://news.google.com/rss/articles/CBMi7gFBVV95cUxQQTJtazVpM0ViM0IydXVNcV9wQnJKLW5odGN4bnJIT3BJT0p2TWRZX09lQkxnWktZOXd3M0IyZWJ2NzBGd0ViOXhzaVFrYjgzcFR1SWhyQVpOUUlleWNjSzI3WDJlcThqWDRjLUc0UWk5WWVuMW5qeENadFlRbHdJSVZGYjJKVFZYUXFLQ3JKVjRjX2RzQW1WOERtQmgwZkk5TWE0WVRjc3RqeTlwTUs4NVNjYU4tdkt0SXNyUWFuZkpsQ1JKb1p0MXU1N1E1eXlQTWZYNHRCZHM2U1pmWjJCdFhyMUdjVjYyUXZKMWhn?oc=5
2026-03-10	Google	0.0	Inverter Protection Devices Market Driven by Global Solar PV Expansion to 2035 - IndexBox - Market Intelligence Platform		https://news.google.com/rss/articles/CBMirAFBVV95cUxOSDJYRW42aGFKcFFLR3pNQ2xUWHhsMlAtbG5ySlpoVjQ4UmJReUNmSHZNWHFDUm5wWlhFXzlCbFZ2QjVVQUVPT0NoSXBjaUJucjQyQUtTNGs0SlBqT1ZhVTlaQWQ3NWl2azdIUDl0Y0s5RU1JVXhQdlp0UnZHRVliSUpQYmp5YXF1eXBjUE84Qi1LdVJ3YS1NSkZLMjNIM3NZc3p5MFRyUHV2eWhk?oc=5
2026-03-10	Google	0.0	Iran war roils oil trade, casts doubt on US fossil fuel push - DW.com		https://news.google.com/rss/articles/CBMiwgFBVV95cUxNRUhHUmNCVVpScUxuYkoxRDA2Y05ORnJnWlJmc21pQV9hYTdDeUM2WE9VTTA3cnZtdUxwNVl4TzZGMmU5LWR6a2hrM1Nnakg5dV9nTHFiWXRMeXFadzhWYkNna2R2VW1jWXVUZGRka09DLVd5dmRYazM1Y2FuZ3NVaTZNcUVyR0hzYzRhUkVnMWQySmZhUmljY19CV2Fkcnhud25fdF8tYVVoakJIWHlMdWRHV0VUODJpdkRVN1ZPelpwd9IBwgFBVV95cUxOQjA3aGswQVpicGNCX1Baek12NnBmWGt4TWE4RENWY2dCVlpnTWk3eUFtdm1LbmVNSVNFeDZtX1pQWU40ODRxa3pQQ1hRRlctRzNUaXV3dVJsQzc5Xzd0VjBZb0RFQ2hWMWhyMnJTTk55M0xKS2Y1M0kwNVV0Z2Z6QWVaOWp6djBUbjlZTW5oWTB4RGJiTG9UMFBiSGplS1A1azhMXzhteFZ1VzN0NkZYUkJ5RGJVOGFmUWZ0N1dpR09rdw?oc=5
2026-03-10	Google	0.0	Iran war: Profits for LNG + Tunisia: Electricity for Italy + CBAM: Exemptions for fertilizers under criticism - Table.Briefings		https://news.google.com/rss/articles/CBMia0FVX3lxTE9QM3Zlcks0cXFKUTI1WGxVVDRyT0ZJcVBWOFlsT2tsVXRQWVE1bVhoQWxES3BUUXhJdU5EQkt1T3J5TExTSkpDYnFxMHhLN2ROb2s4QUhRMk9mSjJZeFBRQVRuaDJDWU9MOEJV?oc=5
2026-03-10	Google	0.0	Kentucky doubled its solar power capacity in 2025, a state record - The Courier-Journal		https://news.google.com/rss/articles/CBMi1AFBVV95cUxNTC1GaWRWRDFTTllPQWVzYkF0VTRGdkY5ekFTYy1ESkw2aHh0YTN2Qzd6NFlHa2VhWmRaLTV4cGJpbVhYTlBtZVQ2dWlJSXNDQjJUeU9IWmtTaThiTU1KbHV0OC1CankzU3FRemxUWGVCS3QzeWkzWmpuNVdhMDBkTWZGNGNINUhOUEUzMzNUZlRXZG5RWmFTUmVQV2VTeHJUakM0Vjc2am5yY1QzWGgzMkplQXM2M2NLcHlHUEZEdDN4V25HUnJKTnhtS3R4dlVVVlRGRg?oc=5
2026-03-10	Google	0.0	Lawmakers to consider ‘Affordable Energy Act’ letting utilities build renewable power - WBAL News Radio		https://news.google.com/rss/articles/CBMipwFBVV95cUxNazNvc3RWazBzNGZsT2VvVkhkZzZ2SnBHX2xRbDBnaU9wT19EMFVIRU1FaUcwMDFBMU1YVjlPa3hHeURPbUVELTg1OTc3WU4zZ3VvaFFvTUZmeDctM0lCVFkxSlhrYTlEd3BZcW1vd2s2WkNtSF9VNFd2MlpKWU4wTHZpZV9ZVVBLMnlRSWVIVlRGX2JyN2M3c20wREhVendUbzF5aTlBSQ?oc=5
2026-03-10	Google	0.0	Lexington council committee advances solar farm proposal for agricultural land - WKYT		https://news.google.com/rss/articles/CBMiqwFBVV95cUxQc05BWVBvWnAtb0ROWWlpcUlTRjFXOEhTUUhtRnd4UVgteWNMc2F0Wi1BUnRESG84YXYtQTV0bklGdVE0TXMwa0ozUmtSdWtOWnFPTUdOVjhHdnlBUEk4cEVyQ0p6UmdqaEc4bDQ1ZkkySVV4NG02em1tTWt3OFRicW1UYXliZGtGcFNLV3ZfekJuLWlZR09lM0ZISlNJbl81UlF6cm14bFBJNmfSAb8BQVVfeXFMT2V5WEpGamZ3RjR3ejQ4NlJoZXA5Q0ctOWgwYXFnX3o2Uk9oV0JaNVhkeTJ1UVAxV0RoUVNGRUpGN1VyczZWVFBjQjZwZ1JuLVJvTi1aZjlTS2x6Z0txTWRSb2JGeVVXaEZIcExaYkZLb3FrTTJjM2FtYlJwLW90Vlh3YlFBaTdQcWpIaUVHd1pobDJRMlNOV0NiRWhMUG1rVVp4dmQwWUt4RzM5R05RQzF3a0tPb3Z2VUFyN0VFSUE?oc=5
2026-03-10	Google	0.0	Low-Carbon Energy Not Immune From Mideast War Ripple Effects - Energy Intelligence		https://news.google.com/rss/articles/CBMickFVX3lxTE9xMVBuVjk0dk1UTjNrbkxZYzhJQ2E5UVhuOG5oSzN1S01SNVR0S1o2S0N4Vnk0VWI0WjZCZTI4bnluRXQ0NnE5cC1Vd25tZXJfN2VsZ0laSjhIWTd0LWRCTG9GWnIxT1RINHBjSGpETEhUZw?oc=5
2026-03-10	Google	0.0	MN bill aims to name community solar program after Melissa Hortman - KAXE		https://news.google.com/rss/articles/CBMioAFBVV95cUxON0xuRTRSeFBGVXYwdzR6Y1hkZC1xX1FfdnFKU2NURUgweUpqS05CU1d4ckZQS2UzeTJGMDlodlV2eVZLbzZGLW5yV2RIbTJQTXRoRE5WNmtuRWE3S3ZmSHVURDJXWVlnM1NzR3Z5LVBFWjkxdXJ2R0pLZ2swSnZEcVgwRWRWc0had1paLU1xOFljRjhZNGlnb19HbTBjNUxJ?oc=5
2026-03-10	Google	0.0	MUFG Announces Participation in Refinancing of $3 Billion Capital Structure for Atlas Renewable Energy - PR Newswire		https://news.google.com/rss/articles/CBMi7gFBVV95cUxQM0RnVVgzdUlPeURvcHpmR1d2X1JBclp2aFNHRXBYQ0UxbnhiOHdVeTZ6OFRiOVZaRVp1ck5PdGZIdFRDRmdmNkZ6cnQ5SjRyYmV0QURWRF81Nl9GM0I2RHVpUEtTMUtTdGxoQVVhY2Y3RDdxT2l6cVhuX1I4REswV004NGhWYWZfVDhpR3NGTE54NUNidVJYcDlfdG5ucnJRbnp1MTF3TnJvVHp1eFlINzAzcEdoSVktWW1rSzJkUmZFc1c2dEk4aTR2bTJfTkxTT2ZLZ3NnVEkwbWxXS0VaNFV4WEZiSGs3ZWhQZWx3?oc=5
2026-03-10	Google	0.0	MUFG backs $3B Latin American renewable energy refinancing deal - Stock Titan		https://news.google.com/rss/articles/CBMiuwFBVV95cUxPbDVLdVdScVdzMkZXVlA5Q0JZNDdfaGlDcnpnY2pHaTIzNjJBc0xMY2xEUDdpV2Z0VGhFUTdXZUlsZndCckdNalhfTFNkTDlVU2lUWUFRRGEwYnlEOXgzRnhGV293cVJWd1ZQUlVQODBncDN0QzZNNlR4Njhsdm1TcEJ6VTZ0cmdlSVpKX3E2YlI1dF81Tkd5LXpJaFlZV2xsaUFUZnRoSTg0RnNsWVgxanE2eHVGbWFlNW5v?oc=5
2026-03-10	Google	0.0	NC needs to ‘supercharge’ energy storage technologies - The University of North Carolina at Chapel Hill		https://news.google.com/rss/articles/CBMikwFBVV95cUxOT0pFYjhkZlRYckE3WHRLbHFiQ1RQQmVxRXh6eHJFN2EyV0VscGtUNE9CZlMtbC14NG9mMnhEbVYtRGc3RWlEcDIzUjdIa0FOVUxlUHJZWmlWWkpzT3pXMFlZZzU1bDZPX0JZeDBJZHYwR0N5TTJoeE1JSDlWMk5jTnpOMDJsMHh0NU1Db1NpWExiNnM?oc=5
2026-03-10	Google	0.0	Nova Scotia shoots for a renewable grid by 2030 - Power Engineering		https://news.google.com/rss/articles/CBMijgFBVV95cUxOZVRESHA3WDFERmtPdlhqWFU3T2xaNE5nT2N6NmxXSUk3eTFzWl9hTFFRamNKTGFfeV8ybVhOMUVDTUQ1d3dwSlFTR2lPZDJzY0RVZVRGeURMZmh2dUszQXladThNWEZvRFFaSzJ0SXNxLVlHRUFEXzZYeFg2NVVlUk9xekVXQThKMTNjNi1R?oc=5
2026-03-10	Google	0.0	Nuclear energy is cleaner than renewables - Chamber Business News		https://news.google.com/rss/articles/CBMijgFBVV95cUxOeGFITnF4MEEtb3VQc0NzZ0RVa2dtNWk3dVpxNXNfYmpVMVB0M241U25EVzBxS1VSZWN3VXFpMFRQeUtwQkx0R1k5Z0FlX1ZpQUxWRFdmNTQ4WTM1NTFwSnc4bXE0U2J1aVkza2EyUFZFZk5HeHlfVXhydkpiWk44S05vZll5b3hZU3RfT0dB?oc=5
2026-03-10	Google	0.0	Origis Energy Announces $545 Million Financing for Texas Solar Portfolio - Energías Renovables, el periodismo de las energías limpias.		https://news.google.com/rss/articles/CBMiqwFBVV95cUxQWUZ2ekU3ZHZpdjRwY1pzZXE4dUNKdTJqWFVJbXhvaXRUc3dNSnE2dlBmbGZ4eVRtMXVGNTRLTTh2M1BmajZxQlNMb1pDTVBYTnAtemtmc1ZZck1ULUpoUkptQmg3TWhmSEFBN1ZEXzV2ZVFXcC1VV2puMk9ST2xsdVpudl9lLXY5S1NZTXk2ZGI1dnh1WnNRdjNpcFllS3hlVWxVc3NCMXE3MGc?oc=5
2026-03-10	Google	0.0	PWRU IPO News - Turkish renewable energy producer Yesil Global Enerji files for an $86 million US IPO - renaissancecapital.com		https://news.google.com/rss/articles/CBMizgFBVV95cUxPVnZGZXFpQ0NxQ2pvZHN3OURVODVCTGFYajczbUF1SzdOZUVfMHBSNzlqeGVVcGR6Rjk5djA2dlJKTlkxejUzeWFuZ29IZDdPMDVDeFBBX1Z4ZTFRbXRVbExSQW55enJDNThGamdVandqUHBJa1JvRXhubTk0THR3T0RtMll6NjBNYVlYbzlwUC1vZ21JQWs5SHBycFdJcHFLZUlWNnRpNEN2SmYyZHd4dVpfeE9MQS1FYTh5bk9Pc29hWnVsb3U0MmJjM29rZw?oc=5
2026-03-10	Google	0.0	Philippines: Mindoro Pushes Energy Conservation as Advocates Call for Rapid Shift to Renewables - Radio Veritas Asia		https://news.google.com/rss/articles/CBMiugFBVV95cUxOSUNlem5SLWtHT0ZuLXlCY0t2SnVRZzJITWRsYTdNLVphR2lKZGZJcmhlVkdxX2RsRWlqa2R1enY3UG85Y3hNUUxla2JyZXIxeURXM29Nd2tUNUpEWWlmRTV3ZEpST3hTT25iRnp4OFNSNFkwRWk0Z1ZCa1JMbEZLXzVqQ0hoUFRVYWJmX1JNSWdrSjY1TjlwWXdrQk5HcWpVRkluanNxam80NjhUTXdRbzl6cjEyaW1EMXc?oc=5
2026-03-10	Google	0.0	Primergy refinances Gemini solar-plus-storage mega-plant in Nevada - Renewables Now		https://news.google.com/rss/articles/CBMiqgFBVV95cUxQSWJMNUc0c1FVUDRISkJrNnlPTmlMSjlBU0JqQ0N6eEJPZzdnUENyVkxxU00wV2R2QkV4a2hlOVNscjBfYm5MRExhWTQ0ZkFsRnN5eDM0LTZNakVtSXRTTHBRSXBKUEZSWXVHOF9BaHVvYjNBVkxiYkMtOXR2ZWdvMEdwanVmbF9RbEZ5ZTA1elhfNklSOG9pUU5JQ0V2d3dBMzJSVjItZk80dw?oc=5
2026-03-10	Google	0.0	Qnetic: $5 Million Raised For Flywheel Energy Storage Manufacturing And Deployment - Pulse 2.0		https://news.google.com/rss/articles/CBMiogFBVV95cUxNSXdxZC1fNmtYd2gtdm9RY21pV0tVZ3VtNE5YdEtROC14ZmJ2dDJsS1o0SXRiMUpfQnpaTldMRndJekpLZ3JseGYwYXZRaGJDQkZKVzdncUp4eW53S3hjM0trTW83TExkc1otQUp2a3liN0x3TDgxX095VG5nOUxNNWFDWUE5ZFJLaTgtdnZ2ZThiNUFPai1oQ08tM05rUklzcEHSAacBQVVfeXFMUFAwUGZ4S1dqZ05JYzd1QlBvc2tUZ2l0cjFCNjRkekZ0MWFGSE9Xem1QazFpREI5LUpNRVBPOHpfcjJnc1lTWDFzUHp4bFR4Y2JrNzF5UjNYWTZzTExEdUMzWjM5eG5sN05GeW9FSmtKZ3o5X2NkakNZTGl2TTFSR3o0cnJ3S1BqQlBCTWxzNzRnS3Byb0NnOG5LQXJaWEpscEREQmxTR0U?oc=5
2026-03-10	Google	0.0	Renewable Energy Market Size to Hit US$ 1,571.93 Billion by 2032 | Global Growth at 9.1% CAGR - openPR.com		https://news.google.com/rss/articles/CBMioAFBVV95cUxNczViQmNwQnBGakV5VDVEeHR2ZFlMQWszMXljeTAyLXprdDZmX0gzeGptQ3A5ZjZnWHRCZzFsZjRjSl92c2otbW96Y0RjaXpqbEFFSk54YnNWRXVZQjRzY3dMMHVXUFdJdGJNVW9vSHNzSHhSWVVWcGdmdG9GTFBXbWRkT3FZVFVjcjROdm5zQkNyci1uUnpBeEp2VDJLaERr?oc=5
2026-03-10	Google	0.0	Renewable Energy Tax Credit Policy Should Reflect Sector Reality - news.bloombergtax.com		https://news.google.com/rss/articles/CBMivwFBVV95cUxNLWJHUWRzZGNUaE05bWMxZWIzN1RVLTZPcFFER1k3eTI0a0ZYSG5JV2d6ZFJpTkUzeHlQU1FyaHNRTDVCS2FoQmNlQTdlbFI5SXJGS0diTDBidWdTd1pFaENMX0cyMmt2V0I3VTdkeWNpMG5UR3BONXFiSVNOXzdEelhrWEc5aHUzMlczdENtYzBRaGJZSy1qNGU4cUVBWVpUbDV5ck1na1dWQ3ZJYlZPcVloY1NZLVR2SDBxdmFUVQ?oc=5
2026-03-10	Google	0.0	Renewable Energy, Mar. 10, 2026 - Energy Intelligence		https://news.google.com/rss/articles/CBMickFVX3lxTE1xT0xpTTAxeDJXSlRKcUZMRHg3ZWhMX2pISHl1cTNMWGticXM5VVM3QVJzWjVnTEw2cFUwZ1hOdjE4RE90WW55TWFrQkpOMTV1Umt5VG5kd2puM2NTcXEyVFNyRmQ4WkZmXzZTN0R3VnVwdw?oc=5
2026-03-10	Google	0.0	Repowering: A smarter path for aging renewable infrastructure - pv magazine USA		https://news.google.com/rss/articles/CBMiogFBVV95cUxOYjg5blBPWEFib2p5ajU1cDd1cjJKdWtqWlBzdkpPMHBjcW1HTDlqYVl1V2piQ3l1VHNycllZNl9tcVp1cnVPRmsyY1F4MmphcF9kTXVtRUlDNGlRVWdBMHhxTDF3Q2hGZHMwRmVubXBJRkNhYVF2aFo1bWRfQUY5aHJEZE9wdGhfR1JRSXo5bjRLbklZZUhwR0xhck4wWm1EQnc?oc=5
2026-03-10	Google	0.0	Scatec starts commercial operation of the 60 MW Sidi Bouzid solar power plant in Tunisia - Energías Renovables, el periodismo de las energías limpias.		https://news.google.com/rss/articles/CBMipAFBVV95cUxQRlQ1X0FhUzl0Q0JqWUhMZjlSbXBCUExQd1k3V0ZrV1BQcFVvZTBQdUxkX21MM29feEsxM3pFVE1fSVVlbFk0ZjRrbnZhTC1SQVh1SzR3WWlKYUwxaWtNRTNSVVhjamlYQkc4dUlWa0VRLUo0SlROeXVnU1ZVbXlVd1J3eG1iaE5pYlhwdlFlNDEzQ3Iwbi1aVk4weUh0Vi14LWwwbA?oc=5
2026-03-10	Google	0.0	Siemens, Atmen and TURN2X Build the Blueprint for Certified Renewable Gas Production - Fuel Cells Works		https://news.google.com/rss/articles/CBMizwFBVV95cUxNeXZ5Q2EtQzAxMzA2VUprQzlTRXFvUWtMQlpVQ0NNX2lCbzVrbTROamhOcHBJdnIzZVhvb3dlT2lqRTNweWZQa3VwbmZHY1dua2JtQVZUMjlIMmVlNmtlV283QzhBaDFRYlNaQngyaDhIZGZhUl90S1FFQmpyTjdEVzRXNjdMSTVIdzd3b3VidDd0cnAwYWV2aVI5d2lLTHl1MDNLOXE0RFZ4TXA3RFJybThNQnhwcHhlbVI1QVFibDlPZEtWOE5EVUFuRWxQZmc?oc=5
2026-03-10	Google	0.0	Solar Energy UK applauds Wales mandate for rooftop solar power - Energías Renovables, el periodismo de las energías limpias.		https://news.google.com/rss/articles/CBMiogFBVV95cUxPNng4eWV4RU9iaHhocEx4WktENzBrenZhWVJrbmlLb3I3aTdzb1JEdzlteTFaelRLUDRYaTg1YVRyb29zMUJUb3lucklnSmN1NXNpaGxieFpJVE1ESmgxNFBtTTRHdnFNcUI3ZzhPY2ppbTZ6Um1PRHVFUzVMRDJVRl95ajhBMm9vVURzS0paeGxROWNEMWxLdk8wRkNaR2R6N2c?oc=5
2026-03-10	Google	0.0	Spain’s Wind-Farm Bargain - The Atlantic		https://news.google.com/rss/articles/CBMid0FVX3lxTE5aRWhuRl9ySXE2a0VoV0NpaU1PLTBXdVZwWE92MkI3d3lYUXQ4SmdUZ3JYNk9VdWxoMEdqWmlGN2pldWd3SEpqSEFmTnlISC1tVHVaTEJXNllObFI1SnZlVmFJV2ZNclM0MWtkdHhvN3JiTTc5MGpr?oc=5
2026-03-10	Google	0.0	Sprouts Farmers Market Signs Tax Credit Investment Deal to Advance Energy Security - Business Wire		https://news.google.com/rss/articles/CBMi1gFBVV95cUxNNGFyOXZubmhYaF9hMkxsNjU0Wlg0cVZodG0xUHJ0b2VPQmJXcUNCalBRQnBhZXhkaUJBXzlrVUJMMFRzX2VCT3p0alJyUEpvWVBRNkM2OWNnX3hDWk14eDkwQzY4aU9DY25aaHRyLWNHMXNLUUhrUFlKeWh6SGZWYVJoa3FCdkdZQ2NfQjBORVI5amN2UUVVQmJTa0FXT2NEcWU2cDJaSXQzTk9YekktS2RiVnRRVGlfaHhzNExYUFVwNjI3dlN4RjBzUC1UOU1HV3pyNGl3?oc=5
2026-03-10	Google	0.0	Sustainable Building Policy amended, solar at ice arena still planned - southernminn.com		https://news.google.com/rss/articles/CBMi_AFBVV95cUxOSHFoMFBMY2EwdlVOY1hBVC03Szg4T2FXZy1LaTNOM2h2ZTFQcGdhcXF2dlVFbVdMMEphMEpYbGJYbWp5QzRYUGFEcHJjOHN3WVhuRjk0QmZacGlRd3RPUUZIa2k0NnVpSDYtSkk3R2YxaHBpM1pNWVZTZ0lFYWZGWWlOX0NTc2RxbDBZeE9BQ1NHNTFJeXZBMTlsR2VGTWhJUjN6MHNYcUdJRGJSSHg0cXQzVnZuUEZ5ZTliR196RWgyNEpocGRmcFhMS19EeG5OY21qaGs4cmlsS280c2ZqN1dkMDdiYlh0OHVMcjdBal9MU3FfMmV6bFY0Z0o?oc=5
2026-03-10	Google	0.0	Sustainable Finance Awards 2026: Global Winners - Global Finance Magazine		https://news.google.com/rss/articles/CBMijgFBVV95cUxQSGRMNEFtX2xuOUR2bk9HVHgyNk9EY2pnUllkQzlrOGdEaF8za3psNUpnWWtrQ1JmaHRXMl9aU0R2ZHVPQWNmbFJrbFY1dnN1bkdrVldSdUtLVHNRUTY2MEotd1Bab0tNSDdRNG5BVWNQWjVuUEFKRjBPYmFnbG0zVHdmY25RTVYxci05MXdB?oc=5
2026-03-10	Google	0.0	TURN2X, partners develop model for certified renewable gas production - Renewables Now		https://news.google.com/rss/articles/CBMirAFBVV95cUxON3I0T2o0WG1qY3hhaGJLcW1PWmt5MDhjdWZrTTkzTEJCMlB0MHYwSWZ1Yk05dGdadkVWQkx2WmJrQzB5R2dtWDFTcTloaHAtOFQ5X3dYNUZ6cnhSdU9FcnBWdFV4MGMwclBxcHpOTGZFdWY3MWQzdDBmcmhNYjk0eVdsa2trZ0lZNjk1b3RTdjdUTUdNLXNYQktrSHpiVlBaWnJXclBKbld0OHJZ?oc=5
2026-03-10	Google	0.0	The Invisible Energy Resource In The Age Of Energy Wars – OpEd - Eurasia Review		https://news.google.com/rss/articles/CBMiogFBVV95cUxOR3BBdTljVnZ0dS1BRl9jZVhyZDl3R292S3cweF9WMjNHZ09hdUZEWDU3Mjl5X1lLeFM5bjQ0bVlQNjFkaW1DNmZqaC04VW53ME9aejJZTEhqaXl2YjM3Z1ZfMmItSHQ2UHA5ckRUQWlLcDdrNDFwa3hUTEhVUUJiSWtkQlV6Rml2Znl5RFNwNU0wUEY1NmJFT19kdVZNaFNURlE?oc=5
2026-03-10	Google	0.0	US installs 43GW solar capacity in 2025 - reNews - Renewable Energy News		https://news.google.com/rss/articles/CBMidEFVX3lxTE5JTktvV2xfZTFOU2JLelA0eWRpNE1zM1paOEJjWWRPc0NkaDZaNklSaGVIbUl5WC1yMi1STU5qVF94Wlc5REYzOW1YZ0lFRGh1NUd0MHo4Vk82c0FVYXJqWEZ0VWVXSmtWc3pzbnBhY0ppdzQ2?oc=5
2026-03-10	Google	0.0	US solar additions slip to 43 GW in 2025 - Renewables Now		https://news.google.com/rss/articles/CBMihwFBVV95cUxPRGN3NXNTeVFmRUM4U0xuc3RjREpjby13aFJxSTNWeGxzZzFzWDI4ZGpkWlo5SHVFUGRFNDVUTm5zbXhadDMxenV4S3JtYnA5SE1sLTZfWjB4dFhSb1MtLUFwTEt6eUgzNjlDdHRNaF9FS0JrSGZvNnNpNUtKeWJRS1hYMEN6U2c?oc=5
2026-03-10	Google	0.0	What Happens When Women Are Part of Energy Planning? - Sustainable Energy for All | SEforALL		https://news.google.com/rss/articles/CBMijAFBVV95cUxOUDVOTVhvQ3FqcVdpcDQ3Nm9hNXpvcEpwbi1HY1A2ZmthNElFMlFsdnU2b3puS0NvQzdMNzQ1ZmZ2VnJ1cDJ3NE9FNmdLem5Hb1BVTHNYM3FzTVFGNzk5ZWFUTGhTLS1vSnlQa0hjV3Zla1YwRlQyR0VGbjZia013RlEzMmIxQnVWUUNFdw?oc=5
2026-03-10	Google	0.0	Why Canadian Solar’s (CSIQ) Italy PPA Signals Recurrent Energy’s Broader Expansion Push - Yahoo Finance		https://news.google.com/rss/articles/CBMigAFBVV95cUxPLXFlRXNzSm5VNWR0d18wM0pBTEQ5eWpOZW9ROGFhNHlsTnZoTnM5eWdvb3Z4WWJoT3lBNllYTU44dWw5RDZ0LWpkWG5walFEMzBKU25OaUlIUW9oXzFMdFp6dEpDTmp2Q0FFMGQ4bWF5UzhlV0JuUVU4bmtickhpRA?oc=5
2026-03-10	Google	0.0	Wind Turbine Foundation Market Trends Boosted by Renewable Energy Investments - AltEnergyMag		https://news.google.com/rss/articles/CBMiyAFBVV95cUxQeGxtcmQyZzAtMTVUUEdsNURSTmxlQWdra2RRTWpjMU9ZTnV5UW4yVGtZQ1FIRjlQWUFMN2h0RF9URFltRFA3Q1FqYXI3OE5kNTFVbE1tVl9tWFFIWjNnR3MyMmJyMGNJSG9CRjBmYzRTMzloWFBWVENqcEY4WjJrd3VzRkFQc3FrZk9XZ3J2dVNSNkdPUzMtbnJEWXF2VERxZF9lQWJVSXNHdy1mOGxnNm1od24xZllvOHRWMDFWU2JTYXkzN1Nlbg?oc=5
2026-03-10	Google	0.0	X-ELIO secures 30 MWac in Japan?s 27th solar FIP auction - Energías Renovables, el periodismo de las energías limpias.		https://news.google.com/rss/articles/CBMilgFBVV95cUxPNXU5cE0taGJ2UFRWWXdLVnpkcmpWbF9xWWxteGdpS0wyUzBkeGxha2VaZ0cyaTRjcjlMcWprNWdhZHdYVU9LLXVLR0JzdV8tRkNLQlFFWkxZeXpPaWgydE5mNF9QUWhFSEpwQ01TU0VobXJpcGZSUDRIbHA1QkluRkxkVWJMU0dMYUc4VlRiYjl0ekhWX3c?oc=5
2026-03-10	Google	-0.025	From sudden stops to long life confidence: Helping Europe's renewable fleets - Enlit World		https://news.google.com/rss/articles/CBMiqgFBVV95cUxOZmxqenFmUVBRVlpPNUJYcGhjZTFrOVFvZThiZ1ZoWDd3cmYwQ3A4dFJyU0pWNWNMYzVkb2lfQ3UtQUFTb1ZDZ19KbnhRckFJcm0wbmxJUDVTVWZQVXQySy1YT1Y0N1Q4cmp2S3dPLUNSQ2psZ1BXSy1jb0YxVEkxSkFzUGlPVmRXc1pxdUJUNFo3VmJWSVVZNzVIcGRhQ1ZLQWROWVpvZDlCZw?oc=5
2026-03-10	Google	-0.025	Unlocking the Value of LDES Webinar Series – Part Two: Market Design, Policy Signals and the Path to Deployment for Long Duration Energy Storage - IRENA – International Renewable Energy Agency		https://news.google.com/rss/articles/CBMi0AFBVV95cUxOYk13dllfWE9ZS1ZuSlpwNXR2d2g5dlM5OHktQ0thak80eVJSQm43Z0dFZ2puV1d0eFZ4WGV3cUNnMkNfaEJqTWs5Q1FSc0pfbzFzRDdvYkhveHRzZVNaV1JfQVk5bExZQTE1LTZZNFJST3pEdU4tZllIaUJ4MnBnTVV1eERYOXhSQjQzUlRMMENQc1JyZHg5bkY5TWxKc1RSTFh4QkVSMGtJUkhuRWY1cVZvbVN2dXNyb2FFZE1CLXN4T1ctWEw1aTVYU2R3dUo3?oc=5
2026-03-10	Google	-0.03	Q&A: Will Germany’s upcoming electricity grid reform slow down the energy transition? - Clean Energy Wire		https://news.google.com/rss/articles/CBMivAFBVV95cUxNdmpMNTBGRTVhQjJDYm5vTlZnMU5hVWpmcVJHYkIyUk5jMkZYaEtkaDFYZzFSSTRzY3ZOdFA3cnMtZTUtMTh3VXQ5ZlhTYWNfTWEwTXhIdE5ITGFMSFpDd2xqdWl3N0Z1XzhVZ2ZSdTdPWmswY2pObmpxQW1Kcm5OODJXYTdZSHd6Z3ItUGlYZ1pQRHhZbGpJQzNRVlJBZ2VfZGRwenljLVUxbUpOZU1HbGYwRUdaMWdDLUdOeg?oc=5
2026-03-10	Google	-0.05	Electric grid faces political roadblocks as it struggles with data center demand - PBS		https://news.google.com/rss/articles/CBMitAFBVV95cUxNbXkzOGdBc3plR3dISTYxeXRub29idnMtNkxBcVZYbFhSMTVIUDJTMThrYjBwUnVBUW9GdlhTeDl0M0w4Q2pETVZ6MlRtenVPYUpldjZEdmRjX1ZaTzctZlBkYm10R2JoUndWelJHWDY1Tl83SEpQSGJ5RTV4WTFUZzJjdmgwenlqRFh4cThxZkJFOTA1OUFKUUt3VWtzNHctRVNCbHFfSDJvS19jNUs5Zm5ndUY?oc=5
2026-03-10	Google	-0.05	The Unexpected Winner of the Iran War? Green Energy in Asia and Europe - Informed Comment		https://news.google.com/rss/articles/CBMicEFVX3lxTE9tbENGQzNSRDJKV2trMEZLZXZFbE81UjNYX3UzOWlFN09uSnM5VlZFQ3VMYVpmaXNpTTVucWw3NnY3TDB4ZDdndndXUm9XMXFWaVlBYlFQTkVNNWpZVFhabUY2dkd1Q1AyM043SVJWMjE?oc=5
2026-03-10	Google	-0.062	Energy Secretary Chris Wright visits Colorado, addresses rising fuel prices due to war in Iran - Colorado Public Radio		https://news.google.com/rss/articles/CBMipgFBVV95cUxPTVZuSzdiblNWa0IwejBDWGdPcUdYTExCd3N5T2p1R3Jnd2lSS3UxWnRSbVpEa2xObl94MzBkbllWYlhFdnB3LTlIX2tvTTJpZ2FMT0JEQklocGhucEt4c08wUW82NWQ1X2NsX0hrZXVuVkFWdi1aYUYxWS0tek91b3lGQzF5VmlCSXF2YS0zTERyQmJ2VUlXdlRMbE13TmdnSzdlVkhB?oc=5
2026-03-10	Google	-0.067	Evanston businesses go green with renewable energy plans, support from city, local organizations - The Daily Northwestern		https://news.google.com/rss/articles/CBMi3gFBVV95cUxQTnFZUnoxQUFXbkVZRTN5NGFjSUU4a0xqeGM0MVhqbElyZ042clhjdC1RXzlmRnhpcHdQUldNMU9zRTU0VHBwYk9XX0ZheFk2Z0h0cXJ3YUp3ak1UV0FkUEp4V3ZscUJVeUVxTnJkWnlIRHNTRmpJcVpyNUo0T2dGMjN1N3VjcnYzS2diSmJXWGtqRUtNcWFBYnZ0b3hZMndDUFdZdVBSQkIwY3Y4Q0Izb3pWRnRXTExuMUVWbEVHQ3dDbWlvWkxZMW1pampzb3hyQ2tXU2NBbjRhVmVLQ2c?oc=5
2026-03-10	Google	-0.071	Q&A: What does the Iran war mean for the energy transition and climate action? - Carbon Brief		https://news.google.com/rss/articles/CBMipwFBVV95cUxOUVJabVV5TkVlUWtvMEdUMWVjRGlheXp4bFhvYjBkSlEtR09yc1Y5VXgyaWpaOWdXYzIxMFpPWGlTMXAtMWFQVkhVck9IVzhPOGVWSXVsNHE3ZGhuMjQwMHJ0eXctMkZlTE9jTFR2cXc2TXlQTWVLWWNuMUlmXzRSZXlCNEIwNWhKcmk3Z2EwYXZPdmU5RGVOWTc1T1dWVTFJRW9ralVBQQ?oc=5
2026-03-10	Google	-0.1	Google's Renewable Energy Acquisition for Data Center Expansion - News and Statistics - IndexBox - Market Intelligence Platform		https://news.google.com/rss/articles/CBMijwFBVV95cUxQLURFcGJ5RjlpOFRNZHdBTmZEUkZSeW5RbmhUTzNKMHg2elMta09oY2xCZUd5WkwzZUZsM29xdVNacXhYRkR6MDZUQkJYZm9lUmlSbTFuV2lQcWpyQnk5OVNnc2FaVmhQUE9yUTRiZ2hCckYzQWxVVS00OE8xSTFTemJuU3RjV0tTRTdyVE0wRQ?oc=5
2026-03-10	Google	-0.144	Trump's Clean Energy 'Assault' Sinks Solar Installation Numbers - Crude Oil Prices Today | OilPrice.com		https://news.google.com/rss/articles/CBMitwFBVV95cUxQbHZBOER0UUtfODlQNk4xRGkxd29VNGUyQU1oNE9iRnpnSHB4N1p2d3cxcVpEb1dMUS1lRW1nUVh6ajhwUE1mNWU2SGRwcElqRjE3RFRrOGRtOEZfRGhBc09pQngzWVJOYUV3SVJkUGM3YjNnTzJ1aHQ1TnZpVVZodHV4Wm5pckJZMFU5dTdBMlBMODQxVTZ5WUFJRGl3UTNFZEF4UTNCci0zaWs3bkNMWFUtRTZMREHSAbwBQVVfeXFMTlRhN2Q5YkxKaGloS2ZUbk9Ga2VKeXlneVYyV1B3SWZMcW1WMXlMVEtuMlA0LVh3c096enY1TWptbzJVN2g3ZzlCNjNpTnltSTNJbHFJWklsUDFkcjZCUlVfdU5WYmJKWWdPakQ3b3ZwTzFtTVJYc0c1LVdsMVNHZGppOTE3QTc4dGl6YnVEU1FyemJyNHNhV1NYcXp1UUptdjNYYTc5aHJNTHBRMUkxVEw5UVNHNWtSQ1JWRVA?oc=5
2026-03-10	Google	-0.156	US solar installations down in 2025 after Trump policies jolt market, report says - Reuters		https://news.google.com/rss/articles/CBMi2wFBVV95cUxQNEsyd3pzaGdxYmliV21XcnFYZmdJdmNkRkI1UUNwc2lEb3hpOUdNTTVkRW1YNkVNQ0VYeHhIWFdzdlZpQnlhd1U0dHAzRW9YaE9hZFNUc1dZUDRrS2kxNTBSUm9IRTRiYTVlRGNDb2Z2eE9xY3Nsd3FpR2dnOTk5S05sSF9qeDJOVW5KOUYzYXB0RXUxVEtIeXhfQzdmeWZiRkFUXzRVdHExTHJXRUszVDZCVzBSelBudW1VSldVVVprYmhOb1J4NWtfWTVnMTlkMjhrUjQ5Z0FsSlk?oc=5
2026-03-10	Google	-0.35	Beijing Quietly Recalibrates Decarbonization Targets to 2030 - Crude Oil Prices Today | OilPrice.com		https://news.google.com/rss/articles/CBMirAFBVV95cUxQRzBjS3VhR1M4V2JvU29OckF3N003RVRhbkVCcml4bDFhdWItcTZlLXVYWFhWS2F4aG92RVQ3QTFoTUpuVG9Dd2VmX3NPRVQ0U0FKSTFuNlNTWVNudUVLYTRQZWdVX1J4eXA2SzRTSWd5dmdPWW9CNmxpYW84YTB5WWY2SWpyTld1YlhHMEw0QmpQRlZxeDFZTC1LU25KT1ZtSVJZTmdMOEltblJP0gGyAUFVX3lxTE9kcnJ5MTFtUjdDNmpGczY3bC1UamxQZk5NQUVKTHJVQ2t2QUhUekpRTDFIVFg5cTk0ejFEU1QtSHpQWHdXV2JPREhGWXlndEpEVTdCUTNuOU5xaVExcFFRN3ZEMTFNSGxESEluQms2Z0pZWEExX3cxTGpmb3BoNlllZUMtSm55cmc4M3Q0OXVOMmk1QU5BTjVFN2Rfc3YxNXFaMDdyX2s1c3dPZFE5S0VTMUE?oc=5
2026-03-09	Google	0.75	Star Navigation Advances Renewable-Energy Push With Successful Aquagreen Prototype Test - TipRanks		https://news.google.com/rss/articles/CBMi1gFBVV95cUxPalRhb0tNOFZYazd0T0dJUTFnTXJrME9ON3g4a0VyM05nWjJwVmI2Z2RTY2RKZVJMdGJHVnBQb0h4cEQwbnAyT3hfNVcxWmp3OXljblB1YkdNZ1hCYXdOV3pMcW5Fa1lfdWlOY2U4NXF4b3VFWGE4ZHZYaU9lclNucEhuOUNXcURPalZsVVo1cWVzcGExZWRsTjVyZG5XU01SWG9HSjJhWmM2bGNFUFF2WTdydTFsQjhpcTlRVXVhZFVxU2h6d2VMSG0tUmNTWjQ4bWVhekJB?oc=5
2026-03-09	Google	0.5	China’s latest Five-Year Plan raises questions over climate trajectory - Envirotec Magazine		https://news.google.com/rss/articles/CBMirgFBVV95cUxNdG5Va2dlZTYya2swT1dzNWpKcFBlYU1Qa3haTnlvS3h0dlMyMTVwTjc5em5MZ1VieHhRUVVvQThVN3hGOUFMYTVZb090NFZ3b01OUm9ZQkdkYk85anI4LXQxQjRScWFoajJidmVXaGRPWTlXbEZNMFlhN1ZPQzRKWXVjNVJQRzVkaWVNaTdGZFZqVzVxUldxcVN6N0xoT0E1TGRiZW5qQ2I2VTRzdmc?oc=5
2026-03-09	Google	0.5	Top Renewable Energy Stocks To Watch Now - March 9th - MarketBeat		https://news.google.com/rss/articles/CBMipwFBVV95cUxQa1JBME5QSTcxWG9RTTRoLXd6MnlWOWhTQXk4eFljZnBrRDl0dGVRQnBRUk5JOF94RktJTzR0dzZBajRJMXYzcEFmT08ydTRVSlhWVGc2VXVvZDVfUG5QVUxHd3gyYVRqUUNjU1JHOVdweHlVcnFxM2k1c0VOVkc5bDVNRDRuTWxoeGxnXzVHNzVMQVZOaU1hUUxKeGFkMlNHQnRCUnJlUQ?oc=5
2026-03-09	Google	0.4	Renewables Can Only Win Over Trump If They’re Made in America - RealClearEnergy		https://news.google.com/rss/articles/CBMiwwFBVV95cUxPT05IUnRZT1NPZE1raXhQNGtNVFdsUTZnakxudW5WTF8yZXE2MHdGYmN0YTFUYnBtWnRvSEJldW1WMkhHMzBUaHl0WXUwU2xSWFkzQVRtb1FySGhGdV85MDRYZTZPa3Fmc2lHN1pJNnEzXzE4UFJHYWtDTm15RXhBZURYMmxud2kwb0lXVFdUV2cwekZSc2RIcmFCQXMzd2toT2lSTUdZY1A5Vm9hT1JFYVZ3ZmFMY0ZqMGlQMzlvN19ZQ0U?oc=5
2026-03-09	Google	0.4	The DIY Solar Revolution Is Coming to U.S. Balconies - Reasons to be Cheerful		https://news.google.com/rss/articles/CBMie0FVX3lxTFBmd3gzOEh5WDI2eUZoVG1nVFpIVDFhcktKMXBRZTNEbTYzb2JMb1R1T3IxZHhlSlMzTUdCQlh2ZVJRM2V4WEdpc3EwY1FNOWlrVGxfZXJQUDl6OS1uS1NfRjJmWkNOVUhCQ3JKeGNpdEZEWVNaMGJxVWo3VQ?oc=5
2026-03-09	Google	0.383	ZAWYA-PRESSR: OQAE’s clean energy projects mark advanced progress in construction - TradingView		https://news.google.com/rss/articles/CBMi7AFBVV95cUxPWE0yOGF5SHNQNXMzbVprMWJuU3psWWcyY2JCamExQW9BbHJxZnloMUZQUFpsUk1VWXhyMjUtZ3NxaGhub3dCQzh2OV9VMHJLdnRvcEltWUJjZ0xkbXd4S3VPb2s0MHBKVExBdVplMlU4R1QzS1ZGRGRJRU5JMVV0S0ItcjlYLVZvSkNqbkJMcG9xcnM3bzcyem92WlJSc3BMVFpTSDlwY0VxbmR0YUZPcDVaQk9HUkhWYVdfLWNZQlUyLUg4Z0E0bVJfT3BEalNONnpzQ2hncVp0Q3RQa0FfczhLUTFteDdoWDY1Sg?oc=5
2026-03-09	Google	0.367	Australia and Canada establish five-pillar clean energy partnership framework - PV Tech		https://news.google.com/rss/articles/CBMipAFBVV95cUxNQXVTdHpqbnRldWN5NmdjTV9zV0g1bEFSc2xtRzBxMlNTOHNOQ1lHUWtKQ2dJVEJPU3c3SXEyb2d0S2JvYzVXYy1ZMUVwVndKbTlZXzdnUU5Sdl9tLTZWdzliVHZKZ1JSX1NfUUJSRnFlSjVUNzRPa2hjSkg4YzZLWU1GRGdDS2RsX25wU2NlUU9fRVV2X2h6ZTB1TzNYLWg3UjF1ZA?oc=5
2026-03-09	Google	0.367	China’s 2026–2030 Plan Boosts Clean Energy While Loosening Emissions Targets - ESG News		https://news.google.com/rss/articles/CBMinAFBVV95cUxOcUUwTWhwam1WU1JjTHFxUm1TSTdVNll6aWVid3d2YzZucXliUV92R0haMkptZHQzamJISU5QcnJlR2phcHFpblFYWnk1XzZRN2dINFFvUE5Mb0lNc0xxaGFhOXhCb01iLWk3U2VIM2o3bmY0bWpSTFNYZTRyQ1p5dGdKNGJvWlh0TnNNQkNGaUtjcExTSGg0ZHhLM1E?oc=5
2026-03-09	Google	0.367	Clean energy advocates call on Hochul to not make cuts to state's climate law - WRVO		https://news.google.com/rss/articles/CBMirAFBVV95cUxPNVhBWFlvQjRvSjBxWjZMaV9vV2puMDBmeGR6elViWDl6cDZEcUZENFVOZy1ZQW1OcDUwcnB6WUw3RG1jV0VUMV8xRGdkamd0blN2QzZ2YmhsWWRuV1EtVUFsc1ZkRTd6MktMNWd6Y3gzeVlBMi1MaWVDbXI2Z3oxVEwzcENuOE9nZEx0SHpkTlNjc2hHQXdOMkdIXzFWMFIxb0hySFJjZlAzYzdO?oc=5
2026-03-09	Google	0.367	Turning Idle California Farmland Into A Clean Energy Powerhouse - Forbes		https://news.google.com/rss/articles/CBMiugFBVV95cUxNdnFrVkxhMl9IdEtVSzRGRHU1YVdnWllZWDQzbEJnSS1YUU0zNERmamUzM3lIVlczYU95SUdDOE1TQVpmVkNDcWFWeU0tb0NxcDZLam5US1pCWXR4aXg5TGtwdXRZR0RWeWVZdEtWQV9YZjJkeHZkTWY2ZVd6dXBYeTF2TlMzdEs0M3BxTWd4aFUyOVJnV093bFVKakJPcmNrOEVIblZidzZKcklPWTJ5Z2xKS3NmUFdCR3c?oc=5
2026-03-09	Google	0.3	As Iran war shakes energy system, some see powerful argument for renewable energy - AP News		https://news.google.com/rss/articles/CBMirAFBVV95cUxOWDRvWkFQakhGcDRPRktadE1NbXVEekhxb0ZhbUR1aWNtLUJQejNENDQyazBsOVhYcmtMNmJoMy04TDNoYmJsdktsVmNtWHlONjhVM1NvYmxrMEtieW9FN2RMZXpXVkQ1bVBZU0tXS2tac2RHblVVZTg2cmxIUnRPZTJXVUx2VEVrc2FoNVI5cFlKY2ZyT3NKYXAwZEl6d2tIMUJYZ29CNnVjOG1J?oc=5
2026-03-09	Google	0.3	Inverter Market worth $54.57 billion by 2030 | MarketsandMarkets™ - Yahoo Finance		https://news.google.com/rss/articles/CBMifkFVX3lxTFBZTEhTcm5xdHZDNWs5OWpJckNjdFpKd25EM2xCbWdHRVdxYVhBQTVjZjhYZVFscUUxWUJsdFRoMk02UzEtR2FpM3F6TVp5SG1CM2N0N3dHbWVGcEdjQy1LTVlrUXBheDh6bDlNakhmMWI5LXFKM09TakJwUDQyZw?oc=5
2026-03-09	Google	0.3	Some leaders see powerful argument for renewable energy as Iran war shakes markets - PBS		https://news.google.com/rss/articles/CBMiwgFBVV95cUxQTWVRQnZPS0ZQSGpNMkFpcTg2eXBzTEZNNUF2RWhkb0pPMmJ3dUw1OTlsTFdkbmFoM1JvVHhIdUt0d3UyY0VsUEtGRnlPYTFUcHU2Sy1xSERWWFp6VzAzRlBPRVNldTVmTUxJQmFsQ3djUFdpYTVOdHk3dzZoMjRwNy13dUw3VDQtVE1Pb1ZYOUdWSjRkeEpRdWdkdzduVUU4UFhzRTVydXBoTnF4OTZYR3Z0QWlhMTlVQ3RBZW00ZUsxd9IBxwFBVV95cUxNMkJId2h2TzNjZEJpYVV5Um5vVDhiNnRKUjlGV3lRaTEtTVpFRF9hVzBoTmdjY0lKU1V5cFY0LW5yZzdjVm03Y2FPUTNOWHNvVUlfSnhjT2FuODhiRThacVdWV0hSSEpRamRJLXFRYXJzUTA0Q1V0TVBzYXdacUtoZDA5aGZGR09zMFp5ZnBsdTV4U3plTmdDbDZkbHpaV3BEZlJJZUVEVFRmazQzZktSTkZQNWtBUko4dlkyVm5ublMyRzVnVmdj?oc=5
2026-03-09	Google	0.3	Why TE Connectivity's Sustainability Wins Help Data Centres - Data Centre Magazine		https://news.google.com/rss/articles/CBMikwFBVV95cUxNcDNVNEdwMkRDczV1U25DWlhWRlQwalRoWGlzc0wzWm81REY3U1BtQjJTRUlSaXdqUnBianBJOGpjY2huRVdlcjd6MTNyWlJadWt0bVlLQmpGQlNKV3dCcnZ1RUgxYVVSYm92R2V6cUVCVmw1VkthNV82QzhWSUJjaDJ4aC1Wcmx6THhCUmc3NWg0b1k?oc=5
2026-03-09	Google	0.292	‘Clean energy, not LNG’ is Asia’s best hedge against energy shocks - Green Central Banking		https://news.google.com/rss/articles/CBMiqgFBVV95cUxQOHJKRXdNa2FsS19uUnRCb2RXM2tpQUlYZi14c051S2wwdllqNkx6bVNrWjNUNUNpU0tBSFJrOFpSZXowdzl1ZkQtaTF1bS1ELXVSZE1uTzBLbmowTE03QlZ0REdRdnJ5b1d0M1c2M21pNW5wOG5UWmhDZGllSVRQUWx3S185RG1McUotWDlobk8taDdLVjJaR0hEMDVrSUZBNkNRczIzN0JsQQ?oc=5
2026-03-09	Google	0.25	The first renewable energy zone to upgrade existing transmission lines - Energy Magazine		https://news.google.com/rss/articles/CBMiqAFBVV95cUxOVXV1SVoxMVdfamhGVjVYT19UZUs2TEc5M3VxSVBQLVJFNmxVMFlEaXRmZTJKcFVWZEV1SFBWZHZUQ1FlSFJ0eHgyamNhWGpRWW9hOVAyX0FmSXJ5YTRVQ3dTU2lRZHlnc2dDMzNBSnB5UWVuYzFPcjNvcm9NbnVnR2JhY0FkUzFZNTFvUEg2cnUtTl9pYnY4VUpLYllKT3RodjVIQ0xzU3M?oc=5
2026-03-09	Google	0.25	Why aren’t renewables better protecting the UK from energy price shocks amid Trump’s war on Iran? - The Independent		https://news.google.com/rss/articles/CBMipwFBVV95cUxNVEYtSGZXYnpFY0hRQnkwdl9OTzFEYWRuRDFmZFFPM29oRXdxcVR1OUZyUGNURzJTXzI0SUNyWGUtMklaZWdRY1pUc2l3ZnNEOGM5VDVNRXdQTTROTXlzZGRRdmhsTDRCOV9fR1pQb1FmSkg5VE0xdW5YNEFDVEo5TnNRdEE2OWxqcVJGS0ZVZ1ptTUdadDkyRzBLUnhYQXp6OVM1MkNZcw?oc=5
2026-03-09	Google	0.233	The Guardian view on the Iran crisis exposing Britain’s energy vulnerability: clean power offers protection | Editorial - The Guardian		https://news.google.com/rss/articles/CBMi8AFBVV95cUxNalFYSUoyN3ZvWndDUUxkbXo5MzhVbE9WcHdLSDFGREJqdkdBQWFBbjRQbERsNHdMY2U0YUdQdjJnc3RQYXEzSmxubGhPVEtLVGR0bXRjSkdGTmE0UVNlNjhPUzlIZ2JkTERNYWsycVBkbGJrOGZ0ZXVyUVkzd0lCY0VUTV9vRlo5UjZkNHBWSVNJNEhqdXVwMlpDc1RmTU1uUGRuTkhvSjVJOERnNnhMYm5FaXMwR0dySnJMbFNLTUljZ2FOdUtsYzl6Qmt1X0pSaWRSamVabDBiUW43a2lzenRLR2NjVlR4WWV1VWdZYnE?oc=5
2026-03-09	Google	0.214	Jackery Launches SolarVault 3 Series for Solar Energy Storage and Smart Home Energy Management - AltEnergyMag		https://news.google.com/rss/articles/CBMi3wFBVV95cUxPZGQtWnp3aEFQS0d5bjV3ZjQ5Z2ptYmdJQ2Y5cVJ1djdzUEw1bDRBd0xPdnA5ZUlMZW1aSjljRDRacUs5aUcyMC1pMmZpU2RMZ1RTMzc0VGpHMFFyMnZqY21SbFBzTFgyeVB3MDR2d0NxQUljVzFjNEQ2SFk0Nk41TjRORTlVY3hjeHpTM01lWFk4RXJ3LWE2RHl3SFZ4S1VmVDQ4OWt3YXB5bTUwSUxuR2JRQnpRc3pDQXVxRmwxSjBYQTBmT2FxZFRaQjhUdjg4VEJJelhpOUw2YW1GeG9R?oc=5
2026-03-09	Google	0.194	Smart Energy Market to Reach US$ 417.7 Billion by 2033 Expands Amid Digital Grid Transformation and Clean Energy Investments - Persistence Market Research - PR Newswire UK		https://news.google.com/rss/articles/CBMitgJBVV95cUxOVnFfX1ZZZnJIczdGVXNaLVRZalBGSnBwVnpsNm5IZkI4MGxpeUdhWWlOV0tNTjE1TVNCWk1Tb0xIYnlhMHN4d19ybEc0SG9NdnltY3FXREVNMmdyQVRiUmwxTEpHLTFqOWJvTUllOTVaVDdxaDQyclZZNExGNVQwZjlLS1NPVUl1TFBjeUlrYWtQMjVpc3dtbk5maEFhUVhuTFhyd0lYT082dnVIQVptejBzUFpabkNObTVWME5XYWZRRnJhdFFVQ2FSZ3cyNDZWNVMyUERGbDk0WDl2eWdUTndhWGRORGhPMUlmaVk4dUFJVkEya0hXQU53TjhkMGUwbTh4eWQ4YXpWSE5pT0lfQ0NWMzhHM3FRNG04eDBUZ2JQV1hGai1BXy0yT0tNenA1a2ExOGlR?oc=5
2026-03-09	Google	0.183	Australia-Canada Clean Energy Partnership: 5 Key Areas of Collaboration - News and Statistics - IndexBox		https://news.google.com/rss/articles/CBMikgFBVV95cUxOY19obm4zQXJOV29TQXc0d1VJUmdPLU1CaXQzMFJLWUhHM1NlM005VXRPUVNUcW5fZEhKWlpwd3hXVHZ6eVk4djZ4UzZXc0Fvcno4Q3hSa2xJVlV2T2lKc3BSaThsZUxJd1NzT09JajgtYWlaOGo5cDF3Y2VLa1U2ZU1XWUwzcm5OalVYYTJWRzQ5Zw?oc=5
2026-03-09	Google	0.183	The US’s critical minerals club threatens an equitable clean energy transition - Climate Home News		https://news.google.com/rss/articles/CBMiwAFBVV95cUxOLVpMWnRqMFZTNmFFUWZHemNRdHRHVE92dHUxRkpVOHN0OUxIbmhEbWNpYTRYa19YdUlmNmhmSzNITDZTRkJvUjdDcHJUa3hkeVlGWl8wblZBaXNISUpUS3JiVUQ2VFNXZUtabGx2V0xCOEhPS2tIUW1SQ0l5SEFLWEZpelFhWEMyRVRQSHJodktnWS15RmlxYUFKT2hVUy1nUjdHTmd4LV9WSGQ3MXdqbTlUb3ZMcWl4VF94b2xrRnA?oc=5
2026-03-09	Google	0.175	First Gen Corp. marked a milestone in the country’s renewable energy journey by celebrating the 50th anniversary of its subsidiary, Energy Development Corp. (EDC), the world’s largest vertically integrated geothermal producer. - facebook.com		https://news.google.com/rss/articles/CBMi3gFBVV95cUxPakR1UnJnb2dQYnN6MHNVQVJJVXEwVXdQR1RmNmpLcmpzb1l4Vks4VU1fUk9fLVd1YWZZV2JqQmEwVVpuLUtKdkZpdGFoaThOMHVzblFYOHRoSjlNNWlzOEtSU19WTDBYZTFkaDdkNC1oZHJOV1V3QkRMS2xWU0xjdEJmQWtZY29sU0FWZzh5cEdoVnpoalhqTGtxUG5JZkJ0Q01FSnl1X0FhaEx2dW03WUF3cGdtYWZ4Tm8zVlpMNUZEZ3oxWVduWl9VRktpdG04UjhKNFF3eENrVEc2TVE?oc=5
2026-03-09	Google	0.168	Clean Energy Surge or Coal Comeback? China’s New Energy Plan Sends Mixed Signals - Saur Energy		https://news.google.com/rss/articles/CBMizAFBVV95cUxOLWdpQXhkZWc4eXdvd25RaS1VX3RmamRzdDBjY0pBVXlRWjVwRFFaMmdRUDhYUUMyb0E4Vm9vZFlldGx1TTVaa0J2S29HaFA1UU81V0t5XzViTk1OempqOTBJWUpxOG5BYVJfV3o2a2UydlRYRVZ1VjBCWndQNHZ2LTJpOC1LZjh3RVpMZ0hzR3N4NWtfLTUyUnBxbi0zUGszSkJoTjgzcDlmd2FqQVlPUFJqZzVPc0w4NXpIVkNicnpOeVF3WDFUUkJ1Vko?oc=5
2026-03-09	Google	0.16	Pasadena to Roll Out New Solar and Battery Storage Rebate Programs The Municipal Services Committee will review a new Solar and Battery Storage Rebate Program designed to incentivize residential and commercial electric customers to adopt clean ener - facebook.com		https://news.google.com/rss/articles/CBMi2gFBVV95cUxPbDV4NndudXpKaVh0LVk4SVRlZ0xYTUlTWDhWSDBSczc0Q3MyRWZmMEY4bC1uNVJ5d05wcGRkbEdxYUJhcjNWd1FrWXVZX3YwenZSV1pXVGNLcm9HekM0NzJFV3o5ZFVFNVdxRjI4Y3N3b3dRLUEwQlFiU2hwVnQ2cmpjczVPYnpQT1gtRUNoZTRELTZDT1F2ZWZJOEx0MnkydG5tTDBRd2hOYkY4cWJYSTlZanlVdHlaeFFaTFNPX0Y2N2w0S1dRdDhiSDhJX2hlaEpEdDJaZFphdw?oc=5
2026-03-09	Google	0.14	Why China can withstand oil's surge past $100 more easily than other countries - CNBC		https://news.google.com/rss/articles/CBMijwFBVV95cUxNVVNFdm5BWmo1YzJ5UWVlRDBRVFZ1S1ZGdkJDLV9YanlPWG4tMzBSVWZEYmFKX1ltMnRSREQ2SmtzNmNpUHQ1VTNBZS1scVJPeHlMOWhnREFkbjRDQ2ZIMDZmdnJXeVFUdTFFVFpvS2NHRzlDX2U5UFNyVDFra2M4aE1BdXFETy1NSktadVc4c9IBlAFBVV95cUxPTnZzWmowV2gzRUIwVEI3aF9zTnM5Z2NzcHBDckJzTER3em9fS0F2VVVmclVUdWVTUl9GWDZSd1dOU2RoelV6dUJuTDZjVEJPY3ZON1VFZ3ZQWTZBNlR5dVo3NHJNWnpGS3ozM0dLT0lMM0c3d21UMFZBQWFPQUlDWGgxRmtJS2M1eUJpOVdSWjBqd1ct?oc=5
2026-03-09	Google	0.136	New solar installation at Crown’s Seville plant advances renewable energy goals - alcircle		https://news.google.com/rss/articles/CBMitgFBVV95cUxOSmh0ZkVoOHhGQ3gzZ0xyMmJCV1F0MVFqWF9NM1dva1dWU3M0cjN0bWE1Z0V5MmpCZm1WVzNGN2FCdmxOc2o1cEtwLXdEd1FDR05fc0NsRG5GeHpESGVrZGNtRzBWS0FFYU1Jb0xSTFFsazYtc1FZVHFEQ2xBVVF3QkIwM3NSaVlmYnlUZDluc2l2REROR0N2cWdSVkRhUEJPeHJSU2J0OWJQbFVWWWgybnowSk5Hdw?oc=5
2026-03-09	Google	0.136	Philippines mandates storage for new utility scale renewable energy plants - Eco-Business		https://news.google.com/rss/articles/CBMirgFBVV95cUxPYVpaZnB2TTctZ2tjSHN2cTJoS0x4M2drWjg4UnV2amFfUW5IWUNwVU55MUZWTjVBdm02UG1GY1g3VXV5T0tjQVJzWFZfbGQwVDk3U1FkZDF0SXFJZ0R3a2c1R1ZSLWllU3dwT3h2RkpQY1ItNDBfTE51U3BMX1ZnWGk2dVNfTXotUjJ2TmNBbjk1eEI2ZE93WGFDRjNoSEk2SkFWbzEzaFVjM3ZZV3c?oc=5
2026-03-09	Google	0.136	Solar and storage boost to tackle energy affordability in New Jersey - PV Tech		https://news.google.com/rss/articles/CBMimAFBVV95cUxQSFJoc25XZHVUUWhxTU41S2JxTVp3LUF4UXQ5RzhPbjFxelhEamFCTjlOcUdnS1J4b3pRSUo5UFlpZ2pFN0lmeGMzbHlBVHNJamdaXzZqeHFiVDc2MkgycTIxQmxlYzJuai1EREw4SU81N1IwT1p5Zk9lZjB3YVV4Yi1wS19BN1A5OXUxUmF0TWhNY2VkTFVrMA?oc=5
2026-03-09	Google	0.121	IRS Releases Guidance on Restrictions on Use of Foreign Equipment in Clean Energy Projects - POWER Magazine		https://news.google.com/rss/articles/CBMivgFBVV95cUxNN2ZOc2F0S1BYUTllRlRvTEw5RkJTekw1OURLYm5ZQ0kxMjljUXJUVU1KckRieWRiZW5GN0dKa1VaTGZuODFPQVV0UUdkT1JsMl9hWUFLcm4yLUk2eDN5S3gtLVVXRHJpQnctVzFqOXhHeUR3MnFSRVpXcWpPdXQ2NXM5WHFidDR6Skl1RWROc0FtNjNNMjNra1JWSUFRTHVmX09La1VTcHVqSUQwYjJvYV9ZM0lmWFBUbDZPSGNR?oc=5
2026-03-09	Google	0.118	Can tomorrow's grid handle extremes? New simulations test renewables far faster - Tech Xplore		https://news.google.com/rss/articles/CBMijwFBVV95cUxQSmFSVDRMWDRGSmRxSmNFS0JjajZaU2pvNl9ra0VKY3ozT1lWd29NRHlNWXl0WWJtUUt3U21FM0lQU2lVYm91V0hXSzdLaUVidmVYMFRQem5ueklfbFYzMmRCd2gzejBQekNVUFV2TkhWdUNaTXIycWNlOTF0amlfS1JFMkUyMlB3ejBDLVkyNA?oc=5
2026-03-09	Google	0.1	Lessons from Iran: Decentralized, renewable energy vital for Israel’s defense, expert tells 'Post' - Yahoo		https://news.google.com/rss/articles/CBMimgFBVV95cUxQZ3FtUXJ6LWdWVWtUVk1DQ0ZyY0ZBeDAwZkpiZTJZRDlxak9SMFQwVUMydlZMNDFvam1zVjd4Y3pKZHhIU21EMWJxUThOWkZ0X0RIOHdqaTBGaWUwbXpsTnZyMkMtY2loM1VNazdVcVdhYlJNMEE1a1BGc0dBNEEwLW9sM2JudkxYNm5ZUU1UYmZ4T1VqRVp3VlZn?oc=5
2026-03-09	Google	0.092	"“We must fast-track the transition to renewable energy and reimagine Africa’s future. If the continent were powered by clean energy, including solar, geothermal, and hydro, the Middle East crisis would not have the same far-reaching impact,"" said Prime Cabine - facebook.com"		https://news.google.com/rss/articles/CBMi3gFBVV95cUxNUjdxOTUyLTltb0l5a2xXVllkSXpuU3BKbkhBM3I3Qnk1ZFBrTy1faU01am1QNlhNc0UzTlNSUVBFVEtzMnRtOTQ3cHFLd2I4R0ZwZTdyRHF1cW1XRW9HZkxxNWtJUWJ1TVZYZ1F0ZDZQd2k2SEliX0xLdTA0aXVlMEZOXzRybDIxSjFOVk0yQ1lSY1NXRmdhUzM0VmI1dTNGWGk5aW1DQktuTUkyUWNTclZDM3l5TXZTMDBYSDEzZjdHbjQ1SFRqOGItcmhPWFVqU0cwSmNRS2xpVlBQdGc?oc=5
2026-03-09	Google	0.067	‘The Old Game Is Back’: Oil Is a Potent Geopolitical Tool Again - The New York Times		https://news.google.com/rss/articles/CBMijAFBVV95cUxNYjZJYzg4VVd6WFdoX2VjdlFILUtPLWVMSlZWODhLUXBlSkZ5NGM4bmkzemgxTWNDdG9WZGdaOXViRUZHSkVZYmpRSGdMUUJYQlBJdFhMY2dpRHNGaWdvN1puSGduZ1JsamxSTThsSzJJN1FSZm9BaXpSLU1UUjFmV2NJbHRZODlpMmR3Vg?oc=5
2026-03-09	Google	0.05	Texas keeps drilling deeper for energy — Meanwhile another country proved an entire grid can run nearly a week on renewables - Energies Media		https://news.google.com/rss/articles/CBMigAFBVV95cUxOYUNYTWo3d3JMdHg5aGdkS3JGWk1uamJfcGdrMlBSTGI1TXEtbm1JT1czYUEwa2llODZsUXRxT3lMMm14ak5XdWxfLW9fdzAwUHgwRHpGazNKT01sdVB5aXdNenhSMUhWWHpPb09qR0RjWDBVTmZYNzl6Z3JtNThsNQ?oc=5
2026-03-09	Google	0.05	Unexpected Speeding Electron Discovery Could Boost the Future of Solar Power - The Debrief		https://news.google.com/rss/articles/CBMiogFBVV95cUxOTlpYUkJDWmRPZUpEbVhRb3ZiczlNVlVxOWl2X2RadXdRZFNnejdQTE5vc3JTQUZvNEdXNXR0ejhmcE9aalZXUFJJTzFyOXNMdFZCTm9IRlZ2bE50R0RtVm9jLXR1NW5xUFByamFvMHVhbzZ3WXFkcVIzMXlseHgwSkZKQi1xeEZoM3NNR0RJM3V6WTUtZUQ0U1F4Q1lFWmhDNEE?oc=5
2026-03-09	Google	0.005	TGI Group Inc. and AMIRON GROUP Announce Strategic Alliance for Green Digital Transformation and Smart City Development in Kazakhstan - newswire.com		https://news.google.com/rss/articles/CBMiqgFBVV95cUxQek9TdkVJbGVneTI2dExEMzZFcjd4NUhybWNRY1RXR29ES21ZMW85X1B5bVJ6ZHVsQ1JGV18ySS04Vy1ZZFpkSjltM2k0aHZTM0R4Q1dGVVNSX1p6bEMwcHd3cUFMT2gzcEtDOFE2THlEb09EcllZM1dubnVOblRzWnhLLXctTVBOWm0xWUpkN1RLeDI0NnFkbFR4aGlWVTZZR3JINEFnc25Sdw?oc=5
2026-03-09	Google	0.0	About India & Canada's C$2.6bn Renewable Energy Deal - Sustainability Magazine		https://news.google.com/rss/articles/CBMiigFBVV95cUxNRHhObjVmcWVxbGJmcGc3RFdRVmk1d1lYVHdWVnVkVC1BcHctWVBPNjlRZVVFWDB3dDJsRk5YZGVsSkR1ZVhQYkROWnpjeXpIS0lqcUQxeklzNTNITTFqanFUbHdtY203R2FyMzdwWlJwZzRjNG0xUXJ1Y2xMR19uOFJCNllQS2xhQmc?oc=5
2026-03-09	Google	0.0	Adams County gets funding for renewable energy projects - northglenn-thorntonsentinel.com		https://news.google.com/rss/articles/CBMihAJBVV95cUxPZDh4clkxQTdvTS10ZGFXVHY2MXp6Qzhwa25RWDVjN2VleXVWSjJaV2l3OXFrTnA5V2VUOGpzSHJnZVQxeFlIY3JFVm11UkMtQnJRQmNkWUE1SXg3VkJKaXFaUU1Delk4YmhoeEJPdjkxeXBNOEZ1bG9jYUI2OUh4bktiRFlHMzNRdXdMYjI3X1ZwMHREOWcwNmxBcm5TQzZWblRTdDZXcXpjbWpjcHJaU2JfbDhTUTE5Sml0ZVUxcWs1QllhRVZtcnVTYTA5NHV6U0puMTN2THR4d3dxcEV1WUJyZFF5WHhxdHp2SEJjdDhBTms3ZDRWeFB1RTVOc0t1U1Z5Qw?oc=5
2026-03-09	Google	0.0	Agentic AI in Energy Market to Exceed USD 10,700 Million By 2034 - vocal.media		https://news.google.com/rss/articles/CBMimAFBVV95cUxQeDJPSHhKem1CYnI2RV9xeWlKNHN0UDU5Y1E2bjhPZVlnalBvcEY0WWtSVGtpc3hLUTZaNzl2a2JqbUFya0pvLXBibEJCX21IQm1OZFlFRXRwOGRNRVNNb3QtTklrTl9kYnlNNDlhOW1QN3FxZ3o2MlowS1VTcG1Cc1djeGMyWkxGU3IyYzE2c2NnVmNvVUp0Zg?oc=5
2026-03-09	Google	0.0	Aikido Launches Offshore Datacenter Technology - Energías Renovables, el periodismo de las energías limpias.		https://news.google.com/rss/articles/CBMipAFBVV95cUxNVzE1cFlIZFVhdG0xeEZHRHZYaUhrODZLaW91QkN2SUJLYk1WTzV0M25MVGZ2TGs1ZE5rZUo3T2Y5dVhzaGFFc29sVXdTM0FzbW1GcVJBcW1rckxSNUQwbU4tUG44UjViUVRBTjRvZEVkQXRsWjg5X1JlZzdJazFaWjE1Q19yWVNVQVN5TFh6ZGNtOUkyTHhmYldQV1NhZjhETUVKLQ?oc=5
2026-03-09	Google	0.0	Amazon closes deal for Oregon's largest solar power and energy storage project - The Business Journals		https://news.google.com/rss/articles/CBMirAFBVV95cUxNMFNhT1dzMUk2bGc3eWJHeUs1cVpvZDVuYU9CSGQ1cExHMWt4em50c2lJekRuVUJad0NaUDlCemphaFV5N0lmUTI0OXR6b1hFSXlYN1lvekgxMHdfcUw4SmVySzMxYWRXaW10UExSMXI4SEhYajlxLURrWFpYOTBnOGdxWWxQUEwzeDBMY3NJZUhiS1VjMURQUmpsQnN4R1dSZGI5SnMxMlFxU2Fv?oc=5
2026-03-09	Google	0.0	Argentina may increase AlmaSADI battery tender by up to 10% - Strategic Energy Europe		https://news.google.com/rss/articles/CBMijwFBVV95cUxNb2p4RmFrYzZZVkN5czRONEhyTGdBaXdKZWo2M2wwWlJreU1mQTJfQ29WcFBxV2NzRk15QmlnbXNXcV9yQkdnQVZTRXNnSk5XQzV1bU1aS2JCOUp4WFpHTF9PZ1pkdmE1RTVGSENfZWF5UWhNcEJNUUZDMnJHS2dDUUFsMFBYN2NKU2Z2VFJKcw?oc=5
2026-03-09	Google	0.0	Arizona Corporation Commission ends state’s renewable energy standard - Utility Dive		https://news.google.com/rss/articles/CBMiowFBVV95cUxNSG1XVzhyOXZxOXZpa1FvWDdQX0Y4cHJxR2pkRDE2SXM0bHN5cTVCdEZPSDdSeUVJY1ktWHM2VFBtZnE4eTJpbDBma01OUDlocmdjTG53a1VmOWNNRTYtQ3Rfc2NJc3IwOWswTzZYeThSSW5WRDVDTUtGNm5IRlZnUGJNUnRzeVdEclo1R1hLUC1rVWdUWVVlVFVmcGJrTFEyY29F?oc=5
2026-03-09	Google	0.0	Arizona Ends Renewable Energy Mandate, Citing Fulfilled Goal - News and Statistics - IndexBox		https://news.google.com/rss/articles/CBMijgFBVV95cUxNaFJ2ZUFQalNGcUw4MzM0VmgzOTlTYm16ZGdrV1hIUGx0VGJGZUdXSFBXQXNBbUtuNzMtODNaakhaY1lLUDk3TzRqYlhqeFhQby1MT3J1Z1RiOHZQNUR5ZVg2dkcyenNZSkxoR2VNVDJEWnZuVVJLTWtSYjZZaUh6Zm93UXBWODlSZ0tMNzhB?oc=5
2026-03-09	Google	0.0	Arizona solar policy hinges on this year’s Salt River Project elections - pv magazine USA		https://news.google.com/rss/articles/CBMirwFBVV95cUxPLWw5bmRHeHlXWUVZWWtGOUszOXJPakY2MzNuZXN2NXd6ZUE2NVktSVBfWkt6T185eHdEQ18xR1habEc4LUE5a3MyZ0dHVHl1N1ZDem9YTnJ4T2JEN19mc2RyUzZiZmppUE9iNE15N2p0ZzV2U3pYS0FmSUJaYkxOUXhWaWUwTEFWcDFtRkJLcy1oY2hLaFpEV0ZDNUNMQ0o2WDhWVDVuaXFLdmM5RS1z?oc=5
2026-03-09	Google	0.0	Atlas Renewable Energy sees US$2bn investment opportunity in Latin America - BNamericas		https://news.google.com/rss/articles/CBMitAFBVV95cUxNa1Rjc3NBLVctZFo3QUVmNENHMnFfbzNqN25FVE0xOGE2RXEzNDQ4MXhuVDYtRmhuQmRhUWtCNzZwNzgwcVRTOHRnZng4bzRSVE5zZUtBSHlJQzl0RER3RENoakc3ektyakdoWmVXdkVrQkVUbElrVGRrN2kzYUhzR2Z1am13NTczR0ZYb2xiTUZ0bkRiaGZUVWFKZlNhRFBoTjVsZ2lWQWVIWWlkb1RTXzVBSjE?oc=5
2026-03-09	Google	0.0	B. Braun Medical purchases renewable energy electric for U.S. operations - Pennsylvania Business Report -		https://news.google.com/rss/articles/CBMirAFBVV95cUxOVWgwVHFFOGJfZlA2WUhLREstRmV0WFkzMHlZVEkxNkVLVEVmbmI2cW56cms5UUs4ZXVXbGR0aVVwLTROVEpEcVBzZWQ1RVhrbzdHc2RFbXFrSG42Y2ZvUFE3eGwtZ2ZrWWpkWXhiWEE1YWwzOXFvRlNEeVRxYk5YZEEwb1dZUE10QzdscVdxVGlkWTVldE5HdzhOQzhISjl6ckxxaWNJNjYyZnNM?oc=5
2026-03-09	Google	0.0	Beacon Hill Roll Call: House maintains renewable energy goal - Lowell Sun		https://news.google.com/rss/articles/CBMingFBVV95cUxNVjd1NVpnNFRrTjdPWExyQnV6VnlBVFl3cl9INURhNVdHSDVCek9xSDJsTThfczVPMHRLUm1hYVdLSXJjS3NPTGNXcHFBNTk1TzVPZlZVNFdSajdBRm1CVDRPVkhUXzJPRjZzSlVVN0loT1NfT0gwQjNwdE42ODRtNVJyRnR6aFVUaldSQTV3Qlpjam0xS0tpcTlNeGxVdw?oc=5
2026-03-09	Google	0.0	CMS Energy Links Earnings Upgrade To 20 Year Renewable Growth Plan - simplywall.st		https://news.google.com/rss/articles/CBMixgFBVV95cUxOR28wb2dIN1NoNHRCdUJULVQ1OU9TbXZaei1oeHJhaWxMZklnbjdRY1ZVM2hsODBYbTZQdS0tYk1QMlV4Z3lMUnU5TmpGN3ExWjIwdHI4MGFVTWxTbVZLQ3k3S2hWSmpQYnpyOWRZcHRCWHJLZ3NYalR2cVQxUjNnSXg1UDJGRmdsdVJ4TXNlMUdZZGUxV0lCb1B5YjNWYU02MHdlbWdpdDlrd2xkb2NqaU5sXzhERURhS0tEVGhEUGZfME5pU0HSAcsBQVVfeXFMTVZtSXY2OGRNSlowNFY1OW5rZ1dudGM3dkNkVC1POGx4aEs0Y3ZSSG1xdkdWTzlOd0JYZERyWEZKSlhlQmt2RVQ2LWFuOHZYYWF6YlpnZTNzc09MalF3VTdUV0xhVjMyVERvSkV6QTJubzVyeXVXbnFWcVo1S21PRFdSTUUwSDRNcS1TeV9JbWNCdk1yeE53ZWxMVlNJanVaZW44Tm1RMThzYTlFcGtESjBIcXFIQmxSa2lXMlVmcGxXdjh0eVRKbjBWNDQ?oc=5
2026-03-09	Google	0.0	CMS Energy’s 20 Year Renewables Plan Resets Earnings And Risk Profile - Yahoo Finance		https://news.google.com/rss/articles/CBMigAFBVV95cUxPT3hDWXJmYjVLcms5Z1JmUFB6enpFcEg4SzVHTDFsbzlSWl9ObjdtLTFyU0F0X1gzVmtabVFLRFNzLXV6b3pPaEg1UElvdU9oaW8tUDgyQ2VGcXllMl8xcWI1dFNMSnRJeGtBdk9UbGhkQjExTE81QVE1TDNGY1dYLQ?oc=5
2026-03-09	Google	0.0	CT Siting Council approves solar expansion in East Windsor - Hartford Business Journal		https://news.google.com/rss/articles/CBMinAFBVV95cUxQc2dGbW13bUdsYUJ0MnBDY3g5T2tDMFJLSV9OUXo1Q01sR09lTzdIQTJEM05HTmFHYUw1ZUJJb29GcHQ2d1JtX2ZuTU5wbUs1T2tSMUMxQzR2eHdhOTg4eUtWd3lkUjYxZUMyUTh2Mm5WVXdnMFBsOGdwR0VkNjMxTWJzODVobjVJemxQLS13SDc1TTJRYWx0QmpYQVY?oc=5
2026-03-09	Google	0.0	Central Farm Service, TalusAg and CleanCounts announce project to bring locally produced ammonia to Minnesota - Energías Renovables, el periodismo de las energías limpias.		https://news.google.com/rss/articles/CBMisAFBVV95cUxQZW5Ec29Qa1RwdG0yS3c0UHg4dWMtc0hrM012cmFWWTlDdUFvc2ZISllhOEl4Y0NjaDJ6bjNhaDhQcXd3Si1mSUV0UzFUdFZFdV8tdGRPN0I2cFRmcFliN0V6VUZra25HaVNhZXdWTlhuYVFEMjFFVExodldGZEFpSTc4d3BpVFpfU0hjUndRckpwNmRyTW9hYU5vQnJfTHhlTV9IejFqLXZBMF9PSThYMw?oc=5
2026-03-09	Google	0.0	Chinese turbine makers strenghthen hold on global wind market - Renewables Now		https://news.google.com/rss/articles/CBMiowFBVV95cUxOQWdma2J4MFc5cWl1TkdmLXdtd3lxWU5Ub29xaUtWSDhDNGVGeXVldDR4UEhFZjFBdkVvTEJ5cldreVNETzlWamRRcktoMVQ0VHZhU1FHNU52OWFUQk1PMTdjQVpWd2RCOExHd2Y4dHY3MW5OWFVNNkRlN2xobUI5WW9jSWc3ZlpaTVp5enI0by1YQzNVemlETXd6ZU5iVEZ3UkJV?oc=5
2026-03-09	Google	0.0	City of Lafayette Earns National Solar Recognition - WLFI News 18		https://news.google.com/rss/articles/CBMixAFBVV95cUxQeDRBS3NIcE5WWjdVY1h6Wkd4X0NGX3lwOHVDT2ZRYVQ2Z19Rd1R1RFZ6UVl6UnRWSjVFb3BKZTZUYVJLcHJQRTNwdGNGVUYzSV9uX0dLZXNJa00zZ1A0ekpEaDRhQlFERktIWTh2aUpvUDlkS2YtRm0yaEZrcHAxV1NIYk0tSzl4Wks4WGxMRUVyQnJtTWtlbUxfazZqM1hxcGNFT2txX1NCbFp4a0lJNlVTT3AtOVpJeU5hbWszdGlYeDRT?oc=5
2026-03-09	Google	0.0	Construction underway on massive solar farm in Lakeland - Tampa Bay 28		https://news.google.com/rss/articles/CBMioAFBVV95cUxOcWswbm9peDhJWmRudFRkSmdJN2oxWk81dXE0VkhqcTJMZzZVcEFSZXo5M2l6b1o2cGJTcG1uZ3RCY0FGMk54cGw3cC1WaDZ3UnVQRHI3b0Y2SzhRMGNVUFIxa3JBX1lmYXdPc3JVZFBvMlpyQkRUaG9mQVdHSVMzdU9vT1FTd0NON00tVkJaZVRJY3Rta2dCd2F1bm54S2dI?oc=5
2026-03-09	Google	0.0	Democratic candidate Barnes would freeze utility rates as governor - Milwaukee Journal Sentinel		https://news.google.com/rss/articles/CBMi0AFBVV95cUxNbjJObk13RzEwZlc1VkxId29fUHZpLWhYN016VjA2a19tUnd4aUlPYk80TnFQRThUM1U2b3BBWlU3RXBwb2d6WnlLV0dWN01ZU0lHWFlCMnlwYW1jUGFWYVJ0ak85VkdIQ2pfX0xZOVZ2OUdvNkVpY1d1d1MwdTdwTWJxSk52dVVHTGxmY09aRXZYOUlRNzV2RHlUR3pqenV2RG1CUXNvUTR5ckttdTZKeHBSM2VORDVEMkRid0hUT3VUNl9tVVJtTi1KMXEwUV94?oc=5
2026-03-09	Google	0.0	EDF Power Solutions secures environmental approval for 128 MW Fénix wind project - Strategic Energy Europe		https://news.google.com/rss/articles/CBMirAFBVV95cUxNVmV1VmlhQTFydk52TGpRYklWNm9TWGRxMHBSVk9oTzdxNmZVX0VMellaUnM0QzhkSWkzNmh6NVZpdzJLSm5BZ0tnSmZrLUNDdUJXZDlVM056ajdSTmRnTVFfaUk4UDlwaDhyY2hVdUNTM20talI2dEhNOEkxLXkwai1ORUdxNGlrZHZmWWk0bG5VWkhGVHJua2VTaVBHWTg5cXpHSElHa0MxXzFE?oc=5
2026-03-09	Google	0.0	Energy Sovereignty: Localized Methanol Production Emerges as Strategic Alternative to Volatile Oil Routes - Fuel Cells Works		https://news.google.com/rss/articles/CBMi6wFBVV95cUxOejZtZlVnN0hNQlhsOVN4NENpUzRQb21MR19BTGtzSEcyOWlLcU5hZUoxTVdTVlpLcEh2OUNhUTJ3c19UN2RsbUtQTjBScDR4ckZjdmp3S1VCVDJMQ0RrLVZNT2lZMnlqWXRLeTQyOU8ydzljYi1xS2R4ZnZvV3gyQUwyS2ItWlpFcGVrbkdJdERpTHNWRTY3QVFjVjFQOXlYQW5fcERmOE9EbVFBaFZaOXM3cWdWQlRmZVFTcXlGUWt1Zk1CSzRvemw5WUxaTkd3T0ZNcmdpT0pkMHczWjVBZF9GeDYyWFVGb2JZ?oc=5
2026-03-09	Google	0.0	Environmental Technology Market Trends Boosted by Renewable Energy and Monitoring - AltEnergyMag		https://news.google.com/rss/articles/CBMizgFBVV95cUxQUXg2RUNPSzAybWVmakVBTWczWGFNdDJqUkRfQk5jdGFDMEFKc0stZ3BCX01RY3M2ejRrMXhVajFWUUhjLUE1WGh1cmtlOWRibWFXaVpqT3JHNWZtZDRHWHlnYzZyUmFXRWJlTERLazgtdEtIa2NKVkc3NWttOE53WFF2ZmFvN2NHakJpQzJtMFdIcTlwNzRWMkRDX191ZThQQ1gyMF9NN3NNZlhKYkxPUng0ZDUxekVtUko0QUV1OEROdkV2OThyUkJKZWlQZw?oc=5
2026-03-09	Google	0.0	Fortescue begins construction on Western Australia’s ‘largest’ solar PV power plant - PV Tech		https://news.google.com/rss/articles/CBMiqAFBVV95cUxORUhPbU5ScGQzdVFtT2xmdkVxNWU2WEhsYzYtQ2FoeXNsRF94Wm5hWUZILWUxZGtjc1NOX1ktb3ltR0lPU3F2WGpYdFJtN0Z4Q0dkODVMWnNuN0ZyaTgwbmExZjdfMHVocGktQmYxdHFIMTdmT3FvS19wNEdvNjBiZ0Q5a05CcWZsWEZ4empjTXFjY18zZHYzUjdncnFPbDNEUllrMlBZbmY?oc=5
2026-03-09	Google	0.0	GIP and EQT consortium to take AES private in $33.4 billion deal - Strategic Energy Europe		https://news.google.com/rss/articles/CBMilgFBVV95cUxQQmNFWjU3SzN3RzQ1cnJ6YmlmSFA3alhXNnRHUlFlaVc5bHo2VVhnTlJ3OGFkbXpNcFlLdTF0d1JRdXVCS1duU3JqYUV2M2FVbmVaWkpfVTdDRTJKTDc1ZEh2VThkS3pZVmxZejRRb2hMd2o2WVRfclJkY0VCTGk1WlNEeVJpQ19fbmF4T1h2aUhfaThTSHc?oc=5
2026-03-09	Google	0.0	Geothermal drilling tech start-up Telura preps for market entry - Renewables Now		https://news.google.com/rss/articles/CBMipgFBVV95cUxQc2p1bWRibTNjWTdRS0xpUFJlR19wRnFmS2JDMENzSnE2Nzh0NnpXRm96M2VyRVJyT05lVWJKZjJiem1DMEZNQTFJSnRQVnBJc3YtMFdEZ3Bfazh2bjhWUmlKYUhlWVdiclZqb0o2ZnhmOVpDSnJwbV9JVXdXMVJ0Y09Td0lPSmNDU3JBVENMM1UzZHU0Y1BlMVhSMnh3Y2MzVnNrSmln?oc=5
2026-03-09	Google	0.0	GridStor?Announces Close of $120 Million Financing Agreement? for BESS in Texas - Energías Renovables, el periodismo de las energías limpias.		https://news.google.com/rss/articles/CBMiqwFBVV95cUxOYXo0RFQ1c3BoemNjZkdVTUJNV09zSjdpRjJHZmY0QzNjeHU4WE5hWXpQUlNYSjdUX0QxN2JFMVV4QkVtYTdudHQ4aFhkZERrS3N2MGNmY0VVUUc2LXU2ZVpkdVFYZDZLeHR2S0ptemY3dnprVVc2UGlublptSjNzVXFWb3d4NHNyTUxibkk0Z29BVTdRSWMxZVBUMUFPY3dReDZNMVU0TFRBWnM?oc=5
2026-03-09	Google	0.0	Halfway through, House and Senate still trying to coalesce on energy policy - Maryland Matters		https://news.google.com/rss/articles/CBMieEFVX3lxTE9DZnFEbkoxV1p5aXhSOW1Vb0tlTEhwczNrWGY2SUw3UVVGZC1wMFdHVnZLRVBXNlRtMDVPVFI0NlI2MWM1dHJKSzNtTktvdkZPbjBqQ3hlNTFJZTFwZjh0ZXhQdThCSUxCOV9LYVBJdnNXQU00UloteA?oc=5
2026-03-09	Google	0.0	IFC backs USD 275M wind project by PCR and ArcelorMittal in Argentina - Strategic Energy Europe		https://news.google.com/rss/articles/CBMingFBVV95cUxPSzI2eE5FZWlYcy1zTm9NdFFlM0lMaHJoOUxDRldKbWlOcHdDcFRXcnNNZmlFcEU4NkVZdmRiTExNU0cydHlPVHVaOWJrTkRXZVdNX1pmVTVVUGc0QjJhRGduSUlsLVlVOVBBR1h3cGExV3pYUkVDVDRTeHNEeWlGNVdnNDkwREYzeU9Ub1lrbjNib3VtaVNROHpWb2RnQQ?oc=5
2026-03-09	Google	0.0	Industrial Minerals Market to 2035: Driven by Electric Vehicle Battery Demand for High-Purity Graphite - IndexBox		https://news.google.com/rss/articles/CBMiywFBVV95cUxNelNrTzhqX1RGWDhPMGozeWQ4QThDYTBVMXpuazl6UEdJeFZkZHNuN2pxRnVZYm9ZNFZjNU56Q3JDQXlBSENscHpCYkRvZHNFV0Q0TlViNms0aktJYmN4NVlQX09ycHhsem15RXI4ZDdDSjZsR3R2MWhWWldGcFJLRDg1bUpMT25MZVlEdlhRSU52OHpKSndGRG92dDlxb0pHVXNRME9HUXI0VTQ4QTBELXBYbWNmeWZ4RmdQQVE2MWJRUThfUWF2b3hwRQ?oc=5
2026-03-09	Google	0.0	Investor swoops for stake in O&M outfit TAKKION - reNews - Renewable Energy News		https://news.google.com/rss/articles/CBMidEFVX3lxTE0zaDJ6d3VSN3Z1NjIzVktzZFlnQk16Rzg3aGhGQXRheU8xSkUzMGxXcTBxZ21QMDkzM0dTamowaDRaNVBmMGRJenItdFBJRS1TNG1XRm41eGdXYTZ1LTBIVHE1c3NQdjB0QmszVERCTkpxYnhQ?oc=5
2026-03-09	Google	0.0	Iran War Disrupts Global Energy System, Sparking Renewable Energy Debate - National Today		https://news.google.com/rss/articles/CBMivwFBVV95cUxPdXhSQkZMM2JjNXpoS0RFZXJOU2dmcFQ5T2E4c2twSzAzM3ZSbnZoVXE1Q3NKSUMzMjFHaVc4VkwwNnJlWmNFdXhacE02a05FS1J4aUJzNmsyZU9aZThZdFZMQUlOVXhjV3FRTnJCNWQ2WGVrNkROQ29taGJrdXY5bGxiTDN1bnhhQTBFSWJHbGdpMHVVaG9sekpzWjRWd3lBR3JzY1MtS05EYXhESmpNSUFOUlhCdmxOYk9BWk1rbw?oc=5
2026-03-09	Google	0.0	Iran strikes highlight Israel’s energy vulnerability - The Jerusalem Post		https://news.google.com/rss/articles/CBMiakFVX3lxTFBpQXdZbm1hWW55OEVvYU5jX2YxNDg3V25oT2xMS19xX0Z6QXNfbE5BNkZSSmJZSjJUdWxrblNFSHpOZkJQT2dlcmNzWGl2TWJyUWE1NkhNWVVMOXhIbThIamhUVTc2c1U0Z0E?oc=5
2026-03-09	Google	0.0	Ireland to miss renewable energy targets up to 2030, cabinet told - marketscreener.com		https://news.google.com/rss/articles/CBMiuAFBVV95cUxQWWFlWngybmUzdWhoZ3pYSzF1LWFHZW92Z0NCVEdrM21LQ1FoYm9xNWdvN2dQWXdEWTdvSnBGMDVLZWxiSlk3RXFLWlhBVTB2a1JKamtldVJ5Zmg3QXVvZ3B5bGV3eWhhQjlqUmt4c0FZa1REWWZMeTh6RmwyTUpYZmtMVXBtVkE1TERZNXdMMVc3TTkyU1EtS2hPbVN3OVJ4SC15V2gyUHFCbU55NW5FWGJseWVzQ092?oc=5
2026-03-09	Google	0.0	Is a renewables slowdown coming? - Latitude Media		https://news.google.com/rss/articles/CBMidkFVX3lxTE1qMFFHQUo0WTlQUGk0UWN6X3pVc2U4YW9SaFdPUVA2TnZVZ2lkdXRrbEpqb2hYM3FHNDFRaUs4T2dLc3VXOW1zUUY5MEQtbFhNWnEwMVYwM0NUV0ZReWJ4UE9UdTU1UnhqZFdBRHVoUnNHYUZkb3c?oc=5
2026-03-09	Google	0.0	Is ‘Plug-In Solar’ the Answer to the Utility Affordability Crisis? - Realtor.com		https://news.google.com/rss/articles/CBMiggFBVV95cUxPa1ZkaXpIS2M5aWJOaEJyNmNMeThYN0ZtTkdYemx1bDk5eGE0bi1DYS1lQ0xxeW51MGl2SzJXS24tdXc3Y2JTeS1wM25fTl85dDRBRDFRR2NwMXM2ajFueFRjZW52bi1TSnluM2VUOC0yakY4UTJHVHE2Ql9Kb1pUcXdR?oc=5
2026-03-09	Google	0.0	Italy's Castello secures EUR-13m credit for energy transition fund - Renewables Now		https://news.google.com/rss/articles/CBMiqAFBVV95cUxPTXpFZlBjc0lRckZqUzhFdWNDVG1IaVhkdGZibHJWTGt4Q1VDU0NDUjl3dU10SndmLTFEdVA1Vi1ERUFOZTgxS2hYTnBoaVlEU3Q1QWpGWTFoOTM4SVRLbXRYY3FJR2ZGZU1kX2tfdDVLLTdjdUhzSGlyWGtXdUhlVzBFdXB3YlR5aFA4dG1OMGg2UmhMb1hRMHQ4ZVQzSWtGaVNBRFhwV1E?oc=5
2026-03-09	Google	0.0	Lee County solar project moving forward, will be one of the largest in the nation at 1.56 gigawatts - Shaw Local		https://news.google.com/rss/articles/CBMi4AFBVV95cUxQRTBZSVBSY0VISmwwb05hUWRoZUh1eE9kREg0TEk2cVpHV2VsMDNTLXJfX1hMX21YcjZkcU83NXFMTGJ2cUxEQ1Zsa052ajVRWE5ya215aDZQVTFwazZ6X0VJbVdmV0dtVWstTHNTeTJlRTRvTklORFZ2eFhpMWhJOHRuX0tleTlkR0VFd0V2aHV4SEFxNGFlVXB0OFE2MFduTmNNbHVQaFBtUHNwWEVkSHcwVzdKMTJ4bXpIT09ZeG1MREk4T2R5M1A0LXVMOUE5dWRLZ1FMRUtic2FqRGwycg?oc=5
2026-03-09	Google	0.0	Lyra Energy secures financing for 255MW PV project in South Africa - PV Tech		https://news.google.com/rss/articles/CBMilgFBVV95cUxNNmRtSEh2dF9yUWl6R1M5ZjBxc3lldGgyZ3JoU3pWOHJMYlZPWFZoZEN4VGY3T3VmT09mdURnemhKMmhoTzF2T1JzOGRLdlBwazd1V19jR2RDeE9iT1ptYUVyRjN5SVdVc0JIS3gyZkd2X0FYTkZJRFZCZXZaUHF1VjE4T1dHWGFISWZNbTFMQzAzbUk1bVE?oc=5
2026-03-09	Google	0.0	NSW Supports $70M Hydrogen-Based Fertiliser Project for Decarbonise Moree Farming - Fuel Cells Works		https://news.google.com/rss/articles/CBMi0gFBVV95cUxNTWdhM2dyZUZjN2VoSWhKcjEwWEtYenJic05vSmNkeG1CVXd6SWUtVFcwTUNyUUVTekg1TVJCUXZZY0IyNGlBWFdMTnNjTkhzaml0dVF1eG44SWJ2eTdxbUo1VDVobEl1SHpnQjIxTDM5dkh0WGQ0YkFycjhFN3BuamNfQ09BZnlUc2hMVjg4Zk9ieUtwa1MtTXRRWXEtbDY5aDFoUnoxd2kyOHBWczdCSmItTDJXeFo4NW1abnl1aFFQc3VtWE84N1NBSDBkdExaSnc?oc=5
2026-03-09	Google	0.0	Neighboring states’ renewable energy goals put pinch on Pennsylvania - altoonamirror.com		https://news.google.com/rss/articles/CBMiqgFBVV95cUxPXzRBb3Q2RW9MOWVqdnNsek5Vb0swcHRJdEtQT3RNU1Z3WkxQUk1NaU9ISmU4eWN5VDB1bVhmOGx2cTljMzl5blJ3QUoyOFdXWnlJZENIMWNEdUpYaTFhQl90bGpwQ1gzbTRFbU1BQXJXbUg0ZTVtRGU1QTBaQVpaVzNOanVMeDZWVjRFbm9mNVVGVDVqd3Z1REl6WjVnRHRqWFVaYndJWlRGdw?oc=5
2026-03-09	Google	0.0	Nordic Energy Storage: Powering the Region's Renewable Future - openPR.com		https://news.google.com/rss/articles/CBMinAFBVV95cUxORTZMejBwalRTME1sOUZWejhQLUlwTDNwV1I2OXFzS25OU3hHbTAxdWJ0amVJek1SdmVYclRIVkl2Q3lZa1loTEdPSUZrNlo3TVZseU5nMnFwSzJLVW1wb1ktN2FTWWhnMm1Eb203aEF0ekRjbzg0bTJEUTJuTnRMb040WnNEVHhwQUdSal9BZlFsSEhBaGFqSUhDN0E?oc=5
2026-03-09	Google	0.0	North Macedonia's renewable energy output up 89% in Feb - SeeNews		https://news.google.com/rss/articles/CBMimgFBVV95cUxQa1JWbUVuVllUcEJIQjJWX3NKclk0cEsyTWM4QjliSXVqY0NiNkpHdmtaMkNXQ2FzZUk3MElTeUNDYm5fMVk2VVRrRFQzYWVLeXgydzlFZUQ4MWVkRXplajBpNHlQaG9iRDdBaHJZQjZqLThzQjJVdGpISUgzcTBETXlPYmxZM2FHaURNWWc1NDAyQldSanhnRmFn?oc=5
2026-03-09	Google	0.0	Pennsylvania power load buckling under neighboring renewable energy goals - bucksindependence.com		https://news.google.com/rss/articles/CBMirAFBVV95cUxQVU5PTVhsOEtvZjhGV0VYWE8zT2JFT09PN05QdFRydVpTR05kcWU0Wld0RnBiTmhWOGZ5ak9wbFIyZEtIaXcyaXZkWGtrb1BRdVRLaTlSZlJkc01US0RxQzAyeGlKNFJCQlJqUWVTdnFmRmFETkRrWVhJdXhzdE1HOVJidmhkWkFLWWd5cW1kNUpuREdqSjJTbG9PSDFrVzl1T3hjbHJoSFN0VGh3?oc=5
2026-03-09	Google	0.0	Peru’s ongoing political instability leaves renewable energy transition in limbo - World Construction Network		https://news.google.com/rss/articles/CBMixAFBVV95cUxNeHYwMGNSSy16aUpFRnhDSzRxYXp0MzRwV280YjdCS1pXcVNyZHFJUE1zZHJid21Ydm5UeHJFYWtrVXJOWG9uTktCNkgxZEtHRlRmYnZnTEhNa3JrS3BVeXdYRl9LdzUwZGJPWmlDTXRLQnBqNmpiVTRZSWs4cW5DT1NteE91c0hSYkJhaG5aamFIOWxsZHhUME91TFNDYkt2N3U2d2ZoVXJ0TUhCNUhDNmt3RzBWTXpqdDRPUFVJVFRwM2FS?oc=5
2026-03-09	Google	0.0	Profiting From Subsidies While Proliferating Trump’s Protectionism - CleanTechnica		https://news.google.com/rss/articles/CBMipgFBVV95cUxNd0hKWDFFdkEwNXN0c1VPY3pTQXc4dkxzX0JPTnJRV3ItaUwzcmo5T2ZMZktkaUVNYlNoUXhUVGRrblhsZjJ1SXotUnppWWY0c3hzYU9rcnN6am5aOEhNMlIyTXZ5dWJZX0dzTlExLUpmVTVHNjZwclZVck96R0ZOSVRlMWJLMENreGFlTDdRT1FqTW5PX25qSWFaWHl6Vm9EOWF5d0tn0gGuAUFVX3lxTE82cERZaE96ZVlDRUlYWHg3d2N0c3lLdXNETE5RTW50SHlaNlRQWVo2d3ZFQmdyeHNjVFFUQ1YwcE4yak80UlFMTFJ2dWRCT2loYjFScng3UlgtS1FtLVlnbzhsY3VfaGVBa19fQVBNQmdfRWN6ZXVweEVlV1BhNUtvMVpUVm9YaHUzT0RtcFcwQlk5V0NtLWN5WEZfdHJseklJYllSU2NpT1R6NDRDdw?oc=5
2026-03-09	Google	0.0	Regulators in Michigan authorize DTE Electric’s Deckerville solar project - Energies Media		https://news.google.com/rss/articles/CBMifEFVX3lxTE5JOERlem1Rdmo1XzRLZC1VR3NvMXF0TFJUM3JacElSbWdpdkN6ZlhBRXpUWE1KVnlNTWhhYTV0MFVxUGNZQTg3V3JFalJUNkdMaFYwVzR0cTBWdGR1cWJlanZfQWppZjFuVFZncGl3Q1FTREk1OGJHY0VlOVU?oc=5
2026-03-09	Google	0.0	Renewable Energy Boom in Oklahoma: What Landowners Need to Know Before Signing Wind or Solar Leases - Oklahoma Farm Report		https://news.google.com/rss/articles/CBMi3gFBVV95cUxPangtQ0czN3ZqU1VhbjYxTTFXZGFrSkdhcG9qQ1l2UUZHcUthTXdOVXRmcHFqNWwxa2NaTHh3cFN3Vkt3c2FWWUdEV2FjdWp5MHZRSUxzUTk3X0RkS2hkR2JuRzItRklaNk51WHhfTUFIVmJnQm9xODVQMnVXdk1JZTFmQ1RGaUZlT3dWTDl1VHdQNTljS0ZZQ29waXBsM21ILVQzMHJwSG96QkV2elJ3TFZNc3FKb25SSE1TOGdKTTNERkFYZFdLakdxWUhOajRqWEJYR2hwejJ5ZW9nOUE?oc=5
2026-03-09	Google	0.0	Returning renewable payments to ratepayers clears House panel - UnionLeader.com		https://news.google.com/rss/articles/CBMi8AFBVV95cUxOODJSMldwMkNOWHlSX2E3aDlGM0xXdGk0czVZZDJGcVp6WkstS0cycFoyVFJORUFwVmcycFFrTXo4dnNTTTJJUHdCTXpVQ2J3UkRQTXdRVm13LTQtTVdieHNHQ2RCSThsdjBfS01pbmVCWkpndkdqMndWRTk4UWhmNzkyZk9sNTZaUTd1MDlTMzVjUEtROEVEWU93X0xkd09GQmpWZjJJQWV3clVsQXZGb085RmoyTUZtOE0zVENJYmlBS09Scjh1V3VjaDdmelVwRURpUDVKUXByTm5IREFrVVFkOC1YMjFTczRIcWpxV20?oc=5
2026-03-09	Google	0.0	Russia is quietly turning into a renewable energy powerhouse - Sustainability Online		https://news.google.com/rss/articles/CBMioAFBVV95cUxOQTdnT05MaWJZTFN4TnVJMFBYT05hMXV4N2U1b1c3Mzg1QXMxdkwzQ3plRl9rY0JSSUxaekNZM1NiQlpuczNJak1BSXF4dzdlY1h3YmZhSkQ0RHBleVhSdFpZYndGWE5CSjdBV3E5UW1obVllWTRUQ3FQR2U2Z3FpaWdpdTFjWGxINXNTbkJMN3BPVlU2dWVGZVhtVk92Z0VC?oc=5
2026-03-09	Google	0.0	Seven women shaping wind power in 2026 - Recharge News		https://news.google.com/rss/articles/CBMijwFBVV95cUxOLVdGeVNUdnpJa29JS1ZWcnM5cU1yVkRoa3V3NXpueEJHR1VKN1BJdkV6cHV5MGZ2VFB2YlFvWUpfTFZMcTBfbWxSOS1kY1FFS0tWZjR3SjdwTHlLZ2ctdTB1c1dMbldVODlWN3JFV1lFOFJoak03YXl1cy10RGphWnpSNnIxQlFaek1ZOEU5dw?oc=5
2026-03-09	Google	0.0	Smartenergy and ABB Join Forces to Enable Resilient Renewable Energy and Hydrogen Production - Hydrogen Europe		https://news.google.com/rss/articles/CBMiuwFBVV95cUxOdzNPS2VtTklNQ3FMaEgwOHBsZkExWVRJUTdFVXNqODhYVDVVUHdwdFhRVHRHRjBuOGpMTHFYdkVxUXZpV21aT2ZkYlh3SVVmcDdsZ0tROU9temYya1BzLWZuMWwtR2QwVElMOEFqUlpFU0dGc3o0XzZHMUZCVTRNc1ZVbVc2bUdTVU8ydUVrS0J4ZE1RU1JPTHVRbHdhTDRfMklEYWcwWWdfYVlnZWVZcGI1Ti1veko5SWlN?oc=5
2026-03-09	Google	0.0	Smartenergy-ABB Partnership: Scaling Renewables & Hydrogen in Southern Europe - News and Statistics - IndexBox		https://news.google.com/rss/articles/CBMiqwFBVV95cUxPVmktUFpvZ0dfMXdGWWFQVHRhMklhVFVvMHphRUNCM1RIckFuRE5jSk9Yck5LaVFGOEo0VUh1TDRMR0RTRVFoTGc2Y3JFOTVwUWhjMG91TDFxeHVMVXlXUVBCeE9xRnhlMnllTlVwQVJITHFRUEVMQTVWR3FJWC10bnpwclhWaVJTNDBpYnJKTnV0TENMeWcwV2VZMldaRWR4eW5sTDl4MW9NWUE?oc=5
2026-03-09	Google	0.0	Solar Energy Systems Market to Reach USD 853.2 Billion by 2032 | Trends, Technologies & Forecast - AltEnergyMag		https://news.google.com/rss/articles/CBMi2gFBVV95cUxNQkFkbGdiSTE0dVNOSVAyTTBiR0h4VUQySHJJd1Q3QWdRSVVENXlBTVNrWFNxYVB5aFVwQXh6VUNtaWNuWkFMQ083ZXN5N0xoUmxkYkZlMUdVUTBqaHdfTTlWaHJmZFNGZ05uNlRfOG8xWUxMWEhDdm9scW80MG0wWXBIc0I2a1Q1NlVKMlJoc0dMLTdVR041S1NrRDBhSVhSSjVIOTBmV1ZKVzhmMHpIWEh0RTdkNW1zN3ZUakoxTUFDbkNodGwwU2x1UG9BTTV4VmVZUFI0SkN3UQ?oc=5
2026-03-09	Google	0.0	Solar power surging in Michigan, Midwest as renewables rapidly gain ground - Michigan Public		https://news.google.com/rss/articles/CBMi2gFBVV95cUxOcFlUTUNFbzZUa2g0WHJvUGhFXzdWSVdNSmRJeEFkS25JNlNZcmJ3RlNDSkFCamc0WDZ5RUhHM2d1Y3pqT0RFSHVVWHY0T1hmMjlpXzEtRnhuSmxJQ2dsOTlmMWRmeUxyRzVQU1FCZkxHdjhqR2tmX2NmOUFYcFlELUFDbmhlUmZiM3ZOM0RPZC1hTFpMcENad1FrWFBfVWNWNm1yRzN3TlV0cGdlVWVlLXlfbEhuSkR0OWk3M0NPQnZIakdUU0ZTN25RUlVUNVlfVmhoMnBJV2cyQQ?oc=5
2026-03-09	Google	0.0	Stationary Energy Storage Market to Hit USD 334.6 Billion by 2032 | Trends, Technologies & Forecast - AltEnergyMag		https://news.google.com/rss/articles/CBMi3gFBVV95cUxOUkNzUWo0bHZmQl9DYXlvc2FyaUkzUmpNdDhXdzhVXzlmdmt0dTRzSWw0bTdQYWxmUlFncGNRcW1neklCa0g3eWZERlprNFN4UVU2WXVBa0lXOWt5RWpIZjlWdTNiMjRPWUR2VHNnbFFMT2ZONFNSWTVBNldmckR6ZjI3Mk1PZ19rRGdiZDJfaG5aTmxHZF91cGVoS0RpNWlmNzhIMnB3RTlwLWxEdXJPSXpDb0Q3LUhKbkJjS1Q3bDF3eEZLUkU3N0kxWTBBUENrcFktczZ5QnNSQmg0Y3c?oc=5
2026-03-09	Google	0.0	Sustainable Finance Awards 2026: Middle East - Global Finance Magazine		https://news.google.com/rss/articles/CBMiigFBVV95cUxPRmNUcjRKelhrNkRFR3lReldxdmpPa0lGM1oyWDlpY0JXcnZpUmowLWJWeUxfbWJnamRLTjlsQ2Mwei1mUXQtMG5pb2ZiYzc3UDBvV1ZRT2k1UXJyU2xWM2lXVzV0aTl0QjNoVXB5S3F3VFNPcG1NTDlONG5aQllnWWlhQVk1ZV9jUkE?oc=5
2026-03-09	Google	0.0	Sustainable Finance Awards 2026: Western Europe - Global Finance Magazine		https://news.google.com/rss/articles/CBMijgFBVV95cUxQazltWEtjTVVLc0ZQS0xJS2s2ODRGNms5RVQzM0toZ1JJMG5YSmlUdzVTZFRtbFpWdG5xZnZSVmNqb2tGQWF2YjY1NXR2QTNMenBTdzdhWkNXOURpNkdxMW5OZmdPcnJXWlhKMTJwOWE2N1U2RG5iT0lha2hyQ1lXQVhnakFwU0pkVVh1Mjl3?oc=5
2026-03-09	Google	0.0	Sweden Advances E-Methane Project Using Renewable Hydrogen - Fuel Cells Works		https://news.google.com/rss/articles/CBMiowFBVV95cUxPbnVCWHpPM2hmTllhZTdfMWYwT3VNUW9sRmxFSmNkSndnalhfQmZlSUpORTllSDFsVVFuZDN0TWxuUms1TnlrYU81SDNSV2xLRFQxaHF1MnYwLW12S1FQQXUzaWhHZjhURDFuYTNmUnZhemVOeGRET2l1NXdFU3F2Y3VnTGhQY0tPMkJ5ZkVuYzljM01aQWVhWkhkZDJkWTdFVG5J?oc=5
2026-03-09	Google	0.0	TLT advises leading renewable energy company on sweep of strategic transactions - TLT LLP		https://news.google.com/rss/articles/CBMiwgFBVV95cUxORGVsdm5sQnAyMVo5T20xaWEzRF9Pb2I1SjhDSWFhS0toRzA3VXVIeW0yOUU5TkJ4NUEybTFHTEowQ3hwSTRwVk5MSHo0OGJ4MnY0TjRGZndBQV9RbVhUMVhwVW03c1MwaWZjb25NQUhPMlZaeWZJQmtpdmVhMkY0eG5TcFBkQkp0ejBvWTRWajhLbExSbDlFNzdpNlNlNVd5emx1NURIdHlHOE5XZlhVNmJNUGl0ckpWX3FZU1NFUjQ5UQ?oc=5
2026-03-09	Google	0.0	TenneT makes EUR 14.8bn of grid investments in 2025 - Renewables Now		https://news.google.com/rss/articles/CBMilgFBVV95cUxNOTNka1d0d0pDX1VFOXB6RXp6UEs0cnBZYWFoMi1IRUx4bmxYQm5CSGpnTl9KckY0cGtNZHp4cXFua01PT196OTNXSG11RVpaREluNmF2OW1wYUxNajRXWEpJZ2h5Y3BGa1Y0aDR4MVhWTGtXZXlQeFNvVHZ4R0NJc0lTTDV3SlREZTNYcUo4RG1lUXhwM0E?oc=5
2026-03-09	Google	0.0	Tunisia launches tender for 300-MW solar-storage project - Renewables Now		https://news.google.com/rss/articles/CBMinAFBVV95cUxOcnB2X181Sk9nRDlHdXV0akp6b0FxMXNJSDl2emotcXBaanJzRnJvcGhJWUlCWkNCQncwMWIxazh0UTBWVzhEZVlfWWpuZkpZUFB4NFEyY0JkVDRWN3YwNzF1XzF0UkJvemJHZ2lXVzNiU2JRaVIwZmdDT0czU1gzTFprTXpOUk9EQ015Q0hDcDhnMU9VaFpTaVNrbVg?oc=5
2026-03-09	Google	0.0	U.S. Gas and Renewables Help Buffer Power Consumers From War Costs - RealClearEnergy		https://news.google.com/rss/articles/CBMiyAFBVV95cUxPMEszaWJOLXNETVlXcEVHWXdqemY2alJlWEIxaGE2TThOVG8tbnRIRzcxWThhb1RXRUFnTnFxMEt4N0FzN2hlQVBqUkJobnRnUkZEeU1MS21HcVpnejJoODFSMHYzeVNFNGp2OEhSMUVmSjhwXy1VSHJKdmo3NGMtZmlxclNxM2xmb3Z5b3VkTDJ1aEhobVNXRkdHR1ZDZW9ZWm9WR2VXUHhIZ0xsOVRaOE92Q1BuMjZUSXBNbkE0d1lzb2d1LTR6SQ?oc=5
2026-03-09	Google	0.0	Ukraine Approves Law to Boost Renewable Energy - Odessa Journal		https://news.google.com/rss/articles/CBMikAFBVV95cUxNSjdvX2kwVnBDNTVjUFphT3RMR1ZHaFlFTi1hX0hTX0R1SXh2amdLVy16YWMwdURZT1d3eTFkZlZXckNWZ05NcVByUktzZGFpLXhTcnNNZ2RVcEUyUTZqWWZGTzg5LUxNa2lkVHRsYXZyWE9za1JtbnlxRndNVlNZVXhDenY0a1lIV1o2S2pJM0o?oc=5
2026-03-09	Google	0.0	Vistra Leverages Nuclear Partnerships with Meta and Amazon to Drive 2026 Growth - CarbonCredits.com		https://news.google.com/rss/articles/CBMiqgFBVV95cUxQcVo2ZEJ6SWgxTGZDLS12ZGpBSldMRDVzRVA5MndBSHVqdWVyclkyNVBXQVRTWFp0NmhhMHdqcnhBamM1Nk1RUGJPRnduMXVYT0NaY0hFZ2JGSHJPeEp4X29NNXplblRKTE4tbUFRWWJnaHZUamw2bFh1amNIQXUzSVlUb1VCdGVJRndQcTQ0OU9sbHZHdUo0c0huMnl6eEVDREVWU25neWsyQQ?oc=5
2026-03-09	Google	0.0	War shakes energy system - Urbana Daily Citizen		https://news.google.com/rss/articles/CBMidEFVX3lxTE5tTTNMYndLVHNCZ0Y1aTN4RElHMlJBMUVFTnhjSWtxdGRfZVlVYUV6eUN0bWpHYnpSTzVoRkZrcWxnTUprTERxNWlEQWc4cEs4S3ZIeUpGRFpiQVR3a0VJOW14dnRwSTVMWDlkeDNGaEp3MENT?oc=5
2026-03-09	Google	0.0	With RPS already met, Arizona ends customer-funded renewable energy power contracts - Solar Power World		https://news.google.com/rss/articles/CBMiyAFBVV95cUxPRHpVLUVDZDlPN3FzdUtsaS1qWnVLLTV6NDJBaVEwejBJY0ZMTFpHVGFmZmdybEdXSTFscVNQMG5xcktWX093OTIxd2Z6QktXdjQ5b0dISF9nZ2tQUi0zUTVEZGo3VklhVWoxLVUwNG5ncWFSRUgyanR1R2hGcWJVdFNSalBaS0pVcEF2cUhZWFc4WXFfei1LYlBINVVVbURJWGJDaDhQdUN6RVpZZGdMRmMtRUpNQWM5MUN5UXQySERfWXF0V1V5Rg?oc=5
2026-03-09	Google	0.0	Wood Mackenzie powers Puerto Rico domestic violence shelter with solar, energy storage - Yahoo Finance Singapore		https://news.google.com/rss/articles/CBMiigFBVV95cUxNRzdDeVAtSUNSUWtGQ1Jmc3BieGZvVEhMNnZULTQ0aGc4MU1kcFpscTF2Ri0xQVpDSDlROVVEZUZqdlNCS0J5VXRJb1RZRWZ5WURJY1Z5dXNFYllIdWZFTjkycEsxUW8ydjJRNWY2Mm93dGdmVmo1bkd5VFhwZWE5QjBHTHJCVDRjN3c?oc=5
2026-03-09	Google	0.0	“Multi-dimensional renewable energy growth key to India’s long-term development and energy security” - pv magazine India		https://news.google.com/rss/articles/CBMi2wFBVV95cUxOalU3b0ZQdXlzMWJFcXVVVmxoXy1idkxBRTdBd3A1VnRBQ3Vrd04wc0kwNU14SHF4emFETG9MZXBhakZFZWtodTZjQ1dvbUM2SFl5N3psU3FaQ1F4RndtdUpla0FmVE5vR2lTXzZGVmI2bG5SRzFlSmUxY2dQM0o2WWFtaGtOTUJXejNSbjVYQU9SU1Nab21DY05HUGZNZWhtclVzeVNDamlpNlJBUC1MSDBmbFlNQ0pGRzF2ZmV5Y1hqRzVqMW43WWpZbmdGdHY2WWRaS1J3ZFZCOTA?oc=5
2026-03-09	Google	-0.069	Vena Group's Major Green Energy Investment in South Korea's Chungcheongnam-do - News and Statistics - IndexBox		https://news.google.com/rss/articles/CBMiqgFBVV95cUxNVGRkTGQwSGZjLVZmWjBZVWpGSXlZM2x1bzV0dHR2di1ITzN4Z0RhWWxQLS1FQjBZVmVHckFKNnJMQmctN0RYSDd5WVJVZTVlQklzZVJoc19odlR3T2JBbXZjS2RiQ19LZldldmNLUTBQTjZyczhZMnRpSUlJek1IZHpsZmhYdkxUOUIyeUhCeVBjakQ5akpvS3RTY1prUjc1VUF5VVVaVmdnZw?oc=5
2026-03-09	Google	-0.1	African Development Bank eyes green fund expansion - Semafor		https://news.google.com/rss/articles/CBMirAFBVV95cUxNQlE3Wm82ZFEyUlZwTFJ2bW0yMFNPY1lxSW1lU1RrM2hBR0czbjNiZ0JzU1RHNk9CZmZ5OS1mX1hRMkNvMnU4LVU2TnRoRU1ldUhxd0NXMmptNU9rRTQwQkxZMU9aZ2R5YWlraGVnSW8ySzJhUXVhVWpXaWpSQ2F4YjRpUWhwTXl3SVNuZTJCTHVPSDN5MTdBRUJYUWhzUGZtb0o1YnVpTmRPX0ds?oc=5
2026-03-09	Google	-0.1	Moeve, Masdar, and Enalter Partner on Southern Europe’s Largest Green Hydrogen Project - CarbonCredits.com		https://news.google.com/rss/articles/CBMirwFBVV95cUxPaGtVLXZTT3o5QnlzQ1JuQ1EweXJRNGppbWVJWGFFTUZXZ2NJa0Fra3FMSDV3Nng1X0tCU1dLWVEzX2tQOTZzcnZlelFTQVdFdHVQcHVOZ3JVRkhjOXdQWlZwRWIwSWVQY2Q3T1pwTW5BMzhETXFnNThPYktVSzJNOThueVEyZV9WY1pGMDljcHkwWVJQS0VJZ251dndxTVhHb25jSzFCOFVJd0hvNUQ4?oc=5
2026-03-09	Google	-0.1	Nuclear: The Green Bridge for a Just Energy Transition in Africa - African Energy Chamber		https://news.google.com/rss/articles/CBMilAFBVV95cUxNemRNVmxISkQtQWdzcENSd0l4aGF5eDVwa2ViaXBwaENlZE1rRkxYRjhPWXpIaXQ1cFRReU1OYjRuenZMbjNLbWJtOW95Rk1Ec19hblZUaGxJLWZYbklmNGRSWXMwdzBNaGJXcTRkdm5ZcXJMOFdWNDhwMFhzTjFYX2NLQ2FFOFRNbC16VnNoLTlBd2t3?oc=5
2026-03-09	Google	-0.1	PA Solar Center March 27 Webinar: Helping Faith Institutions Go Solar With Solar Faithful - PA Environment Digest Blog		https://news.google.com/rss/articles/CBMijAFBVV95cUxQZkx6bmx4QlI0SzNGYmpFaEZBaDY3ZDI1emRkMmh3eGJjTjBIVFFsZVRvOUUxSHNqNVdhTExUMmltLXMwaVhTbjZOaDhFcWNYS3E5cUVIbU13OFYzQ3QtYm9udFNXUm5SSy1RS0FHQWdrcF9OVExITE1TYkJWbWs1MEdKN0VmZXhLaDVORQ?oc=5
2026-03-09	Google	-0.1	Solaria and Merlin sign 213MW solar energy deal - Data Center Dynamics		https://news.google.com/rss/articles/CBMiogFBVV95cUxNNUoxeV9kMXA4TU5yWVUwSUZlZ0xsYk9Hd3dKb0NnNUlXamN6UWRJTGNVTWhFdVNKSWdYQWxsQzNUeW53LUJWbURXelhScDN5ellhOTJ2MC1GLW5HNXhwd1lZalg0Q0hVYURMNWZIa0ZYTURHUXFZTnZxbkg2aHNCa0MwRkFYMlozcjNuLXRRa1V3RVlPMjRpZTY2b3NieGxoTGc?oc=5
2026-03-09	Google	-0.133	Active Surfaces aims to install peel-and-stick solar panels everywhere - MIT Energy Initiative		https://news.google.com/rss/articles/CBMioAFBVV95cUxPS3Rzb21lZm44dXJmYUl0VHJpcEpwX29pTldpaTRQWmlPTV9HdHljajhyQjJfNzF3VDZYYWdvbmNfSjE2WUM2bHBIRU5rVWVMalFSOGhjQU1ZeDdxQlJWSDcxMEVOb1hwd3pCcG5CMENpSTFTSHZyYUlYSVVnNDZ4UVVSTjNnNUlOSVN4TlFkSjZaSXZsMHdabmw5RzJpVUM3?oc=5
2026-03-09	Google	-0.167	The hidden factors that shape your power bill - The Seattle Times		https://news.google.com/rss/articles/CBMi2AFBVV95cUxNbWlNTWd5ZTJ0LWJQdmQ1LWN2RGlFcXpjd01pNE53VFNXRmtGZTIyRnlkX0J2amhhNU9pTThSNFpoQmRvcnREa2pDNHQyWjZiOXJvZXgxTUVLOWNBOUVnRTdoOW1PR1ZQMG1CTEN4bzBIUkV6MDJYZk5tQTdhcF9RRXpQdUluTXI1VGlnZHA2V0Nka0NzNG9ZQzBIZjlQOG5hZHBMUVdFYkdMakx2YVN0Vjk4RHZyQmg0eXQwS0R2VGxiV2ZqMXJabnZnckJqVnFuRkpSQUhycFI?oc=5
2026-03-09	Google	-0.188	Little Chalfield villagers continue battle against solar farm plan - BBC		https://news.google.com/rss/articles/CBMiWkFVX3lxTE5paHJmODMwRDlLbFo2VzlfNkpKLUNrQ29fN3hGNlA2QUNMcnBPYlRuRVBialpUSXhwVUJaaktRbFpSY0ZVbFF5VUxfLXc1eXBnNHBnTm5ySFptQQ?oc=5
2026-03-09	Google	-0.2	Green Energy Market Trends 2032: Solar, Wind, and Hydropower Driving Industry Growth - AltEnergyMag		https://news.google.com/rss/articles/CBMizgFBVV95cUxPY0ZmOE00LVdRcjhpSnpiNk1nLTdCXzNlMVRVcGUzT1NtdDlPX1JjZ0VkVDBleWFqM01hMkZ6VzZWVkpGQWhrYWlienUtTWtXZEN6NmNFY3h0LThxX1BtSHkzd3BtNDJWVi03UkZObGNBWFBFV25lTjR1ODlONm1JQVI4d0hOeFhjSG1SQmhnNm1YZ1JVR2hqX0FXQklVY1JwT3FES1d0QkljdC1pVUdTeU1fdXBnYkVpaEJydm1xN0tVUlVUR1p1alo4ZUJwUQ?oc=5
2026-03-09	Google	-0.2	Siris to buy majority stake in US renewables services firm Takkion - Renewables Now		https://news.google.com/rss/articles/CBMiqgFBVV95cUxQZ1BGU0szTWRIT3ptUlI4TXhvZHZKVUZqZWxKdXF4U1NQVTRsa1BackJ6TWlDU1R0TUkzbndaMjFzdzB1blZ4bFh5dG1VMGdvc2g5SmV1Z3k0RnZ3dTF0SzQxV29OZzdOc3FtcXlLTGFTTF9lZE1FeGRKaERZemdiTmNPV3BIQkV4eks4VUR2NTd6ajU4X3lDTHRLNVRpWWU4OTBWUlBCQjg4QQ?oc=5
2026-03-09	Google	-0.2	Synergen Green Energy chooses Electric Hydrogen technology for 240 MW U.S. development - Energies Media		https://news.google.com/rss/articles/CBMiekFVX3lxTE5zOG12Qkh2ODR1OGo2bGYwSU1XT3NLWmxLTU5INUVyN1ZGTi1TSzliRFNXaDBZcFp6RDNNTUloSXR3dEJVU1pCMDVHeHpiNUkzRU84cjFVY3lBUXZuTVBkTDlHeVEyNDdKMGpFS20yOVN1UGpLaEstckRR?oc=5
2026-03-09	Google	-0.2	Vena Group signs $674m MoU to develop green energy projects in South Korea - Power Technology		https://news.google.com/rss/articles/CBMifkFVX3lxTFBSVXNhajVkUFlsb0NnSTBZUDFqSzVTYmo0TUdJeHFuTGlpZXpndHQ5bVlBOHhCMEpEM0x3aXZKSFo3MVBsNnZNSm5WaWtON2F1c2JpY29SdU9paERyV0trWHpoazlmbTNHR21nZ0QzQWNYVjhtRHl3RXNjVlA1UQ?oc=5
2026-03-09	Google	-0.2	Zelestra secures $176 million green financing package for the 242 MW Babilonia solar plant in Perú - Energías Renovables, el periodismo de las energías limpias.		https://news.google.com/rss/articles/CBMirwFBVV95cUxPNTZoOWV2MG9sRXpnT001MS1lWmY4V2dfNGVkZm01NXBlTEV1VVR5eHIzeTI5aXFGQUtjWXRGQy1MU0VEOFRDWktTdlcyb0dzbzVWMGU3OXBVdjl2TWlqck52OGludVBvVGRiRmN6SDJxYWIyQkZxMThWVERwNU1oWGx0X2VMWWN0Sm5sYmlLMGNyalpZMWRGTnZEQl9mOTB3SW4yMG1QTEU4RDk1cVU4?oc=5
2026-03-09	Google	-0.25	EU fails to deliver on promise of local energy communities, ECA auditors warn - Euronews.com		https://news.google.com/rss/articles/CBMivwFBVV95cUxPTkNOR3BhcEhOVWRDNG8yYnFVY0U3ZVBFSUtQOG1lVXl0Z1owYmZLRzczS2d1UlQwQVlhSnlKX3RWbFoxaEhFdGFwN3R0ajUtRm5wTnNpa1Y3cjZ5b1M5MzZ1TEgtbnJ2S0pIZkpXWXlQdWdUQkhMcFNGalJaak96OVpxc3UwakU3YzNSM1RTZHo5MmRROGU1SEdDMl8xU1FLUDZDMHRKZWN2MFA1NHd1d1lCVlFaQVEzVUhDcks5QQ?oc=5
2026-03-09	Google	-0.35	Is green energy raising your electric bill? Or state policies? It’s complicated. - Yahoo Finance UK		https://news.google.com/rss/articles/CBMiiwFBVV95cUxOLXpHXy1RbVlKVmRWdllhaklOQ0Myb1Y0MVh6eXY3UkdLZEhoUU1pOXczamhmSnZ5OGVzXzZLYWVJNmFLdHJnY050RWMySlJQMWRGQXBUTUlTTUtLM2pOQXoxZGlUMFpqbnBoU1M2WUFHNE9vbGdBY1FHcnlyTFJmRXF3UWU3cy1XQXMw?oc=5
2026-03-08	Google	0.367	Haskell Foundation, Alliance for Tribal Clean Energy launch tribal energy leadership fellowship - Tribal Business News		https://news.google.com/rss/articles/CBMi7gFBVV95cUxOcmRzVTFsOUlnR0dCdkVmUzdKVDhnNnhLcFJ5LVBZal9CSUJ3bVdNa0l2RG52QzU0MUJxOF85YmhMQ3FYNmVXbVVaR1A3SFUyalpXVW1YamN3UUFmUTN5YWFTZTdyU3Rsa2xGZ1hzSG5RNV9sMjNDZkxqbkdDYlExakVvWnJKdFhVZUY2T2VSUHFja21OVDZYZmdoVmdPZVJ0aWtTc0xUa2MzQk9OV2FWYkpvMWI5NndfQjNUUFFjZXpLVzlKcnVfaTV4QXFlRWs4Sk1LcGp3aWhpQU96emhvRnQ5bjNiQzY4RjBXMENn?oc=5
2026-03-08	Google	0.35	Renewable energy: A good idea that won’t go away | Climate Watch - Centre Daily Times		https://news.google.com/rss/articles/CBMiaEFVX3lxTFBmWEEtLXFORDhRLUcxUnY5T0lIZlRQN1hmR3ctTlZodjRqQlNjMUZ5QW1oU3VDMVhIY3dVUTIwM0JIWW1YX2d0NDZnVTZuOTFXeWtFdVE4dUxDVFo5bkFvYlFqSWppaHVt0gFoQVVfeXFMTjFMLXlnQ0Rnb29xb0R5TElNV3ZxUm0yd2dnQUFYOVp5MjM4elE4dHBhc09oZnU1UE1GTktzejFpOUxyS1pYRlJSM2xoVDF0eEFWeFRkWkFMTnpDWXUweU8xeGRuS3dYZzM?oc=5
2026-03-08	Google	0.214	UN project powering smart, sustainable ports in Africa - UN Trade and Development (UNCTAD)		https://news.google.com/rss/articles/CBMif0FVX3lxTE4wdUpmalNXSjFZSi1TZjllQ2NMaXZjMlVlS2hNVmxLb1dlcllYN1l4bjJURGszMng4Qk0xN0hpLXpSNWo0ZlNVMXg2MDA4RTZ1a1ZGLU1yOU5uUzV0TE9LbzlEOF9nU1JGWHFsZWZqUzNQdXIwVU16cUtwSFBqUkU?oc=5
2026-03-08	Google	0.0	Ariz. Commission Axes State’s Renewable Energy Standard - RTO Insider		https://news.google.com/rss/articles/CBMilgFBVV95cUxPRk5OT2xaY2wtdjl2QlIwWlF5bzNzeUQxMTZqOWNNSlZ4MC02VU1MZEUyYlgtQVZQOHZydVhWNVNzOXRabUV6LS1PNGREV3FIeU1iUUpyek1NTTdfM0dXYXhLVUNuRVZVVzlvdEZIUmNvelFnMU94UGhaU2VMY2g2RE1lX0tkLXpKZGV3M2FheVhTUUdPdkE?oc=5
2026-03-08	Google	0.0	Energy - Brookfield		https://news.google.com/rss/articles/CBMiZkFVX3lxTE9yVjBCWGFkeGtJU0JaTkVtYUw5QlJfb0NPUERmXzE0VGdaWUlUR1l6cHBXRkM3RXIxSUpNQ3ZQQ2tzSmR4eFVua19pNmM4MFpMVnFhQVpVdThaYmN6Y3JBRnVuaWdYZw?oc=5
2026-03-08	Google	0.0	Europe’s impotence extends to energy - Financial Times		https://news.google.com/rss/articles/CBMicEFVX3lxTE9lNmxhYXBhOE85c0ZtUmhneEdjRThBbHgzNFJJenpJMFlNODJUMjBwY3g5bFJvRUdFc2JOOWhXUW1hZ1ZVdmNpVWw4ODF6aFhBV05VRW5BMDVDbHVhWjZaRTJNSTlpbThhNjBjQTJfeXo?oc=5
2026-03-08	Google	0.0	Texas is lapping NY in building renewable energy. Here's why. - Times Union		https://news.google.com/rss/articles/CBMipAFBVV95cUxPLUtKeEtzUzZGSmwtRVRMSVlNREdiU2hvdUhhUUtZTmdTRHBDSmMxdUpjcXVCMjNxQW5tMTZRd1FkRFlVdV9ZMzBUZ1d3T3RsSzNxX2c5eW4zQ0NwRXgyVzRmNGhLVGdFOUNySFJwaElUcDFZR1Z5dF9ERGxFa3BVV0M2TUR5UUY0b283d2JnZzVjSEdaaktnLVUySUwxMFc5cEtQeg?oc=5
2026-03-08	Google	-0.45	Cuba Gambles on Green Energy to End Crippling Blackouts - Crude Oil Prices Today | OilPrice.com		https://news.google.com/rss/articles/CBMiuAFBVV95cUxNcFM3anV2dDd1azRCTGlpbFFUUF9BMVZvSTBDZDlQdDktVHBwYjRSN0ZVVmw5dnB6YWpYQ25tUWFiMnhsWkVmblZOelNWdHA4dVZ2Ny1xYU1YTmQ0dG0ydVJUQk9pWmFlU091NzNPZE9BWWgtRTdZcWktVExrVkNLRlpOb0hfUEkxYmV4Rmh3TlRZUWRvT3B0b1JJS0dIVW9meUZRa3pqekJsWVN4Nm5oeUtCZUQ0U2M00gG-AUFVX3lxTE1iWngwVkdzUndpNDlxWmp1X0hiVjJGUXVCM0FqSEpIa1drZTdIOFVyVlphX09NOFE4aEVBcUxvcmYwMjdhem1aY2M2RG5UNHNUbUlqYlo5ZmJqT3BYT0JrSllQVmRZNnlyclJOZWcyZGJCWU0zWVg2dDkteFJwa3VrR2p3cEdpZ1p3LTBxcVZfdDBKSUFFaW1aZnpQOEhuMXNCdEZtb2dxTm1QR2NXa0FydjhNRkdLQnpoeHVmYlE?oc=5
2026-03-08	Google	-0.5	Senator mocked ‘green energy crap.’ His house runs on it. - Politico		https://news.google.com/rss/articles/CBMiqgFBVV95cUxNZTlPMXAyLVZ3REZoclZsWVZJYl9MdDZOS1RibTlXcGtTYTI4dXdUUW9fLWJWUW9PN2VMem5EUFNuRmJ3QlZrU2JWcldMSi1YeEJlcTB1QlVWaGJRTFU2MjZ0RFhvVTMzbnd1WHAtZUFUYmwxaVdrRElmbmVDY2JzZExBNmEwRmNjN2l4cjZTLTlVLWNFWTh4VWwtUF9FbnRsMFpNWnhfNWNiQQ?oc=5
2026-03-07	Google	-0.032	Trucking, Transit, and Waste Fleets Expand RNG Use in New Agreements - act-news.com		https://news.google.com/rss/articles/CBMigAFBVV95cUxNRnJBSUU2eEo0MjJ2UWMxNXQyT0stZWp0T21RREdwak9TRjZldGNxRnRmdjdqb0owQWZGRVlwXy1seVp2YkhhcnIxUzNRZW9RS1FuQ1o0ai1jNXk0RTduZ2k2OWxOdmNaT2p5X0kxMVNyU3dvazJEOFNCV3B4ZEFhdA?oc=5
2026-03-06	Google	0.5	War With Iran Could Lead to More Coal — and More Solar - Heatmap News		https://news.google.com/rss/articles/CBMiVkFVX3lxTE1XSjB4eHZnc3gtUmhTZlZVcFRUbzRwS3lORE9wNVV3bDdadVMzWm5ia1dhWlh0d0xURVhETnVISkRRME1mMVBDNVB2eS16bGpVRVR0VlFn?oc=5
2026-03-06	Google	0.367	BPU OKs initiatives to expand clean energy through solar and battery storage - ROI-NJ		https://news.google.com/rss/articles/CBMi0wFBVV95cUxNQXVrekRmLTcxNTdQckJtUExtdWtDcG5nbVB6bVhGZ2NzNDQzbExrSXBpdWUwRTZMRkxhdFYwRkFOb1RBbFBsMU1VOXNic2s0RE5nUmdxcTV5ZkFZazE0RmpnNUtvYkRrLTNpMi1zdllqUGV3TjQ5R3ZsZkxFOGlDcmFnaHpveE5KMjVzTVU0QllwS1NlMTR1ckJmczZmakM0VE8xcURpcmtsVzFtZFk5eThWS1EtaHRKZE93YWdHWjJsQjVQbnVIVERJTjI0V3N1QjRz?oc=5
2026-03-06	Google	0.367	RWE Americas touts 2 GW of clean energy projects commissioned in 2025 - pv magazine USA		https://news.google.com/rss/articles/CBMirgFBVV95cUxPVTdzMW1pdEhqdjhGOXJnUmFPbzAwVlg5TnRCS2c0YldRYlVqbjktalVyYWNrNThrd2tYMjBHdXRvV3BZc1pnanJEX01xYUpMVWtlQVRDdkJnN2JsUVpZRkhlUmtsQzVrcVItYS04ME40VllFdzlQNS1Ma3JTWENwSDdsS2ZNQmViczJsdE1UaUV6RnJ5VjdtQmdLeFdJWlNiT2ZNSVNjcEhyQ0p6dUE?oc=5
2026-03-06	Google	0.367	Why U.S. clean energy may not be lifted by the Iran war - Axios		https://news.google.com/rss/articles/CBMibkFVX3lxTFBSRkxKNWR4cXRucnRXVEVtMnhJMkhORTMtUG1BOU11UzZjcjZlWEpQNlhRMDZIb0xXZHFQS1R0bXlTWW1MWTVGemQxY2hwY2o2NFo2dDdBRTNOMjNXUklFSnlwWWc4bnU2Q3o0bm5n?oc=5
2026-03-06	Google	0.267	North Carolina’s clean energy jobs continue to increase steadily, led by manufacturing growth - WUNC News		https://news.google.com/rss/articles/CBMiwAFBVV95cUxQYVZhNHg2ZDJ2b1ZUOTNLSFJ5bUNSS3AxM2FXNzl5OS1lQk5wWk03eUlFMW5tQV96WlRCUXNnUUZPTzYzdVROVjlhWEZQdE1yU3RJWUJXWV85S0lRWjJHaDhQRkJvRHBlVjJCOXNabmx6MU5VS0lfM2xhRHBHSlZxMmR1TGFFMHRZM0c2eXY5MlRRR0x5UkZIeDByN2QwVmxoZ2dMcUVNdTlSa1lrYlh1a1JEVXZmdzZ6QWU2bTF5cF8?oc=5
2026-03-06	Google	0.25	Bill would create CT’s first community solar program, require battery storage - Hartford Business Journal		https://news.google.com/rss/articles/CBMiswFBVV95cUxOQTA3NlBjX192eFo5c254ZVZTVVAzeGhJN2k2UDBmc0RybzhPOUMtbnVUZFo1Y3R4LUFhOXlMa2s5M3RnMTNPaHpEREg4ZVlRMHExM2hGeVExTDFKSWJzVE5zZjhEZkFOeEVJYWRKeU5NN0MzVm5aWHZ1RlVTWXhxVHYwS2pMVDg3WENhbUJPQnhaTUt0SWxPUmhpekhPYjk5dUZjeFU3Nk5wbjlFbTZBc3NQZw?oc=5
2026-03-06	Google	0.225	ePURE: Renewable ethanol is essential to EU energy security, and ‘there is a huge potential to do more’ - Ethanol Producer Magazine		https://news.google.com/rss/articles/CBMi0gFBVV95cUxNYkM3OEtsMVc3NFpHRVVJT3hyZTI1MGlPelBmamhpb3dmTTFxM1BfX19ycmhPQ1FlYVI4LXVGbGRmdE1HdjUxTVVVcW9JWHZwcnIyOEg1a0Q1TUdsclRoczNYMGRPNW85N0lmZC1PeVF5VEhVX0NhWDcxYW1wMF9BbjNiUVNSV1RocGUzZnhCRG9jT1VZRWxwa1JUZUxnZ08wM1JrQ3hJWUMzQ3NqTVJjMmdjckpmblVQeTAxT3N6ZDRobXVOWS0yQ3Z4WnFJMHM3TEE?oc=5
2026-03-06	Google	0.214	Smart Solar Market to Reach USD 62.3 Billion by 2030 | Trends, Solutions & Forecast - AltEnergyMag		https://news.google.com/rss/articles/CBMiyAFBVV95cUxPZEU5Z1lWdlVub3JNcHprYmVETDhfeHV1RjJnamlmVlJqV3hWOWhNQWVhYU1EeWhuZzRPZG94YV93UlEtY18wZTlMeC12b05tSUEwVkROZTVmcVE1eGgxLWY3UzVjc2FRR0R1RHI5dERqUXAwTmVpN01lNXg1WElzRDMyU25tcTBaNGpRQkNTWF82RHRaR2lwTUN1WWJiT3lNanMxN0VuWV8tSW9fUzhIYk5fZ2FXblMwMEFmbzdVS3ZZT3VUZjY4ag?oc=5
2026-03-06	Google	0.2	Promising Renewable Energy Stocks To Watch Now - March 6th - MarketBeat		https://news.google.com/rss/articles/CBMirwFBVV95cUxNNWJsRko1WER2RVhwLTBkM3NrMks0T2hCd2xuTnVSN3BTMmo3RGVvZWg5Yk4tbVB0OExQVXpoVVBveVQ1WVltWnZ6OEtXQzhxaFRucEF0QkROWEU4VzJ3amlGNW5PMlZVUk8wTmR1VVV4TmhvRXdxVjliTHluMFlDbk5sZVp6MDRpZE53WlNpVkpOY0FLR192S2VpUFFkcms4WkRmWmJqVl94dm1oLVdB?oc=5
2026-03-06	Google	0.183	Graduates of Illinois clean energy workforce program gain a vision — and skills for the future - Chicago Tribune		https://news.google.com/rss/articles/CBMi0AFBVV95cUxPWnprSm1kVTV2N2otY2xKaS1DSjJ0RFZjVW5fZy0ySVZkbGNIY1Exd2xSX1l4ZURfaUI5V3lXVEhRQ0szM2tVc0FsYV9fTDNxZHo3M3JVWTA2Z1J2WTlOU2Z5LTViTnBvWlBoWFpObGNKUGFjdzluenphTXFVVHFab0J0Mkg5NldwaS1ZdFFjbkNWMklIOF9xekx1X0xlb2NQbm5uOHc2aDZOdVg4S0NhVmhkN2pqSHo0RmdDNWxGaW4tdF9qZWRjX0w1S1Z6SmU0?oc=5
2026-03-06	Google	0.183	ODOE Seeks Public Input on Accelerating Clean Energy Siting and Development - The National Law Review		https://news.google.com/rss/articles/CBMiqAFBVV95cUxOOVlrcmNsb0ZUNWlzeVEzbnppZHJ6VlVubTB1NmxLa3B4MEYtZWc5U3R2b0JTUzFWcWF1YXRUOHhLQlRzbWJwNU55eEZDb3hlQ0JaSXRnbVJkX3I3LW1xSlh2RmdnWXBTek1HQkRuNUNUcjZ3OHR4akJ0Z3lUYTlmYW9uR29iQ2RFN3l4R3M0V19RT3ZfcExsZGhPVHViZ2hPeTFQMmU5MkTSAa4BQVVfeXFMTjlLVmhQdUU1NkdleTFSa2puaGx3bk0ycDZmYW50NVNDcGVPTXhTQUdvSEhGVGRhU0h1cGRiQkJYbXhUbjZCYTRSeXVqaERmeUNIcTFEWFduMmtNeU5MdDhBVXc0NXJaTWJMN2pBMDU1MjVpVDNYUUduMF9QRnpzUDhBLWpvNHA1QTV5UUxtLXQyUVBQVFlmcTBjNXdKOFhlSEVaSG0tWXIwZ1dXWHdn?oc=5
2026-03-06	Google	0.183	Sol Systems Advances National Clean Energy Portfolio with Financial Close of Blossom Solar Project in Ohio and Announcement of Nightfall Solar Project in Texas - Yahoo Finance		https://news.google.com/rss/articles/CBMiiAFBVV95cUxQcGFzOHZIdHVPTHhVcE1Lb1JyYWJ5V1FEMmJWRlFoeGRJTFpzbk9haHFUcElzNVplMUhxLXZDdk1HSUhtYWc4YV8wV09tQU5YNEJxb3JJb1NGcGZjczdDWHhVVlZJT19XTDItdHhBU0ZNSUpaUzNxVnRDazNKX2ZvenNSak1vM21Q?oc=5
2026-03-06	Google	0.136	New Jersey community solar expansion largest in US - NJBIZ		https://news.google.com/rss/articles/CBMidEFVX3lxTE5EYTdvdWl0MmgyQTFITUlmNlNBcExWQ3gwbVVRMGk0ekt4UWoybEMzcWpzc0ZoYzFabVJGUDJTQXQ1MVFuRXZEcFlIMXlQRFFZa1BxOElzaDNWUDZ1R1ExdHlOSjF3UGZPbEZ3dE04dVk0dWQw?oc=5
2026-03-06	Google	0.136	New renewable energy project in Kauaʻi will power 16,000 homes annually - kauainownews.com		https://news.google.com/rss/articles/CBMisgFBVV95cUxQWmNqQmFQMTR2RExVSjBmMmVCdDFwVkRxTjUwUVYzR05mSDRISHdyeWVfNm9FRnVRcmpXMENwR082SFJRN1N1T3NHTmwydHdLNmhaMzZXNGhSWnRWeFN0dk1xVTZ1SXBIVHE0WWVRUG1JWTJQSHljOWFUTFhSdG1nN2JEYUNqeXZwWm9mR0FHZ0cyam9IY0ltT2FmZ2hYTUxJbkY0Y0JPT0xTUkJQUzNRcnZB?oc=5
2026-03-06	Google	0.118	New Jersey BPU Takes Action on Solar & Energy Storage in Response to Governor Sherrill’s Day One Executive Orders - JD Supra		https://news.google.com/rss/articles/CBMihgFBVV95cUxPR3d2SVVMVmxObjV0WmRTaWhodVVIcWN5THJ0cmFFY2tEUHBfZlVPdDJaTk4wOEZSQjktX29nQ2F3N1Y4UFNXd0N1d1lLYmRKUmhYOERsNjhYMnVRTUIwN3doZ1M2OVFUNURWUWltbG96SVUtM1ZVdEEtOHZRcEtMLUViaUljdw?oc=5
2026-03-06	Google	0.06	SK Discovery, Hahn & Co. sell $240 mn worth of shares in renewable energy firm SK Eternix - The Korea Economic Daily Global Edition		https://news.google.com/rss/articles/CBMie0FVX3lxTE5nSGt5TjQyRXVoaVl2d0UyNWxVYWNZWWc3bTRDdTZNMmlyd1VSaE0wU2s4QkVmN212Y1k0MTFpRFdISDZ0aUNaODZ0ejlrYVkwNjh2OW5PbzBremJlYjVuYTNPMUpiMEJRYktaTnZfT1RXWGUxX1NncExvVQ?oc=5
2026-03-06	Google	0.056	Clean Energy announces multiple RNG deals with fleets nationwide - Waste Today -		https://news.google.com/rss/articles/CBMiqAFBVV95cUxPUUEwaUVlZWdnWHF3QUdpSkJGdkYxTlZwOEZCZUQ0SnJiMzQ2Zi1YMGZaYnlKM0tReFN5d2ZVZUFzQ3JER19jeWtlWjVpWUg4LVFXbFdsN3lGb0VUQXB0elpibkFHbWdoNk54c2pXaG5fRDFYZXhCNkR5Rk4xT3B2YjVyelIta2RiNmxKQ3BFNkdNSFI3UnlCYXV5Tm1mWlUtMVJMODZaM3c?oc=5
2026-03-06	Google	0.045	The Energy Shock: U.S.-Israel War with Iran’s Impact on Indian, Chinese, and Global Economies - New Lines Institute		https://news.google.com/rss/articles/CBMi1AFBVV95cUxQcE9oZ3hFTDlZRDZKXzhVYmctc1hzQTQzdkFQUG1HMmxpVnAtcEFhNFQ4SXFlREVsamFxTGZpNGtWTWtWVUs2V3FOUXFmWFA2b01odUowcTlVRk1NRFl6U01XODJwOTNDcGtHMGR6X2MyUldkekQ5ZWxpRnZ1X25Pc3p2UGFPXzUwa3FYZGZPY1c3UTF5RFd1dC1hSzBRRmRaSHQxMUFPTjFaMDdhYktJZ05ZOTh3d1U4ajB6MlotaFIzb0hwNWg5N2ptZ2hZYjVrZk1pRg?oc=5
2026-03-06	Google	0.017	WATCH: PSE wants 30% rate increase; clean energy mandates behind request - The Center Square		https://news.google.com/rss/articles/CBMilwFBVV95cUxOV1FLWm93WlJwbHJBcEZtanJBM2NQQkJneXh5eUlERGFXTVlXQV9DNjdFWnJJb205dm9CQkx6cmRtOXd1enlpRngxYjNRT3cyMW9IM1V6UjVtZV85UWxVdXNsWjRBZEEzNGtmSm4yRkRnTjZoQWt1LW5jQXk5S21nUm5JRTlySGpoTUU1YndJanhtR000NnBn?oc=5
2026-03-06	Google	0.0	Analysis: Colorado legislators introduce 18 energy bills amid debate over emissions goals - Colorado Springs Gazette		https://news.google.com/rss/articles/CBMivAFBVV95cUxOQnJnZ0xsTi0wZUtUSlFmMFBoaXJlUHpLd2swRFRKV1VsRnBtQ3M4SWd0b0lLNTFUNURlcjNSaW5NZnBSa3BkM3g3djNkVVZZcU9raDh4YlZwWkUtc2NTRGQzN3pVclA5U28xTUNfYTdOUXhhTzlTbEJST2dCYjluUDEtSEY5RmdEeXRCcmItQWVBajZwM3BOOEloeExsei1tNUNndDZ2cHFKckRIT2QyWUFzbmdsTkNTby1MaQ?oc=5
2026-03-06	Google	0.0	Ayrshire energy research centre plans scaled back - BBC		https://news.google.com/rss/articles/CBMiWkFVX3lxTE5LRVhrX1diTy1kRlRFXzlENkN6dkZ2Wkc3LTRuYkZyZHBGSXYxU0JLMUdzX0VLVkdGN1VzMkFJVXdXWXY0NlR1ZnJ2ci1KV280VzQ0N3dCNDBNUQ?oc=5
2026-03-06	Google	0.0	BlackRock-AES Deal Highlights Gas' Edge Over Renewable Power - Energy Intelligence		https://news.google.com/rss/articles/CBMickFVX3lxTFBpNHFsVGtnS2twXzYzZzZld0FoOXJsZi05TGdYYVc2X2hEQVpYUU4yT2dFdEgwMnNwa21VLU84SWtHVFFiMEtxYjV5SThVT3Z4cWIwa203QktCUTJ0SGJDUkozZ1V5RVBrSmxOdXZ2LWFndw?oc=5
2026-03-06	Google	0.0	Bolivia advances early-stage renewable energy projects - BNamericas		https://news.google.com/rss/articles/CBMikwFBVV95cUxOaEFxZ1RVSWw5cjlDa0VRNHlkRFJJbGdXM3VEWVFLMkV4RC1BRHVNdUZCVFRhWnQ4VlZPX3c3T0VBTm1vZkQ2TU1jeTZqTjBZZGwxYmY1S2ZVNXU0VGtnaTY1d09COVlWOVFMbzNKaXA5MVgzZVBjc1JELUVSc21reERLNjhreld0VU1UOXlDaFRHQW8?oc=5
2026-03-06	Google	0.0	CFE’s Record Net Profit: The Week in Energy - Mexico Business News		https://news.google.com/rss/articles/CBMif0FVX3lxTE0zbEdpSEViNjhOMFA5ZW91YS1rMTJJTXY0dHBaX29rVlFsbUtHME9TRkYwNUZNV1ltM0JjQW5oV3FwV19qazhBX2x0aWx0QXB6dVFZSlFrX0tNeUZTdTZZMmpKWGpmbldiZm16dDdpZjhOMXI3c3FFTVk4T25VLXc?oc=5
2026-03-06	Google	0.0	CT Siting Council approves solar expansion in East Windsor - CT Mirror		https://news.google.com/rss/articles/CBMilAFBVV95cUxQdnpTZWxRQXJWSGc4WC01T2FqQmlaSHJhQTMwYlBKS2JNWExkZFlnYzlROG85UDBtbmVMT3h3SlFuNlh0YWR1VWhnQlF5Z0w0MWxseFRJNGhYQXB5bWtNQU5ReG9iRFVMazRGX2NfUGN3bUF4Yk5ndGJDY0dCN0hhTXRSb1VkQUc1SHFMUllSQTlPdWF6?oc=5
2026-03-06	Google	0.0	Coal: 350.org flays China’s five-year renewable energy plan - Peoples Gazette Nigeria		https://news.google.com/rss/articles/CBMiiAFBVV95cUxNWFJFLUc1eW5GLTNsVzFDQjlGUm50ZEtLaDNjQ1A5cTc1V3QyWEtsUlJNWnhGUDV2YmlTbHUwSXlzOGxOc1YwVWphLVl0azhjTVc1LUwzOGIxMHpaQzBfdXBURERXZ2pMX2FQakdJbFBVM1pNdm95RTdJVXpGSjB1a0dxMTNpTS1a?oc=5
2026-03-06	Google	0.0	Committee Unanimously Rejects Bill Jeopardizing Home Rule Over Renewable Energy Regulation - The Maine Wire		https://news.google.com/rss/articles/CBMixwFBVV95cUxNVUxkUHViTTZDYjZUVlA2V25nd1hkdk1lZkxwdGtoMWhRRVFGeFlKX2pQVHNiaU9NLUNub1dIWFAwSV9Ha0d5M3ZFX0ZNNGh6MGFyd0kxWUhIcDd0SDRtTGZFdFRhMjZhY1YyeEtKUGUxWjV3Rlp3RzA3TWowcjZKMzk2VW00YS04dUZBYWM0U1JzR05veU1zQXBTTURlUmQtanVnbHk5WEhhbFRsV214UmoyS3pISlREYTdVdDFsUEdpMnJhTDVr?oc=5
2026-03-06	Google	0.0	Concentrated Solar Power Market Growth Driven by Renewable Energy Investments - AltEnergyMag		https://news.google.com/rss/articles/CBMiyAFBVV95cUxNdG9lR2EwS2hGdjc3RG5LLWZrYlVVdDFUQzBheEUxQmFoWVpPcVZ3ZjdGTFRpOFA4TWxsV3ZJR0RhTHVzTS14dWNlRWF4QUllTHdnSmxnSkJwSFM3UFVhNTQ3NTJWUC02NUhpeDRnS1A0UjVHOTVvQ2tuZjl6eDFIbE4yLU5XQmhjOVlZMmlkX29nSkh0UnZVdEZHQkFkNGRpWEVQbk9OekloV2dVZmQwVWsyZ250elRnQUUtcURfZG96UTE5NEx6Yg?oc=5
2026-03-06	Google	0.0	Construction begins on massive solar plant in North Lakeland - Lakeland Ledger		https://news.google.com/rss/articles/CBMi5gFBVV95cUxNeXlfYU5USXJDWFh1R1BOUnVONm1qRFJMaUxfY2dsYkpBcjRkcmx5bHhzZnpraDE0aGJDTVpxTVpoUjJVenQ0c3dKVGJNM0s2ajlkeFpTUDlvaExBdm00dGltSHphMDdRZmcwdWFwSThjSW0tMkZSV01uclh6MFdwcFJOQ1dQRmdhdVVUM3duTjg4VlFKcTNLY1hEMEs0ajJJZWRIeS1BcmhxSzE3cmpsUGIyMlBleWtsS1NJYk94djRqeW5DZDZKZnpYaHZjWHFPUzdQSHFiTkpVZGcwMUxxVXcxUkd2Zw?oc=5
2026-03-06	Google	0.0	Developers Warn Denver's Energy Transition Is Outpacing Grid Capacity Needed For Growth - Bisnow		https://news.google.com/rss/articles/CBMirwFBVV95cUxOZF8yU3B5TnlHRG1wYnU2SUlWMTB1TDVDTFhObTloa01zMkUtdGVKRC16R3kxdDlDUW5LOEZER1dWbjJsV2hYejlDajZKejJIRzd6Sk9aRUlxZXlRSFExY1hlNGp1MHVOWDltOEMxZTYwaTVncEJPTmZIbGFZQlhHS25wUHpOTmE0bVBiYTVXUzdlUktST0c5cUl2RnBleTUxamluSmt1bFk2UG8yU0xF?oc=5
2026-03-06	Google	0.0	ENNA signs pact to explore renewable energy projects in Azerbaijan - Renewables Now		https://news.google.com/rss/articles/CBMiqgFBVV95cUxPd01wbEQ1Z2JaOGo3aEFhYTlFalVjbmFMa1pwMlR3RGVhdExyaDFLU0ZhTnEtbHRxQ2l2eU9NQzB4NDVmZ1lBc2U0eDRGeEhhbUV2Qzdid0VYM3FraVY5bWFMSzhrUDRocFA1X29leGRyckgwRHF6OWxvbXZmcTF6LVBTNUdOM0dlOEE4M25Udm51R2RaN3VkVndTTlV3ZU92UW5BdkNNbGZNQQ?oc=5
2026-03-06	Google	0.0	Germany’s Solar Boom Eases Power Costs as Gas Price Jumps - Bloomberg.com		https://news.google.com/rss/articles/CBMirAFBVV95cUxPV1N0SGZhVnBoR1VlUktPLU9PaGJ6WlpweVBxcGhVeFVnNEdPYlhDcXBITlJJaXZBSXZ5VmRhNVh0RDFnWTJMZ2gzU0hCem1oa3FlUDdyWFRxTjh6dEg3eUgyMmgxV0lncGgyZExKT3JXbU8zbjZKTDBsZEd6SVF1UmtjeHdQajduVXB5T1puTjhERDlXeklfeXphTHIyYzJEUGMwSGFjMXVGVGRN?oc=5
2026-03-06	Google	0.0	Gov. Polis’ Tina Peters dilemma, renewable projects fast-tracked, Colorado Today hits a big milestone - Colorado Public Radio		https://news.google.com/rss/articles/CBMiugFBVV95cUxQME1xVXNHdVEwbkFWQ195bkViT3VDZHVqSWQwNklZVm92WkF5clc0WVZjdjgtSzNoS1lXN1BCZzdkVE9ibTdlY3gzcjdJWk5nTENiNEtINlpQTEg2bEd4N1lCOFg0QmdJUFRua3p2Tk1scVJvMldGSVBWNWVJTlo5elVRbnhsWDJaMU5hR3RJZWxUWlNVdU04MlQwYmZPd3BlSmZNcEpVR1hRSjN6cVcxa0RiaWMwd3B2Unc?oc=5
2026-03-06	Google	0.0	Heterogeneity in public attitudes and preferences for the deployment of aquifer thermal energy storage - Nature		https://news.google.com/rss/articles/CBMiX0FVX3lxTE5lNktfdUhBNUc3b1dZdkdzWnM2Qy1mWml6VklxdzYyOTFVdEx4TkNlZ281R0R2SFR4YmhsbmJPeW5ZTk5QWGhWME95Vk1va3JiUG8ySmF5b2tNTE9QaHpF?oc=5
2026-03-06	Google	0.0	House Ag Committee advances 2026 Farm Bill - Biodiesel Magazine		https://news.google.com/rss/articles/CBMiiAFBVV95cUxNaWlfLWhqNV9QeExsNm9JUlJzS0hLYmRCMnRGWTFXUmN3ZzVvX0dnN3oxV1dRSko4THVnWV94a2tYRENJSlctcmQ5ejZyeEdDZWhBY0lRVk5lQ2dlNW9ra3diVnFFSmpzaUQwM1dIaVdZZUNwM09MU3dSbmpYVTYxUkVPWlVYWW0z?oc=5
2026-03-06	Google	0.0	House Passes Bill to Allow Plug-in Solar Panels - Ark Valley Voice		https://news.google.com/rss/articles/CBMigAFBVV95cUxQMk84YXB1TFJiVUpHX0Q4TWZTUTFNdlg2VWJxYTcxUXRRT0NhT0sxRHpGWkVCQUJObmRjWjJZTXZKcWw5cUVMYjZlM21ySW1pd0phWlJkeHJCVldrZjYtSjRMZ2JGaU9pQjdaWVpDVVlqdmZiN0dMN1lKZkRRRDZ2eQ?oc=5
2026-03-06	Google	0.0	How an Iran Crisis Would Actually Play Out in a World Powered by Renewables Instead of Oil - ZME Science		https://news.google.com/rss/articles/CBMi5gFBVV95cUxNNDBhc2c3TVlfRzdrbFlqRUJNbFVERWlyN250QUJNTUlhUm42TTI2Z3VBQXdZczNKSVVDSWdpel83NTRKQjlqRkxHUHl2ekJhTWsxM0Z0TTZzRzF5MHk3VU1QclNaSWdLQ0NONm5zWG9CdEQ2U01hSXQxN0lDbE1LejhoZ3lhb3g2LWxXdFpDN2FHOE9wNzdaN0loU05uODlTSER2VzlyMmFTT25odlF6U3JheEF6TFJhWURDVklMVnZlYTc2ZzZZTm9sOWFuLWI5SnR1cEFWZ1paZWpMVnRtakxZMFpTdw?oc=5
2026-03-06	Google	0.0	Kauai renewable energy project earns PUC approval - The Garden Island Newspaper		https://news.google.com/rss/articles/CBMiqAFBVV95cUxOd0JCYV80b2dxcW1hU25kZHI2YzJuWmVGMWNRS0xtcEp6NlF1Y3A1WHVHRjd2MlZBRjNTR1Nna0p1ODZMelJvVFBfbV9pcXhYYmtMbi1BeElyRE1aNkJkMm0wRzIzeEFNUEVXZ2xhQmNqekVsX3hDOWgxUVBuSHcwOE1zZVJoNnMzR0ozdWx6WGR1eXZzd0RMa2gtQVQ1X2hlOW1wQWgyVzU?oc=5
2026-03-06	Google	0.0	Maryland Lawmakers Weigh Sweeping Solar Expansion with the Affordable Solar Act - Baker Donelson		https://news.google.com/rss/articles/CBMirgFBVV95cUxPUTVwaXhEaFU2VWhHeFdNU2FqRmJCcmM0bFNlOVl0all4QjRfOEd0b0pwQ0RBanM5UjNZNks2RTBVTUV2Q0lDUHRoMDVQWUd6TVJNd0NrV0h2Sl9XeFc0NXZuOXhXbHJLNmNQUFlnb21rZXYxV0I4Ul9RVzRNOXpCOVkzTmMwc0ZrZGZ0eUVNejJXVnBzc0VsVW43Sy1na2prQm1uOWlfazI1M2lxOHc?oc=5
2026-03-06	Google	0.0	Middle East conflict casts shadow over Maine energy prices, economy - Mainebiz		https://news.google.com/rss/articles/CBMinAFBVV95cUxNQlNQWTZlcG5kRUJKd0RCX2tLa0JvSWZRZVpIOEVHMDRqQzhsZ0lDUWF6UjBhNi1pUXZoOFIxUjNCZTloVlo5cmZHMnQ5R2IyYkE5RG1HcE01dlVfbnpkYVhGTHV5MWdRdnkxQmpNUF81RnVQQlZiYkE3TVhPLWxqblRKSUlGdFliaDVQUlJNQ2s5dGgzX3NsTHVtaXg?oc=5
2026-03-06	Google	0.0	Middle East war strengthens case for renewables, says Microsoft energy chief - Financial Times		https://news.google.com/rss/articles/CBMicEFVX3lxTFA2dTRpOTdPeG5nOTdST3ZkQ0NwT0RkRmVYVldFcENXaXlXcHdfWlNfMGpQczFEX0QwX1lOdWR3UUtVSVVHMFBRUzlYQ0g1SEhNMzdVdVFXcnh1QUFYZ1BQVDBHNjYyQUJaOEV4QzB6b0c?oc=5
2026-03-06	Google	0.0	Minnesota Farms Plan Local Hydrogen-Based Ammonia Production for Fertilizer - Fuel Cells Works		https://news.google.com/rss/articles/CBMiywFBVV95cUxNZnVyVzlPcHVxYlF5dEtpaDNHdkFOSlFqVE02YWlGU3VaSmhuM2tRTDNGRnBKYXJoUFJyUmVEVEVOSFJaUTRVakd5YWNqemdHUGQzUWwxeVBwNW1Lb3dRTVYxcXdQV2JOUnFBbVBMWHpFQ1owR1pLekxIQmdXbE5UNFJMYlJNNXYwT2RPby1sdUJJemJONE9RMkhCTnNZNFU4TG12X2daSmlTbmJsTHgxYXBqZm56Y3VvZ3BPdnYwUExYaWFyTUlocldyOA?oc=5
2026-03-06	Google	0.0	Op-Ed | It’s time to finally modernize the State Environmental Quality Review Act - amNewYork		https://news.google.com/rss/articles/CBMiigFBVV95cUxNTTdYX283YlpNWUZMVU12cElTZzNhcVJ4UGJYRXRqLS1UUHZjNHl6bXg0dzJTTnJtUmEwaERNZTRZV3EyY1hBTUZOb1NwMXJWQlFBNkY1QlNQam1MdjdMQkxnYVBXc3I1bDMzMGtRdTRfMTB5Rm5GN2JwNWs4Umlva1AyS2FqWTBsSnc?oc=5
2026-03-06	Google	0.0	Panama advances renewable auction for hydro and wind - Strategic Energy Europe		https://news.google.com/rss/articles/CBMihwFBVV95cUxOMlBfU2pNWlBjNk15UUZ2ZUJ0US1SNG9WYUFQcWQ2aXByZFhESW9TZ0RLTUtaRDU2N0NJR29uMUZ2RW9TTTRtMlhxdWtiR3RTYjQxNDJMMXBCR2tETXBNOEJyWWgtTVQtWGlVbDlDQ3MwN1NLa3dKaVUxYmxLWlREcmRmNWRmRFE?oc=5
2026-03-06	Google	0.0	Pennsylvania power load buckling under neighboring renewable energy goals - The Bradford Era		https://news.google.com/rss/articles/CBMiqwFBVV95cUxNUV83eUxDT0tPQ2M5UjVkOHRpTlFrTmRCcWtIdWlGNVpvSGE1WURjemVOZ2dVcmt5emdQaWx2dEpSQ0NyUnc5a19RVlJkU0VOQ1JndmFnaVFOcEpVdkFuS2hqalpwRV9ZZE9UVUxocnJYazVrNkxYWGhVZUdhRHJuOVVwdUpsSjhRMlNQQXB4aHN2VDItbTlleVRLM05GTVhJTzZpUkpkRTJlNGc?oc=5
2026-03-06	Google	0.0	Philippines Tightens Oversight of Renewable Energy Contracts - US-ASEAN Business Council		https://news.google.com/rss/articles/CBMikwFBVV95cUxNVFNLRmc1YWs5NE9tckdzQWhpRTBqczY1emR6bVRjaUxZeG4xWVJqc3oyTDZKMUZYaWhoSmxhLXVab3g5bVhZcXNOdWU2NWdJTTk5MVY3ZzlEOV83ZTl0djQzZDlXVUhicnVZUWRVdEljLTJFakUtVXJTeFdyYVBLNVNrWFRsa3RMcklKVzBJRlRQQ2c?oc=5
2026-03-06	Google	0.0	Ray of hope? The rise of solar energy in China - CEPR		https://news.google.com/rss/articles/CBMicEFVX3lxTE03djkwalU1QXNwV0VLNEZEczNjaC1PREhrZTNLYldQQVhLZWNQd1psNTBLVVFsek5fM0hYME0xOXBST2RUY3Y1MGl0V3llNldjdXgtdlBXQTZub1l5Wmd3YXgyajFJTzNNdVduVjF2WlU?oc=5
2026-03-06	Google	0.0	Renewable Energy and National Security - Paul Krugman | Substack		https://news.google.com/rss/articles/CBMifkFVX3lxTFBNLUNwbWxzMEVJTm40SW94OXd2NUYxWm1VdmdiSThudzh0UjFURFVHSHQ1dzdGMWJJSWxySWhVNXRHMUtlQjgxdUpuWGE5ZVFzRFRQN0hpaXVNLVRRS1FLMW1wN25FM3FrUlVLWmNaS09ab3N6dW5WRE9wZkVyUQ?oc=5
2026-03-06	Google	0.0	Renewables Plus Storage Surge as Battery Costs Drop Record Low, BNEF Reports - CarbonCredits.com		https://news.google.com/rss/articles/CBMipAFBVV95cUxNbUdfMk1VNjhmTzlpVHlUMFpvN1dZaWhnU091akstOTBxR09NcmFXX2RNd0FBLVVuSGltZzR6RlZFLTFkUUV2ZjRQQjVZXzlXTDRkZDljRzJsTGFQY2pvME1KVkNWYXRHdUxFdjlNS0daS19HOGE2ZVBJcTJ0LV9NR0J3Q25idUQzMWs5T2VvWlUzV0Fmalc2TFd0c01XUnJ3NEIzWQ?oc=5
2026-03-06	Google	0.0	Renewables produce 58.6% of Germany's electricity in 2025 - Renewables Now		https://news.google.com/rss/articles/CBMipgFBVV95cUxPazZDOGlvWmlRYXRJVHU4d3d0OE9na3ViYVZtVmxHSWNmeUlVUFU2MHhVU29WVGgwMV9qbTcxb2lWejhaMW5fLWdGb29uUkhzcFFUR3Vfajc3VEc1OUdmdEt2WDNfeWh1MEVWUmJCTzFXMUhQYUdxZmhiTGhrNFBhaEt0ODZNUXo2Uk15bVYtVkZ2X2lnNTRhcmZHVm9fOG9BWnM1eTZR?oc=5
2026-03-06	Google	0.0	Senators reevaluate income tax cut plan and renewable energy incentives - Hawaii Public Radio		https://news.google.com/rss/articles/CBMixgFBVV95cUxNSl9reUp0X1JSOTNTNlRadmZQaHZ4N2dEU2g0TmdMeERrem1nZ2w5bmpqa2daU1FJTDFiNDkyN25VZnhGWlBDOVJlV2s4cndnYVRiNWRyUjNKRlFqRF9UMTllQi1ZUXl2Z2lLRkZTdkJFWkVKN3VTWUd3MmVrVWZtREYtWGZpX1g1cXR2TEF5X1d6azZiVS1zUGlhUFFJelBDckVDOGZZQ1hYM0taZ256cmZwdHZRN21DSl9xNlRXOGxmU3JVUVE?oc=5
2026-03-06	Google	0.0	Solar group takes revenge on Chip Roy over tax credits - E&E News by POLITICO		https://news.google.com/rss/articles/CBMikAFBVV95cUxORXlqZGNmMkUyOGFEY3IxbFE1VUJreUoxeE1kelJLRF9GTnEwbC1CdVBBRzdMSXZHVVY4VjhmVE8xbnZFZW0tTFlsMHVXT0VNc2dKSUE1cFBUN05WWFNuVm9JT3p5TjFVNkNHLTgySkEzVjM1UnVmWGFRc1JWVEI2SmNiNjBIS1ROcjc0dHAwVmo?oc=5
2026-03-06	Google	0.0	Solar industry adapts after federal program cancellations - National News Desk		https://news.google.com/rss/articles/CBMi6wFBVV95cUxPSk85TlBVdmFCS2hEUFB0OWNxYXlDaGd5QnFWU0JibEFZamN1TE5JbWZaUFlUdFhBZWZ2WTdmLVpHa0F6VlJIemtIdGFWV0NpamtELXRvRXlndHhSVUczeWRObzMyRmlqc0Q0bXh5SXFtLU02cjNiTExEcjNyUkZ6RnZVZ0pFZ2hGNExFSDFJT1dSQ2Y3QXRnb0tsUjNXNENvc1BHb1dGc01sSWFOcUJmbWlEbC10WlFiM0Rqd1BqbWJwVkl2QTU2OUdPOUo1SWM5dEtpdXFtQ1dKTnhsOGJHOThlNk5xaWR3bVJV?oc=5
2026-03-06	Google	0.0	South Reno battery storage facility approved by planning commission - Reno Gazette Journal		https://news.google.com/rss/articles/CBMiowFBVV95cUxPX2lVV29kWTJrajFXMFEyaXlvZC1XVmtKZWJ5UER2ZEZtNjk3cDZrYVp2aW5Ob3EtdHBLamtTc2I3a2JNNlJyVlA5ajAwU1Y5YTlucDNhMURRci1ZVzhGNUhKOWpLOGFXaVVkQWZSdE5DT2FYZ3RjT095ekNhVEtyTmliTzV0dGNvTElBcndjeENQRmFBQUt4N1hRa2ZCSHNRTXd3?oc=5
2026-03-06	Google	0.0	Southwest Iowa Renewable Energy accused of dumping sludge in Missouri River - Daily Nonpareil		https://news.google.com/rss/articles/CBMingFBVV95cUxNYVZ1NDV3dDVqVm9ZbGRwekxxWVBMLS0xa3FsTWtrVHJyWWVFdW9uNlBKZy11YmFSM0NhdzhDd2F5dzV1dFdUcjY4c2hiYVNFenFMNGd5bVVsZmhVcDZFM0x3a1pqZXpXdlpwTm1mZGFieDJ3T0JGTWxqaE1mS2dSaUlwMmpDd2hJNXpNT0ZGRDFoZnFGOFJQRlB6ZDAxdw?oc=5
2026-03-06	Google	0.0	Sustainable Energy & Infrastructure Client Feature — March 2026 - JD Supra		https://news.google.com/rss/articles/CBMiggFBVV95cUxPT0xrYWhmU3FGbE1LSXFwa3lYUjNnSnNmSEM3cGRUcUlfb3RSeGJHSkxrbjJfVzY0RFFiM0JHNENxOF84bjJHVnhJLThNeS1BX3E5cDg3YzNycTZHUFlFekxKdDJDUlltZmZSOXB0aG9mazlHS3ZWem5KT3BsRzZ5WWdB?oc=5
2026-03-06	Google	0.0	Sustainable Energy & Infrastructure Connections — March 2026 - JD Supra		https://news.google.com/rss/articles/CBMiggFBVV95cUxPWVZ3c1hyOVYxREFhRkVoZF9GRmhCWjhZbnZGbmFaenV0Y05zYUpDLVI3VXFtbVFWeXpUUExzQ0tNdUZjMlJ1TVlXZ1NuaC00QkdSNXh3bTVNTVBaQ0VYSG9hbHRtZzBzaWFuMWk0MlluYUtGUzF0N0paYjlJVWMwWUFB?oc=5
2026-03-06	Google	0.0	Sustainable Energy & Infrastructure M&A Activity — March 2026 - JD Supra		https://news.google.com/rss/articles/CBMihwFBVV95cUxPRDVVOVdkc2pvTlN1TkJGVlRuYW5FNm5xOVVCUWJ2Qi1oY3I0T0F2UEw2VTYwY3pCNU1TYmYxX1RRTGlrOXZwRUF4d2xVbDRrUlZ0S1hZWU43VXRPLVdpVDBHX2RqVXFETG9sSEU2UHM0RGNOX2t5UHN5WmxTLWVBdXRDNVM0cms?oc=5
2026-03-06	Google	0.0	Thailand's energy storage market lags despite renewable push and upstream manufacturing support - Energy-Storage.News		https://news.google.com/rss/articles/CBMixgFBVV95cUxNXy1tZUtDVEF3clE0TjVBaXZLbUtvMjY2ajRGT1p0aTZYdFVxaGFlXzRpNlM1Qk02NWhXRUplRWhmVzNuN0hkMDZTUlZTZHN1M3RrTzhhRkRseURxaEtZUE1RWllNdGJUdVJoX01fb0tpdmMwLXRoNGtGZHFMSlFpWURqUmhQZWp5eENMM0VXZld4UXpBUVFyd0VLakV6MDFvWXZFRVQ0NXJ3RDJnYU9TNDR1QjBEVDlGV1MwY3NIclJ5eFBQVmc?oc=5
2026-03-06	Google	0.0	The Multi-Benefits of Solar PV Plants to Their Surrounding Environment - International Renewable Energy Agency (IRENA)		https://news.google.com/rss/articles/CBMitgFBVV95cUxOTXVLbDJkSFhHeHBKV3o0MW0xSnFVNUxSTWswemtVZ0wwWTFjeVo3cmVZaHp4bURWU3Z1aTJ6bjg5QzFzWDNpVW1ZMlRqZW0tLXdwSkRnREUxTG94R2l1cTdPMWlLT0MzYldjaEhnd3ZLcTVaaEVDRVAtRzNncGozS185dVhnY2dwczFtWG9XdzRYUngzVVR3bkl3dFg2SmwyajBqV0plUzEzS2cxOVcwMF9nQWx4Zw?oc=5
2026-03-06	Google	0.0	US Customs delays force solar giant Qcells to furlough 1,000 workers [update] - Electrek		https://news.google.com/rss/articles/CBMioAFBVV95cUxNQUR2NFpHMmk5REZsTnJyLUJvV1NacWtScUhGLVhkVHppUGIxVlNsNm1raURqQ2lCd2NEbTRPNkRrSWNGcDgzcUpmcVd5eVY3N0xtbEVNeFd0VldGVkJ3WHN3WE5iNkV4d09YTFBrSzB3clpINEt6dEhaanlmU3VUekJLUUgwT1BXM1R2X0dXQW0zQVNrQkNNaFgtYkQ0amNV?oc=5
2026-03-06	Google	0.0	VinEnergo outlines international renewable energy expansion including offshore wind projects - Windtech International		https://news.google.com/rss/articles/CBMi3AFBVV95cUxNLXlaZXdhRGozNlpwQ3pJb1VGLTFzTk9TMENWNnlqMXdJOHFJOUxmN0ZMUGdiMFdIMHpOZTd2R2ZhZGNJSUZFNkpnR2l1RTlQbW1jLUFEVnYwbjR5d1I0SHpDanhUQVc5Qm9OQ2pSQmdTZVFQTDBBX0IyemdkMHg2dldBV0UwbWRqdlo0ZUFTRTBrNkNKS2FoWXpCWGd2anhrTFNXTXNGMGFCQTBQbERQMmo2Nmk1X09aeDg0UVFkNDB2emZCSnEzMktwUEplYnJwOU5MNTlGbXhNTnFl?oc=5
2026-03-06	Google	0.0	War in Iran Will Force a Rethink on Where Energy Comes From - Time Magazine		https://news.google.com/rss/articles/CBMia0FVX3lxTFBJcm9zNHRBd3F1aWNJN0FEcVU4ZWJRb1pSTTU5MUtOTnJkYzVyeXhGZ2d2Rjg2UEtQdUNUVTFIak5XcEpaWTJySE5KNTl1TzlCLUlFdnM4c1Mzc0hBNzRyV3NTQUVUb2FlM0I4?oc=5
2026-03-06	Google	0.0	Washington Governor Ferguson authorizes Carriger solar and battery storage development - Energies Media		https://news.google.com/rss/articles/CBMieEFVX3lxTE5XdjNtRkRXdTRyNEdEeW9UVHR0NFhGdjVsVWZWRUZ1STBSVE9PbS0xTGtEYTFEUjlWVENybVRGVmo1MW9ScXJNYWlqc2hubXh2UVIxeUd2bmFvS2Zrd2p6QXN2eVprVXltUlBnUTM0YVgzZjM3aWZ1Zw?oc=5
2026-03-06	Google	0.0	Weekly renewables M&A round-up (March 2 - 6) - Renewables Now		https://news.google.com/rss/articles/CBMihgFBVV95cUxOc1R3TXZEcnlVOGxOTm9MRmFicEpjRFdTSTlCSHZIaEd3S3FxSU1wZVdnQXdQd1JudkR0bWJzakdVdlVpS2RmSElMbVJFWWhJODNCcWUxWEQ5cmRZQ2VVZENBdmtHY0J6SkFlQzVEZ1g3Ml9KU2Rndy1fUkk0bkFzclNtdUhVZw?oc=5
2026-03-06	Google	0.0	Why war in Iran may mark a tipping point for fossil fuels and the energy transition - ImpactAlpha		https://news.google.com/rss/articles/CBMirAFBVV95cUxPY2pwM3M2MkJaSXBpQlhTY3Q5YTBLZUc2enJfYl96dTBQUXJFcmlVUEZDRHRpZlpqTlMwNzdTWUtQU3F5ejA1emZ1TEliOFZveEdwU29Wd1VDeEpPaFFtMTZSLXZ5TWJLajVMcjdvUXlkODllQ1JRNGV3dUVJeEp3MUpXUnJlQWktOUs5YXpBYWRINmFkbG91V2RVVmdwaHpYbXZKeXBfOGlfRU5E?oc=5
2026-03-06	Google	0.0	You can’t blow up the sun: 4 reasons renewables are a security imperative - greenpeace.org		https://news.google.com/rss/articles/CBMirwFBVV95cUxNcHlHcEdLT25LTzc4aVM3ZGp2NF9PVXQwUV8yUFpCZWhKVGNlQi03SUxXN1laU1ROM3QwWXJaZlJkSHdGSUJmeVBpX3ltLUlZSzJRTmhyMnJ1SGVJN2hKQTBldXIzcHBNNFc5ZkNlM253SmtSU2FiVW5IRG5CdlZtNm5VQ1cyRFVLLW5QX2xRZTBpWHZWZS1tMzF5bGVYWEV2a2pRcTc2aXdqLXZIWDhZ?oc=5
2026-03-06	Google	-0.1	Central Asia – Azerbaijan green energy corridor project gains momentum - Qazinform		https://news.google.com/rss/articles/CBMipAFBVV95cUxOOGV6WjVaM0p4NF9IeGdCZkUtZzcwTjh1ZGgyZHk3SjlFMGprS2NGX0Y2TDlvclZSUFkwc05NV1BZNEJqdk0yLXNzTHc2XzFFak5tNUhQamRfc2dyZEtXR1JncUNsSHlFV0IySVVDU1pleFI2U04xaWxNakR6aFk5Q2VRU1E1SVhXX2RDZlRjVWl5WGp4bnpEclBmNUptQ0RsV0RFNdIBpAFBVV95cUxNTGE2QUZkS3A1Q01iUHIwcXdsZWlGam56eXRjTVhmSmxtcW4tTTVlWG9zaEl6eE9GV0pjT1d2VlpGNV91d3hZZ05PY19hZXRyN1Q4eDR0ZmV5UDB1a2tJTjQ3QVdiRnFTemtCTExhQlpadHNteG1RUWZtZDdROTFxb3N1WXBXQi01bmhla0U1bUZMQ3NLSmEtYjBHek1jNFRmZ242Zg?oc=5
2026-03-06	Google	-0.1	Pennsylvania power load buckling under neighboring renewable energy goals - The Center Square		https://news.google.com/rss/articles/CBMimgFBVV95cUxQUjUwaEUxOTMyUlZtTE8xWEJUbXVNbFYwdTkyU1VfcVc4bHlBdWZlOGV5bU10SURKTkp6X3BnRWVidW9xX2d0SFZfR2QyNUxybEZkQVVDQjdFa2FuWExSR2hJYnhHclQ0MWlfWVdzb2plc3FxeGNmaU02VjAtVXFGXzRhNGFvaHpOWkNWV09fY3FWempndjRXdzZR0gGfAUFVX3lxTE11azZETkllS1AtZGxoOXAwQVNaWFczTm52cGotMWlrVjhlV0pGRmNuYkQzQnJiVmVMNkphb1U5azJPRkxCMi1pX0ZpWjNtdEZRa3JTZnNVeWpqUHlSaDk4Q1ozcGVYTlNMNjlSTmV2RVA0Vlk0MXlYdk1FcF9KXzB5LUZ5dHl3cWJCWjh3RDA5RGd0ODJ5Z3o2SDdKZTlIMA?oc=5
2026-03-06	Google	-0.1	Schroders Greencoat Bets Big on Green AI Infrastructure - Impakter		https://news.google.com/rss/articles/CBMigwFBVV95cUxQdlJHeFRNSnRyWWVQS0p1dlhOaVFNVzl1b1hzOXk5QmhaSVgxRjFaYU9SRHNwNjhyTmRsblZuN0NCYS1PR1BNUDR6LUxmQ3g3WGN3ZmdBTVdhZmpqbnJPMzhGdVNtVkotNHlzQk44c0xqV2h4QnF5TE91VGxKb24xNklFMA?oc=5
2026-03-06	Google	-0.1	Spanish renewables firm FRV plans €2.8 billion data center in Mérida - Data Center Dynamics		https://news.google.com/rss/articles/CBMitgFBVV95cUxNWWVWSGkzUDZvcGZkOXZjeDlhUDkxRnQ4MmNQLWdXZVNqMXJ4bjVhaGxHLWw0aC04ZHZBUUVUbk1hcnNVb2t5X011X1RrRTlUd1RtWFFnck9SQkx2cm5WMXIyNlZUaG41NnZWQlVWOTVDUGRGY25PeHF6bVhobmZYMlZFdHMwOW1aOHRfNzREV3owemxrZnlRZVE3NjdNcS1SaS1FNXd3WXdiQkpIbXFZZFBNU3VTQQ?oc=5
2026-03-06	Google	-0.1	Why Green Energy Will Be the Big Winner of the Iran Crisis - The China-Global South Project		https://news.google.com/rss/articles/CBMieEFVX3lxTE9IeWxsalQ3WmU0cmIxMV9lVE9fNkR1aXBJdVpZVGt2SG5RTVlwUU5TU29PZ1FyTXkwRnVlUVRzQms4el8wWnQ4NGRUN1hURk1lRDJPNUhHcHJKWDZLWUk3azd0MlhHNTI0YnRXSlFDNm1RajNNYjVWSQ?oc=5
2026-03-06	Google	-0.156	City of Lincoln closes down pickleball courts for $17.9 million solar project - Sacramento Bee		https://news.google.com/rss/articles/CBMiZkFVX3lxTE5HVjN4Rmx2TlVtdkNfaERQTW53eDlmWkRVTUUySmh3SlA2Zl95cVY0Q1BYQ1cwbU9vX0Q3VW1GUE9iSmtfZ19JMGJBZkdOckxXUGZBZXJFanJIOWR1bE4tRUdCTTd5d9IBZkFVX3lxTFA2eGpEcWRTczdEbDhVZVJxQnUtMUI1ckV0anJ6czZZQVBSQWxuUGFYYnc2dlAxYUhuaERnS2wySUNuN3MtUDNoeV9TeElabGNVVVhLRE5xQ0toMkh6YVJQeEd5UFkwQQ?oc=5
2026-03-06	Google	-0.2	Green energy orgs applaud Canada-India agreements on renewables - constructconnect.com		https://news.google.com/rss/articles/CBMiwwFBVV95cUxNNXlrcS1rUmllNEtTNFlEUWxaUmF1Tl9XbEhrOVhaTEdjY1Z4TFlVRzhaWHlIdHFyNkY4SVFVWXlRakJKcG9OcWplOTRLaE82bFpTZUs2Zk5LWlVuWmVYUW9GVzExNjVRRGZrX0UtS1U4aUtIdGdHLURfYTVvemdESzJsNlJfal9kOW5WR3BfUWt1YmlaQUpRdmUxdzRXR3FERG43MzlZdENTTHRtMUtTMWExaVBkVDRVODAtWmVwaTlzOTQ?oc=5
2026-03-06	Google	-0.2	Minnesota’s aspirations for a ‘green ammonia’ industry could soon pay off for farmers - Star Tribune		https://news.google.com/rss/articles/CBMirAFBVV95cUxOeU04ejRERlhxVjJhenA2aHRraDh0TFV2OU1lS1llcHp0TXhCYnJZYmdqTXRncXBmX2d5eFZta1ZNVUh5dEFCT084RXJRMjlBMWFzRWs3VENVOExqSjBTa1NsclU5eVljQ2ItRVA1ekdLWnNHcXBNblF0OHhHX0NkdlFHZG1rNFJES1BSZFdWMFlPdlhHbDVnUldKNVNFU3hhZVRDc3kwODJ4bERK?oc=5
2026-03-06	Google	-0.232	NJBIA Joins Governor for Ribbon Cutting on Community Solar Project - New Jersey Business & Industry Association		https://news.google.com/rss/articles/CBMijgFBVV95cUxQTUk1WVNySWpyLTc4YUVEazZQbEJRaGo4Q0xhUzRaakZKa0p4LV9LSWdmUFFwZTI5bklZU3ZvQTViQXE4VC1KR05NV20zWlVzeGdJY1dqWlJoLWdZa0hzcFloblJXM2ZDZlRSS2hKZ2lNZVJ0MF9WNnZLLWdIMFViQlczbmhpT0hTaEpIdWpB?oc=5
2026-03-06	Google	-0.25	Key climate, energy bills fail to advance in legislative session - OregonLive.com		https://news.google.com/rss/articles/CBMitgFBVV95cUxQOGNBZXpwTk1ROXFFc0RfQlotNXJVV2EzUHdGWnhLVlRjLWlrYWtuZ3VhME8ydi1qQTRQemF0ZTRtZjQ1SFpPTU9Lc3NZX2JWNFpTQWJ4bDZ4eFJMX2tPZWVkQXRGYzNYMHFuZ3E5NXc1RkJ4TU9KeUlPemxYMTZfTTZTN0JEOTczV0E4Yk0zMnpPTVZsTlhvc1UzVWJablFISTBZd2NHSHctLWdmdGFkYVZPb0tvZw?oc=5
2026-03-06	Google	-0.312	What a Prolonged Iran War Could Mean for Energy Stocks - Morningstar		https://news.google.com/rss/articles/CBMijAFBVV95cUxQWEROOWZNblNrTzVKVVUydmp2WlNMX2pCSzc0cDEtRHJScDdRR0hZbi1lMmdyRFg2VjZhTXZhLXZYN2NSRWVfVXBPaUdfOVctREUtVGxXTllXY1NlMVAxcWU1YXJiRGRaQWw3VEZOak5ac1JlVU5KQ01BWERMXzBPR3FaOGRWem5GdnU2NA?oc=5
2026-03-05	Google	0.375	B. Braun Announces Significant Reduction of Greenhouse Gas Emissions through Renewable Electricity Purchase Agreements - PR Newswire		https://news.google.com/rss/articles/CBMigwJBVV95cUxPeDV5WXhkdVctUTVUb2E4bVg4ZUlLMTZWeGdGakxjZnJRRjNDcEJQZlIwNTRmZnRSSFdLNWY1OENVZ2tZRFNkbDZjR0RyYTVOcmtDMnNienUtWTZUZkNRMmxOS0dfSVhuNzN6alpCbnZFakczY0RvUThCSGItOUhIczhJOUdSNFF5aFdkODg1N09ZTW9Edk5qcnktaWVvMVIteWoybHlKWmUyelcyUVdFd09mekdvQk1QLUhPTVFZaWFUNHNDTVktRF9HZTZXTjdlaExzTWFlZVZ6bndDSWNBc2UwQWN3M2lMTWx5SWdRdW5XMkQzT3E1SHJwbzRLb1RXTm9F?oc=5
2026-03-05	Google	0.367	China eases climate target but clean energy could still cut emissions, experts say - Climate Home News		https://news.google.com/rss/articles/CBMixgFBVV95cUxNamNNMFlMUTl5S01nZ0IyN2Z6S3BhSzdsdzNheHRYdkRXTWsyMC1zVnNVeUJmbUl0eUtITmJ2UTBVdUJxd2c0QW1MTGYwVERjV1hMdjJfZHRCMXljNjJkSFB1R3I5YWo2QVhzNXlKdWx6cjlRTDZmQWRTOEhNT1JBSmFpaGVIRFAteU8wVHB6X2VZZnlETnI1bG50a3RaRVM3MmZROElTQmQ4WmpVTGtPNWctLVdIdnhreE05dWtJQU1xNHNGb2c?oc=5
2026-03-05	Google	0.367	Clean energy deployment alone doesn’t raise rates: CATF - Utility Dive		https://news.google.com/rss/articles/CBMimgFBVV95cUxOSWVqMWJyU0huNnRZNFdYZXIySHVRakY1WEswcFJLX1hqb3A0WmlDWVVob1g1RmJKclJKQ3JZRjdvQjlpQ3FHQzRZN3dxWE1KUEx2REd3Y3ZNTl9xZlRzWUtiSGd0VEc4N1RSd2dOeUxnbWpBWndZVEZNNlVnQ1ZlSFl3MFJqakktcXQ0VXVmbTMxQi0wc0cxcndR?oc=5
2026-03-05	Google	0.367	Solar bill draws business support, cost warnings as lawmakers weigh clean energy overhaul - Hartford Business Journal		https://news.google.com/rss/articles/CBMixAFBVV95cUxOSEFUMEJuY1FYNDVOMm1idHN2ZHd2M2ZzNHc3UUxXSFhkNDdobkhpY1N6MUdKSkhteHpHX2VqMDdjbllmdzJ1RVV6bnRXVWhKdG4tbHRqWmlobnRLS3pOYUFFNEIxcXZZbmpseWE5RnFDVVFZR1hBTmRUOWZ0Tlc3WHVpeHpMLWpkeTlfSllkcjFYZE80Q0YtdTN1bENtbS1PaWFZVDA3X1NlelZxM20xYjVDcjM5dUx6Nkkza1RwS2VSREVz?oc=5
2026-03-05	Google	0.318	Duke Energy is betting new battery-storage facilities will help it use more renewable energy - Axios		https://news.google.com/rss/articles/CBMi1gFBVV95cUxNdF9uMDZtQlAwV240Vmw4ek5XNkNMQnJnekNGYW85T001UXpMVTgyX1FqY0NrNXIzNVlUX0dQbHRxbVlKR2l4RnhwZU5hS2pqaU5TdkxvNkVqS3huMFhhbVgzVy1lbEJkMmprSFhWVmd6WjVFdDhqLTYxUk95dWRoR0xFT1N1UXktSUotVkNWN3lDOWRJRUF1ak4tdElwdl9GeDZMX1hNRm54cUdhUC1RNndQMW9OWDd5NHpHajJhaC1SbUZrb1lLMUZNNGd3cUVUaFFMZnJB?oc=5
2026-03-05	Google	0.3	Renewable Energy Stocks Worth Watching - March 5th - MarketBeat		https://news.google.com/rss/articles/CBMipAFBVV95cUxOZWE1WW9yUzhJRVA5ODE5T09lbDBZMjh5Tlo0cU15SlNOTmZMcHRJUzk2cVNSQnhoZkF2d1RFM3o2eTJVZk5rRVBIRHdqeWdHY05xNUFBcklKYmtGMW42ZGRFSWIwYzJ2U1VvZzdIdzI2SVotdHlYdHBNd0lSSVNqaGpPVk5sUXE0enZkeWdFOFFpcDFMMlRvZFNtdkw1U2Q4UXhUdQ?oc=5
2026-03-05	Google	0.25	Norway Wealth Fund Makes First Investment In US Renewable Energy - WhoWhatWhy		https://news.google.com/rss/articles/CBMipAFBVV95cUxQSWlQMUs3c2EycE9JZ2JEWF9nbHdubGgwaS1sZm1vYl8tUVVSUFhKWmthM2M0OXNkSURYNDVXQUlpOVBPTWNmWlBJdFVlNnNFSVBGdW5pZ0VSZklPSWZSVFpmXzZsdjEyeFNXUGo5LVQ2ZmhPZVVDMkRGQk9QTjdKZjRscTFZa1V5RU55NmpxVVNHVzZmZlJzLVNsOHpGdllBZWNYOQ?oc=5
2026-03-05	Google	0.214	From Classrooms to Canopies: Why Solar Is the Smart Choice for K-12 - School Construction News		https://news.google.com/rss/articles/CBMiswFBVV95cUxON0xmTzZYSjBlWHQ2bnZuVEIwdVdYSlg2MnpfSV91Skd0R0lablNSbVJwaVNyZUVLdE9ZSnI3V3hqREc4emM3d1JTaThKRV9udVQwczF4c20zLXVudVpQMDByXzRPaDZweUF3Mkc3djhrNUdraFBYUkdaQjFDdTNybkFMdWJKd05TN1VHN0RhOTgzamN2bWFORDVYMVJjaWFwQXd4SzFTTGtKMXkxT3IxTkpzaw?oc=5
2026-03-05	Google	0.2	Surprise Support for Solar - Legal Planet		https://news.google.com/rss/articles/CBMiekFVX3lxTE53WmRGcTREZEkyb2JNQjhjMDNROWVObUJSOTA1Z3F5T0g1R2kwN2dLX3VHX1FiTVhfUEtoNmZaVi04V05KY3ZHWlpkZHV2aHlUa2lDQXlRSEdGaFdaQXhBaG9ibzhuVVdSRWE3QXljSEZ5UlIxanFadlRB?oc=5
2026-03-05	Google	0.2	Trump’s Renewables Permitting Thaw Is Also a Legal Strategy - Heatmap News		https://news.google.com/rss/articles/CBMidkFVX3lxTE9qUVphQkJtcl9zY1NIbEx2NUFObTNPTjREVkxiZUY2MThmRjNoT29iTXdEc3Z5cmF5QnVGbllVeWkxdW9VN0VtX2xvZzdsZU96ZTFNaG1DVmx4V1ZGc1cxUGlBamlwanlwbDVVamNucEtvcExzVFE?oc=5
2026-03-05	Google	0.183	ODOE Seeks Public Input on Accelerating Clean Energy Siting and Development - JD Supra		https://news.google.com/rss/articles/CBMiigFBVV95cUxQaDd1eFRyQ1I4TjJmS1pFNTU1TmtaNEwyQjhtSlFqbmNVd0tiVW1aQjdfQ3UyQ2xSVV82SDZpaDNBUkU0N0U0YTJWanAwbHQydXVDWTJndXhTbHJLbVg2SVBEN2dNWENnRzJpTWo5ZDRPb194S1JJX0NxVEhpMmRHLXhjbjRhT2wxV0E?oc=5
2026-03-05	Google	0.183	The US’s largest clean energy project just installed 242 giant wind turbines - Electrek		https://news.google.com/rss/articles/CBMiqgFBVV95cUxNb2JHblJ3eF9HTlpaRFNZTVNXZmZtR3FVWWFPalpBT3dXWl9meFZNdXY4dkxnLTNycDVuMGZCdXJYNmVJMS1UMUs0NnA4S1p5b1R6UUFJZ1ROYjY4NVJqeXZENUZyb1l5YVhiQkFGbHhCc3FaaWRKbVhyMTZ2UmU4M1p1VDhFdlFON2kyZ2V2dERKUWpIYXdKWFA4X3VGaTdlM0dsbHVmN2Vzdw?oc=5
2026-03-05	Google	0.176	NJBPU Takes Major Action to Advance Governor Sherrill’s Goals for Affordable, Clean Energy - Insider NJ		https://news.google.com/rss/articles/CBMiyAFBVV95cUxNc1RpZ1FhYWtubVF3MWVHX1NPaGtOQlpnNzk5dDBWd0VDd202VDFPRUNMemZibjdCRlhsSTIwLW9kUzZEOHlxVGNZdmlpQW8wdGpsRUhMdFJXRVBBcU5kQjh0NF9ITTVrSkRuaGlPeFdTUlR6NlRuRjllWU1DMTlRZE9meUwzWU1ZR3NweV9XMmVuMFZYMkI3dk9yMU5ZOUpoUzRqWjNwWVIxejhrVWd6UnZBbUlaN2RXVktpUTlzV1JjWHltMEw1WQ?oc=5
2026-03-05	Google	0.15	NLR Names Ava Community Energy One of the Top Green Power Providers in the U.S. - California Community Choice Association		https://news.google.com/rss/articles/CBMioAFBVV95cUxORkdpUHluQVRqblYwTUsyWWY4TExrV1FmbUVJT01jaFR2YUo3LTRVa1NIeWRqOV9rMXpUQlRHby1KSko4Z21rNm50OGNRbUtGVmhsRUNlejBMQVBVU19ueW5VQVJwNnRnandoMjU2a3YwaHRpWnhIVmczdDg2U0Z3NEs1VlljdW5PcWJJWk55QXFjTm5IcG9HTGZJc18wc2pX?oc=5
2026-03-05	Google	0.136	New Jersey expands state community solar program by 3 GW - Solar Power World		https://news.google.com/rss/articles/CBMipgFBVV95cUxOai1lVGN4RHVOQTRPQU9QNnB2bWhaS1NfQ0RGcklyYnFabDRET3JKS3YyRW9JTS1CQkZhZ2pqZExXRkpvNjBFa0R6NGF1aFk2UjljRHYxREhxWXY1NUxhT2Q0NGNZbnkyR3RyM1pvb0lVbk9aQmFJS3RWUGxpcURFa2pURzNKZWZhbTBVUk5FOWJVQlVTWHBaYkNsd0tNSVdYbmp3MThR?oc=5
2026-03-05	Google	0.136	Report says national push for AI data centers leading to outsized energy, water consumption - Source New Mexico		https://news.google.com/rss/articles/CBMiwAFBVV95cUxNRld1OG90ZlpfeTRROFRwU3lzR2VaM3RGQVpXZGEyanVLSk8xWERQNEpjdFBEYmpUMFN4N2JOYUNlQm80SVNCdmpzVWlVcjJxRm03SWM3bjZNUE1PLWp4Wmtmb3NGYXMzZmZqS0l6MXdsS25Od29EUUdCdlF0ZFZiZmRSNmhGaU1nOWRROGxBNGZVejBIUDQ2UWtiWGpnRVZ2SUE1amxOZzE3d0I1N3E5aUV3TVk1Mm9RMzg5NXgwMlY?oc=5
2026-03-05	Google	0.133	Remote Alaskan Community Invests In Clean Energy Projects And Energy-Efficient Housing - The Business Download |		https://news.google.com/rss/articles/CBMiuwFBVV95cUxNREtGZUNoTy14SDdwRVAwVENTeUh0dE9MMFg2N1lwX0ctem1zSlE5bHItd2JnSDFDVzdteVBmX0FoZ2JCZFUxc09GaEwyWW5fWUpSX3BMRFVqUVVpQmhVcENlbDlUanduaTZUbWtaLWZTMUZzN1hoQjBjNG1QTXBwR3o2dXNzNDJJNHNxVEtRa3NXa0R3ek1LZFJjc0xMdE9jS1VGMmsxWjAwNjFiS0w4WjJXQlF2UVpUbXc0?oc=5
2026-03-05	Google	0.125	Texas Seizes the Solar Crown From California, and Other Key Points From the Latest Electricity Data - Inside Climate News		https://news.google.com/rss/articles/CBMilAFBVV95cUxQc0czTWFLcXVfN2NLcHZIVEdCS3hIeG5XbGMwSXBiSDN1YjYwT3UwU1YyNmZDblhydXhaVG16U01LcU9laU40eHpmZ3VfeFNDb1hWQ0FCazlNd3ZfUkg3ZGdtZlYwTXhDLTdXeUtoakVEVzlPcllHOVpHZkFBbGgyWVlEamVLajdobGwyV1ZndVQ0cEJV?oc=5
2026-03-05	Google	0.122	With oil once again a weapon in the Middle East, is clean energy the key to peace? - RFI		https://news.google.com/rss/articles/CBMiwwFBVV95cUxQVWhneUVETnhwY2RkampqcUdYc2lINEp0VUJDZHBkVmpGdFNjcG5jLTJOcEJ1V3VsNkx3VTVfcHFicjZsaFo0ZUpJV2pkV09zRGhmTWl2UEgzUmVZel9fZHNibXN1UGlDQU5DNmVpVC1lWlJwamRIR2gzQnROLUpkYzZqM1lfRk1MNEYycEU0d29RbDFjOHMta2Q2a21mdTBHM1F6TXRQMks5VDhNQTJkdGxhVHo2bG5PclQtaGlvX0JLVW8?oc=5
2026-03-05	Google	0.1	From compressed air to hydrogen: Europe revisits old technologies to store renewable energy - Youris.com		https://news.google.com/rss/articles/CBMimAFBVV95cUxNMHFCUVVyZmx6RXJxR0p4WjZRV0g0NDU2SjdEZHhyMWczaEQzeHBJUGZIQ0NkaU0wYzBzVzlnREloVGNfWkh3X1RvdWc1czJfYmVJNGdlWXVPNG9QMWZwOS1LaGNwc1JFNE5oU1JfQkFCdFI3b2dDWVdXVmtZa2pmNTJBRm1EVTItaUdNQVNkVFk0SWVCNm91Vw?oc=5
2026-03-05	Google	0.068	New modelling shows renewable electricity can meet NZ’s future demand – without importing gas - The Conversation		https://news.google.com/rss/articles/CBMiwwFBVV95cUxNT3JZdUhCa19LOWlVTWp2bjBZWWFTM3BKam9RLVJZOUdQTlNYWlh5MnlvRERZRENNMkU3QWJSSXVlYWRDQXh0dld1anh4Yk81OWlxSkU4b3FDVEVicDFPb3lrS19manRzUTVLR0dQb2NjUGhGNWV1RnVnMEtxRUdQWTJ3eFhWZzJjN2NjU0hudTRBZnZhcURJRFVKeE1LeW5ENFc3Uk8yV0liS0pLNDdKRUpTMThWSExjSkxOdFB0TWJQTms?oc=5
2026-03-05	Google	0.068	What Bangladesh's new government must prioritise to tackle power and energy challenges - IEEFA | Institute for Energy Economics and Financial Analysis		https://news.google.com/rss/articles/CBMirwFBVV95cUxNRERTT1FONVN2UmZLN2dEUmxKa1ZsTjJwSFQ2a3dMMFltOWpyZUtfSVd0UERmak0wZkRJZFhsNkQ1UHhjX1Q4bXNseFJnTU01cGtGZXdMb0RvT3UyVE9fU05oaUhyM2dWeUdGQ0hXYWE4eVgtVzMzWU1kQUU0R2ZJZDBTaldZVWJXc05JTnVUb243cUEyck5tTkFNTWdwM2ozTklGeGY2eVlwUEw3THBF?oc=5
2026-03-05	Google	0.0	/C O R R E C T I O N -- Cypress Creek Renewables/ - PR Newswire		https://news.google.com/rss/articles/CBMi6wFBVV95cUxOZjVnV2VHd3J6VWxCRHViUWlzbnh0NnNrd2xRRUdYdWotRFNqbDlydmFoSlBiNUxxb1NRMjBkMUU0MVBHUjhZaDhHTkVPWmJvLU9zdmtUdktMTlJPVXRsT2ZLc0N4NEp6UUlITmkzN08zcXJOcEw4MU5IY1FmcTdHVjZsOXNTN1h1OXAwQ1IwRFhMeDZjMmZmRFlOT2ZGTUxhSm9zS3dvRmV2UVl0YkVUS2RyZUR4amU0QVRZWElNYjBRdXBMWmRrR21mdHRaejNDejMtbHRfUS1UdUdNbm90SlRNVlRqcUVubjJr?oc=5
2026-03-05	Google	0.0	A Pledge for Power: CEBA Members Further Affordability Commitments - cebuyers.org		https://news.google.com/rss/articles/CBMijgFBVV95cUxQLWIwYnh4dXdWUWFFWHhITTctakFxM09jZEo2d3h0WjF6N25yLTljQjFBSk1fNVVmanRPWTZ4MFBDY3JHZDlMVG5mc1VnM3RfZUxIWWxYUVphRVNjd2doTENTRjBzWFFUNVJYdGtJNW91UnJoWWZvbDBwOG9XVlVITVlYMFNHNlFuV25MSzBn?oc=5
2026-03-05	Google	0.0	AI is outpacing America’s power grid. Nuclear must become a national priority. - Utility Dive		https://news.google.com/rss/articles/CBMihwFBVV95cUxORWEybGxncUR3dVVLaE9ObEU3aU9vZ0stUHM1MzdsNE5HUFNuZEkzOXNwQzdmcHZfVmRFRUNBMDVvQzF2dmVrQ0tqZ1o2S0ZKR3IyckZIZG92OGstMERnbG1GU2o1clpNZ0NBb2Y2bER3VnQxMnFVY09TS2pQTDlrb1FjRl9oNkk?oc=5
2026-03-05	Google	0.0	Arizona Corporation Commission repeals renewable energy standard - AZ Family		https://news.google.com/rss/articles/CBMiowFBVV95cUxPT1gtQl9xenJCVUhCdmZZQjU1RVRTSFloQVc3T0FsQnlHTnJCWHNiN19UdzQ0M1RteVFfVUdGT1RWTEZpWUNjTkdfOXJDdFA2R1BQLUlQR0p6N0xMWFhBZ1ZaLU90QzZUUWZYM2xKT20ydjFqQld3cXktVThTS2ZvQWVMS2ZhcWNKSm1yQmhWTlc4akI2RUZ5UjMxX2FrMDBiUnRz0gG3AUFVX3lxTFA3SUpidkVYVnpHOGZsWW1qSEpEbjFHa2pkVDMyeVMyYkFOM3NFUkk1VTRndml6eFhtNEMyaHZHWHNEeWVaVzg5TjVVM1l6amd2ZXE4Nk0yNmo1bVRzS3k1OVVFWEdsRFdkN0VCWG9qeC1ITUE4QnE2Tm9vQWt4QUtzT1M5SzM4UFdCWl80b3huMldMUFBZeEV2RXd0dkljSzFhbXNQWDRLUUVwNUNON3RuVmZyanJ0QQ?oc=5
2026-03-05	Google	0.0	Arizona energy bills to drop as ACC scraps renewable surcharges - KVOA		https://news.google.com/rss/articles/CBMi4AFBVV95cUxPUDE0dS1YSFNURHVBYWlTbW9MS2F5UW5xbmxLc2ZOd3B0ZWNEc1gxbjZGRml0OFp0OW10dm1rdERyTkFjM1JNenQwTWRkM1pyLUpDTXdoWXJaSGVyYVdscFFBcWx1TDZpWEpEYUh2OUgycUQzODJrdHllbmI2bFIwY1JyMHpkNXNkUFBWckdDVjlUaHQzZnJPaUJWaDdFRF9GSHI1S2pSTnpKM1lQdzVGZ09Sa0pOS21RWjlRWHE2NU01dHdjS1pfTW91TmJTbFBqejFOREdzZVpEbVNBX3lsVg?oc=5
2026-03-05	Google	0.0	Arizona regulators repeal renewable energy standard - AZ Family		https://news.google.com/rss/articles/CBMimgFBVV95cUxObjQyRExhX3M0UjdUazc1T3hHWXJ4ZE5WUzFTem5BeWlyQ3BINS1SdkloSm1UYlhFYmxKX0RyRW5BOEhLcHdPMkUyeEZNRDIzZGxYNkk3RkszT3NFblc5RGlDaUtFZ0VQcHhxQi1kTVZ1bktTdWdKTk9wY1ByRk1heGNzTUdnZ19KLUNQX0pMRlkzRlBXcFFhb2Jn?oc=5
2026-03-05	Google	0.0	Atlas Renewable Closes US$3 Billion Refinancing Deal - Mexico Business News		https://news.google.com/rss/articles/CBMilgFBVV95cUxNakd4a0tUU19icUdmaVdZYWdVVzM2UTBPaHNUdUh0VHZBNFhUN2NULUwwVjdWTlU3OUxMVTJtMlIwSlM4bHNJWWRGczg2QmlPSHFhRTBrQmVsdkczZHZMbDAtN01GQXpMQ1Zld2tBZ2UtbVNFYXlucnZ3c3lWMmE3YWM4Rkxhc3FMYkNBZG85ckwzbWdNS3c?oc=5
2026-03-05	Google	0.0	Central Coast Community Energy Announces Lower Electricity Rates - California Community Choice Association		https://news.google.com/rss/articles/CBMijgFBVV95cUxQU3dENzk5X2gyZjUtR3I1SGVscEZVZzUyZVFqS2VmXzlzc0lRcThYeTlPaE1QZ0N0MnhGbExpQjA3MlE3R3RITUVIYzFPOUlBR3ppelpiNWF3a3ZsVlpQdWtpakJHQ2pUcWN1TFVqUkRXMlp6SnhNemRIMGs1UVR0ZHZiU2c0d3MxdFRYa2ZR?oc=5
2026-03-05	Google	0.0	China was already a wind energy superpower. Now it’s testing giant airborne turbines - CNN		https://news.google.com/rss/articles/CBMieEFVX3lxTE1sUGd6Sy1Ia2M0bktmYnZ5WGVHV2JZR2t3U1MxWVNVUU53WVBocXhsMk9Od0JjUUFySzBmRVg4cU5YcWpCUVdlTkVNVjYybEJNZzRBQUdULTA3NHc3c1htOHdVYmpJR3R2cmVpZEhhQjk3MUUwa0U4Wg?oc=5
2026-03-05	Google	0.0	China's decarbonisation plan takes cautious steps as world backtracks on climate - Reuters		https://news.google.com/rss/articles/CBMi0wFBVV95cUxNM05NcGpkb2dhZThvQktmMm9CQllRUVdfaHRLb1V0X2RfVlU2ZDNNNVRIbnhvQkV0N2NqUFl6ZlVyWHRVN254UERZWXRQZDlBQjNaS3JuUXVuM0ZBbXIxMXJ4NGF0X29sS3h4LVBkUFloeWswMkg4bGF6YnBJclhVZnh4Smo0X3RGcHYzbEktLUNwVWJRb1BVd2RkTjlWTWFFTWk1dDF6V3NDdkFobTNWNWxCOGluV0I5SnJVSHRxMDFURmF0eUdqOTU2MXNWVFAyMDF3?oc=5
2026-03-05	Google	0.0	Commissioners approve amendments to renewable energy ordinance - Huron County View		https://news.google.com/rss/articles/CBMisgFBVV95cUxQOVRCdEdaMWl0dFA0TWdMSnZZRWd6bWJLUlVyTlpkQVdDMjc2RE1DWDBFalk3Wm9fTHhUa0lXaFdrRGo5M2N6TW51RHR0TmhlSjBmWVJ6SnRFanNoLU5fbHgySlhfYjFTOHo2czlmTUIyN3hWNmFzT2tjdkFaTlc0MHR0NlhWYmNtemRTVWxoR0xpRTVsWlN5TXlRVkRoSlFBV1hoVVZhYkZBRElmeUUtTWN3?oc=5
2026-03-05	Google	0.0	Data centers won’t raise electricity bills - We Energies News		https://news.google.com/rss/articles/CBMie0FVX3lxTE9Xc1ZvdlJVWjhqcjVrUzhyN2NuZmN4SThNUHFoSmJVQ1A2SjUtREZjQnJtZFkwR1ZQWDR4d1hrSXdmS2doV09CS2JfTHg1X3YyYkMzNzByME04dVRxWjRWLXBlbmlJb1NvdDBLQ2xuNUEtNTdobWJoLXQyWQ?oc=5
2026-03-05	Google	0.0	Dolby Theatre Hollywood, Home of the Academy Awards®, to Soon Be Powered by On-Site Renewable Energy Beginning in 2027 - yourvalley.net		https://news.google.com/rss/articles/CBMizAFBVV95cUxOeXkzQlJjcGJyRzB4U1NDX2RGWGEtSEhMUG91LVlXcFpHRjZ2UERvTzFmRnVNVDY2c25xYTBaY2x0WHNsOGxKR3ZSalM2N2JVcXdRYXYtMENPV1BNdmRETUNiNlJ4emUtUnI3dXdWT0IxMXhiUUFrTEE0Y3l3LUl0WjhpdEpqTExmQ0dQZnBueHZzX0VXLU1HSERjbVNpXzFmVXVtMVZzejVXa2QtR3J0XzRnbnNBTlZBemNHTmh6aEswb21hZ2pUMzNRWkc?oc=5
2026-03-05	Google	0.0	E.ON connects two millionth renewable energy plant to distribution grid in Germany - Windtech International		https://news.google.com/rss/articles/CBMizwFBVV95cUxNNko3M0l0NFVLZE1WU3RnM0t2MzdVNXl2TzRkQjlqXzFYWk00dTJicVVhNHdXTmZXS3FPREZfaTFreldJUkRiT2xJWGtZYkYxZzdzMi1SYjJ0U3VYaktvYkhhS0ZGeXB4YlhmcHR3N18yeERtTFhaSkFCazM5RFU4Z2tpbm8xc3BsQ2Q0MU92YU5nM2hqaldMUDU4bTg4S2ZiNjdUdFJrRDBRLVQ4ek9UcFRlV0Jqc1kwYnBHdmNrY1pVNzFJeWZZVVI1RVNZNjQ?oc=5
2026-03-05	Google	0.0	Energy and geopolitics, Francesco La Camera: Crises accelerate the transition - Materia Rinnovabile | Renewable Matter		https://news.google.com/rss/articles/CBMiqwFBVV95cUxNaUVtbF9hZ29HT0tTY0puQm5rZWU5WnZZMEFieDRxUkZKU19tNnlOWjVXQTMta1JNbl8ybHg2d201OHQza0JET1dCdUlWdF9IV0ZpUFZJSzhMeHhzZ3NJdDNKZFFfTkE1SmtOMDFfVnE0MUQzd2FXYm5yUm9EWFVKWXlhZWt3d3JMV3lUdlpiaE1oaG52NVFWOWJaTGYtVndWZUtIUk9QVUJOQk0?oc=5
2026-03-05	Google	0.0	Engineers Create Full-Color Solar Windows Without Reducing Energy Generation - The Debrief		https://news.google.com/rss/articles/CBMiogFBVV95cUxOTjV4Tnpzclh2LVN1SEpoeE5RaV9tSU43NXJHYnRaWjJUbG1FMFRHamxZWkc1bWVoTFpmLUNjQzJreTI1bGRadmdFdDdDLVQyX3R1Z2tQcWY3MUNtOUZ4dVhkUDRYWnpSMUp0OWo0dTZkbjBFYXNXbk43LXBLVjlvb3hteWlUNkk4a1FDam80akIzd3VFZGdnajBMYkZhUFYxdmc?oc=5
2026-03-05	Google	0.0	Faced with rising electricity prices, Americans are stealthily adding DIY solar systems. And they aren’t telling utilities - CNN		https://news.google.com/rss/articles/CBMikgFBVV95cUxQc1BZSDJSbFpfbUM1MGh5LVpBNjdCRGQ4Ymhnamozc01uWGtheXVLU3ktMG1MZFU2OFZLR3cyYWhESURscTA4VGJBb1o1RHZldWFYWTRsUWNidHFXZXZzMGkxY1o2ZUJyQ3V3dzNmUnU5dDZxWE5ROExUbGZvMTQ1ekpwYXJQQ09LVU9xM0p2MWJ0QQ?oc=5
2026-03-05	Google	0.0	Fact Sheet | Climate Jobs (2026) - Environmental and Energy Study Institute (EESI)		https://news.google.com/rss/articles/CBMibkFVX3lxTFBsTG9PRF9peWVqMmxrM1Y3N1BBa0h2a1o2SEt4THFZM2JOT25sR2ZQUDctSkFzSGhMRWZIMUY1eVBWQ184ZWMzUGl3ejgxbXFDQjFLVFNSWHdJbVBUT2ZYdU5HS2JmNHpQaEhubHRB?oc=5
2026-03-05	Google	0.0	Floating Wind Power Market to Reach USD 33.7 Billion by 2030 — 51.9% CAGR Signals a Transformational Decade for Offshore Renewable Energy - AltEnergyMag		https://news.google.com/rss/articles/CBMinwJBVV95cUxNd1pFVVFkNFRpVUtQVmpRWWxBNmVsRllycmh4NW95NDBQSmVYa2I0OHpqYlY0a0tCSTFUWWJNeXN4VmpPejhIclBKYi1EVVZmamt2dUtlRjRLNFpaU25HdDBJUEs4TFItc1RHdklhcXFPNXlTcHhHazEzNDh3czVaU1pnWkMwaVlKVVNQRkx1d20tdDFlWXQ4TklWOHNyS2FrcTdXY0IwQms2ajNOMXNWX1k3ZkVxdXR6SlNLaDd2YTNjdDRBT1VXaU5UQzVIMDZDckE5czdRcWJFNTFXZVZrelBFYV9XUE1jNkVuM19UX1JrdGFrd3EwcW5ZTkRYVGpTOW1DSmotQnZYRmR0bEFCTFIzQWZiUVFlT0RaV1JmRQ?oc=5
2026-03-05	Google	0.0	Florida House votes to spike local government ‘net zero policies’ to reduce climate change - The Invading Sea		https://news.google.com/rss/articles/CBMixwFBVV95cUxPZFZwOFpLNHNMOEt6dE9LSERXaWlJMnpPOURmY1JtNkNwVDZPUjNXZmFVMHlzRVFZdWh1UzlFSC1QaVVOWmlIeldmR2tLMUJvak1yR2Nxd2JFYi1kYkpJOEhDQzRVSE4xNDlWcjdvS1Bzdk42b2tCLV9MU0ptUnlTb1kxLUlQeEJRNFd6WGVESnpuM2YxRUlxQzZidXBHQkpaQ1JneW1oUmxySW9JQTBSRzgxYjQtQUFCR1JjeDVnOEJsdDZhVUV3?oc=5
2026-03-05	Google	0.0	House Passes Bill to Allow Plug-in Solar Panels - Colorado House Democrats		https://news.google.com/rss/articles/CBMihwFBVV95cUxNb0swN2cxOGJhV2w3U2pmVE5uVU5TZ0IxNTFBZjQ2S0FWZkhLakdUS00ybS1TYjVySU91SDA0anJhbS1feGRsU1c5VUJUbDhHV1NlWC1NT0pXNkI3UElWYXZGdEFja0x3b3RNRUc0TTBDakJHQ2ZGODJsb3FfWVNLVmNfeW51dzg?oc=5
2026-03-05	Google	0.0	How would the Iran conflict play out in a world powered by renewables rather than fossil fuels? - The Invading Sea		https://news.google.com/rss/articles/CBMi0AFBVV95cUxQU181eVczdW1nUzFkLU92TDBDV2F0ZTh6R1l6VXVHMjY4TkxqZEgwZGk2bE5sWjVrWEtyVzlRN0tLSnRPMnBoc0l5eVU3NGkwVDJOb2poZGZXWW9zV21NdlJTVTlzbmxDLUhhWFFsdjF3YUQwZXIwTklvTHVTZ3dTUkZRelpYaWZ1ZkVLOVVKNEdxWDF1ODhFQnRwNlY4YWJ1cmg5LXgyTnUwN0FyZjdWMHFKdUJ6RkJkczBxX1ZVRkdjdklOUnI2Y05WZ1lnUDFs?oc=5
2026-03-05	Google	0.0	Net-Zero Energy Buildings Market to Reach US$ 198.1 Billion by 2033 as Sustainable Construction and Renewable Integration Accelerate - StreetInsider		https://news.google.com/rss/articles/CBMimAJBVV95cUxQYnl5X0p1bWJRUlJxd2FoTlNvUEY3QTZJMkUtbW1wZ3VxYnBNSHMzbmVuTE00TEVWZy1FN2hVUUJjMUFUTkVOUDYxVE1WbzFoTm5hbkJLSXd4dHRjYUtsdGQ3MkRGb2dCNUFEUHdSQ1JPYUJPVWlxSHpRRnNQSlU5OW1KTWlaX3ZyTGV1OTg4RC1jOWJsUWNHQUFZODVHY2IwQVNRR1gzX3FEMElsdkhibVVNWHBtb19tb0Nid2ktVTZabGJnajRlWmxuVlZWU3prWld1VHVlQWRSbWstWkZaVC1OQnNOdVQzd3RNS0dhLVZ5SE0yaFdDSTcyQktXYkxGYmNHOGpYMVMwbVpWNXNmMmpvRE5ib2Jt?oc=5
2026-03-05	Google	0.0	Origis Energy Announces $545 Million Financing for Texas Solar Portfolio - PR Newswire		https://news.google.com/rss/articles/CBMixgFBVV95cUxNb3pwTEE3YjFpeHo4RmlvMHZzazVCV1hmV2VGVHBMNUs1UE1aMnlWNTVRNGNrb1NqcHZtRUJCZHpkWmVBRnNyUVdaaVF6WmhqZlZPSEFHRWdTWHN0Wi0yQll6OXV1anhaSThKRm12SUVtUGE3RVhpYmlUSW5QYW9razJ0WW9YZlprNkFzX3c5VnQ0MU1zNGNpQTRHRzNoaGJraGhRZ2hpVXZScGRFaGgwQkdBZTRJQkdjby01OGdKX0dJTHN0X3c?oc=5
2026-03-05	Google	0.0	Origis Energy secures $545 million for Texas solar and storage portfolio - pv magazine USA		https://news.google.com/rss/articles/CBMisAFBVV95cUxQUV9PMXdObWY5dllUYnlNaGtPUGxFTkQyLTdYcVk2eFR2YkF2QVZxM3pwNTl4YS1RUlRfUnkwTG9HdlBWQkxHUkFfeGwwcDhfa3ZwVFItUk5FUjc1SE83eVR4X3pMYmMzcURIcTBTTGdsc0lYXy1sNWxyNUF6RU9YMXBhcVczRDhwVmhwUEQ4WE80SF9UcmVKbHV2VlBLNXpkT0VPNlhiYXVUcDJNQkNOSg?oc=5
2026-03-05	Google	0.0	Regulators repeal Arizona renewable energy requirements - KJZZ		https://news.google.com/rss/articles/CBMinAFBVV95cUxQbmFMN1RYQjdsZ0E3QzJ4UjNwNWhBOWwxR2l3ODFzVXN6aGJlZ1pfNHFiSGoxWlZOSHlTT1IybDlRc2tva1k2WW9nQi10ZGZQYV9udjUxNlJzcWNpazM3RmtPN2gyS0xZdHhEMThSVFJFVFNnckJqMVdqTkw4VGl6UWFkblRLdkd1OUJfMXQydVNwLXNHRTFvNGVHQkY?oc=5
2026-03-05	Google	0.0	Renewable Energy Fuels the Future - Inbound Logistics		https://news.google.com/rss/articles/CBMiggFBVV95cUxPam45VV8tdVFudVh6SWZyNGhoRlJqZTB6NkJCQXN6MFp1NWVNQ1RNb2hzdFY3STJLYmtSWmZNcW1DWEd3QjFLYkFKeE1DU1pHSDM4Tm1kWDltYi1Qdk1TOGJ5NWxUVEtmMlp6NTREVHp6QkNDYjlYODNzS0doSHF3V1hn?oc=5
2026-03-05	Google	0.0	Repurposing Landfills: Recreation, Renewable Energy and Renewal - Waste360		https://news.google.com/rss/articles/CBMimwFBVV95cUxNd25pWm1fNDlQLWVFSzF6WkxpNFRqLXdIWjJTbEZtcjZ5dUpPRUpORXRSai1wSEVYZ3MyMG9FbGM3cUhMczFhNlkta2NYTzdqblNseWhwalhycXFNQWYzRVN0cHdzQ3BramxvQ3ZCbWRPRkM3cFVscGlzU1dSR1NJSklIeGNjcEViR2dSamhSU21iaE1zcG8tSTVfYw?oc=5
2026-03-05	Google	0.0	Researchers are Creating a Brighter Future for Solar Cells — Without the Sun - UC Davis College of Engineering		https://news.google.com/rss/articles/CBMiowFBVV95cUxQLVVLWVZOSGZOR1pDOVFReldLY25rSXpva1JOOWlEcmpuTllZbXoxUFB3WE1kSlhrQ2RRTWV6dlpmZDdNLTJVckx6TVRaRm54TnkzOTVUWEVtSjNINDNOZVZXekJqQVJRaWM4QjhtWmxqY2lRSlRvUTh4Nm9VaG9wWWR0ZDNpdzZ3WHFQenEtWFFsUTNrVl92ODJ6LU1Pc29MdHA0?oc=5
2026-03-05	Google	0.0	Smartenergy and ABB Join Forces for Renewable Energy - Fuel Cells Works		https://news.google.com/rss/articles/CBMi1gFBVV95cUxQbnhoMDVaUkI1VldUc0cwMk50UGktNkxjTmM2T015bERPUFlWemFNY2dOZDhTOW1OLU9kQUN3S3loUWlQemctRjNWWDJ1a21OdUcybTQyaUE3MWNLNDNwNVFfLVZER3VRaTNHZzVnSXdoSkFadHlncl9ENURtOTEyQVN3cGtDNjl4OXFZUHNXYURhTUdOak5QcFl5dUN4b19BSFBuZ1JRTUY0Vk1oZE9EWHFxcjFjSjVWYTJMZll1VXFuM0pPbGdJUzd6cnVhYnRNWHZLRWZn?oc=5
2026-03-05	Google	0.0	Solar energy for renters has taken off in 10 states. Not in California - Los Angeles Times		https://news.google.com/rss/articles/CBMi6gFBVV95cUxPYTN0TXpKY1ZfdE1tQmFxVDUwcnEwMndZbW11YW50WlZqbUY0eEljWTc0N0xZbGtnSUdvVERaOWdLUl96VHhEaUp5SHdUNVNQc1JoZ01KdThrV185WWhpNGhTNGxaTHM0Skd6TVR0TW9yWnBNV0FsdVNwc2oxbkViaGlPbEUxQ0hfRkcxSllQZFZNSVZ3WEFtdlNhMUFMd0tRTW9YSXVBeWVpMmRFbmJzYTVKdWtCeGV0OFNoSDQ4enN3YjdqUmw4dFctc1dfOWQ3Q1hfcjB1bzJHM0VmcHJieVBLNUNKVGRVVVE?oc=5
2026-03-05	Google	0.0	The war in Iran shows us another cost of our fossil-fuel economy - theclimatebrink.com		https://news.google.com/rss/articles/CBMidEFVX3lxTE9nbWotUWE2TDJRUXByWThsNTNfSmJDdG5kR0lNMGJlLVVHS0JCaHNSMWp6eGlqeU9kWnRsN0x2RUwySXJTbTE4NDJKbWFIbzdMUVNWWDRmM0RNNjlJdUprVjRpZDBKQ0E2ZFdUOUloY3dRSkx0?oc=5
2026-03-05	Google	0.0	Toward Ocean Energy Readiness in Indian Ocean Rim Association Member States - International Renewable Energy Agency (IRENA)		https://news.google.com/rss/articles/CBMiswFBVV95cUxQUGh2TFZrWEE5LW1VM0x6S3BiZVkzU01qTFZJa0c5R3dQRzNKcS1TX3NPVWpnOWdlcGoxY00wdW1vZ0J1bU11UFE4NmlSOXBRbWJOVVpadHVxNnJqOHJmRlh1eFcwWWdCd2hmYWNuU1R6UDN4bGRqX0lzT25rRU9WcjdMeEZ6ZkJPRjRSYjlSWkZwT3B6V0JSNWFMYlR4Y21DTjhMd2lCVXE2TUhPbmZhNHRPYw?oc=5
2026-03-05	Google	0.0	Town officials explore options for renewing ‘Electricity Choice’ - Canton Citizen		https://news.google.com/rss/articles/CBMic0FVX3lxTE1Rdl9EWWxiY2t1aXFiYmhvQzNpeFJ3WkwtY05MZUZEeG4zUHY4cW5CQXpla1FFbUVSU0JRRkFlNDBjeTdnWXl2MUxpSUhud1JxcUJrdW5tbnpuTEFYUzBSN2xBZm55dkJsN3lQME9JV3ZzMWM?oc=5
2026-03-05	Google	0.0	Transformer Stress Tests Highlight Grid Reliability Risks - Environment+Energy Leader		https://news.google.com/rss/articles/CBMirAFBVV95cUxNcV9UU0VlTlRsUF9WM2s4UGxHUWYzRUxpaWpfbk14d2oxMFE3U202VElIZzlVMUZVc0U3MzFWaXZtTmp2QVBPWlBFOUgtZHAtaTZmNE9WbTBSNFFOcGlhM1hzdE1HNDR1N3A0ancyUlk0NjlaYTJGMUdaYlRHT09KNHlFQ2FFWWllY0lQOW15bTlnRTdDNTZjRjRPUjRfY0p5LS1tcUFrOFNxRVB1?oc=5
2026-03-05	Google	0.0	Vor Systems raises $3 million pre-seed for AI-enabled renewable energy deal-making - pv magazine USA		https://news.google.com/rss/articles/CBMivgFBVV95cUxPSkp4b2w0aWRDM2pnTlJqOUt3Y0lXeExwUEdvUmZfX3lkVmhxWk5ZMG5JU0JDOTVibXF2N2NaTUFrZXdCaHg4aEZGOFZtWGJsanpWdlpmVkg0R0ZBOUY1UHl2NkRJMS1vTGdOZFpxRnUwMnB4LVpCenljbEdWTXRMcktINDZ4Uno4a0FOdUxRM3pvdUZLRVdNVTlFMk83Tm1HN29WWGQ3YnRvdHRXbmJpMllJeDlXNW53SndFeFVn?oc=5
2026-03-05	Google	0.0	Women In Hydropower - Annevella Anak Mathew - International Hydropower Association (IHA)		https://news.google.com/rss/articles/CBMifkFVX3lxTE45M0JSNjdOdFAzOHFoR2lsX2k2Vl9WMnpmdUVDY29SaW9RRXdialFfN25UUW1BUTBjTUFxeW5jSlhmcFVmR2hNSTF4Mmh4VW5wb001WVlDZThZanZwRlBTUnBldDYtcWJCTk5KRWhsb0lEWUxoOGRoRml3ODZYZw?oc=5
2026-03-05	Google	0.0	Women In Hydropower - Elvan Tuğsuz Güven - International Hydropower Association (IHA)		https://news.google.com/rss/articles/CBMiekFVX3lxTE1LbGY1U3VmUnpWdDFjWG9lb0hmTWVSLXMzQ2tFazdPdFNJUnBZcDV4SVBHM2pVTDFNSHlpRzFDbmhyWTk4SW9QV3c5dmg5U1FQSm5PX1VtYU1hSzUtOWx4VGxuM2dTMWRaQmM0cExDRzN5NWRvY1RXMzl3?oc=5
2026-03-05	Google	0.0	Zelestra Proceeds With the Construction of the Echols Grove and Cedar Range Solar Projects in Texas - Business Wire		https://news.google.com/rss/articles/CBMi7AFBVV95cUxPSzd6Y1NRWUpGTUFBODVaZV9HTTEzVGk4UUN4a2RpektOU0F4azFLQk52VEU4OTRjMUk2a0d2TmsxeXNQdjZDbloxNEZfTWcyODkzOHVKa1o2ZlpyTFRhRXI3RFZzd0hISGFQOEtxRE8xNmhVbWFhR3lfUE5DdEF4XzlkWEE3eHRDU3c1emZIWVpaZUpORHhaSDVyN3dDZ0E1c2FsamFuWVAzU25SSjZCU09vU29tSFF2Q0FKeTZ1eTZSVWdfSzU0WlhvODlNQm1sbFV2ZklLTFU0eTBWTmFVdHFIOERkY0J6ZTVaYw?oc=5
2026-03-05	Google	0.0	Zelestra starts construction of two Texas solar projects - reNews - Renewable Energy News		https://news.google.com/rss/articles/CBMiiwFBVV95cUxPNkZhVVk5Qk5iZVBOLWp2c1dWTVFIQTM0eFZfaEdXSjRjazVqQnp2YTVNYW16WGRuVkx0TkxHMUZHU1lBQXJWcHVwVW11TnNCR2hzZERTY0U0VUZlRFVaMEZqWDgtUmlMMENabU10bHFFajQ2NHFnUXo5NWVJMkF2eHZGZXQ2YzUtMWxV?oc=5
2026-03-05	Google	0.0	‘History doesn’t repeat, but it rhymes’: Sen. Dawn Euer on war, energy and Rhode Island politics - Ocean State Media		https://news.google.com/rss/articles/CBMi4gFBVV95cUxQNmFIalBWS0VjQ3hKWmJCdnN6UzFrdU5VZloyUnFvVnB3cWc2Ym5tOTF1NEtGN1d5RGVxdElMT3hoYW5fRC0zWGpzSm5VRVY5UTRnMG9GcXoyQi1ObzluWFUyQ1RibkVZSkdBb2J6eWY4QXJKTUxXM0xuYVBxTEdlVmZRcG9XajA4SjNBWGh3WVp5YURuZ0tOM2dYR2NTdEIwRHFJcVJqaDdFa3NpeUxaRUdCREZ3eUlQeG5BQkQ5ZG9nLXU1a21GaFc5eE92X1hsQVE2azlPcnU5bzktSVBlZ3B3?oc=5
2026-03-05	Google	0.0	“Renewable energy stocks outperformed oil and gas”, Goldman Sachs tells Oregon’s $101bn public pension fund - Net Zero Investor		https://news.google.com/rss/articles/CBMi4wFBVV95cUxOR093OUdpYkpaaHJUVWE5X2lDYXZaTG1fTWFaUk9MTmdiaVlPdzFGUFc1US0xQWxIT0xCQmNHU2FzVi1kR3BSdjN5RzNGMjZWYWJlbTFXYldZQUlvbE4tZ3pfekFrVmoxTzhrQjdwX3MtUm1DQTBnQkgtb1FsVGFiTndiSjdoX19yWmgteFNTcmtSQ3ZoMlViSlpFLVpMMFN5YklpSzV2MHgzUTRsTVBJMEJ0TC1IeUxoaHZXV1ZTdU5CQ1VsQkZBU1gyT2pyZnNkbjZHWFJhSXZXYWJ1dFpzUi1YWQ?oc=5
2026-03-05	Google	-0.05	Corvallis Community Center receives memorial solar array to honor local solar pioneer - NPR for Oregonians		https://news.google.com/rss/articles/CBMizAFBVV95cUxNYmtuMndfVFk2c08zejBhalBKdUZPcmxFNDE5cDZIUElkMmFHVkR3VXFqaWhLYVAwTndnWTV0ZjBoMkFDS3QtSVZMcE55cFd3bmZCSWtmRVExZWpXRldibk1ZeVEwVHROemZqNkRkMVllaEJzbWhIZEswUWoxQVR2SUtsVTdQX3VORi01clhidlZra05VRGxuRnVPdWRlVHlMVlpabG8xY1c2Qkh0cGFGVEk5Z2otX0Vad2I5R1BYN0QxUG9sS2lSUXFlR3M?oc=5
2026-03-05	Google	-0.05	Why cheap renewable power is still expensive in Kenya - Stockholm Environment Institute		https://news.google.com/rss/articles/CBMidEFVX3lxTE04LS1wdmRURUN6VVZ0SEFfakxxOVpXZDA5S0dGVFB3SHField4UHp1dWlpQ1cxT1ZEUlFZZlpDV2tJNzBvWXgtS3Jvc1VqVUlhV1FfODFkVkNFUlBwaFotLU53dUlrR2JHaWZDMU9GNW9oOExp?oc=5
2026-03-05	Google	-0.056	The hidden potential of Trump’s critical minerals stockpile - grist.org		https://news.google.com/rss/articles/CBMilwFBVV95cUxPcVRvLWdYVm5naE9GM0E4eW1XTzZPNm9JWVdkRXg1VDFVWS1JaGpuam5nT0h3ZXVUMWtzbFVuSUotdXMtUS1BSHEzeFQyS3ltRXlLbkFmcG9NZ2FoQzdUZG5qd2Q1alhzOGxQaHNtMTBOVmxsd09GRUJJZU1UQmc4TEl2OFd4bHpxd1otX0JoVmpTaFQ5OVg0?oc=5
2026-03-05	Google	-0.067	Greencoat Renewables launches digital infrastructure plaform, plans 36MW data center project in Drogheda, Ireland - Data Center Dynamics		https://news.google.com/rss/articles/CBMi6wFBVV95cUxOMUVjRUZfc3l2RVdwckZhSEtqVHA1SmkxYVIwRVhfUDhGWnJqRFdxZnh1Sm41cFhZNkxqb2cwZWhiLXJNM29ldU1fb3RjVmV2YTRZNkZyOVBudGtCd2dMSWw3VFVKQlB2NkpzNjJ4M1hZdkxhUFZtVUhWeElTUTk2eGxUWFBlT0JTR3ByLVlVa3owVm85bkxqdkJ3aTBIZlRfcEZiVllRNy0yM0RMNldUZ1I3WVVOQS1GS1dQUU90dGRjbzlWWjJFZ1lHR0ZiSFh3aFA0YkZ3RHV1QlpKdFdORmpIM1M3UlRjb01V?oc=5
2026-03-05	Google	-0.078	UK must double down on renewables as wars drive up energy costs, experts say - The Guardian		https://news.google.com/rss/articles/CBMiowFBVV95cUxNendKeVBmWlpLU1pRajRnUWNMMkZPTUx4TU54eWY5LS1FWTZWMDRlZktHLTBsd3VxaFBnSEk2ZmZqSmdxbklNWkNOSGZYRzlva2V2NTM4MlhJVGhscy02V005T3BXOHJ0d3p2MURSSTExd2tKb1Rvb1gxaFNMNHBoRDJVcHpVeUgxVFM2T2NfYm1sMUlxMjROenE4NWhYRzQyR3N3?oc=5
2026-03-05	Google	-0.167	Lawmakers target hidden fees, predatory sales tactics with electric supply legislation - Capitol City Now		https://news.google.com/rss/articles/CBMiwwFBVV95cUxNd2M0NVA5NnBQUENuT1ZuZWdBeFpZbVdJZkdWdElLa2J5T3I4eEdoY2ZETUxsMkFTcGFqMFFVcW5RZHhDQXBqTnhfUkkwVDRfR2dDbDhINUozRkpPY0pkU0xHVDdBR0IxS1hBTHJ5R2NiUmNsQjMwbjl2YUZBUWJRa0tSZTNqX0JJMHJQM0VyaE5veEY2ZDJ4WTZvajdtUjBHY2hGU25KMm1PdlBQQzJpajhRaFNnei1BRGNzanBNVjBiSFU?oc=5
2026-03-05	Google	-0.2	ACME Solar inks PPAs for 450-MW firm renewables project - Renewables Now		https://news.google.com/rss/articles/CBMimwFBVV95cUxOdzRyRDNDbEM2LU93U2VXYjJ1UGNMaGdaR0NpVkdVc1pfUjNjRk9QWFdLOTNpOUJrd0djV1RHVWd6Y0sxbmlhajd4T0pMSHhGTk5lMzd1em1XSHdYSFcxam9UQmdvOFlmRFRuSThreG9WUTJxZ0MweDVGMk5QazZMWGxEQzNmQ0NTcC1TblVic3JwQWtvVl9GTDEyaw?oc=5
2026-03-05	Google	-0.225	News | Building Ontario Fund touts small modular nuclear reactors as green energy supplier for data centres - CoStar		https://news.google.com/rss/articles/CBMi2gFBVV95cUxOb05BcWJ4SHZ6WEpNMzQwb3pPQTE2Y0lENXo4VmF3ZldIN3hBNE9xWF9yWFZJN2lpeEtKTFhGLTJrdkVwSVZRQUxEazN0UzFLaHNLM3ZvY01MMjNONTh5YW1zejF6VXR1aVJqcHRjT21pU3JwRERRZ2Ezb2h3T2xUdFFEOVRpNGpYd1dFZGpuZGtkMHk2X0FxanUyUy1FOXN3Q1FWdHd3UHo4QktzUXAzd2tLbHRyZmZ1WkVVOUs4cjI0cUtOQU1GS2VudjZ2RG5UUlFkRFREc2g1Zw?oc=5
2026-03-05	Google	-0.3	Vor Systems Raises $3M Pre-Seed to Unblock Complex Renewable Energy Transactions - Business Wire		https://news.google.com/rss/articles/CBMi1gFBVV95cUxOcVhwTHdzUUlGVUF6MnFrT21zYkdIWjhsTkxpOFJ3emt6bGtkekVHSFlnLUVFUWdhc3RBYUFTZE5NZ2MtOW5ILVRuV2Y2Umd6aUNiV2psZzhQNlRpQzEwbno0RXRkbHVXVEdZV0JLVDJ1MFVqcFJEVnlYMWVUTXFtUnBsQUpSWFM0WUFqU3JUU0pzUlhkNG5NbDMxWlJjcWgzRHFodGREUWNDM0JjSWNOaUNpakJtX20yX05henpjY1RPcnJfbjBjRUdyN1NHWGVJVWNQcHNB?oc=5
2026-03-04	Google	0.367	EU launches Industrial Accelerator Act to boost clean tech manufacturing - Renewables Now		https://news.google.com/rss/articles/CBMisgFBVV95cUxNMHIyNDczMFdka0ZIQ3k0MnFRanB4RUZtQ3MzLXhJY1kyRWhCVlNMR1cwa3VIWTJzbGs1Tk5jZzNVSjlJNjU5MV9TS19pZVZDQUNLMm1aaWFYMS1ST0lzZ092eWFxZlNMdEI1eXZiSXFQMDVLR0RfZTdNRURlRU5tSENETl9RZ2Y1dURaTmc1cnpkVUtkWTBSWk05d3JLR0taUDUweTF4anFpMC1VUmRjRzV3?oc=5
2026-03-04	Google	0.367	Funding for Africa clean energy financing surges despite fewer project approvals - AP News		https://news.google.com/rss/articles/CBMipwFBVV95cUxNdjQ1UEJDLW5aUTBTWVpyWkZveHJ3ZUFWclVXTjd1eTF3bU5qcG45SGR3Um1sRmlmeTFfM01UWF95cl8tTXlMbl8zVG1vY285ckdnQ1JPMTdRYlF5V00yc09NUUZTVkpEeF9WWXAxWldpVXYyaXRYNE9mVWZjM1RMUFdkYXRVLUhxZkxOazVpUnB5UndjMkFnNXhnU2VkUHlpX3ZvcVpsQQ?oc=5
2026-03-04	Google	0.367	Going nuclear: Student group embraces clean energy - Cornell Chronicle		https://news.google.com/rss/articles/CBMilAFBVV95cUxPcm4tc3VJSkNJM3pTdUlXcEhUOGwzNVg3TEc0N3dIMUdvenFkTm9iSEgtLW5ReEFWMHZjeFAxRi1MNTcwZVc1em1tRFY0WDBJZm1LZkp5MnFjOUNjMnMxNWFSV0N2cTBnVHp5VUFHbThWd1dVZ3cwU2YxZVdRcFdMVUxQVjM2UThUVUZWMldOcUU5X2lr?oc=5
2026-03-04	Google	0.367	MRC solar panels to increase clean energy generation - The Williams Record		https://news.google.com/rss/articles/CBMilwFBVV95cUxOY09OdmxBNjFUNUpxNVBVWjQtQzVYVWhiRDhtcTMxSnVMcHBwT09FWkN6OHRsZlNaODNTVF9jd2tUckZHVnNYTDdxRDZhTlJpNEVNRzc5ZUtjbEdnMnN1RVVISTJJSXhxME9rdlcybjdSX1BxRUtVOFlxLXpZaHB4WXIwY254bjYwdGZWOVgxWkZHU0Q4MGNZ?oc=5
2026-03-04	Google	0.367	Michigan pushes toward 100% clean energy by 2040 despite funding cuts - miningjournal.net		https://news.google.com/rss/articles/CBMiygFBVV95cUxPaXg5VzJYTlpPN0pJdzExQ0tQM09rT2lDb29jdEY3QmR3SllLV0xoS0NmYTlnQWE0Q21zRzk3SzlBVF9GYklRMnlLM0V6Y3dKU1R1Z203YUNyNkFCbktUZ3J0ME5RUE5yVHNURmttM1h2ZEt5N0xmeGlXRUVld1Mtekl0alJDMXAyM3N2aWlHV1Yxd2lnRmd5SW1sZkQ0YktxcjZKRENlQ1FMeU9iRkFZcXVWUHJZNlRZc2JDckNwQm5IR3dPcVI5TWlB?oc=5
2026-03-04	Google	0.367	NOTE FROM THE MAYOR: Clean energy delays are unacceptable - southernminn.com		https://news.google.com/rss/articles/CBMi8AFBVV95cUxPek5FQ2lJNW9tVDBJS3BsaGwtZVJGQm9CRVkyVDZQSVFwQWtIMWg2cjkxSmZ2VThoalFQX0xNMGJxQ21qRjF3LXgtR19YM0phVU1mRnBKcFR4eUJkM2lYeXV6NTRnaGs4aFU3NGVtaGlFN2IwaHJlXzRhM2RhajRWcFBreVZ2dTQ2aWIzd0R2dWQ2VUMyOFJPejZxRDZERnlwSG9TOXNBbnZCeDZOVkRXS2hkbEtnMmlsUUI2U0tTdmtvclprZ21YckR0RXhhbFNpbzBGZ2pySTFMNTc5Q3RrMTJqSVJlQmh4dzlPNVlySzE?oc=5
2026-03-04	Google	0.367	War with Iran Is a Nightmare for Oil and Gas. How Will it Impact Clean Energy? - Bloomberg.com		https://news.google.com/rss/articles/CBMixgFBVV95cUxObTNFLUxQWDFFdmk2aWQtMnY1a3M3RnJhV0tzSFhZdGNfR1ktWldIZW1NY1VFTy02czAtY3JELVR3UllUWHZDMEpvNUhhVHhVcVNqdjVoanBJOU0yc2ZLdEVhVnhLS3RWXzN3LU9LejZHX0doRjRBbVlMNXRDSldTMnlLdTdSdWE1NEh1Um5KQm5rUUFtc2xQYnN6NUVVZVA4dFd2ZDgweTdyVVVIb0tIZGtKYklycE1WeXF0eTVWN1l1YzJHdGc?oc=5
2026-03-04	Google	0.333	Defense Metals Receives Conditional Approval for up to C$1.88 Million in Funding for Wicheeda Rare Earth Elements Clean Energy and Transportation Infrastructure Project - PR Newswire		https://news.google.com/rss/articles/CBMixgJBVV95cUxQWGRaNXI0dE5RZGhndi1hbW1uNzVPR2w2cU15U0N5REhrNElVbHR2cUI0SkVVV1M1b1FiNzJMR2RiV2dLVU5Zd1ZKQ0FveHJtZ3hza2EwaFBianpFXzZQV0JSN0tyODEycGcwVG5SX3ZLbjIyQzQtTDJpVUFkTGRzcV9Qc0xiN0I5cFdYVy1SODhmMjg3Nk9kQkhodkZZdldZQWxVWER1WHJFb3FYZERhT3N0dzhtcHJwc20wWTdkUE9CenN0VHJoc2I3ajRJbUQyMktYRzdVdXpCbUZfN2JkcElyX0ZIeklJV3hsZVFNS0VtRVd3QXJpaUlZdFJUVTk3elNPdmhLN3FjVk1TQVZteUZVQmtxVkhZZzh2aWc0TVZKOE5obXJxZi0wc01xXzJhdFdKa1E2NExzbXdiUjRwT1RFNVBYUQ?oc=5
2026-03-04	Google	0.3	California startup tried to produce energy with... cows — The result proves we're wasting our time searching for oil in Venezuela - Energies Media		https://news.google.com/rss/articles/CBMiekFVX3lxTFAyT01tX1FXTHVHVWFQN3V5Qk5OMXJBZWduUC1pd2tmSXctQzBZekZ1ZWdjSzFYWUUxcXBvd3QyeGVFbDJIWEtCbVNwdVBOYzhXUW44QzJCZG5uUzhISDJQWXRTSnc2S1JrX3FfQjhLY2E1M1puVmM0b3FB?oc=5
2026-03-04	Google	0.3	Renewable Energy Stocks Worth Watching - March 4th - MarketBeat		https://news.google.com/rss/articles/CBMipAFBVV95cUxQZ0dUcS0tajJ3T1BDYzZIeEJqSXR5RmsySTNxekcwLVBsQXk2bUVEQXVmdkZMM0pLa3NiVXU1Y0NFNGdzUnZTZnJzOHlvMS1hRWhsSjVCR05CUENWU2U0ajNkem9OX3FjLXBvNmVnejlLUGJObEx6ZThNZUFHYmZfOTQ3RXhCWXU5WklrcnlIMjRoenlnYzhOT0dBMEE2eE82aW1keA?oc=5
2026-03-04	Google	0.29	RNG Continues to Lead as the Easy-to-Switch Clean Fuel for Multi-Sector Fleets Signing New Agreements With Clean Energy - Business Wire		https://news.google.com/rss/articles/CBMihwJBVV95cUxNRGM0X3dsdDE0aU9KU0FBeDg3b21CdlJTaEVmcnZkVUZoSkwyTHUwZExQRWJZZ2M4WGRXb2M1TngzYlYtdG5qTU5fVFYyRGpOV2oxcjQ1NWFSZmdONlJOV2tCcUVRTzlGQ3FxNWhwRU9yZGxnSUxhandnRzBIOE9xS3FJYzhrNTg4YS1DMFVNUE12VTN4R0ZnMVVReW1hRDNDWFR3MjVPQnhvcW8yS050UmZKdjRWVjVBVTBPR1I3UUIxRTFja3RDVWVIZGNTVzJlOGgtUWhXZVF3YVpyTnFIbmQ0OXBGYXJTcHZzZXlHS3lvdzVOUll4LUhKYktrR0dYWkNHdTJtYw?oc=5
2026-03-04	Google	0.25	As renewable energy economics shift, smaller buyers get creative - Trellis Group		https://news.google.com/rss/articles/CBMilwFBVV95cUxQVlNod1VGNjktM29yeDZEREFVQ3lUUXQwVVZqSTBWVGpqZWtpRkM1d0hiR3hGY0I4b25GdU1DdWpnVWhzcTlvOTlmczNON29zUzQxZ1FBcnFmbk5uNDlKNUNnQ1F3ckJsSGtKOGNvUnZtcG1YSEptYUN6Tnk3XzF6TjRxc3M2Vzdza1Z4LWI4RGxPd3kzSlhv?oc=5
2026-03-04	Google	0.2	Reality check: What’s really going on in Europe’s energy transition - Enlit World		https://news.google.com/rss/articles/CBMinAFBVV95cUxPeTd5UkFRbC0yakQzZ2hpMVdBel95bDFWamZ2aW5aYnY5b3lnMnFFWjRPX1g2eEM5RzBTS1ZHbU1rYmFMYWI2aWw5NlFTLUpDcWM3ZllhRUF5MG1FbUdCRU00WG4xdTllZUdlZGRILVlTRGxPWXFENGRQNUxqek9mMVdhT3dNNDM1U2laRVFpNFVrNW0zbDh1Mm4tYWw?oc=5
2026-03-04	Google	0.183	EverGen Infrastructure Corp. to Present at the Clean Energy & Renewables Virtual Investor Conference March 5th - Yahoo Finance Singapore		https://news.google.com/rss/articles/CBMilAFBVV95cUxQaTFEemZpd29DckZmNjM1Z2hZOVdicHdKUlR5TmI5ek45SmFwOElFNUl2M29LWjlZdmZKZ2EtMnFRN0RMVE1Jd21IYWg3VmREMTNEVTRHdVpSTE1LTGtBUXUwM2N4ZC1DN2xSZ2JFZ0liZ2c5cEdyelhaYXBoNUhVa0F2UU4zMlcwZWJUZVVhUWw1U2Vq?oc=5
2026-03-04	Google	0.183	How canceled clean energy projects are costing Michigan — and what happens next - Planet Detroit		https://news.google.com/rss/articles/CBMisgFBVV95cUxQOXpOZHZDa0FXMk1vVjU0UTBvR0E5cUw3NjB6bXRWQjk0b0UxOHVPQjJ2c0podFlRMVhrcm5pb3lGQV9RbkJ0SlQ2cVlFeHZ3c2lpcUJwRkZyZWtvbHhiZGVZc2ltcDN2LUU4ZldEZXgzVHR5ZVIxd1E0X3BhUWREeGVUZVBUcWI1N0tSWnhqUVJScWt6QU9zUTE4bHhXSHB6NWh1WHNTSUI4MHhHbmRzMWFR?oc=5
2026-03-04	Google	0.183	P2 Solar, Inc to Present at the Clean Energy & Renewables Virtual Investor Conference March 5th - Yahoo Finance		https://news.google.com/rss/articles/CBMifEFVX3lxTE1wLUprU09HZ09vUkUzWWhob0U0cUkwYWw0MHhkU2o4QWY3SUVhalRSd0FtTm5IV1ViT2J6bEl3SWxxX2JzLTV0Y2x3QmVxX1RySWxzdEFGNG9wRXB4Q1NWX190NVdRQTV0bkRraTRfemdpWWxLbUljUS1ZbkI?oc=5
2026-03-04	Google	0.136	New program aims to help BI residents, businesses transition to solar - Bainbridge Island Review		https://news.google.com/rss/articles/CBMiswFBVV95cUxNRkJVY3dPdzF3Z1JTbjZWWWl4cVN1Ry1PS3ljRHJ1QkwxR3ktenUyYzE1b3dlRDNNcm92NWJqRnF2NzZxcnc5cTF1TjBJSXN6ejg2eHJnbjlQbnRHaDNUd2s3WGltV0FkYndMdXRiMXZXd1Q0eHpkVTBKVWR6NmZjOHFCUmg0QjJ4UDRBS2VQNW4xR2FMWURTVVBOZzVYTTJnVzFDdmlnd0VjTXdYUXdBM2xmcw?oc=5
2026-03-04	Google	0.136	Renewable energy defies Trump’s attacks, reaching a new record - Los Angeles Times		https://news.google.com/rss/articles/CBMisAFBVV95cUxNRFB2bjFxZjFKaHlWUjVsa1dBZ2NIM3U3MDF1T1lCcHVYNDJQNTVpekZXeUl3MGtGYjdRVzBlNVVEN3plYjVDRGt6YXh0V1ZUUFBITzBFdVk3NHVFd25zTXBQR2diSHotQmJBd3Q5R1BHbVR1SlhBSFhmR25oZ01VdFBwT1hxRWFwOUhjMGdOay1qdDlPRVhacHdLU0N0REJ4d3NOOU1vNjVtSWh3SFpxNQ?oc=5
2026-03-04	Google	0.133	How Asia Pacific’s Data Center Boom Can Scale With Clean Energy - The Wall Street Journal		https://news.google.com/rss/articles/CBMipwNBVV95cUxNaXFQdFlnajk1SHFmMUw1SE1pak1QVjJmc1c3SURmU3hLUVh1d0taRVJ4bTJEazV5X1hYUno2b1N6RHN3aDVJNV9ibDBSSldaSGZsZHFiSUZEVkJLQkVPZ0lQRURUNS1ZU2xTZm9VMkZKLWtVNllUMHFLYnJrRXY5OHkwYy1yUExjR05qSnNITjdKb0RLU3NEV1Q3Qnd1U1ZyY2xSaEZkeEhTS2x1M2FqZG5xX09NSklWelZsTUZBQ0JqNk05OG1FNU5OQXFXcWUtSXFxQmw5OUhPazFRZks1Z0ZLUjhUbVJLUnU5RWNTa0pzQVo3VFpVY0V6VVRfc1U4a3ZwemVnYkVBMlpfZGVkNHhvVlpFVV9HN2ZLNzdfUzJkaWpLWXM5alR3M2pZLWNlX3hTdmI2UmtBU1Q1X1Q5Ym44WW1scGVZeC1MS2FNQTBMRGZEeEpySF9SS25JTldnQXdlOUFFMmc5ZmpPRjBmR3VDYmlJRlpaU0NzOFZKQ3kwX1hOVEoyT1FyUjFUWHRwQWREWEhnNTlZODNpRThwVWw1LTViMDg?oc=5
2026-03-04	Google	0.117	Lotte Fine Chemical Receives World’s First Commercial Shipment of Green Hydrogen-Based Ammonia - Fuel Cells Works		https://news.google.com/rss/articles/CBMi3gFBVV95cUxPOF9URmtpTnJfV2ZlLS1MR0lfRUtsNm1zajAxNV9ZRXhpQTVXS0JudDB0RFNNQnFMNW5rUXQ5bWVZQV92RWdoRE15U0xEZkgwbmpyeFhtWkRKVzNYaTZnSGE1WllmcXRNdFZQNHFPVU9fbmZrYlVjWDhsXzhjZjRGcDd4eXJocUdSdHp5NVhDMWxqNHJhR0RpRWtSMGdJRExobzF1WFBRNGNaRE90Tm03VmJ6eGViWTRaTC02dEUwT1ZqYWZLeC0zRnhDSC13SHRReUJwVDZMWTV0b0Jzdmc?oc=5
2026-03-04	Google	0.117	Massive Underground Salt Caverns Could Be the Unexpected Solution to Solving the Global Clean Energy Crisis - ZME Science		https://news.google.com/rss/articles/CBMid0FVX3lxTE9wMGtHb2xGVEtBbExYQlJuWmNIdExfa1hrWmFZd2V1Z3JzM2ZxUzJ5UjNGQzdnazgyVVZJYlpSSVVER2dWak0waEs2LVVOUDlBNURmSFBaQURxTXVlMXh6YlFtQWU4dHhDa1A1OExMSXE4WFJNeXdN?oc=5
2026-03-04	Google	0.1	Arevon’s 430-MW project increased Missouri’s solar capacity by nearly 50% - Solar Power World		https://news.google.com/rss/articles/CBMiuAFBVV95cUxOSEVPMnZQZ3dUYlBFMnRXOWoweWF4d0lySkxsYUhKYUplbGJ5OHpqamlOZnoxYUtmR1Z6My1rWFBoaDBObkw1RTk2dEx6ODhDemR1WVczdWxLY1d0cUdDYmxKMTZPUTVNb2pSYkUyWW0tMmwxb1FKTEgxNUNhU1dKbHRrZV8wcFA5X29zN3U3bV9fc0lqVnBsUjZqREdFLXdaUGEyakZjdEJUWlFtSUx1UldzVHNFQjJI?oc=5
2026-03-04	Google	0.1	How Reality Destroyed Europe’s Green Energy Dreams - The Free Press		https://news.google.com/rss/articles/CBMia0FVX3lxTE41TFhhVzVrQmJ0SkQtRjBNcDVPVmtuaGg3YWo4UmR3YlN1bFMxbmgtU1JWa1hYZFpOTHVvMzVKNFFrOGZxcTNEMW10U01od2M4T2dzM3htbm50YmRPQ0VwWEQtX0EzbHFTa21J?oc=5
2026-03-04	Google	0.1	Local control with reasonable county ordinances can support renewable energy deployment - Utility Dive		https://news.google.com/rss/articles/CBMitwFBVV95cUxNMXdvd3d3WlB0a2VkWjJINGlBZV9sSS1tQkdTZndlUFhuQXR3cVRpUy0tajJRRURfQW93Yjd2N1JJQXlreHI4NG5SWFlERFdoLTVqczlYS2xlc3BDclBDbWZLcXN6enRwbnpJTHZfcU1HTXBOd0JyUXRldE5iUVZBSDZoR1IzMHYtR3JsdllmM2JPNWFRYjRPSzRnVl9YVklhamU3VF9veUd3dkNhV0IxY3lmUF9JM2s?oc=5
2026-03-04	Google	0.067	Trump assaulted renewable energy. Now America is more vulnerable to Iran fossil fuel shocks - Fast Company		https://news.google.com/rss/articles/CBMixgFBVV95cUxNSW1GbC11R3FWUURlV0phOXBWWlJkem44dDZkVzdMOTZvQklCTS1CckF5RVF5VkRoalowQWFWQXdpNDB0NUFpWlhMajhYNXhqTWZoQ2dOLTUzYmpia2JJclRmZlBLc2tObkRtNFoxdFJOT3pxYlR6X1Q2Ukl2RGxERkp1eGRIWHBscHlzRVNIRDctVjJnVlZGN1FoMkFsRlhGWGpUeDZOb3V5SThrZFhBcUtiNUY0QXJ4Q0NzSXRvb0hnQjdmN1E?oc=5
2026-03-04	Google	0.0	Arevon's 430 Megawatt Kelso Solar Project Commences Operations in Missouri - PR Newswire		https://news.google.com/rss/articles/CBMiyAFBVV95cUxQeWZOQmxEd2puRG5HVnJscmQ1aWFpVE1adFVvbXpjczh0MHNjV3lXakJER1Z3bEpGWXNsZGNtdXo0dURWMV9tdkFMdVdkYmxkUlc5SUZrVzQ2WmJlVzVxSkVqdjlkcFF3ek5pUkNCTlRQOVFwTE1oV0pNSk5hcFJqM0gwd0xRZXgwZnVXeWMxWTFVQmd2V3hXa3FCVU9QQ2MwTFZjLW1oWjQ0VndGV1Raekp5N2U2VlZzWjlGbzNlZ2lFc2VOZl9sdQ?oc=5
2026-03-04	Google	0.0	Arevon’s 430 MW Kelso Solar project begins commercial operation in Missouri - pv magazine USA		https://news.google.com/rss/articles/CBMitAFBVV95cUxOcVpjT1JIcklQNTFpbi03RENneldJU2FRTTdUWFNfSHdWODlqbE5YOGh1bzRqd1lCYXdyWTZHSjhYQW9Db3E1OGlhTGg2d1VnejNsLUZIajBtTkxrdFdaZVNnX3RPMHlrRC05c1hXdF8wakNUV3ROTm9MaTJrWFFhNFRZV0JNaThwUDU4MDlfekNOMkVNSlpvdTI2Qkp0NW15b0JNN05nTmV2U012eS1FeU8xNkI?oc=5
2026-03-04	Google	0.0	Australia utility-scale solar and wind hits 5TWh in February 2026, says Rystad Energy - PV Tech		https://news.google.com/rss/articles/CBMirgFBVV95cUxObm1XY19qbFZMMWRDMjJZYzREVjFPc1E2V3VVN0kxb2FBWnVjLWdteVVPZ1VudXdsQ1h5MDgyMnpGV3piaXdZNWc3MjJYVE51bl9kbGNQWEtMaHV3QzRvVWtIb2E4c29RQk9WaTJQVjE0ZTNGMi1XRGJHSmllSUIzYjdqMzI4MVMwR0N1R2EwUjlKLUw2bllOTElpd0d4clhWeUp2X0FKbDdsQ0tPTUE?oc=5
2026-03-04	Google	0.0	Avantus secures USD 300m for Arizona solar-plus-storage project - Renewables Now		https://news.google.com/rss/articles/CBMipgFBVV95cUxPUmpJQUxFc2xPSFFIVDRPdEczVDdyTHUyT1NVUHR6Q25HUFlzRVJnWk9waFdXWGF5MGtmdktES2RkOTBUVVlDTThhWG1uNUtBeGthc0NUR2o0UnYtNWdKMGFWaUt4X2xEUVh0RXlpYVB3aUVjZVFXQjRaendWcUNINVA4MWl3eFNpN04tX3pLZmFTeWtsUE9Fc0Q0bjZuLTg5QldGcVd3?oc=5
2026-03-04	Google	0.0	Construction Begins on Lüben Wind Farm in Germany - renewable-energy-industry.com		https://news.google.com/rss/articles/CBMivAFBVV95cUxPdGZCTEtpdm5nWDI3VHg2MDlDZnBVY2V5djBtQVgweGFna3J2cy14TmtNX2tCWmhDSThaV1hmWUoyYkFuV3p3WE1tUUNKWVdIYVhwMm5wNmxadEw0RWRBTGxrQnFvTlFlQnpCOFRnd0VhSUNIZkgzQ3dmWnRNY3JOWGdBZ1Ntd1VYYnBmcV85bzFPNFpKUk5KYVlpRDVWUjRobVg5NUhVSVVhZzVubnpsQzIxTnR5cFI0Vm9lQw?oc=5
2026-03-04	Google	0.0	Covering the Cost: The cost of energy and the highest electric bills in the U.S. - Hawaii News Now		https://news.google.com/rss/articles/CBMimAFBVV95cUxPSmRMYS1ZXzRKX2xBWDNXY0tnbkxleG9EdGVvTkxTakxsQXhPWjlPMWJqTG9RR2luSmRIRElyUU5pRWFaN244Ul85R0hDWEp5NjF0OW94Z3ZUVTE1Z21zcFBwd0R5c3hldUx1VllFQTdsSmp5SUNBT3hpWHNBSHNlWFVwT0pfQmFkNWFIUW9oSzVJX0JHRU04dtIBrAFBVV95cUxPSmVtazZKSUhVSjZhcXVMVVVNREZFQm5mZ2RPdEpkYXdQN011SUw5RVZySUxieXZvRUZOSnNmZ1hIajFhOU5kc3lyZmVQODRVS1MyR0JRR2ZncUkyUERUWnhTRmJuV1Y0TjNxQmxyZTk3Mk5admladTJoS0FrM2hNbU5RUmladHY0eUdfVmpuYjdSY01rN2hzZ0MyR2hqN1M1WjBMaGM5Q1cwbkNE?oc=5
2026-03-04	Google	0.0	Data centers are driving Louisiana’s energy boom but renewable developers warn of political hurdles - The Advocate		https://news.google.com/rss/articles/CBMipwJBVV95cUxNZnJJN1RReFJBLWlXRGxMN1pMMEkyVFJ3OGhfVUR0R3VIaEpzQkZQZ0NlWDdKNHllY296NVpoaURiVW04R2VfVlhhdWlkWmpNQnNxdUVDdElRVUZwNUxYdkxTNFQ0U0FVdURtYUZXaDZfelBuRUpBMHI2TTBqb0JOV3JnVVBCVkwtWVdHbjVBQ003X1VGQUhnUWdiRWVQQnB3cElzclNfUG16Qm9lOGNya2tUcDVhbkdYbVB6Y0JIS1hiT1ktNVZPVGszNm12S2NNWklPSzREbG9HRFVOTHViWUZCWkh0Y2FXQnRlOWsySllvOF85Zkw3X1E2RnplazRwbG16T080UEVmaDY4eU5UZlRCRm51VE5MSjlCdFFzX0JONjZHQVBV?oc=5
2026-03-04	Google	0.0	Eco Wave Power Reports February 2026 Production Results at Jaffa Port, Achieving Record Output During 3-Meter Wave Conditions - Eco Wave Power		https://news.google.com/rss/articles/CBMi6gFBVV95cUxOM2pqZHFSQU81bkNYa1c0UURqNmJzVUdFYjVUcWhha2EzUnNKWGZiSEs4SVhhRnlES2d1WlNnNjdDcHZjYldqYjZjaHJyOW8tVW9qMTFuQjBXaWROeDQ4ZXBlUl9STXp2QlVRbks2blNmZXpwSEJQQ3JkS3ItT2daZUs4YVVWaW5WNjczWXRIbkRHS1JacEp6OG5XM2tfOHdyX1ZMYjg3NERUM3lVUDFXcjVPMU9kcTFhdjliUl9YWG9yN1BrcXFvQmRNTHloME1MVUpMdnRyLUF2VldmVmxuY2lDS1NWdXREekE?oc=5
2026-03-04	Google	0.0	Environmental Impacts of Solar Power - Union of Concerned Scientists		https://news.google.com/rss/articles/CBMicEFVX3lxTE5xcy1CZGlxZjVDVU9kNmFqcmtZelNsTWtmNTU1RFFfWTlDeVJ2Vkl0UlNQdFlTcFBhV0xvZHpkbXlNV08xNWcyTjBybEdwQ3hnQ1NfcGcyaDN5c0ZqY0tJb1VteUlzTzltY2RWVVRKU0o?oc=5
2026-03-04	Google	0.0	Exus Renewables North America Acquires Ozone Renewables to Expand In-House Greenfield Development Capabilities - PR Newswire		https://news.google.com/rss/articles/CBMi-gFBVV95cUxPeHJMUm9HZXR5RWQ4SXRVUWpPMXZUdndTb3BIQ2xFRXlwVk9DVDVUY2M4Z19mSVk2MFh3U3FuNjFpR3FmMUZrN0ZkUW9lQWM4XzBiWmRpUG1nb3NLT0RQQWNLU0NydTU0S2t0MkswOFRJeUhibVdUSXZ0UWtLV1V4R2NUbUk3WWlWcWRPYUZ1RjFuRVQ3eENxaXEyMzEycmZLZFNGc29QbEVvSVkxdWw5NXZKMmlmeVN5bm9kVnl0bkgtN3lKOVJ4d1o5bVpBNkxHTE1HTUdMSFVSV1h4U0RTWXR5ZWsySnBwVktaYkRHUFpVdUxjQnhuUEpn?oc=5
2026-03-04	Google	0.0	GS Engineering & Construction Pioneers India Solar Market - 조선일보		https://news.google.com/rss/articles/CBMiiAFBVV95cUxQd3Byb1lTNnRBVHNOdDJacTFlemExOC04elhUOEpTcU13TWw2OXA0WjRNUGhuZlNyUC02MWN2MHJKcU4zSjZvQ1BCc09QOGlSb2NFWS1mVGh4NVpubGRoQ1BhT0ItNnlyeGZlUlhxdUM1LW9kSndjcHhPSzMwUExNdHBINVV4NmpV?oc=5
2026-03-04	Google	0.0	Gulf oil and gas crisis sparks calls for renewable invesment - Climate Home News		https://news.google.com/rss/articles/CBMiqgFBVV95cUxOcWwwQUYwcjk3SFJTWlNydkhsQ0pKRFZrMEVTOTlXXzY0ZEd6ZlVvdlhXaU9BWTAtNmx3ZFhrQkZCdWgwdjViUDRpWU5ITzV1dy1TTHg5TUhjTHdJSjZCblpsNVVWbTlQQTA3VFY4UWFHejJYS3VkWGZTU0NsaUZsR05pS2tmLVBwQktVbmlUYTN4Y1hiTjZrYVo4OWlVTmthUXZNTlpKeXROQQ?oc=5
2026-03-04	Google	0.0	How Mars, Meta, Patagonia and L’Oréal are tackling scope 3 emissions: GreenBiz26 - ESG Dive		https://news.google.com/rss/articles/CBMiswFBVV95cUxQQVNBbDByV0VKOXBtMGxQdEd3amczUkgyNEpkcEpBM1pzYnJHZFJUdVlwYVNXNDNmTndzLXJ1Y2dxbVVHOEstTVhpN0I5eklOU0E5b2FpM1VURnNTMy1CSEk0ZjNNaWRPR1pCbTg5SGZDTllWZWRkVGFQMFozQ0lINk5vUnlfcEZMNFBQMGdONDZ5cFV4V0F5NEFtWW9mTEM0Nm1IY2xDZGhSbGNKN3kzV0IxMA?oc=5
2026-03-04	Google	0.0	How MassDEP’s Proposed Noise Policy Update Could Affect Renewable Energy Developers - Foley Hoag		https://news.google.com/rss/articles/CBMi_AFBVV95cUxNUFhHeWVyLVRSaEtiXzRHNDlUMWYyV3RoZXgta3RRUjdCblFSajZDVTR2MVl1aXBUQkNJVjZsM3FFMmpHMU1FOFJGWjlsSmJTVXRXVUthS0toQzRVY1M0Tm0tSVNvWTdDQmVpYnhUUS1qRVZQbG84a0xxcHlUeTZVZmNJY2JTSF9BdVRjRmJWN0lzOVZVOEI4dG1aNnlPbjctLXIxZmJTdjVqR3FUaGlnQ2I3WXVWVEI2VVlmYlVndmszVUNJRHZEQVBidEpEd2c4NVpBWmNKeWlTWHphQWJ1enFSVGtabXhSVHo1bHg4NHRiRVhVLWM4c0w0THA?oc=5
2026-03-04	Google	0.0	How would the Iran crisis play out in a world powered by renewables not fossil fuels? - The Conversation		https://news.google.com/rss/articles/CBMiuwFBVV95cUxOLUUyZ2FVblNjd004aUFYZUlUVFBxUmRQTUJ6c3pjT0wzSzZEdDBQTW1sY3FtUzBXTmlTbjhnQU45RUM2ZWtTbUpiMzcwX2UwcGpaTWxKVVcyYkRLb1lKdGJPNHJGYUNSWmtPMVAxbEFlRFN3QUlySWhlRUd4cHBfLU1rVjdwU2xCRHZPY05pdnM1Sk1QQU5oelRJMlpuZDdJSi0wem4wX19XQ0UxT0xuVGJ6TXZOZlM2NFUw?oc=5
2026-03-04	Google	0.0	HydroWing Awarded Additional 10MW, Advancing Tidal Energy Project at Morlais - Energías Renovables, el periodismo de las energías limpias.		https://news.google.com/rss/articles/CBMiugFBVV95cUxQck9QU091bXc1NTZ1akNYU3c2R3laeUFTX3JhOEhfWmhxTkZ1dmEzLUtNYWx3d042NzFpLU13Q2VIU0dKcWhmVVNpS3F0bEdKcG9ZOHFpbF85Zkh6VkN2ajBuQ2pQX2xTeGNfc3Y3THV1UGRvOVNDcXF0Z1M5QjRqblVNV0ZDc3JtcFdoeUw5eHM3WE94dEdZaFkxTEMzdDZNMjZ4UTJqNjB0N2RNSDhQWmNGQ01PQU82cnc?oc=5
2026-03-04	Google	0.0	In Colorado, a fossil fuel company has drilled four miles deep, toward a geothermal future - Colorado Public Radio		https://news.google.com/rss/articles/CBMilAFBVV95cUxPa1M0T2h4V3dpc0gxbzQ2b0xKd3ZKY09kYXNFVktUR0dXMUdnY2FIMFBncjkwVzRybWRfcFExYUlCbmdDUW4waHJyaldvbDQ2R2VPcXA3dFQ3MXFneDA3RzV1a3NmeDlLQU1ENHFDbHdVSE9GMXZNTHFIU0l3dGpXdWNNVERIWlJiMkpBaFJCdVBXdnZV?oc=5
2026-03-04	Google	0.0	Intraday volume spike SXI.TO Synex Renewable Energy (TSX) 04 Mar 2026: monitor liquidity - Meyka		https://news.google.com/rss/articles/CBMiswFBVV95cUxNVGdwVHdrOXpWeFFyVEN4Nk9YdGhCV0ZhSjRORFhZRE9MWXRUeVc2YkFwbC02TWh3eVp0ZnM3TERQbE9QLU9kaXBmb2JXWmJGckZGU3VSRmR2UEZFWUFua0NHcDZoYnRuNlZPQ25FWTV6bzRFdzMwUGpmMEZSZm5LaWRlTTQ2Sml1Ti11Y3FFaVFTQjNpREtuWU9ncEh1VlJsREdzRDhEdVlWM05WMnVjTG1WTQ?oc=5
2026-03-04	Google	0.0	Italy must boost renewables to cut import risks - reNews - Renewable Energy News		https://news.google.com/rss/articles/CBMif0FVX3lxTFB4bTNxZmR1WDg4Q0xHRHJfQm9zaF9fek5tZzFqVWN4MGlOLUk1VWlPUURmVWFSOWQ1aVVjbl9BZ1FraHFVRXdQVGFqMm5NazR6QjlZel90cnRpcE15MFc0al92bkNKVFhwTFZNYTdGWU1SaWE1TV9XNnBFbEhUbmM?oc=5
2026-03-04	Google	0.0	NYSERDA grants incentive approval for PowerBank’s Elmira solar development - Energies Media		https://news.google.com/rss/articles/CBMiekFVX3lxTFA3cG9idmpoRm5LRktZTHBwRGxZNmhkdVMwQmFpR08zZ1RKYVFoZ1lLYWZrbjBHWlFTWUVXd3J2MlJMNDQwTnJpRDhGWGRiVDhRRFliS1Y5eUVGdjJkMDRzZnpLT0NvRWJWWGgwRXZaaXZOMXpXdHlONXdn?oc=5
2026-03-04	Google	0.0	Nonprofits partner to deliver $40M in Pa. solar projects - NorthcentralPA.com		https://news.google.com/rss/articles/CBMi3AFBVV95cUxON3JWaVFNRGNMeUk0bHlxTWRrUGJ2X3JyNUNXcjJKWU5xWlRsMWFfUGoxSVZldTlLZURQQkVYTFU3SHo3bTV4dE5GNGNCUWhIeThxVWF3Rl9OLXlWOVZaSmV3OEJPd2kzRmM1ZE0tQURYVS1YUkRZUlhpLVVJVENhZGpEZFltYmwyQVB1eUZnaGVQNHQ0UWdsYXVESmVzSDUxbWtIQWFuZWxlOXozZ3VPWC04UzZvOElXajN1N2g4R2dtamk1S1VmS251UmlDdC1DMTdqbXJDa3RFZDNa?oc=5
2026-03-04	Google	0.0	Norges Bank, BCI And Brookfield Launch Northview Energy With 2.3 GW Renewable Portfolio - ESG News		https://news.google.com/rss/articles/CBMiqwFBVV95cUxPenV2ejllQjVRWlZZV3BkcGRoU1VRZXlDblRRRUtaNDk3VkIzalVCZExEVEV1Umk4OGFsaEZ4TzJEbUR1M3VES0xIc0lnbkR4al9MMm9jdjVpLWFzbGdNbUJpdDYxUS1QRFY1S3otUEF2Z04tMzFwS3dpeGttM3czQjl6WkpHa19ZR0doa2ZYTUs4X29sUHYzYkRzY0dTa283M3ZnLWtPMXhlalE?oc=5
2026-03-04	Google	0.0	North-central Minnesota's first-ever solar energy co-op launches - KAXE		https://news.google.com/rss/articles/CBMiqwFBVV95cUxPeHRzcmhwMzFaOFpXQlNxeEdDWUtHaGFwX25neURjOGdXdi1rVGQxZGlMQnFoVHNkZUhieGhQcF9GX0pUNkQydXU1ZjZBUUdnWWw2aXA1aVZlQk9YWUU4WDZlT2YwT3Q2UDNYWFl0MS1SdlpfdE5mekVGR3V3Z2RRT0NqdFZwanVtTmpxaXVLR1oxNWg5OFg3RGxqU055NkoxZHpKc19Tbjh3NTg?oc=5
2026-03-04	Google	0.0	PPA prices in North America set to rise ‘in the short-term’, according to kWh Analytics - PV Tech		https://news.google.com/rss/articles/CBMijwFBVV95cUxPNGVGbHotTU9xM3dYWWlYY1hYenAzdmI5elA0VHYxTVJvbG5OaER6LThqZE5DWERnWHVrZkNHNUhIVFk3VWo5bGUzZ1dtX0FXM3BieXI2amQ4TEdXaGtSSDg4eTBZYjRvZzFLbmtNb2pjQjZkdWlIWi1DM1UzeFB3N0t0YWZxaDJ6T2JUTnFUZw?oc=5
2026-03-04	Google	0.0	Par Pacific: Hawaii biorefinery project nears startup - Biodiesel Magazine		https://news.google.com/rss/articles/CBMilgFBVV95cUxOckx4T21FZnFKOXlwX2tIYWlUMVpKYktJVFA4STZ4alUxNXZtQTlkMXoxcUZ6VlFmUUYyRWEwYmFtQUFGZy15aXhRTzFZLWhjRFVGWmUtU0ZWUGhiTDdHTmR5LTZrNmZmVzFlMG1Ka25JcFRfTlBGcEc5Ujh3VWFNb0c4dElYZHQxaFJhOWt3eDlzSWJVZ1E?oc=5
2026-03-04	Google	0.0	Power Play: Why TSOs Must Think Beyond Grid Expansion for a Net-Zero Power System - ERM		https://news.google.com/rss/articles/CBMie0FVX3lxTE4zYW1IUmlvSXJRQzVJc0VQT2lwaFhtb3lDbFI4NHF2RWtWcG5GX01IbmFTSm9sbVhrbm1nSld0Zlo4WFZLUFpyak84Z1puS25QSmZ6cU1vY21QWUtyNExJSE9pUUhPZ0hkV3JZZ2NXTng5QTlKM0QwTHhCaw?oc=5
2026-03-04	Google	0.0	Powering the Blue Economy Report - Department of Energy (.gov)		https://news.google.com/rss/articles/CBMie0FVX3lxTE4wQk9OV19Xbk9TS1QyaTBrMFhfMVlFbTB3di1maUVXMTNQSUFwc21yVXZJdUZlamtyOUFvWkcwRURrRVpGREJXdG1YRUN1NjVVSlp3XzZ1LUZqalJDV0xGNmJkNl96WHpnQWIyMHctVTlxbWlUVTV1ZWVvbw?oc=5
2026-03-04	Google	0.0	Practical Clarification Necessary to Balance Solar Energy Growth and Farmland Preservation - Maryland Association of Counties		https://news.google.com/rss/articles/CBMi1gFBVV95cUxQTXlWR1NyaGxkWk53VFU5M3FINUZzcFJTSEpyWW4wUzdIemJrbWRfNEdnbFhvMUJLN0ZiMXpWcHM1d05UOVQ0M2d3cjNyVGc5RUpneWN1WG5CN0ZTaGZRbUl0NFBZWXNRNTh6TDBOOEZoSER6MnFsc01qZHZhU3N3emYtUEpSYlpHclIydHU4bGRDS1VVWlRpT2ZOeDl5V0tvWnFhV2NhYVlRQWdPWk1mS3VjUG1BNkZ3empZaVhacVVWTVFoZFphT0VTdHBQVGRZT09SYmpB?oc=5
2026-03-04	Google	0.0	Renewable Energy Update 3.3.26 - JD Supra		https://news.google.com/rss/articles/CBMifkFVX3lxTE9oYTMxWkpQd0JDR3VyZk1nNzJoTWZjMWdib1RFYWgtcFlIZUZHSGRWSS11TFVuMjFoRmhMeXQ5U29wVlJKS1B4Vi1XMWl4V3V5TmNuMzl6R1ZWbWVaMnNZQ1BEYk5IV1RRNmZEMFZqaFdnSUt5RkMxQnNZMEE0UQ?oc=5
2026-03-04	Google	0.0	Renewable Power Generation Automation Solutions Business Research Report 2026: Market to Reach $17 Billion by 2030 - Expansion of Offshore Renewable Projects Necessitates Robust Automation Systems - GlobeNewswire		https://news.google.com/rss/articles/CBMi8gJBVV95cUxOVjZxSExvc1p1NW1CbnpGYWxCS29rLWI3M3R5aDgxZkJXT0JWdjlfMjRMcGZ5eFZCWGxjSnp0cWZDX2lMMUJNUmlhWUZRMlVNbDVyVkVtRVFRb2d1ckdMdkgtMUNvY0p3b3NYYzVMSC1lVzhHMmdGdXk4QktuWTY2YV9jVENSYWY2eDVDVFNvSF80UnJtQ0xwaW9kcUZoWGpYNV93X1BYdmdWWlRxb3V5UmlWa3NXNkRyTmRNT3lNdmYxSHIwRmVOX2pGMnFnRTVUX3VCcGhVYnpuVmZLNlNfSTJfa1JHa05GY1p1cmN0eXRFSFhKclllNlVOdXF1Z1RYVWJ5VG1ZVFo0d05VeGd2RkJBa2plQ3NGcHNFS1BESmlqdjNMWC10eWVCRWlQbWNwbVpwMlZpTkVvWHJ1bE1WbjdkbkM1dVMxZlpRQXBMR1hPdFMxajNzZDlRVjMwd0Z2ZDZBeHlYUjFuU2FYazJqRlJB?oc=5
2026-03-04	Google	0.0	Renewable energy investments in Acadiana - KLFY.com		https://news.google.com/rss/articles/CBMid0FVX3lxTE1qUTJxalh1Z2RIT0ljVEJ6STQzMm5xdVJrel9pV1NyXzh0WF8xMVVnalpMZlZFSTdqdFVPeVdJaEpNSFpRRlhpN0RUelZyalp6UVRlTUpKeS1xVThoSE9sVXpLWGYxVDV1WG5vUmVpT3hOblh6aXZz0gF8QVVfeXFMTzN6VzhYM3lSZVpxa2ZxWGFwd3Y3ajZkYVFnaG84bmkwbXZOekhFdGVKX3AxazhNNV9yZ2R1N3pEdE5NZlVlVTUzTFNhdzc4U250U2J4Z3FkNklfUjdtRng3V0xtam92OGhRRE5tRzhvbnNVek1ybVdDRTZrbg?oc=5
2026-03-04	Google	0.0	Renewables meet 81% of Portugal’s power demand in Feb - Renewables Now		https://news.google.com/rss/articles/CBMioAFBVV95cUxQeHFJQzFrTDJ4Y3M3Y2RPSkdsQlVqRlZBLVFNcTNvdUlaSTA3WVF5RFNicXctUG5sZkx2S1FERnJHZ0FSQ3hPdEhxV2tMa3AwVllKc2ZqX1pqRlNadFAzSkpZZ3RoWk1BenVkY183ZVlzNlFtZVhqUUs3Z1Q1VUpsT0FFekthVndFc0JsNnEtOUY4b2lfMU5BQk1RVDdkbDdE?oc=5
2026-03-04	Google	0.0	Spain cannot claim state immunity in UK renewable energy incentives dispute - Global Banking & Finance Review®		https://news.google.com/rss/articles/CBMimgFBVV95cUxNZmg0d0VDTHBSOW00c3VHVkxoamxpUDlYd0FqblRxc0FZXzA0WTRLVHhQXzNyd1dsZ1U4OUN5N3dQcTZoMlJJWHFEa3Rrc1J2QWltSmpzVFdic1N6Y3pJZmJPWmRlWUZkY1lId0wxbnZ5QTJKd0UyY2pLNXpHR3pPME4wX01IYnRocVl5a3RCSFFOSi1uakRLQlh3?oc=5
2026-03-04	Google	0.0	Spain cannot claim state immunity in UK renewable energy incentives dispute - TradingView		https://news.google.com/rss/articles/CBMi3gFBVV95cUxPejczQ3E5N3I4UkFCY2pqcF9kWG5KRmtqMklLRFVsOElXOWIwOWlUTXFCV2dYUHFBZkNaa1RMUHZZbGY3VFc1MUVRT3Q4WnZLNkoyLXZFZUEwYVhWT1BJd0tnaFA1Q0tSdGZPc1J1RmdzYTA2T3VHM2xwS0I2WkpHYy0ydmRhTUF2MG1UWEF5WGFlNUtSbHpRUGp6SjU3Mnhkb1VVZzdfcnJyNk5rbkZiSW9zLVdxZlhLOVdzWjZOYmp4c19zUi1vOTA5VElyRHB2RktGTGU2Y1hsRTZPQ3c?oc=5
2026-03-04	Google	0.0	Stem’s PowerTrack™ EMS Selected for 100 MWh of Utility-Scale Energy Storage Projects in Germany - Business Wire		https://news.google.com/rss/articles/CBMi5AFBVV95cUxOQmNxYmFVVW4tV1RjMW53bGdvR0pHTU9tT2wwR3lpSHJYV3Jxb2JweTVqc0NOcTVTMEJoSUdoN0dIWmowZmxZNUYtVGNNVkJyUE85MF95WGFlSEdoUEJLZGdFNHJhemIxSWRMRHJJcFBPMHRCa1UzdW1DOTFNUVFXbk5MMGwwZ2I4MDJ4UmgtVTFjNXRKOVVLeW0xOENtNWFLaGFfTWRjU0FieWt4Y2ZyNkpiQUloeS1mNS1QZGc1b2JiU3BPeFlGQ05HWGc5ZFhkWlFmM1o1cWtWb2x2R2ZjSTlkQ1A?oc=5
2026-03-04	Google	0.0	Strategic Biofuels Secures Draft Class VI Well Permit to Construct from Louisiana Department of Conservation and Energy - Business Wire		https://news.google.com/rss/articles/CBMihwJBVV95cUxQaWZFSWdoX19lcTlMTW5QRFBPaFphZW5XWDRlS09xYzc3ckRwcnFhcW9mdHUzbldfQU13VmdhYVRLMG4wZEhScXRqUk90bDVnczNjaThGcWpXNkZ2YUV1STREcFExdlZCRmZZYklNNDJKR3VvZk9fNzBSYVJ0WjV0RXhHQTNLUUhUbkxWSWxRRjk4d2JWaFphNDBrUlBGYlpxNFpvSXZ0Z1N6SFpIdnZZSTNtSkp0cUd1MDQtYzlLTHlSS2VHc1k0dnhweDQtUVUwZGxJaDRiRGt0aTFfZDZDSk5EVmZTTU5NWHhPYmFycnIxNXZyREpLY1l3T21RUTlHbW9GYllsZw?oc=5
2026-03-04	Google	0.0	Trafag Introduces 8719 Gas Density Monitor for Enhanced Renewable Energy Infrastructure Safety and Efficiency - AltEnergyMag		https://news.google.com/rss/articles/CBMi8wFBVV95cUxPZlc5dU40UTMyZnpvUEx4X0JUcUZIX0FfR1JJLVozRUFEZGVSV0w4ZXVLRmkxTGVJbFd1MWFJZHhIZGxJenBBTVRvQ251cGdnSzlRczl2bnJjRUhpUTRpeHdxVEJ1enl3OWZ2d0hwT19XMVNGMTh6Y2tUVjZOeUpWdi1GdHFEWm51YmNVSXo1TzBHSHA3OFhPcWlZM1g0bElRY01NZTA5WndZTC1vZm5NbHFrQU1kTTJKeXlLNk9RSnFuR2JMQmUxSWM0aGxoYk5aN2VOSnNMRG9RVmRHLVIyNkN3X05TUFNvVTVxTlRRQjJkelE?oc=5
2026-03-04	Google	0.0	UK court rules Spain cannot claim state immunity in renewable energy incentives dispute - Reuters		https://news.google.com/rss/articles/CBMi4gFBVV95cUxPYTE0ZUpXRlZudWdXS2prNWdIZ3dQdVY2MWJOdGpkdWhrcFBGVXdmbjBvakpibTdtQnhqbVJJMktuazNyeWlCa0RtcUtCT3pkam4xS2hRQldzUllDTHBQQnZ6dFhtOUlZamZMbU1DS0szeGZjV0xGb1hIbEFsNXhpT0JhandOSzJpMmJpQURQT1V6OEVxWDZVTk5sRHJmVUdmbEd5aHhIeENnQ1QwOGNlRG40Z2JtTWRfcmZXc1Q2enZqcGx6T3JOUVVjZlpWSlJlSWVGS2RkWlJRMjV0NUVwRUlR?oc=5
2026-03-04	Google	0.0	What AES’ $33.4 billion take-private says about energy and AI - Latitude Media		https://news.google.com/rss/articles/CBMimwFBVV95cUxQQWN6Z0Q0dXVpRWhtX190cU1MWVlhZUN2Mm9KcFdzLUJrUVZUbGhGTGpfUElOU0dpc0J2b2JWcF9TTlFRX1Q4ZWlXS25VMThHdGR4Nl9rSjZvUkFIWGhya2IyZE51aE50dXpqZXo2SHJBdk4wekJGRWY0ZXQtaVl1WmdKZUFRNkNtdU52UnA5UUVidVlFZGNMdnVKQQ?oc=5
2026-03-04	Google	0.0	What’s the future for solar in Colorado? Go it alone but find a federal friend, experts say. - The Colorado Sun		https://news.google.com/rss/articles/CBMiggFBVV95cUxQREtkV0tEYWpUZmVmakIwLWNDeGVhbUl5YU1CS1JGT0lRc1ZDRU9xOWpsd0V0YTg3TldqdjMwTk1SUmVZb1JjTFpiTEJiVXJ2ckdaenNyWkwzSGFLU1BIWnIyaTZSVjRhRzFNb2JWU0ExSnZlMlNwSVBSOGE5MktPaWlR?oc=5
2026-03-04	Google	0.0	Why Barclays Is Warning of Stranded Renewable Energy Assets - Bloomberg.com		https://news.google.com/rss/articles/CBMiwgFBVV95cUxNY2kxYVV4Xy1ORm9JZXR0RXl6Q2tzcE1WZjVzVXl1d3JKUFhsRzhQZXZ6c3pucENXOWNZUlhiUXNGdHFJY1hVT0hxamo4QVJtd08wUXM5MzYzTFd3c0VWaGJOd0YyX3VPQ0JwdmRNWFRLeE5IUTQxY05aU1k3VElCc09LOUtoeE5seGpsaFk1UXpUb214bWMtS1l2SWNCNTJ6bGhxVHVHUnVQSkZXSWVVeW9OVlYxSE9acVMzTWV4V3JsQQ?oc=5
2026-03-04	Google	0.0	Why Sustainability Branding Is Critical for the Future of Renewable Energy Adoption - BBN Times		https://news.google.com/rss/articles/CBMivAFBVV95cUxQX1FlbEJCUkI2azdKWXdsVHN5V1duZVFnN01sYkhwSF9Wc0VBd0lKNzR5dVRETmtKbzBjME5XR3dVWThyaUxjb1NudDR6MTZYQ1Q1YmtCd1dPQ0c2YjVoRXpCY0xYa3Rza3hwaS1wSkE4YS14UHJoc0ZxXzdVZ0pZellyZ1QzbTVIN3dGZ29nRkpXYXVqbGZUbG5ZZzJUTkRFU0JORGpTZE9KcklDQ004MDVLNWdnYTI5NTlKcA?oc=5
2026-03-04	Google	0.0	Wind, Wires and What’s Next for Renewable Energy - Marblehead Weekly News		https://news.google.com/rss/articles/CBMihwFBVV95cUxNSTVVbjktTWJrSXJzb2szY2h4c0FaQlEtWHNJbjUzcVl2bEs2bE9mOGkyMVBOUVBDQWljM3BfV2lMUm5yMWs5N3dLbkNQQ3hsdXpVbXVLOVRxZkx2U21xTHBvUjBoTzJVam9Cel9kRE5sNmNBVzFQRElaa05EVWNpN3lHajAyQVk?oc=5
2026-03-04	Google	0.0	World’s ‘largest’ grid battery part of Google-Xcel Energy agreement - Utility Dive		https://news.google.com/rss/articles/CBMiqAFBVV95cUxOeXJYdE5DeDJNckd6amZIbWs1LTR2cFo4ODJNcVhWbXppdWVOb2pQTnVteE44V1RtWUFjS2gzTU5uSlI3RjhkMjBGOXlrVXl3NDFIUk9kMHlWdV9vYzZUTWVqMFBfR3dNY3B1ZjE5OFh1blItYlZZd3R0a0FsMldZa1RMdEF6dkhKalVkVHFzeTBHQmJDMnBic2xncTJGRzNpSWNEUWpya1A?oc=5
2026-03-04	Google	-0.1	Bridge DC inks MoU with Concord Energy for data center renewable and hydrogen use - Data Center Dynamics		https://news.google.com/rss/articles/CBMiwwFBVV95cUxNcWIyMHR4aGlaWlBvZHVJcjVJYzJ3RWhpNXpTSXV2VEpTVnNPUkJBQXdCWUFVWDlxbUcyUlFNaVd2MnJRbFBCSUdleVZxN0czRk90REVzS0pMV3NxZHhpbGlleDRpTjdXQkQwV0Q4NmR3VkZZbktaTDUydFFwMDk4MFAzdXVBdmc1YmtacXpoOHJqZGc2WXQ5Y3RwakdXQms0SWVWN1liQ2szLXNraFl6MVBvX2x3TU9DajZZWnVsMm5fZkE?oc=5
2026-03-04	Google	-0.1	DESIREE Project Set to Improve Green Hydrogen Production for a Decarbonised Future - Fuel Cells Works		https://news.google.com/rss/articles/CBMizgFBVV95cUxNMHhEYktEMDR5LUctbGhDR1FpcW1FVnZKSTNHWVRRZFZLQmNiT2tlTnRVLTU5OE5FUlJ3N0JKZWlveGRFQkwxMy1VQXJLRGRTaGpqM19hYVkyQllPLVg0OEtCTEZIWHJ0ckxQa2JPNUlIVTVEeENBeFFDSi0yWUhOcVhWZWNfRTFjZzYtRG5tTEJjb1BnNU1nekExVDcxVUlEdU9wdElwRXdfZTZHVGxjSG5CNFFBbnRnRlgzRzROdlN4RU9JZ1RzSmJiNS1KZw?oc=5
2026-03-04	Google	-0.1	EU puts up €54.9m for solar under third round of cross-border tender - PV Tech		https://news.google.com/rss/articles/CBMimAFBVV95cUxNU0JTNGhyUUd0SWFhUkNTbTk4dHpjUk1KV1oxVmdZYmlQaWN2LW9LU1laRG1uM1ZoNS16Nkc3UnppWGN4YUMzSVBSV0lvMC1EZmhVRlVMaWQtc2xrMXh2NDRLTWhmWFJWeGlEdTRLbEdvLXUwdEtqX3lTTGU1TktQMm1YTEk5WENfOXRoM2dDR0dVcXB0MWxiWA?oc=5
2026-03-04	Google	-0.1	Moeve Reaches FID to Begin Construction of Southern Europe?s Largest Green Hydrogen Project - Energías Renovables, el periodismo de las energías limpias.		https://news.google.com/rss/articles/CBMiowFBVV95cUxNbXVoM2V5X25tcmxDVzh5R2tZMGtfMm5TaU0xb0hEdDV0OWhvSFZMRlotUWQ4WWl1QU41Rno2bGtOM1VQUHZmLWV6VUVPWFNkQmNMeEMtUWJqQkpUZUFmc284MUFGTzd4VFdod1lBRVlld0szc29GTVdTUDVWNTBEY000dWdpdlhwQkk3XzFQRUpxLWdYRFVNS0hYUVdMb3lWQ3JJ?oc=5
2026-03-04	Google	-0.1	Spain probes alleged bribery in Forestalia wind, solar farm permitting - Renewables Now		https://news.google.com/rss/articles/CBMirgFBVV95cUxNbXZtdHl6bXpfNVh4M1pEQUhXWkFlZlpZRjlfMXhIMzNFTGg0U1RmT19KcWxTQ2ZJSkRzNmNMQVF3d0pqXzQzQ1NGMVh3ZXRlUjYwVzlRNHdjMm1xZHJkTXZ0eHFQcXpsTmc2QnBnempIYktxOXNyTThtYWdzbUVXS2dwdm1XWGlaazBMeGxnbnEwTzNJRHVySjBMOHRmTTd6bk1vTTltdk1jLTZ6Vmc?oc=5
2026-03-04	Google	-0.2	Chicago-based construction firm Clayco launches solar energy business - Chicago Sun-Times		https://news.google.com/rss/articles/CBMiowFBVV95cUxQWWl3bTVIUVJtTHRpbWNCR0NiN1dUY29BZEc0M3l5V3M0VXVsTzhfeDR5dGlSSFBtYnhVWjF6MkIwWkladFFOanpueXF6ajFZMzJZazNvbC1lXzBGNUJoSVZDTmthQWZRa3BEUXlPOUJ5UGNDUkt5Y0xZNU51OHUtUGFRT2x4UmlFSEdhTmtSWFI0Z3dHcXpnV1paY2pZVHdTMUM4?oc=5
2026-03-04	Google	-0.2	China could be on the cusp of a green aluminum boom - Canary Media		https://news.google.com/rss/articles/CBMijgFBVV95cUxQczRPc3lkUlpUNTRGeFdhWndPVjhFMXVUYlZ5elgwbXFrWWl2UVFaZWxZU2EtbWprUDF2OUFSZWs0SDlhTkJ5dGZNanNkOWFjVU1yaW9mZmY1X0hDRXpUbmo4VUNSS2VHM3RacnB3UGIzNHh0eFZxdGxyZDFkNUVrSWV5N2hKU0xfN3BzMm1R?oc=5
2026-03-04	Google	-0.2	News - Spangdahlem airmen power up STEMposium with green energy focus - DVIDS		https://news.google.com/rss/articles/CBMioAFBVV95cUxQalpqcUJYNzVSbG9kb3ZiMGZ0QTZJdXlxOUxLcGhiNlVzbkZveF9rSjR2LW01MzVHM19LSUlQQW0yRFR3Tjl4RlNOWW41QkZQdDdMVnJ3X09wWWtWNXY2MkdIZTh3b080MUpCazRtMlE0STFsbm5hOWVfUzFQT2hoY1FWNThXZVRRU2wtQk5mQkJfMEdJYVJUaWY5OUExNzNY?oc=5
2026-03-04	Google	-0.4	RWE breaks ground on the Alas onshore wind project in Italy - Energies Media		https://news.google.com/rss/articles/CBMifEFVX3lxTE5kaVZGUXk4R1JEb3h0Y1BXOHRkXzRpUkFhd05DOEp1YjNKLUYxNV9lVHV4MFd0aW1JWGNPYV8ybHpoRXNfWThla0t3WVFFZnFKeTF3enluLXZJQzFWcU94aE9TQUViSzJ2VkJUbEJ2WHVLaTVXQkJ3TFpENXY?oc=5
2026-03-04	Google	-0.5	Letter to the editor: Failed renewable energy - Pierce County Journal		https://news.google.com/rss/articles/CBMinAFBVV95cUxNRkxTOWZyWVVyRlJuNVBNSVRBVE9wQmhETUt2ZUh6MHJvN09LRkRrdURjekx3bHJBR2pCUVpPS2xOaVFpR1d2c01VNDBWc1NpbFJDalRUNU1nOV9US04wUjZvY2xwYldrMzJ1bFBtS1d5X2lFNGN6SW4zNWwyUmVTOXd6TFVqSW43N2VmWFVVNTN3dW1CbFpZV2RGSU4?oc=5
2026-03-03	Google	0.5	Montanans could have more renewable energy jobs | Bradley Wyss - The Missoulian		https://news.google.com/rss/articles/CBMikAFBVV95cUxQNjF0MzdoSEhUYUZBaVIxdmlaQUU1X3Q3cGFOdFE5RGZCRVppd0dSQWtXV1JiNWtXZWVzM00wU2pmREdINlR3eWpfUjNad2hvYzhFeV8tT2NtVFRfcjdLX2FQS2hQa0tld1dzN1ZPamlyNWdPeEJTZk9hNjlyZkNycm1Bd2xJelh3RG9uTlZVaVA?oc=5
2026-03-03	Google	0.5	People on the move: Arevon, GS Power, and more - pv magazine USA		https://news.google.com/rss/articles/CBMiiwFBVV95cUxQRl95WER1M0ZpQTZZQWR1VFdPUkczT244TGRUWktydmgxanZCWmVuVmFVSWxCNTV2R2hGRGk1OFRTZ1lhblNzZ0dJWS1HUDlKVE8xd1RJWDc1QW84b0xNRDA0M2FsVzFudi1YdEZtMHN3dnlFSFRjMjA3UlRvQUVGTlZTZDJvVEUtVnhV?oc=5
2026-03-03	Google	0.5	President Aliyev: Our renewable energy plans are based on signed contracts - Latest news from Azerbaijan		https://news.google.com/rss/articles/CBMimgFBVV95cUxNbTBMS243Mmh1aml3c3c3RVV2VGM4OWtXUHJYc1NNNjdBZzN1NlFvZVRhcFQ1SVU3d25zVTJJUUV2d2JfRHRGbjRrVWUyM2VQekpqZU1ia0dUblk3bHRCekxYOEhDTmpVZGFoWkd1ZXVVb0Q3N1BJTHpMYVdWc25RYllUVlQ5dHYtT0IzYW1aZVNYaHBjcGZ3ZVd3?oc=5
2026-03-03	Google	0.5	Versogen signs licensing deal with top Indian manufacturer - Delaware Business Times		https://news.google.com/rss/articles/CBMigwFBVV95cUxOVUszUVhlTGhmVW1oNFpKWHk1MFBiQmZTNVdHMG1MYmhrNFBiUnJZaUJQZ2d3S1NuOURubGpKYzBjMU1oUDEyYnA0T3AzOXZHT1E2aDMwMDdpNnZaQ2FmTDNSU1lSUjUxemFxd1FEMmRHT1NwOXpTcHFMakM3SWpudzFFTdIBiwFBVV95cUxPRnZlWW5pMDNaS0xONjBOdGFzMWVoSmJIMDQ2c2lfR3lYQTJoSUJKbXgtRjhYWXNSaHZBTXRrc2Z4VU0yX2NSV1JfNThFX3Nub3FDVFkybzQyU1NjSm52akQ3OHpEMlVsOXEyakt4Mm04U1hoM2NmSEFIZE92S0YtVXV2cVluX0tXM1pN?oc=5
2026-03-03	Google	0.5	Vietnam and Portugal pledge greater renewable energy cooperation - TGS 4C		https://news.google.com/rss/articles/CBMiqAFBVV95cUxNSzZURldfUXVTQ08zampzczBtbW1tRGFDVFJPM0l3bVhGNVExS3hYQklBT29BNXlvdXgzc2tqdktrQ19WVXVsaTM5WEw4RkFuOWw1TmtjQWVtZHJTekt5U0swM3Fka3BtRkdmVHVsY3dCUVRvVmp1ZndmRXAwYWJHYkI0NHkyOVhxUHlpaUF3dzYzS3ZSZmxISnZjZ09ZQ2tKbmtSMFNGMzU?oc=5
2026-03-03	Google	0.367	A data-driven look at rising U.S. electricity costs and policy solutions - Clean Air Task Force		https://news.google.com/rss/articles/CBMilAFBVV95cUxNOFVxOEV0Y3ZBRnU3U2UtQ21OekJQMUJTR3FFNXM3SXlaUUlvbEE0YmRENDBCVV90SDVWM2VoZE9ETzlQbEFEdF9CM245QldWcjVCU1BoSGVxY1ZxZlVUOXhxWGFPbGNuRXMyS21RSUJELU1mbTBSbFpMMzFsZDhYMFdmYkU1czRzQ2dmOUE1TzItaTl1?oc=5
2026-03-03	Google	0.367	Clean Power Alliance Secures $963 Million Prepay Bond, Locking in $66.6 Million in Renewable Energy Cost Savings - GlobeNewswire		https://news.google.com/rss/articles/CBMijgJBVV95cUxOa0NXRDZwdkdaUHlXQWRISTViSnRwajJnMlJqaDZQM0RqTHE0dnUteUdxY1RqY2R2QW5NSmVaeG9vTnEzUmJFMHBROFJWbE9jbF9wUmh0XzZGbGd3Z29MYWZBS3g1UDEzYUNESktjZjJxNkRXOF9lYXlVc1cwbnQ0Nm9YMTJrZEdHUGExRkU1NEtCNzd2OFhiZEM0bV9FZUpoZ3JRZEJ5Z0tzY196TmpBMVNpU3RJclFNbTNkaXNDS3UzeGpBT3BpbDhEaHJ0eFJwSFkwZDVrRW9ENGs3bHBIYkxKYjBQbTVnZldNdlB3RDZ1ZFQyOXVWN1RCVEdvUHlGVzVUdUZpOWU4UjZ2cWc?oc=5
2026-03-03	Google	0.367	Marathon Capital Advises NorthStar Clean Energy on Financing for Branch and Genesee Solar Projects - Business Wire		https://news.google.com/rss/articles/CBMi6wFBVV95cUxPY1NrNjNEXzhaQjVTOWVhRFlsMmdob09SdEk3LUZTVDlrZjY1RTNfNnBxN2ZyeFV2Y0VsMzQ3X1ZsZm1Sak5PaXh5a2loa3AtOUZfaDg2Q0VYSFFOckU1c0gyQ1FQcGdRdUJubWhRM1E3c3ZVVU1XUHBkVFppSG8tZ1lNXzFsaUlsQUpDWHBWOFJEekh0YXQtTGRESjBncGhHSzc1OHY0OXZNc2tzTnl1MzVNUUpjYkFIYlNXdjVOcjJpNWx3WlJBSWRRX2dwdG9jMFhpcURUTTVsdmRxUWtTbE91NEc1YVlPSmxZ?oc=5
2026-03-03	Google	0.367	The Cianbro Companies Deliver Clean Energy Projects And Efficient Buildings In Maine - The Business Download |		https://news.google.com/rss/articles/CBMiuAFBVV95cUxOdHlQakd1d0VYakhzeE91LXo5Wk14czZJSi03Z21nR0pnRnNTNE9LOFZmZ1ZZY0pXRGdIZWVRRTlDQ1BETjM3RzFrZWtLLWdNRXVjNFNRT1RYVF9jQzVUU1B6UkJkcnYyY2xrWW5rV2lqNURWTU53WnRVZ09QQ1RHdndTSVF2RThHMmljZi1fTEw5amxxUmdSOVFTSmE2QThjYmhCMEpsSVhoM21La0xqUHRmSkE0S0pH?oc=5
2026-03-03	Google	0.25	Norway wealth fund makes first investment in US renewable energy assets - Reuters		https://news.google.com/rss/articles/CBMi3AFBVV95cUxPRWVoZzAtOVkxcGVpZXdOWkxUQTJqUmlRT2t2Y2lMM3NDdmtFdmw3emt1eC1HWVZFRk9ZanpkMTd6b1ROaHc0cVd6Y1pqelF0QlEyajRicFJmVmZRbVo1U0ZrWFN5TUVQemRsQzF1Mks1Q2wxSTR0ZENUM2VFU3EzLVd2bEpMS1RLSFFrV3pZSkxOT19IYmtreGVJR19qbktmZ201c1IzZDdhRndIaWxDTHJXcTdteHVKYzlsTXFsTmh2VURpeEFlZ0dRZTdKbG9jcGstMGpFZDNQSy1u?oc=5
2026-03-03	Google	0.25	Norway wealth fund makes first investment in US renewable energy assets - Yahoo Finance		https://news.google.com/rss/articles/CBMiggFBVV95cUxOMzRzc2lkQWtFUXVmQV9oSl9sandXR3JZbEs3R3ZaU24tZGl3MDQzLXpPS1lMS1hqMldkRFI3QVlXcHVaZjdueEhtT2ZxOVBWN2hKd0ZvdlQta1MwS3BXRm1kVE5fcllRZDFfUHV2MmhIUnJUOEFSV2ZzaXd3ZWNwYVRB?oc=5
2026-03-03	Google	0.227	Multistakeholder collaboration for a nature positive renewable energy transition - IUCN		https://news.google.com/rss/articles/CBMirgFBVV95cUxNcVk2YnZsN0hjTnVlR1Q1dzk0dC1GZm9QdUk5MURwdTFMYlpFd1NGNFNrZWJjSHBWajVCVnJ5cXc0cklpNjZ5N1NCYXlvckxESFhhMUtyOUhpbkpWWkhlZ25vb185bFo3cGdwMmVUNzBEakQwTjBTN3BvUENQVjJTazh6TG1paFBLNFZmN0NmSUZYT3J4eVgwREtmQkJDOGViSkVDZUxzbFM0eUlmSXc?oc=5
2026-03-03	Google	0.2	Are Kansas wind, solar farms an economic boom or bust? - The Topeka Capital-Journal		https://news.google.com/rss/articles/CBMi0AFBVV95cUxPLThTNnFiQW5mQ2FZUkJuVzgtOFotR0tleEFweXpnUU5sTXl0QzZtMGs1bndkbmlHeHViWjZOajVoZjhwejVWMUJNX0hCQW1NeUZ4SExYYXJoRld0S2JJZVd1bktWei1Id2J2R1pQc2JobFM3N2xIU2t3UkZudHZUVk5BTDBCTGxGQ0dMV0k4Z19IQ0J5R0NCTXV1YTZKc1pndHFjMGVnUDBWZWd6OUdsNkExeDZpVDZxY0w0cjRPazNkeFhXSDdHVVdxWll3ZmVt?oc=5
2026-03-03	Google	0.2	How buildings can start solving energy security as power demands surge - The World Economic Forum		https://news.google.com/rss/articles/CBMipwFBVV95cUxNNlBBWG5CR3RFNEZRUWhfSW1FRmdpYVZ1SjNpSUloaDJudE80bmRLbDlNcHBsQVlSb0YwQVptZG9qX0JMRVdaOG5LUldFZmY3YloydFUyclUwOHM0bTFuWVM4MEFwYUo3STZWakY1VmZ3RGVuMVo0bVFlcTUycXZZNmxmTG9udjRQU3NXREJQbjNjbmxkWUhLYTdrelA0Z3hNSXVmZjEzWQ?oc=5
2026-03-03	Google	0.183	Simpson: Clean energy should not come at the cost of local control - TheDailyNewsOnline.com		https://news.google.com/rss/articles/CBMi7wFBVV95cUxOSklvcjBEa2dmYWE2TXhyNm1LakV1cDVjRnJ1U29TM21JaDd6YlJTbHBjdTJobHdkUTJVaGRmVlFNU1pqY0lhZEF2aVBMQ0VIRFJIc25CMERZWEl4NzBVT2F3cEpTdUIxeF9ULW1pTHRKRkxvMlNydHJxY0RtYUFlc1h3Mnd5OHlTdENqMk5fSDBvcHZLQTd6VHVYRl9rRy13Vnp4a3dMUmZFQkRpODNyQ3FCTm9RVGpqUXZxRnVCVzFwRmhTMVZUUjU5YlpuaS0xVll5aEtTTGIyNTVyaEVxREdvMGJhTm5FdFVwa1puNA?oc=5
2026-03-03	Google	0.183	Stardust Solar Energy to Present at the Clean Energy & Renewables Virtual Investor Conference on March 5th - Investing News Network		https://news.google.com/rss/articles/CBMiywFBVV95cUxPOHpRQWRtbjZiM3dyaWtkMnRFeHJjWjBtaDh0ZVAwRkZ6ODJvS2RqLTd5QU10WHdwQ0tWZ3E2dEJzQThNUk9CTFlSSlhHTU9qMzR3bTJKeGtQaHg4N1FrelI1WXFHbFl3ZV95bDdEa3VRa1JNdDZfYk5QTjlGVWRFQjl5VTg1MkRGODh5VDdOR2tRZF95YnBBR2lQRnFVbDB6OWQzQ0YxS1BieFhDQnQ0WGlzZXhfSlhvR0RNcjZNbnUzTDRqbHd4YWU5NA?oc=5
2026-03-03	Google	0.164	Montanans Want More Solar, Natural Gas Development, Less Interested in New Coal Plants - Mountain Journal		https://news.google.com/rss/articles/CBMiuAFBVV95cUxQbmh0RGcwd056T0xRWFdzNlhzTHhwZFVOdnRQc0Y2MGtBSmJVLUc4OWdVNWZJQUFsTGtoVGFFTlZwR1NGdmo1OE82SjFzUWlRbTFwX0JSbmJDVFdTS2EydUtLdFgtLWZiTk9NTTlzMkh1SmlTUEwxV01BVWhjcnpDRGhKMnE3TmR6dUdUWUZ3V005Zi1ES3J5QVJJbkFQNGR5RGx0ZzFra2ZsVC1Qa0d5RUZVLWhheGlT?oc=5
2026-03-03	Google	0.16	US renewables hit record high despite Trump pushback - Semafor		https://news.google.com/rss/articles/CBMilAFBVV95cUxQSDJKb2tEb3BTMmJ1ZmVWQm5WUEZ0U2tnLWc3WDZ0bGdIZWhhQ3RmOHdDYlhCTktScFVZT2hQZXBObGVGMFhjSVB3UXIzOFNFX0xVV2s3U0NTYlN3U2RVOWJTbkRyLXFCRUZxcU9uTU8wOWpacml3OElhdmJOSF80NHVSVGtqajJGaFQ2OVRDUExNU080?oc=5
2026-03-03	Google	0.136	VSB to deliver 1.3 MWp photovoltaic project for new METRO store in Hamburg - renewable-energy-industry.com		https://news.google.com/rss/articles/CBMi3AFBVV95cUxNelNVVjhNYW8wUksxZW1YcWdxUFJjRGdRR2NIa0syREV4S19PS3k5MnBaWGNQZ0kzQk1sUHlTTXk4T004N0VBWHRUa3pCbzRJZ2pMNnFMckhzeU5BYjVqV3ZCVzFUMHE1LVU0VVRQWFNudG9qYnRXeUFRaHNzYVdDRldmYXhOemdHOEJieUUwaGJnampSVURCWmx0YUFUUWxoVzFzY0RFd09Cb0dUb2poVEFBRGdHR21hVTNVdTU2WjBnNHR1QldUakIxNHFSeWUwRTNBbWo3elNTVVp3?oc=5
2026-03-03	Google	0.106	Oil Is Surging. Clean Energy Stocks Are Down Anyway. - Heatmap News		https://news.google.com/rss/articles/CBMiYkFVX3lxTE4wc0NjbF8yemgyY1JhZXExMkIwdmJXZGptdEIyUGdROXlaWWNLM2Ffd0g5NEMzVEV2LWRiNWxFd2VxbC05bnd1OGphLXZIOEVWZlEzSnZYU2UtaEFLOTBJbHln?oc=5
2026-03-03	Google	0.068	RENEWFM: new call under the EU Renewable Energy Financing Mechanism to support solar PV projects in Bulgaria and Finland - European Climate, Infrastructure and Environment Executive Agency		https://news.google.com/rss/articles/CBMi6wFBVV95cUxPZ2p2RHFib0ZXMGpMWkJhODVRUmhmVmZRM3pYVXFZdEhfUExEZ0JGT1lJT1R0TDUwWkxUN2h5WFBUUi0ycEJRRHFxd3g2VGFvNWJYcEQwZXJUSENZOEZHcG9WTTVoN3I4UzBoMmpuLWc1VUNyVUp6VjdfLWxYaG1NUjRvN0ozV1I4QWhqRzBFbEtLU3dDNDJtRW94TFQ0SC1TRFZDS29qMndnUG4zNGJSNUxPY253UUVobFdvXzY2TThac2hzbVNYSkJpaFc4cXhwTWdYbXlqQy1NWjJaaGEzR2JoRGdwcDFJWllJ?oc=5
2026-03-03	Google	0.05	Utility Portland General Electric finalises agreements for 1GW renewables and BESS - Energy-Storage.News		https://news.google.com/rss/articles/CBMitgFBVV95cUxOYTVLRHB4NDh2RWpoc0JKdElSeUZPZ0V3SjFSenpoaGFsVVgwM09zU1FMTGNJQ3NsNXFlNmE5QTdkdUd2dkR1ZWtBZjVFWUlwakFUcDRmM1dqcC0wbXNiLXA5dmZlNzNQUjYtZFpXb25yNWxZaHJOSGhJYVhmQ0JtZVMyVUhneGdyREkxY1ZFMlBvYkZ3ZEVfNGwtbVFKQWR3ZFgzV2FnY1JUcFI3N29DRGpMZk1Kdw?oc=5
2026-03-03	Google	0.045	Big Rapids weighs new building department, adopts CIP, rejects energy deal - Big Rapids Pioneer		https://news.google.com/rss/articles/CBMiogFBVV95cUxQUUdGR1RKcGYwbkdNRXROTlVlZWN1eHhHMzhfUEw1VksxUkVEd3FjcFFjVGR3OUFpZ25fQkpOZVhJMlhzQ0F4TkNlWl9YajJJbjlzRFN5YjhfVmRlZmtnMzFFWkYybHEtYXdDRU1nQUFxVGxwZHJtSm83dDVwUk5BTTFHNkR1MUhIV01SUGlVbUFsUkdEN1RQQ0xINmZFOXZqNGc?oc=5
2026-03-03	Google	0.034	Platts Launches 1st-of-type Power Purchase Agreement Price Assessments - Powered by REsurety's CleanTrade -- for North American Renewable Power Markets and New Monthly S&P Global Energy North American PPA Report - PR Newswire		https://news.google.com/rss/articles/CBMi_AJBVV95cUxPcXc2QVJZcHUxdkhoZThSaklPREtyMDBxeXNKWEplTXk1dkZSVkQ4MEUtclFZRlJRaFBZQmRJZ1ZZenVYdnBmVXRMMDRqVlgxQ1pmUnJiVnZ4dzZJMU9vcFZhQUpESHVYYlB0ai1mcGdfMTMtakV0Z0VEci1FX2p2cndvX284SWdLczlpbE14eXhZTFdINkVzeF8zMmh3bkxxeFVWWUxwYmJTT3ZHN0pHeS1xd014RDhVNVFlWUF4Tm1RaWdvTHZoY2dSRVlDaDdvTUd2VldZcmdHNDExTDFuNmZUSm56NGxrVmdvSnpYX0FrWnQ5ZER6VFI0bUxuZGc4OE52ejZ6T2U1SjNlalJJXzJvWXZEMXhnaS1CMzdORksxUmlxR1RSSWhUVUVOQ2pVcENQLXNlYXVUQnJVc0Z2c01nMVRUYnVyaldDRTJHTzZzQmNETXRlNW9vZDlvdGQ2SWZsaVJXVmZUUk82Q1pLNkNjQk1jS0dqRHBqQw?oc=5
2026-03-03	Google	0.0	$142M agricultural waste-to-energy facility coming to Arlington - WPSD Local 6		https://news.google.com/rss/articles/CBMi7wFBVV95cUxQbTBBelQzRUk1Tmo3X1B6ZEQzek8tRWxFeTR4SXVZX0xRLWdMVFlOYmFvcDZGMlFxM19vSFd0RDVMalB3U09kbHpoVkdMVThFcnUyay12ajJxVlB0dXBVWmVFYnQ3SHVHXzRzS3lsV00xOTgyTzY2UzlhQlF4OHFvc0xnNk1XZXZJSnBCaEswUmJmWlQxWkM4aWNwTVBBa3BQVEhjZFhvaGtPeVFKRWcwbTc2MXBJV0hBT2psSnF5dkhwWmptMDBVTXJaZDY4aVYtWTRQdU80WjNyc0tXSTNWT2czVlNtYkZTbzZORlN6cw?oc=5
2026-03-03	Google	0.0	Ameresco (NYSE: AMRC) outlines growth, backlog and key business risks - Stock Titan		https://news.google.com/rss/articles/CBMioAFBVV95cUxOemtQMTg2VEZIbnpKb3JQTlM2T0tTczl5WjV4NHoxeW5POHFBVTNVNFNkMG5XdldUZ0RLVmlWT25zdlNaRDk5UjVJODhoMVcxMTdISVgwYmpsdlE2WU5HUzhaRzQ2Yks4OHNQQnd6cmsxNV9yQlFpRmViMEZsX0dRaHRnX1VubUt0SWo2cWdWaV9WSFZYTDBfbkQyVWJyUEZj?oc=5
2026-03-03	Google	0.0	American Biogas Council elects 2026 board leadership - Biomass Magazine		https://news.google.com/rss/articles/CBMikwFBVV95cUxPTm41eExPRVNoMnVnX05ucm1GTVJYUzF5UEVCNTFyRndNS3BOTGJfeGUtOXUxa21md1JLMmU5azV4WDJCSlRHRkJTTTl3WnR4WVFENkNFZUFyeE9tNU5CbzZiQXptN0VUeUc3N0NvTGtXZk9pN3NuSWJRSDVEOXF0MlFoa3B4XzhhbW1EV005dXF6VGM?oc=5
2026-03-03	Google	0.0	Argentina’s public and private sectors convene at FES amid power market shift - Strategic Energy Europe		https://news.google.com/rss/articles/CBMipwFBVV95cUxOdUxfRFhFU1BxNFF3aUJDUkhfT0xMdXItNFpuSTFqX3VFZVBTWmlvNkVPUnpaSGFoWXlJU1RTS0F0TFhJeDhaejV0LUEtV2gyUzFPdWsxNUxBc0xOMHZaZ3FpUEZQaG9wa244UEljbWNuSnl3TVhqYmpDcUtaakFDRkREc0RXMFN3Y2ZFc1p0NTN1QTFjT0tsZFlvWGFUSTRJX3ZZdkFzQQ?oc=5
2026-03-03	Google	0.0	Australia: 3.6GWh solar+storage EPC deal, 60MW acquisition - Energy-Storage.News		https://news.google.com/rss/articles/CBMi5gFBVV95cUxNWGNtT0xsakpSUmNrMHRfYUs3d2Q5cUN1YlJrWk4tN0FsSDZMWkp0WHFjTHk2LWJQRno3NXoyV0RpWDNhb1lETzl0bk94VU9aTGFPMkwtM1E4a3Ffc0RwcGNiQzV5OVJnYXUzc205MzFkTjdoYmlqQ0NBZnluT2puUlJ0VldvT2xHYXZyZmtla2x0VzNsVVoxNnRyZ2xTckc2bjZZOFludERVanRTekh1elpfOEszMHhRQWhJWDYtQnMxYmFXVHZIaWFRWGRmN01tNDNrZWZORVNDNkxfTjFVcU1oMWE4Zw?oc=5
2026-03-03	Google	0.0	BCI, Norges Bank and Brookfield launch renewable energy platform Northview - Alternatives Watch		https://news.google.com/rss/articles/CBMiuwFBVV95cUxQQTdTRG0zZ0Q1dnVZcno5eUJZVlVtX3BTR2VjNlNlem1OZnNsUEM3VWJBZmtmT3ZIOHNKb0RPLUY3dTFTanB1aGt5czVsd1FuRFhwUVAzWFdPajRDSDlKR1h6NFV6cmdyZzVJVkRCYTA1TWZ1c0MzOFFLbHBVNDRldUVOQlBiNlF1dFVILUgycXR0VDZnT2M1MzctcGVzOGJpS1B1eE41NVZUZDU5dVVCQjRfdEQyM3BycjFF?oc=5
2026-03-03	Google	0.0	Bipartisan renewable energy - WAMC		https://news.google.com/rss/articles/CBMigAFBVV95cUxOZzVub1pyRmh4NE1WZ3p4MmJFY3lJeDdhZnR4bmI5UVEtTTM4NE5Td3FQdGJDVXhHTXdqd2d6N1FnN0pQS3d6REtxVXhIdF9YUE5Ka3FwUG5MeHhCS1FJX2dNc3JiRlVkblNGSEo4M1F6SHBHQ1JNOVFOLXNUcWZkcQ?oc=5
2026-03-03	Google	0.0	Brookfield Asset Management Launches Northview Renewable Energy Platform - TipRanks		https://news.google.com/rss/articles/CBMiwgFBVV95cUxNRTdsSXppVDdra21mUW1uaDA3Sm51VHMwWkYzVTZra2xUWDUxQVQwZERxTXhDQnJvTGU1UEU2QXQ4U0pNbm5YeW1iUkdLOWs4RU1wT3hWbE9MZW50UEdsR0FYcmNQdnRsdDJ3aF9JdzFGY3hFQUE4MjdjUWRjemQwaFhOMFVTSzBiNFMxODhFX3VLX0ZxQnZ4cDZTZ0JKbFJWcTgwcmxJYVVlUzdvcm5BV3ZOakllVmRPTEtBdE9ORkpjdw?oc=5
2026-03-03	Google	0.0	CMS Energy to Benefit From Renewable Expansion & Strategic Investments - Zacks Investment Research		https://news.google.com/rss/articles/CBMirgFBVV95cUxOMmlZOHA2RFh0UjhVdk5IS1BmY2hwdlpodTBPTWJuUzNQSHRSODhsOGJHY1N0ckZ5T19fSEN0cFVzbzE1MlBVMWJWRl82aWVXek1vdWtvdHYwQ2tJTHhEUnVsaU5PdVM1Z1lzd2RocWl3VjBHdkR0RmRhVlM0U2pEZjUxd093MGY0VnNMNHZxbG1EU1VRLWtRQUkySDItT1hwMHhYR0JtQTdRSzFNNnc?oc=5
2026-03-03	Google	0.0	Chile's renewables share declines to 49.2% in Jan - Renewables Now		https://news.google.com/rss/articles/CBMimwFBVV95cUxOOGQxM1l4MHJGamxVQ2x0ZEQ5Y2czcVpGY1FtamUwUGMyQTZfdk85Nm45dERCYTJyaW0tNXpfczBOTFhXcDhZV3RDS2FDbzMzQVhYUDBzbU5QRkhkT3Qxd1Q3WUVnSnVXeG9BZFVYNHpuQXZJOHB6azdva3Rib2c0bTZKV19zVTNRTGp2bTNBYUF1Wi1yVmpMaEhwZw?oc=5
2026-03-03	Google	0.0	Coal Power is Rebounding in the U.S. Here’s How it Happened - Time Magazine		https://news.google.com/rss/articles/CBMiWEFVX3lxTE9LVEtLd3lsZW9QOEFtbl9WcjNpaW9JckR3WHQ4ckdOSmdpOThOSGVXX2V5WnE2ZGxTSm5pZHprY0o5cU96OFdVTU41OXNJTE1vOHBPOG5FTmc?oc=5
2026-03-03	Google	0.0	Could War in Iran Spur a Global Energy Crisis? - Time Magazine		https://news.google.com/rss/articles/CBMiZEFVX3lxTE91c3JNX201UzN1eW5Hb3R0UkNqZkRTMUZVaGJoV21jUEFRcmFDRUV3MWNNb0Q0UHF1cm9ZNzUzNmZGWDVNSW5mczBQMmRITUNyVHRKXy1OTWgtMmRtbEJZeXlsOFY?oc=5
2026-03-03	Google	0.0	Croatia's ENNA signs MoU with Azerbaijan renewable energy agency - SeeNews		https://news.google.com/rss/articles/CBMinAFBVV95cUxQTU5OR2I3Z2ljbXVFUjFlVUFqZlZKd1QycEdhMGlpTENPNTRXUDAta0RTUGhVVWEzLVVOXzFiTmJEdWZ2MXRpRU9sZ05RSkJ0eDhlcUh6emFUenhuMmVpMlFvRVRvYzNjRk9BU3pTNE9nbExlQmdWRmlRY3hkUURZYmFZdnM2S1JJVGpLMGRMek14R1QwSkQ0eXROaWM?oc=5
2026-03-03	Google	0.0	Daily solar and wind PPA benchmarks track volatile Texas power prices - Stock Titan		https://news.google.com/rss/articles/CBMiswFBVV95cUxQU0RPbkxtdmViYzZSSk5DOS1iRWlKbWlWVlhRNy10NXJJdUpESXNJcHBNVG5NTXdWOEQwQ0laX3BMY09KQ2VjeURRajBvSEJyMXF6WjloVUVlWHZKQmxjRFlNeW1hNEJXSnpCLW9uT3Z1VklWRVNSTEdSRHowZ01iTXlYQnR1YnFXNUptUU1lY05yTzlXTTY1UHd6WFFlT0ZIcDNMS2RweEVDanFYTWpYWU45VQ?oc=5
2026-03-03	Google	0.0	Declining solar, storage valuations drive increased M&A: Mercom - Utility Dive		https://news.google.com/rss/articles/CBMiswFBVV95cUxOTDI3ZHZkWWlWeXVjcy01anZla01BYjZmZXhjOU1mb3dRRHlfTnloNldYZzFpU2M4Z2xpU2VpblFuYjJoVWtFdzRuZWxLa3M3VHdxMzdESEtoczZObzNvckJhQlBtVWhxUVpDbVRrd0dqWW9EUENDR2J6QV81c1J6eHRrTG16REIwRXdkVVEtS2JKQU85TklkWHpEZ1BlcGVBVEdfRTZOUERneHZucW9HalpmRQ?oc=5
2026-03-03	Google	0.0	Dominican Republic Opens 1200 MWh BESS opportunity to private investors - Strategic Energy Europe		https://news.google.com/rss/articles/CBMioAFBVV95cUxOb0l5Sk9reWMxS2F6NE5WeXFvdk4ycmJ2a1ZBQ0ZFM2t5X2JQRlRxYW0yMXZLbmE1U2JYdTk0TDZhWWcwYTRsamhBMmo1T2tKLXV0RG10RXQydi1YYXlRR1hYdGIwYkdUTUd2QXNvV2wzWUtTaDg2elh5NzFsS2ZVWllkNktkT1J0akxaMlYxZVgzdlUwWmEtWklsMkZXZ0hO?oc=5
2026-03-03	Google	0.0	Dreaming big: “The vision is to connect Israel to a regional energy network” - The Jerusalem Post		https://news.google.com/rss/articles/CBMiXEFVX3lxTE9rcVhkbjQ1dzFYREFPSVF5N1ZvRVFzd0VnaWlHYlowOEJNcnY1WUVVZVBnOEZ1OUlmbzJSX044a1RxTWFDVm9ZNXdWeVhtUHRTM0Z0bDNjVUNnTkhk?oc=5
2026-03-03	Google	0.0	E&E News: Trump hates renewables. The Iran war may help them. - POLITICO Pro		https://news.google.com/rss/articles/CBMixgFBVV95cUxNSk1FcjM1ZnQwTTdfYm5HY0pubU1HUy1pdjFMMU9JdEkwaklyNkJiaVlyQ2pwaUU0NnJUbE00ZEJnVFQ0ZzVLM1pjR3NMNEY2S2pjUDVMWmhQZW5xLWNqek1Gc29uY0N0TG14aE1aSFRnSmdib3BnbHVaNjhJYmlDNVlKQWozV2JQSThjOTVnQjF4U0IwaWtkaTJDZ0lqU2ZkQ1pQVTY5MTZQVTd4ZXJ4OE9CRHRHc0dILVhkcVI1M0NmaUVzWHc?oc=5
2026-03-03	Google	0.0	Energy panel approves plan to rename solar program for Hortman - Minnesota House of Representatives (.gov)		https://news.google.com/rss/articles/CBMiXkFVX3lxTE9VRlNQLTFXQVdzVXV2bzVuQTRJYU5kYUp2TldVbXpxWUU0TTdmektyQVhzekxUWF9qX3dvc1VHeE9oVENVZ3RjdEQxREtSMUdPS0N4M3pBUEZFVEVvdEE?oc=5
2026-03-03	Google	0.0	Fear over farmland loss is slowing renewable energy development in rural areas - The Invading Sea		https://news.google.com/rss/articles/CBMiyAFBVV95cUxON3NTU05NVkFVT2wyQUlib3hFU2FoZVJHQUhVcWt3cmk5SnFfZ21TOGE4SXFrdDllQ1VCT0toV3FpZ1EwbVBrbVNFOGgwRjRCbk9wUm1wNXRhWU9mT2tWVlkxSi1Zc1lxdE5wWldjeFRJSWpCSVFKYzRET253NjN6YVpqTExNVU5xdWJxX0pvTXBSMmp3TkFzQ0RLRk81S1JBVXlDTEVzazZkRHQ2QzFYSEFlWGVES29fRmp3Q3JtbDgtenVoRlg5Mw?oc=5
2026-03-03	Google	0.0	GrandBridge Corporation and PowerBank Corporation Announce Co-Development Agreement for Solar Energy and Battery Storage Projects in Ontario - PR Newswire		https://news.google.com/rss/articles/CBMiogJBVV95cUxNaEpOYWFTWTBKTzdVRG5wRU15TlpKSXQ4V09WTW5YUmNNOGJ6UlZhX0p4cUJqT05FVFZmR0x2TWxrUF9qc1U4YVNhOGxYaVhzV2U3eVc1M3lhU3gxeXREeUFQME02bHVjTFdzdWpjR29rOHk2Mkk2bWVZRWV4elU1T2VYb0hTdTE5M0NMYmEzb201MmdaOVZmQmVZcENzMGtaYzN5bF9TaEFMVGNCMjZMY2o0cWNwdVFXcWFoWTZyNDdkbU5fTjBZb3k3eEdLNXpUVGcxbTYyZE1WVVU4bWxkREQzX2FkQTJlMWZBYlpmNjNIR3pkWlhqazNsdEEyRjIzeDY1SGdvUDM0TTlkLUx1dGtEcWRybWRFcUp6V2pkX0Y5QQ?oc=5
2026-03-03	Google	0.0	Growing pains: Grid congestion as a renewables bottleneck - pv magazine USA		https://news.google.com/rss/articles/CBMinAFBVV95cUxOOHMyVmV0d0RSUHlCOE1Rb0hNLWR5RmoxWEhzVmpHYzlqMDBqaHBPOXN5ZnpIOFEzNlpBekExdXc5NF80NjN6M1dfeU9ydXpEdTJGdjlhMXpXM3VKZmE5TllURk9DQmR5MHVpWkZ4NE9vV0lrbGNJcWRxOWlhMXJzVFItU0lwWEZFUG9lZVpRcVZrV1FZOEdTZi1BWVM?oc=5
2026-03-03	Google	0.0	Guest Idea: 7 Innovations in Energy Storage and Transmission - Earth911		https://news.google.com/rss/articles/CBMihgFBVV95cUxOV1NndzRsdmkxZmVEM09LeTB0Z2o2ZlUzRDlFNVNobWxiTUJ1WU9idDdQOUU4bHdHamg2QnJ2c3JSTXFSTm5nNWprTWhHTU9xdXM3S2x3STdBeHN1WjlLaWxsRU5QNmUySTNBR2tudmRHOGNkaHZnMGgwa3hSSTJ2a2YwX1QxZw?oc=5
2026-03-03	Google	0.0	How Start Campus and EDP Align Renewable Energy at Sines - Data Centre Magazine		https://news.google.com/rss/articles/CBMiiAFBVV95cUxNX3hCUkhmdXlHb2F3YnpvOHJhaEl6bk5Ld2prc0pzc0RpellwY0lRRGszejZzeW1pS3BNZFJfdE53dE80ZXJ3bHl1VlI1ZjZyaWJTUkN3eF9YanJjdEtYWnRVVFBPWS1WZVdBRVFGbWhyTGQ5dC1uc3JkSF9vWkZsWUFkMHBLakVy?oc=5
2026-03-03	Google	0.0	Hybrid Solar Panel Turns Raindrops into Electricity - ZME Science		https://news.google.com/rss/articles/CBMiogFBVV95cUxNYUlwd1I5SmZyaEZqU2xKUThHdUJyWHlGRWpRN0F6QU40ZEpiMEFGQ2diN0pnenAzU1F2NklvUTFpekdFZjlKUlh6RkU4aVBOTEgtVTFCRFB3S0dKbjBHOFg4dzI5WkczZVdLSTRRTHE3dlNnNFd4LUYyVHp3RWhKYmRWRFl2S0dfMGxmdzZ5bEdWcVQ5U2dWU2hUQlFkdmZocnc?oc=5
2026-03-03	Google	0.0	Indirect Land-Use Change: A Persistent Challenge for Modeling and Policy - Resources for the Future		https://news.google.com/rss/articles/CBMiugFBVV95cUxObmpUMG8zM2dOUWhFczlxZWp5WnRKM1d1bDBtQW41bGlEQzdHMmRHUHAyMnZweXVnT2xjTnpJeUd1alFlZE9IdkpkR19HRTVRQjRJUXh2TjJ2WGdQemt2ak1WU2pMbWVPU0dkNFB6d2gxZDlyd2xnU096NjRtUFVpT0xZd0tWRm1pcnMwTDV2VVlDV3ZhVkV4SjF4RGQxOGhRVFBRblk3MUxfZEZoX2ZsTVg1QjlBbTZhQ0E?oc=5
2026-03-03	Google	0.0	Jamaica to issue renewable energy, storage call - BNamericas		https://news.google.com/rss/articles/CBMiiAFBVV95cUxNVnBBekpJeHowWDBDMm9US0k4M2F5a2hWSGZnOHNhTHBQWmNKZ19TalhxNWtQVHNveWJLbkNKaUY2dUhJYnFmVHN3T3RvV2I2SUYtU0hWS3lqY3NyYm5xUm5HQW94WFdHcS1YMk44RnozOFFFVW9lQzhYMnZDYmt1VFNHeW5Sdmpp?oc=5
2026-03-03	Google	0.0	Kanadevia Inova breaks ground on Minesota biogas project - Biomass Magazine		https://news.google.com/rss/articles/CBMimAFBVV95cUxPb1FBYUNZZkRYSWVfbS1lVnRZX3ZzMl9iMzhQSzl0Z0wxMjdseTNpWUVhR1VXTDhSbXhsS21CckduN1J1MUpyUlhQWmVHdnZ4eFB0Mmw4SXREV0VncG43b3lTM2N1UldoNUpJcDJOZXBKWHQtLVNSTFkzemp4MVNtM0lTREppYjZvT3BWVWY0Z2MwMWZGX1ROQg?oc=5
2026-03-03	Google	0.0	Maryland Republicans blame renewable energy push for rising bills - WBAL News Radio		https://news.google.com/rss/articles/CBMijwFBVV95cUxNcW9iRXZHMmpEVHE3dlNVMjQ5V0o5Wm90YjJDb2M3a09BTkduTmRFTEY5VExyNGNQLWp1RnBGZWxzT2RBb2RqYTRZdkRFQ19vZ1FPeUdWdUxPWEpOU2FxbUdib05vSW1fT0JLek9ReVZhM1R2Nl9UeEhfMFpHMHRSUjlrMkk3dzlIaWdFLU5xcw?oc=5
2026-03-03	Google	0.0	Meta Strikes 80 MW Solar Deal to Power Data Centers and Cut Carbon Impact - CarbonCredits.com		https://news.google.com/rss/articles/CBMiogFBVV95cUxNVEotQWdidnc4OWtvVGZ6VXhpemVPNVVTTkdTVW5Pd3NqN05VRDFfTGQzdVNqSmNLdUNoUzd6TWptODZJQ01EVDd0Y0Q3TWI0NUxUaXo1SzlrVGk5cHNNLUswZDNKVExNRDZjTVE0cG9fTGxUVENIRUo0S0RpVVhHcDhTUjRIZGdUb1lDRGUtUHVpZ0RlR3BodTJERTZPcTFCS0E?oc=5
2026-03-03	Google	0.0	NANO Nuclear Energy formalizes agreement to support micro-modular reactor deployment in the United Arab Emirates - Energies Media		https://news.google.com/rss/articles/CBMigAFBVV95cUxOTFQ4R2M5cjAtTXF2SGx5QTI2UjBBWVk3NU1ucDNzNkI0SDV0cUZvUXhUZTN3TzN6UFBMWXpwRW15UzJxSUtYaDNVS0NmUjNJQW9qcU1Ua1hBZ3owREVGQXB0QWVzUkwydm96TE9SWkt1eG5YcVlvTWRzSW91SnBnRg?oc=5
2026-03-03	Google	0.0	NY ratepayers also subsidize renewable energy generation (Your Letters) - Syracuse.com		https://news.google.com/rss/articles/CBMitgFBVV95cUxOZEJkRVgwOFdOeWhpVDdEZHg4ZUtWamhaQ05YMlR5dk11aVBaMHB0WmM2T0tyV1dqYXg4eFRHRnk4Y044UHdZMTVKdFpUUm9yTkRFbG85cEFVNjlwcGxVTDZ2cmV3SEEzYUFCX0Uzdkl0X1NVamR6b2k0ZzdxdFdiTUZucnliVVN4MEZtYk9EcjVuRWNEaEphY2sxRXpDV0hFeTNMY1A2cWhRTTkyTGljSUZIeXZRd9IBygFBVV95cUxNZUk3X1dua040cjBYTHJnNnRVdVNKQ2JndVU5WVBJbXdyWTRkN2VlX0k3ZThxN2xJZjRSa1RLXzFRajJKdjVBSjNaVVJQc3BfempILUdwR09rcTI0T1VwalZ2Qk5EZnF3YTFQNUltZ2NLYXhEbm1SMkZDTUxSTm5HOFcweFM4dy14WjlGZ0Y2MG0zbEh4S0hOQVJRWVZxczRGQ1N2dGl0TWFoZkltWmlpWTdGOXlZZWZjaXZqeFBhNlVtdFEyQ3VmSFBB?oc=5
2026-03-03	Google	0.0	Norges Bank, BCI, Brookfield launch $2.6bn renewable energy joint venture - Net Zero Investor		https://news.google.com/rss/articles/CBMiwgFBVV95cUxOT0FCZjFBeG93MkJuMkhmcWltWG5tX1o1enlNODcyMDV0Sk1XNExWbjc4WDNiVXBDLU81TzRVaUtUTFFTWlBNNVRWSVhONDR6Ui1PYzVJWGlTMkE5UXljQTUycEMzS2k2cjBoQVdHM0tOLWZqamNRYUUyMXcyVlNKdWlYT19KV2xlNmtBUzNYczEtR2N5N1otRzRLcElSMXZJcGZlYlJTMW5QcGpsRWZYNmo4QkctX2txVXZHcUFFdkVFUQ?oc=5
2026-03-03	Google	0.0	Norway wealth fund buys 33.3% stake in North America renewable energy assets - marketscreener.com		https://news.google.com/rss/articles/CBMixwFBVV95cUxOLUo0cnp5VFlXTVliZU1LcnJHWHJJVFllS1phRlZtQllEUDBaTHQtMmlFc3FDdTBWSzhnak5YNnphNXNXZ1JUb19iZFc5LWtqX0tfVXg5OFRZMXhaVWRBZl9jd2FVZEd6d0tCemoyWGZLcEgzM1RKQ0dNa09KSTQyckszbnh1SV84d2RWdFd0T2NXYWptd0N6YTNIZll1ZkpKOE5ETzFUaDZtYzEtWDBWaHp0Zl9wTnZlMjUyVUpndEMwQ01Xamp3?oc=5
2026-03-03	Google	0.0	Oil Vs. Renewables: Competing Visions Of Global Power - Global Finance Magazine		https://news.google.com/rss/articles/CBMinwFBVV95cUxQY2xRU2h5SktlUHJhRGpkNFhmWmpCRFBFemctSVU5Q1l6Uzh3alA2SU9rVXFNZUMtOHJveFRwNUxoamZ2elZ6aXFVeWxqXzBhQ1J1UVdTYWJ3ZDZWRkI4ZUVVcE9IOTg4aFR4dkxORkhLcTNOYkZFZ3phbjFhcXRQQkk5OW9sdThwZVJTMnlHV2hGY19FY1JaY0hLaU5HSHM?oc=5
2026-03-03	Google	0.0	Perry, McAuliff Agrivoltaics Bills Move to Spanberger’s Desk - LoudounNow.com		https://news.google.com/rss/articles/CBMi2AFBVV95cUxOS1d6VDlrUFNMMzhQU0ZoY1IwT2tnTHExZ2RMWU5kVFZKNjFHMV9YOTlwYXBBMjdfeWNhcFdvT1VGZTFEM0Y5M3c2aUFRelpBVG1xLTd0cmhCN204N0s3S1UyRUJZQTVHcElWWGFicmRiNVhBMzdVaGotMlowdU9ScFp2LURCRFJGRGNlcDY3bnVmSnlCcjVESml0QkVQQ3BMNWU2NzRVbmNrOXAxUEgwRnFOX2h0b2hteUVvdW9nSXdHQXBHR3Y2b3J1WTNjVVpMNXQzZE5rdHY?oc=5
2026-03-03	Google	0.0	Press statement of Dan Jørgensen, European Commissioner for Energy and Housing and Parviz Shahbazov, Minister of Energy of the Republic of Azerbaijan - energy.ec.europa.eu		https://news.google.com/rss/articles/CBMi4AFBVV95cUxPOFI5VkJMSUlfa3NISmtVQlAxb2s0a1lfS3BHTkhEQV9tTEdtME5sNGZyQl8zSVh5ZXZyMmw0S0pEcnRuSUJqU2RnX1dmXy1rWW1EaWhXYlpCYlBaX0N2VzVuSXFEVlRxR0syTGk2aE5VYU5aVjZRQ21pVFdsR3R6RFFpNnh2ZmhzZ2pzeGJNVU90MDA5YzV0RE1fVUdDTGtLWE1CcXJPYXpaelllRlJkRTYtSVc4eFZVX0FVdWpvM0tTTzJsXzcyYWU2amstSlcxZlVzdVl6TnBLNG5wdFhTYg?oc=5
2026-03-03	Google	0.0	Puerto Rico: Polaris Renewable Energy receives approval for 71.4MW BESS projects - Energy-Storage.News		https://news.google.com/rss/articles/CBMisgFBVV95cUxNZHpmQlQ1UjhkTW11Z183S21ERVNTTEVzR2J2di1DUXRraFhFVGNUVFdFMWx6UWtlekRMME1oaDc1Mi1sMmZOeGNJRmtIQWRNZFIzbHU4ZE5MN1ByVmVtWk5hbVhsem1iOEg2SXp3WHdYNHY1UTFISWpnRG5LLWNYWjgyVnBmcW1SRGt1OFdqSGxBNWZfUGRJQ2JPTi1UV1l2WGMwbVZDdk9PZl9kWnh2U3Rn?oc=5
2026-03-03	Google	0.0	RELEASE: House Energy Committee Passes Bill Renaming Community Solar Garden Program for Melissa Hortman - Minnesota House of Representatives (.gov)		https://news.google.com/rss/articles/CBMiaEFVX3lxTFBpMzIzX293RzJDUkgxdjN5dnRRdkd5dV9mZHJVUHVCTFh4RkE5VVZHaElHU3Jlcl8zb1hsV0JvN25yalluQXNPby1JNzd3Znh4M1pMdFMxVjFGMFN4Q2tKejNNNU1HaXVH?oc=5
2026-03-03	Google	0.0	Renewable Energy Infrastructure Outlook 2026 - ION Analytics		https://news.google.com/rss/articles/CBMilAFBVV95cUxOOFktakFUY2pJMjVxcTlvSElKUEl3WWxkdm9UZEVFNGJsQzZlVHdkRlUzdHpSaTEyc2l4MDI4OXZnbmU0SFFxVGxNcEdtV2pqcDNZeExLMS1weEJzelJsNG9zWTFWazQzX2RYWmdHdnlXRXlIcXV4akN4UUtnWjd0bHVocnAtLTVrUWJfR09qYnd1X1NZ?oc=5
2026-03-03	Google	0.0	Researchers point to reason coal was surpassed as an energy source in 2025: 'Shaking up all of our assumptions' - Yahoo		https://news.google.com/rss/articles/CBMilAFBVV95cUxNOW9pc09TbEJUVTY5d29FNzJQa1kzRmFnU3BjTmgxdGw5RkpteDZmaktRenIxdGVNSEdEaUthdnFEMXVaNksyeVYxV1NvZmJ0alhub0xEN3ljd0VLNkhFUFlITEhIc0hLRV9wUTVPNndfUVQ4bmNOX2d2cjVXRVhKemNaV1FzdWNQbnBaQTEySm51Mnl3?oc=5
2026-03-03	Google	0.0	Rooftop solar incentives could be retooled toward lower-income households - Hawai'i Public Radio		https://news.google.com/rss/articles/CBMiyAFBVV95cUxPSXZJWDdCWElTNW84NnY3SXpHYlloWlRDcFNSQU5oN2ctTlhURUxZSkpoU0ptaTQwN0FCc1RkOVUtekNRenlUcmVKcldHZ1dIaGI1dm5BUVFJOENsMU92dmdsS2s1RnZGblFiVUdPRVdCSnVYMEZ3dnRpbHBNZlFaekVrTllTWmhLTzRUUjZUcG9qSzVFdHhRWjJrQkhFMmpxY2N5bnUzcXNwUDdlVW5pdEhRNVdxeWx3akRGeDdQbEcycFNraTR6aw?oc=5
2026-03-03	Google	0.0	The One Fed Signal That Could Flip CNRG From Loser to Leader in 2026 - 24/7 Wall St.		https://news.google.com/rss/articles/CBMisgFBVV95cUxONWFObmFldjZYMV9oelI2VmRTLXRpS2ttQVlKOWQxQUdLVks3QXlDclZRenJ3RDJQSHdoX1psbHl5Q1E5cjFJQTlmMDItanctY0ZOdkJMNFlRWGxjQ1pWM3VWNUo1SU5XRm1vYkd0RTgzMk5pSUZsMFNDNXZHZUs4dmpEZlhHcThTVVgxeGRleXc4UUVwcWlwTUdUcV9CVW1zNVgxQWoyVjZjS2NQSEQ0TVhB?oc=5
2026-03-03	Google	0.0	Trump hates renewables. The Iran war may help them. - E&E News by POLITICO		https://news.google.com/rss/articles/CBMijAFBVV95cUxPOTBhd2w1MG1PY0NrT2Q0NkFWcEJlalhwcGE4d1pBaF9oWXJ3U3VZMy03bHBRRlVUdXFLZFEtZVF3Q29wcG1hY1A3VjFiSU1nbXZzRDItQk04bC1nTVBTZEZqREF3c3NOYVZoQ1QxX2IzZ0NDWnNnOXR0SmhOUHFRcmZEWkM3WURzNEtWSA?oc=5
2026-03-03	Google	0.0	VAROPreem Supplying Ecolabelled Renewable Diesel Preem Redefine HVO100 in Norway - Energías Renovables, el periodismo de las energías limpias.		https://news.google.com/rss/articles/CBMivgFBVV95cUxNcUFKc2pfQ2xzTlJvVl8wNnZITnF1dzhzOHBKOWVSMm5HYWxBR0k1WEUwbDRSaXlJcl9WQmlJei1JWXRjOUZvbXdXbEs1TndnLXQ3SmoxdnZObGh4VnVtVjh6UnZwaDFWQl8yMTFUdjNoMWxrcjNnckNpaS1PSDJaUktrVTRQT2FpOHV1OGpqaHlBd29td2NZdkdQcWxkaDNPaGFqM3FmTDZQWTFETVpZN0M5N2F4S2xHYWFaWHRR?oc=5
2026-03-03	Google	0.0	Why Solar + Storage Are Central to Meeting President Trump’s Energy Priorities – SEIA - seia.org		https://news.google.com/rss/articles/CBMiW0FVX3lxTE53T1FPdjNiaHBLWkJ6cjIxM200cV8zOEEtWkVaYWJHbS1NRnUwTU1UMVRxYWJodDl0TlVUakJkWkxsUjJpbWZaY3JkWnFZNDEzYmhwZzBkUm5KbWc?oc=5
2026-03-03	Google	0.0	Why your RV should have solar panels - Environment America		https://news.google.com/rss/articles/CBMigwFBVV95cUxQeWk3R1h5dTVoY0tLam1ab3lBSHVnTXRkUWMtemFoeDdVQ0hBbEt4R1EtVUtVejVuS18wcmh4eHNtRUhNTzM3MjZVekFvckJwTnF3akFvV0p6Ulk5a2w0Qzd0TW04TzZRMnMwT0lTeDNSSVZtWmw3MVZqdmJHNWVuSjhwbw?oc=5
2026-03-03	Google	-0.067	As Iran crisis upends oil and gas, clean energy gets complicated - The Detroit News		https://news.google.com/rss/articles/CBMiygFBVV95cUxPWHNQWlpUQXpWVlR4Z2NYaThJdnJVa2VBYzFhUWxiTjRfaXZZSk9sTVJPaWVwU08xdXJrTTNoUzEwZUNOVEZFLTZ3bGlXd1Flc2t2TldYdWF5dGxLMnZsNmotNmFVbV94UjJBV0NMZDc2dG5rVzdiYlNLUU9zVG5mVXRZeWVkN0tRQlEtZXhSUlEtcFFVd3p2cExxSVZEWkxENktiRmhHT1QwTGY5c01BQmNScHNNOWZBY2JzVHVUWHJMTXdPWll5WGFB?oc=5
2026-03-03	Google	-0.067	Power-ful Currency: The Opportunities In Africa’s Vast Green Energy Potential - Forbes Africa		https://news.google.com/rss/articles/CBMizwFBVV95cUxPVnprdlhseVg1S29NbWV0Q09xbFZEUlg0dGdYdlQtVkRSUVJiLXlqT1NIbnRON0dVQnVDQWZBeHRSVVdKQ2U3OUFJbTVsUEhma0ZyZWFHVHd5Rmg4Z1B0SzBIeFRTeV9Dbzhia0JWaVpGWDU5d0FLX1IxNHphREx1ZGMwUkgxbE5CNmZCWkIyc0JHVzIxbWRiTXJVYjZ3U1liOFAySlZKYmhLV2RLelNXS0xhSTR6Z0NETWE5SVMtRFNpZi1ZZnVZdV90Sk8tNWM?oc=5
2026-03-03	Google	-0.1	600+ GWh of US energy storage expected by 2030: Benchmark/SEIA - Utility Dive		https://news.google.com/rss/articles/CBMiowFBVV95cUxOenhZVHBGM1R3emJrWU1UWkVoOHNlbHpsV0pqaUdBSVpBbWVYWFlIRGVrS3VaTXBjVDh0alRxSzVaYXdWY0NGbWVZeVlzdnM3aHlWVXgwWFEwWHQ4eWVfRmEzSnNFN1YxR3B4SC1RZDZPdEhTWXJvRy00bWZyOGJoNUhpbmptbmZVZWJKR3F6Q0RtQWFudkFLM3BmMXVfOVF2ZV9N?oc=5
2026-03-03	Google	-0.1	American Biogas Council elects 2026 board leadership - Waste Today -		https://news.google.com/rss/articles/CBMimAFBVV95cUxOLVpiRFRYOXFTeDhDNmhIY0RmS1BxZXFNVzlaMU1EM1hMbTYzY3d4c2RwTzVrSGZndWp2VmhfWF9BQ1laSnF0UzBfOTA3TjZNUkpyQWtpVzN4aDlqVmhLNUF6TWFicGdRUUVmNlV0S05jLVNMZERHNjBTVTd4VlBtSGw4ZUdzSm1qWUt3eVJESTY5dGpDRjBEYQ?oc=5
2026-03-03	Google	-0.2	EverWind Secures $175M Investment From Nuveen for Nova Scotia Wind and Green Ammonia Project - Fuel Cells Works		https://news.google.com/rss/articles/CBMi3wFBVV95cUxPWl8zWU83U1R4cmJSSS1nR2c4TVJONnlDbVVPZ0F6OU4yZ2hwcmlHVUo2dVNLYUxiY2traC1FVGVocHd3MC1aMTdVSjc3bS04elkwVmEyUFpyQXRsUmpZV211THFhbkF4RDR2eHhPUnowSHBYZ3c0b0JMNk1xWWlGMDVkMnRDdUg0a2ttdG11UmNJZGdUZ09YVVVkMjl2TWZLZDYyZ2JYaWtsYXhPOWhrbGxXNUNxcEV3LXpMVlZvVk45bzFQSHhkOXJZem96TWt6Z0F2UFpMRENzZlZIM1dR?oc=5
2026-03-03	Google	-0.2	Green Hydrogen Drive Could Backfire without Supply Chain Overhaul, Study Says - Fuel Cells Works		https://news.google.com/rss/articles/CBMixwFBVV95cUxNVjlGV19MY3Z6QW1FejM4UDZtYXBxbkNYWFRwSzNDM2xDcGN2S1ZsUlR5OGtBbmd6bVEyMDh5ekc1d0ZYNldlQWt6LUNmUDFpamlvYkRvNEFfME1qVFh4Z0VseUMxNFFYUDhMVDBxd3NoWHhMcWp0Zm9pYlRIcHBjcExfOHBVQVFhbXAwOUNHcl9xSGF2OTFCTURfZEhqV0tweWJTUFZReGE4S3NqNXJJTkgzUjBlLVI4MFF1N2xENm9SS1MzTkFn?oc=5
2026-03-03	Google	-0.2	How green hydrogen can help counter climate change - University of Nevada, Reno		https://news.google.com/rss/articles/CBMigAFBVV95cUxQUzRBWHY4RUtiVG9DaW9kdVJxSWctakhCeHFNWWM4Ym9uSmxlNUZuOWw4SzNYR1UtUHctSEx4NFJyc3pkcU1uU1B5bnFwRzBhNzMwdTVzLTctX2IwR2xBSVlLSG1wTXgxR2pmQVI5TzhsN09rRUx1ZmN4alRKUVdHSw?oc=5
2026-03-03	Google	-0.233	"Green energy advocates call leaked NYSERDA memo ""red herring"", cost claims 'exaggerated' - WHEC.com"		https://news.google.com/rss/articles/CBMitAFBVV95cUxPUXNfUHJIYnhLaU1Mbm1meUV4dlRodGpuSFdzVjFHSDRjRXVZd1ptZGI2emZKS1BRRXZ4Z2R5ckw2UUkzcWdkRHlTZDRYQXhFZ2xaUk5ydmdvY18tUDA1My1tVEFEOVlmYVVlTDFrQXZIXzRJV0RsNG5Mb0dYWUI4WGNONFJpZ2tpY010aVltM3dJWnF1YTM1aGgyMFg3cUk3c2g4Sk1xdElhdWdQd1J3RnNBN2Q?oc=5
2026-03-03	Google	-0.389	Tough Questions for Governor Hochul on tariffs and energy costs - WGRZ		https://news.google.com/rss/articles/CBMihgJBVV95cUxNWUpaaE1wM3JwUWIyZEtRM3V3SUhmcDFiQm9jdlZyRXMtLW95a0s2amtwQWxxLXphQmwyRmk1eTREZ0dDZm56Y3UwNEVwa0VoMUhIeVlpSEFudlNIQzhsUGFDYlFSLWxMWjk5TkduWXRJYVVJNVVtaEttd3VFczlFVmVRVFN2bFN1bzNmeWtmVmpfbDlRb2MzT1JZRVdBM2tUNVNJMXpRN2JRakhnb1FkRG1ndFBjam5IaXF1em8wbm1vQmJKVVBickNHMU9paVl3LVU4QzNvdDJuWkNadkN5S05qWXpEUU5MUjVQcEZ2M0R1X1V1eWtTNGRrclNnZGx6NzZCMWJ3?oc=5
2026-03-02	Google	0.6	Renewable Energy Production and Use by State in 2026 - The Motley Fool		https://news.google.com/rss/articles/CBMiZ0FVX3lxTE9CRlRSVG4zbUs3SGRFbW1lMTdPZW1ScHlSOG80ZWNlam9PRmtCZjhtUHI3N3ZhOGdSNmFwa2pxeGR4dEdyWjlnWUVMSzZPbmN3dFJBU0JBYW9vM2cySzN1dUlBZUpGR0k?oc=5
2026-03-02	Google	0.5	California orders more renewables before federal tax credits are cut - E&E News by POLITICO		https://news.google.com/rss/articles/CBMiowFBVV95cUxONzlqUVBfSVVndXVoX2JmaTdFMG9LalVVeXh3aVFBSERYS08tQjFXV3dWMG5wZW1KRVdvSW1OUWV0a0xKMjRDLS1Kc04zb1Z0ZEowblJlUk9xbjJrUzRsY21weUh5YmxpZlp4SUZwODhGUzNpZ2czbzdueFIxUDA3c1RhS0V5OC1RazJVbkNxVmt1bk5CYm5sY2xOODlMTHNQMWdr?oc=5
2026-03-02	Google	0.5	MITEI’s IAP activities reach more than 500 students and community members - MIT Energy Initiative		https://news.google.com/rss/articles/CBMiowFBVV95cUxOc0t2azlBM2ozUmxxbWhYbkxwSk9zdkstMjE5cjNwVXoxM0F5b0t5NWN3ZWkwQ1RBVU01NDlfWl9McElhNmc1azFEV1A5bDBrekpLRS12SE9FRm8wSkRUZkNfZ19uZklmZm41Uno0WnpWMDh3WTF3YUx0TVYtZ0VPZEVtQkRtZDl4RDlkNEw4TFdSbnFqNkZadGF2bzJYVXhsVDhr?oc=5
2026-03-02	Google	0.5	Philippines requires energy storage for renewables of 10 MW or more - Renewables Now		https://news.google.com/rss/articles/CBMiqwFBVV95cUxOVkZNbURJNlk0M25kQ25EZFR1bWZhekdaVHBIdHcwUFNlcnJWLUx0U3ZmZXBPN1N1bVA2TDJfYnkzMjlta0wzUldPd2JMQm1KaWdtSXFlX1dKQ25VS016RUFZQ20tRFAyZnVNUGIxdURrOUtrQ0dib0VPakg1WWQwVk9HZ3JQQXNYa3h5bWs4U3Izc1ZjNTkxUTVpcTJLX3NHVS1nT2Y5RkxodG8?oc=5
2026-03-02	Google	0.5	Statkraft EVP: We expect investments in batteries to be much greater than nuclear power - EnergyWatch		https://news.google.com/rss/articles/CBMic0FVX3lxTE1GU3FoanNsTE45bHgwRERucF9YNDk0eTBhYk5LVy14RDZpS05VUHg2RkRPNUNpVFRDc1NWdTlwaVc0NmJkOFNMVFZLQzZyN1V2eDNUd1Y0VGk5eDRST1FEXzRiMTExNWJwZHZmSHhOZnFna1U?oc=5
2026-03-02	Google	0.375	Van Oord successfully reaches he corporate target of 80% renewable energy by 2025 - DredgeWire		https://news.google.com/rss/articles/CBMipwFBVV95cUxQV3VKOFVNODBaOHdEMWRYZmd6S0VScFJDeDZULUF4SkZfRlRPNDBlNmJmRGJwa1pWVk9nLUhfR1Q5Ui1DNk5UWlEtQ1otUkZKUWZveFRUeHBNQXlzMkRlc2NrVWp4S2tZcDA2WU1RZExQeE1yOVpqWkc2MEtkeERjaUlOeTItMzd3QjJGZUF0TThyY3RueHJWV3lXSzZnVG5ycV9lUG5XWQ?oc=5
2026-03-02	Google	0.367	Clean Max Shares Tumble in Mumbai Debut After $341 Million IPO - Bloomberg		https://news.google.com/rss/articles/CBMisgFBVV95cUxNRVhDZk0zU1VXdTZqRFAxOGMwWnpnTWdadHI5MmNOVU1XeFFvR3J5Z2pGcFdwdEtDVWVNZFJmaU80cjRtNk9YX2toSWlMaXdlalB3M25hMHloVVpBR2thMXVETkZ0UXpoY1dhN1lyam5rNkhPY09uc2ZkZEpuZ1owa0lILVJaZUIzVTFpbHk3SjJ0UjZISHVwMkh1TmtBTjdzTmNTOHJpWXNaY2FUREZUV3BB?oc=5
2026-03-02	Google	0.367	Clean energy additions to break records in 2026 - Environment America		https://news.google.com/rss/articles/CBMikAFBVV95cUxQSXQzRUFmY3J3T1pUdzJyOWZpN25zYjJUM2lJOHc2Tko0YjBEMzRFX0RsZ3BxQk4yMS15NkQ2LUg0SlhtZF9aTWRqelFJaUh5NEx6OUlhbEhOMEY5Z1E0NHFneEtiZ0tqS3F3cnlCa1NERUN1djhjTTQ1d2VjZGhJTHdIbFhBeGdCbHhQQkRtZnc?oc=5
2026-03-02	Google	0.367	Commissioner Jørgensen in Azerbaijan to discuss energy security, diversification and clean energy transition - energy.ec.europa.eu		https://news.google.com/rss/articles/CBMi0wFBVV95cUxNQzZDWWlaRDdtVGFJNThORE95MVdJOGF6QjQxenNBVjVzWEFoZVhSWHV3SDJra3RPQU00R21iRklsVTdjU2w1UXZhVVN0TWhNbU93RF9kMGhlZmNxWTZnblA4WExQQmlRMm5qN2R1aS1RaENMZnlDaW9tc0ZYS2lMeWxIYkwxTVFLZjRDci0xREkzS1dMdml0aHRVX29zblRxUzVjbV84Sl9KRVpnMHRjTm9BdlhYVENGMG9Wa1VPN1RfTzlHY21XZWxtNkRLUEk2OHVR?oc=5
2026-03-02	Google	0.367	Consolidated Edison Boosts Grid Investment and Clean Energy Growth - The Globe and Mail		https://news.google.com/rss/articles/CBMi4gFBVV95cUxOeVBkamxvRGFRVE5wUFVTQWdhd1FGX0JyWkdOZ2tyVzJQSjliRGtCOW1raXQ2WEotSDJJdG52RElCR2FFT0d4SFNTd2dhcWpNQXBUcjJ1N1NnRlEtX0NaemJvSkdBOWszWFI2OEx6ZEtsMXdVTU9mOFMtVlJWc1VDZ1hMWERzYXVLemdDVkdVRmkyeGpzTG1EdFVFblE2bGdYcXZNSXEyYndrejhOQTU1OGpwbm9LaEFJUFdHUk9PeFdFRUo2bENnbWxIeG4wMXlXSkRJZGZhNDMzUUZJa2FNQUVR?oc=5
2026-03-02	Google	0.3	Polaris Renewable Energy Wins PREPA Approval for 71.4 MW Battery Storage Deal in Puerto Rico - TipRanks		https://news.google.com/rss/articles/CBMi3AFBVV95cUxNYWF3SkQzZ0duTDgzMmhLcXZ3M3pCRUlkQmJxX1pLeDh1RVBkanU0QmotZWZRUE1faFhPZW9BRWhVeDgyNGpmUlFoOXJSbjQ1Tl9QQ0ZlaUd5eHBKMnVkRDNyM2pMLVJUeHdKZk5YWHpEZ2V6MFZVbV9NZ0ZINXVHekp0dHc4Rld2WW5oTjRkdG4xUFhZWTRKVFdlak9Qa01adkFVaHZ5bDhQX2JpWkxpMmhwU0JQcnZpYWowN2htVmtCNTVVWDhSbVhiYlRPT0kyZFdlOVdrMWRZYmJt?oc=5
2026-03-02	Google	0.23	$50 million worth of solar panels headed for ‘highly visible’ state lands - Maryland Matters		https://news.google.com/rss/articles/CBMib0FVX3lxTFBNVUo4M2cwZExjSmRuUlpNX29ucms0WFc0bUtNOXB5MVVyYmt6LUlOSDhrVzJBSjlvSU9WTUdfVWJaLUFzbnN3Ny1IanJJeWEwX3BxTll4ekE0bi1rWUZHZTFnNzFuOHpkS0F4eUNMZw?oc=5
2026-03-02	Google	0.212	Zero-energy homes are real — But we will have to live inside golden eggs - Energies Media		https://news.google.com/rss/articles/CBMifkFVX3lxTE9keHRkWTFxM29udGtRMFJ2ak96MXIzd0FjbWFwenhKdnpIc1RGYXI5dG1ZbHdPMkJBSm0xWWpjM1BMMmtWN3NGMlZ0WUM3c0VFNVhmeHJ4TnNyNkFja2xLd1JWY2FkZ3VmbWhWVUg0STVoYzFxTnV4Ym53RFN4dw?oc=5
2026-03-02	Google	0.2	Rising Demand, Real Choices - NRDC		https://news.google.com/rss/articles/CBMicEFVX3lxTE9iTnlPOFU0dzdGWWlwVkhDMkp0LWFEVHp3anFBNkUzRzY2Vl9HX2hiTHFFVnhWWDZYQnZUb2YtVi1OaS11MDVFN2RNWlN1RVJOQ3NzSnoxbHhVN2JfMTVsV25nckd6b2N2OHlXWnNwQVc?oc=5
2026-03-02	Google	0.175	Singapore’s first barge-based hydrogen power solution for AI to be developed by BDC and CNE - Energías Renovables, el periodismo de las energías limpias.		https://news.google.com/rss/articles/CBMisAFBVV95cUxQRUc3dGNrcFlpMExiTVB3Vk1VYUM0SGZ3ZExyZENRbkM5LTg2S0RubE9iWWpuZ1FXUkh3VTRRZGhua3R1aFJFRXdzTEZDY003bG04Ym9LVWR4Y2dOZjg0X29HY2VZVXlCb3plQm1tSXVfOEU4bEx2VTVOdzZRNWZkOC1yZDN0c2ppci1vZllaLVRac2tZYjVucXExZDN2U3dkSG1YTk9oWUVDYmtqVENpeQ?oc=5
2026-03-02	Google	0.136	ACUA Renewable Gas - On New Jersey		https://news.google.com/rss/articles/CBMiW0FVX3lxTE9aUkhVdFk3Qm4yUUhORnNGV2ZWVDNCWWlSNFFyX2tZbmw4S1UtODFma3RTX2U3U3NJb08zWFNodUd3YWZpaTJ2cl9KRHdacWlVSk5temxjandONU0?oc=5
2026-03-02	Google	0.136	Energy Tax Update: New Material Assistance/FEOC Guidance Released - JD Supra		https://news.google.com/rss/articles/CBMifkFVX3lxTE9EVWkwYTF3U0JVcFZ6a0dMTUhKclVCY3h5dkNSWlNuZ241UTJJWGZmQ2FaSFlkTGk1cThtQkpUVVNXbUoxQ0xzaTF5RXZIUmhpUVRJWEllU2ZJeVl5TjZGY3l2LUhmR1JySU5aa0U3SVpvTVdPelAzY1BGLURlQQ?oc=5
2026-03-02	Google	0.136	Heat of the Earth will be used to power 10,000 homes in groundbreaking new renewable energy scheme - supercarblondie.com		https://news.google.com/rss/articles/CBMiiwFBVV95cUxNUVZlNDBJYWxCYlEtZzVLV3hFZWp6TklmVHdGZ1paU1kxOEhxdk9ZSFg5R2hxN0V3YzMwclZtcW5oTm5sYTNELWw4eExwM281QV8yWEZkS1RPU0FEcnV6S2xPekl2RDRjaHEyYUJrckIwRGZtNlBGdTNYYjNjSkRRZDJzbktKRjhYVzdv?oc=5
2026-03-02	Google	0.136	New England’s biggest grid battery is up and running in Maine - Maine Morning Star		https://news.google.com/rss/articles/CBMiowFBVV95cUxPY3dIR1owLUktbk92WG5jWGtvVUN2eG1aZklhRGR5dXlFcmllRUF0NFdqRW5xNkpPbnpBSms2YlhzQTEzYU1TYWh4ay1QSm5yV19hcUJIaFBZZGU3by1CSDJkRmowci1lSHN0OURvTUlNaXVPZ2NrUnZjN3Y0TTZVTjlWSzRKNVZGSlVYb0JIUkR4WEpnTUF6ZFFfc3J1Q1R1dnBB?oc=5
2026-03-02	Google	0.136	Vestas finishes SunZia installation in New Mexico - reNEWS.BIZ		https://news.google.com/rss/articles/CBMiggFBVV95cUxNRVVxMWJCV2ZiRVRZWkZnQTFvMkxlNlFBU0FQMjJBanZNd2tobV85T3l3dzV4ZjZUNEQ5akk3OUJFSWNjemlfYzVKdUVTbkpMMHRRaXhQM0lvRXdYTnBObWRqdldDZ3NiV2NhZ2Z0MDRlbEdpdjFON3FiVVctNDRwaEx3?oc=5
2026-03-02	Google	0.136	Webinar launches new tool, features energy efficiency tips - Environment America		https://news.google.com/rss/articles/CBMinwFBVV95cUxPVGRWNTF1NTRQQS01Z2lMVzRKcnFPTTcwTDEyd3ZHT3pxQ0ZoWk43OGNNS29tWXBQcFRsVXg1MnpZUDA2UW5GRmV5dWxLSW9TWFJWU3VsRkJGV1RNdEpFWTRpd2Raak9DbjFCNl9zblQyUG15a05CeU5UNWt5SzFNaW1uZW9udDhEY3NEaFNDWmVFVFhXSlZHU18xVThBQm8?oc=5
2026-03-02	Google	0.125	SPPA killed by Trump policies. Centre County’s solar future is still bright | Opinion - Centre Daily Times		https://news.google.com/rss/articles/CBMiaEFVX3lxTE0yOGJwSjIyRUQ3ZDBlRTV2QXhNWDNLblE4Y3dMRG1jNGppd0U1clpTLVhVc1p4RnhRbl83Vl82Uzd6dFcwOFhmRmN5TFc0dWVyMTBWUThBMmdlaDBqZlBXdlg3ampSX2NG0gFoQVVfeXFMUG52WmgtRWtnb19mZnBqT3BnSkxTYXBGbHV5c2p5N0JlcjQ3aTAxRFNNbnhnbzlYZGs1S3Y3Yi15WW9Ub2M3ZFJsdVdNRkJoZFRUdEM4allzZVVWYURTUXA2MjU4SWJMTnQ?oc=5
2026-03-02	Google	0.1	Promising Renewable Energy Stocks To Watch Today - March 2nd - MarketBeat		https://news.google.com/rss/articles/CBMisgFBVV95cUxNbWl4aWVEM0RycmxLMWtuQ3hmOHhwQ3l2TEtyZEw1UGpMUUE3NVEzZ2VoR1dBWU8yb1UwX2V5MW81UlJyanRwME5CcldlblNHRkxpZ3hUemJIRjFfVnpWNU9iLWpfVmtLOFNjcFNkUjhkZDUxVjRqNWxUOVRFVUtDWGkzYnpUWnBoX0tXM0MzbDM2QUVCUmNpaDR1YW5tbm96RmR5cTU0VlVCbEFsN19XOEdR?oc=5
2026-03-02	Google	0.097	NY gas prices could soar by $2.23, Hochul warns — as she tries to delay controversial green energy mandates - New York Post		https://news.google.com/rss/articles/CBMi2wFBVV95cUxPeTBVelE4RG1RR0RMZ2xjbndWRnh5MXlwcXViY0g0bi1mdUJTS2RZbU5DMmhibFk0Sndib0lwU3g0clk5YnJqUjI0UzRvMThpT2M5U0UycXR6b3FqZjlncExrOHNwQmtjRWVWY2ZKLUpDaS1SLVRzdU0tTmdicUUxaVk2LXNiVFJ6YkJXWS00OUhuS0hjYU13ZEFJZkJ4el8zUVZHNEwyc3p4eDNLOFZtdmNMRUxIeTdCSlotbkpKUFA2LXg0TVMyRUpaSjkzLXpvZTRCUTU5Qjd1WWc?oc=5
2026-03-02	Google	0.09	Africa’s Clean Energy Bottleneck: Billions Pledged, Little Deployed - Energy Capital & Power		https://news.google.com/rss/articles/CBMinAFBVV95cUxQVFpwUkRIVVhickVkTGxhWVJhcGU0VklCTlN3YkZPNHN2T3owLUNoWkpIY2gtRUFnbmRSTEtpb09UdG1IZlVMTGszbmZYX1FvUWNnYnVIYklfT0k3dklRWFhUTjRJU1dhSVExa1ViN19PVk1yaV9LQnlaZWlabmRWQVZkcmJCSV93azlpQjVRX1RVblVEdjgwY1pGOHM?oc=5
2026-03-02	Google	0.079	Energy transition sets early test for Bangladesh’s new government - Institute for Energy Economics and Financial Analysis (IEEFA)		https://news.google.com/rss/articles/CBMikgFBVV95cUxOd3RUWU5xdzEyUW16emVLR05icW1FbFl3T3padHBvcWQ4b1pVV0h4UEVuOTAwNkVtN0FFbFJsZm5WZWxIcndGMHp5ZmFMNnByeTJQdWRDckd1T1Z4UGhjV0hKek51a1dnejhrM2p6aEhhUXZWaXRHeG9rTjVqOXh1SlZyQmxyX1lKVXRBN29kQVV4QQ?oc=5
2026-03-02	Google	0.05	Colombia’s second renewable auction faces test in a mature PPA market - Strategic Energy Europe		https://news.google.com/rss/articles/CBMinAFBVV95cUxOcmJSUE1lQlJGaTV1Sk4wT2dCMWJGOVlKZTFhaFg2Z3RZSDNHVE1iYzY0aWtBTjRmMFVkX19lT3oyZWVxeUpjMjdBaGxfSVBsNkc4LVlTWGw0WE16YS14UmdyWUpiRGNJZjBTbHBOQkRuc2ROa1J5Q1RweHgzZ2pnTTlTOVg5T1BHYkd0RU9aNTBBS2xVeGVxbUJhMW8?oc=5
2026-03-02	Google	0.031	Recurrent Energy Signs 8.05 MWp PPA With a Major Italian Fashion Group - Energías Renovables, el periodismo de las energías limpias.		https://news.google.com/rss/articles/CBMimAFBVV95cUxPbFpSdXV3MzJleGlGY1c3NVd6ZkpXREdzN25sTnA3d2ctQzJJekhiMUR6RGdFTGh3NmhXajluZGxLS25sT0Zxbm8wdHU1NVJfUG9vSHBLbVBIYWNKWDVTdFVlNl95dkpFbU5icm9wQnZ2SFNRRHAyWlZtakhES3hORkoxSko2S3U4UlF3NGF4d2Faa1pLYi1GWA?oc=5
2026-03-02	Google	0.0	Ameresco and Luminace finalize construction of solar facility at Coventry landfill site - Energies Media		https://news.google.com/rss/articles/CBMifkFVX3lxTFAxbF91YzhjeW1HTUFGQlFCcjdmVXhyb2dMWko3dEM0Y0tZRTJjVktjVnhEdDRHZjY5WlA4YTJSek5CU0lTbWhIN1JCMThDcXE3Ykx6ekplZUxtWFV0eDVkZ3QzSTc2QlctQ05mUVNJYThLNkc2QkJTTENnQVgzZw?oc=5
2026-03-02	Google	0.0	Atlantica seeks approval for 200MW Mexico solar plant - BNamericas		https://news.google.com/rss/articles/CBMikgFBVV95cUxOWUFfYTVrVkZQaTR2MzFITkk5dzRKUldjYmlURVZHQXZHWC1sT1F1STd1ZFYtRzBNQkZ5bUMtc1BNUXNWYkdLUnRySlo5Q0tHZVhNYzVLZTlBZzJhbC1nVnRyQUxyVDZUNWV3MTR2MUl1dlNGeUdxRGFxY216MDlsMlN5bEZWaFRxSU9wM0ljeUp4UQ?oc=5
2026-03-02	Google	0.0	Australian printed solar startup lands AU$2.15 million government boost - PV Tech		https://news.google.com/rss/articles/CBMimwFBVV95cUxPckFlYW1QdHViOTc4NTRvM3pYZGdwX0JpMnNKVW9QZ21DQzdJMVotTzR5YkVMY0QzeGhBNjdpWjRBM3l2SEFCSEQ2Q28zQlN5eGdjek1NTWRTN2ZpOV9YNzJ0UkV5YUwwMnRsTDVIakQ1LUN0OEw1ZWtUOTBiYXh2dHNyWTFyMUdJZlA5cUlMSTg2UXg5Z2pLWGNjSQ?oc=5
2026-03-02	Google	0.0	Centre County Solar Group scraps plans for group project - WPSU		https://news.google.com/rss/articles/CBMilAFBVV95cUxPUFAwTXl3T2RSOW04dXN6eDlyMUJrTzFFYnlFNXFXWGh3d183aC05Q1NwT0NlZVNvRXpod2wtMEthUzhsd0VseHRPcTcwQnBUQXRXMTFicmNBSzFQSXN3ZGVGak95Ry00Ylc0X1c1Xy1CRXVzTi1YLTVYcUczcmxDZmM1enN2ME1pSFNwcGdoLWNXZ1o0?oc=5
2026-03-02	Google	0.0	China’s Fossil Fuel Emissions Dropped Last Year as Solar Boomed - Yale E360		https://news.google.com/rss/articles/CBMiXkFVX3lxTE93VzdWQjhEeU5KSi1CN0JiWlBfcmRBd01sY0RHY192Mk9EQkpTc2hVYk5GNmp4VW5iVmpGNHRabVZBMWNZSy1xY3JOLXFGWUF3RFVhSGR4bFJHS241bHc?oc=5
2026-03-02	Google	0.0	China’s Renewable Boom Masks a Quiet Coal-to-Liquids Expansion - Yahoo Finance		https://news.google.com/rss/articles/CBMihAFBVV95cUxOdWlVQ2oyMnZhWm5IREVRT0ZBbEVSR2RCZXZXcW1ZeGZhU09fekRtUEJiUVN4ZW9qcTJQMzhYSmtzYTFjbTF4blJfdHpnSEJYV1I2dVI0UTVTOHRqOFM5N2o0aHN4RVdaSU5DNVJxUjE4UGczdDRFenV0S245anF6SDhGYjM?oc=5
2026-03-02	Google	0.0	Construction approved for the largest energy storage site in Mass. - WCVB		https://news.google.com/rss/articles/CBMinAFBVV95cUxORGVVaFJXaWNxSFh4dmsyOGpCZzIyY2tOWUNKUTRfcGdfWk15S0tubGFoRlhUSU1LODZPTTNXazVjNjVBVkZueFdqNWI3Tzc0bXYzRlpuNWFMQ0F3NUtRZkY2YkRyamhZcUE2a29zd2dvREdCejZjMGdyV1dTcFp3dUotOXQ0VVdZY2lQOGNqa2NyTzNtc282Ykhac2c?oc=5
2026-03-02	Google	0.0	Costa Rica produced 98.6% of its electricity from renewable sources in 2025 - BNamericas		https://news.google.com/rss/articles/CBMirAFBVV95cUxOemZmbDJzbXFyek5XcWtDWkpBV1dNOTAzNWROZFJTNmZ0ZzhRRTBTRmRBU2dValZYbUVhUmpmTTE0YzFiT0JsV3ZGOU5VNjJjLVVWczhybk1LeGFEb0ZRRnlTZFI2UGJuRWNxVk1CU1VRS1Nlc1dmRmNaMkNFbzZ2MER3bnRTV1dJQTBNRW1fWUlfWS1LYjlVOHJ5aHZ3QjBTU0pDN2lOR3F5UFZo?oc=5
2026-03-02	Google	0.0	Could The Feds Help Hawaiʻi Develop Geothermal? - Honolulu Civil Beat		https://news.google.com/rss/articles/CBMijwFBVV95cUxQVk5mdk4zd2xseHFkT0JlRkRkN1BUb0ViRFZBVm84X0Q1SWFnRHN3bF94ZHRIQV80YTJ3cHhhZTRTenRlNkgwREt6WXY5U3k0SFZ5amlCR2dxdnNWTEl4ZnFXWEFrRTJNbHd5VHhna1lfNW45VHpKelVIT1Bnb1ZNdzJjU3Zna2hhSV9rRi1jNA?oc=5
2026-03-02	Google	0.0	EBRD invests €85m in Polish renewable energy platform - Net Zero Investor		https://news.google.com/rss/articles/CBMiqgFBVV95cUxQcXJKRFFxamNoWlNYNDJkVXJrSVlDQUtfSTVIVkVscEd2QkJvQUVOMUZ5VFR3WVlmZWFuSVZyeTVlVnJobnRTSXRRSWlJd3FYMElhb3hUT2tVb2kzanhTenFrUkFsanF3WGRUWW1wWG1jTGN1UmZDWWpfcjBmdWllQjc5OE8zUnV6d01UWXEtOGRLaU1pTGEwRHZpVXFRS2ZweDJ6UnZtVnVUUQ?oc=5
2026-03-02	Google	0.0	Energy storage, 25-30MW distribution network-connected solar gaining traction in Argentina - BNamericas		https://news.google.com/rss/articles/CBMiygFBVV95cUxQNkFLeEg0SHZqT3VnSGxvaDFQanFOMWo3UlZfdTZJckZXMFF2MVh4WGZPWjFRendfWkplWUN0OE9mM2M5TFJQTF9kWnRBT0JwdnVyU2dSeTVmU3JBSmNiNmZWV0drNTN0bVlXejRDZ3Z0MDdnT3NTMXlkUEtYZ1dyX0tjblREOUZLTjRCazZqM0hlRlFXSjhjckhsUzlsNEhpaVRTSTI2c3ZCM2pNUUlqRzVfSzhNNWpNNlR2dkxjQ1N3UjlEQmlrNml3?oc=5
2026-03-02	Google	0.0	Enlight Renewable Energy (NASDAQ:ENLT) Shares Gap Up - What's Next? - MarketBeat		https://news.google.com/rss/articles/CBMitAFBVV95cUxPcHRRWEIxbHRNZ2loYTFSMXlVSWNLaFZzdmZUSlZzWmRjQTBZaGkydHNEa2tKRko4eFRZUnFaQnd3S1dJWDBiZFFjbU5KMmRHcUk2U1dBelh0a2JGLWpYUVEzeHJRdnAzRVAtd2tqMnZuTUpwWG5HTXVzRVRNeUpEbGhPSzlVRnVFYm1ESU1KMkVfVzlmOGtFV0VULXE4dU9JZVRDZlljdjZnb1Atc0docE9hSmw?oc=5
2026-03-02	Google	0.0	Extremadura updates priority map after 793 MW solar, storage surge - Strategic Energy Europe		https://news.google.com/rss/articles/CBMimAFBVV95cUxNODl5R0QxWVZnX3VVSjg5cEtOUUh6d29RY0F1SkR3NUxPWV83MUdwTFZzMTh0MDF0N09CYlZkZDAzNTZyWG5xNkktU1o0b0o5YlZVMkpOQlNHdU4zYVBHSmF5QVJLYkU3MFBKMTVEUFlxdGJtZkNwak1hNjlUcWtrcFFPdjltNmpOeG1wMkRVN0hQb3hxRDRvRA?oc=5
2026-03-02	Google	0.0	Guide Rings Market Outlook to 2035: Fueled by Renewable Energy Infrastructure Investment - News and Statistics - IndexBox		https://news.google.com/rss/articles/CBMivgFBVV95cUxPcmhkckJrYlZZZVVoWVFpVUVoVF82d19VYmtPWlUtUlFCRWpKQWRWZHlUMmZjN0N2X2pJdktIY2pYbEZRSVQ2ZWJUUDk1bi13OEt4YlEwd0NYdnhIbXp0OXcyWEZ5Z1RSaDBQanpqZ1hSdkc0OHp2aDR4TDBKNm5EcHp4c1lsc0NSdEJoLVM4VWhPRnNFSkgycnQtQ0o4aUlxOXFxOFRwV1JVejc0X0Zzei1YQ1lvaGlVNWI5RHJR?oc=5
2026-03-02	Google	0.0	How a 270-year-old physics trick could supercharge affordable battery technology! - EurekAlert!		https://news.google.com/rss/articles/CBMiXEFVX3lxTE1mRHYtSjBjenB3YTJ2dFJLY0pBRFJMZ1FaMlFoZlFjR2pPa3Z3TVRVRzVLX0NFeVRMR1VpcGhZVVZIc0xERkFYWHE0c19zMDJjQ0hGRGtIV3o5Qkw0?oc=5
2026-03-02	Google	0.0	In Daylong Challenge, Students Design Small-Scale Renewable Fixes for Maine - Bowdoin College		https://news.google.com/rss/articles/CBMirAFBVV95cUxNZXhzQkljamlBM3JGZ1pIVFVqeWtFWjFGQ2ZMUnVad3NBR2FfTzBDZ2NaMEhMeDFlbmI1SnZUYno2MXhLNDZWVEVWZ0F4U1pyb093cEYyek5hRzI0ZlpYZDROX0FYMGI5dUdyazlYbWtRTmpVZjVyV2pWS0xlLXVGLWpwSTB0VUhrbzVqWlJuSEtfUmdVeENEZlRuUjRaT3BkbUhOb3pLa21UUnFY?oc=5
2026-03-02	Google	0.0	In Iran, US President Donald Trump Makes The Case For Renewable Energy, Again - CleanTechnica		https://news.google.com/rss/articles/CBMiswFBVV95cUxPdFhXNjNRdXJFRlMtY3NSY2diTXphUDJWZEhMZkd6Ulo0cmxMdEVMTVB1dWgtU2RRZ3JMY3pnakZsQnBXYk43cG93cVZQbW5TcjZQMWhRb2g0T25OYThieWlmMktOMXRadGI1b3l1NmliMWRidnZBdDZQX0dUOVptUHdqcDZCVUp1bzVYT3F6ODBoSUJURi1UQmRwY3R0Y3hzWTF3XzRXcjRKR2tfaEo5Nmtvd9IBuwFBVV95cUxPNTF3WkVJSW9sdTlNS1FHR1k0bDJCQkpUU0l0anRSZjV6WnlfZ0pIa25FRzNQX2lMWFR6RGdWRFppUjJkUGVicVhncUJnTkM2cHVzYWtWYzJ2dF84ckhJS3ZKdENzSVdXMTNoams5MTNJd2c2ZEZLTkJoSkQ1X0pmYzhIeXpFQmZkbW9lMzNwWG9GQjBhUTl2S2w0TjlFQlN6X3dadHF6OEdLV3ltMGkzbzNYRGtrZXdseGdV?oc=5
2026-03-02	Google	0.0	Infrastructure & Energy Horizon Scanner: March 2026 - Lexology		https://news.google.com/rss/articles/CBMiiwFBVV95cUxPYVVmakRNMDFhQTZWUU5pTDEyM0phd3VXUVlLaEptYWY2aWV6SFdSdEJXcms1TUc5YXlyVXRTOUsyS2Z1WkZPaUREMkp6ZGxYd3NFTmM3Tk9uSHdEX2hUbGxZSVFabzEyTF9HY25ySGJ5V2g2UVNsT2M4YWVQTmFab3l2R1dEREpvbHhR?oc=5
2026-03-02	Google	0.0	Inside Latin America's US$500bn renewables buildout - BNamericas		https://news.google.com/rss/articles/CBMihwFBVV95cUxPMkx5R3lGZm5zcExDNWM3VGo5Nl9Mcl8wS3N0ajI5S3VvazVxTzlPQkswMXBMLVlqdWtDT2xmM3ljbWdfd09hVThISkw3MVlRZzk2UnE4T0dTNFZRQ2dOYTBzZlZOckE0YjVHV2U3R29YUHExdGxMQWdEY21CRndLWUYyZFhBOXc?oc=5
2026-03-02	Google	0.0	Japan faces a post-Fukushima energy dilemma - The Economist		https://news.google.com/rss/articles/CBMijgFBVV95cUxQbHh4Q1JGaEpZRktwTXNQZXEyVnRjb1Z3QkozZWc2RlBGcml0ZExkM0h2aEpEejBJWFhjeGt4T2VpME1jY2N5SDBNX2xkVDhMeERVVWk2NXNkTE5KM00yUDBEdVE5c1VJWkhabnYxTUhRQXNBbXNhYjVBd1E5UXZtdWFoaXkzY1Z0QUhRdlFB?oc=5
2026-03-02	Google	0.0	Jupiter Power Secures $500M to Accelerate Portfolio Expansion - Energías Renovables, el periodismo de las energías limpias.		https://news.google.com/rss/articles/CBMirAFBVV95cUxPbmkyWTR3TFJ5S05sTDJWaTJfaFJtOEh1cHVNV1V0TTFWVUZ5YzRUZHdlTFQwYWdSOXdicWdEY1ZrNlFnV2o4SVJaN1M5VGJrMkJqamQ0OTlkMUxXdDNXWEl6VGF2aUVrOHBwdUUzZC1YQzQ0M1Rvd0VDc3NvU0ttUlREUHE4Y2VfTndlS2R0YTVzSXlHU0dmUi1tbGVmaFIwaHN6YWVFWXlTSmx3?oc=5
2026-03-02	Google	0.0	Magnon targets 2,000 GWh of renewable heat by 2030 with over 30 projects in Spain - Strategic Energy Europe		https://news.google.com/rss/articles/CBMirAFBVV95cUxQazFqbWZBel9hWFg5WF8yd1Jid1RWVjIxODBJN1ZlaEF0WmlFbHoxbHAwMDNxZG1SZHY0MGZlV1hWaXExbGhZUlRYN2RpT09uUzlmSm85aW0xNGZNTkxRRTBtSUVLMnFvTFVhQzlBa0cwZzREYmdjd1lac24xS3Y2cVgzc002Rm1nTWM3ODJzR2k0MUhITXVPc2l2Q2x0dDBuMWc2TmQ4bF9uRzhF?oc=5
2026-03-02	Google	0.0	Manchester-Led Study Explores Potential Impact of Underwater Noise From Tidal Energy - Energías Renovables, el periodismo de las energías limpias.		https://news.google.com/rss/articles/CBMivgFBVV95cUxNYVlkSEdQb3I4NXRnc18xYWtyT2RzZERwWnlXY2NVUU5od2pBT21uMjBtd29xaTJyUl9PaHE1NHVGQXBDSldqUUtVS2k4eWN3YzliOTVUcGFwSzV2ajBFSmk0bXZMLUxTenVQczNUUEp2RkwxU3c2UTFidXQxaDgwUnFKb1NQUENsZVd3aXpKY2lvUDdWaUZFanZ4emVCY2l4TnlnSUJ6azRhc2Q0SFJJY1htUkFhYWtIZG91c2pB?oc=5
2026-03-02	Google	0.0	Massachusetts House advances climate bill with $1 billion cut to energy efficiency program - pv magazine USA		https://news.google.com/rss/articles/CBMiyAFBVV95cUxNVmN3TFlXLW9JcU1pSU5aZ0tJUlFjYXJJd29yTHdfdlhRU0h6RWIxT1NTS2RMdjVJSWx3cWlQMEVtNHphNmVEaDIwTXkxamwyYm5FdXF6WEJlRXEySTVGQVhuWjZ5Q3VlbDdqZVYzc3JvdURUNC1QRWkzeElzZWwyWnpnZ1ZBOW02d0VFMV91aW1WR2U5SVhhUmlyRUtZV2lSLUo4dlZLMlJIQU9JZW0wZjl1NUNpZ3dGSkhZRjJuakd0QnZzWWo4LQ?oc=5
2026-03-02	Google	0.0	Massachusetts boosts solar, cuts energy efficiency in state energy bill - Solar Power World		https://news.google.com/rss/articles/CBMiuAFBVV95cUxORkdaWDVLdTZka0o0ako3YUZGb2QzNl9QenZ3VE9jbVZ0YVd1czNhZ1FCS3d4YjBVRjN2aDd6b3dhaVZMOFdNVmpzQnAzMmVqVGRGRE1hdXhYNVZrS1NRbnZ1UlVWc1QzQjQ5eWxBVlE2OUxxUVdONFNLRGVCUF8wSWNnM0FoOU1DV2E3T1BYZnhsRnlJMVUxRThUWFVPenBJa3hEUUlxS1N4TWk4NExMdWRSUzE1NzVW?oc=5
2026-03-02	Google	0.0	Massachusetts energy bill includes ‘short-sighted’ and ‘unacceptable’ funding cuts, renewables advocates say - PV Tech		https://news.google.com/rss/articles/CBMixwFBVV95cUxQUzlGWmo2bDVNdnNVeS1MY0pxRTV0eDBFSlN1ZmxCcjUzMko3MTA0c0hhVWxxRGIwRGdLNF91anpHMHJiUGEtU2NqT0wtS3RCMU92X200c2xkYkhLNlVDc2xCQ2ZsbEczbW5BcG5EaUp5aDJfVWtVaG9nR0FUV0hjQWxLQ3M4aDRPUUF2SlVobGFjWHRvUXd5aHpjbFRPU05FTHFfb3hLWTUyX3c1OVhMNGtUVXRaeTZ6LXo1THB0amxIdGh2bjQw?oc=5
2026-03-02	Google	0.0	Microsoft: Matching Energy Use with 100% Renewables - Sustainability Magazine		https://news.google.com/rss/articles/CBMihgFBVV95cUxPaW1Cem1EUFMtVFJPWmdCQjBwYkhUSVo4NE1KZVI4eU1tYzZkZXlENXMzLUZ2eXR4NzZ1dmJLQjNpVHRpZWQ1QmVJeVJlNXlVRkY4WTZwdDRoajhIQlJfMWNKN3p2OXZwWVNKSldLbnhSSjVLcnBzWTRsemdoR05BelJzdGtsQQ?oc=5
2026-03-02	Google	0.0	Northfield weighs climate policy fix ahead of March 3 meeting - KYMN Radio · Northfield, MN		https://news.google.com/rss/articles/CBMimwFBVV95cUxQOHF2Z0xEY3pCbXVlRGlCcTFhREtGSmo3bVdaNDFwb1dDZk5rWXB0SzJmTFQ0LVV6WVExY0ZVcmhOa1VnUkt0YnpSNl9JU0hoQVpUWG8tcDl1ei14dmNZRzZSZTNNUUt2T210Umtxb1hOMmkzY1N0MmV6b2V5S25tWEpjWnczOUkxRGVKOV9xdE5GSWlqTURWYzRMaw?oc=5
2026-03-02	Google	0.0	POWER DIGEST [March 2026] - POWER Magazine		https://news.google.com/rss/articles/CBMiXkFVX3lxTE1IeDFsTHNMWUExb19IMG55S0FkTUY2RHQwYzliOWd5eGdRM3ZVSGY5TXhyVHNaYVpPLVdiMkkxcUxIZlJaMW10THg2N2pKTlFuZUh0UlFTSHJwYXZYMmc?oc=5
2026-03-02	Google	0.0	Panama renewable energy auction draws six groups - BNamericas		https://news.google.com/rss/articles/CBMiiwFBVV95cUxQUUJDMHQ3U2MydjhCaWEzOUczZnExMzRDUzN0Yzl3bURBREI5cnYxaHFqamxUSy1Qb2lnR0dYeGQ1V09hbTVBZ3NlZjNUcHdlTDNFTnEtRVBNdUhkS1FYM2ZRU3BTUUNNQ2REeUpLY2ZYa3RZcExKWF9qSE1IbEdVQWpObnZBSmtrT1hr?oc=5
2026-03-02	Google	0.0	Polaris Renewable Energy Announces Approval of SO1 Agreement by PREPA - ACCESS Newswire		https://news.google.com/rss/articles/CBMiygFBVV95cUxNcEc4aUxlei04MlZIdG9jazRtOER1WVl4eUVuVmQ1al9kdHgtdmdGbEpiSTRVSEpRZXFoWTNkX3pxODhFMGczbEZjX1hUM1NmMjZheU55RC0tZUZjTFBkbGNHZDAyNjFaRUpLOUdWdUpuMTNnbEMyV3lYUmRXWDhBQl8zOW40eGZrbUljaWZ6U0lLSGtGSTNKdkxsUVVsNGYtVkQtWTlZQ0lTZC1RVnI1ZmVybGpIenRhRWNKUzJ4S2pTSG1VVm13UFh3?oc=5
2026-03-02	Google	0.0	R Street Testimony in Support of VA HB 711, Solar Energy Preemption - R Street Institute		https://news.google.com/rss/articles/CBMiogFBVV95cUxPdk1pVk9XYmhiYndxQnd2V19OMUN4N1BaZjkxeTl2NnJULTZRbks2RTQyWE1XS1NPYVMtMnBrOWpIcXlOb1ZENzR0NXA0WkpDdm9SWlZhSnQ2TGczbEhjSkhYcU5XNGlqM2s5SU9oeU9OOGNLc1FNT0syOWhjT0ZQQTUxSGJmZXowWkFxRTNQNXoyd3U1eEJtSkhKN05ielM4LVE?oc=5
2026-03-02	Google	0.0	Reid, Singh Energy Bills Advance to Governor’s Desk - LoudounNow.com		https://news.google.com/rss/articles/CBMizAFBVV95cUxOVDRyQnI1aTBSd0tkMHM5QW9FSTEwUTkyTkRmdjNVWldLZkl0UURIYnZHN3dxVlZCdWg1Sk04N0M1V2ViM1lvMXFOTkF4aldiYW9ocHRfWWF1X0kydHNYeU55ZG9QdzVTSGM4NVU5eC1hYlFqcXFENFdzQkJMd3NNelhybk42M2hpRVZmb3AyVWUxaFVXTXFSQTFnUU1BZkNTbENNVnh5ZVhfYmRSSlVfVUFUbnBfZHBrQ1MxRlF3dnNlQVF4Q2dDV2xySDk?oc=5
2026-03-02	Google	0.0	Renewable Energy Policy and Auction Design Workshop - IRENA – International Renewable Energy Agency		https://news.google.com/rss/articles/CBMikwFBVV95cUxQVlRSaVh1blFLNk96djY2eUgyamFNdDQ2b0NLTG9FV05JQXVnV2xxaExPWVVsRldBYzhPOFpNRVNqSEdPT2VWaVNhQ01wLU93a25sSG9SUDFJTVByanl4S2NfMVlTR3JSc24zRTNFaTU1QlZuUjY4cHN1bld3eVh1QlNpa2dVbEd2eXVqVEFYY2RBWnc?oc=5
2026-03-02	Google	0.0	Santander, world leader in renewable energy financing in 2025 - santander.com		https://news.google.com/rss/articles/CBMiwAFBVV95cUxNaVlRX1ZmMnZ1S2JCQ1RteHBLMXBFeFBYRkNRUTlqaENENUtBNlRROG0wMVBUaDB2WHRWZHBldEctdHloeVo0QWdRQnJPRUZXczJlUHlBTV9raWY0Ni1lYUVtenhSalhqV3hfZEdmMXMxYmgxb2NOelNQX040bUxYQ19qYk5PLUhHN1V3ZWZ2WnVPWERnMDlqZ1lzbDhlcW1lanNkdkw3d0ZGR181MFJNOW00aDUwTDZkY1VNNkp3blI?oc=5
2026-03-02	Google	0.0	Sneak Preview: Leaked draft bill for a revised Renewable Energy Sources Act (EEG 2027) - JD Supra		https://news.google.com/rss/articles/CBMihwFBVV95cUxNUDRkUG53NFpjVUR0U21sazJ1RTVXcE1qVGNJQnJGNUw3V1NxNC1RekM2eU5BcHBiRUtTSDdlOVhQaVhlYkdZRnl4Z010aHJxb19OUF9DUU9GSzIwRlNZNTdNXzk5enFLTWhfSEYwSzkxc3VwSGEwaWw5ZVNHMkQ5b2ROT3lDWlE?oc=5
2026-03-02	Google	0.0	Solar Experts Costa Rica Launches to Provide Solar System Installation on Peninsula Papagayo - markets.businessinsider.com		https://news.google.com/rss/articles/CBMi5gFBVV95cUxQQUgzTFVLV3AtaDFrYlY2TXlZcWM0ZS1yR2ZKd054RW9QeGZVVFdya3MtU3k5NlJmTXJoTERGOHJtWXhSVlEycXVYaW9haHZZaU5nUHdqd0d4SklaZGNjZ3Btbzl5Q0NqdkJLdjZlNmJIX0YyRnB5YXU3YW9hVUV2cmFQU211WC14YzBBTEU3QVBJcGxONHBHb2ozTGp4S0tabEhVUkttZnRGQzdwRV80dWZsMEFFMmRUUjNGMG9ZVmh2SmFtQmFYRlVJNVRNQmlUY1lHdW51RnVaNkY0R01vTmF6N05VZw?oc=5
2026-03-02	Google	0.0	Solar Farm Market Driven by Renewable Energy and Carbon Reduction Goals - openPR.com		https://news.google.com/rss/articles/CBMilgFBVV95cUxPcG55dExMSERxcGhRa3VqRng1bmJUeG5oTGNPeUJ5dk5qYWtVY1hMUVNFb0RmQTdIRDRuRmtNaTA1ZjZBbHdLWjhWUnVJaXBzQ1ZpSFFJbVBRZHRKN1E1U3RHd3dRYzBBdFRRSWRGX0JrRmtPMTllSjBJNzJ2bEl2TjU5cHFnY1BBTFlyVnU1cWVvN0pIdXc?oc=5
2026-03-02	Google	0.0	Solar, battery storage to continue rapid growth as coal and gas share of power keeps shrinking - Institute for Energy Economics and Financial Analysis (IEEFA)		https://news.google.com/rss/articles/CBMisgFBVV95cUxOUWpOcXJadG5LbDNvSXB2Z3UzUDJrWEtmYkdwQVlJYktaYmMwTVlmSlhPZmJ0U004am9GOTZYTURORlZ1ZnB2NnBvUlRuSlVYNk52aThMX2FlV3M2Z0N1SkozT0huQlNidW1LaGRMRXNNS1g2OVFKYmwtRS13aXJaTmduMFBtTjZsVWhwM3A3U3ROdlBla3RJN2lORGd6WWZJYXhIbE5XTlFBVG9CcHRjb0Z3?oc=5
2026-03-02	Google	0.0	Solar’s threat to NYS agriculture may be overstated - Cornell Chronicle		https://news.google.com/rss/articles/CBMikgFBVV95cUxObXpTc0VNVkNjMlV3SzdhanQwaDYwc1o4MFVKZTJleGUyaXRfWU5SMWZkSkFGa0k5MFFrWWRHdTFTUkNpZTFOYi1SS2Z5bmVhSHoyZnNpSTNWaEM2WU9Oem9QZ09BVWtZV2VuRHRQZU9FaTlraHZUdXdiQUVKUXZJaUFrNjM4OWdvMlplTmVPZHRLZw?oc=5
2026-03-02	Google	0.0	State-by-State Solar Growth Report/Solar Energy Industries Association: Arkansas State Solar Overview - JD Supra		https://news.google.com/rss/articles/CBMigwFBVV95cUxQdFRxMFE5ZlZpUUZQR1pPNjN0cngtNkdKTmJoVlZFVmpPdkkwTEtoYzYxd2FTM1hSOTZkWDZyUFVuWnFvdHpiaXZpRnZRcUl2eXdtRlVsNTdXeHF6bGh1ZHIzU0Nkd0haQ0xuQ3lKdUd5aHVybm1BRFBqYVBzb2VneGRqVQ?oc=5
2026-03-02	Google	0.0	ThomasLloyd to go public with blank-check merger - Renewables Now		https://news.google.com/rss/articles/CBMikgFBVV95cUxQZU1sR1NNV2R6dUhwYkNwcktXZXYwMXN5S0R2ajhIcU1hbmlqemhfMWwxZmVkV3VDSFVUZVBuN1o5ZW0yUzFGYnhCZjF1ZUZPRXpkejIwbFBYNnhHYVp3a09NSFo4VmxBQVlOdFJzb2FobWthM3U0WW9SZHhEbWszOW5SME5zekFPNC1xUENxdEFLQQ?oc=5
2026-03-02	Google	0.0	Virya Energy secures US$99 million EBRD equity to scale Polish solar portfolio - PV Tech		https://news.google.com/rss/articles/CBMipAFBVV95cUxNMFN0d3VjYTNMUXNYelZQRVZmbURucHRhbmxxdHdPUnV4aVR2WU1LVzd4V2M4NHp3VmY4Q1NHN012TGFPa2thZ3FNVHlUbmFqUnFBWmJtaFFFS0xXd3FHWVh3THVGbnliN2ZCTGxLRFRVWVQyQWFiX19MaHdZMFBVS0VBZERINEo2bHdJUlh1ZGNlZzZIODAzOF8yaUQzS1pJVHFYVA?oc=5
2026-03-02	Google	0.0	What the War With Iran Means for Renewable Energy Deployment - Bloomberg		https://news.google.com/rss/articles/CBMisAFBVV95cUxNOUNZcmpLLXNIZURpeEg1MUZjanZMZ21valoxbGtILWZqTHBOTHhfQmxLa2FnOWxfNkxtVHU0Y2tNQUhsZGpKOEQ1UTZNc2RWdDg1NmRzWlFMSlUyS183NENjemhBaDNobVN6SF9GN3ZhTzdTaTlrV1JfQWd3MUR2M3JmSFZjSk5vNW5nMWpOaVZDMVRMak00Qy1KMnlOM2oyV3E2Nmc5SldaR2I5YmFTcA?oc=5
2026-03-02	Google	0.0	Why Electricity Bills Are So High—and How the Blowback Could Hit Trump - Inside Climate News		https://news.google.com/rss/articles/CBMiiwFBVV95cUxQNU9XbGZlS0FEN0JSNTJ2U1pOZUVjbWlXaTNDcmdEaU1UaUdMM1dsdEdzc3hHSjNoRXF1RllITzJ3YTlFRjVzeFhlSjRwZkxyazdfSVByVFNXeVRVby1PUzk3TFEwYksxS0t2UzZlMEdST1BBeTUwNTROUzlUdGhXeEI0RE16bDJyZTI0?oc=5
2026-03-02	Google	0.0	Why MAGA suddenly loves solar power - The Washington Post		https://news.google.com/rss/articles/CBMiigFBVV95cUxObTFRQ3FLcW9MOE1LYzdZRE9TTktBRFVsRmZ2VmRCeGZQb3VEVTJEN3g4eW1MODRUVHVRTWV4R2ZZWWhRWWxySXZqUGVicVQ4ZklfRmFja2wwS1QyeVFZVHlpcFE5OXV5Sl9KUGlMTnQwNEplOFoxTDdVb3lKX3l4N3Uza1ZYeWxDc2c?oc=5
2026-03-02	Google	-0.021	Start Campus and EDP: A New Paradigm for Green Data Centres - Energy Digital Magazine		https://news.google.com/rss/articles/CBMigwFBVV95cUxQTGhwSWtudHpNdFRHMWJxZzRpbzczaUFSMUFhYWhRMkJoTnRobW9hTWFqSmxNdEJ1SmdEWXlmandaYmhiclFXbFJ5Zld5c19aNzV4THFubnpTM3JuRW9Idzh2TTh6ZEh1TXNDSkdubGluclNZUjZ3NUxJc1NxTF9KZS1CTQ?oc=5
2026-03-02	Google	-0.025	Repair techs explain why appliances aren’t lasting as long - Environment America		https://news.google.com/rss/articles/CBMinwFBVV95cUxPRFM4eHE3T0pBbDFyTlg5M1g1YnhoTHc1OE1ocTBJLThBV1pLZlF3SkVULUlKNTE2blZkX21WMjBnZnF6dXdseXBJLXE3TVRtbmo2TmhwTGp0QldxRTEyOW41c1BZQzRUZ2l2TG5YZngyc29feURyd2dfb2c1d0Y1Mm5CcFc1S1I1T2VLTmx6dmh3WWJZVWprX1ptRUhxU1k?oc=5
2026-03-02	Google	-0.05	CCE helps Long Island residents save on energy bills - Cornell Chronicle		https://news.google.com/rss/articles/CBMilAFBVV95cUxQZ0FGN09BT1pRMFVtTlRBZkFpWHYwYnZzUWZOdW5VVElhLTRyeHJQOUZRY3VzTnhteUxyQVVpQ1gzWDNleFRFZWw0MlRIcFhNTFRDNWVQRkVzMkRoTUN6UGVYTlBFTG55N096UUJaY3JNb2RaVjFocWo0U0FuYVMzdUFYSzRKXzFzNXJ2OTdjVnVSYUdE?oc=5
2026-03-02	Google	-0.05	Events at Penn’s sixth annual Energy Week highlight data center growth, sustainable AI - The Daily Pennsylvanian		https://news.google.com/rss/articles/CBMif0FVX3lxTE9XcVJOaVQtX3F0b2tBVG5zYVltQjVoUjE1blV2dms4TmlQTGJSakd3bFJkdzRSZmFfZ1ctLVYyUHVzaks5VV9rekt4OGtMc0c3T2VGZ3hpTjdaT3B0ekkwYzViX0tabTBsb25FNkpJMHh2Ymk0eVQ2UG1wNURXejA?oc=5
2026-03-02	Google	-0.05	Powered Remotely: Microgrids Connect Rural Communities with Sustainable Energy Security - POWER Magazine		https://news.google.com/rss/articles/CBMisgFBVV95cUxPbVVtRmk2V2hsWFBCZUNMblc3WkxjbnFuVGxiNWFoLVU1OXlBQnJ1OUp6SEdRWnFMLUZWbUc0THRIVDE3Y2xyUzFZUzZFZlZWdGd3SmdaUUt3QjRuOGFEYUIxaDRzN0hfanZIY01MQnZ3TmRLNXhIRlk3ZDNtNzdwbFlqa1A2ekZnb1NSUE1TUUFXVnJZVDkzd21LYUxTaXlTZmR3cGgxWmtaSFFqLVlZV0J3?oc=5
2026-03-02	Google	-0.067	As Iran Crisis Upends Oil and Gas, Clean Energy Gets Complicated - Bloomberg		https://news.google.com/rss/articles/CBMiuAFBVV95cUxOYm4zX0x6LTV1QUJQaHpmTE1hbTVsdEdXS18xYmI5T1RQcXY2NWVzamdFMWlDSjlONGxyNU1wRWtaM2dCQmlVM0h3TzhLNlI0T2dYejB6TGZ1SlZtNHpOV3dZY3d6a2NQTkVSNjJPbjRSSkJwMjJDX1c4elZZR3FLTVk2VzNOREtfZWJTdHRlUmVzOHZTUVFNRlU4ekNpcnBsUG5NSFc0YThvaktQMG1Wb1p2TGNoS1Y1?oc=5
2026-03-02	Google	-0.069	Indian renewable power firm Clean Max slides 18% in debut amid weak IPO appetite - Reuters		https://news.google.com/rss/articles/CBMilgFBVV95cUxOTU9LU2pNeVNWM01zVW4zR1pSVk5ubGZ0eU4wYTRzcnlWSXdIX05hZGQyWHZfNm5BNDNQTnhab191N2FpcUMyR3hYSGNfZUc2NjQ2OFd6Z2NKaFZlaFhaeXlzczRxUkVGa2tralV3THlmVko4TUxIc1dtdnZ3eWN6NDRTbXZaYUVRVGdITUZoX1kxdlB1UlE?oc=5
2026-03-02	Google	-0.1	Adani’s $100 Billion Renewable AI Power Play: Can India Lead the Data Center Revolution? - CarbonCredits.com		https://news.google.com/rss/articles/CBMisAFBVV95cUxPLUJMeTMyNTlkRFZfTmRqYWVub2J4cjFoMWxhV1JOaFVPNW9OZXdOV1MwR0xKRHk2NzN2Tk9nWFBvTWtCd2R5RXk4ZUJSaVJrVDRUWHJtLXQ0UHMwc2Z5VFdWU1FwU1NoS3Uyc0d6cE5DRXlHVmp1UWhpWnBaZEMyUXFIeGtlRWU4RXlKVm80ekFMM0RQbUFGV2RXQkNJa09BOHIxZ3NCV3hLMklKWFhqcA?oc=5
2026-03-02	Google	-0.188	Student-Led Solar Project Expands Sustainable Outdoor Spaces at UA Little Rock - University of Arkansas at Little Rock		https://news.google.com/rss/articles/CBMisgFBVV95cUxPN044dWNzQ3VpM0oxdDByX1RLRk5iZVN6T1lVQS1OYTBYRnV6MjhaY0N4S2pSMXRMMFJjeThaN1RDODh0Ymw1dmVPcFlpNUlsejdhWDA5eXdWNWVEV1NneENnSF90NkdlbExpZWs4WkVPNUlGVU9TaC1ueEZjdFF5Si1CZUZkalBhOG9KWnBLcG45M0NFN0tvSFpBWG5BQ2h1RDlCV3Zmd1Fid3BfdU53Q3RB?oc=5
2026-03-02	Google	-0.2	Continental Phases Out Coal and Heavy Fuel Oil as Energy Sources in Tire Production Worldwide - Continental AG		https://news.google.com/rss/articles/CBMiiAFBVV95cUxPNmRVUXV5bkxkbWRJMUJyMXF6ZE83S3Exc09DaGtXU0lIT2FaNC1GOWllYnZIQ2hHM3lqbU9mMjlYVVlYZHNSdWFLS2dUeUtISlI1X0hTSFhEZ2RkMUhiaDNuaF9KaWZjY0c2a21uLTVnZTlBNVhsRFJNQU44aG5GQmFsNGFBQ0RY?oc=5
2026-03-02	Google	-0.2	Hitting the Green: Katie Veasey ’17 - Hamilton College		https://news.google.com/rss/articles/CBMif0FVX3lxTFB0UGUyNlRJSDZReWxnaFpEdEdqZEd0Rkh1TllhWXJQSXcxLUh6elZwS1JhRHFPV1pnUXlaYWVxRU5hYVh6RWlKeXJoU0ZKby1QZGNRUS1SdUZzSDVSRF9CNF9hcWJ4T3ZhMzM4bWs1OEZuWXN5T0JYVm0tMm9BWDA?oc=5
2026-03-02	Google	-0.2	Siemens to deliver cloud-based SCADA system for green energy - Evertiq		https://news.google.com/rss/articles/CBMinwFBVV95cUxNNlhCX0JpdWxJcEJUUUNhY0xHaFNSdDZhUXVzVDlxcVFGbFRPeUdDLXdJZEhkcVJMaldxV1VfX2d1VTVIYVo1b2puUkEwelJhQUg0OUlmV1EyNFA5Nmpzb0k2d21qVWs1VG9RYy1ra2hLd2lnWUZnemNxQVFzSG1TazVqUWZzeGNFak1pN1lCNHJ2SkptSXc3dW05ZnBNclE?oc=5
2026-03-02	Google	-0.2	Spain's Moeve teams up with Masdar on $1.2 billion green hydrogen project - Reuters		https://news.google.com/rss/articles/CBMizgFBVV95cUxNT19tZ243UUZ2cXN0alBPX0xvSFg5NWtYbURfTmNvMUJrVmVkYm1Iek1aWng5dWJfSUw0U0lCMmJHeW92YkNvMHVkQUV3WU96U09jT3lUOWNHeEoxNUVFR21GQUtFYzR1Q3M3SjRtbThQak9mWmlNdmFaZk9ELVRBM0dfOXVtQ19mYThkeUJ5YW0za0pTLXNyVkstWU5iRUV5WlBGbDZyb0JLR2s3X3EtTkF4TmR5VEVOVVB4aE5lcUwtZkpfOFJFTDdZMWJ5UQ?oc=5
2026-03-02	Google	-0.2	‘Chained to fossil fuels’: Iran war ignites calls for green transition - Euronews.com		https://news.google.com/rss/articles/CBMiwgFBVV95cUxORTIwbU9KWndrWHNGejBQblprTzB5dTVUMVV5bFpEa2Z6c3U3M0RvMERLSmRicDI0M3V0LXpfZS1iMVBReUt3S2ZZbkIyVFFlblBkMTVZbVJKN2xOX2NtaDJFQjR2SU9EN0w2UjVPMFRqU1JwQWI4aUNvVlUyN29pRHJmUXlaWTk0TmRvUE5XejcyM0NjQkNpNnVrbFBzeHh6TVkzcHZaVjYtNzQ3Y2ZBODBUb2NUb0ZIdEc4Uk1Ua0dCdw?oc=5
2026-03-01	Google	0.0	China poised to earn vast profits from global energy transition: analysts - South China Morning Post		https://news.google.com/rss/articles/CBMiwAFBVV95cUxQTU43TVFLSkpXMWxQZHNnRTk3SWxBc0Z4RDdaNWhPdENBQnVIaFhCdHBTSmp3NDYtcURPWDhJaTd6V3FWcWw0c3dzUFZsUGEyMWFoSFpacjN3amJUamRIeFlLTmdGNkJLVzRGUlZDWklrRGdDekNFWVFrWXhybDE5MFdjVEZlR0JBYkNoX1hVUm9pYUxlOTlLVlk2WHBDLTVMMTYzbFBHRjdWd2hGaDRVQWlwVUpyYUN5MXFXdW1IcEnSAcABQVVfeXFMTWJUUDhudFYtel9hM2lybW16UEhFODJWRU5kNzdjZmJHS3RlVHphNGZ1N3lDc1VxZTZ5OWFVLWo3QkNQc2JFM3pLdmVCM21KTHVJQzRXXzg4MzRzZHdKZ01uV2Q1eEJjT1psSk1kOU1uX0RnTVFEUHdjeDNRcWM0S3FYUWY5MkU1RW54VEowNEVUWWx4T3MwMTA3T3J5eVpIeGY4R0x0Y09uMFBESXFMSFdSYngtMWpHSVhWeW9GU3I5?oc=5
2026-03-01	Google	0.0	Opinion: Blocking renewable energy in Iowa hurts growth and raises taxes - thegazette.com		https://news.google.com/rss/articles/CBMirAFBVV95cUxOcTgzY1h1LXBDcGt3ZzJLZmdxa1F5RUZHMGVrUGdWRVh3blNodjk4VGpsaTU1MDYwTVdMeURYSUg2X0ZPWU9lai16d0hXTV9PdDNmVG43R21CS01rOFlxQ2VOQnJpaWtMTFloNGdEZllGUGtNTVZfU0RWclZKMVppMEIxODNiTmdISmo0c3FKNnJTSld5UmI1MnAxZVI5cllBWVRVTlJfSHJ2Zk1H?oc=5
2026-03-01	Google	0.0	Renewable energy and the right-wing, as observed by a recent Rochester immigrant - campustimes.org		https://news.google.com/rss/articles/CBMiuwFBVV95cUxQU2JmMFM5dEJJdmZncFN4bGdUamEyMVdpTEVEWnZPbDIzeXJzRHc3VWh5dEJkSHJIQjJvdEFIYkNiYTRZd09RQzNkcVVzRU80Q2l3NFdWZmdKWGRfY2lEeWpCLUpfczdZbVRMYV8zYjBlVDJleFFFNG5BY1R1NUJiTWRmN1hIeWphc1ROYTZGUWpqSkg0dTBxLTBmZHpWd2dWOFRNTXp2b2g4Q2I3N19OVTNDaUQzN1FCUGlZ?oc=5
2026-03-01	Google	0.0	Tokyo Electric Power Unit Temporarily Cuts Renewable Energy - Bloomberg		https://news.google.com/rss/articles/CBMirwFBVV95cUxPMlh3c0FvZUtvc282c2VOZm1Rc2EyajhwMmlSTUdsT001dzBOSmRnZ2VQRzNwQ3ZIZURrT1V1a2d2eVZ5Tk5RcHpTWU5NZzdzcE5MejAwTTVWa0t0RmJ3LXJOcnZjZzkwQ21MM1lHTWotVTdKMFlrVEd1ZEE4UG4yM3hORThMS01nN193Q2lpVUhQa2RqdmkzZnBhSHZhdEhKdmQta0R2cFdoSGJDOFlF?oc=5
2026-03-01	Google	-0.083	China solar boom helps energy emissions fall slightly in 2025 - Financial Times		https://news.google.com/rss/articles/CBMicEFVX3lxTE1sNlNXNXh0VHJJWGlKYWh2WnAxcVRIVzNaQzJERkppTVE1aVpCR01lQkNFbDZ5b0gxdTlYNG1MbGp0cGQ2cXdzQ2gweVBYWVl0RjhwdWtfa1lUcWZ1UWhnX196eHBFVXpoV2VRc2JRaXc?oc=5
2026-03-01	Google	-0.111	Middle Eastern Oil Giants Accelerate Multibillion-Dollar Clean Energy Push - Crude Oil Prices Today | OilPrice.com		https://news.google.com/rss/articles/CBMivwFBVV95cUxNNmhxQWFqdWtGNzNxdHNhbjZlS2F5U0ZUTTNXdU44cGlnaEQyQUZwRUpkWGxyWDNILW9VbnA5eG5yVjhXWG1vV1VZQjNRRng4b2RkWERLR0t2NmdBTDlvWldxR1MyelpMcVJBcnVMdFVfWF9kQm1EcU1NNUlGRUpGWkZEMXlVejBqSFJib0dWbnpuSG9rcnc0S29ueHhvU0RVci1qcHFtUHNfR1Rva2h3OTdDLTVZVUVRbjZnck9RSdIBxAFBVV95cUxOd3h4VU90S0p3VzVfVXdSNFlSZk5TdkdHMi0zMnJXa1E4b1F6NjRPRUpSWEM4Wk9lWnVHOW5oMV9wNUNsdElRa1BKcWVaaTNtYzgya2htVHF5Q18wUmd1NEIzU1NrSE1Ic0JXb3N3WHZDUEpTM1RVdVhaX3hPWUc3V3BPc09sN3IzaEd1UmJQVTUwTHl6dWJCVVh5eWVGZU01THhCbUZUc3NIZXBTMHFJSEVnNGp5TE5zWDZVdEVzRjh6enJ0?oc=5
2026-02-28	Google	0.367	Trump’s Clean Energy Dilemma - Forbes		https://news.google.com/rss/articles/CBMihgFBVV95cUxOTkpSZkFxNEFXeDBsRHN6aDhYMEtUazFqMGh3MDAtVUxpU1U1cGJrT0pFZlYzUlBWZ2NTTlpFbjh2ODlNbWRIeU9pRFZGRGYxUUowUDBqOTBGTEcybHViUzZnS2p4czJUR01aZE1uS2hYcGZoTHdhR0h5bzdfNWRSaUhyYVBzdw?oc=5
2026-02-28	Google	0.25	Boralex and Six Nations of the Grand River Development Corporation Commission Canada’s Largest Operating Battery Storage Facility - Energy Digital Magazine		https://news.google.com/rss/articles/CBMiW0FVX3lxTE5vOUVRbm15TUlDMDdiQ2RLU1dmem9GVG9OWTc0RER4eDA5NmlEOEdwR2Y0Q0tzRG1BSmZXcFpZand4LTJYX2N0R2N1Rnpfd1ZlUk9fcnljWEN2Y0k?oc=5
2026-02-28	Google	0.213	New Geothermal Technology Aims to Produce Clean Energy in Germany - The New York Times		https://news.google.com/rss/articles/CBMijAFBVV95cUxNdW9YLWY4MnQ4bHdRNWI1M2FNZk5KdGFKcWlFZlV4bVJNWXJqb19JNi1vQUNpb1hLd2R2ZndSYWtjSEZLQTNkZHlUNTFFREpsUmh6Ym5RUkVxVV9HQVRncE1RY1VZLUd0YnNVeEtjQlc4aTJ2QUZXRGZCRVkxeTRoMThoLXJLRzQ0eHEwNw?oc=5
2026-02-28	Google	0.136	New report fuels debate over Climate Leadership and Community Protection Act costs - WRGB		https://news.google.com/rss/articles/CBMivwFBVV95cUxPUWVmRTByUEQ3dHBCLWRxT2JtNEVlZHlGOGRGUTdmYk9TTWFEakxrMkYwY1JleHE5V0VCenlneVBuVklGNkFRNTRLNkhiSXUxNlA0aEFkU001TXZaN3lTMEhBWmloZzVKT2FGTXo0dzg1SnE0cnNOZk52Z3VHZFYwUUxPZC1OQ1F6SlZhbmJpcDdCNDBGRWdxNUlBS3RPR3BnYnRVeEpTY2gzZWVidjBINFpnbFJmMEM5bW85NGtRYw?oc=5
2026-02-28	Google	0.0	ARC achieves elite LEED Double Platinum status for sustainability - San Diego State University		https://news.google.com/rss/articles/CBMimgFBVV95cUxQMWFNZW1ZeVgxYXBwYkxvVHIxR2FraW5LQVJjbzc2YU5tWHg2cGlpQzFaN25NbUktNGdkWXl3NHRKemRVMV90WW5kRXdYM1lNLUdPQmxSRl9TSHUxOUZCX0toS2t3ZW50RjNTS1Q0anFGMFlyc3pPR212Y1ZOU0FGMElvRzVVc2sxcExMV2xfV09zdGh3dnBkQmt3?oc=5
2026-02-28	Google	0.0	Centre County Solar Power Purchasing Project Unravels as Participants Prepare to Terminate Agreement - StateCollege.com		https://news.google.com/rss/articles/CBMizwFBVV95cUxPcFQzQjloVldtdG9URXQ2UGt5ejVvZERITjRtVjJHWTRRSGVKWE81V3JibjlROGxobU9hWFFEVEpIRHFhZ3lwMU1ERlp3UjdkLUFaU2o5RWhsWmc0Y0RkZ1dEWFEzM05UUTd1WkJBMDVxYTZGTDJTOFhIQ0VmazJ5dXhaNjNldkFfbW1GX1NCR21WZk5LblZRZTlWdnFLbVo0VW1SZjdleHdBVmdJN2NGcThzMFhrRVNwOGQzcTZObFprS1FGMERXSUl0RmN3ZlU?oc=5
2026-02-28	Google	0.0	Federal Energy Policy Is Deepening Puerto Rico’s Power Divide - Time Magazine		https://news.google.com/rss/articles/CBMid0FVX3lxTFBQM0pReldYbml1dkdfTVlqVUR4Sy1Fa1JvQW9nOGM1UjNIdk00SEJWN3BFQ093TVljMHdGRmE3RERETmZtTWEwWUFsdXY5ZmdhYVNTZUFTSnZwOHVCUk1jQWlSZHpvZXpUVVhqTDI0cl8wdHRJNVgw?oc=5
2026-02-28	Google	0.0	Google is building the world’s largest battery system with a massive 100 hours of power in Minnesota - Fortune		https://news.google.com/rss/articles/CBMipwFBVV95cUxQZEJzTVNMRzIwVndFZU5OWkc2Q1ctdjJLdUhIdUpPZWVKUGt6VS1jclNTcXRCb2xFVlVrNldiLVRVY2IwUE42d0ZfeWpxdTJRSGd4NHZJaExsNGE4RjYyMURHS0tjRGZDSXJ6M1VhS0stVVJ6Vml5RWVVZHZUSjFkQ0tMMDV1RUp2V09vOUhWMDFnb2U2WG9wM0Q1eGFUZThPM3pRZkpYNA?oc=5
2026-02-28	Google	0.0	PGE announces its biggest-ever addition of renewable energy sources - Oregon Public Broadcasting - OPB		https://news.google.com/rss/articles/CBMigwFBVV95cUxONThLUnA5SEN6N0NsZm81cTJRSWNKUF85TkRXbk9nOUdoT3BBV0VEWjQySmVrZWZKdGI5NkNqM0xLZjJJd3h3eTF5VDdfOFhmdkw5c3JEemcyUVFGSzVfYVhFZ3NEcExlWEJnRGY5dk1Xdm5oQXJDTjdueVQ3Z2NrTjNaNA?oc=5
2026-02-28	Google	0.0	Why Renewable Power Generation Surged in the US Last Year - Bloomberg.com		https://news.google.com/rss/articles/CBMipgFBVV95cUxPN2F4Q1ZQUDd1RzVYY3lGaWRxdXdiTm9LaUlhRTBuamhpbThlRzc0bkIxQ1hxa1lTTXJqNVI1UlBoRlV0RUlyZ3E3OGR5RXRBcFVSWXBtRHBkcGtRdklrOTF0b25nVUdaR0lHYlZ2YWtxM0g3QlJMbkhGekwxU2xwblBPazdzTEFZeDNkUFpRbkplODJqTWRZX2YzWHZVREZQeGtDWS1R?oc=5
2026-02-28	Google	-0.3	Congress Cuts Dept. of Energy Dollars, Shifts IIJA Funding - Taxpayers for Common Sense		https://news.google.com/rss/articles/CBMiqwFBVV95cUxNSnY0UWVqRXgyZEVYU1RyaHdyN0NfNmt0U2NtcVFmMXVYNXNHRTBUR2tZdlpiU1I3X0g5Sks0VVlCeTNPbXE1MjN3cFY1OWl4aFB3VkxseS1IVG9jM211T01vVlE2eGhKR05tbmRsX1U2STI1VENXcUxmVXVYNEs2anF0OXpyNmtVVEcyUzFhQ3BNdzZORDlIQzNocUgzdy02ZG96MkN2bjl1VlE?oc=5
2026-02-27	Google	0.7	The Surprising Route to Energy Security: Scrap Fossil Fuel Subsidies - Impakter		https://news.google.com/rss/articles/CBMikwFBVV95cUxPeDU5R3A0WTdYX3hTU3E4Ql92SUZfNXFzSDlJN1JyaTNLaHY1eXdhX0RQQnlHbEZMb2NXWG5sdTRWNjZjSzFGMGhHQzl4YVBoOXFCdG1uVjNObFFacTc1RGxxeFF5YlpJTnhLQ1pGdHgtLVI0dDNlTkozOXFYeVkzM0xHQlRaQWNjY1JONGZwaEZLZDQ?oc=5
2026-02-27	Google	0.6	Why Sunrun Crashed Today - The Motley Fool		https://news.google.com/rss/articles/CBMidkFVX3lxTE11SFhzR1JuRTR1M212Z09aZ2NzT05TVE85eWlKUGFRUHk0cThsNnlvbWpORGpSWGRwMk1TWllaN216RGZ2SVVtWXpuVU5FS2dqZ05ZWkcxZG81cnZ3RS1iVFBfVmRpdjdIMFA2RVRhZ054NFhyZ3c?oc=5
2026-02-27	Google	0.5	Argentina’s top energy CEOs to map out renewables, BESS and grid strategy at FES - Strategic Energy Europe		https://news.google.com/rss/articles/CBMiqgFBVV95cUxQYUJ2Yl9tRmJoa084eURyUWZud2FVOUtoa21ia2R3Wm1TY2UwbmtXdGotNVdzZGpYODkxN1VJV1l3RE9LYjY4Y0ZDS2JXVFVKQ2lXS282VlE3Y1VhdXAzM3VTRG1OYVRlZmlUbDJLUzEtWlUtOE04QnlhbjM2Z0ZRdlh2djFZajQxTGNrcTJ0eFUxaFI1ZVI3VUt2Q0t5Rkd2aklPQkp1Qlo1UQ?oc=5
2026-02-27	Google	0.433	Chart: US to overwhelmingly build clean power in 2026 - Canary Media		https://news.google.com/rss/articles/CBMilgFBVV95cUxQQWZ5R2FPZHNobkVUb09jVFJtRC0tUFlxdWZteFVHX1RpQ1RaTTlYaFJkaDZ4S1A5dmxoc09OV1IwTktjOXJxMjRaUW56SWt3TmVPdmRpM1RhSmlHcFNpMUxtWnpmQ0FtWWJPZWw4WVpNOVNqczUtSXk2cWlZaG5YUmJFVDJEVDJmRWRQY3l2emFPeVJST1E?oc=5
2026-02-27	Google	0.367	Clean energy didn’t collapse in 2025. It adapted - Latitude Media		https://news.google.com/rss/articles/CBMimwFBVV95cUxNN1JiYzJJX1AyTDlJNktBSHc2QjlmbHpTTjN5cnhBeHNWX05SWjdyYUdUZHdqOG0xanloajFlSmRhSG9XaXhVWS1ROUtIU3pwVzJOX1dmcjJPbXRZdWpxWm5qcnQzRFNXdGludTV0MmRJYlpoQng1Qm9KSE8zR3Y4clYzYm9CckRVYXlFelRXeG9zYWN0REdVQ0NKcw?oc=5
2026-02-27	Google	0.367	Intersect Power prepares to launch construction phase of Darden Clean Energy Project - Energies Media		https://news.google.com/rss/articles/CBMiekFVX3lxTE9RR0tIUENFRlhSS0lFVHF0b3FaMGQ1azRFaF9aNDZaZ056TUZ3ZExYdWZnYm9JOVc2QkxZYXJLZlN0VEY4bU1BWFhpYWpFTThCYlpxMjkwWExLekdRdWs1U1FXZ2VMZTdqVDZ6anRzR09OUXZXWWhxbmpR?oc=5
2026-02-27	Google	0.367	NEWS RELEASE: San José Clean Energy Reduces Rates to Support Customer Affordability - City of San Jose (.gov)		https://news.google.com/rss/articles/CBMif0FVX3lxTFBYdE0tTmJPeE5BQndtOEpOWTFid1B0c3FOSm9LN2xzYk5Jb1lrbmlwMmdldDVrMjYwOG5CQ0FYbUh1NDZWT2NDZVE2QktESkswTFRtUXRpMGQwM2hTemhta1lobnVWbDh6YVhPTGFDdmFyYndGRTVsdjRzbXdLaW8?oc=5
2026-02-27	Google	0.367	Section 45Z Update: Clean Fuel Production Credit Regulations Proposed - CLA (CliftonLarsonAllen)		https://news.google.com/rss/articles/CBMilwFBVV95cUxNNWVLdHViZ0xwTFhYdE01aU1TajZFQURNNEdSdGU4TEJHcmw0dm1lZ014SUJwTVVrekMwQzhNRVI1Z1hnVmtqQ0t3bmpTSE9iV0ZMRmFWZG1uRnR1NFhUZGVCZnktcFBqODJwM2VlZi1RVkRWY2c3eW1neVo4NWE5M3VoQWNfVGhMR2FHUFB2TEdYNkd5QTdN?oc=5
2026-02-27	Google	0.227	Cox Reports Positive Results: The Week in Energy - Mexico Business News		https://news.google.com/rss/articles/CBMihwFBVV95cUxOekJiMlRzTi15cTVQV2s2aHoxM2YxM2JfWFgwTXFZb0c0Rzd4TlZtMUZXNXB1SVVVem9xOFZWU29RRVpYM0psYmZ3OVdISGtYS0luSkFVajFCRE9uNEN5bHdvS3lnR2QzSWNYS3h4djJQajNKRWg2dFBlVWpuOHhzMXYxLThtbk0?oc=5
2026-02-27	Google	0.2	Battleground Pennsylvania: What We’re Really Talking About with Energy Affordability and Data Centers - NRDC		https://news.google.com/rss/articles/CBMiuwFBVV95cUxObV8xaTZpbVZla21sekw3Q1ZscTVOQ1dsT3pMNko4YjRmOTR3N2xTbU16SFJFNXVuR2FEek9vd2RhWFJnaVF6Z0tTR2RjZngzTmc1RE41eVRzUUxWcWwtWUJpS052SHhQRkUySDhDWEo4amlGTXFJcEpSTGRmQXI3dUprNDAtaHA2REtKWnJRay1GTlRqMzEtRlZVUUVKYzBhSFp3SW1tZVJGODNoUk5lNGtvbEFCeGRUeXM0?oc=5
2026-02-27	Google	0.183	Amazon Tops Global Clean Energy Rankings With 40GW Renewable Projects Says BNEF - CarbonCredits.com		https://news.google.com/rss/articles/CBMiqgFBVV95cUxPeWN5c2xiaFVkN0tZcF9LajhKYTVqRzREdHRpYzVXekxwaHdPR1NTd3plamtPWkc3bjhkaXBhb3l1UWxPaE1iQTNZN25iS0VldHBfZDU0MlJYMjl3VVBrTE1lS0lmQTJWQ2h3RzFVMDBPcVU2WjZGdnFPa2U2eDBMZGxKMlNMbWJIUnREdjBSVE1DTHNVMGFOSFk5Q2l2M2xLNzFxQnh2emNpUQ?oc=5
2026-02-27	Google	0.183	Clean Energy Developer ThomasLloyd to Go Public Via SPAC Deal - Bloomberg.com		https://news.google.com/rss/articles/CBMisgFBVV95cUxOT0VTb3BRcnhsdC03M25qb3lKbWFPNHFiQkRzUkFURm1QeHpCWUlqTEsxRGtadXZZc0xfbmN1Q1dDMVBMQ0Rpc094T000S1lWY2J2WXpkWnZiUVczYlJ5SGJzOW13Rk9KVmxIbWF4dHFfT1I0aV95STdoeGJiWVlTWkF1RWloZjFfSkNVMXpfLVdTV0tfT1ZhTTU3SDh0VmNhMDZzbXRUZWxJczVSbjhkcnpB?oc=5
2026-02-27	Google	0.136	New Oregon union coalition will make a push for ‘climate jobs’ - People's World		https://news.google.com/rss/articles/CBMinwFBVV95cUxNYWZEMVFtS1c2bzFaaWRYTS1UUURGOTdpNmVjSGN6NXM5aW85SFVLTGhsWkpCN3ZvZW15cUNRQ2FhdkpzWjNIOVZOLVBtSTdfZVVYcGs5eDJWOUg0bkllYm5scGprOVljZVlaTGRtMUpXajNfTUs0SHE5eDZuejJNUzFjV1FnektsLWhScVRyd3k0NTZzYjExdEc3bzE5UkU?oc=5
2026-02-27	Google	0.136	New York's energy research agency says the state's landmark climate law is infeasible - Gothamist		https://news.google.com/rss/articles/CBMirwFBVV95cUxPMU9WXzRfaC0zYnl5T1laWHFyLUVHSkdaWVUtTHZUMHNJTHE5VW5MWTF2dEh6VTZlYWhqeDY0Zld6cEQ4S1ZPVlJJOVBzXzFobkFmZmxDRWduMzRDbEIzUllaWWh3RjNZOWV1TWFlLVRQQXVZRmw2Mm1zVnhoNmNuQ2ZnY21oMXFGaEQ2TXFSdjkxV0dYZmhrY0lGZjdEYzJhSVBjRE0wNnBrcDlROVE0?oc=5
2026-02-27	Google	0.136	New platinum-free photocatalyst turns sunlight and water into renewable energy - The Brighter Side of News		https://news.google.com/rss/articles/CBMiuAFBVV95cUxObkd2bmRXM1hyWi1YdGs0N1VtQW05SngxTnE0LW5pbWJ2VU5GQkZYejZURTlFRnk4TG82b25QRk8wTDhTSlJ4amU3YW00MXllcGtoSVpIc19NRVJpZGxZSk1VTkg2V1JYVFJjLVpVWEtyVmdyQlRIcjZYdTJrSnFCVTVkQ2tVcmQyd3V1dUlQcDRZWGh2a2hPSDNpclJSM1JHVWVxejhfWUd2U0hLNmVvd0puRzZ1UG9G?oc=5
2026-02-27	Google	0.136	Renewable Energy Defies Trump’s Attacks, Reaching a New Record - Bloomberg.com		https://news.google.com/rss/articles/CBMivwFBVV95cUxQRzV2Um4zTnVRNUppU2JlbUk1Y3k0cVhMV3NxWEdZUTgwTkZhX0VlOTRTNDFCTThGd0xFRWFObzdqNHluUDhYc1hEcTlpNERKSmhJb0d6MkpISUVSRE9XRFhzTURMSlZDN1k1ZHE1V0dzOTBld3c5Ym5JaFpIRmRVM1lRTXBnYjQ0LU43bDJBX2xhazJyNmNnSVBkOUhpQzZRSUxVY1JEVDFETldjdXA5UGMzb19MTXR5V0p0cXU4RQ?oc=5
2026-02-27	Google	0.136	Stanford Energy Postdoctoral Fellowship welcomes 10 new fellows - Stanford University		https://news.google.com/rss/articles/CBMinAFBVV95cUxOT3dFUG55U2x5aktCdG9SdE5UQlhobWxJaUNsWU9WaHZ3aUllSUoyTUhETjZxaXNHSEhmeUpqZEgzbkVYWUJOQUU4U0RqanY1ajk0anNlTFFLcjJsOERGeGZhbWxpNHpESkI4WHRDLVBlYXlJMC1lS1ZIbGtaZ1FQUjI1amk5RHhMNDFDcjZub3FaeWtwaGFlcHRrai0?oc=5
2026-02-27	Google	0.134	Google’s New Minnesota Data Center to Anchor Clean Energy Expansion - Thomasnet		https://news.google.com/rss/articles/CBMigwFBVV95cUxOS05IOWh2LTJRbjdwY25vZzRQdXJOaWg5bnRNZ2phYTFXa1V4UjJYejRyZ1dIWDU5bmpsRlB3aGhiTmo3YkNCLW9PNi1JZWtOMHdKekVuYXlvTVhEV2dYbkVodVR1NFFSVTBEREQ2aWMwYXExV3MwUDIxZzhUcG9VVEVtUQ?oc=5
2026-02-27	Google	0.133	EXCLUSIVE: Solar in Michigan booms amid clean energy push - The Center Square		https://news.google.com/rss/articles/CBMilAFBVV95cUxOUTdIWTJnbVk5NmU4WDlSempCemZZdERzOHYtWU42aGtKZmltQVVYdFhDVGJHRlY3T01wVGNPMlBWcHRBZnZDTDZDdlhaeG9MS2otaG8yX0MtYWNyVVNyUkNVZUxIWGpzUU5wNWFVWW1Kc0M0LTcwdVJqc1RwWUduUGhmREx0aHNaeU1pblExYUtGUzU30gGaAUFVX3lxTFA4cHVWblVWaDBQVTlBVUUtaURoTkRHMjd6ODdTMVRfamVVby1zMGNYbFB0azZ5Ty11TnNENWJ6WS1nY0M5SUkzSzRzY0I4Mi13SWVNbXQxZHhON0l2SU5qSWtEa0VTNWYtWmhGR1RvVFdITlB3Qm55ZFRvMVYyVVJfdXh6WFhHU3lON0c1YWkxYzdsbE1MS1ExWnc?oc=5
2026-02-27	Google	0.122	Shell grapples with debt crisis at key clean energy venture - Financial Times		https://news.google.com/rss/articles/CBMicEFVX3lxTE9LQ0pNMUxSbG92dkltVFJHNHFvclBZNkNvUjZydWdaSzNDQlEtT2ltc3lWZkx3N0tQMWZJNHM4dXk0RDhHbU5aSGNHXzV0YzZfeDhDWkJzcTZRTVk3alBwNU1RelhZeVpEbmlFZS1WeUc?oc=5
2026-02-27	Google	0.117	The Battery Decade: Unlocking Solar's Full Potential By Overcoming Intermittency - EDP Global		https://news.google.com/rss/articles/CBMirwFBVV95cUxPZjM0akpNWGZpREdaT0hrU1pWdnp0U1ZNMTczNUtyMEZlRVB1blV1NHlOWDRpdURDNkpGX2xyYUoydGU3a1hDTWo0Zm90NmlCTF95eTNaMGxQVTZGWmhBX04xamllYThTVlppS0ZRSklvS1dCQU5BOGpHRXMzaW5TVXpJTElOSG9KRXl4ajhOZWNKekZ4eFJjdDFINmhZQTgzbEF4U2N2U0tUelNZVEVZ?oc=5
2026-02-27	Google	0.1	"""It's alive and produces energy"" — Finland is testing solar leaves to mimic photosynthesis just to prove we don't need panels anymore - Energies Media"		https://news.google.com/rss/articles/CBMie0FVX3lxTE1MS3RKWE02TTNiRlJHWnV6V1FfTHAxMUZJVXZhRWVFUGtzekwtMHNTTTRldWU1N1pPS3NLWlVUeEpoVlNpM1dONFM2cjRPY081MkcwOWJwNzlHMVp6bDZ3bjBWT3VkLUtlS1lSWE9LQWI5eE5EdVZlamJGVQ?oc=5
2026-02-27	Google	0.1	'We have a real problem': Hochul signals potential changes to NY's climate law amid affordability concerns - WKBW		https://news.google.com/rss/articles/CBMi1gFBVV95cUxQbkxMRlBGMFpsQnNzdXZFTHpDTzhxN1c2UHpkN3Y2TG9XNG5lM3l3RDNDZ29qTmNrX0taVEdjbUZUb1RkX3cxMUc4WDM3bkNfT1pHeXdzLXhpOGpvUDRWZlJPaVphdlctRTRNZ2c0V2hocHQyYnZwdzMwVUxPMUM4OTlRaWt4aVdMc3ZUTWhPaTRzSUdtd0FhWm42MjVKZGxrUU9hOF95Z1hDMmhoV3dTYV83cU52cEVYLXRETndwckNBOUcyamZXY1hvVlJELWs1ZjhkLU9B?oc=5
2026-02-27	Google	0.1	The natural gas utility workforce in a decarbonizing world - Deloitte		https://news.google.com/rss/articles/CBMimgFBVV95cUxNMThMZ2xGTC1TVlBOaUppOHJpMW8yY1pZZlFWOHFDbXlOX1dQVHFrWVdRVk1oaUtjTUp0YVRoNXJrY1c5dnNWT2hvcE1tYk1JaXJRT0l0a2RRdFA0bXRjX295bDBuMTNHN2xqcVZfczFTMzd4YU9mNjB0dWdJdGUwNTBTUkdkRDF6MDkzZnB0U2h5NmZsY3NfVDRR?oc=5
2026-02-27	Google	0.041	Lawmakers debate realistic timelines for New York's green energy targets amid major cost concerns - WHEC.com		https://news.google.com/rss/articles/CBMixgFBVV95cUxNLTZ4S3lMcnBnenhvdnVjNS1CQ1ZoTS00U3N4MzRJdTJwSUNub0NIMWVVTnV4b0o3U2ZMb1VMMDdkeFNxUlJSQ3hwT1pZMVhjUE9Ja0NScGhmcXRaeW9VNHF4bkZlN3dOT18tX3BaYUlTaTExeTJFWHJ6UV9lbF9fTkNUTWNDNFIxbkJzQmVIQ0dkbl9VNHNldmoxSXZUcXVJNGlVdV9yY0FXTUxkc0JOdVlwR3hFOUtrUUJIVzRwaXdiTW1Ib0E?oc=5
2026-02-27	Google	0.031	How Major Infrastructure Helped Microsoft Hit Renewable Goal - Construction Digital		https://news.google.com/rss/articles/CBMimAFBVV95cUxPMnZJeEVzRUlfZEt2YmRIOVViRVBHV3pWLUs0RjFhYTl2MlVmV0p3YktEcndPZGN2WDRJRW1VdE1aMk5GMm9oMlpKU0lwcnJURE5Ua3JTZHRUQXhiUjhDSzZOcy1EYTlFQVZVbk91eEtHTjBYWG1HaXBnZFJFMTJOUzhfWFNSUzg1NExuMEE1dW51TW1kWlVpZQ?oc=5
2026-02-27	Google	0.0	A manual for efficient wave energy converter prototyping - Michigan Engineering News		https://news.google.com/rss/articles/CBMimgFBVV95cUxQYjJHYkdSYnZYcGIxak5PbW5aV0RwR29qdXlVMjV3YnQ3T1RMTUlKSzctUEgzMzNGanc5OFFJT2lRSTF4bzBVMVNLRGhCZDZFY2VpYVJZWlJDM3NVdGRsMXc5OC1Sb1NKWUFfekp5b1FqcDFYWUtNUHpEVW9salJ2dXhWZ09mU0FLdlhlN0lxV2c1UXl3cm1XUzFB?oc=5
2026-02-27	Google	0.0	Bellevue continues to reduce greenhouse gas emissions - City of Bellevue (.gov)		https://news.google.com/rss/articles/CBMiiwFBVV95cUxOZmxFbHlaVFY1UUtfQ1R1ZklYVGhLSGVHNlpicXVVT0pXVXE0R0YyVG5oVmVpOHRTWWxBZkFBM010SGdEeWJVMWpNdndQR296VXVnNVI0VEloM1VId0pVT1dKUlpwdjJwb3F2UEROUUJiNDByVlVaREFBbEQ3cGNOMjRfc1dLbUFtcXNZ?oc=5
2026-02-27	Google	0.0	Bill to Allow Plug-in Solar Panels Passes Committee - Colorado House Democrats		https://news.google.com/rss/articles/CBMijAFBVV95cUxNRHg4UXN5RXlBaTRKVlRuOWRCdW1Qd2JDb0JZSDZhdkNSejE3TVYxaW1qUmF6alREejJhVW11TUtSVUFiMnE2V0NPWndVSFZqSG5wdmFxODlwTlVCNWw2cVFRQ1p6dUJjdGxzVTd4Y3lES1RBc29lV1dxanJqZXFSeV9JMFdTb3pzUFpnSw?oc=5
2026-02-27	Google	0.0	Coal Is Back at Tennessee Valley Authority — And Energy Investors Should Pay Attention - Barchart.com		https://news.google.com/rss/articles/CBMixgFBVV95cUxQeGNjNjRyZE5LRmZMRVUtQ1hySkNZejVjTk83ZWlBVDNtTmFwTUI2TFJ1WVc2TEU0X2pNS1hvNXZCYnlHYjRCT1lkRVUxcDRjYUQ4cjdjRVQ3cG9oZjN2amIxVnZmVG03RnpRSlNMbm9LbzNOd3NtNWhqRWZtUDBVc0lDMUQ4TVowOHFNRWgzTUFrVF94RGxsMzBkUjFuNUtKV2ZxSE1aUTU4V0NVVEJMS2NRSmFKZDhtaUx2T25zdnVxTzdxNnc?oc=5
2026-02-27	Google	0.0	Detroit church goes solar despite EPA funding freeze: ‘The proof is at the Pilgrim Baptist’ - Planet Detroit		https://news.google.com/rss/articles/CBMibkFVX3lxTE9uRHdrMllnVllWOW5TM0puWUx3MWRxUVFHcGZOb1B2NnotekpUS20yZzkzb0lkcXp1OVp1bjRUaXQ5bzNiTGZMTXMwR3JuVWlVNGg2Z2JVbXZXVnZ3Sl94V3RiT0NaQ1EyOWpuWDVR?oc=5
2026-02-27	Google	0.0	Developers finalize large-scale solar capital raise alongside battery storage funding package - Energies Media		https://news.google.com/rss/articles/CBMigAFBVV95cUxQcFFucW5SWnlpNXhBdW5oeGx6bGZtMWFrMUlibVR1eDFqNXhVckxWU18zTjNtUXM1MF84VGhodWxLYVp0aXlHbGFYX2NVaVdXRThVcWNmMFpMTjViVXRucVBLT09USUo5NzgyY0hJSFNJa1lreFIyOVN4dWtZb0c5Yw?oc=5
2026-02-27	Google	0.0	Drax produces record 4.2 million metric tons of wood pellets in 2025 - Biomass Magazine		https://news.google.com/rss/articles/CBMipwFBVV95cUxPdFRFVlJHTVowOENnTVo3ZF81LXVHX0pEWHlEUkdkUlZDb2x3UjNqcEtrZWlyUHdmVGJkUFdCSkwyLW9ubXJJYVg0dlpnY1NlOVg5WDJWRzRseGpiVmZSdkJPOXRTbnhZVDZMTDNWdEhRTmNPMVRQY2NjQ0owTWg4aHA4WjhJa3RNUktVTUtoNUV5aWg4Qk1md09yTjdzYmROSS1ZSTN6bw?oc=5
2026-02-27	Google	0.0	E&E News: Solar power’s newest friends: MAGA influencers - POLITICO Pro		https://news.google.com/rss/articles/CBMiuAFBVV95cUxQV2d3aUp6dmc5NnJlcU5ZRVg5UHcwZGRBMWJMbW5EVXlkOFU5djNlcXA4UG1idThSbmZxU1hXWU4zaTN4SlpNbmwyMDRvbjhnZ1Q1b3JvTUkzSXoxTmN3ZzlMbGY2Qk5oNVV1dXYyMHJZQkJVZ2F3WVRuTXNiLXBEelRrN2Y5eG9jUm9OekgtMU5xOVBQbERldGljdFdHWElia1JCcmpVd1FIWGZnVWdObXFhQm9vM1oz?oc=5
2026-02-27	Google	0.0	Energy, Renewables, Chemicals and Mining - Oxford Economics		https://news.google.com/rss/articles/CBMie0FVX3lxTFB4cGxlVEJFUzJhWVg3OFMyUWVzT2pYOGxjVTBIa3NMb2E3V19VbVlGTWh5aHVNZzFyR3l4SlBVR2pzUDVPMFJ5alhld2VpODdVOUlJTmowaHl3czN4TkhhNHNNUnNPMXNzRXZDbXJJdklNTjVYVlhFTjM0NA?oc=5
2026-02-27	Google	0.0	Enlight Renewable Energy Ltd. (NASDAQ:ENLT) Short Interest Update - MarketBeat		https://news.google.com/rss/articles/CBMitgFBVV95cUxNQVhhZmVkUDNWMVM2eFFwWHp1bGhGekEyZ3kyWWNPUW1nYjNubTV0S3M2U3JyMDllaTY3MUpDU0piM3V3bXhoSG51bTlQOTdJemwwYVFyWGN6aFg1V0FaYkJueXRJWjVuWHpzblJBMDZiMWt6REFiRmpyd2o5b1ZnLVVNbVBoN0g3cl83V24zSzdpdlBWNkszVkZVX203a1h4ZFBpYl9YYnRZS2FQLUs2ekZjNkxfUQ?oc=5
2026-02-27	Google	0.0	European Energy reports 2025 operational progress as curtailment weighs - Renewables Now		https://news.google.com/rss/articles/CBMisAFBVV95cUxQT05YVGYwN3VFWEpub3d1cXBYMWFid0FiaGctbVNBamZlMzh5SkF6UmV4eWdYbnFNQmR5RjNRNm1MeHgtU2lpMm5ZVDBGNFRDYU1IaHJ6LW10cFN3VnhESUhoQm92S0RoSWVlU2x0TTM3X0dsUDc2MHBCb09fYmNta3RfR19ia1UxTldRTXJGbms0QS01UUEzVElyQ1hGTldMT1I5U0stVDBVdW9fbUc4NA?oc=5
2026-02-27	Google	0.0	FRV Australia elevates Michael Steiner to CEO - Renewables Now		https://news.google.com/rss/articles/CBMijgFBVV95cUxOM3E5d2Z2eGJXR09zWklabjR1ZU43MUpsRFY1cHZEYnFESFktWG1VMzY2TTdLV3JwVURiZXdPWVBBZFBQbFJoZ05oVzJ4dGs3OGxrcnV1dFNGUlJ2bDV6cGpnM0dxbFZIeGlaQzlmTUMxUlNOS3RUeG1fY0RMMGVoMmFQZlFiTnhjdlJ5cmFn?oc=5
2026-02-27	Google	0.0	Federal program can help nonprofits cover costs of clean-energy projects - Spartan Newsroom		https://news.google.com/rss/articles/CBMiqgFBVV95cUxOX3BhcnUxLU5MZ1JoVDVJNFJuclJ3VHVITEpRWjdhRVdYT2lISmJXZFRFMGhiX3pHdHl3R1NKU0ZZS1dqbWJuNU5hUzBsUUNKYkFpSUV6Y1Jvd29BSjlIUVA3a3p3YTZ3ZGczZ0M5TzdqU3ZLWndlQUwwd2h4RE5LcUpZRUNYNWExWURlR0t2ZzRNRGZKNC10UVNZX2w4UmtuN3BKV0NiSnc2UQ?oc=5
2026-02-27	Google	0.0	Germany Surpasses the 10,000 MW Offshore Wind Capacity Mark - renewable-energy-industry.com		https://news.google.com/rss/articles/CBMiyAFBVV95cUxPRmNIVDlvMEpmM09KdlN1OEZNdlRqaG9TZ3QxTTBSVVhRUl9jSURfOU9GRWZpdGFsUTkwa1A2RWh5SzZ6dFFIREI2OEFSVjM2UkhVYlVveVAxai1EOTFXQms2aENlUndlcmt0MzNsa0FKZmY5Z1E5VW83T0otLUIyY19keGxJd3VIeWU5WUs2WVZpRlEwbkEyYUxsRU42QjZvQ2Y0Rk8zeGRPZ05Ub1dXQ3U2cWZ4eHYtNkpHU282MDcxc2pyLW1kMw?oc=5
2026-02-27	Google	0.0	Global giant Tata Steel is using a heat battery to curb emissions - Canary Media		https://news.google.com/rss/articles/CBMilgFBVV95cUxPMWRJZC13RkJJVThNa3htOVh5MjB5dTJRMDZRQTl6cS1WelFtdXdhTFJsck4wMzF3WW5YalpFcFQ3dVVmSmhfeXRwS2tHUVByR2FlWXZBMU14U0Rya256WEdJdFJzRlN3b2FrSi11NTR4b1J6dzU1LWJKc1czVTVMblUtNm9MRGlzN2lrM2Z0VnRSc0dhaHc?oc=5
2026-02-27	Google	0.0	India Emerging As Global Leader In Renewable Energy Expansion: UN - IndiaWest		https://news.google.com/rss/articles/CBMikAFBVV95cUxPU09ZNnNrVWgzTVhzV1hkOVhZb0cyRjFlQUlPSWhwa0s5RTBzUjc0SUQwVEIyZkdkcVU2OEdabWdUTjlSczVSdDBBLWVNUGk0Y2MzUTE2cjMwejRNU3VpTWJIOUR1M09UVERRNEd3cUdVMzRxR1V1NDNBWmYtZ3JBS05teUZaTUNqWFl3WFVHTms?oc=5
2026-02-27	Google	0.0	Katie Miller Is Trying To Sell MAGA on Solar Energy - Yahoo		https://news.google.com/rss/articles/CBMihwFBVV95cUxQUzB2U3VJX2pIYXBqc0xwbFRMNWxOTTduWE8yUWlEUllwelB0Y0RBRHQ5RC1qR1o2Qk5wZi1ReFpqbDMwUzRDelFUTnl2a3Y2NGpIUHhrMlQ5YW9sYTZ4UzI5VUtRRzZBc0xJNHhwRG90Q3dsZFFBWlhtUDdKOW0tVFpHbXZLdWc?oc=5
2026-02-27	Google	0.0	Massachusetts energy bill would make big cuts to energy efficiency - Canary Media		https://news.google.com/rss/articles/CBMiqwFBVV95cUxNRGdBRUE3ZkNpd1F0RDJsczc2azgxYnp5c0RSRURzcmxXTkZHc1FOT2F5QjZZdmtXRkk1c3YybmN1dmtwcmR2RFRtd2tMM2hybWRHRW04cFZneFVpVldhRy0tc3MyZ1ppM1NlT0lBMkhzSi0wZ0hHUU9EV3l6Q0tTWm14MVBSSV9FY0w0Q3c4SFRJellNZkhvdElGS1JYN0NBQk94cU5Xcm5tejg?oc=5
2026-02-27	Google	0.0	McGraw Fellow Details County-Level Efforts to Block Renewable Power for USA TODAY - Craig Newmark Graduate School of Journalism at CUNY		https://news.google.com/rss/articles/CBMivwFBVV95cUxNSkZWb3ZPVmlXR25ScG5GVkNCNUtqSklael9ta3JUSjVPelppbUpTY2R6eTg2alZSdFh6MzZnZ1BRYzJfLWZMMU9IWV9kMV9yamxENWpqU2xxZldrN09IQ0tCNW1Fc3pEaS1OSXRUQXNWN0dpaW40R2hVeUdJVGdMa0hnMC1pUVRYTnNQaWkxVDQzbFhnVFE3VDJQOFJaN1pEOFFfWGotblRDaV9sR3RZVmdqdW5IeVFpTENCdmkyaw?oc=5
2026-02-27	Google	0.0	NVIDIA Hits Almost $216 Billion Revenue as AI Boom Tests Its Climate Strategy - CarbonCredits.com		https://news.google.com/rss/articles/CBMiswFBVV95cUxPUTIxZ1hlTElqdnJaUU1lQzNwMEJQVlJaOFA2bHFVUm9keXlfd2ROUS1pWGNfUUYxQTdUZ1p6U20tVVVKTlRLYlZyWDdUOWdWUWVmMFI3Z2wtWDJId2dtZGZscGRPVDJhRU40eGZyOXg4NWdObHdFMEgwVWRoLU41LWlLenRPeld1a2U4TExOT2V6b0dmOGVqZVF1Y0pKU3p4ZVpkTV9mOThoQVo4MFdtRUd4RQ?oc=5
2026-02-27	Google	0.0	Philippines calls for energy storage at all large-scale renewables plants - PV Tech		https://news.google.com/rss/articles/CBMinwFBVV95cUxPWmZsaHczTE41V2c5TFFWcmFYck5DT1FUN2VWcU55bWFKVGVmMDkyWFMwaUhlclZBZ3l2b0JrajdIVGVJMnFwLUNyYjhpNUQzQmNfMC13bFFmd3pNVkdGZ29pVGE1WVJ1b2tHSjNZeVVZX0hJVm03TWFyZU9vNzlza1I0a1d3STJqclkyX3JiNkIwVkVTUWdTUUo5bTJxYzg?oc=5
2026-02-27	Google	0.0	Project Facilitation: The Recipe to Enhance Sustainable Aviation Fuel Projects Bankability - IRENA – International Renewable Energy Agency		https://news.google.com/rss/articles/CBMi1wFBVV95cUxNNEotc3Utd3lvMjNxVXg4US1JQnE0QU9VRENuZGJNQlJxN2RXTzY1TXBwRmtPMUh4Sy1yTUU0UFFMTXN1aDFsYzVEcWtRcWdXMTQ2c0JjUkU5eVlETm5hbjhORDZ2UkxfQ0E1SlpId0RFRWVXVHBYaENWa3VmeG1ZcVZrS0p5dGpZZTdFOU9uelNUemJPQXp0XzBCLVdpOXpKZGdtSkNtRDREV0QxU0RXTDZZd1V1NG1ubUZYOFNTa2R2UmszcnkwNXZFOEZPY2tEbS1rbXNnZw?oc=5
2026-02-27	Google	0.0	Renewable Energy Stocks To Watch Today - February 27th - MarketBeat		https://news.google.com/rss/articles/CBMiqgFBVV95cUxNZl9NM1htMHBKUjRtVmVjY0ZCaTVQcDlBVThnQVphN3BiQ0xxWnRmZjVjVWU4TlJkc2ROSV9qOHJ1SGlSNjg2QWhyY2xzeHlQbU4tT1lrUHNVNDUyVjJuU1YxOVVyaUhQaEJrSEFIUnc2LWpnUEQ3ZUhnUC1ael9rTGh5ZVlVMHR1RUZsYko3SjBETkU4cDctblEyT2ZrbEVGcDh1TXRUMXpxQQ?oc=5
2026-02-27	Google	0.0	Renewable Power: Is the Pace of Build-Out Overstated? - Energy Intelligence		https://news.google.com/rss/articles/CBMickFVX3lxTE5tWUdFOWhBZHJ6M2x6Zk1zZmhQZTVDQVdJR0IwUWsybU5Jc3M0Ql94WkRDeFN6aTF3N01tTUNQOFBNUlptcEhLS1BadUtJLU9LbHlXckhnLXBRXzh5SFhObzBhSXdWSjVmUy1wUTVCdDF4UQ?oc=5
2026-02-27	Google	0.0	Solar gets some MAGA shine - Politico		https://news.google.com/rss/articles/CBMinAFBVV95cUxPcHd0MnhVWl82NDFocmtlVGxaUlhUczBUbEFsQzNFWmEwTzl1NGs4QVB2NlZOU2hlUlREQWNjQUI3UGpvLTc1M2JmSmxIOHY3U0xlVllBS3doeWFINmJUREJfV1ROSl84UUtrN2FTNlhsU3lNSlZsb2k3ZmlKWUZjeDJXZkNlbGpZZEd2RTdOd0V3M3MxaUNreHphOGE?oc=5
2026-02-27	Google	0.0	Solar installs surged 205% before the tax credit cut – and reshaped the market - Electrek		https://news.google.com/rss/articles/CBMiqwFBVV95cUxPWEtsUlhQRGMtck80bEZIdXN4SGJDTVdWSnRsS0Y0VzdVMVFKSlFlS0VlUko2WmZPVlpmdzJiakRzZkpoekRnczdrLUs0Q25Pd2lFbUs3Y29iYk82c1V4anBNMjdMWW02S0NFaXlKTmhsYWxYcXZ3d20yek9Xbm9LV3I3Mk9BbkJXcldvTkJiNENVOFB0UmRnQjRwSDk4QlkxdDh0a1ZTVmN6NWM?oc=5
2026-02-27	Google	0.0	Solar power’s newest friends: MAGA influencers - Politico		https://news.google.com/rss/articles/CBMimgFBVV95cUxONURmNGRScklhQkhybEFweEQ2YXlCLTU4ZFFYNW52eHo4bl9LdWFRU3dHZVFsUFB6aHBrX0F1N2ZXek5DcXZUVVJ2LXpUZTMtaDJBeGJvbGg2b19OenVlODhGWmNVVUhpbFBuQ2pLYjh5WGhUUGpyOVFpQnVFdXpBY3ZRSjlkMllPOUNKWTlCRHU0OE13SWJSV3lB?oc=5
2026-02-27	Google	0.0	Swiss renewable energy company ThomasLloyd eyes US public listing By Reuters - Investing.com		https://news.google.com/rss/articles/CBMivwFBVV95cUxPejQ3ZE1CRy1MVXJKYmN6MG03UmVHcG9yVjREMmxiU0duTUhoQ1BvYVdQNVVVYXZYbEpnT1MzNy1SVDNuX0REUTZUdzNqLTgxdXMxUmhXNnJ1RVF6UzBKcURTNUYwQnl5VXJwakJ5VENXd2lUWFV0ei1MT1lIc0JyeDM1YS1fOTRBTThielMtNVpxVHo4MGI0ZmhMVmVaU0d3b1h4QkQ5cGlCLXZWeTFpbHdGQXpYXzdZMWZrUG9iRQ?oc=5
2026-02-27	Google	0.0	The truth about energy affordability - Rhode Island Current		https://news.google.com/rss/articles/CBMihgFBVV95cUxNUG1Pelc0bHlRODNJeHFkM3ZXYzNmRWxLd2RoMnBqWi05ODduSlVtbG5vRm9BWDBFOHlYa0FnR1F1R1dzYnVHUnVRTm5YaGY1ZEdxYi1IMElqNm1BRFlxMkYtdHZKODNGTndTQ0hUbnEzX1FsM3VjOTU2a0wweHY4MTFwMXlZQQ?oc=5
2026-02-27	Google	0.0	Thermal power to dominate Algeria’s generation mix through 2035 despite renewable push - Yahoo Finance		https://news.google.com/rss/articles/CBMikAFBVV95cUxNdzhhdmJ4S0lMdFNfYmlyQXhJOFZuaTJxY3JMSmZNS2Z4bzJJNVQ1WGFIa2dsN2lmbTR5RFdfeF9wM19JZmdTRWdSOTh3dnhRaWFRaVhSWHVsUVdaY05RWXB3bFhaSjVzY2dfdVY3aTNBNHMyQ2xVeF9rd3YtM0ZpWFF5SGpxSkk2b2FxaWJyZHo?oc=5
2026-02-27	Google	0.0	Trump’s anti-green stance leaves Mozambique at mercy of climate crisis - Amnesty International		https://news.google.com/rss/articles/CBMivwFBVV95cUxOZThRdEtSUkNscTV3MkRfcXNVTk5xZVFJdTk2aGZTVlVOaXVTOGtSbUowM1N4M3BPcVNtZkRsYnpQZzBkaEg0LWhyYkprZW1tUWNXX19vNUhVNEFDNzQ5b19IWU9YTzZFLS1Vc2dCajBwV1pYQk9qLURaRXpWRkNpbUVuVC04SWJYTmNXV1diSkdvYlpCZERYekhKemt6SE93R3BDR1R3TXlFVHRDNVM0WU1rN1RINTYzRUtVSVhZaw?oc=5
2026-02-27	Google	0.0	Weekly renewables M&A round-up (Feb 23 - 27) - Renewables Now		https://news.google.com/rss/articles/CBMihgFBVV95cUxNRjNuYTVGd3hja3lpdngxZHRDZ0Ezam1SVjVodEJmZjFvejFsZ09IejkxX0dacFh0dWJIWUVjYko3NThKSDc4ZWoxbFR2VlhTWGZ5M0ttZXM2Z25kRkoybEFyZ0VHWFN2Tk4wVjdsT3BidmhabTgzX3J2dEZQLUhTR3ZYam5FZw?oc=5
2026-02-27	Google	0.0	Why Fortescue is Investing in Education Programmes on Energy - Energy Digital Magazine		https://news.google.com/rss/articles/CBMilgFBVV95cUxQeTlVSjBKNmw1YVRNcmhLOU5fMm9wTk82cWpJRHRnMi12YUtiWTJsY2xUU0JUUzc1VUhIUjZkOTZOaklmb2dPRGd6SjF5UTJmM0xMYWllRFc0aTcxTUdyWFo4Yi0zaEhBQnN1T2RKRnFKRVpJRHZFN0p2UDNHZnJNRkVoS2E4MTFsaElJaWhaRG9fRkVoZ3c?oc=5
2026-02-27	Google	0.0	Writing solar and wind energy out of Ohio’s future will hobble our state. Oppose SB 294. - Cleveland.com		https://news.google.com/rss/articles/CBMizAFBVV95cUxQOTd0bmp4VjRTOWs0ME5oLUg5Z3BxcUk1OUJ6MXBuaThPYmk2ek5sa1lRaU9SZXlUMWJHd3QxeVhzTXVHaV9oZEszWDlXUnBGMWl5cXEtdFdkcWctSFBJdzZpSTRGUlZDUWpmNW5PS0xrU3Q1OWk3MjZfWWVrNVZjQVZZRUdlWEZSeFM4UGNpcXNLaVdQYUI0cWQ4S2pIdUFWNUR5MmZKdU9pVVU3dVpLVjVUdWZnYTNHb1JRMm1sUFI1Wl9BbUNCNDNETDbSAeABQVVfeXFMTkU3ZENGS0VKM3J0RzJWREF4RllqQlZkX082MmFvQjN6LS13bV95VXIzc0ZfTWowMFVvQ1pKeUcxdlB1QWhxeGE3WER1cU9yV1M2ZzFyMWpPbUJLUG9UeGdzLWNQSm9ISzRpMlBQZXBVQjEwWk5mQUNRLTlkSnNmVkFna091Q2hsQ0tjZGNXell3SXdiZko1ODA5LWNmbE02VFY4TFd5MU1qY1BteXlwcFdMeTNmTWZHaF9xTVNESi03LVdKTWVPMkFKT3lvY0xKa0pJRjZKQmNqdy04WEhFRUE?oc=5
2026-02-27	Google	0.0	Yindjibarndi Energy Corporation launches EOI for renewable energy offtake in Western Australia's Pilbara - PV Tech		https://news.google.com/rss/articles/CBMixwFBVV95cUxQdWpFaExPU09XQUt6b0ZDSW9oMFNXM1JIYUtzLW1La1NjTWczMzJGRy1oNURaQk9jTDJaMXhwNkZCZXUzWlR0WVctQ21UMWNBZWJCMEhGeEdkSG1VRkxQRFhSV0J1X1A0ZmlWRmJ6OFpJU3ZGbTNScm0xUllZeWNxQ3ZLQl8yd0VNOVhqcGZVY3ZHYXFfcG1kbXZWa1hxbDZXNW5sWEhDd05OZDZWUFVydGpMdHpjRnJjRnN6QTFpdFhObGY2T1hZ?oc=5
2026-02-27	Google	0.0	‘Affordability’ drives Massachusetts Dems to target energy efficiency - POLITICO Pro		https://news.google.com/rss/articles/CBMi1wFBVV95cUxQa0dGM2hmS1NKeUpYZWljU1lZMGVUMjUyNmVCR2otQWJYU1pqXzFEeElkV1ZDdE1qbldDS3k2ajJvbThzclRwbFBkOEc0b1lJZ3BiOWszbXNHNDE4dmstQnRfSkFRRVZRYXhxLVlGX0FrYUFoWGxCQkFyenVPMkFkUGJnNE52cnM2a1BHSG4tSzdOWnNQMHktanExWFJkckRtYWlLdlp6YUJwaVhOU2dsa2FRdnZlOXhRMkQzTGZWYnR5dm5RTlVrR2JYLVBBd0tDRG5oZWNxSQ?oc=5
2026-02-27	Google	0.0	‘It’s personal’: Maryland climate groups defend energy dollars amid budget pinch - Maryland Matters		https://news.google.com/rss/articles/CBMic0FVX3lxTE9mRXg4RDdMZGlVSkl2U1VZeEppVS02QzkycXg5eHJnMnhiaFd3MUxldEJ2dm03V21VbWwtSkp5ZmpKMnVBLVJXZnpIMkFpdmtkR2FkX19FQ24xTUZIV3NHeDhVYnIyN3d2YVppVXYtaGpnb2c?oc=5
2026-02-27	Google	-0.1	Green shift, digitalization to step up in energy sector - China Daily		https://news.google.com/rss/articles/CBMifkFVX3lxTFBlUjdwaGhzU0ctb2lORG44MkplZVVRSjdjSGRVWXl6amhnZ0Y0ZkJYVXVaSnBHY2h2azh4Z1ZGTWtoOEFDQndBU1dOQTFocUFuS1lzd0YtY2VSWHZBU25mbVMwVmp1U0N0R1hnNjZHSnpjcVJsR1MxQmJ5QkNQZw?oc=5
2026-02-27	Google	-0.1	Swiss renewable energy firm ThomasLloyd targets Nasdaq listing via SPAC - Global Banking & Finance Review®		https://news.google.com/rss/articles/CBMinwFBVV95cUxObV9NS3BNU203OWFORWtzVDV2b1ZEMU53M2JvQUl1RDZxeU54MDZoRWdLdXlzMEVtVy11WVRQUnN2WWVGT0w1MUdRRUFFU1ZXODNNMVZBNWszYWg5aHBBa0FhLU9ZN2hjeEx1Xy1JS3ZFQzIxOUFHVGRaMXVvSUtRNDNpWnpLcldzZGpCZWtCeVNOWFFmNGhLTjRjQnhSbHc?oc=5
2026-02-27	Google	-0.125	German ministry plans to end subsidies for small solar power systems - Reuters		https://news.google.com/rss/articles/CBMi0wFBVV95cUxPZ3hIWEpQMXEzYlR1U0FJd25rbE9pTVZDRHpOZThIYTl1MUpMY0JLeVduTER3N3Q2d1dTT1pqMTV2QkdHSmY0YXFUVmhtMEhqeGh2NUwyUUdtWDMxemk1Sk85eGZWdkRFOXg3dWtRMlBWQjJmUlhkNFRxRjYxVDdLOTlMVzNrZTZTOFhMQ08tNnY3SlhUc01iTy1IODk0ODU4Nl9Ickg3eXVmckl2a3Zsa2RORXZRZ0dOTWpUZHJxM0RrN2x0T29BT09Yamh3ZDNGOFBv?oc=5
2026-02-27	Google	-0.2	Green Energy Parks establishing $142 million, 20 job facility - Lane Report		https://news.google.com/rss/articles/CBMipAFBVV95cUxQMjU2Z21aV1BlVlk4SGNlSmpNR1hUa0RtUXdhMks4M2tRQmtTV080ZjRweFloUWE0eXBQeXBmaU40T1hkOTBZajZCd1ZTSEZ0cGZ0QW5EUXVTaGFBdGcwYldJcllOTkwyNWRwTi1xLTJvRUU2dE41M3NKR3NHUmVCdjBkY0hCNkZTbWxob1lpX29iYXlKMlBoTVJTb2lIa2h1cTVOMQ?oc=5
2026-02-27	Google	-0.2	Green energy boosters stress long-term savings - Spartan Newsroom		https://news.google.com/rss/articles/CBMihwFBVV95cUxOMUsxYk02LXFSZmo0QTBFS3JOaFZHOUFXR3RMbFgwRDc1bVktX1NYeE9IV1FBbjl4SHJfTTNTQ3E1OWUxWUZZd3l4RkNVbHIxTXpGVm12eGljTG1wamg3dWc1RVdDU3Nxbkp2dFhscjJrdEMxelZ0eExzSWduVldIWWlnUGNxLWM?oc=5
2026-02-27	Google	-0.2	Scottsdale renewable energy firm names interim CEO after leader departs - The Business Journals		https://news.google.com/rss/articles/CBMingFBVV95cUxNckR2N2E4SU9iU1NEaVNYSlQ2TzNLam9nZnBJOUhHVFBaZ1JpY01qbk5wX2JBdDBJcmRxR3dNMHpzQUsxel9WenlaWUMzWHNWd1AtRHhwUkM0VFFIQmx4VWkyQkdNLTBVaDdobUJyaW4yVVRaWjJGWmRieTBQQmt3TVRmd2tYdGNhdTNpU1pKdjB4QXVpREd6UXYyVVhLZw?oc=5
2026-02-27	Google	-0.312	U.S. energy policy and what it could mean for your electric bill - Spectrum News		https://news.google.com/rss/articles/CBMinAFBVV95cUxOZXpqdGhBODhXRUxmemNxOVhZUy1sNk5qakZfVTNuazc5bFBwYlFRUE5VRmRzRVJNUXRuc3ZZVkt6cHluS04xTlYwSDRiMEcwWklKZTdMRmJzQ2tsWVhDc2ttdHRBUTExRzFSV01Nd1hpRi1zeVdha3pRT2l0Y01raWl2MTluc3l0cVF2R3VzblRNVU5kXzVuSVp5OG4?oc=5
2026-02-27	Google	-0.5	Trump is wrong about solar power, Maga diehards say - The Times		https://news.google.com/rss/articles/CBMinwNBVV95cUxNdU96SkJDZi1TOGMwVmMxT0Ywd09BYnItb05Vck96MW5lWGNyZ1ZPd0N5eDdQQ19OdEZTWDdZTWtMWDlGckdoVVcxVW5obktTOG80eWRqa3Q4T21NRmsyQnRPREVlYzhDOWFVYTZrQldTTVpLdDEzUjgyckVvSHNST0taNExZWjNISk1PVThxRnA0R0xwdEZEcURBS1pVa0tVWFBmdTZBSkdBQ2dlNHUxVGJ6VlhqS3VROE5GNEtiVVlzdm40NW1nVHNEaHNGVS1WcnFkN3BQS09BUjNvS0lnUmFoU0tCNXhpMUJseTlmM21KcjJXLVM2bndfdll0dlhoRmJlcFZZSVhubDFrWVRyeVlBbmdIOXNRWkh6aDlwbWplczhQUmZvVXhncVJhbFhEblpvZXJ4cEhvdlVLVS01WkgxODZQZ1dFZXJlcHhxeGRIZXNyV0ZxQVBQSzFBMzIzbDRocGJ5cFU5bFU1cVNuV2VfSER5cnE2VDNaRERodnBUWXJnb2UtMm5fRGJHaFZWdDFhVTNqTVlxSG9hSVdF?oc=5
2026-02-26	Google	0.55	Banco Popular Dominicano finances more than US$600mn in renewable energy by the end of 2025 - BNamericas		https://news.google.com/rss/articles/CBMiwwFBVV95cUxNU3JUcnFubUtCQUN6YzFFVlpIWW5ZQzR1MVlCY0NhSnByN2NlV0dIZWtWM2ZvdUY2V3F6VkNjb3Y4Rks5aHJ0X0lkMHRWYklYUDVkTGxvSGhLcmRqNm15TmM5aFRGOVBKOXJxb055UWdhalNoYm1fUERId054eFVXQkVhdDVrYjBWeWJINGJNbUZRako5YmVHd1BTWnN0ZEhXNUxUajBiQ0l5NjFRVC1qU19GUzd4LThPVkk0MFRFVWtZS28?oc=5
2026-02-26	Google	0.5	Dispatchable Renewables Market | Industry Report, 2033 - Grand View Research		https://news.google.com/rss/articles/CBMikwFBVV95cUxOMktuY0NCR1ZxVWxQa0dLMzlvVkdFUTdjTnJQTEZReGZNa01Ma2xSdmZNNG1zZ3M3MGJDU3BYZ1FpSkpJX3FfR050VXlWNmpOMlF3MFRWVHJ1eDQtYUJCZk00T3gzR3g5TERkS1l6bG1YTjduLUtpNy1mU0lvQjBvc253c1JOU3M2UG16SmFFYUZkQ0k?oc=5
2026-02-26	Google	0.5	EIA: 62% more renewable energy capacity is coming in 2026 - Electrek		https://news.google.com/rss/articles/CBMidEFVX3lxTE5pSUlFWjlURVdFZUo5dVRJRW15RVAyQmlWUmRsMjJyZkFMYTRhVGJHeFBhMnk5ay1iVVJzNXpXOUhNNlRGZXVPWTNMOGhjYnA0eDJQbW1nMmVjN3RrcUU1VVBUYjNYM2t6a1hhbGJPNHh4OEsw?oc=5
2026-02-26	Google	0.5	Proposed changes to grid technology could spur more solar in California - Solar Power World		https://news.google.com/rss/articles/CBMiugFBVV95cUxNbnFiWkFmVU5qcU5LdExfZmplcnpuWDQ2WEIzVEVXY1V0YzQ4M3BhY2RjQ1oybGQxLWxwZnlTWXA3TGlkZHB3ZDloM3RyVGlxeXA5X0lLdkxiZzhBUTNxSVdGbXNwdmNIQ3F1dzU5WUtXcktIOG9POHVNXzVtaG5XSS0yRTREV2Z1YjZHSmk1cW1QN1o0SmI4NHJkZVlELWZPaGUzaXBYUGI0Qi01Mm01eHZwdTY5UXVueXc?oc=5
2026-02-26	Google	0.5	‘Magic beneath the surface’: pioneering geothermal plant launched in Cornwall - The Guardian		https://news.google.com/rss/articles/CBMilwFBVV95cUxPWWJFSFphU3E4TEx5WUc4SEQtdE1WVVB1NjBvWkpJc2h1U042aDdmQjNfRDFOUThxaWF0dEZqQmpPdEFwR0U0dklGOTBJNXFCVDRsdDl1TzllMGNIY3R2MG9RQzZDS1dvZzlhbVk4bUFyeUw3bVZGNmp2a2tUOEVaX29MR0lHSXhTQWFqSktfNWwxMDJIUmE0?oc=5
2026-02-26	Google	0.4	Soleil Renewable Energy has advanced to execution on 880 MW DC PV project - Solarbytes		https://news.google.com/rss/articles/CBMiwAFBVV95cUxQaTM1d1JFQVYzQlFkZUhIVi1kb3EtN0ZRWWJDaEtPb0szLXM4T2lCQU1wZmlLMzVaNkc5cWtYRk4tVkpndEJWWG95c3loX0NOSWJucFJCM3d5amxvX0N3RGdOSHN6ZjJBRXVON2w4MGRvTzRvQnFEWl93V2ltXzNHNFdWNENmM2hkd0phX2VGajBneXp1bVZqVWgxaVYwdmwwRENQLWFUUTY4ZkdYQWxIX0NrNDJuUlpHYXQ4QmtFVjY?oc=5
2026-02-26	Google	0.4	Welsh renewable industry urges Government to make a strong commitment to clean energy - Review Energy		https://news.google.com/rss/articles/CBMiyAFBVV95cUxPVkZhV3VfNjRTNmkzUi1pYmZQYVZwNE5SLUFZTDlRdXdNS2FCZGVkOTF3X1FzM0FmaDk4R2hLUUprMDhzWTBFa2trSDJHME90UWdpem9sM2lwR0Fkd1dFSkNBTEZ2MWowUFJKdGtGN0FiN3hXaE1rblFoM1NkaGU2SGtvanNCS1pZWjVRR0VTSkNGZm9zdUw2OFdjNlJLa1VtZHd3ODdKbkxJTGNpNUZ6NnBMZ09zRkh2Sy1Tczl3N1ZzSlFtMW8xRg?oc=5
2026-02-26	Google	0.367	Atlas Renewable Energy Secures $3 Billion Refinancing, Bolstering Latin America’s Clean Energy Capital Markets - ESG News		https://news.google.com/rss/articles/CBMixwFBVV95cUxPNEhNYU9tTUtYblBEYmFpZEE0TlBJWWdzZjVOZjNpbFkyME9ZMlkza3BqQXBuV24wNG1JU1FmYzVZaFl5ZXM4S1EwN2NsN3FKN1NqOVMtdHFfYXNQLU1najJCaTJPN0d6ay0wd2ktNEhqQW5MR2ZPVGxaWEFlUTdtWFd6cm5Bc0VKeVlSNFBvTXhma09tbmg4RTE5TnJZc1FuYzFleU83OVUzWG9GVi03VF96eTRKZjE4bXAtM3B1TjlVNXBfdGZR?oc=5
2026-02-26	Google	0.367	Clean Energy Choice Coalition Unveils 2026 Legislative Agenda - Morningstar		https://news.google.com/rss/articles/CBMivwFBVV95cUxPbGpIcENRbjRVVnZVelFkUGw4Z2dBTlNxZHZCU0llNWladzFPaTFtSDVSdU1uY1h3SVI5VWFPWnAwSk5OOFZBekNXenBiRFZfc3p6VUxPeklXWUhIYzZVVWpidkhsMUprdnpRQ1hMWDFDd0xjaGhEeDJGYzRlS3pGU3R5eTVQdk40VEJ3SHZZTkNRbkZCUTZMaFNLNE9xOVVwMGhsYnNlcGM4YVVQYkJjdnZqUktueVpFdE0xUWtRMA?oc=5
2026-02-26	Google	0.367	Clean Energy Choice Coalition Unveils 2026 Legislative Agenda - Yahoo Finance		https://news.google.com/rss/articles/CBMiiwFBVV95cUxPQ0JLdEJ0cFRWUUtRaV9Xd1BMVy1UUFhtLVBzQTdmVXBfdzN6UlNfQjFNa1ZXLXBBbmhuSzhsdnJuUXpFNUw1T05PYWdVbE1TQWxxRVdYanlJN1JuLXJISHA3RnNzLXVNX0dqeXdMZG9pSlNhZWVBeExGZVVvYTJlQW9VMzZoUlV1MmdN?oc=5
2026-02-26	Google	0.367	Clean Energy Fuels reports increased RNG sales for Q4 - Biomass Magazine		https://news.google.com/rss/articles/CBMilAFBVV95cUxNRGdOQVBObHVHZG1oTjRuRUl0bEUwUkJzc1B3dW1aTVFsWnllTklNWDUwSmJzLWRYdUhGNjdESm5wZXFVdGJ4T1h1cXVLQWl5WWs4Wk1mbDR4UXpJLUdVZWFEWVFqNHRVejVYVWlGRUpObFc3ZWxxbUFrdGJTMTdUT3haRElqWmJBRDJfTEhLTGFqTl9k?oc=5
2026-02-26	Google	0.367	Powering Progress in Zambia: Clean Energy Innovations Transform Nkhundye’s Farming Community - United Nations Sustainable Development Group		https://news.google.com/rss/articles/CBMivwFBVV95cUxQRXlhNDd5V01MUmgxWTZsb3RpWHpvMzlEbGJLdEV4V2I3eTdaeGtqSnhjT1dfcElqQ2l3eGZINktpVC1UV1FpQ3V2QjU1LUt4TTNMTUJmVVUyS1RnczFfa0VoMDNzQlp1MHVaU29qcjBwMk84dVlJMmwtUFlXa1hZU1Q5Q3pKWVFRdjN1S3h3b0VWX29QVk1vNEs5VkZzY1JkVzAwWkdEb0VRdFlIMjJwLWotTDZlbFJuV1hnU1ZQWQ?oc=5
2026-02-26	Google	0.367	Q&A: How the Merz government aims to resolve Germany’s heating energy row - Clean Energy Wire		https://news.google.com/rss/articles/CBMiqgFBVV95cUxOdlBiQ2VEX2VSR1Y3UFJUdWpDNHc2d3JWVjNmRGpfVVpyQXRLZUZod1JOUmJhYVhqQVhFSmVkU1I0VDhIY2NRVkMxU2JvcmhrTmFNYnJXb2lBZ24ydTZfYUtib1BCNWFNUWwxcDFWSEhqNU9udUhmSC04T1ZSU2FVTTlJT0dCN3Bpb0V2a194dlY3UGhKR3hIaXpadlBJWU5STjV5OHBrTkhLdw?oc=5
2026-02-26	Google	0.367	Tualatin Earns Bronze For Streamlining Solar And Clean Energy Permitting - FM News 101 KXL		https://news.google.com/rss/articles/CBMimAFBVV95cUxQOS13SE1HZUstbGxENHhnTUFCczlaTi0zYkRpeDdLWVJZNTVyc2d0d2tBQnp3OU9TSkhfTEdORTVielgxcHh0cjdiNzVQRC1NZUQ1OVRpZ055Unhab2s3U2pKUFViM2VhU0kwV2NpOVU0dXV1VG5STDFfZlJPejJITnhwQmxIb1ZXbS0wVGZzdUlEaVhqMEwySQ?oc=5
2026-02-26	Google	0.333	The real economic impact of clean energy - dw.com		https://news.google.com/rss/articles/CBMifkFVX3lxTFBnSVg5Y2tncFp1UTlyWVVPZG5pT2prWWtnVmQyR2o4cl84ZUY5UUd6a1ZEOEdmZkFNWmdDTlU5VXNRWFk1V2pKdU9LUnpNZ1B6Sm9zbFdNX1A1VzFITGVpV002YW5zQkNmcHpsVTVtOFJZcTRWRGZ5bnljLUlqQQ?oc=5
2026-02-26	Google	0.3	Renewable Energy Stocks Worth Watching - February 26th - MarketBeat		https://news.google.com/rss/articles/CBMiqgFBVV95cUxQN1MxUmlYZnMtVkMycmlOUE5Yb2NQa2lmVTZ4NVdNRnRvV2JtLTF5dlpDM3g3NGF6X2NVbzZQcHlfbHJVckZJYXZiZ3M1cjJBS0JtX20weTZHLW9Pb3dmY1BzanNwdTFCQmdBZEc0VzlhMEVHSkJQZVpPRlQ1LWktLTFjdHlvUXk3SUFVajJUQUxZX0h6THNCeDYtMUFsYlZWWkEtX0VLQ3B1Zw?oc=5
2026-02-26	Google	0.29	Opinion: As energy bills climb, Colorado needs smart policies to accelerate the affordable clean energy build-out - The Colorado Sun		https://news.google.com/rss/articles/CBMiiAFBVV95cUxQSUZITUc5NWVwTms1TV85LTg0b1dmZUg2MEU4T3lHck5xeUc0V0ZPVFRqbUwwQTh6YVpmU0xPREhJMWhvcFFYNi1MbmZsamMwWHRGU25uRWN2RHIySm5vME03dnR1bXQtNXNxcHNhQnc0aFdGMnk1M3BIQk1EUUZJWEtVYTlLSWgt?oc=5
2026-02-26	Google	0.286	Getting Permitting Reform Right with Representative Susie Lee - seia.org		https://news.google.com/rss/articles/CBMid0FVX3lxTFBwbS1pMlVyNmZFVHJkVldvNVJBRjAwQ3pMSEFTV1BRamx1V2tqVGRTWGlSU0gtSHRBTERHUURVMVZhNXdWNER0dXNkd2NfNkVHVE1tdXJURzM0T2J3N1MycDVKcmJoa0d3NzJnOUtVejRrMFlIVXQ4?oc=5
2026-02-26	Google	0.274	Google Is Proving You Don't Need On-Site Gas to Build Large Data Centers Quickly - Distilled | Michael Thomas		https://news.google.com/rss/articles/CBMickFVX3lxTE9ZMlBsZWZqM2FVWkhFeklQMkdPdlBrNlBHVG9CNFgzWXBrYThIOUlwaTliSW5WTk9fV3BaakVROW1VMVgyT2xZRTVqaWgxdHJsMXFwM0syQ2dJWlA1Tzc3c0xsY3QyS2lDNXRITTc5Y3FCQQ?oc=5
2026-02-26	Google	0.25	Actions supporting affordable energy - energy.ec.europa.eu		https://news.google.com/rss/articles/CBMimgFBVV95cUxNQWhpaXpRUkM4Z0daV1JwUktPMFozdERZaEVreTRONHpNUVRLcUpRRmhIbjJpWldpeFIxOVlocU5sWVVQNXpWWTBwanJsMGNHSTNURm9TVUkxay12N2pVOVVITWpZS2dEMTI2UWNYYU9oak5NWVFVVVdOY0k5M3FGOHRkb3hoaGpuWHpncFNWRjFxdG9JSFUtOHhn?oc=5
2026-02-26	Google	0.25	Earth's heat to power 10,000 homes in renewable energy first for UK - BBC		https://news.google.com/rss/articles/CBMiWkFVX3lxTE9oYUt5dlFHX0hJeVJHRnBzWU5HRlUxMEloUExOc0tMYWZzVXF5OVVOYWNxU2wwbDkweFh6aDJBUU1BRVpLZnBGeVFXeERUUXoxWFprdm5qT0pxUQ?oc=5
2026-02-26	Google	0.25	UK’s first geothermal power plant produces electricity, lithium - Renewables Now		https://news.google.com/rss/articles/CBMiowFBVV95cUxPMnc3WGpkT09RaFpldnQzTUJVWjdaLThjTW5uV2tHd3d3aUNTeVhsNVF6MU1aczdfdEhUaUNld2hWUE9ZZXFvR3BtbnlDbUVHV3ZFS3hzckRXQjRjX1B3MWlLM2JKYU1NdjRxXzFpMmhwWmVPbmZCYWdwa0dfVGxpNl9JUUp6RzNkLVUzQkdMaU1ydkFzU2pyWmJaWEdXbVRsWVZz?oc=5
2026-02-26	Google	0.214	Philippines DOE Mandates Energy Storage Integration for Large Renewable Projects Under Updated ESS Policy - SolarQuarter		https://news.google.com/rss/articles/CBMi2gFBVV95cUxPUFR0X3BjbDdFcEF1cHNnSkUxY1Fxek9QV3pkLW1RZzlXMkxxMXRpeVdGbTFCc2FxTFd2ZWs5YkUwTkZUeEN5WXdCVU96QVozUGJIN292QnI3ekM1UjkzamZvdno2V2hRMnE3bTMxVGd1WnFwYll5NEJUbWlQTVdyUVg5VnNkVTF0NHNMV3dyYU1DNjlVUW5oUHJucGRLb0U4cDJMeS1BVmRWMC05MnFHQnM4ZUtvX1AtdmJtOU9ScTc5SGZFSVZjYzRZRUNUUEZDb28yRXZPWWZVQQ?oc=5
2026-02-26	Google	0.211	They seem conventional wind turbines — But when the night falls, they create a unique light spectacle - Energies Media		https://news.google.com/rss/articles/CBMifEFVX3lxTE5ZdW9ac1VkN3R5RW9QZEo2Rm5hN3FQb09ZZHJWeXJfaHF4QUh5aDFsdFpMQmNaSUZ0V0hoRXRwOGpmZ1hhaHo0c2J4cU52VVVxS0I1Ti1acWxDTGhXaDVCRVJJVVIxTUx0LUF2dHBrNEhLaGRlWGVRMEl1VHE?oc=5
2026-02-26	Google	0.183	Agrivoltaics: Rethinking Resilience From the Ground Up - Southern Alliance for Clean Energy		https://news.google.com/rss/articles/CBMiiwFBVV95cUxQcVF5ZEF3aGp5QnhzTk5kZXRnZS1FV3BBeURZTGc4OUJuZ2NwTTZpbUxCS0dOZlY3MDJLY3hxenR3WmhEMzMxeW41UXkyY3Atcnd4eUVBZ3pQT010cFYwdE5xU1Z2M1o2ZExuckpkVF9wb0dOYXlxbzg2TTNBS2ZEMkZIdkd1Mjc5MDk4?oc=5
2026-02-26	Google	0.183	Meta, Amazon, Google, and Microsoft Dominate Clean Energy Deals as Global Buying Slips in 2025 - CarbonCredits.com		https://news.google.com/rss/articles/CBMiugFBVV95cUxNXzRKemtVcHRBRmxESTlRR1VhZzdXLVB6RXBaUjIyM1NxWDBEdlBWR0gyTHJqRkdJSTJobThoQUJDY3hmTFJvN2p6b1ZVUUxRZzlUN2ZmeVZCQVpsY0pJbmd1VjA3R0tpa2Zac0g3QnhNTWtZMWRoTnZFZ0hpMm8weXliRW1sU0JYdFk2cW9nc19jVWZhOXhxTjYxNl82YjQ2MHhab2V6SlRXNl84eXIxU0pkMVh4bUJ5X0E?oc=5
2026-02-26	Google	0.167	How Google brings its own data center power - Trellis Group (formerly GreenBiz)		https://news.google.com/rss/articles/CBMilgFBVV95cUxNLVZ2a19pQlRMVnpMTW1MNzZUYWVYQmZ3d28zeTIzY2dtOUNHQkt4dXVhQ0swTFpTNjRPZWQ0LVJVcldrRnRHd2NQQWhic3dRUGZZUTVOOGNUcWx2bjhhbW9wNW5wRV9ZZHFlXzI5d1daZ25zdkl4VXdsNXZjS0NTSnNMMW9BRTloVzhodm9nMi11TUN4WVE?oc=5
2026-02-26	Google	0.16	Washington high court sets hearing on Horse Heavens energy project - Capital Press		https://news.google.com/rss/articles/CBMipgFBVV95cUxQS2tFMHNzYjdBQkUyRjNhNTNSTTJZSzFFMk1pTWQ4UVp1aGtTZWpYRzlkNFNoZHI0TkJWZUhiQXZCbmVaTzJ4REdJWVFEZG02Z01sUEZHZVVMaHZhZERTbG5wN3F1d2xQblRzWjFJQWRwQUZYOGhkMFUtcUpHWDlmZEhrVmoxV2xleEZiR3ZUTWhTQ3Y3VWRSSzVoZV9PMFJFcHQxSWFR?oc=5
2026-02-26	Google	0.15	EU fast permitting: Climate action and competitive edge - A&O Shearman		https://news.google.com/rss/articles/CBMi3AFBVV95cUxPVjBNcnFKNTlPZDg5MElTZHg3TFkxMndTeFVCQlNGNDZtTnp4bDJnNzNHU0JMZzN6ZjZuQS1aWGk5UUEwbFNocks0bUlMNVp2c3lhek96X3l1aHdiZzJxRHNrZXlWbnE4MkJ3SVBrOXpGTDAyVkZSVk5iZFZ4ZDM2bEZtMXB6ZklvWmlOUnphbG1VTks0OVc4SkpNVTVGSXE0eFAtcEs0X3lscS1TTjJrVWN4SjBGOEtycXM1akNiRloyemNSbkEtQ1JNSWxwcy1zV2NwOHFMTmNmZ3Zh?oc=5
2026-02-26	Google	0.136	Germany's Ruhrbahn to Invest in 52 New Hydrogen Buses - Energías Renovables, el periodismo de las energías limpias.		https://news.google.com/rss/articles/CBMilwFBVV95cUxOLXh0RUt5Ymd1ekxLMkdCMmw2YnFNZlVnaVhmcUczdEdQcm4weER3YjJSNklxWW1zTm1JejZBN2U0UHYyQTVwc1h6RzhNWmNpRTdlSktieHJjUDF2UDF5TXA0R29pclBFeUswbktqMnNBazJ1WTF6WDJjMG15TDhCMXpzd1ZDUWlyNEdTZC1BdTNaLTB4OTBN?oc=5
2026-02-26	Google	0.136	Illinois’ new renewables plan compensates for OBBBA losses - Utility Dive		https://news.google.com/rss/articles/CBMinwFBVV95cUxOSzM0VDhQTG9XUnpua0RyQ2otV3VtM3djbzM0Z2xNZzh5bEFmRTZfQ3Vzc2t2ZjNNYzZXNFZtNEUxVzR1R3JOOVh4LUpndXVDRXNSVnplMld6VDVhRHhMRnJPaGVYdmtoOHphY3FrS2Z6bllFOWJtcEFNdjF1OERIenJRc3pHb2E5OVdSdmRkUzZ4bHJ6ZkdNRkd4VHNVRzg?oc=5
2026-02-26	Google	0.136	New York’s Renewable Energy Share Rises to 30% - Hudson Valley Post		https://news.google.com/rss/articles/CBMifEFVX3lxTE5VZGJ5WjNQajVnUnI2ME5nTTllcFRzakhsM3E3eG5Yb01JSk5GX0kzZl9xX1BiRktkQlpobEtjTXV1U2JjaVpheGVDTFRlMVloSGp0S3BhY2tfX3ROb1VjeURlRncwWURROXV2eTFlalZNVF9WdVkzeHY5NmE?oc=5
2026-02-26	Google	0.133	‘Social backlash inevitable’: Industry demands data centres stop freeloading on Australia's clean energy - PV Tech		https://news.google.com/rss/articles/CBMiwwFBVV95cUxQXzZPN0txNkNNMC00RFpEVEVwaXRPWThqMXdrTTFjRUU3bHVXcFg5RkpFNEkwWmR0Q3QwNkFFc0ktX2cwVGxDZEVwZjRmZ0ppQ0tBdnQxTmlTVU90RG1iU0xqWHJjcXB5Ty11V3FZdTZRZ1JmbjlTQ2RhWk9HQ0x2RzQ2Q0pfeXdrdENRN21TbmlzZFZXMDBDemloQzJDR0lYRlh2Q242elA4a18tOFZxR25QYUZxYUdQYklFZ1Uzc1E4Sms?oc=5
2026-02-26	Google	0.118	New $142M Carlisle County facility will convert ag byproducts into renewable natural gas - WKMS		https://news.google.com/rss/articles/CBMi0gFBVV95cUxNUWhSYmxLcFJrV2lCX2VXUmw2WmMwLXlMdmREbEFGMUl2THRKZ1J6dXhlZmdwYVlnaDV6TEMyelJzN3laTE5WSjdZRkNoMkRNdWFMVTc4M3hwQzU2WUtUTUhoZ01zWTJjckdwdXdSYXJmWl83NFpnbG9rOUwxZi0xTXZOVGFQT0pmdnpxQTdLVEJjcDg2OVJ5aGVsUERVOUpPSGdSZnI2RFBPcTBHZ2dsbVplQmlyN2RfZmpzeTdyN3AxRnVjV1FvNHNlZGlVSFR2SVE?oc=5
2026-02-26	Google	0.083	Clean tech firm proposes $180M biosolids-to-energy gasification plant in Sanford - WGME		https://news.google.com/rss/articles/CBMiqwFBVV95cUxOeEJTb21tYVllajU5THJ0cmZ5Sml4VGZqQ0JYM2ljS3VsT2lBMHo1TDI2Yi1RNVNxYjkxNXBfU2QxWl9udUFJTUJFbFY5d0V0VV9jd2phSmlSTktJaTZnNWtTcC01cEQ5cm55UFg0QVJHSERNNmxLYWhNTFRzME1YdUEzRmJmYkRLNGZmWHV0aHBhQVNZcmw3VzNuaGZMLS14cmFGVGNDaGhvQkE?oc=5
2026-02-26	Google	0.071	Trump EPA to Shift at Least Half of Waived Biofuel Obligations to Big Refiners, Sources Say - Successful Farming		https://news.google.com/rss/articles/CBMi0gFBVV95cUxPaXRMZDEtNW0xb1BCcnRSYkwwcnhsNU92YkgxWm1DMzc5ZG1OUWxXMU9xbGhVTkNLd3oyTnFCWHBQTXBncW5yVk5PQW5VVFN2dmR4eTBJZng0SkFORTh3a2ZIc0JJbHlSU21NRkRUNzZ5Y1lfYWVpTlFtR0pkVEl6TDMwczJyVEZPVEluNHBEek82ZFoxbkxOVFpsQm81eTd4VjB3alVPUkVrVFdlcUpSbnVBdnJoR09nYzhkX1dYckoyOG9xdzVLdDFLOGV5M1dUTVE?oc=5
2026-02-26	Google	0.056	Waste Energy Corp to Present at Clean Energy & Renewables Virtual Investor Conference on March 5th; Highlights Permian Basin Deployment and 2026 Operational Roadmap - galvnews.com		https://news.google.com/rss/articles/CBMigAJBVV95cUxOemFCd3VCaXF2V2U0YzF1VkN3UUpQUDRLMUZBTU1qeG1ES2NoeVNERTdwTDVGd09aSUpla0U3c0otQzI0MWkyZWhCQjZ4Wk9nOWozRUJINVNFVFNRb0JQdFBmRmVRa3pnVkJyYUtEZE5ubW5fd0tnTElvbjlJajdEanUtNHlRcGwya003TUZESmNGYnVHcVBkQUpJakVNZXJFNjZ4VVJySUcxOHg3cG1LWG4xc2hWU0VaeWN4eTZqY3FVTG1nZEhXYVZxbmtCNFRtUGZKV2NJLS1oTHZKdkpxTXFMTHllV09qN1VGYUN3MlFsWHFHM3pUNkJsQW53MlR5?oc=5
2026-02-26	Google	0.05	Attorney General Jones joins multi-state lawsuit over canceled Solar for All funding - WHRO		https://news.google.com/rss/articles/CBMixwFBVV95cUxPTkp6RFdPVUc1WklMQmRNMXl2UjFwbThycDl0bzNHYXNEV1d1a0NNVDB6Mm12VkxJQnlRM2xEeDY0UnpKVEdUUUR1WWVMSEhNRUNNa0lOeHhsQ2FzYjZ6M3M4LU5xVEVPNTY1R0lvMFU5cmRuMHdrZHZ6amFBUUxTdkdaLU1ldE5NWkltWF9vckxOTUMwdnYzQ0FWTUpqd0g4Y0czd1F3T3FCWUwzcHk4VXc2Y2JfM2pTdGxhVUVkWmprQ0hKQ1lJ?oc=5
2026-02-26	Google	0.05	Energy affordability: looking back at one year of policy action - energy.ec.europa.eu		https://news.google.com/rss/articles/CBMipgFBVV95cUxPeHJpcmhySm81bVd2NXlPSXd4akRTWHR1NVp1aEhaNlV5eDZFQWM5M1ZBb2dhN2h0UjhDa21BWEdvWGlhdWVvN2hjLWZOZ0R6YXNHTF9OT3JEbkpReHE5NFZJTV9MNTNDUVlXT1ZYTVBqRlJHemR2ODh0Q081bGhRa1ZpZHF3UFBDLTd1a1ZIajdEZVV6ZkJwSmswa2xwdFFzYmk5NURB?oc=5
2026-02-26	Google	0.0	Afghanistan seeks solar-driven path to energy self-sufficiency - Xinhua		https://news.google.com/rss/articles/CBMifEFVX3lxTE5UY3JSZDFHZmpaX3VDckF1QTdiNndLLXhmSkxnT3Rmc1ZMbUdNa1NVOWljZERpNXgxc3ppaVVRR3IxVTdYZWlGLVhfQW9VQUxteEh1NFI0LTZQZld0bDBnSmQ4Q2Y1UnNEd0VvbWJTZENLX1YwYm5PVWczdHo?oc=5
2026-02-26	Google	0.0	Africa primed for solar breakthrough after record capacity growth - Reuters		https://news.google.com/rss/articles/CBMiuAFBVV95cUxOclpKYy00WUlUS0pBYnBWOU1xWkF4aTQxZEVrUGNUVi1wS2IzVDFLQk4zeTZNTWNtZVV3OWxEQWZHeHZmbFRsSmRhY0NnN2puaUY2X3F6VHlEc1NKX0FyUV9iUXRmMU55b2NvRWRxQ3kzeXhEUFRycGdPQWZPWHRaQ3d6dGcya0QtdVM3ZFdUTVJKWTlKNTJ3aGVkTjgxdmNoNlR2R2lkSXIwTjdnbElFVmxiUnRfeVU3?oc=5
2026-02-26	Google	0.0	Alaska sits atop a vast ocean of energy — Experts think it's enough to power 100 million U.S. homes - ecoportal.net		https://news.google.com/rss/articles/CBMif0FVX3lxTE1TanpzY3NWY1VhYkFxbHJGd3F3dnVKWDUzUXZaWlJvWUU2RDVkWHZsZGprNnpxVXRHRTNEaEpCY0NBTEs4NjAyRlUwUzlIM0lqRS1vMFdZdElvaHFzOTNZemgtOWZLVExNdjU0YUtKbEcyNjJNSDJWNElFRnlqNnM?oc=5
2026-02-26	Google	0.0	Arevon Appoints Justin Johnson as Interim Chief Executive Officer - Morningstar		https://news.google.com/rss/articles/CBMixAFBVV95cUxOV0YtRmxBRERsY1BiOVF4ZzY4MEwtZFJMRDRGc2Jnb19CSmt5TE80ZENRM1ZZdS05eDExQUNuNzctSXVlemZGTWlrQWJ0SlRRc0dqVHVlVEE2UE5ZOUJNQ1I1dzRNOWIyQW1iSEZZaTU2WEZZWWMzanhqWkF0YkY3LWRJNTJYdUl3dHV2bHBaTVh6UzBFR3NJYXhRZS1OcXlIeFRuWDBYNUVyaVVvTUlSbmVGSnlqcFNNeGYxSWE2ZEFhc2ZX?oc=5
2026-02-26	Google	0.0	As Demand for Electricity Grows, Energy Parks Are Being Explored as Potential Solutions - National Academies of Sciences, Engineering, and Medicine		https://news.google.com/rss/articles/CBMiwwFBVV95cUxOWl9oeFNfVndOWW91UU5qYkpiNTAzRnlsM1RRME5wWDFBQm5hUFZRWmFtLVFJQks3bm1EWm1TTDJFaFdPZVNtRW1scnQtT1BTYXFqZTBONC0zUEttbDhEX3FSelRIaDVlOVc3WjZGV2EtOW80YjhESlVSTmVxZXBtXzVIMWNQaGFCMlpvd0VTN1dPSjh6WUJ4S0c5Tm5fSHJHamc1N09uRnIxUDBhZkhXRm9lZ1pYVlFPRWpDdEJIOVU1RDg?oc=5
2026-02-26	Google	0.0	Australian Capex Powered by Renewables, Backing RBA Stance - Bloomberg		https://news.google.com/rss/articles/CBMitAFBVV95cUxPTUdyQUgtSERRckd1OWYyLWRvUEpjMkJuZVRBWDRwTWJkTW5lVkRTUTZvMWZJTF9wWmotUERuRTFFaWc5cFdOTEN4eEVxX3MxQ3VwWWZrRlZTeGpKYkk0UlpRWDVLSzlYSXZtQUItM21YRGx4Q2FtcDk4amhsUnRfekZKaGlvQ3JST0NidjdtTnJHYzlQcUI2UGE4VGVIazBtV0tZa0tiR1RYXzVzV1NIMm1lWnI?oc=5
2026-02-26	Google	0.0	Battery Energy Storage System Market Set to Surge 6.05% by 2035 - AltEnergyMag		https://news.google.com/rss/articles/CBMiswFBVV95cUxOemNUM25icG9mdlpKNThvOWliOWQ0V19QSF9pVERhMDFCbU5fekpnTTdjdEtKc2YxTE9WT0dEOHNLMDRGMDhHdWoxM3ZQQXM3eEVTUnRnVVl0MG9YYUQwUndMd2JwRUFTbjJVVEpVZVhneTNyd1lSa3Y3XzJ4QzZoT3BVVHNVRTZEb2pnZnhtU0RfRUx3T090REFmYUl6d1ViNVhjLUFkUVNCb3pOS2dzTG5ZMA?oc=5
2026-02-26	Google	0.0	Battery Energy Storage System Market: Powering the Future of Global Energy Transition - AltEnergyMag		https://news.google.com/rss/articles/CBMi0AFBVV95cUxQVDRSMzRueThqWkUtQnRpWTVqQnVKMGlNZnpKcDVzRzdpRXFINVlQSmJxRUpCbWdHUjE2M2VxNjUtTTUyaHlBSWhFTVpfMFpDaVhEaGF4eURVUTI5eXBtc3ZqZmtndmdIVVpOcTh2aktZOTluc21HTDZWWG5YYlhqb0w0bXhRNnF0aWM5Z3k5MHJzODZYSnoyX2tNMDhnM1dxQ05DMTItNDhMb2xFbGdQMUFWNm1fYkQzM3dNSS13MXlmOHZQbzJVcEk2NDdlcjAz?oc=5
2026-02-26	Google	0.0	Breakthrough Device Could Slash Ethylene’s Massive Carbon Footprint - SciTechDaily		https://news.google.com/rss/articles/CBMilwFBVV95cUxNTjlmNEE2QV9wOUNVQXhQX0dWTmRRQVdaUU8zWVhNUlZ0Y3RjN3ZiZlI1d0JBSmY0X2Q4aGRLQkxvRkdSUnA3Y3UyMHpqY1JhbGV0cmNxdnVlSDdrNlZjQUFaWlQzTDQtbjR4VTF2bHVUWlRLUHBkc21IQ0VIbWpaakJGV1gzM2tRQlNkb1IyYU1RMERZRUhV?oc=5
2026-02-26	Google	0.0	California farming irrigation company’s reservoir covers get solar boost - Solar Power World		https://news.google.com/rss/articles/CBMiugFBVV95cUxPT19KRncxaHlHa1hGNHhSNDhXMTY4UEdjZkFrRlhMZjk0anBNcFhyUkJzRW9lWGtYQ2E0dDY0RzZoUVZLOWVGMEppNDEzZzlhei1EanZ1d1J0eWZsNzktQk1XNExYRnUzNXJCZklkWExxSHQteWlGLXE5M25YbWR5NE8yNjJFQXRtbnVvY3h2UFBTWk04X0k0QXVCaVB0VW1XRzN6b2Y0ZF94SmF5QlVyeEFodlZ0cmxZUWc?oc=5
2026-02-26	Google	0.0	China’s command economy: Climate growth and impact - A&O Shearman		https://news.google.com/rss/articles/CBMi9gFBVV95cUxQYWJUVkU2Q1dqbWt5S3BKaFBuX2oxdC1tcUt3LVEtUnZOY3FGX3BhbUNGWWlmSENyRlBSbEQ0SFNKbG92SUVsbFQzMHRZV3Y1QWxNMzlvRTh1R0pFM216WVFTU1BFbVhWeTdKMnlBaTdqcTFnam1NZWxvRF9Idk1SbnAxd3ZISHVYXzF6Q3Z5NDZiV1FZam1maXAyUzB1VGZoRTVUeWJYRVppVVRtT1FlNE1zSzlzLWxjMGwzREtzY2JuU3pqY3pPbGx2Z0lGTDZqb2MwcG9mMGlpaGJFNlZmX281dkZnaWlBYUFPV0gwUHBCNWlPN3c?oc=5
2026-02-26	Google	0.0	Democratic U.S. Senate candidate Jonathan Dean discusses childhood trauma, solar energy, and raising minimum wage - IPM Newsroom		https://news.google.com/rss/articles/CBMi0AFBVV95cUxQZXExYzQyZmRMY3JaR2VsRkxudm5HVnA0OENRczFucl93Tm1GNUpYTS1Wa2NIMWlhc3NLSks3cldtLWNjNG1wRzJ1NVg5V2FHcl85V2lRUmtqTFdRNmR5RmZxNDZNNFVuSmkzc3lGdnhCZm10d0oxdGQzNmxYcUFrNzlEWkNsalFRNGI4WEdQVzJDR0MyMnB2UWhDY3pTTkowdWF2TmQ2RVFOU2lvZThaM05XNUlXN0ZLZVdDQ3lXWV9VTm1XOWhwR2RfM0hsWXRZ?oc=5
2026-02-26	Google	0.0	Digital Edge Advances Sustainability Strategy with Renewable PPA and Industry-First Recycled Water Initiative in India - PR Newswire Asia		https://news.google.com/rss/articles/CBMi_AFBVV95cUxNUENaSUV3VW5LNHZBMWFSNU5SdllPWVdXVi1PT2c3c2ZSc3lRdXJaZURtZW96cTNJanpWNmRUOVpMWmxueURPcmtwbk9WQ1RYQmJUSEpDWDhWTDF4SzAyRjRKVG1iZ29penhoUTMxSWpMS1Z5SjcyTlVIYWozWjJxTEp1bzkxYnp3SzFKNGVaeWxLeXlZQXYxdmxIZzIzLTFMSjd4NkdyVElvYVNjTEQ5OHU1TmxLWUd3OWJrMmU5ZlBVM013T1FYS045NllFUTZOWHk0RkIzYUdSMkQyb2VaWGl0S1pXMFhQQWZNOHJ2TTdqZnVoaWFBVWcwYWo?oc=5
2026-02-26	Google	0.0	Dominican Republic’s BESS auction excludes over 1 GW of renewable bids - Strategic Energy Europe		https://news.google.com/rss/articles/CBMingFBVV95cUxObGEyYW8xeTRrN0cyenNmdThxZjh2T1dabW5RYmdpU0xVVjFzdUlKd1hsNXRhZndOQ0kzM3ZKRHo1aTRGemJwRzd6NjJHNFB3MTRhQzJiUDQyR1VodEVKOWpyVUh3Vi0xcmJjVmd3X29maGpXR09oNndHa0hqUzZiWHhFeEZKWTdSbkRJbXFNYUZFV2R6d1p4ZS1nbEFSZw?oc=5
2026-02-26	Google	0.0	E&E News: Interior jump-starts solar energy permitting - POLITICO Pro		https://news.google.com/rss/articles/CBMitAFBVV95cUxNeHU4X2IxS1JZX20tdDBSc0JBZEVtWVFVWHRmNGxhd1F3XzF1TXpDNlN4OTBQX0c2YnBPX0V5TEVVYTJES2hIVS1zTF9Db1YtT2o0V1RjaldycU9CVmNFa2tLVlprM292TW5wSm82LXRZWUFRaTRMYm1JMkRFeFY5Snc2RDRPTHhETkxTdnpWa2hSSFFyVDEwUDFfSEU3Zko5M2thSUVXTVVQMmRSNlZfQnE4anM?oc=5
2026-02-26	Google	0.0	EPBC application withdrawn for 150-MW Queensland solar-BESS project - Renewables Now		https://news.google.com/rss/articles/CBMiqwFBVV95cUxQVmctVVZ4Q0ZOdkdOemhweXpzQkxlMHlkQjRNWE5BamdXMUIwdW50cDB2X0hKM1dDcERNd0dHaHZfZDlYR0FIUlJ3a0ZfakRmdlJra0V6OFZicE8zRGQwS1lCcTZneUR6QkEzRzV6STk5TFA5bTc2NFU0QXFlRWZZeWVHNGQwN0JmUjA4cy1RRTc0N1kyNWJ2Wi15ZVg3UzZ4S0ExcUNTd1Nza0E?oc=5
2026-02-26	Google	0.0	EUROPE POWER-Further gains in renewable energy weigh on spot prices - marketscreener.com		https://news.google.com/rss/articles/CBMivAFBVV95cUxPUWRCWnNPNy1FT2pPTHRQOFg2NnhZYUhodjR4ZUU5X3FpQTN0eXFoSnllZzBTM1MycHVJYlhmVmlPd19TdjdqMEFNbVZXMVhvbHNLdEl5T2xMMmxpT3JCWC1BTWtVTmJYNWR1X2hibTVQaEw5WmpCZ2RqWW91OXVNZFNGWm9BVXVSa09EWHVzQkduU1dxZExDMlo0d3RzQUV2ZXdmaGxxM3VUUWdRcUE0bFpCSktYcTVmUU9Qcg?oc=5
2026-02-26	Google	0.0	El-Sisi Talks Renewable Investments with Scatec, Envision Energy - Egypt Oil & Gas		https://news.google.com/rss/articles/CBMimgFBVV95cUxOalpQUC1tSzg1dE9NUGVwOW5IVDBiNlhhZWxZclE5bS1RY2JRTG9qUWdTVVhVcTZYU3U0ZTRCSXVKbkh6ejRCaWVsS0NYczFrelFEWG9aSFBwSHZCZkh1MEZXa3JURzBwbGZ2VEU0U3pKS3NLWnZXQ0xVMUdKdGpPbmU3cDFRY052a0ZuV3NaZmNJNFNPZlVMdXVB?oc=5
2026-02-26	Google	0.0	Enel Americas targets Brazil, Colombia in US$7.9bn plan - BNamericas		https://news.google.com/rss/articles/CBMilgFBVV95cUxQQWItWkhIaVBNemVHRDlUczhpa3M1MzR3d210STJ2ZGRlc3l4aDVnM05wYy15VGhpZktNYkpnSWgxMFNxV0xMbkpDX3AzN0NteWlnVWhsVXgtYjdETEViQVBDY0laWS1aQ3gwemtzZkZpTUtpeGdnUW50NHVkYWhuejQ5cEZUS0pfeUZySWFXMGgwbDhScmc?oc=5
2026-02-26	Google	0.0	Enel Unveils €20B Renewables Push to Add 15GW by 2028 - CarbonCredits.com		https://news.google.com/rss/articles/CBMihwFBVV95cUxPOThiM1NDNW1JNTg4cU9SUVgtWUlQZ1h0dl9kSHlrYXpaZ2FyMXR6RWJ0c01qRlVzeFhYNW5fVndWRmxxa0VaT3ZiSDJOUHh5clg2Uk04ZjJHa3RkcjRHb2pQcUkxXzFqWjc4MWpQYXkxTzhKMG91RllWaUUwQ25rUWZ2SWVRUUk?oc=5
2026-02-26	Google	0.0	Enel moves to purchase 830 MW hybrid wind and solar asset portfolio in the United States - Energies Media		https://news.google.com/rss/articles/CBMif0FVX3lxTE1OTUh6R2E3UGh5cGhNeWNmNWZjMkM0dHcwc0pHcXpOdGhxN0M4RmRDN0E1LTg1U29SdXc4UG1Qem1tQXdLYmVjc2ZDT0NsczRrRTlMeW8ybnhvdzZjM0VNaFI4cVBoRFZ4T3JaamNSd0EzSnZZNlE4M0dPSXo2cGM?oc=5
2026-02-26	Google	0.0	Enel spends a billion bucks on US wind and solar projects - Power Engineering		https://news.google.com/rss/articles/CBMimwFBVV95cUxONWVfa3NzdFBRdG9DeXVfX05Yc0VQLXdyUnpqNUNtOW5ZNjFUanJEWThmZmY3eHpWX3hReUpjMFMzeUJBOEJEX3VuMVBtc1ctUEJkUHhGT3NscWc5Wml4TXU5N1NDaWNtenVDcV9yVTNOdlVFaEFTY0o3enpNdHljUjlCRW05clJBYWhrRFJrdjd0Yjg3T0V6aHV6bw?oc=5
2026-02-26	Google	0.0	Energy Storage Summit 2026 Day Two: LDES, co-location and revenue certainty among the big topics - Energy-Storage.News		https://news.google.com/rss/articles/CBMixgFBVV95cUxNOS1BYjlJS19MZlZZRG9NOVZvS3pMb1gwQW0zc09aRy14TU5CYlRoNnRyT2I0WHVsNXpnN0tLUzRkSFFQcng2S3lNSFlfQi0zaGZ4VFdNLVFja1hzb1RHb2VwTklUamdQMzdpZmxab3AtWEs1bjYxQkFrRThfQUlYV01lRlBadWMxVkJNNW52VnNKc2pVQjBkZlpSOFVUdXFKZHlvYm0wZWhfelZlcDlVek9Hd0VGdmQ1UThxLS0wUzFUQUg0QXc?oc=5
2026-02-26	Google	0.0	Energy company under scrutiny after drilling incident sparks concerns in Livingston County - 13wham.com		https://news.google.com/rss/articles/CBMi2wFBVV95cUxNVFVxdHphR3RfQ19Uc1dqcG9xM1hlT2tMeXpmLXZndXNLNEt5NEtKZkp0OFhQa1BvcnRuMkxUWll4MjJnaHBUdWs0NG5GQkdPYjJYNHNRWHd0d2ZyZ0ZiYmJEWDd0bmkxY3Z5X19Id1R1NkJuUmRqRHYxZ1pqbTVUYmxhWTktNkVZVjYwdC1EdUlzaXRuZWlhU25zN1ZoQ1QyNFk3OTRwODFrWUI0cmFQU1pORFJUNWZQcEp5R0ticEZXbnlZWHRvR2QzWGlpdGp6aUFRZi1YZHljR1E?oc=5
2026-02-26	Google	0.0	Environmental Market Rankings 2026 - Environmental Finance		https://news.google.com/rss/articles/CBMikgFBVV95cUxQUDlBVGZRTml0ZDRhUmxCbDhtY2lDazJqN3VKbU42LWF6MHg5ZGo1SFR1VTdSajIzOGNaaEIxclNEcVA4SmhYRWxSa0VvUGV3ZERGZDMxaEl5WDI3eWhNcElMNk4zN1ZZN0V1Q1pUeHp5c1E5SkVyR3UtbkdzV1IzZ0g0TjdLN3RHejl4anozaDk5QQ?oc=5
2026-02-26	Google	0.0	Europe has the tech – so why isn’t it a renewable energy superpower? - Innovation News Network		https://news.google.com/rss/articles/CBMipgFBVV95cUxNWS00VUFMeUVJT1dDMjJRVmloRTdnVnl2aXZuNV9xQVJibjNoNGx0OVFid3E2LVpwV3lpMHNuaEVQQlZKZHU3LWgyZDNfOVRmaEZCQ09leWx3eGlMbUVnZktxcnZvZ3NJa0ktYndwX1JObVJQZGJkUTFvVHRtS0NFQ09FT0lEc2ozdVNVNDgtdGJkd3BYSDlVV29EUzZ2eVF1bWZ2LVR3?oc=5
2026-02-26	Google	0.0	Europe's swelling wave of battery installations set to hit barriers - Reuters		https://news.google.com/rss/articles/CBMiuwFBVV95cUxORloxdDY0TTdKSHc0OS1VQWY1N0Q1TEhmSkJyVWVnVmxSWm5SMUlqMHZGMDh6RFpXWFdtTXdTSm9QalBUcExrb2N5bmVJTlhkNnB1Tm82MVg0bXVIdjlqai1aNjN2VVlMLTlFTGk1UnQ5ZEo5OHVTMmVKZHNaSnRHWTBUVXc5NmtIQVBYMHJJalpRbURQX193T1lPOE9RT1hHQTNOUGtVNUFuWnNuSHhSR3VQMnBzVW1yc3ZV?oc=5
2026-02-26	Google	0.0	Further gains in renewable energy weigh on spot prices - TradingView		https://news.google.com/rss/articles/CBMiwgFBVV95cUxNYmFWb241WEtqZnh4T3NVSU9PejlXend1SzJDS2Zna21LaDNncmJmRmMza252dXVzX3p4TW5lemxyb1Z5ZzQ3andFSmcwSnlHZGZ2YndEZjh1ZzNLSnJ3R2JyNkhRLWR4NksyWEJ5b2I1cnY2a01iR21veUFTRFp6WlY5S0NEaDg5N3NKQVpHUi1rNTFFYTNHUUJ6eFdDcFozM1ZTdVJaSEFkNUwzTDEzeVRZT3U4LXFOckRUdVlXXzBxQQ?oc=5
2026-02-26	Google	0.0	Geothermal Energy Lithium (GEL) Cornish double-first generating geothermal electricity and producing lithium carbonate - Energías Renovables, el periodismo de las energías limpias.		https://news.google.com/rss/articles/CBMivAFBVV95cUxNcGJtUDhYUXhBX2V3dDBZOU01X1ZUeHBSb3RTb2NwSWE2ZjZXV0dQZ2NUY1AxOFhrVWlwSFJyNmxzZmNzT1d1TkpmdzQ3M0JLTmxrQnNUd3d4UlloWHFVZTc2Qld4ZTFjMDdRZ1VveTd0N0p6cmJiUERLRk9CdFkzOW9aLVNhZmJ5cFk1TDJTTEJ6NjF0dnFUV2stSkFyS0F6cnhwQzA3OTZ0Q2FOTVVoMXpwSmt0MU1DYm1QVg?oc=5
2026-02-26	Google	0.0	Germany to Give Low-Carbon Hydrogen ‘Overriding Public Interest’ in Bid to Ramp up Market - Fuel Cells Works		https://news.google.com/rss/articles/CBMiygFBVV95cUxOa0ZURHVzdEZ0MFd4cVdqNVJiZmlJRDc5M0RWb2Y2NV9zQWMtV2c1T3IyTmJETHJfakcydGdNNU5WYjJCWWd4Yi15WVBMTk5lWXhtRjlfQmdBcnIwbXdCU1Q2T3Z6eFE3MnlJSXduWEFsTWgtYkQycnRjRThkd0JIN05sYlpOTlRIajRGVEpPa0Qwd2duME9EYS1MckZOX2FRN25yOXlQMnZtUlVONG9BalVsSExUT1J1eFV1MTZpd0RWS0tLMTRna1Jn?oc=5
2026-02-26	Google	0.0	Grant transforms NE Portland church into sustainable power hub for community - KPTV		https://news.google.com/rss/articles/CBMiqAFBVV95cUxOVVZwVFZxQVhpVlRKZzZxaFJKZm5zYlBjYVloSnpSaWNnMGxQVVB2S3V2Rkp6UXMzWGFxTWMwOVREaFh1ZU1fVHFZbk0zY0NZMzBVVUJ5dGxaX3d3N0xNOEt3SzB4LVZJWEhSck1FX2NvdklKa25iRGhLUm9HdXZrZmxiUEJMWVlTM3VwNEI0UXFvSTYtWEwzOXFtRWQzR0JjeklzZDNrZ1LSAbwBQVVfeXFMTmJCMWFuY3BTclJteGx6S1VRVF8yaDlLbVZMaDdMT1ZYdEdscldIT0RtWWZ1d3MwYk5hQTdZR1dzREN4Q2ZndGpRNk1id3lOMGZsUERPVnFjbzNXN1ZNdklDWjJjY1dsX2xhZFdBUjgwUGJuaF9CR2d4ZEFBNGlDN0RLSGgwMzlkS3EwRFdVRlZuVFB1dDctY2dlNzEySUc4UEQ0cU1JLW1pOTlKSGtMcGs1YjdRODBEUlk3NWI?oc=5
2026-02-26	Google	0.0	How Microsoft Hit 100% Renewable Electricity Match for 2025 - Data Centre Magazine		https://news.google.com/rss/articles/CBMilwFBVV95cUxPVnYtTE80bFZYYTlZTHhJMlBSVkcteEp5SjU4WDFxeWFtUi15eTJWVUVPYVhpUVpGMFJ5bFNoaFJQaEFSeTRTLXhuaWlKZkNLbDFSX2ZralFaUjNlTnVQRnFrNnRnWU1BTjZkOHdHU25ya09idVVKLU5MZ0kzZ0JzQmt5SVQzYWNHWUFWclFjZENfSHc2bjB3?oc=5
2026-02-26	Google	0.0	How the Port of Bilbao is redefining ports' role as energy hubs in Europe - Enlit World		https://news.google.com/rss/articles/CBMipwFBVV95cUxQM0ZnTmFIUDZPRVlxbTJhNVVNaHZhN0hIQzgwOFpEd1NOTENnWWZ6ZTY3UjdHN0V0dGJOa21wVVN2YUU4Vk1wSW5faXZnMFlmR19qd3JYYmxmdEhlOVpMT2pGS29WYkRHYS0xNXNjQUJTbjRpVWV4NnI5VWxPbEZzUUZvQ3ZFS2JSR3FGcW5vaVpwTTZfOWljbWdQLWFwVjRXcm9ic0oxQQ?oc=5
2026-02-26	Google	0.0	Impairments push Northland Power into 2025 net loss - Renewables Now		https://news.google.com/rss/articles/CBMilgFBVV95cUxNb2UwUGgzdmxJOWhRc0J3VEJqOXMzZmVSWHJBTXJOeVVadUFPN1JUb3gwM09rRldvQzNvdzZkelU5eUZPVGtBdTU0aFVrTEdPRWtKRV9lcjVERXU4anBrQk9IaDJ1UHRBeXhrN1BrczlaX3JGa09Sb3R5UnFnbTdsMy1BN3hibHBHYVJ3TUctTEFMQ00wSXc?oc=5
2026-02-26	Google	0.0	India’s Solar Land Grab Is Displacing Farmers - Earth Island Institute		https://news.google.com/rss/articles/CBMiqAFBVV95cUxOSjcxcGgtb2w0Z0dUOWd4TWlLNU1XTHlPZTBZVUJRQW5QcUtGbUpFdXJvRlIxUUV1RGxQN2VVdkR6UTlzQU9Ta3pnQV85X0NQRFhoQ29fTW5VaUw3cTQ0akJBVjVod3RhT0xOZTE1U1JOQi1sXzJvQ29rSkM2Sm1hU2dIbXoxQk5PQlY4c0ZONmh4UzNPSE1sYTk4ZkJ6VVpfR0NfdlhPVUs?oc=5
2026-02-26	Google	0.0	Interior jump-starts solar energy permitting - E&E News by POLITICO		https://news.google.com/rss/articles/CBMigwFBVV95cUxNSEJWb3YtMFIxU2FiVVlpOEJjSl9FcnB3c0Z3SXBiZU5XbEhrUEJxQnpHOUhCSFItS3VXWWdaSEp1SHJEQWw3bnM5QXFzajE5WTl0cWlEQ2laSm45QnQzbHpsQ3VJTWthWUx1S0Zyc0ZiTlN0aEFLMkZRaDVjWjlTbHBuQQ?oc=5
2026-02-26	Google	0.0	Italy accelerates in utility-scale solar and storage as Enverus RatedPower rises to the challenge at Key Energy - Review Energy		https://news.google.com/rss/articles/CBMi6wFBVV95cUxOb0gweEF1YVFsemhEYzAwUjZjLVZMV1dLRlJ4eVZtY1lYVUpOaEdLdHEtM0RMSHdKdkRXVlgxRFRYcnVlczVyU3J0ai05Z2F3VFlIbVhpeTI3eGdYQW03ZThkNmZYX3NOZWJXMXMtcXBVdFBabkw3YWRhbF9BMjlCSEp6SWZPX2wwb0tMdjdQN0ZKSElFRkRmR0M4WEdnX3BZX2JJckIzallORHdUSk1WMUV6aDVXTjByMjdxWTBHQXNCSVZQeDV0WUtPeHEzRGZzZUZLQldhX1c5eVpZdXZZU0ZMMW9iREZpdWZF?oc=5
2026-02-26	Google	0.0	Meta Signs Solar PPA with MN8 Energy to Power U.S. Data Centers - ESG Today		https://news.google.com/rss/articles/CBMikgFBVV95cUxOdVJPaXBVbmVZaENGR1BMOHdmc1pYbmdMUkk0UEJHVHpwZEZkZ1RkVXZxdEpHWkpjNzk2S2NPVU5oSmhLN1ZucXlRcm1QQ1BtZXdTWlpWeGFRSjBBd3ZKQ3NIVWhpMGlQOTlIR014UVNLR3l5OFpKemxTVGlJcV93UHFTMXQ3ekd6ejVPN2ZEMElwUQ?oc=5
2026-02-26	Google	0.0	Meta, MN8 Energy Sign 80 MW Solar PPA To Power U.S. Data Centers - ESG News		https://news.google.com/rss/articles/CBMiiwFBVV95cUxPQjBrbFVpT2oyVVpLd21yUE12aU1PQW52S21yRkwtWDY3Q3MyOEVXLTFsNS1LQ19sZW4yWk5KVW1aYTFLci1QZ2Q3N3FHOU9JQ3ZPanhkY0g4Q1dabkxPdUFCbDFvcUNQaFhOUk1XZlhiLTZuNVlweDVGdHFHTjMzUzViR1B4ajJGMWZv?oc=5
2026-02-26	Google	0.0	OCI completes $394m financing for Texas solar project - The Korea Herald		https://news.google.com/rss/articles/CBMiV0FVX3lxTE9OZVBkYXQ4aWxHOW81TVRYVDhlUloyd01XNUtVbDRVT25wWklDdXNSck1uQ3BhQzdPejExcktBQ0QyQVhTUUxCdTlVc2ZDbXM5MWhGZjhKVQ?oc=5
2026-02-26	Google	0.0	Philippines Department of Energy instructs renewable energy plants to add energy storage - Energy-Storage.News		https://news.google.com/rss/articles/CBMivgFBVV95cUxPMnprdnBkUDVrbU5EdDhMbzZYNDU2eXVWQldPdGl3SHd5dTRYTVpUR1NwamlhWVZBWTJVckJVU2J1TWQ0Tmg1SXJRdkpaa2VYNUJMSWFiUVM5cl9sbmNISWJSR0VNeWVwN0pqQTVGbURmdldLLXhLeTQ0Q29VM0Uwcl9XVWhkVGc4NndZT0psRTNlQzJTY01TOVZuUlluYWxWV3VCcXFTTjlmaFZfUEt2V2dveDl5Zm8xaG5rOGdR?oc=5
2026-02-26	Google	0.0	R.Power Bets on Battery Storage Boom as Poland Plots Coal Exit - Bloomberg		https://news.google.com/rss/articles/CBMixwFBVV95cUxOSnlYbllpbmZlRUJId2VMTmJEczdCU0VEcEQxbFFiTkRaS0JKNGpidEJ4QWJ2ck1RTDFJUVlLQW5MdUR6dlh6cXVicW1pdnZiZEVjRFRuNXB0X1F4Mk1jeHNiUmcxM1U0dHUzbUtqS2JVZjd1Tk5iWWROSmJqYm50SjNIR2ViYnRyX3JnZDB3S1ExWHpHb0c5V2lSbllKNWJFSkNob280aHByZEh3NHJnd2ZVQ3VsWGVSY1Z6c1pfdEJhWkFLWFdB?oc=5
2026-02-26	Google	0.0	RECs ride 'hyperscaler' demand for renewables - Environmental Finance		https://news.google.com/rss/articles/CBMi4AFBVV95cUxOQURaZTJPTlhWY0FsSjJCSlBaU1BMQzdFYzMyMWRMeHBMeHRMNkpPRU5TdFo2eEtnZUZaQlRrMnpScGMwalJBZHd4UzRuV09JaTgzRlRyWUFFakNlZUh1b1hBd00zdXZTX1NLak01cUlWSjNPS21vV3l6S1dVaF80Q29HZWJIR2luYkFvT05OaHJrbnFSSjFId0dqcV9tOFRvcTVmX2k3VkVnVVZTVXoxUlZPc2wxMFF3V2p1OHBYNmRtWmVkT0lfdGRNbEJDZnYzRURIczJNbDduNTFFR283Ug?oc=5
2026-02-26	Google	0.0	RatedPower publishes 2026 Global Renewable Energy Trends Report as AI, storage, and grid constraints redefine market dynamics - Morningstar		https://news.google.com/rss/articles/CBMikgJBVV95cUxPdkp5VjRBd01DdHZtdmZZRXBXOEk3WHEwR2lDUnN3WEE3RGFOQUo1ZzJjeXlodXJ6S291WDBRRE41cXVMZ1RSZ0YtX1pTaHpfMzNQeGJqRnE2VWxQNFdOZUdpWl85ejNqdU1sOWxtLVdwM21UOEcwM2lLMW45d3VzLVZ3dk9vTkJYeEFWZ1cyZnVURXJ3OHZKakdreTRfUUhDMGVROV9CenNaM0hJY2NOWGY0bkNkbTB4NHlpUWxGVkFLTUJsM2pld1ctWmZKYm4xZDMwUTc1QWNBWnRSb3JTQkJnSTJ4eWpUZEE2bjI0T0cwQmlUZkVybS11S3JEVFBjbmFWbTdIc2prd1NRck41WGJR?oc=5
2026-02-26	Google	0.0	Renewable Energy Investments Drive MGE Energy's Growth - Morningstar		https://news.google.com/rss/articles/CBMiqAFBVV95cUxOUEdQemdBUHNLQlRnaE5uMlNtUTdEUVBvNFlRTll0QkJ2d0Znbk8tTEhjd0p0eHlhanBEamhncThvSW45WHRVYWczWXJ4cWhsaDZEc3JUVHBRWmxFdVBFak1OSnVZMklrbGExdVQ5cjdPellUQjJ5TUY0b2ZjZnRYMUwxdW5jajdGUE0xbHhob29uUXk0VXA0UXVvSFdSRHdEa05vWVgtaEs?oc=5
2026-02-26	Google	0.0	Renewable Energy in the Middle East: Ambitions, Rivalries, Strategies - Energy Industry Review		https://news.google.com/rss/articles/CBMirgFBVV95cUxNMFotckNyVXFaZ3dIUjRueXlFN1lOeGtvd0s4SVVGdU5EVXYzQklBUUhpdUhkLXV4SHdyemRGR1V1Y3V6cEotWmRQU3gwM1MyRjM1eXBsdERYT21QNFZNekhGWWQyOTFlRGZCdjBIckQ1cjZlWm01QmVCaUlQSXRWV0drbmR4MXRvRG1lYlpOQjVNU3hOeHVRLVlLVzVsb2ZUellJWnUtRjNHcW81Tmc?oc=5
2026-02-26	Google	0.0	Renewable Hydrogen Electrolyser Powered by Wind and Solar - Fuel Cells Works		https://news.google.com/rss/articles/CBMipAFBVV95cUxNV0lHaFhHUjlaanROOHZ1R1pMRHJ2VkcyVE9HYlVaTzl2c1VQejFkUVB5NG95a2lJQjdtTU1nQ2d4U3JLU2lyV3VZSlBsandEeUF2UFZ2a2VDV1M4N3RhU2ptMjdubm9tZE9nQmRreHBGRTFrMjFpcEo4Y0FBcDJ4RlJtd0N0XzJxa0FXSU9PTEZ2LXlaQ1JWdGFZeHJud0JrVVBZVA?oc=5
2026-02-26	Google	0.0	Renewable energy lab challenge for students - 6abc Philadelphia		https://news.google.com/rss/articles/CBMie0FVX3lxTFB0WE1JYVFXelZYcEIycDRSWGxDQkhoOFFMQXMzUXVDNk9IQlU5SjVzTnZ2U0I1Qm9QTnRaaW5YRHpMd2hfbkp2WUdoaWkyWFlvV1U2RkZyRFM0YWd0aWx5WmZpTkdON0k0YndjczFPNEZWb2xETGlxV0JlY9IBgAFBVV95cUxPaXRsa25mSlhLWUJBWlZkX0JjYlNFOGg4QnYyVVB5VWd5SnpWUzZ4dk8tVld2c1oxVmZreGNuV2FtTHdJSlVqazN5aV9sVU1pcFQ1NVVndElNZG1oOXRVSG9pSGs1SU5hUVZKanNBYjRlMjZaaUFFaGVWNlRkSUtUVQ?oc=5
2026-02-26	Google	0.0	SolSource Solutions and TriBeam Financial Launch Propel: A Simplified TPO Solution for Residential Solar and Battery Financing - Business Wire		https://news.google.com/rss/articles/CBMijwJBVV95cUxQOE9FcjFQeG9VUW8yWVZ2NkVsY192TldIUTRKWTA1UE1lMGd4dF8tTUJxMXlhNUlNNGszSF96MHBwSGRPM1dZcGlacFdma19nbjlUQ1JkcmYwUXl3TlNqdzY3X2NjbUN3eDg3bzdHQ25QUS11eV9fOTFfZEVYYnVmRHBfM1NCLVFEdXI4cUZSemdFekR4YUNSSHhoV2V5YW83ZWxkVGJzSGx5Qzg0R0RrZk56Z1pVT0Q2T2ltX0xPMW5TN3VLaFJfZFBNbTlycUQzeXJOM3hzU0w4QzJmUjFTODZ0YnFCOHdTbmV1MFNmN2NQaF9EeGh6Y2ZyQWJnMEFwa2xfOUxETlNRamxIbFhz?oc=5
2026-02-26	Google	0.0	Solar power taking only tiny fraction of Colorado farmland despite fears, industry study shows - HPPR		https://news.google.com/rss/articles/CBMi0AFBVV95cUxQNVNCMzlvQnVFTVFEMDRIUzAtOHNyaUVNSHhIOGtKWTFzdDBXcU5zNWlwa3Q0VDZNQTlDcGFIbVNKY3BzTWxfZWFpQ25WclhydHoyQkZQanI4UjhwRl85cXZHNTQ0ZGh6ZW1OOVVCRTlzQ2phWWpnMGRlZ1N1aHFwRTR6U1pnQk1Kblc3eloybGtNQl9VVklBX2N6WC05U2FsZTlKNXNGTkE2Y0tQN3ZZQ19GdDV2VEF2SFdPQlpUWk85QWgzdEdDazlpZGFZOEpZ?oc=5
2026-02-26	Google	0.0	Solar stocks stabilise after US tariff rout; should investors buy or sell Waaree Energies, Premier Energies now? - TradingView		https://news.google.com/rss/articles/CBMiggJBVV95cUxPa1lEbHdSWkxIT3JoYS1RSWJ6dnRsdnlrLW9wcFJrUTZpZUNjOEdNa25EV3VEYTNXMWRsaVhTNGY0YjEySkJrMHJpQjlvMzlBYTEwUGNTenJfZTZUWUprN0IwYlJjejN6VVdwVC1YRGNaaHoxLUU3U2hSQ2VBeFVjbDJaMzBQWmt6VHFNc0Z0bFFQS1lhb3loSXZfaUZDYzVaREJmdzNSS2ttQm1pckkyYWQ2MkpkYTVoaUFfNzlvMUxpa1NqRThadzNlazJpV2pWQXlRX2I2b0lyY1N2WWpBeUFTS2RLOEpYVnJhSDc2dl9XZHZvMjZHY2lqWkVkbjdoaEE?oc=5
2026-02-26	Google	0.0	Soleil Renewable Energy Moves 880 MW Solar And 460 MW Battery Storage Project Into Execution Phase Across 3,200 Acres - SolarQuarter		https://news.google.com/rss/articles/CBMi6AFBVV95cUxPT3FveGNWc1NIMkc2WGd5ZVA1N3NRZm16YzMwRGNIWlI1UFY2TXJhWTJsZHpubjEwR0tuam9nc09mYWVKOWRNdlVDRDl3SGRSR2kybVNZTkpXdHVvOFpXZDV2YWFmekVwTU9sRVNJdkV4WW5uLVpoNW5GU0lGVWJJSXR5UllaY0NmdVRDTW90dmJiOWpNZ1Zpc3pEVEtxcG5YOW9CM1RLekdpNW95eVVuZVZDNHNFdmxkUS1rLVN1UUNwekZkUVRxcXpId3hwTGZJQjVvZ01Hc2daQ196bDJZYmJrRUQyMzlQ?oc=5
2026-02-26	Google	0.0	Soleil Renewable advances California solar-storage hybrid project - Renewables Now		https://news.google.com/rss/articles/CBMiqAFBVV95cUxNRlZuZHN3ZnZBamwtM2UtanlfVVRtVFhzcU5CY2VUcUNNQWpZZWpxeGRpXy1oQzNjUW83YVp2TUpzNVZobXhXV0QyY3ZxanVsNkNQSU9kZ3pmUFhQTmZ5QjdKZEVISER2OEpicm02VkFWMkVsLV9BM091eXNPaWo4WFExNTdzckRvLWtoZklSYmlJYkRQZHlxNlRyZlhZYUlXQms3aTFPTXM?oc=5
2026-02-26	Google	0.0	Switzerland speeds up procedures for renewable energy plants - Renewables Now		https://news.google.com/rss/articles/CBMiogFBVV95cUxOSnNQbFNCSlJNRF9KX2FhRUVGV3Y5ang4RE90cFJLSG10b2tvcXFyTUFFNGlPZTIyU0gyTzhtYUJMTW8xeXEyU3ZMVUNaWlVxWUJQVTg1bzhuTU41U0E2TUIzRjB6UVQyOGF6TUhCMW9DRXRUd245aVJNRUNfZE1qZXVfYmh0b2dvbnJXSDc1WkRIZmxPd3h1Y3BsYjBqTVRyS1E?oc=5
2026-02-26	Google	0.0	Terpel to buy 26MWp Pétalo solar plant - reNEWS.BIZ		https://news.google.com/rss/articles/CBMiekFVX3lxTE1NSjdEenppd3NrdGxvS28zOGFMeUJ2aTR5N3JGbHo3OE5Nenc3N3U5REdSajZmVTRUbGl0T3hFVFJ3Wjdkc0ZjZU8yM0J1Tm9yNGtqMFpCZnkyWFFMVEQxZVpfTGM0WEo1RUE5QkgwaW8yOTVtby1LYnFB?oc=5
2026-02-26	Google	0.0	The DIY solar hack arriving in US homes - dw.com		https://news.google.com/rss/articles/CBMifEFVX3lxTE12d2hkUzVIbXhjY3ltTEJXbUJFZDJULUFqRENvSFFvNk1JOEo5YWxWRjlSYU9UU1JZZk0yLWliTEU4SnFkLWNZVjN4NDVfSXpnVWpyWmRnVTZkWWYwZFd3amNSQllTc3cxZkdrX3h5RzVpdURHdDg5UEpFNXnSAXxBVV95cUxPZ2NDeFVVM2RYaW01cS03a2YxN1VpWmprLUJESGtVcjNRSmdrTkZRT1Iycm1NeVBLaEwzM1dpaFhLUTJEczBqZHhheng3REYyNVNXSGtqdVUta1h0UnJKY2QwMWJpLVIxaVYxdkkxY1lLMG1iYXdSY2V5eDF2?oc=5
2026-02-26	Google	0.0	The net zero financing race: Brazil and Mexico attract cheaper capital - upi.com		https://news.google.com/rss/articles/CBMirAFBVV95cUxOMVFydEVxNjRvYzZVZ0FLN2VpYjdxdlZvdmgwX0RYR2dEQVNLWGZUUm83ZS15eWRSVlF3U2xNNWtOMmJwWml2aDd1QXVtZFBfcDRlVzVYbndDWHRDdm84TXNrOFVuTk9sRHFGUWlMOEJSNHItd1ZFLUs0Q3pNSThkcnozNl9ZaTJSOExOX0FNbmdOc04zMm13a1pqWDhwVmxleVZjOXZyQVBZdEJJ0gGyAUFVX3lxTFBUVmloTEd0YXNRTkhVV0NNMXl4eXlWV2pUUHhXZ29hTG5aUV9IMkF0RGJaVVlydXJGU2FUckhUdzljUEpuZFhOX3JBMFF1eTFyZmczRjQ1OUwxWFRsVEJmWExaVUdTaVpCVlRKZ2dvWjZPaWp1MllBM2FNYzJsUkNqZTNEYVFGOXpsbFBhVWIwc1JPQmJZMmNKa1hqM0cwdTZud0tYdjZKWVEyX0ItS0JRRHc?oc=5
2026-02-26	Google	0.0	The scramble for Morocco's energy future | FT Film - Financial Times		https://news.google.com/rss/articles/CBMibkFVX3lxTE10MXdkOWtlUFMzcE8zS0trUVI1RGxOSTJKekdyUFBGeUl1OUc4bW1MbXJVamM3eWEzVzQybjdTN2wzQl9VZG9sOFp5eTZxSExMWjBhMlRndkRxa1BpTUJvMzllajRVN0lTOHdQaVVn?oc=5
2026-02-26	Google	0.0	U.S. Energy Outlook: Consumption Below 2025 Levels, Renewables Rise | 2026-2027 Forecast - News and Statistics - IndexBox		https://news.google.com/rss/articles/CBMikgFBVV95cUxQM3ZlMTF3YUdYVGNwY2lRQTVOc0tqcHNaX1pfRkZIUnJZYlMxUnhiTzNObHRtZE9NdFRNd2s4MDZuY1Zya0k4emhNdTNsOWwwM3NIQXQxbjAwMThHSEJLNmlEVTN6YnU2cTRjaEF0VUFTNFR2Z19KSzRUSkZxNlR0MmNIeGJIVlgtMGpCaHRUMFM1QQ?oc=5
2026-02-26	Google	0.0	U.S. Renewables: Energy security amid policy uncertainty - A&O Shearman		https://news.google.com/rss/articles/CBMi-AFBVV95cUxPdFpNaVJSaWRaOG1pd1MyRFpxVXRUYWdsNl9QRUNmaXZPemlMMHBsRndoak1HbGxOaWQzU3Bra0FuTDRyTmVJNVZ6U3owVzE4U2kzMHZxRV9wNEtSanVJMUV0Z3Y2YVl0Uk1xSDhZSjljbWRCSVkxX2g5N1Nkb1UyZmZNTldCWGFiRjRXQ1FxVFY3X2dzYUlHRjhNcTduOUFaRlJTTDNvWmZ2NmtoX2YyMm0yeEU0bEwyUHE4WU96X25lUXNFNGJaYlJFbDRrT2Vldzh3b2FPNUNmVDJJdWVIWEV6bTItajkwbzA0OUhTVE5YTlgzd1pOWg?oc=5
2026-02-26	Google	0.0	Uniper Renewables: Accelerating Europe’s Energy Transition - Review Energy		https://news.google.com/rss/articles/CBMiowFBVV95cUxOYUJHRnN6Yy1ReFpoNDVFdDlTaG1nLU9mQW9Wd204ay1hVnRHbDJlZHBtYXdreEhramJfSURZa3ZoYll4MlVEeWdpVE90NHk3eTc3cldzd1lPZDV1b2FpWHowbG5BV2lHemdGMFFsdGZZdW1YWmtYNy05Tk1IR3V0T3pJbFNvMDlwX0lIQmxGaHg1TEJiTTFWQy1ZVkV1cGEwcVFV?oc=5
2026-02-26	Google	0.0	Utah, Idaho keep electricity affordable while Western energy landscape shifts - Cache Valley Daily		https://news.google.com/rss/articles/CBMi9wFBVV95cUxNY0tWdXYxeGM1aHhkVUp5Mi1QSU0tXzlFZXdLUTE2UnZjQXpIXzJGSDgxZlFLLXNiOW1FMlhBQy1vZHRUR1JoZG5vUlFKZGdMcE80aE9DRjZXZTB2eG9KTkpQMWF4S1NKTHU0M0lrWVRxUzA4TUdwcjdsRjRNS2FJQU1yeDVYN0xqZWcyeVdwLXlhQllaNkR0SklxQ2g2bmtWTlJ3TUtGODNneEFDTmdEX2FzT1JUbUdjcUpsMFlJdnB4UHRVQ01Sb2x1cXEzbW1ES1JnYlY3REotdmc3ZGhYYklvellmTWhrTi1tTkthdXduYnh1YlBF?oc=5
2026-02-26	Google	0.0	VERSO Energy Secures CEF Funding for 300MW CarlHYng Hydrogen Project in France - Fuel Cells Works		https://news.google.com/rss/articles/CBMiyAFBVV95cUxQR3ZsbXp2VkRnTXl4c0hiNWFfVXdpLWlaaVJJQkJNcS14czJkRWlTall6UlY4dVlLZk52TlBCcFpTOWtQY2lsV0Jfel9Ba0pQVEE5ZGk1NW9ONnRfQzJWbjROSkRmZEdKdlNnOEJ3Q3lxdVhQcTJtemNXWU9KSE5MU3ZiaDBzd2xHNWstQXEyWmJuS2g5N2xlMnZkaWpfNnhselZGRXAtR2phV0NmeElmYW55eG9ZMF9SRkJ1bXZaUzdRRHMtdzZqeQ?oc=5
2026-02-26	Google	0.0	Valley Greene Apartments agrees to 25 years of solar energy - The Chestnut Hill Local		https://news.google.com/rss/articles/CBMiqwFBVV95cUxPeEQ2SEF0Tk5wNFBBREdRWEZzYkkxX01WbUFFY01CYjl5UFpPZHNIa1Q1VWpvUFgxcWpQWkIwWWYzRk13S0xib2FOc1RmVDFhZ054MWJBODA0M1VhSFRoMFhLSVBOMGZUMGRsckFMSWtkaFdhWXg4d3VoSjR5UGE0S2g3RGI3dEZRdVFGeE1WUk5EOExGa1ZNanRJWUFlUkFlWDNUQnFjUTNxeGM?oc=5
2026-02-26	Google	0.0	Virya Energy advances 135-MW solar project in Poland - Renewables Now		https://news.google.com/rss/articles/CBMilwFBVV95cUxNbjdjNDFUVThPMzZ1dHcxR3pVZVFFWGJXUFdudFlNdXFxUnhqYmlySFpaNV9ZbW9CemJQMFZjZzF1SVB5SS1tMmNoMGxSblVITnl6d2piQUdHbkItdVNqcEhWTmk2cTlOazlwODAwRHM3U1FKaW54eWxkOExDQUtxbU9yZlFiaFpHOEE1V1JrYi1Hak9wTG1z?oc=5
2026-02-26	Google	0.0	We Increased Our Position in This High-Yield Renewable Energy Stock - Dividend.com		https://news.google.com/rss/articles/CBMisgFBVV95cUxNNUtQYzB1bjNKQV9XOGpDcHdJNmpWZ2FBb05IdzNtbENzZzhXMlE5SXJvWGhPRkVfYzJ2dld6VlY3ME5QRTVPT2NTLXc4Yl9vLW0xMnluN21QNTB3VThGMThkMnN2TEw0MS04WlBXTXpiLTE2TUhjV3F3ZTdOSjNIY2lQbXhBUV9aZmVwMGRodi1SXzZMUVdMR3EyT3hfQ09IOXVDYkEteFZ4VF9zQ01OTkdR?oc=5
2026-02-26	Google	0.0	West Kentucky facility to turn bourbon byproducts into renewable energy - KFVS12		https://news.google.com/rss/articles/CBMipgFBVV95cUxPZzVwT1NiMDRCTzVZcXhJVDNONXdkNjNzMlIxdDlCS2FqbXEzYllJeVJOSHU0Y1NFdmJfMjJDUmZ0bzRrV244bGZ6aFFzVGlXMk4tcF84S0NpMEpHV0lrMGFQNnNUX2lVLTluNW1haldpMXFtcFQ2Z2hPb0c0WWYtNERaV3BoemVSemg5WTRoOGNkU2NhWnI2Z25OeTl4aFMtMktTTzln?oc=5
2026-02-26	Google	0.0	Where Do You Stand On Hawai‘i’s Energy Future? - Hawaii Business Magazine		https://news.google.com/rss/articles/CBMigAFBVV95cUxQdjdNTmJYOEJCX0FIQ1JHRG5rbEsydG1HUG9RcW9ZYVhoRDltdE5YX2s4VlI2cDQ0VVNZY2NsM3VlcUdvTFZtM241MVhBQ1ZKbTdhbEZxRDRVV204QmhINTdYNkJNVFNkS00yRXpDOGdZUkFHRXFyazBObDFIMVF1Vg?oc=5
2026-02-26	Google	0.0	Zelestra making progress with the construction of the 27.5 MW Klevenow solar plant in Germany - Energías Renovables, el periodismo de las energías limpias.		https://news.google.com/rss/articles/CBMiqwFBVV95cUxQRmV1ZVZud29FQ1hSSWdDU3Y1aFNhOW1UX0xwUnJrZFZKM2NnUjlMU3d5OEYyT0hkQ1g4WHg4Mm5IVXFmNjBON0lhVThqalp0LWxQOVFncXZFdjI1cF9xanI1NWV0dDVua1FVZExxNXIzTmxPSUhfR2FISTdUeHAxU19WVE1zd2ZIcl9vdGw4cDV6NzB6ZlVILW9RclNCYjE1OHRKM3AtVW0yT3c?oc=5
2026-02-26	Google	-0.044	Reform of German Building Energy Act jeopardizes climate goals and is on shaky legal ground + Weakening of climate lawsuits - Table.Briefings		https://news.google.com/rss/articles/CBMia0FVX3lxTE9NZVFDN2ZMb0RuX1Mya0xDb2tONlVIX2VlR04xUGlISUJ4VEN2N2RUUjctR2d5bS0yUWRaRUp1NGx2cUIxdFo1ZG5ReHJzTWVIT0J4RXJORlVOYmwzWkQzM0d3Y01FT2pjZUpv?oc=5
2026-02-26	Google	-0.1	Calgren builds public R-CNG fueling station in California - Waste Today -		https://news.google.com/rss/articles/CBMingFBVV95cUxQVmFoNGZ3VEFjZGtwTXNycUpSeWpiS3pCclB4UW9fYnA2LVlpeG5peGNrMkh3RGtTWVc3UEZpZGtsS0NZb1Y3a2IwZEV1UWJRWjhiVWxUbURDeXBXdjRickY0a3hndUJiMGpBWXktYXBiUi0yUFdONUsxbTUySllCTWg4Nzg3Q1Y2TVV1eEVMc0pWbXFJbW01Zzd2WG92Zw?oc=5
2026-02-26	Google	-0.1	PNW strives to move away from fossil fuels, but goal proves complicated - Camas-Washougal Post-Record		https://news.google.com/rss/articles/CBMivAFBVV95cUxQTHlZaE1TdUNqSDlSQlZKRXpWQjVRYTZkS2s3Z0xEUERTcWRlWTZfRjdUVWpoSG9lQVRlVGxyWEdSSkhCazl6a3dsR011NXlwaDRaN2UtQ2dmcVFtdl9aeXQ5T3FNT2JZOGxwWGc2QmQ1amV6XzN2MmpQcTBCOG9CVkhzNE5lR2M5YVlEdWJCaDQ2RVBINS05aF84R1QtMU9PQUdXMlhzcnFCYWk3b2Z5VHlSUVAxNWZKd2R6aw?oc=5
2026-02-26	Google	-0.1	Renewable energy program from 2022 law hasn’t launched - The Center Square		https://news.google.com/rss/articles/CBMilwFBVV95cUxPNUkxWVZsdWdwdm9vR0dsZUZkN042QXlOcEhpTHhKc1A4WVNFNHJwRC1kWU5aNENIR2x4elQya1Y5aThmOHRsZ2xpbUNRd1BsMDZlMldIUnFjWnlDbGxEdUdiUVE1SjBGQWkyUzB5d3BPckVaaVdUQTRGSUFaM2drMDg0bEdkTnlWNWQyYy1YTlp4ZUZ6OHhV0gGcAUFVX3lxTE5JMG5VVHMzYjRQanFHQzEzdXE5Y3V6V0xVMHdjQ2w5UnpfSjMzZ280TzRIWGttNGM5czBkZnBobEhnRnNLTDh5bXBKRFVBWUJScU53ZElKdmM0MnE2UVluZmFqbXFzV1RJZXNjekk4dG14WlpfRGdGVFdfZUVKVnMtSTdTU1hHMlpROGFBZEdDYms2ZTlheUFvR3RpYw?oc=5
2026-02-26	Google	-0.1	Start Campus partners with EDP to support delivery of renewable energy to Sines campus - Data Center Dynamics		https://news.google.com/rss/articles/CBMiygFBVV95cUxPY1BPVWNfWkt1U0VKQ0txVG9YODBYazZKWWVoYzlyVUZyQk5lbGRuSUhxZUprNmZDVExMOWtubXRMSjlJQnJ3UXRQUXZBaXJUZTd3cW04VUJheXNjOW5vOGlscmg5WlNtMUFRRFhwZXpXTW1GMWxIenUycklxRFMxUlNDMmFfOHNENnVrNXh4ME8wQ2Fab19WbE1Fc1U3b1JzSTR2SUNqdy14TFFGWldrUHhlYmdma05LUVdLTllDamFQQVlPMEh4T1pB?oc=5
2026-02-26	Google	-0.1	SunHydrogen Produces Green Hydrogen Using Only Sunlight And Water - The Business Download |		https://news.google.com/rss/articles/CBMinwFBVV95cUxNS29XSndJTFJOQ3Q4NzdwWVV4S0tzWWpOdEJmd0pqLW12Si1FOGp5enNJNEpvSkxrb29TZnZoU3VvaFl6cXR6cGdpaGItMEtwbTUwWmpRczJpNDVXV0FtbDJXblRaWTJuMzhCbnVrbmo0OFlxbW1SZV9sNnJlOVY5bUdZQ0VuN1pJdUdyR05qWFdoWl83VXNsY3dqYVhsaTA?oc=5
2026-02-26	Google	-0.1	Zeo Signs MOU with Creekstone For 280 MW of Baseload Power for Utah AI Data Center - Energías Renovables, el periodismo de las energías limpias.		https://news.google.com/rss/articles/CBMinAFBVV95cUxNOWNUU0ZJSFJGeXVYMVRGUkV3cjZWTnFqVHB2V0lfUHltU3JZS2FjTGJhbE9mTW9MazRRenVFVHh4YXpXOExhaG5LZmJuUmYzeDdaVFIweUdxdXhXZ3hpcWdnMzAwYlNOUWZOREt4YUpIQVVqT1RsOGxBUWdjazZ4VGlRMGlwZ1BwQWdPcUh1WmxWcGppMTBPRW9FNnA?oc=5
2026-02-26	Google	-0.167	Opinion: The hidden costs of '100 per cent renewable' - Yahoo Finance		https://news.google.com/rss/articles/CBMif0FVX3lxTE9QWXlvZEc2Z2dpZTdXdHlYVTlsNVhNNTFqeFpCMjZ2bC1YWUI1cm9hWkFoanNBT0xqTFh3QlM1eG5qV3FxNS1hNW5sTEJYWUhzbk5EN041UnNieVR5ZktHMXgyc2RZNlRYdEI3cGM1VzNuNTdlanNpam5KSUpnRXM?oc=5
2026-02-26	Google	-0.167	Renewable energy program from 2022 law hasn’t launched - The Black Chronicle		https://news.google.com/rss/articles/CBMisAFBVV95cUxPdUtEVE52UWJ2dWZsRlI0Q0l3M3VZRVJvUjB3M2pJeU9xdmdPUWg3Szh6SnEybEdqaXdvVXI0WDU2am5id0ZtSU9qNFd0VC15SGxjMHRzcHAySmtvdGtiYUxHa1Q1RXdsNG9jQlI1Y051NGtPbEt6bkcxd0dCanRlQ01MOHZyOFZLNndTeXE1Q195MVdPSVFad05CTGVMemdXNEdEVXdNd25TMlpwYlJQYw?oc=5
2026-02-26	Google	-0.2	Colombia's Green Hydrogen Ambitions Face Challenges - Fuel Cells Works		https://news.google.com/rss/articles/CBMiqwFBVV95cUxQUGFYcExocnpLM0p3NlE5QTVrT2o5R3VIZWpPRlhVVmRyVXVtMExBbWJLbEVEX0IycTVJQ1FJbFViWHpITU12WVIwWmxBX1cxcUlCQVRjb2I3ZE9RM001QnFFZ1g1WWU1czlMYnNXVW9wQmZFVjNxREt1b3cwWjJoNVFRN0ZHdU1IRzlnWVRPQzl5enJKZTM4bllZWnhrY3kwcFViSHoyU1ZkT28?oc=5
2026-02-26	Google	-0.2	Ignitis exceeds 2025 adj earnings guidance driven by green business - Renewables Now		https://news.google.com/rss/articles/CBMiqwFBVV95cUxQZGFQRVFxMFRyXzRHeHRNeWQ1NFJrYlUtdkZqS1FudUM3bkFPaUgzZUdvWWJZaEdhalZUNmE1MEZ2cGhDWnNOUVdvV3FXVWFteHNZbGUtbG5MTVJ5SmxTRmtPWnY3TDFwekk3Wkhqc3cyQ1JKRmdsakQ5czAwZzQ2RlhKanczRm1OLWJGekxrbnkyUnlsVEtLbFFXYUFDaTBVV1RNVUJOSTZla2c?oc=5
2026-02-26	Google	-0.2	Kazakhstan Invites Serbia to Invest in Agro, IT, Green Energy - Caspian Post		https://news.google.com/rss/articles/CBMimgFBVV95cUxPbWZVS2lIelg5aDJVc0dFeWtqRDlUZ2hLeHl3bUgyakpfWVBLZG8wUVQ4OGJQR3JacjlnZjhSZ1F1N2ludldfVi1VSUYtOWhrR1R0T3AwWFZKLTdmdVdvTENiM0E0Wnp1N29GNzlWSGV3OHdvbFdfd19Rb1NrZXpVQXNYMExON0RmZDJIb04yZG84aUExM05RNTdB?oc=5
2026-02-26	Google	-0.25	Sorry, kids, the baby boomers fell short in fighting climate change - The Invading Sea		https://news.google.com/rss/articles/CBMi0AFBVV95cUxQa29EXzZkSG85Z1JkeHdtc29Fem5PRzV6SmEydEdHQ3NkbkVMLW9sSWhucWZMRzdTZXdPSlN4OUdZMFF2dmlheXRXNkdPaHBWd0V2TVp2VEVwcGltMW5FaXV4OHBvUUw2bzA5aWp0LVZlTnZEaThXcGIxT1FrcFRUSkJacWNaYVRySUY3SjFhTGdheWRWVXBQR2JCUENaN21PZGw3b3drdTBtczhqcXQyNHkxNW10R182bHItd01rN0ZCa2dkWHZyQzEzalRscjNo?oc=5
2026-02-25	Google	0.5	Making solar power’s land use more efficient - McGill University		https://news.google.com/rss/articles/CBMimwFBVV95cUxNMkdOQk05QThmNk5DdnVYOGF3OFROeHEycWNLUGo2Q1F3b05NYVh0Y0JyRWZVODEwZ2pWT1NqWGtPaWROX0RpRk9IMk9LR2NVYURSODh5TW9ycmJMUE8zYVhodm9xamp0Z0tac05FN0k2WlQzVjJmSjFqZ01qNWdIamFTMFJkQTJYaTBoWG9ZV2huVGtCQ0xjQUZVOA?oc=5
2026-02-25	Google	0.5	Top Renewable Energy Stocks To Add to Your Watchlist - February 25th - MarketBeat		https://news.google.com/rss/articles/CBMivAFBVV95cUxPRGxvUHRUaXBSLU5lNDFybHQtb2Ixb3YyX3pVSnpoVGZCVUNET2pkdGZ6TjFEa0tSM3N3a1RraXpoczBfSGszV1RCYndBLW8zU3BlUjVYNVpqbF9aSjJ3WGZHZFVaUVZzbW5XLXZ5aGdra3g4UXpSbFV2c19PZHA3cmxxcWNwUkx1MmQ3SzZ0UG9xNnNyMlpObFN5WjB3c2lTWldmSC1QQy1JcmtTNkZVbUx3Z1ZTYWtfUU9xQw?oc=5
2026-02-25	Google	0.433	Assessing Enlight Renewable Energy (TASE:ENLT) Valuation After Strong Multi‑Period Share Price Gains - Yahoo Finance		https://news.google.com/rss/articles/CBMijgFBVV95cUxQSm03SWxPQ200X0V1VmhUSDFDREN1QkFwWklUNzJOVWRIRU44UV9FQlFPWWlsbDFpc0lsRE1Cc1BsdWNBclFuekdHbGozcTRSNk1yczJzT3BrNER0MXNIZVJkSW10Sk1HU21IcnhyeTBIdDctUU82cDVsck9ZM1NSWHEzSXdFN3J5VFJpeG9n?oc=5
2026-02-25	Google	0.4	Celebrating the UW Solar Canopy: A Step Toward Sustainability - Powerlines - Seattle City Light (.gov)		https://news.google.com/rss/articles/CBMipgFBVV95cUxNb01wTmxnTkRxZUF5WmJHWmtZSTZKOVRFd0JBbmRxRkp3ZEJPc1daNXBjVnpOTHU3Y2U4MU9vLWZnTFJyVkVfbnZodDJzZ2F5VUl0ZmY3V3lrZlNBeE1yMVlKSUNtdnNFaFdZYVQ1b0x0eERHWjZ1ckRTMWFzU0l5Mnp0Yk82b3lYdTE0OWtQS21yZG56azM0RTBoWlZtQUVvYkZYUGl3?oc=5
2026-02-25	Google	0.4	Ferrenergy implements one of the most powerful rooftop industrial solar plants in Peru - BNamericas		https://news.google.com/rss/articles/CBMivgFBVV95cUxOdWQtN2dHSFI1a3pyMU1NYU9Qa0I0TlFPQ0puWHo2Z1JMaHZKdzJTTTQ0VHN4ZTNxRGF2SU1kVDBoSW01dG9nWmJxQ3NrLUdnU2R1YzQtZG1LV1lVa1ZXYndGMFVwb0Y3dm9YeWdQQnYxZ0pSTmJ1NlVEcS1EVk9jYnBmWmJ1WkxQd1ByY1h1WG1OQTZZQXZCQ05mcklNODRHOVN0UGduUjNEVF9JdjRINGc5SFV0TS1qeUg5bEZn?oc=5
2026-02-25	Google	0.4	REC sales on WV school district’s solar project free up money for two teacher salaries - Solar Power World		https://news.google.com/rss/articles/CBMizAFBVV95cUxOOGxlUkozX1ppaFdJQ2Q3LW9EZEtEV3ZMeTZOZDU3NnZiWkVKNjJDSFNJTGdKVFRPUmdrUmZtUnBmc21mcE5nNmU0UzAwNGJyeWY3cUpKaVFOQXpOVmU1Y0NnSzJjUjR6RnI4VnlhMm9lYzA1UGpHQ1pyTU1HbXhvWmNZdnlaQkVxQTRMczVQbE5BekYybXp3Wjc3Sk5lUE9QX3FyQ1Rqanp2cGFic1B0d29KUU5GNFp4SXZqNWhzOW9RUjViZlNRYzNMZVE?oc=5
2026-02-25	Google	0.368	New Liquid Inspired by DNA-Damaging Sunburns Bottles Solar Heat for Over a Year to Warm Your House in Winter - ZME Science		https://news.google.com/rss/articles/CBMihgFBVV95cUxNYUxwU25zUVlUUEFIMVRMVWpQQWE0YmtvZ21qWUR4MU15amVnMXVHM1JEZjJDdUVZd0t5R0dzbW0tMmtJUUVvMzFteHFWb0Y2UUIweTliZWR0S0JhalJ1dV9jTzk4aUhCSVRNUEtQaEp2b194cko3bVgxTWhuMFo0TmRIdmR3dw?oc=5
2026-02-25	Google	0.367	Atlas Renewable Energy closes Latin America's largest clean energy storage refinancing at $3 billion - alcircle		https://news.google.com/rss/articles/CBMi0gFBVV95cUxNa1FFemRVa2tBOTNxTlhyQU1YdU5FUHROSnBlY1NMQXlEaUd5b0VVbVEtck9jZERKS3RqNG9KX0dWRVRrLUtlb196Q1hZaXQ0VVd5WE1tVjlSTmc3cElEeVVMdTI0WFY4dGVOc2ZDM3l0Y0x0Y0ppaUl0RTNxNTk3N3R0MXk5T1gzeVpON3QtX3ktS1F4WHhUejF0VTQ0UW9OampTMkxTZW5DQlMwc19vVjJrMnFIbFYzaU95dGpMczZ6ZTZHNlk3eVh6OEgtb3R4RkE?oc=5
2026-02-25	Google	0.367	Labor Voices: The path to clean energy runs through Michigan’s unions - The Detroit News		https://news.google.com/rss/articles/CBMi7gFBVV95cUxNVllUSmZFaDkyMHNKcXpQNmM5QnZacnJVNDBBXzdmN0JPV3NhdHQzdWkzYmdmRnVBc25tSUlHZnhOUlk3cURTV2g4VU9TZFphVlVCUV90MGRlcHVZaWhXUzBxUFdnWllvQXBKbWUtY1dMWFRRdTVHeDF0UmFpSVJwWmktamdzWjVFZ0pWTU1VWjZjdTJFUHdYaFBqSVEteG5TV210YUJQWDgzYUlJdDBhY29tVDNKSGVQOU5mRE01cllsN3M3Q0MyNHBSM1VLZVhkWGFybzhoUkozUURDVjVhbUhSampXUzd2NGRqdVNn?oc=5
2026-02-25	Google	0.367	Q&A: Nix Spearheads Clean Energy Plan for County - Grady Newsource		https://news.google.com/rss/articles/CBMihAFBVV95cUxNTDFaVF8tejBHeTVzYnRHdk1oeXo3X2QwWnJOMDRkS0xERV9GODdEaV81d2tzSjVlVjBPUlE5b3lnOFlLWWxLSGZvZmM4cWZQQjhDUmgzZG1CZ1h4cWV1SjRNb1FXQk9UR284UlFnaVdBODg4OGIybnUwTjF3UnlzN2ctSlo?oc=5
2026-02-25	Google	0.367	Renewable Properties, Pathward, BridgePeak Close $280 Million for Clean Energy Projects - POWER Magazine		https://news.google.com/rss/articles/CBMirwFBVV95cUxOSXFkTTh3M2xERmtXR2pSYWNWVFRBSTY2b18wRzFicjE3R0EyOEVzczBLOXRSNWlpUDF5X2tpZnZwV0ZGazFMb1piaVdKbmdUN2xCeUg1alJXcG1YbnFLaFZPMkJvbjV4S3FuTEV5T3lnYUZxc2F6NW9TOGJIWERmbUI0ZkxhZ0JPTGxycUJlazE3YUgtWnlLZElJeU5rVHpPMkNuM1JScnZQS25iUUw4?oc=5
2026-02-25	Google	0.367	US clean energy finance matured in 2025 despite policy tightening, says Crux - PV Tech		https://news.google.com/rss/articles/CBMiogFBVV95cUxOdmk0UnltYXRDb3JNM2l2WE4tSTRIcWVBWkxjdXJJMENNczVrMFpCR2pBM3ZDSDl5SU1GRk9fOW9mQWl5em5Rb2lhbGM1WVdrTzhvbjZWQTRoeXM5bU5ZQ1d1Wm44VjEySjBmbTlsaDJXZkI2WVNyMGRRWGNnX05JWDd3a2V2dC1lY1V3NHJYaE12cWVUaWlJNUNBUnF6WnBBWFE?oc=5
2026-02-25	Google	0.356	Instead of repealing Lawrence’s clean energy ordinance, an adviser wants to give it more teeth - Lawrence Journal-World		https://news.google.com/rss/articles/CBMi5gFBVV95cUxNZ1VEWEdIdUZoa2VPd29BQklobUpheUMxWGtkMThwbTVtY1lsMmJUeExTM2dOU3Z0QUZSbGE2UFVDdG0zYzVMdms5S2F3eDVUYnZWUWNMSXVyeFNKQ1dtWGZMLWQ3ejNnNDRHMzIwWGpmS1ZYYzB6b2xMX2hTeGJyN3k3RGQ2SThrVTdXMXM0d29WMkxPY1VNVFpFT0VtTC1udGVOMGotSHo2YXVzYlp4OHZER20yVEFnTVItMmxZYjBIWXd1RWx3OWpZMVhfZVZvYS0xSUhWSEFXYld6YV9FSWdFVC0yZw?oc=5
2026-02-25	Google	0.263	This Clean Energy ETF Bundles 38 Stocks Into One High Growth Bet - 24/7 Wall St.		https://news.google.com/rss/articles/CBMirAFBVV95cUxOcnpac3M0U21iX1pCNmN6SEoyVU1HX29VYnBVNWdTN3pUMnBKbjNORS14b1c3Sk03d0hMQS1hOEJUenBSemk2YVBhX1dHUnpvWTJpTTRoX0cyc1hKbHFJVGowYUZwSzJsdkJJZEZoeUttY0NoR1pjUUhlNzAtdW9LaXp4UUx0UFJSSE5GcWZNWjhVc2lVU2licWRYakYxcUFNSjBoRmRvaEpLY1BX?oc=5
2026-02-25	Google	0.263	This Clean Energy ETF Bundles 38 Stocks Into One High Growth Bet - Yahoo Finance		https://news.google.com/rss/articles/CBMifkFVX3lxTE5TX2puOEFrcjRnMW9ERTdjck80MWhZYzhtRmJKZjFGMkphUGM0R3VfNGtLTVdxVUFvUkZSM1JGVzI0YlBWMGNaRlNva3VqQk10S2ZGX0ZVSkFJaE1sdmNPNHFFdlluTjRDdTdOdG53SnRtanNUTjVrNlBHOEtSUQ?oc=5
2026-02-25	Google	0.252	Opinion | The World Is Still Converting to Clean Energy - The New York Times		https://news.google.com/rss/articles/CBMidEFVX3lxTE5VX3VSUC1jckRwR0hVV2p6NmJXSnJQLWVTcG5jT3hyaE9HTVNKcWdEVnVKaGVwVUZZbmNIVHhoUm10S2dQbW5zODNvZWVkRDA4UHZFUWU4Vjk0RlUwNnM3UlBxZmhvU01EY1hDbUNJaGJkbTQz?oc=5
2026-02-25	Google	0.25	State support could energize movement to equip more homes with plug-in solar - Hawaii Public Radio		https://news.google.com/rss/articles/CBMizAFBVV95cUxObWwzN2NaeUVPaEpEZTZlbmdxcFNLeHRoTk42Nkg0S2hDc2xuVS1yaGVnZUk5TjRrODJDbjV4Q010b3R4c2VlMC1ZWjV5d05jUzk1MXljZldtUGxYbVZzZkdORXJkNHFWRDIwWVpQWXdfUEc4OVFZX21kMnpMR1Y2bmM3T2tzRTl1NU5tWF9tVzZEOEFzT01IeC0wM2ItX3BXWFl0SUtrdk1mTXpXTUN0dFdJTEZxMnJ4Q015a3g3VTVOU2NSVDItX0I5QW0?oc=5
2026-02-25	Google	0.2	Free Union Seeks to Diversify Renewable Energy and Food Supply Chains - The Daily Yonder		https://news.google.com/rss/articles/CBMiqAFBVV95cUxNcTRRWHRPaVMxZlAzV0FBUHp3eXhnd0Q2SXJoRWZDQ2JoaEpiNTFibzVNWVVOQWdZXzM2M01HMmpIcUxhVS00YU9BQWV0TFkwRHVZbnVYWDlUR2ZqSk1TdWd6S0FYLU5UeUpCVmY4VFJzTHFSOXA2SlZMaVlVQnNrWm5tNkpvckxRd3VLNUY5ZXhzdWItSkJFOTd6UDZuVDBhR0pCY0c5dHc?oc=5
2026-02-25	Google	0.183	AI-fuelled optimism meets policy risks for European clean energy stocks - Reuters		https://news.google.com/rss/articles/CBMiuwFBVV95cUxQT1Q2Tk9VZHBEZUtRN3E0eDhpb2xWbEZGbEZyOGU5aGFGNFJ4U25heGk4dlJJLWdKamtFMkpub2dRTlZKVkRwTTVQUDF0XzBfcXIxdlFlYjgzYWtHUDQ0Sk1HaC1aTFRDT1ptYjVfZndTTlBycGFaNmdMRXZBcVQzOWVka2UycXlSUF9JQlFnTW5HV3J3SGdTakRwZE90ZFZTWEhRMmtSNDl2ZmgyUmp1ZDdfcndmNk9Ia18w?oc=5
2026-02-25	Google	0.183	Clean Energy markets face a volatile year despite record global investment - Oil & Gas 360		https://news.google.com/rss/articles/CBMipwFBVV95cUxPMExKTDQ4ZndOY0RYLXNIRG5fSThRVW5vMUUyMkFDYW1wNDQzYWpkS19mWXBwSjlLQ3hDR0ZjNHlzcXIzaVNKTVNhVFlLTlBBSWc4R2ZrNjJTZjkxU1ZQYW4zaEdVTUVFMGlWbWt6UjkzVzJZUmVvZlRHLWR1TVM0ajhaNDdCVFRzWnpUTFJZZlozaV9YSkpmcEprVDlVbmZKRkMweDVqbw?oc=5
2026-02-25	Google	0.183	German government drops mandatory renewable energy share for heating - Clean Energy Wire		https://news.google.com/rss/articles/CBMimgFBVV95cUxNZGdOUHVsMUEyTnJKWTh4NU81ZWZ6Q2F5ckl6UEhVa0JtVklyVGpFODJCR2diU0M5d0hfdGE1V0F1dC1oMFhOX2xXQUV5SkZURnBsZ1BtbnRRc3lYcVdOczVaNFpaUDhvWVhNYmI2cnVMWU4wdTY4TDZQT0FBdG5MTGVKM2JsSHJoVDJRV3RfRzNaNjZXUXY5c3ZB?oc=5
2026-02-25	Google	0.167	All energy is equal but some sources are more equal than others - ember-energy.org		https://news.google.com/rss/articles/CBMiqAFBVV95cUxQRUZzZ0pCMEFpWHJvLW1Nc1p0XzV1aGxVX3YwSFFjcHBPLU9OclB1ZGNPWHRKY1p5WWRzVV95VG9fWER3azBWUXJmRC1rS2xHNVp0Zmt4TXU2RTIyX20zeDFVamVmZnlLdHVVcmF4UmxlaElybGZfSUhzQ2FWeWEwWWtjOFEya2pSSktZVXZQaEp2Q0JuXzVpRGZIdjZVNWdoME5MR2hyMm0?oc=5
2026-02-25	Google	0.16	Solar Company to Install Microgrid at Roanoke High Schools - GovTech		https://news.google.com/rss/articles/CBMingFBVV95cUxPcG11NHZMdDlTNUg3UUdEWmx1RUZmNmhvQlpSdVRFVjVWOHdZWDd1YUtIWXRYVHVxWGpzazlxRjY2MlJGUTRNVFFkRlpianhrLXo4aEpmT1VxZm56Ym05ZWxXQ3ZDdWg5N0hLc0ZJNWFlTVhRRzBXSWsweGIydjlBSnYxeDhaY1RKTFpJalhYTTNxd0VQZ0Zxb3hPcllVZw?oc=5
2026-02-25	Google	0.148	Bibb County School District moves ahead with solar project at new high school campus - Macon Telegraph		https://news.google.com/rss/articles/CBMiZEFVX3lxTE1nMkx0QU5hdmp2SURsX2E2S09LRnFPYzA0cnAzYk9NYVdoMjdJY2tab3Njcl8yajk0enlUSmlSSFladzNyZGx4MWNqbjlzVy1UeEdNUW5MNF9OVVdNcGxYZFUxLXnSAWRBVV95cUxQRjlnMFVHVUhsM1RoV3JPbnhpRjNvLS1BVlV0TEt0Qnpzd2hRMlJNZklKUFlJcHlDSGlFalRia3VjQTZjN09oUXBHRXFadDNxMmE3dVRBN3JMM19uNDUwRlpXenhY?oc=5
2026-02-25	Google	0.136	Bolivia's New Renewable Energy Framework for 1-6 MW Projects - News and Statistics - IndexBox		https://news.google.com/rss/articles/CBMinwFBVV95cUxNVjlWRTJmMzBOZl9aSVc1TC1MSlVnbF84QW12UnJzOUIycmlzYmJqZWZPVnlpYl9rTWh6TDdFTE05N3ZKOUVHREFKNEdsVVowT3pxaDFZNklqcERubnRBZHhiZFFjUE5DNnczd2ZzZ3VRXzNaS0RCY0hDVnE4RG5ZcGFOS0JySm1oaDZmWmlkeWs0S1FzQnlyMFB2aUFMSEE?oc=5
2026-02-25	Google	0.136	New York’s Renewable Energy Share Rises to 30% - 101.5 WPDH		https://news.google.com/rss/articles/CBMiX0FVX3lxTE9MMkhvLUxSTjg2MGtJMktEbXlfUDdMRjZIYnU1TTBxN3NLNk9aMElBVlB1M3UtNEFUOHRONjNYMEV2blA4cFA0ekZ4MTJHSHNfOXZyeUZtX0VoMm9nZnFv?oc=5
2026-02-25	Google	0.136	Switzerland Breaks Climate Agreement by Financing New Gas-Fired Power Plants - foe.org		https://news.google.com/rss/articles/CBMiakFVX3lxTE90eHdMUzV3WTA3WE1Oel8xUjVnUXVSWThkSnlyaEhEZFNKek54SlZENGJVZWRMRUIyU1lCYUt6TjVOM3ByMkJacnlrcjV3UlhaQi1Od0M0dUJzb25pNDRoQ2hiZDFIN2ZZN1E?oc=5
2026-02-25	Google	0.125	Calgren completes first public R-CNG fueling station in Pixley - Biomass Magazine		https://news.google.com/rss/articles/CBMioAFBVV95cUxPNERzalVjWHF3XzV2SHN3YTBVVlNPZlVsZzl2NWV1TkdWZ1NvWFAzM09zcVhHdC1IMmVhRzIzTmJvNzczZmZoWHplUXFxXzBsQjdpQTg0YWhWM2Y0cHZiWDhKZ0pPSkExYXFwcHMwWTJxZ2VpbGNHTG04S1hGdmp6bUtKMGhhYTNrdjZYVU9YNWZDQV9RVS1EWDJEQmhuWll4?oc=5
2026-02-25	Google	0.125	First Solar shares slide as tariff and demand woes bite - Financial Times		https://news.google.com/rss/articles/CBMicEFVX3lxTE42bEFUSlU3XzhxRVBrYjQwYmJfdEVWckUwOVN6X2tlbmZPdDZWNUNVOWdNZmtHdUJHRVlxNnhOSjByNDlZRHNhQUNZLVd0MkppaFdMR0lZTjdxTkRpVGd1T3Y4WmhXcVNER3paZ0ctMHQ?oc=5
2026-02-25	Google	0.125	Solar Giant First Solar Plummets 18% as 'Conservative' 2026 Outlook Shakes Renewable Energy Sector - FinancialContent		https://news.google.com/rss/articles/CBMi_wFBVV95cUxNLUYtYWVMR3lXdFYyMnBvUnQ1bXd1aEhUN0J1VThYaDl6dkp0RTN0VGpKbm0ydFdzZjJVVWFKeDU1ay1XQXUwdmhnR0dDelpGNHlNTENCaExXQS1pNF9WNzNNMjNzNC1KS01PdHdvZFVRMTJ5SlFvZjhjcEhNVVprM2s5c0g4dFZHVHRJWFZ0N0hIaUR3SzNOQkxTQ2g5VnR6LUFudndYZFEwdWxqNHpySmhqRzhxWU1jWlVrVUQ3eUp4eWg2TXNoTzJ4R3VXZTNjRW9jc25ocWFuaDJ4Q2J4SGU0OTJpbEVncm5pM3VRSUZqU0VwUXpXRlc0QXBCZUk?oc=5
2026-02-25	Google	0.122	Türkiye after closer South Korea co-op in nuclear, clean energy | Daily Sabah - Daily Sabah		https://news.google.com/rss/articles/CBMiqgFBVV95cUxOZVhnVmVVVjNwX3VwZ3dPNUFfalBNRGlJaTlkZHRnZmtNNFNkclVhQzZoMWx1aWh2NXNzLUdWdF9QeGlWeF95TTU2OVpFaVV2dmozZGRBQ191RngzR2NHM21KcHZKcC1PRTg0WW91dVVic3Bsa2wtcmRBN0FZTjlMR0xkVS1admdRdjBhelRGdUtFOHd3WU14cFJXM0ZzZlh2MXpOZ293TkFMd9IBrwFBVV95cUxPMFJnWVV6ZG9EQkQ1bTVia1B0Tm1oeTRmcVJObFdlaXJHVGRMZDA2REhBTUsyZzYySU8tcUJiTFEtSzFvX3ZsT3V0NkhibVdaOUNiVXhOQ21maWpPa2d3U0hWUEp1YjNEVkk5OExaX1V6ek1IOHJDNmVXWkhHbUppZWNLTGhMYmY2NUhqTGx3bmJNYXlfWGVHRjBoMWJVb0M0aDBCNmZmbV95R1BtOThr?oc=5
2026-02-25	Google	0.1	China’s Emissions Plateau as Renewables Rewrite the Energy Landscape - Climate Action		https://news.google.com/rss/articles/CBMipAFBVV95cUxNYnNoS3RaZ3RNcEFYVURkNjEteExOX1hWOGhSVV9aaTRlTTJfMy1JeFpma1hUQjFYbml3dkNkVURaUTdRQlBrVzZoZDZoOVFSMzNNeTVXdTBDcHV2NndIbmtTRnc0d0ZDUkRDdUlvZGQ2V1pPN19veG92M1d5b2N1dld5dUdxUlVzRUw2OE45U3JHUUZhcDJvSG9LQkhKbFFxaVg5WQ?oc=5
2026-02-25	Google	0.1	Natural Power supports OX2 in securing financing for landmark BESS projects in Finland - AltEnergyMag		https://news.google.com/rss/articles/CBMi1AFBVV95cUxPN25uYWF1QnNOanozTTdiSkVOME13eXdFNWg2aGFvazRDMU11alZiS0hUMm5KSjdlWWZDZnNkTjFabUQxbkQ4VkZTMS1CWVV3bmZXLUJUNlpCa2hubFEweXdHR2lnc2MwSHdoc2NzOUFhblllai1FOG80a0xXbnB6dHdha1p6TWRPc25OSHhVcTN2WnlUYktnTVMxSDg2QzJUM1A5U1dNX2ViYnBfeUF0QnpiWTk5cURqdloycGtWVVVkSEFPOTFFbTBQSklGcEhCeE1FdQ?oc=5
2026-02-25	Google	0.1	The economic impact of renewable energy in Iowa - Iowa Public Radio		https://news.google.com/rss/articles/CBMiswFBVV95cUxQLUs2dDdieGlTNld5OWIxMXYzZWt0ZE5vQmJqOGFnU0FyWmdCOGpUeWpMdXZUVG45bnJoOUliLUpQS1hzNDdLZ1I2ODNheDh3YVJRYXdSNWxTRklKekRrRml4MHQzOXg1ZW9zbTltMWdUNkdRMWVuM3NZcHZFdE1sVVlQaTA5WmJIdUM5VFV5UFRFVzBjMl9STGFzZGVHMHJhbVRUaWI3WW9IXzYxX1JraUhUUQ?oc=5
2026-02-25	Google	0.062	Siemens delivers major cloud-based SCADA for renewables - Siemens		https://news.google.com/rss/articles/CBMic0FVX3lxTFBzdVZFdFdMNWlwdU10NGZPcUhLcVJZVDJ3dkFCdzJRbXNRWjFkWUJRUWQxRVV5Ym9kY0MyMzdmSFFhc3Q4LXhMN1JvaHlIMUwtRVZIb19rTTVqeHRIXzVQZ1pWNzVsaEdwRmp1d0V5NWFXZmM?oc=5
2026-02-25	Google	0.045	NY GOP wants to tap into stalled green energy fund to give credits for soaring utility bills - New York Post		https://news.google.com/rss/articles/CBMiywFBVV95cUxPS3E3OE9xUlJLNDZXb2RuOU80ZzlON0l5OGhLRmRiOVh1clYyUkpaUVBqVDRxUzQ0ajRRbVhhTm1FTFRPWFdaaEFlVi1ha1MxbUdyaXZ2WGpUMXpjRWRHSzRXWnlWOWRDeXJtaUt5YkdwY3pSTGpZZEVRN1VXREdPZzN4VTNKREVPNzlfRW9KeFhocHkxUlhUbTBXZGFyb1VaYXZsTTVzWXN2ampybnRMOTNYaXlJVVh4c0xyNGZMV2xrdFV1aG10SXdWYw?oc=5
2026-02-25	Google	0.0	908-Acre Solar Project Planned in Northern Centre County - StateCollege.com		https://news.google.com/rss/articles/CBMiqgFBVV95cUxPRkN0R3Rhd2ttWk1IcDJfTFo4c1BhNHY0ZlYxY1hhU2lZX2o1anY3OC1pQWtLc2NuTi1mWk9OWmEzU0VmdlZobzVCNkhWVFlzT1JROWgtNS1CdnZyRzlMRnBnbjZpN1VmZU1abU9sOFBJRGxMMEpKYV9FazNUTGJsei1IVXl2Z2tIYW9RbEdrQmpaRzBqeEQ0UmVrM1UtOU1wQy1mdjYzWk1Zdw?oc=5
2026-02-25	Google	0.0	AI analysis finds sunnier sites and compact layouts cut solar's land footprint - Tech Xplore		https://news.google.com/rss/articles/CBMif0FVX3lxTE9HYk5zbGg4ZEE1TGNXeDhJOGRYNnkyRmdXcEhRa1NDQl9fV2pDdnBucFNFRVpILU02dU4zRG1BOUpfa0lMT0wyc25kVi1BanEzMUtVUnFIazFsU2doeXFVa1k2WXlRMlcyQlUwZHA5SmlUdlR4NzdWZWNHUVRWVzQ?oc=5
2026-02-25	Google	0.0	Arevon Secures $183 Million Debt Package for its Big Muddy Solar Project in Illinois - PR Newswire		https://news.google.com/rss/articles/CBMi1gFBVV95cUxNZlRCcy1yZzZtNWoxaWpISHpHOEZPcGVKWFZ3Tm56SWg1U0RDNlBkUmhHb1doWktBRW40STUtOHNyRmZ3VWt4M0FKUGp5Slh2ZXB2MXpJY055eGdHTmFRMVVmUWI0a3lRRVN6dEcwckNaNm9tZ29GZEUyY0RIeXlEUnYyUTd2N2QyNThMZ1ZzRllzMVBhTjMwd1BCdExoRGRNQ2NxNnEtNzQxN05LTk5ZcFdtc3BjTXFGSy1iUFZEYjJBajQyaFkzOHl3MF9GaHNoRXpWaVBn?oc=5
2026-02-25	Google	0.0	Batteries provide ‘flexibility’ in the European renewable revenue stack - Energy-Storage.News		https://news.google.com/rss/articles/CBMimwFBVV95cUxPbkFncGJLN29VYktqeWR0WTcyOWNhYnFjWmpxMDR2aWIwNVJPSXFyOGktUEJSTExTTjR5Mm5BSUxJSnkzZ0hGYk5QampjX1IzeFN4aDU5Q0RNSzJxTGhQOFRySEphR1p0S3VqNUlBVXN4N00wOGdkblA2R3JjZHg2Tnp4dnFSZkEwNW5pRlpncjZiNXl6ZFo2bHFTUQ?oc=5
2026-02-25	Google	0.0	Comment on ONS low carbon and renewable energy economy statistics - Energy & Climate Intelligence Unit | ECIU		https://news.google.com/rss/articles/CBMipgFBVV95cUxPWWFsMXh0NjdnUFF2SngzUERuZHlWbXdrRWdWOUxWOUZwRDdUMWNjbnJMMmdJQVR2NmQ2S193U2hHazJvN3dLVkQwY28tSzlPeW9FN1NLdlNGVUJDaUxxTHRHdmFiN05rVHY0a1BnbHQ3ZmVEQ2dQVV9JdmVROVZhRU9sWFBwTEhzVURDZXVIR0dEN1NRRlJuU0tWdlc3bEpkTG1MclNR?oc=5
2026-02-25	Google	0.0	DWS Commits $162M to Cleanwatts Acquisition, Scaling Portugal’s Renewable Energy Communities - ESG News		https://news.google.com/rss/articles/CBMirwFBVV95cUxPV1NyT0hpb0Q4YkRNZXF1TmwyMVhUUWptNW5INjFpX2tocm9XdWRjWTQzSnp2Q19qbHBqQ1dLZG4tU0t0bEZPUzVTVnY5dG5ENWRoMWFQQmk3UUdkTDFSQXF1dHZDLTdNT1M4cjhJclptMmNlTzA3a2pKMElqRHlQZDc1Qm1CUjFleTNUekEzWkdRanNPc1hOQ3V0bmZBci1pb3RfeHdiRG9ybWVuT29N?oc=5
2026-02-25	Google	0.0	EDF power solutions commissions the 420 MW Koruson 1 wind power cluster in South Africa - Energías Renovables, el periodismo de las energías limpias.		https://news.google.com/rss/articles/CBMinAFBVV95cUxNZFBOUjV2ZHpVenBmUXgyNjFqSWpKbmIzcEVJSEw1VnoyeDc3ZHc5eFp0N2tUYzMwMWtkalFOX1BldWxVc1dQMnozRVo3TG9ONWhfSmo1N1ZlN0duWGZvOVJlc0RQR2NXTzlQUUVBeXhXVEo0bXhpcjNTSUtUQUgwNlczYmFuMFFTOHNENVlXM1hoVWdjUWVNQm5tN0g?oc=5
2026-02-25	Google	0.0	ENGIE’s Brazil Solar Plant Explores Energy Storage and Bitcoin to Solve Grid Curtailment - CarbonCredits.com		https://news.google.com/rss/articles/CBMitAFBVV95cUxPdHkwYm9hQ2REUENFMDRRRERUbWV0Z0hfX2IwMHZyemxXemJaalVnUEN5YXdPeXE4NWx5ZHQxZWx1RlRqNGJ1X1k3RFhRY3UtOC0zS3pmeWxXNWduallNeURvWnUySEVGLTFtV3BJaDJ6UFhSUFdPa3ZGc19EMkNxdmdNWGhWdml1cmpLTzBlRVVoRENYbVRtVU1mc3pkblVfLS1oaURCMFpRejZrR29nb0FYakQ?oc=5
2026-02-25	Google	0.0	Egypt praises Norway’s Scatec expansion, urges deeper renewable energy cooperation - Egypt Today		https://news.google.com/rss/articles/CBMizgFBVV95cUxPX2dON1Y1VzBCWW5nR29mZUtuWlhnanhHRmFCSS1fak1jSDNVNTJwX0E2YVVsSTlYQzNvOW40M1VCMWJVdVVJVEl0SWdCaUJESy1ZNDNMWEU2Ynllc2Q1LXI2Tno5Y2N3a1k0OUtqWjhEYl9QWHNfMS1aVXVUa2hJMDNQWmt2WS1JY2dNSzdBWkVGNjZRZWhVV0MyVVVkbWZKRnN2SjhZaTZidEtCc09LQ1FoMWlnWmhTZS03UEhGTVpTTFRfRzBfcTJucVEtZw?oc=5
2026-02-25	Google	0.0	Envision Group Highlights Renewable-Energy-Led Revitalization Strategy - TipRanks		https://news.google.com/rss/articles/CBMivAFBVV95cUxNWmVGS1BPcF9rdWtoRkRRQ29NUndhRmpUQnhwU3FnTlAxWXllRTJ2TjNuV0k1N2dCRkNrRHNrMnJ0eTFQUXN3WmdQRHZoRXJCLWl2TWh1VDFKbHE5S2NjMjFjY0NUSWtKeFN5eWNhT1RLQklpZFJWODZIOU1XTFZSMWxSN0VUZUhNQUIycGRrSlRrQ0dxdTQ4c2xFb1l0Y1k0a1NrcFFpcVlfemZnTUJ6aWJ4R1hnVzZqT2RJUg?oc=5
2026-02-25	Google	0.0	Flexibility, Not Capacity, Will Decide Renewable Energy’s Future - Boston Consulting Group		https://news.google.com/rss/articles/CBMijwFBVV95cUxPSHZjTHo4YzA0T1doY0E0LXlWdl9jdExlYmFiSnlPRG1oUU9WdkFNVDBGODNVRWNhN1hLMl8zbDhRcUw3Z2theUhnd25ST2pzS0lSNGhZcGVObUY3dDM4S0c3cW9KblRnU0JKYm5wS0E0TFpNemJadVlqVHZhRHJvM2lOQ0hOVldsMEl4VXFWRQ?oc=5
2026-02-25	Google	0.0	Germany accused of ditching climate targets as it scraps renewables mandate - The Guardian		https://news.google.com/rss/articles/CBMiugFBVV95cUxOSG1ESWFieC1XQ0hrcUFicTZHdWVYOXpPTHhtd0tvMVpmOFlQbU8zM3pTN0VWUEp4YkxnUEw1c2loREh6QzlXemdrRjhzR0F6aXBleVRTOFBSaFpZQzcwNkJCT0VxbFg0Q1pkYnZXaEVJRDBNd3BEeE5VaTlZYVVOY1ZNZ0x5ZmlnRlVLV25lTFBxUFAyekFnQUJ0NVhIMGhzTFVFQjYzOVhjc0lORHU3VGFrRTZyRFdNaGc?oc=5
2026-02-25	Google	0.0	How Microsoft’s Sourcing Strategy Hit 100% Renewable Energy - Procurement Magazine		https://news.google.com/rss/articles/CBMigwFBVV95cUxOaDU2UmhSdmNRTFY4eV95eVdhdG95VkEtcEdyYjBwX1ZWRi1yWE5mdVBfZF9CbHFQRUVrTGlpNFdMTXFWV0wtOUtScjNZQW1pbzk3ZnR4cVRfVFEzN2VHcWgyMVJLcm1ic3pGSlgwdE9pcjNjanhUQjM4WW0zd3RnTG9ybw?oc=5
2026-02-25	Google	0.0	Lightsource bp Sells Selected Solar Portfolio to Aula Energy - Energías Renovables, el periodismo de las energías limpias.		https://news.google.com/rss/articles/CBMiqgFBVV95cUxOSGJGUnQwZDFuUVl5RXZwQ3NVc3VKc092eU52eUh1S29Kd1I4dlRDUmVMMk5NWV9qUXFPeGRaNzBlTEdQY3lsQVMtN1JmbnN0dWh3c184bjJOcG03MVpiOWp0TnRHMWJEQzN3YWtlR0hkcW5zY1htNEtDZ0hac1A2RmpZb1NkbEt3MXJnRjhkUTZhVXNiSjU5NlhmV2NLVUZUWklFNWFNS2REZw?oc=5
2026-02-25	Google	0.0	Mapped: countries with lowest renewable energy FDI - fDi Intelligence		https://news.google.com/rss/articles/CBMiggFBVV95cUxNNXh6Nm1yRXlzSkxEbzFJZ1doRTdmQ1NTMldlSGJRZE1IdUF6MmtIYkk3TTFXQjhTTzZoZHRuZWdRX3c0MDktblYtancxRU9ualFSWjRHUk1Fc0pWbDRqNVdfUGZOU2k1bGY0eTlqeUIzWW5rMFhObzZ2RjZHTE5GdE1R?oc=5
2026-02-25	Google	0.0	Mars to Purchase Renewable Energy from Swedish Wind Farm - Food Engineering Mag		https://news.google.com/rss/articles/CBMiqwFBVV95cUxOZng3ZlJ1eURVUC1CM0w0THcwNkVsNmZPOENSM1V1OW4yMkhsY2hUeTB3dFp1UnBqLXltTmFWZzRaTUJjMlMxS1dRS3ZHcVZLNFN2cW5PZWRNSVRNSkJFWWxST0Z1R1NmYV9kQ3hOLTNYUmtRTUthQXhYVU8tbHdLVWJpNm1DbUZ0Sl96YUE3WkNRQkdvRUNwcXdCOFZhdXlib2pYZlB0NE1saE0?oc=5
2026-02-25	Google	0.0	Massachusetts’ least-cost 2050 peak power mix is combustion-free: report - Utility Dive		https://news.google.com/rss/articles/CBMisAFBVV95cUxOTlJnSUctWUE2UG5RRmdYTTY3bXVvNU5XQ0d1VEVka2xMa1kzUkg4cmc4T2NNQUp5cTZLNTdtV1ljcWZXc293bVF1N09kLXN6cWNFTlB5Y24ydVJmUVJWZ29QZExJbWY2ekgybTIxRjI2Vzk5ZkduX3NpcjY5QzZTUlBaR2lyRzdndFpvNFlhQXRPNEUxU2Jfdm02N0s2SUtoX1REZkNNQ200UkFIdnlBcQ?oc=5
2026-02-25	Google	0.0	Nike signs agreement to power Japan operations with solar energy - ESG Dive		https://news.google.com/rss/articles/CBMiowFBVV95cUxPZWZJdmNSSHpqV1BGajZ1VldkaTBCa0VyWV9kV25oWkdOWW9HU1YwTkhhUnNKRkU0TmQ2SUVhQ2FsbG9rck5CUWViYl9lU3l2a1VnZ1RKYVNGU3E4bl8tWkxhVVU0VlJEMW1tSHItS0w4OGxscVFiYU1QVm1OQlhxczQ0VUJmaU9TdlFXaEV3cFdRd1VZWGZ2MEZKUlNJRkJXWlFJ?oc=5
2026-02-25	Google	0.0	North Dakota’s renewable energy share soars: report - KX News		https://news.google.com/rss/articles/CBMilAFBVV95cUxOQUJBQjJxVEJVeVZhVHJUN29PbGFOaTlCV3hrcEU2aWFUSkFEWXIzQnVlNGQxRDhSLXhWTVdzNVVfR3ZaUlBmU1lDNXEzcnRrYUI2YzJnVzVUVlpCVXNzU0JTWUZQYXh1cTFSc292TUNBVEEya3hzWExZR00tNEI0MHdqMWZDS0pRVjFzUmZ4eWUzdENa0gGaAUFVX3lxTE1scGxIN3Q4QzAwbGV3ZzU4Vm9KbndFdFcyOC1HWnAwNlFraUU1d05FdENINUZPcjhqSEIzTzZobXhHR3AtNkV4N2F0WVdGcEx2MXpQbTdSTXdoMEV3ZzVBZWtpcUtoVXI5VUN1TFY2WGV0OWJtd1ZRY25DaHFuM0VWSDRBTGlUWGRjUk9XVFV1S1VBSExicWZRbVE?oc=5
2026-02-25	Google	0.0	OCI Energy and Arava Power have closed construction financing with ING Capital to support a 347 MWdc solar energy project near Houston - PR Newswire		https://news.google.com/rss/articles/CBMimgJBVV95cUxObFJZMWY2WGxReU4yQWFSTTNkZ3VrWTFhMXlqV09UQU9XSWM2MEh6ajdfVTBhNU5jX281eGxmM01SYm9weFJxOE5uZ1N1aVRMMkVuYnZtc0lCYndXRGlMOWFuSGRySmkxMjFJTUQ4Q0FnZk1QaGxjM18wejFoOWk4Ty1LN25FMzI2Tm1ZS2JJYXdHbUNkaG5VYmc1YWlKenNmTXdRQ1pOY3B4UzY2bTRvMFRqZDVEek50UXBHYnp2ZHBVZXhxVlZBc2h6VlQzSUM3TktYN0k0TzJiQm5kdUZoYXNxb2RQaGdSVUN4eGJtOURXYVBEZ1l2LVJOd3o0QWZ3Rlp0TmVxUktJaFU3Q2FrckJhYkN4R3FFeWc?oc=5
2026-02-25	Google	0.0	OPINION: Sloopy Solar Makes Sense for Clark County - Dayton Daily News		https://news.google.com/rss/articles/CBMitgFBVV95cUxOLV9KOXl4Z2hVckQ0YlluRk5qYk9idk56T2tlSVdhS0t2Y2Z2UGt5YzJtTVFWU2V5VUxZQzNXdWxoRVdEVnVUY3ZXUXdjVHZBNU1ULXl6TGJJOUJReC02VC03NTFRZi1uMDFyb2JVNmtTMVBnMVlGd1RUbklHT3QzTGRQdWJDLWI5MTlud2Z4bTEyREhsVy15MXYxQUdiXzNUU2ZtUV90eGs4OWdra2ZBNjZkNW1NZw?oc=5
2026-02-25	Google	0.0	Opinion: Alberta's cratering clean-energy investment a self-inflicted wound - Edmonton Journal		https://news.google.com/rss/articles/CBMivAFBVV95cUxOMW4tVjZwelgyRlc0NGtnMGJtclgxRUgtZWdqTXRWUHpHOVZCQWR2dUFCU3pZZmZ2UGR1TWNYaF83d3NCYmJUeTU2RV9oTVdVbUltV3J0OWtpTC14LVZHVngtQ19PRXdta0ZwSmxsUUxoRGlLcXFnUTlSS2JXNHJPMVJyaXpZM01JaXNMMFpLcm1qaXN1R2hOcG9KNHhZTmJPZkp6TlNrWnVqV2RPZE1mZHJ2QVU2azAtRkNfbQ?oc=5
2026-02-25	Google	0.0	PCR signs renewable energy supply agreement with Piedra Grande - Strategic Energy Europe		https://news.google.com/rss/articles/CBMilAFBVV95cUxQaGliYlBjRFh6V0RHS1YteVNtaWw2ZnBGa1o2N21FcnNjVk1icGFhODJzME1CSGx4RWlhLV94UDlxT3c3OFpiLTM3dEZscTE4SS1GR1M2VHY1S3lDVDYyblhjWWRvVTlCV0F0ZE9CZEo3ekZYaUprUWRpODA0eEczV2xtaWt4WEJKVVN1WGs4WFZmME5F?oc=5
2026-02-25	Google	0.0	Portugal's EDP 2025 profit rises 44% on renewables gains - Reuters		https://news.google.com/rss/articles/CBMingFBVV95cUxPeG5NSjhWNXliOXhDY3phUlpGNnJkQ2pRaEQ4WmlaY2RfNjFRQzZGR0tYQWxBNm45VU9lOVRaWFZZM2phODVQSV9oaUZLampQdW5rU2lXVnFmcDJkWTRrUDVqbWtMX2czRkp0aHR4ck4yMmNHWWxhQTd3cHVZWkU5NHhaeEdwTGJwZGRyRjVEMFBTcXNfQWl6dGNGNnVyQQ?oc=5
2026-02-25	Google	0.0	Power Generation Increased by Up to 70 Percent When Wind Turbines Were Combined with Tidal/Wave Installations - Ocean News & Technology		https://news.google.com/rss/articles/CBMi3AFBVV95cUxNTWlaYTktRU5UY3NYNTVjUTVxdXNGMXdGcFd0Mm9CN3pPYmVMd3Q3Ty1UbHpJX0pjRHFaOFlNcXhLV0toNEUyNTVkbU02STRnQlY0UGNjRnlkLWM0OUE3N1loTkVrdG5mWDZVLVdMbDhnOTN1OV81b2FEd1NlNnRVTDhRd3NIbHl4NGJzdzNRbzJsR2JoeTl0YVlTelNkWk5zSFM2LVMwVW9DazBHaDdvQUY4Q2JLd3JTS0NrdG1La2tCM3J4SEk2VjFubkxPM0diNnNLa3R2ZFZscUlM?oc=5
2026-02-25	Google	0.0	Project Finance Brief: Atlas Renewable Secures $3 Billion Refinancing - Mercom Capital Group		https://news.google.com/rss/articles/CBMimgFBVV95cUxQZDB0SDJocjZaVE9vZ043azhwdjhtTnBwbnk0SlpmeE5aUVhwaGJBTVVheVZTX2hZSlVvODVuYzNzdk82N0M2YnNIRTE1UWNDNi0zMThiTmNhYVlGaFZGUUdEel9sWmttcTQxNDJCRGtqdW9Rb3d4RkN1QklHQnZlVHg3QlBZRTcxOG41bEZ3cG5aNWVVcUtVTWt3?oc=5
2026-02-25	Google	0.0	Renewable energy company EDPR's 2025 recurring profit jumps 50% on US growth - Reuters		https://news.google.com/rss/articles/CBMixwFBVV95cUxOYUlSd05YeUtWUEJ2QWlKaW16aFg0THg5NU9pc2dBZXhjYkVrVjBrUkdSbnFGTkJmYTB2b1pfOGg5aXRRbGRsM0ZhM2F3b21OaHhob3hXOFE2eFhFSzJyV21qTmE5dzV4RW9XUmdNUHIzUE81MEoyM0pPbzFWbTJSNG1YTS04VHVoWnJ3RFMzaEh1YWZPdUpSUFNBcUNaS293TTYxT0szXzNQNGFaa1EyeC04TGMzUlljZmFlT1lKMklzTmJjbk9N?oc=5
2026-02-25	Google	0.0	Renewable energy tax bill passes in Olympia, heads to Senate - Nonstop Local News		https://news.google.com/rss/articles/CBMi2gFBVV95cUxQUTJ6UHRFM2ZvQWJXdkQ3Vk9Nc1B2dG13UjFKeGxyLUJlaTJLT09oWVMwS0s2OGtvbDdZSG5XQ2EtemxQaEx5OFJ1N09kUXVQNnFUaENOaDFUWlE0X3oyUUh0WmY1cmZHZnZpdzg5bktjM0dmQjFhMEdTUlI5cEFkbk85LUpJVkc0WTJzU2M4UHFENG03TkN1LTBDNk5qMFlPRGxrbnBheHpYSHUwUFh2dmJueXZKejVJTGQyU3RLQUpxLXY0TjVZc2JGWi1vUnk2Yjg2TlRvakdWZw?oc=5
2026-02-25	Google	0.0	Roanoke City Public Schools receives $450,000 state grant to build solar-powered microgrid - WSLS		https://news.google.com/rss/articles/CBMizAFBVV95cUxNWWV1NzN0dzNXLWdUbEZhNEFfNGR0RUh3YWpvNWhVVFRXaFdDTnZJVFBZXzgyRElyV24ydEdXNGl3cTdENXNJaTJPT24wTUhVS3RNcU9tUm51cndoY3BqZzI5ZjlTZUljaHA5MXNsTjdCenNlS3MwR193OUhPNC1TTWNOMDkxaG9XUjJmM1V4c2wwNnBqYm01Nkc4eWlFOHBGN3NhNGd6Zi1HVFdRRUxqWmdFa1NHWU9QOF83bTBQcUsyTVhvOHVxRklYQnE?oc=5
2026-02-25	Google	0.0	Solar and wind PPA prices up 9% in 2025, set to continue rising with energy demand - Utility Dive		https://news.google.com/rss/articles/CBMitAFBVV95cUxQOUhUSHVtZ0didU00cGVLRDRLQjZZTkdLOGZ5VXdKWWJtcmVYVjlZTlowVWExa291NEJuUzNkanZoUUhHMkhIU1RQNUN0bTEzQ3RnTHZWcTFqNlVzcGthUG9Mbl93dl96cG1oemU0bHhyWTJMVENBYXM3ZDNJaE9Ha1U5UmZ4RzJpLVRWZjJHNG5fTmVKTlY1RjR2dHBqMGE3ZlRIR0FhMWxRNjczMm8wZTBKY24?oc=5
2026-02-25	Google	0.0	Soleil Renewable Energy Advances to Execution Phase for 880 - GlobeNewswire		https://news.google.com/rss/articles/CBMipgJBVV95cUxNcEl3Q3JGNmU2dEl3UldvVjZfZEV3YUdIeGx2aFJkaGxhWTAxMzktQnBCUGNMLTJaT1RGOEw3Z0xCR2Z0WEE4UDB3NTAtMkdqVVh3QjRWNzdJQVhUMUJ2MmpPTnN0djZfYzdBMEFqT0ltenZwQlhNcXpxV3N0S2FpR2h3R2xsRVFTYWhsQ3NMc21hTUxFdFFBOFE3aG5TY05PamhMakhnN0puMEt1RWVkNmdhandRTWtLRm5DSTV0emhJUmQ1dHlXcGoySjNsUU03aGk0eFpiVVludVVFY1dsYklveTVSUVZ2U1FvZmFJSnluNWM0MmFhZGhpNW9YcTR2NUc4WGNIQkZERDJOc0t2TllNbHNBQ3Q5dE5ab3dpWVJfcExJOUE?oc=5
2026-02-25	Google	0.0	Study: Renewable Energy Driving Job Growth, Property Tax Relief in Iowa - WOC 1420		https://news.google.com/rss/articles/CBMitwFBVV95cUxNR2ZiZU5nOWEtQzdyb0I3MnBDRHp6YXFLbzU4LVhacEcyZ2djS0dSTVFiajZyajNKNGlpcHBac1N4d2FEM1VkTXM4OGxLUFhiTWVmQUd6TFZYX3FXU1Bjc3hwZGYtczFDQWhOeXF2a2FUQUNGYkYxWGp4MFc0ZUZPRlc5SG9YVzhRcmFzUmVsTE83R3FibkZNY1d2MHZORVo4RFRiakhmYlZwLW1RQ2tUVENWdks4VGM?oc=5
2026-02-25	Google	0.0	Taiwan Renewable Energy Certificate (REC's) Market (2026) | - openPR.com		https://news.google.com/rss/articles/CBMikwFBVV95cUxPandsd0FIbFdhU2Q0STdiNEFfNXM2Yjg3Qlg1ZS1ianpfSkFvTV9JQjA3cGVGZk44Q3Ryb2ctLW1mOFJWYjFtNlF0RWNMeGZLUm5XUU1RMk4wYWxSWENVeElMaHVsVGNoTmY1VC1GQnFVcGhyWjhtYmloemllenpROS00dnh3RmFCaERvTjRGaFdGS1U?oc=5
2026-02-25	Google	0.0	Technologies and prospects for compressed air energy storage - Nature		https://news.google.com/rss/articles/CBMiX0FVX3lxTFBCVjVMZTFrbnRsRXAyblZrMlA3eW1RNXpJZ1JJQXlYa3VSTmktSzBDUmphejZNeElEbjR0aXhPRlZtMVl3dkFGWVU4WkxBUFRibjBqTW82TzQxVWZBNHNB?oc=5
2026-02-25	Google	0.0	Texas on track to lead nation in energy storage, report finds - Houston Public Media		https://news.google.com/rss/articles/CBMizwFBVV95cUxOeHYyR3NUV2tHTkhNNFVuT3JWZWhZUzdaOUNENWFQazYxdlFUOWRYZHNpek1Fa1pTbGxabXlxbnNVMmJuNmtIYVlYZkRMd2xJeHFCU2p2aTU3NEx5cXNFbW84Y090TUhkY1l5eEY4TWU3WGxOeWJQY1RUYW9TMkNYNHNiYUFibFY1SW9NeXVtdC0xYk12a2FNR3lOamMxVEJaVk1mRHpZSVJrcDN0Nnl2WlpDcWNmb0tiT2htVDkzSzRqRUNVSm9GVHVoa21ubEnSAdcBQVVfeXFMTmJ2em84WG1EYXB1ZTVCS0hzSnZocERMa29uRUJLREhWY2ZQdUs3amFTQmNLQmYwRXYxOFVaeWhnZS1kVmF3SmdGbVFuTTBva3NBNk1fWUZ1TWc0OWxOcFMwanI4czk0T25uZ28zUmR1d0UxVDNOdGFFNUlJQkJldFF0YmtIOXF2QWRDR0lNTUFPWUp6STdmNXlvYWhhcFhpaXBmNWZBR1dFdWVlSTJXUTV6cXpsdXhSdHBrRGRnb0NtX2Y4Z2gwZnd6MkFVS2JiSVFpS1BBLUU?oc=5
2026-02-25	Google	0.0	The rooftop solar reset: Seattle startup launches platform to streamline financing and installation - GeekWire		https://news.google.com/rss/articles/CBMiyAFBVV95cUxNMS1IQVZ6TTFKWXBwdUtYaU9abjV1VXUzQ0NycVlTZXU2LXZ1c2lxV2MwRzhLbnU1bW5nQ1ZGdnVEWUs1RTNIVDNxZ0h2bnA1SGVKSHNIRU9icWRaR2JQRzczYzRHTjAtdm5BVmFDeTBhZDhDQ1B4bkV5cFRWbWtRWTBTV1JIbXBRRlloV2hsV3duRnZDNWpZMWxMclh1dmJXeEtXZDdCQVZhQVFvVkZzdkZmM0JQMWdjT3pZeTNFcmV0SXFzRGJFUQ?oc=5
2026-02-25	Google	0.0	These schools went solar – and the savings will pay for teachers - Electrek		https://news.google.com/rss/articles/CBMimgFBVV95cUxPSENIX3dZT0hkYjl4T1pJUEhjQWVxdXFES3YxeUhHbnJjcm5zZlgydEZsN0xsYTAyM0R6Z2w4Z0ttYUZOYWNDYWJnamw0WVNjbDRBQTh6S2x3X0FFQ2FpTEphOFlSa0dBbEJUaUk2OWxhVkFaY1NjRV9kaGV6NnYyZmgzR005NUo0YnVPeGk3MzM5UVRMTmpyVnBB?oc=5
2026-02-25	Google	0.0	Town landfill solar project extended to 2029 - The Conway Daily Sun		https://news.google.com/rss/articles/CBMi1wFBVV95cUxNOFhTUmhIVmcyZEg3eXk1bGc4NThBaFRHN1RTSS1zdWZrOTZ6Y3JtTlJiRGY4SzlmMmc3RHQ3bG5QTjN2LUdkcWZVR1ZUM0htb2RrUWhldkpES1pmcWNyTmw5N29hYVhaUDJURGRZWjBMVWVuYU4wN3M3WFRSMmZMLVNYWWg5Y1VvaTItcVAxbDJ6Smh4bnJYMlhzbDRUU2NUMi1JMUhvV3Fwd0t0MVNEbzBmSS1CdWE3LW8xV1hoWF9laF9PV3l3dV83M1ozT2dnWUpocVpnVQ?oc=5
2026-02-25	Google	0.0	US states begin plugging into balcony solar - DW.com		https://news.google.com/rss/articles/CBMiggFBVV95cUxPUTU2amFaa2gtMG9VYjA4VTl3bUZPejUyZHFnX1pqZElYUU9RMGUtS0QwUWFRZ1dCLTJQRzFCbzd6eGpoellhcE9fdzJodkxqV3lXbF96MDRJckhXZDc5RHhjUHY4eUFJQU0zSTVSOGtYTkRfWlFjODhwTzYwQkdWZjVn0gGCAUFVX3lxTE93ZGpLVFZ6Sk9PT19XQlM3UmQ5OENXd3pjekMwcTdQQ1NYdnRuRzVNZ2psYzlJYUVIYnE1R1BlNzhSdnhCbXJiVjcxN0ExSFFhSUE3MHRGVTlkeTJCdTdxM1FKNHFkcjJIa2lIX2V1a2xIVW4xc1ZoTTMtS3gwUk90elE?oc=5
2026-02-25	Google	0.0	Ukraine is showing why electrification is key to Europe’s energy security - Reuters		https://news.google.com/rss/articles/CBMi2gFBVV95cUxQZWJBQzNxVWY1YUduZUFHaDhoZDBReWdzRmNkTnJjdjJYRDFCZWNoTHFULTR3bkc3c2lyemhoSVN1NXNkdUxaT0hOLXF1MHVsVWFsYmh6d29uLTFlOUtESG82Y1FVWlNvYkFzYzBtZU5ESHQ1a3BHVENMUF9xY3ctaDk0YVhHeUdXODlmTTVNOTBxVjFzWU9TbVZPQThTQlppVGQ3WFNDTzFuQWtseGUzQzdvNGhIVFNXR1ZBMmJuT3NpQzBmUW1sZ3FtY1JkYXp6aUdSaDZqNG1uQQ?oc=5
2026-02-25	Google	0.0	Using EVs for renewable energy storage ‘could help reduce costs by £70bn’ - Institution of Mechanical Engineers - IMechE		https://news.google.com/rss/articles/CBMisAFBVV95cUxQVWh6Q3dwYW11Q0NsTWswSFhiM2x4UEt2Y1Z2WlQ1aTUtVjZ3YklSblBKcGVjX3M2UEVnc2VuLVpwVkVYOUtCRFV0UV81OG1YVlJuV2Y1M20zRlh4ckx3eUxyVFEzc01TQjk2TGpsaFZHZnRuMEVJbHd0NWlIQzhNa2NPbGVCUnByV0hiTlRGb3I2X1RKcENRMHB2WGNOVFVUUFM5aU1SR3pzTWNMdldPbA?oc=5
2026-02-25	Google	0.0	VOICES: Why solar still makes sense - Planet Detroit		https://news.google.com/rss/articles/CBMib0FVX3lxTFA1Zkhfb1hTT2k2d21pMDFtWmt5dkwxNk5yN2wxakdZRUVqam4yeDg3eWo1LVdtYTZFLXZqaGVJWG43Z2Zfd0xPcmszWW9WblNkdHJBelQtTWxFQVpjVnM4bE5MdDlWckdzNHBFX0NzYw?oc=5
2026-02-25	Google	0.0	WavEC Releases Modeling Tool for Simulating the Installation and O&M of Offshore Renewable Energy Farms - Ocean News & Technology		https://news.google.com/rss/articles/CBMi0wFBVV95cUxOb3p4akE4RG5yM0tlcjg0VzZDeDF3T2luWk9TeFRYVG8xZ1NRYUZXTTBpSWxHS1RCbGVncS1ZTTItUFp6X1BCQlRWQ0NnUmx2a0tyX3JZVTljcWQ1c0hxb1ZnTHd6R1RkdlFQcnlJR2lqX1pJUDhzSkJ0RlRSeVlhSUEyMEhpLVR1NzJ4Y1R0TjRJSTJYQXByQUtnYzBtRFBMYmJndkpFd1RDVGdvQm94LVlsM015NGV5ZlJ6M3RNamI1clBrVVppM2VTTy10LXZxTjB3?oc=5
2026-02-25	Google	0.0	Wind worker explains how Trump policies create barriers for renewable energy jobs - Scripps News		https://news.google.com/rss/articles/CBMizgFBVV95cUxQQ2preVB3X3VlU2pFVmotODhKX0lMdFNuVHB5QUZEMnFGNmVWTm1LdDM0VHlQRXRIcFEzRmZINHh1MzRfMUNkQzAtWW5pSEYtcWpyOTZqRlMtQ2VfRE1nclkzcy1oOW5UVkk3SjRNeVNBRnl1R3BPRVN5Y2ZEZm9STmR2akdpZFhGOEs2Rk4yblFaYlFONHR4MU0tNTBOX1pMWHNKLXNaTXU4YzhkVDNBdlIzYmtTWU1mMU1iMmdhZkNLMnJGZ0Q0UHlQUGVBQQ?oc=5
2026-02-25	Google	0.0	e-SAF to Deliver 40% of SAF by 2050, Scale-Up Hurdles - Mexico Business News		https://news.google.com/rss/articles/CBMiigFBVV95cUxPc05KM2NXeVhTZXBOc1lqVDBOZDVwT2puR0dCVVdNU1YxazVKZ1ZuMVlCQUFqNzhIcmhzR25ucDR0OEZzUEg2dEN5Y29aYWV4SFhmX1dFaDR6dlN0ekt6NFFLRG5oMVlFa1ZIeVphc0NaVEhwSWlMWlNNbXN4SEE2cUNTaDBSelNiYlE?oc=5
2026-02-25	Google	-0.021	Indian Solar Manufacturers Face Double Trouble With Trump’s New Tariff - Bloomberg.com		https://news.google.com/rss/articles/CBMiwAFBVV95cUxOOTBqSlJ5cllFekEtYWdzNzhGM3Q4N1ZzdjkzZmM1UmE4UE9uajA4VjdxaExHTThoLS1xWEtVNmpPeWs3SmZqVW1kVlFwaGNnTVpqRndxV05BNXJyMTJ1ZWpBNmZZcHhZNi0yRGZ5cGYtTTVSYlBsNXNzQWtYeDlwNTM5bk5XbmhiZEFrcGpSZWlwcE9LNnhNdHhqZ0J4R0cyYjNyYVJPMlAzN0dJZGtrT0J6VHRLUWMyNU92ZVBhRmM?oc=5
2026-02-25	Google	-0.021	Sheehy mocks ‘socialist’ Green New Deal, but runs his house on solar - Daily Montanan		https://news.google.com/rss/articles/CBMipgFBVV95cUxNUTVTWnJzalNMakR1MXpUeUFUSW40WFo2NnF5T1QyeXVLRGFYSDM0bWVOSkc4aXFOd2RPM0s1M2F3dFVKMEhCZkdyQVJZbUl4OTRmcDlsN2g5Zi1aZTM0bGhKeThuZHZONnFEZkFKU0hkcG9WdXJuVEhpYVdPZ2tlMjVhS0Z5WjRfX0Z2a3Bha1ZYTlJXbkdyWldrZnlyaUdSWGwyaDlB?oc=5
2026-02-25	Google	-0.028	Climate Change: Net Zero Is Dead. Long Live Renewable Energy - Bloomberg.com		https://news.google.com/rss/articles/CBMisgFBVV95cUxNUmU1XzRELThLdmFPY1NJa0QyMVUwTlhvR29FRExGUUhram8xVkRxZlNFNDBHaFlVcEZsVndqNXpOY0FiRTFNY0Fmcjg0RHBjX1BoNWxoSkRBMl9lOE1Ua3IwTDJseEtWR1JWREpnYjNhNUNHa3lNSVVpN2JPcXlFNnBhMm9md0JqOWlRSXAtWFp3eHJLaHJLcmthT2RfY1lYVTFZX0QwdURwOUpLSmFYbTlB?oc=5
2026-02-25	Google	-0.032	Cheaper Green Hydrogen? New Catalyst Design Cuts Energy Losses in AEM Electrolyzers - Fuel Cells Works		https://news.google.com/rss/articles/CBMi0AFBVV95cUxQRjBDSWcwTEJMaE4yMEJyeS1oT2g0cDB2aGNTTk92NFNJc09ka1JpZDBXRXktemNSaDdxMUNSNzdLd0pkaWVsSjRKNWhIcEtkMUltdnlpN25vRHNkTHBua3l6WGtVRjJJN2RTcjA1QXJWWjRXZmh5Qzl1Q29pRVJGVEUwemJmcjFQaFZ6aFZzQ2dPbmZsQ1lYYVdrcjhXVWFTLXBCcFJwRlFLdl9NclA0cGZVUUdqOE5ySENHRHRWYUxpX24yVDZ1QXpScXJDdlBj?oc=5
2026-02-25	Google	-0.05	Trump’s energy claims don’t add up - Center for Western Priorities		https://news.google.com/rss/articles/CBMie0FVX3lxTE9HaFUxSnBJbEo4bTJvQnR4aTNjcm1YV1lDenV6dFNwMnA1MEFaTkVqbjdzZkFNRE9RTVpONlMwcDl3aE1tOEItN0xFN2x2bVU2UjVZNWQxTUpVRk41VlRQeEEyQVpORl92Qzk2VzgtUlFrSWpFcVlNNUhIVQ?oc=5
2026-02-25	Google	-0.1	GOP: Stop stockpiling money for green energy products and give it back to consumers - Newsday		https://news.google.com/rss/articles/CBMiekFVX3lxTE5TbGZITC1scWJGODhnamxiLTE5cklpWUwwNnF5bmQzeG13MlNZVlBlSkxCNDdRYWNRa2lVZk1jRmZSbGRSN3RTY0pnVjlXRVV1UHJucWRDOG5wQllpc2tOVENSVUZ2Z3VrNHd2cFVXTV9KS3VCNVI2TVRR?oc=5
2026-02-25	Google	-0.2	Axpo, Advance Green Energy sign long-term hedging deal for Bulgarian BESS - ESS News		https://news.google.com/rss/articles/CBMirgFBVV95cUxPSVBzZERXRWFkQmoxYVlhM2hpY1Jtb3ptMVh6ZTdWOEpsa013M1k0V1ZRM0VSbm44LUVBeDNaN2NZaEdFMjY3bVNJTXRtclNUZDJHZjlxQmQxV0V2dEVwYjJldnhMdnlDWFVkNk1CT3FMeDBhVFp6WnhzOUlxdjFkUXN2cGxQRHlQcWRJWnpINzAtY2Fub2FxbHA5bmFLakpjczF1aExTUE80RHFCdGc?oc=5
2026-02-25	Google	-0.2	Croatia releases handbooks for permits for renewable energy investors - Balkan Green Energy News		https://news.google.com/rss/articles/CBMipwFBVV95cUxPWGRFUFNBWV9iUkM5ajJxbG5FcEIzNXg2d2ExZWRCV1h4dG83MWJqZ1hvX2NWSVgyTkpUSmNFdzNhZm1KWmJ2QThYTi1GTnJ0c05QeUtKSEd4aVZKRU5PWFFUdDk0YWQyeGExdG5JX3BEbDBjS2c0U0dabmN2NUhvZDRBeTQ2TDlIZGd0RkVJTUxwY21nbVFqYlRmSWhxZThZNVFza0JuWQ?oc=5
2026-02-25	Google	-0.2	DWS invests in Portuguese energy communities firm Cleanwatts - Renewables Now		https://news.google.com/rss/articles/CBMiogFBVV95cUxQMFY2ampSSzF5T2RHaDZRblptOXVfbFhMRFdBWTlNLS1ySHBCRlZ4VmlscElNRGhDRnJTVmNBTnpHS1lMRmJOTUEyc3dLbllVWnYtZ0VzZkhzelk1U0h0bjVpS1Q3dlBTcHNZZEdiZFFYZzZTS1V0WnBXQ2JMT1c0ajVIRXExcWlVMGs2V1JIMlB3MXBhVUFqOE5qcy1HaHlnenc?oc=5
2026-02-25	Google	-0.2	Ohio Supreme Court upholds ban on Green Choice Energy over deceptive sales practices - Cleveland.com		https://news.google.com/rss/articles/CBMixwFBVV95cUxNSU5rajJMSTAwSWxpRldicTJ2SUVTVVdDMDVtSUNZRGZsZXloWjdXUTV4dW9ScDdFODF1dEJudF9peVQwRjZFeU5nemJlTkl5cktpM0g2djZKdm1wQ254RUJ1NWpFX0FKVElDNXI5ZmNhbE9uQUdWNjJPLUJxc0tNaDVfNU9CZlgtS1hDRmRsMDdZMjhsZjFnMnM5QUpIR0F5RG1iWThuanJzTFVYV1doYi04LWhZdEtucmJWOUlTR2VPRzFlTF840gHbAUFVX3lxTE5XOGZOLUtrVzBNNGM2cGQzWmliYncxazRWVktFY0hmR1RZMUp1MU5KQmdrWU1QQlB5MDNWTWVQTEJRcGRlWE1FcUs0MkFCUGs2Z2pDUGFsWDJ1RHpSUkhaYkY2YXhoYVItQVV4VVpxekJQT3pwTEg3YnZXdmdUdTZhQTdneXVMamlCSmMwUDYtdDV1bzhBUjkwajNIcVlTMGd1WUg1bF9FN1VuaEpEeGhPbksxeUtucXphLXdtYVJvR0RGUExPR1lEbjFOc2xMWnFEdmxMcF9TOTVkTQ?oc=5
2026-02-25	Google	-0.225	Green Finance Facility shows impact of energy efficiency and renewable energy solutions for small businesses in North Macedonia - UNECE		https://news.google.com/rss/articles/CBMiswFBVV95cUxOVEQtU29mU1k5ek1uemxjOS1Vel85MlR5NHhzZ0JWMlhDNks0SVNBUnlYdnhybTBYVnZ6b1Y5S2VCaGNpcFFYR05ySTAwMmM0azVaVHpfclJHYWVkbVQ5RHhvdjFhU3BDbFZiYV9MWkZvMUx0UmNXVURzdE01eE1XaWJlNi1hWUpkNTczUjFGckg1NkZQYlY4eGJSRC1uZzd6OE9QVFBNNTU4WTRIbGI2S0d5cw?oc=5
2026-02-25	Google	-0.4	The Energy Storage Game Is Afoot: Form Energy Faces Off Against Tesla Megapack 3 - CleanTechnica		https://news.google.com/rss/articles/CBMiuAFBVV95cUxNNTdWOU9nWG83cFNrQ3FsUHpWalF1SmxjM1JXOWQ0VGVKaDVMQy1yZ3R4cjlMRkppdDFuOTV5eXFZOFR0SHNhRWJGVVhvU3pXTC1SWHJNRlptTFB4cDRuUUluYjNoNlFsTnlMeDFjdUZsd3VXVldHUWtjMUpWYU5vVnZFMXJqdVZwV01ERG9jZ0l4N0psRmIwSnBSdTAzZmNFYVhNSWpJN3p4eWdqT0lZVFRacWZmRGpO0gG-AUFVX3lxTFBVcTRIMlZ0RC16S19VMUhhbXMyTnB3MjlVLWtpdHRrUVB4YWRaSzVJXzRhZ1JHTUxPYV9fbFZ5UlNDaEl2ZU9pWkJyRE5wbFBVcUFQb3paaHlWUGV3VVFnRGI2a205TmxRY04yOXVKZWdtdVVYT0x1Szd5WXItc1ZPaEpvcFFoQXp3eUk2Z1lhLWpGU2JKYXphWkxIcjRoWUY3SXhDdExxY3pYZ0N5YTJTVW5rNjZiVGM3T1A3VHc?oc=5
2026-02-24	Google	0.5	A better way to produce hydrogen - WAMC		https://news.google.com/rss/articles/CBMihwFBVV95cUxOOHpUTExFVXBRRllYeFRjSEVZUVoxbVhPTnU5dFR5WTE0LVdmUl8wQVAyeml2WWtCb2ZZSURKdUJoM2lfYXRhbWFGYVpIaWl2U1VyWDRwX3dKUGdGQ0kxQjN5SlhTSG5mSFdCQkUzVGtBQ051RTI1cVhZTUpVTGY2c2haajRaU0E?oc=5
2026-02-24	Google	0.367	Appeals Court Questions Shifting Reasons for Trump's EPA Killing Clean Energy Contracts - U.S. News & World Report		https://news.google.com/rss/articles/CBMi0wFBVV95cUxQM09Fay1tdG01OXBPUlVNV3FINVl4cjJTeVNMTHIzMzFJblI1RldkTDhTMXZhT0RDVEl2VVp4LXU1OXVpYlYxdkZkQjk2V190MkJEWUxUbFl6Y1QyaDhvYjhNY2RXYm50X0lVek1KajFWYmdfdEdIYUxJX2dpek42VHpqNjBsVkxLc2hZbGFoWmZGQ0poTUw1VDhESkp4SmZna2tDd0NGbWJ1RFQ1TDJPZ3pjNFZlN2xGWklNWUM5SzZsZnhudFBWVm9idzJCejdfMWpn?oc=5
2026-02-24	Google	0.367	Clean energy, efficiency upgrades are saving Kentucky schools millions - The Courier-Journal		https://news.google.com/rss/articles/CBMi2wFBVV95cUxPWkFqLWFKVTJuNVk4NXM1WjRwM1N4VzEyWXFKYzNzR09Vd1FqYXBjY0xIZEU2TndHTmFfZEdKU2NDZzhUYWhNZ2MwTTFxa0U3Z3NnQzBEZm9jallVbkVFX0V3eEFjN3RsRGdLaHhFekRTSUpvRENtdjNGN2UxekVBVDdCWlBVTHlyYXlrUkhaR0dleXBkanZ4ZFZVdU9hYXVXNmM3OHM0Qm1VakdrQzFGcGtSbjNaNXBHUzc4SW9MZF8yM2p4NFpLRFZvQTdGM3VNSi03MmNBQlFLYjA?oc=5
2026-02-24	Google	0.367	Crux 2025 Market Intelligence Report shows US clean energy finance adapted and grew - renewableenergymagazine.com		https://news.google.com/rss/articles/CBMipgFBVV95cUxQUkViSFlFVzlFX245VDR6SGt4ZElpZzZscWpEckMzWmMwa3VxV09Za010ZGlUWnBDNWo0WFB3Um4tRzUwSGVHQVA4VlkzT0tpb1h5elczcWtFbTNqd1hpM0RiTnhHeUFfeFBoS2RWcG51TEhoYXRFSldTWFR2V2lHTUFTR2hUZG1uRHprVjVQX0VKQ3paYU5fa240Vlk1dmNvRklmREh3?oc=5
2026-02-24	Google	0.367	Google locks in 1.9GW clean energy deal with 100-hour battery - The Tech Buzz		https://news.google.com/rss/articles/CBMimgFBVV95cUxPZklrUDZMeWtObFpoUDRwWWRDZ25XWGVWbFZtdzdMZnQwZWgteVNfWUlDVjVVeVZtNXo5Um1SaWtHeVc2X3VBaEp6N0JOMmk1M2QxRkFzLUpqMjliUWZTUjAyR25TQXBrWlI4Yl9WY1l5R2M2ZVJfbjJJbUNYZUlSdmQtLVJhQm1uQkZYY05jRmZtcm84WVdpNjZB?oc=5
2026-02-24	Google	0.367	How Clean Energy Was — and Wasn’t — Funded in 2025 - Heatmap News		https://news.google.com/rss/articles/CBMiYkFVX3lxTFBxd2pheG5paERCbnhqWnJHdUthXzkzeEVvY2U0VFdNWnIwcmJlUGhqMlFfWlU4WUFVaFpRTnpNRkZsV3VxalNpd2VUd2Z2MWtKOS1XOXNpTmZEOVJXTloyTEZB?oc=5
2026-02-24	Google	0.367	How RePower Ukraine is building clean energy resilience for communities on the frontlines - BusinessGreen		https://news.google.com/rss/articles/CBMiuAFBVV95cUxNY3pIdkpkVi1SNHhpR2M5NkNvMTM2bjVyZ3gwWGRTc2RWWEhEZHlGSnpJdkI0MU5nUHZ2bndCbmZ0bTVfY2JGSVRCS0JlTm1JUGpQUXBaZEVDSHBLSFRXVlR5X0FZVWdSdUp2aGtuOVZxM1NiRC1Pb1ZWa2ZZUjF2cVROQ2dOSGRMV1dGNVZtVDJnbUlqSC1XWFJhNEFPVGd0OE1LQXlsTFBkbFRzUVFFSW1odmxzdFRx?oc=5
2026-02-24	Google	0.367	How US and China’s Climate and Clean Energy Policies Diverge - The National Interest		https://news.google.com/rss/articles/CBMiqgFBVV95cUxOVnFYT1c0amw3NzcyR1Jxb0dsN3c0d1BnS3l5LWhUMDZJV004TXdwcUx4Y1NQeGZUcXVtWjgtbTY2dmQwUGpITkhIaHZGSjVOVnZrOGk3QkZPTGFhLW9MN3VMYVAtS1ZqbHBpdkZFa0lZRDVCZldtU1dvU3ctWHRTT1lPaTlQNzZfNURCM0hzY3JNMTk4QUdoMFEtTDZVNFdmSUhXT1YyVXAtZw?oc=5
2026-02-24	Google	0.367	Microsoft Hits 100% Renewable Electricity Milestone With 40GW Clean Energy Portfolio - CarbonCredits.com		https://news.google.com/rss/articles/CBMirwFBVV95cUxNU3hjdXRfNjhPVWdZU1ZZZlRDVE10TmNNd2RiYkZBaWM2LU5jOU1wMlBGTDdmeklKdGRDeV9ZMjV1TXoyZ2c4OHZWMDcyTGlfX3Y5V1YwaVRJbXJfMEVMblJEWWR5ZjdmZC1lenZQNnZrWE93ZFlSbjdXUjlVMF8zUXl2N1FEYnNBOFdBRkMwV1BpVGVDZGVWNTZpd2FTUVB1NUR5UmxjVmZsczdwNFpB?oc=5
2026-02-24	Google	0.367	Nike Sources 100% Clean Electricity for Japan Operations - ESG Today		https://news.google.com/rss/articles/CBMiiAFBVV95cUxOWG9obV84VnlrNXYxbUp0cFNQNnZVbFAzeW9JSmVEcXgtLUlVWTY4ejg5M2V0UVNpUGFyLWk4UG5pV2haR1pEdEtUa0xXc2k4eGk1Q2ZrcGRaV0wyV1RxUUVuSElXYjhrOFlIdTM3bEpfZkFabEJSQjhJNFFOZllzb3FuX01MX3BO?oc=5
2026-02-24	Google	0.367	States sue Energy Department for terminating $8B in clean energy funding - ESG Dive		https://news.google.com/rss/articles/CBMikAFBVV95cUxPYnotWU91Um5tNERKakh4b1pXbmNBNjQ4ZHFUS29QUkJzVXRiLXBGWmVTNHFzLWhnOEY5UFpwampsVGh3YTFVZU5KV2kzdFBvNWI5ajl4dURnbzgxNnBCdVg1LVd3b05OcEZ5cll2elZmcnFaY3hRSzN2OEtSMkplWVVEMmdlNzUtc21DeWhEckI?oc=5
2026-02-24	Google	0.367	US appeals WTO ruling in dispute by China over clean energy subsidies - KTEN		https://news.google.com/rss/articles/CBMi3gFBVV95cUxOdjFGalBFbnQ1cjc5OFN0eGJIT2dHcGh5aklhdkJ2TDVtWTUzVkpxOUtCUmlaajg0cUFoRDdBa0puOXdVdE1jeTAyTVFZanlDOVRaQjRoMmo5ZlhaQ3doclBfdW1zU1lsUlBmTzJEWUtla2haZUhHYUVDc3pUQzlXczVmSzVyb051ajhmWl83YzlodDVQTm1oZDdLcm9YczlkWnVzR2JtaUFBUTgtSzBpOTVzUGo5Q2ZjQTN5TE5HUS10M3NpN0VuR1l1bEF1WVBOeXRBUUNsR05fWXlxanc?oc=5
2026-02-24	Google	0.297	Scaling positive clean energy districts: Why cities need organisation - Enlit World		https://news.google.com/rss/articles/CBMiogFBVV95cUxNYlZMNVJDa0RuNUV4VGI2bm9kcFVmazd4S3ZYVTZSWGI5bWkyQWh1Mi1tUXl4X2ZBV2FqR3dBN0xQdFd6dzlfME1UcE5oeTQtTTFydlJOcVVibTdDamRZbF9fclNxS0ZVX1JTeWlpSm5udy0yOEFhNHVucGpHTmxrU0p2TjV3bS1rU0x0aEhJTzFPSkEtU29YeGx4MEJCbVo2cnc?oc=5
2026-02-24	Google	0.25	Net metering, solar tax exemptions and more: Four energy bills to track this legislative session - Monadnock Ledger-Transcript		https://news.google.com/rss/articles/CBMifEFVX3lxTE5kcV84el9rZWlFZm00UnpjS3FDYXY0QTBLTU9OeFpvNGhuZ0UxZWlZWGdocGYwV2tWc2I1dlRKeHdIRXhQcXdEX1ZVRjBpMkJGWW15WEJMd3NfX1gxZERkMmdmWW5GSkJVNERITl90eW1MWk9LWThqUXoxVzk?oc=5
2026-02-24	Google	0.214	Power Transformer Market Driven by Renewable Integration and Smart Grids - openPR.com		https://news.google.com/rss/articles/CBMilwFBVV95cUxNWjBSalRnOUVGSVpXQjZjcUcyNEtEcUotaGlOSHY4eVZ0ZzE2R2c5WHRpU0xLLTl6TFppaHY5U1JoUkNjRHVEd3FKUG54VnhXS2FlWVkxbzZxT1FmbzNfTFo2ZTJDQ2ZJVDczUDU5aVgzX19UeU55aEt3SU5YTVNtZlpOdWVtYk9fUWhwMktsQldTUFdidFo0?oc=5
2026-02-24	Google	0.212	Mars Celebrates Latest European Decarbonization Milestone with New Renewable Electricity Contract in Sweden - PR Newswire		https://news.google.com/rss/articles/CBMi9gFBVV95cUxNN2pEcEdqelFnb3B1TUdSN2tlUllxRHpkQUlqV1FndjdNbHQybm5rUjZHNGZETGo3MU1RYUYzelFyeUVMVTU5T0J1R29nUHFnZ3FKREdUbXR3SS1lQU1XMWZIaWxCVkJjVkoyQ0ZVdTlSMFc3UGZ2RUo1bFI3eDFEWGIzTC1xellpQ2kzRGRST2Nab2gtM2dwQUpJamF5WTFZRC0yTm55ejdiU3lQd2M3S3VSemVlYjNPSlpZdXJrck42WHZzWG1zaW84dUE1WFZ3dDdTeXQ2aDBwbWhaMlEwQ1FOLW5yWnJQWmlheWI3NUJtRW53Vmc?oc=5
2026-02-24	Google	0.2	Aligning Community Solar With Modern Energy Market and Framework - Maryland Association of Counties		https://news.google.com/rss/articles/CBMiswFBVV95cUxON2ZxNlVYaUtTMkg4V0MxZlIwN1ItbXFDTkNiRXhVY1NHejFzN2RSeDZBVUZ5c3FBd2h3Smk0bGlwQURSWENZTWJnOTBPdlF3ck1oU2hzTlhnYVJKbzdHQ0RKc0RsYzl6VERMZXRtMHJKTFNTSVhFUzFDR0lWN1dKSmJndl9PU3RDTXJQczRFa1A5d0NrbVdLWDhMeWh6U1J5dWp4ci1jakhhNTJXQTBRem9sbw?oc=5
2026-02-24	Google	0.2	Mass. House voting Thursday on major energy affordability bill - The New Bedford Light		https://news.google.com/rss/articles/CBMilAFBVV95cUxNS3dXLS05aHNCLVV6UDFUSkVxMTVLV3JJS0I1SEk4bG1ia05hdVJVN0FXV28wOXQxckVSVGpqYlhGM3drU0FzM084TklxLWRhM0VpRmFvR3JubU1odlhFU250Z3JJOFRvZ2JsYTFMeVp6TmEzZV9SRVhRRkZpbjNOdWVmQTRER3dfRk9fN08yYktINnJp?oc=5
2026-02-24	Google	0.2	TVA plans for ‘supercharged’ growth, potential divergence from Trump policy - Chattanooga Times Free Press		https://news.google.com/rss/articles/CBMilwFBVV95cUxQd3BKZzlydUp0czVDQmU5Qm9jVElMaW5peGdFSHBGbzFWbTJNNTFIS3RwVU5tZnh2dXJrNVEzdmtYdjF3ZlVJaVFwUklmaVlTMllvdTVTNHFJRERRYk9TZ0lxMkMtbmpYSFVIZmE4WGRZOTdSQUtIRTRsTkh1RkowNGtDTU9oajFuYjhFcldjTXFVWWFlbG9V?oc=5
2026-02-24	Google	0.183	Appeals court questions shifting reasons for Trump's EPA killing clean energy contracts - The Killeen Daily Herald		https://news.google.com/rss/articles/CBMi_wFBVV95cUxNSUZqTERtc2lJMFBVQmkycEx0SzA2U1JPYnRGbUZmMmIzYmtJUnpTTkZNU1ZVOHRPTlRhZjdUbUVmUzFLb2FMdlRTdDFmTkRoWUpqUE9oM2I3LW5ZT0tWOUVvQ08xblg5bkdEUmZ3SGpaV0RtVEFvRWJRY1FNdkljbWV0TEpCNFNLVm1CMG84QVRlU2VZQzlvU1JvYm02bEM5bTZCa1ZCdlJKUGJzNlFpV1dtZzZLUmF1cTVXTVZoZk9jVWRKeXd6WkpVMWRtYmJBQjZzcmRWR29tQllNYXJIdEloeVhESFRKZGtvOEdtNjA3RUVTVjlKb083Vjh0X1k?oc=5
2026-02-24	Google	0.183	Clean Energy Reports Revenue of $112.3 Million and 64.1 Million RNG Gallons Sold for the Fourth Quarter of 2025 - Business Wire		https://news.google.com/rss/articles/CBMi_wFBVV95cUxQQXRxUVFmMlV6Sk5mck1zQXYwRHJGWHMyWk9NWkNOQkRjcnBhUlAxQlFmVkk0eW9mejZ4S2tXdlZVcGNpTVNXLW1CYXNjNkJnYkI0YnU1MGkyeXBOSU1scEtnMHZCbWxONXBYOVpRVHB4TG42RWhKdmtQTEFlM0RBWmZlM2hyZWhGRUI0cGU5QkpsS3NZRGpybHFTc0Nrd0pyNEs0bjdTeVloVzY0RzYxeWtnODJyLTgyZ05COWUwc0tFNElWbFZtT1gzdDk0S1ZsckNQTzdFdVA0WHUzc2V0WjlfNmxCcnNpdE5uNXNYVzZZMGNheTNqajNUUm9GOWs?oc=5
2026-02-24	Google	0.183	U.S. Stifles Clean Energy Independence in Latin America and the Caribbean - North American Congress on Latin America (NACLA)		https://news.google.com/rss/articles/CBMihgFBVV95cUxONjUtT0NzSEplUEhVcXdYWVlOR3V6dzBObENleFdHUFBfVnNvMm00bUpodHgyREVJVVA4UW40c3Z1NENjRmx1bzdCQWJLV0pkYmVkWDFzZFJBaEJEXzloQ05HMXF4RkRiR096ZzBaemo0SzlHeHQ5YTMxdHp5cjhKenF1ZkR4Zw?oc=5
2026-02-24	Google	0.179	New Federal Legislation Threatens Farm Revenue: Lightstar Urges Landowners to Secure Solar Incentives Before Approaching Deadline - PR Newswire		https://news.google.com/rss/articles/CBMikgJBVV95cUxNTHhRUXJOOHVtbFRhOFVjbXZzaENHMGRZUkRoXzZhNDVqbWJoSEZRc1E5VEFrS3hoS2lPZWp4b09mQXNTMGVxMGpTTkRlamtfbm5HNzhyS1RNd21VOTItRjV4SERZX3lKX2d6Q1EtTnNzRFN3bkxfYm95R3RxbHJFZWxyM285c1dMX1R6SnQ5SllFc05naDN0Rnk2a1lJTkUxd3NiOUJMdGxUdjZxZGM0RGJLRC1NVEFaYnVoOVdMN3VhaTY0dThoakplb3BoVG1iUGZCZWtDc0tBVVlvajNlQzB1WkQ3aVo5XzZuN2pRYmJBdzhDN3BlWk1yXzA0Sm9GVDBwMEFwNTFfUXVtWnAyZzNn?oc=5
2026-02-24	Google	0.168	Google’s new 1.9GW clean energy deal includes massive 100-hour battery - TechCrunch		https://news.google.com/rss/articles/CBMipwFBVV95cUxPS00zbkpFNW5aNkJaQ1FkWURBWm1OaWFUUTZpaFMzMWZneWpZdDY4Y2pPcUNzUHhjTUQ5ZlJ2OHc5Q0VoemdsdmNacnVJYm1tVW1OQVBRQndaSVhHdnRqbFVZamE4c1NvOUUyTWdfSVBOSUFLRklYZWJnbFMzZHJlVGhMQUlTSlAydUdkeWpSSU9YOV9keU4xVnM1c0xvb1BoaURIM1FRVQ?oc=5
2026-02-24	Google	0.168	Motherson Sets Up New Renewable Energy Subsidiary for Captive Power Needs - TipRanks		https://news.google.com/rss/articles/CBMiwwFBVV95cUxPcHhaTTFoM2FZRDVhYXdJSHdqWnVHeGhIX29FUHZwTVMxMXU2LXJlV3hYTnpuWXdnSl9LY0c0d2YwMzZHend0STZJMzVZRWJMVVVPeXpHTTdHUUUtSGU2VF9PS3VnMFYxUUtZR2hEUkgwVGJpdHZ2cXJkdXVHN29XVFNpOGpHTzcta3RMemtaRTR6dTg3ZzlORWliZFYzV1c4OGdxRUZaUXZjT0xYNHYtazZub3c0ZTY0aGFrZHpkSVh2NU0?oc=5
2026-02-24	Google	0.167	At one of Kyiv’s central heat and power plants I saw today first-hand the impact of Russian missile strikes on Kyiv’s energy infrastructure. Russia is waging a war of terror against Ukraine’s civilian population. Targeting innocent people and leaving them without - x.com		https://news.google.com/rss/articles/CBMiZEFVX3lxTE5ZRVR1aUhGSWJydzctYmJaTUpIS2x4R0VhaWtEeERUWWdUa2JKTE5lTnQ1amxhckVKcXlHZ2ZJdEUwMlFsRjNFVENhcUE5cFZEeVVablV2c0hUTXFBcG5BUS1zTHc?oc=5
2026-02-24	Google	0.16	Clearway Energy Q4 2025 slides: CAFD hits guidance high, eyes 19% growth - Investing.com		https://news.google.com/rss/articles/CBMixAFBVV95cUxONm9RMzg1ODBCQ2ViZzNBQnRWYWZ2cDRnd3pZUGRiY0l4c0h6dGdoWDEzZllnaWlZckVGdHNISjBlSVRfSkljY3dEaVpEMjR4eWxzbmZfZW5UeHBSeXM3ZENBTEpBOXMyeUIwOFptSEo1ckJDSUN4TFI4MHlnNVVQSHQ3ZERpSnFRZmtGWDE4Z0xuRVlJVGhvaHVqbzJBdGF3ZXF1VTRpRGY1bi00TE1BUDczVUdkSzFoY2Mza05PMnk0eHlK?oc=5
2026-02-24	Google	0.136	ABC: Investment in new US biogas systems exceeds $2 billion in 2025 - Biomass Magazine		https://news.google.com/rss/articles/CBMipAFBVV95cUxNOTBuVC1fSXMtYWtIZ1l0WV8wUjYwYmtrSERfaFg3LUh2dG9CVmlfcUpKT1VVQ2F1dkgzOVMyVkt6RDluU0pLVmZxUXBtZWdnalRDOVhncDhGMnhpeUpNSmIxUmwtZ1Y5dXB4azlmaER5T2JkNzNMaktNdHVsZTJUSmd0T0hBN051RHBsQ3JmZnU5Ym5uUWtvTE9sSldYYkhnekt3eQ?oc=5
2026-02-24	Google	0.136	ASOFER backs new distributed generation rules in the Dominican Republic - Strategic Energy Europe		https://news.google.com/rss/articles/CBMioAFBVV95cUxOOXRHNEhoZ2JwR00wWjVvak9OSDVmbWxJVTN0TGtGcVdiNzdzNno4U0VMMkc1TEtPVTR1cW02aHNPdnlkdDBqVUZfQkEyVkllREhHRTNHdUhUWDRJUXY3T3RZQkVRN0JEVl9PeWpHcVh3Ylo3T09GcmI0X2k2aEdJRlBUak4xS0tXdmhsSU1Yd0xUR1lvejZMRl9QVUp2SHVt?oc=5
2026-02-24	Google	0.133	Xcel Energy Google Data Center Partnership: Clean Energy for Minnesota - News and Statistics - IndexBox		https://news.google.com/rss/articles/CBMingFBVV95cUxPZlY0VjlNNGp4SnZhN0lvYjFoWlhwYXViTUFUX21NNDRGcFNJN2tHX0Q1S0lCZG81R0c1amRvdy1iT0RFNVhrU3g1TXFpdHpIWDlYNEVnZVRwV0FpcW9vUVRQSFAtRVBEcTgxYk1JOVB3TzIxTHpXazdYUlZOTFZVLWZMaXJmN3Vwekc4STJBeTNpYVphWjkzbXhyeUh6dw?oc=5
2026-02-24	Google	0.1	GreenSpark Solar & Encore Renewable Energy Complete 13 MW Agrivoltaic Community Solar Portfolio - AltEnergyMag		https://news.google.com/rss/articles/CBMi3gFBVV95cUxPdzdUdEswX2RhOHZLTGlOOVNiRHczZkhSMnUzZW16aE8xRURUNE5UeEVIT1lDNThyWlczbV8xS2xMSkd6SURlcUJRcC1wOHR1R3NhU1ZFX0pYYmVoSXdTVi1Vd2FxRWJ0TEFHMmpLN0lWRWlmcF92UG05X2tBcEFib3hYaDlWOHJNLTY2NFNsQ1FRX3BpeUVmTWtRZ0xDeUU4RGpLZnBqbWo4a1N6U2xoR0FEOTJRM0JELWhnX0dUNGNBZmppQjN2clEwNUg5NkctQm5RTDBucDNkY3VIM1E?oc=5
2026-02-24	Google	0.1	National Assembly Relaxes Setback Rules for Renewable Energy Near Homes - 조선일보		https://news.google.com/rss/articles/CBMiiAFBVV95cUxQRmJXQnZ2b0NVaUhDU1BmUXlfQzZhandhT3R2UjJLMGYwZkRFRW96bzZVWmhkVnB5d0xib2VWT0l1TlhhYW1QNHRiSGtxaVNNQ3BZZnJYZ1JpTy1KdHNxNXFZZl9jWFVfcmdDejRaX3ZySWY0bDN1TkxpZlZBdGNJZ25zNXIydkRK?oc=5
2026-02-24	Google	0.083	Democrat quits clean energy firm over Epstein links - CNN		https://news.google.com/rss/articles/CBMidkFVX3lxTE8tYWNOUmgyOFpVYjd5Qm1SdjZ2TGpzRjljX3E2a0VLR2VmSkhfMUFtcUt3enFpODh5OXNlQTl2aGZrRmlNZEpXYndoN2tyak5ISkdza0lyMzc1SUdjeUlaWnFFVFdra3V2RXZLQ3BIZUdjbkcwMFE?oc=5
2026-02-24	Google	0.068	European Solar Industry Responds to Market Changes: Focus on Hybrid PV and New Financing Models - renewable-energy-industry.com		https://news.google.com/rss/articles/CBMi9wFBVV95cUxPbm5pMnRkM0JlSDc4MW1QRHk1djI2V003MnBXNUhNWDhybzVndGJHU09pQ045NUxGaVh4ZzgtOHVOU2czMkpPTnVwRFo3TTBJcXpHUjFXdU51bkp0ZlNfbUh4d0JNdlU2NzN2a2FQb3pNcmJGNHlnd2FNTDh2SGxfYWZjVFBqRlR5djJrYkRGVV93aDl2LU1BaW8wdzdLSXBuS1VTZG9EMVlCOWZ6U2FodzJXa0RiWVJLNG9ITlh3d2ZnM2F2US1Jc1ZPbG0xb2hYOUczalhFdHlvNnlUNTk1TmhDX3AwXzlxUW1fcEFkV21lR2k5b1VB?oc=5
2026-02-24	Google	0.065	Clean Energy Technologies, Inc. Provides Update on Investment in China Ruifeng Renewable Energy Holdings Limited's AI Computing Center Project - Quiver Quantitative		https://news.google.com/rss/articles/CBMiiwJBVV95cUxQVjNyMHVUYkdiWlRIV0NHaldPX2pkb2hPZkVXU1lrYmRDWTFYMXRabWpWVGVQMGZCaURVRzZQa1Y2cnY5bUhQa19tTVk4RllkdFBvcThLMzhVWk1OQ0R6MDRoN21Zd2xybHhsM2tpMnAtY1UzUV8xLVBXbFk3VXNOd3VmeDY2YVRMOWpQbVFZMlZGaElsd2JzSUtIeXZELUFUeHk0YW01QWpCSTJ4TmR3VFBfZ3VOVXZsZkIyUlY1RWFTWEN6ZWV5U3VoalNBdTJCVGNXVVQ1eFBCa3ZNdjFXRXhsZV9ELTFwZTdCVGVKbUhPazdveWlJNjl3eGt1dWN3Q01QS21kdXZvcUk?oc=5
2026-02-24	Google	0.05	Attorney General Jones joins multi-state lawsuit over canceled Solar for All funding - Virginia Mercury		https://news.google.com/rss/articles/CBMivAFBVV95cUxOaDR4RWdDNnVLSGxNZ2lkc2NiOHdEYWxLc1RCZmdwY2toazMteVBGcjBobkFvX1B6dFA2eUpCMUhPNHo2TmROckxRb0haWk9QQkJWRXpNQlVBMFdyOHQ5VlR3eHd5eXBIdDZLM1MzbmlUSFhjVTV6cXljQ1dlQ085ZXUweXRJY2dQMXVsdmQ4MFBsRVNzenFzRDYzUEExeElnREVxSzRGZ1FqczUtaWw3RHc3anBhMXhKd2lNTg?oc=5
2026-02-24	Google	0.05	The cost of Germany’s Climate Action Program + Agreement on key elements of Building Energy Act + Thermal batteries for greener industry - Table.Briefings		https://news.google.com/rss/articles/CBMia0FVX3lxTFBMZFBjdDhWSkhTbDlOWmhQQl9WVHl2d0U4Ujd4a0p6VnNaNExIMUZic0pvemdoczVFa0pEWDNSemlGUHp6b0ZhODlfcXNmZTdHWi1KR2I1NUdzQ2lMaFNxX3hOMENtU2FhY0tN?oc=5
2026-02-24	Google	0.033	Microsoft Hits Huge Milestone on its Carbon Negative Journey - Energy Digital Magazine		https://news.google.com/rss/articles/CBMilgFBVV95cUxQT3hiRTFTR19Oa0lHa19KaklYZlpqX2pRQzhPdUJqWUs4TGItZzY3UGZWdkJQQXhKLS14TFdkSHdFcEZ5NnZXSUxmQW9xakhYUlQ1S2FEWllSdWh4cFQ1dEU4c05FTnJWTTlTcHZVRG94aXc2UjRCQUxXODJld1I2RjFZTFd6ckJweW4xdnJTUTZUZmc1RHc?oc=5
2026-02-24	Google	0.018	Google to build data center in Minnesota with new solar, wind power and battery storage - CNBC		https://news.google.com/rss/articles/CBMiswFBVV95cUxNM0tFVTV4UUloSnlhQTJ4Z1FaUVF3RG5OU09JWjNDc000ZWJpMGlNZ3JFQ004LTlNUVlES0RkTUdCd3RNS0VoNGlQbmt0Y0VRSVhaTXZIZFFESUpiM1hCblFDczRwVDlNOVhGQXBKaVhkS1REVnN2bUI3cmNlRVlYRFpfQjRSR0JlUUxSM2dkLWo5b2x3dHB1X0JhWkQ2OFRXVFVIRzg2aU8zQnRYWU14d2xNTdIBuAFBVV95cUxPcVM1MC1hQVNEamg2T2ozdTByMFVnQTBwcm5LQkx1T2UwSzlVVjktM0JVX0U2a3A1eWllcjZqSWQwb3dTYXJZaHA1eHlzekVZaE9BV1ZUUkRqYUtia2JsTnJJRU9HWUl2N21uVlBGU2xUYmJBMTcwdDA1OGo0NXN3NTBDdEI4RTNDSllET1gxQTdOTW44Y2U2MEpfQXAtQlQ2YkFET2djbEQtYldYaFpjMGtfX2ppbUJL?oc=5
2026-02-24	Google	0.0	ACWA Signs Agreement with Türkiye to Develop 5 GW Renewable Energy Programme - SolarQuarter		https://news.google.com/rss/articles/CBMiswFBVV95cUxNWkxmZmdWOUVXNDFJYVlMSFNka0JIZlFCUHFaVFpRR1lFRU05cnRlcHFybk5WM25qMm0yZzI0aXEySjlEVTBnVHllM3hxcW9sdWlLa0NBR25OLThGcWQwQTA0ODlDWUt4ZTBGREJuXzQ2NURoRFZXNUt3M1BKTTZseHFlRXNFQWtXQzE4TlpReXdLLTQxRXRXMXdNVjU3cEFINVAtaXRmNDlzUDdPamx0X0ZhUQ?oc=5
2026-02-24	Google	0.0	All Alternative Energy News Headlines - AltEnergyMag		https://news.google.com/rss/articles/CBMib0FVX3lxTE4xVU02a0k2ZFg1MUpoRlFjTjBmajFxM0Y5TUpTeFd1Ykl2ekhldy1DRk4tQWU4MDVWRUVveEpWbWhLcEFCejZhR0luUmktWVgtVkVrMERQZ3ptWEdWM01VY1VURDBqRXVlMjlyMjBvaw?oc=5
2026-02-24	Google	0.0	Another solar project on abandoned mine land proposed in Centre County. What to know - Centre Daily Times		https://news.google.com/rss/articles/CBMiiAFBVV95cUxNNmZoa05UaERJUEdEZ05uTEF1UkwwZEhBRjRKVFlweC1VbGFMSmNVWTBOeWhfSVktYlp6c2lZT1BRMlJyT251R2pQMFhIVERWMXpzV0MxQ0dLTWFGWEdrcmJHUlBTWExpZFRlRzlma2ZYZGF6djRuYlRfVHRUQ3RfTUlRM0ZfVERD0gGIAUFVX3lxTE5KdHlDeGJ2SmRtb3kwa2FoZWlMT2s5ckxGMENYQmYtc1VfWUxiZ0dUeHVDQnc0aUhoVnVEcndodEtpRzU2amFEd2NyOHBKWVNaUW00dW9VaGo5Ml9fM2lyczFKcU5NQ0hKYk5ZWGpiNDZ5bGhkTlRPOWtRZEJBcWtfLVlaR2ZYTEU?oc=5
2026-02-24	Google	0.0	Appalachian groups grew solar energy projects in SWVA, report says - Kingsport Times News		https://news.google.com/rss/articles/CBMiogFBVV95cUxPX0pUUTJSdUV4S1pUdFdsWmJLNXlxNlFrYmN3QkthUFVZUGFfS0lGZWdTeXRZbGl6UDBvaUFXbVlUU1hGTV82WXg0eWRmRnFZZHUzWjFkTlFENGNadDBRallvNHdWSlRuNjdtbFF6NVAzTUpnOUtPanlHSU0xbEI0ZXBMaFo2VzlNaV9WVzdEYXpGQVo1eEpxcEhjT2d2RGl4REE?oc=5
2026-02-24	Google	0.0	Atlas Renewable Energy secures US$3 billion for Latin American solar-plus-storage projects - PV Tech		https://news.google.com/rss/articles/CBMirwFBVV95cUxNZVJ4WlB6eVdJYUUwZ3k3VTQzMXJqeXF5Y2FNN25oX2dzYnJWX3V3RHNBUVRYTk5rS2NvTzRVSDVYeE1ab0ZZWTdJa2NSSTFiSkFIb2ZBUTY3RGFvYm5neVh2RnNvU0Q5VVh1Q1JjeXAyU253eEphcUtnd2xndjM0NVJ3V2c4WWFLVTN6SFVIRUFQS3BkNEVCbFZhWjlqbmRJNmU5OEJvNzZXMi1BSVdv?oc=5
2026-02-24	Google	0.0	Augusta Lawmakers Mull Overriding Strict Local Ordinances Regulating Renewable Energy Development - The Maine Wire		https://news.google.com/rss/articles/CBMi0AFBVV95cUxNQzN1anRINWFyOU5tanB5ZzNEcmRKR2RYMm9KbHZTeUJNS0RMVWlkTU9aaW95UDQta21oUzBSaTNPNlRUM0doUFZiN3lqQnFMWnBaWXdlc2Z2M3BZbF8tNlJaQ051NHhlNjJ1bnRKbVdQX3hlYlFJU25ISUpvaVI3VlBURUJqQU95dGtJN2RSUlk1MzlyZFVvUUVyb19oQjR3WndWTkhzcEc3X1hiYl9TYXFaSFI2Sm9QN2wtMGhKNUJKUnFpandHb1JIelZxMHFL?oc=5
2026-02-24	Google	0.0	Barito Renewables Energy, SLB strengthen global geothermal partnership - Indonesia Business Post		https://news.google.com/rss/articles/CBMiyAFBVV95cUxONTMwSnlfU2t5ZzlSQ1NSdXV1LWNjcVpJbkZ3dFVFam1oOFNKQnM2MVJOeHNpYzJXZDJjdXAtXzBIVkhfd1FCNG1xYU1LZFVUeWhaaXlLcjE4cGp2NjBhQUU3QTJjS2xPa1hlYnl4bmxQcXVVNURRdjlmU2dfaDJERUQ2Vk9pVkM2WXFQMjlYekJYd0dFMl93cllYY19WUUNKNGlYdkJUTHh0bmQ0NlMySWowOFhYSXI2ODRlTVVqMXZGRUFXYTg5Tw?oc=5
2026-02-24	Google	0.0	Beyond the Horizon: taxation of renewable energy - KPMG		https://news.google.com/rss/articles/CBMicEFVX3lxTE8tcDk5NWx6d29majNZMS1NbmY0XzE0SDVCV0FfR0JBSDlTal9oaFVYM1Q3SGZaajFJLXZReXBYU0o1ZHRHU240Z3pEMTI2M0c4aGpPLUYtaC1XSjE1UXFCQ0xrcllTWVcyTEowYkpyTU0?oc=5
2026-02-24	Google	0.0	Board votes 5-1 to approve host-agreement rules for energy projects - Huron Daily Tribune		https://news.google.com/rss/articles/CBMijwFBVV95cUxOWVUwNDliaDc0RDRpazN3VDBuQmNOYmw0QkQ1RHpaaUp6end4Vk5xTmhhTC0xMXBrSkRSQjdLU2h4N1V5VHZ2NlNuOV9ib0toVDR6ZldEXzJDcEJ3UW0xb3B1Q1ZLWkFpb1JJRWdLbktwNnFid1JlNU5GQXhEemZtZVQ2TUJ2UVlXMGRKbnFTSQ?oc=5
2026-02-24	Google	0.0	CFAs: Support for Enterprise Development in Renewable Energy - fundsforNGOs		https://news.google.com/rss/articles/CBMipAFBVV95cUxOZVE1RjhkNFdweGFOSGdOUHFTNVdfS1phZTdfMHZkSzhQVlpfQk5rWG9RUlVvUEpjaUkzVW5JTXhMSy1uYWVic3d1bjhSX3lQRzFfQVJSaUJ4MnlXLVE5OVhPaHVrbVBzeVJUbXlOOFZlNkNzV3dxTFRWNHcza1prSWFDTnFpYThiQTVuMFMxbTdnOENDQXl4NW1xVjRydVZobXNfbNIBqgFBVV95cUxQTzAzaEpQTHVJOWFmRHZfTlhyMExwdWZFamp4bE9wTVFTLVJfZlhYNjNyOFZBZV9fMmJfUFhQRklTdzBoWGlTZWcwUzl3bWhtdElvSXY5dEV1QlZqY2h6b2g2Xzg2UjBiNzVOTEstYUJTU2dPOUVpbkljRjBTRHdtb0k1OHI0WDR2WE5fQ1NSNEVXWThUQUJBZzF2OWJzMFVrUUFuVHhJeklNZw?oc=5
2026-02-24	Google	0.0	CSIRO unveils $3M upgrade to flagship renewable energy lab - CSIRO		https://news.google.com/rss/articles/CBMirwFBVV95cUxOTTlpc2UzTDVhMEJqQ3VtYnZXYTNtblpFb2hOTkp0XzlIdmpwdnhKZDZodzNNWml3SGlSZ0I1bmZhZ3l0WWJKRFJJcW40UmhUNWV6S00wbndOaXRGTVJNbV9ZSWpVNW1Pb2ZEaWlwalBzMzVUdXNiZkpzVkxXbi1JM3hGNXVlQzhaVVF4MlI3RW9TZG8xcHE2LUN1eWtfSmpORG1GYVNpT1dsSmNCZy0w?oc=5
2026-02-24	Google	0.0	Cambodia can’t afford to wrap its solar power opportunity in red tape - Lowy Institute		https://news.google.com/rss/articles/CBMirgFBVV95cUxOb2RNaEZIRGZFZ3QxaFVWaHd5TjJXQXRLejktX09KOF9iampvcnRMZGhMQkhBUW1jX0J2MGRTYmYwbXN6bGp6MFFwU2sybTdDNTJDRkMtdWFEMWhmNVo4X3J4VE5XU243aUNWUXVfdHRaVzJISHJ3WEEzYy1CcnlncHdCUGpsX2RCb1gxbDI0dkdWajJqYXB0NzFJb1JGbHNxQnlhamk0ZE1MV3F5MGc?oc=5
2026-02-24	Google	0.0	China achieves a record milestone in renewable energy… but coal remains a key part of the energy mix - Economies.com		https://news.google.com/rss/articles/CBMi5gFBVV95cUxPQkNvOVJjc2dXYmpCd3djT1BOa3NLa0FtSDhwLXJMWHlRU3BsXzhGZzhrZjktc0dpMkR2dEt5NEQ4YVVLWUtYZlItUkV2QXBOVTU2VFVLcFJHYlpaU0Rzbms3MUNGaDA2LVdPZHR5clhubHRmNzdrUng5YlE1V2pjSy1MSHBpcnR2MmNVSDByRmFBX01VUVd2WXNYcG8xV3M2YUdjcVRhdUNwblpZRng4V1hqcmRiajg4RHlUR3JHdUVsUHFnZG5nWWxHdTVmcDJjNFB3bWpzTEJoTFNSdFAyMmt5ekVsdw?oc=5
2026-02-24	Google	0.0	Chubu Electric eyes stake in Indian renewable company Continuum - The Japan Times		https://news.google.com/rss/articles/CBMimwFBVV95cUxQcC1tcndENk5nRzBRVFZ2akZJSXdmNV9hTGhkbVR3TlRjTU5VU3NNLVppNlI2TG5tb2lDbHNDbnJfeG8tOVd4NjNKMzRoeS1ac2hCQlAzdzMteV82c1MyaDhWY0ZfQzhXTHBRV1gzOTJ5dHFHaVgyMTVxVTJzc0RRX2pRa3dyd1UwQmdYc3plZTN1SEw3X0NkZC1Zaw?oc=5
2026-02-24	Google	0.0	Colombia’s 2026 election puts renewable auctions and grid reliability at stake - Strategic Energy Europe		https://news.google.com/rss/articles/CBMiqAFBVV95cUxPSDFCQm5teGhWS3ItajBmbUFsZUFPU3NqeGtfYjh4bVQtZ25vcjlvNFcxLUdFMXU1VGViT2hoUUZOMEJPcFFfVkhiWjQ5a2Zxd1dKa01oVEcyRkZseTJUYmJFZHd6OHBVZ3dMcVhVSmVfZVZOME5BbjBxY2RGU21qa09ZZi0xbU1aWmlTVmlKa0Q2dzJUWUcxR0lIZko0RWdxZnQzV3FlVzk?oc=5
2026-02-24	Google	0.0	Colorado Lawmakers Mull Competing Bills on Data Centers - GovTech		https://news.google.com/rss/articles/CBMijwFBVV95cUxNR3gzaFpVeXpXTUwzSFdveHdpaGJJOUFOQXZCNTFWbF92ZnBRV25iS2s2TTlRTjBhWjhUdW40bFRMSHlUMHRKcFRBUFJ0Y1d6ZUVvaW5EdTlFdHZnSGpfZENGOTg4bUpRVUZWU0R2RU15TXl3ZnVNZVFHSFNfdkluZGlub2xUTjYwd1ktMzBWRQ?oc=5
2026-02-24	Google	0.0	Commonwealth Court Examines whether Agrivoltaic Solar Energy Project is Agriculture Under Zoning Ordinance - JD Supra		https://news.google.com/rss/articles/CBMihAFBVV95cUxQM1YzdklPMHdJSk5HUGt3WTZSMzctaUVBRnZXYVkxeTJPYjJ4aUlVM0toT2pvdXd4bFBTSnBNLWFwalRGbHJjZXBJZzJGUTR1UDRVbHd6cFhoZkY2Z0dMd3ZMRXdOMlpjTERuOHdhbjdlbzNnSTRJbThIVlpoTElaTFVrX1M?oc=5
2026-02-24	Google	0.0	Community advisers in wind energy consultations in La Guajira: experiences and challenges - Stockholm Environment Institute		https://news.google.com/rss/articles/CBMie0FVX3lxTE9WMUhmZmtnNUx4ZGNHSHNkMk1aWFMweWw1dE5qZUloOEtCa1FibmRTTGhUVGphcldBZGR1QmhIZVhLZHVqaDUwcTZSeklwX3ZfWkpFV1FLMnZwNERoVjJDWnZoVFJMZ0dhUERXb3ZDQUlVZWtSUnJOX0hSVQ?oc=5
2026-02-24	Google	0.0	DEWA Collaborates with Hydrogen Authority and EPRI - Fuel Cells Works		https://news.google.com/rss/articles/CBMiigJBVV95cUxQMThub1k3RlhtN0wxeWNsRWUxQnBXY1pRbmdvQV9Sb3NTTFBFR0xxTERrRlF3SHhPZ21qWEZlVm5QXzZQazFSUFFUbnVuaDRIbllRcXVDbTRmWWw2TlgtM0plTmdRY1JOM2prSjlvc3ZRWXZjaWU4dEtTVUw2RzB2VURfeVROb2JFN0VoN0ptWC11V0hSOURydmswS0JBXzFBdExZbDZlR3FrNG5GUUQ1NWlyQnd3eEVXOHVPWXNYZzN2YXQxVExsYVlvMTdQYTFnTjZETzNqeDd4MDc3WXlxNG1GX2VnRHpfVnF4azJJMmJ3Wk9IQnFpclhycjFfZUdWVGVfRFhBUUVzUQ?oc=5
2026-02-24	Google	0.0	Detroit has community buy-in for Solar Neighborhoods Initiative - modeldmedia.com		https://news.google.com/rss/articles/CBMikgFBVV95cUxOZVFnd3prRmRFbkNKamhuU2l6U0NPemdZTWVPR3RJVnZ1SEZmcFFRQjZrRHNvN0Z3eG44V1VPTjhmd2NtWU5OME0yNy1IbHZFaEI2SGJxUE0zUGF4ZDhBVkV4c055TkVGNlI2UVNZcXU3YVlTdkNBaWRKbTFOMGdrS3RicU5VVXd6QWdKeFZkWWZWQQ?oc=5
2026-02-24	Google	0.0	ESS Tech Acquires VoltStorage IP And Assets To Advance Iron-Salt Battery Platform - Pulse 2.0		https://news.google.com/rss/articles/CBMiowFBVV95cUxNRmpjRFpERmt0RWxfbHdKUDJ1blpNX1puYVJVR0E3d09Tb3dxdWhpb0FESDREWW1BdGdFWmFxalVtRkhvdmhPUWtjT2RCZS13bUtxME1yREFOYkhlelhmM3BjX2poWjNnSWxpMnlXOVVBLU9pQy1YaTNxZXlLNmprQlUxUjdVd3Y5RDlCbHVfMjdZQ3VsVXFDRnB4QXNfdUkwZWVV0gGoAUFVX3lxTE5MQVA3aXQ1V2xrdE5oMkhNR2JWQ1VXYVRtaWpzNWlWNlRRbWJXcnhvdVgxWjZqdWFWN3BpRDB2LTV1MEN1WVFtb2VROTVSWGRUZWFiZXlFZXhUYndqNWs0b0lydndFd3VKMzZLZDZnc2trQXRGb0dzTDZkVEl0ZklpRjFHejA5YUUwUVJCZDc2R0tEQzlYYnpnWVlhSUhIYW9GVlpETVJ0Nw?oc=5
2026-02-24	Google	0.0	Eco Wave Power Highlighted in US Department of Energy National Laboratory Report - environment coastal & offshore		https://news.google.com/rss/articles/CBMiuwFBVV95cUxPWjkxQVpFMmNxS3dURDRYU1l6cGNRSm5WUzNxaU9rTHJzVXVlOHhzNk5iWV91ZEZVeVU0NUZxX1lqb0ZpWXBvZ1hlMmx3dHlYVFh3YlZoRExPcnlfMVhfYnI3T2RfXzZzRXZ0YUFBbkZKMVpWS19nN2pWV05SU0l6UG5JMExYSXc0clRFa1dLWlRxNHFRNHR5TFFoVVpKYUlWY0Z4bWxhTjVGS0NNdkd5eXJPTEItY0NuTkdj?oc=5
2026-02-24	Google	0.0	Energy Innovation & Sustainability News - J.P. Morgan		https://news.google.com/rss/articles/CBMirAFBVV95cUxPendrNzBPc1RKd3VWRjRieVh2bURrbk9DN1d0NE9xQjdRRjZOQVMzLTJtOVhIS1p0X2ZINHRYZTMwcEdEcDJRWU5rcExUaFEzTTFqWUFMWFJUaXVRUi1FeUt2WEJzdnBQNFNYdFE4ckEzejVSZ1FTbEdiUFZPalVyUDZhb2RURFJRbVpHNUNBdGJBYl9RajRmb3hQZVFZcTJQWWZwN1RVZU94Z3F1?oc=5
2026-02-24	Google	0.0	Envision Group Highlights Renewable Energy-Led Revitalization in Desert Community - TipRanks		https://news.google.com/rss/articles/CBMiyAFBVV95cUxQeWpxWkViVkg2aktfRGV5ZkNZN2ZrTWYxV2Z2VEV1TmwySmxCVW5BdHhOVF9ucmp1NDhTZ25VcUNlYy1EVEtwZGZGd21TRFFEQVlFSWpWa3dSaWh1dnVlV244dGhZbkVBQVRCaWJwVW4zTWNtUThUN3l4d1Z1d0dfdlllSXZNTXFoY1ZPUjJESk9KU18tZ3pZVEVuZnlMZ3J4NnlMcGM2QWJxRVVWZlNYdklnUHpwZzFMTkN5MFVMSjJEVUl2S29UbQ?oc=5
2026-02-24	Google	0.0	European power price volatility creating battery and co-location opportunities - PV Tech		https://news.google.com/rss/articles/CBMioAFBVV95cUxPQUhDTVRzMHg3S0xiNWNnZmtHNUd0LUhvTnBBZi1uYXdOQXZtcF90M2s0YmtkZjhidmc5MW9NUmtqbGpHcGR6LVd4Z1g3NTdSa2ZUcXVRMTZtWFNtY1pneUNhUEpQLU10ci1EaXhxNTNmZGRVSHN0Ny1XQ3I5WURhQ3NOOENzejBhSm16WHJ3eUlDZVRpNEtQV0xKdFcwcGhp?oc=5
2026-02-24	Google	0.0	Following 35% growth, solar has passed hydro on US grid - Ars Technica		https://news.google.com/rss/articles/CBMipwFBVV95cUxNbk50M2E2YzhUeEJ5dXBhdEtFR1hlOW1VaTJXWHBGRXlMQ2RSUERVSXNpeXA0d0JZaFh2V2ZOdlZRVjNmdF9BMy1fWi15aWFBYk5YbjA4UktfSEtNNFpVWHZhTmxTNGtWNXJQTW44WUJMS1oxc1U4a2hhbk0zQ3dBRFFfc2tNbjJrRXVvWTgwbVdvLVFBRFFrVjhTcGRWZ0NSQ2xIMU9YSQ?oc=5
2026-02-24	Google	0.0	Get the Facts: Solar farms reshape rural Southeast as residents weigh jobs and land use - WJCL		https://news.google.com/rss/articles/CBMia0FVX3lxTE5GT0RVX1REZDNXeXVwc0lIM0RQdDluTjRrY01kNlNKOVN6YmU3SEhDbmVpTTJCRjlabG5zZzUyMlpkMGxCN3hMQ1dPNklZSnA3U0xSeDJtR01PdHNtX0VSZXJySW15aGplOHo0?oc=5
2026-02-24	Google	0.0	Goldman Sachs Alternatives backs European biogas developer Andion with €67m credit facility - Bioenergy Insight		https://news.google.com/rss/articles/CBMixwFBVV95cUxOWHZKSC15RFpScmNZQ3ZjNzRjUm5XUm1PeXV1MnVicFJmWGRJcXBFVllaUjhZZWFxcV91UVNzRGZ5Z280SUtDb2tXVWdGOEpHRFdybERBLTBFNkd5VkpVdDAyOWZQUWw2R0h4WUVjX2ZyNkZXMUYtM1FtY3pDSU9La2NPR0pMZlpJZmJSNWlfbEhXTWVQNk1pOFY1LWo4NUxqR1BQRkpqQ29sdzl3SmU3Z1RXSTVuRm9FME1ndGtQSnk5X2txUTJV?oc=5
2026-02-24	Google	0.0	Gov. McKee signs executive order aiming to reduce energy costs, sparks environmental debate - The Brown Daily Herald		https://news.google.com/rss/articles/CBMi1AFBVV95cUxQeTJ3YTg3UFhfZkI5OHZNa3l6bEkxMU1XcTdjZHBGckNjbFl3a0haamtZdmpVSGdSbEZONHpPSEh5dmFNUW9wRmktTTBaS204UkR5N2IzVC1Dby1yLVdkaGZSUTFLZFVKQ0tKLTM0b1Y2WkpXWVhVY19qeXZTblFyODdtNExaaEYtd3VFdHFkRzJTNW51S05RYlZFc1VHMUVBYWVNcUEzZmJMS2hZdno3SmVwVWxjNXBnOG4zVTl0bTNqdWo5bi1OUnhtQmhEcWFrS3dJeA?oc=5
2026-02-24	Google	0.0	Gov. Moore’s landmark energy proposal immediately met with Maryland lawmakers’ red pens - WYPR		https://news.google.com/rss/articles/CBMixAFBVV95cUxNTUpQR09FemJzc2F1NFcwVzNoUVA4Vy1mbEk5YWp2Z080S3FLWWl2bElUQVJ5Y01sRFhnaWp5dmozUUxRSFlLTVVEb2daQUQ0b21aYkZTRk5mWkx0Ui0yZGFJRHhtd1Y3V2pwOTQtcUhsOXdaTFc4eEcxbTU5UnVHeWJjY1NXMm5nYmUwZUdXdUkweEkwRVNJMmpVbWsyNUZEOWhrN3dFQVNTa0FJWVgyS3RCeEhoNUxEdXdVd1VwYU1TUEpF?oc=5
2026-02-24	Google	0.0	GreenSpark, Encore bring online 13-MW agrivoltaic community solar portfolio - Solar Power World		https://news.google.com/rss/articles/CBMivgFBVV95cUxPSjE0TzF2b2dpUDRCTG9PNUhteUV1YlBleFZScHBndnBmQW1RcjNlLWZVVWtub2pVemhZZGZKTmlXOXBEc2laZ1FVNnJyYnpvVnNOUDJwbTZOa1ZzSDQ1bTJnRVMxSWdrQ0JOUFo0cldOdERSRXdCMDdpcEFZMlJTMWl3VEZ5akRuVEY1dGw5ZVYtTWNoNlVZbmZfYUdjYWpWb0RwUFZIbU53ZGZDdlVUUXRueTF2TWU4UDNOdWJn?oc=5
2026-02-24	Google	0.0	Here’s why it is Florida’s moment to lead on renewable energy - The Invading Sea		https://news.google.com/rss/articles/CBMi0AFBVV95cUxNb3B6VFpHVWhRWjlSdC1LRHNMai1qa1BteU1md1FlTWRGTFdzMk1zM3Q5Q0RIUlZySDBZaUFZbmdLRTNPeDhPOGxaWjZrb1BtbnlBd3VqbmlKeVhqb2V5V0w2LVBNUEVzcGc0MjU0SGMxMmgyVzk5cTh6LUZ5QXY3V2Q1dUh3Y1JGZkhmX3NVMkoxNkFHS3dJaFZ1NmNWQlI0dlR4NnJyTkQ1MG1icWkzNnRtWVJCaERNRTI3ekhrakhPOFd0V2RDb2NoenRfV1Rf?oc=5
2026-02-24	Google	0.0	How a solar energy developer lobbied for and won a reduced state permit fee amidst farmer pushback - Investigate Midwest		https://news.google.com/rss/articles/CBMi2AFBVV95cUxPTTlHQU1XZHhnbmhRSHQyR0NRNzRVWGJGMThPek9CUkhsR2hCM1RfYUNEWnYwMVR1STNsZUtndzhlVHB0U3gtbmdIVlpuTHRlVTZhUl9CMTBNOHdUR012c3hHTTJ0WEhKV3hkN2NhRmJ3cmRFSFQtN0lnWVRyYzhTWU1za3psZHBIamxndnV2WnJWV3ZVY1lwRFhXTUJDdjY3MEdHSWlSSDhFY3V4VlozMWF0cW1aWmRpY1dyVWNDZTZrWEtSaGZFaXAxbzBRa1B3WHB2WUlxT2Y?oc=5
2026-02-24	Google	0.0	Huffman students construct solar-powered tiny home in UAB partnership - Bham Now		https://news.google.com/rss/articles/CBMiowFBVV95cUxOamNLQWtwTk42RGZldVZlLVJvR2VxV2JLTk5sQTI5dm5xbE5Id0FVRHFhVnBmN1FsREVRYkJrMFR5LTJERTBIYjRyMVRLQVk5a0owa0tzOXl4Y0tGbDdEQUNkak5zWXVDMlFFWUQ5b251Zk5PQmdzRWtvajNSdjB1TF9PSG96VndhRXk1LWFhX0xIYV9VTzAtR25pQzVRcGFrS1hF?oc=5
2026-02-24	Google	0.0	INTERVIEW - Energy wheeling reshapes South Africa's power purchase landscape - Renewables Now		https://news.google.com/rss/articles/CBMiswFBVV95cUxQeEFpUkRrR3dVOFc2Q2JQQW5MTXlkbFZmUEozS2Y2MXZ2LXpRZEdrUktVeDJJOTRDakVoMFRCdVlCUlNrWHgzUHhGTmp2NEwybE5WRUxRRFFqOFBsZlJFSGZycTV1UUNacXd3ekVYbzd5VUdCM0lGYklWUFdzRmJHZEY4bTZIMVQ5b3pTN182LTBKdDhFVkRUaXJPTE1jRGlqUlk0aHZmb1dkWThhZUpNZi1iMA?oc=5
2026-02-24	Google	0.0	Iberdrola to supply 100% renewable power to Cordoba uni in Spain - Renewables Now		https://news.google.com/rss/articles/CBMisAFBVV95cUxNRjhhVnBzVUV4blcxc3o1VjVEQzVfMHBsQXBoU0hjV2tJVFkwS2pqdWVzbHFxeUd3Uy1Oa0pSZWp2c19hZ0FEOHRwdFhodE1SeElRbHNoTmZ6bkJ2VlRLcG5IajltVUhDUE80UVVlMURlcExuWkdUcmNsaHpBT2RoaWh4dVNIMXVLQml1UWRXR1NIeDVaRVJLR1FlMjJMTXctUWsxSkNmMld5b2huUGtqeg?oc=5
2026-02-24	Google	0.0	KEY 2026 returns to Rimini, setting the agenda for the global energy transition - Review Energy		https://news.google.com/rss/articles/CBMivwFBVV95cUxQLTg1M3hfOHVwdzAzYVFEQ3BaQ1RpZFk2cFFhWml1TkUzV0NYcVJ0bktZZ3lWMi1RQ0p3MjktSU5uSXQxVmxjbUI2alVjem9qWFkxS1g4cnVVMVY1SzZEMlFSVXo1VUhhUlo5OThIUDhjRjlEZF81ejlWemw5MzZvYzBIXzdWSTR1MGU2OEY4SWY1anNUQjhOMEJVT3piTWdxalM3UENXeWxvMi1ubXk1cXVlanpSZUQ5cGJCQ2stYw?oc=5
2026-02-24	Google	0.0	Kazakhstan, France Advance Landmark Renewable Energy Project - Caspian Post		https://news.google.com/rss/articles/CBMimgFBVV95cUxOall4dENVczJ6X2RaVVhTa2U3ZWh4YU9YRjJGYkFnZXJ4U01RMUp3Nmp3aTliSlp4eHVvOHgxZjV5TUVPNVlDcHlKVzY3YmdzWXhwZnNjWW95VUJ4VG44X0hUR3RKOE94bmlqNFJ1R1NqQzk5bnlHdF9ZQV9oNWpYOUFKdDdCQzhKWTZDbW5HSjljYmFnVnNITUlB?oc=5
2026-02-24	Google	0.0	Mars Signs One of its Largest Renewable Energy Purchase Deals in Europe - ESG Today		https://news.google.com/rss/articles/CBMingFBVV95cUxQUmI5dzRhempqZGRzOWVyVlJxR1RVTXhDUnJKcTZIcUFkbngwVHZTWURMd25FdFJrb19BbEhiRlFmVFFaTVB2M0g4V2VZcVVRLWhoQ200ZVp4eGk1Ql9kOHN6WHRsb1V0eDJsaXBOWDdfOG03V1VvTXlBb3BGWnZmY0JUWFB0cUkyR0NSaWJlZGpPOTdvTXVkRHV6YWFQQQ?oc=5
2026-02-24	Google	0.0	Michigan joins lawsuit against IRS over wind, solar tax credits - WJRT ABC12		https://news.google.com/rss/articles/CBMi3gFBVV95cUxPR2lhcDJUTGNHRzQyNXBMUXlSMGE4YVBxT014NXM2LUZEazJnLWtIQXJoNkVWVm9Sd0FzOFVuczlDSnFfV0xBYndSdWZuTU52bG5PeW0tWkVaYlBpWE9IS21Vb21JbU5PRElIQS1vejUwQTZUeVJ0UjU1VDJJQ0JENnBGdl9neHFQSlVwb1I5S08wVXUwbE1jMkVKenBFYnN1NTBXcEFKcGhRaEVDbXFnalNxRkswOUNlZXA2WTdQWERTYlNqMlRQSF95R0oybW55bS12UmlKOFZxdXM4ZkE?oc=5
2026-02-24	Google	0.0	Millions of eyes on the grid: Why digitalisation is key to decarbonisation - Enlit World		https://news.google.com/rss/articles/CBMirgFBVV95cUxNMDRES0VPVnlHUUQxRkxBbjJWcW5qS0VLX2h1Ym8yaHFpSVdaZWtGNzZtM1NqR1lzRFhoNzdjTWwzS01Gd3ZwZndIYnRXcjEwU1UtWTBPT3N5bHc3alZScWtuZGxQNG1KWE95eEd4RnBHUS0wVHUwWURrQkVRQ0VBeVZTN1dsak14ZmkyRXE0OUpsd180YmNrbjVrcDlpZ3hmMTZzbng4ZlZ6Vm50bEE?oc=5
2026-02-24	Google	0.0	Mitsui Signs Solar VPPA With NIKE Japan to Deliver 100% Renewable Power Across Operations - ESG News		https://news.google.com/rss/articles/CBMirgFBVV95cUxNRlJxNnZUZE1qa1NZOTk5cTlsMVd5a3pRNF9iSjRwQU5oeHYyYUtPb1lBUmZITDkwMW1uU1hzR0twdlRrTmg1NmliSVlQR0xLcGpyLV9HWjVzQm5Wal9NcXFDbmR3TkU2RHFrdWhvNHFfbW1hYl9jbHpCNEJOWW9SZ2FfOFIzczlSOWVoWGRZMnVPT0Y1NE1vMk9NNTdwNXpoYUpUdzUweVhfNFdiWnc?oc=5
2026-02-24	Google	0.0	Neodymium Magnets Market Analysis 2026-2035: Growth Trajectory Driven by Electrification - News and Statistics - IndexBox		https://news.google.com/rss/articles/CBMiywFBVV95cUxOSVl0eExlQlE4a01qeVpsNWVjWEV3RkxZSXVMdXNNLWZPLXNLeC1qWXJsdVRoR0JDdzk5N3ZxMUFjR3FrelFXRHotUjFuYlFRZ0h0ZHdUZVZ1UXFCTjh3dUZSZUZ5eWZuTFR3TmZfdlozN3dteVBqa3RGMDhxelJPUExNZWVaVk9NaHVheGZ0bmNrQlRLZ2hldkxXRUdOTmlPNjYwRFVaSDRlcmM2WWRpY00xblU0WHB6Y3I0bmozVTJzY2lBeGRobFROMA?oc=5
2026-02-24	Google	0.0	Norway’s Scatec to boost renewable energy investments in Egypt - Dailynewsegypt		https://news.google.com/rss/articles/CBMipwFBVV95cUxOTy0tajc1ZEYtaGNHWVpwMnhOT25aNHczMDV0amREUzg0TU9wV1dlY3h1ZUFpcjYwR05reG9NMDJpX2VXX2plQXl5dzFqckMtdzROQ2tOVmM3RVBqVlJFQ1NrT0I0TDRhUmxuRjA0UU9hQ3lYb2lhdWZRZ1NPZVZ1QmJ6bWxUbnlKTzFua1hTS1BGTXAyYWFvbFNqX1lhblBHaHI2R2xvbw?oc=5
2026-02-24	Google	0.0	Peru puts 12.5 GW of renewables on hold amid electoral uncertainty - Strategic Energy Europe		https://news.google.com/rss/articles/CBMimgFBVV95cUxPS3dKRXR1T2F3TVpfY3pneF95VVh5dmgxYVI1azI5R3VFaUdYbE0zdVhLYWNXMGN3aGZ2ZUpQVm9HRXBJNkVTYUVWQnc4a2diQWphWE12SzlwZWZLc2ZlT0xzSTZhNFpQNEdFODRSdlJpZ1F6clZEcWoxN2dvYnJRNllBZUh5eHZlVVNNQjQ4OUV0ZU5oTHpwY0NB?oc=5
2026-02-24	Google	0.0	Photovoltaic Industry Growth Fueled by Renewable Energy Demand - openPR.com		https://news.google.com/rss/articles/CBMinwFBVV95cUxQTV9LblNVemtoWGtqMmNhSEM0VnhIREZLakdlVTJFc1dSanFsRUFJeURHTjhYS2NpRVRRX3lDY0dOVHJsZlBCM01TbS1fbFBncmpieWplR2ZGZTdIaU84YXgyQVlqQm1Rc0hLUDFXd1ZvemZiRUJjZnQ5U2VvMnk5X21XSWlxb3p3alVBLTFnTFBBOWlOYlNCUVNLZ3pOT1E?oc=5
2026-02-24	Google	0.0	Polaris Renewable Energy Q4 Earnings Call Highlights - Yahoo Finance		https://news.google.com/rss/articles/CBMiigFBVV95cUxOUUY0cWFDWWxaYnRSOTg2SExza2xyWmxjdWQ4R25yZE83NnQzN0pYaWxPVmhRZzdwRDB5WWdjcTBMZFBDdVM4R1hPdDU4YmwxV1E4UnN5bnM2OXA5N2xTMjUzREp6ZktjVFJvOV8zdXFhdzBOYVA5U3hSaUVXbHlnYXhjbWdrQ3Roanc?oc=5
2026-02-24	Google	0.0	Proposed 4,500-acre Alabama solar farm will be home to sheep, protect wetlands, company says - AL.com		https://news.google.com/rss/articles/CBMizgFBVV95cUxOdXFIZkR4eGo1Q1g3VXEtcjRmdzFCN0lKSFB0NDVTeGhrbGdDclVxVkVnZFJMT3U2Y09YTmFZcHZGb0FvWWthQ2V2VHM5UkJEZ20xSUxZaUtQcFk1QUlTQVR4S0g4V0RFc2NkSTNCaUpRUU56dmUtVEtrck1oNHhQOGVFOXNwLVlQM1o3c3JrbFNKUnJHZWFyelRMaHEyRzdvUzdzWlQ5MGlsckJLSE1EbE9wNk50OVg2Rllia3JGVi1LRlotV3VxT3FjenVQdw?oc=5
2026-02-24	Google	0.0	Renewable Energy & Battery Stocks to Buy Amid Expanding Energy Transition - Yahoo Finance		https://news.google.com/rss/articles/CBMiiAFBVV95cUxPT0JURHlNcHQ3U21ZM3pHa0JKaURLTDRSYTcxaGtueUwtbTlxVFF3QjNWNXZaM1JJbzh2bXB1aFJkQmF6TVJsYUpMS2x0X3VubHhXNWp6QkpwRkNiNXR2MktTYXlJM1hFYkxNUmF3bXJQT01zbDdiX2MzanN0SldfQ1Vxb2tTX2Zo?oc=5
2026-02-24	Google	0.0	Renewable Energy & Battery Stocks to Buy Amid Expanding Energy Transition - Zacks Investment Research		https://news.google.com/rss/articles/CBMisgFBVV95cUxNa3JQRFFaNEpObFNjRXczVkpKQ28yY29PeWlKeDF3bDdlVmxIeTZneGpaUC1vb29YOWdqUUd1d0hWckNMbkswNG9Gd2tVd3FNcEFlVlN0bHNkdHNKam1fb1hKazZfOWUtQXliYjNiMm5kWDQ3bTg4UUQ1XzUyYlVCbTZqZGoxalE4aWlXcUZHUTlWV0ZRbzRseFhmT2pqUWp1elBLLW1TeDdhWlRSUUM2ODBB?oc=5
2026-02-24	Google	0.0	Renewable Energy Certificate Market to Reach USD 64.6 Billion by 2035 at 10.8% CAGR Amid Rising Corporate Net-Zero Demand | Future Market Insights - StreetInsider		https://news.google.com/rss/articles/CBMirgJBVV95cUxQWWlILWVSOTJmdmdmV0FPazR5Yjg0YTZVSUFsbHoyUFcyb0hubnRvRm4tQllhMnJncEt2S2dsU1FRZXhBa3A1U3c2LS1wYzc1WVBEX0VlQkdsbERUX1pPLVBhcWwwTTVpRndoZnJ6eUZJc1laU1ZEQmdYWEpoZHMzMDRJVXN0TDlTVzFqb1NCcTNIQXlkRmZjWVpYTFVOUTdHQ2JSN2tEa2JNT1c1eFdEU3BJaXJiVWpPQVdEWUVPV3hSd2pwZXFDcUdKVF9URUllUjdwNUxxWGpCWlpWZnVCZ25ZMldnTEdLWjczV3JoTzlwTVIzd05ZeHd2eE1CNjRJVWVZQWdQSXVYTnByRW51bElFRWplTmJ2WXl6S19ZYS1TTjVSSjcxa2MxSDZtdw?oc=5
2026-02-24	Google	0.0	Renewable Energy Stocks To Research - February 24th - MarketBeat		https://news.google.com/rss/articles/CBMipgFBVV95cUxQam5rX3huZUJpemd2NzVCRjRoVTc0Ulpha3BURXpYNGpibzNUZFBuWGVLd1cyNlJtdk5sZU1nV016aWlWWUhESVRfeUtzaHEzMzZRWlliUHBEUGZleWdBN1NzcGg2ODE5N2VhYlZtbzRlb3JWYTJ2MHUyWWI1cG5QNGVqdUl4VnhFRjRib2hzRVZ3WW1IMkJGRERoWElMZTBWLUtXYzFn?oc=5
2026-02-24	Google	0.0	Scatec reaches financial close and starts construction of 130 MW solar power plant in Colombia - scatec.com		https://news.google.com/rss/articles/CBMivgFBVV95cUxQaUhHQ2VJaFgwSjRyZUloNHFtMF9KZ19GcGZ2aWVZSkU2c0ZlaFpSLVpXZnRMWEQ2eVZjR0k5N1lLUG5qelI5dU14aFJTZWVoaEVBYlhrX0poTE5fS0h0MXVHM2tEUFVvYUdtZEpJOHZvNVEtNTM4RUhaZ2J3Q2pwSDI3QU1LcXdjSlVWR25kdV9BdUZBalp6SlhpNVYwcTJGekhmSGlGUG1QWUpCNlAzUWN3MThvQjgwdUVJcTR3?oc=5
2026-02-24	Google	0.0	Solar Air Conditioners Market Demand to Accelerate by 2035 Amid Global Energy Transition - IndexBox		https://news.google.com/rss/articles/CBMiugFBVV95cUxOaGhZcFI1VGUyc0hjUzVVanFTM2xfOHFGY2gzaU9TR0J4MVNqX0RmOXVHbDVESlJfYTBnajF4enAxTlJRUzJVTUduR2ZZZFdfZ1dZSUllak5BTlNjRUtsaDRnMFpNLTI2eEZkQ1dEMnNQS3ZjRnM4M0hmODhiWmUxekUtS2hGcjlnSk5PajBmN1dFR3ZneVFFY1M0aGtvTXp4bkZ1NHc4VXZmUjVqYmZLRV9oZ2dZZGtGM0E?oc=5
2026-02-24	Google	0.0	Solar power taking only tiny fraction of Colorado farmland despite fears, industry study shows - The Colorado Sun		https://news.google.com/rss/articles/CBMihwFBVV95cUxPQWR1TGVHLVhyRV9SdjBlNGl4Y3VRYUpaRFlBd0NkMExIeTRqVmRPUDI3QW1EYmdJazFwRU5RLTY5Y3BnaTN3Nzc2Y0otNl9OLW5SNnZDYl9OTTJ3ZEJmdGpnZ3l0SFZKeGhLUTZJMkVhSFduTnNjYk5EcnlzSjdXZFF4NDBLWUk?oc=5
2026-02-24	Google	0.0	State of the Union Preview: Why Solar + Storage Are Central to Meeting President Trump’s Energy Priorities – SEIA - seia.org		https://news.google.com/rss/articles/CBMiU0FVX3lxTE02ekNZUXdyY0ZOUWp2ZFNudlVNVkVhVU5rZFNoaEMtU0ZzWWhnM1R6MjVaWjRhVjhxTnBKSWFTSmxheEhKTGp2VzgtYk94d19rY2xV?oc=5
2026-02-24	Google	0.0	Taiwan Announces 2026 Renewable Energy Feed-In Tariffs To Boost Solar And Geothermal Growth - SolarQuarter		https://news.google.com/rss/articles/CBMixwFBVV95cUxOV0VaOTViLWtqTG9XUGlkNUhZQ09ud0plLXhLZFhlTlN5eDdydll0dTdLT00zU21hT01yNHhiUzdnVmxTR3RVYkk2WlpLc0VJY1FPVFdQMUhHbzY1U2VvbHdsRGRzOEtPamNRNXpjemlfeDB1dGlzM05nN2JaNDFBVlJRblhNamJvZ202LVplUGRPMXBQRTlXNm01a3p1UHVFWDR0NHZKQUxDNVFkZ0JQOHNqUDVDV29VNldZekRRV0pZVHYxNkVR?oc=5
2026-02-24	Google	-0.0	The false promise of cheap and reliable coal - Utility Dive		https://news.google.com/rss/articles/CBMijgFBVV95cUxQc29aRTBacTNmdWo0R1lrY1ROSllJSkZYQk04WHhQZnVMNE85UWljSnpsWm1IZ1RiNFUwMF9NWFBLdVFfNktfdzROSzBtU2laVk5TanF4dHdjVU11RHFtaWlfZWt6SGV5akdMYzdSMllhSUdsOGUzRWQxVEYzbnd6djVzY0c4V0J5eEJPblF3?oc=5
2026-02-24	Google	0.0	These Microscopic Gold 'Supraballs' Trap 90% of Sunlight and Could Double Solar Power Output - ZME Science		https://news.google.com/rss/articles/CBMikwFBVV95cUxOcU5SM1l3REllSmdTdThnZHFkU1cydm1UYVdzb1JtV0NIRUNteGJYRFlzYk1Pa0NGZlBoSVpPTXNKMVlsYVY4VVJuVFl3WWRxbENTXzMzX0kyR1h0NE9SR01mbkpsUTMtaU9ZOVpnTE1lMU9CSUZPb2otQXpkQTlPVU5PUG05Z2pWemZoV2hzU0V4Z2M?oc=5
2026-02-24	Google	0.0	US Renewable Energy Market Size, Share, Trends & Forecast 2026-2034 - openPR.com		https://news.google.com/rss/articles/CBMikwFBVV95cUxNVlBhRUFxRUFOMFNkUTI5bzFLSm1nTFRwWGtqTVAtaE9kVVZQUUkxTmxfalJjUzY0cXF1TmVRVElxTnNlZ1FGdEk1X24yblhnSk90cHJkNF9hakwwb3dQaWFjOVRXNWF3S25GeW9DUmpFcUFEVEdrTHVmRFN0TVprMFhpMTFoOWpPR05BSHdKX3U3UzA?oc=5
2026-02-24	Google	0.0	WMO Supports Members in Mapping National Renewable Energy Resources - renewableenergymagazine.com		https://news.google.com/rss/articles/CBMirAFBVV95cUxNOWZVeDlkTzFURTNqZldqdVpvOTdRXzdLRmd2SlR6YTAxeG92a01ucWdRV0N2RU5ZUnQ5UlJ3VmZ3dkdvZ1p1UmNPaXR1WGIyX21SVWQ5emZXdUFxVkVEUXlJdmFOSkJRRmJVUzFKLXg2Uk5LRjZDUmZEOS1FeEhfT0JJMlBvOEdLb292a3Rockd1RTFaUWZxTHpsVXNCekhHUWV4R2Z6Ym01WG5K?oc=5
2026-02-24	Google	0.0	Why Islamic Finance could provide an ethical Model for funding the green Transition - Informed Comment		https://news.google.com/rss/articles/CBMickFVX3lxTFBwLWliMGtHYnhzWTZjalN5SWU4c0lzcF9QTjBpNDNBZmxFQmxvQmlZOTJDb0JCX0lDTW1USm9fNDZ6S2k5RHk0VDJXdFVqeEFMNlJyd1Y5T3AzY3lsQjYwYVhUQVlHMWVkSU9ER2NNY1lMQQ?oc=5
2026-02-24	Google	0.0	Why data centers need renewables to match the clock - Latitude Media		https://news.google.com/rss/articles/CBMikAFBVV95cUxQRmRQS051NGd4M3J5cW4zSHdyS19OX0VVQnNfSTdCRkN4Q0YyUmdTQTJyaEVkcXh3TjVlRHRuSW5RWGxQQXpnY2FMRU5pM19XVUw3aTgxUDhIUFozSHM2bGVsTGpxM0hObjl1YmtKU2toOTl4cTJHdGc2THE5empsWWlMYUJqc1JxN2xXSmY2Z2U?oc=5
2026-02-24	Google	0.0	rPlus Energies Leads The Renewable Charge Across Utah And The West - The Business Download |		https://news.google.com/rss/articles/CBMioAFBVV95cUxORWctRThVWGViY3h4LUdTb1EyMzZoaXc0US1uNDJRYVd4T3ZMSFh6aTNNV0k1S0x6dVZxbU9GWWxBSjNXVjJVOUhBRlQwMmZIUU1fNDN3Mi1aYU5iRUw5dG1RSzhLZC02UE5QMGtBZGF2MFpIZG9iSWl5MHJfQ215Rzhqb216RmJMVDJqVjgzSU40Y0NYS1lldm5lWDhMb1ll?oc=5
2026-02-24	Google	-0.024	Cutting clean energy won’t solve Rhode Island’s high power costs - The Boston Globe		https://news.google.com/rss/articles/CBMikgFBVV95cUxQSlNiMzR1OHpQUi1TYmZTbzJmckpReHd3cU1BQVgzYl9YbHl0WngtMkdTYzNmWTdUWW04U2xHdExBdFUxME0wLXFza3FYVzJJZUlSbDItWTJaWlFzTDk3ZGRCWWZldGFsQmxsbDN6aXJvOTNrLXp4YTAtYUdVaUx1ZUdZNURiMnBfWkJWdDJYU1h3UQ?oc=5
2026-02-24	Google	-0.1	Alphabet Ties Data Center Growth To Renewables And Valuation Questions - Yahoo Finance Singapore		https://news.google.com/rss/articles/CBMiiAFBVV95cUxQZzRsd3BKRE5jOEhXeThOME1TZk10c0REQy1GbFFEdUh5TlU3aUZVVVBPQm1CREoxOGNuZG5sYjB0QmZKTmx4OVZwa3ItYmk1Mk1rdklhQmt0dUpNTUxreGlSR21BYzBhbEpwVk5ycWhLanNENk85UnNXR2xybmdILUFfXzlNUXVv?oc=5
2026-02-24	Google	-0.1	Gigantic Form Energy battery to power Google data center in Minnesota - Canary Media		https://news.google.com/rss/articles/CBMilwFBVV95cUxOZnJkblc5bmdMN1N3ZGdUVFg4ZGF6VjM1NFF6b1NqYk5nZzRtX0gwZ3d2LXlyTXZLdEtfcWhDbVVQVENyTDRlc0VoYXQ1TDYwakVBdjFkQWhSazZPNjd2a3lWczktUlh0TU5hOU5xUGVnNjFiU0FDa2F2ZmJRTkl2OXNzc1hzRWp1cm1kVDR1eUl6MHI2eUFj?oc=5
2026-02-24	Google	-0.1	Google Minnesota Data Center to Run on Solar, Wind, Battery - The Tech Buzz		https://news.google.com/rss/articles/CBMilAFBVV95cUxPYTVLVlBQSTVLLVhaYmZQRGxSbTR5emk4amE3M0JucW5mN01QaWl3Vktja052MzJBZGN0c2E0RUYweUdWV1NIUERZRXRCSjV2ZWZmcUt6c3dXZmZoUnVZMGxVTnczTGpTbFRRTkxScEs3YmVRdUJuVGRuMm4tVWR5dmFvRktvYU5qODZoRnpSX1BRVHdp?oc=5
2026-02-24	Google	-0.1	Holy Cross Energy rates rising April 1 as ‘everyday costs’ keep climbing - VailDaily.com		https://news.google.com/rss/articles/CBMipAFBVV95cUxOckUwNlRFQlBka3owcGRIc05WZTVDMmRVaVNxSHhjQXlFc2h5SDZxOU01Nld3eTJucWdFWmd0WDViRmYzaGg5V29VRXBKZmhFSkRwX1Y5VnExUE85WDdLSWdEUGJ0UGJHTkNCUE1YVXhOR193WnpIeGhqdldReUNGazBnR1dVNDhRUEtPWG81dWZZc0JXSVNSWDk0M3JGSUNyNVlEdA?oc=5
2026-02-24	Google	-0.1	MN8 Energy ​Supports ​Meta's U.S. Data Center ​Operations​ with 80 MW Solar Project in Pennsylvania - Yahoo Finance		https://news.google.com/rss/articles/CBMifkFVX3lxTE1XWmF0S1JmVnVvN3VUUmZfeVViZENtdjFMNjV6TVhiUGJsTjZSUzZaZmp5S0x0QmIzMHNlRTZQMVlSb1dPZlRiMFE2Zk1tV3E1S2poT3hSQlJuT3Q2RzdLejZyQmpDVmZlWlNXdEs2ZGx5U1pIR0JFTm5HcmI2Zw?oc=5
2026-02-24	Google	-0.111	Clean Energy Markets Face a Volatile Year Despite Record Global Investment - Crude Oil Prices Today | OilPrice.com		https://news.google.com/rss/articles/CBMi0gFBVV95cUxQVUpUNW9DT3hYZTg0Z0Z3cGV6eksxWlJFZlpnUkNLQlRnY0ZGOGh1YzV4dFVuc3ZkN2tmNlloUl82MEt5RW50RkFrbXprV0dtSDdyaWZYUlAwNHNySHN2X2FFMmJiMllHSGwtNDVDc2JtTzFPdGw4MHBmQmkzVy1YS1FhNmEtTGJjb3dONkppM215bzFQcUM4NHpCVlJVeU9QZW9CX3VVUDR0UVkwb2x3c3d1NFQ0d0hicnNVMDlzUDhjMkhzb0F3eWZmUFpad050T0HSAdcBQVVfeXFMUDlnYWxGWi1iVUVRWkE1Wl9LR1pzYS1pUnJTM0h1Zm5QbDVybU9GWUM3VE9YaC1xRUFReEkwY2otSWY2NDlRQURaeEUxZXlLWVZtWjl3MnF6dklxUU1nTVM4cWl2U1pSMmx1XzVZUDhnLTBxLXlUSEt3akxWTDZ6ampiLWh0TFhOclhnOUhaY21UcWV0cU5iWEl3RDE5bVRIN0RYekZaeEdQNC1xdVN0NVYtQVJpT29ZZWZSSmt6Zm1zTlZrb3l1VmtHZS1iRnhNYy1CbUJIZG8?oc=5
2026-02-24	Google	-0.125	Dutch wood pellet imports fall sharply as energy mix evolves - Bioenergy Insight		https://news.google.com/rss/articles/CBMingFBVV95cUxPRzdYMHBjbHFIV05Pc0lWdWkyR3MxemJqNW9GQUVPVEs2Ym15emJ3UVhMZjZiREk2SkUxSjBWNTNSYVRzVG8xMTdObDJfMUpZLXNPQ3NjZktsMWhFbURtMS1PWS1pMGlsaFMyX2NxdFlvb05DS2FqNWFSX28yLVB2M3ZGZFJydXY4aGhGWXRVcGFuSEdLQWFJMElGQ3l3QQ?oc=5
2026-02-24	Google	-0.167	"Carbon Credits Helped Power the ""100% Clean"" Olympic Winter Games - Crude Oil Prices Today | OilPrice.com"		https://news.google.com/rss/articles/CBMiwgFBVV95cUxNWDdfRXJLbWhVVXVpNHdhcm1sQmh0RDRCTFNzbkcyR3RhelZPZ0NRUmlYZUduX1UtOXp6NGs2dkJGM1VORm1lNjd6RmczWG90ekZzTmtNUTBUdlgtbXhPNDJ0QkFrYktQZ0pfaVpXUVVWYVF6Q3p4b0pfdV96OGY2eWJXYVdNZ2lZVVFoUmtLbnMxa1VwLVZIRFRWLTVDd21FTDVpRDl3aXhfSFNNS1dTVXQ0RS16VmVuQTBOMEVEbmI4Z9IBxwFBVV95cUxQUnFPalNONHZLbmRtb1ZrLTNSYXJET1MwRjZUdVpsQjY2X2NuN2x0V1cxZHB1eVNoRXphNkgxaHQ0bVhmWjROdmUtWkJqbmJsbm9iLTNJQ1hyMllNNUlxQ18yU0dTbGFNbGM3R1FIVDBFZTBPb1NfVWZLc1ZwRm5XWkZDbWJYcWplM21GaUtfUVpmXy0tRnNLZ01qVzFyTjhxYWFRbjRVbHYzOFBNUVRVOWFQNUtQNi1qZTdPakxmeTBCOEN0cGhz?oc=5
2026-02-24	Google	-0.2	Axpo, Advance Green Energy ink agreement on BESS in Bulgaria - Balkan Green Energy News		https://news.google.com/rss/articles/CBMimgFBVV95cUxQbXZObXhta2FveFp6c01jT3dpa180RE93ZDR2Z21YdV9nUW9naEY4ejR0cEFmdlI5eHZNWjl6U0VLVXlOeGc2blRCd0x1ZloyT3A2YVp2YXVyYU9QYmpuRzFvNDllWVFzbDVwLVN6X1ZZUi1QYk92Y1dVXzJkN2ZsekZzU1Q3TlQ1Xy1LQ1c1a2RHd05STEVkU0dR?oc=5
2026-02-24	Google	-0.2	Federal green funding is stalled, but sustainable community investments are not - ImpactAlpha		https://news.google.com/rss/articles/CBMipgFBVV95cUxPU1RKX2FJQy1qLVRFaG4wLWU1c1NFemNXdU9KcC0tMnVNV2dVRVdRYnBzU2FQOUJTazlCWDhsWkd0Z3Y0OFNoWkhsMHhkOFZ5RWl6SU5KR19tNURuMjc3Vm1LMzNoUHdVZzU1ZnVjeWZWdU8ydGpEOFdHS2tlTG9adlo4WVo5NTcwdDdYeWhId0Y2YXFIcnNDTHA2MG42UGRrQVRxUFJn?oc=5
2026-02-24	Google	-0.2	Sagepoint Energy closes $85M financing - Waste Today -		https://news.google.com/rss/articles/CBMihgFBVV95cUxONjBPNy0zVWJfcWpOZTFpaFlnYlUwR21BTjlUTWt3MG5SNklXZWxMZW03cWZsdm5XZ0I2UnVoRVJ3eWZpQk9BOVBGdHF2OVg0Y0JlVlhlNngzTkJCeDlLOHpja2FBNUN0OXRMdVhKUEVDbFNERTdlMEptQ3ZoR1RrZTk1LXlsQQ?oc=5
2026-02-24	Google	-0.2	Waaree Energies shares: Two factors green energy stock is in focus today - MSN		https://news.google.com/rss/articles/CBMixAFBVV95cUxPWXU3amNRdkNHMHNuQVh0eXNkTUU4Xy1aT3RJNFY5c2NuUWdJRHYwT0ZwczJSclNxbHZ3dVg5RkZVd2dOdzEya3RleGRVSGdwd0hfQ1U0N0xqcDFPM3J3bHphLTVVV0l0Sm5lYk5OaVpPbUQ2c2lzUVRBcUZ5Y3NPczlIUTljY2psOVRVUVZiYy13blNsTjJlWFRfckRBVVVJdmFxdW1fYmdvbXVGdG5XeTlRQmh2OGJNYzg5SGRsNG9sR2xY?oc=5
2026-02-23	Google	0.6	Scientists create a groundbreaking molecule that converts stored solar energy into heat to warm homes - Noticias Ambientales		https://news.google.com/rss/articles/CBMi2gFBVV95cUxOTk1UQVNCTTl0VWltYVNfaXJDeG91bHNkanBGT1JIUExCLWxNVDNCQ29TalZ6Yk9GanRJc2k5OXVoMG5SLVd0YXJxd2l2N1RITWtsMWY2WTl2U3VYNG5NdkJLaUUtdkxzZ25mRTA0ZXBUN3hud2Z0dWJ4TlJUcHlFU1dCUnlyY3cwdWd2cmw5eEU4Y1B6ZDZYVENJYUFldklsWm1kZ2FkVmt4eFFIcUhvS3d5WHRIX2xXN2dtVkxYSnc2SU43N2FtT1QtVGc0SlZhRWVoSURFTzJMd9IB3wFBVV95cUxOZDFDUzBDTWxqTk5XR19ocEhDbHljT1pVb29TQjZzZHAxRGYzRjBuTzV2NmpDQ1c2ZFJSVXloV0hUUW5QdmdORm56YWxQeldiaTR4UlhweTRkR0FkVzl1b1JxMjhOSmtuZ2cyeHNtTkwtTnRuSHJYRm9yeWljWVd1akZIMnpzZVAyV1RkdDFpRzZfc0J3ZU5vOGMtc0ZzZ3AwNkxJTWtqa0UwdUFKRUNXRTA2M2dLUk5YYVpSRmJyVzJVdlJEMm82dmFheWpxUTJZMTdpQk03Tmo1Y0lvRDVr?oc=5
2026-02-23	Google	0.5	Energy News: Latest Developments In CSE And Renewable Sectors - thedetroitbureau.com		https://news.google.com/rss/articles/CBMiuAFBVV95cUxOTXR5eXVLQkRPcWp5UHhqMjJzeVpyRW9taGdWS3lLSV9tOFZmVnY1d1JCM3hsTURDeF9ZQ1dZbE1pcFV3YzI1MUxETk5sMEJzbE14RkZyTTZuWktzOGdSSmJCeUk2NWF5U3k2X0JMVnhaVEUzTDAxT1RZTXJrdGJjRzUxRV9INGdVLWpNOU10elM0ZnMwSGxld1B4OHpQSlAxN1lFQ1V4WVJSb3BLRGRXU1loMnBKalFC?oc=5
2026-02-23	Google	0.5	People on the move: ESS Tech, Xcel Energy and more - pv magazine USA		https://news.google.com/rss/articles/CBMikgFBVV95cUxOSV9pZUpmRnZfR3V3NFFXM0dMbHFoWFZIMFRkY29TXzk4bWRkVDQyMEtLQWlxSmFqZlZsM3docWY1a0o5bUJ0UGN2dHhPVFNzN1FJZDlZQ0g5bUFjSmxaekg4bFhVLUtQRXBtNlVlU0pBTXFscEFmbTE0Y0JJYkNmZ3ZRU2hFQWhLRzdvV2hsXzg5UQ?oc=5
2026-02-23	Google	0.367	Clean Energy Sector Sorts Out US Tariff Ruling Impacts - Energy Intelligence		https://news.google.com/rss/articles/CBMickFVX3lxTE0zRWRZcG1UUWg1dzJLT1JpQ2xrTEh2S1M0WkN0RXZaVl9pejNHTzY2VFhjemIzU1kwbjdBbnJmR3AtckI3aGlTVkRPUDRmaEV3Ukp2UkpsV3diendDWnVDZ1dNQ3NKNTF2WmJKQ1VDMXlWQQ?oc=5
2026-02-23	Google	0.367	Clean Power Alliance Impact Report Shows Record Growth in - GlobeNewswire		https://news.google.com/rss/articles/CBMitAJBVV95cUxQY1lyYUsyX3NZNnd0OFMza1M3U3lQTmhKX0k5RzJKT3JqNWhkVUdJOHVIUjNVWmtlR0tCNTFHZkVPSk1xZ2x1SUVhZUF2enpsUjhXQlBsQWZFekJfdVNqWHl2UUlaazhvVUljZWVwOWV4d1RPNjJNc2NUZlo2bVc4ZmNkOXIzelgteko5SUI2S2ZqVXp1U29Gd3J6SUJLRmhWTFNwaDJvT096ZGNvRHNtMUJEaFVwdnRJeFh5V1p0TWZUYmxuMzktakhFVzJSRmhtLWhBWXFJUU9YaVUyLW9sdmR6QUVSU0pfOWxBenhJVTVoX0RTM1BjZ0dDTEpjU1BZQ2gycDkyTkpRS0JTczZienBZTkhmelZpUnpFR3hUa3oydzF6aWljOEhOdzZjZkxlY0xOOA?oc=5
2026-02-23	Google	0.367	E&E News: Winter Games organizers made clean energy a priority. Here’s how they did it. - POLITICO Pro		https://news.google.com/rss/articles/CBMi3AFBVV95cUxNWjdGS1J1RldvUHNJNDgtUGRkcTFsbV83VV9HMXpWcjVQYVFtYXJSenVvb1k5X05GY3dqSVdtb05XUERrNUR1OEJOd0M0TVc2Yk4wSjhGTGtOamRHcFd6b3EwTklvblEtWDBuQ3RleXNjUkIzaVNDRFNLN3QxNU5tR0tQbmVoMEo5dXk5Z0ItR1BWRGNaR2VyWkVObk5FWWxORlZfaEFTQzRKN01fN19KT19vc0szbTY0cjBSQ0psM2pfbGg5MnZxLUxmbUVvM0JlcUdaN0VWT1ZmVWtY?oc=5
2026-02-23	Google	0.367	Hexagon Delivers 6000th Cylinder in Nordic Clean Energy Push - Fuel Cells Works		https://news.google.com/rss/articles/CBMigAJBVV95cUxQRFRsRDRfc3VXeklRbGNMSzRjTWhyZHJJcXFuYzRqR2xyTGp0OFRrNDNwX1ZnSkp1c3VnTlZjRHI5dl84azdmLXgyZTZkTUpZT3N2ZTQ2MDUzOFgwSllWS3N3eUFodlJzUm1oS253NEpJb2pOaFpjeXJWeGY3SlFOdmxURjhRYnN4cnQ5NjVjZFEwQTI5aHppbTZJSzlxX05EczM4eFZoQnlPaXFEd3UxeU9fR1VsRHZDdVh1clRpUG9faWhHZWM5UkFLQ2M3N1Z2Q2Vfa1ZOWXZ3RHBiVkNpdXpUdWZQdkJRbVFjalU4T192MVU5bEFEZGk4Nnk0VjZQ?oc=5
2026-02-23	Google	0.367	OPC Energy Ltd. to Participate in the 2026 Jefferies Power, Energy, Clean Energy, and Utilities Conference on March 2 - PR Newswire		https://news.google.com/rss/articles/CBMiggJBVV95cUxOenRKUE5odVc0QXJrZ3J0ZlFTeWhqOHVhMHVZWEFYYms4ZldmUk9vUW1jbGk5ZkctRHhnYlE1Q0oxenhsQk5uT1pQdUtMYnU0Rmt0S1FnRXhQdXlHZ0V5N05TWEZ1S01EZ0FNZmFFalRWQUNBS3E1N3piUy1mREV0eWRyeFhwdlliSHlVWnI3UkU5eVEyc08wRXhTM2pCclFjV0dqb3lta3BDNGxTVlp6SVc1VDA1NW9KQ1B3amNRd1dIR0s2YXVNeFR0dkM3SnB0WnV6cEt0QWRjN0wxOHJPQzdiU2hVaFpGVllWMmRadXdtZU1tVnFkQlFyc19pMVZ0SlE?oc=5
2026-02-23	Google	0.367	Organizers of the Winter Games made clean energy a priority. Here’s how - Los Angeles Times		https://news.google.com/rss/articles/CBMitwFBVV95cUxPc3ZiMHJ2SjZhQkMxQWJja3JkbHoyVXc3ZURhZW1xdFc3cGJ6dnRUSm45ejlER25PUGRZS0NESkFLdFl2VVZtX1JBY0NpbWZKRHNLUndfYncxRGtqSlh4X25oYzRKVGRLbi1SdjJrVG1OcWEyeTRMbWxOZDQySUtGWFdyaXJKY3dscjNHdGhiVnpjUlFoRUhRb3A5Ymg0ZzR2UWZKVm5QdHUycW5vRUcyMV9UdmtTbkU?oc=5
2026-02-23	Google	0.357	Solar & Wind Special Invitation 2026 - Akin		https://news.google.com/rss/articles/CBMingFBVV95cUxOMFZBYkdMeUw4VklOX3BzUk1VVzZVWm5OZHNqUGx6RnBzYWZEREVnNHJrdlEtbFNqNUdaZWw2ZVZ3ak9wcHctZEszRGNtSUxnRWdBcWdSRUtweGt1ejdoUW9aTENac1Bsd2NBUG56QXVMYm41Y053bkYtT0lxZkZjRE1BQzdIbHdEZzRJSldvZXp6RUNRcXp0a1BUWnZmUQ?oc=5
2026-02-23	Google	0.268	Huge solar and battery project planned in WA sold to new developer - The Seattle Times		https://news.google.com/rss/articles/CBMirgFBVV95cUxNRWJXbkU3TWhFOFBzNjgyVUE3REhMaWpzOEtwQXB6dEdremlHMC1PMzVsMnZSSDBGSEZCQmlXOVBXM1pqdTlnMjdhUFZ5Z3ZSYVNXXzlmU1JDUmdkM0hDblVYQXY2bFhCQWdSOXBiUEhxU0pQM2YxZGJ0UEljaE1tSWZCZ3N0WHMxdkZUZjh3VnZGYjZRa3JaQmRNZ3RxeEtlaExyRUpZcGlJNEpDeWc?oc=5
2026-02-23	Google	0.25	COD reached for first phase of the Obelisk project in Egypt - scatec.com		https://news.google.com/rss/articles/CBMijwFBVV95cUxOUFpfYkJLYjFmTmpwbEM4VmJxVTJYMzloRFVGSjJUbkVZTmFLdnB5MnFfSVBtNE44RnRkaU9nWldURDhqaEsyR1AwT2hMeUVDc19KRTZyam04N3o4ZVZKb193V21fOVZ3S3Z1M2YwV1R1WG50WEk2U1lSZzNvdndzeHdobmFDVy1ya09xVkxOOA?oc=5
2026-02-23	Google	0.25	UPMC expands renewable energy footprint with first solar farm - Yahoo		https://news.google.com/rss/articles/CBMilAFBVV95cUxOSkZ5Q3pTblNyUFV1Vzk1aFp1THV5dWNHMWhLNW95Rk1GYVN0ZWEyMVpUaWN0TFR1b3paOXRQbUdLbnEwTmJlSUNPd2ZRelNHZzJDUjY0dWRiN09wbmdMTEp0WEs3MHJzek9zRl9JbXRZa0dVLXpCVE80UWhvbThfSzNHYzJOTXJjMjlaUHhVdEVhdWhp?oc=5
2026-02-23	Google	0.193	First Solar, Enphase In Focus As 93% Of New US Power Goes Renewable - Benzinga		https://news.google.com/rss/articles/CBMiuwFBVV95cUxObGVfWEtpdTJJZkdneEpPdXpXZHhOeVBzWkNUd2hvR1hacEVpdW54Q0NYN2RTU19lcnRPOExhNEEwU3pESk5YT2VXb092YW41YmoyZlAtd1Rib2pMTGRva0hSS29TYlAwYm1XdThFa2l5TlJXVkl4aEV1VGJ6b2lZMS1RemJQWWdMMU12RDIzTDhuVUlKMTd0QjVYa1N4M0F2alhWMmdjZjlxQ2VfbTB1QnNDRnVfM0NucGFj?oc=5
2026-02-23	Google	0.183	BloombergNEF Report Shows Corporate Clean Energy Buying Declined in 2025 - ESG News		https://news.google.com/rss/articles/CBMimAFBVV95cUxPM2EyWWU0X2FGaFVrdklUYjVoaVdqVXltYzdXaHpwTl9TeVJ1Sk8zNmlCOWZlSF9lRUNVem9ySG9wMFJXNVBycU9pb21WY051bmhvbS0xVUxINDlPRXpqX3ZLUkJzcnpaYlZoVjBBbHgwdVVBNjVralRRcWROSktmSVR1UVFEcUJ3UGE5d2JxS2N6bWVxTjNBbg?oc=5
2026-02-23	Google	0.183	Should companies like Amazon pay for local clean energy projects? Eugene voters may get a say - Lookout Eugene-Springfield		https://news.google.com/rss/articles/CBMi8gFBVV95cUxPUUxNUER2SFp4RE15Y18xb2lPcVRVWFV5SWJ2aWdNSExteUpyQkhGdGlUSmtKaHNfVEd1aDhROTFtWlJwTGlTay1mQ3lUVXdRT0gzZDdGYTNCTmJXZ0g3cTYtR3VHb19UcUVFSkQ0cWNCR0ZtV3ZWQ1ZGTUdwX2ZERXhsSDR6dFVNdTFfbEdOWkFPajdZWUNSUGx2bzZhR3lrdGxOdkVjeUJiWG8xN09qa2tYaHRwSEowbFItV3BMNmNVLVk4Wk9GMEdTTmRXNTdXSGJGUVBkOC1fUUh4ejNyMldLMkF3SF9MTFJVWXZOa2RUZw?oc=5
2026-02-23	Google	0.136	Entergy Texas issues RFP for new power generation to support Southeast Texas growth - Entergy		https://news.google.com/rss/articles/CBMiY0FVX3lxTFBHTlNXaWpXeWVPTjFmZ2ktYVlWT1o1QWtSLUQ0MGhjLTRwVEhNMlloVTQ2dlpjcVZfdFlfRGhqZkRqdWRfSjF1RURwWEhFOVZNY3VwN0RkbE1CZHBpWmVHZVFfdw?oc=5
2026-02-23	Google	0.125	Verra’s First DMRV Solar Project Pushes Carbon Credits into the Digital Era - CarbonCredits.com		https://news.google.com/rss/articles/CBMiowFBVV95cUxPM3VkRkxkUWY0MEwxRDRtUHVld0pSdEZ4aWNtZ3VwWWZqMHhPTXlyMHY5dmJYVEFHVjdVNFVnT0JWR09mcVZ2QzM2bGxvRWw2RnlxbG1KbU9hME1PaWVIelRfUXZ5Rjk3VlNCYS1zcDBLMktBY19qVy1GWmIzTjhGUEVPSllhUjF1Z205dlJGN3NfdUo2NE5JcnZhYUdpaFpnZVhN?oc=5
2026-02-23	Google	0.122	How Trump Appointees Derailed a Clean Energy Future at the Nation’s Largest Public Utility - Mother Jones		https://news.google.com/rss/articles/CBMi2wFBVV95cUxPX3F6c2t5ZFFwRWs4eEVaeTRDS09hV3JJNWRZNFpGU1FtZ3pRQ0M4YTU5UEhxM0NyRXM3QjJ6bkJ3RnQ0MjNrY0EzTzNkWFBKSG9rM1NjaTY3cjBnWTFETnNibVd2QVBGVU9Pb1ZLMWs2OTBxN1dtQjZubVFLVHozdUV1TDF5RXpjOGJIWG5qU1dMVTByc0oxbnEwODFidlgxdzF3TG5GTjZoYUwyd0M2eTMyR2JfdU1Td1hndEpfNEdDNXAzTmY3NmNrYmo1VEJqa1RQQmlvLXFobmM?oc=5
2026-02-23	Google	0.058	New England taking center stage on new solar, BESS efforts | Projects Weekly - Solar Builder		https://news.google.com/rss/articles/CBMisAFBVV95cUxQVUlIUHVLb3FuMHQ2aTdsM0xhcWdoSHg1cGdXY3VWVmw4SVoxVnlpSTFXcHk0MGYyUkZFdllHdEJRUE81MU9HR3h0S2wtZkhwcm8wTnZ3cmxTSVVSbXRaaW1hd1RyZ2YweHBZLVUwNFU1cG1nNDF6MnY5Yk05RXNYS09DNTQxeTQ1UXMtM3NoQ0Y3aDEyYXRNaVhDTDRRZWFfNkRTWFE3M2JJZkRSXzkwUA?oc=5
2026-02-23	Google	0.0	Alpena Community College solar array project nears completion with July power generation target - WBKB11.com		https://news.google.com/rss/articles/CBMigwJBVV95cUxOWDhIbzNQcXVvQ2Etc2hDc1Izc0c0a28taG05RWUzeUlnVVVYNzdWWUF3T1dpYVpHMFN6cnJBUk9yM1hRelZRRFZUZWZ6SjJYbXc3Z3p4aUlINEIwNXdQUklWLVBsblAwNnU2alBJU1pHZldkUUdfb2wxeG5oRTUwM0NZWW5NREJuQlVTMDFNckNtOVZBR0NoaDdUenhXVlZXbnVEUUxGWGZuWDF5ZlFzWW5tWG1EQ250dWxJdDQ2LUNFY1JKNWNOY3R0dlYxeWo4NHdORDBxWGhFU1ptNEdTWUx4TWE4cW9yT2E4T0hKeF9DbXFFdldEWG9zOXdKb3d6RkQ0?oc=5
2026-02-23	Google	0.0	Amazon is Betting Billions on Carbon-Free Data Centre Power - Energy Digital Magazine		https://news.google.com/rss/articles/CBMilAFBVV95cUxNc194Ti1JM0VaSjJxREJPZ2Z2VTJLRXRZSW8wdk5QemJTQmc2Z00wWUZWcG5semVNQ1psbnVWZkhPSUYtZVpPcF9vTHpKNU10QTYzR0c2VjNMZUdrRTNfcHpvSnRGZlBQMkFjWkJRT3diSExnMXNsdGNBbXljRXV5SF9YQm11QmFtQnY2YlhxR3JfM1pH?oc=5
2026-02-23	Google	0.0	Atlas Renewable Energy Secures Landmark USD3 Billion Refinancing for its Portfolio in Latin America - BNamericas		https://news.google.com/rss/articles/CBMi0AFBVV95cUxQc3BwSE5SNXNNYXZYbFBhTXN3aEYydHFjLVpTVHJHTjBOV3pkaWsyMWpHeDVUZkJlbWhfTXc3R3hkNzh5LXZESE9ZRmEzSzJ4WDFSTzFGTUZkbFhKYmhqWnlnMG9qX0o1eFNQekx4VHEtdmdsMUZid2RyelZXeVd5UWdpaGI2TFhRSDY3cElfdmg1Z2l4YVhDWEx4ZHJZM0hwVlppYzl0MDYwR08wWVBDUlgya3puNC1DUlFYdXc5NF90cFNkcl9ESmdyZDNSY2lr?oc=5
2026-02-23	Google	0.0	China boosts profitable renewables as Trump clings to coal - dw.com		https://news.google.com/rss/articles/CBMixgFBVV95cUxQWFJyeDlmZW04WkprSUltaGhnRlFkZkJ0cnBsQTFTNURZZkFjMGt4VS1qOEtXQVlmX0l4cWtIeTRMNTBXYldsTjBjRnNyQnFSUUpZZDlxNVFIYmhQTTktMS1IanRQTVdhdVpDT0ZHMnlGcDZleFNaRnZtUVJzYW1HcDhUQTh3aHM1V3dldU1JYWVPY2tHMTlGbzloMUNIZG5MMEthbmI3MHZXNTNoRjFPeldaVkd0UEcwbjhFSS1sV0liTjRfVFHSAcYBQVVfeXFMTklFc1VZZVpTY2VPWms4SmdXaWotNlJ0Nkstazh3cjN2UlBiUTFOYmF6OTQ5ZEc4cDRqU1NEaUNCTk5QcUNvV3ctV2hqSVdmSmxJa19ZdHRWbkpOVms2a0J3SDlMWmw4Qi1Zd0Q5WEdKYzc4cnppOXBTQjhkZVpoU3BQaTlCWHFIY3Zxck5ERUUxLW03c0FHWkF2dzd6ZExwdFRuU29JNmZJZEFXNmpuV3A2amJlb0s3ek9Ed1ZLdmpZZTlMUThB?oc=5
2026-02-23	Google	0.0	Enel Acquires 830 MW Portfolio of Wind and Solar Plants in US - renewableenergymagazine.com		https://news.google.com/rss/articles/CBMinAFBVV95cUxOUkJWNlhQbXBfLV81V2ZOcnBkaEljOU11X0Z2WXRuV0QwZy1sZW4wRU1wa09OZkFKcmFKTFd6UHJmTXl1YzUxN2JRQzhnSHNPbFJkUlpIX2JieXlFc1BJeWZWUlBCNU1FanZ6SUEtY1phdDMyRmVOLUZGLVg0YmFhaS1NTDBTdTZFMi1XRWFJWld6QXhKWHZ3Y3N5REM?oc=5
2026-02-23	Google	0.0	Energy Storage Market Outlook - seia.org		https://news.google.com/rss/articles/CBMidEFVX3lxTE9FVHU2ZmhyaWVaVjlwLWRSZVpZNnJVVk1DTEp0V0RKRFZYbi1mRlVNYlVfOXYyMnJaVDU1TEJMd1RzUDJIT015LVFFenJNejVuTVFYSjEzaXFQWmcwTFdqMWJ6eDd2d2ZyMUp4Zm0zcG9BSVNm?oc=5
2026-02-23	Google	0.0	Eugene groups propose climate tax to mirror Portland’s - Oregon Public Broadcasting - OPB		https://news.google.com/rss/articles/CBMickFVX3lxTE42YlhFV25zX3ZFejRWLU1IT2kzYmZlUDNZQno1SmZlbkdnVWxaRlZpbzN5ekxCbFpfNURLQzhuT3NXMzBzWXRrZmNzU0tpQ2pxOHU5cHFfdFpqbjMyVWR0TmgtVjJSSUpoWjN5Q0JTNjd0Zw?oc=5
2026-02-23	Google	0.0	Future of wind and solar farms in Trump's America | The Excerpt - USA Today		https://news.google.com/rss/articles/CBMiwwFBVV95cUxQR2NQMk1meFQ2NEtHS2tkTXExZWV0SF9lcENLcy1OZWNHSDJ2dUl5N1JCQ2N4QUhndEVYY2xEYTNSUUt1SjFfblNtdWRXRGU1YW1qbGpvMWgzeE5ZMVRRNHhmRDZkRFZoQmxoTWZTd0tMUEVMSTBqdG40LWp3SjZrRkJCZ1FyZG9fYlRJYXRJa09mdXk0UHNQVFgwUDA5UXU0bmtWNXI3UkJHS1hwU0lSUXdLVl90RnhYcHVydllXb0VwTm8?oc=5
2026-02-23	Google	0.0	Germany's planned grid package draws further criticism - Renewables Now		https://news.google.com/rss/articles/CBMimAFBVV95cUxOMmVFN0NMY08ta1ZCUzF1OUtYMkgzbmh6RFNoSWxLQi1qRzVFa1ZUc0xxbnNRSW44X25YUGxHWUY5ZmROM2lZVHhQellyMXFSbkZtaTVUNXZCenFSaUdhMkhLR2hWOXcyTVFnQ2dMcklhU2lwMDFBYzBHc1FHcXI5SWJjM2RsTzBmbnlnaGQwaWEyTkFvZVV1Yw?oc=5
2026-02-23	Google	0.0	Gibraltar selling Terrasmart’s eBOS branch to GameChange Energy - Solar Power World		https://news.google.com/rss/articles/CBMirAFBVV95cUxQS1NobFVXaEtfenVJajZfTjUtS0JoRFU1eEhnTU0wUkNrYThJYWttWU5fS0tOcWM0eFY2czRQS1N6SGVSVUZWNkFEVWU4Yjg4bmxvVWFucGRMVVNreDZZREo5MFpVZHJab0hRNUdEcllSbDRuVzZwUmd6M0V0R3VkOFpmUDA1Ul9xZXZZTGRiY2RCcnh1eENFSWhlWU1xblpPVzU4Y2x1R2pRUFpy?oc=5
2026-02-23	Google	0.0	Gordian Energy Systems brings Maryland’s 13.7 MW Costen solar facility online after completing construction - Energies Media		https://news.google.com/rss/articles/CBMigAFBVV95cUxNWFRxdUljc2JPVU5tRVZ0akVmSnFKbEFjN1hQYVhVSmdFbThDa0RMUFRHUDVvWDYzbHRfUFlFVzM3eVNiSG9NWEhIZzY4cC1SWE9ZenhWUS1WanQtcDhHUFVDOHlyVkZuV0JZLVlCZ29HNFV3OE9acVJVUGtHbjVzYw?oc=5
2026-02-23	Google	0.0	Guatemala’s 1.4 GW power auction dominated by 1.24 GW of solar-plus-BESS - Strategic Energy Europe		https://news.google.com/rss/articles/CBMioAFBVV95cUxNTTRXVmhRMS1sZ19qNUNwTWExOE83dUZtQm95SmM1dXVpRmRwWVgwTGlBa3ROSXQtU0RtUmpkbHVnV250c1dad1pibnpWcUVjOElhUVl6UlExTlRFeFF5N1RLUmg4bmxPTFZJZkRjUVFkWnVJbFRBSTd5Q1JYcm1IeU9Ba2RwdHBnMEd0VWVNTGxYclVuSGhmeU4zcWhuOE0t?oc=5
2026-02-23	Google	0.0	Hudson Sustainable Group Secures $28.5 Million Strategic Financing for Heritage Energy Holdings - Business Wire		https://news.google.com/rss/articles/CBMi6gFBVV95cUxQeUxkSjNNZnhsNmF4ZVNrRHNsRUdpaHRIZVdBWjMzZklQVmFpOW80ZTRZcnY4dGduYmFiZFRYZmwxbWJ4LUw5TnlwQjI1TUhqd2pGdnlfZEQxeG4xNDA5RGZrNGVoalhXcVc5aFAtZWE2dUlRMldlTDcyZzZGU0VDSTRXMW01cG10Y0U2YTNxZDFfVVdGNTR0Y1dOQ3BRTHlycHBDYndMb015aGo3WmRUUEVza1NwY2YyWG1ub2UwVzR1elNJdHZDTV9iWlRwWVNzdjU0aFlycXZXV1kyZHZQdTJMZGtONVl4UVE?oc=5
2026-02-23	Google	0.0	LETTER: Midland student urges investment in renewable energy - Midland Daily News		https://news.google.com/rss/articles/CBMinAFBVV95cUxOOWtROHZiRXVnNEpOUGFKOTVLQjFuTFItcGgyNUhxZFZpeTZoaWxiNmZCTGh6U0hxVjRfN2FXdnFPWEI1UzNyaEphY1BZcFVHTzRIOUN5OE9sU1Z4RENvNWoxQVNhaWJqYVZyVlhob2xNX0gyRHI0NDlDeDNOR1V5Y2hLS0xzQk9sekpUNUxqSF9iTkdtS2JuLW55QmM?oc=5
2026-02-23	Google	0.0	LS ELECTRIC America Highlighted Utility-Scale Energy Storage Inverters at Intersolar North America 2026 - AltEnergyMag		https://news.google.com/rss/articles/CBMi6wFBVV95cUxOYmxnZnZRNFFlOGV4TVpZSWs3Wm1BenRtNWtLZEtiR01fVWlMOXl0MkRHVXZjbEFtZGVCcFFuUWh4S0VPUTVBSXk0X0RBNkFTMmJNMGJ6UEgyQ1JMWkdRNTdDclhEYTZDcVRBczNoSnFuNWdNNnR5RUhmZkFtWTFtczViU0FOMmVvcDg0OUY5c0NnX1dSa0FjZkJaNU8zZFFiaVR3MWtDS1F5dHptZ3d2cFJ2UTZ0dDV6X2Y2eUdzaFFfNGdmbXRwNGNjSDZ1bzZ1SXlieENZSURNSG5UWUpoWDBERGVWTXdnT3I4?oc=5
2026-02-23	Google	0.0	Lightsource bp sells 1GW Australian solar PV portfolio to Aula Energy - PV Tech		https://news.google.com/rss/articles/CBMilgFBVV95cUxQZzY3MGRTNWFSMk1DQUZhUXJ2RllZalAyaWo5ckhyV25VYzNYVHQyYXF5cVotNEZIekdtTm9IV3pVajFMM2F0RGg0ZXFjX2x4QWRnRUduQ29UT1RFUUJ0amJDSjlUTXczMG1LWldwd0lxZXNGTUZoZzZINGFtZXItaDhKTFRHd28zSjhBbjJWR056cm1LTnc?oc=5
2026-02-23	Google	0.0	Mizuho raises Enlight Renewable Energy stock price target to $37 - Investing.com		https://news.google.com/rss/articles/CBMiwAFBVV95cUxPOGZmMFFrWm95TWw5dEdyYkxMb3ZGakdpSnpuT1VOS2VBOWcwbVlYLVJrMGxsRFFrVHVKTnRwSm9pb0Y3T3BkTXpZZnhUcUZkMkFJR3B0M3ZQUFVld0NCcWg4Y0dRUnQzZWplS0xGUW93QTlLNU90eVNhcUl2czhwaWJpZ1p5bVVuQ0d5SWtPYk95eHlTUnh2NklLc3VubERjT1dqYnZwUFRWa0p6eGstanByTzdacV9KMFFIaHNpTXg?oc=5
2026-02-23	Google	0.0	Offshore wind energy in Galerazamba, Colombia: challenges and opportunities for a just transition - Stockholm Environment Institute		https://news.google.com/rss/articles/CBMivwFBVV95cUxNVE5xY09WQnluTHRDb29tNjZwM2lYaWVVa2hYTlVnTDYyNU5Qc1JYUWkxa1hIcmVLQzhiSDFkRjlrdE9QeGhhSG1KNUNnbUZvSmdmQ2ROQ1FUVmlqWlg3YUJzamdWYzgwcDJ0dXpBTHNuWDFsamlvRkxnQThiMGRQUERnYmthQjY2ZkdCY0xNZ0VVUklpeWgxQVpDZDFORVJSeDVSLUZRbGVXZ2U3OHg5UXJsc2xuT0htOUdsbEhGTQ?oc=5
2026-02-23	Google	0.0	Opinion: Renewable energy is paying off for rural Utah — and the numbers prove it - Deseret News		https://news.google.com/rss/articles/CBMiqAFBVV95cUxPaHBfQkVPek9Bby1iN2xDdXp3U0dNLVp3YVo3RzRsLW9IZ2pkcU10amR0RWVBVEdvbENoMmhHU1ZUMXZGU05tcDB0cmNhTm9Va05XWnpwa3M4Q241bU1yNU5iWGVrZWhubi0yci1rcUJSLU8xdkVjaHdWRmh2b29sNloyV1pPSEJPUGRjaHlqYUQwVDVzaGpfZzd5NG9xTXliVG5WWTRMbzY?oc=5
2026-02-23	Google	0.0	R.Power raises US$50 million to develop 70.5MW Polish solar PV portfolio - PV Tech		https://news.google.com/rss/articles/CBMilgFBVV95cUxNLWRyQjAyVUFBTV92WmZLMzRHN3lHRFhOaVRhLXp3OFZlTzFnLVJpUDdWVDd6ZllyMnVTZXp4MDVxZXd1MWRxOVBxZGRZZ28wYllDUmtCZjhZMFpHZ0VYRWpxUVZ0dmdTaTFCWG5FbS1fY2JSUFlPN2ZLNkw3ZXA3c3pSak9qZjZyZDlVdHZQeTJIdmtUaHc?oc=5
2026-02-23	Google	0.0	Renewable energy company secures financing for solar project in Hancock County - Mainebiz		https://news.google.com/rss/articles/CBMirAFBVV95cUxPTFc5Ym90VzE0WERQS2V6SzFBdjl0QWE1TWRmRDB0bGU3R01DZ0xmVERnOTRIbm5qeFdwWnVyZXRHeVpXbEZsTG4zbWVVTXJkUFAwRU5rSTQ1cFVaRHNKUXA3d2k1amM3MURYODhQYWF1NUp4X3NxOE9sb3dmMzBmQUV5djdpUHV0a1BJdDNpdU83MVRIall4VDZueHB4dEhNNWhjVUl6UFZmbWh0?oc=5
2026-02-23	Google	0.0	Renewable energy production rises in Turkiye - AzerNews		https://news.google.com/rss/articles/CBMiVEFVX3lxTFBhaVZFZ2xnVHhVcXJGeTBKTTFJdktfX1pkeXlybGtpVzRQSF9oSF9VMi1wMjVYcV83WHh0bklFdTlnSHpoN0t5ejRIcWtrUWF4T3RsTw?oc=5
2026-02-23	Google	0.0	Renewbrook Energy Acquires Portfolio of Residential Solar Systems from PosiGen Solar - citybiz		https://news.google.com/rss/articles/CBMiwAFBVV95cUxORE9rMV9pWWpMYUhSSll2WUtxdVBDLWQwSHhpcFYtYnE5ODg0WXRienNOWGhLN0lqUWFXbVMyMVV1NmQzb25KWkstczhiWmViRkRFaXZCY0tRRzF4QlNXQ3J6V19XQmhuU2JudFF1WkJDN3RoSDFKYXB3OVpZVGxOQzNDNVBteHBLOXdoX09ET0VUT3NITmRMNmg3YWsyeTRSejBRWTRhdVpmS0dQdVBhRFJmZ0d1cjYwekNQWXBQVVQ?oc=5
2026-02-23	Google	0.0	Repsol Scales Back Renewable Energy Targets in Spain - ChemAnalyst		https://news.google.com/rss/articles/CBMisAFBVV95cUxOVnBTRUFNUUw3LUREaFJQNnNoZXBCZjgyaThSOUpVY05YMm5SUzVKTzdZZHFiNE1YR1JQX2lzR2gwMEExY1ZpQWNmMlRxc3d0REdhanVPYW5nYTdKLVl2ajRCeFBsWVZQdDZENW5HY2lFVnVFTFc1UHlPZTZYaDdNSU5yUWwzXzEzNEh6YkdwVVp2UVdsaVhxLWM3cHR0czNEXzVLQ1NnTWhjV19IblR2dg?oc=5
2026-02-23	Google	0.0	Revolve closes advance under USD-40m financing deal - Renewables Now		https://news.google.com/rss/articles/CBMilgFBVV95cUxNRnFBcFJaVGRYTllNT3hmQkNCQzVScW8zaW5ZZGZTb3BJdl9YYlRxM0ZjTDlrelZ0dlNfdWFyLWVlOW93RmZMSHczZ2lHVk9BNlBvaGtaaFRqSDd1aXIzWHh0M3owbFA3QnpPQVBUa3JLSzQ0OGxMdXN6RVFaOFRnUWc2cFdQdEljd2J6S3dZQ3p5QThiSVE?oc=5
2026-02-23	Google	0.0	Self-Retracting Lifelines Market to 2035: Driven by Global Renewable Energy Infrastructure Investment - IndexBox		https://news.google.com/rss/articles/CBMiygFBVV95cUxOQTFHZzZRSDFIWGdadWNIVEJ2NXNHejhWVEM3Y1FGM2dQbFZhLUpoVWZkaXExN2pjNjYzcVJ1bTFhQTUwVXlMdkhxS016TVNYNzkyV3FzQXpxS1JKOUl0WFduSG0tUDRvckNNZC1ya29DTllhdGdaUDVQdWRwX1NSUFc1cFpYM2ttV3lIYjhyX3JLOVdOTjQzMV8taTZHMUNMNGJVci05SHRsZ0dHM1U2MTdRQ29wMVRRWk5IWUxrWThsUk5oWlpmYnRn?oc=5
2026-02-23	Google	0.0	Solar debate on Decatur sparks conversation about cooperative governance - Islands' Weekly		https://news.google.com/rss/articles/CBMitAFBVV95cUxNSXVid3kxT1B0bXJZSm10a2lIUWxocUNYRUtJdDRGb25WV3ZPN1o4LTduOEs0aXlCQU14Z1JmamVMSzAwUXY5NFBoVTFPOG42SFZHQkpFYkIzYUJZYnRPODJCX1JObGR5cHltbDRuYnpyd1VNRUNheC1hWUZHLTVSQ2k5Y3JaQks4ZmliUm5mcVN1OWFRSUVoQ1Jrb2ZPbWtXaWNDUnkwd2M3aE5tTWdpVDBzX2Y?oc=5
2026-02-23	Google	0.0	South Korea to back batteries in distribution networks - Renewables Now		https://news.google.com/rss/articles/CBMimgFBVV95cUxPb2tiNmJqdTJoV1Mya2p3Um5ablU2S2F0S1FOaFEweXpMNFZnYmdCWVJOQ0Z4T0UwZWM2SnF5Y3dwaGg1WTBuOVU4RjVnbTFVR3czRGtfaE5GcWlaRzNOOFM3REpWa1otc2lIMERmLXZvV1lPZ05Vb1RNd0N5UUlkaGhUTVByS2czNk9BRWVKelFobXAxNGt5Wjd3?oc=5
2026-02-23	Google	0.0	Stardust Solar Advances Global Expansion Strategy Through Government and Utility Alignment in Zambia - TMX Newsfile		https://news.google.com/rss/articles/CBMi3AFBVV95cUxNTXZ1NDY5U2RTbFkxZGFqWloxbmtmLVo0TFkzWFJ1YTBvMU1GVURBZ2VRZi02eTlIaXE3SGFleUxsX1BIaHB5aEJ0VWZtaVl5M1NMYTIyRHduT2l4MkdlemJOQUY0RVpGazlUNzFBY2JuMC11RTBzdFI1YnJRQkx0N0MtdVh1UjRjRUlBWFJFSkpXbEZodnJ6blpqc0VuOFFZaU8tM3N4bzhXMzB1RFEwT185U2s5eVdrQlhqMy1TVHJOTVdqT1dyd1BHdnFGc0t2c2hFeWJRTENYLXky?oc=5
2026-02-23	Google	0.0	Technical and Policy Changes Impacting Agrivoltaics Deployment in the US - The National Interest		https://news.google.com/rss/articles/CBMiuwFBVV95cUxOdnJGVHdhMlZCLTZxdlZ1VnBNRGtsUWpoOU5tUHEyNjhiLXdtMUtmTzBoUExZUVN2RnBoenQ0cGlMUzY4MlhwTkdtaU1adm1SU1Q3NlExZHBuWXV6VjRrZlh5WTMxMW84QURmbm1RVTRUbFhRVUhRekRSUngxWEZaODhFLWtfekpidVdCdlBvODBOX2FWLTRyV1ZhNUZ6bHlWZlNWR2pjSUMwT21tN25NWVJHV2UwMC1qdXlv?oc=5
2026-02-23	Google	0.0	The Growing Demand for Transparency in Energy Sector Reporting - Energies Media		https://news.google.com/rss/articles/CBMikwFBVV95cUxNTk10RVMwQzJ3YkQ3b3ZHRTAtZUlTVVlRYXl5WkNWSWFvcm1GXzEyVzZ1T2dhMkRITk5wQXhNMlprY051VmFNMllrMXRKUWxOOE9xOHV5M19UNkZoLXo4UVRxbDZNbEZVQzA3ZndtZFAwMGQ2b3JkanZ1QUVsSlY4X1AxN25tV3Z1SEkzV0xidUJFQ00?oc=5
2026-02-23	Google	0.0	The US Had a Big Battery Boom Last Year - WIRED		https://news.google.com/rss/articles/CBMid0FVX3lxTE1nd3Q2ZVBrT2VTUWZYZ0tFeVJISkx4VE5oYjdHNHYzNXVMcEFGUmhtekpZUjBVZmR1NVdGeGNrVDMza3F4cnN2NWd0Y1pTWGpzWEtpeDRUUl9CY2tIS3BhaUhlbGRBdnlqdjUtLWs2Znl2OXUzZ29j?oc=5
2026-02-23	Google	0.0	White & Case advises lenders on portfolio financing of Lightsource bp’s 1GW of Australian renewable energy assets and their sale to Aula Energy - White & Case LLP		https://news.google.com/rss/articles/CBMivwFBVV95cUxOLXFzRGpfanBDUm84X0JqYUk2S24zSng4UXdudU5wLWlpY0VWY2lxbkdfSVNzQ3pUV0hBZk5CRUFYQkFpd1dCbVJXN3luajdSNnVqOTk1T0RuMHdZVzNXMVR4QVk1Qjh3V1c5dVRPaXdSODhDVnhxLWcwUkhiZmFLcGpUMERoY0FCNUs5Q3Fna0trZldiek91YTB1ZGhsQnF4c3RsUlU1aDFoMjNBdzlhdzJPUzRRZkRBWW5lV2pTRQ?oc=5
2026-02-23	Google	0.0	Why Octopus is Investing US$1bn in Californian Climate Tech - Energy Digital Magazine		https://news.google.com/rss/articles/CBMikAFBVV95cUxPTEF6T0FKRkhKVGJfZmU3c2p3SzVFLTU0YldGbWhYU0p2S180NFpwTGNuY3NNVnNQcG8wdlRIVVd3b28zbDhwQWVjbEExSFg1NUF2NmZVZlpFTXV0bmxBNUxFdW5icmp5MGhzY2FGOVpWWnE3eXZTTW8wVmZKckozOVBlR1REQ2tYZ3BhQnRfN3E?oc=5
2026-02-23	Google	0.0	WinDC Partners With Yirigaa to Accelerate Sovereign, Renewable-Powered AI and Unlock Regional Australia’s Digital Future - Business Wire		https://news.google.com/rss/articles/CBMihgJBVV95cUxQUjhGMGZlWV9GMU9COFJMc29PdUg3ZzNXS0NQeXN3TVJfam9UTzZUQ1JteDFYOGl5ZTlUTUJRSnRBQ0tEWEcwbU9mcnFMU0JNeFd5VVpISkdITTR3RFFNR3FtdFJ4eGZzUkdsd2l2QlNkNTNSVlVqcGJYR0JSRl9xVF9RVnlOczIwQVlOV1V4UnpSQzByaGdKdEw5UkxUWUs1QThUSHE3Q0pzMlM2YTdUeVhYbEY0d0kyYmV5cEVXT2FOSGJnTVpyaG1ibVJHd2UyV1kzcFZWRGt2bFBwMXcwMlFEODNhaHJxbENFNWNwZlRiTGp4YllmLTVVSnhnZC02aWhNRWNR?oc=5
2026-02-23	Google	0.0	Wind Energy Market to Reach $127.2 Billion by 2027 Driven by Renewable Power Adoption - renewableenergymagazine.com		https://news.google.com/rss/articles/CBMikAFBVV95cUxOYUVxQlluSHNnVjl5ZnNMTFZzbXpFM3dIWWhDejk4U0lMVmFyb0hSUjJPUWF2SGk2bDJ5VVNJMHV6ZjhfTUhXb0RwUHI1M2JPNmZTbGhPZzNQMk9tYmNfVVE5OWxyaXdTbFFGaTlfSk05S1lmdnNqV2p4RXp3ZHlGbjJ2YjVIT2U1d0ZwV1g3YnE?oc=5
2026-02-23	Google	0.0	You Know Who Likes Solar Power? Trump Voters - Forbes		https://news.google.com/rss/articles/CBMiogFBVV95cUxQMklwc0RCLV9kdDlvSy1vTWFqWkpXZXg3Qk5tQ0xobHBFMnR3aTNVTXEyMmhJTDFyRGhSMkNUUWc0U01MVzZCblNuZnFjRWtUTEg3MXE2ZHZkSlczVGk4LWZhM28xcmVxc3ZOcEZCZmtqOGhjQ3l3UG9aclhXeWx0WDQxWGxIT2l4UFE0NGJNSF9NeFhramdsbXpFYnltc3hXSXc?oc=5
2026-02-23	Google	-0.031	HMC: Revenue and profit fell sharply, with major investment in renewable energy assets - TradingView		https://news.google.com/rss/articles/CBMi-wFBVV95cUxNOWplczd1anQ0U3I4V2xLLVAtYjY3MU8wd2ptU05JRFh6aUh5bmZVMHRBOTY0V3FCQ0V3UFNOX2xJbnJmSzc0bUZWMmZsY3BPMGJjaDI1WmU3b083NjNVNFVVa2JEOVdCbks2VXNuM25zUFp6QlJheUN2MGZwbXVhelhSMUVSRlhNZjNkREZPTkZNcHNTMnBIVU55bFBNZ2RQZm5SVDJNazZlMjlGVk5YRmY1YUhnZjh2bXNrOTU5ZHRtTmVjYUtsODVIZUthNUxfcnQxT29OYnVTcUdsTHlUek9nOThVN09vNEo0NWJBNHlRQTdtRFFZbDI3WQ?oc=5
2026-02-23	Google	-0.071	UN Secretary General Clean Energy Future Is within Reach - Crude Oil Prices Today | OilPrice.com		https://news.google.com/rss/articles/CBMisgFBVV95cUxONi1RZ0JSRkQ4YUQwSHY5WVdxdTE4R1Q3eUszTHUyc1dQMmVaTWZCVzk5elNlVTg1ZTJDdHZLM1RHRmRCRHF5NDZjOWlrVlJPRGpMNnJDWWEzdk1aN2dDNVBtQUhKWTl0RHlNTDRjOWhoM0stclI4Skl0UXZEVTQ0dk56ZDZtemZsbTN5VVZ5ZHZWWEQ5VGR4Z1d0b25HS3MtR3ZfVnpJNXRoZHQ5Q3RkaHR30gG3AUFVX3lxTFB2dm94aXZYYVlManJmQl9obERWZnlIS3ltV0s3Y091eXA1TGxJeTJNUnNuUFpPbzdQc21pRDk3ZGJwZ2J1YmZWU3Fld1ZBNWc0RWlST3dreTRzM0VjaXg4UjJ3YVFiTFVRcjVJZ3pMejc0c1kxM3ZESGs3VmVqNHFqUU9SVVBkSVdrcWE2XzVfOGgtbGRPYUdFa3M2cTc5Z3ZiUXN3MnNFUElIQnp3T3BIREp6T21haw?oc=5
2026-02-23	Google	-0.1	Despite policy shifts, battery storage expected to grow in 2026 - marketplace.org		https://news.google.com/rss/articles/CBMiqwFBVV95cUxPd09zR0Y2bzZGZlVhcE1hTEFDWXlkV2lSODhROGZ6c0w4V0lOR18wdW5QbjVOY1hkQ0VDUWx3VlMzZTZ0cUI1TmlyN09sMDFRNDMzQ2lsV2ZOU0c1VHRyRkRxWGdWZGdMbDdHUG4xVWowUmVnSXFhM3RaZXNEVjZNRHN4TG1SV1pqanNzdEZvOW94YWpGZ2JnNHo1X2FZSjBWMDJDX0dsc0R4bXM?oc=5
2026-02-23	Google	-0.1	Lawsuit fights cut funding to UMass Amherst for wind center, solar research - MassLive.com		https://news.google.com/rss/articles/CBMiwgFBVV95cUxPTHduRXItVmR6d011ZkJsX3BBeW1KOFpBdnp0dXFtVHFYbnJJS0pCUkw2cWVJdXRtN0RWWlJoUFJzdzVlWS1GVHBUelpLVTBHa1R5dGNCMFBvU2R4TmN3c2FCdVBES05YWGI2TjJzRzhuYmNuT3VqQzM2bVgzS0tqNkRPMlZoTkJYdzBrWURNYW9taDc4a2xwVUt1eU5EaW1fbXRfdVFZdXN1Umx0eEdNcjdPVnBlektoXzNaUF9FR0JRUQ?oc=5
2026-02-23	Google	-0.1	Renewables Top 25% of U.S. Power as Coal's Grip Collapses - Crude Oil Prices Today | OilPrice.com		https://news.google.com/rss/articles/CBMitgFBVV95cUxNdEUwdVV5QjJBRTNhUjM2MXBGcTFYb1VtUF9pMzNxSlptN0FjVkc0SlRva0FxTDd1Z1IzRDJYWGt1eUZpMXBHMkpzem9SeHJIZy1oc2lMQ3BTTllac0ZacXBRbzNSdzRZZkJITGV0VldKUmw0TFhnUGlpbjNKVXlDMTlHOXJzcDM0T3ZHSG1fQ25pbGt4RXpSMVRkbnBjUHo3eVVZY0VXNXo5Z0J6bEFqbVEwUTlaZ9IBuwFBVV95cUxOUFdiQ18tZG44RC1ZYjl6T09Sd2FLODExeFBVYTNDVlNnd2djdFJUUzgyeTBPeURYUlRTLUI2MGRnVFg0MjZuczU4VEswSmVGMmppTW5KTEZvODlIeDh0NHppazNWUlN2VXlMQk1WR0lud0c5TEpMOGR5Nno1NjR6eFpWT1BsaDNtcmdzaFFFRkVKNVZCeWl6QnpGUXlkQlJZTGFUZkZ5cTgteVdRNUFDa1VfVkpyZFN2TWxB?oc=5
2026-02-23	Google	-0.1	"Timeline Of Destruction: How California Went ""Green"" - American Energy Alliance"		https://news.google.com/rss/articles/CBMingFBVV95cUxPU19RQ2hqNk5PcDJfNVlQOUtLbTNzcy0zdnpnXzJHU3hOdTBXckVOWjRxVkNDRVk3UzJBem1UM3AzVUlFRzdXN3RqbDQyMUpualJvV1NKYUFab3hHd1ZfU2Rvd0p4MDA5aXF0WTFZc19keDdFb25jTTJXcHhYdmlGQXlzRm5BNXUwemlRWnd0MHExbmQ0Z0FydTJPeERvdw?oc=5
2026-02-23	Google	-0.2	China’s Green Development Is Both Anti-Imperialist and Socialist - Orinoco Tribune		https://news.google.com/rss/articles/CBMilgFBVV95cUxOUndWU2loUWY0M3BuMURtNzhkV1FIeUN2YmhxRzl0cFdMVnJ2Q2FBSEZZVHpiMmUySUh3TFgxTkhaWjBFdDBRTWozUkszUDJLd3Bvb2FuUDlJMkZJMk1wRmFHR1FDbVZFYjFWUThJdmVwVy1fVE1xZ3otX1ZvNEI3WUdDWnNiVFhqVDZvQ19ueGEyaHRlNEE?oc=5
2026-02-23	Google	-0.5	E&E News: Senator mocked ‘green energy crap.’ His house runs on it. - POLITICO Pro		https://news.google.com/rss/articles/CBMixAFBVV95cUxPLUhUc0RaS01IYlE3Wkp6NXBiOHBpdmdDYW5FSjBkVXZwel8xSXFzR3ItcW1kci1IYm5Bc0xXdUtCMHVwM3VoZXRsQ3NmQll2ZkJyVnZ3NzF1Q3hHM2pzM3JBSm9va2w5TWphejdaaldoSDlTRHBBaFJINUgtSmVZUzNMaUUzN0VkNUl3amxXajFqT1NlR0ZhMXNPSWtiNnJyUVFmTEI0cC1YQ1VKOVJwR2JQLWNQRTEta0ZEbGl0aEExaUM5?oc=5
2026-02-23	Google	-0.5	Senator mocked ‘green energy crap.’ His house runs on it. - E&E News by POLITICO		https://news.google.com/rss/articles/CBMijwFBVV95cUxOSHBfdjN6cmlOYmdOWmN5b1RCek1zVjZheGFSSFE4RDhpTi05SDdEQ3RqMi1KT2UzVHhrVlZ3bjVjYWZsQ1VYMHRnTkJxeHpIMVZiX3g1TGpvTHZ2WGxOMEFwYWxGb0t4c1ZfVUxwOXNlNzJRV3VzSVBNRHZOWUFiZVBocnNqamlLSlU3UXJLNA?oc=5
2026-02-23	Google	-0.6	Do solar panels work in cold or cloudy climates? - Wisconsin Watch		https://news.google.com/rss/articles/CBMioAFBVV95cUxOd0tPYjlweThuUEdpclV0eXMteW1mTF9tSUxxOW9BU2FuSWtvcENPaF9UQXhFdEl1X1dybk1DVFZkb0haekhwNUxTVjgzbTJOV1htUS1Rc053TnlRRThHWUx3WEMtZVB3Q1k0UlVuSTdHZEdpX21qSWhVWDJtQ2RFSFdoUHBqUVBjTC1GUFBCVGc3RVhWeUE2OERnRVZrbVA1?oc=5
2026-02-22	Google	0.6	Warm Springs awarded $1 million grant for renewable energy - Madras Pioneer		https://news.google.com/rss/articles/CBMimwFBVV95cUxQRDRLQkxHbnZBQ2JkQ0hIVWZuVkNXOTZ5UUdOWE1ISW5WaG5VaHlUTm5wVWNSYjhBaUY2WXRPNUNmYUtZSzVKcjQ5M3B5djk3WjJORWFSSmVrVWFvcU83aEt1NjAwdVJJekQ5RFBYak9JUWtqaGVPclRZOUNOQzYtVzF1Tld4bW5JejRjaWtLZ3pOb0paZy14dUQ4SQ?oc=5
2026-02-22	Google	0.4	Wind-Powered Light Sculptures - Trend Hunter		https://news.google.com/rss/articles/CBMiXEFVX3lxTE0yNHJkaWZxRGlnTzhqNVZwX2MyU0t4RzNHbzU1dGZVQW5iZW1lMm5kYi1qMTk0M3ZyU1VHYlZoVjF4VWo3c2RVb3p4R0RCc0RTSnJRSndYRF9oLVlk0gFiQVVfeXFMTzE0R2hfaGhGMFI5bldpdnlLaGNZel9ITEpXUlFPMEZTVE0zdVhWZWZtRWNiSVBoR2FNakRSZUhxVVQ0NU1WWldWV2dlNjQwWHNpTW5QbUtvcVJGbU00VDctZ2c?oc=5
2026-02-22	Google	0.35	Full Speed Ahead: Energy Demand Overpowers Policy Shifts - Seeking Alpha		https://news.google.com/rss/articles/CBMinAFBVV95cUxORVRDUXBIUlYxMnp5cEx3NDBub1pmdW1zUlJibFg1NUpYbGZMR2J2UTlTUUJEYkpIWnFjYnViS1BodEJVU2tjMFFvUGI1T2FSdWFIMndQZHNONXpJQ3U4YW5yUFh6eTBkX2hrYWlPNTRPM1hkUVB1bVBXSzFJd3c1Y3BXZTJ2TGFyVEhOY2t0Tk5OMmtBdmwxbzM0MDY?oc=5
2026-02-22	Google	0.35	Sunrun Director Sells 50K Shares for Nearly $1M As Virtual Power Plant Continues to Expand - The Motley Fool		https://news.google.com/rss/articles/CBMi2gFBVV95cUxNWXlVMDNucm9YV0VCcHhudHJsbnN3VDE5R3U5YXdQaGlRUE12ekdBV3NJSGJQcmRRcjUtcTNPX2hrX1B5ZUpaTERjdmdWWWJ5M3lxcjN3azdPVTd5Ty1GUG56QU51UnAySnpmbXJZQ2pEa1RNYlBQRlpyQ3hTcnJjdW81WEdwN1Eyd3FJVXNlVFVaekdvMkVfQUU0UlNJcFUzc1h2VHdDcjVIeFY5Z3VWRVA4M2Z1d2ZwdWlndTNTVW1zdWktVUdET0daX2pwSGdWT3k0U1JlcGtWZw?oc=5
2026-02-22	Google	0.25	Top 10 African countries that attracted China’s $66.1 billion energy financing [2000-2024] - Business Insider Africa		https://news.google.com/rss/articles/CBMi1AFBVV95cUxQYzQ2VW5Kd0hqZlNQNE1adFRkUHBjTDJLR3dtWGs3Smw5X2JNbURqeUNFenN5VFl6RXJXYV9zTllxSG0wcG9xQ3RPYWp6c0FRUEYxblJncXVhaF9pZlRoRDlzS3ZydGlpcy1OZ2FyaDkxeHZQV2JLZHdEd3NaV2RJMGVvcUNQTG9pd0pMN29GX0RMQVFOM2ZsdHFUY1NETjJtcHBnRk5sc0V6ZkxTXzdZbDlHazRLZEZ6V0ptLUJsQ29pUVU1NFFQZkJPaG5FeVhCTnhOTA?oc=5
2026-02-22	Google	0.209	Chinese officials unveil gargantuan machine with incredible capabilities: 'Flagship' - The Cool Down		https://news.google.com/rss/articles/CBMirAFBVV95cUxQbGdnbWQ5MUhtRDFRc2xSajhOZXR2Z3dUdU83MmFwTzdGSVJzYjlSVjZOVFo5VWY4WHhLalNteE9FSU9zYW5NTFNkWklyY29Db3FKZzVWaUNIek9wUzRtRU9SN0lTMktxSGtWTW9odkw0MUxDcjZHUXkzOGg4MXhOTXYxYmlZRnktajRvdkVvVlV2TmtGN0V6dkxhTngwWnhLNmRCVV9vYTF6UUtU?oc=5
2026-02-22	Google	0.183	The clean energy debate does not present a binary choice - The Times		https://news.google.com/rss/articles/CBMiywNBVV95cUxOZGpxdFpTQUczcDRMaHl0bWpYdEFoTURjMDFjbWhQckx6bW9qM0RBUExHbFpQaUlmTmVtQWFSU25zWVRhY0VYa3JlX0tQblNMXzJWdGg1ZU13OTVuci1HY0dpZzVuYnU0WGNzZWFvMFdKTnhGTFpOY2NuQ2xKNHFNclJ3cDZKcWhDUndYd0MyN0duendfc2RoX0FhZFFQek1Md2lIWFRHelNGdFhpbXBvb0l5dHI2OXo3Q2hlckJmWlRFdDc0SElpb3g1clRHTVJyMDRrc3Zabm4wTnlNb1lpU0JycUNLZ2hiUmVXWjROOHh3X0ZoSnlYMkdaSGZ2UjdEaUtVNk9nNjFsSUo0dW11Qm9FcHo5SWpKc1hDeTlRSk9aSGsxbEdUMG1YbTBFYm9fbFMzbXdXa3R0alpwMHppNUk3cHl6X0VadHp1U0U0MHBDMFVDbV9EeHB2V2J6RGtWOFROQTNTNGpBd0pyUlpKb29YazFmbi0yckRXZmc4T1BON2t3NlhpclBJbHFld0RxU2EtN1doQktLS2pZVHZ4czlyMlJLMmNtdWlZZXpPTUp5eldVaTk0bGdRZXg4aWtmSWo1dXpqQUM4YXM?oc=5
2026-02-22	Google	0.136	Largest U.S. solar and battery project proposed in WA sold to new developer - Tri-City Herald		https://news.google.com/rss/articles/CBMie0FVX3lxTE5WQVVLZzBZaXdLd2tDaWJqbWxwNkdENDVKYjZ3UWl0WS1rV1ZMdWFlREdQN1AtSnF1Q0dKZlByZ1F6RTBGdGFHZDFSSUhYcXctTk1KS1NaWnhGNmxqRlVRTnhYTDJJeW44aW91LUZ2LVJPMFhHYnNXWnp2NNIBe0FVX3lxTE1XQUJ4UmVzWnZ6TjVwWV8xcjVUQWEtWGlyVUJvSDk2eUhuZThFNTRIdTB0bGdJTk5ncFluZkNZMGI3d2hvOFhsb0E0aXk2eXhZc1JUeEhyOW1SXzM2R3AwWE1TLU5TSlJJb3ZQQXZnLUI3b3gtNXVFWm5xQQ?oc=5
2026-02-22	Google	0.1	WRIGHT: Milledgeville proves rural America’s solar future depends on federal support - The Union-Recorder		https://news.google.com/rss/articles/CBMivAFBVV95cUxOdjdyMFh0R09UMWZud0tralJsbnJSaWgxNXRNX0tWZC1jZHd2aWN2ZXctOE1VTFc0RTdmZVAyblFnQTVhWW5aQmY1c3p2U1NhMlgtdEJsSGpvbzhJb1RURkhtWjBMN2xEM3M4ZGIxZ1dwUHk1dTZfVnA5TWUzVE9haXhJUEpraUJnZ3A4alBYSGNiU2g4Z095N3p5TXFod1FpVmJTaTJDdUNUYmVoUWtFaGpBWTZ6N0gzQTdqSA?oc=5
2026-02-22	Google	0.067	Cemig: Is It Really The Most Expensive Energy In Brazil? - thedetroitbureau.com		https://news.google.com/rss/articles/CBMisAFBVV95cUxQbXFvWVI5RUhWZVI4MUdueV9RVlBSMi1Ma042TU1HVmlPbDA5ajJFX3FVMUFJQVpQODduWlNQT25qM2N2dW52Y3prRTZyR09HQWNHZzgyanJPamtHNTljMzc5UUZNTXlnNXB2OTY0UUNBSUJMYVZKN29yT2VXNUgycHFGVnFVRDNsc0NUbmpibl90SS0tVXpYX0ZVUEVoTEVFbXBIWm5Bbzh5ZDNIUVBKNg?oc=5
2026-02-22	Google	0.066	New report reveals major milestone in emerging energy sector: 'A key moment' - Yahoo Finance		https://news.google.com/rss/articles/CBMijgFBVV95cUxOcnhyX0FhRHlSdENLd3gyaDQ5c1FrUE10dzFhQzZVZFhUTGhIX1VjS3czVXNpeWpHdlhVMS16SWdtY01jUDk4d0xpY0EwU0dydF9ya0RfaXFuSnB5eXdMVVdwSzZ5N0ZnTjJFbzU5MXJTMk9PQndFTGw3b2tCRWVTSjkwOUpkZlBydG1kbjB3?oc=5
2026-02-22	Google	0.016	2nd phase of major Türkiye-Saudi renewables deal to be signed at COP31 | Daily Sabah - Daily Sabah		https://news.google.com/rss/articles/CBMiswFBVV95cUxPMlhGS0dTR0tyY2hfYWc4WFVzbHNIaVBDbEp1OVZDbk81b1B0dkthZ2ZHWnBkUDBBajZKRExxcUhZOTB3Zm5qX3RyMjBlRE1IQlY4Y1BqaVEwQWZ2N1NxYWgyeHFMV19CWVZiQXVIcEVxNmFEdlFiQ1c0U05raXg1Wmdwekx6cldYUkd6MElYaDFiMUJJNzd3Vmx0SVRzYnhEcWNWNmpnQVlrVlZDU2NMM3Uwb9IBuAFBVV95cUxObHNXbVRjOURiekFQMFhKSktFMFU0SGxrczdfZHhSNk9EMFFVQklqWU5KTFVHZXRXVjh1LU1EdWF0NmdybWFKQ3FPOVZNcm5JdzNTRWp6SW14NmJrcVlTYnY3TDlRWHlrVjdmX3FjWmRQY2ZaVUlUbkpSRXd3cVhaWVFtb19xekloVTVUeHRwLVdKOVZYajJDOTVsby1qMmEyNGd6RlBDU056ejRXcWpnZlVKdWhmQUpE?oc=5
2026-02-22	Google	0.0	1,500MWh battery energy storage system for state - The Times of India		https://news.google.com/rss/articles/CBMivwFBVV95cUxNQmw2cnV4UXhyUERZRnpFS0hXUWk5THpCQ1ZGQURsUk4wNE93WHBOazRFVHg2MUluazcyc1FaRG52NDNOVEFFR3ZLWXpISUlZcGFNTFh3cEtaT19yTUhCN1RJZjRMYlRiSEF2Mk9QclU5d2twWm5xc2RDSXE0OWpSWnUzY2t2azhVVG83bHN0TzJlTnMtaUtMMFc3bFYzRlJldWhlYlVwLW41VTUtc2xia0IyY0VDWE5vdnZYb0M3Z9IBxAFBVV95cUxOOGY1TzdxbktlWUc2VGRHeEtOOFBIS0hZRTBzbzRnTnIxRHF4WU9xMF9YaktESnB2UE5nMnphUUFpN0FicXk3VE5fUU5tRXc1dmpTQkMwVEFPb3UxczFpUnpqaWlTaDNNYmVWTTRaQ3d2alVmdG9HeEZmSUNYQll2eEp4UEpRX3labDhlc2pCYXQ5RlBLbW81NlZ1QmgwY2Y1MmxGbTUtU2U3THJfRlZCWVhlXzBxa3Y2MXFPX1hldm9vNTVp?oc=5
2026-02-22	Google	0.0	Can geothermal technology solve the CT electricity problem? - CT Mirror		https://news.google.com/rss/articles/CBMif0FVX3lxTFB0UGJBZEtqdzVZTExCWWlCdXhVSlRKT09jbWNNZTVOdU1wOXJDcGRrSmZxYkIydEpDZGdMQ0U5M0RWVEMzZ1Fsc3A1SWhXMlBGOTkyOUQ0Nkx4bUlKZnhZU1JiNlAzalRISlYxLTdPczltaXNwbl9lckhCQ2c0ZGM?oc=5
2026-02-22	Google	0.0	EU study highlights Azerbaijan’s strategic importance in the energy sector - Aze.Media		https://news.google.com/rss/articles/CBMilwFBVV95cUxNcENvNml5MzZTeWRZY053bTRtcjNVVWZIZE5sZExMd2l2SFdJd0RtdFRZWlBIY1hfaDF2WVdUVW1zWnVQOVppRzE0S3kyeU9DQTdpOUZKY1FDdGFMV09TVmg0M1Nhd3lXamRwWXhrTXBmU3FEczNvT1cyRGN6clIwUG1HV2JPTjU2QTNpd0tWMXFSdWlUTk80?oc=5
2026-02-22	Google	0.0	Fear Over Farmland Loss is Slowing Renewable Energy Development in Rural Areas - edhat		https://news.google.com/rss/articles/CBMitgFBVV95cUxQSmxyOGF5VFRocURiWHJCM1NYTEVjemc5c25FSkZLOUxHX0tzeF9zNUlwYkFMTlExMnkyMzNPbGdYVDhKQzdFb3hKNkhKQ09HOXpNSzdkVHkwb2tYTjc3eXdKWUFCZHJCSVpVX29oalFfT1F3WDJ3YkJwaVZ5Yjk3Nk9XWlh6Y2RVdzFyTm03bS1ObzlOS3c2OTFnRU8yMW40WC1JRkt5cTQxSGtmNGl2RTlURnM2UQ?oc=5
2026-02-22	Google	0.0	Fusion innovation challenges towards commercialisation - Enlit World		https://news.google.com/rss/articles/CBMipgFBVV95cUxPRlE5dGE4VWNDWVJ4UlNYUmRycUNJYlB0V2F1WHJGdzRWY1JnWUQ4bFdjaUZtQ2U0LTFyU251U0xfQnF1bmlDemlTZjhWWHFwUzFQRU14ZWhwU2ZQeTQ2NDRUR2tKeUFFX05QOEJVcDltRklJMU94ODBWZkFQaDJEdmdSeXJOUFJEaEE3LVcwRlU5Rl9hS00wNHI3TzNfOUR3NFFoWjln?oc=5
2026-02-22	Google	0.0	Global leaders reaffirm renewable energy commitment at IEA ministerial - daily-sun.com		https://news.google.com/rss/articles/CBMirgFBVV95cUxOZzN4YXpFajhYNFppMnk5SERvTjFVazlzOThCUDdBSG5JVkRPYWZVc1hrbmY5SHZZQUxSbG93YTdHTElGTUtMS0JKTWlsemtuT3AxTlVUaENydFg3amRHanY2aWRkcTQ0ajJkWXVEZHBKT2hzY05BenJvYjRqbUw2RDktamlTVFAzaUMtZ3otaUtoYXVPVGNCX0MycHExcGVRWkczSUw2Y2w5MlAwdGc?oc=5
2026-02-22	Google	0.0	ICC approves IPA 2026 Long-Term Renewable Resources Procurement Plan - Radio Monmouth, IL		https://news.google.com/rss/articles/CBMingFBVV95cUxPVTQtdUxSWXVUT3lCVzliWmZsVEpnR0RORDNzbGw1d0VRYTJpN2FfclRIT0JHZVdpSjFzY2ZKTldQVnotVEN1YnA4S1BubGUzQUpHNHBSakxyeFh5ekduczBNTlU2NmJiN0ZaV1RUcGZISkpkTkZwbm95WE9mSFZVNENNZEtWcXFuUWtuanZPM3l6Q3hLU2o0M1pQQXptZw?oc=5
2026-02-22	Google	0.0	Lydian Energy Secures $689M Financing for Solar and Battery Storage Projects - constructionowners.com		https://news.google.com/rss/articles/CBMijwFBVV95cUxNMi1rME9DVEdUeUFSdG94X19GSUVUVDE2WEZCbHJuTFpJN3lOZVZZVER2VUxBVnpfdmRIbzludnBEMGtUS1JtbmhjRzE2YUlITktVSEVOZjNRQmNYVUxXa255bUx6dm5iTkhlNFlWTTdRU1Z1MTRJM0hfS3E2R3U5QUE2WXpGZDFhQ3l2R2NpZw?oc=5
2026-02-22	Google	0.0	Putin Tried to Freeze Ukraine. Instead, He Sparked an Energy Revolution. - Mother Jones		https://news.google.com/rss/articles/CBMitgFBVV95cUxOMUQ1anhIT3JFSjA3UzdaYThoczhzR01PRGlheTdWMml0YmtsOURSX3MyeWFCMEhPQXlvRUd6NGlaY0tMNHVodjBzbkJsdEYxMnpOSU9Cc3pscnFDWUVCLTNibW5QdWVfX1NwZEh1SXlEcFR5OHRHZXdaMzM5bjNCbXhHem9hN1FucnhPUk9ORnNyQ3BESWgwUTBKdjU0TEpfVGl5MGQzOVZwVXBlcjM5YXNKbnBSUQ?oc=5
2026-02-22	Google	0.0	Record 86 GW of Generation Additions Projected in 2026 - RTO Insider		https://news.google.com/rss/articles/CBMinAFBVV95cUxPT2c3Y2dxYXZIZDRPalJlOTViSU96bjFFMGZuMEt3eWU2MVhNVTFvSllaTG5Nd3l5SlhvVFhoMEJYRUl0Vk9JZ0ozVDBQY2ZFSFp6RDdLYi1NRmFLUm5ORlVid2xDX00zWVdrVEh2dnlzN2ZQYl9TQUVXRE9vV3d1ckhyLVdDWGhBM3V0TjZIRExSYnp5VjRpc0xNSGk?oc=5
2026-02-22	Google	0.0	Shedding tears over NREL’s demise | Pius Kamau - Denver Gazette		https://news.google.com/rss/articles/CBMijgFBVV95cUxOY01TWnd2MDQ4N01aWThHdlJGWnpiVGVBWVFKRnB6TVQ4RzdfcGlBNFNHRklGYndJbDcxMXk2RjNCbDVPQ0dnVnUwNzR0Q3hZZmU3c0ctWnZvaE10MHVwdkd1MVRzTHNDLXJiSU9Gd1luVE16OVhUWjJfc0xCSXFmUjRhem1PbkpyRzFnS0JR?oc=5
2026-02-22	Google	0.0	Solargy: Renewable Energy Crypto vs. Ethereum & Solaxy - openPR.com		https://news.google.com/rss/articles/CBMijwFBVV95cUxPcGxFaVJSV3RJT3FCY2NhVDBvRU5nLTBabldaMGxGUXlxSU9aQnJZNWN3RzhKU1FuQ1htdWw0OWM4OFdRN3dyU0NlNkd4RzdUN0JtcUh6Vmx2aVQ2dmJiX1d2ZW1vQ0gyUEpzejd6eHJVYWI0MER0Ti10NmtjSUJSdWtXWGdyRUVEdUhSNFRxYw?oc=5
2026-02-22	Google	0.0	The countdown to 2030 - CSIRO		https://news.google.com/rss/articles/CBMid0FVX3lxTFA4eUNpNUZJVHhYR0o4VTRyc2lIZWZjWUh5THpReWwyOUVWZ0ZDaUtpcWVvNDhEMlUzRTFLWkxIQ1VuZUVJZnMySDAxd2IwRXNNRW84MEtPcVRZR3g3LVY1UU9jWEdIbzlTTHBiMnV2V3FoandBbTlr?oc=5
2026-02-22	Google	0.0	Trump Threatens U.S. Withdrawl from International Energy Agency - The Energy Mix		https://news.google.com/rss/articles/CBMiogFBVV95cUxQYUJ5cTFfN3ZLa3dqR01TX3NCdTF3U2kwMUN2bUk4NzdMVE9CcWY2YkpRQTllTE44dEhidWhQNVVTbFEwelZjcDE2cmdkeUlCenloMzN4M3BndVRObFMtbXZpMkpfVHBxaHFnYVplMjJQQlhGaDRSYTBxZnc1ZkVTRXZKaFRORmN4X0NNZXM0aW51dkYwY2FuSzQxY0lsR0RJOHc?oc=5
2026-02-22	Google	0.0	Türkiye, Saudi Arabia to sign 2nd phase of 5-GW renewable energy deal at COP31 - Anadolu Ajansı		https://news.google.com/rss/articles/CBMiugFBVV95cUxNbGVoWlZZVEpFdUNGSXdaWkEtdFRTY3gxTEJIY3pUbkp0VTZjeHlqcXFqeVktUElpMlVKbTg0NUlCN1Z2N0VLaHNfSXMzZGF6dlJWZ190NTZzdjUzUUNPblJZbkdKNVZOWURWOXhSZHZsdU9IQ3owc2YyRTNZUkpMNEdQczdVdFNFV3k4NkxYX09QNGhMM1ZVcnNiM3ZkVUpiQ2ZDbl9aVWtmTHRmQ2ktZ0p5ZHZPVmRtVmc?oc=5
2026-02-22	Google	0.0	Türkiye, Saudi Arabia to sign 2nd phase of 5-GW renewable energy deal at COP31 - Hürriyet Daily News		https://news.google.com/rss/articles/CBMiugFBVV95cUxQNmlLcGl5Sk5yc1FFZDNqNjg0TU1ud2dFa1czb25SWjRqSVI0V2hPWGJqMG0yT19JM2Y4eGliTUVwbzFxcEp1MHV5VVM4VnJ4VjFaRUIyV1I2eExwVndtM296b19nWDNoZHlITk5EODc3eEJLR2VVT0c5T2VWaG1TSF8tcE54Q1R3YWYwa1haeUtGLThTb1QtREo1NHp3Sk9keWVOOTBPMXM2dEQ2eXVLVE41Smh6Wm1HQlHSAb8BQVVfeXFMT29uZjhiV01CRzdZeEtxOXdxV0o4cVlQeThqWXFxUENNaUxJV0IzNE5RTzRnOVhrTGtJM0ltdWRFNkRLUU1yQW5wY0NjODdfNkw4cFllekFiNTJPRVFicDk4RDE4RWw0VVRhMDhabTZCcGNoQm5rZkljMGVKOXgyYlkwSjlKMVhfRXU4VHp4WVVRX1NjZVVRa3pacmlEVF9ab1J0Um5YWm5sNHk5UVR1Zl9zYURzUl94Q1Q2cVVUMTg?oc=5
2026-02-22	Google	0.0	What to do about Iowa’s coal-fired energy plants - thegazette.com		https://news.google.com/rss/articles/CBMiigFBVV95cUxPemFYWjVqOU80bGNFMWdDVUwxaFJNVnRLNGFQQkhJV0V3QWlXbGxaNFpUWWJiYTdFbGNDX1pUcTM0R1QycC12bTAxVV9qenlZajZNMk83REU5VFdnUDZBdVIxVzNmcG9ZSGlfOWU1VTdQT1dyaExTd1I4LVhnS3dNWS1qcFM1ZV8yZlE?oc=5
2026-02-22	Google	0.0	Why sustainable utilities are gaining public trust - Rolling Out		https://news.google.com/rss/articles/CBMif0FVX3lxTE5jME5kQi1HcWF6Sm5PeVJ5RTdCU2gtaFQtd1JwT3RleU9URkl6bmljRG90VU1ybE5UcUFpS01uTVhHT0d6UHhiekxOY2Qya0tQTldHWkl3TFRucEdtcXFBNU9xbWI1MU55eEVRbDdxSmVTaWdDLUZoWFZKRHNlTTA?oc=5
2026-02-22	Google	-0.05	Public Service Commission approves Ameren’s Big Hollow Energy Center project - Leader Publications		https://news.google.com/rss/articles/CBMi8gFBVV95cUxNSzVCNTRkOGYwTFplRkJUalItaktvOWVGTmFSREJHaV9XTVd6aG5VRHlLQXJXcEh4ZU52VHFWMEFWWC1EYjBoSU9HVG5qODdMUndGX1A0b1J1WFFMVEQ3ZEZJcEZ1V2hPXzdSaVM0ck5kTEFKRE41RXZ3R0FFMjJVSFAxNURFQkViVDBTeU84R1dUdG1oYVNQaWI5Q1YzeVhSTFd4MEhaU1ZsOUFjNmkwdnU4RUtIWnYweHFUZ2ZVMkVPUEJKcnVYZFVCQkhiaW5uRUFjbi1fdUtLVEdfRm81bFl5LU5XWG5YeWxUSlFHWl91QQ?oc=5
2026-02-22	Google	-0.056	Buenos Aires promotes the Provincial Green Youth Employment Program: renewable energy, social inclusion, and job future - Noticias Ambientales		https://news.google.com/rss/articles/CBMi9wFBVV95cUxObTR2UEZnbGxVTHNhbjVsZHdjRjJzN0xFSFlGX1hPYjJTTUFnSVFxN2dWbEJvYTROYm1kUVF4NlZWRDVGOG42Y1pPczlvVHJkSXIwUDZac2x6ay1Rck94NEdQU0NDZUhJclFVYzdheFFrOUtESHlZdUJLd2d1Ty1pcWs0UjF1UWZ2UHZsZjYtVzNwalFoVk5hV2UxTHJ5MTdHNHluQXpMdFRFWjliMzdsODlRa3FWVFc0bWRzR29hZG9jX0hnMHQ2azdpbzZkU1VqWkNlcWxEcHc4Tm1Zbm5POU5UQkNVUU8wVVFjNUZFUm5QaTEwVFZ30gH8AUFVX3lxTE95YkY0Y0w2ZE1KOTNkeXktS29fTUpaQmExZ0pobzJkMTlIX0JaUjBTSlpkTjVjUDZKZzVVVnp3YUVRYnNSLURNbmFPN2VCZnEtYmQ3MHhmVEJHTGtuOW05SlVPdHlFN2FQRW5WZnY1eTJhTWhaVkJVM0thcjlOeWphT2JNckFHcnVIRUt0a3VtV25XcDA4eFI3ZU5tblp6ejdmVWZycy1fZGFlbXd6RWZ0SFNJY0phTU95Ty1ySzhsalRvMWFnQmxlR3oxX2t6QnBZaXNFSC03Wlh2NXNwSl9QNEVxQ1BoRjZDYkNmS2pqU2wzX0hEUlFEYS14Ng?oc=5
2026-02-22	Google	-0.1	'Solar sheep' help rural Australia go green, one panel at a time - The Anniston Star		https://news.google.com/rss/articles/CBMi7wFBVV95cUxPd0dST2dyWl9yM1RrZk1ZMTRlaDlaQWE2dUtGTjU3bHNoVE04QnJ5d0RqLVhWVkVNeXgyLU9XSEJVR2lVQWo2VHdQMEtacS1BSHpNV3Rkc2RrQmJ4NTJiVHBVWnloUVpESGpFdTl5UVRsSFo1cTVDU3BOeFdYZHd3Q0JRNk5UTVp1NVpkWjdRVXJaYjE2SmNXWVJkRE9vMjRMajRON0R2VVI0M2ZaZlVkZzdZOWNhS0YyUUpmRFlDOVZUTktHdGh3MUY3SG83aU45RExFZ1ZQbFZqMEdZbzBFWEZSWGhUU0h3NG1jUzdpbw?oc=5
2026-02-22	Google	-0.1	"Dark side of solar panels no one is telling you — Bees have started showing strange behavior and now experts find an ""energy field"" - ecoportal.net"		https://news.google.com/rss/articles/CBMiekFVX3lxTE80ODhZNnRpQ2k3Wnk1a2ZyYmRPd2JjV2YybXpYMm5iSm9TVk8xQnBCU3BQUG51MEQwMHFNVFJZaE1QaE9OMGpkemI1Si1kVW1lOHZ0bTNTTnlCSm9OaUdjNmZXMjFlb1hyb2x3WkYwcU1YZ1o4OEIxTk53?oc=5
2026-02-22	Google	-0.1	Hybrid center broadens energy options - thestarnews.com		https://news.google.com/rss/articles/CBMidEFVX3lxTE1DVXJtbjdUSTRtX0dOZTRfNkJhWFdrWEw5SzhySzhZcEZZRnB4RHR5Z1ZRVzhJUG01WUpyVV9WR3RrczYxc09Fd3NobEY4bm5mcDliZUpVUVR5NE1BTUktX2g1SU9iYTVaWkJGVXBQVTRuNlRo?oc=5
2026-02-22	Google	-0.1	TotalEnergies enters long-term power purchase agreement to supply 1 GW of solar electricity for Google’s Texas data center operations - Energies Media		https://news.google.com/rss/articles/CBMie0FVX3lxTE1pb2YxQjVfUjcxdUJsUFg3NDN4Z1JLT0tUSGRlNGxzSWo4RmJCWmZEamVCLVVQU09BNW1vYWtBVkcyRFlBNnZoZV9uYXdYcUxKb2RQdjJMVkMzS2toSjdTamwwcXFnUlpaV0plcTJLNHNtOHV5dGF0Mlp3TQ?oc=5
2026-02-22	Google	-0.7	Romania About to Break Ground on Biggest Solar Farm in Europe - Crude Oil Prices Today | OilPrice.com		https://news.google.com/rss/articles/CBMiuwFBVV95cUxOWUhhRUdDeXkzY1lPQnlUbk93ZlFXVmRzV1gzcXQ5dkFNVmtIdVN3WE00LUFOc2dNbVBHeUZjLVZyWG5xb0Z4ejhuZlF4THJUNUdPNzZPV1FaY3poREY1ck9WSzExdlVRSjRJWmRxU3hBblo3WjlKT1lCVjRNNEt4b25PWTZ2WklTR3RtLUJfRWxvaW8yeWZRZWNic3YwWnhyLW5CSjZTR3A0Y3Bvd2FJYzU5emlCYW45blZV0gHAAUFVX3lxTE42ZUhyczRSX3pCU0hFRnNsN2NTb0UzME92WHZaRmd0eXpobWdYd0R3YWVBRUV0X2pPWlB5YVM4SzJEUk83YWx3UDcwX0lXMFVCVXRaTHJJMW1pdzFxTkUzYXR4RlhwZFctYUh1UjcxRFRmVE5KSVExLUs2M1F2Z0lnSVpqZWVaeWtncEF4Tlo1MGtQbVltWlJsV1RtVmlObG5MS3Bkc1FqMVFrM2JtSFVHc0hLUVpIZmxyWFR1ZWh2dw?oc=5
2026-02-21	Google	0.367	Clean energy bans skyrocket under Trump, USA TODAY analysis finds - USA Today		https://news.google.com/rss/articles/CBMiogFBVV95cUxNZGZqSkgwNDh2VjhRQk1WQXJTR3JNR3Qwc21IdnhGN18yb1MxemJwRlR6SUJQTDdpUHU2ODVMT2lSZnRwWmRpT3djenN2MmM2M3huQS1TWjk0WUVpMVF4ZnExOS14WXBRN0Z6OXh3ZjA3TlJjXzhNTWpaZ0tWZGpTQVZFemZKRXhnc0lIdkFGaVRxWnZmc05wbUxuVEI5YVFRTmc?oc=5
2026-02-21	Google	0.367	Do windmills kill birds? Fact checking clean energy myths. - USA Today		https://news.google.com/rss/articles/CBMitgFBVV95cUxQNjdyMnhyZERuTmRCaUVWQ0E1WnhvcFVmNGVsLW1UQ2V2eHR4NzdGbXh2LVZDLUN4NWx1cDBKa2dYVTNGWVZLcm5rRzM5T0VmQkI1SkdNaFVETHZ6UVl3UkZVd1ZidkRkOTZRNTZSOWJEM0JkSVlPbnFmd0hMUUJNSU02dmxVT29qVFpOWGRkeDRrOU1qVkFqVVowUVFwWUZnWXJUbGJweDNuZGpNYVFRNmlGYWdTZw?oc=5
2026-02-21	Google	0.367	How organizers of the 2026 Winter Games made clean energy a priority - PBS		https://news.google.com/rss/articles/CBMiqAFBVV95cUxNbmVTd0NFbDhWYnBjOXU1b2U4elRuakNkTlJmdmxTU2dRcVRMS2pFbXNSa1gwVXhKSnVyZ2xaZTJLVE5KYWdoREhQeUl5anZQLXZNaDJEOWFKNXp5aWw5WlBDM3NlQzFlU1JaQ2lrYWV1cUNFakF4cTkzM0pCajJ4c0xVaFVXNjFYRDdFV05XVUlzNVRfMmZBcEd1Y3E4bWN3cjRWWHRGRljSAa4BQVVfeXFMUHZyb3pEcV9ac0tZMkx0Zkg0MDQ2WV9RRkFNMVpneTlXOXNBZ3VoT3ZEcEdTcHVrTDBVMjdMbFZWbmQ3OHJiUlNETEtEdFdFRC1XUEdhcVE3WXQ0OVpiUWt1NHlhWmQwZmY3SHVRcDM0dUxuWnB2a2k3N2JYTlY4bXRqSlVETW9WX2tnTU5JTS1GSmF2SERGUGJ1b3Z3QTN3LXoyaVY4X0QzdEVwTlpn?oc=5
2026-02-21	Google	0.367	Kyrgyz Solar Power Plant to Deliver Billions of kWh of Clean Energy - Caspian Post		https://news.google.com/rss/articles/CBMipAFBVV95cUxPTHFsb3hwdi1Wb2NkNU9MaS1hU01JNVE0M1hoTUVtMFd2cjFTejJhOHNXYnBfS3ZhaER4Y0FqSnZ3ZU9DMHFTUklhOHU5cGIzaVY5V3FUU3VaQVl2S2FxNXRGS2ZxSVNZbVM2ZnFESHdnN3NxWWtrMzhZR0tqcjN6ZHlSWGFCSGVFbmRWWk9jQU1oZUxpbW9ZaWh1YS1ySWZ6ckVmNg?oc=5
2026-02-21	Google	0.28	"It’s creating its ""own life"" — Solar plant in America begins behaving in unexpected ways after hitting record output - ecoportal.net"		https://news.google.com/rss/articles/CBMijAFBVV95cUxNb2tqVnpsUE5wenBqaFFRNFJOblUyaldhVGhiSW00Y1lCbjRNNVdzaUJqNmNoN1VNMVZCTFNHNFdkSWQzeDh1dVVmVWpDdUlrTXZiOHBMN3NmSXpQNWZDTjN3NGRTc1plaURDX0VKa1NxcnJRUlY4dW1CVjA0ZElPcS1CT2lBOFBUV1d0ZA?oc=5
2026-02-21	Google	0.243	INA begins hot commissioning of a delayed coker and supporting facilities at the Rijeka refinery, paving the way for full operations in 2026 - Energies Media		https://news.google.com/rss/articles/CBMif0FVX3lxTE9vbkN5QnZVZWxzOTB2R0VPS0tIZ0pmTm9KQ0JwejVxRjRFdVYtSEt3VG1Wemx6Y1hhMjhBaUtmdjJMY0VUV052VlFqN2tVLVJkcDF0NHdQNGFYQzRtb0dOcWN4VmRYbWM0cWktMGFFdEZURnEwM2Y3bGhpZk91WEk?oc=5
2026-02-21	Google	0.183	Support clean sustainable energy for a stable climate | letter - MetroWest Daily News		https://news.google.com/rss/articles/CBMi3wFBVV95cUxOQTlQeDVTOE9ucmo2QzgtYzZYMHVablNsQVVpaUhCNnY5WUFEek1qSGVsOWxDRUlUZERKUTdvQUxSa0ViRmw1dVZ3cG1RN0dZQzJDR2xGWTViTHpNcC1JSkM2X0ZYSExINlJfR29zcWRrYy1MWjMzaDBzRVRUd3M4MXVtV3A0aEF6THJWMXAwVEVxVzlJWDRFOENoRTFINlpQcVFNT08xWk1BZWI3Wk5BUGFaSWFNQXEwMUhKTk5vdE9BdThiSG5LUm9rVXZOekFrWjg4TGxOMlNzMDIwYmtv?oc=5
2026-02-21	Google	0.136	PowerBank Corporation announces development of a 6.9 MW solar project in New York’s Capital Region - Energies Media		https://news.google.com/rss/articles/CBMie0FVX3lxTFBQd0RuWE8yUHV1d0l1aXlsdF94SkxJRzE1X2x5SVdSTUIwbWhYYVg1ZElRY1NxWTcwMDZQbjBHTXJsM1lNZ1owcHlQSGZfYm9DV25xWUR1c1dWRDdzaXJOM2JfQ3pEd2hfLXBZZXptN21FZW1OSWd1dnVsZw?oc=5
2026-02-21	Google	0.133	African Development Bank to invest $58 million to expand clean electricity and support rural economic growth in Eritrea - African Development Bank Group		https://news.google.com/rss/articles/CBMi_wFBVV95cUxOcThiRG9jOHU5cVM2ZW5IMDVHWVNvWjgteUFFODBoQUhDTE93UlRTdU1ZaldOcUl1aDExeDVQZWdlX2huVW5pWGVXN3ZicVF4T3VtZGVxN0hkR3VUWE5ZVkRya2QxOGtpSXBRTDFEeUxEZC0zbzBzZk5BcHA4bVplU0p3VGFZdDRpREhpYzd3LTZuRkU0MnE2OGpxT2F6RkpMdXVBUU1DVGhrUHgxbE9EWFBZaGt6Y0ppTmhtMGtZRDdBazlUX2FLc3JaV1FGYWh0V3daUEpLNklSVExYZWJGVEhnSDE5SHd1RXZLeFpwSFFJOXFlTkk4aGhNaU5KUHM?oc=5
2026-02-21	Google	0.1	Opinion: CT leaders are making energy more unaffordable. 'Like mini-Trumps, they want more of the same dirty energy' - CT Insider		https://news.google.com/rss/articles/CBMihAFBVV95cUxQUjFPT3l1cTVZOFIwSXNoTHB1cU9UNThJeTkwVVdxU2dFbFNfblI1UnRodG5fNDhCQ0VLTEppcjhhMFZyTFI0VlNRSXZyaG1EZy1Kd3NnM0U4bE50X09EMzE4WWdEdE1ENGJLX0Y2TTJOamhxZ3VzeGdHZmczeWdqanBXXzg?oc=5
2026-02-21	Google	0.067	Wind, solar power face a common foe — creative local governments - USA Today		https://news.google.com/rss/articles/CBMivwFBVV95cUxPMEcwV3ZxYnJGcjBnTFBwYkRqRU5xc2kzaXFmSlhsSm5XT05OeEtSdURhWkVkaGdFY2xwdWZBZUNMc3FfTHp6WmxKNXI3OTZ3LTNYaE42MHY3NmVwc1laXy1WU2J0eEEwNDQ2aGxEZm5CNmNmVW14V1ZmVkV5ZWRTSnBneExWZjQ0MDZUeHgwNTdWd19ad05GVEtSbGpTXzZUSDRtWHluTnBhY09CV3hLODAtTTZhYVN6WFAyS0lJVQ?oc=5
2026-02-21	Google	0.05	Published at Solar Energy - Effects of aperture configurations on heat losses in concentrated solar power systems: An experimental study for a semi-cylindrical cavity receiver - SolarPACES		https://news.google.com/rss/articles/CBMipwJBVV95cUxPbWdGeXIxSnhRTVBjV3BHdWpzM2czeG10SVdTVjUyQy1UaUJCRV9kNUhERkx3aGItVFIwOW5HbmxBRnVIdVZtcTdnMnNibHE2WHB1SUVlbkNfTjM0MUhlRWs2bHhpSFpYSlRQU3VxMEVDOEJoa3VJeHBsRVJSU2ZFcGRiaER3eF83emFhTWtxSm9jUDJjYUdlSVdjaE50UXZaMVgyWkdyc2VVUkkwc1loaGkyMW4xOENDa3RoWTlfR2ppTFVQZEt1aVotcWg2NjJxWF9JN3FzLVp3Y0t4UE5neHQyX2RRYTJUSEc3MG1KM1FRS2g5NjBrQVhCbUh5XzVoOFpmZnZIay1ubjNiNF9KdmRzVUM1bU1rS0FYZmxJYmNqcGlvc01B?oc=5
2026-02-21	Google	0.042	Turkey, Saudi sign major solar power deal - wyomingnewsnow.tv		https://news.google.com/rss/articles/CBMizwFBVV95cUxOMDJEQkx1bEdQT2JLN0hzdUNIUVFpS0RFYXZrWHlmNnhGTWtTNDZLRU5pNEc2Zkt0RjRIZm1vTU4tNTZjNXhpMTg5cENKcDBGWUhaM0pOMXA2VmRtTk5rRkpCVS1LNW14SHA5dUNkVWJiZ1RHaUNGYlZlZVgtZVpnR0NTWVAwci1OazJvMGNpWktYSWdpb3UzM3VZZkw0dHYzYW1panpxckZzdmJHY2E5OVFrUHd0bkVWYWthUF83b0NaTGhnSW0xc2IyazVybkE?oc=5
2026-02-21	Google	0.033	Published at Energy - Turbo-assisted direct solar air heater for medium temperature industrial processes using Linear Fresnel Collectors. Assessment on daily and yearly basis - SolarPACES		https://news.google.com/rss/articles/CBMipgJBVV95cUxNdVlwYVBFODl2RHBqRkdGRXdiQnVkSTFsNDNNbFdob09SUGJEMWhyNFJrVG1lVTdVaHpxdURkVU85TnlfZlN4Z3UxTGFZNUoxdHpQelg4OVY4ZkRBbHdvbjBrLTdRVjZaTFlCZ0Q2dnl1UkkxUXM2SzZOWDhpS1k2S2tjRkhuam1hSmRTWHpyMGh6Z2RtQ0t1aGUyRkRCN3ljbWNSVURIeVlTUEE1Q0dlTW5DT2NWMEl6WHdjZlVRUk5ONFRGenR1YVdJdzhsWnhsZUxFdXpEZWFfNWRGNFB3aFNHRlZnZ1d6Nkx2NXl0Mi1nbGo4a0d3Qm9HTVp5WGFwdTlldklqY2JWZEU3SmNHUTVxd05mRW5Cd2x0b1BPejdYQUVHWmc?oc=5
2026-02-21	Google	0.0	Branch County’s farmland acreage falls 12.1% over 20 year period - WTVB		https://news.google.com/rss/articles/CBMiTkFVX3lxTE5yTFZpTUtkR1pKaXFrNkpzdWQ2TE9Gcm1iaUdMMVNHVXdsRUItTVV2NVc3TVI4cmlnWGYwVkNQdDFVejhlcnd5bTctWTVhZw?oc=5
2026-02-21	Google	0.0	Electrical Conduits Market Demand to Accelerate by 2035 Amid Global Infrastructure Modernization - IndexBox		https://news.google.com/rss/articles/CBMixAFBVV95cUxPOTNfYkYxMWh3aERRa1ZRYjlmbkFSYXhHTGVoeEozcnEtamlCS2J2ZHpZLUxFX2NNOTlNeDU1b0VVQ1FEbExEcVpPVi1PUlVEc3RydFdhOEMtWURpd242bzdoeTllNmpjQmRVRzNQRzFacmNvcGxCYVVwNTF0d2tBczRGM21wVFpxRkJaREU1SEI3OVg0b3hhV194Ql85NkJheVlKUVNXeDlqVjZmYkZUc0pGLWVMY1pTUzlkZDJhTlVNbTk5?oc=5
2026-02-21	Google	0.0	Hochul budget faces renewable energy backlash - Fingerlakes1.com		https://news.google.com/rss/articles/CBMijwFBVV95cUxOSVVnV2p2VFNYSXY3MFNmeEdlZUNUNkpSQW1kZ24wUEZ4eDU5QTlIMUdsa1JhcDFfcTdadXJuTndaMlBfLU91WTdpbGJmeXV4d3NGVG1QVmZGc3ZMZy00ZS1MTkNUcEhtS3VGOFk0VWl1V2VkMVhwVHEzY01pY0Q2UzE3YllNMS02Z2thN09rYw?oc=5
2026-02-21	Google	0.0	Investments in Canada’s renewable energy - RÖDL		https://news.google.com/rss/articles/CBMiekFVX3lxTE44Z2RjS21VeVg1SFBKMW45R3c1QmJlb0tPNmlvX3pJU2lnOVBpRnltM1FLR2VSbzBlZlBCOElVeGtnY2xrS2Y4UkttVGJib3RUVVZ6TXpGTnVxNzR6U3gxOW1KY0N0QmRrVFpHVjhibHUxNUhDUFAzZml3?oc=5
2026-02-21	Google	0.0	Joshua Berliner, Associate, Projects and Energy Transition - Akin		https://news.google.com/rss/articles/CBMibEFVX3lxTFBwWWFtS3NfRERvM2kxMVNCUEF3ZC1xbFhZT3dlajNYRklDUGhfNFdJeEl4ME5HQ2hvbllKMnl6eUZ1VDVCRExIWDdWLU1qN2xOd3FVeGxoUmNqcElPMGE5SVlOM2kyOEdUU3FzZg?oc=5
2026-02-21	Google	0.0	Ohio State student explores Iceland's environment - Your Ohio News		https://news.google.com/rss/articles/CBMimwFBVV95cUxPd3R0MGl1TXQ5Z2tPazFDN19ZSDE0TmRkaDZoTkJyM042dUMweHpyVnhpUVNZaUJjU2sxOEVlMnhTd3Z1Y0l2bTdldmZZYmFWbmNqNFJwbndLZlNKWEI3TlRlMndhWGwzRFBYd2U1WVBiblZrYlY2MjFLanlldk9paDQ3WG1WQ0MwbGxiUkpfYkVkR1RBZzdhYXc4dw?oc=5
2026-02-21	Google	0.0	Published at Thermal Science and Enginering Progress - Techno-economic assessment of a concentrating solar air heater and packed-bed thermal energy storage for medium-temperature industrial process heat - SolarPACES		https://news.google.com/rss/articles/CBMiygJBVV95cUxNa0NyVXJySmE5cS1hQXB4U2dPbHRyMEhwNWpFNnV1U2pSdEFwM1UwS2QtRXloV1FjNllWbW14VHZfNWFUSkRtS0FYM0tOc2NEcDIyT0tvVWxaa3VjQm9TemJjZWg0enRka2U4MWNnNWpoLUhldHh3N3ZHSjV0a3ExYkQ5MzBvMlZxYzZlb3VxSnZtZEl0d1lRcmhqU21MUXYybUROcjJNNXI4eU1lNlk1bURjQnJaWW1TSWpzZVZxWE94dm1WaGpqbHliTng1NEdsenNsLXhqbWZQRWo5UXpPcnlGN1E0REVyUExUTWxLZXlCQk5ySURQLXVYVE9pbU0ydzRlT1ExMjh0ZUs3Q0VVWlFURmZWcVZ1TkprdEh0U0UtVkJMQzNneTRSR1o1el81aUh1cEFRMGcxaEVCWGRmYkxCLUZCVHZiRlE?oc=5
2026-02-21	Google	0.0	Solar energy sparks debate in farm communities - Spectrum News		https://news.google.com/rss/articles/CBMilwFBVV95cUxOVVZCNFVNSFQ5LXlPMDYySUs0Uk95LWRlZHpoZ1FDVjRScGphYVkxZE45c25tdDJBVE03TXFwUHBZX21uaW51dnlLR2YyQldxVk5rRHh4b1ZleEZvQ1AyTklKTlZ4eVN6SkgyTkFrR0dmWFhJbU0zUl9ya0pXdkZkN25ZMHlYTVBhRF9nUmozQklBUTY1Y01j?oc=5
2026-02-21	Google	0.0	State of Mexico, CDMX Advance Energy and Water Reforms - Mexico Business News		https://news.google.com/rss/articles/CBMinwFBVV95cUxQUzFJUm5MeTdmZDcxZVBPSzBxZDV6dDR6WWxYUGYtVWFVLWVxNEhQRHF5RVdEbHhMY0xHenBsdEpITnU2VktQS2VMYS1DTlp1WWdzV3VuVWxjbFV6d3MzVzYyVHZKVW5pcUlVeDRSOUktVDl3Y0RleXpRU0NoVGZMT1VWLW52czl3T0pBbVI1TzRFWEVQc0VTSUNZUkx0aVE?oc=5
2026-02-21	Google	0.0	State officials pass monumental bill to cut rising energy costs for residents: 'It will cut through the red-tape' - Yahoo		https://news.google.com/rss/articles/CBMikAFBVV95cUxNNmVySFZIMmhlZHpta29PTHVBN2IwZTlzR0YtdUVYOHA1clp6X053aVZiWnNvc3lfdWVRaFdweENJODBOSzdFM2RLd3pwd3pQTko2YTlfbHl3ZGJMZTlEaTZlLU5ZRzl2VFYyWWJmLW5tblVHNjFma3NDREdFMmhVRWFXSTMzaHh2YUhGRDN2N2Y?oc=5
2026-02-21	Google	0.0	Sustainable Switch Climate Focus: US issues ultimatum to IEA over net zero goals - Reuters		https://news.google.com/rss/articles/CBMixgFBVV95cUxPT3U4QjZvY2RHaU9hdHZfRGU2bjNRMmcyYTRyNUxWUXJkTnJBc0xOaHQ1OUhHY2lvWW1TNGVuZE15YTZtbEc3eVhoMjk0bmNaeUNKdGNVN1dBY0xMSC1ZOEl0S0lhcW91SVJLNFJOdHhULWhkbG5ZbTFZV3Z4TGtCX25haXhCeUU3enBTdzZoVVdBcUo2Y0JkX3Q2UjFZVlhhWFU3cGJtdTF3Sk9RVnR1ejJtSXhSMl93eTJSMnBJMzRZTkJJbXc?oc=5
2026-02-21	Google	0.0	Takeaways from USA TODAY’s investigation of clean-energy opposition - USA Today		https://news.google.com/rss/articles/CBMizAFBVV95cUxPbzk1Nk9jeUFvNU1ya1AzNFJPblhJaDZvRjlOVWpLYUh6cmU5ckZxX1lYUXNwQk1fQ2lKZXdmUVpmOFRGTVd4X1Vfb0hra3A1ejlES2RESE93RGljejFPTFcwazVXa05Ud0gzQzlVa29lT3NqOW04ZnhoT0JvWm9nbV8weENGSWY1OEthVFZIUkVJMW00ZFktQ1JaT1pMRnR3QUNrTWRUejB4MnpFS29EY180SzFJbldaQ2VNdUVjVVdiMDVxOHA0V0FOdmk?oc=5
2026-02-21	Google	0.0	‘Limitless power’: Inside the race to create solar energy from space - Euronews.com		https://news.google.com/rss/articles/CBMixgFBVV95cUxPbi1FSGF2ZmMydG9JVm1Yb1pfS2dFbkE4U01zbWNLOWxxeDc2d0FYRG9kaHJnLWdBY0sxSEREXzBFWDZrNmlvbG1iUXJhRG9uNWVvNUdhZVFTcGZSTHJuSXlmTk9tMHFrN09NbE9fRGhsQVNpT0xQWDRKRURXY0tBbWNGUExWY1hselpvUHFCVkpMUEZSeGFUUkxpc3dyQnpDS3lxRlJXSTEzblhFLVFya0t1eXBfZWNYbmZIcEJDVVdBa3ZVWWc?oc=5
2026-02-21	Google	-0.05	Wilson County residents fight proposed AI data center - KABB		https://news.google.com/rss/articles/CBMilAFBVV95cUxNcDFHbDBoUVJLOGFRdEwydllfVDBsbVJMTmZzeV9HUWNlWGdBMmhZaHh0bnBvcTN3eU1aQXI0dzQ2N01pWDVsaGZBT1RMZmJBOEY5TUZMN3lGemZJb2ZvcGt1RnV6SUZUVE91X0F4X2RNSFUzYm4zNTl3bnFjaUJuQXFjLXhfMjRyY014bEVyTDRNVG43?oc=5
2026-02-21	Google	-0.052	IEA ministers expand critical minerals mandate, deepen global partnerships - Down To Earth		https://news.google.com/rss/articles/CBMisAFBVV95cUxNLXk2RFBabVFMakx3d2xsa0NPd21TdE9pRGJrX1JGREk5SVhzcjRvN2x4ZTQ1YVd2SzJBTlhHd0E2S2lvQlBya2hIc25TRzhmTERRdTdiWHJ5LXFvQ1VsbGpYVERGa1VQTTZyb3RScmlhSGNtWk1jdXZoQlhzTThCYnh4T0VfWGI2cG8zNXdZZVh2a2pPY1lsYVRMSWRJRWU2R2ZvVHdGY0lCcVRzLTZiMNIBvgFBVV95cUxPNGhxcFdnclJRbEFwY2FWN0RoUUdKcFJiTVpLWTE2azF0dWFOTXpGYkpvTGw0MWpmVDh0U2F4cFNwb3p6U3pGYi14QkNmZEhFeHVjVWMyOGhSUDNyQXZqTGJqS2p3a3hMTk0yZUlnWUp1cVBldlVQcUJLQlpKV0lzM1FSdXVhbTE1ZE5na3pUWmM5QWlUNHB2OVl5aDhNcDJ5dnVtOTJnaUtxUEZDeWlhNXlMaGFqcDlpZ0o0ai13?oc=5
2026-02-21	Google	-0.125	Armstrong, other governors, call for Congress to streamline energy permitting - North Dakota Monitor		https://news.google.com/rss/articles/CBMigwFBVV95cUxNZUxpd1dJQWRBQ0Z5TGVoOFpqNDh4ZXBiU3o0STlHTGpYUi0tX3dyUkhpcU43RGdvT1hUWWc1VE5hZmVNV3UzWkJLTzlyZlpPcmlwaExXSHh1TEViaGNaNU83eWdJXzJlYi1pVXhhdGF5aDRiNlFfTEZCSjhFMHctUWtxOA?oc=5
2026-02-21	Google	-0.125	With foreign backing, Israel’s solar energy boom is powering apartheid - +972 Magazine		https://news.google.com/rss/articles/CBMid0FVX3lxTE1Ebjd5eGRUUl8yd0JrOGJCM1MwcnpxSzI3dHIzMzI1dGZtYWxHZ0Z5YXhCX1hiMHZ5dkZHX2gtcXJ2OWo3SDRNeDlEZ1JleWxBcUVSWWlIR256bFJuZ1BoRmhvakp4cURiUXkwZWIzRlVIVWNqdlhB?oc=5
2026-02-21	Google	-0.141	Big windmills mean big money for a small town - USA Today		https://news.google.com/rss/articles/CBMiswFBVV95cUxNNFA2eGFyTHlvajRNemJqZlNtS19aQ1NDenZFU0c1RVUwUkIzVmFZblFiMm41am1FMWMyUmx3TmFMX1N4LXUzbHJseXR4V3NDTmpyUFdyWmxmSUdEamlXQXpBLTFrckY3dmtxN1BQUjhycV9lRjlod1NFZjA0cmJaYlkzNFBYRVhVMVhpM0dLMkRDWkpaVHljUXlrLUpZbjVaSmNSQmg2X0NxWUI3RWpzbnJRbw?oc=5
2026-02-21	Google	-0.2	South Africa is moving away from coal—how mines and power stations could be used for green energy and farming - Tech Xplore		https://news.google.com/rss/articles/CBMifkFVX3lxTE44TmMyRHRRYzNOMjhfY01VUkhPdXRHN3YxbE9VZ1lteHhVTC1PTk00Rl9VMmFCcm90M0V1VzY5ejJYOUlRa3V1NjJkb1Rvd3JvSWJqdjA2bFh2QnJjUndzckVrRDZCM2doMU9kQXBtWUdoMktMNlkxellSSlI0Zw?oc=5
2026-02-20	Google	0.367	States sue Trump administration over cuts to clean energy programs, including one in Whatcom County - My Bellingham Now		https://news.google.com/rss/articles/CBMi1gFBVV95cUxNVlRiYUYzU2xxWXRtaEl2WmRkSkZsbHBudTZIS0tZdk5jRjl2LUdfbUdiQWxqLTc4VTJDanJaT0ZKcHlBSEg5VkVJMldHSXBXUFUxTEdzaUZRMk9fck5LZHZaVy0wNWlZZ2EtSVhjVHNJazk2RnFRZTVEWWt1aWlNcmE2ZmJnb1UzcEctMXJvdk1MSTNNX2xnMDlkODJJaVhubmdzMUw2LXo5Z1ZmTGVuTHIwNHJYYXUzeWpxQmYtZDVRak1pcFhpSFBCejVYZ3RTNHhnUmt3?oc=5
2026-02-20	Google	0.342	Clean Energy Looks to (Mostly) Come Out Ahead After the Supreme Court’s Tariff Ruling - Heatmap News		https://news.google.com/rss/articles/CBMiZkFVX3lxTE9ueVFqV3MzLU03Q0otTDlKZ254VDMxQ1VVVUNXZ0IwdjZMV3FJLU5nR1V0ODVyMTBEWUZFZGRnRWVnS2RpZGI1a1Q2RlRFenRqUkE1b0xwa0dGM3I3Q0FrY2xQaVh0Zw?oc=5
2026-02-20	Google	0.255	PGE to spend more than $1B on new battery, solar installations - The Business Journals		https://news.google.com/rss/articles/CBMiowFBVV95cUxPclp0czhmeEZlRzQzTWJONi1pa0J5Y01HMHliYkgyN3pEZEMyV2lDcjB3Q0NGSmRwOTlCcURkbjRDNF9CSEk0RjdLNDJ1SlJVTFlWc2RQUGgxeFMtXzJ5WE9pSXFkbnFyakp2a3FMTHFoMXM5dUk4M0l4N3k5ODlxa1kwSkNJNXpRQjJxOWRtcG1KQ3BNUlE2aXlsLV91ZkwzcE5R?oc=5
2026-02-20	Google	0.244	IEA urged to continue clean energy focus in face of US pressure - BusinessGreen		https://news.google.com/rss/articles/CBMilwFBVV95cUxOcW5ZQUYtXzR1ajlrMGhpNHh3bmx0bEl1aXlWLXJEalFzeUZWbzFtMUFjSFhWQ3gwWkJWLVk0UXRacmxWR2pLbWpUbHRaV0hGMnJ6cUcyaHJCeHpGRkQxakIxakh1ckZQLV9XSFJPRWlMWThsTlRkNHUySWxubDJ2R2VLZDlxSV9jeEpSaGgwelloTC00Mk9F?oc=5
2026-02-20	Google	0.244	Milano Cortina 2026 Advances Sustainability Through Venue Reuse, Clean Energy and Circularity - Yahoo Finance		https://news.google.com/rss/articles/CBMikwFBVV95cUxPQXJDQWZ6MTlfOWh0bUlCMXhoNC1uSDd4amZyLVFLWDBiYXJaRDlEM0xneUllbG1RMGRxODBTa1JYTTFCVF9zd01fM3lJVmRsUFg5WHkzQmJOZTdXVEItLWotcHdnamY0bnIxQUhLbTdiSERKa01ZX01lb1hpR184QmY4YVFrUWF3WjhPM2t3d2tMX3M?oc=5
2026-02-20	Google	0.244	Nissan Mexicana Hits 95% Clean Energy in Production - Mexico Business News		https://news.google.com/rss/articles/CBMimwFBVV95cUxNVkV6WGFWMHMyY3YzUDA0czQ4aGpHaHZYRGlEX1B2UDNZdzEyUEVVckJPb0p3LXFsVjZxM19IeDNHdkhVQnFaVXhlaDdoQTdqWm9PeXQ2eGpvYkZlR3dON0V2ZFpmVUo5RG5Ta1R2Y2ViS2FuMTJUbXJoUDExMHNXVlJncnc1NlE2cjBIQ041cmgwdDJIbFIzZXRpTQ?oc=5
2026-02-20	Google	0.244	Organizers of the Winter Games made clean energy a priority. Here's how they did it - galvnews.com		https://news.google.com/rss/articles/CBMi7AFBVV95cUxNZ1hqQ2RybjlLUlFWendXd01VUmlLSXA5enNWeWRLVFBVaUFjaE5QV0tQVl9naVNpVVZJNmdxbHpQNUxFeWhNZDd0WFJ6NEpMR0Z0S1AzUjFjRmYxV3plMXBnWW5ENmk3OFAxdjdjdVNUaVJvWXV2V3JWTk9LclphNW5PbFlUU01laVNiZXNBa3p3RWZTVUtIM3Mzb1VPQnlBeVFENUc3dWNzbUNDS2FucXMzT0dmVjVLX0FfTmdNQUlveWQyRXBzeDdWM2V0RFJjbDh5ZGpFT0Q1elVyY1FuZThrLTA2aW1fMjNScg?oc=5
2026-02-20	Google	0.244	The legislature threatens our Clean Energy Plan | Opinion - Tallahassee Democrat		https://news.google.com/rss/articles/CBMivgFBVV95cUxNY2xVYUZGR214el9selllT2hiMUdrZzBWY2hVTERLbXdJcUNXbkRTbDhYc3VVcnpkZG56Ui1YbUpLZ2lhZHJQaDltSFU0UWx5SjJPTFVwc01SSEluenJENjZsQ1I3VGkwdEo4bEdQd3JCNDZocVQ1OGFnNHh3cnBDSnc5RXYycWpsVmRaOXZiSzNpY2oxazNMX1h4UWZ2bUU5RXVmRi1YMmozWXRfbXJWalFHdm9Ed1YwN3E4cGFn?oc=5
2026-02-20	Google	0.237	States sue Energy Department for terminating $8B in clean energy funding - Smart Cities Dive		https://news.google.com/rss/articles/CBMimwFBVV95cUxPN0VUcGoxZGkwd2c5clJhSFhFbjFSZTllcWZMNmhIdm1YeWNYZUYzOC1UeGRLVElnZDgyQzEzS2xvVV9qYVQxQU14X2NiUURsejVzYktiWi1IZl94ZV9WSm01NmVuQ1IyMWpWTkVFS25SSGZDdXBVdG93TTVsZjB0bDRpXy1mTVhKSS1MU05zcjBVQXZ3TDJmZ2tSTQ?oc=5
2026-02-20	Google	0.187	Senators Heinrich and Murray denounce Trump administration for redirecting clean energy funds to support old coal plants - renewableenergymagazine.com		https://news.google.com/rss/articles/CBMiuAFBVV95cUxQZHBZaFQ4MUREeGh2ODNqT0JwQ1JFS25EdWNjY280LXlHUW84YkVzbkVYbWV2QzV5Z3NieC1KZW82Rm1WTTRMVmNnSWMtNkRtUDM3QmVEb1NMZjdBOFk1aXhGdVRLMFZLSzRvZTdjZGd6dUNMSFVQN0QyblZMYnRGQy1Lbm05QjVFM18yYUdzcWdwMmxzSFdZRzdURl90cUxiRS12US1JMXFyV3E0Q2tNS2hLcEI1aC1L?oc=5
2026-02-20	Google	0.183	Clean Energy Investment Boosts National Security, But Expert Warns Scale Must Match Demand - News By Wire		https://news.google.com/rss/articles/CBMiswFBVV95cUxPWHhPYXJaT0lWOERwd2tXRW9uTDlpN0QzNUluNGk5a0hWT2J0cHVqemsybVhpVDVqRXFWTklHbUFKekVPdkhqbGVZLUQ3VDRYNTl6aGgxTmFxSjhOQnpDWkpzWWdSRkZ1MG5jeThYMVhQRzlnV3dsbnFQTnhQTWh3WlVmVVlyenQ4X1hjTkpvYVlVSmEtTk54bS0tTFJHZW1vVHRaTDhkazI4RE11TDVGT2NCdw?oc=5
2026-02-20	Google	0.147	AI, Clean Energy & Health Stocks: The Big Winners in a Multipolar 2026 - Zacks Investment Research		https://news.google.com/rss/articles/CBMiqwFBVV95cUxPYWFESDA4YkFtd3dmNzJ1b2JlTWlRaDNiakFwUHNpS1NsYjlzWmc1dGpBMXU4SjZMRS1wM0N3N0VzbFBWdjZXUW1pWmpnRzZqQXRveVk2UGtOc0lPNk9zTXlnVDlGMDFYZ2wzeVRmejNkLUpIUVIxNFc4RUFqSXdKUWgyYjBBZGdfV1owc2R0V1dJVDE1eVJGekZGdnZCOVdEU3Y5QXVhSDdLRkE?oc=5
2026-02-20	Google	0.147	Opinion | Adrienne Karpen and Ron Sinton: Boulder leads on clean energy — cleaner EV charging is the next step - The Boulder Reporting Lab		https://news.google.com/rss/articles/CBMi2AFBVV95cUxPTjFoZEY2MlBfZUMtUXktQkVCM0c0cTdhd0JHNUdKb2tUa2J5VUlSMmlESlkzMUduUFhNVWlFNVlmOVdrS0dVM294OE5rUHBOVC1BdVhOcWRyWkp3UE9xUWxkUUtFbjk5M1dRRVp2R0FqQVlDdVlkTUluNzJNNHVQbmh0cXZnUzFmc1lrUmh4TUFqRFJPYlIyZHVtdVN5a3UyNFl6YmxzSjlyd2RzMWhjQTJjSG5TLWVGTFFtR2s2eV9TaTgwRVJBZkliZmxpQ3VQbms5VG1vUjQ?oc=5
2026-02-20	Google	0.146	The Roundhouse Report: Mixed results on clean energy amid gubernatorial wins elsewhere - Santa Fe New Mexican		https://news.google.com/rss/articles/CBMilAJBVV95cUxQZnBuanJBRDl2MGU3Vkt3cmdqcWp1ZEpTZmJudmk1Tl9SODJwbS01NTNidmN5VTNNRlMyRjlHejFnZU5yUmJtcXRGTm1ZVWtURno0RTd2ZmQ0RXJUaTliLWpVaE5hNHE5alljQ3ctWVFWcXhER2N0UWhsMzhRRlJzRWRWYm9WYllfVGY0bFk2MjVsY0thQTRHZ29mbmhZWHEyTWlpMWp6eE9XWGp4TkIxOFhZQzhkQVd1TkRaZU83NVE3TThYbTRKNktXekxNZHQtTmI0WnFaUDRmT1FaYURRcnRtbU9NVkt3MjZPMWVvVkU2TkkyM25MQ3pmYXdZWmhvSUpNd3kwWTV4ZGs0S2x5NTEySW0?oc=5
2026-02-20	Google	0.091	A New Era of Renewable Cooperation Between Türkiye and Saudi Arabia - Caspian Post		https://news.google.com/rss/articles/CBMiowFBVV95cUxOb1NQN3E2czJfSmFJNGZ0Mkd4czZlRjVXeW9OTm9PRHZXRlZJd2l5cFdvVUlTV2FVME1nNlc2bEx6Y0RpMnhjSDRFTDhxeGFHTElWWmhmcFFfOUtjLVNxazdyQWlUbDIyTFJPVHh1V0duaGtPRGlYVTBOVEJvNnhyRGVEMkFSVzlEdnMtVU5BZXVzSUcwejVNcWllTHdYUVp1UHJr?oc=5
2026-02-20	Google	0.091	Residential buildings struggle to meet NYC’s decarbonization goals - City & State New York		https://news.google.com/rss/articles/CBMitwFBVV95cUxNWm4xc2tTMzZwYUdJOXp6N3hPLWJfZGhnSkxqUTFrbThjZGhoZl9zOTgtZUktV1VVcVNKV2s4UzJsUXBsSVhhSllueVNDN2JUbTY5OUdYbktRT0JzbmtRSnI4QXNwMWxESW5jbnBoOE9zSE5DY3drN05Hc1E1enNiV2NwdlN5R24weHZuOHRoa2JBR2tSbmE1VWZDNTNCM2xGdThyanVtNWhiUWlkQzRvQ3JFeGpXX00?oc=5
2026-02-20	Google	0.068	New Jersey Unions Create a Coalition Focused on Decreasing Energy Costs and Creating Solar Jobs - Inside Climate News		https://news.google.com/rss/articles/CBMihAFBVV95cUxQM3NwTUUzTDV5Y2o3LUhmalZRYVJYck1WVUJkTWRRZC1FZ054WDYxUUZIbWpiX3FxNzJlYU9hWTFWWnI3VWVVRThXOGdsRkhCYV90NEdobnNMLXE4Y2pEMDd2NnRRMTc4TjlXalo5ZTVWQlNvZUdfU1NrNWtvdUxmQVRXeW0?oc=5
2026-02-20	Google	0.013	Mexico tightens social permitting for BESS above 250 MWh - Strategic Energy Europe		https://news.google.com/rss/articles/CBMijAFBVV95cUxQVzN6V0t4Ymx4UkMyNDlmYTVNUUxiNmFaZWgtQ3lja09VQ3hGVmYzRVNzUG44SWc3RnJIRXdPNmRYQlcxR0tsUGZud2stN1B5X2VFS2NQSVd0XzNtdEtFTUFJYk83SHB1cjdka1JaTEZTR2NvT000c25YSmxyLUtQYTAtNEVwamFJTzJUQQ?oc=5
2026-02-20	Google	0.0	Another year of war in Ukraine: Energy grid attacks among Russia’s escalating crimes - greenpeace.org		https://news.google.com/rss/articles/CBMitwFBVV95cUxPN2J0QVpLd0lyTDJYb1MwSmJTQ2NWN0NxMHYxTmJVd1ZKcHF4cmlYMnlnd0kwVUZsRlFlNTVxd00zM21KS2pSRXpzdU5PWV95UmRmTXNEZXhYUXBlZ2cxZlAzdVY0Y3ZHRzVYVmFnLU5oUVF6Q1Z6T21McHVxVDd0amg1RDJjWHRmeWYtYUxfdW5fTEdOWWM2UUtuc0xaZDFXc3hYelV5RzhWbTN3R1hYLUxHTVlDX2M?oc=5
2026-02-20	Google	0.0	Argentina allocates 365 MW in private renewable energy market, led by solar - Strategic Energy Europe		https://news.google.com/rss/articles/CBMipAFBVV95cUxQWjBUbWY5ckhDZUNXUVIxZkJNYm10MDgwT2pONzZySmwwdnp2NGJIX2txUlZpeFA3Q1FObTNZUDhKZWtodnpneEV6d0FReFNlYmxOZVhFdHNsa3JNN0l4Qkg4ajFWbU5Vb0VHMWZHaTdSOTBlbERzUWJNaGdwalVYNUlXS19LLVVRWTI1UXRHdmxjVmFSQlBSWElvME9BVndkQVZnZw?oc=5
2026-02-20	Google	0.0	Binational environmental justice leaders advance EV infrastructure - Calexico Chronicle		https://news.google.com/rss/articles/CBMixgFBVV95cUxOdEVFSC1OeHRrLW9hODNvRnRWd3NodEFHOW9TTTk5bnN6NDJvX1kwSHRPMkNJeFZVVmxDVk1DMThleUR0Z2FQb0VVdDNjOGZIaHY3UUxjbkZDcVhSUF9RSzRRMjA1ZUMxZWwtSVZKN3QxV3pReTF6S2h2Q1J3UzZTaWNzVGhGM1JaMVRlcmE5WG80d1RFM1Q3WHEtb0RJSUU2bWpvQVhDTTBmenFjRlNvdHB4clR4N0g1NTdEaV92ZFlpbHhPenc?oc=5
2026-02-20	Google	0.0	Bolivia draws regional investors with utility-scale solar opportunities - Strategic Energy Europe		https://news.google.com/rss/articles/CBMioAFBVV95cUxQU2w2WGthVkVYLXVRQmtjZWJURkNrZ2VIRWlYcWFhX2xtUzNaNTgxR2Y3VGNJY1dpRkJSRThULWxnVDF6X3ctTTMtXzlLMEtwZFBZdWp3bElwM2dlbUo1RDFYSWtXWGRBM1ZrSVlSMzN3U0VOM2NTUEIySS1KaS1VTTV5NUxKak1jTFRYVUFhTzZMX0dTMzBOYXRNWDN0Z2xi?oc=5
2026-02-20	Google	0.0	CVR Energy: From Rising Tiger To Falling Knife (NYSE:CVI) - Seeking Alpha		https://news.google.com/rss/articles/CBMijwFBVV95cUxQYWMwcmhwWWpoemdhMzVuQzdJWXU5S0o1ME0yazhnMXdaMndSNHFLZHFDRzNkdEpBWDJLbDFEdlFoSUllQmJkVndHZ3NGUk55VlpOQkoyenhSd3A3dl9Qd0NFSjVWNXF6OFlYVkNlSHJoRGo5Vnk5Ml8xSHp0YlFLQkhJalhaNTZtYUljd3dBNA?oc=5
2026-02-20	Google	0.0	Caliza, Fibra Danhos Build Mexico City’s Largest Solar Carport - Mexico Business News		https://news.google.com/rss/articles/CBMirAFBVV95cUxNYUJkc3M2ZnAwWnZpd3hZWFBUblJWRmlhN254bEtOYmtjbTIwYldLT1dSNUs5TXVkYTM5Zl9sU0N2YWFUWkxyS1lwMGRFZjY1MVpGeEZueGZGWl8zZUpldkRvNVVBRkJsNDE1VllTMEJfeXJxeVFBUzBiUlF6SWRQanNZZENJSXRmOGZRR284MEdDWmVRdmRqcGY5SW9pSTdoTUlEZGR5S1QxNnB0?oc=5
2026-02-20	Google	0.0	Canada’s NL ends land reserves for 3 wind-hydrogen projects - Renewables Now		https://news.google.com/rss/articles/CBMinwFBVV95cUxOUmxkQVI2eWpUeXFyUHJJNXhadUllTUNGeTdwQUNjU0Z0OHVHTVgwZUpRUE5vT3pZdFppTWRocUkyMG5TTDdlRlRpWkI2SlpGSzVRSFhTX3ZhU2hxcXNyZ0xFRDJSU0JSRnFzMUxNUkRicXZsYWxvSHFUWm9BOGNNQlFFOFFVVmFGZHAwRHVOLXprcXhOa0dReGo2UUxfSmM?oc=5
2026-02-20	Google	0.0	Commissioners looking into role in renewable energy projects - Star Beacon		https://news.google.com/rss/articles/CBMi2gFBVV95cUxNNGw0eDdnWXVsd3ZLOHNYOS1fZzJfOTJzYV9ucDROdzZyMUdWLUZrRjU0RDlyOHA2RXV0RnNFbFQ5UmR4ak01clRUeGVZenJUeGZUWjJNbnB3dnR1bjZxWjNHU0xsSjRMb0g0VEMxcDQxM01PUWVFc0t1UG1xQnNjRWhJbXFzN3dJQXVzLTJTWmNXckFEYm9SX2M1dHpzMl8tR0lOV2tUNlEzU2JZSlZHUWpIa3VpZVczWUg0WlludjdUczNRc0pJUTNQa3hGOFFnYWlGMTYxdlNpUQ?oc=5
2026-02-20	Google	0.0	Cotton proposes blocking states from mandating renewable energy sources, he says bill would lower prices - Magnolia Banner News		https://news.google.com/rss/articles/CBMioAFBVV95cUxObmpaSnh6N0prWkJEWEdQb3lOTkNrMDZnMUpqZXRqQTNWTU9uRTZRUjIyMndUaE9GN0UteUhtZVMwcVEtNmRxZ3l0NWtXOGstVTBIakN1UHBpTXphM2UwOF9OenQ4OXBDOVh5SmdnYThnV1ZvTThnaE5iR0RpR24taDJLMmxCbUl2T2pFR094dmF4Nk8ySnhZSlQyRlJwOTdT?oc=5
2026-02-20	Google	0.0	Cubans fight blackouts with solar as US extends oil chokehold - Reuters		https://news.google.com/rss/articles/CBMirwFBVV95cUxOQmFZajNoQXRVbGx0M1FfTm90Z1JaVHplaURDYW8tRFQ5b3lESGxERGtzdkRkYVBDZ0dEZnZsbzdzRkNUNU0wcy15cTE0UGhlSks5VUREN2NWQWhEd183aVZLRTBYNHY5ZWtyZzN1azZOSzUwbWhhc0dmZG9wbzRta2NkVnVBek5nUWNCY3JwSUMzRjZpTThLUWtlaERYaXFTMVE2X3FPNjQ2M3pHT3dn?oc=5
2026-02-20	Google	0.0	Dominican Republic opens bids for 600 MW renewables + BESS tender - Strategic Energy Europe		https://news.google.com/rss/articles/CBMilgFBVV95cUxPRjBBMlZRb2J6Skhwb1JmOVRIWU9OUmpySGVNdTBDdjRaUzcwSE5sd3FUUDJRRGVlMTBLaFpndjdxRGotNzU2UkVyUERhWUdFd0ZNaG5HakgzLUNWamFzZmxMR2ZoMXpfeW5teVlzSEZlUzZjNFMxZDl0aW5scHFBNXFBVWNTb1Y3T1NOMmVENldDYTA2LXc?oc=5
2026-02-20	Google	0.0	Duke is stymieing progress in NC. Stand up for affordability. - NC Newsline		https://news.google.com/rss/articles/CBMimgFBVV95cUxQanlZYW5KcnpSam1ZWDVWTmVTRGFiQktqTU9WRzFIM1JFN3JXcEpyd1MwVW9FakxmMTNqV25kX0laVFhuQkJEalo4b2k0Yk4xem1yaHJxbVNNZFVyanEtY1lQTXd6ZWdqNlRicmM2X1RJRTJuYkNFRWM2dmhSME5HbmxKdkx1anlhZUg3NHNIMHRzWm1JYTRWcXB3?oc=5
2026-02-20	Google	0.0	ENGIE, the world's N°1 in renewable cPPAs - Engie.com		https://news.google.com/rss/articles/CBMiPEFVX3lxTE8wSTgzNGNhXzR6VXE2SFlpdUNrek5CQnJ0S2hpTVBoSFhBY0lyTTZoVWdkVWNodllKWVBvcQ?oc=5
2026-02-20	Google	0.0	From energy to flooding, Maryland confronts climate change realities - WYPR		https://news.google.com/rss/articles/CBMisAFBVV95cUxQWmM2dW9TQTRhSlI5cXBidkxhOGVsRXJmdXUzTDNGWlNTZmVHcE5IRV9IRTNsU2dGbmRwRkZ3azBUbWVVMlEzNkJTSlRUTmduTlZJX2FhS09OTVlfZzNMc1NrNjEtOGNqc3ZsNW5wRDJ6WnE3SjdWQ1VtMVFsd2Rkbk5RajZEX05hY19qT0dFd3JVekM1SE1RRWRtMXdrWEc4ekNzTmtVTEpSMTBoQ3hsUg?oc=5
2026-02-20	Google	0.0	Gov. Evers outlines final-year agenda in state address - The Daily Reporter		https://news.google.com/rss/articles/CBMihwFBVV95cUxPX0pOa0NHU2pXU3JnME9hbUwydF9HczlOdFhCWHByTDJSYWJYcW9hT2FfNGUtd1RLLURobVZ3ajYtSjg2aVNacHVhNkRsN21aTTFjNV81b3dYRTlrdDhoSzB1OWp2bE5jLVVmWnhIM3ZBOUdWNXJwLWVqRC1EV3RYSTZ1Uy0teTg?oc=5
2026-02-20	Google	0.0	Harckham Supports Affordable Utility Costs with a Dozen Bills to Expand Solar Energy in NY - River Journal Online		https://news.google.com/rss/articles/CBMi5AFBVV95cUxOV1NyZkEtdkZkMzU5Q2R4U2E0N0FGR0MxV2VTQ1c3RlZYRHhfdlh6Z1pQZ0MtN21kR0ZWMDBQeU5YekVidzFzdEJiV1V3eENfZjI5OWhKdkdydkd0WWJOaHhrampsZEw3TDAwOTlGRVR0ZHJYd1lDRTdOeTFDdFkxXzZVSl9PS2YwRnR2WENBN1otY1gxbzNMVEZyVDlwazFmbWotNzVPbHhLM1RaRW9rTkctUWdoSU5MdzQzVWZqSkZoTGZwaHd6dkQ0Wi1yTUszZWdXNFVFaXliYjcwMy16Sk1FSzY?oc=5
2026-02-20	Google	0.0	How Energy Politics Played Out on the White House Roof - Nautilus | Science Connected		https://news.google.com/rss/articles/CBMiiAFBVV95cUxNOTBlMUdNcDRKNUZRNm9GSGhTY0s4d1o3M1c4NlM0OE93Wk93ZkRsajFUV3NLUldZMUZTYVBEZnZ3S3d2cklJWi1iYnQ4SkxUUHl0OXVpcWJjcElPQm1ERnJvbzdHdDA3c1NCSlA1b2RRVXk0YkdnQWJRQlBrZjJXMUZqc2dUeGRE?oc=5
2026-02-20	Google	0.0	India: Energy storage tech scope widens with 100MWh flow battery, 100GW pumped hydro and grid-forming BESS prospects - Energy-Storage.News		https://news.google.com/rss/articles/CBMi4AFBVV95cUxNTE42X1lDcHRDNlVqaVIxWmJUUWdhVUh2X3h1VnhOTktlalV4OS1MaEhNV0Z2VXEyakFHY0M5dkpZdnYtZC1mUDBHUnU1U3RjOWowbGNNZ3NPU2R0MFpuVjJ6R2lpRUVrZDZsb2RlV2VQbmRqTVpkMjBGT0I3emxrOUZ3YmhGdXRtM0ZmMHB3RXlJVXd2SThISmQtTm83UXVnVHNMSVdkWFJDVHpHZlRGamRoR0trLVE4aDlQdnhPMU0wS1dGanM3dmRJczJxN0ZzMVJqeU5PYjRkS2FXbHJSNg?oc=5
2026-02-20	Google	0.0	Lawmakers consider an energy dominance fund and transmission study - Wyoming Public Media		https://news.google.com/rss/articles/CBMi0wFBVV95cUxNX1NFVzJOZ0VJbXMtYnJGY1ZZQUJvMlZlZzZ1eW5xNFZ1bDktX1RQM25hU25xRjJrNWdoNnRMOWxpZGhWeUVmV3ZuMFJ0OVBVRzkxUnBwQURxcE55ZDZWSXFxVlV6NEZEbVU0X3Q2eFpfQmt5M0NBd3U1bXhCWmxxNFRQcmhFWXE1OHd2VFEtVVE0OFNPV1dxMHlhY3dGaFBhY1VTckFzWVUxNEQ1aHhOTnIwRWdhU1dmMU10c0Vua2ZYbUo5eGdQeFR5elNOVXRWY213?oc=5
2026-02-20	Google	0.0	Letter to the Editor: Vote no on renewable energy issue - Richland Source		https://news.google.com/rss/articles/CBMingFBVV95cUxOVWprRkRrS21LY3RpZFFlSElXX3JYMVJzTWhOVUx4M3ZvVmNUOWF3ckRSdGtWRmQ5RnhyLW5XN3RHaFp0YlUzT1h3WXhhT2tURkxpSG9RSGVrQkVCNXNEakF2Z0o1U29raFpnVU1TSHFnX3JWMEd1NkpYQkdvSGsyR2ZneHpFTVE4TVFnUkJVNTk2MHM1RG1XQ1JuMVk4UQ?oc=5
2026-02-20	Google	0.0	Lombardo says he pressed Trump to restore solar project subsidies - Reno Gazette Journal		https://news.google.com/rss/articles/CBMixgFBVV95cUxNR0JYV01pd2EzSnlRb3dPLXlDRFlTTzFOd1pRMXhvSzNxUzRQNzRmeV84S0RlREp4Q29qODVkR2tvUVZWXzhaOWE4T3ctRXhMcVNtaTQ5QmVFUGxTenZJaFdzckJ6YURhUHZNTGJZdWtUMmQtdGZDckh0dzN2MDBZa0d4ajR2d3poRWVUZnNxZC1kUXJEUFRaMkJtUzRCYlBPUThMdGVFTEwyal9LOElwenloQ0hpRDczTFZDS3o1YWc3Wi02T1E?oc=5
2026-02-20	Google	0.0	Mexico renewable energy tender sparks investor rush - BNamericas		https://news.google.com/rss/articles/CBMilAFBVV95cUxNM1dTeWRMb2h5WjF6YmEyZ1VtUFRxQ2VrbmI2VUxBLVhVQ3lMMHBMMjJGa1A4VlBUTFdzUWEweGJwZHJUZkRjQVdzb0lOYlRfOVpXLXc4NFFiRFV3bkVjZnJmS1N3SDVfNjJ2bzVQQ1BfbUgtazA3enFyVmtidG53bWp2dGd3SW9hd0l4dlN2U1h2Sy1P?oc=5
2026-02-20	Google	0.0	Michigan county’s argument against solar farms? They’re a health hazard - Bridge Michigan		https://news.google.com/rss/articles/CBMiuAFBVV95cUxQdmlEeE1tM0VkSThCTHAtRWhLZkZQT1J3d3hQcUhtWnh6dVpzeU0ybWgzci01M202cGdZUXp6N2RncXlVR2gxeVhGQzNYelNWM0RLNjlVa0xZdkhnc0pqX3dEcTJsNzhUWDdpRGdna3pIUDVjRW1xVW1SQnMwQVA2aGtGOUpjQV94NVh3RmlRZ2lQWnpDYWV1ODduYk5aaEtvUDBrMGJvOVVRdVlyWlRYYXBQV0d6U1hP?oc=5
2026-02-20	Google	0.0	Microsoft meets 2025 renewables goal with 40 GW contracted - Renewables Now		https://news.google.com/rss/articles/CBMinwFBVV95cUxOVFJERDBQMUIyWU5RZGVmTDNQOXdLYzNVRnVmaE5EVFo0N2lZdno0YVg0UzByUzdBX2dHVWtLRFlJWmNOYUVXRTI0ejZWWktnRHYwYlVHMDhrNjZoQlZfWWdjbGNONUR1eGZMd09mT1R0dXlOLWFZck1oc0tWWEQyN1VEV1YxWFJGV0tmRUl1bXdUd1hyYlJ3ZEEwYkxlOXM?oc=5
2026-02-20	Google	0.0	Microsoft says 100% of its global electricity consumption is now matched by renewable energy - IT Pro		https://news.google.com/rss/articles/CBMi0gFBVV95cUxOTTduNGFpY2FHTlowU2s5T2YxUWFzdDlTdTliYlZON3J0dm5taklkUzR1UzljRXlZcV9BcVlwY2FfNVlrMjFLb0VVbExHVWI3dGZMRFNGUi1OTXZydUVTOXlJMzVKNmpKUE5uOFJlcFc1VXJSOUF5OTJNZjV5UXJPOHlpNnJFU29lcjJ2cFlhOEVSMWZGX243cWdMam10NFd3MDFWdlpHQkg1U0VGU0UyWlc0VjViXzZ6bERlNVBkZFdXWVZsaFo3bUZPeW5qSnMyR3c?oc=5
2026-02-20	Google	0.0	Newnan Utilities adds solar as coal plants phase out - The Newnan Times-Herald		https://news.google.com/rss/articles/CBMi0gFBVV95cUxPT3VjbXA5M2hGVEtyVVNHVlV1aUxUc3Fnb1JvNHdIUjZ3bk1iRUtPekpuMHdaV3NYb1Ryd1ZYQ2dfSE5jUlJuSEdmemhsbEE1TzFicUJ0SWpnYXRQTjEzSjVsZExmb2RUTU0ya2Q4cGV2TThzSm9ZLXlVWkxkWnFORG9iXzdoYXBIMkdfNXNJYmZVLTZsU2RvWnBIRVlKb2l1QkxrZnZpMmExNVVDX1J1dk04bGdHcXFCeU1Xc1lGU3FhallsM3ZybVVmX1NuazNaMVE?oc=5
2026-02-20	Google	0.0	Next-Gen Water and Energy Membranes from Rice University - Fuel Cells Works		https://news.google.com/rss/articles/CBMizgFBVV95cUxNZW5mdDBTSjdoMGd0TGJGYlZocTlWRUM4MjBwbGh5Z1hZY2RCUUxDVTZlb1NlNEZsQjZTdXZIZXVSNl9BUHIwdXlyY0haV0drdjZVVFpMcnk5bVFJc05OT011V1hWR3BSTmpGNC1zWGpZNnQ3MXBtQ1pnU3lkTE9LNHFuYkFnMnltR1JQRHNZbUticF85WDRSNDZOMkhnZnd5Z05iQmpQTEstZzlsbm5DQXdaZGN4Mmg1Mm40ME4zMk1YREFudHFfWnlIWWpkdw?oc=5
2026-02-20	Google	0.0	Penn State Extension Hosts April 7 Webinar On Grazing Sheep At Solar Energy Facilities - PA Environment Digest Blog		https://news.google.com/rss/articles/CBMijwFBVV95cUxQVFE5TDJpZnFYMlc1NFhYdmRPdnV4dXVIXzVURklrTUJwM2hhWmd1bzE0UzRsbmVKbzdfdkxrRE52cmxBYjdTUENxNndXNHN3ZDdPemc3RVlHdU03ay16SFNLVzBHMnNROWZ3Zk1nbzdBdUlhRkZ2QlJDWmxQanJFQzY5NzhSVnpzVGt2Z0d1cw?oc=5
2026-02-20	Google	0.0	Poland passes 50% threshold for renewable power share in 2025 - Renewables Now		https://news.google.com/rss/articles/CBMirAFBVV95cUxQa1VhQlFhaDNJSkVMSUlvMllob1BCUlF0QXVYTVlWRjVRTjJ0amNXOHFxb0ZyeFMtSGJvQl9leWgzdFRqamFsc1ZZRmdkcWpZOFVSSEl3RzFJallvLWk4OTcyM0tEVnFfaTZzV1hQN3V1Z2hCYjN2RlZCTklKRUY4OHRwZWpfYTlXcE5WZ1dMOUdNYUJTRTdtRjlMR0NZUmpkajJhVlU1d2U5VDM5?oc=5
2026-02-20	Google	0.0	Solar array to power Poland Spring plant in Hollis - Mainebiz		https://news.google.com/rss/articles/CBMiiAFBVV95cUxPNW1VdERjX0F1emlFZVh2TWh6djFiWkszU0ROMmJGUkxvQ21TMDVlUHo1eXNBZTRvTDk4YXdlcjdHemtZQlV0b2hfc1I0cGhZMjlnX0poc3VJclYyelZSNWJ3SVVhTmg2ajFuYWxuV0J2NGl1TGg5TEhCWk1TUEFlQUFETWZyczJw?oc=5
2026-02-20	Google	0.0	Solar initiative aims to ease grid strain and cut energy costs - 910news.com		https://news.google.com/rss/articles/CBMiowFBVV95cUxOS0FwX1ZqSHA0WXNaRFVOdDNqUmRyX1B2RkJiWjNZZjVtN1ZYbFBhMWI5a3ZOMTRIN3ZURGtzVjNySWJRejFQVTlobmE3dU1yX3JISXlJc291OGRHOXpkSWlSb0VMQWJBMG1WY1BFbGZ2LU13bE83VzBLanZmcjU5MFBiNVlmb2pFVHB2cFY5Mk9RMUNDMEhrRHJLSGNfbU1kcEln?oc=5
2026-02-20	Google	0.0	South Africa’s just energy transition in the shadow of global geopolitics - E3G		https://news.google.com/rss/articles/CBMiqwFBVV95cUxOdkpiZ2RoV09VdFNqR2tMbjZqLW04RG9uTHhKTlJzNWh4TnR2YTB4VzN4UFhCWS1LZnV4dTFQRS1EQzlmSVotbFI5a0UxN1RlV0ptekhOUXpQelVwbHByQ2VISHFhMk5uZk5Uc3BLbEphUllPblpQU080S3FTWWRINWpOUm5td19VaWZtbl80cnlaRE1wRGRoeDQzMWx3RlhzQzlwMW4xcWphaDg?oc=5
2026-02-20	Google	0.0	Spain's Repsol cuts renewable energy targets - Reuters		https://news.google.com/rss/articles/CBMirgFBVV95cUxNYkRYaVJPOFd6WnlLY1FBemJTUnpXeHAwWUxia1piX1NjNFlzb2cwdnVFb3JleXhZakdUWjJ1U2lfOFFtZVNFanYxcDcwVFktRlNLQzF6ZWZsRE04MTh6YkduZFhsSVNkX0RQUHA0UjdjajJleWloemRLUE5iWDU4ZDFueE05XzVHbk5YYzNtSVJiVEUxYmJIM1BzUmtiTVRUS2Rub2E1UWVBN2VZdXc?oc=5
2026-02-20	Google	0.0	Spain's Repsol cuts renewable energy targets - TradingView		https://news.google.com/rss/articles/CBMitAFBVV95cUxOb1FZU0otTklHZE5uTVp6Z2l5bG5CQnZkT1Q1b0g1Z2tieGU0ZVQ1X2lXcUMwdXJORUR6al9XbHQtV3haMTNBQmFCdEhzbnJLZktOQkJOMDlOd2J6Y0pISlJ2V3BiYjVpX3lTS2dsOU9GUGlMSWNsUFl5YUdWZkgtaW91OGNENUJQTVlJTlNzdWN1OGJxVWxwUXNwTWZfMjNmM0dnWXlXckNOenRxRGJhd3hJY08?oc=5
2026-02-20	Google	0.0	Strengthening Our Presence in Renewable Energies - TotalEnergies.com		https://news.google.com/rss/articles/CBMijgFBVV95cUxOMXNLU3lGY2UxeTBNTjJYOV9zWExYVWtPSUdsb1dOUXJJcGJCd2lKWEgxZXQ2OHMzVVlJRGlKS1UxdzYzSnN1eDF5d0xjLWlKS0x0d0V3ZXk3cjUteklDVm9XNnctVEdlQVdNdm9BN1NhRFIwRW16aGw4N0wwbzlpRXU0ajBsOVREcEc3LUFn?oc=5
2026-02-20	Google	0.0	Taxing Fossil Fuel Profits - CleanTechnica		https://news.google.com/rss/articles/CBMickFVX3lxTE1LSzZnSmlNY3A3VTdTa0taeWl0dmU0YkNqdUdkOXhNYUV6ZTg3cEpfV016Qm95TXhRa2NfM2Y0X05pRmpxRlB3ZDdBWUhmMzZYVkhDbF9jaU1wdlRZOENwS2t2WnhmV3d3V2Y0QUJpQ01fZ9IBd0FVX3lxTE54RHJROGJwOHZWWDhEUTQ2dUt5cDhLS2hSTUNDUFc5TUpNWmxrT3Vvd1AwamZpYjk2WkF4VkY4enV1Nk5QVzdMdk5WcWhvSHZRd1pPRGNsd2xRMVp1SlNpWlhfbXZTNHRiNEpvemNJVGhhWTA0VFh3?oc=5
2026-02-20	Google	0.0	Technical realities could ‘potentially undermine’ Microsoft’s 100% renewables boast - PV Tech		https://news.google.com/rss/articles/CBMipwFBVV95cUxOc3NCT0ptSWJOUVNMQjJVT29vWE5INUtXaGdDZ1p5U0d4dDBOYUdXRGFuZGZCOEhPVlZRWHBKV0RyUWd0X3UyWGVfR2N6OW4zTmExWDJ0bGhtcGFsb29yWVV1Z3BlT2dZcmRXTEJCSWp5cjE2SVFMNHdGUGhSMzFoY1Q1TTdWWENDVnY5eXhFSGpsWndpanlqUjJXMTZMcHpnS05ybGJRdw?oc=5
2026-02-20	Google	0.0	The Climate Won’t Bend To Trump’s Will To Power - Noema Magazine		https://news.google.com/rss/articles/CBMiekFVX3lxTE1KR3JDb3dhV1pZLWpkci03V1lUelNZallvbnVZTTZCOHFXaTJvbGF2bWVQS0lNbGNKeUR5THo4d2NwQjBxM3JvbHlkRGZrWkFaUHdkTFJqbHhYTlNhalo2dWllczB3LVhzanpFcm9wZjNqMXcyOFFQZHp3?oc=5
2026-02-20	Google	0.0	Türkiye and Saudi Arabia Seal Landmark Solar Power Deal - Caspian Post		https://news.google.com/rss/articles/CBMijwFBVV95cUxPQkYxMzNiTi1YLWZEeUhZRzlCdnNYamdYV2tic3Bad29jbmRGMmdseXQyaUxSdnQ4UUtWcGphTTVheU0wS3lRSDdheG01Vlo1UWE5ZkE1R043N25LeHh5emJtVkpBcTVpNmdxMjNvbUhyREE3N3ZIQ2FRMVBRekc1al9ab015c2RpVEVGN1hiRQ?oc=5
2026-02-20	Google	0.0	Weekly renewables M&A round-up (Feb 16 - 20) - Renewables Now		https://news.google.com/rss/articles/CBMihgFBVV95cUxNaEM3VXVBOFlDN1VoZkdBS0Z0ZW5CTDFwaERkdjBfZkpQSkRiNDRScjF4OWRZVmhQOHdvWmRaVHJ5ZWV5SktFTTN4eDVZWTd3MXVkRU1kcEhlVTIzdkhaRWZNNFY3VmFhWXBKTngtNUJrNjg2dGtLSTU3WTBreFdBbV8wS1VKZw?oc=5
2026-02-20	Google	0.0	Zelestra and AEP Energy Partners agree 49.9 MW Gem City Solar project PPA in Ohio - Energies Media		https://news.google.com/rss/articles/CBMifkFVX3lxTE4xeHJfam51QzNveFBDc1gxM0NIbDZ6NFJuU2h5Y3d2Vnk1WElXZFUzS3BhaG1YdnJfaDg5MHMtaHpRQk5NdmhZd2J3clNacDJOSGF3TFVRY0s4UGVjN1ZzandnWDdqTnBmLXgySWZxVTVRRkZvS0k4cmNDck5MUQ?oc=5
2026-02-20	Google	-0.057	Chinese green energy tycoon warns AI boom will strain global power - Financial Times		https://news.google.com/rss/articles/CBMicEFVX3lxTE5Hb3E0RHBTaFhrM2RBeUFpcFZ4VnJaSWxQemdONGtUOUtRUG5WSUlwM2ItSWYwMG1CUU05VkRaRC05aUM3S0hjNWkwYTJVcm9WMDNSNGtmUDNXR2tFV0Vjbi1XcWJ4TndnbFd6WEtaZjE?oc=5
2026-02-20	Google	-0.1	Green Hydrogen Redraws Industry - Fuel Cells Works		https://news.google.com/rss/articles/CBMikAFBVV95cUxNUUJaSnhxcUIwcDBNYzZuQ1gtbXBPLWVhRXRWUzJUSW5ZUnRySldQQU5WUEVIOW4xOVV5eEw2Y1B2dUVkZVlQM05TbC1Pck5hQ05iT1Q3OU0wRllkQ21NVlMyVDVLMTVVM1YyeG14TDZ3bDl6Y3BtNGd4UjNZdVV1bi1DLVJvSTdha1owRVNBdGk?oc=5
2026-02-20	Google	-0.333	FAN: An Ill Wind Blows For Renewable Energy (NYSEARCA:FAN) - Seeking Alpha		https://news.google.com/rss/articles/CBMiiwFBVV95cUxOaklQenRFVDRRSXJqQ0pGYTdTcDh1RV9nMVZCb1RNNjBtVUExR1BjZ0taM0ZuQ1BEY0RuamZZWkVXaW1JOTFjZnJQV2k1MHB1b1lJX2loOU1aM0xuZVRpMHNTeGI4dTd1SThYWHBzNVFJNTJZQXVET2ZVOTB5eDAzUmlPM0JPYU9iVXFV?oc=5
2026-02-20	Google	-0.35	AI Boom Faces Power Crisis Without Global Renewable Surge - Crude Oil Prices Today | OilPrice.com		https://news.google.com/rss/articles/CBMiswFBVV95cUxNMlg4dVhCeHRuT3JQcWZBUm1vSTRrSjJCTzc2NHRTeHRDS19McFlDdkRqb1R3QXhVQTZEdUpMb0dtMTR2LXd3YldmTHNxUHFxdDVPMFo0RVliMzVmRmplZ05EX2FSS0RITzUwb1gxaFQtWFRTNTlIOTBsQlI0ZURPUHdsR3hqQkNvaE55aUpQTkUxLWdHUGotWklscmtvWnlBQzExSEtuVUZFZ1M5N0cwanBhd9IBuAFBVV95cUxOVzNVMXZlZlRNcTE3dlJSUm43NzNzeC1fUEVoSHV4SWRkeU9kUGI4c3ZSeVNUOUtULXk0ZWZ1ckhKX1NETUw1MWNLMHlCMlB1Y2g3TnpycDFrNVJlYWhpQ2pYUHdhUVlQT0VfSlhFT3RBcEw3WjFqQkNsRzhiZkp1b0ZNTS1GYnZEXzEwdTNSMC1xZFVGVlhYZXp4ZVRGOFRvSE9oM2pUSGMxRnBERHU5LURXMEhvU3RM?oc=5
2026-02-19	Google	0.244	US states sue Trump administration to unlock funding for clean energy projects - Reuters		https://news.google.com/rss/articles/CBMiyAFBVV95cUxNT1hVRkIwODZtNGtoMFBoZVBnQ2U2SUVBRDdSNUxoeFlaQ0FlaHpOMnc5enBCYnBpVVd2Q3VHOXVLTFB2UmxVSFNteV9tcU9neDlaRUdTVm1rajJxWkxfZXNWZVZtSVdSd2lSM3FYNGRVS0dTQTl6WnpEVUIxTDZ0VVRReTNmYTd6OFREY3VZdHZwd3FQQUp1YjRsU2s4WGJpZVl2WGpOc3A1VHFYT1MtcXFydUJSano0MjJINUFJbElOWXA3MGhTVw?oc=5
2026-02-19	Google	0.2	Renewable energy isn’t to blame for Texans’ rising electric bills | Opinion - Fort Worth Star-Telegram		https://news.google.com/rss/articles/CBMilAFBVV95cUxPQmxtd19maFg5MmR2NWUwdVhNQ0NfNThObEQxQVlQUGl4LUp0WlJzY2RZalNFdVZ0TkdjUjJudlJLdW5WUFBpVzFuRjh6QWlhY0hWTXA4RjJvbFpvdDByVHYxeXdaYVh2ejd1emhpOVNCa3lCNkJ4cHBzcE1FcjB0OWgzbmIxSFgyQXhWZ3ExXy14OC1w?oc=5
2026-02-19	Google	0.183	Private Equity Targets Clean Energy After Steep Drop-Off in 2025 - Bloomberg.com		https://news.google.com/rss/articles/CBMitgFBVV95cUxNNURSZ3JDRjd0YnhLNGpZcXV5LWI4bDRGOXdyWUxaRTNRakZiT0U1WlRoSDBjelFyQTNUQjJfNTc5UjZuYUFmVV9aQ01seHA0MnNlaGpCNkhLaWlJREpqTFNsbFBqcHhrZ012VjRNOHBBdktLYUhvU2pUb1QxRlgyWC1JcFEtejlHVndaMVZ6dkthM1RVRF81Mk5xMFJaeGlPek5sanFzeWl4ZEpiZ2J4bmpfdVBBQQ?oc=5
2026-02-19	Google	0.156	Corporate Clean Energy Buying Fell in 2025 After Nearly a Decade of Growth - BloombergNEF		https://news.google.com/rss/articles/CBMivAFBVV95cUxNd20xT1VRY0VxNnQ3SU9GZnBvMmxvT1ZVTTVxNkNMeVZEZkU4NTBweE1mRjcyemdGRzlZbHVaZ1plODNtSW1OQTdGVFFlR1A0ekNYQ1BacHo1bG5LSWRjY19mSjQ1NkkwUnpobHlEQmFlTldjRm85ZUZaNnFDQ1U4bmpRcTRmbzRycGtwblhDZWZFT2ltTmhWZDdHX3ZkU1ExMTY1aXBTVkFXQmtLTnFyLW55LThVaC1ObWk2aA?oc=5
2026-02-19	Google	0.122	Corporate clean energy buying fell globally in 2025, reversing trend: BNEF - Utility Dive		https://news.google.com/rss/articles/CBMinwFBVV95cUxONW9yZ1NqWEctYVNlcnhqTkFrYm1FRDdnSW1xNFFYNzZxMEhET0todHRxbk5ZWklwU1ZVaXBlbjNlRnIxbVpVMHBZR1FkZzgzRklraTNJTTl2dzJ4V3BuelhDM1NfY084S3lRUm84RXVmTEh5Tm9NYlY5MWxLVWpFQTYyX0o0UnRfUzg1dnVIS1dPVURkTmdKaWNRSEVGWnM?oc=5
2026-02-19	Google	0.0	A Perplexing Ohio Bill Would Ban Wind, Solar … and Coal? - Inside Climate News		https://news.google.com/rss/articles/CBMikwFBVV95cUxPRWRtcmI3cVlGYVI5OEtDdnNvYXd4TEhfR0FYSzNIdi1POGNfcl9VMjc0Wk5LZFB4dFB5ZXk2NERLRjdDNjNEUGRBdFlHb243d2UtZFp4VnVzcmJ6MEF5aWpua2VBWGgtRWdoN2RVakNlcW5sRXBhX2ozam1uMXcwdzZRU0FER2lQd0E3SkctRFRPamc?oc=5
2026-02-19	Google	0.0	Amazon continues to be one of the world’s leading corporate purchasers of carbon-free energy - About Amazon		https://news.google.com/rss/articles/CBMiowFBVV95cUxOVDZvR0NROERabk1TTTQya3NZS3VxejVfQjNVUmtmMXgycjZWM1RybmhRWmZUX0hldTZKT2Y3cGtXbE8tNldNZXZsZ3hRcW1PTTJ4bTJaMk9uNUJ5b3UxU2xrRHdsbk5mbUR3d3RsS1l5Y0RJTnNXSnIxTk9vODJrUXpMRVFBb2pYZ3F6eThJdmRGSGg2ZkNWQ3Fqc1d1ZExSU3RB?oc=5
2026-02-19	Google	0.0	Board passes renewable energy use moratorium - Genesee County View		https://news.google.com/rss/articles/CBMikwFBVV95cUxOb1UtUFJDUllJSjRuekJEa25tWU1PdTNvMlZsTnFfemZsejVDYi1uRjFaVXJNN0F3XzVZZVQwNlVGdFdqdEcwLUdwMndzSmNTdTF3Mnd6VWZjUnNlR3IySlFvd1hzcnBlTUtWNkZrUGlRQ2twRU4wTEwwdlpScmFsdVZtMVp4V0pRdXRFV0E1NW1ueHc?oc=5
2026-02-19	Google	0.0	E&E News: Renewable energy expert joins Trump Interior team - POLITICO Pro		https://news.google.com/rss/articles/CBMiuwFBVV95cUxNOHRDc1BKb2NHRVAza3lVS3pFM0FRYmFkODQ2RnhaM2tlUHZ0Z05wT0ZTbDNVdy11V1prQjQzQkFzaDZRRGR6N1VKc3hIMmhtS1NGUnhVT0t6RzFaMFM2MVVPNVRiWG5FRHo3bWc4LUlrWHFiTFMyczdtLVh0aWNGU05VQmRkTmxPQnlfMFFFNmQ2c0l5TEFSUExhVUdEY0ZyMm10SWZWZ0stVnRpYkxUakwxek5LaUpCUkNj?oc=5
2026-02-19	Google	0.0	Europe swaps climate rhetoric for energy security talk to defuse MAGA backlash - politico.eu		https://news.google.com/rss/articles/CBMiyAFBVV95cUxNaEJfQzg3c2s2Nk1ENkJCTEJCMzFNTVdJdXJTRGZtdkViQV9heThzMEFkblYwR1U5RXdTdTFaV2lpNGdPejBuQnROeER0ZmVWMmtSekVyOUhBbFduaFUtMlg0V1Ntd3ZZcUhVd3hSMHA1NGxTUDFWZ2wxdGs4M3FlX3REU3pxaXNNRjRpMDkyUzFyWGxBY0xPNzUwTWZ5cGplV1ZXMG1CczNHNG5MdzVRYjJFYUpuZTVHbkZVNDJmeDJ6WWt6c19LMg?oc=5
2026-02-19	Google	0.0	Hourly Matching GHG Calculator - constellationenergy.com		https://news.google.com/rss/articles/CBMimAFBVV95cUxNdHppM1IzR3hybktTcTFJQUthMGJsaWFUQTRZVHB3Q1hMeWpqS3RMVGhWc1l2YU9Ecm1ReUhpeWVKUVhVVGtTVkdteVVRV1VYU3l1YjJyNnhqM3BhV3VVb21xb2xnQzhtZENjY3I0T1EzcnktcmV2eTRDU0lfLXB6V296ZHlyRS1ISEtEYWdZQWpEUi1PWUtvVw?oc=5
2026-02-19	Google	0.0	How Amazon is powering the next era of carbon-free energy - Amazon Sustainability		https://news.google.com/rss/articles/CBMipwFBVV95cUxPSUpSUmI2NEpKQzZNV0RoMFpuU2pndEljMkpCclZmVURTUWhBQXdsTkpQX2FPOUF3MFIzNFRQMU1jQU5uR281TVlZbEVWR2QwRTY3QXZudEFSMk54ZS1Gb2lUX1RuTTBKVXhhWVFkdDF3cV9iSERYUTlMRnhVazd2U1oycEx3aGU5d3R6b0FvVUFkZ0c3dVVlc2JoNThXNkpRWV9yRWpXbw?oc=5
2026-02-19	Google	0.0	Hydroelectric Generation - constellationenergy.com		https://news.google.com/rss/articles/CBMiekFVX3lxTE9Xb3NvTkxvOVRWVXY5QmQ4UWkxcGNQSTFQX3oxeUhtekxIY3g2LXQ0d0VfS0g3NnR2VGpnM2wzOTlrcnZFanIzejdMRXZENGthcE53ZzRxdWxRelBUZXFNUDJzMjBLNmdtNWRMZy1NWUR5NWtzSWlPX2p3?oc=5
2026-02-19	Google	0.0	Iowa’s renewable energy boom tops $23 billion in investment, CSI report finds - Corridor Business Journal		https://news.google.com/rss/articles/CBMipwFBVV95cUxPRkxaTHVSUTh2MWxZdGxYOFYtZEdVMFItWUEyd21qdjJvRWpMXzB2cGRISTlpdGd6QlRLZ2dPS1pNUWlFOC1MNk9iSFQyNjdDTEhYQnBmcWFnemJ3N243TTB2Umx1VlZRTDBIWWJnVURBLVZ0NldTdGo5M1VXbldsX3VmbVlDa25iUzZFLU91T09Fb1VkM21ET2VBQWI5d1VmcjhqNnUwQQ?oc=5
2026-02-19	Google	0.0	Kazakhstan, China Launch $2 Billion Renewable Energy Projects to Boost Carbon Neutrality - The Astana Times		https://news.google.com/rss/articles/CBMiuwFBVV95cUxQOERvYm1EdHQxeld2c1ZuNTZLOXVIWUUxbHI5RkxXQXoyeDJIb0VnXy1NOWpGU1R5WWpzRG14QngycENyWEVPU3hwVzd3RjRySVcxVXVMRjhudDYzU2ZtR0lQNEtONHlZLW5Dc2loNERubjV3dE1kUUNxN2ZHclpKUU1HSW1jTzk0emhOSjFqMVRlemhkZ1hOQTZOZTVwSm4wRnlpTjBsZ3NpbEF4cGZ5NzhNV0IzRi1mZFdF?oc=5
2026-02-19	Google	0.0	Mexico, Puerto Rico drive Polaris' renewable energy pipeline - BNamericas		https://news.google.com/rss/articles/CBMimAFBVV95cUxQTzBjcGRuSkNoTG1mOWZBMnpkWkt4bWhyNVEyZWZwTHBhM1dNU0RUUGlrbFRWdmFIaEkxVEJ4Q01DS205VzlOVGZVMS1BLUpJOXMydlNlWGpNREtBbXl2QklwMUpKLWlhT0k1ZEpRd3ZNZGNmM0JJanVlQmVyYnZDNWpSbmZMdGlCd3ZiMGZzSHVoMWdESFpXNg?oc=5
2026-02-19	Google	0.0	Origis Energy Announces Completion of Swift Air 500 MWdc Solar Power Facilities - PR Newswire		https://news.google.com/rss/articles/CBMi0AFBVV95cUxQc25ROWpnU0R6RnRFX2REU0M0aEVZMERvc1loQl84Z3NCVTdyLVNDVVNNM0Y0V051N05Hd1luc0hSSnA2WUVaVk5uU3ptWVVHcklYVm5FNlZUMkw3MUlaM1Rkb0daWkJWaVdqcnVEbThlVnR4WHFtU2VzdGMtQ0ROT3VnUnJQa0ljdEIyb0tRTjY3cDNvQ1Flb21JTkFVT1Y1MTJiWkxoRnJ2VnNiaXN6Yi1ZX3BJdDBXMmlyZTZSaTlyZ3QtOUI3UXgzNmc1bWRH?oc=5
2026-02-19	Google	0.0	Pendleton receives $2.5 million in renewable energy grants - East Oregonian		https://news.google.com/rss/articles/CBMimwFBVV95cUxNYlI2U2VPRW9EWnpVY2g0Y0dVOC0yOU1UdUVyaktKNmlrNjEydnR2V0Jadng5Tm43NDNZVVFOLVRPTzM2T1V5cDZuMGRMMHlXLXE4ZDY1dDF6MHNPVUJ0dDJ5NUpGZGxzOE1nTmJ4RDFrT2ZwZnZmc0hjaURkYkJmd2V2VXotR0JkSW9pNFc2ZTkwcmt2N1dENUxQWQ?oc=5
2026-02-19	Google	0.0	Peru’s interim Presidency raises uncertainty over renewable energy reform and 2026 tenders - Strategic Energy Europe		https://news.google.com/rss/articles/CBMiuAFBVV95cUxPMWJqcEhNcjlma1VMMVFIWTRhcEwtRnBrSmhobzZ1eWFNT2pxT3VENFdWQnNwLU9iRXVMeW1VNVNrT0ZnTkNQeXZGWmcwdndNX3dFYVQxT2dLeHBCRXFKTlFBLUZmSkJtakFNN29NWFRMQ0ZaZGFNSmI1YkNoSnBMTzNuZnNLUGt3c0pPYngyNGVmWFFJdy1VZXBzcDc2Qk5tZXNma25wV2Z1d1FPbWpDSXBJcUwtZk96?oc=5
2026-02-19	Google	0.0	Polaris Renewable Energy Announces Q4 and Annual 2025 Results - ACCESS Newswire		https://news.google.com/rss/articles/CBMivwFBVV95cUxQVUsxcWhBMHZFSGt0MDZvdGtHWWhXSS04ei1CcDkxTXFwSWJ6VnJnNk5rSklWYTNjbUNtRkJCMHI5OWk3NWpnNzlDX3hsMW52WG8yeFZkR3FzeGQ0bE1YUExtQ0g1NjFTXzdpNTNCRTVCaUFqTV9XdTdYWnltbHRZS0ZtblNwcEU0MG9PeU9DbDNfMWlfcThqZ0lETHFQd3BEWFZVSzFpbWh1UXRId2FrTGh6czFvU0MxbDQ3YV82QQ?oc=5
2026-02-19	Google	0.0	Renewable energy expert joins Trump Interior team - E&E News by POLITICO		https://news.google.com/rss/articles/CBMiigFBVV95cUxQaE5sUldHcFhYTDJSTHM3el9oOGlXenpTQnZ5ZGtZSllGWkIzcmZ0SlVJSVF4YkxXdC1Td19iSkxkeUJ1RDBmclc5a19sUG9sV0pjV3k3aXlzNkpZOW1LVDB1cmpTa0dJR0Z0U0IxVU8xenhsaUQ4WmpRMTlmSG9WV09aVFAtNXhEWEE?oc=5
2026-02-19	Google	0.0	Renewable energy in rural Kansas runs up against skepticism - KCUR		https://news.google.com/rss/articles/CBMiuAFBVV95cUxPbGR2YVVqMnM1VEFvVHBEZXp5UUZIUmhZelIyOGhzcFhMZjZyOF9ja3BKT3QxNnlFQWpoYXpiS2pJUGprOFdEMW4ydXlsNGZjbDZ1WEE5UEFRR2pMdUh0YkRkOUFwYmlHMDJ4RWhvRFdJeTJWcGpCamllTHU3ZEZjSEdEQTBjRFBKOXNDTmxTcTAzV2FmRzUxXzRocjFQd01FQ2QteTB6Q29CT0t4c1d5dmw4VmtBY3pm?oc=5
2026-02-19	Google	0.0	Rising Energy Demand Will Lift Brookfield Renewable. Buy the Stock. - Barron's		https://news.google.com/rss/articles/CBMilANBVV95cUxOWHZGNzB3d0dCVkxTN3Fad3BQSmNPekhhQjdwWGdoYUtTelNkakVmQ3dQRDBhNEV5MjNCeXBNZmlhVUVxLUJBN1BQc0s4cTA1eTZMeTZaOUQ1N25RMTlEd3kxT0JMVWZESHdFbXNwbHYtYkpnY1p5c256OGlkdE50NnNDelExOWx3dV92RXdzV1g3dDBnTmRhSndNblJCRWtrcVMtaEVET3NBZ0lPVEhUNzVuakdFaDZIMVVLZEs0SWRtQ1QyYVNxVl9uazk0RjhnUHNVclBRbTRyU0NiQjFUb0cxVUpsMHgtX1ZXUW1KQjdwNlY1aXZzZXlRQXRGTGh4NURhYTZOanhZNFppQmVnS29EbEE3eHRDbWVTbDBYZm5EMGhZZnJnc0diZVF3RUYzTUtnZTdsZGxBMWhKNndickRaTEhlUGdLZ0tzZlRoWE1sa0hFSE5mc2t6YURGZ0NTS0MwNGd1TGw0dmczQ2tlcTFwcDRycEpWeGZRWmY0MU9NcF9rMzBmMkFkTDVnYVBQRzFadg?oc=5
2026-02-19	Google	0.0	Solar Energy Solutions & Leading Manufacturers USA - constellationenergy.com		https://news.google.com/rss/articles/CBMib0FVX3lxTE8wY0FKNHhIcUlLaGFzVHBOT0RZdjVsbjlHYldZeS1LMm1zUEpiZWtDdkIxWDItTHE2U3k4WFYxR3FuSXZUM3RfVXVUaG5XaHNnYkttUE9IMWQzaHRjSU1fSkJkY2E5Njh1Y19kSDRrZw?oc=5
2026-02-19	Google	0.0	Solar industry accelerates shift from silver as costs soar - Reuters		https://news.google.com/rss/articles/CBMitwFBVV95cUxQLTViR1B4cE14X2dKY0xxdFJXWmtNM1IwMEI1QWxGOG84cjdMVUU5TU5SeVlCSGEyQzRIenpzVHE4NUlZMHpZYkE0ejhlb2cxVmFscEtiM3gza2doaklZb3ZqWmNhRDJvMFhyT3U3enFLUmJCV3pJUEhLaE1iZWdQNFhzeFJSQjlEQkZ3TDFGdy0xVUdfTXZlbDZSYUFLVHYxcTRPa0VMQi1zdk8zZnhRRkxRc25lMkE?oc=5
2026-02-19	Google	-0.2	Trump said wind power is for ‘stupid people.’ 5 days later, European countries agreed to build a massive windfarm - CNN		https://news.google.com/rss/articles/CBMiigFBVV95cUxNVTlGQlI5YXZ0UjNzNHNYZUcyTW1yTEdGS1ZxZXc2ajhQczktWWNnZnVyUWZma0VmdXB6TlhCRnphOGZ0T2ROdTVlNW5SV245VzBpM0ZjODk4ZlNCTFprZW14TEF5eXZ0OVFNNmt0V29rUnAxT2s2Nm01YVNib1BTSXh5RHpybW91cGc?oc=5
2026-02-19	Google	-0.25	Solar energy in California: it’s complicated - Capitol Weekly		https://news.google.com/rss/articles/CBMieEFVX3lxTFBjb1oxZ0pMbGlYZEdxN1ZjQXg2OXMyZVJGYXBUS0ZIOWxOT05mbzdaNHB6TTBQQWZzZWJuT0hrcjBLVlMtWjdQTUtRc05nVGtKSW5vYlUtUHhLX3ZmWWtoLXhyQ3ZJOW5fMEhMUUU4WW1zc05NWll2VQ?oc=5
2026-02-18	Google	0.367	California sues Trump administration over billions in canceled clean energy funding - Los Angeles Times - Los Angeles Times		https://news.google.com/rss/articles/CBMi0gFBVV95cUxOckFUclgwRlI1NzNxdk1rNjc3c1ZsX0RXTUNDVXZCMG5VWHF6QXM2d1dYU21RUG1mOTRNYjVWNjY5QlVNSWd0OVJ6Q1d6VWI2eGY2RDVHUUpOcllxSFplQ0dJYkdjR2JmSS01Wm1UNzRJTXFIaldzRUJiQXRTV0lILXFiSkxlUE9lUXBYcDc5N2Zibm45dHo0Vkw1dmREWXVrUjdMbXVJeHVKSWFpcE1yUU5KajJpMngybTlUU3pHY0h6a2EyVWcyU29pSnZJeGFVWmc?oc=5
2026-02-18	Google	0.367	Thirteen states sue Trump administration for terminating clean energy grants - Courthouse News		https://news.google.com/rss/articles/CBMirAFBVV95cUxNQ0hLOElNejRVMjZTWkh4LVR0VjltUFN3MkVHcXZGUFdfUFF6QzMzSUZ5d1JhZHlUWFk4VXpNaXlLRXJrWmZjMUMwQWlGaW9yTzREY2lmRXBZTWlVT1AwWVpGR19SUTgzME00NGZYWVFOZEtGTXJHb2x1Q2dkYmRuTjNDaXowWGpNMk90SzM3aGdqQ2IwS2VuUzMwNWZFeDBEbmpJZTk5a0FGQ05x?oc=5
2026-02-18	Google	0.136	A new Ohio bill could be a de facto statewide ban on solar and wind - Ohio Capital Journal		https://news.google.com/rss/articles/CBMirwFBVV95cUxQeXZhQm1jQU5zOW1xR3FwUTJabXkySkdKSTFsTHI4eU1PTGRsXzNVX3Zfb3Ztdjc1WUE1ZFdqMXlPWmFqUlFjaS1aRzBzSEowUGEzUEhlTXNvRzlIbXMzZlFoRGhOMVVzZjhKOERLUXF2UnBuVFNQa29fdFNVV1J0enpHeVBuZDh2WDRwV2Z5VHdrbUVEejV2YVNWVmswajZ0NkIyQUFiWmxWeXJQUkln?oc=5
2026-02-18	Google	0.136	New England Lawmakers Weigh Plug-in Solar as Europe’s Model Spreads - Inside Climate News		https://news.google.com/rss/articles/CBMiigFBVV95cUxNT0syZC1lRlBiR182S3doeVhBMlUyTUY4WHRuSGxwUjBJWWNlQzYxbEVyV2xyZkRxQ2RJUURMVE5mNjR6V0poTHIwd0J1UlIydjlpTVh2TlJZTFMzaXBtVWFyZ0RwbTR3V1hhbjVKVURBLWtPZm9CMFhHVDdhN01KcWVfeUdaYXlxcVE?oc=5
2026-02-18	Google	0.097	Battery Storage Costs Hit Record Lows as Costs of Other Clean Power Technologies Increased: BloombergNEF - BloombergNEF		https://news.google.com/rss/articles/CBMi4wFBVV95cUxQQVBmaTc2ejZ1aVMteGVKMzVnUmJGaWRNd2EzSThDYURSX1hzODZ4dVJKRjBLdEtwRjFxS1V0OHZRTy1veExHVXJnNGtJNUd5NlhuVmlKeFdLQzdUUlppbkl0NC1PQ01yeTE1b2lueHMwemtUc3l0bUpLUFI4emRLYXVKc1lhSHkzUEVEZy1LSkU3aFRhMFIzWTM1RzBoSTFiY0NoRzRMZmhUb25kMl9fek90aUtMemxLQ1kyREQ4TTFMY1ctSGl0d2hnNlB0b0VkdmlWbzBGdmFGeHRDT3hCS3pwYw?oc=5
2026-02-18	Google	0.0	6 projects that helped Microsoft meet its renewable energy goal - Microsoft Source		https://news.google.com/rss/articles/CBMivwFBVV95cUxPOTc1QWoxMmFORnNhTEtucGRTY0hWSG0zNU9Nd2ZFQ0dGR1dmQTVCRFNZaGNnZXhXaUtjSk9mbDRaclJVS1daaDRHb0JMRV85RERHMDJVdGZYNjA4SThJRHNud2RpWnp0Z0k0S0MtVm5iQ0VQLXZqTzVnMTdQQ2pSUHprZjVxODRqU3AzZWcxc2FMSHZ0eG9wTWNhYlBtNVBPVFRFTkIwd2NqUUNvMHdtZ2lhUFRMYXBYSnE0d3pRVQ?oc=5
2026-02-18	Google	0.0	Heelstone Renewable Energy obtains $200 million credit facility to accelerate development of its 5 GW U.S. solar pipeline - Energies Media		https://news.google.com/rss/articles/CBMifkFVX3lxTE51Q2VFZG5UMDZ6aGtWa01DblFpQlJjWDM5MFpRRFJKZWp5aG14cTRmRERIejR5Ti1EVDZDZDRIVHFwVzhFS2pRS3RtWVgtbHBCSkFaSW1lTzZhcVYzS282c3ZwSXc4eWkxU3RLdC0tbENPeUNqTzQ0NWpvclpYQQ?oc=5
2026-02-18	Google	0.0	Here’s why it’s Florida’s moment to lead on renewable energy | Column - Tampa Bay Times		https://news.google.com/rss/articles/CBMiqgFBVV95cUxQWlM3YUQ3M3RzQmhHVm9xUjl4NGUzRWtpUkVKMVU1QjAtcjVIa1lZZmlmSlZmTnVhakFyTGo2ZldiYjlGQ1pCNEE4SkVHSlVFVExuajZjMHdBU2hISmNsUkhUQ0p6eFM5MW91WGNBS0pBUFFkY3U5RC1vbGF3MTZkajdLS3JfNmk0R3hxeWlLM1pjaFJYMnVpT21DaVlVcE0tM09naXRMNXZpdw?oc=5
2026-02-18	Google	0.0	Microsoft to keep buying enough renewable energy to match all its electricity needs - Reuters		https://news.google.com/rss/articles/CBMi2wFBVV95cUxNdWJjbFU5dUxEektHLTYwM2czR29BMHh4eXl5TTU4MW02RmFIZzF3aG5EcExDUU5lOHVWVWlDS0JYV01OZjhCRWlncEs4R0lYZEF6NmxEam9aeklkQ3F4N2o2eGxmbndjQ2ppeXJPSVp0cVVQbUFpNHBDRHBDU200MmV1Wmt2VjF5OHF1X0FBR2w4WkNZS19LSmNEQTZ5QTRZc1djcFRBSk4zdkRjaTJodnVxakxQNUY1NnpVblZmTVJ0a0psZERJTUVsNWVyS3BoeDl1ME13cF9IVWM?oc=5
2026-02-18	Google	0.0	PacifiCorp to sell its Washington power plants, wind farms — a ‘divorce’ cheered by Utah leaders - The Salt Lake Tribune		https://news.google.com/rss/articles/CBMijAFBVV95cUxPaFJQS2dod1V0amJKbWZsNWlMVDUybHlpTEhCZGM4bXFadkZkdmR2UVM2ekRJTndHa1doT3RqdGt1MU5BdVB6bFh5aGRtSG5SNHE1dEFJamt2dnhOUzcyUXFXLVphTV8tYjFYVXFBVFhYS2ZxVjViNVJkZTFTM01ud3FzR2Q5SnNybVN5Ug?oc=5
2026-02-18	Google	0.0	Renewable Energy Market to Reach USD 2.5 Trillion by 2033 Globally, at 8.5% CAGR, Says Allied Market Research - Yahoo Finance Australia		https://news.google.com/rss/articles/CBMiigFBVV95cUxOMHNFWlhCOFlXTmhmTXFFN1E2ZV9uYTBlX0pPblVzYmpIMTJjT1BVZF9WNFJDSkVwNlljLXo3MlVKSkt4anF0Tkw2bnRrTlhIWDNZLVp5ZDNFaFJaMmF2VXJLUGpRMVpxdGhlUmc3ZEJPand1RkhpcjlIMm9wVVpWNExsMEw1blhZeWc?oc=5
2026-02-18	Google	0.0	U.S. Threatens IEA Withdrawal Over Renewable Energy Focus - Impakter		https://news.google.com/rss/articles/CBMie0FVX3lxTFBJXzV1Q2R1QlFsQUstb3owa20tQXhYcWtYSlNsQ3p4MkM4UW9PN1ExNkpNbWdYR3BEdDFFX0lCYTUyaFRRNTJPVVlXbkVBQzZ0RkYxa1BkeVRZTWd2dlNGR3g3Sjc0ejFITmpDbzdkQVZDZTZnTVVEOXF1Zw?oc=5
2026-02-18	Google	0.0	US sanctions, power cuts, climate crisis: why Cuba is betting on renewables - The Guardian		https://news.google.com/rss/articles/CBMiywFBVV95cUxOd3FmUElad2RkQVNBdHFGa1FteEU3LVJlS0h0cmZkVXdLN1ZfMC1hM1lyMDhvQzd6RHJucFhTRlJfRnc4RXFLaHc5YVhJRWEyc2hzQUxJVGVzYmtoRTlNbVZvWDNuNXJ5VmVGYVBWRkh4RFVnbnFzbkw4eHVyUEU4N1MzM1ZpUm1CNzdQallrQllENWM2ZnltMzBlRlFMRmRpX2VFVzZlbHJMM1ZSLXp2aGxvbnMtOGxrNUtQU0MwZWFrZmpSeGNucG8yQQ?oc=5
2026-02-18	Google	0.0	Utility concerns kill bill to allow plug-in solar panels on balconies and in backyards - Arizona Mirror		https://news.google.com/rss/articles/CBMitgFBVV95cUxPdWxRcWt4cy1JTEdaLVNZV2lSQW1KUGJ2NG56cVluU2Z1aVpSZ2RJZTdmeG11NUJUNVlIakc0UENBMEY4c29RMVowUnlyZ05ycXowNXpXNnYyNUowREFyY001YVNVM2NCRXgzdF8zcE8wU0JNTjZCLXk5ZE9SaklVRE9FeE1pNGVBSFZ5ZXdtdEE0Y2J3TFNwcmFMdjNDX1J2MWQ3R3dNbWFHbV9yc2ZkNm9pOWFzQQ?oc=5
2026-02-18	Google	0.0	WMO supports Members in mapping national renewable energy resources - World Meteorological Organization WMO		https://news.google.com/rss/articles/CBMilgFBVV95cUxQSkFTaFM2c0wtTTlxQ2xqWnhKUjB0WE5vN05HQjZPaWdMSzVnWmxuYnRWQmF5aUcyeE40YXFxNktLa1RUbFhwWnh2dk82N25XYW1ESXBUYWZiM25SVnZuUWU2TFBYdXdiY3FzTXl2TGlSRW1Lc2VGUXIxSkh4WGJwOUdHNWRaMVZDMEEtMzhWeXZPa1JwakE?oc=5
2026-02-18	Google	-0.025	Case of alleged pollution by Southwest Iowa Renewable Energy referred to Attorney General - Radio Iowa		https://news.google.com/rss/articles/CBMixgFBVV95cUxNRjlqY25FSllRSGVnLVZYVkZveXZUTGs5bi1id1E3aU84Mm9Ga0N0SGtFbHYxRWw2OF9ETjhWTnhyNWJKSktXYTFKQ2FWamJEaGp2TklpRXlNU0lINjRZam1OSjNIdmhQM3J2TTlnOEE2SDA3bWNaeEFmeEpZdnlKdkRKMS1tYUFLS2VXcmZaY2xaX3JtdC1VUFRUZXBqTXZoWGhweTgwb24xMWpJaldKV0ZTX1pZbjNwV0toa2lsbnVVeVVYaUE?oc=5
2026-02-18	Google	-0.15	A milestone achievement in our journey to carbon negative - The Official Microsoft Blog		https://news.google.com/rss/articles/CBMipAFBVV95cUxNelB2MmlDVzJkbTV5WEF5RS05S3lQSWFrM091bzF0a01EcUU1c3ZPMTc3N1Q2WDlGN01TaVBwUVlpZF91T2NqSG5hbE91SlE1R0VFVTJ3OXZuUXpON0s5WkhOWDU2d19BSDREd0xjN2RqOXZNamR0cVJXU3VWay1yUTRLZWVWVDN5UTFDSTZrTkJpTnhRU0EzQ3FKVFcxa2pwTWR4cw?oc=5
2026-02-17	Google	0.233	Chris Stark: The economics of clean energy ‘just get better and better’ - Carbon Brief		https://news.google.com/rss/articles/CBMingFBVV95cUxOd1ducEJXWk1hSjUxNFI3MktxU243U1NpaHpwdl9kSFdsT1JtNzZaVVZMTTUyN0tGeDRVeTZZUEhaT0x3ZGFHc3l6U0lsT1dnZXZGS1VnU0NvX2RPUHptU0Y0YW5VcUZDYjhQc0hGRkN4SjBfalkzZUhwWUFsZV9DTFJhTmxLZlJIdC05S3BSdWRTaHU1emh4d1pHX2FiZw?oc=5
2026-02-17	Google	0.0	E&E News: Dems look to scrap renewable energy tax guidance - POLITICO Pro		https://news.google.com/rss/articles/CBMiugFBVV95cUxOd2RzWDhBdHBGLWE0dkRFOTVBeGk5dWlUdFVrUFpjNC1vdUJZVTdvMkZza1RhUXdNbnpfZHN6cThJWG52OG95WHpuRnJDemVqb3Bhcl85SWFkZ0xKS0tDWVVZY0I4WEQzOFVIVDFYNlFobV8wZjRCOTVjT3M4dHlrbVBFbGVUT0RKV2FPQ0VyeURRbDh6VkNzTmF4bXRmYmY5aTJIZkIyU3pTUWxzVjRNMEV5Njk4aEhXcEE?oc=5
2026-02-17	Google	0.0	Solar and wind: our ambition in renewable energies - TotalEnergies.com		https://news.google.com/rss/articles/CBMitAFBVV95cUxQelpxRm5aWGpBYVNLZko4aUtWTEo2LUhKbVNpVUlXQ3VVUzZYTzlybE5ISnBfcU1IVldXSjFtUTNrUjAyOGxzTlFobllsV3FRcm1qZWdRcTRrSXJRTWdCd0J5ZnExM0lLbHpCWGZGWEcxZXhrUUJXSDdpWVk3VXBIczN5dnVXRDdYVGt1cXoxUVNSNTJOTXc0Y2pXcjdkcjhKNDU1VzRkVnpPZGJwZ0I3dmtxX2s?oc=5
2026-02-15	Google	0.183	Clean Energy Serving California - California Energy Commission (.gov)		https://news.google.com/rss/articles/CBMieEFVX3lxTFBJM1lsR1BxT2VHTkF2WEJjdWRuOVFzMVhGbE5Nb2hYc3pnSDBCMjE0MGpLXzRTZWs5YVJJTzFMazRrNVF2bWFxSVpKU0VlYm02ZjU0WnV0eFQzeEFzSE83aGpFZHNNczhpYkpFR2MzTlhEMlhkMkp1eg?oc=5
2026-02-09	Google	0.167	National Lab of the Rockies, formerly NREL, lays off more than 130 employees - Colorado Public Radio		https://news.google.com/rss/articles/CBMiXkFVX3lxTE1LN2txa2VpQjd0enJ3U1J5Zk5xV3dja2djaHlrZThhT1VQNFNLZW9xLXNfNl82dzhEQnFCQWcyczRkLU16OWZRSlV4cVJ6c1JrVDJXQkpfUWJkTzNkTXc?oc=5
2026-02-08	Google	-0.7	The Renewable Energy Transition Is Running Out of Places to Go - Crude Oil Prices Today | OilPrice.com		https://news.google.com/rss/articles/CBMirwFBVV95cUxNeDg0cW1mdUFOMTVzNEd0SV9VdzlMWnFXNDJEWmF0SXhyOTc4UzlhN0hCNEMwOU1yTmd4UFZ2X0pYYk9kVnBMcmZjM2dOVm1vYndtSGkxUDRHT2cyUGxSQ1N4R3B2WUE3Qk9YallMdkxkQ3FJVmNtZmVuQ2dwV1hod0hpdmRZUmt2Mk55S1JlSEhSS2lhY205aU5lLTFPZjkzcFBxdTNnQlpJZWE5bWdR0gG0AUFVX3lxTFAyS243U2lYV29JZWpKcU5veDBSMFNRMnlDRXJCXzBFWGg4YTdhb1lYU1BTaXBCSnRZZE1FYlRfMUZ0alplV25tTDRuZHJRY244SzJMMmRhUm1mVG1NMGh0NWtHSHJaamdoY01uMFlJcmw4RWprbE03SkpfbWQ3MXVNSkZYUWkydXR5ZzVFYmpyWUVTQkZvV1B4dS1ILVFtZjQteW9fMnlhaHRtOWsxek9JbXZ0bw?oc=5
2026-02-05	Google	0.217	Analysis: Clean energy drove more than a third of China’s GDP growth in 2025 - Carbon Brief		https://news.google.com/rss/articles/CBMipgFBVV95cUxOZWlDTGRVSXUzTjBUUnVmVVhBdHd0bTd4TFBjdVQweGxLd1RmVDZyLUFDdExyZG44WlE4Q3dJR3A0OVB4QzRQU1ZXdWN4LXBoQkYwOTFidmZLWTh2Ynh3Nm5HNXNyN015QWZ3VzQ0a0VJc3Y4XzQ5blZEMlJEc1ZHS1VXU3FiYWFZRm9WZDJvV21OMkdjY0t5c210TGk5aFpwc0NodjVn?oc=5
2026-02-04	Google	0.091	A Trump ‘Blockade’ Is Stalling Hundreds of Wind and Solar Projects Nationwide - The New York Times		https://news.google.com/rss/articles/CBMidkFVX3lxTE40WTVPeEkxT0RMbmllQTAzUnE4eG1USm84blZiU2tLZnZaaGE2enAxVzV6ejJ3RWx6Y1pHRGhWM190b0xRRVRtd19jczhCNGwwU2EwQUw0ZjhlZUF4LWVsb2daSERRQVJEYWlLdVlxZURWazJPdEE?oc=5
2026-02-03	Google	0.0	IRENA Issues Call for Renewable Energy Projects in Latin America - IRENA – International Renewable Energy Agency		https://news.google.com/rss/articles/CBMirgFBVV95cUxQWHNzT2gyVVFpalYwMThqODFPeTB1UHhaQkNxaHlSbm1RVVVwVTNVcjZ1VzRmMmNMaGpIbE9wQUNXaEhxX1VZbUI3ZXJleHRCYklMNnVOOUZhc0piZVNvUTBmSUgyWFhaWUgxWmJEWmQ4X2VlT3JUZU80aFdacG1YLWY3ZUpOZmpOdGNYZEZOZHRTUVNxU0x3Zk9hRUdDYWFabkVGVkxzc0hReHVvS2c?oc=5
2026-01-31	Google	0.08	The Promising Renewable Energy That Democrats and Republicans Actually Agree On - Inside Climate News		https://news.google.com/rss/articles/CBMiwgFBVV95cUxPNl9FRmJXQ0RIaFQtYkRqaEpVdjIwRW9KX2xKM2c1NGZfSkk3U3AwNUNZVE9UR1dSckgtUUVhN25nOTdQUGlDTGNEQzlESzBmQUhkd0tjaG9MVUtJVGpKYjFpdWVnNmZBdGVoaWphcFUxN3NWbGw2bFl6SVU5YUtSbmpYckV1bmlfV0ZPT1VpUW5aRlhYSm1keHZ2R1pzR2ZKcWZta05lQnd5X0JCaHl2LUdIOVFYMVMxVE9aOGxaYmJvZw?oc=5
2026-01-31	Google	0.0	What Trump can’t stop: Renewable energy is growing and setting world records - EL PAÍS English		https://news.google.com/rss/articles/CBMiwwFBVV95cUxOaDNMdEtLenF2LXh3Y2ozYlgzdS1RQ3JDNGxJeTNNTnBKRlhJNlZRVl9vMElBd2NnQUYtNHowV010NGV1a2hvV2ZDLU1OREs0VGtBRHB4RmJ1anFVenlQaVlURjlNeVpMOFRMZ0dFOTItTWhGd0Z6VlJuSlk4b3Z4VTREOUE4dmdvU3lRbTRZeWNheXRHbDZSQmFpU1VQbTQ0cGlOZWRwZ2gtYkhUd2hyc3lyTzlwM3Atd18yS3I0MnFKZUHSAdcBQVVfeXFMTmRwQkg3WlY0eGtjZ0sydG5qWlluVTJZYV84bnA4Z01Da1JJLWloekxRNUhtX0hiZFdBa2l2eEZqYVJwY010bDZXMkJrQXdaRjdkekFETDdZczc0am1RYmNYazlaUzFkTWRpRFphZnlLbHpBUXJBWE5DcE9rT0d4Z1VsQWhBSkRpQzdnc0E5czRXeXV2b1hoLVB1WXY2WENndnJOR281cnM1UHpfaEhQQVpKbFFCTkV0NE5Qc19BbkxUekFLVW1BYzVuRkVHc0FFaWZaNXE0eDg?oc=5
2026-01-29	Google	0.0	Despite Trump, renewable energy keeps surging - Yale Climate Connections		https://news.google.com/rss/articles/CBMikgFBVV95cUxNU19RRmltQjItZi05RXdvTU4zLURSTXhnQlpsWmRCYWRxSWFfQkZhTVJZZDE2MUtiQjJUWnNoNm1VVEo2RnczNUYwOC05ZndjY2t1S21wUWZkVVdNek1Ca25pV0pwRFhPVkhPcFVENkRQOEdWbC1sb2lQVzVRMVd1WVhoVktmbm05S0xIYVo5SEdvZw?oc=5
2025-12-10	Google	0.0	Renewable energy - European Environment Agency (EEA)		https://news.google.com/rss/articles/CBMibkFVX3lxTE5VVUlBcV9NakVSMTNyN3ZneDhRenZyUjBTQ2hyQ2dxWmpnOU02QUVGdDJyUjRMZjk0ektkcjdjQWtWVnFXenV3am84aEtoeG1DM3Q5aXdqb1RfUlVOTHI0N3NydXBGdVUtVlN4U3Bn?oc=5
2025-10-29	Google	0.0	2026 Renewable Energy Industry Outlook - Deloitte		https://news.google.com/rss/articles/CBMipwFBVV95cUxNeXdaZ3d2MWtvRzBmTngyclE3cGtvWDdCaUxXa1Myc1N1aUtfNTBnMnl6b3lrSHNPbEhsajcyUVRsY3VkV3N5Wjl6algxRDZzZUhRUFZobWJDRFF4bC1jalpPYklPVmp6QUFfQXpodFVzTkpFOER4MnNWaVBOLWplN3o3cTRYWHdYOHBTQVZFR2JKSnltczFMMG1CbGRvZktQYldxRVhkTQ?oc=5
