Date	Source	Sentiment	Headline	Summary	URL
2026-04-07	Google	0.4	Vietnam’s top leader To Lam wins state presidency, gets China-style mandate - DD News		https://news.google.com/rss/articles/CBMioAFBVV95cUxQTEg2TkZza2lJZzB4N0x5RXVORXBkbGVxMzRrbkVOX1hKV1VPX1ZhSlZSOGpXckE5Rk9mdUhkX3NCVVRUNmdXRF82aEFCZVJjel9ob2h2T3dLM0E0NnhSLWhPaEJ5Q1FXbTkzMHZjd0N1QmhtaVRFd1NDSVBlOExXZThOQ05QUnNlZG10ckNoUjhmMXlxYzdjckZYUXFBMjl4?oc=5
2026-04-07	Google	0.136	New DuPont filter packs two water-treatment steps into one unit - Stock Titan		https://news.google.com/rss/articles/CBMiswFBVV95cUxPYi1KeWVUel9FSGNSZDA0RkFKcWNEck5DOG9TcVpDc3dBQ29KRWNCN3BZVmpLenFnN0FLUXhDcWhxTXVReFhiRld1ZFBvSnczWURIalBIYWhLYmRrZ09Ud2QyRmRZRXdIa0hXcEhjQjJPaUtmbGhaQUtXRVFMckVNZWJDcFVpaldJYml3V1htWnB5Vk1QRE5KZjhjdmhpbTlsOGJqekhkUHhXeUpEaW0zbHVJUQ?oc=5
2026-04-07	Google	0.033	Why (DD) Price Action Is Critical for Tactical Trading - Stock Traders Daily		https://news.google.com/rss/articles/CBMizAFBVV95cUxOcW9CbnFVOXNBcVB3Wko4aklJT1J6VG5pMG9YdFdFamZXN1dSeVF2Q1VoVXkzRTZTeVpUUW85RHN0MV9GQlU1MkNoZjBNTUkzNnNMeGpyTlJiaExMbzdzRUdQSlEtSkJJUTBtT0VZdWZZSlRPemFiT0Z4NmE1TjE5bk9zSHJhaElGZ1RCN2lXcG9JanFKNGtzTW5VQTJtX2ZkMnpqLU11UmkxYmF6QWZMakFJTTFMSXE0aHFVSDRsU2g5UU1fS0M5Y1dLT3M?oc=5
2026-04-07	Google	0.0	Auglaize DD to recognize ambassadors for DD Awareness Month - LimaOhio.com		https://news.google.com/rss/articles/CBMiowFBVV95cUxPajgwdE5XczZiNmpfb3JscFY0SnZsalhGMFhUckR2ZFZVZWhHTU5lYUNxTmlHTXBmVVo2ZGtnTE1JaHRucXg3UmVvckZPZ2tQZ3BjNTBJY2poSTFlQl9jSmZhV0FnTHZ0YWhZVHFTU2J3emJzNmlXdzNxRGVXb2lHbWtFQUgwSWpUYnZ0NExPTzZud2h3ZkpaTWUtMFJ6ODRGb1Vv?oc=5
2026-04-07	Yahoo	0.0	BASFY Boosts Biological Insect Control Portfolio With AgBiTech	BASFY acquires AgBiTech to boost biological insect control, expanding sustainable crop solutions and strengthening its Agricultural Solutions business.	https://finance.yahoo.com/sectors/healthcare/articles/basfy-boosts-biological-insect-control-120500598.html?.tsrc=rss
2026-04-07	Google	0.0	Classical messaging cannot replicate quantum channels, study finds - DD News		https://news.google.com/rss/articles/CBMilgFBVV95cUxNZFpmaGZmQ1J2RXlUeEdObUFGRmlqeGFBVU1OWE5HbHBRZVNjdVNUVzNQN1RuUEF4N0NjX01yZ1Q2MmN6UlI1Um8yeUJsRkl0UlRndDBZUnVvQkkzdFdaUFVHUERGMHdRak1ib3hNVEFULTQ0OWhJTUJtWHFDUGVKZmV2VWk4Zk9VeFhETXppSjNneUdjMVE?oc=5
2026-04-07	Google	0.0	DD: Petals & Parasols - actionnews5.com		https://news.google.com/rss/articles/CBMickFVX3lxTE1icDJ5Y194akI2N191WFNkWlhiNVRVNEh1cHdacXE4TW9DbTFKeU5rVWsyZm5jcGE1ZjZaUXBFNlNUQ2oyQ2xubERjOGllWnJaaXlLOVdwcHhaQXluYjFHLXU3TWRLd3BRYW91U2pwcGRsQQ?oc=5
2026-04-07	Google	0.0	DuPont de Nemours, Inc. $DD Shares Acquired by Drummond Knight Asset Management Pty Ltd - MarketBeat		https://news.google.com/rss/articles/CBMi3gFBVV95cUxNTDVCNmVVYW5tcU1nQ1ZaRTdjUnFRZE1WNlUyQ3F1X1cxY1pLOGp5OU5JWE1LNW1XSHc1ZWRaZGQxX1JaMTkxQmR4WE9PLTcxcEVOZnQ4TnNXeGJOd1dsZ3JrdUV4UzkxMm1lNmJhSzVGMzNkU2QwN1N3YVl6MWlQZ3ZTODdCMW1QTVNCZXVnQlI2TTlLaVFERENud2RzazNMYnpZVjdnY3I3eERSUW9kVFd3VDdNckZYbG56am5RSG1UUG5sLTFsaFdNS3BBMkhicmdhT0t4YjRmM0ZrSGc?oc=5
2026-04-07	Google	0.0	Fixing length does the trick for RR spinner Ravi Bishnoi - DD News		https://news.google.com/rss/articles/CBMiigFBVV95cUxPaVFCVDhSdHFGcW16aW1SY011UzVwWTYwdTZnckt4anpmdHRlM2JuQXNTblRnckJKUXVqRGFjZWNMMFBYUXBfUEJtY2lZQkd6aUZOYUo5d2YwV3JrVFBvOUVRczU0Z0d5TUVEZVdQOXQxRHNadEJXY1FrSkpDYm9Vb0xIZnZRUlhOUXc?oc=5
2026-04-07	Google	0.0	JP Morgan CEO says bank facing highest risk from ongoing wars - DD News		https://news.google.com/rss/articles/CBMijwFBVV95cUxOcWdFb0FHZ0I2dmJ0NzdUS2p3Mk9BdFFkZTFqQWMwcnBQZHZibGdFaFJwMk5QRVJ0cWN3UXRpUlp1VEItQ0VHOUJkTDdRYXhwVEgyWXA0dW9ZVW41SzZPbEhlbDhKTjQzMFFjZWwwc0VOZFB5N01Ybkl2LUNFbG1mVVlreU5teUpaU1lPVW4tYw?oc=5
2026-04-07	Google	0.0	Russia delays lunar missions as US marks historic flight - DD News		https://news.google.com/rss/articles/CBMiigFBVV95cUxQdHpTZy1PUU14N1pfTE15Znp5VmtYY0x6aEVDNnlqSk1SSEZxWW1wOEhGUkN5Mzl2blNwN1hTVmV0dWZKMmVfbHdiOGxjMHVrN2FmM0h3VThiaDhlQlBxLV9sbUVUVmotX0I0YS04MnR6UlZQT1RuOFd0Y01YeUhURlhYSThxR3JNQ3c?oc=5
2026-04-07	Google	0.0	US President Donald Trump gives 48-hour ultimatum to Iran to open Strait of Hormuz - News On AIR		https://news.google.com/rss/articles/CBMisgFBVV95cUxNLWcyY1V6aURhWkFBNGZ5d1lwaGNEWUQ0Zl9YNGpaUXhYSHpjTXk5a25uWWFLQlJuVUhDYVUyU2RBcDMzZzFIR0NQeVRRMlFlYWJnWmx1V1FPMmpoV1U5c0E0djV1RjJqN1k1Z0dNd0dJM291WGkwM1ZaUnBndU5nc21rWV9CNGRRTFNtUEVVTk5BZ1owVlU0eWlPTkJjYkl6c09ON2JpOU5rWVlyQnU4TC13?oc=5
2026-04-07	Google	-0.1	French train collides with truck carrying military pontoon, train driver killed - DD News		https://news.google.com/rss/articles/CBMipwFBVV95cUxPWk5oMk45SjBjclpOU2JsT2kyY2swc1ZMb0pNNE9INVRYNVJzSXlXTWJQYkQ5SVhiV09hTmtCUTNOM3FKTHh5SlJ6UEdXVy00YzYyMmpWZjdNVkQyUXUtRHZIRVBrZ182dWdyWjB6c3VjV3ZmWlhvZGNDdmt1TW1FWTFCU3NicFhkX3JqRV9ocDlDM2Q2YWdqWEpHVktIY05DTGFiQUdpOA?oc=5
2026-04-07	Google	-0.1	Gunfight outside Israeli consulate in Istanbul leaves one attacker dead - DD News		https://news.google.com/rss/articles/CBMingFBVV95cUxPQ0J2T3lWY25mY296VmpjQzJXYWtBRjduYlNzVUljTU53Y2gtMXZqUjBkRW9HYUtSYW5fX1lsVkh0ZXVyUkVPZDVjbFJUYW1KRC1oVTZ3Y3BCeDY3MGJDQjJ1OUwwLVJUTDlaMTh6dlR4ZnpvdG1yVFVnNGtvZmJfT2hKX3M2TTYyQlVCVjFWdjR5amxnYXdNcTl1UzdGdw?oc=5
2026-04-07	Yahoo	-0.107	DuPont launches ultrafiltration modules with integrated pre-filter	DuPont (NYSE: DD) today announced the launch of Inge™ ultrafiltration modules with integrated pre-filter (iP-F). Where conventional ultrafiltration plant processes require a separate pre-filtration manifold to remove debris and particulates, the integrated pre-filter offering combines pre-filtration and ultrafiltration into a single module housing—which can help reduce plant footprint and the associated capital and operational costs of standalone pre-filtration units.	https://finance.yahoo.com/sectors/technology/articles/dupont-launches-ultrafiltration-modules-integrated-130000222.html?.tsrc=rss
2026-04-07	Google	-0.6	Artemis II moon crew breaks Cold War-era spaceflight distance record - DD News		https://news.google.com/rss/articles/CBMimgFBVV95cUxQRlhaeU5YVFVHZ2l0SXBmNzdOam41ellZd3NhZ2t3cTBqSmtJRGNEUDh6bUgwRjRlVlhUenhVOGhDRVpOUmd6TUhmd29ZM2k4ZlhHYmdBb3p5TGgxenF2TmhBSUotT2xUbXc1ZlA4aGNmZ2tCbW9jZGFEWF9yUU0xczhRSjRGcmlOSVpZVXBiXzl6c01vZHhCUlJB?oc=5
2026-04-06	Google	0.8	IPL 2026: David, Padikkal, Patidar fireworks help RCB register 43-run win over CSK - DD News		https://news.google.com/rss/articles/CBMiqAFBVV95cUxOMnRSeGpRaWdxM2tHQkFIb3hGNlZVWW1FNDNfYXloSkJUTWtWbVVuWndmNEFaejB1TzJPSHl0eGRNZnk3Qmp2Q01hQnRiZkJNTHdKRFlfMFd6RTRWSUxCUjRsNVZtaTFFNnBXMkxjT0hwOFNHRlNQQlAzZGJCVzVDQURTeTg4cUgtemx3SFZmUnJPYWk3UmhHcUQ3S2N5WElQT2pzUkdXeWo?oc=5
2026-04-06	Google	0.4	Italy’s Meloni visits Gulf to secure energy supplies amid Iran tensions - DD News		https://news.google.com/rss/articles/CBMinAFBVV95cUxPZDdadklXamRsRmkzWDU4NWVFaXFILUw4WWg1NnMxVGZYR2dEbVNfNUVzckpGT2lzM2ZNbW1MNWRHRmFIaDBidW1JeWEwX2RRSjdUakFDaG1iRnpNYUkxRWcwbWFQWi12ZDd5WWlOVjI0TUo3VHBDMzQzM0F5UnlxTEhOeE1vZ1FmY2RHQW5aTDFoRWU5djRLMk5SNDM?oc=5
2026-04-06	Yahoo	0.375	WPM Boots Portfolio With Streaming Deal at Australia's Jervois Project	Wheaton Precious Metals lands its first Australia streaming deal at Jervois, committing $275M for gold and silver streams, with staged payments and long-term output growth.	https://finance.yahoo.com/markets/commodities/articles/wpm-boots-portfolio-streaming-deal-133600585.html?.tsrc=rss
2026-04-06	Google	0.333	Sensex, Nifty slip after mild start on geopolitical tensions - DD News		https://news.google.com/rss/articles/CBMijgFBVV95cUxOLVNuMTk1NXJKdExweUpSLWd5Y0NpZ1N1SENDSEpWcEVIUHlGZTR1MnE1UTdxQ3BvbFZpOFo5RDIyUFR5R0ZjOTZrbUQ1cU1WOE1lclZkMHdzMnFSSTV6SXg5T3JmQXlFQ25JbHZvTjU2XzNHTDJvdXRGdEwzclM4ZDdtOV9Rd0VCeS1KcDRB?oc=5
2026-04-06	Google	0.3	Fresh interceptions reported in the UAE and Kuwait as tensions persist - DD News		https://news.google.com/rss/articles/CBMinAFBVV95cUxQTy1yeHJjQnotVFoxdWRuZVNhbDNob09SWmJUMmR5ZXVqWVFwaWJsUktzN0lMTlpMUWRiTEJxZ1VnS25ETXQxTmQ4MEV5MWtwSXFORzdQOGdURDItRFZXbTdHSUNzaHMxYmJqdk1EM1drTzZjcG9NWDFPVDlvUjN4THJCZ1Jqdm9GbVhqenZmYkluVFVxSGRGZjVrUHE?oc=5
2026-04-06	Google	0.2	Weather alert: Light rain, snowfall likely in J&K from tomorrow - DD News		https://news.google.com/rss/articles/CBMijwFBVV95cUxNSVVQX25URXJ5amlUdU8yRU9mYzlCWkxwTXpmVlpNc0d1ODloYW9zakxHeDhTci1rM19ZTU9KU3N3VkcxOVBwSTBBMHBuOHVNN0N2dE9mZFlZenRtbE9VWFhnLVJLTmlETjZmVUllaFRaOTZWcURweGlnNkNhaTQ1OWFEMFVFTS1hVWI1XzJSUQ?oc=5
2026-04-06	Google	0.15	How many people have been killed in the Iran war? - DD News		https://news.google.com/rss/articles/CBMif0FVX3lxTFBBY3dnUXc4YldSR3oxSEowaUY1bkczNVU5eHpCVWMwRHlXZWd3RnN0N3RkOVd3MDhUclhaQU1odnBpNV9Ed2MwUUN1RUQ2bVFDc0JIZEFSQTNXSnU2MnpIdEhKbTZZMXl1emdtYXU3TW02RkhYbkJnOVgxcC1IRzQ?oc=5
2026-04-06	Google	0.15	PSV take title in Netherlands as Feyenoord fail to win - DD News		https://news.google.com/rss/articles/CBMihwFBVV95cUxQU3hRZV90WTh3a3FxaEwwYTFvTUVKTV9JWWJ0NlJSMmxnSTI4VmUyUnJueHduQUxjNHNVMkFkRzZOR2xsRkNTUld2cGhjUkZIYzBwRU9RdFl6WVc1MWJ3bVdUakFaQ3c3NFBYRWZ4QWprUTdYSTFJaXdSRGd1M1VMZWZtbTBSRjQ?oc=5
2026-04-06	Google	0.136	19 newly and re-elected Rajya Sabha members take oath in Parliament - DD News		https://news.google.com/rss/articles/CBMimAFBVV95cUxPcjhmZ0xpak9meUV1cm94WHcyVGdKY2ZyZEJxX3JoWmVKbjZFRjBmZDdyMktiU01wSW1mcE94eVhaSzJjZHJPeVRXVXlOdHJ1Y2ZqU2w5ekUxYXp3VVVYdTlEVjZ4MnVOTVhoZHA0MkdXcTNvNVVkdUN4M0F3RXhvM3lHV2FZWlZjZl9zZUZsSjJzdzg5Z0dQOQ?oc=5
2026-04-06	Google	0.13	Auto retail sales hit record high in FY26, near 3-crore mark: FADA - DD News		https://news.google.com/rss/articles/CBMilAFBVV95cUxQcFBPb2dzSmpEUEhKRjEyWkdiOE1CQU55cW5lYVMyal9UbjVxWF9yYnRzNmFkcW1ndDlxYmhjV2UtSk00eFd3czNQWVBYdlpOdVZkZXFfeURGbU8yQnNJSEtjYVYycHVhZ3loTWtuUTJ1ejZHV2JCVXY1dEU4eVFDXzMtcmxyeXVfcFJsN2VjM1JCVjBo?oc=5
2026-04-06	Google	0.1	UAE backs Bahrain’s call for UNSC action on Strait of Hormuz - DD News		https://news.google.com/rss/articles/CBMijgFBVV95cUxQVW8zMEtkc3VYQ09kNTVlTlA2T2d5dmxXWURQT3FiVE5UZnY0WW1mM3BkV2xrX2hPNGRiSWZWT2Rkbk01MjRXMm5EXzAzWlBXQzJzaFA1Wl9YaF9VUVhzaHl0NUlaQ1pNQlVrbGNMMjVxcDV5TVp3QXhTZFNtRVBza05CNDlGcEdSZVl1d2Zn?oc=5
2026-04-06	Google	0.0	A Journey Beyond Survival: Living Life Fully - DD News		https://news.google.com/rss/articles/CBMieEFVX3lxTFB2NDEwUlhKSDQ5SFVudE9NaldxUzlsN2xqcG9HQ0h3Z0ZoVGhMYlYxNmJHOFhzbGJhVWNZckFnTTZuSzNia3Y2RHdxeG5iWDZEeVVoNFF1aHNHQndFc0RhNFZ1cXNDZ3ZOLWl6VzlTenJQaUJ5MFNEVw?oc=5
2026-04-06	Google	0.0	Artemis crew reaches the moon, approaches record-breaking distance from Earth - DD News		https://news.google.com/rss/articles/CBMipAFBVV95cUxPVTJaYWZ6dGlzZFRuWUZHNkw5U0tmMlg2djB3X09PQjlRWElxV1NKYmdxS0Z0QWJRbFVQZjZiRGxVTjl5OUtfU2dvdm0taHRxT0Vic0lrTnFkdExZanRUd0NXS0xIS3c3LVhDeXBDTFN5b2dHcXMzUWhsY0lGUWF6cVk5YkhSYWpiSFhLME84R01NUk9UdTFuOGh0Q1dLekpDcjh4ZA?oc=5
2026-04-06	Google	0.0	Asia markets brace for Trump’s promised assault on Iranian infrastructure - DD News		https://news.google.com/rss/articles/CBMinwFBVV95cUxQSTRfYm5KU1JKVV93b29NSnRYdk13V2laUTd0RHNyNEdmMkFORVE1a2FrTGUzOXZyZ3JiWUlTMEJkRWxvQmJGTFpfRGttNVYxSHEzTk5RTDBMQUxxQlVwRlRiQjZYUW1SZC12Rm5RSDNwU1Rjc0Jyd1hncU1xQmpPR215V3JLWmc4MzUzZWI1Q2hDeno4dlJYSC1Hc25ucUE?oc=5
2026-04-06	Google	0.0	Carlsen start-up takes aim at Chess.com with move into play and learn tools - DD News		https://news.google.com/rss/articles/CBMiowFBVV95cUxNMXdoRlB6VUk1aVN0aVBkeG9wMTNBUDRzRTNlOTYtRTRpQ21sZ21kOVhIY01BNjFIUmoyM25CY1BmenphYW96WDhDN29HMzE0bFd6RzZRcGM4UU1jTElxaVBmeE9iYlRhck14MVU2dXpXbFlKU25KV2l5dGNWQV82NEMtUXdGeDQzVnVSbHBtV1BWOVFSbTVkdVRJdHFtMWVJTjNJ?oc=5
2026-04-06	Google	0.0	Deanne “DD” Rae Baker - southeastiowaunion.com		https://news.google.com/rss/articles/CBMitgFBVV95cUxQY1dUQ3hCZ242Ulp4Y3VfTjdXWk9xX2J0aXBSN0tpVFlCSkdQYWlZV2FVdVgyNTc3OWQ5SkI3VkRvTkZKRUFFaGxLZVRWTkhNUG94LXY4RUpFc3F4dkdZZzdOUlNxMXRMVVRGOExQY0c0WENTeWVubk5fOGUwMzk4QkFfZ3V0U3VVdEt0NnNCRGc5aUhZR2xNQVdJUTBEMXhHVW9kV1BIb3JaanNOcEMtYjNDOWQwZw?oc=5
2026-04-06	Google	0.0	Double Olympic medallist Blanka Vlasic named ambassador for World 10K Bengaluru - DD News		https://news.google.com/rss/articles/CBMiqAFBVV95cUxOSlJwYkZnc0V3NzFrODUtZUFtOUNyNGx1MjhCbms4bm9XZlZ3SlI3OHNHOHdwbVBFN0YzYkViaXo3UXk5c0VRVzNkLWZMTUxzeVpWZ203Sm5KRGdiWFVzaWswekJYLS1YZkZxUFBJYzZNRF9GaVZZa3lIb2VkRlltcjJfWm4yc3VGanNDaFpuX3U3b1Y2LVUydjNwRHJBbl9LQS1PRnJReEo?oc=5
2026-04-06	Yahoo	0.0	DuPont Closes $1.8B Aramids Sale to Arclin, Shifts Growth Focus	DD completes $1.8B Aramids sale, offloading Kevlar and Nomex brands while retaining a stake in Arclin to boost margins and reshape its portfolio.	https://finance.yahoo.com/markets/stocks/articles/dupont-closes-1-8b-aramids-121400174.html?.tsrc=rss
2026-04-06	Google	0.0	ECI mandates pre-certification of print ads ahead of 2026 assembly polls - DD News		https://news.google.com/rss/articles/CBMinwFBVV95cUxNd2Fhd09obFZPVFBpY1BiTHRBYjJBdGhLNy1pUktHd1plTFI5RXJja3Etb2N6bk51NnRzWEtwX0V6OXVNWXpaSkxqcjZSQTZOT0dnYjJlbUE5VjVwQVNpUGJlRjhYVVNFY1dvVE9wYW5iVzk2NWllSGdNOUJKdkdUT1FwdURtU19tWXppSU9IUXd6Z2dqMXRXNE15cWs4bTA?oc=5
2026-04-06	Google	0.0	Fanatec Podium DD iRacing Settings Guide - BoxThisLap		https://news.google.com/rss/articles/CBMickFVX3lxTE9rWS1zZTNsd0lSSkRiTHBVdnJwZHJVaVRLaEFvcmE3RnZJTGJTNFdlcjEwcnduM3ByNThHbEd2cDBXd1BSWmFRWll1MXJmcmVEd0JUOF9IQU9DNlpPYjZ1WXVJMUp5cG9rcmExZmpFY0stZw?oc=5
2026-04-06	Google	0.0	Guest Artist Month Continues - The Daily Cartoonist		https://news.google.com/rss/articles/CBMiigFBVV95cUxPXzRrNmtadXdkZFd4Ql9YMDVqUXRDdkY3UmY2TGZ5TmVjS2hib0RHNUoyVEJZd0I3UGc3SFVWQ2Q4emJRdzFEdEVJRTFxY0loc2RvMTJMQWpHeVJUVGpRWmVhVGhMYkR3dFBZT0hMYXNBTHpSaWNzSVVTYUlUUHNnc3NNZDBGWkpoLWc?oc=5
2026-04-06	Google	0.0	India’s services growth eases in March; PMI at 57.5: HSBC - DD News		https://news.google.com/rss/articles/CBMihwFBVV95cUxOMmo0TzR3S2dHX3lQNktFMGpjbC1EbTRaV2pWdm1IQWQ0b2pfSUZpYkt6Yk10WjRXbGxiZzBudjZRdEZnQmFGd1h0Ym1hci1GdkZhUTJnLTd3bU1aYkJ4bzl3TWF4ZnU0YnN4ZnBCcmRUSTEySndfQjJVWjhrdktRRU5ITjRxN2c?oc=5
2026-04-06	Google	0.0	Iran rejects ceasefire as deadline nears on Trump ‘hell’ ultimatum - DD News		https://news.google.com/rss/articles/CBMilAFBVV95cUxPQ3RLVDBtSkJ1ci1ZNjRBM296U2d2WDhVcjBCNVNXX0JDOVVsb2tRQXg0YnZ5alFES1dYcDhwX2ZmQ3FLdTY3d2Nkd0R4elU2a1AxdnplcjAzcXVUN3lYQ1BKcXpWdXhXSkVwZHg1Smo1VDhBM2YyQXZma2s5YWpQdjFhSENoMDRjSTBPanZnVDRRSHA1?oc=5
2026-04-06	Google	0.0	Jitendra Singh launches capacity-building programme for scientists under Mission Karmayogi - DD News		https://news.google.com/rss/articles/CBMitwFBVV95cUxQTVVISzI0ZWRLTWNGazJtSEdFVmxYWDN3cElheDlIRWZ6UmYtRUwwV2VRRkJhdEg4SExtT3cwVkVMTFVabXUwTVBKZzFfNEJYeGtnWENJSmtwZXY2QzQ3NFZySkJiRFd6YWZISkRDZTdFSjRUeXBOSF92Z0lhall5ZGZIQW4ybGI4Nk1iNHF1R0VsWGJ2VWxYRFRVSHFxbG9fdDNFN3Mybklza18wT0lha09YNi1rVWc?oc=5
2026-04-06	Google	0.0	News On AIR | April 6, 2026 10:22 PM - News On AIR		https://news.google.com/rss/articles/CBMiwAFBVV95cUxOelN0ay0xY2V2NHhZU1U0T2ZQV1dyRDlRTGtjNEoyTDgxSi1jRnNEWHVQTHZpd2tUbTJNN21wRDNQVU13OU90bFhyaVV3MEVBYlVBWFg5RGpLSnNOSkNDa2tiNk16S3NCMHdPMDV1MDN1YTRkT2hHOXRwSnZuRU82djAxdWxwaUlTeXAwVlF6X2ZBVi1QTHE3QnZkZUUtc3R5STJSRlJQRmdPU0JyR1JuVWE2RzFjOUNtNmtrc3g5Nlg?oc=5
2026-04-06	Google	0.0	RCB’s six-hitting machine Tim David hits the roof - DD News		https://news.google.com/rss/articles/CBMif0FVX3lxTE1kYmdicUNXTHBTUGRWM182eHVHa3Y2eG5JbWw3UWpNZXVxWUZPSWdGVmJfbmJDSEZNY09VdzhSQW9LU1cxVHRjQjdjNlYxVHRXWGc3T3dEQ3JxWG9MeFdEN213bzI5b2FiclBMbVFsY3NkcGo4Wkx6LUN5LVRLUGs?oc=5
2026-04-06	Google	0.0	US, Iran weigh peace plan as Trump’s ‘hell’ warning nears deadline - DD News		https://news.google.com/rss/articles/CBMikgFBVV95cUxNODVRYW9YeWYtVGlLajR5Zlh0c2VLMTNXOTYyeGJVQWlBSzgtQ1g2cEtPX0c4RXZ6SU5fS2FseTJqTVk2elpGREpwNF9mRG12NE1OTGYzbnZvWGdvbHBRSDctSGNMRlNlSWhicmxQMVZmTndkZ2NZWWx0QnNiYVRtT3BaZ1gzeUU2bnZicGNDZVFXQQ?oc=5
2026-04-06	Google	0.0	V - DD News		https://news.google.com/rss/articles/CBMi7AFBVV95cUxQRU9jbnlDVXA0aTFjNEoxa2dDSXkzZ2tIanRIc3BuVmgtOWZGb2JaY0lFMG1HVGlMX01DTFoybHlfaWZ3ZVRiSk9ZcUQxaUZBSDUzUlh2ekI1dFJqZHBHalpTbmtreG1OQThNU1JuRW1RS2ZuSGNmb2ZTb2NIUk9wSUt0aGlfZGFQczVfckdDYnEyV1dUczF1VFRDNGlPRkhkaE5QRmV0SlhwdDhKcWRGYThtd245Y3VCYk9Eb0g1UlBMSHNZVlRMM3pmTTFQV0ViVGw3NnRpTFRQelpUSDJLRHhkZzBDc1BFbmUzYw?oc=5
2026-04-06	Google	-0.2	Intelligence head of Iran’s Revolutionary Guards killed in strike: Iranian media - DD News		https://news.google.com/rss/articles/CBMipwFBVV95cUxNMmRaUnZyRHNHV1VkbXFpcmNFMHNlMWNLekFDOFRrbTdJOXlMY1FkMEVmODFWZ3NPcEJ6dzBVUll3bS1SeWwzNGRpcmRjbkp3eVA2WDgwaUpDdFhNQ05ucGI0d3R1TVltdUQ5SFRGLWZXOFJUdk1oYXdza2pvcWlMTUhlWHlRMXBaYzBwVFQtaGhjem1seUZVdy1nMkpfdUd2Sy1uYUphVQ?oc=5
2026-04-06	Google	-0.2	Trump’s anger over Iran thrusts NATO into fresh crisis - DD News		https://news.google.com/rss/articles/CBMihgFBVV95cUxNNHBOb2s0NG5CekNXc1RFOFVDcnZtV0ktLWhmeVVhTEt3YUlQS2VlUnUwdjY3T1pYM0NqQjJ6cVdkRzhma3FIZDA3RGYwc0h0alFtRVdDYnloNWc1R0d3blp6Qkp4c0dpUjJ2bWtCUzhEdzc5Q3ZBMU1uTUVoWkV1RDRFc25tZw?oc=5
2026-04-05	Google	0.0	Ditch the Bra, Keep the Lift: These Built-In Bra Tops Stay Put Without Shifting or Digging - People.com		https://news.google.com/rss/articles/CBMib0FVX3lxTFBQX3ZmZXBwN2VFZHJUNkFzSkw0c2NDR2FnZmNDYUtlbzRhSkRlSHVWdU5GeDdzRy00VVhsQkQxODJVd3VXYnVUVk5COWZ2bWR5aTV5Ml9RVW9yQkhtUlBzUXdrYUZzWFFMWGhCdFhCSQ?oc=5
2026-04-05	Google	0.0	India eyes boost in indigenous insulin production amid global supply concerns - DD News		https://news.google.com/rss/articles/CBMipgFBVV95cUxQLXZyRWZpRFBGQ1d2UlJIU05kajBKdFBOdENCVUE5VlhTaFNYamlJMHpyMHdNM0IxNTVTMWhtc2dsN0xZZDBic0g0dXIzVjBKNEszenItQWFKNEtsR2tWS1hJWEdRSkhLWXdYbDFsNVRhR1lWUDZLa3JLWGJhaUo0RWxGLUl2SHFuT2ZyYzZnWVh2VjRwd0ZHakxiRDEtc1lEQnptUVpn?oc=5
2026-04-05	Google	0.0	Iran says several ‘enemy aircraft’ destroyed during US pilot rescue mission - DD News		https://news.google.com/rss/articles/CBMioAFBVV95cUxNbEJKWXVkSTVtNnQ0SndpM1NSQmtES196YnFJZDlVSXg0YnE2REczS1ZSS3RFZEMwQ1lJR0NpWmhUWDlPajhtSkd1ZTFWeE5vS1o1QVQzRmZYRjZlbWR4YXlrZ0JqTWVnbXdMeF9qT3BkX0EzRlFWbml2OWdVX2dBWDNpdncwWmNlalVibHh4dmlaNUo2RndHdmJCbUt5LU1h?oc=5
2026-04-05	Google	0.0	Meditation key to inner transformation and global peace: Vice President Radhakrishnan - DD News		https://news.google.com/rss/articles/CBMirwFBVV95cUxPWUJVTEp0QS1sVG5ISmFzcWdIRGFVYURyUDdKajVPLVNZOS1tU2V0Vy1URGM2cW1ZYjhObkVWbFBrV3I3MFBscjRTZHlOYXNBTGMxTFZqZ2Q3aFZzX2FCV3ZrTEM5U1djODhWNWRWNlJoREdTSEROT21xM2ZoeHh6eGN3V21oWENuYmxKa3V0dFc0Y2NZaGtWdk5MR2Rlb2k5VXpiUGtaOWhueTN1TkJ3?oc=5
2026-04-05	Google	0.0	PM Modi extends Easter greetings - DD News		https://news.google.com/rss/articles/CBMiakFVX3lxTE15TVJSMVROM2tUbmJlQWVjdzJjUGV4ZTZuMmNqaTFzbUY1VzlIUU1jUHdsNUtNYU41eHBfN0dBR1NpaWFEX2NIdHhMQUM0NHYyeC1SMC13OC1QXzdMYkFLdWZwUUlTWG9NSGc?oc=5
2026-04-05	Google	0.0	Trump weighs broader cabinet shake-up as Iran war pressure grows - DD News		https://news.google.com/rss/articles/CBMilAFBVV95cUxPMmJ0c1ZiQng1VWp4SFZacXdCZnUzNURPZDhKRU91Tk5GVjBLdWRkQzk4N1ZibEh4T2RNRFJQTjFPUnoteW10SjZBRHZKR1U2UG1IWmE3Wm5fbE1VelpROGlQQ0RGUzdiMkYyLVdUTjNrRTRUOXFtTkxiZGp6aEtHbVotRWRINjZVdWtycXQ5ZVBrU2lX?oc=5
2026-04-05	Google	0.0	US rescues airman as Trump, Israel pressure Iran ahead of deadline - DD News		https://news.google.com/rss/articles/CBMilgFBVV95cUxNZm9jNHlMN2dRYzdKVlhzaFZZUHlpMkJOdUtZSmh2MHFvNGVEYk9VTjN3cm42ZDEyeVZybTVSc25udEdhVkZPQUdqa2FZRWdsRXc5UUJHeExNWjV2SS1hMXFPV2ZaRm8xSl9sVVFSaXZROVFzX3YzaVBHdWlERWc4Vk9vS1pkRWppX3pEMmxWQ0lhLXRuckE?oc=5
2026-04-05	Google	-0.078	Second US Airman rescued after fighter jet shot down over Iran - DD News		https://news.google.com/rss/articles/CBMikgFBVV95cUxPTnNnMUJtZnd5X0MxYkt6VHdNM1dxSTZEU001dkVZYk9HUHVDNWduM2UtT0xmcEdwdmlmNjB1azM1QVJBVklJbEVtZWdnbHVWOURsbkhZV2hzYWNzMzJtdThoSFVnSlpBa3hfT1ItOTMxYjF6M19tWGpOQWwwV1NLMTBSUm9OV3hFSDlYeGpYM282QQ?oc=5
2026-04-05	Google	-0.1	IPL 2026: DC gain after Sameer Rizvi impact sinks MI - DD News		https://news.google.com/rss/articles/CBMigwFBVV95cUxNemxYcTdhZGFnUW5OQkd6YnBlQUdaY2E3OU43YjVZbG5abVhSajUzbXk0MmJPWE9WUTlKLS1yamM3V3VLWEZlUEYyaHNZSmNmRWFlN1pfek9abENzX3hFWl9yQVBWdmVDYU5fOXBadThxSTFPYXhJUXdDVndoOUxYWUhaaw?oc=5
2026-04-04	Google	0.5	Trump says US can take Strait of Hormuz with more time - DD News		https://news.google.com/rss/articles/CBMihwFBVV95cUxPTWtucFZIVm5sWERRNVF5SUlKRThVRWtlcldGNHlsNkFnQVNjS1FtYnk1MHM2RF9aZUNORDMybUxJVnhITWZQbmpYYUZOdFFVbmQ4LVV4MWktV1VqSTVMWTczam1jYlVQTVl5WnVnVHdlUi13Skh1MlJBUkhsMWk5WklNS2g3eEk?oc=5
2026-04-04	Google	0.016	Easter Comic: The Little Blue Duck by Walt Scott - The Daily Cartoonist		https://news.google.com/rss/articles/CBMiowFBVV95cUxPUTg2VGVoekRJLW9BOFhMV3RqX2x6TG5DdDZVX0ZFZkZYQVQ1OFk4ME5XMzhpTFJwMFBvR245WFA4c01KTldhVDJsT0ZWUk9MSzE5eXBYTkNYQ0FkdFNMeEhpeGdqVFVIUG9HU2k1aGktOTVUdVJ4ellFVXVOOGlSOG11VHdVbFpDVXZGa1NQWDFFMXAzSFZKTks1SjVwZXN2THVn?oc=5
2026-04-04	Google	0.0	Debris from aerial interceptions reported in Dubai - DD News		https://news.google.com/rss/articles/CBMiggFBVV95cUxNc2xnT3N0c3pBdlVFUzVWUlhfMjVVMGtPS3g1QXU0LXViaXRUb0ZRbjdjOElGNkFuOURZTHlKOW82M0ZRelRuRU5feFFLMjQ4ZEZTbUE1QV81cVp3RnV3QU9TSklPcXowZDI0SUhKb3JyczByUTdPcFc4MjFRNm9oQU5n?oc=5
2026-04-04	Google	0.0	DuPont de Nemours, Inc. $DD Shares Acquired by Perpetual Ltd - MarketBeat		https://news.google.com/rss/articles/CBMiugFBVV95cUxPZ1VoUHd6S2o3ck9KWFlCTVpPZlN5bU1RZlFid1RBVGlzQ01Vdnlfd1JwS1FPY0ppMU1TWUxFdi1Hb014dVU1aGxkWW1YdFplWjRtVGx5cnhtbm9YeWVyeGZmSVQwczNaVXVMS1JfdlVDaWY1S1pTT0laWXF4Zk9MeHJSMEwzQlBISmtrZ3pxZDY4WkxwVDNnZ3NYWkxZZ0pYQnpYeGptd3lWNHM2SEpTYlpmUUQxY3h5MkE?oc=5
2026-04-04	Google	0.0	Return on invested capital % of Quattro logistika d.d. – ZSE:QTLG - TradingView		https://news.google.com/rss/articles/CBMiqAFBVV95cUxQdVJsSk4wMHcyMEpmNG5PWl9qdmYyTTdmdmZCVzNNaDVfUk5GVWFIT1dpQ3h2YU44MVdBUlN2U1dUY0dzbEZkSGhKN2VYUDZuQjdZUUlBQmQ4TjBEeTlOTWpYM1l2V2hvcEIyLUFKUFBvZzlVUXlPQnc2c3ptT05fOEl0LTBmd2lqTzBNSUlmbUU2SGY1LTlEbTUwV0NFYVVrLUVyNlBMS0o?oc=5
2026-04-04	Google	0.0	Trump administration can’t make colleges provide race-related data, judge rules - DD News		https://news.google.com/rss/articles/CBMipgFBVV95cUxNTklWNlhrMWdFX2cza2VEWFpWTW9JTHVUZkdOUFh2NWc0eEx3V2k4WGsxU2p4dXRCcEFxMDB6aWZQaWgxYjVrVEt3VUJXWDI3NnVOdTJTQ2xXY1VnTm1UV2FSVU9ocklxSUFrcnVCazdkTjZicUJxWlNERHlSd3FlWjRlOVpiZmVKdE9CbXZWLW9HWWpXaXozZFIxQjhIU1NNVnkzNmln?oc=5
2026-04-04	Google	0.0	WATCH: The Easter Vigil in the Holy Night presided by His Eminence Jose F. Cardinal Advincula D.D., Archbishop of Manila - facebook.com		https://news.google.com/rss/articles/CBMi0AFBVV95cUxNVUZpRjluZk1qWnFDblF2WnV5cFZ0ZzlkZnNvVHpfdi0tNXZwZ0h6RjdFOGI3YmFjUlpjUDNkTnRXNThiWjZZQ0ttek54N1FTUG5ZQ1JTUmM2OGJRX2RxTHNuT2VoOUgzYUtQUHVTc2lNVGtTblMxYWtIcTNwZ1RGdHpvenRrY2dORzlqaGJDc2NBTVBTbzZyQU1PaHIxT2lrVUExZWNuVXRVR1JHM2EzeVAtUkJMMTQ1RnlWWUducUxaclR1TnRxenNMVzQ0OXNm?oc=5
2026-04-04	Google	-0.2	One killed, dozens hurt as Peru stadium event goes awry - DD News		https://news.google.com/rss/articles/CBMihwFBVV95cUxQUzV3U2xNX0lWSnV3cHZWZkdMNWlaZlFZZDFadTUxWXhoRGJ5aUlRWm5FYkZqbklmMXM2NXd2QTFzQi16bjhNMi12c3RyX1BGS0RWNU85dDlHQVVaTldpOE9lcWtQTDRXeW1HU1N6WXExRjdSdWY1Rm1BQUNrMUx5SFNOSTRsZmc?oc=5
2026-04-03	Google	0.4	Microsoft shifts $700M media to Publicis | DD Free Dish nears ₹1,060 crore revenue - Storyboard18		https://news.google.com/rss/articles/CBMi2gFBVV95cUxPY2pMQUxoUXp4VW1iUHBnMkU1VHVvdHJUYXNmYm9Da0JsTFBobmc0MDVZczJka0o4MXZGT0VLRXY3Vy00TTBGcUdsNXI0RUNpQ2drSFdtNkZRNGpBUU1CVTlhVTkyXzh3VjdZVVNFejFXR1BaNzNOSjBSZTR4dWl5eVZEeGdfeDBvdmtvLWF2RE1HZTl2LUtmVjN6aVJZb3pKY1lhU1Q2Z29zWnJheHhrVFVjSnoxMDZEclRZNElQNkJweTdVNlBpNWJqLUxzQmp6MXVFeFplZ2w4UdIB3wFBVV95cUxOVHplRWZydjhUZ293SklZQzdSZi1HaF9aRjJjX1MzcHVmX0ZtLTRMZHFjUzN1aFFrc2lqdXZiUUJocE5wWDBJTlZsYzB0Nk0xTlFVU0dwWWlJSURfRzNDNkl3Wm0yYVNpbWJNcTF1cWRMRThETmlMdzk2SW5uY0lQY3drSllpNXNwR05idEZ5aUtTODNnb281TXNCRUtLNEZ6RWhSbXpqRXhCc0xwaGpxRFRtbUpiZXNEcVhTOUs2Z2xldjVjdi1lUWplZGhIN2c1WVdLOS1zNEVlX3JGMEVV?oc=5
2026-04-03	Google	0.0	A Look At DuPont De Nemours (DD) Valuation After Recent Share Price Volatility - simplywall.st		https://news.google.com/rss/articles/CBMizAFBVV95cUxOYUpTMFF4V1pCODQweTFjWUpBaFRWZHI1U0hoTXVUTVE5eDdBMG5ucVl0b08wVWRqZ2lFLVNrVEU3NERpYmJDYXBVRlpsOUJ3Smo2OWtYaGotTDZPQXR6WWZGbUZITjAxa2RtWmtZVnNMNm1HakZoaWNVckxoZ0ZyUHZORHlUcUxfUWRjZkQ2dHZseVpaMFU5ZjBiZFFYUXc3dEVQQTlIeDJOa1RpT29Kb3diOExqYl80eTdIbm90Z1dGOXdxMzVBM1V1N2HSAdIBQVVfeXFMTTJKSGkwWUoyMExJVXA1T0l6SVFHeFl1MjdrUEd6YzA4WV92SkNyclpvZ2FKbElPXzBoSVlXSjMxNEptcHdZNlM1ZWJsV2RxejloU3V4ZXp5cGszN3VTLUg1bGNQTGNDZmd0WFhldDZrTjFLZW1nOUxfQkZHQTctcmJGRlZOR0hJRi1Dd0huUUp0OFlkSm1zLXA2b3VNT3hnLTA1dmk2cTlkV3dFS05RMUdlUVEyTEdhRWJfUmFwSWhTVU9NNzIwWTdPcGFtaWF6aW9B?oc=5
2026-04-03	Google	0.0	Cyberattack targeted Italy’s Uffizi but nothing stolen, museum says - DD News		https://news.google.com/rss/articles/CBMilgFBVV95cUxQRHE4Tnl2RTIydUhVeGIxeXFCLTlMNzR3OGZYdVozNVhSaEtENHY0NkZVLTYxeVl3cEJCSDdyYXlCQ1NyZ2JvbXR1ZXZ0R0RoMkFkcDRHT2NTaEZUUXZpV2VURDZ0SlpkUmg2NmtaOEZuRW9EcVJIVEpLM1E2OGpxVUEtLTNubDd4UERWTkdpaDV4UXFtU0E?oc=5
2026-04-03	Google	0.0	DD-BD WDD Adminmech Droid Makes Debut in Disney Store's Build-A-Droid Series - Laughing Place		https://news.google.com/rss/articles/CBMinwFBVV95cUxQOXNwSmdRUzhBWEQxWkE0eTBxWk9abzR0elhQVml5ZGw1Tm9IR0d3dl9xdWNZa0RiMlpRekZNNlIzTHNMWmlJSXNCTFpQZF9FS1g0dF83RzlxcVdWbUhZcExmcHoyM2daREN4Wnp0bEpYUDdxWnV0UUpuSERScDlLdElvZEoyczN2ZWhwejFsUFJscVI0dVpQQjFqNGhKQkU?oc=5
2026-04-03	Google	0.0	Revenue per share of BOSQAR d.d. – ZSE:BSQR - TradingView		https://news.google.com/rss/articles/CBMinAFBVV95cUxPQ240N085dnRoemdhQkJ4Y0c4MDNsWkttSXBrN0FqNS1CY2RZM2NVYzRkaC03Rnd6b28ySWEzZ19BaS1icm14VTJGTjhFUl9wM3l6N09iWEVqZ0lEeUkyUFRLRlNRVW43YVltZ2dEUnIxenhHbmFsS1E0RlFQWVVUMHJFZ3pERlJFTk1yRGVMZFFkYnpHLXVLekNDWHo?oc=5
2026-04-03	Google	-0.1	High-Speed Server and Data Center Connectivity with Stewart Connector QSFP-DD Solutions | Tech Guide - All About Circuits		https://news.google.com/rss/articles/CBMi6gFBVV95cUxOdjNyU25SMmhhOU9jWjZyS0VDLUZBdnR3cVFIV2Q0VnhmOUMtem96QVktd20xTFRSM0ZZcGYxOWlEaEx0NWs4YWludGc2SXNrWDR1S056TWEwR0l1b3hjM0VtSGxQOWRXeFNDcm5KQW15Wk5vWXNlenA1MUxCRjZqT2J1V3NzdWlVd09QN1RhTHFnaW4wYkZiTzdzM2daWk1nU0UwbXlQcGZ0R0NubVJCTDBWMTZBd2p2b3A2eFJoNmVwaDBvZklfNGVobmZjeUpLTGowY2xBMkk3blh2NnJaM0NhbEh1QktNSFE?oc=5
2026-04-02	Google	0.3	Fresh insight into TB bacteria may help tackle drug resistance - DD News		https://news.google.com/rss/articles/CBMikgFBVV95cUxQeWdFQjRDaXRQci1XTjlCSkpxU0xVU1E0LV81VDNuQV9Cb04wNWZSRkJzbGRuR2UxSmhlam9RWGwxa05aNktQeDh2RWFpaDcyaUpSMGZmYVBvdnJYMzNJU0VWM01pb21vRkI0V0RTSzl2UjNtcmFCdE9ocHpxamtpT0pJbHJvZXRGWjhNazEyV1dTUQ?oc=5
2026-04-02	Google	0.25	Six Indian Ships Cross Strait of Hormuz Safely, Says MEA - DD News		https://news.google.com/rss/articles/CBMiiAFBVV95cUxQUmtwd0Viek8wQWJtWHlzTkpxNFZydVFwSllYUGMwUjVtZnhIeGo5c3RwdnpfNlhfa3pLV3FET3hOc2RfWENja0lfMEF1U005a211UVk1Z0d1REMwYTRpVXpPR04wNGVGdDkzMGk0OE11Vk9zQVJRRWxJdjZMQklZSjVCbHJuRjVF?oc=5
2026-04-02	Google	0.2	J&K CM thanks Union Minister for extending PMGSY-I timeline till March 2027 - DD News		https://news.google.com/rss/articles/CBMiogFBVV95cUxQMEVJYTdSUkNwd2VNZ0s4YVQ4ci1zdmQ4TzNkbDY2cVJUNFpwNVM4RUFVdkxQNW1ta2JwNXlVc0dTUmZzOXFCc09TQTdubDZDZk1KQ0tab3dOQ0lPSE5oa2hzNjhrcnZUQ0tuaGFobHJDQ2NENlduRkNrNUIxNjZjQWdkdWdRcFZDYmxXaENuT0lmOUtVcmxpcVJUV28wZVAyRmc?oc=5
2026-04-02	Google	0.2	Lokesh meets PM Modi, thanks him for passing Amaravati Bill - DD News		https://news.google.com/rss/articles/CBMijAFBVV95cUxPclA0WVUwVGozLUdHZF9xX3lnd1BBY1ZWZXM5TkJNQnpCQ1lwekx2SnV0bmFtd3B2V2txM3phLWxkZks0aWN3WHZ6SDlkRXJhT1FDRm9Db1BHcXQxbDhyd3o3eGlqbWRZLTNvanlEVG13eGpRZTBfOUZGdG9IamNqamtGYWgxVnJrUm9DSg?oc=5
2026-04-02	Google	0.175	Centre grants full customs duty exemption on critical petrochemical products - DD News		https://news.google.com/rss/articles/CBMipAFBVV95cUxQYUZMaVBOOGQwdFRzakVwcnpBN3ZXQlhfRElZcUFHVF8zeXlTcEFNVzVXSGVXek9WaFNkMkhuRWhiVFA2VFhvWktXMjZYTk5QUllxaGY0VjlDVlJ2NmJHekVKZUotZXNoQVZmSEJuYUpNNmNoX2hyZS14MThSb3lvcGlwSnBXal9DcGJPSHBRSDVRdjFYTlBNNF9TZ0JTcW92LUx0cg?oc=5
2026-04-02	Google	0.118	D.D. VERNI Says New OVERKILL Album Will 'Probably' Be Released In Early 2027 - BLABBERMOUTH.NET		https://news.google.com/rss/articles/CBMipgFBVV95cUxPNlE4UG91a2dqUk1RUEI2Sm8yaEdoTWlwMUQzTVBqa19mMW1sOHlaQUFKQmJuNEVKbDRwUERIWEhGWm1CN1hMQXg1OHdNN016bVpYT1d5MnY5Q1FGaDN1TXRnaWY4ZnBRSkFwNV9DczVwMEd6Ml94dVJhOXd0V0J5QTNZWnFBcGlHWi04YkYzeVRTU3h5Qm5ZTnM4OFV0eUFrdkdQR0dR?oc=5
2026-04-02	Google	0.045	Children more vulnerable to toxic metals in river: new study - DD News		https://news.google.com/rss/articles/CBMijgFBVV95cUxOeS1zYllkbUlHRHU0a3pvY1pxTkRQeWtKdGtBTXhSeDlRaHpDLVRzN0N6NTdEUk1JRUh5T1FPcHZkaDdvbjBPbDlXZW1XTnR5QXpmMjV2eUdIY3VtMGttMS1XdThyM2VVY2Z4T0ZrWUFxLW5DNEFPUDRMSUp5bWlHbGVmeVROQ0M5NnV3OGVR?oc=5
2026-04-02	Google	0.0	Airstrikes in Iraq kill PMF fighters as US orders evacuations - DD News		https://news.google.com/rss/articles/CBMikAFBVV95cUxQRWRkc2x1cUo1U3JCY2pTM1AxVkZ5UF8xaFpTbEI2TGZvSm9yckg3TkRhTUk3Mkt5X1R1ZGN5TUtEc0wwN3B5N3V0WE1MUkp2YUNOVWV5NjNtV09hSG5tYW5UeTg5eWxEb0pUQkh3d0lhWmp4dEZQY19LaU0zeEQ3M3JvUXgyV0d6blEtZ29yVVQ?oc=5
2026-04-02	Google	0.0	Arab League holds emergency meeting over Al-Aqsa closure and prisoner execution law - DD News		https://news.google.com/rss/articles/CBMirgFBVV95cUxQU1NoZkJYck5RM01ReUNSbHJwU1NkZ1VYLU81aER0YTZKczMyTjEwbzh2V2VYbHhJNG9HS1drM0ZSM2hPc2x2ODZiSThobW1ndTVlNEtLYXp2RXRWT1p4bXJLZUFKZUNudG1kc0d6ZldQdFl6UHZYcnAxSG12cy1mOTMwa0JoaVVDd0M0N3FfR0NmalpSWEhSQzUwa2hsMnpZbko2b3ZEclIweDRlTmc?oc=5
2026-04-02	Google	0.0	Arun Govil who played Ram in DD’s Ramayan to play as King Dashrath in Ranbir Kapoor’s Ramayana - Moneycontrol.com		https://news.google.com/rss/articles/CBMi8AFBVV95cUxOUC1hNVUwdm1zejJBVXgyVlRfaFQ0SlllMml1RkZoY2tVeXRETGpMLUVlYk4yNmtYNGxsMmNVN3R1VG5PeGxreGZvM2E0ZTFtNFMwSFI2QUExNlRHNjNBczc2dFUybV9KOGNCMXNXc0I2ZXBjbHc5ZzQ0N085ZzlDczJNalhsR1VjSU5PZWgyRVNPOWtLX1g1Tl9uRkIxcUZ5UVlteWRvVDRTbzNwRm54VG83bnBzX1FzUjA0eGJIOTZKVkFDT0NBX0pxVWRpNHlkU25IeXlYMUEzaC1GSVJCbHVDMEltS0lyTDZoelNZZkjSAfYBQVVfeXFMTlk4b3pXZHdsR1BfWHp6X2JZZXVJMjZlcXZ5UzNRbUFWNFU3SWRMVDM0UVRqWnpLNWNIYXFjZk5hTGRVaUVmVmlpeGp6V0JnSXJxYnQ5RVY1ZDYwaU55SDAzUk13bWhQQmg4YWFOcmJvN2VFVG9WZk9JcFlWRUt4Z0JCUHoteGE5X19WSVRWSXNtSmt1ZDB0TnhoOW5memw0anBmeF9BQ0Fsb1ZfTXBEbnQ4c1VLcndwWkRmdDNoTVRTVDV6ZkRfSWw4R1haY3ZtQUR4LUJmcUN4eXNBWGR4Wk94cGFBa1FFWTRkaG1iLXdlLW1MYmFR?oc=5
2026-04-02	Google	0.0	CCBDD wraps up DD Awareness Month, prepares for upcoming open house - Urbana Daily Citizen		https://news.google.com/rss/articles/CBMirAFBVV95cUxOeFlsU3ZlZzJDZ05UU3I5MENVckt3U244VnVITUxwZTFXNkNCT3ZEVFhoXzd3NDcxSGpobmFldWljVC1wQWVqU0JfSzlkcGtmdV9WdjNEX2R4WTk3WW1KLXdSX01jbzhPNU9nZ0F5N0s1aXk2X2tOcUNLY29FTFdXV1QzNVBsVUFFWEVSUnU3MkVDeUNNa2trVWhmcnlCRzVvNjNINEdJb2FJSkFH?oc=5
2026-04-02	Google	0.0	Cash from financing activities of Terra Firma dd – ZSE:TRFM - TradingView		https://news.google.com/rss/articles/CBMimgFBVV95cUxOZ3FNSXRQdk9EUzhsbnFqTk15akk2ZG5fTHBLbUN5N0dXUzcxVl91dUNBV1RtV01lYnZvajJNdGczZkV5QXBMY0dXMDB3Y01fdE1TQ01JTkpzOWdzMkhaVHpFMU9XQ1lSXzRNVkMzeFJ6eTN2Zm90LUdRbS1kNTZlZDFZT2dMRU9HN2N2ek15ejBwZkUxdExfbGNB?oc=5
2026-04-02	Google	0.0	Debt to equity ratio of TOKIC d.d. – ZSE:TOK - tradingview.com		https://news.google.com/rss/articles/CBMilwFBVV95cUxNa3RzZjBSSjM1NEo4WE93MEYzQ1Bja3M3N1p0bWRtcDNONFJXQ1ktUWdqcDZLSmRvWjRReWE0bS0tMl8wUXlBcjN1ZF8xZ3hCa1VUR2tKY3N0d09aTFN5X25rUFg1c2JwNUlHX2lDTU9UdjJBQ1RPdUNiWkJtME03ZVF4aGl1WnYzeTRmaE9zWmRCMUYxWHQ4?oc=5
2026-04-02	Google	0.0	ECI bars exit polls, reiterates 48-hour silence period ahead of Assembly elections - DD News		https://news.google.com/rss/articles/CBMiqwFBVV95cUxNQWdOd3BGYWF6cTdhWjlBRnA0Zm1yLVllUUUxbWV1M0hNTkJRczdYQnRvdmxqVkRycDg2b2JsZ1lrRGFKeUdBVlB0bmVFSTZKQTg4T0NXZXVQN0tqaGpEc3FxRm0ySm90VE8xM20zdXpwVnNwb2V1UXVBMjRYVUNFM3VNbnVSWEVTUXZWTGE0VC1LZ0M1ZnB5dmhXdkk0a3hJdUFVelhuZ0FBWTQ?oc=5
2026-04-02	Google	0.0	EXEC: Rip Curl and Oboz Parent KMD Brands Led by Kathmandu’s DD Gains in Fiscal H1 - SGB Media Online		https://news.google.com/rss/articles/CBMipAFBVV95cUxPLW5YSXB1bC1UaWR5UTNTanBBYTF4TnhsTDJyaFRsLVhocVoyQmI2cjc1U256NWF0U0ZTNDhwdWRtR0FEUUJncWFHSmVPSm43V003OFBrNUZ1ZTJkVTQtVl9oeUxrWUs0bGhISXhtX0c3M2NBNk8xWWVFLUhJdlg3OVp4R3BnZlBNQWc1ODNmNExMX0JPRUZnaktyUGFRakQ4Q1BJcA?oc=5
2026-04-02	Google	0.0	ICC moves ahead with disciplinary proceedings against chief prosecutor Khan - DD News		https://news.google.com/rss/articles/CBMiowFBVV95cUxOUU40V21idzhQMnU4T1QxTmJGSVBxQXdXenE5NFc4b2ItMGxvRWpBUUhoUm0tSmRMMXFrV3NWVmF2TkF2VEtfN1JFcTFIVTM1UnU1dGVsY0NBR3FOQ1l0RXlpSUsxdDRnUGFlM3JKVzVSdkVOUURhTlJrWGZuMW9nZWFLajZTM0d3ZjNyM19pN1k0eW9nRFpSZ2lDS21zdU1IbEZZ?oc=5
2026-04-02	Google	0.0	India evacuates around 1,200 nationals from Iran via Armenia, Azerbaijan: MEA - DD News		https://news.google.com/rss/articles/CBMiogFBVV95cUxQdFBRS183SHB6M3dHSUlyTTdfMFgxdW16cnYtN0dEU1BTTGVhWW9WY0ZVRFBUZ28xRWlSQndvS0JtZFBkc1RkOTZuOC1SYmluZ01mWHY4LW5zY2xSczhYaTZ3ZGN4NTZwS2VRY1RBYm5TSEEzSjlYVU9YYnowUG5mUmhZa0U5cmtBbXo5TjNHYW5LMlZKSDdJZHlBSHNmdnRQTUE?oc=5
2026-04-02	Google	0.0	India-Australia Trade Pact completes four years, bilateral trade hits $24.1 billion - DD News		https://news.google.com/rss/articles/CBMiqwFBVV95cUxNeERLbk9FWXpJcWFEajI4cVRqajNST2lSNXM0X2JVeFNkLVd5NnFMUEpKdXJyZ2UzSGdia0hzWFduUUJvbmxVVGcxV3h0NWE4eC1SSmNPNkJaWVNaQkg2WjdBQTNSbGdVUlFsclp4c3VjRjNfdGtmSWVaTFZxVnY2aGlySUM2NWxNclJXeHZPZTYwZ3RNWHdjYTN5RVdobjRKSzIzSE0wUTVTazQ?oc=5
2026-04-02	Google	0.0	Indonesia earthquake damages buildings, but tsunami alerts have been lifted - DD News		https://news.google.com/rss/articles/CBMiogFBVV95cUxPelJOMjljWXJ4WFZGNmZmY3R5N1lYcTUtMVNIV0c4YVE4Z2xlcUVtcVFXT1hPZ01iY2ZRd0Z4enZuVmRUQmlWRjhKcXNrMUlRRGN1OFpYSHFDdTA3Q0ZzME9tYjBzY0d4OEMtUUlXOE9jeFJqbWllejBSWjY1LWFSVm9UUnU3S2xPNnNOakE0NU5CLUs5SVBYMEltcnBNVU5xY0E?oc=5
2026-04-02	Google	0.0	OMCs Bear Losses as Global Oil Prices Cross $100 Per Barrel - DD News		https://news.google.com/rss/articles/CBMijAFBVV95cUxPR3ZFWEFTNU9hSklwSWp2SXZLT2FweHQyRk50V3BETEpfUURGZ3l5M0FQQ2xrQVdJdzVSRGRaVXdDSlczRUtpY3NvM0xrMWd3Y1BHQU1DemRnNGRtazZVNnlRMDVrUWdseUs2N1k1dmctekJ0MVRmRm15VnNRUkRfYUdUVHNSUGhHRGFnag?oc=5
2026-04-02	Google	0.0	PM Modi calls for technology-driven, responsive governance at Karmayogi Sadhana Saptah - DD News		https://news.google.com/rss/articles/CBMisAFBVV95cUxQQ0oybUpnQ0M1MG9QLW5MT0RmY0lCaUF5dmlvNVBFN3ZaMk9QVXJtbEFSSC11QmJ2NzZwWktoSWczNnR4eHA1LUhOWDNqNTR5Y1Z1SERLc0hrYmxTbnRDM3MwcmVxSmJ6cHE3WnZQZHFseHg4Q2RoTndSNVFTVHhGR3FjREctNXRvTkJGZmExM1BuR0N1dnRkeC0xNFZSSVNlVHJsTThrZTBsLTIwZzJqWA?oc=5
2026-04-02	Google	0.0	Parliament Budget Session: Lok Sabha to take up CAPF Bill today - DD News		https://news.google.com/rss/articles/CBMikgFBVV95cUxNTVhyOWdwWVZsMWF4RGlIaXF5M29fTHEybUR0d096dFVWdEJfaVA2VHdHSXBZUklVdi1mTWZlUy1zeGhUbnYzaWlOOHQ2N1h1LWRIOFNYb2lTNmk3ai10SjBvQVluT0Z1ZGxIXzFMbEgyTFRmdnpfZ1ZrQzZHOUZRWU9IXzRkUEJEMFoyOHBVLUR3dw?oc=5
2026-04-02	Google	0.0	Puri Police launches “Puri Police Assistant” WhatsApp chatbot for citizens - DD News		https://news.google.com/rss/articles/CBMinwFBVV95cUxOMkViV3dCWlVIaVo1YVZacnkyV0o1VlcxMHVvdUhpWkw4SndWbkV0WkUtUldhb19FQy1oMl9fUGctNmpHMWpoUHlMQzViUGpxTjg3UlJNZE5Vbm5tVllSdk1sTEdoQV9CcVlfU1ViWnVGT2ppa3ZqbWo0NkkzS2cwUXJNS1hzdndkc0Fmbkp4enRIdTQyN3dGWUk3bUlWUXc?oc=5
2026-04-02	Google	0.0	Russian Deputy PM Manturov Meets PM Modi, Reviews Strategic Partnership - DD News		https://news.google.com/rss/articles/CBMinAFBVV95cUxOWWlEM1dFZ2k3WnhWdTdLTmludGhVbTRsMmZDYXZvVTRWd2UtTWR5Ry0yckRqbExHY3A5LWxEc0FPTHFRdjNoUnlDeFZRbGhMVDl1d3hMZUtrNHVpUUJ3cF9LZWNZNF9ReXlaZlhrUmhRTnl6MldhWUZuOHBETEZqbElaSmh6elZuUkF0cklXYlRnWUFwMF9yUzBKdDY?oc=5
2026-04-02	Google	0.0	Sensex, Nifty extend gains for 2nd day as IT stocks rise - DD News		https://news.google.com/rss/articles/CBMiiAFBVV95cUxNUGE5SE9PbDRkdDdrWWpoXzlKa3pBSzgtWGNqOHRzMk1vYmhwQkp0c0Zyb1lUVU9LZHBWTzNydDRaMVhPY3gtVVRxTU13VWZxVE16Sjhkd2RPMG9Eb3NJTlBIVktGRFE4Nk1ScTN4VGNrUThnM1c3eDdYMXhqd1B3N2trMVdrbjVS?oc=5
2026-04-02	Google	0.0	Thunderstorms likely across Madhya Pradesh for next three days, says IMD - DD News		https://news.google.com/rss/articles/CBMingFBVV95cUxQdTVVNXgzN0thX25ibkcySmRiek1iQUtISlZnbEg0eG5tREZtWWVwc1dQM1BiX296ZHo0ZjJhNjZ1MVh2STdxUjhuUHFIZmdLT3hJN3F3aEdOVXY0U2lob2tZVHplY0VEM2dZZmlfNkxKZXJLenoxbkNKaTAzT0JMY3JITnlkQzFWaU03bHZJSzlTSmZ1LWRGOWUwNHV3UQ?oc=5
2026-04-02	Google	0.0	US embassy warns of possible militia attacks in Baghdad - DD News		https://news.google.com/rss/articles/CBMiiAFBVV95cUxPZmxnTk5CODVUZVBta3R2N21RaHNXOUdQSDRxeU5jVkZWLS1jNHFyX0x0VVhlUHBaaXM3SWlhbWJJR3N5VVhQbFA5RlBOM3NUSHZGQ2U4SDBHNm9CUlFJd25fdXkxVjM3cllnNUt2V2lkalpWU054T0tZYWk5WGRsSVd0QVRRTUpp?oc=5
2026-04-02	Google	0.0	“Devbhoomi must Be crime-free”: Uttarakhand CM Dhami launches Operation Prahaar - DD News		https://news.google.com/rss/articles/CBMipAFBVV95cUxPYTFNR0VtRnNUSDhtdkdvejQzOTNpS2ZvREUta2R0UTR1bVZzV2NTWS1CR050cU1kaVJjUEVvQWVtUDFsMy01aURycmtzSi04R0cwWEhwRHZvdkppREpCLWZDSW1veUFxVENBUW82R19MR0lTaWVNVnpQSFZLRXd5UTNiRmZKaGZDZ0VCTUtoT3cxT2JJUTZLRURUMG1LeTVSM2RXVQ?oc=5
2026-04-02	Google	-0.032	New waste rules from April 1: Four-way segregation mandatory, strict penalties for violations - DD News		https://news.google.com/rss/articles/CBMiuAFBVV95cUxQalF6MmJZMkpoYmVwTFM5MDBtdGFyM0diME5jbFNCcTIxVmYzTDRjQ2tzUEZydDExb19QM09fZVlxZFc5WHVrNEdNcDdGWjB3Q05KSVVxVFFxeDZJVVZrd1prOUd2dWV2YjRxa2VDTUtxWS1qWXM1YUhkNVY5NGxEc2ZITmcxMmVvOUQtWXN4WS1aQ2JlWFNOeFBXU0pTd1l5OS1pN2ljYW1sdjFmSXFjaDl6bVdRWGRo?oc=5
2026-04-02	Google	-0.133	In prime-time address, Trump tells wary public Iran goals nearly achieved - DD News		https://news.google.com/rss/articles/CBMinwFBVV95cUxQNDJYeWRyU2RKNUVDTHlPNFgzcVU4eGNONWNjV2dnMnNKakNYbHZtN2RiQ24xd0pYWkhWRWJaZVU3YmpjRzVPSmVnOEJTcjE1NXljdkpZbWFtaUUyUkhrbmpXZG1zcXFHY3V4TERQRTFrRWtiNzFITFRGYk1OSmw5V24ySTk1bVZXdmdycjFUUndsVWlXOHlTZ0wxZzVSUEU?oc=5
2026-04-01	Yahoo	0.6	Ascent Industries Appoints Two Proven Specialty Chemicals Leaders to Board of Directors	"SCHAUMBURG, Ill., April 01, 2026--Ascent Industries Co. (""Ascent"" or the ""Company""), a specialty chemicals platform delivering differentiated, performance-driven chemical solutions, today announced the appointment of Carmen J. Giannantonio and Jeremy F. Rohen to its Board of Directors, effective April 1, 2026."	https://finance.yahoo.com/markets/stocks/articles/ascent-industries-appoints-two-proven-123000370.html?.tsrc=rss
2026-04-01	Google	0.5	Ayurveda is most sustainable system of care for lifestyle-related diseases: Haryana CM - DD News		https://news.google.com/rss/articles/CBMisAFBVV95cUxQUkV5d3diZXFzajMwUno3QkxfUk1Zc2VzS05mV2V5NXdsQmppaHp6azlGemZjRVgzOGpXcHpTU0JZcnFHNmMzTUs3UkpjN0hiNGtadjhfY25Rc3pNNkNJVU5janhLU2FYNlg2NWJQUHIydTFfbzM3WUk1V1JBMzVHYkRKUWYwY2c2cVhNSzVoY2pLcGpqYzVDd3M2aktWRzFDajNLV3c1bU5QRHRtN2RsTw?oc=5
2026-04-01	Google	0.5	Diluted shares outstanding of Croatia Airlines d.d. – ZSE:CRAL - TradingView		https://news.google.com/rss/articles/CBMiogFBVV95cUxQYTZudGM2QkxRTjVvV2pLT3M3aktXV1M5enBYUG16VkdLeVpMS2xnSEhyNUZHLXZOWFhMdE1YRG96Mlo5NUJfMmwzUzMxaUIzS0t0UGdmNjdHNVo2OV9PRHZqcjdZT3o1ZTM1R0xMTXg1YnZBU0o0LW5OV3YtRDdZRnA5eWZQMmhaZVk1SzVkVVgxNVd5ZExKbk44ZEJMRmh2M0E?oc=5
2026-04-01	Yahoo	0.433	Reasons Why You Should Retain MOS Stock in Your Portfolio Now	Mosaic rides strong fertilizer demand and cost cuts, but input cost inflation threatens margins in 2026.	https://finance.yahoo.com/markets/stocks/articles/reasons-why-retain-mos-stock-125000783.html?.tsrc=rss
2026-04-01	Google	0.4	Dish TV moves Kerala HC, seeks parity in regulation for DD Free Dish - Storyboard18		https://news.google.com/rss/articles/CBMiuwFBVV95cUxNYmZUbU1JbWJ4cDhaVzFQRlVIc2pmQ3picVNUcHBYZWhTaFhkOWVuUGhfb09ydGxwRm9wT3kzdTM0aTFTd2J1SVhuNTh1OTZUdU9LajFBcjdjOUpNbFh3ZVRqemx3YWR3bjFHWkFLcnRWM1lCaVJ1cVdyR25lNGpzNVVOai1XNFJ5Q2VGX1hRenE1XzgyOWFLZktYVVlvTUtiejNQT0pEaDgwWWprSi1rVC1jX0FNS3prOEhV0gHAAUFVX3lxTE9uMVlYOWJ6dl9mdXI5N2RpbVRJRDdPcTF1VWsxMFZibEU5UDFWZk1pUl9lUDV0RkQwZGp4Q3dqOWY4TE1keEpyTENyUlpJMkg1SEFDN1ZsWVNGempFVmJBSXFWWjZ0VGkxc3RKcEx2T2kwSkpVZktmUHlpTWc3bmYzWXpKamVpTmdVNDUzZFNURFNJTzlhTFROVEh0QnNsbUwwRmh1U1RVcHg3X2hROHJpdmdjQ2pmOWt2V2Y0MzZCUQ?oc=5
2026-04-01	Google	0.4	Dish TV moves court seeking level playing field with DD Free Dish - Indian Television Dot Com		https://news.google.com/rss/articles/CBMioAFBVV95cUxQTzltLUZvSld5ZzI3d1VjWW9uNVlTQXhvYmZfZXlIVEVxdzNEVlp0WVEyZi1TdWRhUGwxSjZUaFd1MTZLd3pndnNRemszZGJBeUJteFduQ0FBbzQ4M3FkOFpXcG1BNUtJOFhETF9fUGNod1RfY0Nxek1pbV9yanI3bkQ1ZUdGZFZTVXQ2MEpmeDRYaEw2cVFydkk4dGk0c2g5?oc=5
2026-04-01	Google	0.4	Dish TV seeks Kerala HC order for DD Free Dish parity - PitchOnnet		https://news.google.com/rss/articles/CBMiqAFBVV95cUxNRGlZUWRaTjdQZzA3UVRibWVoSFRuRlAydi1JYnR1OGU3aVNzaDhtZXBWbFQ3RE9Yc1BoTlhoZDE2UVNvU0MwZjg3RlEzdEFHOEtWblBGbXo5S2dfemMwcHhzdi1aNUdnenVFM0VNOFloeUZnX1pWR0k2blZrREFJZ3dQRkRwN2Q0bDhqNnV0bkxhbENyTS01NGRDS3JyeXNrcXdGWENUV3M?oc=5
2026-04-01	Google	0.4	Free cash flow of Adris grupa d.d. – ZSE:ADRS - TradingView		https://news.google.com/rss/articles/CBMiiAFBVV95cUxPWGxabFFzYzRodWV5N3BvVHNMQ19RbDl4SlNaWWRvX0hDRkVmQWdrRkhodU1tWHczbnMwLTJPdHI3VE9OeWVmbzdVTmF4a01uTjJzdWt4b3RhQzVkN2Y4dnI1bUhYWmJoSTJDeXdkbVVCUndJV01WT2FkOXgzUkVyZ0ZZaldzamM2?oc=5
2026-04-01	Google	0.4	Free cash flow per share of Koncar-Distributirni i specijalni transformatori d.d. Pref. – ZSE:KODT2 - TradingView		https://news.google.com/rss/articles/CBMipwFBVV95cUxPM1I0eEl6YVdiRFdROEFfZmV1eGxrVHloM2JuOUJMVnowLWlqQUJYTTJla0l2dy1XWGNZQ2gyVXE1MXotZ196LVE5NVA3cGg5YnMzRHdOQnpyeXZNa2tyVk1OS1RxNTYwSmVVVWZ5ZUpkYk0xVkxRTWZtb1FDSVF5dWNZNTBtMTZlNnhHV2U0Tkt5SXN0Q25OMElvZEVtN2t0ZlJ1b3dGVQ?oc=5
2026-04-01	Google	0.4	Free float of Ingra d.d. – ZSE:INGR - TradingView		https://news.google.com/rss/articles/CBMipgFBVV95cUxOcXZhUFY4LUIyLUlRWXdQc0h3NXFJWVF4RW9YMW44OHB0RXB5ZTQ0c0luRVBjeVhrMDZRUVJNOUlaeFVvMTVoOG1jckk4WWFZZEw5MzZuMWpsN29yRFZWUFlLUGpvUXZsNVZMS3B3aDg2X0ZMUlk5Vl9yOURyWTMzZTdRYzgzNHZVWlY1WWJ4SExFWTlZQUROcEgyUW9HaDFFa0l4NXp3?oc=5
2026-04-01	Google	0.333	Quick ratio of Ilirija dd – ZSE:ILRA - tradingview.com		https://news.google.com/rss/articles/CBMilAFBVV95cUxNcTJrWTkwVlJhbDdya1lkTVdTd2UxcUFCYW1tWEJNeEdoSGFmTVByZDVVUmNZTnR6cGh0c0poM0NaQkR2cUZzVGZNV2txS2x5TVR6b2hMb2Q0N0VlTzd2QTc0MDcwM0stYllhNmRGdS1UZDRIT2tmLW9USzlqVk1QNERweDFaRnUwMjRibXAwZi1PMldj?oc=5
2026-04-01	Google	0.3	UAE Air Defences intercept fresh wave of iranian missiles and drones - DD News		https://news.google.com/rss/articles/CBMimgFBVV95cUxNUFRGZjdWcHhRNThXSTlaUEtqb1pNbUFqSEpyeFhaVnlpRDBRUGRLNnZnWUpjbENpY21rYlg4RWswOGJmV2M1ZHp5c2RVN1QtZmpqLXRyWHZnNWpCOVR4U1RNMVVneXBxdkozSG9SdGFNTW0taHNiNWJ3dzVNRGdwMWFsRmRhalg0ZmZLY0JWVVBHbmd0UmgzOFJB?oc=5
2026-04-01	Google	0.268	DD Free Dish adds 14 channels, removes 29 for 2026-27; 7 channels get new LCN - bestmediainfo.com		https://news.google.com/rss/articles/CBMi3wFBVV95cUxQTFhnT0FwWC1PcVVhMTg1RTRxaktJcEU3Q1VlTWVyQnZhNmVOMlZzVEh0bERGSGc5aTFVOVhvZkhvQzQ3YW51bGtQM19QVHNja1hHcDNnREYyOHdQcnJqaWZWNFNtREJMUjFFZXNLT0w2aXFkcTB2R0g2NWMzakFWRlRSSGs5N2cwbkZsRG1YQUVLY0hPV2VyOXVyUkJHRGdBdU5YQUxnV19tWDBoWmoxbzlYbFJMZFJLcUJGRGZZaVV4LUhLMjhRRUsyR2lLTlo0bldzLUNtOHZQSHhJZ1Nn0gHfAUFVX3lxTFBMWGdPQXBYLU9xVWExODVFNHFqS0lwRTdDVWVNZXJCdmE2ZU4yVnNUSHRsREZIZzlpMVU5WG9mSG9DNDdhbnVsa1AzX1BUc2NrWEdwM2dERjI4d1BycmppZlY0U21EQkxSMUVlc0tPTDZpcWRxMHZHSDY1YzNqQVZGVFJIazk3ZzBuRmxEbVhBRUtjSE9XZXI5dXJSQkdEZ0F1TlhBTGdXX21YMGhaajFvOVhsUkxkUktxQkZEZllpVXgtSEsyOFFFSzJHaUtOWjRuV3MtQ204dlBIeElnU2c?oc=5
2026-04-01	Google	0.25	World markets rocket higher on optimism Iran war could end soon - DD News		https://news.google.com/rss/articles/CBMikwFBVV95cUxOX0JKQlJ6S2t0MEw3OEM3dmhaQ3J3VW5yWHlpSVpQcklzcDVuOFF5S0dXdXIyTDVJYWJrT1ltMFlDMGxteE0xNDRrLTU1Sm1iZ05uUDRGV0Z4WGFFY05oNjBvSmxua3ZHb28tanNVYTd0SzdtQ1pBazlhVXFVTVRjUmMxUldrUmNvbFlXb3pNbEdhNnM?oc=5
2026-04-01	Yahoo	0.168	Jim Cramer on Qnity Electronics: “I’m Very Happy to Own That One for the Trust”	Qnity Electronics, Inc. (NYSE:Q) is included in Mad Money’s latest recap as Jim Cramer outlined his strategy for market sell-offs. Cramer mentioned the company during the episode and said: That’s a specialty chemical company that was spun out of DuPont late last year. When I covered the DuPont breakup last October, I told you I […]	https://finance.yahoo.com/markets/stocks/articles/jim-cramer-qnity-electronics-m-162754320.html?.tsrc=rss
2026-04-01	Google	0.167	NWT $74 Athleta Sz 40D/DD 40 D/DD Black Square Neck Bra Cup Tankini Top #531213 Factory Sale | Clothing - agoranotizia.it		https://news.google.com/rss/articles/CBMiZEFVX3lxTFBpN1ZTaXRqMFVnZ1QxcjEyRzI4Q0JSR3lKUHd5UzY2SVlfRlJzcTlUeFZlMzBoTXVOek1mYjNzTmNlM0wtd0NzbHVlcVROMHpaNDZTV0RCUXBBMkxiQTRvcTFsdEs?oc=5
2026-04-01	Yahoo	0.119	Arclin Completes Acquisition of the DuPont™ Aramids Business, Including Iconic Kevlar® and Nomex® Brands	Arclin, a global materials science company, today announced that it has completed the acquisition of DuPont's Aramids business, including the renowned Kevlar® and Nomex® brands, for approximately $1.8 billion. The transaction marks a transformational milestone for Arclin, significantly expanding its scale, capabilities, and presence across life-critical industries. Arclin is a portfolio company of an affiliate of TJC, L.P.	https://finance.yahoo.com/markets/stocks/articles/arclin-completes-acquisition-dupont-aramids-114500891.html?.tsrc=rss
2026-04-01	Google	0.1	Seamless data access achieved through digitalisation efforts: MoSPI - DD News		https://news.google.com/rss/articles/CBMilwFBVV95cUxPTGdxRzlpUXpHdTM5dVYzSkp5MFJnWkFGVHk4OGtJVFRMNkFYQmxjY0VTelYyVTBkR1Y3d0wtZVpsY1hvdVVSdTZHYWcyb2pVUGdCem1HQTFVT2pKcGtuLVo4eWNDQURZckZCYTg3ZldQbTNWLTEwS3VxaURGVkRiZE9EZGVoYjdyOHA0Z215WjZlUktiV2lF?oc=5
2026-04-01	Google	0.0	American journalist kidnapped in Baghdad, police officials say - DD News		https://news.google.com/rss/articles/CBMikAFBVV95cUxPWlNxd0NCdWxxWVU2ank4X2J1VllXQ3J2TW55YXM4alVfb3ZWWUJNRmhyT2lPNDg4YXJoQTBFeV9nQk9yTWt6UmVQMlh2UTh5T2xrRDBKandYd0JLeTdjZXE4TmRObThTRVcwSFlqTUhnT1dNUThaQ2M3ZGxLb2Fsb3djRHkwc3lMdTE3QlNZa1I?oc=5
2026-04-01	Google	0.0	Arena Hospitality Group d.d. Dividends – ZSE:ARNT - TradingView		https://news.google.com/rss/articles/CBMidEFVX3lxTE82ZmtlU1JNaHYzdmVfYTNDZlM3UGJMbG44NHVmaVF2YVJrb3Bib2lwOHVnQUxYeW9ZVWJzOE11NW1LZnppV3phZUJrMVBJMU44ZFZnNHo1VmZFcnFnNFl2VGxWYWxHMTJNb09aeEFodTdOZl9h?oc=5
2026-04-01	Google	0.0	Basic earnings per share (basic EPS) of Helios Faros d.d. – ZSE:HEFA - TradingView		https://news.google.com/rss/articles/CBMinwFBVV95cUxQbkUzQXpuZHFvelZyM1RONE1CeTdUZlBmMW5rYlNKR3c5RzdxYUdTNnR0WDBLWjNHeVpySUZRVngzMjRXUlBuVnBGc203T0hJaDBkS2pqV2xDUncxNUQzcHJaV2FWYVoxTV8xbkZ1OEgyNVViNGJRY3JzSlY0cWdLV0ZpRmZHZkJJOWhOdHNRUW55N0I1enJKMWsxTEV3Ujg?oc=5
2026-04-01	Google	0.0	Cash from financing activities of Atlantic Grupa d.d. – ZSE:ATGR - TradingView		https://news.google.com/rss/articles/CBMimgFBVV95cUxOSUQxN1p6WGVSWGxCOWpTdzNOZWpvWEYwVzFVNHlWbnUtR3hOSk03cmxPQ3ZwRDhaSU5udXdQNzRVQUlMZjFFajRWcWJkcU9JRnp4d1ptMUN2cXR6TjhuNUVROEZOZm5OWFBlbE45djQ0MjFEd09KUTVSM0tORkJfOEExTDBGSnU0TnNoc3BlWXZuVXBfSE5oREpR?oc=5
2026-04-01	Google	0.0	Cash from financing activities of SPAN d.d. – ZSE:SPAN - TradingView		https://news.google.com/rss/articles/CBMimgFBVV95cUxNTkZqZTZUMzZheEtMRDFDUXJlOERkUTlQN0k4M2t1MzE4MS1PcTQ3MUptYzBZU1NDdnZWWGd6WWhYM1RwT0YtSmVXd2dQemxIUnRIYXJxRWlqcTdlYk1EUERfaXpzazAwUFptS3Z1QmExWVFFVmJkLVp3bEVQQzU2dXhHTU0tR0VYNEFJUTVNVFNUX1FXaXhNNVd3?oc=5
2026-04-01	Google	0.0	Cash from investing activities of ING-GRAD d.d. – ZSE:IG - TradingView		https://news.google.com/rss/articles/CBMilwFBVV95cUxQWFlZZjFLTUc4NUxpYy1qa0w0WVVzdk02VXlfeG53YnlZY1hlYUhJYm9WdjZkaVFXSXp2YlhUbVU3N0JlaW52MEVOWTVFOUUtN3A2UUp6eFd5VU4xOWZBQVJIbVNsUWRjY1B3ZHNiMGxZZ2VObUVueEhnU2FYQnNsNFRjYXBPdkNPdzdlZDFWLWRLbTBjLUE4?oc=5
2026-04-01	Google	0.0	Cash from investing activities of KRAS dd – ZSE:KRAS - TradingView		https://news.google.com/rss/articles/CBMimgFBVV95cUxPSU5EYjVub2dQOHpTUU9zSmdYNElKSno2N1l2eTd1d3VZcGtCelY4TXdqTGs2bHpFNUV0UGVMNFFqaDlCZWY3QjNtMlFOdk9MSHhnUG12VXg4d3pubzRTNkhVNEc0MDZfekFTZXl2bG5mRmpQSUcwMmVTYWJuNUFNM1ZleFVBYklsMzNGdl9hS1JDR182d0lxYy1R?oc=5
2026-04-01	Google	0.0	Census 2027 begins today; India’s largest enumeration exercise goes digital - DD News		https://news.google.com/rss/articles/CBMioAFBVV95cUxPT2J5MmtyQXhyUlpna0p5WjBfanRaWVY1cGNMNmdZWHpfbF9mdHh1MUJjb09jVGpzd2IzcDB5NGVkdDhiWHRmVGlnYl93d041SGdXQzQzemZWQ0VJT3lNMW9IdFJlaXdfdnBibWxSSEpSLUZBZExuT2l1cTJwZ1dVM1lSc1VrcFVwYy1nUmVFZWZTdkloNzVwa05QbEN5Qm5F?oc=5
2026-04-01	Google	0.0	Centre for Southeast Asian Studies inaugurated at Nalanda University - DD News		https://news.google.com/rss/articles/CBMimgFBVV95cUxPdHlIeFFrVzd6UlNEekU0NHo3dWtyQ3BKeU42ZVdLYTFuOElKVlBNcHp1TkpDcXBCTHd4RnFqRjZMa1ZsZlpBc1RJZmR4ZnZ6blBCWjJiaVR1Y3ZLaVRhWTdXOTBnRl9oR3hFMzNBTG9LeHFXUkdOcHpvU19NLUpMQnFaSUtyLWJ2XzNWWVItYUJwNHpFcWt3TGRB?oc=5
2026-04-01	Google	0.0	Current ratio of Podravka d.d. – ZSE:PODR - TradingView		https://news.google.com/rss/articles/CBMilwFBVV95cUxPQVZyRFNjdjA3UnltQ04tQ2REZ3p2aXFBRlNXT1pDZndFRzdUeFJwT1lud3VQemlNVFdIblhVSHNjZ3ZMT1ZHdVBDQTl4emVCOFJiSzVFUDRKUUp4RDNvRXFzbXVzaFhDREhMRkpUZDZLcV9oZHFjN2JqNEVIVWZIangza09XajM1aF9aOVE3SGREZ2trZzJZ?oc=5
2026-04-01	Google	0.0	Deanne “DD” Rae Baker - southeastiowaunion.com		https://news.google.com/rss/articles/CBMitgFBVV95cUxNQ0xBcGZQZXlZRXRkV3Rqd0JsVWRIVVdUY1pObzlMNXlvQ0JxT09wYVZBUTRrcmRPbjRKUV9RZ0NGTjNyN1hBdHVodHpTWUsxTDJ5OFJqTGlhcnR6R0xSaDVLQ0h3ZUlQbTBmM3RoeGYySUhJQTFMQS12NVN6LW1nXzY0NGpwelVvRi1WaE9kcC1IcGVkV3JKN0ZscmE5blVMVXRaeUJqTy02VTlGR2dXdTdQZzlVQQ?oc=5
2026-04-01	Google	0.0	Debt to equity ratio of SPAN d.d. – ZSE:SPAN - TradingView		https://news.google.com/rss/articles/CBMimAFBVV95cUxQMUZ6bFEtR1pSeERoT2FLa0RCbjJXX3l1TlFQZ0V2aW9wZVBFdnZkWnZ5SXY1a1hNMkNHYkZOal9LdzN1YkNsZVR5TFJhOEFDc2RjX1BVa21LU3NSR1ktQkdzNjZJOEp4WENadUY2OW50ZEFnRFI4UE5RVFl1b0ZTWThRQW5GdkFkZUJlRzlWZnJabXViZzhkMw?oc=5
2026-04-01	Google	0.0	Dennis the Menace’s April Fools Prank - The Daily Cartoonist		https://news.google.com/rss/articles/CBMilAFBVV95cUxNaUtMLU9RNWNOakh6cnVsVUl4QUhTQzFudmZwejZES0NaRktHWUQ3VVpybzdpX1ZMVmNydk1CYUlZc2lkN25aUlhJRXFzeGo3OUdWakt6NzZHeHR2TjJsang0bVFabjRiNHJKTXhoUGVsb3AybVRyWncyemsyb2IzY19ubzlobEF5anN3VmZNOG5oLTVr?oc=5
2026-04-01	Google	0.0	Dilution adjustment of Adris grupa d.d. – ZSE:ADRS - TradingView		https://news.google.com/rss/articles/CBMimAFBVV95cUxOQlNrMFZ6SlVMN2EzeDhldXFEMkFMakRmTHpNb1lQZmN3U0g1aTBweTlKajl3aXFLQ0d5bFFGSjRRU0FrNUZtTlpiNEhPV09mV3JOU1NSdVVLY1gxQm83RE1VR1FJRWhEMUQ1ZTdyU0FHYTFvWlozcTFKVUIwcWdNUGNucXVsU1FmQUExaW8zOWYyaXRkRk5maA?oc=5
2026-04-01	Google	0.0	Dilution adjustment of Valamar Riviera d.d. – ZSE:RIVP - TradingView		https://news.google.com/rss/articles/CBMimAFBVV95cUxQUGI3NGNxZnZBWlRZYlVYYmk0NkZyWDZ5WHJlU0FaWXlZS21WXzlNQnhsNDRQSktmb0g2NzI5RjVNM3J3b3VDc1dhM0FvT0F5REhDOEZSUWR4aDA2MW52TG9PYWlnamZXdHBqeHQxZDZFZ3p0ZndPQllza1E2M1FWVHdUY3BkLTlEemFCQklMOERtY3puZnBwZw?oc=5
2026-04-01	Google	0.0	DuPont (DD) Completes $1.8B Sale of Aramids Business - GuruFocus		https://news.google.com/rss/articles/CBMikAFBVV95cUxQU2hrQVZybFR3aHp1Ykkxb0tRcHE3Tmh3ZEMyZVhyRWdNcjdhTHByWVQ0dmQyWDY2c3JNbXh6aTRwT1M4ZjdkMU9tb0ZNMkk4VFdPcFBsV0tYLTQ0V2VBV3dpSGFwanRZWFFQZU8tQnhFQi1aMFc0aFpMemlnYWxZcHE5Y1BFRUpJeVdRUGVXVk8?oc=5
2026-04-01	Google	0.0	DuPont completes $1.8B sale of Aramids business to Arclin - grafa.com		https://news.google.com/rss/articles/CBMimgFBVV95cUxQRUtncUtyUnVRZWdHZ0c5MUM2YzQ4T3NLU0MyRmpESGFtRkR0MEFwV2ZvUEQyUDBWNlZhSTRqYWhJOW5ra2JhQ0JYYWpxeDVvRUcxcTMxZXY3SzIzNk1LdXRobVlKWWtfWkJRSUhZb0xMRGlqT1o3UkJXT050NHBUb3FESExLWllob0NUS0JwQXBLbzNURmQxanNB?oc=5
2026-04-01	Google	0.0	EBIT per share of Kutjevo d.d. – ZSE:KTJV - TradingView		https://news.google.com/rss/articles/CBMimAFBVV95cUxOVjRCNlhWbEE3Y1JTbnYzaHFZalZjRDlOakFldll1SjFWcmQyaGhYTHlFNWtXR0ZaWlI4ZkUtOHp1bEtqOGYzYU00QVU2RU5BOFJxQUJuRGd5VXBGR09NNktNVktTSzBaUFRkZWNuSkNJUWtESTlXN01QRXV6NlczczNNcG5WUUNHVVhkdFF2UjJNa01fcWpmcQ?oc=5
2026-04-01	Google	0.0	Equity in earnings of Ingra d.d. – ZSE:INGR - TradingView		https://news.google.com/rss/articles/CBMilwFBVV95cUxPdXV5Q1huRFU0c2xaXzhWYnRPVTFycHdWWENKSEhxek9QdWhJbHNXU3cyR2JMU1drSHlPcU1yZlpHZF9rdURmRE9FeUcwRlZjckhoU2prZGFhYVZKV3dBZ21EUEhrcDdXTHU1T2ZzbjlUNThUZXNNY0ZXbTFiRG9FQ0t6ZlB3VUpBWlpoWTVxSVVJNFlZRW0w?oc=5
2026-04-01	Google	0.0	Gross margin % of Ilirija dd – ZSE:ILRA - TradingView		https://news.google.com/rss/articles/CBMilgFBVV95cUxOQ0xjeHBhRDNEaC1BdEthMmZfZjFOaHh3WS1kWms1bnlMbHlaUUVxN19NT2xRVVlPaGJQYWpOMTNmcWV0bU43T3JSTjVnVTNoQ1I0dlE3LXZla1VZNEhYN2Y5TGpma2ZlZDdsRktBUlFRMVpGcE9GX1Axb3pyUHN1OW9keE5ub2xMaTlUSkZNNUJHMEJNYkE?oc=5
2026-04-01	Google	0.0	Indian agriculture will not be affected by Iran war: Govt - DD News		https://news.google.com/rss/articles/CBMiigFBVV95cUxQSlJVcXlZcWlkMmY4TVl1TDVDZEVla21nd2ZJenlWQnBfVjFqX3RweTkxYm54d1BUelRoZWgxU2M5VTJfRnJ6TlI3c1VpVG53bnNiVVQtTG1PSUtxTW5nckV4R0pHam1yY1lQM0MzR0RvWm84TUFtSGJyZlVVWkdGb05IRkcyQVpCS2c?oc=5
2026-04-01	Google	0.0	Kevlar and Nomex change hands in DuPont's $1.8 billion sale - Stock Titan		https://news.google.com/rss/articles/CBMimAFBVV95cUxQYjBiOFhTYm02cGp0R1ctaUNLdE5jRDAxVDU2U093elFoaGNXYmJyU2lVS1RZb2JOcm1JV2FQNm5MbXJpUm5tSFJ1V3B2QWQzN0hRRmRobmp0S1NEdWpxR2hualVZR2hCc0ZOTjhHVktZcnRuVnRBVGFGOGN4dlZpcFhxZ0NfM3lnXzhYZk9uZUxQZlhFSGZTZg?oc=5
2026-04-01	Google	0.0	Net debt of Tehnika d.d. – ZSE:THNK - tradingview.com		https://news.google.com/rss/articles/CBMihgFBVV95cUxPSVh1U2FDeGtBdVNoNnFKLUhkcEI4YVN3SWdvMnREZWJVS2ZsVWVLcDFnd1Z5VFRkOXJwSk1iQTJ2UUdDUzhDMV9rbk1XS2ZodDN5ekpFYTdfUVVtelBrbm5oUDM1cGw2WWd5b0o4NTk4OUM1LUxMOVZyWkJMOC1ZWGstNlBRdw?oc=5
2026-04-01	Google	0.0	Net margin % of Medika d.d. – ZSE:MDKA - TradingView		https://news.google.com/rss/articles/CBMikwFBVV95cUxNT0Y2OHd4MDBFRjFRbG9FYXR6UUNNcWUtTi1wWW00cTBZeXJuS28yUmdHVldkeDhPMTNad1hKX3ZNSU05a0xQOXREamRKTlVsc1pFLUgtLUlvTUFLdUktWnFReTVNc1VuN0Njam9uTUVUbml5czZjX0pEa0V1VHFaUmlMeWtLSDcyWVJKUm1yemRVUHc?oc=5
2026-04-01	Google	0.0	PM Modi reviews supply, price stability measures amid West Asia conflict - DD News		https://news.google.com/rss/articles/CBMingFBVV95cUxQaHoyS1RNWnF0UmhTMl9nQTdsZDUwYWtRNjNQZFNWRzlXcjU1VmFPSWJWSkRIcVpXRTNHM1QtZkpvNmZwdVRncDFhekJCTFMwanFXdE5LOVNheXFYekozdFNudFdySDlnZG5GTkllRlUyQmw4dVBjUWFUVXZRUnlYYndEMm00NGo3dDZHS2hmb3dYQ1JVbUF6UkVTeUFKUQ?oc=5
2026-04-01	Google	0.0	PTA-DD: Managers' transactions announcement according to article 19 MAR - MarketScreener		https://news.google.com/rss/articles/CBMivwFBVV95cUxNU0duN19LdzhzMEpCUU02TjFEcmFLQzNJc1gyZnlOZzFJdTdsa2ptV2R3NUhfSkZfc19YWEg2dHNhVmxPbWNuZHFoNHNyVTF3WklIZERSaXFYbXgtbVpoa1pJd0hka1FRUmF3RFJsaWFjaDZCX3NERlRGU0NicXFoMWwtbmZNaXM4UEswSVRwbXVPdlp2OHU3NmxmNzdOUmQzcFdUeHF6VHZqRW9TbGh3ZVJCNFhKSHhFcDNzREFSaw?oc=5
2026-04-01	Google	0.0	PTA-DD: OMV Aktiengesellschaft: Managers' transactions announcement according to article 19 MAR - TradingView		https://news.google.com/rss/articles/CBMi_AFBVV95cUxOcW5OOXFUSnY0NEpNT2ZoYzBvRS1QSTlQeS16WE1MT2d3X2VBTjRFUmpNQXBabGs2S2stVW9SaXZUUVRjY25PbnZOMGZNV3hGMU1oWnNyYkRBd2tFUFRnMkVyWlByeVBmaWRPcno5OGNCOE9QQzFzRmZReTJaWkM2cU1EWGhZQjRzYmp3ZEwwZlNfZG9ZVWRIYS1iWmQ5aGxwR3FQX3g2bWRycUZlVzdRWWpHR0ZSZm1WZDJ6NmRxNkdBVFQzb2xVeU5pS3RQSUF5ZnpXV3M0TUc2X21fZV9sbHNsczNHLW1uRGY2elBFNFVDcFlRSUdFUmJDRmM?oc=5
2026-04-01	Google	0.0	Plava laguna d.d. Income Statement – ZSE:PLAG - TradingView		https://news.google.com/rss/articles/CBMifkFVX3lxTFBNcWRGd2l2dmxRT183b3paR3IzR3c5TTlnWWN0clM4NDFMTWZrX3ZFWlJ3ZXQ4dnJINUFiWEJrd1N3anhvbjkzQ0xkVzJNeHpRbzZwVWhPZmdWNHd3SDFMU2VHcEdaTUlnTlpRZExQZ3dpUktHOWdrWjd4TFEydw?oc=5
2026-04-01	Google	0.0	Plava laguna d.d. Revenue Breakdown – ZSE:PLAG - TradingView		https://news.google.com/rss/articles/CBMickFVX3lxTFAxQmR5dG5ILWFhQUx5cW1tUmQyTEpteDBkYl85dEpUZWJUR0NfaklfdDNkMlVlNzZVSkMycTRKZXlmamxvcl9XZTVCRE1fcUxpNGE4ZVpIY3U2c3doN1lhVWNwc3JoMmhlcWpqbzNUSWtmdw?oc=5
2026-04-01	Google	0.0	Preferred dividends of SPAN d.d. – ZSE:SPAN - TradingView		https://news.google.com/rss/articles/CBMimAFBVV95cUxNTUhWelVJdEZZbmcxNEZ3VWpqT3gwZHg4YWVmUkN3a19fX0lTZjMtdXJKZTdsR0IwZDBLZ3Ayc2g1c2FGcWZYZVR4VVppVy1XRFJfUnl1U3FYcnMyS3ZESDFrcDJIT01xSHVuaExmLTBWVzlxcHNSUkoza1RJYnFncEh3N2pHQzBIRGZvdm5BRFlRd3JLeHVUaQ?oc=5
2026-04-01	Google	0.0	Preferred dividends of Tehnika d.d. – ZSE:THNK - TradingView		https://news.google.com/rss/articles/CBMimAFBVV95cUxOUXYxV0dPZ0JkNWZyVDdEZHltaEVvbVp3TUJFWk0wWXp5MkdqdFVBSWNWNDhRdjdRZzhWRmVOa2ljMHJ5QTljam0tTF9sWGFFcUNJSmE2TWIwU1JRcHkyOFRHY09pMi0tYWxtTTlwYmJzX1kxSTE1VDhDN0dPSVFLS2VmM1k0OTZTY3lIX3RycWRiTXRzcmRTRw?oc=5
2026-04-01	Google	0.0	Pretax income of Maistra d.d. – ZSE:MAIS - TradingView		https://news.google.com/rss/articles/CBMikAFBVV95cUxOWGtaQTRiNjhrUTdzd1ZoLV92em1aSEZTc2R1aWJtaldMWWMwVW85MWprbTVEdzJLWlVEZU5sMGwwTGN6OEh0NkVCSHRmSWlTQlJZT2RLR3o2NFEtVjJJWXNPUFF2MmhNbnBGNGczQzVOcXFQYXh6TFJXVEpyTklBUEVGRHFpeTViQnQ1Zk9DM0Y?oc=5
2026-04-01	Google	0.0	Price to cash flow ratio of Granolio dd – ZSE:GRNL - TradingView		https://news.google.com/rss/articles/CBMimgFBVV95cUxNVnRBQm9pSGtELVl5TXZJSFZKandCTExiTG4tZXpKT01pNHBDYUNfYWhla0oydDVyRHhqQXhESXV0LXRlS1VBaHdqMUZ6X3l6ZFM5U09FbnpFZ0hOc3BxVkpUanFheERhMHhyYlZTYXVVSHBxWjExLTViaFBqSkw5b1NQSlQ3MjYxYTl5ZVhyZ2ZyM2wtSEMzRXRn?oc=5
2026-04-01	Google	0.0	Railways achieves highest-ever cargo loading, registers 3.25% Growth - DD News		https://news.google.com/rss/articles/CBMilwFBVV95cUxOV21xbWpadzBhWmNqNEhiTXhJWG9HLXVSVVNSRmdIbzZ4UW1iQ0J4dnpfQWpIYXd6c09LalhyOFVtQVAzamo4TmRraTU2a0JpMDAwTVNES3RxMFN4YjBJdE50WnRfM0h6MFh5anlOLXdZT0NjM3NZTXdlekh3ZGZLRVJHMWhRQWV0bU1pcUw5X2RMZk4tR1Vn?oc=5
2026-04-01	Google	0.0	Rubio says US can see ‘finish line’ on Iran war - DD News		https://news.google.com/rss/articles/CBMie0FVX3lxTE5NbXNReUlGWEpXQUp6Y0wwNVZXX1JURHR0NkNFMk5yN3ZZZndxUWV2U1lkcS1ONTRHYVZELTRrR2hGUzhnb25tdFMxNTVIampoYmhsS3dEMDktbjZ1eXItdzlRRlpva3Fub25veTBqNFZ4d3RtM2FMOTNCVQ?oc=5
2026-04-01	Google	0.0	Scientists decode genetic basis of seedlessness in grapes - DD News		https://news.google.com/rss/articles/CBMiiwFBVV95cUxQNjNyR2RGVzNTLXF4aWE2Ymk2QnpDMU9aX0RDLXp0dURvT3hLUDliN0NlcEpEeDlSMmVpQm5nSWdrbHhNOFJTUVpCVFBlaFN4VTVILUZLNVpGazBORDdjaTU5dDdqXzJHZFNMV3VUSnYyWHUzbUU0LUtpZm01NWVmR1E4Ti1peE1ha01Z?oc=5
2026-04-01	Google	0.0	Total debt per share of ING-GRAD d.d. – ZSE:IG - TradingView		https://news.google.com/rss/articles/CBMingFBVV95cUxNVlc0V2hhTFJaUUhWNWNIdFBNVFd5V3h4eW5WVlVmWEQ0RUJtbDFVeGF6aENja0RmbHlwb3lrY3E2c2NvUVNTU2xzQ1NGZTdqOE8yckZrQ0JzdndxdWxIVHZBWlVMR2dwZmJoVEx6anNDTWhvQ1k5WFVZVTFHT2dScWlnakVnNnZXdlBaSmlmR0RZVnBGVWJuQzd6MktqZw?oc=5
2026-04-01	Google	0.0	Total equity of Jadran D.D. – ZSE:JDRN - TradingView		https://news.google.com/rss/articles/CBMiiwFBVV95cUxQYjM0a1N4MnVhT0Jwb19feXIxd2lQTWh2blNwNlgyS0xxc1JvbjBINkRkN2JDVFNDRl9QT01rU1NacFlhc1pzeGZoUGdKVWdnUlJpQm4zSG5LNkhvUXc4MEFpdFB2SkVVcHl5YWhpUVJuTTRNUklHdVNJcG1aMHlEWXV2NmNjMERLaGE4?oc=5
2026-04-01	Google	0.0	Trump administration unlawfully revoked status of migrants who used Biden-era app, US judge rules - DD News		https://news.google.com/rss/articles/CBMivwFBVV95cUxPbmpOTXZoUlZfb1VFNVJEN3A1dkJibnZIejB6cElyaUtIQk9zNm9VRzJoMExxWGlBV3Z6c043bV9PM0NlSlgzYUVPWU9JSlRxbWpyRmN4bkNfVnpkekVGMmY3b2FwOHp6NlJQaU96SEU3WVpBdWVMbkdxTDcyQ2pabHpTXzVjdHVQU0g0NVlicTllb2dPdFN1N3d5YjVONERzR3Y5bks0bUxBV0VSYURvZ2tYNHM1WTEydllUc1Fwaw?oc=5
2026-04-01	Google	0.0	WATCH: Chrism Mass at the Manila Cathedral presided by His Eminence Jose F. Cardinal Advincula D.D., Archbishop of Manila. 🎥 TV Maria - facebook.com		https://news.google.com/rss/articles/CBMi0AFBVV95cUxQV0lSdFVVZ0kzbnJSY2oyRmM5ZkQ4cTA0UUxwMk9kUTdEa0xzRXF0aFVYWWE4LXBkWUhobDRURnVCWjA2eDJyTkVLUnZSZm9EVl9nS2IzaHhNTWJ3WnZJVjN1aklGYWVjTG9VTmhDekJDTmdMeVhoazVKX3pidVA2UzVXaEJfdkV5VGNsRlI0V0ZFeGQxZzl4eThHSXBlazJlR1RGbW91em5sdHB1SC1pa1luaWhCZDlnaUF2T28tTTFlZTg4Q1J5LXYtZG45aXRG?oc=5
2026-04-01	Google	-0.025	Long term debt to total equity ratio of KONCAR - Elektroindustrija d.d. – ZSE:KOEI - TradingView		https://news.google.com/rss/articles/CBMipgFBVV95cUxQdW9EZkVmXzVQR0U0djVwd2RFVXp6MndMWHM3eXNObm9QbG5naU1MMVNXeUNicHFFTU5CcUcxS09GZEt0NUdfZlYxeGtSMzRNUDBSQ25vVE53OWJLSkNsOTNOOFl3MEdnWjVOdWl2TmFjMThCUjk1NlEzSDBMb2RqQml0eGNsRG93T2oybHlPR2dRZVJkQWlsQzk4OGhVNlZ2Wjc2Q0Z3?oc=5
2026-04-01	Google	-0.036	40A Solid State Relay SSR-40 DD - 3-32VDC Input, 5-220VDC Output, Single Phase For Industrial Control Systems - ruhrkanal.news		https://news.google.com/rss/articles/CBMilgFBVV95cUxNS2h1NUVwWnd5OGtlSW1HNmVELUhZR0E4eWlLNUxTOXJCY3VpNTFfMnJ5Y0Z4enliTkFJSWJrMWNxR3R5U1pwSjEtZDJJT2YzQ1NFNUtuRkpSdGVQUlA3TnB4M1BXdnVvUlJTSGhwZlZkNzFBTGxEMmhOVHMxTFBvV01vZTRIdmZQYTdkb3V4YW5YVHBHTWc?oc=5
2026-04-01	Google	-0.05	Israel to destroy ‘all houses’ near Lebanon border, defence minister says - DD News		https://news.google.com/rss/articles/CBMinAFBVV95cUxQLUU0V0ltMUcwVUNfWXc4bXBkSXdGTkxldWJjcHpGc3F0WW5Wb3RoYkhGLXVTTWVkVjhxV0FlVnFTdWZmT1l0Z21QRnFrVk9wM3dYM3NiaGttY0N1ZzdKVHBsUVE4dEFFN0MwZmZaZGoxb3M3TzBFMkdWMFNLRzVLamthVXQ5SWhpMnEwN0NNeG82ZWtZc1BsMlUzcG4?oc=5
2026-04-01	Yahoo	-0.4	DuPont Completes Divestiture of Aramids Business	DuPont (NYSE:DD) today announced it has completed the previously-announced divestiture of its Aramids business (Kevlar® and Nomex®) to Arclin, a portfolio company of an affiliate of TJC, L.P. (TJC), in a transaction valuing the business at approximately $1.8 billion.	https://finance.yahoo.com/markets/stocks/articles/dupont-completes-divestiture-aramids-business-113100126.html?.tsrc=rss
2026-03-31	Google	0.319	Dish TV moves Kerala HC against DD free dish's special status - The Economic Times		https://news.google.com/rss/articles/CBMiwwFBVV95cUxOZkN2Yl84WWpkLUFOb1VNdE5jd1ZGOG9yQjFxbVdacWljSU9qdW5rWTFqeXdfbEU5WnpYYThJN0hqMXpRYk44Tm4xbnFlYk9rTU1uekpWZEkteUVkN1FqRWRkQjhPUTdqekZNdUdRLWJWcGJqODJhYjhyVEJncndIMWFvMFp2bjBpblM3T3VxVGRhWFR3eXUtUmtidFR0eFd1MF9uT3NmWkpoUU5uaFpYSWVtLXRBSHpMenhic1BjR2JXXzjSAcgBQVVfeXFMTkZSOHdPc1ZzclctOV9jRnR3R1RvR3JDdjJxVFZvcjNLRnNIUkQ1OXRwN0g3M3FZT1U3eGZsVXBlb1NDeUxXTGZKUEtOR21Pc3gyUkgzSFNFc1dTZTNHbUcxSTdQYjZfVXpHSldSUlpkdjB2T2lxWHVBT1BqclVsYUVwNVI3OVNlVm9RWnlKMkFkazl3TFRkX3Y5QUpEOExDUVprVi0wREo0a3FaV2RHSzB1Ti1qNFE0M3FCakVTQ0VxOWRQam91MHY?oc=5
2026-03-31	Google	0.3	Dish TV moves Kerala HC against DD Free Dish’s regulatory exemption - The Economic Times		https://news.google.com/rss/articles/CBMi4wFBVV95cUxQajN5SHhraGFudExtVms3N29LT3pOSGxmU1dpLTl5T2YzLVRLOTRnc216eHJNR1lqTFVvQWphYTZsazhIQ25fc1RoLU5OdlVLUFMtSzZSS1V1c3BqcDVvUXI2YXFScTV4YzVqZTJ0ckpqcERSXzFmUnprSW5hOWt4a2hfUnpWVTY1VjhpSklkcDJ4bEJOMTNyM18xaXZpYlZjR2t0U09SbS1yMG94a0cteXZrdVhhQlM5Tm9EYkdhTEZvLWxkZmtCaFFkNi1ET2daSDRGQlUwcUtjVk9GSDZtM3ZzRdIB6AFBVV95cUxNTVluLXFpZHZUTzF3bVQtYWt1RDVIMlF1OHE3dVhhWVdqTFh0V2pZTVRhSlJvREd6dzdlaTFDeWVXa0N4VzR6LUhvWGRtSktTTzE3NkhJUWEzOVUtaDdNc3VLLXJ4Mms4aHRBd2haUFVyZC03aVJVSExRbnNlZUtpbDVpdkt3MUZFYjJPTU1rUHpiMmtWS0doRUtjaU5sWEtCczF2b3pMRWVOOU5YMkxOblp2NVVUZmRSRzZhNnlvb3lOSjA4RXh5UzUtWDI1SVdXQldEdG1hTjBQeGxMTk5tc21kVWoxYnZW?oc=5
2026-03-31	Yahoo	0.256	DD Expands Rural Water Infrastructure in Kenya Project With ChildFund	DuPont expands access to clean water in Kenya, deploying advanced filtration technology to serve 20,000 people in underserved communities in Baringo County.	https://finance.yahoo.com/sectors/healthcare/articles/dd-expands-rural-water-infrastructure-133500600.html?.tsrc=rss
2026-03-31	Google	0.2	Light rain likely in Delhi today; IMD flags thunderstorms, gusty winds - DD News		https://news.google.com/rss/articles/CBMimgFBVV95cUxPS3RIeHJRbkNpZmpGam9DamRjUWZyN2llRy04c05fLXFaTFhKUmtXdHF2ekw1MlB2eXVjVWx1MC1vWC15UDl3Zi05ZXktYkJWbFczQzZvT2NHLVhzRWlKNDZiTk1tRTJUcS0zdlBhWHNWanFZRDl3S0hrQ1JJVTBUQmwzeF82Q0k2Sm5IaTRULXZ1d2lxbFA0Qmdn?oc=5
2026-03-31	Google	0.2	Opinion: Disability services are economic infrastructure in Cuyahoga County - Crain's Cleveland Business		https://news.google.com/rss/articles/CBMinwFBVV95cUxPZDRqZVJtcS04Ml9mMndvZXZtbWpuRGUyQnBJMllvSVFUTm5lOW5oYXNxOG53akhJalk1aWtWSjFIZW5sOVB2ZTR1VWd2MzkwUy1UcVVXcVQwOHltc0ljRWJLQnlWRGc0bllUa3V3Q0VTZWZhQ2RyMlNnb3paX1YyMkhmTGt2c2plT1NCdFBrejVTVGM4NW8tYTV2ZUUxalE?oc=5
2026-03-31	Google	0.136	Polianta Ltd Buys New Position in DuPont de Nemours, Inc. $DD - MarketBeat		https://news.google.com/rss/articles/CBMiuwFBVV95cUxQbm5NdHpsU1I2d1VSZkxTNlg3Z1Etb3BPMWdxN3YzV05LWkpVOXQ4SHdWT3pSZ0toTjNwVjFRckNHVDhYeFd3YVVVOU5rbXdqc2hRZHZtVlF0R1JJbklJV0Z5YlVHd1BCZ1Y5ZjdzRDFpZ1VWVk4tMDVXYzZJWk85STAzRWRKa2E2aVJOck5RNHlHUWdVVjRiUTVmaHYxV2tZNTFaZXhwdlBXU3JTZ3dLdmtGSGNsMlRqRFVn?oc=5
2026-03-31	Google	0.117	Atlantic Grupa d.d. stock: Leading Croatian consumer goods firm with strong regional presence and gr - AD HOC NEWS		https://news.google.com/rss/articles/CBMiwwFBVV95cUxNMHBpd0ZEUXZJNGthaHp1MnFRSlJHYnNtekJad3lZZFNqbjVLNlpabkxxQ1hHZ2oxbEt2bU5ldFJ2VnBMV2x4akdxV2d2YzdEcFh0RHhvbDY1dWhXUjBmTHRDSTJZSS15ZU9NSXItWWs5a1VPTV9Lb0RTZ1N0VEhSV0xqaGgxNEZ2ZlB3b3djVG9sT3pnc1hFMXVqeVJEM2hDR2hlV0xBZWRMellTYkd3VGhSZnlDSWZsSEU0WmFBQkpkaTQ?oc=5
2026-03-31	Google	0.1	DD Natural Latex Exercise Bands (2-Pack) - 150cm X 15cm Resistance Bands For Yoga, Pilates & Strength Training - ruhrkanal.news		https://news.google.com/rss/articles/CBMiiAFBVV95cUxObnh0OUd1Z0dmM3FkaTNhbVVhLVJreHlla1dnREVwTTJYekJsTndwdlFkcTJjZFcxVTM5d1NFMkQ1Zkh5VHA4bURXUmhUUHR3bkJPUlFreEo2ckxZS0J2cHNwc2ViNUdoajJKdVVuNk85TGxoQTB2cFUwWWtyUmxBWXozZEdXQ2hS?oc=5
2026-03-31	Google	0.05	Piyush Goyal discusses early implementation of India-EU FTA with European Parliament delegation - DD News		https://news.google.com/rss/articles/CBMivgFBVV95cUxQc21TcWE4X09pYnFMZWxWT2hNUXJDUGRkbUFubmVBMzVFNGgzQ0NPazBCY2ZhdDZhVnRIMmU4NERiVnFHYm4zQ3FNVkFMTndsNERnYnJVR1pPU3NjOW1kVzY1aU9rZThVVm52bm8xbVFOUHdzbVNyaWx1QS11Rk45RUVtUmJFZnNyQnd4amlzYzRGWjR6NEswLXNCNkpVM0dZME81N2MzRm1IdW13eS1BcTFrbXpWa2RiN2JVQmd3?oc=5
2026-03-31	Google	0.0	AP DD WY0327 WEATHER MAP - Bluefield Daily Telegraph		https://news.google.com/rss/articles/CBMitgFBVV95cUxPaG1CMG9xOTcwVTlNNmthZzBVNVRlNmxtRWZsdktUUWtlekpBa1hZWWhBVDN4c3BfRTg4N3d4cnlaUmtubVFKY1V4TnhsME41Z0doVTlIU2U5Q0tsNEFDRERXTjdUbGY5RVo1NDgtMTAzTVZTamxVX0lVNDNOZElLUVltblN2dFZvTVRNZ3oxSWVSdmhQdVB0eTBRTFNvZjZXNWx1cW0xRUdOYkIwYjNYb3dmMTFJUQ?oc=5
2026-03-31	Google	0.0	Allen County Board of DD honors community partners at annual luncheon - Hometown Stations		https://news.google.com/rss/articles/CBMi_wFBVV95cUxObGNtV2VvRVhzcHEwYmkxMERmNlNnLTVsU3NTbzlaRWM3SnVHd19ZM3RuX2phb2JtNkZvczZKLUpfbS1tZ3M2OTdRSVRJNk5Pa0hPWGtIZFpDc1hiZnFmdko3Vjd3SXFNX3dJc0xWd2s4OGkzNDlRQUhrbWtSUThheGhfdUdubDZJbXhKaG9WX3luSTh2elZpTkNhTHgzUURpbFdBX1RQeFk3N2FCeHM4YjBWRU1SMnJrUjNQQWo2MmxIQ1FrUDVSWWhsWGd6TzBaY2QwdWRfUnNUQ1Y3MFgzVzNKY2RwdmdTQjVjSjk5OUw4Y2lzYnZUQXJqV2N3WVk?oc=5
2026-03-31	Google	0.0	Conflict widens across West Asia as strikes hit multiple fronts - DD News		https://news.google.com/rss/articles/CBMikwFBVV95cUxPTDhVVk5ZaTl4NmxlcGZlYVNKMzJWLTF4VF9oZzBfZnAtMldwSnlrTnBzNlVuUlFYREVRYXdwcVJySW1tYnpxVmFQZjRLY3dKeERuMGJKVG1jZ3lLbzZoZWJTV0t5YkJBRThIQUFYYkF3Wk1nWTNlODVlVktTUkdSbEJ4VlB6clBWdlNuWHJKdVJIUFE?oc=5
2026-03-31	Google	0.0	DD Expands Rural Water Infrastructure in Kenya Project With ChildFund - Zacks Investment Research		https://news.google.com/rss/articles/CBMirwFBVV95cUxOdE45dDFwUHBCWktrVGF0eDFPeF95TlNkelp3T0F5NHVFY3FleGdPRHNuZVIyZmU3LWxDZDMxUlljLW9GYTl6Y1B6dGlpbjJDV0NFeU11QWloS3l6cVpYYzF3a3ZNYmh5TVdTZm0tdG1zVVRXak9DTU9VMEtsT3VNMGdreGh0UklaMDZPeXFDN3BjUldtT1hhcmZoTkhHaXlDSDRxTTJXbFZIQzJNX2dj?oc=5
2026-03-31	Google	0.0	DD superintendent placed on leave - Advertiser-Tribune		https://news.google.com/rss/articles/CBMigwFBVV95cUxNM2pYbG1mcVhubTVsT3dmclZiVjRETU16WHItTDZGVDBqaWo2OWRPXzYwdFhtZjItV3d0Ynp3V25WOFFpSmFyeUJibzJGZUFKVzNEbUdWX3A4WXQ3UjhEXzRkTXFyS1NrLW1iRTM2X1F3UldKdnAwUVR3YkE5dl85ckxuRQ?oc=5
2026-03-31	Google	0.0	DuPont de Nemours, Inc. (NYSE:DD) Short Interest Update - MarketBeat		https://news.google.com/rss/articles/CBMipwFBVV95cUxNY2FqOENJVENzLWF5WkVVX3NRc3Zjc040emF1TWdxajBMakhGSGFVSVdsd0JwRmlpc1hURjRLSkRROWdHQXlkTTZEVnQxVEJQUEtkUnhXSFJwVUo2dWR6b1k5MmVxTS11SHAya0ZRU3Brd2tFWGdoVGZXd2hfNDBFUHpvaFVOMmFuSEpQdEJwRUhHbDdYRDR1Nk1xTnV6UnZmNURPNFNrZw?oc=5
2026-03-31	Google	0.0	EBIT per share of Equinox Nepremicnine dd – LJSE:EQNX - TradingView		https://news.google.com/rss/articles/CBMimgFBVV95cUxPdlB6eUFETHNwa0ZuaUZJRzdYWE93d3NQdVFFVGl3bTVlY0drX0tTZXZMUlJwU3ZYMGZoaVRzNF9pTWhpcEhZUlRmZHh6eXhVNzJMYll6aUFCaHpkQmhrQy1Rc2YyamdNaWxkZ3k2RlRocUtpWFVFRkp6Y1ZRSnA4U0tPS3NUdVB1eUVBbWhkejE4V1BXamw3RVln?oc=5
2026-03-31	Google	0.0	IMD forecasts rain for next three days in South Tamil Nadu - DD News		https://news.google.com/rss/articles/CBMijAFBVV95cUxPX1JyNjRyV2M1U1lnb0VVa25BS2RjSXFCY0tPNVNtTkpfYkZLZV9vZk01WWJEaUlTQzBGVUVwMmZGUUtpczhlS2hyYTd4Qml0Xy1Qbk5oX2VjRDB0b2ltVXl1YW1rMzhiVlJyaUVMN3hHcmZMWmdZck4zcVp4SHE0Tkk1TzhqTnBnRnRNZw?oc=5
2026-03-31	Google	0.0	Indian Navy receives ‘Sanshodhak’, completes four-ship survey vessel project - DD News		https://news.google.com/rss/articles/CBMioAFBVV95cUxON1k2NEJXbm1WdGI3TFNIZjVrUkFkLURNbV91T0R5QlN1WkwwbHVtUnVNbTV5dTN1dXkwb2dKUnRmNjl3T0l2RHRCSTZDWU52VFNrVWRodHZCT1JsNDVpbVhIQnY1dG4tY0xOM0tsT1hPdXhrRGhvTHdWM1E4TTc0Yy00X0Ria2ZuZ1hoWWVzSlBtQzRHbHZoLVVIU2ROc1B6?oc=5
2026-03-31	Google	0.0	Iran sets giant oil tanker ablaze off Dubai after Trump warnings - DD News		https://news.google.com/rss/articles/CBMilAFBVV95cUxNNl9yUVhVZDJ2Ull4N2d1MDFhTTZXSElfbGNXbVY2YWt0eVIydWtLRVNrSkJlMDZLZ1piLXI3VnczaG1rQnJIbFJwQWwyREJIR2Y2cVIxNERwdGNxelFFVl9kTFJqeTQ0UXYzY1VmdVIwQTFvMDM2QlNvM3MtSjR2STZfQlZMTTBRRDg0QVVlN2x1ei1u?oc=5
2026-03-31	Google	0.0	Life of Bhagwan Mahavir continues to illuminate path of truth, non-violence: PM Modi - DD News		https://news.google.com/rss/articles/CBMirAFBVV95cUxPaUZuMHVsdlppTHFCSVQzVF9nUWJ5VmNFU052eEdYYWk5QVJkSmxLLUVoMUtrTzZzR0NIeno3UkJTUXZMNElaNGY2ZDdyakJXWktnbG5WNm9vU1I2NkROWHFpTVhseWVsdDF4NEVtdGRPcEh1Ml85dlNZVG9zQ2N2N2Y3Z2dCV0JuUTB2dURGVUhuYWZjTmNhcGRrSlAwckZtVWw4eExhS1E2ZVZk?oc=5
2026-03-31	Google	0.0	Mahavir Jayanti: President, PM lead greetings, call for peace and compassion - DD News		https://news.google.com/rss/articles/CBMioAFBVV95cUxPczAyRVZWaElfNEl2UFlGN2VoZS1pbm5Ea1RVWDFHMFd6SElnYm5YaFFCNkZycVZENEdkaGw4dGdZYlB0cGV6LXJoS2E1SjhfT01nVDFhQlB5UDB6cmZhLTI1SU1saXJCTGFLVkVsNnBaQ2NrZVVuWUhfT1ViSnl4LU1NSlQ0N1B2YTlmanpCcHlMZk9lNEdOdFlacFpxSElP?oc=5
2026-03-31	Google	0.0	Nalanda stampede: PM Modi expresses distress, announces financial aid - DD News		https://news.google.com/rss/articles/CBMimAFBVV95cUxNMFg2ZUFfT1pRenFyXzY3c1AzSWRBal8zSTNqcV8xczJBREo3cldMaE8wOXBLZ0QzOGlMOUhEcmgzbW5YTUcxdFNkRDlwVDFEM01sM1hFOURTMkEwU0wxMVZwaS1jOVRrNzE3b1lrbjhNS1JFU3hqYW1RVWtFUjR0NTZWOG9wSU1xcFF5MW5QTXdfajZCc09TXw?oc=5
2026-03-31	Google	0.0	News On AIR | March 31, 2026 5:03 PM - News On AIR		https://news.google.com/rss/articles/CBMiiwFBVV95cUxNM3RTai1tZXVjeXJtZGpFQlRuZGVyQVprREhaRFdHZldKMzRaWnRaMWpENU1QSkRsMnN2NXc1R1BJNjhTN2w5cndDTG5fVlk3U1Y5dXpza1UySHlnT3dWZmxrM3BVQVhNQlBVWnNRRUFYZ3RkR3BZZHNodnAtallKeHAwTzN4UlA1d0pv?oc=5
2026-03-31	Google	0.0	PM Modi inaugurates Samrat Samprati Museum in Gandhinagar - DD News		https://news.google.com/rss/articles/CBMiiwFBVV95cUxOUTZqSGR0MU5SQ19teGc5SG9UUEJ3bElhQ0JZQ3JDbkljWUhsZWpOdUFmbEV2WUZRb0h1dDFubkZNMWNTQnVzOGNYQ1BwR2RIUUNvUnN1TE13WTJSenVoaDFFWVY2Um42VkNZOTJ5VTROWl81QU5qVmhKTEJ3MDlkR3p4cU1uN1dlUV9z?oc=5
2026-03-31	Google	0.0	PTA-DD: Gallmetzer HealthCare S.p.A.: Managers' transactions announcement according to article 19 MAR - TradingView		https://news.google.com/rss/articles/CBMigwJBVV95cUxOZlZzS1JXcGhJV1lHX0UyMHc1bU9mU0U3UlZTd3FCQlRXM1NJZldhaGJWc0dsTkotZWxzVUI3MlFhN1RzTWhNQzY2ekN4UW9kenl0LW04a2tBQVN4VEx5dWpqLVNsODZ3UG1fdDhnTkJfWTRZNTA4UUdpeFdHeWlYMXh6bzFUWERVc3JpQ1pocTBDQi1PdDV2XzJXamZKUFljUmlyRHA1NW5xMzhIdkEtVVVVai0yZnZXNm1kMnVFOS1oX1NfcXB5bk15TXgtRVAxVDlYZU53aG9ZdUhZa1hLSmlnYjZHLW5XejNNdjBsS08xWENCYVlPOWVlZjNNV3BNeklv?oc=5
2026-03-31	Google	0.0	Russian-Indian Partnership in Arctic Resource Development amid the Middle East Crisis - DD News		https://news.google.com/rss/articles/CBMisAFBVV95cUxQTTVMRFd2QXJOc0dQdUx1b25iVWJxRXY5NWNUQWdLRWlCdVRadjB4ZmF3OVFoZ3ZqS1hOVkNJdkE2WUlVQ2RHZ2IyRDIzR1VBU2RoU19TU1hYbW1JLUhsaEc5TFRxYTVsdnNrLXZwYmZqOHlUc2tLZjc3NUtqYk5OeWtqN2p5a0l6ZTR0NmZxWmJhYThxZEl0VjVXLUE0WFRBT0VvTkY4RjNIZmJaZEVsNA?oc=5
2026-03-31	Google	0.0	The Indian Navy receives stealth frigate ‘Dunagiri’ under Project 17A - DD News		https://news.google.com/rss/articles/CBMimAFBVV95cUxQQzd2cFZVeTdnVEpwajJsQi02NlhhTFQxcWg0N01LTmk1alRidVhRbWE4eXhLQWh1clpyTmljMXdVOW9FNzBmYnlmVjlWMjMwTmZWZjQ4RVRhX1VqTFhMZC0zNHphbHdESFhaTXMxZjZvNG10bU5VMm9IVlBKTHZwa2c4VkN5MngwbjdNdk9ObzdxU1NCRFBBSw?oc=5
2026-03-31	Google	0.0	UAE on alert as drones and missiles target Dubai and Sharjah - DD News		https://news.google.com/rss/articles/CBMijwFBVV95cUxPVmtEdS1ZczFFNGxWczhyUmlDZTVUV3M1NTFGSXp1bUNYbEFieFVkamVFMm8wX2lQcUZUVVlnS2NLenlCYVgxTW5venJKYWx4Yld6NzBGeUlydW9BS3E5eTdrRk1UN0lWREVzY1NIQWNtQzdEU1BQTEl6QmVLZkxmNUpFaHhURkVQMF92V0NZaw?oc=5
2026-03-31	Google	0.0	Wemby sets DD mark - SunStar Publishing Inc.		https://news.google.com/rss/articles/CBMiY0FVX3lxTE90bFVUMlYyZ3Q4Ql83Ym1pNWRXT2Q0ZGpPODA1SzZrWFJnWlNQRnlwNjdmMVBoQ05PZFFHVU9JWjRuVVhFbDdRMkJjZVFhamJXeHYyZnNRenZ3QzdSakhYeVFaVdIBcEFVX3lxTE5SMW1nMVZvb215WTMza29McVNqTE5uVzlUSGVGMmNwTVl1WER0Zl9uTEdqdllhVFhRSUJjQ2k5UU9MMUdXSkRWWHhPQnFEc0g5NTZrWlBkTUZPVUFiVHR5d3o5cDVfSW1iQThzdUU3RzU?oc=5
2026-03-31	Google	0.0	What DuPont de Nemours (DD)'s FilmTec Nanofiltration Upgrade Means For Shareholders - simplywall.st		https://news.google.com/rss/articles/CBMizgFBVV95cUxPaTlyOFpvdkh2bFhpT3dleFpHWG1DTGl1NG5YWHdqelpTXzBpMU5aQWU1VU9Vdk9IbDlaandFOU5hdDItX1o4SVUzQURoenJQNE9sU0JZdUpQX3lGR2M5NGlIQ0FHTk5tal9xWm14Vmx5eVhJQm1JTG1ad0lDMEJONEpxNFJheFBKbFlGM0l6Y0hjWk02RVNQYWswOUFrd0t5LTFOQlNrM244MGx0dG1PMDcwMzFHT3ROblktRDE1eU5ZaW5yRF8ta3d1SEJlZ9IB0wFBVV95cUxQa3A0enMtWTNzUnlPZDNsSDJKOWhDYmNaTnlxcWdBb2JlWEhxQWJvczR4TzhtVGczeVJyUUlXWUd2dUlyZXpFdG5Ba1hpeDdYMDdyS09QUTFfY2hlWVExaEh0dzdEMkpDdkRWTWprNlBGTV9Tc2E4cVJwN1A4UWNQa19iNGtvWWxsandCN0xab1lUN1o4QTg5UzRHLVBCNE9wTGp2Nm51b0V0aFNoMmtwZWFaNHNuMDdOcXJXZFU1Ri14eTc0a1lnWjlMWENvWEFTVm9V?oc=5
2026-03-31	Google	-0.188	Inaugural Little Andaman Pro 2026 to kick off India’s surfing season - DD News		https://news.google.com/rss/articles/CBMimAFBVV95cUxPVUFKNUdrM0wxNlNUdFVIMkJ5S29oU3ZNakp0bDR6NmN1X256MFNhQWV2RVNDNm1DdktUbFlVUXlQQUZBUnpZbElOd0JSSnV3Y3pSSS1uQ3RpUXEyTS01dkExQlhfNGYwdGFWZEU5SU5ocm5yYzhfUTBWTmhTSXExczVDWGZvSEt1aGd1UzdIWW1zYnJvOWd2Rg?oc=5
2026-03-31	Google	-0.2	Three UN peacekeepers killed in Lebanon as Israeli strikes pummel south - DD News		https://news.google.com/rss/articles/CBMingFBVV95cUxOcTU0aENZSk9YdWF5NlViRXF6Q09mTTJOZUJ0MkNSY2ZVN1RaaXRBZ1RmV3FXZHpEazVUa29zV0FqbjgtWDRqVTZvWlNNRjF5N0JDN3ItUndMMVBaTmhOZDRWcnpjY1FqWEhIUy11T3RvU3BwSHZZSmdLS01VbTg4TmI5ZHUwbzdING9nc002aGEwODhyNWVpN3k2OXV6UQ?oc=5
2026-03-31	Google	-0.4	Former Suriname Prez Chandrikapersad Santokhi passes away; PM Modi expresses grief - DD News		https://news.google.com/rss/articles/CBMiqwFBVV95cUxPTl8zTU45RXNOWHNyUVZjYmI1VzBfU0JPTFRFNnBXa0NGcGxtWk9kbzdVMFBFaUNVQnB3bG9rUFVQU1lhM2kxNjlxTWliSXRENkdLMjlVZXhuM29ER1NvNHZsYWFSMlpMYU41MG13S2lxYWV3Q0EyLUdkWXpJTG1HOXQ1Z082SUczcUNmY1g1N3pTZjFHb2lxSjc5SE1hUWZNbERrRTFGV2sxYVE?oc=5
2026-03-30	Google	0.6	Valamar Riviera d d : Notification of the acquisition of own shares - marketscreener.com		https://news.google.com/rss/articles/CBMiugFBVV95cUxQS3lIekNaM2loYnV2SlJiOHVpQlBqbkpSc05KcjZkclJQZFFnMG1FZ0phOW9DaXNoN0V1TktIdkV3TWV2TkJUdHBaSzF4dUs3cG4zRkswSVdESE9aRXREdHFKVlRCMXZUcklfb0NOY3A5SE9ZenhCOGI2Y25qQWh4cjExNU5FS2Q0a183bTRBSEdwNnhKMDB6T1ZzR2dEVVhzaHBSTzhKZ09zdl90d0tHT2hlajhpdm1DQXc?oc=5
2026-03-30	Google	0.4	Census-2027 preparations in advanced stage; houselisting phase to begin in April: RGI - DD News		https://news.google.com/rss/articles/CBMirgFBVV95cUxPOHd2dnBGbXhnc0RETF9hR2FHYkFNVHkzbTZWeTEweHlJbXZqQnREZXM5TTU4bkM2S21EWFdqVE1RaVlrMGhMQmdLLVBwSWR5SHB0TmhKRkxvS1lRcUljSnFQcERRd041TUxNb2dZWk1tTW53RjVkMExobFhENGNpWURWOTBGRkVpTkRLVHoxbnNlbHRvSUdiTGFzbG9jTVlBTGZZTWZISW5rVjJ5NXc?oc=5
2026-03-30	Google	0.375	A Kenya village gets its first safe drinking water with DuPont tech - Stock Titan		https://news.google.com/rss/articles/CBMiugFBVV95cUxQNWQ3eXdkSGUydnRBTVRhRXM5aFpzRmp0QkpjVFFIaW1LVnNKMzYyZHhHMF9oVlI5UVZVMnNCbFFvdWY2dVJiLXdZMDRVZXN6N1ZONVhMVG9MRkt5eWw2b1RNXzRJdzZGeEhKanBVVkNsdFNvSHlsVWsxQjBaQmtQSTBwZ0lORjU2OUYxelM4cVYzQlNYbDdYaWtJS3VKNmd1bnlrTmgxT2puMUEzajV3V2I0NEx1STFYbnc?oc=5
2026-03-30	Yahoo	0.267	DuPont Contributes Water Treatment Technologies and Expertise to Increase Water Access in Kenya	Aligned with World Water Day 2026, DuPont (NYSE: DD) celebrated the commissioning of a new multi-tech water treatment plant in Baringo, Kenya, giving families in the rural community of Kampi Ya Samaki their first reliable source of clean and healthy drinking water.	https://finance.yahoo.com/sectors/healthcare/articles/dupont-contributes-water-treatment-technologies-130000751.html?.tsrc=rss
2026-03-30	Google	0.062	Kaziranga National Park becomes major retreat for travellers amid Assam polls - DD News		https://news.google.com/rss/articles/CBMipgFBVV95cUxNQjFOd1FlSFFFR3pQTV9pTFd3RTBleGZzV3RCRmdfLXZUUEZBV1Jia19yY2ctMEZ2T0x2Y3E4X2J0NGREWlNXN0xyR05JSjBhT1ZfLXBpQlVmZmtQN19pTlJGZzlZRXhnQk1OYjRNcXdHTFlfQTQ0dWQyQjZETTVhSzdmVGlTbFZPWXh1RkhLenYxaDlyQ25rdlRQMUVYWmQzb1R1Y0p3?oc=5
2026-03-30	Google	0.05	These 10 Cloverdale roads are getting repaired next year. Is your road getting fixed? - The Press Democrat		https://news.google.com/rss/articles/CBMiwwFBVV95cUxQOUd1N1NSZE1XcFpyd1JtYXgzclEtbm9yU2tNd3hNbVQ2VmFILWtERDVDc2pHRUFHX3N5ZTM3VERrbUdva1JSdzlaN3VDSDQ5dEw3Y2JvZC1rWGNELXdBVlYyelRRQm5jLXBvTlM0OUhBT1RaVXB1T3VvVVFxV2M5NUZRLUJEcVJyc2dTODl6V2VHVXprajdUU2lUeDFWdnp4aGlCMEdKdzRSd1FfRVZXZWdKUnBobFFsSkFnWlV5VnJoSDQ?oc=5
2026-03-30	Google	0.0	AD PLASTIK d d : Changes in the Supervisory Board - marketscreener.com		https://news.google.com/rss/articles/CBMiogFBVV95cUxNRnJhSEFFVDdZU0MzQUhhUVduTFAyTWZJSzRfbkZGUk1ZT3VjTlJqNUo1THZsbmJJMk93NFdLSk56QXZlRzFwbno0d202LUJka2hIVGpOazVTZWh6Y3BIWEd3dVoxVGFha3VlVzVkMUdtekRTeTd6c0hVRHhjSUFGVkd6YXViOWlZeGh6eHVJSllJbTJWM1B1ejZmdFhUUlRCYnc?oc=5
2026-03-30	Google	0.0	Bangladesh measles outbreak: Vaccine gaps, malnutrition fuel child deaths - DD News		https://news.google.com/rss/articles/CBMingFBVV95cUxOMWl4T3VEUWhpc2xOOGZIbXlRajBxRGpwZmFRVjZoQ2IyR3YxUkVCWW9ZS2tDYndiX0V5bWVxYk9HWG5BREtpV05NbWNzWHpuWlJyR2hMRHZhWTZYSkVxODAwY29OQXp2OThMRC1DWUVXX1AzcnlSblVGdGQ0TEFsNnFlcElOLTBCQ21VTnJxdUtpamhfR1FEWE50N3ZXdw?oc=5
2026-03-30	Google	0.0	Chhattisgarh CM inaugurates Ambikapur-New Delhi flight; Kolkata service from April 2 - DD News		https://news.google.com/rss/articles/CBMirgFBVV95cUxQSUFpeS02a1MxVllTeEFRS3dEV2RqQUpoN0lDbEhoMkt1OGFoTmpyc2VjejRRTXJnbzlWOEg2eklMOHdjR2RlcEsxRkFvZmdhUlhpV0FlbjFHR1ZydWplcmZNYUIwWFBsYlRuUlAxdmtUbEVrSU43Q29FTTE0MEtZWE1vUGFVMDhvTWVnWGNqT0ZnLUcwRmg0eXc0bWFoSS1aa0FGalZxN2tNSGRiVVE?oc=5
2026-03-30	Google	0.0	Current price of Bitcoin for March 30, 2026 - Fortune		https://news.google.com/rss/articles/CBMiZ0FVX3lxTE1sRE55NWI0YUQxSDVjam1ENjFhNnduY194azAyLXdwVzh3bXk4UkFhYjVqdXVEeUEyNnZ5N3B2Zmp0eGtGYm1Iby1fQ1JIRUNmb0hxTFJ2R3U4al9UUzdPdWxsbjRaQWM?oc=5
2026-03-30	Google	0.0	Elektro Celje javno podjete za distribucijo electricne energije d.d. Financial Statements – LJSE:ECEG - TradingView		https://news.google.com/rss/articles/CBMikAFBVV95cUxPT2FaZmJwajFmS3dJcDFYTGxaYmo4VEw0eXJ0VTE1eGFjYVl5ZjhtOTh3Mk1rQ1NuUFRzOU92MzNQSlR4QjROVnBjbU5VM1phaGtXc0huUzF6M3hvRGJVLUw0Nm9KckI1bnZ0NUxfZlFsY0h3NmQ1N2laTjFITGhLRjNkS281X19RX3ZXN1NSU3k?oc=5
2026-03-30	Google	0.0	Fertiliser Supplies Stable Despite Global Disruptions: Centre - DD News		https://news.google.com/rss/articles/CBMijwFBVV95cUxNbUoyZjU4ZG1JUV9ianlCWnFiS1ktdmxpRVJuWEt6aTJrZnMyR3NGUTRnaURoR25Db2dmWlpVeGxQMUtuS1RfWU0yVUxseEdQeTc0dFhIWXFKYVltNHdTcTdSMzNDNGFnbUFSSEttLXBLcEc4Vi03ODFTanZjMHJGNlg1TV9paG11eDhKX3ZpZw?oc=5
2026-03-30	Google	0.0	India, Russia discuss bilateral ties and issues of mutual interest - DD News		https://news.google.com/rss/articles/CBMilgFBVV95cUxPaGVPclFLVDFlbVowZVlIT2xSS3FhM0g2ZnMxQko5Q3otSlZDMHdDX2FodzRLc0xZeTJQb0pXRTRlbWtTNHZteTkzbjlxZkRUSmVPemp2M04zaG9NODZQaWJQRXcycldZb2V1a21CcjhCbG42Rno3eUU2Y3ppMnRyMWJJMk5sMmFySzBsd2dHZnlWdFBzc2c?oc=5
2026-03-30	Google	0.0	Israel expands Mount Hermon operations as strikes intensify across Lebanon - DD News		https://news.google.com/rss/articles/CBMiogFBVV95cUxOeTl1OW01V0luWTNleVc3ZC0xWVIxREtJSV82cHdoZkNyTlJ1VzZEckRuYjJDOHltZXVUYmxGSjM1SjZPZ2Npb2Z0cFlVMTlHTzIyQW9ZSlVRQXE3ZU9XRDNHcFZRUngxaWZoRzJhMUh3N0ZqYzRMMUpRWlRHTEhKaXlrbG8yQ051RGRIS1hjN3RvSTM2dGVSbDJvNHFCS2tuQ1E?oc=5
2026-03-30	Google	0.0	Israel reports second attack from Yemen as Middle East conflict escalates - DD News		https://news.google.com/rss/articles/CBMioAFBVV95cUxOU2xJcERYNS1qYnFDUlhqb1JlejA4YklrWU5sSkVWU2I0N1RpN2VSNlFHdVNlUXByVGhMcEhvU2ZtbkgtNXVTUzd4aHM1YTMzeE9sOVptYUdISFM0cDd6cl9HQ2tQQmh1YzAxX3E0MldWMWtOejFkWlBpZXc0LWRxMmphMUNkRVBZN3NhWnVGTEU2bnZmS01oSkVUV2M1VzlX?oc=5
2026-03-30	Google	0.0	Istarska kreditna banka Umag d d : Issuer under observation - marketscreener.com		https://news.google.com/rss/articles/CBMirwFBVV95cUxORlBZSWkwRUluaHN4X0pqbVJZcnIzRjduQ0kyV1ZXNnlzcTlIbWE4SXk2ZkRWTGNPcm01eGh0Y2tIYlUyTnpXeS1IVUN4Z2t2M0J2RlFxS2Q3ck13WVBENWtHQ3V0S2N1UVVVdjY3QzdoRnJvNG9ua3BETXFCcjR1aVpkUTlOTTQ5OVl5eTB5QktlRklvemdxbVFVWTM0Z2RfbElILXpfc1c0MWRzMGlR?oc=5
2026-03-30	Google	0.0	Jaishankar Meets European Parliament Delegation, Reviews India-EU Ties - DD News		https://news.google.com/rss/articles/CBMimwFBVV95cUxPZ0hKb2hmMUo4MTJVRXVjRy1YdkQwOWU3d3doVGhpa204UlZFaWwzWnVEU2xKY2xnZHhtNTV5aXJLMnlRdXZhSThCcG11dmJOVWNKUG9Gb1Q3TTllVmh1TFhjNzl3WGZmQ19TNEQ0Q0tuQlJ0LVIwS01kUGN3eVd6ZHZwNWg0N1AzRUxTc1Vqdll5Yy1pSXBpa09JOA?oc=5
2026-03-30	Google	0.0	Lok Sabha passes Insolvency and Bankruptcy Code (Amendment) Bill 2025 - DD News		https://news.google.com/rss/articles/CBMimAFBVV95cUxNYTV2QkJqb0xGQ1FuNTZ2MEhFeTI0QmJ3Rk5mVVdkVHlFaUQwUnRVaGgyUjJWWld3bjRIYldFVjI4cWhFQUlVQkRLWEtINjBVU1NKU0pNbEhwUG1NXzc3VUtZSnY1dkJUSXJPRFJ2VUVlWjlTU0ZCRjNmdS1BeUpxMmppOW1ZNnIyVHJ2UU52d2RNdXVVc2puMA?oc=5
2026-03-30	Google	0.0	PM Modi Holds Talks with Dutch PM, Reviews Bilateral Partnership - DD News		https://news.google.com/rss/articles/CBMikwFBVV95cUxPMWx2QnVMblBMa1p3SW1mNFo3VXRBY0FjT1N3eW90Uy1zWl9meXh3bXptVDZUOVZrQ01faUpfS0k4TVdabk9aYUhfclpsNGxUMVVSMEtSZXB3bS1nQ0M0RWxNbzg5ZDh0WGNsaWtWYVlnanotMUc1UHJ3dHNPT1M2OVV5YXZhYW96Zmotcm95UGxXRjQ?oc=5
2026-03-30	Google	0.0	Pakistan, Afghanistan trade fire as Islamabad prepares to host US-Iran talks - DD News		https://news.google.com/rss/articles/CBMiowFBVV95cUxNdmFZTHpKZjNETG94OEhPWWxmQzRzeGU3dGZPYmloaHQxRlN0Sy1MWmtOUHdJdzc1U29weW8zQzZockgtdm9DeW5NVlZ2ejVaVl9QczJIRjJnOTRITGxfcFcwblFTYXZkeEFGeDhvUkRnN3k0cnVpNnZrYS1lQkdTZy1nYThNVFU1V2gzUHlSWEV2RHU0MDNEQXo3cTh3Y192Uktj?oc=5
2026-03-30	Google	0.0	Petrol d d : Unaudited-results-of-the-petrol-group-and-petrol-d.d.,-ljubljana-2025 - marketscreener.com		https://news.google.com/rss/articles/CBMiywFBVV95cUxOUXdTc2J5SXc5dXh5QldiOGpkWW1BUkNLenNCVFdMWTF2Tm12TzNlR2xDalJXM2N0UGtVd29qdXQtSXVHcFVXYkNhU3YyMDFINGNmMjhiSzJsalRRZnVjRm1lOGhHSG9PNl8yTXVaSlVES3diOTkzWWlZbm1sQU9UTEZvaFZWQVZrd2dVRW52c2pIczFwWENRVE4wTTRYbWpsWm1KQVdtb2xuYk9yZi1XeVF6MVotamw4ajlJaWVzT3lIaGkwQUg0aE5rOA?oc=5
2026-03-30	Google	0.0	Prayoga founder says PM Modi’s mention has ‘boosted confidence’ - DD News		https://news.google.com/rss/articles/CBMijwFBVV95cUxNdXFBTjREWi1SYlpuNlQ3R0x3RTkyWVFZOXpGazlVWVotLVZNc3NuRHQ3blEzQVVKTndyemRDVGpjTmNGNUk0MXIwYzZzcC1DRHFqTFZYbzlzWGxJNGNTTzBFdjlQbktDNXYxemhTNzNUOF9lWURzU3Z1c05heTZnX3FyQm03ZGhwaG1wdWdsNA?oc=5
2026-03-30	Google	0.0	RRI study reveals clues to nature of ultraluminous X-ray source - DD News		https://news.google.com/rss/articles/CBMikwFBVV95cUxQYTdPMGVEZnl2d0ljcXhzWmxITVFlWmhBSmFpcHRlMnNtWE5vdm5Zdi1DVkFiTVREQW5QUkVNd0lqOFp3Z0E2OW1HYXdxcUlKUThjaG9XQThQQ1ZKb3Zub2hVX1Y4cXQ2MjlFVGU2NUNhYmstaUZKNnpQR2g3NTRPN1BNNm9lQUlkaUU0UkdNUFBKLTA?oc=5
2026-03-30	Google	0.0	Rain in parts of Tamil Nadu, temperature likely to dip: IMD - DD News		https://news.google.com/rss/articles/CBMiiwFBVV95cUxOdFRESjFTOXNKem1JS1NoZ0dUak53LVEySnZkRVUtNHI2bW9icnpQZUM5WTQxT3RXb0FuX1dWUnpMdzNqdDNFanI2emt3WXpTcldUbE1uR1JPU2tBek94cWY0MmhrNHRvUnVwdHEtRlpvdDFVaDR6LTFpd1NiTE5TUXdiT3lUaFpVbVhN?oc=5
2026-03-30	Google	0.0	Russian oil tanker has arrived in Cuba, Interfax reports - DD News		https://news.google.com/rss/articles/CBMiiAFBVV95cUxOQzhoWkdXTGlxY3hOcC1fSk1TWlVLZTFMdWpxSER0YUstcGZ5bmx2MEZIblkzSGNqeFBNa2lDUS1BWDUyRlViMUllSjltMTdjZkpLTWhicy1JbGhHY0p5RWJoZUFOQnNBRGp1OC1ZWmZSeTNEdG9WT21QQl9UeDJ1VmVPNzI1Mk0w?oc=5
2026-03-30	Google	0.0	"Tribute Wall | Donald D. ""D.D."" Logana II - Thomas J. Pirro Jr. Funeral Home"		https://news.google.com/rss/articles/CBMifEFVX3lxTE1SQ3F0RFVkTmhxQlFZdWg1ZDJ6XzZIUS14Qm9aaExlY1VZd25vaERLQ3NnQlB6Tml6b0RGdXNhMzhXd0hLN29CTTB1MW9mc2MwQjRia1ByNEpldmlQYThHeVNhWGJlSmhBaGxMLWhJWWJRZjZxXy1yc3ZJQWg?oc=5
2026-03-30	Google	0.0	Ukraine’s drone masters eye Iran war to kickstart export ambitions - DD News		https://news.google.com/rss/articles/CBMilgFBVV95cUxQdnNncTJfb3NyNnFXRGpqUmFRazZqelo2QUg5c0FFWlo1Q3Ixb1pPejlhcXJZUHFHT1NDb01GamhETlNNcHZaSHROaWZZLVVrdVJ2eFNRSDJmUHhHR2VNRVF5QnJJV1VvNXc5NEJGblgzNXBodEZVSVhkNkVsWV84T3pjTzRicWZqZWcyaTdDOEFKNTV3V1E?oc=5
2026-03-30	Google	0.0	WTO talks end in deadlock after Brazil blocks deal on e-commerce duties - DD News		https://news.google.com/rss/articles/CBMingFBVV95cUxNaTNvcHRHaFhNMzhFc3dzRFBoMTJZZ1FoWUUwMEhuTkhyRk9weTRvMDF0b1Vsd3VqUnc3RVdySTgxNXB4QlNfdVFZLVpYNHNtT1lEZzVsd0FQZXRoY2lQNEhmOThTbGdMVG1JR05hVnM4c0hjT2tJSkowRXFTZnFiVXhkN0VxM0RSZzgzYzBSRUZHWU90UkdpU09iTUY3QQ?oc=5
2026-03-30	Google	0.0	dd - journalnow.com		https://news.google.com/rss/articles/CBMiekFVX3lxTE9ULWVSU2kzNzZTT2tzUTZ6RTVkVF9FRW12WUVrdFJfcHpYaG8tNkJTcHZ6cmYyOXdrV0FPWFdnUjA1cGhjSlZ0bENQSVpVM2VYWm1INi1ickZnLVNTX1lYM2Y2RllQMzVDZVh4OEFKdHFHbzFyR3EyTGxB?oc=5
2026-03-30	Google	0.0	‘Energy Statistics India 2026’ released; renewable capacity surges, energy demand continues to rise - DD News		https://news.google.com/rss/articles/CBMivgFBVV95cUxNZkhhTV9NWjFRSW1vdHB3dVI4ckRIWVVQMlZaeHNmdFBuWnVWUGtLZlZ4cGZYNmdmRURDUFdJcmFhWVZGT0g2dDQybWVYc3BycjhkOW5WVFh5eW5peDFkMm93dW93VVc0Mlc1aG92MEY5TS1jRHJiU28zb0lTNW9kWmtWM0tLeE5QYlUzSE5XMzFEUkRmazFPNHJCSDNBaWRmZmtqVlZVR2ZveDl0WjJ2Y0xNQ0FWQ0ZQNExseWtR?oc=5
2026-03-29	Google	0.3	Mann Ki Baat: PM Modi highlights role of fisherfolk in self-reliant India, showcases success stories - DD News		https://news.google.com/rss/articles/CBMiwgFBVV95cUxPcE1GamJoR2VOWEV3RGR5V0pJMkhHRHpPdW8yREFWZGh6LUw0M0ZuQW9oeWdDQ3h3OXotY1FKM1ZTejk4c1RNUUVuZGtqMVlzRmswYmZSaU12UkZ1QUVmbEFDXzNfemVreWdrM21aQXo2X09wZFZlamxmT0ZUUlRyTEx0Wi0wQXhhR2ZiaWl0RFU0WHhTWll2NVFyTGt5WDU5cmxPc1RUUHllaXlNV2wzTkI5SUFoRnljU1FCMUpyQzlUZw?oc=5
2026-03-29	Google	0.067	Total common shares outstanding of Mlinotest d.d. – LJSE:MAJG - TradingView		https://news.google.com/rss/articles/CBMipwFBVV95cUxOcm9MTGY2LU9oNHFrbHp2dVNvdkUwdjJhY2VvU3VscTQzSjVYOE9KTEJKbG1jbUpod01CU1FTWFJkSHB3NTlnQkVNT1dfVTlLM2ZSdlRJZVVhc2JHVFZkaXRuOV9kU0lUcm5BWHJxMVdNLVZDaVJ4bkVhYW1BUEJBeVlDNGxrellDRmJVM3B5REVEVkR4Y1FwRWpBOTZVc2xLZllJX0JTQQ?oc=5
2026-03-29	Google	0.033	Diluted net income available to common stockholders of Petrol dd Ljubljana – LJSE:PETG - TradingView		https://news.google.com/rss/articles/CBMimAFBVV95cUxOY0dRcTQwZDJZalQ5VHRfVFZkN2RLclN6c2FnR1ZiVGZ5WVliUXlZQWtTOG13QV94LXZEeFhUb0h3LThGa2VFLWhSUVVQYjR2MmlGVVhpOTJ6cWY3NmhKMUw2SUdvWkxycmFFZC1XWUYyUG5sVHpkOG1Lcl9VUV83Z2RNZE0xdjY0M2R5ZmhMaEJOWjJoMXNleg?oc=5
2026-03-29	Google	0.0	AP DD NNE0326 WEATHER MAP - bdtonline.com		https://news.google.com/rss/articles/CBMitwFBVV95cUxOZXNxNjVjb0tLbXhmMXg0a2Y3b3ZmdkZvQ0ZwTEtFb0RQbWtFblFtd1VRSXJoM0pqMGlNUTZ6ckRzR1BaUWlENDRiQlN3QklUQ3NSUDNBQTBOcjNWSGZxa1dBOFhCREYzRm9JSGdLSjB2VkdZaThJRHF3YktzWm1BU0NRSFJHVGNJNUhjc2Q2ZVMzUkVsWGJmSk5lby1RQ2hMSDk2YXVGV3NiNGp3NkdRTzQ2TGdXMzA?oc=5
2026-03-29	Google	0.0	Basic earnings per share (basic EPS) of Nova Ljubljanska banka d.d. – LJSE:NLBR - TradingView		https://news.google.com/rss/articles/CBMioAFBVV95cUxObUFoaUUzc0Q3RHdTX09aQ2YzdWt1blZ3U3c2Q3VZLUZJWUpGTzdIX2RhU2xKSWtFeVhxODBEcjNJTGJjUHFaeVNjUkpUYklpMkFYLWZ2TzgyamdpM0xDOVNkOTFMLVFOTHdYTzgwcVQyejFNQ1hlZU11alRnazIxS0tRa1ZMYmhZMVNhYlNzdkUxOG02Z1hIMGxHRkZ1MWlY?oc=5
2026-03-29	Google	0.0	Dilution adjustment of Relax d.d. – LJSE:RELR - tradingview.com		https://news.google.com/rss/articles/CBMimgFBVV95cUxONHROUjBWSTQzOThsVTVWeEpWNG9nZFI3Xy1zOUtqaGZ2LU5DMnJSdjJ2UnJNTDlNdXdMSVBoWkFPUWZqTER3b1JZcnBid19sb1NNeDJDeG5odm9laExETE5yLUZkdWt0UnFYa0QyUElrby12bW5HaXROZjJaaVo2eTdoVnV5bXc1bXh1NUlYYWlGc3BrZXBtMTJ3?oc=5
2026-03-29	Google	0.0	EBIT of Inles dd – LJSE:IHPG - tradingview.com		https://news.google.com/rss/articles/CBMihgFBVV95cUxOUWJYUmFzbDFxRDJ2Smc0emxpUnZ1RHFLVHJ1ZDRYYVZYZ1dDNnNnRFJhVEFKeS1tVEp4NXg5eEtHRUNtaDZkYm9paF9ibEdCRWtvU0lIeUhlRFdaTGg5aU8xZnBST3pLYTNsOFA5VlBfQUROZ3NTQkVNYlhFOW8wbmNXN01iQQ?oc=5
2026-03-29	Google	0.0	Indian Navy hosts IONS maritime exercise in Kochi - DD News		https://news.google.com/rss/articles/CBMigAFBVV95cUxOZDZ6c2R1ekNmNURtaTZINmF2VXFOaTZUNWxleGJqMmlyZS1uX2tYUGVNbU1Pc3NTekhPYUZhSDU3VGEtREpYOXBNTHM0M09zQVVjVzNKckU0X3FldTB0aXl4ZzRoMEdEc0V0OHd2a3JRZ3g0Z2xhMTZ4WTJZZWs4Zw?oc=5
2026-03-29	Google	0.0	Luka Koper d.d. Stock: Slovenia's Key Container Port Operator and Its Strategic Position in European - AD HOC NEWS		https://news.google.com/rss/articles/CBMixAFBVV95cUxQZWl0WEh3WFRaRU53VExsVGtWdTlob0JPdU5xb3lrR2k3VXpMelhQSlk5QzFyYzF3ZHJBWm96Qlg0Qk8yQlhpQkliQjVxNktWRUdTUkYtQ3JZazE0N3FRQ2lOcnZKR2VSVnRlYkFLWXM3UVgxbUlDNUJoZEk0ejBJdVQybHdVQmVibEFWZ0c2MWRFUkh2ZkQ4cGFqRWFxMFNlM2VXSW8tUENwWEtGM3NFaERFOHZmZmlsRG1jWVJiVDNVWWVl?oc=5
2026-03-29	Google	0.0	My off-field behaviour during Ashes was unacceptable, says England’s Ben Duckett - DD News		https://news.google.com/rss/articles/CBMipwFBVV95cUxQU3F0b2tad2JzUmZfZ2dDX1RZM1RIdDV3QUxZRWMwZmxzRnRqS0UyanBHcE5CVUJSV1AyUzA4VXNNMXZQak5xcGxjdTNiQ3BRTkxzVGFvMmVCQ294Y3gxOTNIU1RISWVnZ0RsaGFOR2otZG1QUTc5cGdiZmtKdDRDTWhCTmh4RTVGZURvWlI5NXprUHBpa2dINXB2UWd2RG9TQ0Y4OFV1WQ?oc=5
2026-03-29	Google	0.0	Relax d.d. Income Statement – LJSE:RELR - TradingView		https://news.google.com/rss/articles/CBMif0FVX3lxTE5jOXFKbDRlMUx3V0h0Z3lNOUJTUERKcGQwRkQwYV9UX0NRT3FZYmdFcVl4T2xxQ0FIeFdxSUdCNXp1ckJKQ1hCZHM2QTJqU1dTYjJ6Q083NFRnNnZUS3RUN0ZjTDFrVDNxUTVzdGpzel8tSnl4UWc4RElsT3FLLW8?oc=5
2026-03-29	Google	0.0	User Clip: dd - C-SPAN		https://news.google.com/rss/articles/CBMiU0FVX3lxTE5GVTVYY2ZObHoyajZTbVdscE9KQUZTY2NTbE9rSEZBRF9tSXZ1LUlhaDV4SzU3RFgzWVRmcVNlT1BaUFVNNGI2Mm1XcEdPM2E3dko4?oc=5
2026-03-29	Google	-0.025	Long term debt to total equity ratio of Zavarovalnica Triglav dd – LJSE:ZVTG - TradingView		https://news.google.com/rss/articles/CBMipwFBVV95cUxPSU9MVjVjbElXZ0p5STBhaW5oLV9zVXpzYU5TMnEwVUpIY0QxVUc4d2ZNellNNlJ2dE5vaGN3ZWo3M21YbUJ6WG8zTTB0UGJoZ0dleW5FUkRXVXpwVk9VVnFWaEVFR055QUpTYXFQekJRM1NvU1FvR2ZGQkxrTGpYZ0VmcjJkNXU0bzBGeG1oalYzbjBXNlMzRHZUdy1UVVN0OEdzSmpzMA?oc=5
2026-03-29	Google	-0.125	After tax other income/expense of Inles dd – LJSE:IHPG - tradingview.com		https://news.google.com/rss/articles/CBMingFBVV95cUxPWnJIdkpxUXRWUlhHTmlSdXZPeHNSOWVqenhrZXVYeEhzYkhqdVBJa3Y2aGVqOFRfQ2lsY1ZBc2JmWjAtenc2WWlaYXRXSGtHU0xVWHM4cURNcnQtRmkwbG1LblhidDZIUjdYOUh2ejBHYlh0QnRCSkdHRTVmaVR4cFd5a04zd1Utck85VXYyQ2IzT0J0QlRleEtDdnR2dw?oc=5
2026-03-29	Google	-0.125	India, Malta hold 4th foreign office consultations to boost bilateral ties - DD News		https://news.google.com/rss/articles/CBMioAFBVV95cUxPcXE3cldKNmVsR2JzclZIZ0ttR3JXYUFkcHFreG8yVGZYMzNlY0E4ZnotOTE1MVhmcDNMeEhoWjVCS2NaS2VoN3NCR1ZkcjdmOUtnMV9ZTUVMdWtXN2FJaTZpNjhuclI2NzJnU1B3cjFJY3Axd1loYXlBNmxUTmRZdlFEWlFqRi1pMUxVamRSdVdJT29ucVptNjZQaW5MbGZX?oc=5
2026-03-29	Google	-0.25	Gujarat CM highlights GIFT City’s surge past $100 billion turnover mark - DD News		https://news.google.com/rss/articles/CBMimwFBVV95cUxNaTZtSmNRcjltblpsNUlPNjc0S2hjcm5Ea1lTbllGQm5PX2xxRE12RVA4bUtXbE1teEtmLTFxQUxET196dTQwTXBWZmFKZXRkZ0FUTWFPTDN3dXRlYm9KNFlMX1JNdDUzQ2N5RFZ6UVFORkVOV2RvMHVGRGRtaGdmMDBicTJTd2JTbGlSaURuRGhfZzBIWkM3c1Z3RQ?oc=5
2026-03-28	Google	0.5	India outlines roadmap for resilient, innovative pharma sector at PharmaMed 2026 - DD News		https://news.google.com/rss/articles/CBMiqAFBVV95cUxQclRJbUxWZVFYbVZSX2tpVW5TOHplYmFiVUJBVDBzZ2hWeEhYazF4VHpuWnNzeEJBU1lGVnIwbXFnaXRVVGNlWHdQTVVMendCMllCWFBXUTFTc3U3eEFITENnRUhiM2NhaUgyS0Y4a09WSU93NFAwUkY4Y3hKUXF3cDR0cUxock03SnpZcVF2TjNnM1NWUjZ0OGNRSTNqZG1PWko4UVpUdlg?oc=5
2026-03-28	Google	0.433	Zavarovalnica Triglav d.d. Stock: Leading Slovenian Insurer with Strong Regional Presence and Stable - AD HOC NEWS		https://news.google.com/rss/articles/CBMixwFBVV95cUxOczVkT2pOMzRKS1EzNnYwdjRMaGw3bHJNbTMzMUp0d2szam1ReklRcm9ZNUd1MlNSeEJMamF3Ni1ldkZ1ZXVjYlBLdUVmbnVKemU1VGRyVW1XRmY2RlkyVF9nUDA4TW5zU2k2cHJSYnNhc3BDRzk1cUl0WlNIZDk1WlVhSlVHTUJobVN2MkFPVEl0WEM5VEZvaE9uX3RpeUlmRzFWckUxNjdnNDZPd3VrZVhsQmVsaE9PeFFLcXliaFpuSEl0ejBJ?oc=5
2026-03-28	Google	0.4	Awning Light DD Hammocks Campervan Tarp – Lightweight Waterproof Awning Canopy For Vans | UV50+ Sun Shade, Fits 6mm & 8mm Beading Awning Tent - ruhrkanal.news		https://news.google.com/rss/articles/CBMilAFBVV95cUxObXJTWm1ZMjZOOVJXSGxnX0ZCWk40TEZacU9DZ0hZY291OC13Vm9WZnMxTXB0WVN4LVlFS2RKRTBQSzYzQXpxMndpRlQwOEljN2ZheHFubUVZSGhRVURXU2xGUl9yRmtFSC1SSC0zSloxcUpQWjBOS0VMaDdlZTVRczZyQVJaT3B0cFFsTHlDODRkbEwz?oc=5
2026-03-28	Google	0.333	Quick ratio of Petrol dd Ljubljana – LJSE:PETG - tradingview.com		https://news.google.com/rss/articles/CBMilgFBVV95cUxQQXROYWFaUnBsTXFfdXhDMHJLWjk4bk5nSFhTcWFJTDYxTlVpMGRNLUJHZjF3bDdmZ2MxcVp4dkRMOEZiMFp5Tk54M0RMQXczVFRMLWRnd1d5Y2xwcC1EQlFJeWdWQjdrNjhQVS00T0FIeXQ3UFRXTHo3VHI1LXl5czM0N1JCU29ONk9GdEhNTVdQUkh4X0E?oc=5
2026-03-28	Yahoo	0.3	DuPont’s FilmTec Upgrade Highlights Growing Focus On Water Utility Demand	DuPont de Nemours (NYSE:DD) has launched upgraded FilmTec NF270-400/34 nanofiltration elements for municipal and drinking water utilities. The new elements target higher energy efficiency, reduced operating costs, and stronger protection against biofouling for large scale water treatment systems. This product update is aimed at utilities and communities that rely on reliable, cost effective, and sustainable water purification technologies. For investors tracking NYSE:DD, this launch adds...	https://finance.yahoo.com/sectors/energy/articles/dupont-filmtec-upgrade-highlights-growing-041618690.html?.tsrc=rss
2026-03-28	Google	0.2	UAE president, Ukrainian leader discuss regional security and economic ties - DD News		https://news.google.com/rss/articles/CBMiogFBVV95cUxQOFgyb2lqbFVseWFKU1NIYUVOZmo0aGRxbzJvUlNvSFdyRm51Z1Z6ZlZhc1NpdElWcWZFT3ExTkN0VzZjcHpab2FqOVpsR2pGT1NYN0JpT0VyeFZEMm54ZmFlN1VDR1ZteW50RkhIMWNsTUE0Y3B2Z2lFU3dMWFZpNDFnTDFGUEh0U2k5WHpSZFNnbDIyZVRuN0xFTGxoLUlVelE?oc=5
2026-03-28	Google	0.0	Ben Stokes’ return to cricket delayed further after cheekbone injury surgery - DD News		https://news.google.com/rss/articles/CBMiowFBVV95cUxPZmNvODIyTXYyLUlBRVp4bmM2dFZOcE1mZndpNUlwWFZZZlVMUjNuOXJMQndtazdlQWlNaEhRM2M1WkpYVUhjaHpzbENzUC1FdVptcE1MaVhVUHpFTnZnNHlRekxFcDhuQTF5WTVHWGdmRzJtMlMzcE9YX3c4dllDVmhkZ1pBUUhRY1YyZkNlWlZYNXdpdUtrY29aTWZSR3UySGJn?oc=5
2026-03-28	Google	0.0	Elektro Maribor d.d. Financial Statements – LJSE:EMAG - TradingView		https://news.google.com/rss/articles/CBMidEFVX3lxTE8yN3RWbUNlcUFoS0xZY2JOLXpMM0U2MVNCb3pvaXVqZ1pJU09hY2tOR2NodFlmNUkyaWsyWWdTSTZEU3RzVXZSWE5WNWhvN3B1WmZNT2VwTGh5RzRFWTlSU3hIamJVUVhQM1liUkZFeF9lVmFp?oc=5
2026-03-28	Google	0.0	ICAR-IARI resumes offline classes after temporary online notice withdrawal - DD News		https://news.google.com/rss/articles/CBMiogFBVV95cUxPUHBaT0dwakhHVmJEekdLa0JGMDJkbGRwalRXOC1uazNMRERZVzZCUmU0RU5SaWdXZWx0QWVQdENGT2RTWks3aXBOWDVKZjZUMk9yN0xBY3JmeklfazBWVVl5S0lQa0xuVFFSMEhON2RMclZrdXhIay1VQllUZkJtYTFrczBhVHNVTHJjd2tsOVRyaWRJMVNDTU1jVlpld3ZZZGc?oc=5
2026-03-28	Google	0.0	Israeli strikes hit Iranian nuclear facilities - DD News		https://news.google.com/rss/articles/CBMifEFVX3lxTE5IN1pBSmxLWW54QWh2cVVNZzNtSTZnZGNNMHNnMXFnX2tqU1N1VUNONlNKS2JMSUV1U09ha3BjY05WMmp5SlYwN2xOdWZRaEZPTG9PLV9wc0JsQzFYak5ETjRON3RWeEZKLVlJRFNxSHdqek16VGFkMC1JSi0?oc=5
2026-03-28	Google	0.0	Nepal’s ex-PM Oli arrested over deaths during Gen Z protests - DD News		https://news.google.com/rss/articles/CBMijgFBVV95cUxNT2VGLVNYdVJtdWR0VXlZU3d4UDF4SHRHbTlEUUVVU1JHMGJSanFJQzVjSmVYaFhSV0tKakJoSHhKWGhweUVtdEcwVHlBYzIyOGpZR3RiY0psSTBocGFzZk5IOE9yN2U1NTBBYWxlNDh1ckN1MWE3ODVVeXhlRUk5WnllSTVmZnRvTU1Qejdn?oc=5
2026-03-28	Google	0.0	Net income before discontinued operations of Sava Re,d.d – LJSE:POSR - TradingView		https://news.google.com/rss/articles/CBMioAFBVV95cUxNbktXRm5JbmNlWm5XeEFJWDlQcDhDUGtPSVRjU2tINERsOFkwUExKQjQzRndtLUlXc0l5Z1gzTkxUZnl3TURWZ2JwYmtzNmlITXI2b01EN2EzYVc3ZVFkZHZpTmdENXpES2xhWmFvczEwS2hlWm5UQ3JzaDhqUTRfeEJLU3hFVlpHYWUwUE00c0ZGa0FtU0F4TzVGZ2tLMGxU?oc=5
2026-03-28	Google	0.0	SZ - Zeleznisko gradbeno podjetje Ljubljana d.d. Cash Flow – LJSE:SZLG - TradingView		https://news.google.com/rss/articles/CBMidkFVX3lxTE1tM2pFWkZpVG5GQ3RVREFBb3pGQUtEeVdLdFRheTlSZ2Nzc2pHNi1wNWFZemQ2OHRsZmp0QUROR2xvRDJXS1VRaTBEMU5ydUdNaGtOTTJHMk9sRlVSYWtCN2hoOVdsTVQ4UXZLWmxtNFdVRC1Ha0E?oc=5
2026-03-28	Google	0.0	Tiger Woods involved in rollover crash in Florida - DD News		https://news.google.com/rss/articles/CBMigAFBVV95cUxNYVMwUkNXbzk5bzVOQXBvbkFLWXAwd3dIdllXVVE3Rks5a1BVblctbS1XZUYzMGlHUUJmTEx1bWZ2TmxnSDE4V0FkMzU4aW5ZcTR4a1c4VDZFT2pGS2NXOU85VjJkQTI3Q2VCd0xUVzBzblMtWk5oOVhlQTlOSHpjMQ?oc=5
2026-03-28	Google	0.0	Total assets of Unior dd – LJSE:UKIG - tradingview.com		https://news.google.com/rss/articles/CBMijAFBVV95cUxORS1IQndMZFRnRmxwUnNaRHlxTDBhcy1ZVXhyWkdpbmduSnpLMDRMenNTdnNVZDFCalo3aE9Mc1VCUkU3cUVMeWtZaU9NVFA2YzA0RklDczFScU1DX1pXVFlLbFJXYU9iLWFfTjlHVVo5MWg2UU8zSGYzSnpvTEJMVUxnS1pzOFM0SWhqWg?oc=5
2026-03-28	Google	0.0	Total liabilities of LUKA KOPER d.d. – LJSE:LKPG - tradingview.com		https://news.google.com/rss/articles/CBMikwFBVV95cUxOZ0JJNlZuQkRMTFZRR3FXeVo2akI0eDh1cHpwMW80TW8yUEhOVHhOdVViZHZaYlN5ZjJVbDRxSlhHTi1ZUVk2Rm9wM2RWM3RDUGtYREhUcHJEeUdYTnJTV1R4QUh4bF9rS0JiM0J4emRGY2pZZHY2NVdJdDhUWjFhMGwxa0dQXy1QVkRpcGRBYk9odTg?oc=5
2026-03-28	Google	0.0	Trump says ‘Cuba is next’ following US attacks on Venezuela, Iran - DD News		https://news.google.com/rss/articles/CBMikgFBVV95cUxQTjZlN2RibFQ4SF9aQng1UWpXQm12X3Z4bkVqNG8wZEZwMG1xdnl1ZzdodXJhRFlqVW9rOUV0WmJNZkx3d0duMDVNdEJPcWFtU1hYNHRKX0xfQkhReXBoMXpaN21iVXJWWmV5NDc3WEFNU283MExrRkJqb0tQaGtoT2pzTDhKeG1SYlNEMDNlemw3QQ?oc=5
2026-03-28	Google	0.0	TuscBDD concludes DD Awareness Month with key events - Your Ohio News		https://news.google.com/rss/articles/CBMiswFBVV95cUxOZm96NjNlSzBNX2FLRVVWUUN1M1dyWTlBTFVya3U3Q2FPUjRSVmQtRTV3bE41WGk4WWN2Z21CLTg3Ukw3YXlfdHg0ZTVXdmNqM2JTX1drc2Z4MFM0NXhnemhzNmRWb1B5X083bDU0VGRyalI5M0NkQ1BITjU2ZFdGQUl3aWxBa01faHQ3SEFWcjZhZTZMN09YckpOa0FfRDktMXZTWGJ4MzJBTUtudWRaaVc3SQ?oc=5
2026-03-28	Google	0.0	WILLIAM MURPHY, D.D, S.T.D. Obituary (2026) - Boston, MA - Boston Globe - Legacy		https://news.google.com/rss/articles/CBMioAFBVV95cUxQSjltREk2dlZIaW1HZ09LcDhYQnhVcks4dWxFRDNOc3JqUF9fLTdlWW03dFhzNE5GMjZWODFOdnlMaTdLSzFqRkt6U2NWRUJiRzNUbHZxR1NKMU9sRjV5N195ZE9LaHpoN284c2dJNlRLOXRsZnpIS3NfRlkyTVZicTkwNDI4d2NGQ3hqSFZnTF9CdjJ0aUFsM2I0bldZWDVC?oc=5
2026-03-27	Google	0.6	BOSQAR d d : Notification of the acquisition of own shares - marketscreener.com		https://news.google.com/rss/articles/CBMirgFBVV95cUxOMEw4ZnlVUWNpWWdPQ21rUkRCTndNeEpsel90MnBJQ0YtS0xMa3NFZ2tZQ2I0TlNYMHZQYW9uUGMyaG80UTh2Y3hJUTl1ZUpzRWRTM1hCYklYZk9yTHVVWTE5Y0l6bFMzUG9IaUVyYmZzSmU4aDQweWRnbXhiYTZJS0FtcF9WM0ZuaW9NN0ktbWNsTi0tWHVYM2t2S05UcEJjeWJFOWZYaXUybTNhcXc?oc=5
2026-03-27	Google	0.5	Trump extends pause on striking Iran’s energy plants into April - DD News		https://news.google.com/rss/articles/CBMikgFBVV95cUxPaUdKRjlVd09raWl2X044WlJDZ1lzRG9rRXNfdkpPS1I2MGdQeDRpTy14MmVpOFA2Y0ZvSWxhb1Ftb1JnblFUM3lkTjRQNVBqdi1VVDFSaUlaTlpXR0JVd1plZF9kd2c1cndnc3hVZUNmT2NKVy0xeFQwX3g3M3F5LU5acE9DZWRPZWo3WkE1TFlZdw?oc=5
2026-03-27	Yahoo	0.4	DuPont Enhances FilmTec Portfolio With Advanced NF Technology	DuPont launches upgraded FilmTec NF element, boosting filtration efficiency, lowering energy use, and targeting growth in advanced water treatment markets.	https://finance.yahoo.com/sectors/technology/articles/dupont-enhances-filmtec-portfolio-advanced-125000866.html?.tsrc=rss
2026-03-27	Google	0.35	BB, CC, DD, or just good skin in a tube? Let’s decode these 3 different alphabet creams | Fashion Trends - Hindustan Times		https://news.google.com/rss/articles/CBMi6AFBVV95cUxOaUdFMFEtYzU5OFNLZ2EwU2hMdDVZckRYMENFR1E0WmJRb1Zjd1U2eG9SVnk0dEJhYm9UMHNEUTdqQ2V1VTFKUkNpa3FWbDBjek94VXNHMW1hUG4tVXJtbEU0S2dlWXdHMkFlY2FEazV4WEtMc0Q2Q3pQcGVpVUxNQXZBN25kT2c4XzJoLUhvdVBXc25WVXZNSkJoVXM0OUV6a01PWnFEWmEwajlWclM5T2EybHZGWENkVXBuUWZ6Zk1JOWhxdk5TcUFBQ2ZmNmdoRE90ZjFtakFLOWxPZ21ELWRfV0tlVFZy0gHuAUFVX3lxTE5lVjNHSUN1cmN0eldEbXRoTWVkcWpQVUxnem92bjF4OG5yYUg3MURDMEZQVXVJZzZ6TE43azJYeXVZbkR5YXhscldmRVZrUWNMbkh3OUg1QmhoTjlvZ3dTZ25peXRtajdXYXlnMmVsaGZTTTdrMmdlLXl5WXdCMjVIV0NzQ0dyMVd3Y3R4THFfSWJ6c2N5NHQwNllTUDUyd2dUcU1tRzczV0NfQkRiMjBhU3ZHVEJ5WjlPamwzWlNtYVJUY0lCZEJJb2h0d2hVbFVzcTRRaHhnQWVfOWFZWmRXQWFESkhvOFgwTlRobXc?oc=5
2026-03-27	Google	0.3	Ross Stores President, Cmo Dd'S Discounts Sold Shares Worth Over $1.1M - TradingView		https://news.google.com/rss/articles/CBMiygFBVV95cUxQeHhGelNDS3ltV3FrN2p3QXRfNVVVUjd4MVZoU3Boa0N2bXZIdjZtaThrSS1sRWtKajlVY0hDYU8yY2hhOElCZVBzYXhYdElCNE9uY25XYWl5LU0ybTAyeW1JRFNGS3RzbXk1b19YOHNlcmVqYy1FRHBVZE05S2pSN3pTejJtbTh6TG5MNG9fOGFMM190MmJ6SEtUdmE0Snlra0o0d2lRMFFrcjExQVgxR0ZRdzZUMGhhaXpjWW1BZ3ZseHFJMUNDaUZ3?oc=5
2026-03-27	Google	0.2	postquam DAILY DEFENSE INTENSIVE PROTECTICON DD CREAM 30ML Cheap Sale | Cosmetics - bahmut1571.com.ua		https://news.google.com/rss/articles/CBMiWEFVX3lxTE8wRl9zWnVBTkprN09SZ1hMSnZWNVQxbzBLeHZVNjN2azlBQWk0NlV0SXlaZXAtMVNOa1BRVlF6cWJaT3QtS1VjelVjX1plSnNjZkR4c0JWUkc?oc=5
2026-03-27	Google	0.136	Fortuna Düsseldorf vs. Dynamo Dresden - Live Score - April 24, 2026 - FOX Sports		https://news.google.com/rss/articles/CBMipwFBVV95cUxONWtLSm5mMVQ2SmVuaEx4YU5QTHdEWFZ4bXBYck9ReWEycmVxQ2ZDQ2RrZHkzS1ZyX1NuM29YM2dJUjhrY0JsVmFsMkJidTZWbG9XVlNMclVlaHE5WjhqbzVTQXBPVk9WY1E5M3NyMEpkaEd2ai1KZ0loZ0NNTTVjeWFvb1ZsUEpMall3SXhUVTVRbnltaDhnVXkxa0pLeVZRSTFTZDVXRQ?oc=5
2026-03-27	Google	0.1	Solar study cracks long-standing radio burst mystery, offers boost to space weather forecasting - DD News		https://news.google.com/rss/articles/CBMivAFBVV95cUxQeWtfaVcybzU1Z0ZEN1oxUWRCdHlXTXJua3NMTXJPZ0RLVW9rbjZzZDdlY09KcVhFdTRFeV83QmVoTGZLUVJoaFNVQUI5ZVhTYmM2Z0pKcVk5X0ZIR09DaXdwY1NkTnVpbVB4NmpHYnNIcHZnbUxNMVVGMVNGRmYtR0JjMTFZbmFTVGMzV1Rxa29aU3NkWWdIUjZrQy13Sm9GYkRkbzBCcEpDd1RabGtNb19PR0RMczVPbFJrSA?oc=5
2026-03-27	Yahoo	0.082	Jim Cramer on Qnity Electronics: “I Think the Company, Which Sells Materials for Semis, Is Fantastic”	Jim Cramer reviewed Qnity Electronics, Inc. (NYSE:Q) while breaking down 16 stocks for a market facing higher energy costs and economic uncertainty. During the lightning round, a caller asked if Cramer thinks the company is a rising star, and he said: Yes, it is… And thank you for noticing this. This is a big club […]	https://finance.yahoo.com/markets/stocks/articles/jim-cramer-qnity-electronics-think-180123330.html?.tsrc=rss
2026-03-27	Google	0.05	Sensex, Nifty slip in early trade amid global sell-off and oil volatility - DD News		https://news.google.com/rss/articles/CBMinwFBVV95cUxPcGQyN2xuV1VoUUVka1VtRy1XWnlNUm85Ulc5cEh1MHo2M1pES3I3NG1OWkNxSVpBZFhMdXlvODVaeTRBbm1XYjJYaTU1aWlHWkFzcl9WY290OHFvbWhjZUlTSVd1WW9xQW1oRkhDR3pDU05QYW1wbVhpcTdDOEhsNWw2a014UXlvbmxQbUZ6a1FVd0k0TE9DdXMyNVRveFU?oc=5
2026-03-27	Google	0.0	Assessing DuPont de Nemours (DD) Valuation After Recent Share Price Swings And PFAS Uncertainty - simplywall.st		https://news.google.com/rss/articles/CBMizwFBVV95cUxPcloyRTEyemtpalBfXzczZnE1NDhSaXBZakZkb1lSLTVsUkQwMGpfX0VGSFEwZGRVT3pTUHlNb2Rsdi1ybWV3QndBM0RJMlhyUGJjRmNua19WTVZPRTJRZ0hpYXE0NG00LWNGelk5Q2lXUjlsaFlDZUE5NVlSLUtsb1RQWHY1RDBuSDcwRGNRQkU5LVFVaWFIMjY5UEpBZ1R2NVI0ZmZaUnZQLXcwc0s1b1VzSlUtM1o3eG5fSHdoaUFVRC1wT3dlM29Gel9YVXPSAdQBQVVfeXFMUFZjM1ZxVlFvRzRPbF96MUMwTFg2SWtueW0wbDAtYnFWNXdDbjczaVp2OHBUX3ZfcUVfX2U5OUlSVXNXVWNfT0E4Y0lIMUNOc1BzU1NaQlpfcGpQaDE5Y05xOS1QMmlIdHlLZlk3OHJfLUZJcy1WVmVZWWU0dHNRRC01VHBjM3pneEtWbnZsU3ZhOHZOZHdIS0FGbEYyNm1rSHEtNTBRQWNtdi0tWUpyZE5QVjR3ZTZUbFJLRi1EUDV6NWFjZ2M0eUMxOTBmTlBSNldyaTk?oc=5
2026-03-27	Google	0.0	Coil Cover For Garrett 8.5x11 DD Search Coil - Compatible With Ace 350, Ace 400, AT Pro - ruhrkanal.news		https://news.google.com/rss/articles/CBMiiwFBVV95cUxQdEF4YnFJdGk0X2dRT215SVF0MnZzSllwOV8zVGZvekY4YVc4dklUMDFmSUxDLURmWW9GaVFBcDBZWE1Oa0k1TlFzZk5nRm1iTWJYeVZubFE3MGh5UGxoU2pFcWFaaDMxRWNwSkZEUk9xTDdOUWhLbk9fRF9nZG5PRjN3QnQxcDVpTlJZ?oc=5
2026-03-27	Google	0.0	DuPont de Nemours, Inc. (DD) Interactive Stock Chart - Yahoo Finance		https://news.google.com/rss/articles/CBMiU0FVX3lxTFBNRlB1U085cExOVEFxVkhDV2cxRHBMUnJ4dGpZcWN2Z3h6SGppdmJmQnJvM3A3V0tBa0xJcHhRQlBjQlVmMExJVzdwaXdyY3BqMHZr?oc=5
2026-03-27	Google	0.0	Election Commission ramps up voter awareness drive in poll-bound states, mega SVEEP event held in Howrah - DD News		https://news.google.com/rss/articles/CBMiyAFBVV95cUxQTXExaGFmZGdRbnllMUxiblF3ZHB5b3dhNmpQVmVWWUZ0V1JKbkstSzAzQk9ISnVsRS05aGFNeHF1dWwzM3hMV0Y2ajBHRFo1Q1RFSU1xRHdVZmd6WWVKb1pLeWxfbUpDb3N3M215Z0RjeTBxOThaVVJGQzJDTUwwLVZ4UFBLZFBOU0R2S0lKS21TeE5NVEEwcFFoYUI5OV95WmZFZHRudHJNclhjcHdHUmJlWU14am1YN1hyUEdQY2JROG1rTkpfdw?oc=5
2026-03-27	Google	0.0	Enterprise value of Cetis dd – LJSE:CETG - TradingView		https://news.google.com/rss/articles/CBMinAFBVV95cUxOWjdpOU9TZC1oenNKWkpxNjZIYUdSTUNsMmZWNW1IRHNZMzFHamUxUXVUMmxtTS1OQkVhRHZrR2Y3Skk2VFNsV1hUeTU0VzNENUd4RlFHN25BN2E4LTBSUXFsQW8wVkI3RllEb1g2T3lUcUlBWVk5WjM5RTNubGcwdVNLUGR3VkY1VHZMRzhkU1U5dWx3VHpSRUhZUDg?oc=5
2026-03-27	Google	0.0	GCC calls for inclusion in US-Iran talks as gulf concerns grow over strike pause - DD News		https://news.google.com/rss/articles/CBMiqgFBVV95cUxOMWVBS1NyS2VFQW04bklHdjRQYWlOUkg5LWVleUx1Y0RzWHFNcmlwS0JaTGVLWHVhMmpTTFF1S1BFRzg0eXVuZEYzMW83TEF2YTBGd2FWWlNPd0dQSTFZdVltZ3BKMFdSVGhwLTZ6cW5McXQtS21lWTUzQjV2UVAtT1BqaFNGYnFzallrbTZ3QmRMZjlycWF5ckR5VnlmNnE1NTNHMmROU1hHdw?oc=5
2026-03-27	Google	0.0	Geopolitical risks addressed as India secures long-term fertilizer supplies - DD News		https://news.google.com/rss/articles/CBMiowFBVV95cUxNaDB2WUo5UDl5SC1qVF9abFl4cTh3RUpwS3kya2RVMVpQbGp0NUh4cVppeU80R2MxNld5RTlFNEZ1ckNneTFmaERTZWVsQW9BeXlGbTJJVkJwbzFXTjV1Z1c5UEJVLW45dHhaZXlqckE3cFVQRGZESC1HcmI0Zy1PQTJlOV9DaHhLRG5YdHJuQ1pxYWVOQjJMaHlGWWVveFV6MWZR?oc=5
2026-03-27	Google	0.0	Gulf tensions escalate as Iran conflict widens across West Asia - DD News		https://news.google.com/rss/articles/CBMikwFBVV95cUxNMDlIR1hYYnp5cXVUYW1zNWtweUdnUUFLUXhPLTlZblczcG5EbWdJUHo1S25KallsbTI4dzRlc1ZJSFBPU3ZQMk1ic1I1WHk4WnhSalJ5dnNrd21zM0xBQ1VQbFRzQ3NiZ3A2cjdMTGFhNEJ3Ml9zVjJ6R3BqdmNyQmg4UTkxU2dmU0h2X0ppYVdEYjg?oc=5
2026-03-27	Google	0.0	IPL 2026: Dates, format, fixtures and team details - DD News		https://news.google.com/rss/articles/CBMifkFVX3lxTFBhRmpXVUFvUVVBUmdxZEJEdnYzTzRka2Q0blNoYmtURlAxR1VZSkdiNVZJYW9lbUFIcU82Uk43SkxhcUZLanVCaGJCTlh0cGZmcFV4dHZ6UFVKeEFuR0JkSmMyVDdLTHdPSkZiejhMeXJSalQxU0pzWkF2dkFrQQ?oc=5
2026-03-27	Google	0.0	Iran bans sports teams from travelling to countries it deems ‘hostile’ - DD News		https://news.google.com/rss/articles/CBMimgFBVV95cUxQSWxfNm1pRkQ1N0Zld285enlPOTlHclByNzdIaFlaZ0R0WlAxZ2c3VTRJRUZDS2xxazBFY1V4cGktNXpqNVlZa1lCNnpnUU5BZzdSM1RJSmlMSWh2Z19KRlFsQVUySTF0UmRaVFZ3Uzg1a3Bqb2ktYmNBRzNCQzFJc0ctUWhoUVRUV05UQkF3M0J0amJDUUtWaldR?oc=5
2026-03-27	Google	0.0	Marco Rubio holds call with Iraqi Kurdish leader: US State Department - DD News		https://news.google.com/rss/articles/CBMimgFBVV95cUxOZGFPc1NmNG1hTHVCZnV1S2ZHVVVSYjViRHNWTVA4bUVVb1A2TE1SeUlDX2VvNVo5eE5USnkxZG5vVE5xeE1YQlJTckdMV0tQRGdjLUdaZkxfaDJpb3M2MV9fYU1iUlhFMlBCVGlGcmtmNU1mUDRlaUR5SXdjcG9sVDRKRGJZVVNwZXJnWWhnMnh0WDZRTkdJRHpR?oc=5
2026-03-27	Google	0.0	Mat-Strawn-RI-photo-DD - KSCJ Talk Radio		https://news.google.com/rss/articles/CBMinAFBVV95cUxOZy1rSUYxaEx3aVVETUNxUXFXUjZhZW4zYWZyR2E1TU1yR3JhNG1WZXlDMkY2aXRBMkpnR01rZFFWdmpETmdTQkd0RDRxMnJPTlRxSGtRVDJKcEFfZzBoS0o5MUVTZlJFdE1vRThFSVk2WHkxOGpqNk5Gd1czX3RCbldsZG9kcGMtY3RDMkhOR3VuTWtlekktMkZtUlI?oc=5
2026-03-27	Google	0.0	Meghalaya signs reform-linked MoU under Jal Jeevan Mission 2.0, becomes 12th state to join framework - DD News		https://news.google.com/rss/articles/CBMiwwFBVV95cUxPZHhZX29yNTdiUUJVZ0ZEZFVVa1RfSGFjSlJDMkVEb05OZXR5R0REeXMwT2tGcElyZkN0cXJuRnVMbUZkRFFHVGlkb0VQNmwwOHBYUl94YnFTbFVOOERGZmRHQVpqYUs3UXZmN1Y5UURVcmRneC1hZTh4OTNKUG5TeWdrTDJPZlRZT0xuQXM4LVpwdDdwQl94VjNpV18zeTkwWE94d1BNSkY3WFp0UDNSbEQzTmpTODBqeElKcGJ1ZFM4bTQ?oc=5
2026-03-27	Google	0.0	Over 52,000 arrested during 2021-2025 as Indian Railways steps up security: Ashwini Vaishnaw - DD News		https://news.google.com/rss/articles/CBMitwFBVV95cUxPNTNmejhwWDUtajc4SkxJZUpDUG15OEtQOWdwaVZraVpuVXZkRHRWcHY1SEFYUi1Ic0kzRlNMdGo2LWl3SVNUY3pVcElROXQ1NTFyMFJVd01uSWpVUU5QRDFZNFhYdDZNSW12RHNUUzlUSGNCMTVpazNmYlRVMXNLZ0drenF5SUg4OHU2OG02a19qc0dFdGFEQ3FoeEltQXNKbVZpcW9uREVaOTZBOWtRdFVKRERYcUk?oc=5
2026-03-27	Google	0.0	Parliament approves Finance Bill; Budget 2026-27 gets legislative nod - DD News		https://news.google.com/rss/articles/CBMimgFBVV95cUxOVnMtc2lsS2hVaEJlTmhYUWI0UjRIRDlSSV9tS3g3cjVpMXBBZnYzNHZvb1VqMWFwY0xwLWRsVmM1Q0ltb3RfbGcwdUJBbE5oREtKU09MOFBjMVAtOUNQeVR0dWxBQjdIdHg0VXh6UkMybVRvVTlscklPdVhIYVpPaGx5Q0p5OU15RWVDVmNwVkV5ZUx6X2FoNFZ3?oc=5
2026-03-27	Google	0.0	Railway Minister Ashwini Vaishnaw reviews progress of Kavach implementation - DD News		https://news.google.com/rss/articles/CBMiowFBVV95cUxOdzFIRE1lb0F2OUZxcXRmcFZ0NUxhdHhlTXF2Y3RGbWo3ZktocVVNMTdiTWU0SjY0RUF1eklCaXRXNDdhUHA3REt0MEZIVEZUcTF2eTU1NDBFOHdTVTRpTWFIQlRVbDVHbEZZVVdabUh6ZXBHYXhxU2FLUnRoV2c5QUtfZWpNXzBKQ1Y5dFBIbjFyTGhEWUZ2X3VvVUtBTG5fX2hv?oc=5
2026-03-27	Google	0.0	Ram Navami: PM Modi witnesses ‘Surya Tilak’ of Ram Lalla - DD News		https://news.google.com/rss/articles/CBMihgFBVV95cUxQQkx4ekY5cEJMODc4cmlmdGZ2ckdrbWl2dE9wVFpUWlVVaHJqS1MwMk5xSFpGSWQ2cHNGbzd4b3R0aFlpUkUtZjZQUlNhVGs3VXV1YWtmU2g0ajJoZHVSS0xZTVJIa3F3dU1UUC1XMTktUVIyYU1GRFFqZkpyWUNWR245X1E3QQ?oc=5
2026-03-27	Google	0.0	Tangible book value per share of SALUS, Ljubljana, d.d. – LJSE:SALR - TradingView		https://news.google.com/rss/articles/CBMipgFBVV95cUxPeGlqaVFoOUgxOUFDamFNVnlJdVRRVTItbVlvYzNWLXhYbEFGaFllVnQ0NU14VTRFdHJ1bGpEQ2g2V0lJaWIxUFRCSHZQQllRbnhPVVY3b3doSUI5bW5KQXRmMWZSR09lX2pjUUtFMldYU0ZQeEpuUjYzSW9GZGQ4UHR1eDhDZEJIX21vZHZPVE84STMxbTF5bExuZGpNUVIzdmdHSFhn?oc=5
2026-03-27	Google	0.0	Taxes of Elektro Gorenjska dd – LJSE:EGKG - tradingview.com		https://news.google.com/rss/articles/CBMijgFBVV95cUxNZjc3dnZBNTFTLUpXZE9sX2JGTkdFT2JQd282dUJXSEp5c2JzRDRQaDAxMGZlMWFsVVFkUFlzVGRPOTdXbzBHR1EtVGRmNGxHWUZDZkpVa0lnc1ZkWlppNHlHU2ZuM285aDJiSjdnZFlmZnljVWlDWU1sN0NsbWh5VXpEN1Q5T08wOWtKOHBn?oc=5
2026-03-27	Google	0.0	Thousands of children uprooted daily in Lebanon, UNICEF warns - DD News		https://news.google.com/rss/articles/CBMijwFBVV95cUxPZG1QRjVNc3gybEdzXzh5cUtLcmFpSVRZeFJhSWpzaGFJN3ZOYnNyS3pEQ2VDcDFrZ1k2Y2FndGRlR3IzS2cyTDJPY2pFUS1zYUxjMGo2ZzNSZno3YnNJazZTd3BBRFY3S295Zm5PTG1ZOWJtX1hQNGZudUlLSTV2NldRYnB6OXQxZnM4SC1FWQ?oc=5
2026-03-27	Google	0.0	Total debt per share of Cetis dd – LJSE:CETG - TradingView		https://news.google.com/rss/articles/CBMiogFBVV95cUxNajZ1RkRta0VFeU5QaXVLOURkUzBDRUVoS3A3N2JCdHRWNDNnMDRRVjZkZ24wRHJ2b1ZkenZZclZfSTJrODZaeUwzSjM3bTJHbnpZck9wdkt0YzBJTnc2V19meEQ3dm5WQ29NS0dwclRPVnNTbmt1bnBjZUdjRTg0WGNqYTFPUVB3QzZPbUJLTUtyTHJjemV2RzVtTmFPRGRlMWc?oc=5
2026-03-27	Google	0.0	Trump signature to appear on US currency, ending 165-year tradition - DD News		https://news.google.com/rss/articles/CBMilwFBVV95cUxQMGNMOUxnbFUzbmpQcllTblB3eDdGeUdGVDJNMEI3SWRuWUpQRnNWZTlPSHQtV1FHSUZBYUx6MzQtWVRXcTQ1MkpSc1h2cTk0UE1jNWdZeDh6YmREMGNOd0UwdmhVTVNTY29SYzNPSTdXRjU2ZXdHcFhqdWg4V3ptZEFQbUp3X1JpVFNZRDZrRHc0M3BRS0Y0?oc=5
2026-03-27	Google	0.0	Understanding Momentum Shifts in (DD) - Stock Traders Daily		https://news.google.com/rss/articles/CBMitgFBVV95cUxOc0dRR0pCbklNZ3BfV2cxbFNoUDlDZnVndU9ZT3RfN2xIalJucmtCMzFQXzZMRFUya2dYa1ZHd08wSXVqSTV5QW9jcWN2N19tX2cxSUxRcmwzMU0wR2dkaTBXWExTazR6TEJvd3pzdUVuWG5mUkVwSHNqdnNKZWRlVjg5ZmtqVHpsWEJNRE5LcVpSeExubE9BWjhiLUxCTm1WdmJObFliVjY4RnRRbmNxZnRjR0Vsdw?oc=5
2026-03-27	Google	0.0	Zagrebacka banka d d : Issuer under observation - marketscreener.com		https://news.google.com/rss/articles/CBMinwFBVV95cUxOSXQ0SG81aFk3Z0tReS10VFZiTnpjZWtBWmNWSDBoVmtLZF9tREEwbXFkd29rb3hjX3VLWmFpZzljRVd6ODNneGllcGU4R2FWYndNdnU4em03MU9OaU9QS1V2U2FTZjN1dGdLMmhMNktramlrSnBZZ2hiNnBGVGVrVDY2UWlSNVVZUmM1NUZjZ3FjazQ2V3hwM0FzUEZtYkE?oc=5
2026-03-27	Google	-0.032	New material breakthrough could accelerate energy storage and green hydrogen push - DD News		https://news.google.com/rss/articles/CBMiqwFBVV95cUxNOC00T0c5RzBRaktqY1J3cFgzVWhsNzhJb0R4RHdTb3hURFByOFZ6R1Axd3dhVkRBQ2IxaGRtM0ZkbXdCR2dPYTdLSW9FUjBCSUFtYTFDQ3FhbGhPRDZ1YjA3OGJ4NFpDR016bElDRWFrZDdYYzdOOU9Pei1VTjJWeE9CcjdzdldXYkFaUV8wby1nRHhkR0gweDR2M2N6ODYzTW05M2pfeUR3akU?oc=5
2026-03-26	Google	0.4	MP’s free health camp finds place in India Book of Records - DD News		https://news.google.com/rss/articles/CBMikwFBVV95cUxPU21MLURkNFFNX0Z3N3RSakFvOC1HSzBMZXdQbExuUE52aEpOUzlnOUdMaTY5a2RHUGVpbndRUWxTSnFfYUdleXAwVlR2cnJmRXMtOThCODRaU1dZYWJqemNFUnQ3ekl6c0RDYUlId24yV2pHY0x2aHRQeWVKSHhrdS1kM2NSbmRQOGE2dUViTnZ4WW8?oc=5
2026-03-26	Google	0.0	"3 4 Ft. DD Shaft Double Steering U Joints 3/4"" DD X 3/4"" DD, 5.2in Universal Chrome Steering Shaft U-joint - hotelier.com.py"		https://news.google.com/rss/articles/CBMihAFBVV95cUxOVVdBVVBHWHA1QWQ5Xzl0eDltQUFQWU53VVFVTjFJZVpCckZwRDZhMmlpQ3FRTFQ4b05tNXBEWmpCS2E2eWp0SHhEREpYMF83YzZQR1dFWHBBcXFiZEpyZ0RKcXlUaExPNlVwNjNMdHJveXprWVRQYmhfZW8zRHROd3hqUUk?oc=5
2026-03-26	Google	0.0	45 410 Pistol Grips CFT (Cobray) Model DD Side X Side Pistol 45 Colt Reloading - hotelier.com.py		https://news.google.com/rss/articles/CBMigwFBVV95cUxQS1ZzVUFPUjFFTFdLdmlzNV9xemIySkNvR2c2QWQyeHM1cnBuS1RoNVVYNE5yVGdzcG52UEs1eFFjaTNndUY2UWJyLVJJaVVoZjd6RzlHZ1RUZ1NyampXSHV4aDZZWU52anlQYUlCdEFUbU5OZmViakt1VkNNVVZ4dXZfTQ?oc=5
2026-03-26	Google	0.0	BSE, NSE to remain shut on account of Ram Navami - DD News		https://news.google.com/rss/articles/CBMifkFVX3lxTE04Z3lvWXd4aW9xMUlvbE52YW1FakNGRzBxZG94djVzNjNPNm5GREVSd2tsMDRyOU40R09CU3VyX3VndGRJS29VYXJGSVpsdVhZNy1yR2xuUlF5OTNhekIwYm02ekZjV3NFREtGakpQVXJiZHFPMWwxTlY2WU5JQQ?oc=5
2026-03-26	Google	0.0	Coshocton County celebrates 32nd annual track and field day - Your Ohio News		https://news.google.com/rss/articles/CBMipgFBVV95cUxPQ3RPU2NHR3N2R1prMVR5a29jam1YTEFPR1NKd1FKZHd3aUxKODBWZDZxRzBYUE1uRWdDQzIxZzFldE9uaWYyeDFFWElTMGRYanM5YTNOZEMyLW9uSlRjZENlUGV3QVB4eDZoZGtBVVltbGt4eU5iZU1DMTdVM1loNHdFOXhRcktGclBoVnhra2ZYVlAyLXpiX1FUTlQxdzhwVWJYeXBR?oc=5
2026-03-26	Yahoo	0.0	DuPont launches upgraded nanofiltration element for drinking water applications	DuPont (NYSE: DD) today announced the launch of the upgraded FilmTec™ NF270-400/34 nanofiltration elements, designed to help municipalities and drinking water utilities produce high‑quality water with lower energy consumption and reduced operating costs.	https://finance.yahoo.com/sectors/technology/articles/dupont-launches-upgraded-nanofiltration-element-130000421.html?.tsrc=rss
2026-03-26	Google	0.0	India positioning itself to supply electro-tech to the world: WEF report - DD News		https://news.google.com/rss/articles/CBMingFBVV95cUxOR2IzNzhxY0lRU2Yydm1pbUVvczlKNEQ0c0laeUZTT1gtVU14NWFXUmczS29UcWM5ZmRCQ0NTWC1yTGoxVGZibWZYOXFWeWxmWFA1S3k4VWQyYV96SmJVTVVwTW5NeHY3anV1RDZvb0NBLUQ0UkZ1Z1NnTTFSN0JhcWQyS1czblFrdkNxTW9yd1ZpYTVTWGZoMTJoRlRjZw?oc=5
2026-03-26	Google	0.0	India showcases rural water, sanitation model to Sri Lankan MPs - DD News		https://news.google.com/rss/articles/CBMikgFBVV95cUxNNE82SHNhMkFraHdyRjN4cVh1c2RSZjNsUFE4WE1salJtX0RlNGxpTjEtaHVKUGlrcTE0ZkdkeEV1OGd2M1JucnpNZUxlcWNYa29XeklmeEw0bGthOHhyaHh4OFZjRTVTby1lVVEzSC01ZmVKMUk0MG8tRXBhbVRRQ1JFYmRaaDh1ZUtTSUlKVUR2QQ?oc=5
2026-03-26	Google	0.0	Krka, d. d., Novo mesto Earnings and Revenue – TRADEGATE:KN8 - TradingView		https://news.google.com/rss/articles/CBMiekFVX3lxTE53ZTFrcGhRYnIxOC15dldOb3F3TWx4ODRtZFg0OEFTbVlwSV83YkJ4VVlfa2NaNHo5UWJmLVhtRkpwbzNFMURPZDI5bll0OGVxVjhpTU9SelVnYm5fSm9RYnhJQUF4RmRGeHpjV3hpVTV0UVBkVGNwZDJ3?oc=5
2026-03-26	Google	0.0	Mansukh Mandaviya opens Khelo Tribal Games, highlights India’s untapped sporting talent - DD News		https://news.google.com/rss/articles/CBMisAFBVV95cUxONnBVaUwydGg1ck0wX3FBaHYzZWd0RDQ3OWp4ZDBPYWZoRGoyREtXeDZobXdldFlXZ3hvZzBMcWZNckc3ZWlwNUhnUk96VGVSSXZyd0k4eTgzcGtvdjBRYXpIWkNkUVVDZVQ1YktYUnRlN0JSX293a2pvWHhHYUxKb3JtNmZFQkxUM0pZdnczNThxZUFsQkhJdklPRTBPem5aTDRvaDktaFlFV0VjTzhMcA?oc=5
2026-03-26	Google	0.0	Mercer DD Board Member Tori Heck Recognized During DD Awareness Month - Mercer County Outlook		https://news.google.com/rss/articles/CBMiswFBVV95cUxQc2ZLTG9vMGQyOW02eE1IaTd6M0dJSmxyNDVtYmVFcWRDUHVWQnhhVTltZlVXNmNtOUxxckxqWkNhNmkwYUJBS1dyZmFhTXRRLWlLS1dUTVhZMjdrTEM4ZGVPMUsxWXpUUkpGWGhHTjkxMjc4dGZuR2RDUVVoRGYwT2ZBLWdyeDNGUmNjWU00cFhSRkdnMlpDendpaVlkcWNvYTJmMTZmZmtzYnB6NFJsQXFuQQ?oc=5
2026-03-26	Google	0.0	Minnesota Star Tribune Headline: Steve Sack is Back - The Daily Cartoonist		https://news.google.com/rss/articles/CBMipwFBVV95cUxNSjdGVWZCdndLWkxEUjNJd3I1OTZJWXBxWjMzZ09KdE83SWl0bG1NQUtkNkk3c1JqS01NRFJEWFo0NF94bUVVSDdCNG1qaWFTNTNXdElzbWxvSkV1YWtOQ0lpLUJmV0xiNS1mSnBHTy1sYUNMUVN3MFNFUWY2Vng3bFo0bFNfMEIzS0JYY1pET2liMUlGc2tUSjAwbF9lMkh3b2lmaFpmbw?oc=5
2026-03-26	Google	0.0	News On AIR | March 24, 2026 12:37 PM - News On AIR		https://news.google.com/rss/articles/CBMiwgFBVV95cUxPYk5Vcm9nLWFWOUltcFFBZEI5VE9LSnpmUUY0a0lQZnFIcjNCM1FoM09sMkI4SVBETmJQMW1FNGN5TlVSVkFuaDkwUFRZN1ZBTVlQV08za21TY01HVXhhOGVqTDI0NXhaMXpZN3lqRTZtVDdGbEdSSkp4UDlFLTU0VmtUa2xIU0Q4ck1WRFBIX3NSYURuTHlPLTY5ZGFHRVBjUXRvNjBMdTRMaHFFRHRLX19oM1daYjJzTTNyT2RNclZPUQ?oc=5
2026-03-26	Google	0.0	PM Modi extends Ram Navami greetings, highlights Lord Ram’s ideals - DD News		https://news.google.com/rss/articles/CBMilAFBVV95cUxOOUlueUNuXzZqeVhOSlFNczhESFYxTGFFTHhMSVFXa0piNnEwSklwYklSTUFNeFQtNlJyMkJNcXkwLWRmb2t6VlJQVHRUVDNmRlZaZHlVMVEyeFEzQ2d5cjlhTTYxTnRfRXdubWVYWnE0OWZaR2ZqeDBER21Wdkt6OVlJSU1OUnB5cHktekUtSVFiYk83?oc=5
2026-03-26	Google	0.0	Strait of Hormuz disruptions send global plastics prices soaring (DD:NYSE) - Seeking Alpha		https://news.google.com/rss/articles/CBMipAFBVV95cUxOSHVVZVNnbUx1VXM5SHZzUnhpVnNTalQyNVRUYmpjdDR6MGdjVnVEbkdkcGdlTEZkR2lLWjFvOUxKdGdiWVJSeng4dnhNZDVISExabWw4QTJzY1ZVQmJjU0NMYlRheW12eE4zWkZPeVotRWMyaXg4LUJXZmpiNkxxTGFBd2VraU90ZG81UlNzRncxejlvR00yT2w3bFlHMzdyMWFWRw?oc=5
2026-03-26	Google	0.0	Telekom Slovenije d.d. Stock: A Stable Telecom Play in Central Europe for North American Investors - AD HOC NEWS		https://news.google.com/rss/articles/CBMiygFBVV95cUxPekpYcUZ2TWlKYWZ3M3ZKODNMWE4xbDNodGsxamJSY1Fpdl9iejNEVHpyVDhsZFpUNDMyY2tQR0otVHpGc2ZGWUd1UmtkMVFmTllzUWM0QzFVbkNPU084QjZqWmlSV0pGZU5UWTJTcFNNYWxLbGthNFhaZ3ZzcFJ5SksyZWJhVTlneHRDbzh1ZnVLSUVrNzZyRDJUYlhqeThUSURvY1dPWGFYSEdCd2RPczgwdC1LLTQxbmhmZ3hPbk1DZGEybEtyZ2hn?oc=5
2026-03-26	Google	0.0	Vanguard discloses 0 holdings in DuPont (NYSE: DD) via 13G/A - Stock Titan		https://news.google.com/rss/articles/CBMiyAFBVV95cUxPZXJfWl9uZExwXzRjZlUtZzNrbXNIZGZrX29HMDBGSmJ6cjk5ejZkYTZPZUhoaW9OWjVJMDh3VWN3eXltUUttSFVSUXExTlFMbHA5OFRhQ2V1UC0xNWcyQlcySFNOM3NaTkwxUDVuNlpXSmlDbXZIeXJYTmNZcWV1NDNoSXpxSXVHQU82RXBjd2U5WHR5UjZpaXd6NlhXZEw5YnRnTmZnS3VUNzdxbDhuYVlMZ1B0MUF1WU1lRTBOSjdWOWg0X3BKYw?oc=5
2026-03-26	Google	-0.015	Drinking water plants get a new filter that uses up to 10% less energy - Stock Titan		https://news.google.com/rss/articles/CBMivAFBVV95cUxNSUdLY19fUnpxR2x4WEszTXpmLXEtZU9iMkNwUXFRbHpfT2ZURlpiLThpWENTNVZ3OHRiXzBPcTVwVldadnlYYzlHcFJvQnFzZG1yeGxZN19xbHFWRHp1bmtremN2U1Y2b0gwUjZHQ0staXB0WjAwNzl6QWVHUDBwYUpTaWRhaGRBb21VRWZPOUpaRGxGbnRmam1EV3JUdmZtbVFOTE1VaG56b3BiS1BmSTVEUlQwc2VDNmYxZw?oc=5
2026-03-26	Google	-0.2	Two killed, three injured in Abu Dhabi after missile interception debris - DD News		https://news.google.com/rss/articles/CBMingFBVV95cUxOVE9ETlVTUUNPc2oteV9aR2VXQkJXVTRsV2FOR2tLUkZhM2dER200U3dwVjhucEdPMEpBaXVNRERmcGFaZjdnUHVtWjdRb05ETUM1Z2dKUEVmMEJnSzY1bTQ5UWk1UlZOcFZMVmtPaXVJT2dURHNQMGduTlRMeDJGSUFsV0JTZkJyTFhaYXM3ZGt3NTZndU5kWmQ2eXRudw?oc=5
2026-03-25	Google	0.4	Union Government Unveils AI Skilling, MyWAVES And DD Free Dish Access - Construction World		https://news.google.com/rss/articles/CBMi1wFBVV95cUxQb0VlMlhjbjRuazdqMHJCNjY5eUZXQ3E2R3RyejV2bUI2alg1ZVdfSlhNZVBZRENQWlVCQjZDMzZDZlJFLVZxckRub1RTa01NYWU0YkJJVUJpWnNkVU8zNFJyU09HeEtsUTNhWWx2dmtndEpuQndhX01jZzZib3ZyWWNMSEtvd19UVFcwWHNtUzNVUUFDVjQ5QkhnU2Z2YlN0a2NkODNaeUUzN191dEtOWnNXeXl6UXgxVEtSeDlvQjVLOHE3dk1FVXMwd25oOVRrdWUyWG5WZw?oc=5
2026-03-25	Google	0.225	le bos Orange Long Sleeve Eyelet Knit Womens Midi Dress DD-6-B-D1260L Top Sale | Clothing - agoranotizia.it		https://news.google.com/rss/articles/CBMiZEFVX3lxTE5rZjlfRkhTc0VJNHBIdVhKODdJR0lVY1E4cU02MlNTdkhCazdmSzI5RHhFelFCSzBLZ2tja0N6cXNoTnpLZE1iMjV3ZEFRV1dyZFVoMl9xUnFvNWcwbGZvYzlWMVQ?oc=5
2026-03-25	Google	0.062	Trump says Iran made a major energy-related gift to the US - DD News		https://news.google.com/rss/articles/CBMijAFBVV95cUxQUEc2VzJseEdKekljSlpXa0ZpSE50ZWpFZzdtMTlXUzlKY25hNHh2VVRaSndBM0hLS1VBYTB1U0c5RlI2TmNUN0o5V1J2Rk5BU1RBbEtXOGNYOVVOcWcwaGd1bG9ULWhtOGdFRWlUVS0yY1lLQzI2cVpfNEM4TTRVTFptWWU1Nkg2UFgtdw?oc=5
2026-03-25	Google	0.0	1,500 MT high-value cargo transported to Pandu via inland waterways - DD News		https://news.google.com/rss/articles/CBMilwFBVV95cUxNdGNRN205SjVFbGpTN19iNlJ6a256bWI4RDVRQjN5YWhrREZDbW9UY0FDSU9VZkI1NzJ0MWNCUl9tTlVEZUF6b3VJME9iT0tHQTdXa1FMRjdiNVU3MVo1Qy1HdTFaekZZRm81RDVTa21jV1VIZjV4QkUwNjI4alJrdGpRdkFKdFhQUi1jbi1XRXpxbnJubXpj?oc=5
2026-03-25	Google	0.0	100 districts identified under DDKY to boost agricultural growth - DD News		https://news.google.com/rss/articles/CBMilAFBVV95cUxOQ3NZSndfYkk3OUdHdnJnbk1wS0dNbmJxc0dUX1luVHhldXhGRi1ld21xa09jX1FMd3N5QnhQbUxKYmQ0NkRTOGd6R0dEVU9RYzZ6SzFQYjNFNENIZzREbmFpVHJmanRGVks1Z1lQZEsxd3QwVExYX2tTOFhTR3FxWjcxRlpxZzZMM0xGdjFqMkNHd1hD?oc=5
2026-03-25	Google	0.0	3 Serenity By the Sea Condominium Unit Dd, Cabo Rojo, PR 00623 - Realtor.com		https://news.google.com/rss/articles/CBMiswFBVV95cUxNWlpjampEQWN4OW1JZFlUTnpFcmdBakZtYTdTSzhFXzNLc0ItdXhGRVBJeVUyVUhFUVE1WkxiVVRXRDFjVTN4SkFyVHg3VkFhMndpU2FmNkR1TWJ5bWNnVVRFX1ZnVVd1bnl1S2lxY2JYNkV2WUVDQkhXWG4tSWhpWGdHdC1xbDZQQnZLLTFZemZTQUNBazd4SXREQWQxTWdtUTlVWjFJVUIxVGdsS09MeG8wZw?oc=5
2026-03-25	Google	0.0	Australia board to keep hands off pitches despite Ashes debacle - DD News		https://news.google.com/rss/articles/CBMikwFBVV95cUxPVFlZbld5aElzRERVWTBybkRnSWdDRG5VVUtjUE13TExaQ3doUjhvX0tKZEQ3NXhZVEZTeXc2MXlsbGx3bkJiRnk2cUp1Rk9OVlE3Q3lOZFJaeWJ2TTM2UDB0MV8zX1lCNFRSNUxRZ0dMOUF1bXBUd29ERUhBUGppUlJMSm1jNHJhRGFLZTc2SHYwQTA?oc=5
2026-03-25	Google	0.0	Brendon McCullum to continue as England head coach: ECB - DD News		https://news.google.com/rss/articles/CBMihwFBVV95cUxPUXZwMkFsWXRUUnhDZFByYlVXWkRqTk52UldLSzZtU3ZTS1pBaEdrLWFVbkFLOGdvNnpjQ0RleGNBNzl0OFlSc0R3NFl0UUh6MV8xN2xpc2ZWT3pCNXgwdUlORWd4bkkxOTV0eFdhemtCdTJDcnJlZ05KUE13NW9GenlrSjZKb1E?oc=5
2026-03-25	Google	0.0	D.D. Poynor Obituary and Online Memorial (2016) - Legacy obituary		https://news.google.com/rss/articles/CBMijAFBVV95cUxOYmJuQWNMbnJUeE5FQmdlQWlMdFcyM0h4Ykxnenl0MV8ybkVkMm9FMU9kYTN2WU1TNUZydkE2VzBwMHNzcUcyc2xtQkhjVlVYVURCbGFJbUJRTTlSVk5XM1JZQ0pEdFZYNVoyT0t4RUY4X2llVEViNE9vc015YlNfMVo3ejVpRG8tanBYNw?oc=5
2026-03-25	Google	0.0	EXEC: 361 Degrees Delivers DD Growth in 2025 - SGB Media		https://news.google.com/rss/articles/CBMif0FVX3lxTE9WMmR4U091OEptZk8yeTlsVkZ5bnduVmotNnMyQlNiTHdTRmZqbVlNMnNXRmlYVVJGZEVsNXFhbDZ4RmJDWFhBWDlsY3VBRXBCaERGbTJwUGVHNFRBdHR0V09ScTdNdUdZVGx2eHF0eDdhYTlQdGNwMjhETkpFWUU?oc=5
2026-03-25	Google	0.0	Government maps climate risk in 651 districts; scales up climate-resilient farming across India - DD News		https://news.google.com/rss/articles/CBMivAFBVV95cUxNc0pnZzdMUFZnby1FQ2xGaHlQdjhvNlNId3hERGdqWFpxLVdURFA2eU9LY3A5bG1JWDk4RjlkRjh2RjlWVE5tQXlVeER4d3NsLTJKaUNUMzRqZERNMlk2VmdHS3U1NjYyaEhJTHBDaHFwWUtTd1ZqZTNEeE9FMXluX2dhd2FvOFg0TzJFLW9wSVRBNU9kcmV5VmVkN1d0Y2lVQXRqNy1wRHJ5bjhYdHBnYkdOQkJZSHhfazl0aQ?oc=5
2026-03-25	Google	0.0	IPL team RCB sold for $1.78 billion - DD News		https://news.google.com/rss/articles/CBMibEFVX3lxTE1oTHhLY2JFd1Y5RlNlUDNBLWQ5OThweEJsckpieUoxdlhoX3poM2NyRU5CbjFYdzM4T0ZaMmhpaVpLWld4NEJHekgybHlwWldETWxTRmxabGJxako5ZEpIS2dwSmlmdEhBQ2N5Rg?oc=5
2026-03-25	Google	0.0	Iran war starts to hit global economy, business surveys show - DD News		https://news.google.com/rss/articles/CBMijgFBVV95cUxQaE9DUWFpZGFtZU9ibW1rZTJ4cmhOaS15Sl9YbjNzczNoa1IwLXVVTkxaQWlnRy1NcE5FYWI3R2NGR2FxeHFxc0FxX0JlendiMEdXR3RDOWpaV3JlRl80TUtJdi1jalpOT0RjX0dqU0t5QkdrX1dLX2dUOFN0al9TNUxVa3ltdEtpTE1KRWtR?oc=5
2026-03-25	Google	0.0	Israel strikes Tehran as Trump says US negotiating to end war - DD News		https://news.google.com/rss/articles/CBMikAFBVV95cUxPd1NHNXA0NDNCNlQwbVNyRHBVMXBGR3pGTHNjSmJUZTFseWRycEktNUtWYUt0cDNGekJLYzF4Z0Z1WmZiVHBGVndvdzlXc0hqS0xLUmtRbUtuQlhJbGVLc2puNU91TkU1eGdPUEd3LWpDLXk2TVFjVjF5Nkk3d3MtaXZPYkxzZzd1Wkk2QVYtdE4?oc=5
2026-03-25	Google	0.0	Italy’s Meloni faces risky choices after referendum defeat shakes government - DD News		https://news.google.com/rss/articles/CBMiowFBVV95cUxNMXgwM3pKbWVjSGJCMklwRENUX2Y3T2liZHhCaWhJeXFJVWFUR0s1M0xiVHkwM2Z1bWd0RFRLTktBWEoxbkpCNzlUOFlKOS1YWVp2NER6ZkZFN05FZFM5T1k4QWxtR2JLbWw0V3NvT3RobFNyTzBmTkl4a0lEd1BNM2hIVTh4Wmo3MEdKeHBucXVpeGk2NGRkTWFRNEpHNmpPbm9j?oc=5
2026-03-25	Google	0.0	MatchLog and DD Khosla Collaborate to Strengthen Container Reuse and Fleet Networks in Punjab - India Shipping News		https://news.google.com/rss/articles/CBMiwgFBVV95cUxPcnJNaThBckUwenlJSnFTcVNTRGctOEc4Q094U0ttQkR2VkFTdDZIUnR2YXlmeDhINVk3Z2VUaTBlNnN3dHd3UVFmNGFqbnhLX1RKMlVpOE1xWnBsXzBKV2ItMzlDODdUVll3anhtYkRRSUhaN2VQU2JiUkJrNU5FNVp5Wk4zN3NYamhBMy1PVE51XzlHcGtGZzk1YlA4bXZpN3V5bXdMVGd4SkdqNVUwSUc3VHdoMWVVZ3RXUDNVanpSZw?oc=5
2026-03-25	Google	0.0	MatchLog, DD Khosla tie up to boost container reuse in Punjab - ET Infra		https://news.google.com/rss/articles/CBMizgFBVV95cUxPam5YQ0EwcjhHeWdSMnpDaFB5ZUtNejRBU0U3UG9wNDdDUzBYV0w2OE5RQmVvemwyYUhlaktzWTM5U0sxTGZuYTRnSkZHZEtfcFQ1V2NFMldKelBGVEdIYkl5OTR0RkFnOW9BVTE0ejFrdFFwLW9RamdSSXZYQml2SHZxbERBQ1UzNVFuMXNTREVUR18tRy01UlBuaFJFUW1jU0h6aE1vRzdYWnZhUUpIOTFjWVZNWUNMaGpLdm5hR1RvZHZyTHZtcDUwaGZOd9IB0wFBVV95cUxQMkpLWG94SmxqSGVZaUJZS211YldpRmFnOC01N19YVWRnY2JQV2N4UG1SSGNBZ2R0YzRsTnIxQjhsYXc4S1o5NVY4ZU5wSWJXNXJXcWNZZXdnUlJuelRNVE1LYTJqQmJJblMybWZPelU2c0hYUDFBWmpyVnZLRlhUSTdHbjkxaldKaWhRM0xoNmZTNjJWQ1NYeUIyM1dXQWFhcHQ3SWhIcEVXLXA5R2x1dWRHbU9iUXJ1aEdwUktSMnNkekFNbm9iMWN3WEJBZWdmVjNv?oc=5
2026-03-25	Google	0.0	No change in LPG refill booking timelines, Government clarifies amid misinformation - DD News		https://news.google.com/rss/articles/CBMirAFBVV95cUxNcHhOaW1VQU96a0EtVkIteW8tTG5uUWNSY2dmNUxBS2ZEUU50OWtzNHE1cHluWFBpamZGWi1PYUhOUE1kdHUzOXZfamtmTTdZUXZNR0k1QkRORl8yTzNvdUVHbEE1M1dBVDRaTGM2QkxkSGFlNmdBcEdVVWxfeEhfOXh2TzlKUkhyZlZXNEN3SWVuZERlU2xOM0k3ZVFUZ3pnSDJYbXFLV3RUdE14?oc=5
2026-03-25	Google	0.0	PM Modi tops global approval rankings with 68% rating: Morning Consult - DD News		https://news.google.com/rss/articles/CBMimgFBVV95cUxOZ2RKU001alFyVWdOUkh4ZFkxRmxvdWZTMlZsd0ZhNk11ZWZGZjFQYkhOalRKSE9DMkRCbEE5VHBKZ0ptaEMzTE9UeFNvUnk3RXZJWC1qWlk2Q2NMOVpfQVJDMzFKUmxCb1U0ZUxSZjdaTzhsbmRJTUFuV0t5NVFRLU5RbTZmcnA5OGR3SGlFTzRscTMtYjg1TWRR?oc=5
2026-03-25	Yahoo	0.0	POSCO and Molten Join Forces to Develop Graphite Anode Material	PKX bets on methane-based graphite to cut costs and emissions in EV batteries, advancing its push into next-gen anode materials.	https://finance.yahoo.com/sectors/energy/articles/posco-molten-join-forces-develop-120200977.html?.tsrc=rss
2026-03-25	Google	0.0	Podcast: How to Choose a Pot Call, According to a Champion Turkey Caller - Outdoor Life		https://news.google.com/rss/articles/CBMidkFVX3lxTE9SM0pqTmdZVGtQQ3I3Qk5CeGFuek5nTHdBYW9MNFRLM25aMlUwcG5oWnNoN0RFMi1ocl9zQXIyZ2xWNUhlMGtTWWVBd19LNjBTSmhZWkZxX0ItOGR4b1RTelAxQzRtemVMcUlGbDVDaC1Od21GaXc?oc=5
2026-03-25	Google	0.0	QatarEnergy declares force majeure after missile strikes - DD News		https://news.google.com/rss/articles/CBMiigFBVV95cUxPNDNFYkVBOXFrdU5mWElpQTE3VVEwN29LTEI4WWxicnpDWnhwcEE0UGZIVE1MNVhVZElTYzRsSXZvODcyNlNzb0JQTHVHZ3pSblRUcmM3YXFBY0JvS01PUEVza3hBX2cwY01ORUw0aEgxN180M0lMUXlOYTkwVGtnVl9EaXJsMjdRR2c?oc=5
2026-03-25	Google	0.0	dd’s DISCOUNTS, VA Clinic and Tesla Superchargers Anchor $7 Million Retail Sale - citybiz		https://news.google.com/rss/articles/CBMitgFBVV95cUxPcUhkUXV1c3VSU2lHNVZxR3AxTm4zRVhqcERfUHo4M0FyRkEtU2ZiSHU2eFFiS2t2c1lOQVFNMGc1eVg2TFNtTTliVFJMQ09hYmR1NDQwUXdqMG0wQjdRZE9RZ2wyREdlMS0xaVNFQklUaU9COWxTakpILUE2ampKbEYtZl82c0ZxaTJwckdfcWNWZ0lyajFHOGN5eXhyZVhlTDZMV3Y4Tlk3S3N0RFZXb0ZEbXlPdw?oc=5
2026-03-25	Google	0.0	safavieh Matter Ecomix Sculpture Flecked Stone | Moe's Home Collection - DD-1042-18 Factory Sale | Home & Garden - agoranotizia.it		https://news.google.com/rss/articles/CBMiZEFVX3lxTE1NbHkyT1c4RGpVbEVLUU1FM3JZNFp0a09HMGNsUGhjUGNLRm9NMEpmalVnVjlQQ3dTUWFWRGpyVGNoay1XSnhsVTFrY21NRDFMNjk1cWs0SWhqS1VWbnpvOGF4bG8?oc=5
2026-03-25	Google	0.0	“We have won this”: Trump declares Victory over Iran - DD News		https://news.google.com/rss/articles/CBMigAFBVV95cUxNd2VTUXY4bGdIb2loWnBPcmJsOHoyVmFueVFCR2VhQWFMMHVFOUh5U0N1ajhMRjNBYWpSOHRJTHZpUkZwUVlEeU5MSmR5Tkp6MUw1TWZPaUZiNThuRGVBdlJVckRyU0R3Q3BReTNPZURNQVVLMmgyZ3dzMmJWeWlCZQ?oc=5
2026-03-25	Google	-0.025	PM-KISAN scheme becomes economic lifeline for small farmers in MP - DD News		https://news.google.com/rss/articles/CBMilgFBVV95cUxNVTVHZ05iUVZFVXpzNVM4a0xLQWFfeW40d3d4RkNYeW5OSUdWQ3Btczg3NFRza0d0dS13UVVwTWk4dFRBbGEzV09EUG1GNnFTYndVWUhUX0JqY0VDZ0NKbVF6aTV6TFV6aE9KY3NqNTU3ZmlzVDBWZnZrZ2FkRDNJOWdibHVOaFF1SDVMOHRuY1pFWEE1dXc?oc=5
2026-03-25	Google	-0.8	NASA plans moon base, nuclear spacecraft in multibillion-dollar moon program expansion - DD News		https://news.google.com/rss/articles/CBMisAFBVV95cUxPLUJjWjdxSGJEWGFhZ0tTdkdzQ2RiTHlEeC16WlIyb2kxQWlQckE3VjdLVjBvV2lzMlZlRG04WEktaXg5TGR4UnpHc0JWd0ZQMFlYLXBaV2dTY09oaW1TdHBmSTU2dWJuM1AtQ2locGZTcmJNUnh2X0xDZzE1ZExHYjV5TV9fMGNnUVFuaXloVWlRYXU4SDNVOHpkeWxNdkI1bEFLc21TaGRxUUgyclotZg?oc=5
2026-03-24	Google	0.5	Trump administration launches more probes into Harvard - DD News		https://news.google.com/rss/articles/CBMihwFBVV95cUxQai1qYmVpOTdXQjlwckxqeG5NUW1NQjY0RW1xMGs1UEZTa0FLMC1LdjVROGhkUlpsNXFoZnFNcEdoRzdrY3l4RzZNbEsyejNKSkN0SEpDa2VDRFhQclJyajVVUV9RQUR6TjI5cjdSa1lqRnlUc0hOdE5WQUtCV1E2VE01RFo5aFk?oc=5
2026-03-24	Google	0.5	Two Indian LPG carriers safely transit Strait of Hormuz - DD News		https://news.google.com/rss/articles/CBMiiAFBVV95cUxPY0N0OC10RHNldjYweTZ1ZDFvbTVNclFWSlFwWVlaQm95aTBGa0RMcEl2SjdqaXZtUnd6MGxYTnlrR2VaVUdna0ZNMmFuSFVHcTAyQi13aGpRNEhPdmxUYXpja3d5TC1JcUxCdzVmdVpmRzVIRXVySE1BOFdmRU9nZ052UjlSOXVI?oc=5
2026-03-24	Google	0.4	MIB bets on built-in TV tuners, advanced EPG to make DD Free Dish easier to access - bestmediainfo.com		https://news.google.com/rss/articles/CBMi0wFBVV95cUxQOUVxT3VKNG41OHlhYVdRQ0ExRlpmOEgwNmZjNVJ4VnJyT2JzQlNscEpnbWc2eHFHd2g5d2hFaWZmUkpaRFJEYXdZZW1WWG91MkJhVm1pVEV6TWxqTF9EOXlRckNGN3pXQTNBQ25yd2tneUVraURPVGdKS0FTT1h2LV9kdUEyZHRDMDlycUloYUxGNWc1YVRuQU1iYkEwZG03Q2x1cEtMQUVMeE4yeTlSdDZCa25qX3YycnlnRW1uWVBHWThSMWNoNUhZcFdDZ2xSelFZ0gHTAUFVX3lxTFA5RXFPdUo0bjU4eWFhV1FDQTFGWmY4SDA2ZmM1UnhWcnJPYnNCU2xwSmdtZzZ4cUd3aDl3aEVpZmZSSlpEUkRhd1llbVZYb3UyQmFWbWlURXpNbGpMX0Q5eVFyQ0Y3eldBM0FDbnJ3a2d5RWtpRE9UZ0pLQVNPWHYtX2R1QTJkdEMwOXJxSWhhTEY1ZzVhVG5BTWJiQTBkbTdDbHVwS0xBRUx4TjJ5OVJ0NkJrbmpfdjJyeWdFbW5ZUEdZOFIxY2g1SFlwV0NnbFJ6UVk?oc=5
2026-03-24	Google	0.4	What is National AI Skilling Initiative? India Launches Free AI Training, MyWAVES Platform & DD Free Dish Upgrade Explained - Indian Masterminds		https://news.google.com/rss/articles/CBMivAFBVV95cUxPT2w1blA1ZHpCdWZkR2YxYkIxS3luTGxSWWdtU3VWclI3d3lVTFEyQklLOTI3RzlVMk92ZGlJTUJ3bk93alhDZ19kaV9MdHh0Z1FVZFV2X01GNEJzd2lSYlhjMFhsWk50bldadnROanAyME9BNUE4Q05BTno2VFA3ZjZ0WGJTUTVJMEhFY0p6bzJ4VGxPWWtDU2J5X09mTlZOQ2E4cllrdTJaZUtaQ2RlZHJjSXg3UWxodWZhSQ?oc=5
2026-03-24	Google	0.15	With top figures dead, who is now running Iran? - DD News		https://news.google.com/rss/articles/CBMie0FVX3lxTFBpTm1iaTVIX2NvVGRXLTNvOFZFS0ZkdzZZVW9LVVU0Tk5tRGhoZlpOVjN2bzlmYk50S3BMUERoYTU1YjltdnU0V1BfZE4yM1pQeFVjdE42cUplRzZ1RGhkRmR1MnBJekpNR0ZhdVBnOW5FVU1haU5KTFpqZw?oc=5
2026-03-24	Google	0.15	"ebros gift Ebros Frank Lloyd Wright D.D.Martin House Wisteria Panel 14"" Wide Wall Panel Plaque Decor Cheap Sale | Home & Garden - agoranotizia.it"		https://news.google.com/rss/articles/CBMiY0FVX3lxTFBXTnBENXlhUER3ZVJJNUowNUt4OWZXb2M5MUR3Q2tvU2VXVVJtbWprTE9nV0NONGhXSnFDSXlfOTJCQVlkd2VpRzBzSFVhbXdyTjNBV1o2c2pIcVZITWxGVHhzaw?oc=5
2026-03-24	Google	0.136	Cuyahoga County Board of Developmental Disabilties confirms 2 new governing board members - thelandcle.org		https://news.google.com/rss/articles/CBMivgFBVV95cUxNLWNqdEd5NWVFS2dVU3cwRGVja2U4a0p4WkVYMENWeUE3ek0tbW43amRNSUdxSHY5X1NHYjcxemU0ekEyMmNBTWR2YXJOaHNfWUEwNE1RMTQyRFBGV2tEd2E4U3BlUmFra05vdzhfWk83SVpKa3p3WXlTbjAwSGdkWU5xRU9OMmZuWUlUbUdvVkEwS3N0REtfbGYxRGI5OFJFNkNJU2dPWWxwNm5iUURUSEdyVGR3WFFfd1d0NjJR?oc=5
2026-03-24	Google	0.136	Railways announces five new reforms under ‘reform express’ initiative - DD News		https://news.google.com/rss/articles/CBMimAFBVV95cUxORlhwS2pMVUd2U2JkanBiNVhKOEpjc3hvWGkteWowNE4yc2FYMnpVRVduSEhhSVVMaHFNZV9fTGpGb0ZDSDAtOV9FdS1FZ3c3c1Y0NS1ONjhJdHRMZWVQOFV3MkxFN1hMUXRySDZIbHFsMEFpV2x5ZTdlZm5wUjhRX3lVbS1pblhvYlM5eGsyWGtfX3ZRN0NVdA?oc=5
2026-03-24	Google	0.1	Bahrain pushes UN-backed action for Hormuz shipping; France tables rival text - DD News		https://news.google.com/rss/articles/CBMipAFBVV95cUxNSXlYZ0NCcnVhd0xhd2xsU05iU0ZRdGk4Y1paRnVrVTNyOThzdUU2dklvQmkyVnlYYjJjVHVUSGhsVmk3TDB1V0JkNVBvVlN5VExuV0xUQzFqZmNGTF9iLUdDZWxPdWJxQVljNm82dEJ3MWt2cGhwV2pkS2ZSZVlwMS16a05iR3NUekN5aW1rR0dDcldNNmVuQUlfVFBaWmJZZy1PNA?oc=5
2026-03-24	Google	0.05	Sensex, Nifty surge in early trade; volatility persists on global risks - DD News		https://news.google.com/rss/articles/CBMimwFBVV95cUxObFlGYkdQVHVscGdkVkxMRzNFZ3FVTTdyT3pzZ0JfTkNzOXhnOV9aTUE5S2EyV203eTBMUzNXTDc5NW91MGMwTlA3cWtGT1RpZlpGZDZ5eUxFY1VJM1JDazgxdFF2cjVVcWljcXdsYjFfamdScklKazR5WkdKMXlpRVFUNzZ4djkwSzVXV3VwdzRwcTViY29zZkxPbw?oc=5
2026-03-24	Google	0.0	22 mins ago | PM KISAN - DD News		https://news.google.com/rss/articles/CBMirgFBVV95cUxQSzE2UW84blg2SEdzQVBWVXdPSGJCOVUwTGIzQVBVcG8xNXJSVjEzRU9JTVlBYXBuNnpkbG9lazc5TE1PcnNfdl84bDV6MUpNazdKSDJubGRzVWNVMmlrb3RWcTNsc2tVWnllOUVzaHVaMU0tMFhkSGR4VDQ4NWlsbUNocWZVaVRsZERmbWVtb1hiRmR1bTUzdEdCbVROeTNsa3RucHpzLW9IbzAtamc?oc=5
2026-03-24	Google	0.0	Amit Shah, Rajnath Singh extend greetings on Assam Rifles Raising Day - DD News		https://news.google.com/rss/articles/CBMimgFBVV95cUxNYVE0Zk9LVUhkLTB0UG9pVnhpelQxOEZHaDdNRDR3RWd0NURMSnhQamhJb1JORVhZS2VlczhNMUVGdU8xY2tQdmZ1MllxaXEzUHY3OXRuUkRGbVZudlRPNFVSYXh1LTdYUHlrMzJDekF5RDZ2MnJKRmlzUTJaRmdXMTNFVTUtcE5MZGxXUkpEVVFfb3kzalRUcmN3?oc=5
2026-03-24	Google	0.0	Bahrain pushes for UN authorisation of force to protect Hormuz shipping - DD News		https://news.google.com/rss/articles/CBMingFBVV95cUxOM2tQWWVlZ3oxempxbXhmWkFOUklxckVzN3U4VGhqbXdSUE1JV0VKaU1lZXpDcEN1eWJla2hyOW80V3pKc2lCS2hoWnVlU3NLMm5LMDN0VFljRzYtLTN2UEdVcXFfMzlXVjNzQU9CNjRIem9UVVI0VWdKX0lLdzZ3MVpIRnNoOThpcWpoSGNkZDNzbnlnRTczTlhRcFdfdw?oc=5
2026-03-24	Google	0.0	Daredevil's DD Suit is Slightly Different from the Comics - IGN		https://news.google.com/rss/articles/CBMiiwFBVV95cUxOMlp1ZVNFQi02NUV5c1BFcFFuc2ZkVG1LVmFyQVNNWWIwTjB2TFFBUXR4c1g3X0VfODNiQ2cxcE1oS0N3UDctVGVKNmc4SWZJdlp3ak9HMVhYeW56NkduUzdjWVEtbHlLNFZJYldvSEdwS0dEakhaYW8tbEp3NFVIclBpbHRQWGdTeXRJ?oc=5
2026-03-24	Google	0.0	Govt intensifies regulatory surveillance against GLP-1 based weight loss drugs - DD News		https://news.google.com/rss/articles/CBMipwFBVV95cUxNX2VURVRpS2xDNG81TjlYLWVBSVF4LWxhNlplYmZrUC1VQTZhUXVGT1M5U0QzQ19ERWZFU1p4ZjBESjNleHYtZW1WX1ZaazUwN0M5Qnh4ZllNdUVQWGVTY3pEWlFEUTdMcDVXX0xTVllUdXNjZUdsdjBjY3BtekROV1pyUEFoTDBxR29ESEJVQlREZDVJSjI4M0NUbHdaS05kSjBacVdNNA?oc=5
2026-03-24	Google	0.0	Gujarat achieves milestones in fight against TB - DD News		https://news.google.com/rss/articles/CBMifkFVX3lxTE5GR1hFZEt1NG12NmNDbmFscFRjLS1KRjM4T0FobjkwM0pFUmZ6UDZJSVFwaVRJRl9kb1Bac3NMQ2hpTEpjMUIyck96VmQtOW8zaWk3NFhscDdENGVUN1J6NGZla2ZNVHYzZ19LVTR1aURPOGdXSHdZSi10SDJYUQ?oc=5
2026-03-24	Google	0.0	Health Ministry launches Disease surveillance program to strengthen response to bio-emergencies - DD News		https://news.google.com/rss/articles/CBMivgFBVV95cUxPWi1GbU8zWUkyZGpZMkV2WVZJcS1CclF3MF9RQTM4TzZfeDYzZVk4bzhBeWpNM1RjNkRnRUtFcjZVR1dyZUhzYW9NaUx2MnVtZHlaMzFYQWYyMEs4aXY2Y3VMbFB6S2Z3dHdqaGJ2emtTVXNGa3pVM0lWMFRtM0d2QzNSNS1YOE1uVFRacHdia1VkM0hTVHl4YlUtcVZWX29PUXVpajJRSVozdDZWcWQxZWZra2JpY0czbmNESm53?oc=5
2026-03-24	Google	0.0	India pushes industry-led water conservation and data-driven governance at World Water Day Conclave 2026 - DD News		https://news.google.com/rss/articles/CBMiygFBVV95cUxNam94NE1uNVZSaWNJZ3RGYnNZZGFJNUZWRjFiYkpyOFlsbmFZR1dKWVkzUHVjbTVGaUktN0NFOG1XeVQ4djZ5TlkydTlfbnU3ajZxX3p1TzBKQ1RfSUFWaE9weDA0MlFjbXMwcTI5MmRuc3d5X0gtY1pnLW9jaUlzVmZWVWJELXVQa1RDb1dmMm5YZTFhb1lHaTN5RFNuVWZFSEt3aDhZdjhtRS1qaV9sWUhHMzBkWkM2TU5KZnl1eXotZERWLU8zbDJB?oc=5
2026-03-24	Google	0.0	Karnataka govt blocks RSS event on DD Upadhyay at varsity - Udayavani		https://news.google.com/rss/articles/CBMitwFBVV95cUxQTnc3SWcyWTZqSUpGX1NzVlYxUUxaX3dQNmJaaklVMXozY0pxQWxKRVZsNmhpUWJuX0Vod3hBRVBMNWZlVWM3WW1CQVl3NEpvaFlrWWs4aG5rNS1HbVZiR0UzNlhLUDBYTVprVnZWRjdTM0FYWUU0ZEJNYk00ZTJTWmRQRzEwb1FJSHNLazVYeEgtZkd6WmUtSktXemhTUFlKcmEteXZ6R05FejdBVHE1OGZCLUpzelU?oc=5
2026-03-24	Google	0.0	Krka, d. d., Novo mesto stock faces pressure amid Eastern Europe pharma sector slowdown and currency - AD HOC NEWS		https://news.google.com/rss/articles/CBMixAFBVV95cUxPNzEtejN4TjJUQTljdnUxTGpqR1BiVmQ0dXpCOEtJeGowWmRLWElpVWZ4WXRBOVd6RVFheW5PTzlTXzFrT1MxNzVuSHU2MlB3eUlOVVlKbWllZzhsbTFRNVRjLXFIcmF3N3gwalN1V2ZBcHhIdE1rNmZjRUpGQWMyMnQwNEs0MzR6c1hkUy14RW55ZFJoRXRIM0JBSUxUVlpkZDEtVEhpQzR0WEU3SjAxMFFhV2F2NEhpWnROU0xvdDVnei1s?oc=5
2026-03-24	Google	0.0	Lucas DD art show at Franklin Park Mall - WTVG		https://news.google.com/rss/articles/CBMiggFBVV95cUxNdnZ5NkRxUHVtOFRWa3ZrVUtZZk1waXB6X2FjYXFaVU9pMFppcEFSSXIxR1VYZUNHaHZyMlVLX21WeVJnY0QwcUZQQkxEUWowOEtBX2VwLW5qQTUzSWh6RzI5dFNBellkd3VmRnNhb2pEdGx2RHI2SUVkcldYa2dxRktB?oc=5
2026-03-24	Google	0.0	Maharashtra govt to invoke MCOCA against food adulterators - DD News		https://news.google.com/rss/articles/CBMijAFBVV95cUxQLWVueGRwam9TSnFfRnJYTXFRb0ZGa0FscnRnVFpNVE1fUGtLRWlqMi1nclNBamVNV0N5eDMzUG9ET2VxejVGdndyUm1TRGFjd3hmcEFMdkNCWER0ek9RYV9Gak1WM0RkRHZENmFpdkFjWEdxYldmVmhsSmQtb05aOVYtWDJZMklRSDFsTw?oc=5
2026-03-24	Google	0.0	Manipur CM highlights agriculture as key to youth empowerment - DD News		https://news.google.com/rss/articles/CBMikAFBVV95cUxQRG5TM1g5V1JGY3hQa2w1ZlM1TG15YTVNVzhCdndGMk9uVkdoU2NxZVpoRENZWWJVYzF0aVdUSjk0eHZxZ1NCclNUZ1hnenVodm9yNy1WLWwzWHFSSHYzb0MtV0k2aFhuZUtQSmxYam81YVRILTJJaV84SUZNV09tVFByaExlMDB5R3J2WV9hOWs?oc=5
2026-03-24	Google	0.0	NHAI awards Rs 368.85 crore contract for Azamgarh South-East Bypass to ease congestion and boost connectivity - DD News		https://news.google.com/rss/articles/CBMi0AFBVV95cUxOUi1rcnFmRURqODRZN0w0MnFoakcwM2Y5RDFiYTk3QV9FaXhVYjRJbVJYOTRNRElMNDB3Y2NSRlhoVjVOckgwN0hSZlR1cXVGWXROMlQzMktna2RPQTRGX1U2eGtCQU8wcy1zN1NTczBkZEFpUXNqS0JkZmpMaDMycVlfd3ZyZEFMd1RMYmxnZm5DVDVadWV4SnlwWHI3Y2RlLXVLbGt4V1liMjNyRmNYamdtWWpCNEY5djNwek4ta01zdy1DSnBDREg4UGpQdkpv?oc=5
2026-03-24	Google	0.0	National DMF Summit concludes; govt reaffirms focus on mining-affected areas - DD News		https://news.google.com/rss/articles/CBMiowFBVV95cUxPQmZzX2xsb2c5R0puWGdHR1VnenNxQ1JjbmI0WXN6OE85UkFxaEJ6TTcwNlgydlc2X2RsX0RBWVpqXzZabHo0QU01WWo0TUpxMm15eFJhNk5QWVZLVzE0aWxwMElpMVVINWxKRjJMYjE2UTloZU1vMFZ0NkJyeUhPN2s5OEgyejRuYjI0R09CSUhhOTgzSV82SlVaRGFvaVRheEVn?oc=5
2026-03-24	Google	0.0	News On AIR | March 22, 2026 1:17 PM - News On AIR		https://news.google.com/rss/articles/CBMijAFBVV95cUxORnhnS1ZGUTY0U3lCS0JGM3A0YzdiNEhjUzJ2UVl4ZTF6d2EzN0FuTUFOTDd0MUlpNmx6eEpESXdURWk5MHB4Ui1ObDYzazJjYTAxcnJNZmdvSnhMUUY4RFBJMkVHRkFVeGhITmh5WEdYME1EWGdhbXdDSVNQM0ZGSGsxbGVjT1FyNF9TNg?oc=5
2026-03-24	Google	0.0	Odisha govt issues heatwave guidelines to protect labourers - DD News		https://news.google.com/rss/articles/CBMijgFBVV95cUxPSHdTRjBvVW9PSkR3a3dpeFBuUnp3YU5rNUJwVW5udU92TGlVWm5QQ2lhY0Z2SDVHYm8zVXM3d1Y5N1lsM3dHYXRDMGJwTjFObGlPeDlMazNjLXh4Z1hSUDRLTnlDOTJyYXRSbEt5NThEWXBuNTViRkVmMG51QU9oQjRfem5vbjNjS1NfYkd3?oc=5
2026-03-24	Google	0.0	PM Modi, Sri Lanka President discuss energy security, maritime stability - DD News		https://news.google.com/rss/articles/CBMinAFBVV95cUxQWEVibktBekdKcENsaUdXWFJhMVNFYlVDTV9FWGR2dUwwN0tPM0RfdGhuZlRGNEd2UVVrV0twdWlfcjVPNHJwSFY0RXE2c1p6V0taSWtNMlNXWFpuWWl0YUFzZENQaTdPNnJmZ2VfVlVia2JEWjRBeVVQY0thZkozVkl1Uzg5SWlLcGtscW1mdU1pWGxKbjN6OGoyNEk?oc=5
2026-03-24	Google	0.0	PTA-DD: Siemens Energy AG: Managers' transactions announcement according to article 19 MAR - TradingView		https://news.google.com/rss/articles/CBMi9gFBVV95cUxORDNEUW5VZ0ZBRGx3b2cxaGdnQ1BySkRCQkdEX0MtdHdSRk9zdGlTYUNjeEVPVjQ4ZlUxRXJXSHZsaEx2aEZaak1JWTR5WGNFaS1yNW9CczVNeTJrc2daVDJBN1JGTm00RmRMa0d5d0U5UjJ3S3JhV2dkdUlKaTBlMTdsWlRibktLZDlWNTR4NjFsb2FDcTNJaUVESGt6XzRtbk9MLXh6OVhqeUNMQ1NPOERhZjgyeDhCMjNqcVp4V2J5cUFfTkROQmREVERQRWFnNlIyNVZRcHdQczdvclZidTI1R0ZpaTBIYTdRdTJRSkVJSXVlT2c?oc=5
2026-03-24	Google	0.0	Resilient export growth continues; India crosses $714 billion in FY26 (Apr-Jan) - DD News		https://news.google.com/rss/articles/CBMiowFBVV95cUxQZ0xkVmdweUhZdDBmSWloV3VGXzlzcU9TWm5qVmt5b0V2Y0swdjhONFBvVU1SbmM5RU5lOHl4SDI3Zm01WFpzazVWamdyVDNpbmV5MXU2NjRsbXNuT1pndzduLUY3Y1dwcEU3YzBUcDI2X0pGenJhR01Ub0RMWDU2dEdvUC1LSU5Jb0gzVkxMMVJZcV8zLXUwMXBiajVxV00xa1E0?oc=5
2026-03-24	Google	0.0	Vandalia partners with Montgomery County DD board for events celebrating all abilities - WKEF		https://news.google.com/rss/articles/CBMivwFBVV95cUxPc2ZqZHBBd0ktSFFRSUV6WjJFNE92UXQ2aGd3c1lMeHpiU3NSNDdGZFVQTnNnRGhGQThfT1IweGdzMENqLXk5bUFjS2Q2R0JaY3U2LXVOSy0ybV9ld3pPNWtvWU80emxsbVdkTjdjQ0g3dlMwWkVvS1BlUEFEUkJXR0M1SnlBeDZQWGM3MFBzM3hkYUN0NGtma09BVDAyYkkxdzlQbGl1QmhISW0zcmE2NHR4MGVqaWNPME9NUXU5bw?oc=5
2026-03-24	Google	-0.15	Colombia military plane crash kills 66, four still missing - DD News		https://news.google.com/rss/articles/CBMiiwFBVV95cUxOWHE5NTU0WEhHa0xEd0E0S2R5dG1UTlpvd1l0OU9VejRxQUROOFpLb25zUEtUbnVQaS1CVll6RW9ic0NBNjlFZ2M2UTIxTUxPeHNFQklINFQ0OXN1VjFzem1ZQkg5eGJGbHg2QXhWNVh3MEhnb3VuS0JvaUdqU3dqZkw4a2p0VkRPakQ0?oc=5
2026-03-24	Google	-0.15	Italy’s Meloni loses justice referendum, denting her political aura - DD News		https://news.google.com/rss/articles/CBMilgFBVV95cUxNLS00a2lFaGh3OVRuQUN3TUhQZTBRaU9xX1pIa2hYYS1mSnc4WHFUM2prZjR5UU42dU1qMk9aOEVEdjBDMzZLRmNHY0tub08zaW5mTUkyVVNVOS05VmdJUTRSR2RfUGdTQ2NZdS1kV0JvN3dYbHdIYVpPQ3RRRnp2d3Q0V3htMWVRQW4xd1l3WVkyT3M3QlE?oc=5
2026-03-23	Google	0.5	alfani Miraclesuit Women's Pin Point DD Loveknot Tankini Swimsuit Top Women's Fashion Shoes & Accessories Hotsell - bahmut1571.com.ua		https://news.google.com/rss/articles/CBMiV0FVX3lxTE16MVNySmVaenJtWHRTTnduN3BBQnEwSWpvUElvd0lWVklOSzltZkJ3bzIwTXRHS0xmOE8yZXoyOFNpOHBUbENRVHQ4SlBPX1BfczVwT05aTQ?oc=5
2026-03-23	Google	0.4	Ashwini Vaishnaw Launches AI Skilling, MyWAVES, DD Free Dish Access - pragativadi.com		https://news.google.com/rss/articles/CBMilAFBVV95cUxNRi1kTmlEaUtjVUdaVk5IaXh5QjFWUktLRjZQNnlNbVAtZElKSXVWRjY3UlRUXy1lNUptSnA2VHdWNUxYeTFiSVpuY3JidXJ5ME1La2xOODJIOGpFNDVuU0dHUEJOMExnZ05QTVgtUlB1b2FDaFVmUkdzLWlmamIyUWkwUnBudHY5cFVKc0tIa3l5YkpK?oc=5
2026-03-23	Google	0.4	Govt rolls out AI skilling, MyWAVES; enables set-top box-free DD Free Dish access - ET BrandEquity		https://news.google.com/rss/articles/CBMi4wFBVV95cUxOUERsTFlmQ1d1QnZqLW91bEdiQ25YYkF3b294aXcxQU9QeXkzbEZ6TU4yN2VtVURSLS0zRm1RMDJOazF2MFFDZEVfTWJwQXZIY3h5UmY1SHluOGw3Yk44c3diNUpqTFRHOVNZc1pqY2FuZG5ISnBnZEtpcThFWV9xRGJMeFdqTXh6WjVlaFhGVFJGN3JTSW1ncUNXTjdmdkdHeXdTS0t5UVhuZmtoSHJUbi1CZmhhNTVaY1BRaU5vTFAzSkd0ZXlYbmhSVngzLURxNWc1Ti1pMktEMmxTeFZiQnFYQdIB6AFBVV95cUxNMFlRbEg5V2d6ZXYwRjNua0JXd0lQdGdxTGs2YnFWQXczdmlyVzdrMnFtOXNXTHJjRUZ0TmlFTGlQMDVvRWkyTjNKXzRYN0JiQVNzX0V4dW16QTBnZk1YVUlTYVZqR0JWaVJpT1lTQ2xvUVdrWjlfVUgtM0JQVWhfOUJZMVlSbjFCV1o2anRJdHlOc3pKV29uWmVNLUZqd1RVZ1ptZVhrNVVHSzJUMEx5M0RKa2V5a09rNW92R2ttY3VuWFZEOWFodWd6Y3NKeGlZak05ZmF0eWV3aEJJWE1FcmlmTkpjRjZk?oc=5
2026-03-23	Google	0.4	No set-top box needed for DD Free Dish | Govt, Google & YouTube launch AI skilling drive for 15,000 youth - Storyboard18		https://news.google.com/rss/articles/CBMi6wFBVV95cUxQbHVZVEhNZE9zRUhOQmhackpyVDhrOW5rbVR2SGo4Q1NZYUpuY1NfdjNwQm1Kb2o4d1c4enZEY0ZpajBtamlNbHpZYmhuWllnTENoLUZSdXF6bjBRSGpFam1IN1NRSnhHeVVRZTI5RkJicTAwazlRc3FKZlJIQUN2bnNTUV9oQ3ctb2lSN3FDRjNKd0RadDFWRGp6ODZjVGZ1UnBXd1Q4SjRSZzVJbngxVk1MTWRYZElwMmVvMy1kYVB1T01wazF4a1RGdGJGVG9nYy15NndUeHd0cXZrZXB0cDhMVGV1TGpmSkVV0gHwAUFVX3lxTE1zZTJlUHk4UmNkSEJ0S2E2dTJzdlJtTE5ialoyZmtzQldVYWZDVTliOWZBOFJrbEFBdk5EVW9rLWdtRFVqN3VmUVhWNmRjc05fSDdTeWNMbnJLalJ4N1haT3NJNDdGel9xc0hpRUxFYi1YQ25OaDZobEN1MnBFZlZheXc0Y2hUTWhvdnNZVzlRY2VZczNMQWJnTmZLQmJINENhVEpmU3hYMzZXdHZfMU4zZHlZUXM5Szd3NVBUWElsOGx3V1dTSVpHdmFsMjY4VTgzUUFnXzFkWmlLblNYcmprdE9tWnhWNEFQMDlzSUQ4SA?oc=5
2026-03-23	Google	0.375	DD Free Dish 97th MPEG-4 e-auction: Here is the full list of 39 allotted channels - bestmediainfo.com		https://news.google.com/rss/articles/CBMi0wFBVV95cUxONlBjcjRtVG1RbFZVOUFsMGZLX2p1VHFqTDlZa2pQRnpheU1UaDV2RXRGN1BxZ1hHUkhqTWdNZUlwOXl2LVNsYkNwWDRkOW9iNzl5NGpKbW9NdEktZ2xqS1JqeF9ObDV3VWlaSDhObEg5Ymh3TDhkdTYxNFdSaUhya2w4S2NRY2hVYVdzRG9MUFI4NTltelowVElSVkZPN0hhYkZyRzRrZFpSa3hZcE1kcGdSYXRVWUQ1MUJfNnlGNGxwWlZJQkp6RGNTQW9Zd1JVQW9n0gHTAUFVX3lxTE42UGNyNG1UbVFsVlU5QWwwZktfanVUcWpMOVlralBGemF5TVRoNXZFdEY3UHFnWEdSSGpNZ01lSXA5eXYtU2xiQ3BYNGQ5b2I3OXk0akptb010SS1nbGpLUmp4X05sNXdVaVpIOE5sSDliaHdMOGR1NjE0V1JpSHJrbDhLY1FjaFVhV3NEb0xQUjg1OW16WjBUSVJWRk83SGFiRnJHNGtkWlJreFlwTWRwZ1JhdFVZRDUxQl82eUY0bHBaVklCSnpEY1NBb1l3UlVBb2c?oc=5
2026-03-23	Yahoo	0.3	Bet on Winning DuPont Analysis & Pick 5 Top Stocks	Do you have more faith in DuPont analysis than in simple ROE calculation? MYR Group (MYRG), Blue Bird (BLBD), Guardian Pharmacy Services (GRDN), Ubiquiti (UI) and Everus Construction Group Inc. (ECG).	https://finance.yahoo.com/markets/stocks/articles/bet-winning-dupont-analysis-pick-133200060.html?.tsrc=rss
2026-03-23	Google	0.268	These 9 channels leave DD Free Dish from April 1; 4 new channels join - bestmediainfo.com		https://news.google.com/rss/articles/CBMiwgFBVV95cUxQb0FGYWNyRXc1WUF2VVlPY3V5ZTBfT01rQjdrbzZvWWJwOEtnbE9WTk93dnluU3MwX3JXVmZ0LVNURzhpRUp1SHI2Q2ZBV2xrWXpQejM1ZF9sSmo1b1N6b3NfdmpmTlJFWmo5bW44UlFpMXh2SFhHTkYzRk00UGs5R1g3X3l3MXpwaFNSTnBxcmxrUS1LWkZmTjQtYXlPVlFoaFNLSnlDZnJxQ2FpUWtwNi1wNVNSazZWVXhpZ2VielZuQdIBwgFBVV95cUxQb0FGYWNyRXc1WUF2VVlPY3V5ZTBfT01rQjdrbzZvWWJwOEtnbE9WTk93dnluU3MwX3JXVmZ0LVNURzhpRUp1SHI2Q2ZBV2xrWXpQejM1ZF9sSmo1b1N6b3NfdmpmTlJFWmo5bW44UlFpMXh2SFhHTkYzRk00UGs5R1g3X3l3MXpwaFNSTnBxcmxrUS1LWkZmTjQtYXlPVlFoaFNLSnlDZnJxQ2FpUWtwNi1wNVNSazZWVXhpZ2VielZuQQ?oc=5
2026-03-23	Yahoo	0.25	BASFY Unveils World's First 3D Catalyst Plant in Ludwigshafen	BASF launches first industrial 3D-printed catalyst plant, boosting efficiency, sustainability and custom solutions in chemical production.	https://finance.yahoo.com/sectors/technology/articles/basfy-unveils-worlds-first-3d-120700190.html?.tsrc=rss
2026-03-23	Google	0.25	No set-top box needed! Govt enables direct DD free dish access on TVs - Storyboard18		https://news.google.com/rss/articles/CBMiwwFBVV95cUxOd0paODJHTEpwOUQycExjYmdqWjJnWDFWTGNSM1A1NW5VMk9qTHZtSlZmdlUzZFlWdlRVT1ZPVHZSSjMtbEVnRFNmRDA2a2ZMWFdWSml5Q05mN0JaQ1dnS18tQmFHN2xXLUFrdWZWQmhXczIzaTBGdFktY1NCcVhFdDRWLU9HZTVFanRxT3JGLTg1ZV9NRTM4c2NndmcxNEJqRVlOM2FlWmN0YlBFZ29Rb1pvbFc5YTRQbmd0VEtnWmhWSmvSAcgBQVVfeXFMTnF5ZHZBRzdITGRkSktwYWwwUkdnRkx0U1VQUWlxSmRCRXByMEJVWV90NG9RWEJQVVFXcVRST2E4aGhEWWhzbmo4UVJNMnBOV0hrNnZFalhZTVdkV0tDamMwbzRwWFdrMkpmY094YTI5VWo2dUpoMGJMVklFN25jWGJQV2w1VEc5c19RRzVhMGFzMnRLeEQ0ZkVvVVhodWQ5RnVxWXZ0NVoyTHB4YUJNYTRJdmNhNWFSOURUUlRxU2FNWk9JcWNuNGI?oc=5
2026-03-23	Google	0.2	Ashwini Vaishnaw launches AI skilling, MyWAVES platform and DD Free Dish upgrades to boost digital content ecosystem | DD News - DD News		https://news.google.com/rss/articles/CBMi2AFBVV95cUxNSEZKNzBwUGNmbG5heWVNZFpjbzZDUlpkY1p5RlAtTDNlSG82OVVfYzRORm5pVktKYlNZQnlVQ3pJVHNjREd1TG83VGZUa0ZnUy02dU1pV2pzTFVnczV3SUUzVXBLUjVIU0lkTzRiXzl4dGVVZ1FiajlSQ3pqRVVJS2xMVWhsMzItT0p5eTJmbTdkNGxfcHJhNVprNGhWZ1puUVZkZFE3OVZ1Rmd6cFlxTlBCb3NZOUpxeTBOUS1IcmUzWXVOSnZyT2tPdF8xeXNUQlQ2Qjdud0M?oc=5
2026-03-23	Google	0.133	Political parties can campaign on DD and AIR for free with ‘digital vouchers’ issued by ECI - The Statesman		https://news.google.com/rss/articles/CBMi1wFBVV95cUxOSFFkMFdPVEFOVU5pbzNQTnFpX0ZQQlg4RE90TERUOG9QWTBYanUtY0x4TGlSUHlLYjR6Rms2VUtDam1UbTV3cVJwTHg3ZUVDcjJlSkJKbHZmYzk5NFZXYU0wTGRsR1BIRk1WZ3lTTWxvbUZ2Z19DMEFBbFQtVWpjU2RSd3k0VnJuR3dDR0tiWlJzX05DVWg4YmduNWdvUV9wczFrZnVkS3p2VE5OMlJjcmdkWXU5NC1acnBYc1BRTzVlMHVoZUc2cUUwczI2bHZIbjJaNXJJZ9IB3AFBVV95cUxPZGVPMWtXQURvVTZNcHk2Rjk1Q1k0TVZwVkZjRWlDbGt4aTlsRWxZSXc2U3hpbUJHVm82SExGRVMwLUZvdTlHT1ZYeUtfVnlQMHExRk01WmJJVC0tb3JkSE8tak8ySGl0bHROOW9IaGN4c0pYcWtQNWN5MXlvYnVPbERUYXVhV3hDMnVtVG9kWjdDUU1nSkNmVmk2eC15Ul8wX0tUalRNM2RQSFNjcV9uVHhmeHRKNVpmNmNleUVSMVhCQ3hjNXduRW9kVjUwS01HbjhNRERMcms4ZmJn?oc=5
2026-03-23	Google	0.117	Kon?ar Elektroindustrija d.d. stock surges on strong order backlog amid EU green energy push - AD HOC NEWS		https://news.google.com/rss/articles/CBMixgFBVV95cUxOU0dIY3BZRURMWV94dTFMZFd3Z0xqeE1DcEhYcDVPVXhqN2VGWERpNUJOM2REZW02ZWFpV084WDRHWmplcE54MmJHS1FKYnBEendCUTNsZ19DMFg4Y1FDbE02d2c2SUd4THA5TlQzYTVwLXl0d1V0NTNvOGxsTHF2WVhObkpFQ0RKVmtGR2VqNkdIWlRha3htVVRaV3hkQjM3andvNkJfeWVYRGFDMm9DeEVBdUQyc1NiQklHcUFuZDUweHNyb0E?oc=5
2026-03-23	Google	0.0	CM Rekha Gupta performs ‘kheer ceremony’ ahead of Delhi Budget Session - DD News		https://news.google.com/rss/articles/CBMimgFBVV95cUxNSVVhZGprQ3RfdXlDMkxQZzhCNVMwdVY1d2NwMGtsM0JuZm9TZlQ1Qjc5MnN3WklNSWFMdGhySUo3X1pKVW14Q1J6czJVd2p2WU94TWpCczU5ZDNJTzJtb0daZ0RXWmoxSXZMZm54ZnhtX3gzNHRpcjJQX2ozTXl1YWFNemtMcWM0REt6QWxRRVNMUzBIOHdlT0dB?oc=5
2026-03-23	Google	0.0	DD News’s Decode ranks No. 2 in 9–10 pm prime time: Sudhir Chaudhary - PitchOnnet		https://news.google.com/rss/articles/CBMitwFBVV95cUxPYnc4T2VaTUxpWTZUNm5tT1hBSGtKUlhyQXdVT1p6c050Q0tjUTZlellzUEJVNDRrNEFwbEF3N3dkVmVReWZLZWhkc0M2Z25NWjdoclVUbjROTmttTXVtQ25yX1ZaOUUweW5jWXk5Y2E1MEdzcW1OMDdsZ1htSGJsRUI1TVJVSW9wdFd6TDNISUZYZkxxVk16eUFWV09VdWViVk9iNVM0ZFdSeWpxU2UxcE9FVFMyTVk?oc=5
2026-03-23	Google	0.0	EC issues digital vouchers for political campaign airtime on DD, AIR for upcoming Assembly polls - Adgully.com		https://news.google.com/rss/articles/CBMiygFBVV95cUxQLS1pT3FyaXVsbFphdDVKYk1OQkJVMGFKMEpVY1c1Rm9SY1dYX245R1hOX1Y1ams3bUVaVkZUMndPa2NWejRrN29semNkR28xdzNJeUtNNkZZWnR6bllYbTk0NzZSX2tmODhQY3ZfWVFWbHFwRDBWY0NWSFAxV3k0R2twZS10VUIzY1VCcEVYMUNGZUhSNU54aW9GQUg2OUVjT1Y4Ty1sd0RINzRaa2psblVlcW9jM0lkR0w0bXdUQlJtNXFna1NIRjB3?oc=5
2026-03-23	Google	0.0	ECI Allots Slots For Parties In DD, AIR - Deccan Chronicle		https://news.google.com/rss/articles/CBMiqAFBVV95cUxNTTFUdm1VeDdfTTRDQlhzUERwTWx2Y25ZckZsS0RmTnRuQkpjRjlVcDgwT19aLUdCY05RNzB1QS10cVVsYlhyQ215VDBCS2FfcnA0dkl0aXZrTGJ1bkFzYzV4N1dnMEowMzFjWU90dkliWHVVREhldC1tdm9iUW10azRQdDVqdFdoOWdMZ1VnWG9janBIY184ZHhFYk1iSEdlWlNKR3RxNVbSAa4BQVVfeXFMT2tHQS05bnM5OVZxTVR5d1BzcTR1Sm9wZXJEa3FwY3hDcm9GNHJZUHRzUGxocXd3SHk0NUNVbl9kQXNyMl9ZNlYteVZ3SThVTzRtTmFqTWpUMEIySWlCbmQtODhnb1dRNkx3TkxtMUpEb1RhSUpJMXNqa1QtNUt2NVBwNFo2SDJiQ1RVaGNDdU15Vjc2MEpBLW9jU0ZsYmlvZmVCMFRoYmdZenM1a3VR?oc=5
2026-03-23	Google	0.0	ECI allots digital time vouchers to parties for DD, AIR broadcasts ahead of Assembly polls - DD News		https://news.google.com/rss/articles/CBMitgFBVV95cUxQSGxJUTA1T21oRFBjUUJEUXptS1hRVUM5MkZ2TVgzLVNIZkNtSHZLVFFzX1R1MGd4eWk1NG5LdmcyLU9qOWYzc1kzUzNnOC02V05oWl9fLVd4SDJSS1RRVTdMWndFOWJOTUFJMWVRRl9EM3FZQlN5bGNpRVdPbzlkMGt1RmZybm0zbDBuaU1aSWROZGFRY1FDYnd4VGJsSzhCdlJObnZSV2dDM0N2UWVqaGY5ZmF1UQ?oc=5
2026-03-23	Google	0.0	Gold, silver plunge up to 6 pc on global weakness - DD News		https://news.google.com/rss/articles/CBMif0FVX3lxTE81WDdGT0hBNnlMT05mWElQdVhhdVFlSzdMQnVqbWlVTFQwcHRCLU5IZUFYUzZpSFh2VHpMaFhYUGtaSUN1ZG5aVUJLZzRObmdZQkotcm41ODlYaW9zeHBfdEJJczZvVW5heHNYZUtMZXRIeENiREtjTV9FV1hkR1k?oc=5
2026-03-23	Google	0.0	Govt introduces set-top box-free TV viewing for DD channels - Tribune India		https://news.google.com/rss/articles/CBMiogFBVV95cUxNamNmOHJtUDUtaXBQdUZYaFNwS2cwY2YwdEQwSWxaMDEzakxPNUhzQkcyTkc3ejVua0x0b2t6X2pib18tTzQwSTVrWG5xUFZFTjdfMzVzWXF6RVBZZ3BnejJnOEFxNmF1ZTFOcGZCclZrRXJLNmdBMEhHLUpZTU1Tc19RVTFWdHJRT0FKRVJFbkotaWIyclpHQ1BkY21nYm5ZVFHSAaYBQVVfeXFMTi1qMXcyeWo0OVNyUmQ5djdaNGwySkFVMXpjYnVMdFFqWnFPS0xreFZCdElOQ3Z4VlBLY05OeV9ncjh0MG9vdHhPMVppYzFiMDVOYTFjZzBpS0NKX2ZyenpZQkd3MVdWLUswT2J4VDZldlQ4ZzZRQ3VmVEZfT0pJMTlPM0lZU0RqSjNNeVZLSDg3aDVsLWRkSkdKN0dxQTBDY0JNMldxZw?oc=5
2026-03-23	Google	0.0	Gujarat records Rs 2,500 cr-worth development works in 3 days; Mehsana gets Rs 938 crore projects - DD News		https://news.google.com/rss/articles/CBMivgFBVV95cUxPZE0tX2RwS1dsX2lqMnQ0QVA2VTRCV1dOQURKbGZuSWdKaFpaUGxGcGNGY3A2T3g1d2Z3NTgyY3lpc25XLU1pbWp6WkdsYlVudlQzZXFua3lfRUl1S2xoQzRVZEFaTkxQTUVUZTRBQmU1bzhCUzlmeXNpVkJCaTNSbjJRQnkySkI0YXJQdjhCM0pObzY3YnFLQXRlRlRzQzN5VzN2bHZ6SzNsdzI4V0tXY2V0UUJCeExQNk8xcFFB?oc=5
2026-03-23	Google	0.0	Henry County Board of DD selects Bialorucki for Community Champion Award - Northwest Signal		https://news.google.com/rss/articles/CBMijwFBVV95cUxQVnluS2VtZkxVMk9DUjhrUXMzS2JCSXhlTm56dmU2MlBua2FKR3YxVVFxdTBBM1RYZ192YmVKeXRmZTUwSzd5eVF5ZkZwcEwzQ21PYVdDQUttajVKRXVRTS1RN1Z1bzJWdEJsNndxSVo3NnNDemo1aHg3X183M2xKVGs2UFN5ZUE4NURzYnFjZw?oc=5
2026-03-23	Google	0.0	Israel-Iran strikes escalate as threats to infrastructure deepen global energy crisis - DD News		https://news.google.com/rss/articles/CBMisAFBVV95cUxQTnRMcjY2bUZsLWpnWEMtNG9mMHpuWDRoOWRrMHBUZmt6aWlhOWZZanF2WFpmc09lbFQ4V0hKeVQ1SWpxVVA0eXVzZjBZM3dxaUdaSllzWVEyY0ZuUEFfOHBtbFBwWnlHQ01IMF9NYk1zamhhdG9uSDJjNS15bVRtVS1BN3BBV2VEWXpzU1V4NjRseURvcW9EMzJLb1R6WWFLRFFnY2hTZzJySXdIamxzYw?oc=5
2026-03-23	Google	0.0	Jadroplov d.d.(ZGSE: JDPL) added to Crobex - marketscreener.com		https://news.google.com/rss/articles/CBMilwFBVV95cUxNY1pTcU9QdlQ1S0FMZTJRY0cwTEpydGFjcWZaVlA4VjU1SDZCT3E5aFlwQnJlR3BXV0U1djVmRHFkbHNucHJKZmVCUG92R0JUaU1tNEQySFVmVkxHaTl1QVlzQ245d3AzalFnRTZLNWw3UDctRXZiTmpCNndQaFExdmdybEs5YmZsWkxpeVRnc1RSZHJacWM0?oc=5
2026-03-23	Google	0.0	Jammu’s biggest Tulip garden set to open soon in Sanasar Valley - DD News		https://news.google.com/rss/articles/CBMikgFBVV95cUxQY2FMXzVVbXpIb0VUN2RYX0pZTkNXRFJzQU1mZjJRYkhtX1pUQWE1U01aQWl2TjJGc3ZzSWJWclRIcHJEdW94a0x1bnJlcFBVbWRoZ1M3THNGZjV3b043cDM5eWVPd2xQcEpDSWI3al9hWklwNnJ1bFFVYWVld1lsVzJ6WnlGa2JpaWVtRlNMTGJSdw?oc=5
2026-03-23	Google	0.0	Luka Rijeka d.d.(ZGSE: LKRI) added to Crobex - marketscreener.com		https://news.google.com/rss/articles/CBMimgFBVV95cUxQQ1BKNUtMMEN5NG9LUEN6M2Rvb3ByREh2Vkc0czUwVElxM2V0eVc5YTVBenRGVFdjbkpzU01WNnl0VFNPRlZ1ZnJwZjY5bUlNaTRTWVI1cTQ5MFVrTEpzQ0FQS3NuYWVqQ1FPdGx2WkpaNVNraUZNUDk5MktwUEZTbUo2OXM0dnotSFNqc18wMjItcEZVV1B2U3hB?oc=5
2026-03-23	Google	0.0	Maistra d.d.(ZGSE: MAIS) added to Crobex - marketscreener.com		https://news.google.com/rss/articles/CBMilAFBVV95cUxPQm1mSnFkOGQxTjBjXzVNU1lwUHpaQllEWllCY2J4YjB2MXY4c0lVaEtfTDdIVzVxWXo3VVN4aVc5bGNoNHkxVWtQeHFNa3VsMTBTOU9HUUhlekxxWUFtYmZ4YjJJaC1MS0JKZWRkV0QwZGVSV2ZVZHNOWE5uOVEzRW5sUEJfd3BKQnVha3lMZ1diTW5M?oc=5
2026-03-23	Google	0.0	Manipur launches ‘Ningol Van Initiative’ to boost forest conservation - DD News		https://news.google.com/rss/articles/CBMimAFBVV95cUxPdWlaNG5zWmszN3NSVU5EcUZ5V2xKeHFXLTE4cFo5S3VIX3kxSjFQcndubVo1VmZmLXgwS3pHSEYtYXlQdXRFYVlUb0t1NE13NWtKcVlxR3BrMl9PeUVrVXl0YXBHUGhXNm1mdm5OdGFKckx2U0pIZ1FOajhqc0FUUzdGV1ltaTlJUHJiaTM4WF9WVVB5bmJuTQ?oc=5
2026-03-23	Google	0.0	Morning drizzle, temperature dips; Delhi records 20°C amid thunderstorm warning - DD News		https://news.google.com/rss/articles/CBMipAFBVV95cUxOQzBTR2UzUkI2ZFpZbWZDeHdkMTNZNkdhZ1VTQXYxUmFMMVp0bEJ5UWdtWm9KRHJoSVhTNXhUMlJEN2tZOUJDWjB0TWRyaU53X3hoaWtIZWRORHZPNk0tRTFjX3JQS0hKc1Y5V2lmMm1jN3pYTzFpYlBGOEVpTDNFcWh1NlhoWUw5eVB3dUg4TmRJcFRwUmUxbk9VY2p4NzBDcEs2TA?oc=5
2026-03-23	Google	0.0	Navratri festival: Over 30,000 pilgrims proceed to Mata Vaishno Devi Shrine - DD News		https://news.google.com/rss/articles/CBMioAFBVV95cUxOMElvcExwbGlwUXRLVGF4WkEyUVJESW9BdWxTRFdLOU00cEJoWHVHTld1eWZiX1hHWGlFWFBSWnVkeGtQNUpCYi1qV2xkVE80MENtUnBCeHFQUjJCWFhIbTV5ZjYxOHhnMldUX0tjZHgyVDFYYUYtMlp5Z1VwZUtHZVNIenJMR0ZuRHhpbVpOYUNJdzhnTnFGX3BYbzREZ3VJ?oc=5
2026-03-23	Google	0.0	Over 81% rural households now have tap water: govt - DD News		https://news.google.com/rss/articles/CBMif0FVX3lxTFBqXzB6VTBrV1NyY1plOTJqZHNCMFBxN253RDZueS1CeXZlck9pVEN3YkJZTlQ5ZVMwU2U0UHpvWkZmTmNoZUtaV2NEdks3TzBOUmJRWmE0SjZ0ZDNHRVBRNHE5eW9Sb2hHX0RRTmNWaGlyT0JpcHo4czNsZ0hjanc?oc=5
2026-03-23	Google	0.0	PM Modi addresses Lok Sabha on West Asia crisis, emphasises energy security and safety of Indians - DD News		https://news.google.com/rss/articles/CBMivwFBVV95cUxQclE3S21GM2psSXJpUlJkNHpZT0w3am52bG1UblFWd1cxcTNwM2lxYlJ2b1dLWC14XzY0Nk9lMjlMT3hPMUliS2tORGJhMC1EZGtya1BIU0FxMm1TY1JiN214SUZoUDQ2dWdjb3FORkRCY19EbWtOLVN5LW01ZGxPSVBjc0NvNVVGSGlENkdmZ0ZFTjFVX1RSYnpwWWtQWmk2ZXJvc2pnSGhTbHBBYVpNRnREX1FEYVZ1bUhWZzNkZw?oc=5
2026-03-23	Google	0.0	PM Modi highlights India’s human-centric AI strategy, shares Dharmendra Pradhan’s article on global innovation vision - DD News		https://news.google.com/rss/articles/CBMi1wFBVV95cUxNUDhfLS1CTUpYbWZSQ1haV0Q5WUJfMGJVLWJvaG8tTE1BLWtwVHVIM2RQRXA0eENqcHE5Z0FLblZmNTREUUdyOUwtcnJuSVc3TnJYMGxfVkNTcERrMTRYRXEyZk9Wa25FaWJZU0h5dVFucFQyUUZCOEFkclpfOV9wZmtydXdFVWl3NVl6UXR6YXhIZUViU0RlaXc4Qjh0SUhpUHhGVm9wVU9OS3daVjRTZXFEMFlQZXJEYUI3akhBT1ROa3o1ZWkyQ3RoaVNpOFBqai01RkpOZw?oc=5
2026-03-23	Google	0.0	Rain lashes Rajasthan parts, weather alerts issued by MeT Department - DD News		https://news.google.com/rss/articles/CBMimAFBVV95cUxPanBZeUxwZjZ6UENvVkhkZGpDam9CTGlqYXc2dDFjN2d3aHYwWHdNNXdOdGV6ZnlzTkdCLWpLTEp2aDBHaVlXdURoTTBNRVlKYjIyc3FKS3cxTmJaU0JiamZRT0FIWXJDMUlabjAtU0tDZmQtOFRtcGxZaFo5NVdCQ0JHUkVkY0NGNC13cUl5Zmp4MVA1NmZubw?oc=5
2026-03-23	Google	0.0	TOKIC d.d.(ZGSE: TOK) added to Crobex - marketscreener.com		https://news.google.com/rss/articles/CBMikAFBVV95cUxNbFpWR3ZPeUlyb1d6UHB6azJocm5RR0s1MzRCVUZnMC1kWFFDYUdiZmdQRlE5MzYwOGpiZXY1bVZDNXppUS0yMHJGbkJtRThRaGxxdDc0eUMyRkZGNDB1bmZYVmJqdl9ubWF5UXhMZzgxV0lURmNrMzE4MXMwaEJEZ3p3QTN4WFpuRzRvRnBvV18?oc=5
2026-03-23	Google	0.0	World in ‘Worrisome’ Situation, India Moving Ahead with Confidence: PM Modi - DD News		https://news.google.com/rss/articles/CBMingFBVV95cUxPbDVhRUtRM0RpSUpBMlU3T0tEdTZ4eEVCdm0xeVdjaklnbUFOZm54WGktdVFacDZvNUs3OHprdzlUa3RuRWhTU0JGRmFyUFV3MklGSW1rREhrc1FYNC02MlI2YVJlbDhCY2R1OUI2aHE4QUZwU3hZaVJDWWFYMDNqNmFDbXYyZ1EtdUZJVWRabEdEN1lDb1NESXJSTTBDUQ?oc=5
2026-03-23	Google	0.0	“Jan-Jan Ki Sarkar”: Uttarakhand CM Dhami celebrates ‘4 Saal Bemisaal’ of development and heritage - DD News		https://news.google.com/rss/articles/CBMiuwFBVV95cUxPRDlTaUlWdUFZa2ZBRHVBdnJZLTV6RHBON282dHNTT3ctMWg0XzBQSTNIODRxUU5CdlRLYndhNy0zMzlVdG9NUkNRcWZrak1WeklkenZFN2NPNnpodEttLUhuSUo4aWY1b1BPNkNlYkxwUk0xbXREMXo2ak1mTElMa0JUcXhTQkJXVUxaeW1hYlBHVkU3NXBScm1oZlNCM3BvazJnSVhlUU9KQ1AzWVpCUjlmenppN2JOLXFN?oc=5
2026-03-23	Google	-0.1	D.D. Bowie, Ole Miss Rebels, Wide Receiver - 247Sports		https://news.google.com/rss/articles/CBMia0FVX3lxTFBvZm4yUjZBOGFydkl1bjBtbmY0SXZGX2NVNEtBVEJzN2hpY3JNMEZteUx0QVZ6NU16WmNpMEtocVM5WFpXY0c1TmRqeHgwSWxsajhZSEgwMVFmUE5CMnJvOHo1RnFIZXFBalpV?oc=5
2026-03-23	Google	-0.25	Kremlin says strikes near Bushehr nuclear plant in Iran are dangerous - DD News		https://news.google.com/rss/articles/CBMimwFBVV95cUxNMHcyM0xtWUhiNklmbFU2QlZVa0dCU0hSM2dEaDVyaHZDU3RCOEw3YnR1dlFNdUZMRDRHR2lqUl9Wd2ZFaXY5NWVYLTRXbFV1SXo3ZVNDMjBKN1dHeFBha2dLZlRkcHpYRTV1dV83SkhVdksydjhjSFVCTS1jNFZVdjBmNDNLeUFEeGc0Q1g1Z2I3OHJEaUdoUzNoSQ?oc=5
2026-03-22	Google	0.2	After two days of rain, Kolkata records unusual drop in temperatures - DD News		https://news.google.com/rss/articles/CBMimAFBVV95cUxNWEFudHEwUmIzQlN6S2tHSEotOWJDZ3B2ZXRoeVg1MmVJYV9VX3NadnVGTmJEQXlSaHYwT1AxeEtpOWp2WHhiUjBYS1BHcWNfcFRyZzVxejlNZTk0RnozR1lqNGFSVnRmeEI5NDMwaHVmY01yUW52UE1YX3FJaHFpb2NXLUgxWUZWWDVMUzJHdXlhNHZ5Y1pVQQ?oc=5
2026-03-22	Google	0.0	Bharat Electricity Summit charts roadmap for future-ready power sector - DD News		https://news.google.com/rss/articles/CBMinAFBVV95cUxNTFF6OG1sM3lQYzJKSE1ESUxURlR0Q1NLa1ZQWThwd2Z0N2s1UDhvZHlYNGNlbGxvWGYtSGI3SmJ3VGlnTFhISWIwOERKUWQ4RWpMU2QxcWVyb1VCcHZkc3pReW5vS3lkMFh5Q0tDSjBMX0xpSElhcDMxUXVOUFdwTjBPOTh2c2t0UEpzOEdrSWhrdEx5ZGJJdmhDdHo?oc=5
2026-03-22	Google	0.0	India, Seychelles deepen defence cooperation with maiden tri-services exercise - DD News		https://news.google.com/rss/articles/CBMipgFBVV95cUxNMUgtRGVTa0Q1V3dQUW1oZGh3WUtJSGlEU1RXcjdFQTFHNEdqRXFGeWdadFppbHlUazlXc0ljay04UmQxZDEySk5ZYkdrZFRLZ0c0RXVyR3RIWUVGTzJOa2J6VXdhelhrLUlaQ3kwbUNJb1R3NGRmcmJ2amUzWnpOTFlWNVNTNjhYY2QzYkx4Wng3WlVla3hsZnAtSUQySVJ2QUlfMUZ3?oc=5
2026-03-22	Google	0.0	Iran says Hormuz open to all but ‘enemy-linked’ ships - DD News		https://news.google.com/rss/articles/CBMigwFBVV95cUxNdnN2blcxQ1dzNF8xcG0tRDdYSi1Va29tOGY0cFhJU241WFpTSEJGMWo3X1BiUWtKSEVCRVpxdUVDT0ExMVo3MVgxRXphbUN3MDBYd3FNMU5yTU5zMVh4UmpXOVo3NmxldEpRNDd0WE4xSXRQam9YaGhjRFZRamtzc0JvNA?oc=5
2026-03-22	Google	0.0	Iran strikes Dimona, Israel hits Tehran as Trump issues 48-hour ultimatum - DD News		https://news.google.com/rss/articles/CBMinwFBVV95cUxOOTNsb0UwalUwUFphZEhJSVJCcUwzV3VyN21qYnRFMng5VjcwZGhXWW5GZEFwYWJwWXpNbW1pRmFGUHdkRnMwVThnV1pqbExsQ3doTTB3MUxjQW5YdWM0b3BkczZEWkhmSEppdkU1M1NQdDVtUmNnYUZ0dWQ2SzVmVTd4WllfVDlXdEJEWkhqTVZyUXlpaTVlUE9DYXNvTEU?oc=5
2026-03-22	Google	0.0	Japan signals possible minesweeping role in hormuz after ceasefire - DD News		https://news.google.com/rss/articles/CBMilwFBVV95cUxQZUJVaGhoOE03MHZSM3UzR0MybTF2RXVKbGpTTEw3ZjBqRTh1aGFiOWhMR09VSTg0cGxsRFBnV1JJV2g1RGh6bFhKU2k5dF94T2lUMmRET3VxMVpJbUVSQzRvZjNMc2o4b2tneGJiVHNENkpaVFFFYXZJbUxSZm5KZk9rLTNJUXo0b0pGTFNLN2JOY0tQLTBR?oc=5
2026-03-22	Google	0.0	Over 10,000 complaints logged on Ayush Suraksha Portal: government - DD News		https://news.google.com/rss/articles/CBMilAFBVV95cUxPeGptNkN2c0pzZEJNYnFIY1BfbVU2Rmktc0VJSFRHZ1Rzdkh6X1haaWFUWUVLV3hHQldyckJybnB3UWFGV3lFSHRoMmhCM0Z6cGF3YThiTDdMaUlWYUgxZUtRRUlPRkROb01OYmhQelBMZEVBSFVlUWM2dzYwenAzd2FFMWphU3NtV3FSVXM5MWpRZ1p5?oc=5
2026-03-22	Google	0.0	President Murmu meets Premanand Maharaj in Vrindavan - DD News		https://news.google.com/rss/articles/CBMihAFBVV95cUxQWnExcm1aSGtodHo3dnZFdGZWUjF6eFpNeVJja2hnNUNZNENPWVlEQmp2QThPWW80c0Q3V09iMzJ2XzVMOHN3OEpqMGV2YnNkM185OGp2Z19pUk1YRS1lSFNyX1BlNU9laTBDVkQtdXRIM3dBa2dvdW40NnJvalAtTnNnSEU?oc=5
2026-03-22	Google	0.0	Trump threatens Iran with power plant strikes over Hormuz oil blockade - DD News		https://news.google.com/rss/articles/CBMinAFBVV95cUxOaHRBeThNVzJ0QzExWlRhbl96TG1DV0VpTmRVbVJYZENVUmxPU3lHcHpWODg0REpHcjdqVmtMZlVRRWNoZ3V5MmEzVTZpZWVmYU1xaWRab2I5d25jRHhqTm1Eb0FrdXY5cWhZeTA4T0dpUTM3b2NRVFl0NUpmTjdkQ2hHeHFxVnFkVk1LNUJNTUhpTUNFVmU4Rlh3VmE?oc=5
2026-03-22	Google	0.0	Trump, Iran threaten power, energy targets as war escalates - DD News		https://news.google.com/rss/articles/CBMiiwFBVV95cUxOVEYzaDQ2U2haU0NURnpHallVLUl5RjFBTnJINUp1MVVENFNwS3ZnUWtCN3FTbmFic0Z2dmZ3WEZ6ZGNzSllwU2Y0a2RyLWRKakxMWDk5eW5Ta2xDUWxIbEt2VV9pOS1iVjF3N2J3cE5tZWpyZEJRV3ljSmdBZTdSWFczOVVqYjJ4QWhz?oc=5
2026-03-22	Google	0.0	Uttarakhand govt allocates portfolios after Cabinet expansion, Dhami retains key departments - DD News		https://news.google.com/rss/articles/CBMiuAFBVV95cUxOdXB3VXpIMFZ3alI0eTlwWnhqX0w4NFFNVW9KTEoyOWlTUnIzbldpTl9DWjNzWnhxdjB6eVZXQWZpSmNLMWhxemlQNWJMVmJESmtlWVpRQ1dOXzZ3LTZxZVp0Y0dmX2k2aW56eGlYck8wRUlTZ0pJX041Y04xcGdmWkJ1aTdPMTkxeGNFY1JPY3E2YXIxTldQQm8ySXlUek83WUZ1ZXU3STdQZHkxN1BoaTlVeDRXaEZh?oc=5
2026-03-22	Google	0.0	Vice-President Radhakrishnan pitches yoga, naturopathy as key to tackling lifestyle disorders - DD News		https://news.google.com/rss/articles/CBMiwgFBVV95cUxQN3BBV2E1R29Hblp2X29fT3k5blNVT2hTTkthR1RydlFmZE1ZWHV3YzN2WmJXaGZzSXdnQ2NDZGZoamtqWEtWWE95dDV0ZURFaVFTMTdxLUY0UWlQYlJUcFNfOW5tSWowWURvQ2R2SWQ2NnowOEdFZHBvQ2VUaHExcGNmckd0eTI3ZjBwVENsZjJXdWNGeVZkcFgyeWpDSDl6bjFUa0ZLQUNSWE5ZOC1MWEVmUVpqLUFHczE2Z2ctdlNldw?oc=5
2026-03-22	Google	-0.025	"Borgeson 409418 3/4"""""""" DD X 18"""""""" Long Double D Steering Shaft - hotelier.com.py"		https://news.google.com/rss/articles/CBMilgFBVV95cUxONFRBV0RRYUplOS1pNkJMRjRKWTNIZUpqRjNZRU5UaDhOWGJhYm94OVhmeHZoR0JxXzduTm91b3h0ckxtbWp2TDNQVFhSbFRBbzllVkUxbkNkVmJWWWlqRE1PTm1yWkRrYjlMQkQxU1pqd1dYRzM5ekZNc3ByaklEM2tjQzhQN0sxZk1LOFp3ZENsMnZ0Z2c?oc=5
2026-03-22	Google	-0.2	Helicopter crash in Qatar leaves six dead, one still missing - DD News		https://news.google.com/rss/articles/CBMijgFBVV95cUxOV3MtRnlhOFZLMmJhaXppRVVmZ0RJQXhYWUNMWk9za1N3eDJ1NVJ3NUVpODVGczZwcDlSb3E0RWhaMVdxRGNpeXEwczBQZlZ0UVdGUktWcFU5Ym5VWkN0TWIwVmlCZWlNdkpPTzYyZmdnQ1pMMnZINVY1N3hQaF8tVFNTUWppTHpvLXNHRmZn?oc=5
2026-03-21	Google	0.25	Domestic pharma market seen touching $130 billion by 2030 - DD News		https://news.google.com/rss/articles/CBMiigFBVV95cUxOd1VlSG0tUDFoVUxMZ0lpZzdCZDJNWm04bEJtT2JVMldROWJ1M216cEYwSWJSVGJiV2UwVkNNMlVCQXJMYlZlcVRocDZZZ093dk9mVmg5ZUJDSlpNeWJ1ZTN4a3RvaDlla21CSXQxOUp4US0tUTBJVWo4R3E2dzRsZDAzWlh3R25Canc?oc=5
2026-03-21	Google	0.25	ECI completes first randomisation of EVM-VVPATs in Assam, Kerala, Puducherry ahead of Assembly polls - DD News		https://news.google.com/rss/articles/CBMiwgFBVV95cUxPLWNqTEtQallhbUdhN1ZXMGxTMTJRNUY0SFZOcG9Ta2NaLV9tVzJFbmw2MVFjY2Z3MkdKdU1rYThyYlpnLWUtUFB5UmxHc0VQTnJFdEJ2dl82LUswQ0ZZcExUNTRSZEdSNDlXLVp4U0tWcXZWMkI2bEc3QVBZRGZWdFpaaDZZekdCTm5QVzhZLW1HWHFVQzlicmJUdTNiWi1YcTBsdFAweF9qeEJtY1NXM2VhM1Y0ZU5lUmlZMjFtNzlYdw?oc=5
2026-03-21	Google	0.136	Sale cricket match highlights mi dd ipl New Arrivals Virender Sehwag 119 Runs Against Deccan Highlights Live Cricket Streaming Watch Live Cricket - маяк32.рф		https://news.google.com/rss/articles/CBMiWEFVX3lxTE1GRDhwS1g5SGJRSTI4RmwwNVpTdWlyYjZLeXZpWDVQTGE4UV9sUVJIZURfYnliNmV0YjcyWE01TVdaMG4wQXJGSUZaeUhXc3FuVXRMV0Jqa3k?oc=5
2026-03-21	Google	0.1	DD INDIGENOUSE GAMES & CULTURAL FESTIVAL 2026 - DIPR Mizoram		https://news.google.com/rss/articles/CBMiggFBVV95cUxOUFE1b3pXVHFfaVU4OWh5aWs2TjQ0ZkUzUDJ4LUtESzBHRXlOR19IbFpTejVHU1JIYVpVczNXejNidDNKc3pnWkV5aVpvRVN6alFMTHVONDlUVVFsMVlna0Z3LU0xakJBRUdZeWk1eWZMbnVYcll3SHliUlJxd0JkckNn?oc=5
2026-03-21	Google	0.1	Devotees offers prayers in temples across South India on Ugadi - DD News		https://news.google.com/rss/articles/CBMikgFBVV95cUxPV1NtR0JlQ1JGQUFLU2gxNTR2cXUzYUhPaWpvMkJxY2FfckFmSlpTM29aT0ZGV3RGWVhjV3l2cElKNjRPUzU5UmJsZ0F3ajM2c2RrZDdqRF9ES3d1UjJYWTFyQTVFeVNHWWRWV0dfNlhuVWlkR3lIS0Z6d1AzTFNDZUJvUXY2LWN5VFMtLTZLMk15QQ?oc=5
2026-03-21	Google	0.1	Iran ready to let Japanese vessels transit Hormuz, Kyodo reports - DD News		https://news.google.com/rss/articles/CBMikwFBVV95cUxOQ25VWDFUcFFFekVhTkprNGFQMEhZUmhsOTF0YTFQSktrSGppVTUzWDEzRnJEcTRid29uNFFXRDN0blJMYU96eXZHNUhicUtIbHhBWHFoUU1XTTNkLXFXSmRVSk8wdV9yU25mQVVCc1ZGWnh0ZWRoTklEc2s3bzBLTVFiRGxpb0xIc3RaZ3dFYUtzbDA?oc=5
2026-03-21	Google	0.0	Beirut Strikes, Regional Build-Up Signal Widening West Asia Conflict - DD News		https://news.google.com/rss/articles/CBMimAFBVV95cUxNTkdRbndzUmNiSGRtM1pUcWJVSzVNYWlKUlpTXzIwWFBMcVV6M2ZfeHowYjFPMFdwMzdvQ1VfakxGbHlZb1JMNEZzZVI4amVTTHhVSnBteVNNVUlVamF4Qndob2lhN3dxNEgxbWliSnpSbGl1MXhlLWg1bVM1d3BnME1odjhxTFZfdHRxZWE2VnNxU09DbnJrUQ?oc=5
2026-03-21	Google	0.0	County DD Board presents awards - Logan Daily News		https://news.google.com/rss/articles/CBMirAFBVV95cUxOcWRyNWFqMkNKb1ppOTA2OUdJSnhBUDNIdWh1N0ZkMkFYaFdzZlpEQ2Q5ZHE5UUdWUjdWVmVfWUQwZ3ZJSHdjQjRxcXhJSDl0cmdGU2VFbGdSVVI4LUxnZnI5VWVRUDVHU1UxUEU5RDc4MVpBbWllRkJ1TmJodEpCUnNzVllMMk8zN1hJbzFRa08zS0stTFNOSm4tRFN1bjQzMmZyenZlWXFWNzBX?oc=5
2026-03-21	Google	0.0	Drone strikes target US-linked sites in Baghdad - DD News		https://news.google.com/rss/articles/CBMifkFVX3lxTE10bUdnM2hpVWtrMVBTU25hQmV5V2tpLVhINkxvc0xrUW8zNldyN2VwRW1LV29hMTZyWDZkNmpZU2NjMU0yWDQ1YXB4bUk5ZmhnV1FzaUlxWFlJNlp6ZTF5YjBfZjVLNFRqOUZhM25CYWlPX0dOOTdYSjVQNUR1Zw?oc=5
2026-03-21	Google	0.0	Indian Navy to commission indigenous stealth frigate Taragiri on April 3 - DD News		https://news.google.com/rss/articles/CBMinwFBVV95cUxQWmhFUmZzY2d5eF92dnljeVpMRGxCeGtoS3pxNmhSVDFrcTJXbEJJeXJOR3lDQW9oWFlRMGloQVNCUWhULWd1SmttX2hUd3VXU0Y1Vl91R05PTmtmajlOSWYtQjZxRklublZHWXdqYU0xS3FLUU51XzVVSk1sb2tBdXoySUt4NHZmZl9kUVBPcG9aRXRjNFZxVUk2N0REelk?oc=5
2026-03-21	Google	0.0	Israel attacks Tehran, Beirut as US sends Marines to Middle East - DD News		https://news.google.com/rss/articles/CBMikwFBVV95cUxNLW5JWXlGVVFqMXVKMWtERHFCZWkwY3BGd1l5c2RkYnlFLTNKcEMyZEphYWJkOHdtOXRzRHB2T2lrSkZhcGViRlIyN0l5WHBmYlp3SUZoSV9jQ0dpTU83Wnh3N0VmaThPV0V3bE9hTkR5VkJ4aXdSR3FNbzRpQ1VndlBXUU43N2gxaTRiV21DNXd2Zk0?oc=5
2026-03-21	Google	0.0	News On AIR | March 21, 2026 7:59 PM - News On AIR		https://news.google.com/rss/articles/CBMiigFBVV95cUxQNFo5bDYzRURwVlducTNxRnhiOEtSaTctb3A4RnZNLXBXWk82alNXMGZDUGlCRjFXS1k2V1p2dVlqOElNc0VfWnRyNnhpWlZ5NHVwMm5taHptelhxQnRIenNHVHBQcGNsTkpXYXdvYmhmZ2s4RkQyQXVXUWYzejdyT3BsTEZNV0pjbVE?oc=5
2026-03-21	Google	0.0	PM Modi extends Eid-ul-Fitr and Navroz greetings, wishes peace and prosperity - DD News		https://news.google.com/rss/articles/CBMipAFBVV95cUxOc0xGbFpnbkRVQmkxYjRjUENCS19UZ2FaWURUekFsMlVaQVhhMGpUeFpVbE5LQXRGWmR3V2F1eDc3Rzl4SGhKU05EdVE5STQ2VnAtMHZPd0xkUWJGQVRLdllCY3ZycHZGWUFuZGhvYnhfWDkybWVSaUk1N1FYM0hEeFVEbXM2YVVtNFA3UzVQc2tLd0V5S0JpX0Z5MjV0dGJJaDlvSw?oc=5
2026-03-21	Google	0.0	Petrol d.d., Ljubljana stock faces headwinds amid Slovenia's energy transition pressures - AD HOC NEWS		https://news.google.com/rss/articles/CBMiwgFBVV95cUxNbWwtbXNFaTJZanV3MExCMzg1WmhXNEozV3dGMXloeEFwM2UzM2V4bWdHNzk5R2NnV1FRbTFFWUFoTDlEWFFTdVFFQ0dJcWh6U3NEN1RMaFRNT3Z5YUxseVZkcURBV2o3V2hWSlVrYjVSeVdwS3l5SXhOTlNoOG56VHhTVnlfTnFiQ0NmaXVsRmVwWWtzaHozTUx2dkNVZHd4WFcwMVA3RHlodGRhaVlhTHVJZFNYNWJ3WHpac2hrX0Z2UQ?oc=5
2026-03-21	Google	0.0	Renewable energy, grid modernisation key to India-Africa cooperation: Manohar Lal - DD News		https://news.google.com/rss/articles/CBMiqAFBVV95cUxOU2J3dXJReERxSW41aXFxQWxsYmhmS3R1N1Q5QUZTUElBMEtvR3JSSmVKLTNZTFd5TVVLYXUxZnMzbEFnMzktM2xBOHFJbl9oVDhnQ0JwcW1ObVFaczZnWHJNS1cyOF9teG9KOVV2R1ZvMHhISXdRVkVSbnBka3l5QjktbndsZHNqMFM2WVFBQUJlVF9CWWtIc2JOWFlQUF85cTZYVHVxcHI?oc=5
2026-03-21	Google	0.0	Three weeks in, Iran war escalates beyond Trump’s control - DD News		https://news.google.com/rss/articles/CBMiiAFBVV95cUxPUjRFVDY5OGJKdlJhb0h3c180VlFGSTFPTVNxb3l5WTVJVW5FRWxJWXcwWlN5U0JPaDh1bm4ydDZ2bTNGaWxoOXpFMy1KRzBMeFE3NEpyVjlLQzhOcmkxUVJGRjBITUV4SnI3NklpMUl6dFpVeEp0bjJ2Q0lUbjZJanpQZHZfU0JL?oc=5
2026-03-20	Google	0.5	Agartala gets safe drinking water across all civic areas: CM Saha - DD News		https://news.google.com/rss/articles/CBMilAFBVV95cUxPclgybWE1RjhpdDg4VjFnVl9NX3AzQk83MkZBQzhFWnJMWmpURVhSUVhseXZuTWlZc055UmdvWHpLVkpJdXdjOEwxUW5oZC15YTFqd3BxeGY2NHhORndrLTBCUEpBZDlqWEQtQl93Z1l5YzY0bU42X0VRSV9LbjVteUw4TTZYUWRkSkd2TWQ4T1V5TWlD?oc=5
2026-03-20	Google	0.5	In Trump’s shadow, Greenland seeks more leverage from Danish vote - DD News		https://news.google.com/rss/articles/CBMikwFBVV95cUxNNnVNQnNSSGVBVk1lM1h1cjB0enpSVHF5OUNTdE9Gbm5hLVZiWG5EN1BNQm5xT2tqS0k5cmJFeHFVQVdpS2hHSXlyb2hBWGpMa19BNU5wSEpocGt4S1NNdWd4WUJvZDNSd201MVlCZUVNd1VGdjE2Z3F1eTdkMzRtbmJ1MGFYSDdaYXdRbENMdVJEUjg?oc=5
2026-03-20	Google	0.2	Netanyahu wants oil, gas to flow through Israel post-Iran war - DD News		https://news.google.com/rss/articles/CBMijwFBVV95cUxQQlo2ZWd5ZmZDVW1CVDFQSXYxa05IVVRvVTIxbGhIdHhEdVpNMGpYSF9oMG5QTUwtRHNwLWdYeGtENzNHb3ZyWm15cHg5ekNBR3IwUGlXS0VzSWdqUjVuWGtscFFVcUdGM2x0U1J0YjVRWWZRQ1pHZTZZZzdyRXV5Z2ZhR2gwNGFTbWpmMkthdw?oc=5
2026-03-20	Google	0.15	India invites global bids for rare earth magnet manufacturing units - DD News		https://news.google.com/rss/articles/CBMimAFBVV95cUxNWk9oeTBSS2dYdnh2ZXprQnFpeEEwT1F6RDZZNF9SMjlwbm1lUGpwTVRQa2E3aVlCVm5aS05nY2VKWWtpSV9wTmNJT21EVmJBcElCdjNBdVYzX0dwWVJuMWRvaUZXYTRlZ0RZYWhhRVFjRk5kcUhwVzA4RkhyVF9ubEFQcHd1TC1kaGpmT2xWWUctYUF6TVF2SQ?oc=5
2026-03-20	Google	0.0	Andhra govt announces job calendar to fill over 10,000 vacancies - DD News		https://news.google.com/rss/articles/CBMikwFBVV95cUxNd3U4Q1NKZjRMWm5ja0VzeXZiRHRoX0pNRjJBWU42VXNmYlhiMEx2dmNad2pkamM4bnotT3RxcFJCSmpVR3l2ZTBlNmc2NFNWeG1OTlA3MkpXTTZ5MjF2YzFqYTVlWFpYd1BKVjQwRHY1MDdoek9GNk1ZeUt3RnFZYXpzcEV6eUJYSVNxdm5kbDU1QVE?oc=5
2026-03-20	Google	0.0	Atlantic Grupa d.d. stock faces uncertainty amid quiet trading and regional consumer challenges - AD HOC NEWS		https://news.google.com/rss/articles/CBMiuwFBVV95cUxPQVp4YzZ4LTFhQy1aazJqemFnWFRxMEV6djlkX1ZUTHBxMVlqSm0xZUJIWjJDUERMdVdaT3VCd0NvNHI4eDhycHBpdVZaU0c5ZGpJMVN5MEstWHRiRDNqUXNoYUFwZzFnSTJxcmxaQ0RhQ0RWMWxiWlVTa05YWVcwZEMzM0ItYUtHNDFTRWJwUWJ5bHcwbzYwY0h0c19NMDdpNjU2cnBzY05HcTVGNV9IaE5XdXVXcDg3T3JZ?oc=5
2026-03-20	Google	0.0	Chuck Norris, macho star of ‘Walker, Texas Ranger’, dies at 86 - DD News		https://news.google.com/rss/articles/CBMiiwFBVV95cUxPTmNybElneTZfYVE1S29KeEFOcWMwV0QyS0M1TDM1SDZxaDhDSnJaaVdEVmNUckFlNzJySHoycUdOU1lCbGZkVEZpYTR2dGFhYWt2NTk1ZjhpdmlYUkpHLTI1VFJSMjZiTUJpVGtTbWN5TENMSkJTZUU2dEtDSWFJQkNOZ1I1eEtSU0c4?oc=5
2026-03-20	Google	0.0	DD Chandana launches daily serial based on Kumvee’s acclaimed novel ‘Aramane’ - The Hindu		https://news.google.com/rss/articles/CBMi2gFBVV95cUxOWkEyeDZfQVYzV1NPV2ZacTE1a0Q2T1F5SXV6bl93cDFUT2pTeklFcU5qOWxTckwzRjlKUjhrbC1ENXFQbVMwb1RzakFLNlVDYjByUUw0UHZVVHBLU2ZIck1aVVN2ZlQ3Uzh3RzZnTXJSVFU2Wkd0ajg2X3UxT0ktVzNJcFNaaGNUakNyTGd2TmpqVWQwTDdiSzI2WnpxNzh1Z1dKTHhjeXpCTU5DbHpEWmx6R3ozeHNIMmlnSjRSVkowdlZCc2R4VGpWWUk4UTZEN29ucEVtZXVnd9IB4AFBVV95cUxOU2dpQ1dEbmNUdHdCcVFZWXFjelpFVHNwQUpFWWlKb0dGbTdJemdnNllqYUFsSVBOaTRNSjlxSU5NNEU2VDN4eWNScnhxS0kxSzVzaUE4TzEybDBrblZnemhtRzdaQUhrQkdFT0NWV3RuSVFfcC1HVmFXc2phcTlMMjZ4QnFxOUMxalFrSEN4bjFBdDhJN1lkLXY4V29XWXYtdkdPeHpOY2M0ZThXa2dBNGRaQ1MyNDBsX3c0NGZBUzgtN2Mtd1V0bEkxUjBta1JTY1IxMFNwanVFZlItOGQ1cQ?oc=5
2026-03-20	Google	0.0	FIFA mandates female coaches in their women’s competitions - DD News		https://news.google.com/rss/articles/CBMiiwFBVV95cUxObWhsdnUwbHRLa1I0NmNTbmJoYVMxQWc5R2kycUhQcERPOUV0dGYybXl0Z1F0YmgzbUt3eGZFam5kWGVIWFdEQzA4U0l2UVdrcVQza3JrZUcyS0E3Ukk1LUVSaTQ0V1QzWUJXV3FVbjhQX29zcHF4aFA5SzRDTGowb2x1dklacVc2akVB?oc=5
2026-03-20	Google	0.0	GNW-DD: Deutsche Lufthansa AG - marketscreener.com		https://news.google.com/rss/articles/CBMiqwFBVV95cUxNdUk2MHYwSHYtM3dzcW1PNTU0TGE0TFB4QmxMZVlzdnFOVHUtVVpMWktpZkxDREFrRHNHOVl0SDFQUUMwdkpsWko3ZXd5S3d1b3FGaHFSTFVjclRxXzVQNU1Vd3otcHBwU1l1LXBSNUhuTXpQeG5EV2J6NTJ1Qk9NaVhFcHFDSzNhbk5yZUVybUo3T0M4aFJpMTd5Z21raXVOeEtLQUlGUXhVZFU?oc=5
2026-03-20	Google	0.0	Government regulates prices of life-saving drugs through key health schemes: Anupriya Patel - DD News		https://news.google.com/rss/articles/CBMitwFBVV95cUxOZkMxM1UyMFlCY2tBOTFFRFhOS19vOUVHcmZPZ2NLS1h3cWc2a3QybC1QSUV6bTl0N1QtNHpVSVdrLXFaSUpzQi1sZFBGcURTMXRMbmpmZnFsclBDWnhRUER2RzAxdU1RanhYazZQajAxVVgyaEx1d2VZc3liWkU1NjNXX2RFQkUxZlF2RW5aUHpuVHJCWHZxaVNtdnpjRGc1RWVEMjV4dG4tdzl3RWVTY0hQU3lJUWs?oc=5
2026-03-20	Google	0.0	Gregory Mountain Products Posts DD Growth in 2025 as Parent Samsonite Reports LSD Decline - SGB Media Online		https://news.google.com/rss/articles/CBMisgFBVV95cUxObklWVzVaUkJ5dFpSZ1VJVjUwX3pBdHoxM1FMcDhDeXd2d01pcjEtREZLd3BELVZTdGhUS0xTakFYeFhTcnlMazFoMDZxOVp3Y3puZEVnMENsdVp6eHNCbHRqbWZKMGdHMVVrVjZ1MUlpQnZDTGdReE5GX1hyNUI4Snp5X0I4UTBTS0xEQm8ySkZxb1BkR2F3UnFKLUU2VHptWVBYM2kxTTBtQjJhWTREdGpn?oc=5
2026-03-20	Google	0.0	IPL lags Hundred, SA20 in player welfare, rights assessment: WCA - DD News		https://news.google.com/rss/articles/CBMikAFBVV95cUxPemV3cWJZUThYMVozaEszM1RqS0JRelpNTkFNVVV1Zkxyb1FKSUFRVXZvem9nNURVb2ZhU2gwOXB1eXBVSUdHM1VZaXc0N0xWZ0ZiQWFHUkdiOUVKUm1KUy1IcU1XVWFvZmVTNnVuWWtveDQ5c1hUNUd4Vlc4ZUM3bFlNTWF4a19hRDlqUE5vSzI?oc=5
2026-03-20	Google	0.0	India-Bhutan deepen postal ties, focus on digital remittance and technology - DD News		https://news.google.com/rss/articles/CBMiogFBVV95cUxNZENGZVRBVVEwT1ZLd185OWFVZ3hDWHNoMG5GSF9fUERNT0p1ZllNbFNRdjU5OTEyVHBFemQ5TVEwcUt0czQyOTlOaUJOOGNlWkszZXVKNzV2LW8wMDd5M3FvRElrdnotbHZyRlgtMjExYzh6STk5NkVMWVBONjFyR0kzSVZsSXFnQmpxSW5lWFZtdUtZWDhsQzAwQVg2RnVWS0E?oc=5
2026-03-20	Google	0.0	Ladakh LG Vinai Kumar Saxena meets PM Modi, discusses development roadmap - DD News		https://news.google.com/rss/articles/CBMinwFBVV95cUxPaUhSY2sxakdIaVQzMmZWdnZyVWY5TXBtY1BzQW9pRkFZbFRVVFpaYVpweDFWazRLamJuMU5FOHlNMGVEZlZpSWtwWkgtU0NSQ0l5ZGZiOExKVG1XcjNJYWlXVmkxdERLeVpWNEs2QkR0S1VpNnpTRXNrX25hTXoxV3JVWXF5UmdrdEpPU04zaW9JNDdUMUo3YU5hSjU2MGs?oc=5
2026-03-20	Google	0.0	Netanyahu says Iran’s missile and nuclear capability crippled after strikes - DD News		https://news.google.com/rss/articles/CBMiogFBVV95cUxPNXZkMkNsVkxsTE5kUGlLclRWcDctRm4tellXc21WbXBPcS1EVnRVWC05OXY0WXY2djBFLTNvdWZXNTNUTThCMmc4d3p3TXEzaWliNEpWNWU0dUhhdkRWMjlQWXdHZWFzLWxQcE03T0ZRMTlENjBHalU5cFVkOEc4VHkwNGdpMHFkbDNULVNTMzBZRHRvcnBvbXNCclRYdXlhQ2c?oc=5
2026-03-20	Google	0.0	OpenAI plans desktop ‘superapp’ to streamline user experience - DD News		https://news.google.com/rss/articles/CBMijgFBVV95cUxOZk5pMEd6OFB6LWNhNFQwdkRseTNxeHQwcXVHWDJacUkzRVV5MWZKMkNpd2oweGx5NHhBdnJRR0RUQUVuQXdYakhYVnpKV0ZUQ3BQMnI0U0xoczFucjVMUjhDRVhMRFdobG1rcmNiY1h1ZThYQmhXMXpWRGRZQlJvbUxZa193aHBFcEFHaEtB?oc=5
2026-03-20	Google	0.0	PM Modi shares article on India’s energy transition, highlights push for self-reliance - DD News		https://news.google.com/rss/articles/CBMirwFBVV95cUxOYXFqMlFPWVZKRmlLUVpFYjNJZFVOdFpBTzVONnB4R1ZwNVNlUzR6d2g1MkQwWE52eTl2ZjBxNTZ1X3J4czBCcFR0dnVadWNVSTdveVR4UDZmbXFlbkVJVFJGRHhVX2R1U1VVeEstMTdqblFuRG5GbVVhY3dhdXpjem95WDlIejI4NmxLclFTbHlDRVFmSWotZGpZZEdxRHZXMmFqby13OTA4NnNzWVdn?oc=5
2026-03-20	Google	0.0	US may remove sanctions on Iranian oil stranded in tankers, Bessent says - DD News		https://news.google.com/rss/articles/CBMingFBVV95cUxOVVpBMDM2Y1dvd0J2djNxSFBSbHY5VW1HbG9QenA4ZlpvSVVMekFEQXFfaTkzdk54VkIzUXYwQnVxYXJsaW94V2RuNm1RLUZiOGRSdXl1emMtT1Mxdi1qbnM5emtZVnpQNTZlb2c4THVMVnFvWlVBMjZwMktieWlQcGVNR05DNXVpdDMtam5BOXZXNUxkblJuVHV4cW40Zw?oc=5
2026-03-20	Google	-0.125	Nano-fertilizer adoption rises sharply; govt pushes drone-led agriculture transformation - DD News		https://news.google.com/rss/articles/CBMiswFBVV95cUxPNHZnZlFBbk9RUXZjblNzcDNJcGdZRmQ4UDZEX2p0azNQcDBNbk5pN01uZ0lMU3RkNlYwX1kyUmdSUThCVktHMWNua1o5U0cxM0h3MkNUV243Ql9qbEJvTTZVX1RaQW51bjdVWmhubEFHT2FBdDdERmFJM0hydjZBVGk2di1rcFZXUk81Und3dDVSTEc4R1BidTVVTlkxUlJOTGt0cmgxWFlCQ0picl95STBPMA?oc=5
2026-03-20	Google	-0.125	Rain, snow trigger sharp temperature drop in Himachal Pradesh - DD News		https://news.google.com/rss/articles/CBMijwFBVV95cUxNV3JCLWE3a2h5WUlWV2JJbWYwbm00VEJsNlhBWW1sMmgxb2FWMDkwVHlqOHZKMDNGY3JvVVVNaGs5OW11cWdQZURiZUUtalE5OEZzUFVzal9KNzZkb1J2eTZtNXBDMEVncXQxUDFOWkhVRGR3YTI3VV9ZN1kxNE9iQVBreGRSNmlJZjFGMWpScw?oc=5
2026-03-20	Google	-0.158	Trump administration sues Harvard alleging failure to protect Jewish students - DD News		https://news.google.com/rss/articles/CBMipgFBVV95cUxNdFI4emo0c0duaS15OVdZaDZ2dGNRNXFuYXAyWlBMU0FIZldzVGpBSDM4YkdFUjlsbXJJWHpPUXpzNWQ3ajNMWTI1cU5LNUVjWTRoZlNSRi16OWI4NFZJaWlqM2N5M1BsZVBfWnRRWHNVbTdaZTFCS2NYNHVZcVA2aGNYMnpDWnNaQURUckN0NXBtNXloNGFiX0NLY3NtTmxvbzJQN25B?oc=5
2026-03-19	Google	0.7	Lucas Co. DD holds Inclusion Resource Fair - WTVG		https://news.google.com/rss/articles/CBMiiAFBVV95cUxPZW9fRVdRRjVwNFcySlFQbm1pOGI3eWtTT0dyZngyOEtJX1NYbnV4b1RSYm9NOGYyRjhmUG1fN0VaQ3lIMFhvaGtOU1l2RlpoVjd0dGcyZ3dDS2xyVEwzODZhY2ZRSi01QnctVG9SeVdGeGlQWHE3bHIzbERhQ05KeXUxT2RZVzhZ?oc=5
2026-03-19	Google	0.5	Officine Creative MES DD 001 Sneaker Basse in Pelle Marrone Vendita | Scarpe - agoranotizia.it		https://news.google.com/rss/articles/CBMiYkFVX3lxTE0tOWRDdHZHUWxmN1ZtbXpaaVVSdXBWVjd0XzJabHlCOHR4dXlZZjZrQ3Y5ZXpJV21jdll4cVNxQmJlQmVmUDBuWmdfUnhuaWdxS1Y4aXNtMzJwVml6dUlSS0FR?oc=5
2026-03-19	Google	0.433	KAL Wins OPC Best Cartoon Award - The Daily Cartoonist		https://news.google.com/rss/articles/CBMijgFBVV95cUxQaldwdDJSSzgtOXJPeEE4VWdkQnE0a0p3bUtqRUt4cC1WSjd0YTdPYlZQRXZpdDdCODRnWVZhWDUyOXdZWjl3Q1Q4dWVDNkMzVW9CMjN6SEVZWWVGNFRuRF9jNHVaNE0xdC1ZeHk5bG10c0RmQkJLQWcxZE56eWFhWkRKUnc0MUZLbElxbHFn?oc=5
2026-03-19	Google	0.35	“Gudi Padwa” celebrated in Maharashtra; CM Fadnavis joins shobha yatra - DD News		https://news.google.com/rss/articles/CBMimAFBVV95cUxQQ1hmU3dTa19CeGh2WTBLOWJ2OEtIeW00d0JFTUpOZTF5ejhoLWR6LXo4bk55SFZRdjQ4aE01bE93U0F2ZGw0Mjk4enFYUUVBRFNSY1ZUSktIQkpVcEpJejBCV1JLZk1xQ3B4ajJZMC1mU0JsbFUzNFFDblFVRXEzTmVXdFZRdW5PUEtQcGN6anNlYzk3NVdESA?oc=5
2026-03-19	Yahoo	0.219	Stocks to Watch as February's PPI Data Comes in Hotter Than Expected	Here's a breakdown of the markets and stocks that could be most positively exposed to an inflationary increase after February's hot Producer Price Index data.	https://finance.yahoo.com/markets/stocks/articles/stocks-watch-februarys-ppi-data-222900783.html?.tsrc=rss
2026-03-19	Yahoo	0.18	Assessing DuPont (DD) Valuation After WAVE PRO Expansion Into Wider Water Treatment Markets	DuPont de Nemours (DD) recently expanded its WAVE PRO water treatment modeling software to include reverse osmosis and nanofiltration, widening its use across drinking water, industrial utility systems, and seawater desalination projects. See our latest analysis for DuPont de Nemours. Despite the WAVE PRO update speaking to growing interest in advanced water treatment, DuPont de Nemours’ recent share price performance has cooled, with a 12.39% 1 month share price return decline following...	https://finance.yahoo.com/markets/stocks/articles/assessing-dupont-dd-valuation-wave-110827030.html?.tsrc=rss
2026-03-19	Google	0.15	How many people have been killed in the US-Israeli war on Iran? - DD News		https://news.google.com/rss/articles/CBMikgFBVV95cUxPMUZ6MUpQX1d3VEpvYjUwWWlJZ2RmNEY2WTk3YldIRVpVRFBqcVdodzhjZzd4QjdUQmlWR1VDRnUyQ0VGLTd4Qk1vMHBpZzZYNldWTFdZdWprb3hVQkMxSnRNTWQ3MVNSU2t5NXlLUWlIOTlPQTFabkRhTnp5UkxtQjdFT09WVGhjdnZMMzdobG5sZw?oc=5
2026-03-19	Google	0.136	Israel launches new wave of attacks on Iran as crisis deepens - DD News		https://news.google.com/rss/articles/CBMikAFBVV95cUxOVE9uLTJ6Q3hITXJ4TDM2aVl1ZXczdDk1WDl3Ui1uUHBrRHRSbnY1ZHJDNXdNa1FMNUNiSUYwSTluVVlHTFhJcmFISWhfTEtmME01VjBSWFNITnJOQ184ZGY3OXpiNndFckxLTXBTT2dtQ0VuU1UyWGlJTG9iSnFnOVdRTGVIRDhOc1MzcFBBekY?oc=5
2026-03-19	Google	0.0	3073.T DD Holdings JPX pre-market 20 Mar 2026: Oversold bounce at JPY 1,690 - Meyka		https://news.google.com/rss/articles/CBMiowFBVV95cUxPR1NJVC0zS01qS1V4V3E1WmhkNU5xVHlud0dWN21ZU2pKbnhCenU5SnZGbHRvdUUwTFZ0dWZmYzFnZmxZTGxfNS1KdFdrWU15c2hEX0RIQlFYZ2ttZTVkQ3RDSTBMMWRZZ3dZXzlIMzFxYnZnclhjbFpuQVQ4VHF4WU5QX0prcnZEYTYtX1h1UGJjM3dKdmlQYWtVTWxmWUY2WTU0?oc=5
2026-03-19	Google	0.0	DD Shelton - Assistant Coach - Staff Directory - Wright State University Athletics		https://news.google.com/rss/articles/CBMiY0FVX3lxTE44MDF4UjJQUV9ib0dYckQ2amcwZW5jS1VLYUlKaEtqdXI3T1UzbUZoWGN4cUNkVlZRT3lic3gwTkRIYkxKcl90SjI1RlNtaEZCTGg0THpwVmdCbDZWVDEwOFFnNA?oc=5
2026-03-19	Google	0.0	DD Shelton - Women's Soccer Coach - Wright State University Athletics		https://news.google.com/rss/articles/CBMif0FVX3lxTE9ycjYyQy1oR0FyenlEQnJoM1RUNVh5dUtUOTlFdnVtWFVzV1Vsc1RNbGFCUEREZlR4TDNxM2hWcG52aGFYYldXdzc1Vk53cG1Ca1BoZzVnczZqTlJzS0swSlItdUprVG42VkF3VFAxTHlkYlRZNXM5TTJ5a09IZmc?oc=5
2026-03-19	Google	0.0	DD Shelton Joins Wright State Women’s Soccer Staff - Wright State University Athletics		https://news.google.com/rss/articles/CBMiowFBVV95cUxPMzRoTkRfWE9rT3pSczFTME1GSXNwazc5b2g0aVoxdTg2MzBGRnJ4NXBqcXl3TTNMZDhJUzJVVUJYTVN6QnpCNG1lQ0M1aS15c0N6cTVrVnh3SlRwa2ZOSzlOa3NKSVFuZFhaWUVON1pqZVJtSVg4d3J0MWs2OGVTNVBFM3RUazFpRWFFd01feTI3RXNSYThRbEVhZG5nMzZSTENv?oc=5
2026-03-19	Google	0.0	EAM Jaishankar, Israeli counterpart Gideon Sa’ar discuss West Asia conflict - DD News		https://news.google.com/rss/articles/CBMioAFBVV95cUxPci1vUE9lUVNsYUlaYUZWdWNQTHM0eXhRVGVHN1BFVkEyUkg2YndMLW90UURnNnhsVUJneUVUNWpZdnJKTjN4cVE1eW9HZFI3RldDcU5BSmdoeVN0Z0x0bEZYVW9FSWNPdHE3LUxKSnRZRTU3YXBqejhvR0ZSMGh6emgtdjlvTjNlWVpaRU9WSUZYY0dHbzRYaElmSnEtNFR5?oc=5
2026-03-19	Google	0.0	Govt accelerating irrigation projects, pushing digital agriculture and crackdown on agri - DD News		https://news.google.com/rss/articles/CBMi4AFBVV95cUxQdWNzeXRfVENfdkNJRDhjM0xLMVJXT1plbEd6NnAwZzVndDdLQW1DcTlLNENNN1doOXRfbGtWeGlLWHI2bGc0Y19vVXVjWGlYUG5EczdTdG11M0J2V3J3Zk9OTWNKQk8wT0xKUHdUSnBIWndLcWhoQTByX1dEdmhWeE5vYklTanBKM1Vzam5GYUQ2WlNhc0tqWmJIY09nam1BTjFkdVlKWWNFcWRfNmoxaU1EblN0WFVuTmROM0VLSG5ScjZ1WFRweEhCT3MtN05pMFV0NTZ5Ykx0ZTZyOE5yRQ?oc=5
2026-03-19	Google	0.0	Home Minister Amit Shah greets NCB personnel on their Raising Day - DD News		https://news.google.com/rss/articles/CBMilgFBVV95cUxQZ2FTS3UtYTRHanJWTElHdVpiaVJQaWxGZjVEOXRUeEVoNnA2NHZ6NlB6eHBvbHh3eURqUXNTUEJiMW4yRlNYQlprcHhEM1ZOdWJ0blVXUVhtb2JpTnpWcU0xQW1pckVCZmRFVDl6MzFpTlE2YUNpVXJ4WV9hZm1va0tYNVI0SVJGdEtDaV9XQS1kZDUzaHc?oc=5
2026-03-19	Google	0.0	India condemns Pakistan’s ‘barbaric, cowardly’ airstrike on Kabul hospital - DD News		https://news.google.com/rss/articles/CBMinAFBVV95cUxQcnJBNkV6MFZNbTZ6enNxM2g1RGJNcjFQazA3VEhBTWZyNzhhZEZfVnA3QWFFRFJrQmswOFB3XzVlM0Ewbjg0QUF3UVd3NC1wNlBTaElxbU9LczllRHZ4S0JHTmxUWTRmTU4tWldJNEJNQVEwY3NFRWZTbm9MbS1zYWJUSlpsVEFvM0Rsamk5VEZNWTFTRUliXzUwdno?oc=5
2026-03-19	Google	0.0	India’s exports grow 5.79% to $790.86 billion between April 2025-February 2026 - DD News		https://news.google.com/rss/articles/CBMiowFBVV95cUxPZzd2S0VtSWd6S3FtdXBJN2NQWkhMYndVS0ZzT1hIYU9YMTdHc0lzMlNlOUJxaVhqQ1g0Vl8zMi0xY0Flcl8xaWJjQXh6YW4zdWhUT0E1ZWRpeFhCWVdPQmp1T0RvZWRESnhfbzh0d2xhRjEyT0Jjb1ZnSng4b1prMjd6XzRXWExoV3dYNUdIRXM5X3I4SnRyYklieWpWWnZsYzFJ?oc=5
2026-03-19	Google	0.0	Iranian gas facilities hit amid rising tensions in West Asia - DD News		https://news.google.com/rss/articles/CBMijwFBVV95cUxNQjQ5VXQ5UXlhUXJ4dWlQRWJSTGZPbmtsdWhLNzl2RW80OU96dXI4clRvbzZLQmRjRHc4QnNSQ0RlNkdZMUFudnhmc0xaMDc4NGFkbnJuWklWdmFXRFNlSl9FX3JJc29tcjdXQlFqekJEY3paMUZrbVp2cXJ4bHJzeVhzZEswZ2xDcGVULUx3Yw?oc=5
2026-03-19	Google	0.0	Jos Buttler hopeful of England return despite T20 World Cup struggles - DD News		https://news.google.com/rss/articles/CBMimwFBVV95cUxNRWxsRVpDX3dfbUtkWHJWWTFKYlUyQkdyOUEtZC1NV0lSd2QtbmprLWFwY2lrWHNvaU9sT0t3YVF1a3BjemkxVFROLWVEdHQ2RmpfOEt3SF9WRjk1OVltb0VoZEdpUDJ0QUZEcUFPbENyQnlXdGtuLU53ZDlFREtaa1d6LXpLODlRUmVmZ1hsSmVFNXhEQzctX1pRUQ?oc=5
2026-03-19	Google	0.0	MIB AI Hub: Startups, OTT, and DD Transformation Plans - MediaNama		https://news.google.com/rss/articles/CBMijAFBVV95cUxQNU9mT0l3YTMzVUJ6UGRrSEoySnZ2aTlUVUdObUtRdVNycDBZOGZCVjVWTW9uRmhEeTNVbVcyelcwMXNOMWxLX2d1b1hnb2tiZmZWWXJsQUR4V3NBam9fckdpT3k1MVcwT3lmTkNKd2VNeVZSNlR1Yk5LSC1DVTItajRIaXI1N2V4R01ORA?oc=5
2026-03-19	Google	0.0	PM Modi greets Andhra Pradesh, Telangana on Ugadi - DD News		https://news.google.com/rss/articles/CBMif0FVX3lxTE1CTjYzSnpTM3hTZ1lMUkp2OWNGekdOVjhYOWRmSE1JRDN5TkhEajdaQTBpNVVsX2VUYVlVMS1SU3VualdRd2liWWZlTGRQNFY1dHJUbW5DQ0Z4c3huekVPaGJvU2pOa3BVU2dsLWpvRlRwaXMyUGV0NENEbFdDNVU?oc=5
2026-03-19	Google	0.0	PTA-DD: Gallmetzer HealthCare S.p.A.: Managers' transactions announcement according to article 19 MAR - TradingView		https://news.google.com/rss/articles/CBMigwJBVV95cUxNWjB3RmZSMUZucm1WdEJVZTVSNGtHOFlma1NpanBkNFNxWU5WOEdtYkRNSEJvZHhOV1pKTnN3cmpFNzc4ek5mUTJMcUQ1UUx1SEhrZElIcEgwR1B6eHZvT2RzdUN4dlVxdGV4ZmVvNnVBWVJGZ1JZMXJQMXBxMFZLMTk1ZHlxNkd0VWlOLUJYWGZ3WmtIYWtnU3VDWDFqYlB5Qktib3AzY0t5R0xmUFFpWkVYYjFIRmxBSzQ2SDlUcEk3YS1sTVg0OFVBOUZiQ0FjUzVpR3dYbWREdG50bm9hNXZYQkdhdFdWbzZCeWNxNTV5VnVOeHBwdVJjd3FONGZrRGlJ?oc=5
2026-03-19	Google	0.0	President Murmu emphasises ideals of Ram Rajya for nation building - DD News		https://news.google.com/rss/articles/CBMilwFBVV95cUxQcVI3QnF2VHhZN0N0YXMtdzZWeURUX2gyWUdBdW1SVi1YSUdibHpxWjhvN2JQeXhVM2poeV9MQzJUZ1FYVVBhaVI1M0Y1M05XNUpwRU5EV3Q5Y1BrdWVic1Y3MEhmZk9ZZExYZkRpamdVcV8yX3gtYWhkSnpfd04tcFplV1BtNWlFSGFSUmMwR05OV3Q1RElz?oc=5
2026-03-19	Google	0.0	President Murmu installs ‘Ram Yantra’ at Ram Temple in Ayodhya - DD News		https://news.google.com/rss/articles/CBMijwFBVV95cUxQRExVLTl0OUZyX1RQU21PUmJoZlRnU25GSVZ2NEJ6Y1FYN2tlMHY5QktZUlB5NGQyTklDRzdma3RzZjAwNng5UDV0U0JEVnhoUUJGdExINUxFTWZ5V1h5R25sMkVFUnVPMFBzZkNfS3lOT25JR3lySkttUGJtVVhHQW14SlpoRllqcDVVLXVxYw?oc=5
2026-03-19	Google	0.0	President Murmu to begin 3-day UP visit today, will offer prayers at Ram Temple - DD News		https://news.google.com/rss/articles/CBMipwFBVV95cUxOWlUtd1RDRnh5TUUyYmN4ekNHUUlaZDJJbEZFRjNJOGgtT05LRVFUWWE5YnVXMjZycF9nUE12RFRRaVhRUnRRaE50cnNmUTIyUFlkN05BcDFTb0REZkFSaUxrN3lkY0ptY0t2YTMwSFBZdzN0NVJXQWhSaGpIUjFjejZ1SW5KN3JTRDNuR3ZPa0dCbWRFRmFjSmtYWTZHMnVkbGRmNFBFVQ?oc=5
2026-03-19	Google	0.0	QR code-enabled measures ensure verified catering services for rail passengers: Minister - DD News		https://news.google.com/rss/articles/CBMiswFBVV95cUxQcFFsMWdXQ0lKb1NTeW5zb2hiU1c2NXdiMTRtdXdmRzJpb00ydVZ0X09qYnVwZmg2amlTOW5rbklXXzJ3bXpJbEVaZEk5UFJUeEh3N0ZfUU1XY2VOSU9yWDMxbW5fdWxQQzJrRThES296bUZTMU1TSktIU3VzN0FFcEVkNnhMV25pZUhSa2tOUzZVbkwzT3NiMXlZQ1JhUkRpNXRGVnc4UlR2VFY1cF9fTHk5dw?oc=5
2026-03-19	Google	0.0	Rs 25,403 crore health budget cleared in Gujarat - DD News		https://news.google.com/rss/articles/CBMifkFVX3lxTE1CQ3pfa05xMEFhNU5ZSzdhOGRKUXdJb2VjOEJpMEhsdUFVd25mVF9RTHlmYWp2alVobmVfNndjcmNuNkJmTXJjeUZhNkFYSVVyWDVqMHJaeGJ0MXRGM2haOE9iU0ItYnJHa2RQb1JMZ0dROUNUekwzUUVpVXk0Zw?oc=5
2026-03-19	Google	0.0	Soccer-Iran continuing World Cup preparations but will not play in US, says soccer chief - DD News		https://news.google.com/rss/articles/CBMiswFBVV95cUxPeUJMaGpsT2Fscmd4QnNaN3p2Vk1UX3lBekx2Ny1qWkdNaE1SRWRLcG55d0FZOXAxSEZPV0dISHphQkVRZENrcG1SQzU3aTNHeTFJQ3pvQmZOVThLNDlRdDhkOE9HOFhVeERTcWdVR3g4NnBhTktJWFViQ0tGLWRfRjgyNnBXY3ZzUmNsQ1UxSXJaVEdNUzhMdWJaZmhLckhrUTVRUnNHRXhhbkJGOTEzbWJsZw?oc=5
2026-03-19	Google	0.0	UAE denies rumours of capital controls amid regional tensions - DD News		https://news.google.com/rss/articles/CBMikAFBVV95cUxPNTN2Y2t3cjF0bjI2REYtd3hKN015ZEVFT1ZHTGU0RHpOckVmR3djbjk0em5pV3daSERUek9keEdrbmZuTFgyY2NGcmNXWnFYZVhRbG1DRmh1aU9PdFpmQ2tkekRGTmtIOHdTbzNMVFpJWWZHT3VzVzFjQ0hBMk04OTBhZW5BVWVPbV9KS3c2S1c?oc=5
2026-03-19	Google	0.0	US Fed keeps benchmark rate unchanged at 3.5%-3.75% - DD News		https://news.google.com/rss/articles/CBMigAFBVV95cUxQVDdURm1TVjNORUs3WGVqN2MwTzZiWkNGa0FjZHhSaE9BZmlqZmtKLU9xYTNSWDVnZE5OUVk5VzJuSVVPbmJKWXhNRzc2YjJ0QjQxRy1PYXdVOEEyb3VxTTdSLVJIMU96ZElWMGpNTzc3ZlliZExFSHpfYjdpSTRjNw?oc=5
2026-03-19	Google	0.0	US approves billions in arms sales to Middle East countries - DD News		https://news.google.com/rss/articles/CBMijgFBVV95cUxQcHlobERWUWNLUDc5Q0JJMU8wSUR4UHhNNF9zSElZVHZpZ0RsWUt1UzFWOV8yVmNwWENrbG04Tk1VTE5vZWU5alBXTjJmWFB2dDExVHQ1UlBBdk1lWElZV3Azek4xYWgtYXFtTm90YnNwNlM2QTVSeEpQWEszLU5hUGYyR0dGbi0tYmV2Y0xR?oc=5
2026-03-19	Google	0.0	Ukraine peace talks paused amid Iran war, Russia’s Izvestia says - DD News		https://news.google.com/rss/articles/CBMikgFBVV95cUxNby1wUU5yTHlaWnNfWDBKaXREdmVuWTRhQnZaTmJtZnJwdUdCdkpYSFJnTkJmT0J5eXVKRTVxZFhOZjZQTy1NR05heVBFcExZYzIwNTdqakdrOTZ5TGJYc2xWcE5vWUN2WlRMOTFMaTV3T1ZQcUYwMXVzcnhJaDhraElFQnJpZ2FQSENETE5SNG1LUQ?oc=5
2026-03-19	Google	-0.05	D-D Aquascape Construction Epoxy - Slate Grey, 4oz (113.4g) For Freshwater & Saltwater Aquariums - ruhrkanal.news		https://news.google.com/rss/articles/CBMijAFBVV95cUxPdFVJS2pGUE9Sek1uSFh6d3JCajVKWDA0aDRMNDR5QnI3cTRVOTZ4ckVfQzVwTDV6RHIxQVVHLW9KSFFvQkJ0ak40ZXVpWG9zMmhkbkJXVVpDUGgwZHZZVWVrNmxGem5odDJobGE3UFBDSVFKN250Mk9RLUVZblRlcnpNd2NqM2ZEZS1hNg?oc=5
2026-03-19	Google	-0.5	Attacks on energy installations in Gulf deeply disturbing, unacceptable: India - DD News		https://news.google.com/rss/articles/CBMipAFBVV95cUxNN0hSNmxTUGFuS3l2dnBObmJHdE0zakYyN3FKVDZIQTY2NTlYQ3cydzZFMjk5aDQ1RmVJcXZJa2hGZndaSXRXR2ZoTUwtblBSMTVEcnJjVmJxQjhpeTFxLWxvN0hONUpGUDZWNThHd1h1ZDlnRU9VaDJ6aFJDSG95VERveGZuMS1LSjlGV3RXTHFYX2FidTNYb19MbS1hUWZ5MWJKaQ?oc=5
2026-03-18	Yahoo	1.0	DuPont de Nemours (DD) Upgrades Water Treatment Software Amid Growing Demand	DuPont de Nemours Inc (NYSE:DD) is among the best 3D printing stocks to buy according to hedge funds. On March 3, DuPont de Nemours Inc (NYSE:DD) announced the expansion of its water treatment modeling software called WAVE PRO. It said it had added reverse osmosis and nanofiltration capabilities to the tool. That means water professionals […]	https://finance.yahoo.com/news/dupont-nemours-dd-upgrades-water-134058822.html?.tsrc=rss
2026-03-18	Google	0.4	Iran war fuels tensions in US Democratic primary races - DD News		https://news.google.com/rss/articles/CBMihwFBVV95cUxQbUJvbk8zd0luSWJzZUVYajdmZ3BoTkNmeDZnSUgtc3A3dy1YZ2Z6N1duNklDQ1pvWnFTeW1UWGNORVlqZmI5U3l5dVFPV1RGSDJ5WHVZdVktOTZ5VE9XTmRqNGFmLVlYaDlXODkzX01LM1BYcEFFck9yNVR5eWpTSDVBdl9nVlE?oc=5
2026-03-18	Google	0.375	DuPont (DD) Seeks Approval for Significant Reverse Stock Split - GuruFocus		https://news.google.com/rss/articles/CBMioAFBVV95cUxNN0VSQUNLaUsyZ05YcDVQaThkWmhjS1JFVVN4b25xdmhJeWh1aDAzYmE5Q3JkSWJfeXpfMkxFMmdmd2l1eEZkbFAwVDJTaUJyU3VBZWgwcTZqSjB6NlJzcEpyaG5ReTBQeUVoNE03T0dIZTVVZXdWMVBRYWVFd0pndTlzVEZKZmxqQk05Y0pXbnNXb2s2eEduWjJFeTlqMlJv?oc=5
2026-03-18	Yahoo	0.258	DuPont Pitches Reverse Stock Split to Shareholders	Materials maker DuPont plans to ask shareholders to approve a reverse stock split that could reduce its share count by as much as 75%.  If the measure is approved at the company's May 21 annual meeting, DuPont's board could execute a reverse split of no less than 1-for-2 and no more than 1-for-4.  Board members could also abandon the idea if they felt a split was no longer in the best interest of DuPont or its shareholders, the company said.	https://finance.yahoo.com/m/108e22b5-a7fe-31da-bfac-ba4eda9b78d6/dupont-pitches-reverse-stock.html?.tsrc=rss
2026-03-18	Google	0.231	Iran’s huge Gulf gas field is struck in major escalation - DD News		https://news.google.com/rss/articles/CBMiiAFBVV95cUxPenRhWllvbVFGb0l1OUgzWWg3aFlHOEFRdU82Y2VoVGtYMUhCR0JHWHBWQVhONFNTaDBpV0ZKaHJ3R1I5VnpTc3FOTGs2enhiMFFvaWJCRFlzTjRrUmZ4NmRxQVVGV2tRdldaa0RtWmNUZnllcGVBZjVWNnptbEFmNnFralhNUFFl?oc=5
2026-03-18	Google	0.2	Monetise DD, AIR assets in time-bound manner: Parliamentary Panel - The Economic Times		https://news.google.com/rss/articles/CBMi3wFBVV95cUxQeEZGMjdMS1hUZFFSeGRDeEM1ZzBkbVFSQ2ZPczZ1UmNxY0g0LXB6VkRhV1kwRmM2YmdybWtYWldBbTVKT3QyLVNiVFlKc0tXb0hwcmVIR05CcEpqU1F3aThHcUNwMjJqMlBzRHZqazZrdmp1YUJCY3lBYVMydjZpZlJRaC1XOUFNVzVkWXFBM2JNaXVZYlFZMEFkUzhKWG9ZVEpveHJJTUd4MTFrSHNTRDUzTVdRbDlsT2dHZ3RZVmFNNnFWZ3EwR0dCTTBQUHdaMnd4NTYtNFJMc21TTjNZ0gHkAUFVX3lxTE5HRTkwVjVRMUFXR0Q4MDFLU0tqckFIYjVJNFQ3XzRXTEV2a2dHU0ZYb1hrRTJxXzREYmlUazRIeEVIQVlydjk5MWEyMWEwdV9BaWp1bmNkM2NYdkdCNFlmaUVkSTBheFd6Z0NsRkd6QlB4XzNSemw0ZzRqXzNvZjUwelpTR1hBVVpSamJDSWlpTHdvR3JuSC1YSVdWeW1vSjlYMEdadnVLQjN4SDZvNUg1cVNlUFRlNUVoVG1MbnZjWlBHRVpzaUUyemszUGdPMWFaT0RYZlJwUkFVc3BGcDEwcmJVRw?oc=5
2026-03-18	Yahoo	0.171	Steel Dynamics Projects Higher Q1 Earnings on Demand and Pricing Gains	STLD guides Q1 EPS well above the prior quarter as rising steel prices, strong demand and expanding margins fuel earnings growth.	https://finance.yahoo.com/news/steel-dynamics-projects-higher-q1-122000307.html?.tsrc=rss
2026-03-18	Yahoo	0.107	/C O R R E C T I O N -- DuPont/	DuPont (NYSE:DD) announced today that it plans to seek stockholder approval for an amendment to the Company's Certificate of Incorporation to effect, at the discretion of the Board of Directors, a reverse stock split of the Company's common stock at a ratio of not less than 1-for-2 or more than 1-for-4, with the exact ratio to be determined by the Board of Directors at a later date. If and when the reverse stock split is effected, the Certificate of Incorporation will also be amended to reflect	https://finance.yahoo.com/markets/stocks/articles/dupont-announces-plans-reverse-stock-203000325.html?.tsrc=rss
2026-03-18	Google	0.1	How to Install DD-WRT on a Router in 2026: Complete Guide - Cloudwards.net		https://news.google.com/rss/articles/CBMiXkFVX3lxTE5PY0s5V1BSc0MtM2pmUGFuM1BMUEFmSndZUXRRTkxlLS1aSUdHQVQwMnd2aThnTU5UNU1rQ1VieFFsck1fNTB2ZmhmTG51cFZOY3p6TVZZYkZ3NTdDSUE?oc=5
2026-03-18	Google	0.0	Charlie Cox on DEFINITELY NOT Being in Spider-Man, DD Logo in Daredevil and Going Out in Prosthetics - ABC Network		https://news.google.com/rss/articles/CBMiakFVX3lxTE1DdUUxVllqZHl5UjZoZFpLN3B4c1R2cm9RZUlCa2F6aWhsYW1YMl9ZWE9DVnAyd0FfSm9xdVV2QVRZRjctN3JhaWxwNGktQmlNelVOVUpMTDAxbmFkcmtlQ0JaWVJqc2hMT3c?oc=5
2026-03-18	Google	0.0	DD Herschlein at Matthew Brown Gallery & Alexandria Tarver at Nino Mier Gallery, NYC (Video) - ArteFuse		https://news.google.com/rss/articles/CBMirgFBVV95cUxQUVdxRmVvUThNMXJ4dU9rUm9Na3J5OHZhSU9GU0szUGtpb1UzX0tMSzBQZ1kyRkNOZ051elpzVS01amZ2SFhXa25FNHl0UUVaOWJXTG5Wb0k5dnE3dG53QTlQQ3N4Q2N4dWprbG5GM205bzdGZ05RakpXbzFUQUNQeFExU3RfV0lFdU1vVzdLTzFycktJWjYtTWxEVHgzQ0FTbVRST3hGckpfU0szLWc?oc=5
2026-03-18	Google	0.0	Domestic LPG production rises 40%; no port congestion, says govt - DD News		https://news.google.com/rss/articles/CBMikAFBVV95cUxNX0JPdlRWU040R1ZNZ2xUeDhoMXJESWlZaUlOZjZ1WXl2Y3RmLWl1WkZLSUdpcDN5bWJxNzY3LXZDaGxkVnA1dHNHY0xaZ3pJQTVLZksyVWF1d21tT2Z5Q0dudVFQVno5aUFJR24tX3d0dVpIX2V1Q1J3Zy1OLUNiV2VuTjZwMlFWNE81RXFTVHU?oc=5
2026-03-18	Google	0.0	DuPont asks shareholders to back reverse stock split at May 21 vote - Stock Titan		https://news.google.com/rss/articles/CBMigAFBVV95cUxPWW82TjdKNWg1Q3g2UkcxQUg0WmwxTFpiWE1teU5qTEpVZ3dVSGc5aHhnMU9McXdkS3pDSHFfYnpNWkpUenFkeGhJRGdBSVhDa2ZJem1lSkc4Nzhjam8zUnZ5cHl2dS1kS1MyZXhQVzlQdzZ6dThQT0loSU5UU1VFbg?oc=5
2026-03-18	Google	0.0	DuPont plans reverse stock split (DD:NYSE) - Seeking Alpha		https://news.google.com/rss/articles/CBMiekFVX3lxTE5kZVVfb2hsc3NmLUgtd2VaV05oZWowVUg0a1JyNmFsY3d4T2NZN01lNlhOTFZ0MmgzZ21MTnpBX21oZW0yNEdjcFdiZDhBUnNiSGFZUUZkNVp2ZjNBSnlhbTdiM3lTUHVwV0UtTXBtaEVfcEx0RkhqQlhR?oc=5
2026-03-18	Google	0.0	IPL 2014 M12: SRH vs DD– Match Highlights - IPL T20		https://news.google.com/rss/articles/CBMif0FVX3lxTE1odzFyTDhXSldUbEY5V3JRQ01IMnBsdEYtTmRtWVhqZHlheldPbkdMeXd4dzN0aDFDR2Ita0xvTFR5SkNFbE4yYmlBVGJVUnhlaE1NZ0h0SEJtTGw0cFU1Q0ktSjE1YzR0S1JwNjN2MzhoaTV5RU50dUhUdl9ySUk?oc=5
2026-03-18	Google	0.0	Kevin Necessary Strikes a Nerve - The Daily Cartoonist		https://news.google.com/rss/articles/CBMijgFBVV95cUxQZk11VFNYQVQzV2haSk8tS25kT08zeXNNeDU3V1Z6SmpxYWNTY01pbENvT3RiNVJFODJJV3hkZWVSekM0d1gzenE1SHpzMXpfWS1JVWdlQWp6R2ZyNU1NVEREenRac0x5TDNsRkhlVV94T2xHV1BKSG12c2tVbXROSUpDeXZjTEFGanJ2V3hR?oc=5
2026-03-18	Google	0.0	Kremlin condemns US-Israeli ‘murder’ of Iran’s leaders after Ali Larijani killing - DD News		https://news.google.com/rss/articles/CBMipwFBVV95cUxQODFfWVhFM2ViVHhvdGd5T3pabnhqMVNqb09JRDE2WFdHX3VrXzZVRFlOTU14WVhQVHFvSnRDd0E0UXhjRWFUOGVLOEVNRkdmaHBQQUJfeVhCT2VueDRqSTFDdWlBTFo0NlVsNGY0R2I4eGZST0pFODFVSU5COXVSN0VTQ2ozU1NCZ2paWi1WeWhvTWNuUlBsWURnSk5INWR6OE1BVlppaw?oc=5
2026-03-18	Google	0.0	RailOne app logs 2.57 crore downloads; 7.64 lakh tickets booked daily - DD News		https://news.google.com/rss/articles/CBMimgFBVV95cUxNa2tRZHUxS1hDNmxVajQxb3pFQTJzQUlnbnR2UkZXZjd6Rzd3RzREeG1BTkRHdUlOOXc3NTQ0S2lfY2RtRER3a0Z1cXNndE1ocjhkME01b1h5U0hnSEJOVzVUeWlvSF9HeW4xcWFVNjBmdEFUVW9UV1JKN0hEaTVGTzEwVmpDTnAzZ1FVNDk3eVJWTk5rakZURnJR?oc=5
2026-03-18	Google	0.0	Riyadh hosts emergency ministerial meet amid escalating regional crisis - DD News		https://news.google.com/rss/articles/CBMingFBVV95cUxNZXlUM1JERi1BN3FfaGx2YWNteWFvQU9kMlVTMEw5RlRDS2dvbWJiWTljdWNvbkx5NGRCMEZBOXBpdUdxeDdwejRDcFNWZzZ0RTRpOFQ3dnBIUEtkR3JEUUt6T2ZhTUNUSVExd0ZCNGxHUFhlTnFIZHhnLTZKbEMzcDYxelZtbm50dU9VaHVnMmc4U1RGQk5YTjRDTEF5QQ?oc=5
2026-03-18	Google	0.0	Royal Road Minerals Announces 176 Metres at 1.2 g/t Gold Equivalent from Drilling and Defines Expanding Bulk-Tonnage Porphyry-Skarn System at Guintar: Colombia - Investing News Network		https://news.google.com/rss/articles/CBMikwJBVV95cUxOR2daUk5xN25rbDlDUG8xZzFZU1ZiUkNyR2htQ3FsZUMzMXpBZ0piVFVOZ0VTQ0Z2QmlNUUIwak9UMEtqeWh6VVIzQnVlTEQ5aUZDYXZ0WWIyNXQ1RGFndVl2WllGZk40R1Naa2FfaF9TVThJeEs0ZVVqTnh0U2c0UWx0R2ZRQVVTaElPa3B3QVo4bFV0UFB0YkU2Mk40a0k4VHVuQnpKYTFRZzRUWWphaXB0SHBNUk4xZmdKbmF5QXhTZjFmU0hVVWNRYzdzM2p5RGYtT2RnR1R4aXJuekRXZFpUUWI3a21VeGJ5U1pDaVEwQ2M3dUhTZjdWUnV0dEhvbFlNQld5ODFBUk84aFdkQ0tfNA?oc=5
2026-03-18	Google	-0.083	"3/4""DD - 17mm DD Steering Universal Joint Black, Engineer Cert, VE, Commodore EB - alessandria24.com"		https://news.google.com/rss/articles/CBMirgFBVV95cUxPRWVlNTZ1NC1Kbnh1Q3JQU2pONzlOcHpyM2V1bW9YUWxtd1pybTN6YWJDbjc5MEo1YmJ5YUE4X1VwM2ZUeTM4RkRLTC1sT0tBVXZ1M3NXQm5GanRhVy1yaDU0OVBfOTI4QWs1dHQ5Uk83YmxZSGN1OTA3Yk9DTlhlMnhoOFpNNXRUM0dlcjRVaHAySk4tZFZ3OXRNeVdaWTdrMEF3T3pjWWZrcDEwVlE?oc=5
2026-03-18	Google	-0.25	Cabinet approves ₹2,584-crore scheme to boost small hydro power sector - DD News		https://news.google.com/rss/articles/CBMipgFBVV95cUxQaGRDb3Y3UVU4a1Q4LWFpYjZZNHdVcDE2dmt1dm5ZLTU5cEJFTG1HWkh2dENqa3F0UkVIRVRZTU02eXp3LUlMbTVmOGhyb21CU1RMVllOenpyTGhLbXFaY0JtNDFKelVYcmpGMjFIOHFkbzEwRE40OUhPbWlBd1NMOEt1b0R4LXlVbmFWel9qeFliVXRPUXRLaUhfbGpLVGwya3lSNl9n?oc=5
2026-03-18	Google	-0.4	Community stars shine at Ridgewood basketball game - Your Ohio News		https://news.google.com/rss/articles/CBMilgFBVV95cUxONGc3Sng4WS10NFRkQUp2cW1JcFBLQmdIQ1ZyQkJVNEo5eXh0WU5wSzNzMWlQYzhLY2hzZnBNWDhCNVdtRnpRc1dOYlpKQjJaNmVSVlB0UmRaNXA5SmNGOUR2ckhJZUw0QWx2RGtDMTIwNVRqWC15OFk2SjVqTFJTV1paLWloQnZsUGVIZFJKQTI4TzU3VFE?oc=5
2026-03-18	Google	-0.4	Pioneer School Art and Celebrity Basketball Game for DD Month in Chillicothe - Scioto Post		https://news.google.com/rss/articles/CBMipwFBVV95cUxOMXBDbXV6NXFjR1BRektkQ29CYmNoRzZpNXJRQjdfUmtXazlyVUEwd3RMcHFDSlE0cEFBdW9iR3BDMTFibXRFY3RHek52QkQ3Sk9zaG0tbUY4NndxWlQyUzV5Y0ZDSGpLcnJFdlVPY2ktOTN3RE1XaDNHSTg5MHo1akloWXIwU2Vtd0ZIZWkxU25JSFMyWFFXb1RPTWduNlVLMU5QS2ZrYw?oc=5
2026-03-17	Google	0.2	Coal output from captive mines crosses 200 MT mark: government - DD News		https://news.google.com/rss/articles/CBMikAFBVV95cUxORE1jY1FwYWcwMndjaXU4SWxkTUVVTUVIZFoteWZSLTgtVmNQVUtTMkZ2YTVFaktzcFZYU0JxMUEyWUpJdWpCWHFPdnhyNUZFbmtCYjlWRnBTMVpHNkJwbnlvZEdlT3dkMXVheWxOS3lZNEpJV3lhZ0JEbVgzSDZsX3ZLMmZ0bzV1WU5XSXZqTGY?oc=5
2026-03-17	Google	0.067	EAM Jaishankar, EU leaders discuss ‘enormous economic potential’ under FTA - DD News		https://news.google.com/rss/articles/CBMingFBVV95cUxONFo2T0JJNVpRZjlxSm1CM0RXeERTcXg2blE5UU50dUd1X0RseUNKd0RxSDVhbXhyQXBxQXZWVTg5Tk0yU0RGZ3R1ZF9pMzIwVldfRkh3bUdpbGFOSGdSOWpxdno5T0U1NkVabG1WMC1keERhMVFQNWRid19lSFczUGhMUmtpam9wUXRCOXVaakt3N2V0UDVHcXpuOWdqUQ?oc=5
2026-03-17	Google	0.045	$300K grant to revitalize Knox DD’s New Hope Early Education Center - Knox Pages		https://news.google.com/rss/articles/CBMipgFBVV95cUxQMHQxZXBzU2I2ZTJLeFVaRk9IaDIxWG84S1hnNUFPRFpNS2tKRWRQZDZpRC1HcTZqMDJEUVRoTU1xSmtaLTZ5QlU4LW5pZkJwNncySXNjWGRaZHRDdWVrMXBtRFRlUF8ybmQ3RHBHMS1Ma3VITVp1bG1xWURhNm9aTWx5QUFxc0FKMlM4aXNFU2JTTTF0cGY0V0R5MjRpLTV0TVJzNmRR?oc=5
2026-03-17	Google	0.0	Amit Shah pays tribute to Manohar Parrikar on his death anniversary - DD News		https://news.google.com/rss/articles/CBMimAFBVV95cUxObWZEZmJNLVE4akdJeDh1NGdvQWNLVi0tWjNZdUt2a2pOVUp3S25nTkgxZWlzOU5SeDVMdWZqWjJSV3NYenJoUGE0TE5ua2dZeHp4RGc5VzdnVGllcWs5SWhiUTAtVWZUR0d1Y2h3cEpBaTIzZ2ROakpKOVhmYy05WFZWYmU1YlV3VVBtcXQxVC1uUXZ2NllGNg?oc=5
2026-03-17	Google	0.0	Asia stocks attempt a rebound with central banks in the spotlight - DD News		https://news.google.com/rss/articles/CBMilgFBVV95cUxPaFZNTWpjNVNOZHF1dWRBNTNnOU1fMXZpam9qQ2hkMnp4cm1pejdzRjBQWFdFX2NpLTh1Q1lsTDhWOXhlZmVIcXBiSERVQUlYUGRxb0RpLVdkUGlTM25IQUJTaXo5RzFmTjFIbTJZNFpBallPRWpFZndJVXFtRzB5ZFZLZEtWeGZhNWk2Z01VVHBGQko1ekE?oc=5
2026-03-17	Google	0.0	Bharat Tribes Fest 2026 to begin in Delhi on March 18 - DD News		https://news.google.com/rss/articles/CBMihgFBVV95cUxOZlRscUdCd0lPYnNfMHZYbVlscVdXSzNkbWFtTG94RXVxT3BfZFBKSktPRmV6ZklKSWh4NV9qNmVKYjZublRoWUVUaDhLdHRiYlZibmFRdTJzS0ZsYUVBbzVzam1hLWRseTNvV05DV3g2OFpndmQ2Y3A2SFRTNmlHNnpXZDBVZw?oc=5
2026-03-17	Google	0.0	Centre pushes PNG adoption amid West Asia tensions, seeks states’ support - DD News		https://news.google.com/rss/articles/CBMingFBVV95cUxOYzNjdlBnMkRWdDNSdHBDZUFOaU0zQ2cxckFZbXNNblFHOWUzZWxmMUJ2c01SZnFaTkg1SXgzVFNJYTY4ZjFsTE5ad0xYcFFaaDJjZkstQ2V0ck9LeU9ndk1fTER4LW5uSnhuSERhOHB3LUJ2cGVCWXprUEYwcDRCenVTSnRSR2xtYUNFSVRBVlZQRk9ILVNpMVdWZnJCdw?oc=5
2026-03-17	Google	0.0	Centre pushes women-led cooperatives to boost rural economy: Amit Shah - DD News		https://news.google.com/rss/articles/CBMimwFBVV95cUxPNjJKQzZ1Q21NOE14YnAyQVc2LWpnTmJiVVFtcjBMcEk4aVNsLTZKUW9idWk0WFdjTm1KMGI5cTlLak5ldmJMU1IwQ1prRnRPY0pvQWd4eG80RzVJV3NKczlOQTVLSjJGNnRFS25KVDZQVE1saU11anF0Z3lMcUc4Z3dwTTRVN2l3TEZNaDg2MmdYekJnVUFDWEN6RQ?oc=5
2026-03-17	Google	0.0	Cuba’s national electric grid collapses, leaving millions without power - DD News		https://news.google.com/rss/articles/CBMimwFBVV95cUxPYWZaMGpWUjBzRnV2WkZPQ2FRbXV5dTk2dTRyTjI2dHVnazRnRml5YkVDVTBWMmk4LVRwR3ViSDJrclBXVzlFckhoRHB4eE81clNRendtMHZHYnRtd2UzdWZ5SmJLUTBoaDV2Zk9HS19LRUllUEpZS3lCSGhBbTFDNlZLQ3U5dlYwT0hjSWV6OURHVXlyQnRsZFZGRQ?oc=5
2026-03-17	Google	0.0	Daredevil Finally Gets the “DD” Chest Logo in ‘Born Again’ Season 2 - Murphy's Multiverse		https://news.google.com/rss/articles/CBMinwFBVV95cUxOVEZMa3VkUGY3OVRPc1MweC1JM3hsaUhXR2Mtb3lyVVlwOGl4aWdwakx4LTBkQzRLVU53cV8wNDVQRXd4QzNad2Ffc3ZFOThpVnBGR2x2OTlrZkV1bldmdkhTUWctTmhBbk9hNWI5ZkVReVNjVG1aSERsNm5fb0hzWGc2WXNsVWtuRDNoaDlhMF9BTV92NzJXQUhRWW45TVk?oc=5
2026-03-17	Google	0.0	DuPont de Nemours, Inc. $DD Shares Bought by Lighthouse Investment Partners LLC - MarketBeat		https://news.google.com/rss/articles/CBMi0wFBVV95cUxPcGpFc3lSbGZOOVVQOUlKa1k3eU5rRE45a1lmUXhGNTN6MkRVTHJUdC1scVNScUVBVEZ3R0JJck1aMEItNlhXSElsYVdlX3ZmUGlnTUljZDRLYVRZX3diODd3SmZoN0VfbWplWUc5UG9yTklGSmprdDhWUGxkb3BZZmpTODNQdi1jaDl1WHdSb0p1ZzBtMmVBQ05nUkhhWFVoV2liWWF4bUJhbUY3alpzTG5xYWM0Z1U3VkNQZDQ3OUltNVp2SWdoSDRnYkNzV1NkcFdr?oc=5
2026-03-17	Google	0.0	Holocene Advisors LP Cuts Stake in DuPont de Nemours, Inc. $DD - MarketBeat		https://news.google.com/rss/articles/CBMivAFBVV95cUxNMDJtSGFoWHhvV3JzRHJzNTE0VVJGbnNNdFJaZzRIQnNOMFZOLS1BYTFmNE0ybHRQM0NGSUFQSVZkSmhkMGxDQmdSa1k4elRZVGRvbUhrSVU4VUdTZ19Sa1h0Y1NWQ2l4VFhrSXhVWllkaU1odHBsdjVoUUZsOC1jYl9LNlBWLWdib2x4Z25nVGVqWHBwcktRNWhaWTcwa3B2Z3V1MENaTjJvdXcwMWVOMWVUblhjNkxucmlyUg?oc=5
2026-03-17	Google	0.0	IPL 2014 M06: KKR vs DD – Match Highlights - IPL		https://news.google.com/rss/articles/CBMif0FVX3lxTE9pTU9JUHZkTXVIdFc2cE14ZlllVE9XaktGVDhkY0F3TGowUkVLampaSzF2Z2xIczQ1anAwaW9NY1JnS1c1VGZ3aGlEaHpOUDBxR0FJQnBPVE9nU1p0WVJDNHdLTU5VbUNQbU9zcWR2b3otNWpSQldMajdGa1oxclU?oc=5
2026-03-17	Google	0.0	India calls for universal condemnation of religious violence at UN, points out persecution of Ahmadiyyas in Pakistan - DD News		https://news.google.com/rss/articles/CBMi2AFBVV95cUxQbkRWVFlTOHZoTkVZYmZURGlPMWJzMWNUSW9uOXk1WFpSaDFYMmpPaHpJNkFTeV9Lb2RMeHhCY09MTUE4ZW1YaWttcEZ6ejRfcWdFaFhjV05fRWM2MWdvd1dLaWRob3JjLUl3X2F3Q1ZzcWpCM09rc0ZQZnRqR0RvTHljRGF5NF9vMkkyS1RUOXBFTjhUT0xCR0NEbks5RmVPX2ExRjcyZ1diN2RBVkZOckU3aC1tVVdlSjZwNmd4eG5tZ2o5T0p3cURyLWQ4NHpUQmJBR0RkTDQ?oc=5
2026-03-17	Google	0.0	Neymar left out of Brazil squad for World Cup warm-up friendlies - DD News		https://news.google.com/rss/articles/CBMilAFBVV95cUxOYjNnUmROdDA3Z2ZnY05ubjM0aFJRY2FtajN4VVh5a25xMXktWERiaGh0MlZfeUx5YUUwMXV6UXJoMnZFeUY2RklYSW9VV0I1endxYkpBNkZ3NHRqcWtDSzVpTTlfd3lQMmFuQXEzUjduelAtclA1d2JtaGR2WDl3Y0xQUk5yVHJCbVF2eXBZc1BLRERR?oc=5
2026-03-17	Google	0.0	Nomination to become default in investment accounts: SEBI - DD News		https://news.google.com/rss/articles/CBMiigFBVV95cUxPeFJqUWs5c3ZzYnhQaF9DRnlGRTR5Rm1jbHNTNGdhWlhEUy1yZmg1MTd1UHlRNEJiSzN1THlJQWhWQ280dFQ0anJzaHBiMnc2SFdtQ0VTeGUyTDhpV2lFZXJBVWxLM1pBMVFQUlRPZWU0Z2ZtVEJsV3k5cW1XZVo0ZlpKYVRfN2tabUE?oc=5
2026-03-17	Google	0.0	Pakistan’s air strike on Kabul: What you need to know - DD News		https://news.google.com/rss/articles/CBMigwFBVV95cUxQOTBXRWs1aXNJMlEtVHVtSVQwTEoxejMwVGdEdmF1QzRPbXRkWXJGeEdWTjhTZV94M3hPblRZczI0b2JlRGVqZGdScTBqT09pb0ZibVhfSnFjc1RkUHVwOENRV2hyU1YtRkNOVHRydTA2X0d0NnZRQjhhbHNib2F2N0lIZw?oc=5
2026-03-17	Google	0.0	Soccer-Iran negotiating with FIFA to move World Cup games to Mexico from US: Iran federation chief - DD News		https://news.google.com/rss/articles/CBMiwAFBVV95cUxPaFN4R2FoOE91bDFlU3FJaHdlMjNreHA1VDNqSnNrN1RoQnN0S2xoN1RxN3hiZmliUU5JNU14LTlVdWFvYndFN1lkQ0VvSHUyLWR3QWowQUpDMV9PUm1DM3pfQndKTjhzZ2lmN3A4UHNDdWQxTmRiSTV6WkJBUVpjUkhOazZqWUhZMTRfMmYyZUxNWEpiMUVYY1N4ZElpQVFCa3JCeVNDdkwwZnl1YmNEZF9zRE42MThxamZVRmp5dTA?oc=5
2026-03-17	Google	0.0	Trump upset as US partners reject call for Hormuz warship escorts - DD News		https://news.google.com/rss/articles/CBMilgFBVV95cUxNUFlIVlFzMWNnRk9PTHJwR203MlJMM2tCTjJBd2ZlRF9UTWdpMmdJbVlDd3czeTBMd2FvRk1PejBFWk1EZEpqQTc0WGFjLWx5Rk42TzNHNXJCNjhaZkYtcWpfYjRYbjlKUGF0QzVGZEVreGFUQVZxTjRPLUdVcGZ0OXIwcTN1ZTdpdzVIUUFwc014VTNDanc?oc=5
2026-03-17	Google	-0.1	US National Counterterrorism Center director resigns over war in Iran - DD News		https://news.google.com/rss/articles/CBMimwFBVV95cUxOa2hyUG96cTRoZ0YtRFAxUnB6UjVPSHBXd0ZpU0JBYkp5NUNrS0t6WW90WEk4SS1SQWtieHg0Q2xwRW9ETWZiTk5BN05rVzlOUlRiQVhYZ2FCdlRNZ2FqaUZfQmN1WTViVi0zMlhfdjVrT2xoN2JoZDNMV0ZRTGZzdmltYXotcXFMY0xkRTY0SVUtMHJsUl9DLXJ4UQ?oc=5
2026-03-17	Google	-0.2	Israel’s Katz says Iran’s security chief killed, Tehran strikes Gulf neighbours - DD News		https://news.google.com/rss/articles/CBMipAFBVV95cUxPTE01cFFnQjhVdlo4M0I5dkR5S0pZamhzSjBNWjE0RHpWd1A2R1JVMVpZeXMzMzNHLXNyQ0llSXZ5WmRoOTJkUFpRd1VoQS1WQXZWV2tsbWJQNlFFTUlweS1wNElTLWZaeU15SUpaT3lFZW02T2J0UkpBd1B6Y3dZMWNRQ2lRdjRVTlpHR2RtOFFiRUE3YnF5M0RmVFBZRFRFd2lzcg?oc=5
2026-03-17	Google	-0.3	Suspected suicide attacks kill at least 23 in Nigeria’s Maiduguri - DD News		https://news.google.com/rss/articles/CBMilAFBVV95cUxOLTNvUS1jd1R6RnlNZ1NJWTM3QWFzdHUtQy1fZlI1YjdwdWJJc3B4YU1kOW5abmRNcWpiRlc1ZzVLcjlISzlYcWplVGM2cFZlbVRfVXByNFJtTUlSNmhETUx1N3ExUlFHdkEwSTkwSXRyYlMtMDJ0OWFFQmxTRFNpbTdLelREdGtJOTR0NlZpLTg5eVFw?oc=5
2026-03-16	Google	0.1	China’s economy builds early momentum in 2026 as risks mount - DD News		https://news.google.com/rss/articles/CBMijgFBVV95cUxQcUNXMDZ6dTlCSFAxNWs3QWN4QjZWRS1YVmkyME5Mb0JXYUYzdTBtWTZjLUFWaUpPNWpWajhuQ0ZpcjY0VDhDT2FfZ2ZyR0xMX0JBSlZfSlNfNWtsalpNd2Y2RkhaS1VUT0ZQaWEyakltOFZmeTBNS2s5NU5JM1lFdkl3Rk9USzB5R0RlNk9n?oc=5
2026-03-16	Google	0.1	Fire near Dubai airport under control after drone attack, flights suspended - DD News		https://news.google.com/rss/articles/CBMiogFBVV95cUxPWWJ4TGJfYjZncVdFcVJuaU1DRVRQLVNxN2pEaVJ1UkQ3RDIxMjc5ZlZ3Rk1waUV2alhfTERvSnlhcGNDQ0FpbmlLdWdWOHdJdzllSFl4b2pMNTlDbmF6SW96VDR0eVg5akthUXNRX2JOa0xZM3k3NFlLd2lrQ0Fid2tIeXNOUjNSOXZEckFDMHRVM3pFOXJPbk1kd3llTC1fWlE?oc=5
2026-03-16	Google	0.1	Sabalenka ends Indian Wells hoodoo with epic three-set victory over Rybakina - DD News		https://news.google.com/rss/articles/CBMipAFBVV95cUxNc2VLZ2FXQ2s2NEdqN2JiNDgwUU1uRmxnQmM3aU9VWUlCN0NiNFZtT0JiVlJieTF6ZTVRM0FhMjhGeXowX2JKUXl0YU5mcXBrdTFYNmMxamZES3BOMUx3bkYyUjZYREZ0OFVnc2kwUllZWGRKaGZDTk14di10c0N2THJrVUNxSjBxeGF1Tmx1UjJObmRfVmRyeVVmeDRybmlSMkRqag?oc=5
2026-03-16	Google	0.062	India Post to launch ‘24 Speed Post’ for next-day guaranteed delivery in six major cities - DD News		https://news.google.com/rss/articles/CBMiswFBVV95cUxNdndLOF9FeWQzcTA1VHV5M0FtVHQ2Z1lKaHRnbWVTQWhZRXZuODJUVmRRY0JWNmt6NzR1NGl5cHlzanF1eGdOaFhpR0NjWFBqNGoycG9feDhBczZMaDZwOHg5MGM4Qllra0lZMXotSEtIV1lzQURWMmpZZjlQR0ExSXpoYkZNVFAwQ0doZDlOTkZVbzgzRmlQZmNscHI5R3N2YVRNRVowb182WmpMQldGYjMyYw?oc=5
2026-03-16	Google	0.0	3073.T DD Holdings JPX closes JPY 1690 16 Mar 2026: Oversold bounce to watch - Meyka		https://news.google.com/rss/articles/CBMipgFBVV95cUxPRHpNblRGNGFzWU1kRDQ3MkRfTDBGdXd5Q0NkWTh3Rmg2V2tTbDRiWHR4LWhLMnFiM3JEckdUT2xmRHpWbGpwNHNnUF9ZcmQtaFp2dU1WN2wzMlc0X3VFdXBFR2g3QUFjblh1NTRNOUd3a2NTVnJsRUhEb25UeGxCTXdEY3BwYUgzazNFQ2E2cDFfc2tlamU1YmhXRTBzQXdiNXVzUWJB?oc=5
2026-03-16	Google	0.0	Avoiding Lag: Real-Time Signals in (DD) Movement - Stock Traders Daily		https://news.google.com/rss/articles/CBMixAFBVV95cUxPcmZoU0xjSkJrdUV5TVJtaEtDNlhEc0UtcVdKbjFMY0U1dnp0MDFFQlFoMi1MczlVZTR0MzEyTnBnNlMzYVBtS3RGOTdzUGhFV1BpR2NFX1FtZzFJcjNSaU1fT0VJRl9XMUNRMXZfVDhEX1hZX0FSMkFoTDR0WTZZcEZIQmoyMVhRMEJIdDdpNUJWdmdXUHRNRDNEUmVMMVRMV2J3dm03RUlDNWk4S3VYMG9IWXBvcG9IeGhiQmJfa2NNVU5n?oc=5
2026-03-16	Google	0.0	Congo lakes are releasing ancient carbon, raising climate concerns, study says - DD News		https://news.google.com/rss/articles/CBMipAFBVV95cUxOamgtR2xaVjhlR2V6TjZyUW5ybElSY0ZtSGdCamlvZGwtOHZVZG5keFJ1Z055aFdnOUQ1VXd3ME9IeXVnRDZ6TFZVUkR2TGhvR1BEOW5feHRQT2Z4eWJEXzJ0OER4bVdfOFlUUjJjZ3gtSkMyUnpSbkxYdmM4N2VNc3N4RENUMC1SbjFwRVJhUjdaWGpTOEdrSWRLUDVWTS1oaGZ5Tg?oc=5
2026-03-16	Google	0.0	Fifth member of Iran women’s soccer team withdraws asylum claim - DD News		https://news.google.com/rss/articles/CBMikgFBVV95cUxPR0pvTmNYanlBaTNrVTdfTjhXdnlXODR2WUtoSV9yYXRaMTJWTHdVaW1rd2t0TE5XM1NRUXFTNFZsdk92NHY2MUU4eFNHd0pzc00zYk9IVjZCSG5OTndpbTloRDhLTE1LblNvUzhpNDdKb3JYS25NbklzNmJpVXItVTNCUzFLVTlBQUlsb1NNaU93dw?oc=5
2026-03-16	Google	0.0	Gujarat leads Foot and Mouth Disease vaccination drive - DD News		https://news.google.com/rss/articles/CBMihwFBVV95cUxOYU1aeHdjbm9MRHJsOGloT3VsQnRyUWRFNEtibkd4Yk9BZEw1b3BsZlNjb2x2WGV4dTB1OXpVeHpqRm5JTUFrNW5sMWtvWmZ5dThBc2ZfcDV3aXVCNWhiUlBpMVprWUJEallZWFhDdlhHN2NTLWh4MFdIczR1Zno2OG5nRWxhV1E?oc=5
2026-03-16	Google	0.0	India’s wholesale inflation rises to 2.13% in February 2026 - DD News		https://news.google.com/rss/articles/CBMiiwFBVV95cUxNSkVocE9uTnc2aDN3YkFWRFJvTEtOSmZNSFozMjM2Q194WmJIbzhhVlZ0LS1hT1Y1dzVFdFJVcU8xZHk2Y3J5dVR0NTNjQjR6YlBjZ0NYQzl2eXZ5ZEZRNHpMUnNaclZKWEI1TGRkV1Q1U19TbWtUWDNzZGJzaXhTNjFqLTZ4U0JGelpV?oc=5
2026-03-16	Google	0.0	Jaishankar meets Belgian FM, discusses trade, investment cooperation - DD News		https://news.google.com/rss/articles/CBMilwFBVV95cUxQSlptQ01iZ2RnaHRWcHZJLXRPdWZSaWlzYmlXc3VPSnQ2cUxDM3l4dWhUU2FXU1lUaWJJLW45REFkV1dPcEozMFJjVjA1Y29hTm9BUWZQc3hxQ001cFdGdGlGbXVXajVPNm41bjJKNFh5R1M5anQzQ0UyMjRvYTFTQldqWktMZHBwTmpOOUdZXzRheEZZMndv?oc=5
2026-03-16	Google	0.0	ONGC moves toward an AI-driven digital era with CIPL - DD News		https://news.google.com/rss/articles/CBMihAFBVV95cUxQdV9OSExNQUdXNjA5QXFNaG5oMDVjMjBJMURVSDZGUmhGTmNxZV9CeTMxdV93VWR5WnBqR3hyUTFidmxvdjRQRXctS29ic1AwaTdBT182NnJHLXNKZWl3cnlqMVREdnpBdzgtWjh2R2stT3lwNHFoYmIzMHpHVG9xaHlCbTU?oc=5
2026-03-16	Google	0.0	Omar Abdullah inaugurates Asia’s largest tulip garden in Srinagar - DD News		https://news.google.com/rss/articles/CBMilAFBVV95cUxQWlB4QklselNZUk5yT3BZWTR0c3Zid1l4Y19md1BCRkZQVFoyRWpKdlVnblVwM0t2UXZkck1EZzBsVl9xSE9KcHJSZzZqVWZNallyWFRCcHhPVjNRZm1LODRmYTdBcnRIUGY1NDdaYTVGREh5MWxrVnFjUk5DZmtNckNIMlkwYkFfYXBiSzc1clpLaU5Q?oc=5
2026-03-16	Google	0.0	Over 550 Indians move to Armenia with embassy assistance: MEA - DD News		https://news.google.com/rss/articles/CBMijwFBVV95cUxPNk9zVTFBX2JWenBZYzc2eldJTURMU0VZY2hYSEQ3ZDA1VzZPdTJuNHFoTkh6WmQyQ1J1QVpHdnpISWhkSkNuaFJOZTdsVkZDWGVsMU03aENkOERXUE9VMmh1TWZsYnBSbXQ4YmJiZXQ4MEdVY0ltaUUtY0NheGJRUVpIM2ZEd3UycFBLa3kxbw?oc=5
2026-03-16	Google	0.0	PTA-DD: Bayer Aktiengesellschaft: Managers' transactions announcement according to article 19 MAR - TradingView		https://news.google.com/rss/articles/CBMi_wFBVV95cUxObDRqRGtpZDNKMWp1dTN0cnhyOXlNUC1NVXpTR1NkOGNfLXBMcTZ4Rm1WaURNYmxJMVhtZDEweTRmUHVYb2ZMUUVlQUYzbV92V2s5Uk5rRTNLSUZjS2YzX0xwSkoya2dFVkx0MkxVMnNvVmYxc2ZmaGRzNkt1cGZ0Y2o1eXdnRXA0NFN1Mnd6cGxrMUV3dXNmQnJIQ1JjUHQwWFF0QXVFZGg4SUgyeHFsWWpQTGxVWm5UODYwa3BET3dXdlhVRG1uWHBJcWg1cWJlOWdWSXNva19EVXVUeWJfbXhYRmJDZXVRUWNJb2lMbU1VbHY1TTNCLVRmNjF5ckU?oc=5
2026-03-16	Google	0.0	PTA-DD: Erste Group Bank AG: Managers' transactions announcement according to article 19 MAR - TradingView		https://news.google.com/rss/articles/CBMi-AFBVV95cUxNTXJnM084c0JyZTVsWkQ1WWU4THhHZHZ2Y3RFakk1OFJRdGdFWDNtb25qcndxcHF2aDgzc09QXzBQVE5nVFA4OWtkeW9nQ3FSWVdEaEQxZmpieS03MTE3TXdEQ1BuMnpkMm5BZDEyaUdwMVZQRkJ6eU9BN2VHODdZbDlOVWsydGNMQkl2QjlnYS1wNlp3WnVaeWY5VzNJeUxwYnhMYk90NXo5TmliQk9sU2FjeUhJVGV5U193QmtMTTl0RFBwanRxcXJYQmMzRE5DMTVOSTJFRWZsZTg0cFRsMjVFTW9fblRTVkVDQko1dkJTZHZzRzZadQ?oc=5
2026-03-16	Google	0.0	PTA-DD: Managers' transactions announcement according to article 19 MAR - marketscreener.com		https://news.google.com/rss/articles/CBMivwFBVV95cUxOWXJCakJZTFpjWkRhWDUxM09DVU1ucThzMUxaQVFnbE9pSFFIQ003MWZVclgxdmtPc1dmeTNYZUcwNGxrN1FHaEgtRENMNGY3MlBhdTBCTWZvTERoenJXNENGc0RvbndQR0MxUHRoVi1vdUhlYTY1N1VkeS1xY0duQ1p2ZlJPdDdhdEJDQnJfeEtDQV9SWE55WHdwakxGeC1tcTFkbGE3dHQxb2tpSDZqbk9UQUNkSVBMemJVeS0yUQ?oc=5
2026-03-16	Google	0.0	Prasar Bharati outlines creator selection norms for DD News’ Creator’s Corner - Buzzincontent		https://news.google.com/rss/articles/CBMiuwFBVV95cUxOZjBycnlQa1BSNm9XQUFCeEEtblB6cTY0Vmh3YjJYUDAwdFFFckdHWDdySkI1RmRWZDRCcnQtcWt5VDU1ZC1IWl9QaWQtMldSOVpjb2xybE5nbkNQeDJGdnlKUmdwbjlUZnpYaVhkU0FZcVRISDRUWTNTWnloU1BFamE0Wm1KOE9pb05JT05rSTRWUFR1X19pVGdhcGxiUFVtakFwTkViX195bF9WYjVhaG5WZEhEdWtEOVJ30gG7AUFVX3lxTE5mMHJyeVBrUFI2b1dBQUJ4QS1uUHpxNjRWaHdiMlhQMDB0UUVyR0dYN3JKQjVGZFZkNEJydC1xa3lUNTVkLUhaX1BpZC0yV1I5WmNvbHJsTmduQ1B4MkZ2eUpSZ3BuOVRmelhpWGRTQVlxVEhINFRZM1NaeWhTUEVqYTRabUo4T2lvTklPTmtJNFZQVHVfX2lUZ2FwbGJQVW1qQXBORWJfX3lsX1ZiNWFoblZkSER1a0Q5Unc?oc=5
2026-03-16	Google	0.0	Sahitya Akademi announces annual awards for 24 Indian languages - DD News		https://news.google.com/rss/articles/CBMikwFBVV95cUxQRF9ZTWRIaG9zUm9PMVBlZS1rLWxhaHQ2eXdwZkM1OV9rdms3V0Y0VEE1NTZURjlVNXJiVjhiTGh5Y3M3UXNVZ2VEdFVVT0VYQWZMaTR4c3NOQVlpdjNqWGhUUjZwcnRLOF9qSVpPX3VPQ3ZLUVlCQ19OYXcwRmFMRTJkX2RHTFpOb0s1X0EzMklzZDg?oc=5
2026-03-16	Google	0.0	Sky House in Photos - Robb Report		https://news.google.com/rss/articles/CBMipwFBVV95cUxQSHlBLVJLSDJtbWs0bkloOFpTQUVLV1laT1VUeE5JUGhqTG5pX3Z3T1V2aW5TY0d6UUlXZUNWNkhoN0tFZldlV0VYWERBc1lPWnZ1RjZaNDVWd0tXSUZadURDYU4xRHZwdjVxSVJHRGwzWUFTZ1p5QkpqejBpVEtaekJOVnhIMjVRZGpCYlFSQkhrdUFwZlZSV0VWQjdqRTBobGNOYVU0bw?oc=5
2026-03-16	Google	0.0	WHO says six hospitals evacuated in Iran, system holding up - DD News		https://news.google.com/rss/articles/CBMijAFBVV95cUxQaWJKWGg3YzZ0OWttZWtfd0ExTFpwMy1sYlY0ejcyX2lHVjBZTVZLczBocXpnMUxqZWVhTjMzeHhlRjU4eE9BWWlERGZOMzZ3TXg0UFFEVDZDZHhvcElKS2JXSXdBM1Y3SUM1bXBJUVRDTTBkcnByb0pVWXVtRmpEUTJvSmpWTjBJWUtqSw?oc=5
2026-03-16	Google	-0.015	Ross Dress for Less has opened 13 new stores. See the list. - USA Today		https://news.google.com/rss/articles/CBMirwFBVV95cUxNc0FFeWs0X0Zod3Boc21WNlFCeks3Sk4wTlUtbEJGYVNMMkFKblZXRHRUdGY1ZUJGQVdrNFVldlZVX0c5N3QtSDdGZGc1d3JTeDZJSlhSNUNTdlBMUllIczZfTVhKMzF2Uko5YnRxcVJ3clN4aHBqWllLMVRuSDVoMk9Id3JocXlOcXNOZXkwdVk1WE1DQUZSMXFISW5BT19xMHBTaUhtTGVCVGdEaXRz?oc=5
2026-03-16	Google	-0.071	UN Afghan mission gets limited extension after US review call - DD News		https://news.google.com/rss/articles/CBMikAFBVV95cUxOeTVtNkQ5UzFpcFZFVUpIakdaeG5wcU1PcDZJcDRMQ1YxLUNWYU1xc3ZOUm9tWGZxTjhoZ1UtRXFFRzhyWVhUcDdWVGRfemdVeUYtbFNDUFN5aEtaY0hTVGVfMDlEM1A3d0trMnlwYlVyRzlDMDBGcHFOYi1jdlYwcFRTSThFVW1sTG51X3IxQms?oc=5
2026-03-16	Google	-0.183	No fuel dry-outs reported in India; crude stocks adequate, LPG supply under monitoring: Government - DD News		https://news.google.com/rss/articles/CBMivgFBVV95cUxNZlRkRTB5aUlhM0Nhald5ZzNNbkxnSG80UGg0b1NuZ2RSRVE0R3NiMk9jOEZjZUxEQmhIckRLRFpGb0FfT2Z3NGlvc1l3OUoyUUZwZllmckxaeEtPUDhGYl9RWC1qdjZjWkJhSFlYb0FobXV1WnNsMmU4YTdtdDFpTVE1MVMxVDRIOHZMRFpzRDJLdVFsLUJuX0JwR2dfamlRdEt6SkN2S052RW1qYm9McXg0TklORHVYMm5xc3h3?oc=5
2026-03-15	Google	0.017	One-fifth of Australian teens still use TikTok, Snapchat after social media ban - DD News		https://news.google.com/rss/articles/CBMipwFBVV95cUxNdTRWZHFNQkRmSUEwY0JGaEhLa0dkMm14a2NNYTRBNUhjN2RNVnRxYWdSQTYyOXJWUGlCWXJvUFE1dmJsTno2SHJnci1QbVlQU1pTMGVMLUs4RzYyOWhxczBna0VMWEUyd3Iza1hjU1pCV09vN0c4alJYaTIxZjA0Q3RBNjVnRVRTMUNwWDA1bnl2QUcxSXpNQUdGMHN2VnpsTlctajJUaw?oc=5
2026-03-15	Google	0.0	Iran threatens to retaliate against region for US Kharg Island attack - DD News		https://news.google.com/rss/articles/CBMimwFBVV95cUxNN3NUMnBUOXAyU0RYTTlRcDVtaHZ5TDVhUDF6UUt2YU50eTN5TUFiT3BiUzhxak5QY1p6dk82eTgwbExZYkNTSm9lMzdMM0lOLU1mTTNDdGZJaHJBdkc0a3ZKcjhMZWR5cENIbGtRRTJSNkZlZjNENXhJdHFnMXlkTm9uSWQzbEFMRk81SVJSR2hKUzZ3eFBoaDdkNA?oc=5
2026-03-15	Google	0.0	Podravka d.d. Stock (ISIN: HRPODRA00004) Faces Headwinds Amid Consumer Slowdown in Central Europe - AD HOC NEWS		https://news.google.com/rss/articles/CBMiwwFBVV95cUxNNzBwMWxBZnlUUUhfRk1MV3VtOGZDMTJyV241c25Zc2tacm9GWXEwV1ZRUmxna3dVYUJxSnVlT0dDdFlpQVBqNTdVV0xpTTRNTDJ3Qzh5dnhNaFpxeEFYYXlrWkcxTEVZTXRKU3UtRVNCZnhwTjE1UEZoaDhmVmc4TWJFRlpJNE9YeExPd2F3RjJjOTNJQWxFcGg1NHdnYUNnRGxHWnJHMzVOUjNwMTd4S2Izd0M5TkpaMnk1dnBIVUNVYmc?oc=5
2026-03-15	Google	0.0	Trump revels in killing of Iran’s leaders as war nears two-week mark - DD News		https://news.google.com/rss/articles/CBMimAFBVV95cUxOMENjTlloVmNBQ0plQmtacVpGUjVHQ1RiaGNmM2VubUVEaDBDRF9GZzRMVnBPLVNmbFg5R3JKUDBMU2tyamVWMlRmZFVYbFRaNU1LcXVWbHhpQ2xScXVXajBTN05xUk1xQmVGMndBLXh0T3NRYzQwR3lrRHQ3OFVFNFk3S2czbEh2YWFrN0o5NWljSDRBQUVMMQ?oc=5
2026-03-14	Google	0.167	A Sexy Black Swimsuit I Can Wear Around The In-Laws: Rip Curl’s D-DD Suit - themomedit.com		https://news.google.com/rss/articles/CBMib0FVX3lxTE5tNUo2MHdmZFo1Sk1ldWpxOGgycE9jeEdoaEFjWlk0a3ozUWFfdmwtUEpoRTlfbmpheGpVQmpnalJ4Yk8wbmpaZE5icGVVN3BpLWo5UmNoQzFWanV5R2phMWpZRFdPTUxNdkZWWDZTbw?oc=5
2026-03-14	Google	0.0	Rybakina beats Svitolina to set up Indian Wells final with Sabalenka - DD News		https://news.google.com/rss/articles/CBMimgFBVV95cUxOdGVlUFMzc3cyQk04UXNKazY2RzJQMWJNWFhvTjFHeHpYWHFoMy0yTkxMUFlQQTBnZDEwTUZHS3pPaHZkNkNPbWkxUG9TYW1OV2ZSN19UZXBfbzdyZzExWUFmZXJzVGk3SFJSNDd1TzdzRVNYcWg5TWhyMjFqaks4RkhuN1ZlNkh0OTY4UkhLZExuYzBaVXFWQVZR?oc=5
2026-03-13	Google	0.3	Centre funds 6G research projects worth ₹271 crore - DD News		https://news.google.com/rss/articles/CBMijAFBVV95cUxPVHFsZEVCdV9SUHJiTVQ4NE1kTkZXVXBYTjJVM2VZMmQ4OHNrNm1CTy1PeV9iNFBRLTl1T0VsTjZGVnllLU9reGtvdDlFeWd2WWdGSzdVWmlsZzVweTVheU9jZHZ1TkYyaGRMTEo1amJvRERrNDRlUWtPTncySjlySjFWV1Jkdmhhd1pCNg?oc=5
2026-03-13	Google	0.3	Japan to join Trump’s ‘Golden Dome’ project, expects missile requests - DD News		https://news.google.com/rss/articles/CBMilgFBVV95cUxOMjFrMnlhSGk5ZlpOMnVkN05LanFJQm8zam9uR2VtUnRaTTJBTi1HaU5HODhENjFkcE1TRDlHSEdKOU9Oa0lRbm91S3hhWlhDRlUtMnJzUjhRYWtxRE4ybm1mcDF1MVlpLW9sZ2pfbkh3NzZKNWJQS3FTVXVGRlBaQVZkOE5qckxIZFMtbFl4MnZJbzgySUE?oc=5
2026-03-13	Google	0.3	Nepal ex-rapper’s party wins election in landslide after Gen Z protests - DD News		https://news.google.com/rss/articles/CBMinAFBVV95cUxOWDlVQmRhU2RDWHNZYzliU0tjSTZWdldVNVg2anpIWGRlMFdLYmhSak5TNUwzeFhvR3Z4MDFNbFM5X0JLS2lXZWg4RllUNW5HSHBac2V2VE4xVW45bFlrWnVWNW40bXV3TmYxb2ZxTWE1eFotNG44X3d2SDNJbVlMN1JTMlI1SXRxSUgzcmdNQjJQZ0Nha2dPdWsxV0U?oc=5
2026-03-13	Google	0.25	India exports GI-tagged Joha rice from Assam to UK and Italy for the first time - DD News		https://news.google.com/rss/articles/CBMiqAFBVV95cUxOQVpiNDZWaGUxWFBXRzlmQU54XzdzRkVwUkFmeWFUeXFuRVoxWmVzUVlZNmlGVXdlTmtic3pSYnlJMHI2YmIzQ25pcTVuZVAxd2dhRGVidl9ZZ0JycERjUUplSlpha1J5UG0tZkZMa1NWNWlQQ1pHcFNMSE9fQ1RHNWUtZ3hxR2J1OWd2Z2d6UnJBSDhMc1FZNHQxYmZfQlJaR0x0dW9aUzU?oc=5
2026-03-13	Google	0.15	Community participation drives rural drinking water success under Jal Jeevan Mission - DD News		https://news.google.com/rss/articles/CBMirwFBVV95cUxPeFpuNTI0SHphQUpsUlVyYmRaQUNGb2V1a2FTSnc5bktnVUV0TDRxbl9PcFFRcmRIRVJRTE9VT25RT0x0QV9IUG1OSzlwaXI2SGRDTnU4Nkw5X3JWdV83QVQtTGlIaUJPdXhFNERfTHBjbnRadlg1ZDFsLWVGNTRJTXUzbDJmNnI4NWpvVjZsdTZVMmdkR0xkbXR2Qk91WG04XzFocDZ2aFItQnNLR2s4?oc=5
2026-03-13	Google	0.1	Pakistan bombs airline fuel depot near Kandahar airport, Afghan Taliban says - DD News		https://news.google.com/rss/articles/CBMiowFBVV95cUxNeHJXM0N6eWZOeWRVcVpnNjFrdHNtRElqYndDOXRLRG53N094cDR5dVk3NHJ5ZllsYURad3AxUHJaREFGQ00tNGtMOE9yanFuVWN6ckdfdGJoRVZnbjI2YnlJWlB2ai1aT3JPeUdiNGhDS0p4cUpXTnluUDI3M1pxVG5EMWI1cmJkVHZLaldJb05JaUoxcG94UFJPR05IYTdNbUQ4?oc=5
2026-03-13	Yahoo	0.081	Celanese Stock Sees RS Rating Climb To 87	The Relative Strength (RS) Rating for Celanese stock climbed into a new percentile Friday, with a rise from 71 to 87.    Risk Management In The Stock Market: How Much Money To Invest Now  This unique rating tracks technical performance by showing how a stock's price movement over the last 52 weeks compares to that of other stocks on the major indexes.	https://finance.yahoo.com/m/67d5cc37-eaba-3cd1-b7b8-d31de8534f60/celanese-stock-sees-rs-rating.html?.tsrc=rss
2026-03-13	Google	0.0	A Look At DuPont (DD) Valuation After Earnings Beat And Water Technology Updates - simplywall.st		https://news.google.com/rss/articles/CBMizAFBVV95cUxPTThwS29YWHhIM0NuVWlXTG4yNUVyRUJDakZWUk53TWN0Q09tNDhxT2pTUFp2MGQwam9UdUZwZWZpTl9Lb3JqRS1uVnh5LWZyU1hydzJrYjBmQXl2TnFhWWlnOWNIYXdrQThuUGZES3Z3eG1tT3JkRFV4NU9oYklxdFNBRHdJWGswZ0lfN3ctWkF4b1hRQ2k4ZWJ1ME1VaVlNbkFsZlAwejFhbTZlU0thTlBrXy1OS2gtWk13SWtucmlUdkF6YVVnQkI0b0fSAdIBQVVfeXFMTUgzSUtKLUNLTGNpbld5UVJ2cVdMVnlrZnZGb2VjSEZOZ3czRkJWcWxVUzc5ajZkUUVvbWpxNzlXNUxtdjdqYktMWWhyYkRRZWRPU0cwODhPM1dxV2drOXFrZDNLLV9jZHNCU0kxN0JDdWdZVVZJZi1VV3QwRFVwZlVWNnNtNkt4bGJKclVuYXNIc2VoZUZPT1UxbjJfeGlPazNFcjNNd2p0bS1KZWNrRVU2RjFmWDA4dHJHdmM3TjFWNm9SQ081Vi00X3dCdlhzTXF3?oc=5
2026-03-13	Yahoo	0.0	BASFY Advances High-Performance Textile Innovation With Niber	BASF teams up with Niber to develop electrospun nanofiber membranes using Freeflex TPU, targeting breathable textile solutions for next-gen performance apparel.	https://finance.yahoo.com/news/basfy-advances-high-performance-textile-121200252.html?.tsrc=rss
2026-03-13	Google	0.0	Centre introduces digital platform for NOCs and access to national highways - DD News		https://news.google.com/rss/articles/CBMiowFBVV95cUxQUkllWnBiSkszQUc0Tm50M2MyRlhjdy1VM1o5bm4zVFY1S3lRMUdHUzNTenVNdlFDNGxpalZTNFNyVWkzMWdyZmUtYk5VX0RGbUZmN3FUdW9SYjBpWVR5TWxFdWlXNHRMbUFPblJ5Wk1YTFNKRm5KVEtiZVUteUt0SFg3VXFnbnQ2MlloQ3lwNHkyVFJVdzRGYzBHSW9ZdEhfWmFn?oc=5
2026-03-13	Google	0.0	EQS-DD: Heidelberg Materials AG: René Aldach, buy - Benzinga		https://news.google.com/rss/articles/CBMikAFBVV95cUxNV0ctWDdVUFJESDhSMWswU1NKZy1ERXFvMU1TNjN6RlNIRHZJVzg1MkViemZNUlluazNROGN1UFpuVldHMjNHU1l4TFRxYWdQR0trY0Z3b1ZkN0M0OEd3LW5MdERWWWlKQUVPYkp6dmtPVV9qN0JzdjluendGRkRxckdjMFcxS01yV1hmVU4xV0E?oc=5
2026-03-13	Google	0.0	Fitch raises India growth forecast to 7.5% despite geopolitical tensions - DD News		https://news.google.com/rss/articles/CBMingFBVV95cUxQY0tGMjJlUEtFTkZWR2VMbnQyX1UzQUJsc1NkQlNJSUE1dU1YY1V4eTRkbVQ3RzlHYzZzYk9LVHJsTEdlRUFELWlZUXJ6bHcxNG0xVVV3VENiakZoUG05VGY5RU5mYk52TzE2RjhaOXNDZUxWaHpZdVFJOTRTa3hqdFJBV1BBYjJzbDl1Y0pMLVNHYnh3RWotQVpCWjFodw?oc=5
2026-03-13	Google	0.0	Google Maps gets Gemini AI upgrade with ‘Ask Maps’ conversational feature - DD News		https://news.google.com/rss/articles/CBMingFBVV95cUxPeXZ2RzZ1bEhsU1lZOTFoX2t4cUUzS1JEblVYRmsyT3ZQWWtGMTRKclRMTEF3Z0JSRk5DSEtIdklrcWpsbWt0aXQzNzkyUWswdnBqLVVjenJmQzRucTNnQW5DbU9KNUk2U2hOdEZoSFVhRTdFRlpNZTFQdDVxa0ZnU2IxNUVWMW1FMnhYTWVTaHNYME9kWW1xNFZWRURKUQ?oc=5
2026-03-13	Google	0.0	KRKA, TOVARNA ZDRAVIL D.D. - Acquisition of treasury shares - TradingView		https://news.google.com/rss/articles/CBMiywFBVV95cUxPek9fcWdYWTc3cVU4Um55bEVqcUJKaURZSFFCRG9UbjBpaHk5T0FpQUhYODExVi10MlZDRkJjbnhFeXhES3ZfLWhnVTZyV2VTTGJYdXhNM0JEZDZEWmVFaGVuMDBhUmZEU3VFSFBETG1tMVFBdFZjN3V5WUtobzd3R1NRczRyNy1xWGtmY253TGNScnFpTVdRNWNDa2VJeWdGWFBXa0dnSXZjS2pwRm9sOG1FTGZPYmVyemdzOS1ZcFg5eHhpUndHUzhzQQ?oc=5
2026-03-13	Google	0.0	Medvedev beats Draper to reach Indian Wells semis; Svitolina upsets Swiatek - DD News		https://news.google.com/rss/articles/CBMiogFBVV95cUxNRnVFQWxSTEFwVjhpdEdnTUNWLXJJZ18yNUxYNGpfMURvOWtrQjRMY2dXVFVxTUdNQm1CUVVOQmhTZjREWmN2aDBCdnJ2WVRKdEFUMU1LeEpHN01PdXM5RUwwaDZOR0l1Qy1JdDhsWW5vSXZyakM2dktVUG1PUXBXbzdrSGo0NVg2TXQxVlNEcldESVlSMXVmSFFmdXNWNnBmU3c?oc=5
2026-03-13	Google	0.0	Michigan synagogue, Virginia university targeted in unnerving day of US violence - DD News		https://news.google.com/rss/articles/CBMiqAFBVV95cUxQQ29peDlHdVVnSnZKUTRkdFNNOEtHNVRmd1NPS2lNUkZCcE5LcnA1MFF2SlExQ0xHelY5Y3pjY3hmb0RIT3k4RGNOQ3QwbkphbHlibHdCMmh2Q0FKdUFKVWsxREtDU3ZuY09qdFdfeGRXdjJ0b2dIckRYR3JLcnh3dmpzc2ZkTzF6QXhxMWRCa0hJNzlGdlEwdnN5NHZOZncyZjFyUUdVbEY?oc=5
2026-03-13	Google	0.0	Piyush Goyal urges industry to leverage India-EFTA trade pact; highlights $100 billion investment commitment - DD News		https://news.google.com/rss/articles/CBMizAFBVV95cUxOdEU2WS10SHVOcHZPdVpGX2R5UThYd2pBblN2NVJ3X2o2WmdaX1JaMFB3OU9ERXFaMDNFcHZOU1c3VzgyTWItS3Rwcl9jZERSaDNqVkpSUm1PdzNUa0I1MTNRTTFBSXRVUmVGQ3J0YjB4dDZEal9TMzBRWVRVNmlHTHV1ZzloU2lCOVo1a213cmNXUmdOeWw4OElXOFRnVmFuRXlaZnJ0b1V6blFUbkhLSEZ1S3M3dXU5NS1CUWlPZV9Zd2FOakE4YmZZeEM?oc=5
2026-03-13	Google	0.0	Second Study Affirms Superiority of iMDx GraftAssure Assay’s Proprietary dd-cfDNA Combination Model Score - The Manila Times		https://news.google.com/rss/articles/CBMiigJBVV95cUxPY3YwSW5uS185ZWdnSVhmWVdfcmNUR1VPeXJnV2llQTNJTkVfbVhaUlBoQXljTDJYS1VvR2N2cWM1UEJOcVl2b0k5bmFmUHRYY0JBb0lNeWRjS2RVZzVVb2p3dWY0dzJFWlV4OG1SUERkNElMRHpReDNDUUZzeUVhVlpNZF9BaTFVa3dPbHp1TWt5NERCUVBleFV3d3Z2bTNROGt0amludU9GMzktcE10RG1mTXNYeTlpcWdZTTFpUnZoek40czY5ZVF5bnBFSzlwT1Y5Ym9Bd2pzeC1JaVEtZVltMWdrMG90a2FrUzc4a1N1am94LU9EUi1hbDVRS0FINTRZNmFjMGFwQdIBjwJBVV95cUxOeFhIbFlCSnBTNVVRWmdxTE1rX0tMYkNNZEZpUzZibVgtbUhMOFBGcVNWOUZUeHgwdTBVeXM0SUFxdmg3SG5RWlJFV3RUZnltMG5meThfbHpzOFNjeS0xOWM5VHdmaXZBQnRxSmlNakttTUhsTVJVMDlpWV8tcC1NYzBMdnZtekFsR3R2TGZUUEU1XzNnRTBGV0tpYy1yVG9DUnhNZnpKc2NPenN1TXV2cDhoWF9BRDlMVlVZRFIzZjZwV21DbFl2dk9ISUk1S0lUZ2YweVVHR0k0dWpzMXhLZ1NRTVNwalZhUnRnMjFzeC1MNHJjeU02SF9SazZkdE5mSXRuYWo4SUhVMGhWRjFN?oc=5
2026-03-13	Google	0.0	Sensex, Nifty end lower amid escalating Middle East tensions - DD News		https://news.google.com/rss/articles/CBMijgFBVV95cUxNVzNSU29zaGI0ZjNuWFBCeDZjc05KN2VLeWFDb3ZzSkdJbF9fY3VLdnNDZWhtNnJ1Qk5Jc0R6VjFTV2FrTmpRRHhuRkI5cHYzSWdBdXk4dU9ySnRueEd0NzNJY1htOGhaN1c0dzNCcGgyX3VZcXZUbmRJVHFkTDE1QXk2NmNuNllteVo4dmdn?oc=5
2026-03-13	Google	0.0	Sydney Sweeney: 6th Grade DD Bra Insecurities to Empowerment - 조선일보		https://news.google.com/rss/articles/CBMijgFBVV95cUxNWHdHZkdGQ0tMR3owVDdxaERIcGJzZy1aQi1VdzIxOVRhZzNWanhCZlhlVzE2MVNaSFJpeDEzdnpPUllBUlhQb0o3RWgwUE9lWDFKRG5KTElSeHVrRzZVQUdGZDlsU3hwWUpXLTRZb3NrMXlPN3FKeU1CaG85YkFOcXFXNW5TaElWY3dUaG93?oc=5
2026-03-13	Google	0.0	Trump says inappropriate for Iran to be at soccer World Cup - DD News		https://news.google.com/rss/articles/CBMijgFBVV95cUxNeVBCTUpuVll0UG55a3RuZE1qVGZuQnlwTFhyTkdPeGdtQi1OVmZwaGxZM3ZUSVJfRi1UWUdpMEdvLURMM1RJMlF5NkFMRS1LSi1uZXFQR0k2SmQ5OXlCTTUtUGlSVlFBY002cFdrbXk1RjZCWEdWNDJsSl9YTnJUa2NGRkNCWG80NVBqaFRn?oc=5
2026-03-13	Google	-0.1	Rajnath Singh releases ‘Defence Forces Vision 2047’ roadmap for future-ready Indian military - DD News		https://news.google.com/rss/articles/CBMitwFBVV95cUxQUkFKcldPV0MwQ2xEcC1OdGI1cjlxNVg1eXZ5OUpkSXlaNXJXbnVwYlBoMngtbzJScTNVZVFFZ1NybEZLSDBnZTFTSVd0Um1RR0VpZkRoTGZraGhmbGNsTHctdGhRdmZqLUI2ZW9URnVRY0Y0Y3N6SVQycGpkZEZOV1BsSHd2bDVkeVpjaXZrXzFrMlJQZnp1TmQzdHNHZEVxWkNwMFNfUzhoWjlGenZvc21seEpKSUE?oc=5
2026-03-13	Google	-0.1	Rosatom boss warns of ‘increased military risks’ around Zaporizhzhia nuclear plant - DD News		https://news.google.com/rss/articles/CBMiqgFBVV95cUxPakliUmtLWm5jUGdfa2NFLTh6TGhQcjRtTUppQzF6VDhNSm1oSWhEY1RMVEY4VEhrOURLOHg0SzNWZE5wNS1jRE00WXUzY1lOSU1tSlVCQmRpdFF6RHpQek1rOVo2UmdUOGRyLTV3dWF6N2pBbWcwRW5uN0w3UDFUM2JCa0s2QnM4bjIyMzdEYmgtX2pBaW0xNTFFbm1Mb201a1poSDRxdUdydw?oc=5
2026-03-13	Google	-0.156	Shantanu Narayen to step down as Adobe CEO after 18-year tenure - DD News		https://news.google.com/rss/articles/CBMikwFBVV95cUxNSnRBUXdvb0M5WUpXbHNERnFJOTlHNlFGdDJSSEdIdTdHbE5mOUxJbTVaenpSdUF4dFJuTm5wSE1VdnZUUl80TjFILUxhM1hvRWdQcXRwRmZQMGFlRURXVFJLRXR4aFdTbzI0a0RwTDhEcjg2clNDdFRXWmUxenRqX3p2dVgyaDBMRUgwTl9CR0gzRWM?oc=5
2026-03-13	Yahoo	-0.2	Does DuPont (DD)ʼs Expanded WAVE PRO Platform Reveal a Durable Edge in Digital Water Solutions?	Earlier this month, DuPont Water Solutions expanded its WAVE PRO online modeling platform to include reverse osmosis and nanofiltration, creating a unified design tool that integrates ultrafiltration, ion exchange, RO, and NF for applications ranging from drinking water and industrial utility treatment to wastewater reuse and seawater desalination. This upgrade, combined with DuPont’s award-winning FilmTec Fortilife wastewater elements and extensive installed base, highlights how its water...	https://finance.yahoo.com/news/does-dupont-dd-expanded-wave-080708662.html?.tsrc=rss
2026-03-13	Google	-0.2	Four US service members killed in plane crash over Iraq - DD News		https://news.google.com/rss/articles/CBMiiAFBVV95cUxOVXFNQjR5cGJGUm51enJLd3NiZEZTbHBuZkU5YmIzWFdEamxfM25NUlNrQ1QzdEFqRU5QQmhmRmpySUc5aGZ6U3VBN0hka2drcEhkQlBaeEpkNEVVeWNVdHMxYjhnT3VTQ3VkNnp2Q0hRMENZMDZTd0hoN0ZscGhQQkdxa2hrakFV?oc=5
2026-03-12	Yahoo	0.4	Dupont spinoff Qnity expands semiconductor production to Delaware	The 385,000-square-foot facility is part of a multiyear investment to meet rising demand driven by AI, high-performance computing and advanced connectivity.	https://www.manufacturingdive.com/news/qnity-new-semiconductor-manufacturing-facility-delaware/814544/?.tsrc=rss
2026-03-12	Google	0.35	Krka, d. d. Reports Earnings Results for the Full Year Ended December 31, 2025 - marketscreener.com		https://news.google.com/rss/articles/CBMixgFBVV95cUxNTE5ocVRlRHctTjVub1pBbG96MDVveDRhT0VjaGZMMUhyS2JhU3c2cko5blZlOUg3aWNua3NQMFdWSGhSaDRDU0tNMW8xUUlkd1JPNU13OGRuVWdkSUFKb0Q2TVh1cTJNRmMxc2FTQXc2eDVURzhQLVdId2JtUnVZRkxla3V6cU1UXzg1cTJGTHhjUDRGTW0yd2pudFA5N3VBSGstaTY3cGg1VGkxSXZZLXFRVTE2VC12NE9yRHI2UngtelN4RUE?oc=5
2026-03-12	Google	0.214	Railways introduces smart monitoring systems, AI tools to improve safety - ddnews.gov.in		https://news.google.com/rss/articles/CBMingFBVV95cUxNampMdWdmS0FvREJOLU1WbTBvQVFZNkR6ZjkwNTlJUlprYVJrTVYzaW11emxVbVVGVDgzXzR0Z0FtV0hGUndaVUlxamUwZ05aX1pHNmZYNDFNWHBiSHc4T1hETnRKMDhNUXhhZWU2X1puWDBtREFwZkltNlZucHh4RmdKMVA4ZVU4OUZZWGdtT1ZzLTZPbmVIbWpxU3NYQQ?oc=5
2026-03-12	Google	0.168	New study explains unusual heat flow in magnetic semiconductors - ddnews.gov.in		https://news.google.com/rss/articles/CBMikwFBVV95cUxNZzUwbFg2SjNaaThHWjhmVGI4emRCSnVqdzVndjYwOEtFUG9vTW5TV25mVHJaS3ZkUkJ5cmpSWjBWWkRLejJxSHlmUTd3YlZpWDJtLTBDUTdYY19uSHptRHBGbmxwdXVrMTVKSFZjRU05Vld4alZrcEE4VEtZemgxMVA1MG1VWndwNTdjRzNvNHpVa3M?oc=5
2026-03-12	Google	0.125	Sensex, Nifty 50 open higher amid easing concerns over imported inflation - ddnews.gov.in		https://news.google.com/rss/articles/CBMinwFBVV95cUxQLU5XMGZrWHdlSXZHLVFqRjc2ekVXSWN3Mm5VYV90cVhsaTlrREs1dWtMbGdBU2RMZlRHalMtaF9GNU9BSUI4eVk1b0pEal9udC1LOW9RTUxydDdkRFByMm5SVXZJOG54eC1SaGVRVjA0RkN1V1BSOUhMczhfbm1lRjF0b0FJZy1QZnRjWkZiRVdmelFiV1g2aGhMMV9qS2M?oc=5
2026-03-12	Google	0.05	The Eternal Five Year Old is 75 - The Daily Cartoonist		https://news.google.com/rss/articles/CBMijgFBVV95cUxPdm1KbXBjWWMyQ0xyYVBrblB0RlEybk1NeC0yRUh0T1FlcDYySjZ5b0J1VjR2eUYxV1k0V0RxaGhpWjVzbUxVRWxGcDdhRlZmUVVGTTg0TzE5RF9LQkx1RTI5d3lsYzItOGFFWUtEaXhJeHdZZnlXV0FralcxN2o5Q0xkOEw5M3dKU21vWFRR?oc=5
2026-03-12	Google	0.0	Caseys-sign-RI-photo-DD - KSCJ 1360		https://news.google.com/rss/articles/CBMiqAFBVV95cUxQWFAzS2F3NlV1T2ZTWk5MVTRyZW5TRTZSMElpOGs4NE9kSzVWVHE0eC1RN1RBYjMyODdjQmdQYS1nZC1lMUpHaTJFSWJpSWpQbUF4YklrQnRvOWJoZXFITmZIcHZscTZsTVY4VjVhU2h2VHM2NjFyUVNwN21yQ19jQkJXQ0VvRXU0Tmo2WGx0TmhJOFJRWTkzR1hibmo1M1d3UVFhWkdpVTQ?oc=5
2026-03-12	Google	0.0	DD Acholonu, Inglemoor , Edge - 247Sports		https://news.google.com/rss/articles/CBMiX0FVX3lxTE1pSHdxQlBLWlpKejBDYzY4V3IyLXZsOV9aZGltWTVxVUNQTHpqcGtwamRTYVRnaVUxbHBSX0h0c0EzNDdMbVM0Y1lUUWFCV3N5M2RlQW0tQlg1OHJIQzRR?oc=5
2026-03-12	Google	0.0	DuPont de Nemours, Inc. $DD Shares Purchased by Franklin Resources Inc. - MarketBeat		https://news.google.com/rss/articles/CBMixwFBVV95cUxNblBOOHZBVFJYSm9yNUlHMHotY20xMkJLZFIwYjZUcUJSVTNkbjFEY0NBdVppTnU0cUc0Ri10T25fa0gzUzdsUmxzRUFqRVhwLUtSYjYxTS1xQTd6WFJzcV9SNW1RTzY0Uk9CR2x5RlNVTDRYTkhjZXB0ZWJHdF9jQTBhblBtTUdaQkIzeE45RXRHOXp0bE55dDlzUXprWlNRV2lXQm5hZ29vb3c1U0pISGlKU3MxdzdqaUVtalhBdUhILW5seTd3?oc=5
2026-03-12	Google	0.0	Gilbert Nathaniel Scott Obituary (2026) - LOUISA, VA - D.D. Watson Mortician, Inc. - Louisa - Legacy obituary		https://news.google.com/rss/articles/CBMiggFBVV95cUxQSTlGOGU5MTZhU05oZ3NEYTA0ZHVlQnR3VEIwdG5ONG5ESDloTW5ucjNIQkdqZmNNRFJUZll1VlJVcHFCMzFFdlJ4cURiMVdRRkVKTU9fUmpYRktCNlotVGRXOVNuX05zUUVidEJDM3dpTFpSMkVqZjJ0NlNMZ1hjOGNn?oc=5
2026-03-12	Google	0.0	India joins 29 countries to demand protection for peacekeepers in Lebanon - DD News		https://news.google.com/rss/articles/CBMioAFBVV95cUxOckJNX0pBWnJRZlplUXlZeWV4dTZhU0V3RHVYSmxFQUE3NVhDVE9DNFplTUtyTW1ta20wMnJKM0U1bjZwM2g2ZlVBcjU3M2ZNTkVTOEcyeWxxNnhqWnktSjF6WXBkdmpOelRDTUoxZnhicnJSSHhsMHFhNmNrMHRSZTRtbTl3eGJaczRkelUyTDFyR2NoY0xQcV9UclZCZnhY?oc=5
2026-03-12	Google	0.0	India-EFTA trade pact completes two years, targets $100 billion investment and deeper market access - ddnews.gov.in		https://news.google.com/rss/articles/CBMiwAFBVV95cUxObGNCUHBsNmg0RDlVUm1wX01XZkh6S283T0hENEJFdDRyQmxkMnNPVW9VWnNPaVZCclBJWklwLTI2TDhTVDdZMGpXSjFGSjhtdTVYX09yUGNVUF8ySmNQa2FPNHNFWUpuS3dFZFREZV81eVBLWjJjdm5ZZDB0RmJxdWZzZTVxUzNfc000Snk4VURSQk5uTmg4cXVibWJvT00xNWZaVVBzekpGVi1kMTBKNnh6bGI2YzIzOUk2cTRzU08?oc=5
2026-03-12	Google	0.0	Iran World Cup withdrawal threat leaves FIFA pondering options - DD News		https://news.google.com/rss/articles/CBMikgFBVV95cUxONFAxZGVoZ0puamh6Q2NoYnhTblRQdWRHbjg2YUVsYmt6TnNIX0lCeXpjaF9oOXdPUks3WFZSNlVmZWNveS1wSHBNMHU0QllldnRvM0dEYkxTUWtsc2RqTDM2ZEdEUXBHZHpXZmZUcHdjY1ZhRHRvXzI2X2tXTDJvcnk0TDF0akwzSXdpTTBUTjJQUQ?oc=5
2026-03-12	Google	0.0	PM Modi shares article highlighting how Yoga is evolving into evidence-based health practice - ddnews.gov.in		https://news.google.com/rss/articles/CBMiugFBVV95cUxPaXRrVmpBdUNQc1pVcVFYcWVWNGRBbGd0dWRaeUZYYzctbkF6STh6UElRMWRBRFJEQjJfM25kSFBXV0FuRWVBZ2s2MktkYTZqTzRrQVFLMUJoUDIzcG8yNmk1amdER001ODVNN3hETEJiVmlTMUUwbC1QRzROcmJkYjU2ZUdZb0lwZzdBMkRVQ2cyOHVna1dJbHlhaWR4M3FVUDNiX0ZJUkZ5akZnZG5fNWVLY2NvMXBvWUE?oc=5
2026-03-12	Google	0.0	Retail Inflation Rises 47 Basis Points in February: Government Data - ddnews.gov.in		https://news.google.com/rss/articles/CBMilwFBVV95cUxQbnRyZnBKemFycHZNTXNKSjlBN3FZZlNmSXh6U0VWMmZUZ2d1SGJNLWV1VndSaHExNmNmeUpTZWJrTnlJME9NOVNrdHhjQ3Y2QUdoNF9qbzlySi1FSURweE42S3Z6NTlvMXpIS0tWVGtxdEJfRUE4dEhxS3JWVGxQSkFNYnBsMVVtOXFFVnNLN1ROZkxEVnI4?oc=5
2026-03-12	Google	0.0	Russia’s Dmitriev says he discussed global energy crisis with U.S. counterparts - ddnews.gov.in		https://news.google.com/rss/articles/CBMipgFBVV95cUxNekJnNmVYZlNKNVFPdFV2Y2RpQ0FZMkxSMUpqMGhFNG9IYmh0ZzZyOW5GT2ZrTEgzXy1yQnlyajNydHh2aTBheUNsUFg2SnZnbS04NmJYMUhGekM3QjR0TW01dGZUY3Fjamg1MTh2WldIRllSMlhNNVVsWHhTNVZnLTB3cm9pamxvd1ZFSDNtRDVXMU1vanRPeTMxbXpBWUs0U2oxMkdn?oc=5
2026-03-12	Google	0.0	US says UN aid to Afghanistan needs evaluation - ddnews.gov.in		https://news.google.com/rss/articles/CBMifEFVX3lxTE1vLVVwc2dyOUNHVzVTRkZ1Znc0cTd2dDMzR2hKUTA1Skd6TkJCSjBLb3NJWEV6dlJmYVJZbDQ5c096T0FnZVhwNUdYcWY0RFJ0RUFuaHhoSEFfVW5JZlVsSFBkY243aVpnLU4wLWNKNzJ6UFg1bVFJQk5rUU0?oc=5
2026-03-12	Google	0.0	World faces largest-ever oil supply disruption on Middle East war, IEA says - ddnews.gov.in		https://news.google.com/rss/articles/CBMiogFBVV95cUxNQVRmeEtHSzRyVnp0OHJ2Rnl4OEVubmM5bjd2MGlMQnM5Ul9vbkdtN1lnZXRpX3hXaTNBQTRETTVFTDdNQmUxUFpSUkhVVGlSWHF2aGduVWZwYUZxdkozeXRvRmNFTERULWRhNWdfUjJlRXNRNl9URjNPdVd1QkVmVGpkQzloaktqb1FLZ2psSlpUd0plcWlhNWhjRjY1Ukloa1E?oc=5
2026-03-12	Google	0.0	Yoga Mahotsav to begin 100-day countdown to International Day of Yoga 2026 - ddnews.gov.in		https://news.google.com/rss/articles/CBMiogFBVV95cUxPYUpDb243Ylczc1hXX0IxZm1VRjRMa3d1d0xjYnZtY3JadWhzM3FSZW9jQlh6b1hzdGRuMm9hMXNiQXFPRThaQmJBVGVGNk9mdjlsSDJlNGF4MzdFRWRBNm82MDFVZ3BOaXQ3STlFMEk3UmstcWtTRlZ0djZUalRUSzZaeDAtM2hPekdYcjlfV2g5M25ELWd2VkNJWm9zYVRNNlE?oc=5
2026-03-12	Yahoo	-0.5	Qnity Drops 7.9%. It Was a Bad Day for Semiconductor Stocks.	Semiconductor stocks took it on the chin Thursday.  Instead, investors should look at oil and interest rates.  Shares of semiconductor manufacturing materials company  Qnity Electronics  which was spun out from  DuPont de Nemours  in late 2025, dropped 7.9%.	https://finance.yahoo.com/m/b228e918-e131-3e63-9cbb-43efddbddd7d/qnity-drops-7.9%25.-it-was-a.html?.tsrc=rss
2026-03-11	Google	0.34	It might be the best time to buy a Boss stompbox thanks to some hefty discounts of up to 26% in the Amazon Spring Deal Days sale – save big on a Waza Craft Metal Zone, the versatile DD-8, and the highly rated GT1000Core - Guitar Player		https://news.google.com/rss/articles/CBMioAFBVV95cUxOcUxoV0w1eUpFYkxHcW1wZUpJUzVEWC1PTUl1dWJTVzgxTmN2blc2OThIVWZHNTJsQVJiWktxbDNBTmIzdVcyWHZKZEdzUWFkLWFBTnltNWNtMDgtLXBvc19QOTBkS29kclBSMndUa21TVHV3dGJRUzJvbl85RXhQU0cxMTZfM1Z3X25HQWFOQXVWbUxZdS1NOHlZMzgyYU9M?oc=5
2026-03-11	Google	0.25	Supreme Court permits withdrawal of life support in India’s first passive euthanasia case - DD News		https://news.google.com/rss/articles/CBMitAFBVV95cUxNY0xueENtakk1TTYteFVfY29Ya0FOZ25KanZndUpQSW94MzNlQ2cwQjRtLU1MUmpFQkZZT1RjT01FQnBncEl5X2FDcW95bFBtUXprODR3ZkxKTXZ2Y0FlT0cyM2FyNDk0TVQzVVRMMHI1RFZ4bVJkUXI2TjZJSmRFVXR4bXUwSElBcHRDWlp5RGtGV0ktdldRcWg5Q0RVUnhsVklkdG9XNVp4SXpsOUVTRHRrSlo?oc=5
2026-03-11	Google	0.136	Iran names Khamenei’s hardline son Mojtaba as new supreme leader - DD News		https://news.google.com/rss/articles/CBMikwFBVV95cUxQbGlhYWhtaEFkZWxKVWQ4Nm1UYXRNd0lsLW1MQnVEUWFhc0dXbERtclNtUkViLXFodjZPLXAwNlFTNWw4V1NLVlZYbnFtcHJqSG1JOElHd3BqMFluamFxeXZ5dHpDbTRVVUFINzNoLUhXZWhCUjVQWEhTanA2ejUwd3h2Zy05a3pIODlNaGxkb3YtX00?oc=5
2026-03-11	Yahoo	0.103	Is DuPont de Nemours Stock Outperforming the S&P 500?	Due to DuPont de Nemours' outperformance relative to the broader S&amp;P 500 Index, Wall Street analysts remain strongly optimistic about the stock’s outlook.	https://www.barchart.com/story/news/687676/is-dupont-de-nemours-stock-outperforming-the-s-p-500?.tsrc=rss
2026-03-11	Google	0.1	DD: Telisa Franklin - Action News 5		https://news.google.com/rss/articles/CBMickFVX3lxTE1Wd2JiMU4tb2RSQjJYZnJlUlVTRVh3dlQyTl90NWdHRFR5bmx6QjdBclNMY015NncxOWlOWkoxVDFyMEZfRS1qcmtwMDJFLWJ0MEcweTQ1enFYcjc5eVlmckhMSk84ZUhaYjBVSmJ6U19Pdw?oc=5
2026-03-11	Google	0.1	Fanatec Podium DD Review: Is This Fanatec’s Best Wheel Base? - BoxThisLap		https://news.google.com/rss/articles/CBMiiAFBVV95cUxOVGtSTmhyTXBNc2owMkotNzBBX2ZrbE9tVmVHZjdjUlVyX1NJNWliUlRNOE4ydml2Q094bWV2ODhKNUhjRXZ0dTlYNC1sT0NtR3JxeUJvNVI0OVYycGtuZ2EyeTVYdkRNTko2N2xKWlpZNUdmLWJuSHpBanhyU2NiTmNZLVR4ZzVZ?oc=5
2026-03-11	Google	0.068	Iran’s new leader, still silent, was elevated by the Revolutionary Guards - DD News		https://news.google.com/rss/articles/CBMinAFBVV95cUxQMlp6YUppaG5aejFpVmcyV21jb0VhTWxfM002TnlHV1JSM3ZVd3NWYVotX1JDMjZPNVBZVE11UmtibGpsc0o1eHVPMVUtZmlnQzBiaHFqdE1EMGtyZTZDZjk2cXRjclFkYjVTWS1pNDNzdkpNM3VlaEdVVTBIMVdtZXF0bk9ZRjJmWTBBNGtmM3ViOEVNakJ1OHBmU2I?oc=5
2026-03-11	Google	0.0	APEDA showcases India’s growing capabilities in high-quality agricultural production - DD News		https://news.google.com/rss/articles/CBMirgFBVV95cUxOSmxXWkFudDhNdk8wQXZxSXRuc0I3MHFTQmkwWUNkdFhHRjR4WFVuVUU2Y0F0RXljWXJQYy1uM1I0bTE1UGNoMTFaTkxrQjNNaVVXUUhHMjdzSlMwYjZCS3RCMUJwOUtrMW1RZGFyQU5Wb1FJajJXcU1Jbm4tcmhnUlBUMzVlTkhMNmVHREZ5NzVEVnE3UTJsZU5XQldMVlNta19VUjFSa1RnaGlFSUE?oc=5
2026-03-11	Google	0.0	Afghanistan-SL series in UAE postponed amid Middle East crisis - DD News		https://news.google.com/rss/articles/CBMikgFBVV95cUxOMjB3eVQtamxzeXdIU2F1RnhEaDI5RUhXQVNGSWd6WnlzUEluZTJlMjROeUF1cWtQd0Rkblc5U01DSVhESDRrMHczX2F4VGdGQWtfaS04VXpRazdrOGlTUFVHZGFIQ0VOb04wWXVpdmZ5TzRKYS1ObEtlZ1hhWkhhdExWZlV4cjJYdWpNbEF6d3dDdw?oc=5
2026-03-11	Google	0.0	DD Holdings (3073.T JPX) JPY 1690 after-hours oversold bounce Mar 2026: 1,900 - Meyka		https://news.google.com/rss/articles/CBMiowFBVV95cUxOTU1WUlZtVkFlNGlWY2xvSldlOUNYQWVkVlVDWjR6WVJMay1FaU9CRlROZU1hWVZtVkxRNlBHUHliVGZTQ1ZfcG4xWXlwS3VIS1AxdlhvaTBxdXpXVWRtVU9CVnpxX3ljQW1ENVJGQ092VUdCTVZwUFVJVFNjM3JmbF9UbXdTc3NLeTVlUi1sZHBUeU1yMkdWRU1fakpaYV95cnNr?oc=5
2026-03-11	Yahoo	0.0	DuPont Honored for Transformational Innovation in Industrial Water Reuse	DuPont (NYSE: DD) today announced it has received a 2026 WateReuse Award for Excellence in the Transformational Innovation category for its FilmTec™ Fortilife™ XC160UHP elements. The reverse osmosis solution is designed to help industrial users advance wastewater treatment and reuse while enabling minimal‑ and zero‑liquid‑discharge (MLD/ZLD) strategies.	https://finance.yahoo.com/news/dupont-honored-transformational-innovation-industrial-130000698.html?.tsrc=rss
2026-03-11	Google	0.0	DuPont de Nemours, Inc. $DD Stake Lessened by Fieldview Capital Management LLC - MarketBeat		https://news.google.com/rss/articles/CBMi0gFBVV95cUxNZTQ5M0ZOSC1PNHhEejF0ZUwtUU1pQU9RTFNUMEZtd3cxbTJyRy1SOTBGdUJnQjduZ1hNcHZTcXhDRVIxQ3R3c0J0aUJEaHVCdnNwNklEZ1J6Z0JPZTdQS2RCZUloaHJxYmRlVXF4d2ZDNksycVNuT2NaS0loeEtYSkRmc2sxQXBnSmlHZHhfQ2hQb19aTEREdlNCV2U2LUx3dzlXTThxTXZaRVAxa3B0SmZQMUdNTmlFeDVnRU16c3NsLWpfb1M3dlhBeHhHSUFmVHc?oc=5
2026-03-11	Google	0.0	How DuPont’s Expanded WAVE PRO Water Modeling Platform At DuPont de Nemours (DD) Has Changed Its Investment Story - simplywall.st		https://news.google.com/rss/articles/CBMizgFBVV95cUxOSmd1WW1rZm9pTVVVb2x3M0E5WFF0bDJrbHRIVEFTeGVOVGFZSVZOUGxqdWNMY1gyRUtsNXR4RV83clVhQVNnOE96VjJVX3A2NVlRRTRoM1ZnNi1RbVpPU0h4elFlM1I0SlRYajVyTGpSazEzZVRiSzJkVE5udlp6TDNqTXpGTVQxalRFWHg1endlS1hSY2xsUEFWQnRBZzFQRXdJOFFxNU4yV2tjTm9tOHV0WDZXU0RicW0zaVA0VE1yUVM1QXppU0lILUtMQdIB0wFBVV95cUxQUEEtc0VYeE5FY3pBSHViR3dJbk5BMUdqb0ZmR0tvbGttd1JqcGp4YUhUamhZSEF4X1FBTmpJbk5la2RaMjVrX0JwbzZzR1dCOTlUMkxMRVlyazFpQmc2MXllZjY1QmJDNmZLSVhKZklsMnpmQnZfYUdWVUtEM0tJSDViTnowVWp5cFh1eHRYWk0yOUZ6VUxxX2VKeHdUSnoyTTgyS2FwcUZ2RGotV0tONnlRb3JFaXRveDlmd2s4YVZKVWtqN0lHQUI4T1hTa1duYUtV?oc=5
2026-03-11	Google	0.0	I just discovered savings of up to 26% off Boss pedals in the Amazon Spring Deal Days sale – get big money off a Waza Craft Metal Zone, the versatile DD-8 digital delay, and the flagship GT-1000CORE multi-effects pedal - Guitar World		https://news.google.com/rss/articles/CBMimAFBVV95cUxQbmE3MVZ2U2FIcTNyTUY3YzZiWmsza0ZLTUg4a1plOUxYa0xHSEJvVGxHcTJNN1F1T3hxSGYzLURaM1NOSzBOYmhhQ3FZRFowQV94OVNLZHY1NUtJQ1VmRG1IUGQ0N01ZeUtBVTVTdkszSWZpaHphajBIZWVYX1BKM2JJbTNhRFVjV0k5cFd1UmFaNDgzN1pkOQ?oc=5
2026-03-11	Google	0.0	Indian Wells Open: Sinner edges Fonseca in thriller to reach QF - DD News		https://news.google.com/rss/articles/CBMikgFBVV95cUxPaUZCTDVrajJsbHA1TjBtc0lCa0VhRHVfSGg0TVdRS1dsUTYzYWFmOWY0Q1c5Ul9vN3pJeTh5U2pNRF9FY2JyaXdNWldiRDhEVzRub3hqdjRjeExaU3ZfdkExTEdrbHJySkZjMzlsbXV1OEJLSXpNajZycGp6cTBySWtrUWdWT01ZUjFGNzBsLWh0UQ?oc=5
2026-03-11	Google	0.0	Israeli settler violence rises in West Bank under Iran war curbs - DD News		https://news.google.com/rss/articles/CBMilAFBVV95cUxPZWtTWk1JZXc4RzVuQkxwVDNzWUdHQTcyVWVtSFhPb1FYbVcwWXU3a1hCLWtPV2h1YUVNNVIyUmZwQ0g5ekR4V0hERnVzYjl4UHJQUWJYZmVPcmdOMEh0VnVjYUVOMC1XTUc0Tzl1Rkgzd3EzZ1c4YnV6M1Z6UnF5WlMwOVNGX05SdzJYdjFJdTktQ01U?oc=5
2026-03-11	Google	0.0	Korea Investment CORP Increases Stock Position in DuPont de Nemours, Inc. $DD - MarketBeat		https://news.google.com/rss/articles/CBMi0AFBVV95cUxQWGtMdHRZRFBtLXlrOU5kRHgzaXhOcWZLUHlhYllHX0g1WVNMWndpaWwyVTFEazlPZDRrajhEeHU3SF9pV1phZ0pZVkoyYlkwVmFDaVNaTDFsc1RiRk9fSW5LUHQ4YWpoanRmS2dsemQyckZaU3ltSWdlQTFJRzZ2MzlobDh4d2NwQmFWV183bE14SDFFNnNPTWF0VHRVMnNTTVAzU0cybFhpUUp0dno5VFNpa1RpaHY2MEN4YWFBUVNVTEplanNScU90ZExvdXJC?oc=5
2026-03-11	Google	0.0	Lima’s biggest ‘FANS’: Five Questions with Allen County Board of DD Community Connections Specialist Tammy DeLong - LimaOhio.com		https://news.google.com/rss/articles/CBMi7wFBVV95cUxPcUE1bnJsbjZGM0JFQ0NEc0V5ejFuTGJwMFBDbm9Xbko0eEgxeWVoR05hQmRWak1JejU4bk9nSWpkVkhCeC1CUjZRMklUX21PT0t2Z2lNbUJWMFdqM1M4NHl3bjktdnlQUHpmSXZ2OFl2MTNSZUJ6SVdwNVdkeC1lU29LY004ZnF3U3p3Y3VfRjBqM3ZWQ0Ffd3o5Z2FCdjF1WXVybzE3d0VYNDV4NzZwSHRvX2x1RHMwN2xoLTBERW9EQXpKejM3WjR3R3FwT25kdWdKeDB6NGVWblRWUmVTTWY1OEZ3Rmo1d2xJaHkycw?oc=5
2026-03-11	Google	0.0	Lok Sabha rejects no-confidence motion against Speaker Om Birla; Amit Shah criticises opposition, LoP - DD News		https://news.google.com/rss/articles/CBMiwwFBVV95cUxOZmhIZS1PLXRkb1lqWjJHOTYtZHR4UnB4V2w4Q244TmpZWnhTaml0bFVYWE1wTjU4anpSbVVxbmJENTRuYlM0SFFxZFJucnhjSEdja2dGYWJEeWYyZUcxaHR6aE9GdjgxcUpCOVJDSGRPYmJNMk1RRlhJSXlVM2VHSUZKT2habFNqcDB1NnQ3WGRDc1lYZG5wckY0UkV0TWM2UVJsUDhUenNLZWR6ZWc4ZlcxVmtKMzhqcWlvRmxIRWlGclE?oc=5
2026-03-11	Google	0.0	March is DD Awareness Month - Texas Council for Developmental Disabilities - TCDD (.gov)		https://news.google.com/rss/articles/CBMiYEFVX3lxTFBSTVdWT1h6SzZJOEd5dTdvQlBoWkhHX2xEZ3RoSzREaXRyYkdtMmJXeVhCS19IVTVjTy1lS0dEYXRfaTMtZlkzeTRXbGx1NTRnazVrOUZxUHdQdnUwXzhFaA?oc=5
2026-03-11	Google	0.0	Next-gen electronics: Ashwini Vaishnaw meets Nobel Laureate, Lohum CEO to map out 2D materials - DD News		https://news.google.com/rss/articles/CBMiugFBVV95cUxOTGpyUHk5UUxRYlhSbkFLdGZlM19rbDBqM3hBQ0dVN2FrRUltX2phLXhlZVhZYlR1NWk1aGJUVkY4NjRMWnF0M0lOQjh6R05iTWotUjFlM3hIOTl2S08xQ1hnTHNyektmVkhjRnV3MHhpM1FxQ0hFUXY0cWZxOF9uQ1J2dnpKQ0FQQmlXbkJaNExVU0ZORXVZdXZGOU9PMTZQYmlEQS1lOURNRTY3Y3l0Z2J5Nml5QWM5V3c?oc=5
2026-03-11	Google	0.0	Oil shrugs potential IEA reserves release, gains on supply worries - DD News		https://news.google.com/rss/articles/CBMilgFBVV95cUxQYjF1Szd0dTYyZXhkQldrblFpbFpSTGpSQ2VnM29wVDhwM1M4LWxMWGkyZ3JuSHNHNlZhRHNNc1NFTHB3WGJma2wxbXJ1NjJVWTU2NmFNaXM4R0R4ZlNNeWtGb2x3ZTNDWmVzaWdsS1pya0FFYTg2OEtmT01WWkIwWjMzejJGWXFFRWdMQ3JYdGIzcjVkTnc?oc=5
2026-03-11	Google	0.0	Quick-witted wife saves Shivam Dube’s train ruse - DD News		https://news.google.com/rss/articles/CBMifkFVX3lxTE5ZYXlwNVMzMEx1RVhKNUw5anpSYzdKc2s3NHU1U0NPbzBtc1dlWVV2Vnh3UjdaU3BjMVN6dDYyU2hxajRnZWtoaVdlSzZZRzNFVmplcjdOckJPN3FVXzBMbXAxZ3dFRmdBYkhqLXFHWkY1WFdUeXJLNE15YVloZw?oc=5
2026-03-11	Google	0.0	SAIL records highest-ever sales in April-February period of FY26 - DD News		https://news.google.com/rss/articles/CBMilAFBVV95cUxQUFpqSjlIRFo5dzljeUNRZzBXSUJhQ3l4YjQzTEp5cnp0ZWczQ0dEOWtMM1ZnSW9URE91TF9yU0ZMZmF0eXpJcEtIMElQYUstUlZxaVluZEVZdW1Kb0M1Um1qLU1HNGRUUm9EaTNZcjdNS3ZfQXlydWFld0xOV2lwcUtOMl9EVVdfdk84UTRQTUFxTEtJ?oc=5
2026-03-11	Google	0.0	Swiss National Bank Sells 60,500 Shares of DuPont de Nemours, Inc. $DD - MarketBeat		https://news.google.com/rss/articles/CBMixgFBVV95cUxQZGhBam0xZVNUU1dybm1Cbk1QQjBQRVdzY0g1Q0lnQkNhb0ROeEgwc2doZjZaaEdZM0pXWk5IVUs0QVVCZE1RUXF3UzRCcVJhM0podTBwcWEtR1VfVmV1RzdxRzJDbkpDTm1QUGtVSHlUdTBWNXlRdFp2MXJHTUNEelBlQXBOeWZ4NS1xQ3kzQVFnZXRVT1JER2wxbDBhNXpPaUtoMnQtU3BZTGhaa3BySWwxSlZkUjNaWUx0V2RhanBFeVVweGc?oc=5
2026-03-11	Google	0.0	Thailand’s Phuket airport closes runway after Air India Express plane malfunction - DD News		https://news.google.com/rss/articles/CBMiqgFBVV95cUxNNlpPdjdqaXpwMXZUcmt1N2ZiSXk5S2R6ZVE4ZnhwYlJjNG9aXy1lLTlsZmhGdmpaOXhaa1Q4TWVRMldoYUJoVlROanFPZ0JYWGJ3Y001eU9oMkZiSnBiZXdoWEFOZzZfTy05SnN6V1FULWRYRm4zWGZHVGhyblBtWFdkb0JoMktwQ3Zfc2lRd05WejJjeHlyMVRQRmxCRHlwUXlBWDRXaHEtQQ?oc=5
2026-03-11	Google	0.0	US destroys mine-laying vessels as Trump warns Iran over Strait of Hormuz - DD News		https://news.google.com/rss/articles/CBMioAFBVV95cUxPQlN4Rk9iTkVnNFZ1WkRrQzBwb3VBNnhfZFAwZF9SUUVVVktvMnRnaktsY0tzQk03Z1NXZmxmRE1yQVA1b3BjMmtJLVhieWpmOWtEUm5Wd05FcDlwZ2tTTkR5TFBwYnlDbkxnVGVKcFEtZUp3OVdac1ZMVHY4WXZyMVFSSGhrRkZfdDlCcVdFdmRsb2piTU1IMkp5WWNna1Rt?oc=5
2026-03-11	Google	0.0	WINTON GROUP Ltd Purchases Shares of 34,313 DuPont de Nemours, Inc. $DD - MarketBeat		https://news.google.com/rss/articles/CBMixwFBVV95cUxPN3lFTHNJSG01blpBNTF5Wld6bU9NTGxhUW01aGU0cUc5QTJ0eGhKZ0hPRXdUWThjWU9mSzh5eUlUdHpzaE5XWXhyYXZtenJweEFTWGwxQ09WbzBzLVB3VkJaVDBKN2IyVnRWNFExLV9RckFHbEVXelpoaUxubmpVS0U2YTVqakZHaU8xZG5DWVo4OVBlYzBkbFdQTmVuWklHTzkyQUZrTm5IM2M4bmpvb2ZRNGxxTXpranB6MUNXX2J0NEpNZGdr?oc=5
2026-03-11	Google	-0.167	WHO warns of health risks from ‘black rain’ in Iran - DD News		https://news.google.com/rss/articles/CBMigAFBVV95cUxOLW42NmVJTTg5dDlKVjc1aHREMkVyTGFHNHFNbHM0ZG95bDVRQmJ5RDNHc3lnSmVpdGo4c2lmVHMtTXVJaGJvc1drcW5ObElQblNabl8wVUdBendnTm81dlByaWh0SW85YmE1OTl2aTNFTXJSRE1kMzdpc3VDck40Mg?oc=5
2026-03-11	Google	-1.0	Ruthless Atletico punish Tottenham errors in 5-2 Champions League rout - DD News		https://news.google.com/rss/articles/CBMinAFBVV95cUxPZ2poNVpIdUM3N2FzQlE5SUMtdHFzMjRtcDNpRDl4bXNNMlh4V3VsaTZCMjJsVVRINTdZOF9GbDRoUC1NVnZVOG9VMU5BUzZGRi1uUWRTbDdfYzdVZ01WdkZDTUpHSXk2VDY0QURwX2M0X3BQYjlsUEZORXQ2MTFjOG10WDF2WTZDam9tckphZFVORGRlWFhpUEFOalY?oc=5
2026-03-10	Google	0.5	Over 52,000 Indians return safely from Gulf amid Iran war: MEA - DD News		https://news.google.com/rss/articles/CBMijwFBVV95cUxPV2N0ZGV5SnJQeXZkdjlGTU43dU40bFlLWmZRVGVublVKS1ZWYWdvR09KeW5jWmFfSnJ6d2RXLTBlcl9LQTdpaFc1czVZalJCT2U0Q3FpSEtSWkdvUGQxdWJrMmJZMXdfQ2pyX3JfRTYtMzZYdTlqRUpwYU52WEd2aUNhcnF6YXpvUGdYLTRBdw?oc=5
2026-03-10	Google	0.148	New study says high-fat keto diet may boost exercise benefits in high blood sugar cases - DD News		https://news.google.com/rss/articles/CBMiswFBVV95cUxQcGRpaU1lOWdIQ0pDc0NmUzgyREVLVkh2SU9Bcl9YaDY3b2RFNDh0SFdpUTN3TFpHVV9HNlhjaGtrZ0Ewbk5MUm1QSGxqMFVtRFUzWjNiZ25qUGROelZ0eVVGWmtnT3BFNUNrRmFBdUwwT1dkcTFZR2pLWGtva3dLeVV4RzN2RXc3eTRndkhGbndRaHRoZ2VELVNjaFBSWXB6Z1Q2MlFmOW0tMnFRVGdST1hGSQ?oc=5
2026-03-10	Yahoo	0.146	Kevlar® and Nomex® Sponsor Military Appreciation at THE 2026 PLAYERS Championship	Kevlar® and Nomex®, long-standing supporters of military appreciation initiatives, are proud to announce their sponsorship of the Military Appreciation tickets and the Patriots' Outpost at THE 2026 PLAYERS Championship. This commitment demonstrates the enduring dedication of both Kevlar® and Nomex® to the veteran community, providing a unique experience at one of the PGA's premier events.	https://finance.yahoo.com/news/kevlar-nomex-sponsor-military-appreciation-120000648.html?.tsrc=rss
2026-03-10	Google	0.0	DD Stock Falls -11% In A 9-day Losing Spree On Sector Demand Woes - Trefis		https://news.google.com/rss/articles/CBMivwFBVV95cUxPREl1TFl0WTVVY0dOSlFyR2Raa1hxNTNfVzhsU3ZlRGZNZkVqVVRvVTh0MUxaUlV1ZnJnMWcwV3dpN1lYVDNPV1dnQmpxdlBycVFpeTA0NUdGd2ZFekcwRDNLcFBSbURGN0VhWGhMU0I0T2M1QzVCTHFoNVlVOXFOelNsTXdLZkNOa1dMLXF2WnY0WkFVcTEydThPdjdfTXpJeGwyeVplWml3Y3BudTlXYlN4MGVLSzh1UXk2VmsxSQ?oc=5
2026-03-10	Google	0.0	"DuPont de Nemours, Inc. (NYSE:DD) Receives Consensus Rating of ""Moderate Buy"" from Brokerages - MarketBeat"		https://news.google.com/rss/articles/CBMi1wFBVV95cUxPeHpQMk41YWZIVGVnOGtGcTFOTG8wQlNMTVlZcVYzRVo4UmY2dGgyZDgwM3VYSGVleWstdnZNWkRnTV81dC00eFJWV191a1VOVmU1cTctOHY5eUxKRVZabllMTjQ2OWRaSUVyUTd6dUlzM1NsdGVfRHRNZ1QzbEhmOWZVdk5WOXYwRVlHbWhyRE5IQ2xyMG5tRFJQV2dQcThZYjNrcm5VNXNYS055NE9rMW9WR1JjaFJ0c081emhPQVJpdWRfc2xnOG9vYUJEQkVERW5EbWZkTQ?oc=5
2026-03-10	Google	0.0	From body armor to golf shafts: Kevlar at 2026 PLAYERS Championship - Stock Titan		https://news.google.com/rss/articles/CBMiuwFBVV95cUxQUDFwV0V5eDk3WXkzQUpWdnc1bzdFTjNaZXkzQkh4XzB5VjZPWDlBeG5uckNxbU14d2hycGhWaFhkWDhBekJ1WnFkWjUyR0FHMWVvQnFUZlc5V0RsWDZCaGgxZUpYR2hZb0RSVkhkZDhwZVdjOEpBUWc4OHY4ZGUwZFcyTnpjenRkSU10SlBSNXh2VjFjemNUU1gtOE5YSEZmWlJtZXJPa2o0QlZySGgwejZpclc0U0RCa3ZV?oc=5
2026-03-10	Google	0.0	WCBDD shares its theme for DD Awareness Month - Daily Chief-Union		https://news.google.com/rss/articles/CBMinAFBVV95cUxQaXdVMXFyaFRBdDhLV2h6aVBtZ0VEcDRrQ1BqRDVMaVVRTUhXOWp1WFJwd2FXXzZoaGEtRjZacUNQcmpxWWMtb2JXdkNKdFVwazBYVEE4bTFuYkV4LUlGeXB5ZFB2VEVRRUlQM2ZEOThRZ3BIV2dwY3RLMTNnNnRQa1lZUkhwWDlmZ2NLcEpoY2JIT01GbnZsbFA1OFI?oc=5
2026-03-10	Google	-0.1	Pump House Center for the Arts host annnual DD Awareness art show - Chillicothe Gazette		https://news.google.com/rss/articles/CBMi2AFBVV95cUxOcVZObVZqYW5hNW9tZjFiWF81SXNwYmc4V2RJcWdYM3NLWWlhYVlLaUlRaHlFeVBBbFphd09XT3dCVVRrUEs5VklRdXZhSFNJT0E3NVU2THJJOXg2VXJWTW9NLS1DYXpEbUk2a2luQTZld3dlYnNyZ3Q5OVBCTm5rMGhvRXV4Qnh4YS1HUHJoOWxpY3M3X0R5V05FS2E4V0xQZXVJeEt6LUJFZFJ3dmtjN2o1ZThaY0tKcjk0ZXFZWXpPb2hsaVlVaGFOYmdXYnA1VnVTMXRJR28?oc=5
2026-03-09	Google	0.25	Ross Stores’ Sweeping 2026 Expansion Includes First dd’s in Utah - HomePage News		https://news.google.com/rss/articles/CBMirAFBVV95cUxNZ2diX01jaW1ZUVpTYkhtNlB0M29xcGExR1BFakhZTzlrLTBwSnpQdzg1QzU0ck5jNXZucmk2UERmVDdXOXdVR0c4OS1xVmlyUl8xcTRkOHdQRTRXWTFUWFpMY3dxLUttdk5Ea0YxOG1JWDBsdnhiQ1VjRUVIQUotazVXSWdzbElqWlNlQlg5eFktcV9vN1dyQlhLUWgzWTJNWHBHWExQWVpIRjlx?oc=5
2026-03-09	Google	0.217	YouTube, TikTok engaging with Indonesia government on child social media block - DD News		https://news.google.com/rss/articles/CBMipgFBVV95cUxPdlM2SzRSNWd0RjBXY21MaFpzNWJqTm54SVdDWVpEU0VTU25hWklHc3FHVzZoY2JGaGNZWTVQOHN0aE03Y2xBeW13b2FmWUhhbXJkYm9WT1g2aFlHUWxDQkpWemdVZzN4bEtkTmNacE4tbE5MN0JNOWxTMzhOaEhTcVlqZUd3eDFiWGF2cGVTdnh3TXRTZTIzcDY4R0dMUFFqVXUwU1Vn?oc=5
2026-03-09	Google	0.136	Ross kicks off 110-store 2026 expansion with 17 new discount locations - Stock Titan		https://news.google.com/rss/articles/CBMipAFBVV95cUxNUTA4OHlyZm9pdnloUnFWT3M4ZWlXRUFwbEVGOWladVlMSjhMd29Hb2l6anZxeW95b0ZHX0x2ZzdaQlN6anZTdkR5R1BDbVpkR0tLbkEwTUFJYWpNMHM0TTFEN1NsZ0RKdTlsaGR4Qy0tTWNOY25xZTlRNWtJWTJEeGhxMWE3ck96YVJweG1Xbm1YUzFJVG9QR1oxQlItZ1VJS2IwUA?oc=5
2026-03-09	Google	0.068	Moonie Ponds, Kelinda list in Qld; new date for DD Portfolio auction - Grain Central		https://news.google.com/rss/articles/CBMiqAFBVV95cUxNYmxQZFNUVWxEc1RIRzc0Zll4NUVkWVhiOGxjZU5hS0x6Yk9mZ0RCX0NMajBhWGdhZ0tiUmVsU1AwUjJEWU5hSVZpNGpfcm9tUWNRc20tNWs4N21PcGdDMk1MQWxmQlFkN3pmbUJKS2hFZU50ZklfVlhnS3ZaN3hzOFZpay12Zk42U2lYT2VMbUlHN1ZtZmEwYkQ0RTVvQ3ZlWjIyRllIYmk?oc=5
2026-03-09	Yahoo	0.043	United States Specialty Chemicals Industry Research Report 2025-2033 Featuring Solvay, Evonik, Clariant, Akzo Nobel, Dupont De Nemours, BASF, Kemira, LANXESS, Croda, Lubrizol	The United States Specialty Chemicals Market is on track to reach $299.46 billion by 2033, up from $204.08 billion in 2025, at a CAGR of 4.91%. Key growth drivers include innovation, industrial expansion, and a rising demand for specialty chemicals across sectors like automotive, construction, and personal care. The market is shaped by technological advancements, eco-friendly product development, and increasing adoption of digital and smart manufacturing practices. However, challenges such as fl	https://finance.yahoo.com/news/united-states-specialty-chemicals-industry-142000529.html?.tsrc=rss
2026-03-09	Google	0.0	Amid wave of kids’ online safety laws, age-checking tech comes of age - DD News		https://news.google.com/rss/articles/CBMimAFBVV95cUxNdHVvODBRRjFqM1FNWXpGckRrdnhOaHAtUG94NDA4U1BBS0RNZjl5Y01OTkNoZEkwR1R3RllZSVlWT09Jbm10YVQybXhzcFRhcHR3SnE3UmhCdjNNbVlWMHlxVFpjZ3g3Ny1xTjZPS2xESVpTYjhQYmRKRFlxX2Y2ZnVMRG9JTHhnbGFlempNeGdjQUlwOU5Odg?oc=5
2026-03-09	Google	0.0	From Local Taxes to Federal Match: How Cuyahoga DD Funds Disability Services - Signal Cleveland		https://news.google.com/rss/articles/CBMipwFBVV95cUxPZ1RxanFNNTRDM284SDZPWWtlTldxUnpiQUduaXlLcGpXMlc5VzBaaVI5ZFJ6NWV4czNhM2RjcDlKNmxrdHZYc0xDUHdveFJPX05yYmZIbXQtc0JDWkg5aWpfek5fWVg4WjVpcFp1eXR3RjhJZXdhYVpCNVRPSUFFVHhSNkdGbnlNdGYwOFNzYXRJdFU1SWdDQWhBT3NVMWxKV0xMeW90VQ?oc=5
2026-03-09	Google	0.0	Medina County seniors: Scholarship opportunity awaits - Your Ohio News		https://news.google.com/rss/articles/CBMiqgFBVV95cUxONkF0MkV1dkR0T3BLNzhNZnNJMmU3X3NoUzFuaVp2SHRWNjRnX2RvcXZsOUFfaTE1ai1CdnE5cE9oU1o5bXpwVGM2RXlpQlBodFkyTUNVem9SR0RFQ3Q5ZG1YcTN0Wm1YQXpHb3YzS3pVcTA1Ym5YY0QyOHJIaE01UFBLTlE4LWhRb1hYeW83RlFwQ2VJTVhGRlRmdXJhRkkxa09KQlQzWmRqZw?oc=5
2026-03-09	Google	0.0	PTA-DD: Bayer Aktiengesellschaft: Managers' transactions announcement according to article 19 MAR - TradingView		https://news.google.com/rss/articles/CBMi_wFBVV95cUxNeTBnNWRMY0xRb3BHc3N4ZjVyaHZnSUtoNFNEMV83Si1JNUpOZnpWSlExTVEzb0JkMDZDX2NpMjktalhjYVNKWHJUNUFVMHNEVi1CbXhKS0xpSHRoc0VhYk96Vm95LWFXdVpFVEkxaWY4S1RmYzM2WXkzUG9EdjRWaVl0OUxVYWx5T1J0OWZqT2NJVGpoZ2liY3NWdGR1X0w3VFBFMWRSV1RKYVJzeHBSSThVdnpYYzU3S1UwelA3UWF5UjNLUGlFdE11LU4zS25fV1pNN0F3OWplaEpVQ3ctdXdZWDc5SUFvVmVSMVBGU3ZjOGRVeVlHMFdIQ3FhMm8?oc=5
2026-03-09	Google	0.0	PTA-DD: Vidac Pharma Holding PLC: Managers' transactions announcement according to article 19 MAR - TradingView		https://news.google.com/rss/articles/CBMi_wFBVV95cUxQdHNxbGw5UUtuZDZJak9hRmxVY2FtUDJ3TTQwby1TVWEwN3p3dmM1Z0wwYW1oZ2h0R2Y0a1BDSVhoc3BGZVZ2TU1FczZMcmlFS2NQLVprdVg4V2JCaGMydWFxa0VUZnh3NmFueXpCYm5YVGZhTHNZd29EaFYxbk11Zjl0ZkRKVFlEckliR2sxQzhVZk5MVXJzc1BEWE0zRFlzTnk1aGRMdFc5UXRhd3FLN2NvTVhzY2FrOWxGVGRzUWViZnVkRm9LX2pPdGU2cEFhZGpFUlVMaG81TVhoRjhISUV6RWZ0OFVvSnNFZHhSTkY2M0dweUlRTEJ3YVZIbHM?oc=5
2026-03-09	Google	0.0	Ross Stores opens 17 locations in February, March — here's where - Chain Store Age		https://news.google.com/rss/articles/CBMiiwFBVV95cUxQMXNTY2RuQXZqZlJqT0FPMFN4d1R1dmVGcGppZmxHU2d3TWN0RDlHSHJIZjF5Qk15NEJ3NWUtZVJQWlNFRDNCTGxpczV3MVVQX2F0dFVmUXUzblFYY1l1SmNaQkJERXAta0ZwTm9SZEVVdWxTRF9XRFVwbmNldFlSSm9kdjZNREJjaVBR?oc=5
2026-03-09	Google	-0.1	Center for Peace and Reconciliation hosts talk with Allen County Board of DD on inclusion and disability awareness - Hometown Stations		https://news.google.com/rss/articles/CBMimgJBVV95cUxNVG5NaXpnLWhnVkxBbF9VMW5USUFEUGVUbUJUSENxSW81TnJwdWhseVM3Z294Q3V4aG1GOWJHT1ZkOVRGX1UxZmpPb0tHcW5iV1RfOFJYQ1l6bzJBeUltRV9xYW9JNjRXWWxiOGozNkJqdlA2dEZ2LUJ4RFV2SHdXYlVpVlByLXlybER5NFFoTC1Kckc1TzZuMFRsM09HY0lJRld2Tk5oZEo4Y0hXVlFVWDVMa2RrTEhnREFQYTFyOHBnZ0I2NWFtcVpJYUlueTJidy03Y2pReV9LRFlteXZ1NzI5VlN2UGZvVzRUbFRnSTZfblRGSzRXMWxhclVOTFJCM0VzYVY3SmlHT2FVVW1Ub2JHRG15WE9vUGc?oc=5
2026-03-09	Google	-0.1	DD Fuego Dishes ‘Drag Race,’ The NYC Drag Scene & Putting Jon Hamm in Drag - Out South Florida		https://news.google.com/rss/articles/CBMioAFBVV95cUxOY3hPTmh4NGRrOGpvclFlMEZQc0pBRGkzX3BjUnd6VjQxLTlyY1hoWHdCLXUtMjQ5QnQ2MHNzQWpVeXRKSW9teG00ZVYtaUJDaVFESm5UZ2VLa0NNbUFhQURNcFZGUGozSndSdGs3dWJvY1NNN1hWZUo3aEttMmw0dGN3NXNDVVVuMnBVa2VlbG5MNHdvUFVTVEs4LXVZbTFl?oc=5
2026-03-09	Google	-0.156	DuPont de Nemours Inc (DD) Shares Down 3.24% on Mar 9 - GuruFocus		https://news.google.com/rss/articles/CBMikgFBVV95cUxOOHd1NVhhMzZKblowdFpSemZOTkRtdTVST193eVowckM1M3V1ZFZlcXQ1UTlxcjdTaW5UbGFuYl9BLWRXSzU5ajk4NUcwSk0ybkFqRVpFWVBKdmNPNVJIQ3EtZjNScExzWHQyeXEzanNoXzNPcGpfaVV0dG1NNGVCb2o0dU1YbXlCQVprRFp0aG5YUQ?oc=5
2026-03-08	Google	0.068	Details of the new Detroit DD Series lineup - Commercial Carrier Journal		https://news.google.com/rss/articles/CBMilwFBVV95cUxOWEVhazQtQms2WHd1VlRYSWJQTW5PUE5iU2FKQzZlUzU2ZUxCVE1XZUtOa0hpXzNSbTdZSklrejJwVloxakZGNEV4M1lYOVlVVmNjYjRHNEViamxFUTVPNURSbHlCczlaN1o0Z0tianVuQmNlRi1fS2g0eWczSi12VDlsWE9WUUxvWXhrZ1Vuc1ZFNXdRVkJB?oc=5
2026-03-08	Yahoo	0.044	Has The Recent Pullback In DuPont de Nemours (DD) Opened A Valuation Opportunity?	If you are wondering whether DuPont de Nemours is offering good value at its current share price, this article walks through what that price might actually imply. The stock recently closed at US$45.26, with returns of 10.7% year to date and 41.3% over the past year, even though the last 7 days and 30 days saw declines of 9.6% and 3.1% respectively. Recent news coverage has focused on DuPont de Nemours as a materials and specialty chemicals company, with investors watching how its portfolio...	https://finance.yahoo.com/news/recent-pullback-dupont-nemours-dd-140709012.html?.tsrc=rss
2026-03-08	Google	0.0	Commissioners declare March is DD Awareness Month in Lawrence County - irontontribune.com		https://news.google.com/rss/articles/CBMiqwFBVV95cUxNamY0UUxwV2wyUE9aN0o2YUpRbGkwM0wzaTNxRG5aaWtGNjhFY1ozcGlkZThNMlZjRU1EVDlGWlFKZDBoNHdXRVB4Y20yOGZ1dWl5TjAxY2NiVkt1b0haSE1JQmxndkxna09JUks1N1B0RkhQZTBVTi1CejR1amtrczQ1TjVYOW5yazdvWWx3eWliejF4VjRxNDUwSV9YaHFLTmRNSnJEaG8zTGc?oc=5
2026-03-08	Google	0.0	Has The Recent Pullback In DuPont de Nemours (DD) Opened A Valuation Opportunity? - finance.yahoo.com		https://news.google.com/rss/articles/CBMihgFBVV95cUxOYVFrUUFpenhDVWlpQ2pOS0puOUNFSk9fWkVvWXVVZUNNRUhtbURSUzJOejlMT0Q3elZLRHZzbU5OSHVqdlRUVmJuSW5XdGRjUVFiRjFUemcyYWM2Uy1lNVFRdFM2TndibkZKUllCZFp1Qkx5c2NTQlhEQk54aHptb0d0b1hyUQ?oc=5
2026-03-08	Google	0.0	Nicholas Furchner D. D. S Obituary and Online Memorial (2020) - Legacy obituary		https://news.google.com/rss/articles/CBMingFBVV95cUxOWFJzYVRNNTNyNXMwTTFVY2J0MzhSZzY5STZsUV8wX3JORU9Ha190ZHBHNGV3YTlVZXp2N1BBZmpQQS1lUHU3bHlIekRjbmN5dmxaYzIyTzh5dUhuVkd3VE05cGFacFVPa3pUd194b1hEMTJWTEowMU43NjQweHdLT1FSamtGMVlaT1BHcjZkNU13ZmJJRVpoclpJcDhyUQ?oc=5
2026-03-08	Google	-0.115	Red Wolves Raw: Destinee Rogers, Bella Weary, DD Allen after loss to Troy in SBC Semifinals - K8 News | Jonesboro, Arkansas		https://news.google.com/rss/articles/CBMivwFBVV95cUxQdVRaQ3l1emR5NlhDamV6UWRlRUZ0M0REYlp3NzB5OG45WFpUdlBBamlKNDZBbThGNXQtLUZoaV85VHVaNDZtRmR4WjVkV2kzaGM4RjlSQ1g5Q2hHVklmenlSWU5MaTJMWGoySVYwOHZaMm5vVFp3SFN1VmhKSkItdzEzRUJOcWgxRjNTc1FPUVUxdkFVTmFya25ud20wZnpGT0RFWWtuOFN6bjNuWWZZcWNob0o1ZkVncTJQQkVCSQ?oc=5
2026-03-07	Google	0.0	Board of DD kicks off DD Awareness Month with third annual Art Exhibition and Reception at Ashtabula Public Library - gazettenews.com		https://news.google.com/rss/articles/CBMi1wFBVV95cUxNYXZJVkdwMTJFbUxjWHM4WGhfb0ZTRjFzSExRb1J3Rk82eWxPNWVWR2swd2w1RFRNdWRhZGVoQjZlMVdodWx0R2JXWG12R0pZcjJZVHRUcDFFRm1rSndhMFZVMlgyWnhSNVotOXFhdXFsZnFNZ3B1M182bEgxa05WMlBYa2c4ekJkdHQ4bWdaU0p3RDBDQ296MHNXbG1lR0cya0p3eXo5cW1ZYWZod3hoMENQaHNZajlkdllaMXZqbU5VTmFwNjNJZFZWbnBMdlB4Yk9MWlU0aw?oc=5
2026-03-07	Google	0.0	Commissioners appoint development committee members, declare DD awareness month - Logan Daily News		https://news.google.com/rss/articles/CBMi8gFBVV95cUxQbWNMUS0zWTRtRnBDejJCWUc1RHRNVDJRR2xwc3hhUUM0bU43Zks4OWtyZVpLZGJ2Z3h1YTVpdmg1aDNyOF95MVhGeHRNaElFY1p4VGJpcHJ5UUtnbElHbkNNREpmVHNOZTF6dmpTeF9DaUF0a000eFdmcmNLc1pjR0VlS2ZsaXFNZmdiZHB4M2ZXSjd1TlhvUnZmc3ZTNDd5WmU3X2Rnck0wcTkxMGh2WU5UUXJpVXRHNlhNVXdMbWlISV9nNTU5U0RlSzNQMUk3N1lZcHVvbnRDQmRybHlpT3k1UGIxTGtLR2RCRm5pTC14QQ?oc=5
2026-03-06	Google	0.25	County DD board looking to promote more independent living - Signal Cleveland		https://news.google.com/rss/articles/CBMinAFBVV95cUxOYTA4UGdqUmFhNGY2VmYzMWRicEYtTUdnTDB6SnFmSEdZTDRfMWIwbVh0WDh3SkwtMC1zS3RfMF9FeThBRm1PYVpkSDU4d3RtSVRrcUk1czNRZjc4YzViYkYtRHBBd3RLRk1QdHlpSGs0TWNGalZzanpsa0lnY1g3ZkRfYzA5T3dmVzEtV2ZLT0FpQjI2WkhXaGFuSHQ?oc=5
2026-03-06	Google	0.0	Assessing DuPont de Nemours (DD) Valuation After Recent Share Price Pullback And Longer Term Recovery - simplywall.st		https://news.google.com/rss/articles/CBMizAFBVV95cUxOUFpwMHZoRUNQa0ZZd0F6WmhicXJjYkFfTUVPU1FjbEdaV0hNS3V0T2wyR0tWenZKcGJzMlh6VnVNNHBqakRlMG1xcl8zTGREMC1odi1FYjNUM1ZfMFNWei1zRl9lMXYzLTZOTzlDYVplVmo4OThYeW9uVWM4eXRUYmV5ODBuUVMwdlhJOTZuaFBjdE8tc0JjS09JRVNDS2F0SGZtQXNuSjVtWldWZG9wYl9QU1VFNUl3QW1pZ3AtX0JiM0Rfa0FuYlJPaVfSAdIBQVVfeXFMUEFwdVJLZldKdFVnakhWVllYU003dzZHQkFnbWNKSHMxUm9Gd3RMU0xGWEhuZS1JeEpub3R0NWozYUlJaTJIc3RTdkdIVFFnZThSWkJPQ0hNUko5Y3N2VUNKZVNxcHhONWNmaktFT3F4NnIwVkl2enFKdVVwak1vZUdZbnFCNUZEakl6QTJpODlDQ2diNDBFMlcwbmt4NlJCUTFLRjl5VmpVMXZKMkY2c3BxcXkxcG4zRzFzTUJrcEktTk1WSENyRXgzdnQ5eVhMeE1B?oc=5
2026-03-06	Google	0.0	Catalight Academy Grows Leading Nonprofit's Autism and I/DD Clinical Training Capability - Yahoo Finance		https://news.google.com/rss/articles/CBMikgFBVV95cUxNa1Y5Sy04MVFxejhjZGZXYmJ5MnJLQjYyRDE3aXZqbWZQMkRtUk91ZFBISEZLNXR4VjhJc2lLTjZmb1VfdUNfS3J4a2FKRkJsS0NMb2lacG56Zkh2bzNZNzBxcWc4MURZeVgxTXl0ZkJVeU1MMHBCUzUzSzd5Slh0VjhPZVdiVExwVHdFS0NzX2UxQQ?oc=5
2026-03-06	Google	0.0	DD March spreads inclusivity throughout Ross County - Chillicothe Gazette		https://news.google.com/rss/articles/CBMiywFBVV95cUxPTzlIbTdob3dudUhOSE5CVHRmOG0xZ1ZoODhyYW1YWjlJOThzQVdPY0h1cUVRQWEtWG1NWlN4dFlWaTRxRkJEZERpVWljS0FaOHFUQy1wZ2twOEJIaFoydXdWOGgzSkxtNG5NQkdtc2ZMNVpobnc1S1o5VWZUa3BRa2M0WjREWDBfVEJfNzFwTHBDUUR1Z1pTNjFobmZYREFraklmQWRzYmwyaVMybHh4MWk2dlpJN0RSUl9IQTVmLWp2V1A5VC15YnB4VQ?oc=5
2026-03-06	Google	0.0	Scenes from the 2026 Downtown Chillicothe march for DD Awareness - Chillicothe Gazette		https://news.google.com/rss/articles/CBMi5wFBVV95cUxNZHJzRW53RzZHNnRDRXlpYjBpVWFJdFpEUGZycmtublRsc2pQdklNR3AybmVFYllvaFRjT1A0NlVnRnBCNGhJQVhCdXFtR0hwQW9Kd2x3azhMbjdqRFRhVlJ6UF9sUWVWREl5VlNUVlVRNG14NzBHd21DSUZaSXo4QllmYTctaVRBNjhNUWlKamRZWWNDdHVBTFhLZWY5dlB4MGsyMmZZVzZwVk8xN0FabDdpbkdsTzRDbWtHdnJXVEpQVm03UWIybjA0a2hQMG1idzRNOUZER2VQM1FZWUlibjlFNjZ6d2c?oc=5
2026-03-05	Yahoo	0.283	AGCO Appoints James C. Collins, Jr. to its Board of Directors	AGCO (NYSE: AGCO) today announced the appointment of James C. Collins, Jr. to its Board of Directors, effective April 1, 2026. Collins brings nearly four decades of leadership experience across the global agriculture and food value chain, with a strong track record of driving innovation, growth and sustainable outcomes.	https://finance.yahoo.com/news/agco-appoints-james-c-collins-133000222.html?.tsrc=rss
2026-03-05	Yahoo	0.167	Technical Textiles Company Evaluation Report 2025: Material Science Leaders Asahi Kasei, DuPont and Freudenberg Drive Innovation and Sustainable Growth	Explore the evolving landscape of the global technical textiles industry with the Technical Textiles Companies Quadrant, a comprehensive analysis spotlighting the top 11 quadrant leaders out of over 100 evaluated entities. This sector, defined by advanced synthetic fibers and innovative production techniques, is vital for diverse applications spanning automotive, healthcare, and construction. Key players like Asahi Kasei, DuPont, and Freudenberg are pushing the envelope with strategic growth and	https://finance.yahoo.com/news/technical-textiles-company-evaluation-report-140300507.html?.tsrc=rss
2026-03-05	Google	0.0	Bridge lighting celebrates DD Awareness Month - Star Beacon		https://news.google.com/rss/articles/CBMixgFBVV95cUxPRDhOZFVWUTg4bGEwd01CQkhXNTNKY0kyR216Y0ptRF9aUmVFdFluZ2djMzU2elhiUmFjSk1UZ09HRG15Y0dPWmVIeVpJN21PcUdwOGVoSVhwdnFTQWRRUHZSRVdWYnRtMC1QLXZWVHZ0YVRLZFY1OGw1ZnBDVENnc0pYQzhpM2UwR1JiaFE0WjMxcGtTM2x2RG9wc0hja0VfR3ZDbXVVTHZzT0VYVTU1NEZveWFSUWF0OGdBeXFmRUFaZHlBNEE?oc=5
2026-03-05	Yahoo	0.0	DuPont Upgrades WAVE PRO Capabilities With RO and NI Tech	DD upgrades WAVE PRO with reverse osmosis and nanofiltration, integrating UF, IX, RO and NF to model water treatment systems and optimize costs and energy use.	https://finance.yahoo.com/news/dupont-upgrades-wave-pro-capabilities-151200757.html?.tsrc=rss
2026-03-04	Yahoo	0.5	BASFY Wraps Up OBA Transfer to Catexel, Advances Portfolio Shift	BASF completes sale of its Optical Brightening Agent business to Catexel, advancing its Winning Ways portfolio shift toward higher-growth core segments.	https://finance.yahoo.com/news/basfy-wraps-oba-transfer-catexel-120400415.html?.tsrc=rss
2026-03-04	Yahoo	0.445	Jim Cramer Says “Qnity Has Become One of My Favorite New Stocks”	Qnity Electronics, Inc. (NYSE:Q) is one of the S&amp;P 500 stocks that Jim Cramer shared his take on. Cramer believes that being spun off was good for the company, as he said: In seventh and eighth places, we’ve got two semiconductor-related names, Teradyne, up 32.8%, and Qnity Electronics, up 31.8%. Teradyne is a semiconductor test […]	https://finance.yahoo.com/news/jim-cramer-says-qnity-become-204300049.html?.tsrc=rss
2026-03-03	Yahoo	0.164	DuPont Water Solutions Expands Data-Driven WAVE PRO Design Tool with Reverse Osmosis and Nanofiltration	DuPont Water Solutions today announced the expansion of Water Application Value Engine (WAVE PRO), its advanced online water treatment modeling tool, with the addition of reverse osmosis (RO) and nanofiltration (NF) capabilities. The enhanced platform now integrates ultrafiltration (UF), ion exchange (IX), RO, and NF into a single, comprehensive water treatment design solution for applications including drinking water, industrial utility water, wastewater, and seawater desalination.	https://finance.yahoo.com/news/dupont-water-solutions-expands-data-140000332.html?.tsrc=rss
2026-03-03	Yahoo	0.1	Zacks Industry Outlook Highlights Air Products and Chemicals, Albemarle and DuPont de Nemours	ALB, DD and APD lean on cost cuts and price hikes as soft demand in Europe and China pressures the Diversified Chemicals industry.	https://finance.yahoo.com/news/zacks-industry-outlook-highlights-air-093700369.html?.tsrc=rss
2026-03-03	Yahoo	0.042	Assessing DuPont De Nemours (NYSE:DD) Valuation After Recent Share Price Momentum	DuPont de Nemours (DD) has been drawing attention after a period of mixed short term returns and stronger longer term performance. This has prompted investors to reassess how its current valuation lines up with recent fundamentals. See our latest analysis for DuPont de Nemours. While DuPont de Nemours’ share price softened slightly in the very short term, with a 1 day share price return of 0.80% and a 7 day share price return of 0.88%, the 30 day and year to date share price returns of 13.02%...	https://finance.yahoo.com/news/assessing-dupont-nemours-nyse-dd-161350392.html?.tsrc=rss
2026-03-03	Google	0.0	Adams County Honors DD Awareness Month - People’s Defender		https://news.google.com/rss/articles/CBMiigFBVV95cUxPVW82dGhLS3oyZzFTTDRseTdteFdKSjVKRWhsOVlKbi15Sk16VzlrZ2pMbFc3M19VNERuTU1malF6Q2FmTnRtaFg4WlRoV0Jha21hY3pwWUp5LURyYWwydXhTemt1SlRpQnZ5Zm51TFRNbTdYTzRmMDZtbEtDaG5lVXd0Z1VoWDRwQlHSAY8BQVVfeXFMUGRBN0pSaTdzc2xiMDR2bXVwZWQxbXpCSFVyNy13T2FWSl95LW1UX0RHSUg3Nk9TYVU3bV9YTzd5UUg3eGdFNkdlQ2dTZHlMa1hrQXdPUXlwSmhjQ09XZFo0RzFLUXBTRURILUlRdGw0MHR0bGV1c0xqeGZEVEhmMW1hZHNfekpXQ1lRNHUwelU?oc=5
2026-03-03	Google	0.0	Letter: LSU gymnastics coach D-D Breaux's legacy lives on - Gonzales Weekly Citizen		https://news.google.com/rss/articles/CBMiywFBVV95cUxPYTBxV2REN0ZpTEpaeXNORjhrdHI2RndlemdSRFVOZ0RTVmt6QXl2azZvVHllVE1uVE5vTGF1SUJKVkR4LUxkS1B5X25PdjNXd0o1MlNGRGJ2MGRsUGN1TGJSeGJEWDFQUFRWN0pXSDNDdC1tUDE4TEhxeDZmZDNTWDNwemFwVWpZMF8tVmQyclhEcEVOdFdIRmJHendTR000YW5LVnRLT2piTFBtRzltYk05VjR4bkdlQ0Rkemd1TkdIZlRROTBBOHBXVQ?oc=5
2026-03-03	Google	-0.156	DuPont de Nemours Inc (DD) Stock Price Down 2.6% on Mar 3 - GuruFocus		https://news.google.com/rss/articles/CBMilwFBVV95cUxNMjZUbkI3aVN4V0FQc2hSSGxKdmZnNlk1T2xTVmlHLWFJR1hpSWFjbENTd0NPMW5BLXZzeE1lRTI0cEgzZ0lTNHBjaENwdWhlOTBrVXdZeHl6dXZCUFZ4UTJhZzN0S1NsNFVqWkROMGRWbVRkaVlzQklyZ3hxVTk4SFY4SkQxZkw3NFhXSGh5SmhEWUJnRm9r?oc=5
2026-03-02	Google	0.8	Lucas DD partners with Great Lakes Museum for sensory-friendly event - WTVG		https://news.google.com/rss/articles/CBMinwFBVV95cUxPeGlHZXI2RUhVbmdjQ2ZCckZ2NUdhbjFEelVDaEN4WlZaSFFINDdVYU9KTmFBMEFXMk52SU9jWTQyVXFWQUJKWjFXMG5iXzBWUHdCS2lQWGRieTRRd3VQeXdPUTl1UXdERXhlWGMzR1lSdTVkbkEwck01QUFhQ0U1RlBUSjZaOGdrYkRPU0VxOTdkRTlLalBFeVRoTkh6Y2c?oc=5
2026-03-02	Yahoo	0.0	3 Diversified Chemical Stocks to Watch Amid Demand Woes	Sluggish demand in key end markets and softness in Europe and China have put a dent in the Zacks Chemicals Diversified industry. APD, ALB and DD are poised to navigate the industry challenges.	https://finance.yahoo.com/news/3-diversified-chemical-stocks-watch-125100439.html?.tsrc=rss
2026-03-02	Google	-0.075	Clinical Labs Gain Ground with Noninvasive dd-cfDNA Transplant Surveillance - Dark Daily		https://news.google.com/rss/articles/CBMiswFBVV95cUxPdnpOejB1LVgtOEh4ZXUzenZHQVJNZ1ZvNE1VRnJ3bURDdFktdWthMDZUcEN6MWFJS0FfbjhzblFxZ0FqeERQdTh4MWw5SVlIemhCYWdONzNBY3REM1hCLVpxeWMzeDNhb25VVWpMd2NFZ0htaHEtRUdJTWstbDZLTlo0cW5FUWhHY2lMaEFrZDRFZk40eEJiNXZMTW03WkxtVTl2YlJEdGJxTThfN3RtaE5LWQ?oc=5
2026-03-01	Google	0.0	Twinbrook Decries Loss of Only Dunkin’, Demands DD Equity - Montgomery Leek		https://news.google.com/rss/articles/CBMilgFBVV95cUxNM04xbDkyQ2l0QjgyaE9zRG9YWTZ2ZkNGNnkwZXJMWEd4aUY3VDYtWHZpUmd0ZGNPbklYZFBMWFhvRk5QOE9nVV9WbUJmYWRaNHB6SUQwbHc1RHp1TGNzLWdDZHBRdjMyU3ZvdGRZWEVIWXZTanI1TXVaWXFUMlFtQVN4dmQ5cUZLcmo2R3JsOWhES243Tmc?oc=5
2026-02-28	Yahoo	0.2	Middleby Is Spinning Off Its Food Processing Segment After a $540 Million Asset Sale. Can the Breakup Close Its Valuation Gap?	Middleby is splitting up, and the sum-of-the-parts math looks promising if margins cooperate.	https://www.fool.com/investing/2026/02/28/middleby-is-spinning-off-its-food-processing-segme/?.tsrc=rss
2026-02-28	Yahoo	-0.111	Celanese Corporation (CE): A Bull Case Theory	We came across a bullish thesis on Celanese Corporation on Hidden Rock Capital’s Newsletter’s Substack by Hidden Rock Capital. In this article, we will summarize the bulls’ thesis on CE. Celanese Corporation’s share was trading at $58.32 as of February 10th. CE’s trailing and forward P/E were 7.36 and 10.24 respectively according to Yahoo Finance. Celanese Corporation, a […]	https://finance.yahoo.com/news/celanese-corporation-ce-bull-case-130212212.html?.tsrc=rss
2026-02-27	Yahoo	0.31	Largest U.S. Pension Takes Stake in a Hot Semi Stock, Buys More Nvidia and IonQ	The California Public Employees’ Retirement System, better known as Calpers, manages over $614 billion worth of assets.	https://finance.yahoo.com/m/0800ac60-2574-36a7-82d4-8ad0c0dcbf20/largest-u.s.-pension-takes.html?.tsrc=rss
2026-02-27	Yahoo	0.0	DD's MemCor MBR Chosen for Expansion of Wastewater Treatment in UK	DuPont's MemCor MBR selected by United Utilities to expand three UK wastewater plants, making Wigan the nation's largest MBR facility.	https://finance.yahoo.com/news/dds-memcor-mbr-chosen-expansion-140900456.html?.tsrc=rss
2026-02-27	Google	0.0	DD's MemCor MBR Chosen for Expansion of Wastewater Treatment in UK - Yahoo Finance		https://news.google.com/rss/articles/CBMigwFBVV95cUxOV1JiVDFaN0xCbjc4eTZtZ3VXXzVUWDdCUUotZmpWYjREd0xkRVVwV2lNbUxEaENTYWQ5Zk4tME95MzN2X21GdVB3cnA3a1plcGxfUmxxdW54M2ZOblA3WWRZZFFaX3VXVGRRNzN1MHRfeXJ5Y244Q2VaQzJvMmN0NFBvSQ?oc=5
2026-02-27	Yahoo	0.0	Steel Dynamics Raises Dividend 6% on Cash Generation Strength	STLD hikes Q1 2026 dividend 6% to 53 cents, extending its payout growth streak as cash hits $769.9M and buybacks underscore its capital return focus.	https://finance.yahoo.com/news/steel-dynamics-raises-dividend-6-124700057.html?.tsrc=rss
2026-02-26	Yahoo	0.283	Hot Spinoff Qnity Electronics Crushes Q4 Earnings Estimates	Qnity Electronics smashed Wall Street's earnings target for the fourth quarter on higher-than-expected sales. Q stock rose on the news.	https://finance.yahoo.com/m/8e27408c-b7e2-35cf-a428-a83298a7d0f5/hot-spinoff-qnity-electronics.html?.tsrc=rss
2026-02-26	Google	0.0	User Clip: dd - C-SPAN		https://news.google.com/rss/articles/CBMickFVX3lxTE1NQm1aRk00cEV1dUFnbVBoRGpKQ29QWXE4blRReVlrWlYzVkVNTHB2dkl5UnU4b0MtNWkzOEdVRVNieml4R3JjalloZEdOZlI5M2JHZnZyaWlIUW5rbXZTZV9DaUxfSGNhN29zd0lfUW1Xdw?oc=5
2026-02-26	Google	0.0	“DD” Adams: The Art of Showing Up - Winston-Salem Journal		https://news.google.com/rss/articles/CBMilwFBVV95cUxNZkI1Y1dLdG5ZcjdnMThYVmVER0pOY3d3MVR0SW90UFg5MkY4emRqUlpGclItOURaOGVodHBTaE9IRGpMR0tvY3pPbjFDcjk4WDhqTi1JUDZaQVlQeWpMVlMzZDhMWHRpVFg4bk55WTRzWjI5dE1YbGwxclhrWTFwYm1RVmxGdTNYYXg1U3NiVWZJcEthNExN?oc=5
2026-02-25	Google	0.617	Is DuPont De Nemours (DD) Still Attractively Priced After Its Strong One Year Share Price Run? - simplywall.st		https://news.google.com/rss/articles/CBMizAFBVV95cUxQdThqeXg4S0JQVlBTY2VjbnpMQ1BlYkhOQXRrQnAxTERlaDlnS1ZrYjlqcjRJZHczYVRYcDhreXJhaW10Q3NHX0ZoSHFxLWFsYTdPWjN2YmUxdnpTeTl3OTJ3TTFKTkthTURCS2xuV3BLcElGVEZROXctZEd1ZlJuX1VuNVpWM0hQTTBDdnRqOUhTeUtmRXFPTDV6dnczSlItcTRqaEdHMWUxM3FKYU9XWTJCNkdnRmJTbDRfUHdXTVBFc2xwWFBXSGNxd3jSAdIBQVVfeXFMTU5zQk0yeEtCcXZxQk14NUxjYm5ici16UWNWaTZXUU05bU16MV9sYXhkdVZsZHJGa3Z2Qk1WemVkaWdFc3Bqa0dTU3JfM1Y0emx3TDdIQzRWeUNhSVpxSHdUZFFEcnIybmZKZ1RFRjlBbFBkRE1WOERBN3NycXVpTEs3T2YxcTlDdkRJNm52bWFDNC1yMXhXMTg5dkEzSmY3Q3YyendLTWluVkVZb3VVWFQ4QnM4RlFmOXBQQ2pqVjZMNk9nUFhEYUowREdUMjEtSzJR?oc=5
2026-02-25	Google	-0.25	TA3 Swim Review: I Tried 5 Viral Sculpting Suits (Small vs Medium, C-D vs DD-G) - The Mom Edit		https://news.google.com/rss/articles/CBMiVkFVX3lxTFA1dU9GREdTSWRibXgtNGp0aWp6ajNQczdwdTZQLUE1dVVlWmtDUDEzbG9BTWo2dV9RNllqaDVLYVRyd09ZR2E1ZVRVWVA0eEl5MDNORUJB?oc=5
2026-02-24	Google	0.5	Six Lake County school districts, Board of DD awarded more than $260,000 - News-Herald		https://news.google.com/rss/articles/CBMirgFBVV95cUxPRXNSclBlQkU5bTFhVWF1YXlkcU5HTEo0cUxkTkprZ01NVGlTUXJ2WldSV1hndzlhOEN2Q3ZaYnJVQkxkbkpzeTJDN2VDMEI5cUs0V3FLdXN6WmcxcGNMU0RMbDc4ZnJZY2dIa2tVcEMyejJMZlZqVF90LTNZVDVZYXFvSURiWkNUdFNMSkVsSmV1X0NqaVdiX3ZvY0ZKdThFeUdqVzRSb0ZsejBkX3c?oc=5
2026-02-24	Google	0.0	As a DD-cup runner, these are my favourite sports bras for bigger busts - Runner's World		https://news.google.com/rss/articles/CBMigwFBVV95cUxQZkp6N1EyOHJtSGJYWEVjdnViRHRtc0NDbkEzVDZRWDJvX255M3JtMVJhZUtISlJ2U19XeTJHRktOeDNWSnBQOGhZcF9RbEpXRDlOMGxzcDJVY3hmQk56R0xZMk1BT2VkT0JBZFpZZkY0MXd0TGotTjVwSFAyQlYxR2VRaw?oc=5
2026-02-24	Google	0.0	DD’s Discounts to offer clothing, home decor in Porter - Community Impact | News		https://news.google.com/rss/articles/CBMixAFBVV95cUxNVXhWM05tNUVOTGlhaFVEWnVoR2xEa0QyR3N6RlN0V1UxOU02Tnl3ZWZaeS1TVm4zY181QllHS212ajlBU1J4d1NHU3I3NUV5N3lpZHFzWFFzUnBabUdLUlYzb21GNDlGZVJEanE1aWhqbjZtN0NCdlhSb0d3X3FYQmpGMFM1TkhBUmFVaDF3b0Y5d1FWdXJDXzFnVFRsUjlpcTUzUEd6ZFkyRDVlVU5EUHBYdGM3bFpjS1ZCRmV2Z1hjTkJq?oc=5
2026-02-23	Google	0.0	Atlanta United 2 Signs Academy Midfielder David “DD” Sibrian - Atlanta United FC		https://news.google.com/rss/articles/CBMipAFBVV95cUxNTXZMUmM2QVVMa0pKTmp1bGExVDhLXzNBT0YteXJjbmRuNXdFMEcycTlUYmxhNGdCWTFNMFBjS0s1ZkJVWFhZMnVYUUxDZkFWSDBEeE5qR01zWHBGYm16aFFtNXppY0xXMzZTQ1JWeTBBTWxydFg0aXpNdWpJS0JVdUFKMmJOazNuUzc2UFQyZkEzZ0NnTEQ3Mm9BSUxDQXJmOC1MVQ?oc=5
2026-02-22	Google	0.4	D.D. Guttenplan on feeling out of place, free speech and Zohran Mamdani - varsity.co.uk		https://news.google.com/rss/articles/CBMiVEFVX3lxTFBVM0k5aEw0REVnUHJNOTNyR1ZYdGNFVHZSc1R5S3NQQjFLUGpnYnhVUm4wNWJPeHRSRmVoTmVkVUlUWVZoWFJEYVdvczhKY3Q0RlBsYw?oc=5
2026-02-22	Google	0.0	Bishop Richard F. Stika, D.D. - Kutis Funeral Home Inc		https://news.google.com/rss/articles/CBMiUEFVX3lxTE9ZVzh3VGlCYXBKSHhtQ1lXZXNPXzZfek1SRGdyeU1wQ01rdVhHTUtEajhldDRDNnhqWG5BdGtVQVJveUQxY3BqRlliTS1fS1ZQ?oc=5
2026-02-20	Google	0.1	DD Mau moves to Old Orchard in Webster Groves - Ladue News		https://news.google.com/rss/articles/CBMihAJBVV95cUxPYTZvWGRsREJfc2h4M1VKMGZvUEhuTTlIOE9aZ2hhZFJJMnBqSGk2N3IwdXJ4eHpzdTZFRi1qblVUdVI3dHowZ1dnbko3RV94bzg5MnIwb1lhT0ZYUmxrWW5ibDVnTnRiV25PWFgzZldISWlnaWlkLXBRTlR0UzcxRGNfdjlhdWRCRmU2b1hReHlIbGs0cFdsbmQ2SDlMMExsa1dvdGVyNWI1cnhIUEFldVVwUmNCOTBabzlwUWlvbjRXWWRpNTNrS1RLaTRyMWJmZjQzRlowODBLVEFVcTNNYzVYX19USzJSZnJHVWEtdDY5MXpoY0hSNkxkRTBmNXNlZWN0LQ?oc=5
2026-02-20	Google	0.0	Ashland County Board of DD – DD Awareness Chili and Pie Cook-Off on 03/05/2026 - Ashland Source		https://news.google.com/rss/articles/CBMivAFBVV95cUxNSEJpNUtTT1g3emR5MDBKNVY3eTE2TktaQ1Q0c09wRnUzb1NTeS1NdEVKYjdsb3hqMF9fQmc5UjN2X2wyX2hTRjk5ckZHZ1o0Wkd2emFhbXFIaGVqZk1TR0Z1OS1UTTF1TkRiaWt5ek92WDljMUxGRFhud29ZNXNtUU1FWXFSVkR1M1Z1Rk1lRlZpb05ETGdVeF9kVUE2b1pRTExEN1NkSldrbm9aMV9OcHFxY3FKZkd0R0FhSA?oc=5
2026-02-19	Google	0.0	Detroit Launches Next Generation of DD-Series Engines - Transport Topics		https://news.google.com/rss/articles/CBMibEFVX3lxTE5LVU9QZk02ZjJhejVuTF9veFh5ZkpCbXdvcUp3ZVQ2cjY2NFVkaDN2S3ZYcVJFNE9MeXc1bGJuOHVPMmZMSHhwVUY4cmtmRWFYV28xRFg4LWktR1FmMXdiUllyZXRjbEtCNWp0bw?oc=5
2026-02-17	Google	-0.6	There May Be Reason For Hope In DuPont de Nemours' (NYSE:DD) Disappointing Earnings - simplywall.st		https://news.google.com/rss/articles/CBMizgFBVV95cUxObHJzUnE1d0d5RU50dzN4eVEtVFFVa3RXRmZDUEdLSUg1VFdjemhna25kN2d0ZjlWNC11aUpya3FCS0FMRV9mN0dqLTFPNWZ6bTVlNUhuOFZoS2MyR0xoaE9sbE0tbnVJdDZDcTlpbGNxaUQyejZEMkVVY2FkYkF4aEdnaFhpeWs5S2JKcHUtdUhjRUlNQzgwT0lsc1JSMlFFSHNWWFZ0U0lNTEpZb09Nc3VRcGt6a051NlVyQ3lTNEJ3eG5ZMFdDV3RKYTNLd9IB0wFBVV95cUxPVUdoR3RTMWYybVJISXpfR3pzNnRUc2JWZlJpUHRZQ29faHFvVm11OUViM1hackJhcUM0TUlLUUR1WDFkSkNjYVVCejRuX1FXaC04d3VEM3Bsc0t1cmZfN2h5U0doeTRHUl9LWVB5WEVQX2toaTN1bDhtWjJsY24zN2ppcTdZdTBfUVdCUmZ5REswZlRHVlp6ZVA2YzdIZU52cmlhazAzQm9uYW1BWTY4Vkx6WGF5REdTanBlNE01Q1F2UEhEY0ZsSFhjMExUcmxYYXBj?oc=5
2026-02-16	Google	0.0	Letters: D-D Breaux’s legacy will never be forgotten by those who knew her - NOLA.com		https://news.google.com/rss/articles/CBMivAFBVV95cUxOQ2xVRDJRUUg2UDN1bTF6cU51aWpQcEZGWWtrOXliZXdnbVlidTVITXdZV0tZbndFa3VEdmZsU1E3VnpQR1M1WUctYWxIUTMwSmc2dHFLTG9kLWpqUkZ1Q1VnZWRfUWZiR3RtbVc4RDFsSmxrTlNnUGNtQTM1ckVpZlFIOUVGWTJnaVVVT3FHeURwUkd1REYtS0ppbkJEVmF3UFZDNkdUZllnQXJhRUI2VlZTS1FhZXlSWFZjaw?oc=5
2026-02-13	Google	1.0	LSU's legendary gymnastic coach D-D Breaux describes her journey - ESPN		https://news.google.com/rss/articles/CBMiWEFVX3lxTE5BVXlkaFQ2ZURwbXJUQ1Y2MExFRkpLOVlBb1llWGdRdU95VElIMmtvYTBWcGFYbzNKZ1FTVFpCLWY2R3ZKR3pFY3pGQUxnR0hLTV94RWU4Uk8?oc=5
2026-02-12	Google	0.136	Cuyahoga County Board of DD Announces Two New Board Members - Yahoo Finance Singapore		https://news.google.com/rss/articles/CBMiiwFBVV95cUxOaG8wRFVwcm9mbFQ1dVhXTlRha1hnY1FOb3ZrUU9ZVk8yd1J2VUEwTFZqZEhfcUZIM1dIZ2JLbDFuMFZVV19aUWNmV2FOTEJSQ3NfWmhUeVdJYTRTSkVWZU12YlkwQlF3RnBXdWlfMmcxQmJRYjVaeE0zVDdEdGwxbE1vS1prQ0ZHcTlz?oc=5
2026-02-11	Google	0.5	Scott Rabalais: 'The Fighting Tiger' fitting title for tale of D-D Breaux's career at LSU - NOLA.com		https://news.google.com/rss/articles/CBMi6gFBVV95cUxOMGwwNlFHU2EyU0JqeGxmck9kZnFWMGxTVFFFWl9uRHRVYzZfaW1SY0ZRMGhEOENKcE1CU1lGVm1KaG5RSEVkclhfeFZEc1NJRnBqRFBKTTNnR1NOcjEyNEpsUGd5enNWbkhpSHAwOGZHVTA1R0NoVDFqYjNRb1VMeTA0OFF4QVV5NGE3NjZuQ3BoTTN1S0N1bTlqNTNVYVBIUWg3SFM2Y21RT2RqbE8tS00zUzFPVkNPalhpblo1ZUg4VEhsYjhvR3dHUzdCNUJ6bFM2NTgyTFVqcVpHeTJ4bGthV3RWUmtqOWfSAe8BQVVfeXFMT2p2TTFjeDJYdGdnek5BaHRrN2t2dEZFN1VSUk1jajA1UnViSkhlNTh1VllIQ2NndUVKdlZYdnExM1hmRDFQeXJLSUdYY25fTzVzYWxtcDRYTUozQldfdjMtcG9BaHA2dVJ6MEdaQVFFTnVmcUFwZUJuVWRPRmw5ZGw5V3hvNTR1cTlUTHZEcVh1SmJYMEVVaXcwS1VFSUEtMVZNWmNUdTM0MWZNajk1Vy1sZ0taVnpxODdMWmtibG91eVVhcnlYMm9IY0RyRUdjdGhEUmRQalRGV1IzUEZRN1Y3SVZZcU9kWlBfMVBNSGM?oc=5
2026-02-11	Google	0.0	A Look At DuPont (DD) Valuation After Earnings Beat And 2026 Margin Expansion Plan - Yahoo Finance		https://news.google.com/rss/articles/CBMihgFBVV95cUxNaURzdWF6ZmFkanFsSEpsdEZ3SkF0ckU3RzQwbm5wT1NFZURNMFl4MmNJQ29LQmM5RzJGaUNqYkU5LUo1RGxNMTBpRk82QTBfekc4R1BXdGdudlI2VVJZS3pNRjdXODEzTnJ6Z2NGNFVpLUYyYm1ibVBsOGdYZXZGSEZBcDc2QQ?oc=5
2026-02-10	Google	0.067	Is It Too Late To Consider DuPont De Nemours (DD) After Strong Multi‑Year Share Gains? - Yahoo Finance		https://news.google.com/rss/articles/CBMiggFBVV95cUxOa3FaRnpiOFN3ZWJDNTBMT0lrb0FnWmxlRm9iTXlYcUw0SnVVYnh4OEtFdFlERFB1Y1ZXQ0x1TDdrZXd1Y2Jvbnk0LUV6YjBBUTZxQU1VSHA1Z2o3SlNmb09HYzB5QnpEcUh0ZE4wRzhvcklFeGlZUXlFVEhhVl9iQ0pn?oc=5
2026-02-10	Google	-0.328	DD Café in Garden Grove shut down for nudity and illegal alcohol sales, according to investigators - ABC7 Los Angeles		https://news.google.com/rss/articles/CBMitAFBVV95cUxQVHQxVC1iT2lGeXpmWGNQaFBxeVB1QllEUUFKeENGblk3UUZuMXJRYVNTc0F2UU5neVBVYk1razI4djFKSTR2YWpiSVBRMVVfY0hEWFRPOFVLb2t6Ykp6c1E4QXdXSVZWTy01ZWc2c0hvRndBSWlKYU1xT3AzZVBjNEdkSndHVy1tanE3R29TN3dSc3g0bkU1OFdCWTdUNHljQXMxQW9tQU14dE1ZWGhFY1A4VG7SAboBQVVfeXFMTjhlbHlabWhuOWo5THpGUkN1R2h4TnlyVlF5cWZuZ2dFT3VBOVlyTXVCeUw0RTc2VlJWMHJZejlTY1E3cjZGZjdnOWRyOUVvRlRSWHdyOU1iOVN0RnoxNi1YZ0RJMHlCR2RsblhLNENoWEl4VE9tbEkyeFl2QV9QR3h4Q1VHbGFtZDVWYnlmRDJLeDBHeDVaWGZjXzd3TmhsNTVPWHBjWTI4M0NUOXlfZXFycU1JcEhOc25n?oc=5
2026-02-09	Google	0.5	Bikinis and booze: Garden Grove cafe had more on the menu than allowed, police say - Los Angeles Times		https://news.google.com/rss/articles/CBMi0gFBVV95cUxPZGI2eXBULWhqLUkwUzlVRUhiRjlSZW9rR2VsSHdxMy0xeW1zcjhJYlJpNTE5Y3hFTzJEQy1EV0o5N0JBZ0RPaGJvd0RnQWFCUHg1cDdyMEZKWkU2YURrUmR5NU1Xa0RCeVpxcDlKc1J0cXFJenpQMnlDM2RNYS1salF0OTVScWhNdDNxcUY3X3AwVW1URGJzQ3RqQmdrWXJxZU5DSThaYjZfYXJoSUxVaUltQWxWTk5WeDJJMEZjVWdyaXpMS0daVl8xSEtvckNyOXc?oc=5
2026-02-09	Google	0.0	LSU's D-D Breaux, through Jay Clark's eyes - ESPN		https://news.google.com/rss/articles/CBMiWEFVX3lxTE40eDdoeEh6NzN5UFRjZ1llWjlUc2xSQURvTTEtNi03SE9HbmJBQkZHdVVJLWE4UkZmUlpfbjBDa0d0UGk2b2lZU0FCS21QcEdwSFJzVWFSOVI?oc=5
2026-02-07	Google	0.25	I’m a 38DD Who Packed 4 Swimsuits for a Trip to Miami—but I Only Wore This One Flattering and Supportive Style - instyle.com		https://news.google.com/rss/articles/CBMijwFBVV95cUxOTW40NUR4TDVmakNjemxVTFV5b0hrYk5jakY0OEp6dnlZMG4wWFhlNnFwbWFoVThueWwxQ1JOdGFMbGpROXZzYWdqR2JQZ3BnWnY1QlZyREpZYU40eC1JMmMxcUo2cTVhcmxTMk9mVnZNRFp2Zk1CSXNyeURTS01EUjZ3TEFGcjhxRVRIeThQZw?oc=5
2026-02-06	Google	0.0	D-D Breaux feature on ESPN and SEC Network brings back memories of early career at LSU - WBRZ		https://news.google.com/rss/articles/CBMiswFBVV95cUxONnVfbEpoazNHS0JrX0hhaURVM2RzSWo2NFJPWkhVZ3daUHktcmxveEM4VEdVNnBBRTlGdG5aTER3dnMwUThRZHFhTDF2eHZZeUptWnNZLXFSdFlSc0NPeTYxSFFXWWZyUU03Z3FqaDAtU3oxZVZUMktrcHdfalVsUThvWGUtb1RyaE1yUVg3Zi1sQmI1QzdMaEJhZEIxdDJxd0Qxd2JZSThhSUVPOFZrUVJqVQ?oc=5
2026-02-06	Google	-0.098	Will DuPont’s (DD) New Life Sciences and Food-Processing Products Subtly Shift Its Core Investment Narrative? - Yahoo Finance		https://news.google.com/rss/articles/CBMif0FVX3lxTE96a3RicmJwTXE3RG44VVpOUmlhUlB2N3NNMl9vZTZxb0wycThNQUdyYkZzcUZjc0FEcHJjSExlZGZsakFXWGJSajk4UjJBa1l1bExqV2VOT1J5TG96TTRySlo3V3NyVUpBajU3OVA5Y3dsODFHbnpqT1FjdkZmVE0?oc=5
2026-02-06	Google	-0.4	OC coffee shop secretly operating as strip club - FOX 11 Los Angeles		https://news.google.com/rss/articles/CBMiekFVX3lxTE1US08yUlM3VWttYlRXNWN6cm40blJFR1p0azViSjY1M3MxUWFfS1hlNU5SMzFVT1hmSUxaREFYT1lDRERQcjJ1VWsyaTVRaHZxNEo3cDJzT3ZfbFM3dnRZTllDTFpkM0pOdEVzWHVIWUpIbEJhVHZ6d1Vn0gF_QVVfeXFMTXNTMW0tNDZ0UlZWVE5iUzBLX2hmaHdYd01ad1JvOHpVcGl4TEppRFZEZEg5aUd3end5UlhBWnphTlBUbkRfT0RoTzVQRWRMakNpeVYydnlOVk03elhnSUU2a1BMWGoxa2tWM2VNd1FEOTFDXzBBNDhVSkNJa3cwWQ?oc=5
2026-02-05	Google	0.218	Building new connections for our neighbors with Intellectual and Developmental Disabilities (I/DD) - Douglas County		https://news.google.com/rss/articles/CBMiwAFBVV95cUxNeER1X3JwMXViSndzZ2lvSFBkY3Flek1nSVoxMWtjMEwyc015RVFiMTlGNnVOR2tVcTFGXzcxS2FOdFNtazkwT0lILWRaNFBxNDVYQ2E4bmQ2RFpCLVRtajJDcTBZdlN2dEk0eUdPWG50SksxbERlOVZrQWRDUllhR0RBbkRFSTBoeDZyaG1jNnB2aWNNT1A1VzdiNzJ2anNtRmVXaXlRWUpNb2ZKNTZkdk1URkZhRXNMUjlDRFZOS3o?oc=5
2026-02-05	Google	0.175	Bank of America Announces Full Redemption of Its Series DD Preferred Stock and Related Depositary Shares - PR Newswire		https://news.google.com/rss/articles/CBMi8gFBVV95cUxQc2djN3hUcUxlMVpUSjY3YXd1Y3Y0SGZaNEtNNnNlQklWRU12cUhtdzBBbUxtbmtWbDhIQVhNLTJ5eWRyVFVsSU15YUVNcE5yODVkZDV6Ni1hbkV0UWw3ZW9FeDBEWUktLXdISTkwYjBRcHdnLVlwc2ZaR3FpOG5SRGcyV3lzRHJyUnN1V19NZWlaNHNMVkJMZkNEWE1wLUUyYkl2R0J0aTNLZmM0eEFSN0lOWVZQY1YzcDZQMXVBcHFTUUFIRnJjYVpWMjlxYURzcTFlb09FMHlFbTg1T3BTc2lMT2F6Mzdpa1IyV05kdlI0QQ?oc=5
2026-02-04	Google	0.0	LSU hosts screening of D-D Breaux documentary - WAFB		https://news.google.com/rss/articles/CBMigAFBVV95cUxQZzJfZ2hxenNPcnIyYldiZUZGbUhSXzFEMjlYNE5iZUFtSkRYMDh5TWRBQTBoaTEwT1phQXItWWlITEU0Tmhtc29Gem9PZjY2SE94eDVGV3VfQXdmWWpobm5DMTdHUW1kNVE5bTZnX3dmR0dEeVhXbnRZajFHOGdhddIBlAFBVV95cUxPbTRvTmlXcEh0SF8yWTZUNE9BRGFnUzlNWjNBSmw5aUN4czhrTk1JVlI5RnU5Z25UaU1rZjhHLU0xR21Xa0dfRW9tQ0g4NnhpekdrUnJUMWg4VGRSTkZkQ05odU9uYVJ2NWZhaU92d2hweTBGX1pzWHJSaERrMG9YRld6a19GVmRzTWhaM1pvRVdvb09E?oc=5
2026-02-03	Google	0.0	LSU gymnastics to host documentary premiere featuring D-D Breaux on Wednesday in PMAC - lsureveille.com		https://news.google.com/rss/articles/CBMiwgFBVV95cUxQOVg0OWRxYzZacDNtelhHU2RwSlloSjUwcGtMYWIxdV9QWVVueThQRDNqLUh4c1JLTUMwUkZRVXBnZkRlRlFadDN3Q2pNUkNMU0VVX3Fublh4cWNIdWVEeXhELVBtZ1R0NER2M3NneW5sNlNtOEVBS3RvbGhYWERVNkpGUU5Qb0pZVGdvMHh5aVVOZWdCTFlqdGExWEV4NC1RTmVPMWRXelN6X0VKV3k2T0lmaFIwdFU2b1lmel9xWU5MQQ?oc=5
2026-02-02	Google	-0.05	LSU gymnastics: Premiere of SEC Storied documentary on D-D Breaux set for Wednesday in PMAC - NOLA.com		https://news.google.com/rss/articles/CBMi3AFBVV95cUxNSWl2aVQyS0FXOS1nLVViQ2NjV3lkZVNOT1R5M1lmNXczZExMT3BTaWdTNk9kZG0zU3UwSTBFN0RDQUN5QzZEZHRBN3RNOXhkcXN1aDl5U3ZSYUVEYjlpcW1zVmNSUGhEQ2I4RFpqWGE4Sk5iZTdwclZvSXpJZ2s3TFpLeUQ0QUVGbEVGVHNhOGpqUE1vRFZRV0FKWDVfemJtYjMtRWJJaTVJM2FMU1F1TjdHQ25iWTBDaVBFNkhjQlJoTU1UbGZSM3RYb0NnTS1qZWZWZTBqelpMaFNi0gHiAUFVX3lxTE4yU1B0TFoxcmFVRnZ3RVBJX29uWVdHZVYzUlh5VVBqclJFUnhhcHpSMGNPSXh6QWlQTzczQWdhUVdOX0NFWEVmTWRZWTVXMXdQS3lGQWpDSTlqSS14R2czd1dyOS1IOTdvN1c3ckR6Q3RYOUtQUXpOMTJlMU1LTzZOQk1iWmNjbHBpaXIzMTN5THo5RTkzNVNKTEZlRVY5My1haW1xbFlfS0JFcjNhY1FaSUNuRXFIYUlnRThqazRmTlFKQndYVW9OcEZCeG9iV2F4VTZwWC1XbnRwamd6WnRDZVE?oc=5
2026-01-30	Google	0.0	"Deborah Ann ""DD"" Barnes Obituary (2026) - La Porte, TX - Birdsong Cremations - Legacy obituary"		https://news.google.com/rss/articles/CBMigwFBVV95cUxOdXFjZUp4WWJxU1JJMFVVMUhPelJDZDQ5T1pRSU9PMi1LSWtub3RHMzhiOFFTREc5ck95OFl0ZmhwVklJY1VqY3BlaEdsQmFpWVdnekk1Q0xDM3RRNW5hS1NlWGRUSVBvVW9JWXJpWG1iZHBYaDYyU1JpN1lWakdCYjQ2MA?oc=5
2026-01-26	Google	0.333	Video - AFN Super Bowl PSA DD - DVIDS		https://news.google.com/rss/articles/CBMia0FVX3lxTE9LNlo4Y0xNYUpsWjNpVEo0ajVRckdsUXdRd21Gemx4M2NSaF9ZTXpCc25WcTNKZHlYUk5wUmRUNnlwVHhRN1FrMlA1cHdjVHZYeE91STdhZGh4bFhKLW10d2JSQkxpSDlzVDFF?oc=5
2026-01-26	Google	0.136	Nebraska DD waiver recipients claim new tool will leave families 'scrambling' - KETV		https://news.google.com/rss/articles/CBMiogFBVV95cUxOSnRXM2k0SHFkTHRiN2ZCblRSQUJpampqLXJEajN5S3FlNkhRUFZ5YUp5bERJWXNFbkdwdmxGeW44dGNteEFnN2ZBLXdjRl9UWWNGMmota1B3b0tjaHIxcGR0Vjk0dXBwcHZkSE0tTGRYUktya2FQV2NrVy1nMllzenF6VVBnV3h1VEJ2NXRhOW43bWhxTGxsbWQ2QnpsaTh0UFE?oc=5
2026-01-25	Google	0.012	LSU legend D.D. Breaux's 40-plus year career to be highlighted in new SEC Network documentary - WBRZ		https://news.google.com/rss/articles/CBMiuwFBVV95cUxQT3gtWl96b2tfN2JjTjFOYWVzZnhtRHR4V0t1aEI0eWVTV1MxaEZYZ3VQc18yMldoc3hWRnVjZmtzeFNMX25DOFRrdGVaWWM5Tm90RkEtcHo3OFpfSUJVUF82Yk15NjQ3UkRSRjJ0TzdvX3p3dTlyejFQVC1lM0VEWG5WTV82NDdENUhaRkJXTEpyaGF6RmV3elo1Vkp5Ukt0b1lUbl9hU2ZPbk5OdnM2b0o5cEFLWlFzLTlv?oc=5
2026-01-22	Google	0.7	Is DuPont de Nemours (DD) Fairly Priced After 36% One Year Share Price Gain? - Yahoo Finance		https://news.google.com/rss/articles/CBMigwFBVV95cUxNbk9nNzhERXdPVEVsLXJmVkZUSFJJMlRmc2hUa1FCQVI2T0c3ZlR1WWp5ZGEtYkx1MUJIdDc1bUpVd3prYXN3VkNOdTMwRGoxRHhYU2dkdGlnYi1rSXZSVklQT19YYzFQTVFTXzFGS3h1MlduZnM5WE0zQlFkSHA2eFhROA?oc=5
2026-01-22	Google	0.0	The Upshot: MVP Signings and Drops, DD’s Bobby Brown [Pres. by Pound Disc Golf] - Ultiworld Disc Golf		https://news.google.com/rss/articles/CBMitwFBVV95cUxNZmpucFFNNzJfS2VTeFV6dC04OVFlWHpHVTBJMmZPa1kwZkY0Tl8zdGRVdE9pN0czV0E4ejAweVJzc3pWTFRfcXV0eG9sdnZqQzM0TFE5cks1dkJTNno4WWF6Zk9ETl9BRmk4S0lJdTVJbFMwV2p5eC1sdmFpOVNmS0gxanRtNnJHTXhVQkUydjVJOENZYWZMWU9lOGcwdEE1WkhKWjY3STZiREd0ZnA4c2RUTk1hTUk?oc=5
2026-01-21	Google	0.0	DD Chilifest is back - irontontribune.com		https://news.google.com/rss/articles/CBMia0FVX3lxTE1JSFlsbW12c0k2YXYtdF90cktudm44T3NJVllsdlZUcE1KelNlU3FZdS0xT0xlN2Y4RDd3WWFiQm5PQ1lnRi1aWVlRQzJjTkVOMndsVE1BeGhkbGVXMWJHdnZ4M3kxRFV3U3pj?oc=5
2026-01-15	Google	0.0	Teledyne Acquires DD-Scientific, Expands Gas Sensing Portfolio - Yahoo Finance		https://news.google.com/rss/articles/CBMijgFBVV95cUxOSlNYeGNibUhiQWt1WWR0a3BFdFJkY2NxclVwOWlXT1F3RmRFMzA2Y0twYTlVVXA4Z1ZxY1Q5bC1HbmNLUTg0dEdMVWZZQ2pBSTg1aFI3Mmp3UkFVU3V6cWZVMEpJRXR0bHdDZ3d3ejlPVnE0UUNlR0tURG92aFpBX0hVS3JGSTE1Nm10bWZ3?oc=5
2026-01-14	Google	0.0	Teledyne Acquires DD-Scientific - Business Wire		https://news.google.com/rss/articles/CBMikgFBVV95cUxQR2JZd2RYTTV6dE8taHlocWpfX19hYkY3bEc0akN1X3FPX1FVSDZIV1pIZHF5WmNlSDA2SnJqYVgyVnVHMFRYUGtGRkp0VUNVUkoxRkRldzRENENGbFN1aWpoblBkcWl0NHh4UWJjVzJJY0hRZFdKcHhoZ29Da1BFcXNXNGF2TXMtUnZBMFM1M0ZwQQ?oc=5
2026-01-14	Google	0.0	Teledyne Acquires DD-Scientific - Yahoo Finance		https://news.google.com/rss/articles/CBMigwFBVV95cUxOcVhzc3N0WlhWTldfZVktalpVdnN5U0M2M1BwcXR0YUZXZVowNzJkUUxpenBodWtoSmVCYkZjX1VUcW5HcnRxM2gyS3JIZ3JFX2tKeERaMkNWN2lQSHBQSHVLV1dWdmJkSkVpWGJNczBRazBmaHRGRi13VWVUa3MyY0U1MA?oc=5
2026-01-14	Google	0.0	Video - DD Form 254: Issuing Subcontracts - DVIDS		https://news.google.com/rss/articles/CBMiekFVX3lxTE9lRUstaXBiOV9xenVHVUdFNDRBS3FTWVBzajVGdm9lbS1uVmZMTHZYb1V3TGw3SkZLTEpoSldMN2pwMWVONHAwRnJTeTVOV1JQOTlnaTVtQlNJblFDcHY3U09qaXVINDdvZVhlQVh2bGNqc1o1d0dyLXpB?oc=5
2026-01-11	Google	0.0	DD Chili Fest canceled for 2026 - irontontribune.com		https://news.google.com/rss/articles/CBMiekFVX3lxTFBlV3N2WkpxSDI1dWJ1d3RWdkJtUERBTXdIVU9qM2ZwWl9uQ1RHUWNBRGJNTjVOZ1c1YzFMUlJlZzBQMVVGLV8zbGJjTDFJQlhKcnd0SDdlbWdCRW1manZJN0dVbHJmUUcxbnpVT1VTYm9XeF9XLVA4cmpn?oc=5
2026-01-10	Google	-0.1	DD Fuego on Drag Race exit, Betsey Johnson collab, and disco-gate - Out Magazine		https://news.google.com/rss/articles/CBMiiAFBVV95cUxNenBIQVUwZTBHWm1fbzlqWHRCQm1Bc29JbW1tZGVHUWtJOXp0WjdxcXZELXB0QnRHU1dRWVhhU0FwNU5ieENIdTlCUXlLN24zQUdKaWdXSXVoRENDN0J2aS1JX0dEd3Joa2R3MTFNX3hSWWxtMjAwUGtMUEhyWnZMZ0FBWEcxZTh3?oc=5
2026-01-10	Google	-0.1	‘RuPaul’s Drag Race’ 1st boot DD Fuego on joining the Porkchop sisterhood: ‘They’ve been my therapists’ - Gold Derby		https://news.google.com/rss/articles/CBMimAFBVV95cUxPWjIxcWx6U2V0LW9MSWppWHpiXzhaS0l1eUVSaS1zeXRhS3dXTUdQN0l1QjAxMUtOMGFVS05yTGJ2eFNTUGw2QmJSSnJvZU9LUl9ULU5odnRsOTVQd0tzeWNoR1ZOSUhUdHNrWGtjQmU0RGZ5LTQ4Um5jU21vRkl1ZDItMFIwSWpvRzRDTGpiaGYtZDY1b0VwTw?oc=5
2026-01-07	Google	0.433	Dunkin’® Adds Protein Milk to the Menu and Teams Up with Megan Thee Stallion to Start 2026 Strong - Dunkin' Donuts		https://news.google.com/rss/articles/CBMia0FVX3lxTE56cFFMMkhJUjRKLXBWbWRENFhrUko4cG9nMVIyUUVseFM3UVh5a0FfZXhTRzlQOXpEMHBTVDJDU0p1SE10VVlSRWY5LURkdlh1ZUlnTlAwU0l2MTlGY000WFp1VEVVY205R040?oc=5
2026-01-05	Google	0.0	Garlic-YOLO-DD: a lightweight object detection algorithm for garlic damage detection - Frontiers		https://news.google.com/rss/articles/CBMilAFBVV95cUxNM3VhUlBYWkFtOWl4VTB1cXdNMnJta1k2OExKSElRek1Sa2pzc0JzMkdEOW94X2xrelN0SEJjVUVKNGpSZWpfVFB2Qm1oaWh2WFBVVWQweWUza09vUTBBUjhXX3hyM05zeVJmZDR2M1pTSE00R1llbzFBaVdWWXNYMW5RZGIxYU5WdS1JOEpMRXF3Sm03?oc=5
2026-01-02	Google	0.0	DD-USA PROVIDES UPDATE ON CYBERSECURITY ISSUE - PR Newswire		https://news.google.com/rss/articles/CBMiowFBVV95cUxQdHNpMmpNMWtOR0ZBaXBDRVhlQy1iRHZReUpsZ1otTng0ZWt4YUFaWjQtSXBkUlM5aG1NUS02bHJpbmlNLUxSaGtGb0QxVTFnYkhDR29nZUpOeWpkODcxZDNSdlRHYXNmM2Jqb3RGanA2cFJESXY4RVp3RU9UTkM1emRRVGVhSFFiRHp2bFU3TW9QZ1VGTkNxMV8xUGI1WWZiSVdF?oc=5
2026-01-02	Google	-0.1	EXCLUSIVE: Betsey Johnson and DD Fuego of ‘RuPaul’s Drag Race’ Collaborate on ‘Flame Shoes’ - WWD		https://news.google.com/rss/articles/CBMiqwFBVV95cUxOT001WDl6ZDlvSnNMZjl2UlR3empFU3FWb3RHRW15SFhtZ0g0cHlmYmgzREZOZU5SMlZFS0g3blRxSVAtMWM0WE81M0dQSmJCX1JscGZlR0N1Q3hIeFRueHZ1TTI3SmVyU251OHBsdDhGN3RGT1JJa0U3R0RxdUZpUTdRaWM0bnJ0Q3dvU0x2TUtjUkRya2xYbGNBUW1xTnhkc2pXU1RiaU5sOHc?oc=5
2025-12-23	Google	0.25	Parents relieved as Lawrence County DD school remains open one more year - WSAZ		https://news.google.com/rss/articles/CBMipAFBVV95cUxPdmtXdF81Q3Z0aC0xWGlELVFOZ1dsZ0U4LXRXZlpub1NPd3FoSkNKeEIwWE9XQ1VKZ3U0TzZ6OC1pZ0M3WmpsOE02a1JLRlpOUFRNaHhUa19EM2tMWU9iYi1pS3VubW9RWTB1MUtNd29oa2I3TDlCQ1hiV3d6bjFvVmdGeTdLRC10bDVadWNSOU1BSDhMRHo5OGQ4bkJKaFpKOFVhdNIBuAFBVV95cUxQYmVCLXNUaFVaQnU0aEJ4T2VsYzlXVlNMbzIwR1F3UWNOeTRTSFdUMF84bXRrWG1DOW9GblZ1WHQxZGxMN1ZXRWNkLVYtazJLeTFrSXZCTFV0REF1cDhDb3VMc3JXbTctN0pLUDFrVzc1WjJXVU9pQ2djNTNXYVI4QWcyc1Rnb2xxbkpZcy1tMXFsRVVGY28wRF9zUkhFY3JUNndRc2c0ZzNCRmNtR3YyWWw0S3puWjJL?oc=5
2025-12-19	Google	0.0	South Euclid police, Cuyahoga DD deliver holiday gifts to adults with developmental disabilities - WKYC		https://news.google.com/rss/articles/CBMihwJBVV95cUxOMmJvVkJ6Q3VtT2R4ZzVqbVRxX3RpNXBEYmw3RWlKVlBHR0VJeVhkOFAwcWVaM1dQTlo5VjJDcE5xY1ZWTmVSUUgwSEJ5YjRpaFd0ZEwxd1JkU3cyV0FzR05tbFJ4RENHd1FpQlNTSXcwd0s4RGlkNDBmUjAtWVBfaHlKSkhkbmNHV0Z6a2F6VEdWMUMyOFpYeVhEMWVYRDgwamxGNEtaOFlQd0pFMzZLUEdvTlhWWEoxbVFwQ1JUdlAyeUczYWQ0UXktZ2U2YkhhNTkzMUFka3NDaUZvOUpIYUVoQm8yLTcxNzlsaVdBZlI3a1FScXI4cWw1aC1JSVRJTzluMWVTZw?oc=5
2025-12-17	Google	0.0	Jim Cramer Says “Do Not Sell DuPont (DD)” - Yahoo Finance		https://news.google.com/rss/articles/CBMiekFVX3lxTE44bV9xMDhqOHRXVUdQalBwX2RrUkkwdWpMN1YxaDJIVnBEcThmYzd4Mm5XRy1VZHMxRm9BWVV6Q0F2c2hGd2l5ZTFabk9rckllbDRpbEFuSFU1YlJlRXRlZGFaRFF6VGY1NEM3MTRxNGpwRmY5a2h4X2pR?oc=5
2025-12-16	Google	0.167	Alamo Area Council of Governments — Support for Older Adults with DD and their Caregivers - Texas Council for Developmental Disabilities - TCDD (.gov)		https://news.google.com/rss/articles/CBMi5AFBVV95cUxNMkdWRFJScjlwQmFXNTJzSHh3VlAtZlMtVE9DelVGUno4SUwwLU15OTEwdUxRbHN5dVhpc2ZKeWNNazMwTHpDZXRFejM0QlF0SkZFUkU1cDZ4Q3hxYW1DZ1cxV0pENzFoYnJTWUlSb2V1anM0Wl9iLVhpakYzVG9oX3NEUUEtT2lCalk3VlVMdk5iNDdxTnUyaUFPNXBtbVdwTF9naTBrLVVTbE1MZGd1NGFaNWZ2YkNBLVZVN21lcUozd0VPYUdZeHpLdS04aXlseDlJSS1HNnhuTE9FOHVPUmQzem4?oc=5
2025-12-15	Google	0.0	How Investors May Respond To DuPont (DD) Qnity Spin-Off, Q3 Beat, and US$2 Billion Buyback - Yahoo Finance		https://news.google.com/rss/articles/CBMigwFBVV95cUxPaG0zLUtfbFZJajBhZ0wwZTl6RjBKSDZJMDB5RnlVbG1NTGtwQTJZT0tyOTlyS0hBSy1QbS1TQzVISW9ncWJiZU54ZmlRWC1VX2ZkVWljMGhEZ0JPcmFlbExBeXgwT0lJRFM1aUg3anVWYUk3dzhBekxfZmVNaS1YcUxpcw?oc=5
2025-12-12	Google	0.419	LSU to Host Special Premiere of SEC Storied Film “The Fighting Tiger” Honoring Legendary Coach D-D Breaux - lsusports.net		https://news.google.com/rss/articles/CBMi2gFBVV95cUxOdkpER1ZPd1hpNHZPRG00cTBZLWpmelRQdVBHR0lUZElVeXl0ZmpNMDBrM2xUcW5UTFItVzBjWVNFamxyenVrS21pVUZRTU9aU1ZlZkRTR1ZmSVVCamRqcmVvUXJHRlgtNkllY0x6d0VfWk9nYVJHeGl2anpVQ2s4N1JhNW1sQjdDang1Z0xFWFFiaGRiY2FsaHpENkwxaU5KTUlqSzZya0tMMmwwRWktUWoyV1JmT3dYQ0FZX2ZrUUtxejdfWjJUSW1ibWJudEVITGJscDdVVjNlUQ?oc=5
2025-12-12	Google	0.0	Mobile woman charged in ‘kingpin’ case took unapproved trips, lied about it, feds say - fox10tv.com		https://news.google.com/rss/articles/CBMitAFBVV95cUxOcFRVVnltX012OEl0VlpDQi1tenNLMS1TaVNwZktvVmEyUlI0dFBjLUdWMXVhOWh2ZWZ0dFFSamNGWmxMUjI4R244bUR1RFYwLUpMY3pkVUZkZHNud1EtS01iT0w3UC1aOF93ckpIckZpVzhSYWtIcUs2Q3E4cDU0NF9SQjNuSVV1azBvSkxOdVJ2MnR5MlR1QTFrbUhKbERSRTBqRXVaM0FLUWF3QThfWTJNZ27SAcgBQVVfeXFMTTc3WUZXZWZxT0NhME9SamIzeXdSQ21FUVUyMXk0eXZ4cXI5QzUzcjV3V0FFX2Q2ZkVONHJXTjRUWUoyVXRmdnM3cHU4Tmh4V2NMLWF5NmdlRFJYTkVuNVFkTjR6dGViUUxqNGRjRHNwZXFCWVYyQ2dFMk95ZlpwVkxTY0Q1YmVNR3ZLOXdrMHc2NGRhdGk1NXkwSFNYRFpVNnBBd1N5QlRWMGYzdmdNaG9FZ2RxcUJrbTdPNjlSblhyQ0lqUDdxT2k?oc=5
2025-12-11	Google	0.0	D.D. Lewis Obituary and Online Memorial (2025) - Legacy obituary		https://news.google.com/rss/articles/CBMiiwFBVV95cUxQYjNWb3VCVVFEWUFPcS1OcWd0MllHVUcwdW1oMVM1Zmo1R2JUNE5vaUdSVmNYaDYzdnVtZkZKNGlQZDhVd2NoZEpySnFFY1VlWlo2Um5EQ3hoS1U1blU1ekxYdm5aalFnbE1YZ3Rac2I2QVY1aXk0bkkyZnhjUzBNeHRHdVJSRGViX0Nr?oc=5
2025-12-11	Google	-0.1	SEC Storied: “The Fighting Tiger” chronicles LSU Gymnastics’ D-D Breaux - ESPN Press Room		https://news.google.com/rss/articles/CBMivAFBVV95cUxQV09XRXQ3S1RLZHpsNFB2T0NhN2RtZl9wbkk2Q3lTR01vV1dyRXRXOWhaRXM1MF95VHVuZnBZUS1ZakZHX2lXMXVxUmRDVFJONDFRQkxXbHlEZ2RoOEw5RUhaMUJhRzUyVGFGR0RlR18ybW1VdUhIcmtqRVpoUW4zZmxhaDZId2RCWEJSMGstWWRMcVkyTTFUNVQzcE92QlBWNFZEOXZYZnl5VGlMM2ZLZUxkQ193eFZFaktaYg?oc=5
2025-12-09	Google	0.0	Assessing DuPont (DD) Valuation After Recent Share Price Drift and Cooling Investor Sentiment - Yahoo Finance		https://news.google.com/rss/articles/CBMiigFBVV95cUxQYW1LYkllTEFIU2FjN1NRR29sZzZMaktYLXgyamVoc1VKMGFZVmp1clVOR3NNcnJ6bW5wamRsU2YwMHVDTUt2NGQ0cnQxb2FSTWc3SkxEQkFXT2VxaGN4cjhNdGZnb3ZtazNmVnMwSVp3cEw5QXUtbFNQaW9BRTNGaExKNGpJYW1RQkE?oc=5
2025-12-04	Google	-0.432	RuPaul 18: Mideast-origin DD Fuego 'is Trump's worst nightmare' - The New Arab		https://news.google.com/rss/articles/CBMijgFBVV95cUxNQTJTTVYwM0tFSkd3NHk0QUt1N2Y5QkZKck5fZHNUeUxpMlJTV3FJdERpWmZCOUVFRzl3Q1NVdTYyXzloLUNqRURRemFDVDhDT1VmdUdoWlNaZDJKQUY5X0tITzI5V3VIUElZck1VbDBvdlFnN2NuSlptWVNldloyLWZ2OTNpNzdYRHE4UUNn0gGTAUFVX3lxTE5ab3lhY1MtZ0VJaGFUZ01lUFZtVmUtRXUwMzZiSndGX2ZTb2kwckFOajdha1VNM0pwclVFQzZNNXBSbHBvRWpvUXFuTFRVSGRNRDRlM3V6VWRrelNkTDNwQktWYTlUMkNvbHJPNXV1azFIdG5hS0ZrbDJaN1RqMmdUSmxENDE5YXdtU2o0dG1jelpFRQ?oc=5
2025-11-21	Google	0.136	DD Mau’s new Webster Groves restaurant opens with expanded menu - Sauce Magazine		https://news.google.com/rss/articles/CBMirgFBVV95cUxPNGJBZHRFYl9meFJ3ZG8tdnpPT1NBUTRiSTlTM1UwOXo3czQ1cV8xQTcxZVBoZVhmZmZBZkd0TXZaNnBPMUhvZVFqM1ItM0pvQ19BYkNORTBUdlVZZThaS2dZYTNiMWUxSWszZEh5ZUF5MUJDaVpHRlpMX1lnN0xpaGdnaXl0RHp1cXkxRG93b2hIbDBPSUlLSTlxdXgtTUhreGpENFhVTHRMaXRmM3c?oc=5
2025-11-19	Google	0.136	DD Mau opens new Webster Groves location - St. Louis Magazine		https://news.google.com/rss/articles/CBMie0FVX3lxTE1obUV0T19lNlV5SFI2R29YM3AyUjVNcl80SjF2WDl6T1hpMlBza3NzWUQxZmJhVnBUMWplY3hMRzZ2TjdSZVZnRlVabHUyOXBzMFBPamtrSEZCZEZUeFk2VnRmUFJLc0FzNzRubzRMWmZXejNhaXlUOUFQcw?oc=5
2025-11-19	Google	0.0	Call for proposals (restricted) — EuropeAid/185125/DD/ACT/YE - EEAS		https://news.google.com/rss/articles/CBMisgFBVV95cUxQRzNxaGVWOWxoNk91Q1dTRlAzVV9wcGZMVHVUSmFhLVN6cl9kV1VVQjd1bnVjUkFyaFZ5dHBMeXZUM2txbXRaeGU0WWdqQ2lvU3RGWVBxdmZHcjloLUNtVHRoN3VaMFcxQzJsX0FwT1V2ejdaM3FfVi05ZE1qN3lTc0UyYVlVTjhJMFF2bzl5blJlejd0elJhdG9lV1JoTGQ2S1lvNnZTaHM3aVRrbWdmWnZR?oc=5
2025-11-18	Google	0.0	DuPont Breaks Ground on MOLYKOTE® Lubricants Manufacturing Plant in China - PR Newswire		https://news.google.com/rss/articles/CBMixwFBVV95cUxQN3dmRWVXTDBPSVc2UGFYWkQ5a2VuN293OGFZRHBiTExsTkk0b013N2I4WkdjaWRUcG5GU3JBWXM4V2dFeC1OSDI2UF91bG4tSTVId0pEZFo3RU5tMEo4V2dRbzNTQmtDQTFrc2N0am9CeDZsRXAwcExWV1JEZC00M2dyTkY1Z0ZTZ1FOVE52b0ZCdUxhMGd5NmVJSFZELW9ZajV2OGUzRXBsOG5yYy1BZWFGVWQwX0UwOEFKcHVBM3lCdHFxSHVr?oc=5
2025-11-15	Google	0.0	DuPont (DD): Assessing Valuation After Recent Share Price Volatility - Yahoo Finance		https://news.google.com/rss/articles/CBMiigFBVV95cUxPLTNQWThvQVJYazVlUXVNQjk4ckQtV3NxS0ZQc3FLdHBRc0x5SjNsVHNGZ2E3OV9YZ0ppU0kyY0lXR3N5cTBHOGVOZHllSGc3eTVQb196M3R4cHI0cEhPSHk0TmRRLVJwbmFqTExJUHRaZE8wNnZHU2htdk1JSU5oS0YtYnhLLWlZbGc?oc=5
2025-11-13	Google	0.0	Jim Cramer Discusses DuPont (DD)’s Share Buybacks - Yahoo Finance		https://news.google.com/rss/articles/CBMiggFBVV95cUxQRllUbWdzNENlNW9LLUxLUFFkTXJTbzRSZURWNGZPcEpsYnR4bEo5N1dzM0dlSXJyUWdFSzh4cFAwVDJWV29TZEhEVGRrd3lnZUpSc0F0NEN6Vkg5WlRpSTgzTEg1V3VTck5lbHNSYkJGSVp5WWNxLVk5OXd6cEFnMFJn?oc=5
2025-11-09	Google	0.175	Is DuPont's (DD) New Buyback Plan a Smart Move or a Sign of Underlying Challenges? - Yahoo Finance		https://news.google.com/rss/articles/CBMigAFBVV95cUxQZ3JhUEVualllSG5PckNrb2Y3UFBTTHZEajR3Tkx3ZnJNbjBVTk15LUYzclBnRHI5V1ZLMnRHeXRxeEEteWFucmVYRlVLR3dMSzJHc1p3MG55RkFpRDQta0p1N3FDWmN0ZlZJb2J1a1A4NkhxcEVOS1ROYnFnRERQaA?oc=5
2025-11-06	Google	0.433	DuPont de Nemours Inc (DD) Q3 2025 Earnings Call Highlights: Strong Organic Growth and ... - Yahoo Finance		https://news.google.com/rss/articles/CBMiekFVX3lxTFBpa1RULTY0bTNJWlotZ0JSWGZ4d056V05sbm1PM1NGeG04cVUwSlhxeXg1Y19YYVdJVFBTVWtZT1BsMWpDLTh3bVlsWFRTaXQ0czZ2TGNKazNkMmRZMkJvSEZJaUQtcUpIZjctMUQycVNpa3c5MThxOHFB?oc=5
2025-11-06	Google	0.0	DuPont de Nemours (DD) Q3 Earnings: Taking a Look at Key Metrics Versus Estimates - Yahoo Finance		https://news.google.com/rss/articles/CBMigAFBVV95cUxNd0xuam1ZcFJmN2ljQm5SWGZHV25CUmpObHhyVllTSGVQWXRfUVNvdTh2VUlJekJtbEpVbFRLYXQ0SUlJZlhKbHN4NFN6LTV6bFE1QTNZM1JjUVE2LWxEVWhEOTBOQVduX2REYmZKc0lyMFBrZEh1TjhGMmFOc1JLSA?oc=5
2025-11-05	Google	0.16	DuPont (DD) Hits All-Time High Ahead of Q3 Earnings - Yahoo Finance		https://news.google.com/rss/articles/CBMiekFVX3lxTE9TbkdERGY0VHM2Slh1OHdrWnY3WVR2ZkpGNjNtZ1AtMEZSV0ZQbGppMGljUUQzM254TU5Sd1FnMEx4eEo1Z3F4Z1RKbE9xNFluSy03NWFZNS1XeF9HblVzNVVZZHN3a2JNRGJKVXI4Vmh2bE5rQ3JhWDJR?oc=5
2025-11-05	Google	0.0	Gear Up for DuPont de Nemours (DD) Q3 Earnings: Wall Street Estimates for Key Metrics - Yahoo Finance		https://news.google.com/rss/articles/CBMie0FVX3lxTE91bExJWGt0YUxyY3ljT2ZTeXhnUmZvbjJIZmEzS19VbW9lQ1drNlhkMlRUZDJobUdUbW14TzBQeEZZMzA2bWp0MHdxX1BreUpnck1LZzlfME1aa2VlZGd6bEwxRzY0bFh1UEJyU0VTQ0M4QW1Md2pqOGZ1cw?oc=5
2025-11-05	Google	0.0	USS McKean II (DD-784) and Asbestos - Mesothelioma.net		https://news.google.com/rss/articles/CBMia0FVX3lxTE01RWFzcFpNVkdMQ0ktTUFWSEhMbkRTbmVOVTFaQlo3T1lIS3ZBcXNHdDFBMEUxelp0RVB1Unp0WFVuMUNSeVJjNG9IVEpJcm9PQ2FqNENieFMzU2ItZExEaHZjTmpfejVHeDlv?oc=5
2025-11-04	Google	0.2	'Absolutely thrilled.' Stark DD levy request Issue 1 approved by voters - Canton Repository		https://news.google.com/rss/articles/CBMizwFBVV95cUxQclRXNWdGVU9Ca2xRam9NUE9yY0M2enp6UzhfWkFmQk9LSFdnOTBHSWVxamRmaWRmZDJGbnBNdkVwUmJ1Zjk2eHU2eGhxSXJSQUhNYUtVNGhxVVdoVkRZRTVGajZMTTNOZUlzUlBBS2hYVEZyVnIzZ0szcm9LTWhPemN3SFNFa19ENmhSOFdHTkx1N1BYMk9fQ29hblZmQ3ppTVRlQlJOVERRNUtFRnJKeXhnbG54X3JrMTJCZE9RaS1sR3NaeThTdm94dVNfc00?oc=5
2025-11-04	Google	0.0	USS Ault (DD-698) and Asbestos - Mesothelioma.net		https://news.google.com/rss/articles/CBMiZEFVX3lxTFBCN2FHSnpqUEhVaGdDWGs5MnhPZU1yZDlYZ2RFczlkRWtWU0RhUTY3R1RuTFZwVWk5alJUZ1hmVUYtVDgxbGRiRWo0dkJOZXYzNzkzbTlxQ1NTYzB1VUVLTG9naUU?oc=5
2025-11-03	Google	0.136	DuPont and Hohenstein to Launch New Testing Protocols for Body Armor Comfort and Mobility Assessment - PR Newswire		https://news.google.com/rss/articles/CBMi7AFBVV95cUxNM1dFVkxOT0IzeWtSSEZUb0tRelZvd1hGbVg2cUhNMFN0RHhGNW1KVERLaHpTRFQ0VkN4RnZvZmoxUzFncWtWcXZ1XzZYaVdubzdtYXF4aEtQRXoySGVZakNwQmlOTW41RGtjS0ZWT0VvYlZ4SHl0N2ZLNGRLbC03UnVzOS1QYnVkcVd6LXloblhFTzUySF80Q09VTnMxTGpZa0NhbENydkR0QW1ZbURTRDlldWtiU3FIVk85QXdGd3pseHI4VmlNSGtNaFdMWmoxd0JSd09uMTdvcTNrZEg0aUViZjEzOUhQb1VoTg?oc=5
2025-10-19	Google	-0.2	'We need those services.' Stark DD seeks additional funds via Issue 1 levy request - Canton Repository		https://news.google.com/rss/articles/CBMi4gFBVV95cUxNejBPX09wZWs3MmhVWEpSVXJBUWQxdnFwb1BFVW5IaVp2NUdtZ1c0YVBsekNCcDJGV0xUbEozOGRrd21XbE9pV0V0ZFE1NjZDaG5wZGt3cEpuV084MlZDOEh0ZFVVbzVYbmZKNjM2VHpkWHllQzhZcjdrMGNSZEJmdzk5LVNHOFpEam1pSGlsWFR6eENwdmJoMmV4WW5tQkJIa0lFb25WdUhqQVVIc0xaRWd6MEg3VE9UWUd1ZmVsQzdUc1pNT2ZEd3BwMlhGeUI3MlMtc1h6a2VMTTN3QTlDZEVR?oc=5
2025-10-05	Google	-0.2	Stark County DD agency seeks levy support on Election Day | Opinion - Canton Repository		https://news.google.com/rss/articles/CBMivAFBVV95cUxPMVc2Mm16dnJ2cEp0MjAtUU4yR3BBOHE1UGlNZWl0WDlGNVJxZHlPZW1ESHNKUlZ5SzdkVnQ4RjJ4TWZGbnREcllmT3lhc1RveVBCRk5XNjFESGtvOW93VnpWbzNQcmFBWkdEaFE4dTRlRGZqZEJYTzFJWXdkZ09fNGhGelp5QlQ2eExWLVMyaFZnaGUyTC1JQ3NBcG1YWDVMRDA1TGlhR2c3TUFKVGJpeHZKYVkwalFUY2x6Rw?oc=5
2025-10-01	Google	0.0	Bio-Rad Launches dd-Check STEC Solution for Food Safety Testing - Lab Manager		https://news.google.com/rss/articles/CBMimgFBVV95cUxPd2VwdUxkZ1ZvYmpqTHBObTVsMnNzY1ZTNnM1OFI5clg2U0pnZDZ0RG1TczJGeDlOM2x3UlFfY2RwTzN2dDJ2SDZPU1F6WWZuZTMwZ3ZaaGNHU3BpTXZpaHJpcDVubm1mSmRYMDN2d0RHTHlkRFVrZkpKSDhveFZ3STRMVUNMa1AxTkZucGxyd1FmR0FDbk5OLVd3?oc=5
2025-09-24	Google	0.0	University of Maryland football player arrested, accused of DUI - FOX 5 DC		https://news.google.com/rss/articles/CBMifkFVX3lxTE1ZenB2U1FZUjBESHdRVDF5TkpjOE5iM19UVFVpRTdtendrWnE0SWFiZDVaMEtTcVpHeGxIcXpHM2JsY2YyMVB2eTZIWXpYbmQ3b1NiY24tQUFGdi1qQndwS3V1SHU3VEpHRGExdHpIdVVNa2w3STFlTkZkeVpJd9IBgwFBVV95cUxNTjA3UmtPd2p1N1RMc3JLV3BBdXN4SVpVd1RpTG44TW43b2ZuQXV4VnFDUnBSMUh0S0dWZ1ZvbW9ZS1FvMC0xNDBuLUZaSURIOVRIb1BJODAwdHVKTUNYVmlmSnlxb3BHd0ZETmdVV1BGSXgxQTgya3Z1WTJ5YkIwX3FHdw?oc=5
2025-09-22	Google	0.15	5 Key Facts About Medicaid Coverage for People With Intellectual and Developmental Disabilities (I/DD) - KFF		https://news.google.com/rss/articles/CBMiyAFBVV95cUxOUFJqLXc2NGY2VXdWRHBTVFF6bDVTM2dPYXVpZFowYUFCc0ZzQnh0eFgzTXVVQVhUYm1QZWpyWHVnOFdSeks1bkdTSjduaFNCNzJKN2hXc1FOd1c4dEVnN0pMVFBkRGU0ejhsRFhHd091ajlieFNQQk1SR1h6Tk92WEZoLUNhQ2o1dE9zUzFFY3BXcHhEQnlkeGstVXctYmIyeHhqRUxRaUVMc05oeDZhT2UweFhJY181dzhYVjV6QXRWT3VzRHU4MA?oc=5
2025-09-21	Google	0.417	D.D. Lewis, a charismatic linebacker who played in five Super Bowls with the Dallas Cowboys, two of which the team won, died on Tuesday. He was 79. - facebook.com		https://news.google.com/rss/articles/CBMi0wFBVV95cUxQd1VkelFUTGxPSTdnd1dReldJVUIxYlFCT1VtVGZXajhHZ3doc2JkSTdTRWhrNnNXMXNCWkg5NGNLTDNoS3Q4Z28tQ19nTUd0NnRoYUpBa1FXaktwRDJDQXVtMzlYVldlU2pqZGxHLWlpV1JIenhKUDZnZlR2cmt2OU5jbThsLXEyRFR4V2pUTEVXei01b0J4QmNhNHBYd042dTF5WXFDX19fWGZlRmJGRUtGa0JnOTZFRF9xUVFObHFIX1ZzbFpOZGgyX3cyRjdnMklr?oc=5
2025-09-21	Google	0.136	D.D. Lewis, Durable Linebacker for the Dallas Cowboys, Dies at 79 - The New York Times		https://news.google.com/rss/articles/CBMieEFVX3lxTE1YdkJDeVdLQ3IyYlQwQ2ZNUE9zWVFFOVhFZ3JlakxLdURVeGdFZFZhdlFWWk9zVzhpUFNlZXl4WTNUT2ppWV9FZ1ZKcVpVc3FtdUtldmZJNzBWcEh3bGlCc1FGV2VCRkpGWlJSWjdtOE4tN1dxSDA3TQ?oc=5
2025-09-18	Google	0.5	D.D. Lewis: He was a football hero, but he was much more than that - Mississippi Today		https://news.google.com/rss/articles/CBMipwFBVV95cUxPVlNKeEZyaERsTkp1UmM3bHJoNU42MDR2UjRKQkpTWU5Lb1lCWTBmTGxHeW1xdC1vT1lMNS1tRkpWS1hqcEQtcm9kR0ZNUEFULTRpOG9TazVpZnRjcTJLOFlXdm0wNURxLU1lOFktUUpuMTg2LVhheXJzYzFmWTNNZ0ltSWtaUVRxREpRbFZtVHFLV25TaV9EN0o1dWZLckNuNmhfSTFtQQ?oc=5
2025-09-18	Google	0.0	College Football Hall of Famer D.D. Lewis Passes Away at 79 - National Football Foundation		https://news.google.com/rss/articles/CBMirgFBVV95cUxObHRiZ09EWi1STUpkYXhTVDZtZ2ozSERPMEtMbGpaZmlIVlVmRFItSnZNczZNRm9ab2JEX2IyZEJyMFFpaVhxSUl4dUZCMUt6c25MUHBCVW9QMEtZQzNBbzdGcHNuQ0JjVERHVUU2Nm1VOXZKampJVlRZSzJBRU9XN3RoaGZNR2V2UURoUUNRRzMyUnhtVkd6T3IwUzVLNHFqMHU5Nng0cTFJTzFMaUE?oc=5
2025-09-17	Google	0.65	Dallas Cowboys great D.D. Lewis dies at 79, credited with iconic line about Texas Stadium - El Paso Times		https://news.google.com/rss/articles/CBMi1wFBVV95cUxOMXRtVUpJQ2lHbjhOenhsYzVmNGpkakJZRG54dmsxU1IwYzI5eExSSGFWTldtdXlfOGZkSDl1MUpvanQwV3NZbi0zSXJ5aTUwS0dUZ2d1RjVIWXBTTXRXdDRweDhGSkx6Nm54NVZiT1JvVURlUE80VG5ReE9hUms4TUdSSXh0UEVOYURRQmZEYkdFQ3JldkloczdqUm1MVFBVY2FDME1fcW5hb3hrRlN1Q0hkUVJWZ2d4V0NocTd5TkowR0RvMmRWc2VVWDBwcGNXdFNfaTJicw?oc=5
2025-09-17	Google	0.333	DD Lewis, Fulton graduate and two-time Dallas Cowboys Super Bowl champion, dies at 79 - Knoxville News Sentinel		https://news.google.com/rss/articles/CBMivAFBVV95cUxOS3JqZzNKNEI3bmQyN21ERFVRNmpub2FtQ2xBYjZPanludzdwVjF0TXFLVlFGd2lQVC1ZdlU3UjFnWHJGbGU1UU0tTDhITVI3ZG9pcjhHR2lObHRsNmZXcTdIalU4dTZwNzFqT1FHa1RrdFViRDRnU01YandfMFhGWUZveEhRNnotV3ZNUVRmUktZdnAxeXNpNUYzYW9WRnBTZGNNVnpLb2JvNVRPZG5WUkl6V0NzWE0tUGlUSQ?oc=5
2025-09-17	Google	0.333	DD Lewis, Mississippi State All-American, Dallas Cowboys Super Bowl champion, dies at 79 - The Clarion-Ledger		https://news.google.com/rss/articles/CBMi4wFBVV95cUxNYXhfMVBMRkI4ODRHNE0xN0xwLTBlWlJDSGFpclpXVlR4Y3NYbUFaMXdEVGRuSzNoVy1rd0R5Q2NyUkdTdGczU0pVTW5BS184T3dNODk2U2VWZzNreDlja2FrVTlRc2lqa24wV1cwd2V0T0YwaWVFX3h6MF9KM0JuNFp4aFpCUDFFMkdiUmtkT3lRU3NuM2FVRnI1NktGUXlLMEhrZ0Vmdk5OcE1XbDhQOHFZb0prUnRMM3U2ck5zcHNJaFhJeVMzTUNuLWlEQXp3cnZqSGxybWFUMXhVS2Vfb3E2aw?oc=5
2025-09-17	Google	0.167	Former Cowboys LB D.D. Lewis, who won two Super Bowls with Dallas, has died at 79 - Dallas News		https://news.google.com/rss/articles/CBMingFBVV95cUxQdEVlU1NYbzlNV0NmNHhPUy05Sk5BZFVVUGRDc1hFYWw2SnlmTXlFaWtkSUMxSW8wQjhjcy1aY3I1LVVYdkhPSEYyRlFIYktmSjU0U0xEbjlHM01JbDd1ODM3UFp3MWlFeVRVNklNUXQtNzBNVDY1c2U0NWhtUXBycVhMMjdndWxvakZVckVyTy1SZjVva1Z6YnF1UTlEdw?oc=5
2025-09-17	Google	0.0	D.D. Lewis, Doomsday Defense cornerstone, passes away at 79 - Dallas Cowboys | Official Site of the Dallas Cowboys		https://news.google.com/rss/articles/CBMilgFBVV95cUxONHhneW9UWUllaVUyUnZEaUwzUTZVb3kzLVZKekpTcm1qYmxBVVN5VmZIZ0tjcXA4ZWI2YXNaWkI3aFE3U3N1elhEdHBmZlFBdWQ5U3FtMnBHUDVPVE83NWg5MXpySW04VHQyVGNSajZpazNwT0ZlNVM3dXFWdDdSTGpHTWJDZGp4cTJWT1BEOHJXMEQzQkE?oc=5
2025-09-17	Google	0.0	NFL legend and Knoxville native D.D. Lewis dies at 79 - WSMV		https://news.google.com/rss/articles/CBMigwFBVV95cUxNeUVBR29DSEpEbklIMzVsUXR4b0N6QnA5bjBla2JQalpMNTdaOGd3NTNhcVhhMVNabE1kRDdwek5YQnhLRkt3TXl6YWlrbDlfdW9ZTjZMRnl3U3lSc2J0S2Z0N2J4R3NUbEdtUS1VRUdidzFERGJsOEFaRThFVEFiSzZ6a9IBlwFBVV95cUxPcU92N1QzUGd6OEpBa2VUbmV4QjNyLTNBVlQtU2xxMWxTRnJ4eUo0eVh4ZHdBbkRVUzFtaGthNjhZUGJpM2JUYnpIYXNWcW5MN1hQbDd2V1I0YTVISUlUWlNFaEExRWJHSXN5S0tHNXJ3aVExeFRsc1FreTZLaUUydEVibXc5RGllaTA2T213Sk45dEcwUXVV?oc=5
2025-09-17	Google	-0.1	D.D. and Don Oberhelman Make Sizeable Gift to Madden Center - gopoly.com		https://news.google.com/rss/articles/CBMiowFBVV95cUxOeWc2REl4N0JISTVna3JjbjNkSU1pQVRQT245cHJYeEtMNmpXQzQ5cW5JX0V3ZzlNTnplMGVmLTFwME8tLXBDYmE2OXRsa01CanZwRzdCbU1GeGZFUk1rT3ZlRkk2MmtPdDVNRk5mSmZSYjZaTkdoODhCZDNjQk5RSE1pY01BSEkyVDNSaTFsYkFNY2liR3NNQlo5TU9ldjEyb2w4?oc=5
2025-09-15	Google	0.0	Advancing Community Inclusion for Individuals with ID/DD: History, Challenges, and the Role of Caregivers - Autism Spectrum News		https://news.google.com/rss/articles/CBMizwFBVV95cUxOY09EXzI0eGV6NEhiWWZuZXpkSW9UZTZmNFc2dlFuVDRWYlVwekxONXRzdWlHQnE3ZDgwS2VPNnUyMVJCZmZFbmVDNkFfSVNWTWo0aURVQ1VZM21GYlNBQkg1Rk9oQmNULUFhQzlxcERfWFF6RENHR0ljUFkySm5fOHBsSHFPWG1FWm5ZRjRuanJheS0xbG9XNDgzR2EzTHkyVXhQWVc5MHV2S0Q3WElYZi0yc1hrclJDQkY1S0xNbkhnam5UelRZMXpPbWkxaDA?oc=5
2025-09-10	Google	0.0	KOAR Study Highlights Promise of dd-cfDNA in Kidney Transplant - Docwire News		https://news.google.com/rss/articles/CBMimwFBVV95cUxQcDBsVVQ5bEZDM2pZQlJlVHg1a1JwTVBCeDRzeFFZQV9fV2dwMEhPNHg2dzVRMFlmTGZfbnBOMjBGUm1zNWsycGZJWGNCd2k3WWF5OTE3SFRFYUNLb0hGcFZuQm50VEk0UVBkcFQyV3RmdXhLWmhGTWJrbXU5ZHdHLTEwcEF1UnBsUmRNWS1SdHFWdmxRek5PUEVqZw?oc=5
2025-08-28	Google	0.0	DD214: What You Need to Know - Military.com		https://news.google.com/rss/articles/CBMib0FVX3lxTE1DU0ZPMWJRNHY2emRXSlo0Und4bFhpNzNZWkNIRGVPOFJFSVFURXpfc1B5dEpxSlI5UXRpekhnQk9qZi1vWlNHako2Z2pLYi1iOFl1TnRqQ1VPX3RCZS1uZFY3alhYZmV2cDdyUTQ4UQ?oc=5
2025-08-07	Google	0.25	Elevated dd-cfDNA Predicts Higher Risk of Graft Loss in Kidney Transplant Recipients - Docwire News		https://news.google.com/rss/articles/CBMiuAFBVV95cUxPbEFFMUlDRjJKbGx6TnVNV2VOc3FTcUpSYnhhaVJsT25OdzdZYzFDaHNVTHNISDNYRTJJVXdMX2hHczlTaTR3VC1UZmVuMjdNTXlPOHdjdFJtbTM5ZzBkd1lSYVlQZENiSEdEZ240ODBfUzM5SlREYUxYT1lkOWtpUVItY3Vhc2lMV2tzNG5wN3ktaTJlczVZN0ZmWlpmeWtKejEtaWNpQmlkQThGX2tnUmhZUE01dVMx?oc=5
2025-08-01	Google	-0.077	Stark DD board pivots to new November tax request that costs homeowners less if approved - Canton Repository		https://news.google.com/rss/articles/CBMi4gFBVV95cUxPXy1Nd0tPZjROTGtnaHZETHZ1TWNRZHUycDZqc1p5dUZxYmJYODZJV2xhT3AtbXRUQjF5MkNMVWFrQjYyS25raERZcUc1SV9OMzdtX3A5Q2s0TWxpdEJEVmx6Q0xBTVZrMW9LenozMEotN25tUE4xS1lwY2JUOERsWEZzNzc2a3pZUmgtT1V5WElkNEhkbVJRQ1JCT3phNGtpbGRlZWpyM0ROYjg2U2FQZG5yc2pyRkpGaWE1Q0pWUXpfbzVKVVREcVBpems1bFhUVXZnNzJQeDJwMl9jdmVFZy1B?oc=5
2025-07-29	Google	-0.2	Stark DD board asks Stark commissioners to place tax hike on ballot - Canton Repository		https://news.google.com/rss/articles/CBMi0wFBVV95cUxQcTl5YnlQcmRrOHFoYkNwYUpCOVZRaHpyRmtKejgwSHBXd2x5ZWRKajlObURxTVNscDVESjU3NWtnb25VMEd5cEdtUkFZbGVsWTdyZ2JVTzBVMDR1VTRsN01MSDQzU01nY3dfVnMwNEdXZWxhTEVUMjY5dUR0NjI3d3Y3MXdSRmJkRGctQ0RwV25EcmtZMHNLbUhoajZuLUJGY1BqbUh4N2tEVVFJSWlDbUdsb2RKSnNnN2tWb2twSU5zaGdYSkJzdXVYWWZGdFh3LVRJ?oc=5
2025-07-27	Google	0.0	DD levy approved for ballot - irontontribune.com		https://news.google.com/rss/articles/CBMidEFVX3lxTE0zY0pHT3g5Snd6TzJNWlNzT0RyNlczcmtVeG9PVExITjBwR0lsTDZEbHhrazZHTFJDSWRvYUx2dXI0RjlSTVJQUUh1cmF1VXBHaVF4MlhieUZ0bldmd3dQUEZlTE5jZVNCMUZweW9IdzlMSmd4?oc=5
2025-07-26	Google	0.0	Double DD Meats hits 70-year milestone in Mountlake Terrace - My Edmonds News		https://news.google.com/rss/articles/CBMimgFBVV95cUxQQmV2eGh4Y05nMjB0MFo4N0tPYmIxMTJnRjNCOENuOExJLTJCbmRoeDhCcDFRUUdBeXVRbnJnSGQ3WS12bldqdWJuZkJJUktxTnlDbGRVY0FralVPa0xFM2J5UGVpNkJWS3FmeUd3QjQ2Q2FUal85b3dEOU03bGphZG1oYzFuX2gtNGR2SVNpdDdZRGltRE1ya1Nn?oc=5
2025-07-17	Google	0.068	News - USS Duarte (DD 901) Retires as the New USS Duarte (DDG 250) Cruises into the Future - DVIDS		https://news.google.com/rss/articles/CBMiqAFBVV95cUxOeVRDV3RWYnROcF93VXZ6T3VjbE1FUVRYeGs4Nk85RXN2eHVTc2hUbXVkb1I3RDY0ckd5N1AyWHQxVnhSZjVjQUNyUmpqOTdWZFY4M1dDWTFLbmhIWEFvMC1IUEFIWmtZd1NMRTNuZlczbll0dzlKRl90cVlzVURjeTJkbkJ5Z2Foa1FSd0lXbjlNOVI4b3llSHZlUl9DRTduMnhhUkxOZDE?oc=5
2025-07-15	Google	-0.1	Integrated Care Strategies for People With Co-occurring SMI and I/DD - National Council for Mental Wellbeing		https://news.google.com/rss/articles/CBMinAFBVV95cUxOYTM1Y0YzaU40X0ZvbnVQOGVERFoteVRYVGhCRnc1MEZBUDJiM09EbXA2dU51M0k0LUZ0S25YeVhJQWNEY3FnaE4zVHkxa3lCTmNadzRFTGE2Vk5PQUxxSDlKTndRMElSb245dFJiS0NEay0xRUt4WmRjU19Kd3IyWG1LUXZkeGpRSVFNVTFZTl8tZXlRNTV0SG5Ld0o?oc=5
2025-07-07	Google	0.0	Diagnostic approach to elevated dd-cfDNA with reassuring EMB in heart transplantation - Frontiers		https://news.google.com/rss/articles/CBMimAFBVV95cUxOaEp3dzFmSXVkMWJhRG82Vmt2TElVbElZd2FFS2JmVXBrc011U1ZrcDJONFRTQUxGTUpXZlJpdjZLOE9UOGJuYWVJanUzUXI4T3p2enMzbU1vcGtYVTFiUTBHUXBHTGdtamdtM3ZKWmEtNXFYQm00MHVBWllBQWtFZ293TE9GajdJV3NUTmRnTjc1UXloSnhRUw?oc=5
2025-07-02	Google	-0.2	Jonathan Ransom and DD Sibrian Selected to MLS NEXT All-Star Game - Atlanta United FC		https://news.google.com/rss/articles/CBMikwFBVV95cUxNYVdWNGRlcHBBa2pTd2NCbEl4UkQxNW9tdkx2MVNjUlhFSk5GWlFXM1ZQaWx3QWs1WndnU0gxV19SXzVtZWRHMUZhSXRfWkN2eUdyMU1MMWJHd0pWZ0p1OVE5X0ZmMzRsSVBwNFlwQzJ1OTlocE9FdU0wa1NfUVNxMXJiamg0U2xzMVVKb2s4Umw2YUk?oc=5
