Date	Source	Sentiment	Headline	Summary	URL
2026-03-17	Yahoo	1.0	2 No Brainer Energy Dividend Stocks to Buy As Oil Tops $100	Oil pushing toward $100 can make energy dividends look irresistible, but the best picks are the ones that don't need $100 oil to keep paying you. Here are two dividend giants that have already proven their payouts can hold up when the cycle turns.	https://www.fool.com/investing/2026/03/16/2-no-brainer-energy-dividend-stocks-to-buy-as-oil/?.tsrc=rss
2026-03-17	Yahoo	0.245	Does Chevron pay dividends? When & how often?	Chevron Corporation (CVX) is one of the biggest dividend stocks in the S&amp;P 500, consistently returning billions of dollars to shareholders through dividends and share buybacks. Right now, economic uncertainty in the form of tariffs and geopolitical tensions can create opportunities for dividend ...	https://www.thestreet.com/investing/stocks/chevron-dividends?.tsrc=rss
2026-03-17	Yahoo	0.133	If Oil Hits $100 These Are the Energy Dividends You Want to Own	With WTI crude sitting at $71.13 per barrel as of early March, oil remains roughly $29 short of the $100 threshold that would dramatically reshape energy sector cash flows. But the geopolitical landscape is shifting fast. The death of Iranian Supreme Leader Ayatollah Ali Khamenei on February 28, 2026, and escalating U.S.-Iran tensions have already ... If Oil Hits $100 These Are the Energy Dividends You Want to Own	https://247wallst.com/investing/2026/03/17/if-oil-hits-100-these-are-the-energy-dividends-you-want-to-own-2/?.tsrc=rss
2026-03-17	Yahoo	0.1	Takeaways From WSJ Reporting on the CIA’s Dealings With an Ex-Chevron Executive	The executive’s involvement offers a window into how Trump has embraced the energy industry’s playbook for dealing with autocrats.	https://finance.yahoo.com/m/01b31a29-f745-3b42-a9bc-ff072d096b77/takeaways-from-wsj-reporting.html?.tsrc=rss
2026-03-17	Google	0.0	Chevron stock price forecast: Multiple funds increase positions as CVX climbs 1.47% toward $200 - Traders Union		https://news.google.com/rss/articles/CBMilAFBVV95cUxQYl85aHlpcGNnTHBfZ3Y0NjRaVjJzVV9lR3BoNUtpYUN1UFpRSzA5Tm9xOEtuQXNDUVlFWlc0Y1JTTFQxdV9ySW12emFhZkhKRTNGV3JZeHc3RFFVSDJQZElSMmxSTVJKaE41RzFhRlRkTUNmaGtEZUtRdWFkUXlTSXNXb2NpWjRNbm82SlFFbUpWaE1k?oc=5
2026-03-17	Google	0.0	Did Middle East Tensions and Supply Diversification Talks Just Recast Chevron's (CVX) Investment Narrative? - simplywall.st		https://news.google.com/rss/articles/CBMivgFBVV95cUxPLXdjdS1VVy00Q3pfRHhiaEh4cDVmWkFPSFFGTkNvZl9jRW5MMmwtSldsMThhSWxKUC1UelRhQTd4STBpaVFJUFdldFQ3NklxYVNPTVZGS3IyOHZnYkNYOHY4YVI5M203ZVJEdlliTlhlWWFpUnZfT0FNY25najVMT2t1OWdJa214enY3b2F6cUZ4TFpGLXVNRi1QUmtqb3VpM0NlYUZZbWt0LUtkNEFXTDhTODdFZm1CbUU4bWFR0gHDAUFVX3lxTE03dHRLNWNZdDV3bEswdGZfYlhkcC05WjdmMDNlUng2LV9vazFtOWQ4VE9RUmNnNGtEUEVDN0EwTWUxcGpWTW9oN0NtaUJNMW80WWNrU3ZlQWE4WHNGUkxteHE2NnFhbGloempXUE1qSXJDS25OWTI0ZXJJcFNmeFJ3cHFPdGVHYjNiY3NEMjJlazduWkUtZjFXd2lmNi1IRkZwbjJRWTZZOE1ScjRiTG9pRWNDbDBtanhjVEN0NEVaWkVzcw?oc=5
2026-03-17	Google	0.0	Does Chevron pay dividends? When & how often? - thestreet.com		https://news.google.com/rss/articles/CBMibEFVX3lxTE15Qno2Z1RRdWd6LVhMbVg4azJJT0s4WHpzTUQyQ3dKZjhEUURxSzlkNmZTU0Zhb2FnSTY4V3d6NWJzVkV1a2ZxdmljX2wtSU9CaVdDVUtlN05JSm1LNHZaRkVmNU1ObXdQQUZXbA?oc=5
2026-03-17	Yahoo	0.0	Update: Market Chatter: Oil Executives Caution Volatility in Energy Markets as Middle East Conflict Continues	(Updates with responses from ConocoPhillips and the White House in the sixth and seventh paragraphs.	https://finance.yahoo.com/news/market-chatter-oil-executives-caution-101015785.html?.tsrc=rss
2026-03-17	Yahoo	-0.104	One Tiny ETF No One Is Talking About Just Soared 289% on $100 Oil	WTI crude is trading around $78 per barrel, up sharply from roughly $63 in early February. The catalyst is geopolitical: Chevron executives warned the Trump administration about potential disruptions around the Strait of Hormuz, and Barclays and Piper Sandler raised their price targets on Exxon Mobil with expectations of oil stabilizing above $100 per barrel ... One Tiny ETF No One Is Talking About Just Soared 289% on $100 Oil	https://247wallst.com/investing/2026/03/17/one-tiny-etf-no-one-is-talking-about-just-soared-289-on-100-oil/?.tsrc=rss
2026-03-16	Google	0.433	AI Models Split on Chevron (CVX) as Valuation and Technicals Meet Strong Fundamentals - TipRanks		https://news.google.com/rss/articles/CBMizAFBVV95cUxNaGNGQ3FZYUpfT2ppRjNXaFYxalM0Zk9sWFhTYUctbGRJRk9wQ3BKaFIyZG5oX0FkNWIxU1g5elBJOVJoeEM0NXFfNTA4RG1WOWo1NVozeEFUdTRoQ2FXUFhZZmxJUTRGa3B3STRwVVVWRHVBbzZMcFBJeTNJOUNSRWwzOTJJcFVvWU1ELWctYl9zank2NXIzeDVVWHR2WUhKWmw5UkNkUUxwRHNFR251ZDZ4UXBGaDNzMldPbmN4NWl6UlpqSFhUdHotYjU?oc=5
2026-03-16	Yahoo	0.4	Sector Update: Energy Stocks Rise Monday Afternoon	Energy stocks advanced Monday afternoon, with the NYSE Energy Sector Index up 0.6% and the State Str	https://finance.yahoo.com/news/sector-energy-stocks-rise-monday-183733167.html?.tsrc=rss
2026-03-16	Yahoo	0.374	The Schwab U.S. Dividend Equity ETF Has Surged Over 12% in 2026. Its 3 Top Holdings Have Been Major Contributors to Its Rally.	Some of the top dividend stocks are having strong years.	https://www.fool.com/investing/2026/03/16/the-schwab-us-dividend-equity-etf-has-surged-over/?.tsrc=rss
2026-03-16	Yahoo	0.288	This Schwab ETF Holds 100 Dividend Stocks, Charges $6 a Year, and Yields More Than Most Savings Accounts	Schwab U.S. Dividend Equity ETF (NYSEARCA:SCHD) costs $6 a year on a $10,000 investment, holds 100 dividend stocks, and currently yields 3.39%. With the Fed funds rate sitting at 3.75% and most high-yield savings accounts paying in that same neighborhood, the yield gap is narrow. But SCHD adds something a savings account never will: price ... This Schwab ETF Holds 100 Dividend Stocks, Charges $6 a Year, and Yields More Than Most Savings Accounts	https://247wallst.com/investing/2026/03/16/this-schwab-etf-holds-100-dividend-stocks-charges-6-a-year-and-yields-more-than-most-savings-accounts/?.tsrc=rss
2026-03-16	Yahoo	0.281	Top Midday Stories: Oil CEOs Warn Trump Administration of Worsening Fuel Crunch; Meta, Nebius Sign 5-Year, $27 Billion Supply Agreement	All three major US stock indexes were up in late-morning trading Monday, as oil prices fell, though	https://finance.yahoo.com/news/top-midday-stories-oil-ceos-153735483.html?.tsrc=rss
2026-03-16	Yahoo	0.158	Chevron Hit With $1 Million Penalty Over Invalid Clean Fuel Credits	On Wednesday, Chevron Corp. agreed to a settlement with the U.S. Department of Justice (DOJ) to resolve alleged violations tied to renewable fuel credits under the Clean Air Act's Renewable Fuel Standard program. Regulatory Settlement Impact Chevron agreed to pay a civil penalty of just over $1 million. To remediate the violation, it retired over 2 million renewable fuel credits valued at about $3.6 million. The DOJ said Chevron disclosed in June 2023 that from January 2022 through August 2022,	https://finance.yahoo.com/news/chevron-hit-1-million-penalty-013018122.html?.tsrc=rss
2026-03-16	Yahoo	0.133	Chevron’s Libya Expansion And Iran War Shock Test Valuation And Risks	Chevron (NYSE:CVX) has secured a new exploration block in Libya, expanding into a high risk, resource rich market. The move comes as the Iran war and closure of the Strait of Hormuz disrupt global oil flows and trade routes. Chevron is reshaping its global portfolio, including asset sales and restructuring, during a period of record oil prices. Berkshire Hathaway has increased its stake in Chevron, as the company trades near all time high market valuations. For investors watching NYSE:CVX,...	https://finance.yahoo.com/news/chevron-libya-expansion-iran-war-090940850.html?.tsrc=rss
2026-03-16	Yahoo	0.068	What to Know About This Obesity Drug Developer That Just Drew a New $7 Million Investment	Viking Therapeutics develops clinical-stage therapies for metabolic and endocrine disorders, aiming to address unmet medical needs.	https://www.fool.com/coverage/filings/2026/03/16/what-to-know-about-this-obesity-drug-developer-that-just-drew-a-new-usd7-million-investment/?.tsrc=rss
2026-03-16	Google	0.0	Banco Bilbao Vizcaya Argentaria S.A. Grows Position in Chevron Corporation $CVX - MarketBeat		https://news.google.com/rss/articles/CBMi0wFBVV95cUxPMk1ISFVBc2VhX1FVSWtYaXE4c0FCUkRWRWxmbmRnNlBJc1JHVldvc05hMHRTck5xS1gyZjNSUU41UHBSS3E2TjlHVHYxVm5oeVVYdWdyel96Z0gzMmh5SEs4YlNWYk01MW5LdlhUVkdLM1ZpaUZ6ZHRSd0VXNFkzdlRwWlE5LUNGaFIwNTBpS1djV1FVekhYOGFrMDBCcTRwVUVWZWprV1laOFVJeWJaMFVjZjJqRElGM0VIaVhKclhzTG1YaHo3RGtsVlhtdmQ5cUF3?oc=5
2026-03-16	Google	0.0	Bank of Nova Scotia Boosts Stock Position in Chevron Corporation $CVX - MarketBeat		https://news.google.com/rss/articles/CBMiyAFBVV95cUxQS2ltMGhMTXNaZWtkMjJoNC14MjVoaXlubV8zQnRTaFRvR2VTU204emhsLVdxdlJCTUxEN0pqYmxDMnV3THlTWldUcFVNcFhWemxYTGZ0N2dxbF9HU2dvMzBwX0s3d2Z3M2dmX29oNHZDOWVxYWY4QkVyUGhQZTQ4Z1VWeld3VU9nSTRXdFdac3RuTDA3T29ocGxvdUt2eVMzSHJvNUJCZXgyUndqVkctZFN6N3kxUHVpZHFCUEZ6WU8yS1MzMlBXTw?oc=5
2026-03-16	Yahoo	0.0	Chevron Advances Cyprus' Aphrodite Gas Field Development	CVX moves the Aphrodite gas field closer to development after awarding Worley a FEED contract, marking another step toward unlocking Eastern Mediterranean gas resources.	https://finance.yahoo.com/news/chevron-advances-cyprus-aphrodite-gas-122000437.html?.tsrc=rss
2026-03-16	Google	0.0	Chevron Corporation $CVX Shares Acquired by Ausdal Financial Partners Inc. - MarketBeat		https://news.google.com/rss/articles/CBMizgFBVV95cUxQMFdiRHhJcHUxZl9SZXZKdEwtenVVaDZTUEc0YkJoMTN4QnFZWFBaVGwxTUoxZnFzSHZQREdZaW5qb0Jqdm92ZW1rbmNJcFB0ZGs1YVpoemVNOTZSNkJVUXhaTDVUX0I0QTAtaWpJVWh5ZXJ5R2xYX2g5QUIteVFuQjBMWlNKelJjLTFxb3ZESHhRVXZySTJnQzJ1emJSWE9OZFFkcmlrdm1XVGxhQ2VqLTBNSXF3VXd2TjI5aWVVRmU3bW5jS1FLYlN0TDY1Zw?oc=5
2026-03-16	Google	0.0	Chevron Restructuring And Aphrodite Project Recast Capital Use And Valuation - simplywall.st		https://news.google.com/rss/articles/CBMivgFBVV95cUxPMWtXc3NUQlBJZnQ1WmRjYzNaU3IwY1F4XzUwSzFxNUt2cmZCWDNaUVJ3aHpBbnZ2MVZVX3pyVV9qS0pvamh1UnRmMjhQOVZmWlA2NGlZWHRuUmU1UXc0Y3p5ZnFCaFVUSWRwbHZqWDZjcmdBTnUzX282TjNOZzQ1bm9KVGhTamY3TEVNaktOZkNJbjU4Zm8xZVdrTnlaZkNOY3NuUGRhX0NWQThlLWUxRHU0Qk92aVZIaHJaTzNB0gHDAUFVX3lxTE1SZVdZM0Fxd25jdjhhVnhMdVNUTjlNMmhWVnV3VzVkV2kySVkyTUU2Uks0N0FQc29TQlJPUTlhV0EzQWczNzhsN2plVDdybFhsbUJfWUFRYWIzTXFQSDFpZjQxOW95bnBuRWMxeEpnSmQtWUJWeDhZNGxFYTR0QUVkRWJ5SW1uR3dJZlZYSHljdnpFaGc5TXRrOTc3ejhtd1p1cjVtODJYQUJvdXRfaUxsWXNYekNBR2xlMVZhcUMzSVNWSQ?oc=5
2026-03-16	Google	0.0	Chevron’s Libya Expansion And Iran War Shock Test Valuation And Risks - Yahoo Finance		https://news.google.com/rss/articles/CBMihAFBVV95cUxNbnJoR3duNEJrQW5QWTgzeXJ6cXFMYmVjbnVELXhmNEVJQl9ocjhMNDBwWmNPU0ZCcTdPY3JYQnZoS0tEaFYzcmg1ZC1VWjZUZDhULVU3bEtQbHRwX1JrdTQ3TGhleXFWZ2M3SnhZNHF2WW1vVHFHb2d2eWJXSWd3S2c0cEM?oc=5
2026-03-16	Google	0.0	Elevation Point Wealth Partners LLC Raises Holdings in Chevron Corporation $CVX - MarketBeat		https://news.google.com/rss/articles/CBMi1gFBVV95cUxPYXNoR0hiUzg1S3lBQ09maEpMY2g0Zngya2RtVDNpRldxNzBnSkJrYjRwZVhLX0x3R0Rqd3hha2FveHJZOWY1UzhUd19iSzMzUDBzc0xzYkpaa1N1eWlJWjdFbmhNMDVvd25sTVRpNWZmWElGcThEb2ZIdTJpRzM1TzdOQW5BbTJIS014SjBWdVVvR2J3QkhHZWRlWmZwRU5DdktmdS1QZGIxei10bUVvcXJ2bVNjS3drN200OUxZSHNMSllodlp0a0RiVjhHZ3Rac0ZJQ3Fn?oc=5
2026-03-16	Google	0.0	Fayez Sarofim & Co Has $1.10 Billion Position in Chevron Corporation $CVX - MarketBeat		https://news.google.com/rss/articles/CBMiyAFBVV95cUxNN0hUTTU1b3JpZVl0eXpOSElXOGJmUXNFYUhXWm5nLVp5QmNneWJaMzlSRzJOdjg1UWRrOEFQdHpPS09RTm85emwtLTN4bTRIZDRTZGtKYXFYRFdsbHhWZUJDYzZNLW5KeEF0dFpvNTVVVl9FWVVSMjhHQWV5U1FMaUlOczlfb0JQUVFROW5ZcWRwRmt5dU9DeklkQV9ONDNZZm93OHdwYVB2NlFEekFRUWZFY3BVYnBIcFhwbGgwRzFRdF9zNFVxUg?oc=5
2026-03-16	Yahoo	-0.071	Here's Why These Experts Say Buy Energy Stocks Rather Than the S&P 500 Right Now	Bank of America's equity and quant strategists says U.S. stocks look historically expensive relative to oil prices, except during Covid and the Tech Bubble.	https://www.investopedia.com/here-s-why-these-experts-say-buy-energy-stocks-rather-than-the-s-and-p-500-right-now-11926840?.tsrc=rss
2026-03-16	Yahoo	-0.2	Energy Crisis Unleashed By Iran War Likely to Get Worse, Oil Execs Tell White House	American oil executives delivered a bleak message to Trump officials in recent days: The energy crisis the Iran war has unleashed is likely to get worse. In a series of White House meetings Wednesday ...	https://finance.yahoo.com/m/87c70dc8-7f44-3f49-8479-9021ec07c929/energy-crisis-unleashed-by.html?.tsrc=rss
2026-03-16	Yahoo	-0.2	This Biotech With a Breakout MS Drug Draws $8 Million Investment Amid 30% Stock Drop	This biopharma firm develops therapies for B-cell malignancies and autoimmune diseases, with a focus on oncology and immunology.	https://www.fool.com/coverage/filings/2026/03/16/this-biotech-with-a-breakout-ms-drug-draws-usd8-million-investment-amid-30-stock-drop/?.tsrc=rss
2026-03-15	Yahoo	0.146	Chevron, Shell make stunning Venezuela move as Iran crisis deepens	Chevron (CVX) and Shell are closer to inking major deals as the Iranian crisis looms in the backdrop. Both energy giants are inching toward some of the first major production agreements in Venezuela since the January political upheaval, Reuters reports. This led to a massive opening in the ...	https://www.thestreet.com/investing/chevron-shell-make-stunning-venezuela-move-as-iran-crisis-deepens?.tsrc=rss
2026-03-15	Google	0.068	Capitolis Liquid Global Markets LLC Makes New $47.04 Million Investment in Chevron Corporation $CVX - MarketBeat		https://news.google.com/rss/articles/CBMi7gFBVV95cUxNaThhbWlKWWFBV2V6cjVtVXNZU05HUEJoMUVtdnFTbnZJTnRhUjJIMFJKT0M0WDFORmowLUJBeDZsX1h2eTg0ZzFvdFJzZkxYQWkyQ1BQTHJXZzRndnNvb1NpUjVuVVNVd1NGUGRLYXNKdGZqQnVZWlh1U3VaNmYyMnpINGlzbFVSc0wzSzB0MkhkenJWczZnNWN1SEg3STdpdUs3d1NNYllZZTNwV2w1LTA2TXFDcVN3dUUtVHhFX3c1QlpCNmhOd0tXcUJSWWVrNUk3M2g2WWRmc0xQNERObG9kVGwyWEtWU3NTLXNn?oc=5
2026-03-15	Google	0.0	Aristotle Capital Management LLC Sells 27,990 Shares of Chevron Corporation $CVX - MarketBeat		https://news.google.com/rss/articles/CBMi1gFBVV95cUxOR3dCZ0pIRGQ2R3hLVkhJaTAzVUN0M2tXbDZkN2lkNy0xZTh6OEhQMGFrbl8tN25Sa0ZRb1laZHlTX21mcEVGNDV6YmZESlE3Z3I2OENfN1JwaUJBOFo0Z292LTIzQm0tclo1RV9MU01fWGdEc1otQW5fT19JbHJrUjcyODlBRnNieVlQRXVfTFlTN3BnUXAtZm9od2FEYmdmcDc0UC1NSzQ1d1h6UnRpSS1vZUNYcGxzM0NuUEhBVnJtTmM0SWxjTE9zU2JpUXcxNzlwLUhB?oc=5
2026-03-15	Google	0.0	Barclays Raises PT on Chevron Corporation (CVX) to $180 From $172 – Here’s Why - Yahoo Finance		https://news.google.com/rss/articles/CBMijAFBVV95cUxNTW5sUTZCc0MyQUdqNEJlQ0xXNGprX0hoTVozRmdXZTVsUFVlOGNJWk9NUllTb084cDdyRk1JWWJEMkZfT3BzMWtGbnpISGN5cnA0VzJSdjhlSEF1WUNHOW5UYUJ0ZVpLR3VHc3RmTFBxM200Q0JLakNoSFhXRXdNRGVtajc1TjlMaXRnWg?oc=5
2026-03-15	Google	0.0	Brevan Howard Capital Management LP Lowers Holdings in Chevron Corporation $CVX - MarketBeat		https://news.google.com/rss/articles/CBMi1gFBVV95cUxNcDlNcFlUczF4ZW9mZWVoclVGM1ZCV2tSMWJEMEdUcnJrblJUYTNQd2xuWTZGZ1pUZHFTb3ZLYkRDNDNBTENROVREMm9JSDNRSTF4Rk5IUHh3UTZPV2QwVmNZeDZzeHAtM3VWUWJLOXp5ZGZlcnlwdXZPckhqQUg3bFh1V3NiWGdXUHRsY3B4S0xKY3FucGNlTDhIdzI0eXg4Y1ZUMmIzSFJVVWJnOGdBdTh2bHJFTXp0X0pNUjhxck1MVjdkVzZQNEI5ckFyUE1qdEpNcVVB?oc=5
2026-03-15	Google	0.0	Chevron (CVX)’s the only company I would buy here, says Jim Cramer - MSN		https://news.google.com/rss/articles/CBMi2wFBVV95cUxNeGZnUXJ0eFZSOVBVQ3FOanNId3d1dC1iaDFQYWEwSlNKemFVSzFaZC1Td0tIS2tvbHpGZlRoWG80encxVmFNdnlkUEJzOWFXOGh0ZV9OZVlsYmIya0d4OWM5Ym5EZHBSRWVQUjF1Nm1LM29XZFB5azF0d0Q1QXgxcVRhX0hoNXE3dzRnQ2ZVQXlsaWs4aTljRTY5cTVMcERHajRRWlVsb0ZtUHFtMXAwb0tLX2x5ai1WQnNWV3hZTVFKQ3FEaFlfTGZkaTlyMnVvVmpTWkhpNFYyZDg?oc=5
2026-03-15	Google	0.0	Chevron Corporation $CVX Shares Bought by Chilton Investment Co. Inc. - MarketBeat		https://news.google.com/rss/articles/CBMixgFBVV95cUxQa1VnZHFSeUl5YkVrN3JYTVg5Q1g1LU9PWlQ0ZDJPQU1OaHhLeVJZckRhQ0liN1ZxSWo2YnJmaUlRNFVsSm5WSjc2SmtOS0Frd3FZbWJkUGlBQUhiNV9rSHM0SkNUTVM5WktVUzNOdktGZ0hHY0xyVmRhZllxdVNkY0drWEx4TUJJVm5fT1ZzOE9HNGptY3RJLVlUcFU1TjNCSHhTUTlDYUltNUg0TWxkbDJxdnV5LUVNeVYzRURiYVBmckU1WUE?oc=5
2026-03-13	Yahoo	0.5	SSL vs. CVX: Which Stock Should Value Investors Buy Now?	SSL vs. CVX: Which Stock Is the Better Value Option?	https://finance.yahoo.com/news/ssl-vs-cvx-stock-value-154002418.html?.tsrc=rss
2026-03-13	Yahoo	0.2	Chevron Near $200 While Oil Tops $100: Does CVX Merit a Buy?	CVX jumps over 30% in three months as geopolitical tensions disrupt oil supply. With valuation now firmly above ExxonMobil and Shell, investors debate if more upside remains.	https://finance.yahoo.com/news/chevron-near-200-while-oil-125100302.html?.tsrc=rss
2026-03-13	Google	0.16	Investors Purchase High Volume of Chevron Call Options (NYSE:CVX) - MarketBeat		https://news.google.com/rss/articles/CBMitwFBVV95cUxQZ1ZsWGVOdy0ycWtJcUhKMkNhbUZxQi1iN3JUUmVhQWxWRUJfVnVYbW14Vk5ZUFF5cnAwUjFoVFltUzdoTVNXeWlOOEhnVnlDaE1PUldnWm9wQzhxVzJsSlBSM2FIdGMzT2d4TEE2Vk9vZjItaUhnNElwbmwzeHhLcjZKdFplVmRZQTYzQXFKS1lJeDhpOE1ESkZvMWVRZlBaUTlUMWNlTXJTb3hYUGRiWTZvd2dXUEk?oc=5
2026-03-13	Yahoo	0.123	4 ETFs That Are Worth Buying For $100 Oil	Oil futures touched $100 per barrel this week as Iran’s new Supreme Leader Mojtaba Khamenei vowed to keep the Strait of Hormuz closed, the waterway through which a fifth of the world’s oil and liquefied natural gas transits. The International Energy Agency called the conflict the biggest-ever disruption to oil supply, and Iran’s security chief ... 4 ETFs That Are Worth Buying For $100 Oil	https://247wallst.com/investing/2026/03/13/4-etfs-that-are-worth-buying-for-100-oil/?.tsrc=rss
2026-03-13	Yahoo	0.122	Energy is no longer dead money — here's what investors are really buying	For years, energy was easy to ignore — a laggard, a value trap, or at best a tactical bounce. But this time, the move in crude is colliding with a different setup in stocks.	https://finance.yahoo.com/news/energy-is-no-longer-dead-money--heres-what-investors-are-really-buying-172553987.html?.tsrc=rss
2026-03-13	Yahoo	0.103	How many employees does Chevron have? A look inside its global workforce	For 150 years, Chevron Corporation (CVX) has been one of the world’s largest companies, a major employer, and a top-tier energy producer. It's also one of the 30 stocks included in the Dow Jones Industrial Average, America's oldest stock market index. It’s involved in virtually every aspect of the ...	https://www.thestreet.com/investing/stocks/how-many-chevron-employees?.tsrc=rss
2026-03-13	Google	0.1	Chevron Near $200 While Oil Tops $100: Does CVX Merit a Buy? - The Globe and Mail		https://news.google.com/rss/articles/CBMi1wFBVV95cUxQV2lUNW5NbEZHUTdEY2ZsSXhjNGRnejlzY1ZJQzd2ODhzRjhvUk1KQ1Q0ZEtnT2RFUURGM2F6NTBKTzVRR1dCS0tKek1rQnNOdllkeE1yamxoYVozT0FaVC1tZEY5a3Q4NEZFTktTNDE3TDZpblhfdVhJV2padDVVQkFXLXRGWnJRdEtFNVFCX09sQlNlbmEtd0tMVjRydERoZUc0SEdJcWdsYnBwbTFCdFhzbWp4ZEpnRFRjM2NmZ3lRVXlZSkJqbG43elhnR2RDX0pEVk5xTQ?oc=5
2026-03-13	Google	0.1	Chevron Near $200 While Oil Tops $100: Does CVX Merit a Buy? - TradingView		https://news.google.com/rss/articles/CBMisgFBVV95cUxNbmNaekctd2tuY0pMMXNab2l2NktXYUVVYzloUm4tZzBNeFJxUG95S3o0clVhaV9CXzBxNEppZXlyc3NxYVczVEpGRnFvZGNBYmlTNUx3cWRzaE8tTE42VEZXSDZiNktJcjEwR2c4YVRPaXc3dnloWE9TQjVDbmJwTlR6MmNOWkpmYnhCVDg3RjhRRWJ0WFM3dzFNbWxFd25kZjA2WGFQYXRNclI2R0tsM3ZR?oc=5
2026-03-13	Google	0.1	Chevron Near $200 While Oil Tops $100: Does CVX Merit a Buy? - Yahoo Finance		https://news.google.com/rss/articles/CBMifEFVX3lxTE1FSjBkZHdtTTE4bGxCQXRUeFZBV1RQYjJCaFhJWlZXdDB2OHVtRktpNThaZzRmSVNySkFDTE1saGlqWEZIaHBUVVhFblA3Y2F6cHlfb0VoNmFrUDFlUUw2R1JyLXpTRmhjMjhpelViNFVrb1lnZURRY0JXVFE?oc=5
2026-03-13	Google	0.1	Chevron Near $200 While Oil Tops $100: Does CVX Merit a Buy? - Zacks Investment Research		https://news.google.com/rss/articles/CBMingFBVV95cUxOR2lGd3hGLUhCMXV2SmtuckNUWDFsQ2FMVDJaNGlRUkU5djRVVlpSX1ZCTFlxcFBhOUVaUFVsQTJiLVpSb2RPSUNnOXg0MzNfblRtanMwMmNYSFhFblpHY1gzYXhNUUx6TGZ4ZlR0dG1kelEteThfTDdxZ2s1dGJ3Z1FnMUhUcWFlRVVEcEpBNElDTHhpLXZmcHVpWUQ3Zw?oc=5
2026-03-13	Yahoo	0.093	Why investors shouldn't chase oil price spikes as the Iran war continues	US stocks (^DJI, ^IXIC, ^GSPC) are seeing gains Friday morning as oil prices (CL=F, BZ=F) pull back slightly, but remain at elevated levels shy of $100 per barrel. Morning Brief Host Julie Hyman speaks with Bullseye American Ingenuity Fund portfolio manager Adam Johnson about the geopolitical uncertainty that continues to influence the global oil trade as the Iran war approaches its two week mark. To watch more expert insights and analysis on the latest market action, check out more Morning Brie	https://finance.yahoo.com/video/why-investors-shouldnt-chase-oil-140928047.html?.tsrc=rss
2026-03-13	Yahoo	0.007	Markets are reeling from high oil prices. But that doesn't mean more drilling.	The war in Iran has sent oil futures soaring, but analysts say the run-up in prices is unlikely to translate to more drilling activity — at least in the short term.	https://finance.yahoo.com/news/markets-are-reeling-from-high-oil-prices-but-that-doesnt-mean-more-drilling-100038037.html?.tsrc=rss
2026-03-13	Google	0.0	CVX is charging into a two-decade resistance line —Here’s what happens next - FXStreet		https://news.google.com/rss/articles/CBMitwFBVV95cUxOX3dkQVdrdHI5TnJpRTVURjdFQUwwUEVDSXdqb1J6Z18wSUFrWmxPWm5BaFRuSmtsLUNnOS0xbUl6Wm9OMTctbmRaelJwbzJQUER3ZUdJcnQ1bGFtRWJaX3hKVEo3Sm1UTUR1X1ZmR3NuZEpBWlZITXdJVzFRVjVsQ3RPZlJ4VzdLMXpLX1RhQW5ucXZiM2ZRejczTmFGU3hOWVIzUU1QQkQxMWxJTEZfdlhpSmhfYUXSAbwBQVVfeXFMUE56Yl9ZOURYQU5va0V1TEtYX0o3WGpUOFBRZFhhT3lFUkx0MUZtWlFqakVIaGlmUDZ6NTVxcEJfczhsX0xQSENqWWlIaWNtTjVoLVh6SWJqRUM4U0pXbXZ2R0F0VGtLeXVydE5zRkhBYTVjWnFWVHJlTjF5SmE3cWNmelJLclBQcGZwRDgyLVZKSVhxVHFDa2ZPWUEySEF3M09vNVNwczJYNVo4NnJJRFdWTTRWVkk2SlRHaWU?oc=5
2026-03-13	Google	0.0	Certuity LLC Has $3.63 Million Stake in Chevron Corporation $CVX - MarketBeat		https://news.google.com/rss/articles/CBMivwFBVV95cUxNNzl6emdwOEVqZWdzcU5XbHZWMDJ3NHFzVkFFUnU5Qlc4RmJ6YV9FSjl4b2tPTm1iRHhnV0dKOUVtbUQzU3pPMWZfUWplMVZHakxaa2VzcVpISVA4REpTbnhSblFfbDdOWWNmUnlPSm52SjhuY3l6N1AyUXJiOHlPRjJNSzRBQjZXTFVidTVHakJHNjh6Z1ZxLWtrcEZqWHdpTGgtc0w0VS1oOUoxVEFLU05QRnFGSmpVLTR1VTZ1MA?oc=5
2026-03-13	Google	0.0	Chevron Corporation $CVX Shares Sold by HITE Hedge Asset Management LLC - MarketBeat		https://news.google.com/rss/articles/CBMiywFBVV95cUxNUXZlOS1yVk5uYnpJeHVUQUVWUkJRUVBGd3pXQmxTUlNFMHUxOURnS1J6YUppQk5fSm01Z1dtMllHUmFLS0Zxd2VnOTZJTC0yOVZMSUhjZk1YTU9INnk3RnhKa3YyQlJ6bUUzbXdJNnN6bHRRZWFOTmh4aXE3T0VfVHIxd2JhVWpOUEdvS2lYMm9EVXR2ZENtaHZUcUx6bTV3YjUxb2VvX2ZsU3pTVXNLVXV6WG9iNnhnXzBIa0doeUVYTU5SOGkyOGhxRQ?oc=5
2026-03-13	Google	0.0	Chevron Corporation $CVX Shares Sold by Tocqueville Asset Management L.P. - MarketBeat		https://news.google.com/rss/articles/CBMiywFBVV95cUxNdDNaQndiUTdnVFRrdGlxXzVuMW1YazY1aENrZnBtNm9VVTBDWjdFX3hCM0h3VDBwalhOQ3lpLTduSVlRQS1QMEpyb3BVQXJ0S0RqMW12akgtNy1tb1NHajhnZjBVY1lXMFR5dWNwNC05dmR4RkFnRlUwWjBlN1p4RFl4aV92cXB4SFFNUFV2NS1tMDl1ek9DVmlnSk54Q2hxV252cFJDU2R0ckx3Tlk1LTlfdDBqd3FSVENsQXNESE4wdWk2bEpRSEMzSQ?oc=5
2026-03-13	Google	0.0	Chevron News Highlights Rising Geopolitical Risks And Portfolio Repositioning - simplywall.st		https://news.google.com/rss/articles/CBMivgFBVV95cUxQNlhUazR4MFZqbzNodGRVbm1oYU52dV80bllib0F5SGxUQUVkTTZReGM0dThRcEZ2ZXZjSGJ0Y2k2bnMwTW9nSEM2ckM0bEp3Wk1sQzVlUVF2d2dPZ1QwYnNTV0ZadTVjZW9sUXhpaEFHbDJObnFscEp2bWZJUk5mdVJQTXY4MVBURGJzbnU0a1NRbjZ4RE1wZldUdWJwb3h3Yk9FcWhKV2I3dmg4bks2bWt4TXpWeGdwVExaVjNn0gHDAUFVX3lxTE12ZEpYeWlEaUJEUnUyeWZqd2pDUWJHTUtTaWxHRExYVE84SzBtUzJFdlh0ZVlaSXVSd0l4ODlnTExZVFMwczV1R0p1SE9iTFl4SGk1VVhHYkVUdXZqQXlqTUluUTc3dDVYR0JONzc0anU0OGpiSkE3bHBJdGxsOVNzT085NWFUckxieU9qa19yUlVYM3lnd1duZ3VIeF8zcXZSc3lwTnpLTWh2dXM1S3ptODNLRGE5Y0sxemZFbGdHUVZDVQ?oc=5
2026-03-13	Google	0.0	Entropy Technologies LP Invests $13.04 Million in Chevron Corporation $CVX - MarketBeat		https://news.google.com/rss/articles/CBMizAFBVV95cUxOSTh0WWVhQTRfVnNhM2FxbUhuYlliWVBndUd4R0d4QjFPT25hdU1fWGlMUDN4RDJqN2k4eUtpaFp5M2pTYzJvNnN5dUZDQXQ5MnlJOXR3YUpzRkRTU2ZsaWRPUFppR0dtU284Rjh2ZmJUdmlkdXZDZDh4cDJObEdWR3NXRXhPTTFFc0lySjFPdjB1U3FBUWplcnMxTFBhVGRTMUVsRWgyU2N6ck8yMmFmaFVRa1RST0dVMUVWZm16SXVORVJJSFZSX1RtZ0I?oc=5
2026-03-13	Google	0.0	Invesco Ltd. Has $2.62 Billion Stock Position in Chevron Corporation $CVX - MarketBeat		https://news.google.com/rss/articles/CBMiygFBVV95cUxPaUlJazlQQVQyTTY1OUk5UlhSZUx4VFYtcElEaHo3dldscjhuM21wa1N0Q1BUXzZ0a21UaEdRZW9NeFdiYlJyNmlrekFUVmFIcTdGUFVFNkZLbktPUzBOcnN3b0pkcU1GT29ITmZJTWRNZWVrVEVYaGpUQWhNM2d5b3dMWTNFNDhhbGxXbDdvOC1LSkhTRjZYOGx4aVppWmhTd1BhUV9XR2k0T19iNWpjNm9pUk9DaXI0U2lBY295SjFZMnhPODNOdENn?oc=5
2026-03-13	Google	0.0	Quadrature Capital Ltd Invests $14.56 Million in Chevron Corporation $CVX - MarketBeat		https://news.google.com/rss/articles/CBMiywFBVV95cUxOMEs3ZXVzWlNMc3dueUdrNl9wZFMzQjdVZ3JIQXUyNUFoWmtld3ZreGUzRmkxeFQxdVVjZzRHaGVCX3F4WnotLVZRMkJoMWdYM2U2LTdsSTlmcGtpUEItUmdzOGtIYkhSWUg4NmU5OVd0ejRHTnNQVWJFbEExemFZaG9sYXZPWnBhTWRmMEUtQjdiOTNPN2ZjLWNFbURNR1EwVE10bW4wOHp5MXd3a0FPU1NhQUtDY2swTkFhVXVFeTk5ZVRRVjRobzFFMA?oc=5
2026-03-13	Google	0.0	SSL vs. CVX: Which Stock Should Value Investors Buy Now? - Yahoo! Finance Canada		https://news.google.com/rss/articles/CBMie0FVX3lxTFBnNjhLX2N3OHpMck9YRi1XYmI5LVQ1TTlvZENpWmdwMzk0MUdwZ0Z0ZDNXVkN4N0FJU01odVVJSFdxMG5ZeGJVcGNJeFdVRlZlWHI2MzlqMU1IdEpfRTM5Z1lrR01JMHVqTEtzendrUTI4MWZXenZlSTFWNA?oc=5
2026-03-13	Google	0.0	Stock Market News for Mar 13, 2026 - The Globe and Mail		https://news.google.com/rss/articles/CBMitwFBVV95cUxORnNueXBYT1ZwMjhGclBncTFuc1kyV3FuZHRrSUVkdFRIQVZWczhKdDl6TFl4bTc2RkxBNFNHWFZlVGd1ZmtlRnpyYUlfUzhyY3B2QXBSTXNYMXRaSzQzYnFEZEdNdXU3Uk12b1VZVFlOcngxOElpdjZlTkxUUk5nMlctclBmVHlwR1VCXzN3cXlILW1ET1BPWjg5YWpsS2Y4SThRcnNBWjhFbm9PU2xXRVVkTm00R3M?oc=5
2026-03-13	Yahoo	0.0	Worley secures contract from Chevron for Aphrodite gas field FEED	The FEED stage is scheduled for completion by December 2026.	https://www.offshore-technology.com/news/worley-chevron-aphrodite-gas-field-feed/?.tsrc=rss
2026-03-13	Yahoo	-0.026	Trump's Venezuela Play Is All About Energy And China	As the U.S. wrestles new realities in Iran, Trump's Venezuela plans unfold rapidly, but investors still have little access to the possibilities.	https://finance.yahoo.com/m/0dd67346-949f-3d6e-8b70-839963440465/trump%27s-venezuela-play-is-all.html?.tsrc=rss
2026-03-13	Yahoo	-0.089	Here's How XOM is Actively Involved in Improving Air Quality Via CCS	ExxonMobil advances carbon capture growth, launching a second CCS project in Louisiana and securing 3.2 MTA of CO2 across two active sites.	https://finance.yahoo.com/news/heres-xom-actively-involved-improving-151000242.html?.tsrc=rss
2026-03-13	Yahoo	-0.093	Chevron Portfolio Shift As Angola Exit Venezuela Deals And Berkshire Stake Align	Chevron (NYSE:CVX) agreed to sell its interests in two offshore oil blocks in Angola as part of a portfolio reshaping plan. Berkshire Hathaway recently made a major increase in its Chevron stake, signaling renewed conviction from a large, long term shareholder. Chevron also reached preliminary agreements to expand heavy crude production in Venezuela’s Orinoco Belt, subject to regulatory and government approvals. For you as an investor, these moves touch on several key pieces of Chevron’s...	https://finance.yahoo.com/news/chevron-portfolio-shift-angola-exit-120931761.html?.tsrc=rss
2026-03-13	Yahoo	-0.233	Stock Market News for Mar 13, 2026	U.S. stock markets plummeted on Thursday as crude oil prices continued to surge following intensified war and geopolitical conflicts in the Middle East.	https://finance.yahoo.com/news/stock-market-news-mar-13-091300865.html?.tsrc=rss
2026-03-12	Google	0.5	Chevron Expands Gulf of Mexico Presence With Latest Lease Sale - The Globe and Mail		https://news.google.com/rss/articles/CBMi3gFBVV95cUxNSlUtbG5ZVnlZUktTcVFmTFo5WXdIS3c5TEl4UGhkbGgxUWk4N2p1WFBNTnRYMUZsZFJqVkpWRTBlRnd5TDloS01jdV8taXRYU2I3c29hbGlTLTVJUjdya29EaGYteHZfMXowX21IaTN1UEVMd1lQQS1IOEVGUU5yZ0oyTEs2NmpseFdOMXQ0dDRXallleGxyaGdwdFVHSTJSbkd2TU03QkpzTkIyRWs1WXJOcEtKNEtCOU5KTnlzWnZ1MWg1Nmx5UHdVZFNVY3AzaVJhd2x6VlNPRF9xMkE?oc=5
2026-03-12	Google	0.367	Chevron Hit With $1 Million Penalty Over Invalid Clean Fuel Credits - Benzinga		https://news.google.com/rss/articles/CBMiwgFBVV95cUxONjV1WFIyNHd5RTNyNEZ6Umxac1JLN0l3Tm9PNy1VY3JFNkU1Z0NXVUVMeXFPSjN0NVJMSEFWQmNLX1FTSGRiczFtcHZPSUdVWFJ4eWJPelA3eXFrUUNZWENtMkVxLUoxaEl1dExwWF96WTQ5bGt0TEU5ZWp0NEE0dGM0RjNFajVOeHpMRGZ3Wkt1TzR6c3R3TFA5b3VQLUNIUTJfWEFjNV9Na29TUElVYm1aVzUxZE9lY3ZmdW1SeUhYQQ?oc=5
2026-03-12	Yahoo	0.318	Chevron Expands Gulf of Mexico Presence With Latest Lease Sale	CVX reinforces its Gulf of Mexico presence with new offshore bids, highlighting confidence in deepwater resources and long-term U.S. energy security.	https://finance.yahoo.com/news/chevron-expands-gulf-mexico-presence-120700663.html?.tsrc=rss
2026-03-12	Yahoo	0.244	Gas prices climb, bringing US average to $3.60 per gallon	How much higher can gas prices (RB=F) go as US consumers worry about more pain at the pump resulting from the Iran war, global oil pressures (CL=F, BZ=F), and broadening conflicts in the Middle East region?  Yahoo Finance Senior Reporter Brooke DiPalma monitors emerging trends in regional gas prices across the US. To watch more expert insights and analysis on the latest market action, check out more Opening Bid.	https://finance.yahoo.com/video/gas-prices-climb-bringing-us-144500311.html?.tsrc=rss
2026-03-12	Google	0.227	Piper Sandler Issues Positive Forecast for Chevron (NYSE:CVX) Stock Price - MarketBeat		https://news.google.com/rss/articles/CBMiwgFBVV95cUxPWnRtelEzaEMyRVFUN0E0eGc1TGYzU1ByRURnV2tOOU9mZWZReFhIUnBmZU9KQmZUdEt5S3M1UHZRMnRHa2h1cGlRX3czUzJWWGFwRDM3MDE3LWNJRVcwajBtLXpqWWJNYWtZZ0xvY2prdThrMV8zdFowTzNNd1plNzB2R2JCQkpydmpvMlVoS2dOZ3FIQV9BbHZ6ZmtKTEtTS3FjeVBwaTAzbm9FSk9XUFdCSjZZQ21mTEg1RFlwc2Vrdw?oc=5
2026-03-12	Yahoo	0.178	Global Power Solutions Appoints Pete Medved as President & Chief Executive Officer to Lead Innovation	Vancouver, BC, Canada, March 12, 2026 (GLOBE NEWSWIRE) -- Global Power Solutions Corp. (TSXV: PWER) (FSE: NJA) (“Global Power” or the “Company”) is pleased to announce the appointment of Pete Medved as President & Chief Executive Officer (“CEO”) of the Company, effective immediately. Mr. Medved brings more than two decades of experience in enterprise technology sales, strategic account leadership, and large-scale digital infrastructure projects across both the public and private sectors. He has	https://finance.yahoo.com/news/global-power-solutions-appoints-pete-070500635.html?.tsrc=rss
2026-03-12	Google	0.099	Chevron (NYSE:CVX) Reaches New 12-Month High - What's Next? - MarketBeat		https://news.google.com/rss/articles/CBMiqgFBVV95cUxPc19nWWV0U2wydHpDS3FMY1VfblpLQXhiLWpyOUw2ZWJMMWJEQjZaNEFzWDNjU05Tc2pjcTJpSTFudE9tRUw4R3dqQ0ZQaG5wSXdnX055STNJTUgzS3ZUQzMzaEhfRFpzaE1ReXNjRE9OUUZwYUJ6Z0c0TWNZODJTV2l6RmxiWW5iZEVaUFNkekxGSXdWNE9EeE1QUVlTdW5haWwyNUtvX2VsQQ?oc=5
2026-03-12	Google	0.081	Chevron (CVX) and Shell Near Major Oil Deals in Venezuela - GuruFocus		https://news.google.com/rss/articles/CBMimgFBVV95cUxNUzZoQlJGUkJuQ285bmNybGZqVDlabm1GWGF5cDNfYUpjbkVhWlhHdDFzeGVSLXhGRUhZTnFxNXpBcnhOZGRZNUZxWEJEZ21QOFd1bDVPNFRKNGY3M1piejRUeGFtZlk5YXEtXzc1NzZzVnpRRGZiUmNaRnFsdUNJdU1aWGd5cWFpVlhvLWhQTmtkb0ktRlN4WmZB?oc=5
2026-03-12	Google	0.068	Magnetar Financial LLC Makes New Investment in Chevron Corporation $CVX - MarketBeat		https://news.google.com/rss/articles/CBMiywFBVV95cUxNVGxLM3dfeTMzYndvYUZ3ZXFaeG9ORzEydndVRXpRZzZOZlNVT0pTVDZGTlVxZjZzYWJTa2VSdDJncE9La3I2WXI2QmJyZXFIVlQ3cVBuSGlmYVdqSjJ5TnRiNFJQODZaZzdLNEhBNjJYQTdIM1VOQ3NDVWdiM1RobGF2T3JtTFBiT2xBM0FDaGw2MWlvSzRNeEtoSXNRakxBWllGNUxYREppSnVCblBucGxmZGt2S2xPMGNKdHU5SEtueW80ajZrcW9zSQ?oc=5
2026-03-12	Google	0.006	Chevron Hits New Highs Due to Oil's Rally, But Is It Sustainable? - MarketBeat		https://news.google.com/rss/articles/CBMiogFBVV95cUxOdXI5Wm5XYjdmTEFOeGd3d0NxZC1rYjBxNDgzNzA1d3JkY1FtVWRNR2xlalhHamdwUHl0Q0NQZ0FjdkFyUlBvSzA3Nk56Y1ZmRFdSRnQtYUg3YjY0QUV0aUZwWWIzQmgyQ0ZibFVQc19UUk9XSHM2X0I5QkhxeE9IcXZBc2t3MVp4dHA4Z3FrQmJ4dlBHZmFTSGk0LTRnX3RobHc?oc=5
2026-03-12	Google	0.0	Bokf Na Acquires 28,335 Shares of Chevron Corporation $CVX - MarketBeat		https://news.google.com/rss/articles/CBMiuAFBVV95cUxQVkM4WkJwY01qbVRxeXExNjJrZ2ZQdXRncmNyTXgtUUpkOHVhblhjZ0l1VHVpNFhYbnFwYUhzSjJhYVdWbFJPOWMxc2VZc0NQQ1U3ODdQa01hWUxEaXEtREhjRGFNWWhoUUZDN1lTTUJPbnVYNGVBNXRnVklDa182elk2ckxDTklBU1QzNlB5dlZJY1AzZ1ZYQUtnZUZuYmhGWk9Xem5BNklaSWFXYVpBQnp6RFB3Nlli?oc=5
2026-03-12	Google	0.0	Chevron (NYSE:CVX) Shares Up 2.9% After Analyst Upgrade - MarketBeat		https://news.google.com/rss/articles/CBMipwFBVV95cUxOSDVNTDk3MVhwS0M4NTQ4N3VfcHB0ajh0T1RKLVdvRW92VjgydmZ3Y3ZIQW9QQ1RWaDdFLWtnZmotbFd2UkRTeGVCQ3BQakQ1RXdXRmJlaUFWbENBc2JfN19Cd0w2M3AtYzc1WU9YeHpRWXV4UExaajZFYmhVUFVFUEF0RWdpSUhuRVhoQTkxaE5NUUlKclliNGJ6MERBZHBqM1VMc0Uzaw?oc=5
2026-03-12	Google	0.0	Chevron Corp (CVX) Stock Price Up 3.02% on Mar 12 - GuruFocus		https://news.google.com/rss/articles/CBMijAFBVV95cUxQLWEwSXhyYW1DXzFvMkUxS2lkekVMblloMmhwS1RHMU1Ia18xVmFpSHowdmNhdWR3cU5OdmR6SmhkS24yTWxwdnFfTUgzVHZHckc1d2hjZllnWmRCUC1Yb3daNU1IbmZjMzQ2MFBsSGhOZkZ2RFlnRW1rcFYyeHBqRDVkUVNZOVhEa0t0Qg?oc=5
2026-03-12	Google	0.0	Chevron’s Shifting Footprint Reframes Portfolio Risks And Cash Flow Sources - simplywall.st		https://news.google.com/rss/articles/CBMivgFBVV95cUxQOGExSTlhR2FhSU9YSVZfLWhjMEFZSm85ZXVsVWNjYkpaOGdXY19yTnpvX242NmhJaDNNekhlMXppZnJ2ZzBTNF9kSDc3WGR2eFh4LWc1ZlYwSmNTNkRPc3RGSXRGT0o3bnJndDdqMlNPLWtHM1FyM2dKNU5Pc0JRZEFQbnNEMFUzZmhiclNmWU10cUZ4QlhmR0MtNE03Ykx2anJHMlNLNkRrSVVtU2J6Sl9IeTZHaWVJQ194TTV30gHDAUFVX3lxTFBGN2otWjhsU1VWTnNqWEF1SWxLZjRqTjczZFBzUzZhR2FRX0o1VmtFTUstemdkNzhTaVVpRm1nc3NnaW9pUHp5RktPSTQ1Q2JPZUxvNWIwOE1SZ0lfS2FjQzJXcF84UTh5MHV2TkVESGl4ZVRHOWpIMl9ldXZrb1NIUzlKZ3pITUxXdlN5dEk5VFZaU3dPeUdsdGR4OHFBeGNNMlBGZlREbUNScW53bkRaRlNqdUZRX1U1a3hhaUlTY0lmMA?oc=5
2026-03-12	Google	0.0	Elevatus Welath Management Acquires 14,837 Shares of Chevron Corporation $CVX - MarketBeat		https://news.google.com/rss/articles/CBMi0gFBVV95cUxQa0ZxTE5LRld1b3k0eUNOd2R2QkZ0alJ1SHFOU3pQZnJhb1o0T1ZuVGc5OTF1c09NZHRISnpPTU91V1hIUVdZUlhiaExKRmZMQXVONHdSVjBXb1ZUY0VQSzZpc0ZDS1dTME9iTXVSU0pDNHRiQTVjVThNckV1bXhZOXVpVDR0c0VvWklCNnJ5MFBnZ2E0d05WbDBSaWYzM3cybnU5dTRLWUFfZlo0dms2MHAwQjdjN0ZOc3ZTZFZfSDRHVUdOR1lRbFczdjE3SVAybnc?oc=5
2026-03-12	Yahoo	0.0	Energean to acquire Chevron’s stakes in offshore Angola blocks	Block 14 currently produces around 42,000bopd, with Energean’s share at around 13,000bopd.	https://www.offshore-technology.com/news/energean-chevrons-offshore-angolan-blocks/?.tsrc=rss
2026-03-12	Yahoo	0.0	Global Power Solutions Appoints Pete Medved as President and CEO	Global Power Solutions (PWER.V) on Thursday announced the appointment of Pete Medved as president an	https://finance.yahoo.com/news/global-power-solutions-appoints-pete-135102515.html?.tsrc=rss
2026-03-12	Google	0.0	Growing Your Income vs. Maximizing It Now: The Core Difference Between VIG and HDV - The Globe and Mail		https://news.google.com/rss/articles/CBMi9gFBVV95cUxPbUxIYnp1VG9iYXpGVW00S0g4WFlYbmxObGlRZS00MkRhdjdERUxBc0d2bF90VGhTemM1QWVXU2lib0RMb3JndmszSGEtQUREWmpFU2xMeWtVOUxCbkV4ZFlwS3hnXzl3SHdqRC1hWERsOXpWN20zTnU4TDNQQk1ubGxjaXhIRXJNUUJlR1RxSXp6cHpTbGlNX1RsRHlXSnVHSWZnaEhDcmRBY2MxVkZlOEhJdFNHdFJnN1hQZ1p0eHMtTWN4bHA2MTBObC1yNzBsYmpEYjA5LW40aHMtNzN1VFdfRUdyeHFCRVlFRHcxMVZLRGRKZGc?oc=5
2026-03-12	Google	0.0	IEA Flags Historic Oil Shock as Hormuz Shuts; XOM, CVX Pop - NAI500		https://news.google.com/rss/articles/CBMikwFBVV95cUxPZ3JjTDdBNzlGY21BWVZVM2ZUc1J0YnFkX2NmV2NaVlkxZGFTUXFQVmdlOXJVZHZzZEdwMl9qQ0hObjdCNDZYbzVlTFM5Y1ROWlNEbGdrMnpyZ2ZNZ1IxcWVzTmROSkhEejZ5dDRHbGhPeXJnWUVsUE1ROTluazUybFExa2ZSV2p3MXhmbTlvSXlyZG8?oc=5
2026-03-12	Yahoo	0.0	Is Chevron Corporation (CVX) Among the Goldman Sachs Energy Stocks: 10 Stocks to Buy?	Chevron Corporation (NYSE:CVX) is one of the Goldman Sachs Energy Stocks: 10 Stocks to Buy. On February 23, 2026, Bloomberg reported that Chevron Corporation (NYSE:CVX) appeared as the front-runner for control of Iraq’s West Qurna 2 oil field, following the signing of preliminary agreements to launch exclusive talks with Basra Oil Company. The deal enables […]	https://finance.yahoo.com/news/chevron-corporation-cvx-among-goldman-104704925.html?.tsrc=rss
2026-03-12	Google	0.0	Mackenzie Financial Corp Grows Position in Chevron Corporation $CVX - MarketBeat		https://news.google.com/rss/articles/CBMixgFBVV95cUxPRmEybjNPSW9DcVFDekczVU8tbTF6bWZ5eDJqVnJvQ2ZWYlhmUnJyN2Rqdlg0bFQ4dUpjRzRCMUx4emJnUmtENHc3M01DazFVdVJCUXBWS09zQTBNZ29BWl9EaUVQOEZ0OGpSSkVnRTZUeWd1Uk05OGV0YS05OGZPdG1jc0VycFVUQ1pvajBKRWljbVVvTU1vQy1LYWY2ODZaRzBrc2Q0N2M2RTFhU0FXd1N1eHdKUVVTRzl1LXJ6dktnVnRsS3c?oc=5
2026-03-12	Yahoo	0.0	MidOcean Energy to increase stake in Gorgon LNG project	The Australian project comprises three LNG trains with a combined production capacity of around 15.6mtpa.	https://www.offshore-technology.com/news/midocean-energy-to-increase-stake-gorgon-lng-project/?.tsrc=rss
2026-03-12	Google	0.0	Piper Sandler Raises Chevron (CVX) Price Target to $242 | CVX St - GuruFocus		https://news.google.com/rss/articles/CBMiqgFBVV95cUxQWk1ianJCdjhhdXF0NG1nOTR0MWw0dWpTTDdMSGZlQ3BHX0kxRC1ueFVOcGNxcDZUbHk1UmFtVldGbExDdUsxOFZoWEY0bUh5bHFQMmtWcXpibGpuejk5ZEFTYnVhU3hBckM4M1pWclI1WHdpajJ3WUpuSkM5Y28xRUZvQnJrUkJ5T3RnalU4QVMwNFNLR1hVblVDV2EwM3dWZjZMQzZxblpRUQ?oc=5
2026-03-12	Google	0.0	Why Chevron (CVX) Stock Is Up Today - The Globe and Mail		https://news.google.com/rss/articles/CBMitwFBVV95cUxQay16Y2NwUF85WHc5bmJpUGk0aTA5eTRDNVEyOUhuaUhrNGx3NnFDbDNjdXFYdnFlN205N2o0YmFrMlJacTJabmVnRVhvOGliZG9zLThLc3A1Z18xTV95MFM4d0JIdHpYd0NkaFpNUmRIdlJ0X0xtMkFBUm4tS2tkN3lFaEpiLURIWFl3bHZkbWNIYTU0NWJmcWM4N1B3eHlJUlBWSkVqMG5UU0t1ZHVXUnNiSlJqUXc?oc=5
2026-03-12	Google	0.0	XOM, CVX, COP: Big Oil Stocks Jump as U.S. Eyes Jones Act Suspension — Here’s Why - TipRanks		https://news.google.com/rss/articles/CBMipwFBVV95cUxOcm9wWC01bDlEdThqelBwZ0RBRXRmUTZJVkdoM0NPeTdyQTN4S19JdlctUVRrdVhVMnJMemRaQUdiVU0tUlprZGs0Q2staUlCZjU3WmhpLTVHZTZZRWt2cGtBSVczelZ0Z1MxYW94NUNGb2cxYkVZN0NTM0xCVEhXbUR6TnI4OFk3OEdhMFRvVWxlcGt5WkE3NmRaS0VYMWVrbGxxZVlPdw?oc=5
2026-03-11	Google	0.117	Chevron, Shell near first big oil production deals in Venezuela since Maduro's capture - Reuters - Seeking Alpha		https://news.google.com/rss/articles/CBMizAFBVV95cUxPdVF4WTZBNHhnUDFheDRydmFUNkZSVzU4d1ZYZVk1bnBzZ0NPNlFnWWMxY1VhMjNQV2NmR0pDeW9wSDB1OGE4VjlkdVZOLUoxekh4Rmx5T3hjR21hRE1yLWxrSXNndTFvYkI3ZVdRTl9oWXFCbXRGUE1mWE9ic21pamplMHlZSlFld284bVVfWTJVc25sUVZ4RGJxamFLdFg3eExqN25nVkZSQmlPT09fY1VyVVp4bGpnSlkwU0FXb0tnMzNIOGFnU3hfMjg?oc=5
2026-03-11	Yahoo	0.071	Chevron and Shell Move Closer to New Oil Deals in Venezuela	Chevron and Shell are advancing negotiations for new oil and gas projects in Venezuela as the country opens its energy sector to foreign investment under a newly reformed hydrocarbons law.	https://finance.yahoo.com/news/chevron-shell-move-closer-oil-063937471.html?.tsrc=rss
2026-03-11	Google	0.062	Chevron & Shell Eye Major Oil Deals to Revive Venezuela Output - The Globe and Mail		https://news.google.com/rss/articles/CBMi2wFBVV95cUxQWlk4N3NDTFdLTG40cDRweTA2NWVyRVBJWHNDQWZTM2NDMUI0QTJmYW1DNG4xa2QzemxVVWFKaUsxWWk0WjhuMzZha0tDbGJiSWJnbl9JTjVkcHhhaE13dlJxSUVuMVNMUUdkN3BHS0lrOG96Vm5adzNya0tHcHFwQzZlRnR4bC1YTW1QdUE3TjZqdTJVcENXZndUQ2pCMnRaSGtGcDNWTWVMMGkwY21xdU9DVzZrN3p2SE9iMjFuTlBFOGR3WC0tM3pWdmxUTGxteW9KRjhFUlhrWFk?oc=5
2026-03-11	Google	0.062	Chevron (CVX) Nears Major Oil Deal with Venezuela - GuruFocus		https://news.google.com/rss/articles/CBMijwFBVV95cUxQZUIyWVBKdVhnZG5RWXF5NEJuTUtIcGxPVVpMdlh0QW5pUVBxLWZrdDcxbE5SYlV1eHNmUVBqUjFXSnRNUFVfdVlrVFhld2pSSEJ6U0ktTmJtdmJiUGs3UEJoVFVfSUtxQlN3WFNhM2tYMkZJNHZ2eVAtZWhHMU5qTjNFVnFSeE5XQm12VU5lQQ?oc=5
2026-03-11	Yahoo	0.062	Market Chatter: Chevron, Shell Nearing Venezuelan Petroleum Production Agreements	Chevron (CVX) and Shell (SHEL) are nearing major petroleum extraction agreements in Venezuela follow	https://finance.yahoo.com/news/market-chatter-chevron-shell-nearing-084103217.html?.tsrc=rss
2026-03-11	Yahoo	0.031	Chevron & Shell Eye Major Oil Deals to Revive Venezuela Output	CVX is closing in on major Venezuelan oil and gas deals following SHEL's lead, signaling a potential revival of the nation's energy sector.	https://finance.yahoo.com/news/chevron-shell-eye-major-oil-121700621.html?.tsrc=rss
2026-03-11	Google	0.0	Barrow Hanley Mewhinney & Strauss LLC Buys 2,890,452 Shares of Chevron Corporation $CVX - MarketBeat		https://news.google.com/rss/articles/CBMi2wFBVV95cUxOQVQtbmhTY3NNSWEydTBYUmZsUzRXSnRHc1FoZFhsZjdIcEMwRmU4T0o0LU9xbk52ZTVrWUo0cjlDeGZVbm0yR19iOVhMSVY0NWw0V0VUTjNJYWhoNmNtMWRwR3FPOHQxeFh0R1A1WlBhNVBBTkVxRkp1bk1zZUJkOTNrY0E0aDBaNzVvSm9laEZFUFJYX2JORFRZRmlxcG5nWlpXeVNUZktpMS1vbjIwenBYeTdXMzV4MXVCYUMxSDdrWC1OTEE1TzAyOWdDSW9LVUFGQmZiMkFTckU?oc=5
2026-03-11	Google	0.0	Capital International Inc. CA Grows Stake in Chevron Corporation $CVX - MarketBeat		https://news.google.com/rss/articles/CBMixwFBVV95cUxNd054LVZqQTk3NTJFZldRcWxKbE90YUZzeHBjWEpKSkpGc3V6b2J3eDFuT0FOODBDbWt5TkdkOThaanM3VGI2N3Q2NEhEV0JsZGtIZktFXzM4UFFLNHhQbUNpcmNSTUxqaUJxQUV1LTR3QkRoTGE1TEFPelFlMFVsOHh6TkZRZjRnTzIxU2JJWkhBblRqTHhxWUc4Um1nSXBSYndmTS16Z3pnNWhaUmhSTU10SEVfWm15eW1GcUo1czRRYUhiWmpV?oc=5
2026-03-11	Google	0.0	Capital International Investors Grows Stock Position in Chevron Corporation $CVX - MarketBeat		https://news.google.com/rss/articles/CBMi1wFBVV95cUxPRTNEeGI1eTV5WUVUVk1ZdkhoNEdxY2hQWjNzUnlWQnpqMWRzWVJlUXB5U1A5d2dEc0FFbkU4YmgyZkw5cU5LUWFGT3gtZVAzT3BiaVhZNXYtNWFRWVJvWmFWZFhsdmN0WHZLeGliVHNPNC1Qb2NCUW13ZmtGcW5XN05jLW5GRUxpQkp3OGNaZnNLWEViZTYwMkx6NGlrYktXY0ZuSjNITGFxRXpnOHFKVmt5aERTYjFkTk9XMXIwaFY5c01OQmJXUjBjMlJGeVlNZGFneVdLSQ?oc=5
2026-03-11	Google	0.0	Capital International Sarl Sells 13,023 Shares of Chevron Corporation $CVX - MarketBeat		https://news.google.com/rss/articles/CBMizgFBVV95cUxNeDE3MVpVdzZpcm5lQVNfOEtQRi1NZDVGRDZrbThFbTljV2pFVzRVaXlaMUFvRmZBREJWNk5Td0tCQnJibWk1REw3U2FBQmQ3REYtLW5oRUNkYWRQbFZ3YXkwUTc2OS1VYTNxblRSZTNPS3ZnYk01QzBOZFhqaUE1WnltU0NwYWlnd0dDdnF1QklXdDdray1MTlBESWVZazJkeWRFa2dLRjhXT0xSZndCVkJIR1owd3hmNDdJLUVzV003VUN1dDdrNVNqQ0U4QQ?oc=5
2026-03-11	Google	0.0	Chevron (CVX) Settles with Justice Department Over Renewable Fue - GuruFocus		https://news.google.com/rss/articles/CBMiswFBVV95cUxNLWlHbEVOV1pSYmVEci1ibGtXdkEzaWtrSjN4NV9oMXp6QjhqSUw1cks3dmNTZHhSX1U2RVFMQXFsRWFPc2Y2ZVVVNjdqLUlOeUtnZks4akJyQWZxbGFTNHhnXzA2T3lLUHg0V2djUFJVUFdlY1FicFIxRldXcDI0ck54NmFfS3JGR2YwUGxHbFBZcWVqZEM2cUxucjBCSVgtaExuNWpoMWVaSmtPTGtMS1JhOA?oc=5
2026-03-11	Google	0.0	Chevron (CVX), Shell Move Closer to Venezuela Oil Deals — Here’s Why It Matters - TipRanks		https://news.google.com/rss/articles/CBMiqwFBVV95cUxNNG1qSzR3VFlZc2lLSEdCMnNPbEtvZ3hJYXd0UnFrZlM1MEtIeDhHZlI1NWNLSm45RlQwTEZGamF3cnNDVFdkdk8xM1dOZ2tRSUhGcC1XTTR5cmo3dG8xdEx1SFdKUlZXcHR2QjNLLVJVcVRvYTZ2MTBmVmVEdmdPYmdIdkRrajY4eVMwenJ4Zmt4SXFGbklHX2FZYVl6TF9DX08wOFg1NE1sSDQ?oc=5
2026-03-11	Google	0.0	Chevron (CVX): An Elliott Wave impulse since 04.07.2025 with a target at $203.75 - FXStreet		https://news.google.com/rss/articles/CBMitwFBVV95cUxNRzk1YjdsMVV0VlZ5NC01blVBSlFnWFBMdFdEeFdPcGlJc2ZwWDdqOWJCbzhyQk1IeTZmSzlQWjQ2V1VuN214anl5NFQ3azM5RktNMFZ6MVhTUG5CT29kWWxmOEFNb0Rha1VlUUd1b0F5RDM2eVRZZV9INktpSENYOF9XNWdfb3J4Z1Z4WXVhd21lcHlxZzBNeE1BSHVFWC1TelBIWWNHU0ctTHc3LTJpb1J5azZDajg?oc=5
2026-03-11	Google	0.0	Chevron (NYSE:CVX) Stock Price Up 2.9% - Here's What Happened - MarketBeat		https://news.google.com/rss/articles/CBMiqwFBVV95cUxQTElwZVV6Y0F5bHlCTDkwb0ZlNnFlTTlxWTJUVHZJbTROUUdvNGVLRVFySVFGQjRjVmNjay11M194Z1RhZmpfM2VCLVBfY0Rxa1BYcnRid1RSN0tpRFFMbmNpUFhBWlVCRkxBZVJ1WEVxb0g1LXgyX0c1ZzRGUGJNWFpBdXd6bC1NSVdSalZjUGRSa1NrMUxwRjdlV2gwWjYxVkxVQnVKTFBVMlU?oc=5
2026-03-11	Google	0.0	Chevron (NYSE:CVX) Valuation Check As Oil Surges And Venezuela Expansion Draws Focus - simplywall.st		https://news.google.com/rss/articles/CBMivAFBVV95cUxOMGctQWxqUWFVMEhfajAzSkJLdnZDc3JJX3piSnNlalZhMms4MGpybVdDWFcwSXgtTmlaVzAwaDJZMmdUS2dlS3h5cENoYmR1S1JISFhiNTAtY2pGT1VJLTRyaFhpOWtVUTVESGNWNUxtTGRMYzFxS1NDclhuczZubTBVWHdlOTFmdXNxSXB3d2lReDlyMkw4NjhENENjWjRkc2x0c3hIeVRuR193WUhaaExSNEFlWHVxa05hctIBwgFBVV95cUxQWVhGUlBCMjA0U1BkYVdPRUtOREF5WGtTRjhYbWE5VnZVbGFXZE9pWFBLc1RVa0JkVmgzaXBITXR5Z04waVRTMlZ1Q0l5VDBTdTdxREZudHItZkZ0MTJkQm9rWWNkUldDR3AyZVV6V2hYeFIyS1ZjM1VadjVKdWRjajc5NnNIUXJtRzlSRy11TGlwMDNid1czVjlwQUxaSEpXOGxYb0xTb3Y5T1Y4RW5TY00yV2lUTERBTUVOUlctSVdqZw?oc=5
2026-03-11	Yahoo	0.0	Chevron Eyes Tripling Vaca Muerta Production by 2035	Chevron says Argentina's Vaca Muerta basin output growth could accelerate as Milei policies and RIGI incentives improve the investment climate.	https://finance.yahoo.com/news/chevron-eyes-tripling-vaca-muerta-120549615.html?.tsrc=rss
2026-03-11	Google	0.0	Chevron Eyes Tripling Vaca Muerta Production by 2035 - TradingView		https://news.google.com/rss/articles/CBMisgFBVV95cUxNZjNldWZOX3MzekNHUmpJUHVXSXRhZUxvODNVSGV0NFFsd3dDc2RESlJueVBPZW1ZMTdhZDdaeERoZzZ3Y2YxVTdBR3BxTENwamNCZnczdEdnekxjOFcybDNSdDBzUHEzWGljRGsyWGhReUVqaEF3RmktU08teU9udlhYNmtFLVA2ZE1IYXZGcHZqY0RXZkRPQU5sanpKVDg0SEZPQ3VSYUJaelNZS0w3dm9R?oc=5
2026-03-11	Google	0.0	Franklin Resources Inc. Grows Holdings in Chevron Corporation $CVX - MarketBeat		https://news.google.com/rss/articles/CBMiwwFBVV95cUxPMGZBeEpnV3EwNkc1Zk9UOXVlMnJMcXBtdjZTMVd3N1ZMZ0tjSlR0TmtER2VSX0htSDczNGJzLVozdEQ3bFVZWWtKbDg1bjlZY21LbDFKc01OYjZjTUltOUFPVFItQW95RUdQUGFDNXdrVnpuR04tN3lrRkFxZ0JkanZOV0ZSUk1NMGtSd2wzeG9kaVJTN3d1S3JISlBnaDVMd0dYNFJHX0Z5MFpIa254bGswZDlDREV2cF9NQUJkN3NSRG8?oc=5
2026-03-11	Yahoo	0.0	Frontera to sell Colombian operations to Parex in $750m deal	Parex will assume Frontera’s $310m (C$421.3m) in 2028 senior unsecured notes and $80m Chevron prepayment.	https://www.offshore-technology.com/news/frontera-sell-colombian-operations-parex/?.tsrc=rss
2026-03-11	Google	0.0	SageView Advisory Group LLC Acquires 18,810 Shares of Chevron Corporation $CVX - MarketBeat		https://news.google.com/rss/articles/CBMi0wFBVV95cUxOX2Y0SWQ5ZlZVRWxTaFpfRHB2b28tSlk3SUV4R1JIR3JBNW5yNk40aFQ1SUg2MXpQaFBfbFZPR3pDUXJKVjFpZ1A3SDQ3OXYwZm1TQjB0OEFlNDQ5aGM3bmoySENla2hBZmRCYnFzSVB6NVZ5aDhfaFNMYmF4dkdUWUl6UDRNVTdDaF9QaFRmNEttNl9QLVpDa2Q1VC1GQW80OWJYTkNfSEZWdUN2NXBlaUdzdkN5U1BwM2JndUhNUEZQMW9XQUwzb3RaUXRLcVVRd2dr?oc=5
2026-03-11	Yahoo	0.0	Stock Market Today, March 11: Oracle Surges as Markets Weigh Geopolitical Risks	Today, March 11, 2026, Oracle’s earnings beat and solid inflation data stand out as U.S. stocks wobble on oil and war fears.	https://www.fool.com/coverage/stock-market-today/2026/03/11/stock-market-today-march-11-oracle-surges-as-markets-weigh-geopolitical-risks/?.tsrc=rss
2026-03-11	Google	0.0	Stock Market Today, March 11: Oracle Surges as Markets Weigh Geopolitical Risks - The Globe and Mail		https://news.google.com/rss/articles/CBMi9AFBVV95cUxPVEdyYUNZLTNrelhiRk9JYTZDVG9EZnRiMDZIeXpVQXVWaTR0Wlh2OHpIUnVmZk01VVNfOVhCYmE2VGZkREF3NnRocUNMalByeDd6TVB1dFBQVktENXhCMVFIMzZOVTVaeEdFUjdiUElrVjJaU19jUm1aRk95RVY0V25mSXRxZERUNVVJU096aGNrT29xRVh3NW9za2tkX2FEZ1FESXVhRTJwQnRRMjctUHdVLU40NzdRc2xiSnNEYXlaWExTX0tXSjQzMG9DbkJlYmFha0h5ajJZZFJZM09RWVdxRGZfM29rbjBzR09oTUhLdFJT?oc=5
2026-03-11	Google	0.0	U.S. Gulf oil and gas lease sale raises just $47M, weakest in years (CVX:NYSE) - Seeking Alpha		https://news.google.com/rss/articles/CBMipAFBVV95cUxNbnlhTkZQcWVJWE1zNndtaHBlWmhDMzR6NmdOS0NqbGdXOVBQNURLbGhkMFNuR2RUQVY2VEs2VmdyN1ZTcXoteDJ3VkRmaUFjcHphV2JvbnV4ejU0NnVSUHg3aV9qRVYtY2dnSkYzS0RvYzV4Ukd5Z3VTRFJwcXc3ekhQLXdHb0ZpWWtHUm8tbzNoczMyYk1XNUM2ZHE3aWZMVk5VVQ?oc=5
2026-03-11	Yahoo	0.0	Where Will Chevron Be in 1 Year?	Oil prices are rising amid geopolitical concerns, but overreaching is a mistake in the volatile energy sector.	https://www.fool.com/investing/2026/03/11/where-will-chevron-be-in-1-year/?.tsrc=rss
2026-03-11	Yahoo	-0.15	The IEA to Release Record Amount of Oil From Reserves. Why Crude Prices Are Higher.	Oil prices climbed Wednesday as tensions escalated in the Strait of Hormuz—and despite the International Energy Agency confirming a record release of emergency oil reserves.	https://finance.yahoo.com/m/8b6dbec2-12f3-3480-8908-cd11a4cf1b42/the-iea-to-release-record.html?.tsrc=rss
2026-03-11	Yahoo	-0.25	Frontera Energy Signs Deal with Parex to Divest Colombian E&P Assets for Firm Value of $750 Million	Frontera Energy (FEC.TO) late on Tuesday said it has agreed to sell its upstream Colombian explorati	https://finance.yahoo.com/news/frontera-energy-signs-deal-parex-103227151.html?.tsrc=rss
2026-03-11	Yahoo	-0.3	FRONTERA ANNOUNCES DEFINITIVE AGREEMENT WITH PAREX TO DIVEST ITS COLOMBIAN E&P ASSETS PORTFOLIO FOR A FIRM VALUE OF APPROXIMATELY $750 MILLION, INCLUDING $525 MILLION EQUITY CONSIDERATION	"Frontera Energy Corporation (TSX: FEC) (""Frontera"" or the ""Company"") announces it has entered into a definitive arrangement agreement with Parex Resources Inc. (TSX: PXT) (""Parex"") (the ""Parex Arrangement Agreement""), pursuant to which Parex will acquire Frontera's upstream Colombian exploration and production business (the ""Frontera E&amp;P Assets"") for an equity consideration of up to $525 million (the ""Parex Arrangement"" or the ""Transaction""), including $500 million payable upon closing and a"	https://finance.yahoo.com/news/frontera-announces-definitive-agreement-parex-034200114.html?.tsrc=rss
2026-03-10	Google	0.5	Chevron: Avoid Market Top Bargains (NYSE:CVX) - Seeking Alpha		https://news.google.com/rss/articles/CBMif0FVX3lxTE1FZGpyZXExWkp2eVBEdTE4VXNNeEdmR0ZrOUtGQjdwYjFaOUpZZ3locXJEMm0xTTFERmE1RkQtTTB1SWJlc1Q0dUVGOTJhMW5jRnZRX3FraVIxbC00Qm5ZQ29qLWFwQ215NTlwa0MwRmVQb216dlpDNHVDODFNaFk?oc=5
2026-03-10	Google	0.5	Unpacking the Latest Options Trading Trends in Chevron - Benzinga		https://news.google.com/rss/articles/CBMisAFBVV95cUxPOEZLcDlwS3J6cDRWYW9hNGJ6UEFEd1BTZjFJMlFBcVVKXzZxdkhVRXh4RlNHLVpRcWdrZ2lsUmhqN2pJNUpUU1JhRVZZMGlVT3dSZmd5aGpka01OaXJZWUpFdVpxeVhvYm5mUlNuZXJtT3pVdU84cXZqNlNiUjNGMWk0SVFUYkdMOHYyTm92Y3oybW5IUWdpZVJqdEhWMkJjVDRqMXJQb2NmRkQ4LTZnNw?oc=5
2026-03-10	Yahoo	0.263	High Oil Prices & a 38% 1-Year Rally: Is ExxonMobil a Buy?	ExxonMobil surges 37.8% in a year as high oil prices and strong Permian and Guyana production boost its outlook, but premium valuation may limit fresh buying.	https://finance.yahoo.com/news/high-oil-prices-38-1-154300168.html?.tsrc=rss
2026-03-10	Yahoo	0.225	Chevron (CVX) Falls More Steeply Than Broader Market: What Investors Need to Know	Chevron (CVX) closed at $186.29 in the latest trading session, marking a -1.66% move from the prior day.	https://finance.yahoo.com/news/chevron-cvx-falls-more-steeply-214503439.html?.tsrc=rss
2026-03-10	Google	0.214	Why the Smart Money May Be Abandoning the Bull Case for Chevron Stock - FinancialContent		https://news.google.com/rss/articles/CBMi1wFBVV95cUxOd0dJbmFWeTl1Mnd2TUx3Sm80RXlQT1BEVmtxZ2NXUHpuWnpEYkRaSHdKRG5oT2E3MV9uVEhUdVdESXpVZWRpVzV3T0ZiMXU0QURhR3ZKZDh3M0IzazdraGdaMFZSZWtUeXI3LTVDN3M1RE4wX2F6OUVKd2g2MmV6UEFSMGpIQ1FwRHZzdEFPTUVOLWxHcW5YVUZHLVQxVTZMUXlPZmgyVDZLOG56LVpsRnIyWXpyOHd0Z3lfX0dDN1JkWGNzZjVLVjJOamE0UHJBYjkwY3ZBaw?oc=5
2026-03-10	Google	0.2	Chevron (NYSE: CVX) legal chief sells 47K shares after option exercise - Stock Titan		https://news.google.com/rss/articles/CBMiqAFBVV95cUxONnRnS0dwMlQtcHkySnBFV2ZfNWZIVzBVUzlSZ3pFNngya3pUenBrN05aQmxDSFFudElYRGY5ZXM4azlWM1FKbUVHUWlMVDA0aTdYdVBRTnQ1QzZHdHlJMFFOdkoxMmljXzRNWlc3YU1ZUzlkek5NdHE3dF9jTlJxNkpzSXJObjJlaGNWSmdqaTdqb2N2NHU3YzZGY0xwcDRkbl9sZjQ5M1U?oc=5
2026-03-10	Google	0.16	High Oil Prices & a 38% 1-Year Rally: Is ExxonMobil a Buy? - The Globe and Mail		https://news.google.com/rss/articles/CBMi0gFBVV95cUxQaWhtMlFmcEdsQkhuSnZkV2VKamotVWt6YXhDVVk0VlNKQmNsS0NpX28yWEZtWjNhSTlNSFRuWmUydFFEYW1OaC1aMVNQVy1SQ0dFMzAwLUVDRWtpU0xJY1Vwby1henhIVmJ2RV9ESC1TX1dFTEJHUk1QMzJoQ2NHWkpOdGp0VnZOYmlrZkVYZXNBOUM5azVvVmRYcERsSk1seXgwUjFyRnk3NDBsSXFQZDBWYXUxek42cXNhb1BnMVFBOThSNzFHbzVYcUM4QjFGYnc?oc=5
2026-03-10	Google	0.125	Chevron Corporation $CVX Shares Purchased by Legal & General Group Plc - MarketBeat		https://news.google.com/rss/articles/CBMixwFBVV95cUxNb2xNOXVCZTN2YXRSbzJNR1lKZDh5LXV3VVRsWm9IQXFSeC1aTWVXN08xdjhKQlBmdVpMZFJXelA1ekRuVU5jczhuUk5IVjk1VXkwMVlNVnFpN05zZWxrNFFnRGx4V1JyTzJ6Zm5fQl9SVEUxRTN6cXBhOWY2ZzlNdV9BSTZITmoxaVVzUWZLaXVqZGNVVjA3VHJYRXdnZXQ5Z0dob3RIRG5EUXZzdm5iamVicXJId2NQMnN4OWhXZnpNWnZVYWhZ?oc=5
2026-03-10	Yahoo	0.1	Exclusive-Chevron, Shell closing in on first big oil production deals in Venezuela since US captured Maduro, sources say	HOUSTON/CARACAS, March 10 (Reuters) - International oil majors Chevron and Shell are closing in on the first big oil production deals with Venezuela since the U. capture of President Nicolas Maduro in January, five sources close to the negotiations told Reuters.	https://finance.yahoo.com/news/exclusive-chevron-shell-closing-first-203814126.html?.tsrc=rss
2026-03-10	Yahoo	0.05	43 Years of Dividend Growth Keeps XOM Bulls Holding Through the Noise	One of the biggest names in the oil world, shares of ExxonMobil (NYSE:XOM) are trading near $150 as retail sentiment on Reddit cools from a late-February peak. The proprietary sentiment score hit 72 on February 20, then pulled back to 46 as of March 10, sliding from bullish to neutral territory. The core debate: does ... 43 Years of Dividend Growth Keeps XOM Bulls Holding Through the Noise	https://247wallst.com/investing/2026/03/10/43-years-of-dividend-growth-keeps-xom-bulls-holding-through-the-noise/?.tsrc=rss
2026-03-10	Yahoo	0.05	Oil and Gas Infrastructure Industry Report 2026-2035 Featuring NGL Energy Partners, Centrica, Kinder Morgan, Schlumberger, Royal Vopak NV, Shell PLC, Exxon Mobil, Baker Hughes, Chevron, TotalEnergies	"Key opportunities in the oil and gas infrastructure market include growth driven by rising natural gas demand, expansion of pipeline and storage infrastructure, modernization of assets, increased LNG trade, and development of resilient supply chains. Innovations in tech-driven solutions and strategic acquisitions enhance market reach. Oil and Gas Infrastructure Market Oil and Gas Infrastructure Market Dublin, March 10, 2026 (GLOBE NEWSWIRE) -- The ""Oil and Gas Infrastructure Market Report 2026"""	https://finance.yahoo.com/news/oil-gas-infrastructure-industry-report-090500467.html?.tsrc=rss
2026-03-10	Yahoo	0.026	Oil Prices Bounce As Iran Blockade Holds; S&P 500 Slips	"Oil prices dived below $80 a barrel Tuesday afternoon, then rebounded after Energy Secretary Chris Wright deleted his post claiming that the U.S. Navy ""successfully escorted an oil tanker through the Strait of Hormuz.""  The S&amp;P 500 relinquished gains on the false claim and turned slightly lower.  The White House later confirmed that Wright's post was false."	https://finance.yahoo.com/m/1f71fc71-89a3-3f5d-a306-de0fd5f0e808/oil-prices-bounce-as-iran.html?.tsrc=rss
2026-03-10	Google	0.0	Bank of Montreal Can Raises Stock Holdings in Chevron Corporation $CVX - MarketBeat		https://news.google.com/rss/articles/CBMiygFBVV95cUxOUTZJUHhCMThhMzRkSWN4VHFnMzViNm9uSUYwckw0S2RDVlliUlJrR3kxQjg5NzNUTE9ScV9TZGI4dWdPZGYyenM3RVY2ekhqUmdGSk1GQ0FvTHd5UFNEYXlMSWdjbGhRUDg3Rm9DOUlzMmZFd1M5OVpXdlQzN29WcE0ySmxveVlyUzRTMFJEMkZ0V2Z4dDRhRjlIZUhGSERjQTdIWU5YSHBsVmlVYVZiYUZjbW1yQXV1X0ZIRTBfelNuNGo4RG1IRFp3?oc=5
2026-03-10	Google	0.0	Capital World Investors Reduces Stake in Chevron Corporation $CVX - MarketBeat		https://news.google.com/rss/articles/CBMiwwFBVV95cUxPOVFsa1h1NTZLWUR5blVQRUJrU2wwMjNOR3VhWXhGa0w2M2hzV29DcmNsWXpyWXh2VU8yN3M1aDY2MllmZXVHMDFhUXh4TzVlX2lQcUh5LVBYYWN5QmJaREw4UVZId2I4VVJtYTVGdnFkY3JuY2FQWVF5a0dHYzF3QjAydUd1LVgyUXpKeEwyb1BQc1VScmI2SUlGTnFaTVVHVGhEeVduQXJucDc3VU9HRWJjWllnWE5tT2t4VnlvVTdMbjQ?oc=5
2026-03-10	Google	0.0	Ceredex Value Advisors LLC Invests $49.55 Million in Chevron Corporation $CVX - MarketBeat		https://news.google.com/rss/articles/CBMi0AFBVV95cUxPa3dfN2N5MWFVcGRhdVdxU3N3cGVVd1g5TlN6bm13MmRsYm5SWjhWMzhtZTdweS1tWGV2UlROaW41WmJRTHYzdE5xRTY1Y2Y3OV9pLWdPZEpGNnJsTGhtdjAwWWtiRkozX1JJOUZuVDl0TUxDekNodWFGSHRqaDI5Z0pPU3p4S255N01LVmtXbVZ0NXZhLThRekI0NkhjdkcyTzZnVEQwVmFpTmR2WlkwakdHSkhTR0xPN010VEthaHRCOVhpQUMtODVtcEtZelBk?oc=5
2026-03-10	Google	0.0	Chevron (NYSE:CVX) Insider R. Hewitt Pate Sells 47,200 Shares - MarketBeat		https://news.google.com/rss/articles/CBMirwFBVV95cUxNUHQyZjNuSjdwbWNMVUdLMVRJc2NwVEVHYlFIOXZGVG8wczZ6TTdWSHUzbVh5R2NRYi1wYzc1UEZLY1RYZG0wQ1VoalA5X2dXaVlyd2owN29GU0pLakdiZDJDNGtLZWVCRWI0dEIxQ1pkbEtwbVRUWW44OXgxZElTdFhIMzBWNFdrQkdwU0xZUndpSERVZXBFSkc0T0JiRnRnS3BKLWFNUTZqMi10R3B3?oc=5
2026-03-10	Google	0.0	Chevron (NYSE:CVX) Stock Unloaded Rep. David Taylor - MarketBeat		https://news.google.com/rss/articles/CBMiowFBVV95cUxPQWo5MWlTaDRnLUZvTlU0R0Z5SHNKeEZfcW51TmFOcjV1em5PRlBiS3N4WGlqd1hZZW9rdjJ5LW40OUQ3VUZuQlVOcWJtWFJiZ1NTSFFvaGJNVW1VaUJQNXZYU25kbndjSEFmS1hHRWh0N0NxVFBIMUZxMGg1NEd0TG91eXhhMTNVYlBGWXkzVHIzNFJpZzNTU0hLb0d3aEdVVWdF?oc=5
2026-03-10	Google	0.0	Chevron Pays $1.78 Dividend Today Backed by 39 Years of Unbroken Growth - 24/7 Wall St.		https://news.google.com/rss/articles/CBMitAFBVV95cUxNQl9kVHpJX012YmMwNnBibFVJTUsyTlFBdnpuUWRjVEsyRHFENmF5VzZQdk90WjVsX0JnQkFpUUdHU0tuSDlhRWU0MG1yaHVObkRtbTFjeVNCTzk5RDVod2RrRHpnenJTWEpSUG1iR1doLUpXM2ZzcVpZVjMxOGExOHAxOW1qSTNqcnFuc0pWV2MwRDNHa1RJYlpTZUYtb1BfNGxMR0lpVXlmbEtPQXdLQmxxMS0?oc=5
2026-03-10	Google	0.0	Chevron Pays $1.78 Dividend Today Backed by 39 Years of Unbroken Growth - Finviz		https://news.google.com/rss/articles/CBMiogFBVV95cUxPUjlDcnRwSE5tblBnbDAxQ1V2T1FtVUpYZDQxQlBFa3pBY2oydl82VUpzZnJRN2dTalpMWEdsdVdUNGs5Nm14Y0h3OG9oZG16c3pKc3pDNG1QTkR2d1poV01EUHZHME9JM29aang4QW9QVHJZNmxkeEpUUVV6aHJkaVhTNlhIbnRnU0dlSjA4ZndKcUlnNkVPQUJ1c3hJeTFxaHc?oc=5
2026-03-10	Yahoo	0.0	Chevron Warns California Cap-and-Invest Changes Threaten Energy Supply	Chevron cautions that proposed amendments to California’s carbon market could raise fuel prices and jeopardize refinery operations.	https://finance.yahoo.com/news/chevron-warns-california-cap-invest-014859704.html?.tsrc=rss
2026-03-10	Google	0.0	Energy Equities Mixed Despite Oil’s Biggest Rally Since 2022 - The Globe and Mail		https://news.google.com/rss/articles/CBMi2gFBVV95cUxNc2FwNXc1OEY2SUY1YWhnXzdGN0k3ODRySE5ZZ0NzR0tBSGRiWGFuUWplVmc4WU9OUzZWaWJ6d09CeVQ2MldhZXRkYjRRb1B6TjJib3o1elpUZlFHamJCamlqemVMQzNEWkluM3hXYXBzS0xzWjRtN0RsXzJFZnF5QjZQTkU4YmgyZ0RVRDNGaC1ReUNTd0EtWklsSUZzWWtBYmdETUtQRkxyeTBRcGI2eEd3Q2FSaEJVMkZrc0t3SUtGR0ZRUU5nZGtDS29mMlUwbXdMc1duSzdUdw?oc=5
2026-03-10	Google	0.0	ExxonMobil (XOM) and Chevron (CVX) Decline as Trump Signals Swift Iran Conflict Resolution - Blockonomi		https://news.google.com/rss/articles/CBMirwFBVV95cUxOczR2bFg0bTdVdFBZQ3VyRUg5STVTb3YtaFFSY0xPTjNVdEp2YVA0bVRvTWpaTE83akIzTHNpRklCWmRmX3FxYTI0VzV1Q1lXWEo4d2MyMXJhb0IwSWQ1a2dXaTZCVHVqZXE0WU12ZklBNGs5Q092WjBRcmJNOVZSTVRBdlRUakgxdVA1a1pCZTRKUGhPekRld29XSmcxZDZ3WDhSQTZvUVppWXBodDI4?oc=5
2026-03-10	Google	0.0	ExxonMobil (XOM) and Chevron (CVX) Outperform as Oil Prices Fluc - GuruFocus		https://news.google.com/rss/articles/CBMipwFBVV95cUxNVTJWWWo4TXZoYjZscmkyckk2VnVRM2hZXzdnRGZQVnNGaksydjdGX3NCWXJ0RzViSGZtOUFleFJDZjdTb0E3ajllRU1YcVBUT0V3eDBCQWl5VTM5QWdKLUp6YTJlRktFYVpnRy1nblI0SFdncXhDVk95anRLeUcxLVhJZmdtdFFXakR1NkY3bGFPOHFGd0pJQl9FMjJWMlFNVm0tVDFzYw?oc=5
2026-03-10	Google	0.0	ExxonMobil (XOM) and Chevron (CVX) Tumble as Trump Predicts Swift End to Iran Conflict - Blockonomi		https://news.google.com/rss/articles/CBMiqgFBVV95cUxOVGZvTmVfMTl5NkVxVi1OZFlCU3dPbTBkZnVzMllya29jVV8zY3E2UlB1bmZQZlN4b1I2ZFh1Vmt2OGwyTTlqbjlxbk9IVUVWdURWVTQyUDJKanVtT3FxNV9HSlRCR3Fhc3V1THRCNTRkeUtyc0d2NHdSTnBIR29HbzVtY2JoZnAxT3NlZGlfc1V3XzRLSnA2TTE3Z3lVdXVFdE01RmNwbUdPQQ?oc=5
2026-03-10	Yahoo	0.0	Hershey and Eagle Materials have been highlighted as Zacks Bull and Bear of the Day	Hershey and Eagle Materials have been highlighted as Zacks Bull and Bear of the Day	https://finance.yahoo.com/news/hershey-eagle-materials-highlighted-zacks-134500753.html?.tsrc=rss
2026-03-10	Google	0.0	Richard Bernstein Advisors LLC Sells 8,949 Shares of Chevron Corporation $CVX - MarketBeat		https://news.google.com/rss/articles/CBMi0gFBVV95cUxPZXJ1eElNZGhTM1RsMi1HU3NLODhJRzlJbGpiOHFKd0ZHXzRNcmZFMkFvV1NkdVhZVF9rSmJkMHJ2Q0dIdl9ka3pYZHVaRHNQbHJ3dF9lZG1wdDc4RnU5VnJoTjlXSGZzamg4UDhrWHZfaHpWRUVRT2o5Zll0VDg5SkJsZnJjZ3pLelBudDRmSm9sY2N0cGt0UnVibmowUy0wODYxR0JlZkpPb0IxRjFMRDIycHgxdndxT3RZUjQtVkQ0LXNBM2g4bGVDT1RxU2RzVVE?oc=5
2026-03-10	Google	0.0	Schroder Investment Management Group Has $204.14 Million Position in Chevron Corporation $CVX - MarketBeat		https://news.google.com/rss/articles/CBMi5gFBVV95cUxQal9ORVllNU9Xd3dKaERpZ2x2ajZRSEVyUDVqcXAzYW1OZVFTM05NSXROMDVHS1FMbE9zUDkyMWxMZkFoWURreEg1dTNjU1pOMmJzTnpfbmxzeF9ucGRZZUQzaEU0aWw2Rm0wenBtVWFiZ3BBR3VuRF9rRFFqMDFLLVFNTlNGMEh0QXpVczhMbElKa0xWQ0lTTHhLWlRDMUE5dTUtUWo5OGVKRmNjUjZ0U1V6WjZzb2YwUFJDSWpPZWd1RlVxV3lMZnZ6aEMzUDN3TG1PLTFLYmxoNVpMcUswYkUtRkw2Zw?oc=5
2026-03-10	Yahoo	-0.025	Oil Price Hits $100 a Barrel Amid War in the Middle East: ETFs to Gain	USO and other ETFs surge as the Middle East conflict disrupts the Strait of Hormuz, pushing oil above $100 and lifting profits across the global oil industry.	https://finance.yahoo.com/news/oil-price-hits-100-barrel-154000113.html?.tsrc=rss
2026-03-10	Yahoo	-0.038	Big Oil Stocks Have Barely Budged Since the War Began. What Gives?	Oil prices are up 37% since the start of the Iran War, but the five oil majors’ stocks have risen only 1.4% . There are a few reasons.	https://finance.yahoo.com/m/56806d02-4761-36c3-b29e-ee6198be4041/big-oil-stocks-have-barely.html?.tsrc=rss
2026-03-10	Yahoo	-0.089	Why the Smart Money May Be Abandoning the Bull Case for Chevron Stock	While the Iran conflict potentially offers cynical opportunities, the big surge in CVX stock and other integrated oil giants could be due for a correction.	https://www.barchart.com/story/news/665996/why-the-smart-money-may-be-abandoning-the-bull-case-for-chevron-stock?.tsrc=rss
2026-03-10	Google	-0.156	Chevron (NYSE:CVX) Shares Down 1.6% - Should You Sell? - MarketBeat		https://news.google.com/rss/articles/CBMiogFBVV95cUxNNGdHeldSdER2SG05alp6T0ZkNUZ6LTNCZGpCVklqWkhWTk9wUFFWVmRZS2hLYkFfcERKTS12S1ZzNmZOWTBvRTJycFRzRHRMd0xublBEaGlhNUJpamJXbTdxY3dicC1WM0ZJNUtsM1FORG1wWmNBaDNVTzFuTTBOSTR3OXF1UzZNb2Q3eDFaN0tXWDdmRV9Rd05GNmtIblhVWnc?oc=5
2026-03-10	Yahoo	-0.184	USO Is Up 64% This Year and Still Losing the Long Game	Amidst world turmoil, the United States Oil Fund (NYSEARCA:USO) is still up 64.% year-to-date as of March 9, 2026, and Reddit is buzzing. However, the fund has returned only 15% over the past three years despite oil going through multiple dramatic cycles, and this gap comes down to one mechanical cost: contango drag. For its ... USO Is Up 64% This Year and Still Losing the Long Game	https://247wallst.com/investing/2026/03/10/uso-is-up-64-this-year-and-still-losing-the-long-game/?.tsrc=rss
2026-03-10	Yahoo	-0.2	Is ExxonMobil Poised to Gain From Current Elevation in Crude Prices?	XOM stands to gain as WTI hovers near $90 per barrel, with low-cost Permian and Guyana assets boosting margins and cash flow to fund projects and expand output.	https://finance.yahoo.com/news/exxonmobil-poised-gain-current-elevation-174300009.html?.tsrc=rss
2026-03-10	Yahoo	-0.227	Review & Preview: Crude Reality	Major indexes ended near break-even Tuesday following a sharp decline in crude futures. Plus, what to expect from Wednesday’s CPI report.	https://finance.yahoo.com/m/7f06dbab-4fce-3e92-8738-c414e1af263e/review-%26-preview%3A-crude.html?.tsrc=rss
2026-03-10	Yahoo	-0.233	Oil Shale Industry Report 2026-2035: Market to Reach $6.6 Billion by 2030 with AuraSource, BP, Chevron, ExxonMobil, Independent Energy Partners Leading	"Key market opportunities in the oil shale sector include rising crude prices, energy security needs, enhanced extraction technology, adoption of in-situ methods, and expansion of shale production in developing regions. Additionally, strategic acquisitions and technological innovations are driving efficiency and sustainability. Oil Shale Market Oil Shale Market Dublin, March 10, 2026 (GLOBE NEWSWIRE) -- The ""Oil Shale Market Report 2026"" has been added to ResearchAndMarkets.com's offering. The oi"	https://finance.yahoo.com/news/oil-shale-industry-report-2026-090400099.html?.tsrc=rss
2026-03-10	Yahoo	-0.311	Occidental, Other Oil Stocks Drop. What a G-7 Release of Crude Reserves Would Mean.	Investors are hoping for a swift end to the Iran war, which has driven up oil prices over the past week and a half.	https://finance.yahoo.com/m/4687f7f8-fad0-33c9-87bf-f1c4e0fbd345/occidental%2C-other-oil-stocks.html?.tsrc=rss
2026-03-10	Google	-0.35	Is ExxonMobil Poised to Gain From Current Elevation in Crude Prices? - The Globe and Mail		https://news.google.com/rss/articles/CBMi5AFBVV95cUxNMmxLR0FmYXBMS1g3WGJ2bjQ1cXBQTHJPdi1Tc2ZWd1ZmVTVQQ2VXYk5CR2p1MS1Gbk9tcUNrN1pYc2F2RThFemplVXJxWS1nLUFRTG02YVRJRjNyeHFtb3pZbzRkSzZkZV9hR0ZON2lQZkNMQk1WaVFCOTM5X2c0dE5kTThKeFA2TUwyNFYtcGE0bzlnUzBqd24xZ2NrZFQxYVFfNWVVU1pMYnhNRkF1NkJ1Y0ZMazNZczNfdVNOMjQ2N3Q5M3ZseWRPOG8tRUo3ZFN1WE4xVlVNdWh0blZTN0sxQjU?oc=5
2026-03-10	Google	-0.517	Chevron Slams Gavin Newsom's 'Disastrous' Energy Policy, Flags 'Serious Risks' To California's Economy And Jobs - Benzinga		https://news.google.com/rss/articles/CBMi9wFBVV95cUxNRjVmRmNIakRMa2FVcmtXTjFyNXhpSnJwTTMtZmJLcUd2aVZ5dmZPRWpMWWZPN1hTN2NqcWFQZDlKWUFCdmt6TGZJTjc2RWxNSDdUc0lpemRCVkhZV0kyaFRpZzZxUnlZNDREcU43clpzV1oxUEVScThBUU52VTVGUnJsVVhReWUzS3dtaWV5ZHVNMTZpdkZibS1WY2JtZDJJWXNlS2NsWllueFI3Q2NGVWVnbzNvSVE2bG1XVjRib1paNk8tUEFnZXpFMEQwYUt3WWlvc3RPMmR4QzFSYnduUXRqcDhXVGhLSjBPTUtPdFYxWWdqTEg4?oc=5
2026-03-09	Google	0.5	Oil Prices Jump on Geopolitical Tensions: 3 Energy Stocks to Watch - The Globe and Mail		https://news.google.com/rss/articles/CBMi4gFBVV95cUxQY2VmYm9ydjg3Ym1WYzZWaW95amJXWllBcjh3eWR2cDF0NHJIYnB3NW9DVnpLZGJNT1BhVGYwZ29faDl5RXJORDBVYTVvb1Zib3AtUFpHVzVQUmpXejEyVDEzTXJUZ0VmM3oxenF1M3VzWnJaRVlkemhSRUc0QS10d2RZNUxJTHVoYW56RWZXRmNUeXkwWmIxekIyVVdMNU9NdWVtWVY1NEFFRUdxd2lYTTJBNVJsZUZiZi1zUmtRaTM1QVdvU2JGLWdvX0wyb1pwSnBhYUJ2d3lNUDJPbmpya2NB?oc=5
2026-03-09	Google	0.5	Stocks making the biggest moves midday: Chevron, Hims and Hers, Xenon Pharma, Vertiv and more - CNBC		https://news.google.com/rss/articles/CBMioAFBVV95cUxPMmZWSnNMTWNIU2RQZXBTY1NyV0J2TFVHaUJQWjhMdHVUZXNnTVFMNTNPdXV1Z0JVU0hLejUxcWlwWmpBbEFBQXY4aGdlaFNnY1N0ZHBSZUZSWVVhM21wMThCRW40bkU3dGZPdV9LSXJMMzh1ZDB3WmFSS2NSaUVNZnlEdnFKY2ZhS2JuN3IzQXV2bE9hWVJPZ1lrZ2ZIZGJU?oc=5
2026-03-09	Yahoo	0.412	These Stocks Are Today’s Movers: Hims & Hers, Live Nation, Broadcom, Carnival, Vertiv, Sandisk, Strategy, and More	Hims & Hers Health rallies after Novo Nordisk agrees to sell popular weight-loss drugs on its platform.	https://finance.yahoo.com/m/36fd55c7-992f-3816-8223-7c509cbb0082/these-stocks-are-today%E2%80%99s.html?.tsrc=rss
2026-03-09	Yahoo	0.375	Top Stock Reports for Visa, Chevron & Toyota Motor	Visa beats fiscal Q1 estimates as revenue jumps 15% and cross-border volumes rise 12%, but higher client incentives, expenses and regulatory risks cloud margins.	https://finance.yahoo.com/news/top-stock-reports-visa-chevron-210500465.html?.tsrc=rss
2026-03-09	Yahoo	0.344	5 Dividend Stocks Are 60% of Berkshire Hathaway After Buffett’s Q4 Selling Spree	If any investor has stood the test of time, it’s Warren Buffett, and with good reason. For 60 years, the “Oracle of Omaha” had a rock-star-like presence in the investing world, and his annual Berkshire Hathaway shareholders meeting drew thousands of loyal investors. They were stunned at last year’s meeting when Buffett announced he would ... 5 Dividend Stocks Are 60% of Berkshire Hathaway After Buffett’s Q4 Selling Spree	https://247wallst.com/investing/2026/03/09/five-dividend-stocks-are-60-of-berkshire-hathaway-after-buffetts-q4-selling-spree/?.tsrc=rss
2026-03-09	Yahoo	0.333	Jim Cramer on Chevron CEO: “Michael Wirth Is the Best At What He Does”	Chevron Corporation (NYSE:CVX) is one of the stocks on which Jim Cramer gave his opinions. When a caller inquired about the stock, Cramer said: Let me go to work on this… Because I gotta tell you something, you did hit the key stock in this entire market, and that is Chevron. Why? Because Michael Wirth […]	https://finance.yahoo.com/news/jim-cramer-chevron-ceo-michael-172752119.html?.tsrc=rss
2026-03-09	Yahoo	0.275	Oil Prices Have Spiked More Than 25% Since the Iran Conflict Began, Yet Oil Stocks Have Barely Budged. What's Going on in the Oil Market?	Oil stocks are taking a wait-and-see approach to the war.	https://www.fool.com/investing/2026/03/09/oil-prices-have-spiked-more-than-25-since-the-iran/?.tsrc=rss
2026-03-09	Yahoo	0.25	Has the Iran conflict fundamentally changed the energy landscape?	Investing.com -- Jefferies says the Iran conflict has fundamentally reshaped the energy landscape, arguing that “advancements in drone technology… should drive a higher risk premium in energy equities going forward.”	https://finance.yahoo.com/news/iran-conflict-fundamentally-changed-energy-143953685.html?.tsrc=rss
2026-03-09	Yahoo	0.25	Oil Prices Jump on Geopolitical Tensions: 3 Energy Stocks to Watch	Oil price close to $100 as Middle East tensions disrupt Strait of Hormuz flows, tightening supply and boosting prospects for upstream giants.	https://finance.yahoo.com/news/oil-prices-jump-geopolitical-tensions-162500460.html?.tsrc=rss
2026-03-09	Yahoo	0.162	Chevron Corporation (CVX) to Suspend Production at Leviathan Gas Field Offshore Israel	Chevron Corporation (NYSE:CVX) is among the 14 Best Oil and Gas Dividend Stocks to Buy Right Now. Chevron Corporation (NYSE:CVX) manufactures and sells a range of high-quality refined products, including gasoline, diesel, marine and aviation fuels, premium base oil, finished lubricants, and fuel oil additives. It was reported on March 2 that Chevron Corporation (NYSE:CVX) […]	https://finance.yahoo.com/news/chevron-corporation-cvx-suspend-production-182016465.html?.tsrc=rss
2026-03-09	Yahoo	0.15	Chevron (CVX) Valuation Check As Geopolitical Tensions Lift Oil Prices And Venezuela Exports Resume	Surging tensions between the US and Iran, along with Iranian strikes on Gulf energy infrastructure and threats to Strait of Hormuz shipping, have pushed oil prices sharply higher and put Chevron (CVX) firmly back in the spotlight for investors. See our latest analysis for Chevron. At a share price of $189.94, Chevron has seen a 27.91% 3 month share price return and a 21.83% year to date share price return. The 1 year total shareholder return of 25.97% points to momentum that has recently...	https://finance.yahoo.com/news/chevron-cvx-valuation-check-geopolitical-070931422.html?.tsrc=rss
2026-03-09	Google	0.136	The New Energy Titan: A Comprehensive Research Feature on Chevron Corporation (CVX) in 2026 - FinancialContent		https://news.google.com/rss/articles/CBMi7wFBVV95cUxQY1NENnJjVmlSeGlPZ0xyd1N3ZDRneHhxTlprNkxic09lQ09vTEoyZU9IN2d3RmJpNWZESjBKT2RLVmJIc3N0Y24yOW9VSFhqSXA3XzRCMXdMYkoxQjJISW54cVFsS3BMZlQ1MldEemdaUDY3LUwtYzktc01UTk5kZzV0anlWLXdwT0tnc1V4cGpQcGRFNzloTU15N0JIcWdYbmlWYk5QZllBa0o1ZWZtSnlMS0tUaWVmZTVEbjU4UWxsMG1zTjZIQnBwYVRBQ3R5aVBRQUMta0NkZmpqV1BzcUdXNE5QWUxDZzZJUTVXSQ?oc=5
2026-03-09	Google	0.136	The New Energy Titan: A Comprehensive Research Feature on Chevron Corporation (CVX) in 2026 - The Chronicle-Journal		https://news.google.com/rss/articles/CBMi-wFBVV95cUxQTzdob1c1YWoxZmczQm9nQzhKZ1BsREZ3OGwzZ2gzSllYR2RTWnlFQ3dLVjM0TDA1R2t4b2kwRGkzUGF2SVB1MHJlc1A3bXdILXZEWTJSYllyaDdkVm0yQXVXRG8zOTlCYkg1bGdEenFWZksxcVpqWVVHbDA3ME41UUJCYzJwemtpMk9Ld3A1RFhfMG1qYUxtVS1CTHBXSV80VmZRR2NFcjYwVUFTbmpDaHBVUWExVG1ZMWpjSzlUenZOckNTd3dPZkhDVnFkTnh5bW5TNFpFZllkaWVweHFINVNmTEtSeF9tc0FFZEdGT1NvZzZUamctQnZjRQ?oc=5
2026-03-09	Yahoo	0.112	Chevron’s Hess Deal And New Projects Test Valuation As Oil Prices Surge	Chevron (NYSE:CVX) has closed its acquisition of Hess, adding a stake in the Stabroek block in Guyana. The company has secured exclusive negotiation rights for Iraq’s West Qurna 2 oilfield. Chevron has resumed Venezuelan oil exports, sending its first shipment since late 2024. These moves come as oil prices react to fresh conflicts and supply disruptions in the Middle East. Chevron enters this period with its shares at $189.94 and a return of 21.8% year to date as of the latest close. Over...	https://finance.yahoo.com/news/chevron-hess-deal-projects-test-181148819.html?.tsrc=rss
2026-03-09	Yahoo	0.094	"Stocks Close Higher After President Trump says Iran War is ""Pretty Much"" Complete"	The S&amp;P 500 Index ($SPX ) (SPY ) on Monday closed up +0.71%, the Dow Jones Industrial Average ($DOWI ) (DIA ) closed up +0.39%, and the Nasdaq 100 Index ($IUXX ) (QQQ ) closed up +1.13%. March E-mini S&amp;P futures (ESH26 ) rose +0.69%, and March E-mini Nasdaq futures...	https://www.barchart.com/story/news/650079/stocks-close-higher-after-president-trump-says-iran-war-is-pretty-much-complete?.tsrc=rss
2026-03-09	Yahoo	0.064	3 Reasons Exxon, Other Oil Stocks Are Rising as Iran War Drags On	Exxon  Mobil and other 0il-and-gas company stocks gained early Monday amid escalating tensions in the Middle East and as investors positioned themselves for the possibility of extended supply disruptions.  Oil exploration and production companies  Exxon Chevron  and  Occidental Petroleum  were all up in premarket trading—by 0.7%, 0.7%, and 1.2%, respectively.  Natural gas companies had a similarly strong start to the week.	https://finance.yahoo.com/m/1f5aa808-a31c-3a38-9167-012875cb1631/3-reasons-exxon%2C-other-oil.html?.tsrc=rss
2026-03-09	Yahoo	0.062	Chevron Secures Long-Term Gas Supply Deal With Horizon Power	CVX signs a five-year deal to supply 14 petajoules of gas to Horizon Power from major WA projects, reinforcing the state's electricity reliability and energy security.	https://finance.yahoo.com/news/chevron-secures-long-term-gas-124500605.html?.tsrc=rss
2026-03-09	Google	0.062	Iran war boosts oil price, but oil major shares are stuck on the sidelines - Reuters		https://news.google.com/rss/articles/CBMi2wFBVV95cUxNOGozVlNTOWJSMUdGTXU1VnowUFlwYXBxdWNSNE5ISk5fZ3h6NC1QM3FfcmtlSWNlS0V2b2JCT0tya3Y5cVBuQnFtZElXaEpPMDNLYjBZSXFKQzRmSjlQOFBac29Mc240Y3B0MlhreWRyY0RnTUY1cmR5V25yUWNSWm1DMzdYWGg0VFhtY29waXJTc2ZkSUtyUkhTVndTc3VhcUFjMENYVEdQTmtTNW1ib0N2SE5PbEdFVmZrX0hNcXRVcDNWQ0pabm1EQzVMd2UzWkVEUmhVakUyVTA?oc=5
2026-03-09	Google	0.0	5 High-Yield Stocks That Could Help Cushion Market Volatility - MarketBeat		https://news.google.com/rss/articles/CBMiowFBVV95cUxNSzBNeWVlYXpnaDJrOXJ3NzNfUUFVT185c0txWmg5a3hkYVRQb1UxSHJ6UUlsTkFYUXVCSHg1TWRCMmdPYlFwZXlZRFNuUDFZX1BLb1JEa0pJSFBzR01zdG5KeWRHeTI0ODdUZDVRSk1rNHNRcXdaUXdlT2VPRDAyLVhCWWV4S1JuclRRRHNDaC1hSDhZTTliX2paY1pweG9abWxJ?oc=5
2026-03-09	Google	0.0	Chevron (CVX) Valuation Check As Geopolitical Tensions Lift Oil Prices And Venezuela Exports Resume - Yahoo Finance Singapore		https://news.google.com/rss/articles/CBMikwFBVV95cUxPbXhXZDFkQmFGV2hkMnFfVmQ4NHd1QlU4cTFYeldNRTk5eTcxRHhQNk9vNnhSSmUyNS12Zzh0YWZSTkJDQnV3MUdXN0NPVHJPR0NVR05OY1R2Wl9zUnVNbXdSbVltZXZORXNCaW9neno1WHJHV2dRZmJZLTFEWS00cTI4SXBKSzNDSjZHaXZCZXdMREk?oc=5
2026-03-09	Google	0.0	Chevron Corporation $CVX Shares Acquired by Vinva Investment Management Ltd - MarketBeat		https://news.google.com/rss/articles/CBMi0AFBVV95cUxOUm53OGR2SFh1eDdVc0ZHSEhUWmdpYlNDVm5lN0JNU3gtcXNpVk5iM1RkTGxJbHdfTXFVbUE2M3hFVGFKdkRvd1g2Y2JfS0xEdE1NcDRjQUhDU1BzMVYzaDFZTk1nTVZmRWxucWFNN0h4SEhsYWpjamFKYkJfNHlhOEllWGg2aFNsZDhhUE9DWlRpZE1OcmhnVnVtYjFTZzFiS3R2UnppZkF3b3RZdmg5YXJ1VFVYWnhXNGdESFFJZFBpZlczYjhVcEhkcnRGZEo0?oc=5
2026-03-09	Google	0.0	Chevron Corporation $CVX Shares Bought by Russell Investments Group Ltd. - MarketBeat		https://news.google.com/rss/articles/CBMiywFBVV95cUxQaG5ISXlDbkh3ekVOYV9jRU8wV0I4UDQ1bkp2dzkzQ0lkUi01V1NfTzVUYlJLSGJFM1prNXdzUTZsXzRTdlh2WlZSdU5LNldsQm9Nc0JVR0dLYU10VGpma1dEQXY4ZXNSVngxRGZKRzk3V1hqcFdQQlFvYU5LaHRSQWwxTEgzS1RJdVUxWTg2bGxfS3pkQ3dJMkxoUEhoZ3M3VVo3S2cwS3ptZkc1U2JmckhpU0EyVjg1VTcxenhaZkJGdTRVZ3BKSEtrYw?oc=5
2026-03-09	Google	0.0	Chevron Corporation (CVX) to Suspend Production at Leviathan Gas Field Offshore Israel - insidermonkey.com		https://news.google.com/rss/articles/CBMixwFBVV95cUxPTFBQRkFqb3pIUFY2XzZHNUMtZEFpMmZEZW5TSTgxZFJuWW82X3R2Q0hiSGdVV2hDQzRIMENvbUJ5SzE0VXVOSjdRQ3hnY1hoaHNEb3ZOMU5nMi1yLW9LTHNfZlVxUXR4VzI5ZWk0djMyWHptVFRmY1BKTEg3RkM0R2tSczRiNlNWcUZvX0lOQllvTDRUWXpLSkFCQkpzbTRxai0yY1BGdk83RzhabVU2MkF0azBQZlRkelNYbHNxTndVRW1ldjNV0gHPAUFVX3lxTE55RUtqZU1lU3JwdTRFbzJnX0JLbHc4WURJQ1liaHlEOEFBQ2M0YWkxNmhYOGhJU3NsU216b1ZZTWRwLW1Xb2VTWWkzWEx0VktGT0VPVEI2NDdncnpveWloUExXOEljcVVrOXlqaWJvdDhTLWVKRDhTTVRYeUlJbVFDeUl4OHdFNVMxa01lTHpZcTJhRDFJV1A2UTM0OHY1RnpsazROcWcya2NZbS1mR3FabHZzTFFKOW45bnJ1alZfX0JnQ0duVjNGUk1OY0xEVQ?oc=5
2026-03-09	Google	0.0	Does Oil’s Geopolitical Spike And Guyana Expansion Change The Bull Case For Chevron (CVX)? - simplywall.st		https://news.google.com/rss/articles/CBMivgFBVV95cUxPUjhXbFFIQTQ4cVNpQ2x3cU9YWWllQUdrWGVHZzJnMlVyWUc3b1FCWnlZd0pveFJjUDhPQ0dIWWFDR0hST29jaGhZdHl4dXV1empfaWhLaVVFODNxblAxUG9tdk1rTEk2MjhOTEZSVVozQVlHWGJzN0ZHclJyWVlWSDNpVXFxVHhuN3dLSTBDNUVuQVpjaFNGeGl2VUwzNGI5eWx0bTFoa0JldFlXTTZmUS05N0RDT3VXV0hteU5B0gHDAUFVX3lxTFBnZ3dLRVBhSFlKNjlnNmpSdV9qdVR1aHdlY185UWZvZUhsQmw3SGJfLUtGbTlZZUJ2TmtGWFZWVy1nUDRvWjlTYVlrSkxWbzVKaWg5YUtQUlBVNzZQZmNkM095YWxNUjdqM0pBQUN3ZGdVcGQ1YmFBUEpJWktPY2g4M0ZMR2o0U3RMb2g5bDVodWFtUDFIdXUxeTAwZG9jWF9PZDNHTWZMcU56QVV2dnJ2cFVNMGtZRktzWHl3azFOSFBxUQ?oc=5
2026-03-09	Google	0.0	LGT Group Foundation Buys 9,643 Shares of Chevron Corporation $CVX - MarketBeat		https://news.google.com/rss/articles/CBMiwwFBVV95cUxORmNYM1pVd1h5VFhEN1pSLXpZSFllQXo0djB1T0NqTlptdTJ4S2gyWmxBMUloX2NWalJ4QUF1NWF5aV9KYlF4S3pzTEtfcXBEbHkwaFVxWWVzWm9PdFRXVVM2WUh6a0w1VEhWS2FfTGVmWmNmYTFSM2tsSUw2UWxhZmw3RnRnY1NMS1A0M2djOFVuckdidzN6STUxSGJwTVRCRDZQZ3BDNDFaaC1ZM3NSSm5zS3Zna3FReGlZa29BakFkRDQ?oc=5
2026-03-09	Google	0.0	Neo Ivy Capital Management Decreases Stock Position in Chevron Corporation $CVX - MarketBeat		https://news.google.com/rss/articles/CBMi1gFBVV95cUxPa0lyaXROTE1lbGhDck4tdmFQbDBIMTdhVDZGZWI4cFlfZVp1N3hhRzRaQTZMMUhDY00zaUwwS0dVMU1GUF9CMVVJWmNwU2FXNkR6SkxJWmRadEQyTWZzY3g5dmpwellxTjhKb2M1Q3czdkxpa2lOUDRON3JHaFExdHVBVGEyNk5DUzJxVkpadUhLQzE5NS1WTC1Lc3F3M3BHdmhxUmZiWEtOQU9ScnpZZzlnTy1BMnlrbzV5X0IzaWpsU2lCNklocGk2RnZLN192MVdmSlFB?oc=5
2026-03-09	Google	0.0	Oil Could Break its All-Time Record and Hit $148 Per Barrel This Week - 24/7 Wall St.		https://news.google.com/rss/articles/CBMisgFBVV95cUxOYS1XX1hyT0JFb2ZBckMwUmVZeVZVWm4yZ243Z3F6ZFExcHl0NVcwYkVyTjBvSTJZdXNoR3dnWDlEMHBqVkhmOUt6eUxpcEdPXzZ0cWthdlFVZ205enZpRk93NEgxb3ZYeFRDODk0ekVWWE1hclA2THY5YlBDdmFjZHJTc2hwZGdSdVU4Y19vOGN1dGNtSDNCb0pmNDl0azdzb2RjQUJGY3B5UWc0b0hfTUln?oc=5
2026-03-09	Google	0.0	Oil Could Break its All-Time Record and Hit $148 Per Barrel This Week - Yahoo Finance		https://news.google.com/rss/articles/CBMifkFVX3lxTE01S1BXVnF3SFpEWnJCaUpyZzBTT0Ntb1paYndwQ1ZKeWdxb3l2SU5JYlU1VjNIU1hJX2lMYWE1anREbV9fRlRKbjVReTNkS29sNXBLVDByMVN4Ykh3S3N1NURFaF9tQ0drVGZFT0IwMUJaRVJjaFFNVUt3aTlfdw?oc=5
2026-03-09	Google	0.0	Private Advisor Group LLC Has $43.51 Million Stake in Chevron Corporation $CVX - MarketBeat		https://news.google.com/rss/articles/CBMi0gFBVV95cUxPXzZkN0tHSzdrSW5KVjhjSWNVUi1sMHNQemk3ODl1bUV3a1luVjJOT1NaUWRPNzJLMVdjQ3FsbVQ2dkloOFd0YlEyUGI3TkkyTHdVWDg2R0RreTZEal9lQ2ZQSm92a29RMmVNa0dudmhOOHVSbng3Y0UzT29VZ1ZLZ0NCc09HZThieTZ5VGhqNnh4Q2FrN0d5RG5qNjJKeGQwSE0wdGxxQ1U4aF9rYjg3c2dHRFNTZ2hjcTZTYVdLR0VUVzhCVS1ndmJFNmhUQUM5Qnc?oc=5
2026-03-09	Google	0.0	What Happens When Oil Hits $150? - Trefis		https://news.google.com/rss/articles/CBMilAFBVV95cUxQV0swUVY5RnN0dXlub3gyQ05TNHZkZjFoYUZVa2djRUdGcWt6MEE5WnpWbTJhTjYteG8xblpvTVItbHFsaUlRRVhjNl9yTDBoUmpHUnlxT2V4Q1h0aU5HSmd4SkhyaG9DRUtxZ0pjSGhnOVpVMUpta3RLT3VkZ3JUeW44X1NaUUhqUFhuMXhkOEE4YmtO?oc=5
2026-03-09	Google	0.0	Where Will Oil Prices Be On March 31? - Trefis		https://news.google.com/rss/articles/CBMinAFBVV95cUxQcjA2NDhzaDRybHY0d2hGclRDSVdJOXpWUGF0OVFBbEFnM0hzSDNhM0NXNnRkMGRjX1FZbk5SSFZTVHN5X1JkRGNUZXRMUG9DcWFwOHJ5R2g1VlF2MVpmdnV6Qkg2V0RyV3lfZm1BOVMwc0kxU3JrU2czUGNiZjY5RFRVWFg1ZDdOa2RDcFBkUE5fNjNIUkItaXR6dVY?oc=5
2026-03-09	Yahoo	-0.1	Workday takes partial loss as judge refuses to dismiss claims in AI bias lawsuit	The court rejected the company’s position that federal anti-age discrimination law does not cover job applicants.	https://www.hrdive.com/news/workday-partial-loss-judge-refuses-claims-dismissal/814227/?.tsrc=rss
2026-03-09	Yahoo	-0.126	Oil Could Break its All-Time Record and Hit $148 Per Barrel This Week	WTI crude oil futures are trading near $120 per barrel tonight, and the energy market is staring down a historic moment. Just three weeks ago, oil was sitting at $66 per barrel on February 20. Tonight, futures markets exploded by 30%, a historic move. The bigger picture? The all-time record for a barrel of oil ... Oil Could Break its All-Time Record and Hit $148 Per Barrel This Week	https://247wallst.com/investing/2026/03/08/oil-could-break-its-all-time-record-and-hit-148-per-barrel-this-week/?.tsrc=rss
2026-03-09	Google	-0.175	147-year-energy behemoth expected to raise dividends as oil surges past $90 - thestreet.com		https://news.google.com/rss/articles/CBMi0AFBVV95cUxPcWF4WTQ1UmxKaUNWQUtVdHViOXd5TWlVOGVFWFMwVndGRERSLVBwaWZybHM1RU96azkzZE1BUGZMTkVJaGNPWmtQUmoxbnlfaFBTaHBpMi16NkNQQUhvYTRXa01yYUtPbmlXVTBsMFhHU0FiNkc0UHQ2SVdvN1pheE1fbHRveExrN0pRRDhUekxUNXpYejR5aHg2OGs2RkMxNmNtdmxXY1BQajEzVXJwMm9KSS1OU3hWb09LVW5BS3lUYUZUNWZyWmQzTm5TdUd5?oc=5
2026-03-09	Yahoo	-0.181	Double, Double, Oil and Trouble: Crude Hits $116 and Here’s What It Means	Crude oil is sitting at $116 per barrel right now, and for the energy sector, that number carries significant weight. The last time Brent crude touched this level was March 2022, when it hit $117.25 in the wake of the Russia-Ukraine invasion. Before that, you have to go back to 2011 and 2012 to find ... Double, Double, Oil and Trouble: Crude Hits $116 and Here’s What It Means	https://247wallst.com/investing/2026/03/08/double-double-oil-and-trouble-crude-hits-116-and-heres-what-it-means/?.tsrc=rss
2026-03-09	Yahoo	-0.181	Wall Street Is Pointing to the 1990 Gulf War Playbook — And the Signal Is Unmistakable	WTI crude soared well over $115 per barrel on Sunday, its highest level since 2022, after Gulf producers including Saudi Arabia, Kuwait, Iraq, and the UAE slashed output amid near-closure of the Strait of Hormuz. The S&amp;P 500 (SPY) is down over the past the week, while energy names are outperforming. History offers a clear ... Wall Street Is Pointing to the 1990 Gulf War Playbook — And the Signal Is Unmistakable	https://247wallst.com/investing/2026/03/09/wall-street-is-pointing-to-the-1990-gulf-war-playbook-and-the-signal-is-unmistakable/?.tsrc=rss
2026-03-09	Yahoo	-0.192	CNBC’s Brian Sullivan: Oil Up 9.5% But Exxon and Chevron Barely Moved, and That’s the Point	CNBC’s Brian Sullivan stepped in front of the camera Monday morning with an observation that cuts to the heart of how energy investing has changed. “Look at crude oil. It’s up 9.5%, but it’s not at $125 a barrel. You got Exxon up half a percent, Chevron up one quarter of 1%. The markets are ... CNBC’s Brian Sullivan: Oil Up 9.5% But Exxon and Chevron Barely Moved, and That’s the Point	https://247wallst.com/investing/2026/03/09/cnbcs-brian-sullivan-oil-up-9-5-but-exxon-and-chevron-barely-moved-and-thats-the-point/?.tsrc=rss
2026-03-09	Yahoo	-0.194	Venezuela is back in the oil game at a critical moment	The Strait of Hormuz is under strain. Iranian oil exports are in jeopardy. And the global energy market was desperately looking for a pressure valve. Venezuela just quietly opened one. For the first time since late 2024, Venezuela has resumed exports of diluted crude oil (DCO). The grade had been ...	https://www.thestreet.com/markets/venezuela-is-back-in-the-oil-game-at-a-critical-moment?.tsrc=rss
2026-03-09	Yahoo	-0.265	Oil Stocks Rise as Crude Prices Surge Past $100 Per Barrel	Shares of major oil companies were higher pre-bell Monday as crude prices surged past $100 per barre	https://finance.yahoo.com/news/oil-stocks-rise-crude-prices-074900670.html?.tsrc=rss
2026-03-09	Yahoo	-0.35	Exxon & Chevron Jump While Berkshire Drops on Sunday Night	As oil futures rocket past $100 per barrel tonight, the market is splitting in two. Tech and diversified holdings are getting crushed, while pure-play energy names are surging. Let’s explore some of the biggest movers on Sunday night. Tech companies like NVIDIA and Apple are getting badly bruised, but energy stocks are rallying. Exxon (XOM): ... Exxon & Chevron Jump While Berkshire Drops on Sunday Night	https://247wallst.com/investing/2026/03/08/exxon-chevron-jump-while-berkshire-drops-on-sunday-night/?.tsrc=rss
2026-03-09	Google	-0.35	XOM, CVX, COP: Big Oil Stocks Rise as Crude Hits $100 Per Barrel amid U.S.-Israel War on Iran - TipRanks		https://news.google.com/rss/articles/CBMiugFBVV95cUxQclpPYUZFUmJSUjJkVlFYWmQ1bXM4SFlTUGhjZjlWRzlxanN4TkFFeDhRcGt3UE1idzZnZjNNQlZuckV5VTkxeVY3aDZWeVV5S1c3SzV2VHFkbHF3SXZiTDM0NG5JVE1UMmlfQTB3UHFlYzdmckhndFhaOUl5U0Nyd3pVSlI5ZkktOTYxZE50bUV3Z0E2emI4UFI0MXpCUV9zWURHb25KeTBZR1czSTB2dmd2MWoyMWFxN1E?oc=5
2026-03-08	Yahoo	0.231	Warren Buffett's Final Top 10 Stock Holdings: Which Ones Will Greg Abel Likely Sell?	Berkshire Hathaway Inc has a new CEO, and Wall Street is watching his every move. Here’s what Greg Abel‘s early commentary suggests about the fate of Warren Buffett‘s top 10 holdings. Berkshire Hathaway's Top 10 Stock Holdings In the fourth quarter, Berkshire under then-CEO Buffett took a new position in the New York Times and adjusted positions in several of the company's top holdings. At the end of 2025, these were the top 10 stock holdings in the conglomerate’s investment portfolio: Apple Inc	https://finance.yahoo.com/news/warren-buffetts-final-top-10-113115378.html?.tsrc=rss
2026-03-08	Yahoo	0.183	Oil and Gas Stocks Are Surging, but Nvidia Is Still Worth Double the S&P 500 Energy Sector. Are Energy Stocks Undervalued?	The U.S. attack on Iran is moving markets and driving oil prices higher.	https://www.fool.com/investing/2026/03/07/oil-and-gas-stocks-surging-buy-nvidia-stock/?.tsrc=rss
2026-03-08	Yahoo	0.167	If Oil Is at a Peak, Does Shorting Chevron Puts and Calls Make Sense?	Covered calls at the $200 strike for Chevron stock, 5.3% higher, yields 2.1% in one month. Moreover, the 10% higher CVX call strike price yields 1.0% over one month. It may make sense for investors to short OTM puts and calls.	https://www.barchart.com/story/news/630004/if-oil-is-at-a-peak-does-shorting-chevron-puts-and-calls-make-sense?.tsrc=rss
2026-03-08	Google	0.16	Chevron Expands Hess Deal Into Wider High Risk High Reward Portfolio - simplywall.st		https://news.google.com/rss/articles/CBMivgFBVV95cUxONzhERUFqSVU0RmN3T2pCdWk4WHNnSHozeVplMy1TSWxxbW8wM2FiR3h6RTdZVHZGamR4bDhuLUM4M1MxdkJ3UU5XaXlPNUNoOHVHVVJyZFZ1amdHaVZOWmZjS3pSdkI1eUFrdVQzYkg0LVN4S18xd21XWEhZU1BFM2YxajhkcmQwdFdvTzZtMlZGemoyRWZsbWlSeW1YeHZIWmpCRTcyc1E0N1NoTnJYSHhTVzVyVXJLMjhoalZn0gHDAUFVX3lxTE1aclNxbWg4NWxvQThLZDNHVjdUN05ZZGljM1prNVJyNkZHbEF6ZlItM3FvYVVXTGowVkYxQVBDODlVLVJ2ZS12XzlXWXp2YWhzOUFZN2NRTEl1cnJNN00xWUdIRThmbTF0MVRaTVMzUHdUOGVtbVRYOWJXSFRpeDhfclF1N3hKS0xxTl9KbGl6U1h6ZkxOdE1iQV9UOFZZM2ZpMWhabUlicmlYX0xQZUwxa29GZ0JHaXhaTmd1ekdLY0t0TQ?oc=5
2026-03-08	Yahoo	0.094	This 5-Star ETF Pays Monthly Dividends and Has Never Missed in 19 Years	For retirees piecing together income from multiple sources, WisdomTree U.S. High Dividend Fund (NYSEARCA:DHS) has become a quiet staple. With over 400 individual holdings and 19 years of uninterrupted monthly distributions, it offers consistency that income-focused investors genuinely value. But a 5-star reputation deserves scrutiny, not just admiration. How DHS Generates Its Income DHS is ... This 5-Star ETF Pays Monthly Dividends and Has Never Missed in 19 Years	https://247wallst.com/investing/2026/03/08/this-5-star-etf-pays-monthly-dividends-and-has-never-missed-in-19-years/?.tsrc=rss
2026-03-08	Yahoo	0.081	Income Investors Are Embracing SCHD After Back-to-Back Dividend Raises	SCHD has pulled in nearly $800 million in net inflows in a single week this February, and income investors are rotating toward dividend growers as bond yields soften and volatility climbs. The fund now holds $78.4 billion in net assets, making it one of the largest dividend ETFs in the U.S. The appeal is straightforward. ... Income Investors Are Embracing SCHD After Back-to-Back Dividend Raises	https://247wallst.com/investing/2026/03/08/income-investors-are-embracing-schd-after-back-to-back-dividend-raises/?.tsrc=rss
2026-03-08	Yahoo	0.041	Oil Prices Are Soaring. This Is the Vanguard ETF You Should Be Buying Now	Oil prices have erupted higher in recent days as fresh conflict erupts around Iran, with Tehran issuing direct threats to disrupt shipping through the Strait of Hormuz. That narrow waterway carries roughly one-third of all global oil trade, and any meaningful interruption would send crude prices even further into the stratosphere. Investors already faced compelling ... Oil Prices Are Soaring. This Is the Vanguard ETF You Should Be Buying Now	https://247wallst.com/investing/2026/03/08/oil-prices-are-soaring-this-is-the-vanguard-etf-you-should-be-buying-now/?.tsrc=rss
2026-03-08	Yahoo	0.002	Chevron’s Hess Deal And West Qurna 2 Talks Test Valuation Story	Chevron (NYSE:CVX) has completed its acquisition of Hess, adding a major interest in Guyana's Stabroek block to its portfolio. The company has secured exclusive rights to negotiate for Iraq's West Qurna 2 oilfield, a large project in a key producing region. These moves come as crude prices react to heightened Middle East conflict, including Iranian strikes and the death of Iran's Supreme Leader. Chevron reports record operating performance, strong cash flow and ongoing dividend growth during...	https://finance.yahoo.com/news/chevron-hess-deal-west-qurna-150836081.html?.tsrc=rss
2026-03-08	Google	0.0	Chevron (CVX) Stock Jumps 3% On Bank of America Upgrade as Oil Holds Above $90 - CoinCentral		https://news.google.com/rss/articles/CBMioAFBVV95cUxNdUhFSFdmQTBLYjNUcnNVaGMwaFJhQjcwZXFJdkdmN1ROQklkM0xRSXRVSUZIaWh2aVVrT2ZBMVV1Q204ZzNrdTBPVEhDVjREbjkxamMwbE1xU1NTc2ZEVTZVRS1ZNFN1R1hKb3lFX0lVVGxqUmp3anBQWTNsMlVfd0wzUXlNczdUVERMazJOTVdEUXdKRzVYdDFfdi1WUW9Y?oc=5
2026-03-08	Google	0.0	Chevron Corporation $CVX Shares Bought by Natixis Advisors LLC - MarketBeat		https://news.google.com/rss/articles/CBMivwFBVV95cUxObFdNOXU5S0ZtY1ZsQlNKWXB6SG0yUE8zc2ZpYnZYa1lNQWQ4MVQwNnd1M0VtOUdyMHRDdl85cEZvYXJEa0pFMktzYkFTcmVoR2xHNF8wa1dxaHVBMTZfVU5jUGJqa3R5ME4tNlNMQnF3NVRiZndzNFhiY3U0SG5pbnQ4WUV5ejByWlpZWWd5QzBHVm8tQ2tsYmktNU5VaGg4dTAxTlZlRUxTOUFmNWpCQ0dmYmVHcTEyT2FkNXhvNA?oc=5
2026-03-08	Google	0.0	Chevron Corporation $CVX Shares Sold by Rathbones Group PLC - MarketBeat		https://news.google.com/rss/articles/CBMiuwFBVV95cUxOd0NGQWdXTlVrNEs5MU1zUC1OUFpfU01IU2I0c2tTNDYyWURsS19EN2RjWXUxV3ppazd4dkVxR0V4T2IyS2Y4YjZjQVluVTRXUHQ5RmN1cTRjRDVkX3kyMGxiN2w0cGJuRk5ZWm9tUTN1aHl4NHJIMUtndE1lY2FwNlhsMHBfdWRTSVNQRzZxZHY4bjEzTnA4V2lHOUw4T1o5TU95NHpFRjd4OXlUZzJKN0JuMkdoZGxhNE9V?oc=5
2026-03-08	Google	0.0	Grantham Mayo Van Otterloo & Co. LLC Decreases Holdings in Chevron Corporation $CVX - MarketBeat		https://news.google.com/rss/articles/CBMi1wFBVV95cUxQZHJHallfNTExdy1BdFFhTWJIY0pvZ21sUm5mUUJwNXZhR011aXh5dVVfN2hyZEIzc3NVTUo3UUJ0WFNRWlAzYWNMajBMS2Zhc3laVWJTcmk0NXZ2ODl2VUI2MVllRUdpbHVRaWMyVGdhTmFYOHE3UTBCc3hYM2tRWHQtVnVuZEZjUDFEcUF3UGJBdXpvRVJwS18xRjBtcXlKZlNCZHFTNTcxZmJQLVRrZlJxU0t2V0JKTURORzF1Tnl1SnduTjRHZDdiUjNub3ZMVEpPeW9RRQ?oc=5
2026-03-08	Google	0.0	If Oil Is at a Peak, Does Shorting Chevron Puts and Calls Make Sense? - FinancialContent		https://news.google.com/rss/articles/CBMi0wFBVV95cUxQX1ZnTVdmekxSVGlDRWZUXzVGOE94cXNHSVFITkQ4QzhXcWV3VE4zNUJhekc2b2Rfd3pmb3FwMVFHTTE1VHMyQWhVa2E1N21ydWJ5Z3RtS3RBR0M4cF9QZ0FaV0ZCSE1qN2hZMVNFT0Q2MW1SN3E3TTJ6aEduanNkODRrZi1XNzBmU0lsblpueWxTOHhMUURKMjVTaXR6RjR4LXlKdFRaTDg1dV9VNUxoRm1BYWFVc0VOLW5HblJ5NTFVUy02SVRyLTlSajh3XzB3WEsw?oc=5
2026-03-08	Google	0.0	Korea Investment CORP Has $219.35 Million Stock Holdings in Chevron Corporation $CVX - MarketBeat		https://news.google.com/rss/articles/CBMi2gFBVV95cUxQV3dXSVJhaGsxczhVYVRNaThHdl9QdFJrdzUtUGlJcWhINTlqSWl6T2N1TS1RTDZpM29tcnptdEsxN1Y1VEg0QUtUYi1QVU5nSnI2NThBSFktRTczS3l4czZYOW9PLUNEVGg1dU5kbTFCTERhTGFQVlZsWVFBZjE3WGVyZ0RoZG05Yl9HOHd5X1pCU2dQNzRtZENBc0kyaG9IOUtMUG1oOHAtR1NnYmFKblQ5T0lPQ3pNOUhDaVpHYW9WNGdDRXd3YUZOTjJyemFGV1k2MUx3NDdGdw?oc=5
2026-03-08	Google	0.0	Meiji Yasuda Asset Management Co Ltd. Sells 7,142 Shares of Chevron Corporation $CVX - MarketBeat		https://news.google.com/rss/articles/CBMi2gFBVV95cUxQSzVyNG5CR04tb3MzNTZZYjFyUU9FMjkteldLT1dEWkMydGZiOXBoUlIzRk4tc2dnREZoSUxqWk9BY3kzVXRpTm5mNDc2eE8tRjdQZVQtWmw5RXBaMmNzRkVpMVZLbkhENHBIWHBKbmpVclBtTjZSYmNwUjZVRXNrREgyRE9INWd1aGctVWVwcE1aUWR6TkhtT0htZ3ZxZGhNVWxBakkxcC0wLWwxTUUyYlROWjBxY3hQcmM5eXBJS2JNakhjeFhpT3BYT2REUDVSYTFOUktPdHFqdw?oc=5
2026-03-08	Google	-0.125	Chevron (CVX) Stock Surges Past $191 Following BofA’s Bullish $206 Target Upgrade - Blockonomi		https://news.google.com/rss/articles/CBMiogFBVV95cUxPOElaTEVkOEZRanZqckYzbG01T0c0V2JyMkNQalpwWHBiTkZvMXV3dXFtMXFGNFc3cUE1bDdzOWVEdklqLUJqSmdkb1FmbnBGOVhjaGtaU3hnOGtHNS14Vi1kV2tydjdlWlFhWWpVcGxpV3NsOGtLc2FvSUNyeTlqV2c4dkxNdURfc2VUak42WVpISlBMVmlMVkNnWGx6ejdBNnc?oc=5
2026-03-07	Google	0.5	Top 5 Oil Stocks to Invest In Now: Exxon (XOM), Chevron (CVX), Shell (SHEL) Lead the Way - MEXC		https://news.google.com/rss/articles/CBMiR0FVX3lxTE9nejZsbTZIYUltWHRsU095T2pmVFhBOUtpNUhjN3lBcHFLdnYxVlljZkFQWURSNFZIVkRVN0lHYU5DeFE2NW9J?oc=5
2026-03-07	Google	0.25	First Trust Advisors LP Raises Position in Chevron Corporation $CVX - MarketBeat		https://news.google.com/rss/articles/CBMixgFBVV95cUxQX2VkanZlb2ZJRkllNlZGa0xSR2hIQTg4SW9YYU45YkV0R29ic2N3QWNoeXZpb0JuWXV3ZkRVdllsR0JaODNzYjlNMTdnSkdIZUhza0Z5N0I5QTZDRTZWdFlGTlpsLWdoRjl5M0NoR2FURkh5M3hKZXhwaG00WmV4TVZWZVpwVGRaS0ZmT0w5aXZQSHBFUEdXamlrOGplQjBQZ2EtSG1WSkg0OVJ1WjJoUVZhMlV5ZmZWLXdXeTVUekx2TjBoOGc?oc=5
2026-03-07	Google	0.2	Chevron Corporation $CVX Shares Purchased by Modern Wealth Management LLC - MarketBeat		https://news.google.com/rss/articles/CBMizgFBVV95cUxPT2R3cnFrOU9UbnM1czF0aGZRTC13bUtSZXE1LVViRE1QcmZhUDI0WmY1T0RxLVpIQVN6b29SVzQxakptZGwteHp0LUR1ZzdzaURnYU5xV09jME9YRHItZ2NaWnhLZ0JzazVDMGdzeENVQ0ljZTFkRk05VGlOWjF6dWpaZm1uMkhtVlBZNFVEbUlja0dpSW8xdDhKZ0dldE5TM1BoTGpmNmN4WjZsYmNacUFKb0pMQ3IwaXpfVzdVeE5wMUpwZjJRdS1rXzhWdw?oc=5
2026-03-07	Google	0.136	Munich Reinsurance Co Stock Corp in Munich Purchases New Holdings in Chevron Corporation $CVX - MarketBeat		https://news.google.com/rss/articles/CBMi6AFBVV95cUxQUURrVjlDcFl3dnBaUl9VUWJxcDlMN0dMWHJsb3BBYXNZZFB3RV9UYjVvMkNaM1k4SWdrajR3R1NUTWRYY3d2dm9LQlVydFQwVm52S2NCUUhtWFVfcHRqaFB5bFczRU84VmZTV05BcnhjN2VvX2x0QXNTNnlGeFRoNUx2V0p3am1FbHV2cFBiQzBIdkZHMDZ4SGU5REFoWEJfWTRrVXlkNDYycnIweUlVakNEaTdPU1dHNFVKUW9xdmRfSzhBcXpIeFN0OW1ETnJqNmZkVUk0aFMtUkQ0WXRvYmNXS2tBNnNS?oc=5
2026-03-07	Google	0.0	Blair William & Co. IL Raises Holdings in Chevron Corporation $CVX - MarketBeat		https://news.google.com/rss/articles/CBMiwAFBVV95cUxQdzZZZ2FYOC12dndEcUJadFdPTjB4YU9mc2lwQ0k1NXNlTUdvdVFqckdVX01ZS21CU0VrWXRWLVFRdXR5dkFoNGVrMXdObVI4YjdhUFRaZjZKRlNNdVlqck5OekIwNWZ4b1U4YWszd0pvQ0tkSHFmc3ZwVmJ4SENpR3AtaWNNVnVZaWxFd0RsUjB5bm1CaWRJSjFYajAxSmVETVo2c3VndTVMNEtrOVdQMHNpUWNqcl9sdmp2UVdxVDA?oc=5
2026-03-07	Google	0.0	Gabelli Funds LLC Acquires 143,247 Shares of Chevron Corporation $CVX - MarketBeat		https://news.google.com/rss/articles/CBMixwFBVV95cUxQM3Z1TmVYRGxHaE8yb1UxQUdNX3NuWEUzdko4WGFFV0MwQjVLOVRMcEhIQ0otbWkxUjlwbXR5RU9rV1Y3djJoYzRKcmRmZWRzRGkxc1JvODRDNEtBQ1I5V3J0bldIYzdDMk5HakZYQWF6N091ay1UYTVVU05iRWZ1RUwyS0hZMEN5SGtkQWZUc2pDZW5vYVNnUEYydlJnemlMQ29WRTBuM3pDb2REOUpUS3llNUdXMzhDNWdpLVV1dTVmdmk2dVo4?oc=5
2026-03-07	Google	0.0	Orleans Capital Management Corp LA Sells 5,489 Shares of Chevron Corporation $CVX - MarketBeat		https://news.google.com/rss/articles/CBMi1wFBVV95cUxPcW5GSUJCTGtaSmdxeGVZOGNnNkM5UVZiTEhVSV90NU9US3psVWkzN0pvOGVNMkdoUkhSTmc2RkwxODNXS1RaOGZYSWhfUFJSMm5jY1liVGVOQUxUdl9ndGtMc0hHQUpZdEMtSC1UaHBrMDdQMHk3RFZnZFVGWHNYZEhTZWRzUWtqMzJZSE54U3NUWEJDZ1VwQTJxeEVSSFpCRDlBeEl0Q25ReGxlWFg0aF92RGpGZDJTNVFTeGNXQWNHNkwxOUNEblN4cmo3UzRsZk1sczAyYw?oc=5
2026-03-07	Google	0.0	SPX Gestao de Recursos Ltda Invests $870,000 in Chevron Corporation $CVX - MarketBeat		https://news.google.com/rss/articles/CBMiygFBVV95cUxQMHVfTzVCUkFIYXctQ3RIaldlVThlQWQ1M3dNRkNkSjZwV2o4OW5iNGktUmZONGdWcy1McDQ4OTMwZ1dpb1pOZnBGTGZUX1czbVRFeFRZZFVSbzBPamw4S2dnMlJCYWVXVzNmcThpTkFyb2doT2kzUEloaFI1eUttUVMyczI0akZMdm9wb0FQdzd3TXpxUHdpTmg3MUNZTlY4ODlzNzgzLUFFUFpacEhOWDZzc2J0ZWhqTjZyREpaYmhHZkQ0VDUwSmFn?oc=5
2026-03-06	Yahoo	0.438	Greg Abel Is Now Running Berkshire. Here Are the 3 Moves That Will Define His Era	Greg Abel officially took the helm at Berkshire Hathaway (NYSE:BRK-B) on January 1, 2026, inheriting a fortress balance sheet, a legendary reputation, and a cash pile that would make most sovereign wealth funds blush. The first two months of his tenure have been anything but quiet. Three moves are already shaping what the Abel era ... Greg Abel Is Now Running Berkshire. Here Are the 3 Moves That Will Define His Era	https://247wallst.com/investing/2026/03/06/greg-abel-is-now-running-berkshire-here-are-the-3-moves-that-will-define-his-era/?.tsrc=rss
2026-03-06	Yahoo	0.375	Why The Chevron (CVX) Story Is Shifting As Analysts Split On Outlook And Fair Value	Chevron's fair value estimate has shifted from US$183.46 to US$185.92 per share, a modest adjustment that still matters if you are watching the stock closely. The move sits against a mixed set of analyst views, with some research lifting targets into the US$205 to US$212 range and others trimming expectations to around US$174 or US$165 as they weigh cash generation, geopolitics, and sector sentiment. Read on to see how you can track these moving pieces and what to watch as the Chevron story...	https://finance.yahoo.com/news/why-chevron-cvx-story-shifting-011343531.html?.tsrc=rss
2026-03-06	Yahoo	0.15	Goldman Sees $100 Oil Coming, And One Income ETF Bets 47% They’re Right	WTI crude has surged 10.3% in a single month, sitting at $71.13 per barrel, near the top of its 12-month range. That kind of move creates a clear opportunity for energy-focused funds to shine. The Strive U.S. Energy ETF (NYSEARCA:DRLL) has done exactly that, with shares up 26.32% year-to-date through March 5, closely tracking the ... Goldman Sees $100 Oil Coming, And One Income ETF Bets 47% They’re Right	https://247wallst.com/investing/2026/03/06/goldman-sees-100-oil-coming-and-one-income-etf-bets-47-theyre-right/?.tsrc=rss
2026-03-06	Yahoo	0.133	If Oil Hits $100 These Are the Energy Dividends You Want to Own	With WTI crude sitting at $80 per barrel as of early March, oil remains roughly $20 short of the $100 threshold that would dramatically reshape energy sector cash flows. But the geopolitical landscape is shifting fast. The death of Iranian Supreme Leader Ayatollah Ali Khamenei on February 28, 2026, and escalating U.S.-Iran tensions have already ... If Oil Hits $100 These Are the Energy Dividends You Want to Own	https://247wallst.com/investing/2026/03/06/if-oil-hits-100-these-are-the-energy-dividends-you-want-to-own/?.tsrc=rss
2026-03-06	Google	0.1	Chevron: Trades Near $190 As Energy Sentiment Improves - Seeking Alpha		https://news.google.com/rss/articles/CBMimAFBVV95cUxQV1JjbFhmMjh1VUJkSHRXOGo4TWo1YUpKVE9ETlFGSWI1ajQ5YnYwX2czVDI0Y3BzdUM2c2EybzNYOW54aHZtSnFhVUxjWFBaQWZMSnJMSThVY2QyT0RKbTN5RWZNdUtsM2twLTdWdnJkYTlicTQxTUdKd1dmZURXTjhlNFBYU1NRNW5OMDIxaGdMSDMzQVNvLQ?oc=5
2026-03-06	Yahoo	0.065	Oil Is Surging and These 3 Energy Stocks Could Double Your Money Before 2027	Oil prices are absolutely ripping higher, with investors of all stripes increasingly viewing oil stocks as a great place to invest. Indeed, with Brent crude approaching $85 per barrel at the time of writing, the ongoing geopolitical conflicts in the Middle East are clearly driving outsized expectations that future oil price surges could become the ... Oil Is Surging and These 3 Energy Stocks Could Double Your Money Before 2027	https://247wallst.com/investing/2026/03/06/oil-is-surging-and-these-3-energy-stocks-could-double-your-money-before-2027/?.tsrc=rss
2026-03-06	Yahoo	0.018	Exchange-Traded Funds, Equity Futures Lower Pre-Bell Friday Amid Fresh Market Data Releases	The broad market exchange-traded fund SPDR S&amp;P 500 ETF Trust (SPY) was down 0.5% and the actively tr	https://finance.yahoo.com/news/exchange-traded-funds-equity-futures-135907703.html?.tsrc=rss
2026-03-06	Google	0.0	Analysts Offer Insights on Energy Companies: Comstock Resources (CRK), Chevron (CVX) and Athabasca Oil (OtherATHOF) - The Globe and Mail		https://news.google.com/rss/articles/CBMimgJBVV95cUxQdF9iclZiVlFtVW1na0FtX1NOc0U4b054YXhIMmZJUXh3TkhyVnA4TG1PQWJjRW5uUVQ4RnFiUVphV3VRclEyUGliSHlidkh5UWZxTWRYaTFfRjVyb1ZYdjNBNnlJMGlNQlpzYWU0MnhBV1BlbnNHbE1tck1jTkxaQjRGVkdYaEJnN0dBZmlvMXNIUnVacXExUDVDbm05U01TbGpGWGFyUzFRQkNldFNpZEhxaEFpd0tpQkNyTXZFdEtwS1RXc29jZ19hQXVfRmlCSHUtTlg0bnVacTRoVWY2dC1pWWEwbjZaX1FUTWx3SGF0YXZiYUJJU0VEMWY5WnBUYU1CVGdEVDN4alppSFJQU2NSVFJBVi1kdGc?oc=5
2026-03-06	Google	0.0	Chevron Corporation $CVX Shares Purchased by Crossmark Global Holdings Inc. - MarketBeat		https://news.google.com/rss/articles/CBMizwFBVV95cUxON3RpRDVHSW95SmdITVhtSEZ4djVXZjJ2UFVSZ1BRTlFTS3YxLU10ai02eUxJNmFNdUcwNGllTDNiRnJCTkdyckdpY0hPcXJfeS1kcjYyZ25oY2NTRHVtWGVEQmp2XzE4eENxdzhEUFlJRWxaREVXNHlRMWdUMFh4VXhDYVFrb3VEMTRRTlpqeG9KMUlzZlpsTXkyX2ViWjNBaDA4eFZRbG9jZmdOSFRCRVQ2X3FSdnZQWU1JdmxNY1N0cHpEMTVpZXlKRzhkOHM?oc=5
2026-03-06	Google	0.0	Chevron Corporation $CVX Stock Position Lifted by Amova Asset Management Americas Inc. - MarketBeat		https://news.google.com/rss/articles/CBMi3gFBVV95cUxPZWdDR1c3MFc0dzhhUDl3Z0JnRkxwTG1lemdwSThITWRIaTVvdHNpUllOelJGeG1FMmtoSmNDc09RRTl4VllQcER1V2J3R3ljN3J5bkQ0WmdCaURLVWloS2V1QVBFMFlScE1ub0t0aUg2TkhUd1FJWG5kRzRVQXZzdjlmdF9vVGoxX3FpNDRUM0FZeWZBS0dmRzlzM1JfTVlRNXE0Q1g0TjV1MUYwZ3lBSFlhY2pmRmV2VC14WTR5NGhGWFFvZ24zTjByRlMxTjJ2TVg4cUVmMElyLUZQN1E?oc=5
2026-03-06	Google	0.0	Chevron Stock Is Up 22% in 2026 and Analysts See Another 55% Upside From Here - TIKR.com		https://news.google.com/rss/articles/CBMiowFBVV95cUxNbVJRTnFBcnNqMUhvMzlBelJoMTQ5eWNVWVc2X1Q5WmxjcmJCbXdzUVpfZ0NxekFvLUhSVmJCQWNvZGVmWFVqTmUyYTB4NWpHeEVldmFtdk5kSFptVTRuMEZVUTM4elk0aVhMb0VZU0syWTRpZUVUbDI2dV9fNzFESWExemJ2d3VTMGU1Tm1uLUhrcXViNWt3U3RJZHpwMEpiX1NN?oc=5
2026-03-06	Google	0.0	Edgar Lomax Co. VA Has $34.41 Million Stake in Chevron Corporation $CVX - MarketBeat		https://news.google.com/rss/articles/CBMixwFBVV95cUxQdkpfYklWZm5GVXdBQlRXLUZ3RVNhXzZqN2xORjkybWw4eFNscnNQNW9qQXBISm5VYzBYUUVhT3RJcENaaWQzVTNGZzRXUUFCS3pHMlpXWks3UEhaX1BaUHB4c1NRdlo5UFFxMWxXY3VwMXg5SlE2T3VkLUlhUlFtNEp1aUJxX1RHcFJYdmpFVXhUQ0FaQkt5N2VrN294dHNGMS1GTkZBRWlYSmw1R29TUzVYUlM3MC1nQXdvRGhVWVoyeXF0UVJJ?oc=5
2026-03-06	Google	0.0	Oil Above $90 Pushes US Gasoline Prices To Highest Level Since 2024 — These Energy Stocks Could Benefit - Benzinga		https://news.google.com/rss/articles/CBMitAFBVV95cUxQSWlGQWhJM3QydEJjVkVpWWVCa01xNUlkOVFUVWlZSXBlMWRZMHVvUl9BWXZGYi1pcDNRT053eV9YNTFiWnVpU0p4VmxzRzlyWmpCNTJzMU9DczZaa0xHYzZVaUZ4bS1hQTdpVkNsSEQ4cHJWVlhKcU9UQ2Vya1d4c3JuOW94NkZzWjVRSXhUSndlYlhqU1gtUnE3SmlFN1dWN3ZMTVpRa0RjR3J1MjFUem4wVjY?oc=5
2026-03-06	Yahoo	0.0	Oil Prices Approach $90 As Iran Holds Supply Hostage	Oil prices surged to multiyear highs Friday as the Iran conflict tightened global supplies. Refiners and U.S. and Canadian producers rallied.	https://finance.yahoo.com/m/d989571f-7304-3864-853b-2fbbb7f4e6b8/oil-prices-approach-%2490-as.html?.tsrc=rss
2026-03-06	Google	0.0	Perennial Investment Advisors LLC Has $3.10 Million Stock Holdings in Chevron Corporation $CVX - MarketBeat		https://news.google.com/rss/articles/CBMi5wFBVV95cUxQVEd1dmlqdGE3aFRNa05vNEcyQjlsQjN5aGRDaVhQUHZVNG5NOE9JUE5FX0xOOGRMU0FOQTNDOU5uZkpaczNYSjFTdVEtczhxSjg0SVlQX19DWmlxczBVTXpiZ2J6NGpGNWkxbDNhcGlheXoxbktCVjFwMXl0VHlMYXlGWVFKbjJHR2tuZDJ2eGRUeFdUS3U0ZnY3aThwR0htTVpPNnhuTURwS2ZRNWx4QmhTNFlDdGxLYkN4UGw4eUREeHNRRWtlVjkxRUhORW93ckNGUmZXM0ttT1A2VXg4aTJEckJHYUk?oc=5
2026-03-06	Google	0.0	Who owns Chevron? Institutional holdings & executives’ shares - Yahoo Finance Singapore		https://news.google.com/rss/articles/CBMimwFBVV95cUxQQ2dFejZJRXNsRGZBNVRFd0ZGVnJkdEUxUFVmNEhKMVZLTXFOZWFDTlo4NzNNMXRrekhyakhzaWRab2pLejZ2bXFKbENNUkVqc05OR0xyYm1zZjVveHlzTC1HbkRBZkduOTYtUGRWSkVCR0dNVVR2NmFRQVg0dWxSYWplQTRmaHNlN0ltMjNvSC00czJEWUZsQ0lPTQ?oc=5
2026-03-06	Yahoo	-0.016	Oil Prices Soar Past $90. Trump Demands ‘Unconditional Surrender’ From Iran—and Kuwait Cut Production.	The escalating conflict in Iran is fueling a meteoric rally that shows no signs of slowing down.  The moves came after Kuwait was forced to reduce production at some of its oil facilities, according to a report from The Wall Street Journal.  The country is suffering storage issues as Iran has effectively shut down the Strait of Hormuz, the main way to ship oil out of the Persian Gulf.	https://finance.yahoo.com/m/62942746-5bc6-3b49-ab64-3edf11a1294f/oil-prices-soar-past-%2490..html?.tsrc=rss
2026-03-06	Yahoo	-0.062	Who owns Chevron? Institutional holdings & executives’ shares	With a market cap of $375 billion, Chevron Corporation (CVX) is one of the largest energy companies in the world. The company produces, transports, and refines crude oil and natural gas. Headquartered in Houston, Texas, the company also offers a consistent dividend of around 4%, and it has raised ...	https://www.thestreet.com/investing/stocks/who-owns-chevron?.tsrc=rss
2026-03-06	Yahoo	-0.18	Midstream Dividends From EPD, Williams, and ONEOK Are Built to Survive Oil Price Chaos	With Iranian Supreme Leader Ayatollah Ali Khamenei’s death on February 28, 2026 escalating Middle East tensions, crude oil has climbed from $57.54 in early January to $65.87 by late February, and the $100 conversation is back. For income investors, the question is not whether oil spikes, but whether your energy dividends survive any price environment. ... Midstream Dividends From EPD, Williams, and ONEOK Are Built to Survive Oil Price Chaos	https://247wallst.com/investing/2026/03/06/midstream-dividends-from-epd-williams-and-oneok-are-built-to-survive-oil-price-chaos/?.tsrc=rss
2026-03-06	Yahoo	-0.276	Oil Prices Are Volatile. These 4 Energy Dividend Giants Keep Paying No Matter What	WTI crude oil has swung from $75.74 in January 2025 all the way down to $57.97 in December 2025 before recovering to $64.51 in February 2026. That’s a nearly $18 per barrel swing in just over a year. If your income strategy depends on where oil prices land next quarter, you’re playing the wrong game. ... Oil Prices Are Volatile. These 4 Energy Dividend Giants Keep Paying No Matter What	https://247wallst.com/investing/2026/03/06/oil-prices-are-volatile-these-4-energy-dividend-giants-keep-paying-no-matter-what/?.tsrc=rss
2026-03-06	Google	-0.3	Is It Too Late To Consider Chevron (CVX) After The Hess Merger-Fuelled Rally? - simplywall.st		https://news.google.com/rss/articles/CBMiwwFBVV95cUxQVUNZR29XUUtYaDdQTHgxWWdzdnJhamZqUi02NnRyVlRYNTltTHZ5ZENtLVIyOFExSl9KTFV2SUZpbW5xdkpKbk0zNGNTanktc1czWjZ2ZTk4TjBhRDdTZm5VMjVObGExUXFDMWVCQ3ptRWVBSGgwcVgzajM5aUxHbnZxVll4ejJnREs4Tng0OUJERlF4ZGNORFJfdkpzZDgxWXVKLTZZSG5BSzJ6bGNCc29Ld2NsVGtBSmZrM2RtV2lXTknSAcMBQVVfeXFMUFVDWUdvV1FLWGg3UEx4MVlnc3ZyYWpmalItNjZ0clZUWDU5bUx2eWRDbS1SMjhRMUpfSkxVdklGaW1ucXZKSm5NMzRjU2p5LXNXM1o2dmU5OE4wYUQ3U2ZuVTI1TmxhMVFxQzFlQkN6bUVlQUhoMHFYM2ozOWlMR252cVZZeHoyZ0RLOE54NDlCREZReGRjTkRSX3ZKc2Q4MVl1Si02WUhuQUsyemxjQnNvS3djbFRrQUpmazNkbVdpV05J?oc=5
2026-03-05	Google	0.7	Is Chevron Corporation (CVX) A Good Stock To Buy? - Yahoo Finance		https://news.google.com/rss/articles/CBMihwFBVV95cUxQS2dUZWl2bFVxenZnVGRlN0FzdFdaeHdTWnlXZHJJY1JadGc4SWlybWEzVGN4MUpqU1cwdG8tYWhlY19tQXJTb3dabGlLVFN4ai1PcU5iVjI2d1lfR3JWbHd5cldHSmhyQWZjYTVtbkFQRGNUeXZQb2NuUXluWmhWYlZseVZTQWc?oc=5
2026-03-05	Google	0.5	Dividend Aristocrats In Focus: Chevron Corporation - Sure Dividend		https://news.google.com/rss/articles/CBMiZEFVX3lxTE5rTm9BV1FaamhtRDRZNWp6X3AtNVVBOUJrT3IzT0FKaDZyaTh4cjJKblphekxWS2NtMlEwVkpjbE9CTGRCMVJEQmplaS03WHlISTZrN1p2bG9LMUNwREoxYWtvQTE?oc=5
2026-03-05	Google	0.5	Interesting CVX Put And Call Options For April 24th - Nasdaq		https://news.google.com/rss/articles/CBMihgFBVV95cUxNRFRfTFJlaDlLQ0FXUi1Qc2dkWm81d2pZU1dTQURoRVdsYzNtSDlFMjl2b3NlZmZGRXZkNERhdHg5a3pfX2doWHQwUlAyUmZVZVhSUlJ1QV9IcVZtSjAzWlp4WGF0VzZfczFVY1Zwb2hXRGVKN0JIMElXNGVQbTRQNTlfdVZodw?oc=5
2026-03-05	Yahoo	0.467	Is Chevron Corporation (CVX) A Good Stock To Buy?	Is CVX a good stock to buy now? We came across a bullish thesis on Chevron Corporation on X.com by @MoneyShow. In this article, we will summarize the bulls’ thesis on CVX. Chevron Corporation’s share was trading at $186.76 as of February 27th. CVX’s trailing and forward P/E were 28.17 and 24.27 respectively according to Yahoo Finance. Chevron […]	https://finance.yahoo.com/news/chevron-corporation-cvx-good-stock-213058297.html?.tsrc=rss
2026-03-05	Google	0.325	Is Chevron Corporation (CVX) A Good Stock To Buy? - Insider Monkey		https://news.google.com/rss/articles/CBMilwFBVV95cUxQd1RXRWlBamdWcUhocGZYRHNxZGxheG9FeFZIU0dEU2RkUll3RHVBWHNBN1N6UDgydG1KYVA2cVI4WTB6bk1Xa0dUdWZuaXc4U2szTlo4WUR5d25zRGRyaUpudXRHQjRPR1Mwb1pYY0VPYWU3M0ZfNl9Cd1N1QWQwaXV6RERTREg5SlNIdWNSQ1ZYT1FDd25N0gGfAUFVX3lxTE1sdENlZnpOUmpBSkZXYm5vUGVRbXZSVHpQWmJ0R3dKMVI1NUh2TWI5Szl2czFLcWwwU3phVFdfVVdXbFl5QWloYXB5cmxxLXpkOElDRGZKLVhhbUJhc2dQOVAzeFZZQ0lLWGFCT2p3TXBKQkVfYUhfS3hDc0k4QUc0a3d3cUxTc0lYbE9RNVRBQ04wQTFHSEJoNVN0ZmcxUQ?oc=5
2026-03-05	Yahoo	0.04	Chevron Conflict Risks And Iraq Expansion Weigh On Valuation Story	Chevron (NYSE:CVX) has declared force majeure and halted production at the Leviathan gas field in Israel as regional conflict escalates. The stoppage affects gas flows from one of the Eastern Mediterranean's key offshore fields, with timing for resumption not specified. Separately, Chevron has signed new oil deals in Iraq following the withdrawal of Russian firms from the country. The Iraq agreements expand Chevron's activity in one of the world's major oil producing regions. For you as an...	https://finance.yahoo.com/news/chevron-conflict-risks-iraq-expansion-130854455.html?.tsrc=rss
2026-03-05	Google	0.0	Chevron (NYSE:CVX) Insider Sells $2,187,528.00 in Stock - MarketBeat		https://news.google.com/rss/articles/CBMipAFBVV95cUxON3BBSEcxYjBSdTdfell6WmQwakgyWkdsbFNGY1dqS3hKNXJMcGZncWNveHp1YnkyR3AxX3F2WlR6bEVKbWQwekp4UWRSdnRPV1c4ZmQzdm1vSWZ0aGoxc1FyeUJVUVpwRkNTMHhyWHYyU242cTFmZUFfUUNjc1U4TjhEeVYxZjhGSHlkSURrXzVwMklYaS1pUUtMYkFnSUtxTmptRQ?oc=5
2026-03-05	Google	0.0	Chevron (NYSE:CVX) Trading Up 2% - Should You Buy? - MarketBeat		https://news.google.com/rss/articles/CBMingFBVV95cUxQNDV4VmoyWjlpcDhsVlNucVQ1aGE3d3RjSnBycmQ5em5qVUpDS2wyLWxTQ3h0OHhWRUhHWFQ4SlZsTk0xQkVaeFUyZVBHdTFJOXM2VXhGUU8tbHVuOVc3aktRbjEzMkVwbEFPM3pDMW1ZNWFPVktlZ2wwZHFRVnVBb0ZIeWEzWmxCQ29RVmxoWFZSSUJoaVZSYTFfVU1Rdw?oc=5
2026-03-05	Google	0.0	Gulf Tanker Blast Jolts Oil; XOM, CVX Slip, USO Climbs - NAI500		https://news.google.com/rss/articles/CBMijAFBVV95cUxQQ2ZlQ1luZExucjN4cW1keFd6cDFXYXppdmI1M1ZTZ3BkYnppYWRfVDVaNTNiYTFNdXNJOXdtQnFETllzRzYyM1A1YWNoSHp1Slh2aFFOYTEtRmRaazZDUkJwa05wNEE1Wk9HeVN4R3NzdVRVRlVYWmF1MzM3YXQxQUxGbWVScDhPSTNlbg?oc=5
2026-03-05	Google	0.0	Insider Selling: Chevron (NYSE:CVX) CEO Sells 272,624 Shares of Stock - MarketBeat		https://news.google.com/rss/articles/CBMiugFBVV95cUxPWTczX3Vaa0VSalRhdTd1dXJ2RS1zM0Vja0lxbVNqUlZBZmFJMHBrdWtxMVV2WmpWSTdSX1JkN3hkbG5WdVdERlF3Nl9UQjJrajU0Ri1GV05ROGhxM09BMmIxVGZFbFlxR2Q3bHVvZ2F5cHVKOUxQc1JsOTRSTTBSM2VRdW1DT0hMNi02S3VHQVZSLW0yeWhYVUdxQjRiN3BocnFMQWN4bHdFODZCZzdnZHlGNHEzSnVCbUE?oc=5
2026-03-05	Yahoo	0.0	Is Chevron (CVX) Pricing Reflecting DCF Upside And Hess Merger Expectations?	If you are wondering whether Chevron's current share price aligns with its underlying value, or if the stock may be leaning too far in one direction, this article walks through the numbers so you can judge that for yourself. Chevron's share price recently closed at US$186.03, with total returns of 1.0% over the last 7 days, 6.9% over 30 days, 19.3% year to date, 28.9% over 1 year and 29.6% over 3 years, while the 5 year figure stands at 105.7%. These movements have kept Chevron on the radar...	https://finance.yahoo.com/news/chevron-cvx-pricing-reflecting-dcf-121934557.html?.tsrc=rss
2026-03-05	Google	0.0	Mark Nelson Sells 139,600 Shares of Chevron (NYSE:CVX) Stock - MarketBeat		https://news.google.com/rss/articles/CBMirwFBVV95cUxQNVlvbGVLSnREVEo2WUlGRGFwdFdhVjg1TjEzWWgtdmRfQ01xMWxlTmMySDlKUEh0a3FXc3A5MFBBX01pb1AtSVBZelpVejFMRXdxZXVCTFVsbWhablNncmo5S2F3aUxLaHZ6MVBONnZUbGpPVUVJLUVCaFZfLUVveHlDWng0VWt6a3lxNl9Fa0stT3B0ZE1yaUgwWFY3alVOWXhZRUZ4YUlWYkF2c0cw?oc=5
2026-03-05	Yahoo	0.0	Oil Prices Above $75: 4 Key Players to Watch in a Volatile Market	Geopolitical strain pushes WTI above $75, bringing CVX, OVV, FANG and CNQ into focus for oil-driven upside.	https://finance.yahoo.com/news/oil-prices-above-75-4-141600923.html?.tsrc=rss
2026-03-05	Google	0.0	Oil Prices Above $75: 4 Key Players to Watch in a Volatile Market - Zacks Investment Research		https://news.google.com/rss/articles/CBMipwFBVV95cUxNZHdObk9GZGdDSjVKTU1YUjE0RXpqbEJpVnJvR1VYNW5nWjhtQ3hMazBvY3Qtd0lTQTdETEx1SW0tdDlpbDVMb2FLNDFiYzNuUUVXcUh0T3RPUE1QMG9ZaElmNHFqWWNMOGFQNXZ2aUhPMEdsY3lmMm02aEUtZ01JUEpkMGE4WUtzVDl0SWZqdEtOMlF5MmthN0N3X3U4dmtaSW1DVmJGRQ?oc=5
2026-03-05	Google	0.0	Orion Porfolio Solutions LLC Has $28.90 Million Holdings in Chevron Corporation $CVX - MarketBeat		https://news.google.com/rss/articles/CBMi2gFBVV95cUxNMGNBdmozZERHOVJub1VfWU8wcVA4ZjNWMzY5dkxwdmlJM1ZLZ0dTaGdROWhIdU5YQ2xfeVJCYVpjaTlIaURzdWRvR19yRnpoQVI1NThDWFhDaGtvYlVqdkNvSmo1M1Jyc2ZRamU1Z3ptTHkyakhDSk0xbWYtR0tPQ2w2bFJSRkQ2WG8xeWp1bF8wM3pKT3A2Wi1keVhtdE5nWkU1TlpOWW40cERnQlJlOWYxVkNZcGtwMTBtdzZpR3gxR2xRMUpHdFB3UkFWM3pzVHM5SFlScno4Zw?oc=5
2026-03-05	Yahoo	0.0	Warren Buffett’s Oil Bet Looks Genius, Here Is What to Buy Next	Warren Buffett’s long-running bet on Occidental Petroleum is looking prescient. Occidental Petroleum (NYSE:OXY) has surged 30.37% year-to-date, and the catalyst accelerating that move is the same one rattling global energy markets: the death of Iranian Supreme Leader Ayatollah Ali Khamenei on February 28, 2026, which triggered fears of Strait of Hormuz supply disruptions and sent ... Warren Buffett’s Oil Bet Looks Genius, Here Is What to Buy Next	https://247wallst.com/investing/2026/03/05/warren-buffetts-oil-bet-looks-genius-here-is-what-to-buy-next/?.tsrc=rss
2026-03-05	Google	-0.1	Chaos & Crude: 3 Energy Stocks Built to Thrive in This Market - MarketBeat		https://news.google.com/rss/articles/CBMipAFBVV95cUxQMVRLUmdmclRYd3ZSdHdRU3ZiYkpGdVpzVzZ2YVhneUZxZ3NXOHVLMy1PR3Z4bDYtR2FZaVVvM0hJVXFFNXRFSWNfM3J4a3ZMRnd3TjY2YW5LVEFoN1N2ZEVYNFlEQlNYdGsyWVpoa0dsbU9IQkhOUjdrMC1Dckw1SXUxN1BPZmRSbHFQWTlsYktUZTlXM2dpNHl2YmhRYlJvSktLYw?oc=5
2026-03-05	Yahoo	-0.114	Pipeline's idling puts squeeze on Kern oil industry	Independent local oil producers are being squeezed by the idling of the only crude pipeline running north to a Bay Area refinery, which leaves them few options but to have their product hauled at considerable cost to southbound pipeline interconnections in southern Kern. The San Pedro Bay Pipeline’s idling in December has revived concerns that lower pipeline volumes that started with a ...	https://www.bakersfield.com/news/pipelines-idling-puts-squeeze-on-kern-oil-industry/article_84dfbd5c-f569-4c40-b939-8da2e1be1fcb.html?.tsrc=rss
2026-03-05	Google	-0.125	Why CVX, XOM, And Other Energy Stocks Are Gaining Today - Stocktwits		https://news.google.com/rss/articles/CBMiuAFBVV95cUxNX1hMbVdPR0s3dDFGZURVN2RGVjVwaF9SdC1jeW1hWHhzYlBQOHh0aFpiVk91V0VpU3E5VGpFdU44c2Z0R3c5RWtfeGFncGxremdfZ215azZEYUhJMlZTZlA2UVpFYTRvY2RJc3ZzeEVSRXJuTE1QZENnRmhhaUV0UlcxaTRUejliSmdYMVM3VDU3eWIwSEx1M045dUkzOURSWFJxdkh5N1ZNbmJVNVRqNFlSaUFzNGVx?oc=5
2026-03-05	Yahoo	-0.179	ExxonMobil Is Up 44% and Retail Investors Are Still Missing the Point	Amidst a growing international crisis heavily involving the price of oil, shares of ExxonMobil (NYSE:XOM) are trading at $149.78 as of Wednesday, up 24% year-to-date and 39% over the past year. Retail sentiment on Reddit has shifted from a monthly average score of 37.875 (bearish) to a weekly score of 53.5 (neutral) over the past ... ExxonMobil Is Up 44% and Retail Investors Are Still Missing the Point	https://247wallst.com/investing/2026/03/05/exxonmobil-is-up-44-and-retail-investors-are-still-missing-the-point/?.tsrc=rss
2026-03-04	Google	0.5	Does Chevron Stock Have More Room To Run? - Forbes		https://news.google.com/rss/articles/CBMioAFBVV95cUxONzh4UVhUeklOYTdaM2xuTkZLZloweGtwRDZVbC1mRlF3bUFmSjBSZXhHWHYwNEwxT1lzQ1lmZFZuMkhzWmxFaEt2ZUY0NkNVSVFzUTZrc2poSXo5Q051MlR2blBuenFuWl9qUE9feVNaQzhHRUp0YnNsRnlmMHRjVll3QzRtRkd5VEFQZE1wNGRvVFhPVWVWaWhrQ3dMajhs?oc=5
2026-03-04	Google	0.5	Does Chevron Stock Have More Upside? - Trefis		https://news.google.com/rss/articles/CBMinAFBVV95cUxQdnp1WS1vZmFHVlZGamVJMTlsNGhNaHo1ZjYwQlVDLVpDN1p1RGN5OEprcHFUWWE5Z2hNaUpKZUc5aFZZOHVxN3JzTk5BN0pHVWlIcTIwMkU2czFjcDFTaFhzVHYyMUNUT2VIdVZ3eWdaN2pCbVpWeHFwWktmbDkyWUJ2dGpqODJ5NTFwSTAyN3dld1RlVTZMNy1LTlc?oc=5
2026-03-04	Yahoo	0.25	Chevron Corporation (CVX) is Attracting Investor Attention: Here is What You Should Know	Recently, Zacks.com users have been paying close attention to Chevron (CVX). This makes it worthwhile to examine what the stock has in store.	https://finance.yahoo.com/news/chevron-corporation-cvx-attracting-investor-140006460.html?.tsrc=rss
2026-03-04	Google	0.2	How Do Investors Really Feel About Chevron Corp? - Benzinga		https://news.google.com/rss/articles/CBMirwFBVV95cUxONk9WbV9meWdYQVpqaGMtUGVpeXlvWkFEYzJBWGEwZ0d4NUc2SmE4UWpha0VwaXhIX0dmSEpESEYxNFktLW1XZHoyWGFaRFJiN0ZBVGpfb2g0YkZEVVFWdGpFWHhZLUtJMEUybDg4RGZieVR6RFV1eDVDVDVzd1NvTzdkTlhPVXl2TU9STUg3Ni1jOHR5N3N2TmhFM0xEdUlCN3FTSHBiSkdRVXBaM1k4?oc=5
2026-03-04	Yahoo	0.196	There Is An Anti ESG Energy ETF That Will Capture Every Explosive Move When Oil Gets Volatile	Most energy ETFs quietly filter out companies that don’t meet certain environmental standards. Strive U.S. Energy ETF (NYSEARCA:DRLL) does the opposite. It holds every major U.S. fossil fuel producer without exclusion, making it one of the purest oil price plays available in ETF form. The fund launched in August 2022 with a deliberately concentrated structure ... There Is An Anti ESG Energy ETF That Will Capture Every Explosive Move When Oil Gets Volatile	https://247wallst.com/investing/2026/03/04/there-is-an-anti-esg-energy-etf-that-will-capture-every-explosive-move-when-oil-gets-volatile/?.tsrc=rss
2026-03-04	Yahoo	0.152	Liquefied Natural Gas (LNG) Infrastructure Industry Report 2026-2035: A $138.43 Billion Market by 2030 with ExxonMobil, Chevron, BP, Shell, TotalEnergies, Cheniere Energy, QatarEnergy Leading	The LNG infrastructure market is driven by investments in onshore storage, liquefaction plants, and pipelines, along with marine transport and heavy-duty vehicle use. Future opportunities include floating regasification, modular plants, and LNG distribution expansion, spurred by electricity demand and transport adoption. Major players are investing in innovative projects and technologies to enhance LNG market growth, with Asia-Pacific set to lead expansion. Liquefied Natural Gas (LNG) Infrastruc	https://finance.yahoo.com/news/liquefied-natural-gas-lng-infrastructure-160200925.html?.tsrc=rss
2026-03-04	Yahoo	0.139	Bank of America resets Chevron stock price target for 2026	Wall Street is turning more bullish on Chevron. Bank of America raised its price target on the energy giant to $206 from $188 on Monday, keeping a Buy rating in place as tensions in the Middle East show little sign of cooling. Shares responded fast. Chevron hit a fresh one-year high of $191.44 on ...	https://www.thestreet.com/investing/stocks/bank-of-america-resets-chevron-stock-price-target-for-2026?.tsrc=rss
2026-03-04	Google	0.136	Griffith & Werner Inc. Acquires New Holdings in Chevron Corporation $CVX - MarketBeat		https://news.google.com/rss/articles/CBMiyAFBVV95cUxPYVJOeU5DQlQ5eUtDbXFzQjd4aGlBZ2gyTWxlNG5ocm1yS2k4QVRQOGtqOXVVdGlWdjlyM2V4Q2ZpeW1rVHJtUHllbXZHX01XZE9YVWhMOU9DeTBKa1pudXZRTjVPOWplQmU3SFNETjY4N0hGSlM0SGpYam1JLWZRU1lkRDUycW5fdlBnZUx0dUtyWWNEU2pOZmhKQzlEYWFYT2lJSHdXVmJnUC00UGRCenVPVEdNM0RnVVJTV2ExR250em5qQ0JGUg?oc=5
2026-03-04	Yahoo	0.097	Stock Market Today: Dow, Nasdaq Higher Amid Jobs, Iran, Tariffs; Nvidia Rises (Live Coverage)	The Dow Jones index slipped early Wednesday amid Iran and tariff news but rebounded in afternoon trade. Nvidia stock and Tesla bounced back from recent losses.	https://finance.yahoo.com/m/69885568-120b-32ce-8274-0b59522d7129/stock-market-today%3A-dow%2C.html?.tsrc=rss
2026-03-04	Yahoo	0.064	Stock Market Today: Nasdaq Charges Higher As U.S. Sinks Iran Ships; Retailer Tumbles On Tariffs (Live Coverage)	The Dow Jones index slipped early Wednesday amid Iran and tariff news but rebounded in afternoon trade. Nvidia stock and Tesla bounced back from recent losses.	https://finance.yahoo.com/m/69885568-120b-32ce-8274-0b59522d7129/stock-market-today%3A-nasdaq.html?.tsrc=rss
2026-03-04	Yahoo	0.004	Chevron’s Middle East Shift Puts Geopolitical Risk At Center Stage	Chevron temporarily shut the Leviathan gas field in Israel after government orders linked to rising military conflict involving the US, Israel, and Iran. The shutdown directly affects Chevron’s regional gas operations and exposes the company to heightened geopolitical and supply risk. At the same time, Chevron has secured new oil contracts in Iraq, including roles in fields such as West Qurna 2, following the exit of Russian firms. For investors tracking NYSE:CVX, these developments put...	https://finance.yahoo.com/news/chevron-middle-east-shift-puts-070855373.html?.tsrc=rss
2026-03-04	Google	0.0	Bank of America resets Chevron stock price target for 2026 - thestreet.com		https://news.google.com/rss/articles/CBMiowFBVV95cUxNLTZheGdkcE8wbERhZzhPVS1nU2c2cEF6eEFLWE5GZWROb0p0bE1QY2JHU3NGdG11a1RZODBSczN1bnJFQ251cWJTb0FDSEhUcWRqb2NfODlPY1dMbGpRRFVpN0EydE9HenBILVhrSVAyd1llaGVXc2hGc292SlRoNV9xU1IwblhDUnRQV3o2ODRqWHJVOXN4ME1zLXQ0SXRwX3Fj?oc=5
2026-03-04	Google	0.0	CI Investments Inc. Sells 9,324 Shares of Chevron Corporation $CVX - MarketBeat		https://news.google.com/rss/articles/CBMiwgFBVV95cUxPU2xldjFqcVdEWVlCODN6Y2Y3eFB0cmJ3QTFyLVo4WW14a3hFVklucU9TTGdxWkhKdkVlMVh3ZWZiek5aZVZmaFlFTVZRc1hfeEhrbHc1aTVRMHBDT0lZYjd5WWVFSnNZLXc5cFBNVmhDc0w4LWhQT3JsWUtSd1dkZU55bGsyR0xrRGh3S1VDQU9GLWN2cTVGYVk4cC1OV0ctS2pCVU9wWDd4T1RjNVlPcDRISXlmbkhkWnpjQy1XQ1BlZw?oc=5
2026-03-04	Google	0.0	Chevron (CVX) controller details stock, option and unit holdings - Stock Titan		https://news.google.com/rss/articles/CBMivwFBVV95cUxPN1R0U3E5Ri1yTlg3d0I4SFpKZ0t3dHpGb3hPd01LelljQ2wyczFfemdpcEh5ZGVHZ1RWV0JuWG1oOEhBLW45Nk9XM1FyYkhhT3l4c0p6WDBlRU9aSEhsay1STlZKVkVHRmI2djVZM2F3cVBxZDVWWFZnbTk5YkZtWnJWaWxMTUxDeGJRcUVsdFdaNDV5MDBTdTRITFJBdHR2WTl2b21qUmFxRWpadXNNRVVZZVBGYkIxU1VsVWkzcw?oc=5
2026-03-04	Google	0.0	Chevron Corporation $CVX Shares Sold by Mcdonald Partners LLC - MarketBeat		https://news.google.com/rss/articles/CBMivgFBVV95cUxPVHpfbHlTYTJ5TEh0N0pJRk5CY1k3TFlPUThtei1ONjZyb0plbUNUNF9qandzb1pWOUV2bDdfdm1FdEpQTHYtT1NEckNTSU4zM1liUjZEY0JUQUtUd0Zha3hUejZBRTNmXzJvSHFwZXg1NlQ4TThRXzJIUXc5cnZkWndGV0ZMMlE2TkVQeGJEZExNWXpTVGhpc29Pb2N5RDN4aDlLQ1pmdFlEdndlekhndmo2NlcwdEU1N19xa2VB?oc=5
2026-03-04	Google	0.0	Chevron Corporation $CVX Stock Position Boosted by Dimensional Fund Advisors LP - MarketBeat		https://news.google.com/rss/articles/CBMi1gFBVV95cUxOUWstRm9VTE5HR2Y5cGM4NkJkb1BwRlRVdktQSHhwcmRXc0lNM1lrSnc2b0RFb0pmOGtBU1M5ZVNsdjFENGx3cDhQY0FKOFZkZkFXeVZ1QnkyQ19vZmxQWWp4RlJTbjN4TWZ3SF8zYXZ4N016RlNPWjltNklCcEc4b3ZMbFNwZGl4TmhyYWc2am12d3RTT3V3cDBZQUVlSDlubFJkUGlwVHNzdmMyTV9oVy1wOHFNQzJsV0VnaVg0SDNYMUJMcjYxR19QbDdBNldNWHlEbWpR?oc=5
2026-03-04	Google	0.0	Chevron Corporation (CVX) is Attracting Investor Attention: Here is What You Should Know - Yahoo Finance Singapore		https://news.google.com/rss/articles/CBMilwFBVV95cUxQRnRrbGZLT1pFeXZRVVVaN3JscW5QczBqR1RyTXNWVnFQOGE0cDRINVlva2hFSUNRMTVpZlBTTXNTYjlTVmVXbHVvTGhvamk2RWZnSUd2M09oRzVFcHFYN3A2QmE1QlE2Zko2MHJpclBUWjZic3BjbkMxVU10cmhuU2k1dWJRUTQ5TEFmZnV6b0pGX2hTQVVV?oc=5
2026-03-04	Yahoo	0.0	Chevron Ordered to Halt Leviathan Gas Production Amid Rising Tensions	CVX suspends Leviathan gas production after Israeli security orders, disrupting regional supply and casting uncertainty over expansion plans.	https://finance.yahoo.com/news/chevron-ordered-halt-leviathan-gas-152000778.html?.tsrc=rss
2026-03-04	Yahoo	0.0	Occidental, Chevron Stocks Slip. Iranian Officials Contacted U.S., Report Says.	Exxon Mobil, Chevron and Occidental Petroleum gave up gains following a report about Iranian intelligence officials reaching out to their American counterparts.	https://finance.yahoo.com/m/8ea5e021-be4a-3093-be6e-9a9b52dd84f0/occidental%2C-chevron-stocks.html?.tsrc=rss
2026-03-04	Google	0.0	R. Hewitt Pate Sells 35,475 Shares of Chevron (NYSE:CVX) Stock - MarketBeat		https://news.google.com/rss/articles/CBMisAFBVV95cUxNeEdiU0F2SHU5bWNoNzZPVnFmMzZZOWJRdzBXbWJ6OFM1Tk11aHNIX0dXYW9rdnFLZXhWVjk5ckZHRGY0blQ2cC1acWcwVVJtWV9BU0ttVTI5NlY3ZWZ4Vkd0N3NsUk14VDlnOWExdUZSd1V0LWc5OGhiaGpwR2IyNzVHYklkNWUyanpocTFUa25JQkVXLWIteHRtRzB1Q1IxQnRZWW9NWkJENnhIbnp6SQ?oc=5
2026-03-04	Google	0.0	Skba Capital Management LLC Has $16.80 Million Stake in Chevron Corporation $CVX - MarketBeat		https://news.google.com/rss/articles/CBMi1AFBVV95cUxPd1JjT0ZKamVSeFkwZ01qM1dsaGstSXVxcEJndlVGVWR4Wk5mVjVuWkVOT2hUSTNsV294S3JzaXVQYXI2c0xnX3lLVFVCdDV2LW1BTXB5S3lVZmZOdUpBeXhFVlR5cnpVT0RNVTRxaXR1ZlNpOGVwQWJUZHN3cTdtVXZIWE9ST1BJdTlvQ2tJMFk0SVY0SXNlZ3ZMdGtCWU8yM3FkZnUwS3p1eDhucll5UWZ2SnNJbW5acnVrVlUySmlNQmVQdUlibmxoYkRZVktqLV91aQ?oc=5
2026-03-04	Google	0.0	Teachers Retirement System of The State of Kentucky Boosts Stock Holdings in Chevron Corporation $CVX - MarketBeat		https://news.google.com/rss/articles/CBMi8wFBVV95cUxQWTVKb0VTQ1Znb2hsVVNxaEszWlBQcER4ZWctbWEtaTVIeE5IN0ljVHkzODJ5WjFJSzl2QTN4TkNjR0RiQ1g0T0ZjY0dEZHhuQzFZN0pZY0hZc2g1eG5HWXZiQm0yRkRkOGpTWUJRWUJ2R281UzZUVUpVTjFpZFZYWEpLeDRyUWU0UkV6dzNwSXU4dFpfd1JMMFY0aVhaZkE3Wm1LYTlPTVFiVlEtNF96RzFQQi1WMmk3YWh2aDV3Z0JCZXN3RkxWX195dnhiUmRSakhZSGRJdTRfUFdNWTU1RXl4MFd2aVVVM0ZvazEySFhrR1k?oc=5
2026-03-04	Google	0.0	Victory Capital Management Inc. Has $280 Million Stock Position in Chevron Corporation $CVX - MarketBeat		https://news.google.com/rss/articles/CBMi4wFBVV95cUxOb3pDVC1nODVaekZ6aXFoTV95V0paSXl2UFZnNUtjZUNqYjBUZm5FQ05zNm1rX21vcnNHNEliVnB4YmZBeHNKLUNhbm92Q1l2QWZxLWJjRlhseGxwOXVZZ1JsWEUyRXpnbFJtbndtYktXQkdXOHJoZGh6cWp0ODJZQml1VXowZXpnaGpwbTU1Q0p5MmZPMm5OMU9xQ2Q1VWNtd29fNENsUlhMUDd3OEFFT05MYXVmYnpLTE0xbkh0c1lWS0ZMRjNUMEtQSzF5NDhodFNIZ21xeklwalY4UjZYeU1nUQ?oc=5
2026-03-04	Yahoo	-0.025	Hideout in the Energy Sector? Here are the Top Oil Stocks to Watch	The energy sector is the top-performing sector this year, boosted by a nearly 30% surge in crude prices amid disruptions in the Middle East.	https://finance.yahoo.com/news/hideout-energy-sector-top-oil-015300927.html?.tsrc=rss
2026-03-04	Yahoo	-0.04	Commodity Strategist: Oil Would Be in the $40s Without Iran War	Carley Garner, senior commodity market strategist at Carley Trading, has a take on oil that should make energy bulls nervous: strip out the Iran conflict, and crude would be trading significantly lower right now, in her view. That’s a striking claim when you look at where prices actually are. Brent crude has been trading in ... Commodity Strategist: Oil Would Be in the $40s Without Iran War	https://247wallst.com/investing/2026/03/04/commodity-strategist-oil-would-be-in-the-40s-without-iran-war/?.tsrc=rss
2026-03-04	Google	-0.156	Chevron (NYSE:CVX) Stock Price Down 1.4% on Insider Selling - MarketBeat		https://news.google.com/rss/articles/CBMirAFBVV95cUxQd19EeXYtUGNsMDhxYnhqSmktamFjY191RU9UMXQzcDlMRERaVU15Ti1XeXRfOVZRMVNWcmR3WGFlUnhzdzY4ZUk0bjVRbFUyT01HQWdyTWVuVlBEQ2lEZVhGZ3JnaVFEUzJjU3o0QVNzRExaVGpLTTVqUUhDVkwxYkprRnJNUnVVYks1MU85RGVuTE9XX0RWSjNYVGYtNkJzNGVRSW1ELUhld19R?oc=5
2026-03-04	Yahoo	-0.233	Oil Jumps $10 as Middle East War Drives $4 Billion Into Energy ETF	Rising crude prices and Strait of Hormuz disruptions push investors back into energy stocks as inflation concerns resurface.	https://finance.yahoo.com/news/oil-jumps-10-middle-east-191717687.html?.tsrc=rss
2026-03-03	Yahoo	0.5	3 Top Oil Stocks to Buy in March	These oil companies can thrive in any market environment.	https://www.fool.com/investing/2026/03/03/3-top-oil-stocks-to-buy-in-march/?.tsrc=rss
2026-03-03	Google	0.5	3 Top Oil Stocks to Buy in March - The Globe and Mail		https://news.google.com/rss/articles/CBMiuAFBVV95cUxOOVREdHIwZEdCUzVudlFEU0xEOXpRcnJrbEp3RDA0dDhGOEJNVVhXUm9ranhTcnRYcnpFWDB4RGZZYjRqWno0WTZrRjV4cm9YWWZBUFNwVGJ2MnJOdVdzRVNIVUlTMU5Bc2lEUFlGZmlsTzJKVTBoVnR0R2dGVjM3ek5URkM0OUV5YnZmOFBuRUtxR1F4WTZUT0Qzd0FMbGo0Z2VmQ2NfcUhQWFNEaWZyMnMtT1pJaTd0?oc=5
2026-03-03	Google	0.5	5 Top Dividend Stocks for March 2026: Chevron (CVX) and Johnson & Johnson (JNJ) Lead the Pack - Blockonomi		https://news.google.com/rss/articles/CBMirwFBVV95cUxQNFZKemg2dDR6MHlkSGtrb0g5Qmh5bEdJUjZKX3VyT1I0RGVLdFZKY21xTVFfTmRyWjFxTkdMTThmME5wa0VhajJJVEF3LVJZV2lMdjNDWEwzcWFCRTlyT1Vnd05fX09nVVd4eTdFQnc0QTlpSnlDTUZWYnMxcUlYVjdadTdrRmxkbTd1SUloZHlpSHlfZ0xuWG1md2dxbjVEY2cwTWx6QVZpOEZFbGlr?oc=5
2026-03-03	Google	0.375	Chevron Executives Engage in Significant Stock Transactions - TradingView		https://news.google.com/rss/articles/CBMivgFBVV95cUxNbF9mUU9UMHA2MElObzFMSm52MHJUY2t4TnZ1SFNSSG9ndlhkZ0tVb1hJSWQ2NUZpZ3dXZEh4RTdFUzQxOTZIMGRFb3otdk56UDhGWEhSNE9uYklRSmhwZXpwSTFDbjU0MVVmRmZCZnFjc09HZDJEbFFTbGZZUHRsRVdJWjlhbmJQNUZSc1ZQbTRHdnhWaXd0dW4tLWhUcHVjRmdCN3lPd1NyWTNzYlRVVzhVQklhS215emVQcVdB?oc=5
2026-03-03	Yahoo	0.279	Oil prices set for $100 if Iran war persists, warns bank	Energy markets are now “clearly in the crosshairs” of the Iran conflict, according to RBC Capital Markets, which warns of oil prices into the $100s per barrel if fighting and disruption persists. In a new commodities note on Iran flashpoints, the bank says the Strait of Hormuz is effectively...	https://www.proactiveinvestors.com/companies/news/1088268/oil-prices-set-for-100-if-iran-war-persists-warns-bank-1088268.html?.tsrc=rss
2026-03-03	Yahoo	0.271	Chevron Corporation (CVX) Upgraded to Buy as Hess Acquisition Strengthens Guyana Exposure	Chevron Corporation (NYSE:CVX) ranks among the best spring stocks to buy right now. On February 17, Melius raised its rating on Chevron Corporation (NYSE:CVX) from Hold to Buy, with a price target of $205. The firm emphasized Chevron’s focus on shareholder returns, such as dividends and buybacks, a rise in exploration targeted on high-impact frontier […]	https://finance.yahoo.com/news/chevron-corporation-cvx-upgraded-buy-093051641.html?.tsrc=rss
2026-03-03	Yahoo	0.25	Cheniere, Exxon, Chevron Stocks Rise Again. The Energy Shock Is Upending Markets.	Energy stocks were surging ahead of the bell Tuesday, with oil and gas prices soaring as fighting in the Middle East showed no signs of slowing.  Shares in oil exploration and production companies rallied again ahead of the bell—  ConocoPhillips  and  Occidental Petroleum  were both up by more than 3%.  Exxon Mobil  and  Chevron  were also higher.	https://finance.yahoo.com/m/6f065b98-b47c-39ca-b45d-47cc90a54a3b/cheniere%2C-exxon%2C-chevron.html?.tsrc=rss
2026-03-03	Google	0.2	Chevron (CVX) legal chief exercises options, sells 93,475 shares - Stock Titan		https://news.google.com/rss/articles/CBMiqAFBVV95cUxOSnlnRmpTUHM1YTIyNFR5QzZJemdrVnNzeUxOSG5tSkowR01RNVJ2MVBIUzU3MlVxYUJTdnM0eTVXcmpYNkJoM0RwdGZpT1pSR3RJTzJHcFlGZHJoaE5LRGRNMjJuOWtHdzV0cmdYM1ZJM1VrS3diV3JicXZjbGdKeFBYNy14aFE3UkdPWXV5TElfUHo1ZE0tX1FjNU1Ia2lmcmxIejVwX04?oc=5
2026-03-03	Yahoo	0.195	Most Retirees Overlook These Dow Dividend Stocks — They Pay More Than You’d Expect	The Dow Jones Industrial Average, commonly just called the Dow Jones or the Dow, includes 30 giant publicly listed companies with U.S. operations. Retirees might not always look to Dow Jones stocks for passive income opportunities, but a deep dive will reveal some promising picks in the Dow. Imagine if you could retire comfortably with ... Most Retirees Overlook These Dow Dividend Stocks — They Pay More Than You’d Expect	https://247wallst.com/investing/2026/03/03/most-retirees-overlook-these-dow-dividend-stocks-they-pay-more-than-youd-expect/?.tsrc=rss
2026-03-03	Google	0.136	Chevron (NYSE: CVX) New Energies president exercises options, sells 6,667 shares - Stock Titan		https://news.google.com/rss/articles/CBMiqAFBVV95cUxNeEx6Qm92cFg5YTN5YUg0YnBBNE9vSmxYNDMwamxmX194VzNqMTZKSEtfbHhqd2RzVk5jNnlQX1M0Y05VajNmbGdzdlA3bEJRekR2aE81cUdsMkh3WUxZYXNFaWZsYTRVSmYyaXVqeVRsTERjUVM1M05OOVBvcm5LSEUtT3lCX2dGZW9TcjhEME9CR3RfdnhsNEh3Ull5c290c0Rla0xqZ0g?oc=5
2026-03-03	Yahoo	0.125	Oil Stocks Are Surging, But Will They Go Higher? 2 Things Investors Need to Know About the Current State of the Oil Sector.	The war with Iran could continue to impact the oil market.	https://www.fool.com/investing/2026/03/03/oil-stocks-are-surging-but-will-they-go-higher-2-t/?.tsrc=rss
2026-03-03	Yahoo	0.069	What Chevron (CVX)'s Leviathan Shutdown Amid Middle East Tensions Means For Shareholders	In recent days, Chevron has halted production and declared force majeure at its Leviathan natural gas field in Israel amid escalating U.S.–Israel–Iran hostilities and disruptions near the Strait of Hormuz that have tightened global oil and gas supplies. These events highlight how Chevron’s direct exposure to Middle Eastern infrastructure and its broader upstream portfolio can both face operational risk and benefit from higher commodity prices when geopolitical tensions affect energy...	https://finance.yahoo.com/news/chevron-cvx-leviathan-shutdown-amid-140921003.html?.tsrc=rss
2026-03-03	Yahoo	0.062	Sintana Energy kicks off 3D seismic offshore Uruguay	Sintana Energy Inc (TSX-V:SEI, OTCQB:SEUSF, FRA:3ZX1, AIM:SEI) has kicked off a large-scale 3D seismic programme on its AREA OFF-1 licence offshore Uruguay, marking the start of a major data-gathering push on the Atlantic margin block where a Chevron affiliate is operator. The company said...	https://www.proactiveinvestors.com/companies/news/1088204/sintana-energy-kicks-off-3d-seismic-offshore-uruguay-1088204.html?.tsrc=rss
2026-03-03	Yahoo	0.015	Will US oil companies be the big winners from the Iran war?	Energy prices have surged dramatically since the United States and Israel launched their attack on Iran Saturday, and that will almost certainly translate into bigger profits.Oil prices could retreat further if the United States, China and other countries tap emergency stockpiles, said Ken Medlock, a fellow at the Baker Institute for Public Policy at Rice University in Houston.	https://finance.yahoo.com/news/us-oil-companies-big-winners-223733548.html?.tsrc=rss
2026-03-03	Yahoo	0.006	How Chevron’s New Deals Could Transform Iraq’s Production Outlook	Chevron replaces Russian firms in key Iraqi oil fields, taking over West Qurna 2 and major new developments after U.S. sanctions forced Lukoil and Rosneft out.	https://finance.yahoo.com/news/chevron-deals-could-transform-iraq-210000176.html?.tsrc=rss
2026-03-03	Google	0.0	111 Capital Invests $2.79 Million in Chevron Corporation $CVX - National Today		https://news.google.com/rss/articles/CBMiuAFBVV95cUxQTWVHdDVRMzd3dW5DRFlDbUlVaklPUk9ETEl6TWFCNmNKU29mMnkwREk4dDBkWUhlU2J2QTFNMWdXT1RqNmhodC1JbzR0WGtMcHI0WXpIb1F4UXREaVVqdnQ3bWJ4YWQ2b0dKLTFsR3JPWTlyUWJvb25FZ0RVS25iNFlSQlgyTlZfMGRWdGZjeGJUNUdSYUNjdndJTTZtd3YydTRoUmx1aUM5YXJiUlFDUU9XVm5Jb2xj?oc=5
2026-03-03	Google	0.0	Brent Spikes as Hormuz Threat Looms – XOM, CVX in Focus - NAI500		https://news.google.com/rss/articles/CBMijgFBVV95cUxPLWtnZlA3WnVRT0ZwcUJqdHZXVDFRUXNpWUtjTnFyYkgwNXQ3VjBybTE5NXlCOVFoQlZzVERzaDNqRUY1TlNQd0owa1ZoSjNtYWxCaW5xZ2ttaUtOaHhGMk1lZzRoQnB3c3JlWFNpSEU4UmdCRGpkLVRHMVpZUzVBTTlxRHloY0U1YzhjU0FB?oc=5
2026-03-03	Google	0.0	CVX Stock Is Acting Like a War Thermometer—And Investors Are Reading It Like Gospel - ts-avisen.no		https://news.google.com/rss/articles/CBMiuAFBVV95cUxQazVqTHFGaldYNzQ2NkVoZWJ3R1hwODVlOEhjd0RRLU9lTC1jcUhrT0EtVXB2OEhJa2ZQdmdwa21RNUpPWC1wQ2Y5dm9aOGVHZUlhY0dlOU4yYVY0RVdzak83S0V0ekRLaFFwVHFnczVlWUw3djZiQ0RnalhMTGlGMzRMLUhDRG5CY0t0VjVMazQyeTZDSlhmdHlERHUyU0xidHNUeURZeE5sSDhwUHRHZlJyUW9MSWlR?oc=5
2026-03-03	Google	0.0	CVX Stock Today, March 02: Oil Risk Premium Lifts Shares; BofA PT Up - Meyka		https://news.google.com/rss/articles/CBMimgFBVV95cUxQT1M2azdwQkpwOXVGdmVmODRjS2ZHQWJRYXBFUjdHOW5OSVdQZ1ZWc2luQmtYUTJyams4dnRsenFZNjhKTFhjT1hYSXlIdGVpdHhrY1AzRVFRM1dQdnI4TllBVENZVkVUaDZBS0FRV3REalJnT0ZoVng0ejJmOHZqbFQyT1RrbzhuRUZaQ3o0aXpEX0FJR0lXZ2tB?oc=5
2026-03-03	Google	0.0	Chevron (CVX) Valuation Check As Middle East Tensions Lift Oil Prices And Shut Leviathan Field - simplywall.st		https://news.google.com/rss/articles/CBMivgFBVV95cUxORUdnaERfLXUxRFpubzJPcFMzNlppQkhlRTA2NGszTEhvNDdtRTlLb2RVOTBzQzQ0Yk1BVGw0VnJjTXpLOEMzeXFVTmVxUTc0LVY2RWNvdzNIWmxVTEU4N1draVlSVzRhQWt3Qk1UMFJHTWo3TlNJcUE2WGx1Skh6ZXo3cF9WaTZ0VHpEMEI4UTBjd2ZPTmFzbEZDYk1kdXAtekxKYmk5WUVEY09PdkVMOU1OS1VRMTBDVGJRa1h30gHDAUFVX3lxTE91NWcwS0t6RWFWcC1JREVYV3JHd3ZQUVQ2QXJPQ2RFa09tQmk2MWcwV2xqc0ZsTnpha1ozQkRxV3Rsd0RIRVZZVHI4QkJ3ZkwzU0dkVFQ5VG9fZldlWTctaElBVGt6Y2pjZkJLb3lfcms2TTd0VVZtLS12RFV5S0pMVFR4VGVvOUlqVDZlUmhDWTBkSEJzZm9yeWFGMmRLdTFzRDNZbnJUdFBfNmpQa3pCdktPNlZyX2VzSmxHYkdHTDkycw?oc=5
2026-03-03	Yahoo	0.0	Chevron Completes Third Gathering Pipeline for Israel's Leviathan	The project has raised Leviathan's gas production capacity to about 494 billion cubic feet a year.	https://finance.yahoo.com/news/chevron-completes-third-gathering-pipeline-122144677.html?.tsrc=rss
2026-03-03	Google	0.0	Chevron Corporation $CVX Shares Acquired by Segall Bryant & Hamill LLC - MarketBeat		https://news.google.com/rss/articles/CBMixwFBVV95cUxOaW00ZW5nNlhRMjlvd1l0VXFGY0RpdlkwcHNOVWlPXy1MM0lFZnZwX2xKRXY0Nm52Y09mb0hqNnZBdnFaVkZOM0gtTmFicG41VUxHMFppSTBqMHJ5RDRWQWpmN1ZnVjZ6d2RfTlB1bEZJd1BXYy1VOVNmRklCMmFaSjk0ZFA0R3I4cE5mOXdtZDBQQ3ZzMUFNQVd4VXFVakxHZWlhWFJkWTJfSnJaWVdia0ZwR3hJN1RBNW55VE9SdGF5NDJQaFl3?oc=5
2026-03-03	Google	0.0	Chevron Corporation $CVX Shares Purchased by Focus Partners Advisor Solutions LLC - MarketBeat		https://news.google.com/rss/articles/CBMi2AFBVV95cUxOejUyRngyR0hjaHNnaEZLbTNHeG5ZVWRBb1RWcjZPYlZRZDl0RXdHLXBkeGtZVjdKaFpMZDROWTJtTmJYNl9TZXVMeXc5cldJcnpXdnd4V29Gd0g1N1JoZnJIZGdiTEcwa05DLTBpa19zbU5QZUk0VXRiS1ByTmgwUDlrRTJRaVV3amVsQU1lMl9ZZWxDRnd5QmRoNGc5ZmtDdmp5cGpsTnZLR1hqc0VDbEtTZXZaa1FGb290dW9rUElqMVNjYUh1b1dxa3B4TmlxdWJRU2Fockk?oc=5
2026-03-03	Google	0.0	Chevron Leviathan Shutdown Tests Resilience Of CVX Valuation And Momentum - Yahoo Finance		https://news.google.com/rss/articles/CBMikwFBVV95cUxQT2ZmQm5NeE1TcUpHNzlZTVNqWWZwTEpNZkJlbkVnNUhTTkU1ZHd5NEp1WUVBUlZqSVlSelczUEJFUEIyZjV4dzB1VnBjSWtjN0RGdnFDUHY3ZkVmWmJPYUtpM1pQVHdKMTN5dmNCWTJSb2xaSy1kdm94ZTVaWmotZ2hQRHY3NW9fbGkxLU5BeUdBMHc?oc=5
2026-03-03	Google	0.0	Gustavson, Chevron president, sells $1.24 million in CVX stock - Investing.com		https://news.google.com/rss/articles/CBMiwAFBVV95cUxNRXF4Z3pva0NjUzdDazJKVlEzUXRrQjZGVUY4QmFxcVFPMk0ydmEzeVF6eU5LcGNEeVNsOHRuQTgtaG84Q0UtM2JFZXZ6VXpMLXNkMUdmYkNYZnJsTVoyYVJMVVJ4V2l6Y3pyV2wySll0bDRDT3Zvd185R0s0VlRsX1Y0OGFvaWtkbG5Fc2d0UHF0YjNuVG9ZV2YwcVJwejVUc1ZMMGFpcUs0Ym1ET28yNXdPaGswcVpLRjFQTTRTOXc?oc=5
2026-03-03	Yahoo	0.0	Halliburton's Asset Sale Halt Paves Way for Venezuela Restart	HAL's $6.6M asset auction halt by Venezuela after U.S. intervention signals a potential restart of American oil operations in the country.	https://finance.yahoo.com/news/halliburtons-asset-sale-halt-paves-150500662.html?.tsrc=rss
2026-03-03	Google	0.0	Halliburton's Asset Sale Halt Paves Way for Venezuela Restart - The Globe and Mail		https://news.google.com/rss/articles/CBMi2wFBVV95cUxORzhLT09HdF9VUXhFWk5aTzZ1ZWpTbVl6RGdob1NaczN2SGdpZW04R2hVakVFQ0xzTGR3LUZkTHBxbGQwZkNuQmlPSHlVUXJPR2pYdnJPYmN5cFlpVmljT1E2MHdSTkVIUlpZeVE0eVVPdk1Ec194UkdnMXlSbzJRb0NaenhhN3lfZ0hsQzk1aTB4X2JFZXlGenNGMFRkaGpON1p1VlRKZTJtM2w1Q2N2RHFRSXQ5U3I0c3BZZm9xbEtnNzk3WTc3MGRodWRvN0ctN2gzeVl5MG8xN00?oc=5
2026-03-03	Yahoo	0.0	Hess Midstream LP Announces Signing of Accretive $60 Million Repurchase From Sponsor and the Public	HOUSTON, March 03, 2026--HESS MIDSTREAM LP ANNOUNCES SIGNING OF ACCRETIVE $60 MILLION REPURCHASE FROM SPONSOR AND THE PUBLIC	https://finance.yahoo.com/news/hess-midstream-lp-announces-signing-130000645.html?.tsrc=rss
2026-03-03	Yahoo	0.0	How Berkshire Hathaway Performed During Buffett's Final Quarter	Buffett’s final quarter saw a 25% drop in net income, but his final portfolio moves—including increased positions in Chubb and Chevron—have proven prescient.	https://www.marketbeat.com/originals/how-berkshire-hathaway-performed-during-buffetts-final-quarter/?utm_source=yahoofinance&utm_medium=yahoofinance&.tsrc=rss
2026-03-03	Google	0.0	Oil prices set for $100 if Iran war persists, warns bank - Proactive financial news		https://news.google.com/rss/articles/CBMiwwFBVV95cUxNVFdZRVVZMjNaa2pjbTZHQkEzUTBndENuWDJpeTVHTDBxZm1GSnVRNVRvQW9Kd0VpOEVYekxVU3RTWDZjM0Z2OUdYMnE3c0Y1MVNUcnZHbUZzalpIZnpkdlVHNV91VDE1T3RVNndaVm9QTTA5RXlKYzUzazNsVnFuQmY3YXgtY2lnOVp3a3N3djJ6bjlVSFFwSEJmNm9WdVpuNG1OZ2EzNW8xMExLRlNZeGRVMzdmQXRYZnd5SENPY2YySVk?oc=5
2026-03-03	Google	0.0	South Dakota Investment Council Buys 119,487 Shares of Chevron Corporation $CVX - MarketBeat		https://news.google.com/rss/articles/CBMi1AFBVV95cUxObkpnUFBERXNCc3pLV0M3Vzg0RzBwdlVyZHVNU0t4ZkdWZFUtdjk2dUprWm9JREpIWGRVSlhpU2J1cThuVHozeUl0OTdKeTFkbVVadzZuT2hvemhLVzFhNnJ5a1NDMlZRYzJTZ1kyX0JKRWhWSF9aaHpyM3Q5bk5ZWmkwa2tuMVZJZmQ1Ui1zSEp0MnNyUVRnMjZWQXlHVXJ5RDlXRkdHZUJjcVB0cXRHZnVnaTZfNFJqd2NLUURqc0UtbHBGNEhNVmszMEVWSkw1ZUk2SQ?oc=5
2026-03-03	Yahoo	0.0	The 24-Hour Energy Shock the World Wasn’t Ready For	Strikes, tanker attacks, and a silent Hormuz push Brent to $84, with $90 oil now firmly in sight.	https://finance.yahoo.com/news/24-hour-energy-shock-world-160000254.html?.tsrc=rss
2026-03-03	Yahoo	-0.04	Oil Prices Soar to $83 a Barrel. A Potential Energy Shock Is Brewing.	Oil prices climbed higher on Tuesday, extending Monday’s gains as fighting in the Middle East escalated.  Brent crude oil futures  were trading 7.4% higher, at $83.51 a barrel.  West Texas Intermediate  futures were up 6.8% to $76.09.	https://finance.yahoo.com/m/bc31da52-18e5-3c68-bf61-e101be3b1f8e/oil-prices-soar-to-%2483-a.html?.tsrc=rss
2026-03-03	Yahoo	-0.053	Berkshire Hathaway's New CEO Omits Bank of America And Chevron In Letter To Shareholders After Warren Buffett's Exit	In his inaugural letter to shareholders as CEO, Greg Abel signaled a potential shift in Berkshire Hathaway Inc.'s equity strategy by not mentioning two of the firm's largest holdings from his list of “core” investments. The ‘Core Four’ Vs. The Missing Giants Abel's letter emphasized a “concentrated approach” toward businesses Berkshire intends to hold for decades. While Apple Inc., American Express Co., Coca-Cola Co., and Moody's Corp. were solidified as forever stocks. Don't Miss: This Energy S	https://finance.yahoo.com/news/berkshire-hathaways-ceo-omits-bank-213116990.html?.tsrc=rss
2026-03-03	Yahoo	-0.063	Sintana Energy, Bluefield Solar Income Fund, Helix Exploration, Kodal Minerals - Small Cap Snapshot	Sintana Energy Inc (TSX-V:SEI, OTCQB:SEUSF, FRA:3ZX1, AIM:SEI) has started a major 3D seismic survey on its AREA OFF-1 licence offshore Uruguay. The 4,300 square kilometre programme is backed by Chevron, with first results expected in late 2026. Bluefield Solar Income Fund Ltd (LSE:BSIF, FRA:5B3) reported a solid operational performance for the half year to end December, but a lower net asset value. The dividend is covered, the sale process is ongoing, and shares ended December at 68.5 pence. He	https://finance.yahoo.com/video/sintana-energy-bluefield-solar-income-095554585.html?.tsrc=rss
2026-03-03	Yahoo	-0.088	Chevron ceases Leviathan Gas operations due to security issues	The decision follows Israeli Energy Ministry orders due to US-Israeli military actions against Iran and subsequent regional retaliation.	https://www.offshore-technology.com/news/chevron-ceases-leviathan-gas-operations/?.tsrc=rss
2026-03-03	Google	-0.25	Iran, Dip-Buyers & a Rare Buffett Stumble: Wall Street Shakes Off Its Worst Fears - ChartMill		https://news.google.com/rss/articles/CBMiywFBVV95cUxQNTRVa1Utdi0zU25pUDFRbDduemJRSE00ZlNZazhVRGJPSHNyMzdiR2NXYU9wWF9mMFRiZTNKQllhRDBfYURWaVFORmhJQkphamhzZU1UTVg5aXVTcDBINlhHQ0NCem5VbkExa1NQZzdQajBkUjdvYXdJWUpRbkc3YURKZkQ4Y2ZvMUZXcWRKRUw5UnFYV1NrajRQUnVpXzVySmpxd0EyOUw2dWE0SDhlSVpOdkZtemJsMTRoeTlVUlVQRkluRy14ZGc4Zw?oc=5
2026-03-03	Yahoo	-0.296	Reddit Is Bullish on XLE But Crude Oil Tells a Different Story	The State Street Energy Select Sector SPDR Fund (NYSEARCA:XLE), is up 27% year-to-date and 13% over the past month, trading at $56.78 Monday morning. The catalyst is unmistakable: Iran-Israel tensions have escalated sharply, with the U.S. ordering non-essential embassy staff out of Israel, a development the world is keeping a close eye on. All the ... Reddit Is Bullish on XLE But Crude Oil Tells a Different Story	https://247wallst.com/investing/2026/03/03/reddit-is-bullish-on-xle-but-crude-oil-tells-a-different-story/?.tsrc=rss
2026-03-02	Google	0.5	Notable Monday Option Activity: AMD, CVX, LULU - Nasdaq		https://news.google.com/rss/articles/CBMigAFBVV95cUxQZDRjUDVtd2hmSlJTbktkSDVseVN3R2tPcGEwN1pnU3E2Q3poSWZxWkF1MkFncVN0ZE9KYnhBZUJtdXdPNVYtVTZCZ3dxN3U0azRkQk8tLTFEQkxaT0dsSGdiYkhEWHZyd2JEWHMtbERmN09DYk5JNjltS2JhN094bw?oc=5
2026-03-02	Yahoo	0.487	Stock Market Today, Mar. 2: Stocks rebound as Iran conflict raises war worries	This live blog is refreshed periodically throughout the day with the latest updates from the market.To find the latest Stock Market Today threads, click here. Happy Monday. This is TheStreet’s Stock Market Today for Mar. 2, 2026. You can follow the latest updates on the market ...	https://www.thestreet.com/latest-news/stock-market-today-mar-2-stocks-plummet-as-iran-conflict-raises-war-worries?.tsrc=rss
2026-03-02	Google	0.433	Citigroup Forecasts Strong Price Appreciation for Chevron (NYSE:CVX) Stock - MarketBeat		https://news.google.com/rss/articles/CBMiwwFBVV95cUxPd1oyR0RpTXBhZ2duUVJYcnZWR0tXWW1pVFBYNnIxdzJHN1NoUTRXNjhLOWU2QjBWdFZ3WDE1RmpfT1QwVGcyZkZfNFJwbWZNZUtqUWNUTllFNWF4Mk9Kb2FJZ0g3ZFBTcE5xUUFpRkpQTzVjdHEtQnc5dnN3QXg2RlJQVENRRnhDWldRbzl6TEVYTk9BNXF1Rkd4Q3pLTFhhcHplRkx0VUNNRFN0cHBxZ3NLb3BELUQxZVdPa05Ccy1wam8?oc=5
2026-03-02	Google	0.368	Chevron, Exxon Mobil, ConocoPhillips Stocks Hit New Highs: Here Are Congress Members Who Own Shares - Benzinga		https://news.google.com/rss/articles/CBMi5AFBVV95cUxNMjFHSC1OVndmdVFac29yZVJmYUtYTkZTaS05Y2wwTnVEeTgxRU1KM1hDTDMzaEE0OXh3VEg3UG1DRW1JcU90dzIyYWk3WlF1YXBaOEtGbnpvVGp5WDdiYkRQOUZTUlJtUWtHTEZaZnp1SXdUY3J2eDVjSzFBWFpxZ1dXeUJ2bGZZcG9vamNfVmc1UThyZUJvNUJkMGs4aGhhMzU0Z1FhOS1HR1ZrNmlzQm4zbktqT1FDSnpjcUJQdnBjMXlmOFktRGlrbkd6eHlGeWZISVVSdmdCLVVGYjNZRmVRbkQ?oc=5
2026-03-02	Google	0.3	XOM vs. CVX: Which Oil Stock Offers More Upside in 2026? - TipRanks		https://news.google.com/rss/articles/CBMisgFBVV95cUxOOTBCaGQ5bEJFYkpJWEd4NVdQSnFnQXhaaXBoOHppX3FNQ2xQZnZmSFpPS0JWMlhqUXRjNXk2aWVNaU5mLUczam9TNG92Zmt4cXNrdWVQN1djT2dzOHd5ak1sSjBGVXNSckd1clIzdUpzMkplbjZ3TTR6M1UzMDdNOWk3N2dtbjRpWHgzdTRXWVlVTW9hcEx0STlNekhUWXZDa05OWEY0WkRld0loWnNkSExR?oc=5
2026-03-02	Yahoo	0.282	Gas prices will soar 'very quickly' as Iran conflict boosts oil	Oil (CL=F, BZ=F) prices are surging as the US's conflict with Iran escalates. GasBuddy head of petroleum analysis Patrick De Haan and Yahoo Finance Breaking Business News Reporter Jake Conley join Market Catalysts host Julie Hyman to discuss what higher oil prices mean for gas prices and consumers. To watch more expert insights and analysis on the latest market action, check out more Market Catalysts.	https://finance.yahoo.com/video/gas-prices-soar-very-quickly-164804642.html?.tsrc=rss
2026-03-02	Yahoo	0.25	Sector Update: Energy Stocks Gain Monday Afternoon	Energy stocks were higher Monday afternoon, with the NYSE Energy Sector Index rising 1.5% and the St	https://finance.yahoo.com/news/sector-energy-stocks-gain-monday-183407979.html?.tsrc=rss
2026-03-02	Google	0.25	Why ExxonMobil Group Stock Bumped Higher Today - The Globe and Mail		https://news.google.com/rss/articles/CBMiyAFBVV95cUxQYU5CaVEtdkRLRU9KTzVFZzFZMzk3cGx5bGs0dnJpQ05fOVN3X2V3a0Qtc1pTZE0weHFqNWNlb1pYc0s3ZGNZeEc1TlktZjd3ZHpYU1htODhjb2loMU5mUm96WG1vUEhNN2RqendKSnotTmUzTlcwSFZjLUlvOEg4dWQtT1o1NXlNMnRQUWFRV3hjTTVKXy10b1MyQVdQSjY3N19tekZLcC0yWWw4U0ZrUlQ4cEdYZU5JY05yMUZxQ3JhYVdOMmJVZw?oc=5
2026-03-02	Yahoo	0.231	Energy stocks rise on oil prices, BlackRock consortium to acquire AES	Market Catalysts Host Julie Hyman tracks several of the day's top trending stock tickers, including energy stocks moving higher on spiking oil prices (CL=F, BZ=F), shares of Palantir Technologies (PLTR) getting a boost amid escalations in the Middle East after the US bombing of Iran over the weekend, and BlackRock-owned (BLK) Global Infrastructure Partners leading a consortium to acquire AES (AES) for $10.7 billion. To watch more expert insights and analysis on the latest market action, check ou	https://finance.yahoo.com/video/energy-stocks-rise-oil-prices-154741202.html?.tsrc=rss
2026-03-02	Yahoo	0.167	These Stocks Are Today’s Movers: AES, Norwegian, Elevance, Palantir, Lockheed, Strategy, Berkshire Hathaway, and More	Shares of clean-energy company AES decline after it agrees to be taken private in a $33.4 billion deal.	https://finance.yahoo.com/m/84b4038d-94fc-302b-87f7-bcadf517801b/these-stocks-are-today%E2%80%99s.html?.tsrc=rss
2026-03-02	Yahoo	0.15	US Equity Markets Mixed as Government Bond Yields Rise Amid Middle East Conflict	US equity indexes were mixed Monday as government bond yields rose amid continued conflict in the Mi	https://finance.yahoo.com/news/us-equity-markets-mixed-government-210840998.html?.tsrc=rss
2026-03-02	Google	0.148	Chevron (NYSE:CVX) Hits New 1-Year High After Analyst Upgrade - MarketBeat		https://news.google.com/rss/articles/CBMisgFBVV95cUxQdVVtblMya1lUbl9pVDVnWWZMS1lyTXlKSnotTjNVSkxUbXRrNjlER0xyTEdiazRKUFhla3BGTWZsRVFqN0QyRW1tZUQ4TGsxVk1FNXo3aGtUaDVYQmIwcWwzVnJZMW1Xckc2YnBkQ0h5QXdsRk5OQ3VIV1pfSm83ak4tYUdMWGlzcXVOWDRvWjRzWnh0Tlp3YXpFa055QmN6M3VsdGJkZVhjYmVBY0ZScHRn?oc=5
2026-03-02	Google	0.136	Chevron stock nears $200 as oil spikes — and three new takes disagree on CVX value - TechStock²		https://news.google.com/rss/articles/CBMiogFBVV95cUxQbWcxbUg2eUlHQk82OEk2Ukg0c3c4LUVhOGxCTzdkUVpwWEFRbkpFNVc4OU5ScnNDRU5NbUdnZzMzRUwtb2NBNTczS0lXbGw5ak1zeXVKUW1aeDd2Q2x6dlowUFJUbEhQdC1pLU0yTGNrbGlBcWlubUlNLUV5eTNfRUhYemwwRGFqd3lCQ0VubmxEaWlCcWVWUVRCQVZQU1RDTlE?oc=5
2026-03-02	Yahoo	0.125	Exxon Stock Jumps to Record Peak as Middle East Tensions Lift Oil Prices	Exxon Stock Jumps With Energy Peers. Geopolitics Drive Oil Higher	https://finance.yahoo.com/news/exxon-stock-jumps-record-peak-203202986.html?.tsrc=rss
2026-03-02	Google	0.125	Exxon, Chevron Stocks Rise on Middle East Tensions. Why They Could Go Higher. - Barron's		https://news.google.com/rss/articles/CBMiiwNBVV95cUxPdklqUEV5SVNvQnhLY2R1NTRac0I2ejBpVHpEdFRnY1ZpMldNZ0VmQS1TSUhzb3RqU3FkNVVXQ3VXNDUyb0R0RW5MMXdpeGF5b0FSWUQwOHdaRlRGU1NUTmtQNHFzaVZPNkZGSThpU1A4a2Z5YjZwWWZoNzNaNmNLTUx0b29SZG9wWVZWckF3MWxNQlR3WUx5Z1FaaUJkRUgyN2ZxeVQtNDRMRGkxdjcyN3ZhRi1VejNwQ3VmcmFrTENfN245OXJZOEptWU4zbDVSOTNxclgwalhJZkV2SDlOdDg0SWwycWRCUkVmRmFKRF9OTVJ5ODVrcTd0UmpVVDlzSlg3dzQ2T2UxZllnY0ttZ1JURGY2dTNlcno0c1pWTjdrRHY3emRzbnFoTnlFRVAzRkZZVHhtTlNqQ0RsZWVuUHk0LW5HTVFSNFcxZEQ3NEQ0VV9VZGVMWmxIZks2NjNVVWpqc2pkZ0hoYmVtVTFnRElEU1RzbXowZjVNX181YmRKbGlORmNyNVRKUQ?oc=5
2026-03-02	Yahoo	0.125	U.S. Energy Shares Jump After Iran War Intensifies	Fears that the war on Iran could upend global markets sent share prices climbing across U.S. oil majors, Texas frackers, Appalachian gas producers, Gulf Coast energy exporters and more.  Liquefied natural-gas exporter Venture Global recently jumped 18%, while Cheniere climbed 5%.	https://finance.yahoo.com/m/e0169917-6d8f-39e8-98f3-aec35edaec38/u.s.-energy-shares-jump-after.html?.tsrc=rss
2026-03-02	Yahoo	0.1	Chevron Declares Force Majeure as Israel Shuts Leviathan Gas Field	Chevron has declared force majeure at Israel’s Leviathan natural gas field after the government ordered a temporary suspension of production on security grounds	https://finance.yahoo.com/news/chevron-declares-force-majeure-israel-183000006.html?.tsrc=rss
2026-03-02	Yahoo	0.084	Exxon, Chevron, and Other Energy Stocks Close Up. Why They Could Go Higher.	Exxon Mobil, Chevron, and Occidental Petroleum climbed as oil prices jumped amid Middle East tensions. Chevron hit a new closing high.	https://finance.yahoo.com/m/2acd165d-f336-36f4-962a-b8f443ce15b3/exxon%2C-chevron%2C-and-other.html?.tsrc=rss
2026-03-02	Google	0.05	Energy Stocks Surge As 'Operation Epic Fury' Ignites Middle East Oil Risk Premium - Chevron (NYSE:CVX) - Benzinga		https://news.google.com/rss/articles/CBMi1wFBVV95cUxPX1MwX0N6MHVKOUlTQkUybXJjQnE2Tmx0b3E3dUdyVTUyOENLY0U1MnFPOEJaNEVkRVRiMWgyNkNZSG9rQUFCaTh4SExsOVNMY2t6NkI5RVBPZVEyZHZCWDhmTG9tYWswNTczRTUyaXZwcVBhRW1ScWl4SkZBMlB1S05hMEJwVElGSHd6VGpxbERPWEFwOFJsQkROaXdGdEJBNHFiSGlfN2VJVzZCRDI5V1FncmJxSk5oai1zNlRIMkpHQ2wzalloNUJUbUlBZk1oOE51LVR5NA?oc=5
2026-03-02	Google	0.0	1.553 CVX EUR Spot Trading - OKX		https://news.google.com/rss/articles/CBMiYEFVX3lxTE1xSzV0Q055T2phMnVORFNUTWtNWlI2SlR2U3QxYUlEbFRlRElpUkVKVGNjdTVpalROZ25QQ0ppbDJxT2dIc1F2cENuU3Z6QzNndXV3T0toNmxNZGVWbHZabw?oc=5
2026-03-02	Google	0.0	111 Capital Invests $2.79 Million in Chevron Corporation $CVX - MarketBeat		https://news.google.com/rss/articles/CBMiuwFBVV95cUxPWGYwSXhWd25IeGhWME1tNHRvamFNZ1pYR1dwZUxNNXB4V0ZpeVdack5Ebmc3UWZ0ZUh5Q00tZEx3dU9nbjlXUDBTTC1wYlpMNXZ1OXRMc0lTWklncGJuMGRJV1ZDYUtHX01hM2wtaFh6UlpFMTIwbzBnVzRjOFVSX0J4a2FTZnpzQldFam1ybEFsbk9JWmRsM3R0TkJQVUhyMVhSVHF5Z2ZEQTdGUGowY1B4ejhWU3JrVVVF?oc=5
2026-03-02	Google	0.0	Chevron (CVX) Halts Leviathan Gas Production Amid Israeli Shutdo - GuruFocus		https://news.google.com/rss/articles/CBMipgFBVV95cUxPNHdEbnlZME1xV00wOGhqSnNjcDFhT0VTMks0eEZmY0hab3l2cFV0dS1MdnRhNENBUzJiNkxJbjJqQWVmdlg1SXFwcHRqQUQ4MlkwTFRKakUxbUQ2RVhhNFRoOUdXbHRKZzE5SEZXN2d2UmRBbm10NU9SUXFrN1BoVzNTa0JJaU1Md2cyVWFzVWVNejMyYnNaSVgteFRweFd4RDh1MFBB?oc=5
2026-03-02	Google	0.0	Chevron (CVX) Price Target Raised by Citigroup to $210 | CVX Sto - GuruFocus		https://news.google.com/rss/articles/CBMiqAFBVV95cUxPOU5PUURBZUQyRW1iNEtfdlJsQzZ6dEg2X2tOa3A3cVFnMWptbDNvNFFYWVUyS3VoUG1wNkZMSDBKUmRRR29SclpKaGdqYThsQXlRbTEtNmdxSDNlQkFOU29YcFN2MnhVZXdhODdPejlkV3lmZTlzM2tfN1ZCeDJLNlNZZk1ka2VMTks3UERkVHRXWHJtV3F3ODB2emI4bFhNaGNDdTRqR0w?oc=5
2026-03-02	Google	0.0	Chevron (CVX) Stock Rises in Premarket as Oil Prices Jump After Middle East Strikes - CoinCentral		https://news.google.com/rss/articles/CBMiqgFBVV95cUxPeGJIS1dpSXJBZURzOVZ4RWQ3ZmFzNmJHeERmbTdmN21sRFQtekhOYW8xT3Y5d1BZeVJPc3JZTVNxbmFFU3ZhV0o4STJ0bEZqYl9vYXpLbkdsM0dDcTVwam5xSGFHSFQwZFBLNkdrV1hCVy0zOEJ2c0U0T2dOWW9xenh4TlZIUmpjbDJpMVB6bFBHMXRGLVYzNXBNak4yaHEtSV9xZVlQZjlRUQ?oc=5
2026-03-02	Google	0.0	Chevron (NYSE:CVX) Price Target Raised to $206.00 - MarketBeat		https://news.google.com/rss/articles/CBMinwFBVV95cUxNUEJNNlBTRURpWmR0R2JwVTlGaDBQS1l0OXl6STlEVXFlRFVFSXpzVEhSeDhzR3R0Tl95QjBtbWJaQjg5ME8xMFFKcU9udjVUYm9wNWktRURoYTQ0Q3RXRUtGdE5zZlEtWnVZTkwzV2FFaXZVRUhQWlctSHZ0eFVQcXpWakZoc21VdDM1QjlLOGNZSzU4bzJuaENyVEFlTlk?oc=5
2026-03-02	Google	0.0	Chevron (NYSE:CVX) Trading Up 1.5% Following Analyst Upgrade - MarketBeat		https://news.google.com/rss/articles/CBMirgFBVV95cUxNTXVMNTRWb1RDaUdIVTlYdHdqWGI1TEgzM1g4LXlFaE5qLV9uYWVUaXh1Qkd4MUhidC1Kd3NTUU1oVGYwTUZBaldUX1B0d0VFbkNXU29DV3B0ci1qRnVxOERoTXRyZjZ2c2VETzI1b0FtYjZkX2lTdEw3S1NrX3lNWDJ3RTR0Z25nMzZJcW9aN29pVmpFbm93V0owSWtLTXhsWVBBY0FLNW9ka0I1REE?oc=5
2026-03-02	Google	0.0	Chevron Corporation $CVX Holdings Increased by Fisher Asset Management LLC - MarketBeat		https://news.google.com/rss/articles/CBMizwFBVV95cUxOTGZjUEpfN3R5VzN2U293SmpZXzl3UHRMRmp0Y1BVUHhVRzJCZWtpel9aMmxOQTRUbUxCQkxLSGJLdjBLTjluRU9NQmhNRlpiR1RTOFBoVjU5a19TdVRBMkRya2hNODNUXzR4a001X3BjdXNYUnlraC1FOEQxRkdTQXkxc0FOeW1JbWdHR1RiY0drZ2hFQ3c1V0ZpS1BtQS1ydzlXYmhnRVgzSE54SkJ0dTV5UkF4bmtobHBibzNsZWI4YUo2ZmJpQVRyeHJyWGs?oc=5
2026-03-02	Google	0.0	Chevron Corporation $CVX Stake Reduced by Laurel Wealth Advisors LLC - MarketBeat		https://news.google.com/rss/articles/CBMixwFBVV95cUxNYWJTSDFhR1RhUnVGR3JDM21zTG0zNWF0X3RIaWppcnpGeGVpOUEwRl9jZm9yY245VmdZbzZpMDFFQ0lCM1JrZnVCWDQ2ZG15NzFFQTB6dHFScUNoeERUMUZzdHM2R01ma0xydUJJaVlIWXVSVU1Wb2dsOTgzbTA4MFZSWlZhRE5iMmd6bXNFRjRlMzNUNERja2ZJeFF0LS1ZMnVteVVxSkllYkFaU3ZjVjJwdnR6dFFZTUNYRkNVOWdpMGp1NXkw?oc=5
2026-03-02	Google	0.0	"Chevron Corporation (NYSE:CVX) Given Consensus Recommendation of ""Hold"" by Analysts - MarketBeat"		https://news.google.com/rss/articles/CBMizAFBVV95cUxPSVB5UEJKN2F2NVlTWTNiVVN2RHVKTllxTVV3VzFnU3k5VlFMcWUyNXYzb2FCbGpxaXNOZXhQTmlKY3VkYUdlREJUVE5uVl9UczJNem1xVU5sOUFQOFlHeEN1M1BJX3NXUENfWGNHMjJuV3FVOVFEc2tCVFBKQ0tDNUw5bmVTcjZIMEl0NUtob0lJMGRBTVBIVlA4cmppNTE2SjdXNHBSMnN3ZlpOMHBhbFBqdVlQcFdvSzNKVDR1V0kzNFRTeDdVVFBILWo?oc=5
2026-03-02	Yahoo	0.0	Chevron awards Leviathan module fabrication contract to Hanwha Ocean	Hanwha Ocean has been involved in the Leviathan Expansion Project since Q3 2024.	https://www.offshore-technology.com/news/chevron-leviathan-module-fabrication-contract/?.tsrc=rss
2026-03-02	Google	0.0	Chevron ordered to suspend production at Leviathan gas field offshore Israel (CVX:NYSE) - Seeking Alpha		https://news.google.com/rss/articles/CBMitAFBVV95cUxPNEQzaDNBRWhWMjlPeFgyQTQ0Q2ZPWHRuLXNJN20xQVY0dFlCRTRwLUxBUnplWXE1VUR3WFhaeUI2bFlpQTBib1JSZ3g0c1JfVElxWGhReW9fZ2x6YWtsYTRDWTJRSTRwYmFYSjdqbEJHQldJVEEzWnc1M096NWdYY3hYR2VmTDVvUmJYRFgwYVBlLU5wc0UzRllKRm4zRTVvanRDYzBPeXg0QlZzUlF5XzZRN0s?oc=5
2026-03-02	Google	0.0	Chevron’s stock surges to a record as U.S.-Israeli attacks on Iran spark an oil rally - MarketWatch		https://news.google.com/rss/articles/CBMizwNBVV95cUxQMDVlZEFKUXZfOG5RUXVJemNONW43S1ZYbllQY2V3RDVqdEtFczI4Y0xFYW9VZU1COGRfdHFJX2NvYm5MUm5JdXB0NzU1VnhrVDhIbk42NzlTTDJoOUNta1p6UHh4bHNCbHUyZnhmY1ZmdjBFdEgwdllCMFdRdkpPQ2tuMEdEY3o3MGw4bWxpaV9MRmcwWjJ2dUtfTmNYbS10Y3RvV0dTSW9uSWhPNWZiTmRZaG80TEthUzdtU1NyRWJGcVp0aUc2R01LVjNaNGJXVmE2djloVGZDZU5OR2I2LTBmUGR5Z0JXU2YwYjYxcTNnSDRzcmdaT0xEQjUxM25wd1JWeXotdF9PLThScDAtZXhHazZ1c3V3U1llY2xHZlpUV0JVNFlaSlFxT1Fjd3pRRGNCdVFnR3VtVHEwbHZ3bEhmV2o5YkVUaHhXb2owdzMyZnl0alpFNXptV0QtckNJMzlGelZXOTBwd1VPVDlJSncyMlNLSWhMMHA4bHNaaWl1d1hxR0tjMm45MlpIMjYtSW0xTW1odC1hcFdRY0F5am10ZExJVTdJaG9CTWprMnJqekNQalMzRzI3WFlCZEhrZ21nQlVhSjhtSi1Qd3RJ?oc=5
2026-03-02	Google	0.0	Dow, S&P 500, Nasdaq Futures Slide As US-Iran War Shock Sends Oil Soaring: Why INDO, DJT, USO, XOM, CVX Kept Traders On Edge Today - Stocktwits		https://news.google.com/rss/articles/CBMi0wFBVV95cUxOaWhfeG9VbzhzNmVGbnQwLWhuQmZBZVlhNFJ2RHhuSjVBdzNBejdRZWJfaUxVamk1bTRndDRsUGdBYnJzaEZrb2xBZlF6Y3VISVoxTlp5c2NqNVRLOV9CWEhwNVU4bVBScGM1b05ONUlrLU12X3BjTldURzd6M3dsVXF4VzdkUi1HN1NMUHNCMnVTU3drcmJIczJMcWdwMHBFZGstdjBITC0xNUl2cDBKMWNBSUQ5QUNMWmtwLWhLU2lUNDJYQS1FcXVIVl9sQzRCTWZB?oc=5
2026-03-02	Google	0.0	EXCLUSIVE: Chevron Has The 'Clearest Line Of Sight' In Venezuela Recovery - Benzinga		https://news.google.com/rss/articles/CBMiygFBVV95cUxOeU16bno1RC1CNnJ2T0ZDWEUtUk1LcVd1R2V4YkVnel9HcEZMX3lmcnVOVDdZMG9GT2lLNV9rajVxc0VtcmlBM29ySG5qbmhoYkZLM01fRWtDOXpCcVB5eTFLRUNhMjVNSG9oN1Z2SGtLUWFYY3puYzlqSGJpWnBDWlNuYkJMaWc2NVEzclJhaWtXbGcydlg5MTZ2YmF1RWVSS29HOF9GMDBEeHhwaG53ZGdtelN5NGkyZ1haQWxiNXBHMFo1Zml6WXln?oc=5
2026-03-02	Google	0.0	Elo Mutual Pension Insurance Co Raises Stake in Chevron Corporation $CVX - MarketBeat		https://news.google.com/rss/articles/CBMizAFBVV95cUxOTjRJZVYySktGMU40YU5mX2NXaFVLZnNLQUpNNDh3c1duQWF6RWJIb3hXS3A1MURQSnpVM0YzVHF0YWRHamhDaVM2ZjV0TUQyRHJuM3g5T3FUNkIxU0M1TnBCNkI3THVxS1UxRDNYRU1KdWVpcklVRm1tQmJZWUtnSG5VMVRDWXBtX0lIWGUtWE1fZWlndnJPeHJ2MXFFT3lrMHB4NUhjMUlPZjc0OWRDeG1IVWR2VzBfX2xpUUM5cTR5dklWOGFwaUI2Mnc?oc=5
2026-03-02	Google	0.0	How Investors Are Reacting To Chevron (CVX) Expanding Into Ultra-Deepwater Exploration Off Crete - simplywall.st		https://news.google.com/rss/articles/CBMivgFBVV95cUxPREdnSzZxSFJRMVNkam5DQnhBVzVOVGlKZ2RIeUs3S0V1WEVfSzlPeGxERU55WXpMa2NZdE5RZ04tbFo1ekNSRGtJc3pEUU1GOWVNZHpCNXk4MVRvaXV0VUtOSGhMbl9QQnFiVm82WHhwaWFMMzUxeGdqaVVqbXRrd2pZejA4ZVE0eDdvalRMdzYzcm5makNteDdWYkFxSXZvVHNJYjcza0E4V3p0V3h0aG5weFBxa3FNUjYzSnhR0gHDAUFVX3lxTE01ZXdEcV95NEoxek5PempJVkk4YXhoZjFOT2dQdXVkV1lxc2h3SUw5dEt0Q1ZOblhiRV8yV1pLQUdudldzZllWX2ZKaGFtakZpRE9LUThVSldPd1kyb1REbFJteVhSR3BvYi03Um5CRUcwWVRUVTdGWEkyNkJvaVI4TV9NUUZDNWcxemxhQVdiWHl1V3FiQUwteWRRQm83RXdtOUVlTHRMSUpqVFYzNTNnMVZBMENhSS11NXFZTDFIVk11NA?oc=5
2026-03-02	Google	0.0	Kingsview Wealth Management LLC Sells 12,235 Shares of Chevron Corporation $CVX - MarketBeat		https://news.google.com/rss/articles/CBMi1AFBVV95cUxOOG9MVEFaeWozUGt6SEszZm9CQm5uMUpuQU56LUFFdlZnMUpyUGwtZWtxUjFFbWJvbmtmWHFYRWJkSXVNb3hUQUtyWUpVNlFWNzd3NHVuanFKOVhxY3NJNm91SExiU2Z5VTd4ZWZ2M21yNmdhaGZSa3VFYTh4eXVfTExDRGkwSDItbW9pZG5raUJXa3BybGgwaWpqODZ0dDBMZkNKR1dKTDNSQ3F3RkZjRlctbGdLd1hhWXBNMVZ3UFNDMDNjQThNV01BWkNpVkd6WkxZTA?oc=5
2026-03-02	Google	0.0	Michael K. Wirth (NYSE: CVX) sells 320,700 shares; option exercises recorded - Stock Titan		https://news.google.com/rss/articles/CBMilAFBVV95cUxNNDRJc28yTE1oVzZELUlBa3VnWU4tdzA0VEM3eGxhdXdIWTd0aWlKcm5UVUVMSUNNQVRVV1FUQ2pVbTBjUFltM2hqYmZlNjZQeXh2T0tyMlp4aElHQ1lYOFZ0SlRXWV9hMXdaUUpIbWNFMjdWdFBmT2xmV3hyUzlWcEVSOVJsZWR6SzdQdUhCWlRVeS1k?oc=5
2026-03-02	Google	0.0	Oil Surges After Iran Strikes Shut Hormuz Traffic — Exxon Mobil (XOM) and Chevron (CVX) Rise - CoinCentral		https://news.google.com/rss/articles/CBMisAFBVV95cUxObzNsSndrNURLcVZQd1JIODdTbTgwR2JRbU0yRjk4enhVUDhyUjVCOXJJUmZGX1BDQWRlUlVhYVgxV2lWMDFaUWhLYm5GaVY5UmJEX3cxVTFENk15NGhid2RQRDRjSWxLLWNCTWxueEdPWG5Pek5pOFZYU2hUOGdxVW1FSWNtVll0T2hWXzFjcXBjNjZQd1JOTnFMeXlQckpQb1h1Qnk2WDFrRS03MEY4Tg?oc=5
2026-03-02	Yahoo	0.0	Sector Update: Energy Stocks Rise Pre-Bell Monday	Energy stocks were rising pre-bell Monday, with the State Street Energy Select Sector SPDR ETF (XLE)	https://finance.yahoo.com/news/sector-energy-stocks-rise-pre-142654614.html?.tsrc=rss
2026-03-02	Yahoo	0.0	Stocks Fall Pre-Bell, Oil Prices Jump Following US-Israel Strikes on Iran	The benchmark US stock measures were tracking in the red before the opening bell Monday, while oil p	https://finance.yahoo.com/news/stocks-fall-pre-bell-oil-122007989.html?.tsrc=rss
2026-03-02	Google	0.0	XOM and CVX stocks gain edge in oil turmoil - Rolling Out		https://news.google.com/rss/articles/CBMif0FVX3lxTFB5bkVUWnN2RDhCdDdCRUtlSUZ1V3RoZHBBaHFOR3lmeHJidllZcWhmWEw2SEtCSnFLTTB5cTNEbW1qVjkzeXBua28xYVo0T0pqYlc3VEFPM2JETkNlSHhyQkFYa2pvZW1ta0xLSXcyNWxyTUdqejFjY0lSLUVfOHM?oc=5
2026-03-02	Yahoo	-0.15	Chevron, Exxon price targets raised at BofA on increased oil risk premium	Investing.com -- Bank of America has lifted its price targets for Chevron and ExxonMobil as geopolitical tensions drive a higher risk premium into global crude markets.	https://finance.yahoo.com/news/chevron-exxon-price-targets-raised-164101186.html?.tsrc=rss
2026-03-02	Google	-0.2	CVX Shares Surge in Early Trading as Crude Oil Soars on Middle East Turmoil - Blockonomi		https://news.google.com/rss/articles/CBMioAFBVV95cUxPUGNZZ0tGSWNPb1FsV0tZMVpxemJSaGtYVW5qY2hDNjdHbjMwRFU0a2pxaERNMHpqUVpqYVVEUmN1alVzcTRKQTBHWkRXaGZveGp2akU3ZS1KdGR6QktCbHpKWC1pQ2VxeHhJc2x4YlFIQ3JiU2NxbklGRzMzelZGdzFoTHBTU1ZHdjlSOHY3c0Ezd3FPQ01hUG5sWlV3QXFq?oc=5
2026-03-02	Yahoo	-0.7	Oil surges and stock futures sink as war in Iran threatens crude supply	Oil futures surged Monday after the United States and Israel launched strikes against Iran over the weekend.	https://www.cnn.com/2026/03/01/business/oil-prices-us-attack-iran-vis?.tsrc=rss
2026-03-02	Yahoo	-0.8	Beat the Market the Zacks Way: Contineum Therapeutics, Suzano, PepsiCo in Focus	Contineum Therapeutics surged 27% after a Zacks Rank upgrade, spotlighting how Zacks' strategies are beating a volatile market.	https://finance.yahoo.com/news/beat-market-zacks-way-contineum-132500313.html?.tsrc=rss
2026-03-01	Google	0.16	Chevron (CVX) Stock: Jim Cramer Says Hold as CVX Approaches 52-Week High - CoinCentral		https://news.google.com/rss/articles/CBMimgFBVV95cUxPS3Y0alBNZW1TOUx4eWxsbVYwZlRLLVVlWG84ejRvV21Wb0p0a29rRHhzUlJ3RDJaMENhaFlpZ29vRWFUbGpvcjFCS2NEdkFBSV9nTlEzZ3dabXJZY1ZSVWRSdUdPV2R3S25lZUFKWjZjazhUU1IzbktWdXNMeGlRLTN5YWRUUEFCd1Z3WUR2bjluRnpDNmNEbG9n?oc=5
2026-03-01	Google	0.0	CVX Stock Today: March 01 — Venezuela suspends 19 oil, gas contracts - Meyka		https://news.google.com/rss/articles/CBMimAFBVV95cUxONWJ0SzJGSHJkOGFDVEIxMkw2ZXJnSHRVOHNRUlFYdC16M0x0Z0FUU1dtSmxveDc1bzVWNmxTMU42ZTRxZ01mZlIzRUVGOHZKYk55T2pnXzdtWDU2aHI1azkwX1dTNE9DUlYyamlES3UybTRza1lQN2hVdmI0UllrNEY4Mnp1OUFlRVEyTm1aZEc5WVdrX1JoaA?oc=5
2026-03-01	Google	0.0	Chevron Corporation $CVX Shares Purchased by Finemark National Bank & Trust - MarketBeat		https://news.google.com/rss/articles/CBMizgFBVV95cUxQeUFzbDlQc3hyV0o1dHgweEh5b3lkcWZuakM1eHNQd2RxOGpWckhuc0RBUGdKZnZHQUVQRW44T2xqb3BpclBIZ0hkdndIRThGYmdJUVFudEI3bl9mMk1XNl82MWRSZkhzaTdYSnBnNy1BZUVBOWRGamkzVXVCOXNPSENFLW5UcmgxaWZiWFdEMGZXMEl3REM1dUdSQ2o2S2ljYXN1SlpmMnQtV3h6V3FPOXZCTFF5QlJEVFNrOThrSGJpZld3YWZyZ09TUUZmQQ?oc=5
2026-03-01	Google	0.0	Chevron Stock Analysis: Why Jim Cramer Advises Holding CVX Despite Insider Sales - Blockonomi		https://news.google.com/rss/articles/CBMipgFBVV95cUxOMU5jdEZpN0x5emxrdy1xbU40ckYxWWdIUmpwU3EtSFFlQms4ekkxdlNiUTZ1bkVFSmFhbkpZZHhFTGFNcW5RQS1NZldGb1NLNWs5MDhDbmtZLUFNc2FVMVdLU0IxS0hFcUI2QmdkaXh5T0g1SjhjMHR2S3h4WDBVbTJzN2NTWmxRSTRBUjVTSUNCUGx2bDhsYW0xaEQtakVxQUktOWJn?oc=5
2026-03-01	Google	0.0	Chevron stock (CVX) to watch Monday after Israel orders shutdown of Chevron-run Leviathan gas field - TechStock²		https://news.google.com/rss/articles/CBMiugFBVV95cUxObXgtX2FKM0VMV0g3V1hFNHB0ZnJyZXFQd1cyc3Y1TzNuVU53V0xid0dSVHFlbERxN0JhcWhYa3FWaXVBTVk5NFB2ck5yRFR5cGs0RV81cHRScXIxQjFqZEZoRDhFX0Q2RzRPQTU2Wk54elJYb25VeDFuZWIzYzRpaUVwT1Bkc3pFaU9nSlgxM0F6SXV5emZXZjZ6VF80NEN5Y29FQnNQMVA1TE5tVnN4ekwzaW5Lc2ZqZmc?oc=5
2026-02-28	Google	0.6	CVX - Chevron Announces Agreement to Acquire Noble Midstream Partners - mx.advfn.com		https://news.google.com/rss/articles/CBMixwFBVV95cUxNV2Nfa2hfcWVVTGpXRDVnVmR3SDRPWC02SlNUbFJqbjg3SUxZdGEwTDc1MWRBV0ZWdlpUVWVadFFoeFlSOHNJenVZQlNKakFUeWt2REFrTjVUZHpkbmc2aFpDdUROQkxzd1pZdWRhaXZpdXlNWHUzNjFsZVI5WTBydk9DSkFYM1hPQlRxSFdKOEhWQXVOVEVIQUxOdVdRMk5FcVBnbndCTFc0ODRfR1BBNVg0RFRJSzNDdkpaQmJicUZ1WnE4Z21F?oc=5
2026-02-28	Yahoo	0.082	Chevron’s Iraq Talks And New Fields Test Valuation And Risk Profile	Chevron (NYSE:CVX) has entered exclusive talks with Iraq to operate the giant West Qurna 2 oilfield. The company is also expanding activity in Venezuela through production and export agreements. In Greece, Chevron has taken on major offshore exploration leases as it builds out its Mediterranean presence. For a global integrated energy company such as Chevron, potential operatorship of West Qurna 2 would be a significant addition to its upstream portfolio and its exposure to one of the...	https://finance.yahoo.com/news/chevron-iraq-talks-fields-test-130756860.html?.tsrc=rss
2026-02-28	Yahoo	0.06	How America’s Action in Venezuela Guaranteed Guyana’s Oil Future	U.S. intervention in Venezuela secured the vast petroleum wealth of Guyana's offshore Stabroek Block, fueling a rapid economic transformation that is making the South American nation one of the world's richest.	https://finance.yahoo.com/news/america-action-venezuela-guaranteed-guyana-000000660.html?.tsrc=rss
2026-02-28	Google	0.0	American Century Companies Inc. Raises Holdings in Chevron Corporation $CVX - MarketBeat		https://news.google.com/rss/articles/CBMizwFBVV95cUxQal9XeVI0NW1RWU1zYnFjcjA3aThMTlRtMzlhb1JVUUt4TGhKdVZfUGExWXp5bjJ1MVdGcm91T1hIWW1DRE9qTTh4cXVmRWhPd0RrSlJFQ2xGM2RZNmk3RFNMdl9vNExwVlBpdWotb0VUQXlrWndVY2NnNUh1WmhPN1gtd3ZnYndDcFBENzdWbU1wVEswRDh2TFVQSUFMSnUxV1J0RXVqZTlJMGhlRUtFYU5TYmo2aWludVNBeEtCWUdBa3Z6N3FuSzFqUnFuX0k?oc=5
2026-02-28	Google	0.0	Central Securities Corp Purchases Shares of 256,250 Chevron Corporation $CVX - MarketBeat		https://news.google.com/rss/articles/CBMi0AFBVV95cUxOQXVjU09Rd2dqM3VZV3VsajFaNzJCd29ZalNqeDI0MmJGRnl0cGpjTUxfaG55NUVzMFRzNmF6ai1pZU5EdW1BSkFBZEVTdnZ5clMwS2VlazdOLWZ2VmJfWTlhaTBqd1JHZlM5ZFhiaFoxTVQtZnBROGdJVzJubjNDN3kwaS1EUlZTWUM4SE9rc1o3c3d1R2FUazJDN1NuMC1adHl4cHA0NXFzdGF1dUFyTTEwSzRvREFoZEw0WkNocVhfUlZaYk15eGFzeDhwdDB6?oc=5
2026-02-28	Google	0.0	Chevron stock price faces Monday test after Leviathan shutdown, Hormuz shipping risks - TechStock²		https://news.google.com/rss/articles/CBMiqAFBVV95cUxPWjJQdmFzYlprUnZZdFU2eXZjT2xZWHAxellNaEpaakVyVTAyc0wtLUM1Z3JzVUZqRHY1M25XN2R4S2tvaTBRUUV1YTdZZEt1NXRkMzNXd0FEbTY1Vm5VcGZRcGhxdHhFNjdoVG00QmFTX1NKRkUxWHJqY3Z2YzhMVGoxVUJ5WmFFQVhfdWxMNlpSNTZ2NEc5QVAycUZCRFZKdnR5OE5YMVo?oc=5
2026-02-28	Google	0.0	Erste Asset Management GmbH Purchases 22,137 Shares of Chevron Corporation $CVX - MarketBeat		https://news.google.com/rss/articles/CBMi1AFBVV95cUxQYkZZemRCVVMyZHc2eXNjVVAtUWFUUmlSZ3plcmM5cEwwUnpRMFhrUUFNYTVlNUp0c1JxdW02ZlBfejZEeHhVUS01U05wS25XbEVibDY5ZDVmT09XdGRhaVJGLXJnU2FqV0hzSGsybzZjY3ljWHNxeXpuY3RjTGNMdlFTcndjUUlMLUdiTnU3YkdsaV9ISy1YeFpGVjVfZUJoLUZhX1FkQWpwM1lhM3lna3R1S3V4RXVRRU9nTDJLX0FrYkVjbHpvTjBCZ2ZMTlM0YXZONQ?oc=5
2026-02-28	Google	0.0	Huntington National Bank Lowers Stock Position in Chevron Corporation $CVX - MarketBeat		https://news.google.com/rss/articles/CBMizwFBVV95cUxNWkVUQUZVNXFjOE9xZmVJRnpiYXRSVi13bW5JbWZhcnl3ZUtlTGZIWGMzUjYxNGJacVRZZHFhUnFpa04wUllYUVZVX1JpR1FYMVJqaUNlY0F6UTQyTlV4WlNlU29NWWEzbUN3djhNeTBXNFBsR21rWG9wdTNMQ0sydUdmcDdXcXY5M3cweEdTdjV4RjRvUjVlcFg3UWQ1Ul92S240SFJ6MDVDWTFkM3czMGlKdFpnMEZNNGR2ZVdodXozX3NERlg5MVktN1A4T2s?oc=5
2026-02-28	Google	0.0	Rafferty Asset Management LLC Grows Position in Chevron Corporation $CVX - MarketBeat		https://news.google.com/rss/articles/CBMizAFBVV95cUxQak1BOC1uNHV5dXRaZlF0aXdnQWlidU5NX0NjQUM0a3RZdXFLMVJpaXduU0k3OFBNYlFuY3dhbzdSSW5pcUZreTdfaVZub3dHRVZSSHFfbERMTklEV2N4cmVFTzdYRWVoWkZ0bk5DSm01VkVfZ2l3aGlka25iYW5zTW9xbGR1SUZGRFFINGNvRnl5YkNHV3pFdlNzTzZUNlZrRzhFVVZneVdBajJjRGRZdEpsVmFidFFYck9TUnIxUXVfUThocWxMaDhRNmU?oc=5
2026-02-28	Google	0.0	Trivium Point Advisory LLC Buys 6,855 Shares of Chevron Corporation $CVX - MarketBeat		https://news.google.com/rss/articles/CBMiywFBVV95cUxNSkhNVm1HcEQyTmE3YTBzTWsxZHJIZGkzM0Y1ekg0dW8tS2oxdlFOMGlpUUdPOGwtMXJDWjVmaW94QU0tVzMweXRYVF84RkM1MFhKTGk0NXNtY3R2UkdHSXk3RFJFUm94N2hrd1BYRW83cjlDU3U0UXNueVVfSXJlTTJVOENzTzJ5bWJYaHZuSnZSbHA0eXc1LTJtYnhhdF9jNWFvbFBpN20yWlBxcDBpRXNRdDBUTVFFemo3WmtPX1Fxb09DOFVlZGhWbw?oc=5
2026-02-27	Yahoo	0.16	Is Chevron Stock Going to $200?	This high-yield stock remains a buy, even at an all-time high.	https://www.fool.com/investing/2026/02/27/is-chevron-stock-going-to-200/?.tsrc=rss
2026-02-27	Yahoo	0.156	Berkshire Hathaway Shifts As Buffett Exits And Abel Faces New Tests	Warren Buffett is retiring as CEO of Berkshire Hathaway (NYSE:BRK.B), with Greg Abel set to succeed him. Berkshire has adjusted its equity portfolio, selling holdings in Apple, Bank of America, and Amazon.com. The company has added to positions in Chevron and Chubb and opened a new stake in The New York Times Company. A Berkshire utility subsidiary has agreed to a substantial settlement to resolve federal wildfire damage claims. Berkshire is also selling certain assets to support balance...	https://finance.yahoo.com/news/berkshire-hathaway-shifts-buffett-exits-043905476.html?.tsrc=rss
2026-02-27	Yahoo	0.144	Should Investors Worry About ExxonMobil if Oil Prices Slip in 2026?	With WTI above $65 but seen sliding to $53 in 2026, can XOM's strong balance sheet and prime assets cushion a potential oil price slump?	https://finance.yahoo.com/news/investors-worry-exxonmobil-oil-prices-193700371.html?.tsrc=rss
2026-02-27	Yahoo	0.136	Is the Warren Buffett Correction Coming? Buy His 4 Safest Dividend Stocks Now	Warren Buffett stepped down as CEO of Berkshire Hathaway on December 31, 2025, after six decades leading the conglomerate he transformed from a struggling textile mill into a $1 trillion empire. The “Oracle of Omaha” left his successor, Greg Abel, with a very concentrated portfolio: more than 65% of Berkshire’s $381 billion portfolio is invested ... Is the Warren Buffett Correction Coming? Buy His 4 Safest Dividend Stocks Now	https://247wallst.com/investing/2026/02/27/is-the-warren-buffett-correction-coming-buy-his-4-safest-dividend-stocks-now/?.tsrc=rss
2026-02-27	Yahoo	0.05	Oil Price Tops $70 Amid Trump, Iran Fears. Where It Goes From Here.	International oil benchmarks rose early Friday, after the latest round of nuclear talks between the U.S. and Iran failed to end in a deal.  Brent crude futures  rose to $72.54 per barrel, up 2.4%.  West Texas Intermediates futures  increased by 2.6% to $66.89.	https://finance.yahoo.com/m/a274fd48-dab8-3207-a53b-cd4a615d6f6b/oil-price-tops-%2470-amid.html?.tsrc=rss
2026-02-27	Yahoo	0.011	Waste-to-Hydrogen Industry Research Report 2025: An $825+ Mn Market by 2030, Driven by Advancements in Gasification and Pyrolysis Technologies and Focus on Industrial Decarbonization	The Waste-to-Hydrogen Market, valued at USD 825.4 million in 2025, is expected to reach USD 50.9 million by 2035, exhibiting a robust CAGR of 32.12%. This market transforms waste into clean hydrogen fuel, aiding global decarbonization. Key technologies like gasification and plasma conversion enhance efficiency, fueled by government investments and the rising demand for sustainable energy. The chemical production segment leads, while innovations in carbon capture and AI optimize operations. Key p	https://finance.yahoo.com/news/waste-hydrogen-industry-research-report-114000046.html?.tsrc=rss
2026-02-27	Yahoo	0.0	AI Is Sliding and Everything Else Has Run Up. Here Are 6 Stocks That Look Like Buys.	It can seem like a nothing-to-buy market. But there are solid stocks out there. We find six of them, from beer to jelly to oil and car parts.	https://finance.yahoo.com/m/a2c652ee-a0a2-3983-8d7b-03de6edbf09a/ai-is-sliding-and-everything.html?.tsrc=rss
2026-02-27	Google	0.0	Aster Capital Management DIFC Ltd Sells 8,592 Shares of Chevron Corporation $CVX - MarketBeat		https://news.google.com/rss/articles/CBMi1gFBVV95cUxQR0I4R1BpeUlqZ1Z3b0J1NEN0eVE0TDB6VW44c2dBLThtYjlpNVNHR0JubHpERU1LWDJEdWhRZWRFajJ4bHY2ZmtkUnNXZElldkZ2NnEtbi1reEFMYXJ4RXB0VmUtZmFRS0tEU0ZERnlrWlhFUXRxQk5ReUg1S2dEQ3p2V242QkJBakN6eVZLa19GbnNYNGJJaWRhSGRQZWJUZUpuNDcxRUY1MGtPam43X3NGZGMzeW9CZkRnWWVmN1kwTFc4dEFab2VVQ2lCYUcyR2lpeS13?oc=5
2026-02-27	Google	0.0	Before Retiring, Warren Buffett Sold These 3 Stocks and Piled Into This High-Yield Investment - The Globe and Mail		https://news.google.com/rss/articles/CBMihgJBVV95cUxQUlF1OFFTcW5mbExGQXluaXBOYkhnZm0xbUdvdUtMbmlLSy1qaG44V1NoTFE0ei1WZkpxVFl6V2hJZnhad2xIQ2gxb0FWV2NxRWdmQTJpVzlxVi1YbmRxVUFoSW1tY3lOVFl2NG9HN0FIWFpfZ3dFc19DeWhNQVlkM3NHSFltcFBZcXlxR1k5QTYyZWFncVhKNXhXR0I0Mm03YVNMVmtlS2dsUGhNTXdTYWJhd2hRS1NxV1g4ZmlCT2Yya0ZpQURWR19PbDVDYWtjb1AzVUdBWlBKMUZjUzJVcGFTRC1kNGUxUnZPZTZXRVg0dkdsWGRaY21oRkp2TzRYZGItdEF3?oc=5
2026-02-27	Google	0.0	Chevron (NYSE:CVX) Shares Up 1.3% - Here's Why - MarketBeat		https://news.google.com/rss/articles/CBMilwFBVV95cUxNMnNaYmxmY05vMXJUS3lNSEV6OFplNFhlU3NUWE9HREQwVEMzWFRBRXdpQ2pJRldxUTZWT0pBdzlVeUUzNmVJdFI0RUJleUh0OWVPdmYyTDVNemQxd1VTd3h3V0QtRGdmZE8wampQeHgwcGZPUDUycDktcGlDTzBDSV94aWR0MW90RFhBSFJ6ZTdBcDN1M2x3?oc=5
2026-02-27	Google	0.0	Chevron Corporation $CVX Shares Acquired by Banco Santander S.A. - MarketBeat		https://news.google.com/rss/articles/CBMivwFBVV95cUxOX09oSG9LLWdXU1NDemJQLXpTUnF2V2l6QllFUDVWVGM4MzdESzVWUTl3Y1EyUkFsV0stLTVzbVJ0cTRRRC11VUVhS1RlUmxjTTNjQ0laUXBrLThzWHlTYVhGWGU1R01Kd2tPMmZlNHRpMGJKWGcwUVEzVFZyZ0tZUkp6V0pJNm4zRW9RdXFUOVN6RlpJemxETXBVMWhoY0Y1NTZ0ZTVJbnFXdU4yY083LVVndng4bnNTUVpXd1RuSQ?oc=5
2026-02-27	Google	0.0	Chevron Corporation $CVX Shares Purchased by Xponance Inc. - MarketBeat		https://news.google.com/rss/articles/CBMiuAFBVV95cUxQZDJKMUxxQXpid045NlBGdG5QMmlaZmptWk5fTjRsbkh0U1NFUFlzMHRpcG1BLVo2alJKZlQ0anlMT2FYby1ubWZ0RWxobHVzSldZa3J1OUV6aDAtdWN6czNEaVd3SDhZSjUzRGVhc2UtWFE2NzB6N2ZVZ2RJQTdJeDh2aUVGVXpsVjFqSXU0UDdxaTlFMDhnUHB5S2ZGZURtSzFremVtc2FxMHpFNXRsaGFRaEJ3R1hx?oc=5
2026-02-27	Google	0.0	Chevron’s Iraq And Venezuela Push Reshapes Production Risk And Reward Profile - simplywall.st		https://news.google.com/rss/articles/CBMivgFBVV95cUxNZlYyck9ldlZ1cGI1d3FUYTl3Tmk5cGN6Ymc4MC10WHM1ajdUQnN6ZzhHSjRqek9XbW83M2JnaXBFWHJyNldOcWxtbDVLampSekNfY3kxT0dGMDFJQ09RMEZzQzg4X09rWGN2UnRzdHJjT0tBZjY4dVBSS0lVYko5NlAwQkJzaER2Sm0wUDJfUE1Xb3pHaW9KNXM0MGVHblpQeE53djZZYnYtN3ZFVFAybjRRWU5NYXI3dHFHNFd30gHDAUFVX3lxTFBzNDd6cUc3RHRwRWE2ZlE5ek5lckxhd2lGUmo3S3RDSGlVVHdTckN1Q1ZIUmFVd0F1MDZCUTZmUkZEV2RUX1E4Rk00T1ZfMlBOSFNsaXJMdWdWMDhBNDNWR3JLX3ViLU1ZUTVrRnNEdzVidlJXVU1jTVZSZVlvcXFMblFKSXdoSm1rZ0xRaTYwSnRVcWloN1dGb3lhalFLVnduOUYzNXJhaDRQQnc0bmt2Yjk5OFdjMnZSc1FQOWpLb20tUQ?oc=5
2026-02-27	Google	0.0	Choreo LLC Has $22.43 Million Stock Holdings in Chevron Corporation $CVX - MarketBeat		https://news.google.com/rss/articles/CBMiygFBVV95cUxNT3lRM1dOd1ZMaDA3bEZfYi1MMGhKZUhBVzBrby1UWE5LbVVKbEV3dWkwUm5DZmdXaVZCM1pWZGFTWVlSX1YxUDZfZUlaX0JYbHBOVEZrd3YzUkwtMTJzVlRMQVVOZzdHNnk5NkktTi14d1JrbGJFYldpMVJLc0p0blp5eUdwbTRXaDBQN25uY2JDazR0Z1hXd1MyLVRVVEd0NTlYRklDZjhTQm9jWVV6aDRoT3NGZDRHUUY0bHhIcDVEU3JCZ0RaakxB?oc=5
2026-02-27	Google	0.0	Harbor Advisors LLC Purchases 8,200 Shares of Chevron Corporation $CVX - MarketBeat		https://news.google.com/rss/articles/CBMiyAFBVV95cUxQbjZrUG9ncXlENUJzWndmT1NlOElJbXA0WnhkamRUMnlzTGN1WjdENUdoQkVDRzdCYVhKUFEwQWthdHJUREt1THNOUHBtYmNibGFNQU5zRnR1dzEwOV9ZOHdvUXVoaFZTRzdiTko3ZmYxMXVFR09wMEMtT1I5eTJYdTRtaXEweTh4N2hiSzlEV1haMWo4eVpPQUphUHlCSGlSUzVDSWZsMmtwZGg2ejMwYWlFQ1I4OHNGUUthMWI4RUc1dGVndXhhdA?oc=5
2026-02-27	Google	0.0	Is Chevron Stock Going to $200? - The Globe and Mail		https://news.google.com/rss/articles/CBMisgFBVV95cUxNUnhHN2pxd21vWVZaNFF3dzJIUlJlNHJBQlhiOEV5c2lSNFl2MlBuVTNQbTFXaS1qTHVPaE5DdGg4VGVZcmw4aGJuUkNjV1hnUGZFekRTd0ZXcGNLMHkyaG5VZUtXLVdOVlF5Z1RiY2Z2bWhyMGY3VmtxYXJYYTI4UkhBNjY5X3hVZVRaZzdIR1FaNi1uVW84NXZZVUFIeFNJQUk2cFpIc05TWDJVVTJHc093?oc=5
2026-02-27	Yahoo	0.0	Market Chatter: Venezuela Cancels 19 Oil Production Agreements Signed During Maduro's Tenure	Venezuela's oil ministry suspended 19 production-sharing agreements with private companies establish	https://finance.yahoo.com/news/market-chatter-venezuela-cancels-19-115848854.html?.tsrc=rss
2026-02-27	Google	0.0	Mason Investment Advisory Services Inc. Acquires 9,147 Shares of Chevron Corporation $CVX - MarketBeat		https://news.google.com/rss/articles/CBMi4AFBVV95cUxOa2J5cUJGeTExRlFzZ2ZxLWZPTUluUG1LZHRhVFVBMFFWeXpqN3pyZTdmTVB6VW1pTWgzUWsxNFQwNFFRVDJRaWhoRWM3WWlkSWN0MGRPcjlWQzNZWDhlOFFzWHl2RlB5SkQ3Y0RKby0tNTJRVDZzcFpFRHR0V2ZMR1JNTmRKbE1Iczd0REVoV2hxb19GNkNqdFcyZHB2MXJVUUJtUU9fRG14Y3JidG5wQUFZSHZBRENGX1lVU3lxbzZMcVVaSmlFZ0dVcUp4Y1hIeXNpekY3SzQ4czhJeXFqSA?oc=5
2026-02-27	Google	0.0	Oil Prices and Energy Stocks (XOM, CVX, COP) Rise After US-Iran Nuclear Talks Stall - CoinCentral		https://news.google.com/rss/articles/CBMipwFBVV95cUxNZnljRVFMMGxtQVlHOWNsdkpDRVQ0WVc2UkZoclVSMm9nR2wxcVI2N25vZ2tuRzFfNkhyRjBTaW40MnpjSGlZNlMtMXJZVk04ZUpvOVZUbFllLTE3Um94dU95Rmx5OXNJY1ptckxHNkVwVjJlTWhxWXBncVNxa1gxdXE1U1EtRjk0UF9vMno1TnZWZElsZmdVODN0OE5vZy1paXNmTElZWQ?oc=5
2026-02-27	Yahoo	0.0	Sector Update: Energy Stocks Rise Premarket Friday	Energy stocks were rising premarket Friday, with the State Street Energy Select Sector SPDR ETF (XLE	https://finance.yahoo.com/news/sector-energy-stocks-rise-premarket-142652001.html?.tsrc=rss
2026-02-27	Google	0.0	Should Investors Worry About ExxonMobil if Oil Prices Slip in 2026? - The Globe and Mail		https://news.google.com/rss/articles/CBMi4wFBVV95cUxQUmo5S1VPbFIxUnJETEsyTGI3X1BEa2ZTYmFWa3YyYzY5TXRLUVBwUC1uT0x4NXhFSzBNdXN5d1RORUFsQTlDZUVXb3o5ODVtT1laeVF3a2w0LXVwaHpFU2tNXzc0ajVnUjVqMXBaRmpvWHZpalQ1U3p4eUFycEN3VWp4dGc4R3hFdXVrWG13ZlhVeFlrM2tmVUdJb3c2NmxHNWNpMTNTUV8zckhFZC0wUlBHUmE3a19OWXdKVlZrZHI5NXFheEk5V09nRjB1SVc2MS1CVG9Wak4yWnhRRUpwdVBJMA?oc=5
2026-02-27	Google	0.0	TIAA Trust National Association Raises Position in Chevron Corporation $CVX - MarketBeat		https://news.google.com/rss/articles/CBMi0AFBVV95cUxPcW1VeGxCMXkybUY1RjlLSFctcGRVaURGMlBpZ0tNWVNoOUpoS1NxMWhZTWpaR1hPZmx4eHJoWjkwU3RITS03dnYwa0RNdFFodzJ1akQ0WndnaE9Qa1h1V2NZQmVGOWJ2c01UQlBtQ2Z1RmFvZzRtelh2SXlqQ2V0VV9BSkZ1cUNmSXZkRnhoQkplZlhnSUFpbDdfczhmNGZmMjFLUXBLejVaSGpQRFo2UklkZWpRSHN3TzB4cFdZQjZpMVR6VGtqdEFtdUtZNDRO?oc=5
2026-02-27	Google	0.0	Want Decades of Passive Income? 2 Stocks to Buy Now and Hold Forever - The Globe and Mail		https://news.google.com/rss/articles/CBMi5AFBVV95cUxQUGd1el8tMm5mWnA3VUF3ZVpWeWl0SkI4QVN4Sm9VX0h5dlM4UTItLXZXZElQWHNWazJ2eFVRVWlpZ0tJb0pkdGItaGU0R3hvRDctX01xaUdUbW9EQWdFQTBkcDZIbGdxQ3VRbEFVTkFna3RVZ0VWVmJ6eTQ4N0tEb0JELTd4eXRxelJoVTZkSV9idVdVUnBXeGI3U0dSVFAtZUVEU1JyX0U1aXNYYmtxS0VKb2dLS3FOMC1IbXhZSm9BNUlqc3EyUXRPb3dKZmYta0VBcWZ3M1A2SXF5TEcyQmJkWjM?oc=5
2026-02-27	Yahoo	-0.317	Oil ETFs in Spotlight as US-Iran Nuclear Talks Get Extended	USO and other oil ETFs draw focus as extended US-Iran nuclear talks keep crude volatile, with sanctions and supply risks driving sharp market swings.	https://finance.yahoo.com/news/oil-etfs-spotlight-us-iran-124100226.html?.tsrc=rss
2026-02-26	Yahoo	0.5	Follow Berkshire Hathaway With These ETF Areas	Berkshire Hathaway's latest 13F reveals Buffett's sector bets and portfolio shifts. Here's how investors can mirror the strategy using ETFs.	https://finance.yahoo.com/news/berkshire-hathaway-etf-areas-130000911.html?.tsrc=rss
2026-02-26	Yahoo	0.3	Venezuela to Grant More Oil Blocks to Chevron	Chevron Corporation (NYSE:CVX) is included among the 14 Best LNG Stocks to Buy Now. Chevron Corporation (NYSE:CVX) manufactures and sells a range of high-quality refined products, including gasoline, diesel, marine and aviation fuels, premium base oil, finished lubricants, and fuel oil additives. A Bloomberg report on February 12 revealed that Venezuela plans to grant more […]	https://finance.yahoo.com/news/venezuela-grant-more-oil-blocks-012655616.html?.tsrc=rss
2026-02-26	Yahoo	0.167	Jim Cramer on Chevron: “I Would Hold on to That”	Chevron Corporation (NYSE:CVX) is one of the stocks that was on Jim Cramer’s radar recently. A caller asked if they should take profits or wait for the stock to go up more. Cramer replied: I think it can go up a lot. I think that Chevron has the 3.85 yield. They’ve always been a big […]	https://finance.yahoo.com/news/jim-cramer-chevron-hold-150320809.html?.tsrc=rss
2026-02-26	Yahoo	0.15	Fuel Cards Industry Report 2026-2035: A $1.66 Trillion Market by 2030 with Exxon Mobil, TotalEnergies, Valero, Chevron, and BP Leading	"The fuel cards market offers opportunities in expanding corporate fleets, rising demand for real-time analytics, digital fuel payments, and integration with EV charging. Growth is fueled by logistics sector expansion, cost transparency, and innovative solutions like Transflo Wallet, enhancing efficiency and fraud detection. Fuel Cards Market Fuel Cards Market Dublin, Feb. 26, 2026 (GLOBE NEWSWIRE) -- The ""Fuel Cards Market Report 2026"" has been added to ResearchAndMarkets.com's offering. The fue"	https://finance.yahoo.com/news/fuel-cards-industry-report-2026-154900543.html?.tsrc=rss
2026-02-26	Yahoo	0.15	US stock futures waver as Nvidia's blockbuster results draw muted response	"U.S. stock index futures were muted on Thursday as Nvidia's stellar quarterly results garnered a lukewarm response from investors and downbeat earnings from software company Salesforce weighed on ‌sentiment. Nvidia inched 0.6% higher in premarket trading after the chipmaker posted better-than-expected results for the January quarter ‌and forecast current-quarter revenue above market estimates. ""The needle has clearly shifted when it comes to what its going to take to convince investors ​that the"	https://finance.yahoo.com/news/us-stock-futures-waver-nvidias-111128276.html?.tsrc=rss
2026-02-26	Yahoo	0.125	Renewable Diesel Industry Report 2026-2035: A $38.85 Billion Market by 2030 with Neste, Valero Energy, Marathon Petroleum, Chevron, Phillips 66, BP, and Shell Leading	"Key market opportunities for renewable diesel include rising demand for sustainable fuels due to stricter emission regulations, expansion in aviation and marine sectors, increased feedstock availability, and strategic partnerships in high-demand areas. The Asia-Pacific region is poised for rapid growth, and innovative low-GHG fuels are gaining traction. Renewable Diesel Market Renewable Diesel Market Dublin, Feb. 26, 2026 (GLOBE NEWSWIRE) -- The ""Renewable Diesel Market Report 2026"" has been add"	https://finance.yahoo.com/news/renewable-diesel-industry-report-2026-090200037.html?.tsrc=rss
2026-02-26	Yahoo	0.062	Turkey and BP Reshape the Balance of Power in Northern Iraq	Turkey’s TPAO and BP have signed a major oil and gas cooperation deal focused on Iraq’s Kirkuk fields.	https://finance.yahoo.com/news/turkey-bp-reshape-balance-power-000000324.html?.tsrc=rss
2026-02-26	Yahoo	0.034	Acocelli Law, PLLC and Long Law, LLC Announce Agreement to Resolve Claim for Attorneys’ Fees and Expenses in connection with Lawsuit Pending in the Delaware Court of Chancery captioned Assad v. Hess Corporation, et al., Case No. 2024-0468-NAC (Del. Ch.)	NEW YORK and WILMINGTON, Del., Feb. 26, 2026 (GLOBE NEWSWIRE) -- The law firms of Acocelli Law, PLLC, and Long Law, LLC (collectively, the “Firms”), announce an agreement to resolve their application for an award of attorneys’ fees and reimbursement of expenses (the “Fee and Expense Application”) in a lawsuit pending in the Delaware Court of Chancery (the “Court”) captioned Assad v. Hess Corporation, et al., Case No. 2024-0468-NAC (Del. Ch.) (the “Action”). The Firms, who represent the plaintiff	https://finance.yahoo.com/news/acocelli-law-pllc-long-law-154900200.html?.tsrc=rss
2026-02-26	Google	0.0	AlphaCore Capital LLC Raises Stock Holdings in Chevron Corporation $CVX - MarketBeat		https://news.google.com/rss/articles/CBMiywFBVV95cUxPYk5WazFPX3k3blc4LUQtZ0x1Q2NmamFDN0txa3BZVmlYT2R5YUpHZXZHU2hLd2RpZFlqQjQyVXpHbFlrSm5NTlh2bEptcHV1MVFHTXR3Y3VKN215YktNanJDOHlPUE5SSDlQYlVFVU5xUElhZVhMbFhkWWZzdmdhZDlkSUpHWjlnZHFDbURuOUNkYzNSb3M1X1RkNXVqaS1ZMGxYd1NlWHd6bjQ0dC15N0hOeDFpaFpKMDhiT2oyY3ZCZkJJVnNBbDlMTQ?oc=5
2026-02-26	Google	0.0	Chevron (CVX) Margin Compression Challenges Bullish Profitability Narratives After Q4 Results - simplywall.st		https://news.google.com/rss/articles/CBMivgFBVV95cUxNcGhHZTlxYUo1WjY0TjVLMG5Qa1h1QkpvMmxZNy1PNlZMSXY2TVJmYTlhUDVZcGpYa3FSei1uU1V1TzVweUFvWXlQY0JLREpoNERoV3N4aXUwREFaUHdaai0tWVF0T3JabnNTUWxqQVpaZU9Ua2NjdTdHWWlZVngtQm9Kek9hZ1RpQXZNUlpKSVBrOF9tdU9FYkQ4M3JVVEg0U3hndThDTjV6TUlmemFZU1lKX0E3UGVnNnNmRVJ30gHDAUFVX3lxTE95ZXBYYklxaVdXbTBuT202MEg1OTdtSWxLVG1EMkhKRGEwMXNKbklTd3h6UFN6cU5DbXRRY3RITlVNdVpwVDM0bTA1c1RUdnphcEVoMWdNMkRodkF2STdyZkZSNDBZN29QdkpCWWNUTzBXMzYyRFR6NEs4dlVVYW1FQ3NqUWtSRmNINHVoLWFCZkR6RHZLaTVaMVVmd3A0ZE93cHpfWHdYWDlmc0JDdWtVSHJVS3VldDQ5aVczM19WcEdERQ?oc=5
2026-02-26	Google	0.0	Chevron Corporation $CVX Shares Purchased by Mitsubishi UFJ Asset Management Co. Ltd. - MarketBeat		https://news.google.com/rss/articles/CBMi2wFBVV95cUxOa2hqMmFuYXJLTk5DWmxQTW1ONnRNcmFzRW96TjZuQWpQbGxxOXJnZk5yTFNIWDB3VFhTVGhQQXVEWVpPX1ZEU2ZYbU9ZYTdSR3U2c3h3TjU1YUhMYmRzUFlpemFzeVdSYUl1MUNPQ0NTOU1oUG91RGpEb2ItR0J5UWdjMlRNMFZzT2x6ckNCTEpPbXU3M05fQThjU1pIN3ZVdUtqalQyU1I5UW40VzJPeEVTWF9ObTBoektxVzBnN2xWT1VBYWIyUEp5VE9GZVk5ekhRa3Y2azRQOVE?oc=5
2026-02-26	Google	0.0	Chevron Corporation $CVX Shares Sold by US Bancorp DE - MarketBeat		https://news.google.com/rss/articles/CBMiswFBVV95cUxQejB3ZE9ROU80WU1OMnRkNUJyb0pNTmhrQnlVOXM4QkJBRF81RXo0dXpzeEhlbkQ0Tkw4UkI2bmlSLVVQbGZQWDAxa282ZnE5ZngybTRUSE5SQTdhUk9OdnFvUUYzLUVaSTdlUXVSZkVsME1GUDUwcDB6WXhkVWFaYk5vZVhZRVZSSnRyQ2h5RHlGUGgyV0VJR2F0YVJDUnlfVjlRQmRENzlhekpKdWJ5RzNNcw?oc=5
2026-02-26	Google	0.0	Chevron Corporation (CVX): Our Calculation of Intrinsic Value - The Acquirer's Multiple		https://news.google.com/rss/articles/CBMioAFBVV95cUxOclJkZlAzNVhYUTU4dTVQUktoN0tuZkFBbUNZRkpWNGdxbWo4Q3hpNl9xOE5pWnVsRWNBWjNHM0JrTHVEdkpSSGl3WTRMalhJdi02OVAzcjZyVjNiTTE0R3BMMUJaSzVLNV9WRnhOcDVwdmxzSk5rWWtGOXRJUDRUb0NadWRvc2ROSXdaNVoyOTNINlFQeTRkZC1MdDNMVlFU?oc=5
2026-02-26	Yahoo	0.0	Golar LNG Misses Q4 Earnings Estimates, Beats on Revenues	GLNG's fourth-quarter 2025 earnings remain unchanged year over year while revenues improve.	https://finance.yahoo.com/news/golar-lng-misses-q4-earnings-173600277.html?.tsrc=rss
2026-02-26	Yahoo	0.0	Oil Prices Slide as U.S.-Iran Talks Ease Supply Concerns	Oil prices slipped after Oman said talks between the U.S. and Iran were progressing, easing fears of a Middle East supply shock.	https://finance.yahoo.com/m/d01e1cf3-9809-3365-90b1-ee9a366ee214/oil-prices-slide-as-u.s.-iran.html?.tsrc=rss
2026-02-26	Google	0.0	Primecap Management Co. CA Takes $988.08 Million Position in Chevron Corporation $CVX - MarketBeat		https://news.google.com/rss/articles/CBMi2gFBVV95cUxPMDJ4MjgzcGlQc1JiblpjSEcxM3NIbG80N2hHZHlUMmJsbXRoaDlBOURQWjNIYUVQaVRlbTc4cEF1a09qVTN1VTNhMUFwZDZ2U0JOcXhtMUthZWdWS0R0b1BrUWdZa1ZEUFFVZ2Eza2xXeHJKRGlPWkNKUTRSaUlVS1BaT2xza2FzNlBwcmhpamZ1dEIxV09VbGctSl83UUNua0szSHJzSTNubzAxb3VvWFNEM0g5WTZTblFMRGwxemJ4MGlCajJSMF9jU3NhcFBFNGE1T0VUVDRSZw?oc=5
2026-02-26	Google	0.0	TD Asset Management Inc Purchases 88,722 Shares of Chevron Corporation $CVX - MarketBeat		https://news.google.com/rss/articles/CBMizwFBVV95cUxQMFNianNvY3A3Wk1lVGd0NkJNWnBkZ3pjdC15M3kyTUx3bm0xekJKb0t1R19mMUY1ZVUtckZwS3JIakxzMzFkcUVjLUZHRlhsV3IwYmdaMU9tamcxY1FSVmFaSnozVDlZZXY3RkVIZDBoUHpFc2hDVUYwdkZQWjF4cTZPN1djMjdOVUZRcGpFSGctdGpSalZ0MkY5NlpmTmFvVTlvN3RPMG9yVDZ1a255VWJmN0xzRjEtdklMNVVZZW5EZ1BhdGgwVVdFdkdhNXM?oc=5
2026-02-26	Yahoo	-0.04	Aviation Gasoline Industry Report 2026-2035: A $2.58 Billion Market by 2030 with Shell, BP, ExxonMobil, TotalEnergies, and Chevron Leading	"Opportunities in the aviation gasoline market include growth in general and recreational aviation, modernization of fleets, demand for sustainable fuels, and expansion of regional airports. Rising small aircraft usage and SAF innovations present further potential, alongside increasing demand in North America and Europe. Aviation Gasoline Market Aviation Gasoline Market Dublin, Feb. 26, 2026 (GLOBE NEWSWIRE) -- The ""Aviation Gasoline Market Report 2026"" has been added to ResearchAndMarkets.com's"	https://finance.yahoo.com/news/aviation-gasoline-industry-report-2026-091100265.html?.tsrc=rss
2026-02-26	Yahoo	-0.05	Aviation Fuel Industry Report 2026-2035: A $499.86 Billion Market by 2030 with BP, Chevron, Exxon Mobil, PJSC Gazprom, and Indian Oil Leading	"The aviation fuel market is poised for growth driven by increasing air travel, fleet expansions, and rising military spending. Opportunities lie in sustainable aviation fuel innovation, supply chain resilience, and expanding infrastructure, with North America leading but Asia-Pacific growing rapidly. Aviation Fuel Market Aviation Fuel Market Dublin, Feb. 26, 2026 (GLOBE NEWSWIRE) -- The ""Aviation Fuel Market Report 2026"" has been added to ResearchAndMarkets.com's offering. The global aviation fu"	https://finance.yahoo.com/news/aviation-fuel-industry-report-2026-090800809.html?.tsrc=rss
2026-02-26	Yahoo	-0.062	Gasoline Industry Report 2026-2035: A $1.85 Trillion Market by 2030 with  Exxon Mobil, Shell, Chevron, and PBF Energy Leading	"Key market opportunities in the gasoline sector include growth from increased vehicle ownership, developing economies, and small engine applications. Trends like fuel efficiency improvements, additive-blended fuel demand, and rising geopolitical tensions present strategic avenues for expansion and innovation. Gasoline Market Gasoline Market Dublin, Feb. 26, 2026 (GLOBE NEWSWIRE) -- The ""Gasoline Market Report 2026"" has been added to ResearchAndMarkets.com's offering. The Gasoline Market Global R"	https://finance.yahoo.com/news/gasoline-industry-report-2026-2035-090400412.html?.tsrc=rss
2026-02-26	Yahoo	-0.106	Chevron’s Iraq And Venezuela Moves Recast Growth, Risk And Valuation Profile	Chevron (NYSE:CVX) enters exclusive talks to acquire a major stake in Iraq's West Qurna 2 oilfield. The company moves closer to becoming a key operator in one of the world's largest oilfields. Chevron completes its first sale of Venezuelan crude in about six years to India's Reliance Industries. The Venezuelan crude shipment indicates shifting U.S. sanctions conditions and renewed trading activity. For you as an investor, these moves put a spotlight on how Chevron, one of the largest...	https://finance.yahoo.com/news/chevron-iraq-venezuela-moves-recast-011017055.html?.tsrc=rss
2026-02-26	Google	-0.133	Chevron (CVX) Engages in Active Talks Over Lukoil Asset Portfoli - GuruFocus		https://news.google.com/rss/articles/CBMipAFBVV95cUxQeTVQWWxJNEc1RHdsMGdPRW1HSTU4WXJ2RzJ5dUtzbHJEejdaRWVOUmtIcUhPaVVaR0oweVdSMUNuN0QtdFVoRnl5Yi16SnlXUVNyUTJmQnlYczJ4al9HUHFhOXJteWtodjVFYk9xQ2RNbXZ5Sng0bkdDcXJ4b2oweGdqbkJTSXFPSVNPMUJlY3VHczl4QjNJY0dCSVJhRWxkT29TYw?oc=5
2026-02-26	Yahoo	-0.156	Trump pushed for lower gas prices and got them. The oil industry is paying the price.	Oil prices are down. Gas prices are down. And the US oil industry is under pressure too.	https://finance.yahoo.com/news/trump-pushed-for-lower-gas-prices-and-got-them-the-oil-industry-is-paying-the-price-100021352.html?.tsrc=rss
2026-02-26	Yahoo	-0.162	Jet Fuel Industry Report 2026-2035: A $275+ Billion Market by 2030 with Exxon Mobil, BP, Chevron, Valero Energy, Shell, and TotalEnergies Leading	"The jet fuel market is poised for growth due to increasing air passenger traffic, sustainable aviation fuel mandates, and the expansion of airline fleets and unmanned aerial vehicles. Opportunities lie in developing green jet fuels through partnerships and innovations in alternative fuels to enhance efficiency and reduce emissions. Jet Fuel Market Jet Fuel Market Dublin, Feb. 26, 2026 (GLOBE NEWSWIRE) -- The ""Jet Fuel Market Report 2026"" has been added to ResearchAndMarkets.com's offering. The j"	https://finance.yahoo.com/news/jet-fuel-industry-report-2026-090300472.html?.tsrc=rss
2026-02-26	Google	-0.7	Chevron (CVX) Resumes Venezuelan Crude Exports with Sale to Reli - GuruFocus		https://news.google.com/rss/articles/CBMiqAFBVV95cUxPRG9Gb0NhTkw0R1BiSlpCZzlCUVlVcEx3SjgzazZrOFFDRUZVVENwVnBWanJvSEhxZWU1X0lENHhfRHZxczllR0J2Rnp5RkpBRHZnSHpFVmJqZVYzRGk3SDZ6Rll1SnlCN1NsT0NBSWV5MVVZZkRuOWZlU05nV25FN2JXRkxvX19GU0VsaE1QcnR4TDBRN2lNbnlqMmxaU2IzclNoZjhReHA?oc=5
2026-02-25	Google	0.378	Is Chevron (CVX) Priced Fairly After Its Strong Recent Share Price Run? - simplywall.st		https://news.google.com/rss/articles/CBMivgFBVV95cUxNMmdBanR4YkJpOVlwaEF0OVNqaVJDbzFrcjluUUZTTEpmQmFJR0lNazdVOGFIaTlKdnJBMzBocGVLOVEtTHBxQWhWdklud0dsMGI1SU5GSkliTFkwdExWSzhRVENfdlg3cS1xbEllLXRYMTJwR0hRN3VzOTJRamM5akFTODlNQnBJRnpjYi1BYUVuSXMtVnRLazBHOHg4elBENFRxd29kd1RqWUxiemxyWWhvYmhjaVl1Z2NhYThR0gHDAUFVX3lxTE1Xck5FMld6T1pSMzdOZ3NkWGE3RlZlTm4ycmt6NXdZVHpKa0VnMWJMY2tPb1BtUGtzdnVVcUFKX1Q3N3BKOW5RVS1tdHV0NVVnWTQxQ1V1cV9ndW9yRWhTeEFWa3pFNGRNNUFPa0s2ZTNHZ3AtYzR4bVdoMFhZd01JT1hGYS1iNm9hbkxDNXpsSFhEbnZDWmk2TzhvVU00N2JTeUdvcDVMM0RJaDJFYURBdUFJd0QyczNUZ3NyUzBmOXNwYw?oc=5
2026-02-25	Google	0.25	Chevron reportedly sells first Venezuelan oil to India's Reliance since 2023 (CVX:NYSE) - Seeking Alpha		https://news.google.com/rss/articles/CBMiswFBVV95cUxQX1J5NFJ3eU45UVNFU3lHck1BMEYzeUxaTWktbnhUT3B0dTItWHhlM1FVVFM2aloxcFNvQ0czLUFOSVE2Z05hM3FPNEpnMktiYzNqcUI5Q2pUNmZJQXlCQldDaUp3MFlxM19LaEMtTGZjY0hNZDhLOW9UTGVXOUdlWjkybXZlWTZGRnlaTVNNOVFpRXJ6MHdONlFIcktRZHJHWnp6aG1TYWlZWUlveVBoN094QQ?oc=5
2026-02-25	Yahoo	0.25	Eni Advances Angola Portfolio With Ndungu Field's First Oil Production	E kicks off Ndungu oil production offshore Angola, targeting 60,000 bpd as the Agogo hub ramps up toward a 175,000 bpd combined output.	https://finance.yahoo.com/news/eni-advances-angola-portfolio-ndungu-154700532.html?.tsrc=rss
2026-02-25	Google	0.25	Eni Advances Angola Portfolio With Ndungu Field's First Oil Production - The Globe and Mail		https://news.google.com/rss/articles/CBMi5wFBVV95cUxPTDV4TFBXYktHU3lJTnNxODd5Uks1N0Jjd09haWpJa0thc0k3VUJBMEE2UHI1TlV4MUpPVEs3WjJPNlRBYVpIZWZMY1ZrUkxrWElvck5YamIwV3hla2hCN0lYU1N5aTd6a1NsckVNc0tvN05XV3NOU2UzaUExejJhTnNSTjVNb0YtVWNXenhmcUxYX0ltM01sMkdKbXpvbWVGbUlaUDVIMHlFV0pIUENwV1lNM3BOVEFIMHVLaHh1NDZhNlNLM2I0NXlZZjMyUFNSUE5aS1EzVnJpUDdGVkYtUzd6WFdYNEE?oc=5
2026-02-25	Google	0.2	Chevron Unusual Options Activity - Benzinga		https://news.google.com/rss/articles/CBMikwFBVV95cUxQTlU4MDdGejlhS1AxWXdVVUNmWW9JUHZERkliRXhWQmlsSEVpMTU3Y3FERjNZSGJzYzNXWjVBSDBWT3NDSldlNEJ1bldBWVdCMGlnUXZnMGhvOHVrc0kyVm5yY0VsOGtzUVdMdHRJa01JWk42NU5sQTBvQ3gtNTZDS25CNUpOVTJUMlBlWmQwWjhfT00?oc=5
2026-02-25	Google	0.136	Tableaux LLC Acquires New Stake in Chevron Corporation $CVX - MarketBeat		https://news.google.com/rss/articles/CBMiuwFBVV95cUxQSmVwZTlQT0pKZVoydFFGcWpZb2VHMzN3b1NCdzAyeHZLaER2UGhzVW51akdnZHoyNjVjd0JTdzk0X3NXQWdGVFdUdEl1WEZrZVBBM2llX3dzci1iNVRNQS1sbU1SakJzdERXdUFpWEpCVC13OVZqQkJ6X1Q4YjFoUURrbmx4dmRaMS1POHF1d3FiQjIxNmhiMHJTTjVvVFAxYzgyVXhOaFEwcUNwcVlpd1NIZWJZaUpxUkdj?oc=5
2026-02-25	Google	0.1	Empirical Asset Management LLC Has $3.60 Million Stock Position in Chevron Corporation $CVX - MarketBeat		https://news.google.com/rss/articles/CBMi4wFBVV95cUxQdVZReWJwLWdGcXpRNlRSaWFxVkVwVWJrUk04cXZqR2FBQXJhZU9qRG84YTZLRG96dE1wMzNMblNoY2pqTG1fUjZmZE1qN2loWXFXTV9kV1B5SG80d0RkMjhQbFB0cVQxRE9NZE9rSC14V2l3NjMwRU5ZSTZSNUhZSHQ3UDh2bGdHS0JEdlZiNmV2MGJRRUlDSzVvMVJpcURZVjRwUUIwNTI0cnZxaWx5MXhyN0tvbTlIVmhPNWlOeDVkeW85YkZnMnFXaVRIRFRXRTUzRF84N2F6U0wwb2VlQVltTQ?oc=5
2026-02-25	Google	0.0	10 Energy Stocks Whale Activity In Today's Session - Benzinga		https://news.google.com/rss/articles/CBMiqgFBVV95cUxNMTFKUVZlOFlZWXdibUt2VzBiejd2c0tTQWkzdllyUVZvMHBwVklXR0kzSmVYbEFkU0VPSnNGeEQtaElETjRJZkhMMlZmWDZDOWh4UkxiYlRSN0MxRS11aGF0TWo0U0NaQ25PSmFNX2V2UXJVc1dTRXpEbTEyX3A1UzhGOEJmc3ZIdVVnUW1ERTNZQzRuZFpqUTRRV1VlbzdubHlPR0tLLU5xQQ?oc=5
2026-02-25	Google	0.0	Chevron (CVX) Eyes Boost in Oil Production with West Qurna 2 Tak - GuruFocus		https://news.google.com/rss/articles/CBMiqgFBVV95cUxOQWtEYlhYakFGM3JIcUptd29ZYXZvc2thSm9UUU5WcTlvY2dMV1dwdGM0c1ZlTXk1dXhQX053bml3V3ZiaEdlNVpyM3d5NndhQWRzRTVPNWxBSVVGcElCS3Y4OEZKWDQyenVZeFd3VXdNWmtReGlOUUtYaDFnem1HNk5wMWw2TEVPS3RURnVpd3doRVRWTk5wNHFDWmxrNFFKS3NRY0cybmc3Zw?oc=5
2026-02-25	Google	0.0	Chevron Corporation $CVX Shares Sold by Bradley Foster & Sargent Inc. CT - MarketBeat		https://news.google.com/rss/articles/CBMiyAFBVV95cUxNR0p6SEFST25IRXJtdlNRSXo2UExZbkU0dUtCbFhTb2xtLUhlVUd4OUNuRkJEb21XWEJ5WjBlVmlPaDBzN2VCTGM5QjIyWlk1Ykdfc0M3Rk9ZY3NxcmE0cGxCVmJxWTl6aXlqRmVzdW5VYnY2RkxjbGRwcE12M1JqcUNzWXZNSlVnY1ZoaEU5dkc5YzAwSHotcFdfeC12NkducklTNFpqTm1WcTNnY0pWVXM1VGlXZmQ4blJuVDFwLTUwcnZqLUJ2Wg?oc=5
2026-02-25	Google	0.0	Chevron could double production from West Qurna 2 oilfield, Iraq minister says (CVX:NYSE) - Seeking Alpha		https://news.google.com/rss/articles/CBMitgFBVV95cUxPcEdmZEVPT29ENmF1ZDJ4Y0VHMGR0VFJDblF5a3lXdDVpd05PWEppal9mbHRaYWE3Sk9vUHpvYVE4dTMzbUxpdmllTXJKazNfa3Y2MXNqSmYyX0FpUVpoWmQyMGVJckFKdWpfMm55X2VBcU9DdjR3V0VyblNzWnZYVnp3QkRaQnl0MEVFM2tYVUJjb2FNLU9LbU1WTFp0MEV4dkFXRDFFLW9CM2JxdXhOLWZxOUhCUQ?oc=5
2026-02-25	Google	0.0	Decoding Chevron Corp (CVX): A Strategic SWOT Insight - GuruFocus		https://news.google.com/rss/articles/CBMikwFBVV95cUxNLTlObEVlZS01aXZVVDB6czRKZWhxa2RkUVM4emNJbzdSemtTXzZ0dHFydDFidUhtNm4zejZnR0I1dzBXMTJGQ2Zuemt2SEdLNVBIcEp0UXhrc0twbDBwdFQ2OHF4VkRXLXR2Nko5Y3pxR0Zoc04zRE91VjVXVURJMjk2RmZId1lnZWdyeVRxWVRJNkE?oc=5
2026-02-25	Yahoo	0.0	Hess Midstream LP Announces Filing of 2025 Annual Report on Form 10-K	HOUSTON, February 25, 2026--Hess Midstream LP Announces Filing of 2025 Annual Report on Form 10-K	https://finance.yahoo.com/news/hess-midstream-lp-announces-filing-230000752.html?.tsrc=rss
2026-02-25	Google	0.0	Market Analysis for February 25th, 2026 - The Globe and Mail		https://news.google.com/rss/articles/CBMivgFBVV95cUxPcWpnUnQ4VlpNZm9YSHVNTkdqb0t2SHBCZHJYX2ZZTzVnMFB2WGRrU2QzR0YzdlVpVmJGbTJkTmFkcW9KMmk4ZjlvZWpTWDg1Wk8wQTRRWEliQXJla0p5STJSTGU1Z1ZSYWUyY1lPcERodzA3cW5pQnhWcjI4bzg4NktsLTBNcGZ0ME56STczN0tHdUliU1FPTk9UbTFmV3NYeVBoMGJ3dWJVR2x1YnpFMGw5YThyS29GZm4wNEV3?oc=5
2026-02-25	Yahoo	0.0	Oil Prices Rise. Why More Gains Could Come Thursday.	Oil prices were rising early Wednesday, trading at near seven-month highs as investors continue to monitor tensions between the U.S. and Iran.  Brent crude futures  were up by 0.2% to $70.7 per barrel.  Elsewhere,  West Texas Intermediate  futures were trading at $65.66, up 0.1% from Tuesday’s close.	https://finance.yahoo.com/m/36ec3895-9f94-3efb-9dde-768bc0fc16e4/oil-prices-rise.-why-more.html?.tsrc=rss
2026-02-25	Google	0.0	RWA Wealth Partners LLC Reduces Position in Chevron Corporation $CVX - MarketBeat		https://news.google.com/rss/articles/CBMixwFBVV95cUxNTG5STThhRWE4NlJCMUJ5clliZThOeHc3SWM1b1NqRWJaV0xCSU44VDhTV1FfWVNkX0JKZDlxcmhRUDlvcjFaOTBhblRqNUM3Nm1YeDU1aUk3TC1PSHFobVpwQndlY2NiZGJBelh4N00zZ29hVG9XSmRDXy1ab054eFcza21mRHBLd0dESG5nVnBMRUFrM2RETndWREtmd1Vrbll3WnF4SzdQb2RZSXdCb1hJT1lhT3YtblZnUmxmaUxmWlJzQi1B?oc=5
2026-02-25	Google	0.0	Strata Wealth Advisors LLC Boosts Stock Holdings in Chevron Corporation $CVX - MarketBeat		https://news.google.com/rss/articles/CBMi0gFBVV95cUxOSFpLanFDbG5IYWlKTFZndk5vX1FIQVBoNExTaWVwajRtdThLUjNMVnpjT3V3dzh3dGZiQUptUWtzT25ZWm1pVzhOQ2ZmZHZOZmpHdDRoSVNSRWhDZV9XNmJDd3A5MVNxRkQ4MGFrNTBxUnVzX29QVXBWWXRhNDQ5Qm1GNHA1SU53QUN1Z1NrUnkwQlE2QkllQWhPSXpwN0xtNkJScFdfdG96X19Pd2pBaThqLVlPUHJ2VlQ5c0p6SG01SlBMUHlXSlpGcFpNSmp6Vmc?oc=5
2026-02-25	Google	0.0	Waratah Capital Advisors Ltd. Invests $6.99 Million in Chevron Corporation $CVX - MarketBeat		https://news.google.com/rss/articles/CBMi0gFBVV95cUxNbnBNOUNjcU1lRGp3T3VXMmRvc1Q5RjlSamdXemUwQWYxcURnaE5pTEJoSnYzN3A4RHNINnZ4M1JqQkpqSVpGOE4wMzRNdTdXMDBFZGVDMlZYTXozMFFOMXV4LWZ0Ymo3b0JqS1pGaXVxaVlFZmthakhrVm5LOUpKSkdFUzFNSm0zVlp1MGQ5ZzBlSmNHLWliUFFhd2lxT2plY0lLZHEzamEwODcyN2xBUTA0SkNDdlRxRGdLa2djaC14TmliclJqZWNvbUxsNFB0Wnc?oc=5
2026-02-25	Yahoo	-0.3	Sector Update: Energy Stocks Decline Late Afternoon	Energy stocks were lower late Wednesday afternoon, with the NYSE Energy Sector Index decreasing 0.2%	https://finance.yahoo.com/news/sector-energy-stocks-decline-afternoon-205407179.html?.tsrc=rss
2026-02-24	Google	0.6	3 High-Yield Energy Stocks to Buy Now and Hold Forever - The Motley Fool		https://news.google.com/rss/articles/CBMimAFBVV95cUxPbHBhS3Z4OVN4Y1FFcE5CdnNLcjVzaHF2NUNiZG5KX3lFUk9TTUN0YTJtaG1uTE9MUzcwVEVoVlBrdjJ0Q3NtLW02NklPWExSeVJoc2daSS1NbjMzNWZnM1NzaTVneVpxbDFvVUpiY2NYam9iY2E2RkJIR0oxa0xIN0dxZGRLVWl3MjM3ajhTSUFQSUd2RHdrZg?oc=5
2026-02-24	Google	0.433	Chevron: Forming A Strong Partner With Hess (NYSE:CVX) - Seeking Alpha		https://news.google.com/rss/articles/CBMiiAFBVV95cUxQaTQwTXduaU1wc0toeE56Q1UzSjFrR1REeGNDYWRzM21rS1JwS1Y4Q3NFemVMMUdEOU15bzVZWlJLZE1WWWNoeGlvMXEzcFhkakJjbEo4d0xGQnJIT3Q0YTNvc0R2M2YzRWRJOTdIMnNyRGRFRHBsSFNjbXFmdmNZOF9XNG5SaUdm?oc=5
2026-02-24	Yahoo	0.333	Constellation Energy Q4 Earnings Surpass Estimates, Revenues Rise Y/Y	CEG posts Q4 earnings beat and 12.8% revenue growth, completes Calpine deal and wins 20-year NRC renewals to expand clean power.	https://finance.yahoo.com/news/constellation-energy-q4-earnings-surpass-153600590.html?.tsrc=rss
2026-02-24	Yahoo	0.167	Is Chevron Stock Outperforming the Nasdaq?	Chevron has notably outpaced the Nasdaq recently, and analysts remain moderately optimistic about the stock’s prospects.	https://www.barchart.com/story/news/391306/is-chevron-stock-outperforming-the-nasdaq?.tsrc=rss
2026-02-24	Yahoo	0.062	Chevron or Shell: Which Energy Supermajor Has the Edge Now?	CVX and SHEL battle for energy dominance as production growth, LNG strength, debt levels and valuation gaps shape which oil major stands out now.	https://finance.yahoo.com/news/chevron-shell-energy-supermajor-edge-140900135.html?.tsrc=rss
2026-02-24	Yahoo	0.0	3 High-Yield Energy Stocks to Buy Now and Hold Forever	These stocks have plenty of fuel to continue growing their dividends.	https://www.fool.com/investing/2026/02/24/3-high-yield-energy-stocks-to-buy-now-and-hold-for/?.tsrc=rss
2026-02-24	Google	0.0	3 High-Yield Energy Stocks to Buy Now and Hold Forever - The Globe and Mail		https://news.google.com/rss/articles/CBMi0wFBVV95cUxQeG5ObzUzVjFNb3BzVTlmV0dNZTExdmN6cjBMMEtNZDdtTVlkZ0NCRnRZU3BHdnRkUlBuMXBrcWJxclY5ZG9iWDdFendHQ19rVk9FYVlVM3hQM1loT1EzTWQ4UmlYamxGS0FBd3d0WDJnbmliM3Rvb2hGVjE1Ty14QkJOdjQyTmlxRUYtTmNRdW80YVRzNGlEM1k5X1NkeHlpZDEtR2ZRQUN1X01rMzF3Nzl1Qzg2ejdnUzlHSnpnWGxKQm10X1o4WHdxeWRsY0N6dGc0?oc=5
2026-02-24	Google	0.0	Chevron (CVX) Valuation Check After Recent Share Price Momentum - simplywall.st		https://news.google.com/rss/articles/CBMivgFBVV95cUxQQ0xJaWRGaE1NWklmbm0wOGRZLXhROW54T1RRWTBBLWJjOEg0bnpBb1ZVRWU4Zmh3ODI4eHJsQ1Z3TVVxOFFMaS1zN3BwcG0tOUxGTzN4STVhM2ItZHNDcWxHeXFkazZnR2tEZmlKV0VxcFpQY0hEYzBEdmpadkpwUXZHLWNCZGtCWnB3blh3bmpiemZfU3NoVzE3X2hGY2tRR1lvVDhxVkJnRDdZZDlBcm54dEpKM2ZvemFweXB30gHDAUFVX3lxTFA3cHJxRnhXT2VXREdlS0Q4cktQOHFFMWNENmFNMzdZbFdqN2hWM00wcXp6QWloZEc2cnpXUUlydVpUVWpfUE1zSUlBUnZ3NmJ2cWkzZ2xVWHFtR2c4OFctbUtzYm1DcXlFWVdqQ3liVW1aelhYSWdybFRhb3JPQ3FzOFp4QlRHaVcySzVOTVp2LTJuUGVxMkphdGd1dDl4Mm82d0w3a1F4OWhSMUdibktfN183MzE4aGdMMGNPZ3RzbHdYRQ?oc=5
2026-02-24	Google	0.0	Chevron (CVX)’s the Only Company I Would Buy Here, Says Jim Cramer - Yahoo Finance		https://news.google.com/rss/articles/CBMif0FVX3lxTE1IeHVDNVVTc2pxbUxJZnVFZUZrV0w2SXQ5NHlhV3JwM3Y5cllaUk1ZQzctdURiVURBb3JlOVNlQ25oYWdyMkdyU0ZIU3RnQ1RrX003aGVRSTZDQzR5MlRWTk56OWtTcGliWGt3VnlkOXJEc1FKNzFkX29nZmF2M2M?oc=5
2026-02-24	Google	0.0	Chevron (CVX.US) Stock Price, News & Analyst Forecast - eToro		https://news.google.com/rss/articles/CBMiTEFVX3lxTE1ybFgxSnNwaU5WZFNKbWVOMTNWUkR0RXhlZHN4M1RPYmxNOFRWOU1QdENiY3h2MGNWckpFU0kwU1lDajBiM2xOek1iSTE?oc=5
2026-02-24	Yahoo	0.0	Chevron Is Negotiating for a Stake in a Massive Oilfield in Iraq. 2 Key Takeaways for Investors.	Chevron is seeking to add a higher-risk, high-reward asset to its global portfolio.	https://www.fool.com/investing/2026/02/24/chevron-is-negotiating-for-a-stake-in-a-massive-oi/?.tsrc=rss
2026-02-24	Yahoo	0.0	Chevron Reshapes Middle East Portfolio With West Qurna 2 And Jafurah Moves	Chevron (NYSE:CVX) is in exclusive talks to acquire a stake in Iraq's West Qurna 2 oilfield after Lukoil's divestment linked to US sanctions. The company has also secured condensate shipments from Saudi Aramco's Jafurah gas project. Together, these moves indicate a reset of Chevron's global upstream portfolio and supplier relationships across the Middle East. For you as an investor, these developments show Chevron reshaping where and how it sources future production. West Qurna 2 is...	https://finance.yahoo.com/news/chevron-reshapes-middle-east-portfolio-081102282.html?.tsrc=rss
2026-02-24	Google	0.0	Chevron or Shell: Which Energy Supermajor Has the Edge Now? - The Globe and Mail		https://news.google.com/rss/articles/CBMi1wFBVV95cUxNaFFyamdieWhGQ2U0aU9QTk90eFVsaHN4UXd6LVJ1Z0NCRGdlc0VDa3Y5Z0VSRGhNbmw4cHFGR08xSGtaM2pLcmpHSGdOWVRLbk9wUS1XRHJpQjhhUnVuOGh3d1FULXVSRkV4NE84MDJhYWhCTzlwbDFuTHJXVXRwdmJHVWlDcElIZmI3TnNneEpDNERtV0pPazgzYWJVWlVDMWZrZl81NUt6YUJRVDV6QUZORGtPbk1ZSUpaa3Z5STljQXFxWWRuQmpjMnR6VXZsMFVna2ZTWQ?oc=5
2026-02-24	Google	0.0	EverSource Wealth Advisors LLC Sells 6,959 Shares of Chevron Corporation $CVX - MarketBeat		https://news.google.com/rss/articles/CBMi0gFBVV95cUxOZUNtczhhOGplODM5OGV2bURTb0E5bkJyTE1FNWhHZkctV1JwM0FOQXRPMjBwd3Z4bkxjZFB1bmN4ZEtaZHdma1EzUGo2YWtKWVVtVV9JUEhmdU9wTXp4NE1VbW5DeVJBNERhanA1Skd5SWVud2pHYlU3clZjRFFiZzVSdWl5RnNqeWhkRVdmbUNLcnJ6c2p2QlNEMTBSVkdUUkNnN0MwdXlsVE03X1ZGZlFOcGdIamo1WTk2WHVwdEJqT3dQR0wzUlI4VUNCeWNzaHc?oc=5
2026-02-24	Google	0.0	Lcnb Corp Cuts Stock Position in Chevron Corporation $CVX - MarketBeat		https://news.google.com/rss/articles/CBMiuAFBVV95cUxPdEZJVHM3eC1DWE0yTkFWREhFcnAxdmdYYWluSlZWZUZfTmkycjg4ZGpnZnVmLXFPYS1vbC10YkpCWlM1Yk1JdEN1MThmelQycXFmUm4zaDJ6WC1xUHBkQ24wUmY0MmxGNDJSdy1hbGtoaVYyRkRid0U1UlJBdFVRLU9rUkxPOW1RdjVtcGRLLUtQc3V3VHgwbk9HUnIxNDAxZVVUbkNKak15RWlqYkd5VnM5YVpmSUxN?oc=5
2026-02-24	Google	0.0	Mufg Securities Americas Inc. Grows Holdings in Chevron Corporation $CVX - MarketBeat		https://news.google.com/rss/articles/CBMiywFBVV95cUxNdEhPTnNURG5TYWVDT1BtbUo2VnEtR3NyS1hDcENGNURBQU1IdC1YUnpsaThDZHJjZUFMOHRDa1RjUUE5blhOWlhVYUFUbUxaaW9XaVdVQ2JGejE4TWtSYVdmNWZnMWlZd3V6UDhYajZuZElYeHFnZUM0OTB6SU91S3IxNEtoLWlsYjR5bm1Ublh3c2tKMjRaZDRnSktyaDJ6QlM3d1dJNUl5UEh4bzV4c2x3aDNMUkFkaHd5U1BkZENCSFRXNmROTlA0QQ?oc=5
2026-02-24	Yahoo	-0.034	Chevron sells Venezuelan oil to India's Reliance for the first time since 2023, ship data and  sources say	HOUSTON, Feb 24 (Reuters) - U.S. oil major Chevron has sold its first cargo of Venezuelan crude oil to India's Reliance Industries since December 2023, according to ship tracking data and two sources.	https://sg.finance.yahoo.com/news/chevron-sells-venezuelan-oil-indias-193659754.html?.tsrc=rss
2026-02-24	Yahoo	-0.038	Chevron (CVX)’s the Only Company I Would Buy Here, Says Jim Cramer	We recently published 10 Stocks Jim Cramer Talked About. Chevron Corporation (NYSE:CVX) is one of the stocks Jim Cramer talked about. Chevron Corporation (NYSE:CVX) is one of the largest oil companies in the world. Its shares are up by a modest 16.8% over the past year and by a stronger 18% year-to-date. Some of the gains […]	https://finance.yahoo.com/news/chevron-cvx-only-company-buy-115730349.html?.tsrc=rss
2026-02-24	Yahoo	-0.375	Westlake Corp. CFO announces departure amid weak earnings, board restructure	The chemicals manufacturer appointed its CEO and president, as well as Chevron alum Bhavesh Patel, to its board, while announcing its CFO’s coming retirement.	https://www.cfodive.com/news/westlake-corp-cfo-announces-departure-weak-earnings-board-restructur/813002/?.tsrc=rss
2026-02-24	Google	-0.4	Kosmos Energy's 130% Stock Surge Leaves Exxon And Chevron Behind — But There's A Catch - Benzinga		https://news.google.com/rss/articles/CBMi3wFBVV95cUxNQ0FUeUtRbDBnd0VNRC14dmxqc2lyZkdhRWhQQXFubjhIWjhka1NFZkc2MEl4d0JfNVM2TEhmcTRQLW80MEJiZDNET1JkTHc5bmE1ZjAwZ3dtdVJuR2E1MmdGeVl0MjlBUU9oZUdYZ0lHdTBfSklOR0hQendNM3ZXbEtCcXhENVB6UEFUUnE2aXhhRFUxcXowczhyZEs2dlItU1RMeEtLNjFsbEpacUJPZlhFXzhkc1RZV21vTnBXQWppUHdLWTdPXzNkcm50N0RiSnpKekVBVEx2OW93UllV?oc=5
2026-02-23	Yahoo	0.8	3 High-Yield Energy Stocks to Buy in February	With yields of up to 6%, these three reliable income generators are still attractive buys as February draws to a close.	https://www.fool.com/investing/2026/02/23/3-high-yield-energy-stocks-to-buy-in-february/?.tsrc=rss
2026-02-23	Yahoo	0.3	SM Energy Announces Divestiture Agreement Worth $950 Million	SM announces selling South Texas assets for $950M in cash, using proceeds to cut debt and fortify its balance sheet amid commodity swings.	https://finance.yahoo.com/news/sm-energy-announces-divestiture-agreement-160300893.html?.tsrc=rss
2026-02-23	Google	0.3	SM Energy Announces Divestiture Agreement Worth $950 Million - TradingView		https://news.google.com/rss/articles/CBMitgFBVV95cUxQZUVSeWNERGQxVGJYUTR6Qi16NzJQTmktUVlwcnViczExMTNkTHVucG9yM1NKTW02eGg5REo5bFctYXA4X05hN3pwdkN2ZWN3XzB2SlFtNFhud0RUb0kzWkU3bE1XTVI2U0ZHZEJIdWppRWFOOERfQlpOb3JHR3JoeVp3QjR1RnByTnVNZGVyNDlQcjljNWpZdVBzS3BKZnQwaG5VTTZuMXZsc0EzU1hHbkxCVHZoZw?oc=5
2026-02-23	Yahoo	0.267	Chevron (CVX) Gains Bullish Outlook as Exploration Spending Rises	Chevron Corporation (NYSE:CVX) is included among the 14 Best Warren Buffett Dividend Stocks to Buy. On February 17, Melius Research said Chevron Corporation (NYSE:CVX) could see upside as exploration activity picks up and the market overlooks its potential in Venezuela. The firm upgraded the stock to Buy and raised its price target to $205. That […]	https://finance.yahoo.com/news/chevron-cvx-gains-bullish-outlook-014857470.html?.tsrc=rss
2026-02-23	Yahoo	0.25	Market Chatter: Chevron, Exxon Buy Saudi Aramco's Jafurah Condensate Cargoes Ahead of First Export	Chevron (CVX) and Exxon Mobil (XOM) have purchased condensate cargoes from Saudi Aramco's $100 billi	https://finance.yahoo.com/news/market-chatter-chevron-exxon-buy-103618571.html?.tsrc=rss
2026-02-23	Yahoo	0.25	Sector Update: Energy Stocks Edge Higher Premarket Monday	Energy stocks were edging higher premarket Monday, with the State Street Energy Select Sector SPDR E	https://finance.yahoo.com/news/sector-energy-stocks-edge-higher-142322660.html?.tsrc=rss
2026-02-23	Yahoo	0.25	Sector Update: Energy Stocks Rise Monday Afternoon	Energy stocks were higher Monday afternoon, with the NYSE Energy Sector Index rising 0.3% and the St	https://finance.yahoo.com/news/sector-energy-stocks-rise-monday-185039779.html?.tsrc=rss
2026-02-23	Yahoo	0.021	Chevron Moves to Acquire Lukoil's Major West Qurna 2 Oilfield in Iraq	Chevron has signed a preliminary deal with Iraq’s Basra Oil Company to discuss the potential acquisition of the West Qurna 2 oilfield, formerly operated by Russia’s sanctioned Lukoil.	https://finance.yahoo.com/news/chevron-moves-acquire-lukoils-major-130000883.html?.tsrc=rss
2026-02-23	Yahoo	0.003	Saudi Aramco sells first Jafurah condensate cargoes to US firms, India, sources say	By Florence Tan and Siyi Liu SINGAPORE, Feb 23 (Reuters) - State energy major Saudi Aramco has sold several cargoes of ultra light crude oil from its $100 billion Jafurah gas plant to U.S. majors and	https://sg.finance.yahoo.com/news/saudi-aramco-sells-first-jafurah-062054535.html?.tsrc=rss
2026-02-23	Yahoo	0.0	3 Stocks Warren Buffett and Berkshire Were Gobbling Up in Q4	Berkshire leaned into DPZ, CVX, and CB, favoring franchise royalties, upstream output, and insurance float over high-growth tech bets.	https://www.barchart.com/story/news/360791/3-stocks-warren-buffett-and-berkshire-were-gobbling-up-in-q4?.tsrc=rss
2026-02-23	Google	0.0	Chevron (CVX) Gains Bullish Outlook as Exploration Spending Rises - Yahoo Finance		https://news.google.com/rss/articles/CBMihgFBVV95cUxPODJLTmZ5YjhJbmpaTnVPMGRYYzd2ajFUaG9xaUJ4NTUyQUptTlU2Ql9ncE1MdGNncEt5U1F6aVNwU3ZfVlBXb0ZsX0ZxRmJ4ekd2dW9BeXo0WUZualZuaFRiRDctNE5OMWZyT1dUamowUE1IVnByRlA4Vl9xY3JiekI3TV8zQQ?oc=5
2026-02-23	Google	0.0	Chevron (CVX) Moves Closer to Acquiring Iraq's West Qurna 2 Oil Field - GuruFocus		https://news.google.com/rss/articles/CBMiqAFBVV95cUxNRzVQNkxCRmU3VFR4UHV3OWRWaGN3d1RRZ2VCVEdNdUZLRkRMRVZhRVB1RnRyNE5yS3QyZFp3cVhEMTI2ZTMxdWpqLVNMejZrVGd0Vk9VM1B5UGhYQllYMG5DOEJnMkVWMXBTUVBpb1QyVHB0ck9xWXBULTZnbXRvaDhfeEVwLUh3aXlnN3ZKYUJnai04Zm95dldNbUdFLVNpOVdYaFlOQkY?oc=5
2026-02-23	Google	0.0	Chevron Corporation $CVX Shares Bought by Kovitz Investment Group Partners LLC - MarketBeat		https://news.google.com/rss/articles/CBMi1AFBVV95cUxOdGd2LUlCaHdOaS1NeHQyeFg2OHRyN2JHcjBhNk1iM05VbDAtWmNYX3dIMks3a2NaT2FrOTM3SlV4eVZTRTBfWUZhb0hzbHpWcUl0c2xQMERMMkRNU09ncC13VGl2N1hCNmoyNFhWN3dyRHlQTDFiSGxuRWVmT3FTNHI3cmY4SXVRTmJMMU83eXRvVmpoNzItYkhSZkozemhLNVNiRHlyWEV4WHNWenZGLS1IX1lHblF2ZWxJZ2tDQjhwbjlSVjdNdVczLU43Zmhkd00xTQ?oc=5
2026-02-23	Google	0.0	Chevron signs initial deals for stake in giant Iraq oilfield held by Russia's Lukoil (CVX:NYSE) - Seeking Alpha		https://news.google.com/rss/articles/CBMivgFBVV95cUxPOUp6UWlURzZ2bDZFTVpqVjdnS0NMUHBSTFhiUFVHVF9jVUV2aFh2OVlzN3NKWFNwX3pocFNTRHk1T1BWSzZhd0M2Uy1zNHhxVXIxVmg4VzhhQk5JTVdEdU9JVDVSbGtIWG9vZHhzTVVHSWc0bVJRWmJfZ245VkhfNXBiTUZxeTN2NXpNVVUtQmZUWkhDYmcweXpYM3VLTW9BNkM1LXhjYW5EZC1EMnhVRmxXTk1FaTNqdGxNcDNn?oc=5
2026-02-23	Google	0.0	Clearstead Trust LLC Acquires 6,166 Shares of Chevron Corporation $CVX - MarketBeat		https://news.google.com/rss/articles/CBMiyAFBVV95cUxOdG4yLWNzdGFpMENSUjZxOTJ4WGY4SllTRkdIWHl1WkpzQmJGZ05lZThJMTJldFFiaTh0dloxZllPWVRELUFkZjhBUDRYNVk1M0I0S0xvUHZkTlphdG5NMXItdUFQYzM2c1FTQ2xGSmppSWg0aDZUMGlsaGtOVXVJSS1FQ1dwQjl5X1RCb2hfby1WWDFWMGJkclh3QkVWMXVHR1Z5X09xa0RHMnJDb3lQdG1qREdvVnEySGc5OUthVUpNSmotSDVVbQ?oc=5
2026-02-23	Google	0.0	Hillsdale Investment Management Inc. Boosts Stake in Chevron Corporation $CVX - MarketBeat		https://news.google.com/rss/articles/CBMi0gFBVV95cUxPcWg3ZDJpSF9zMjljRmUwVFl4c0N1U19pMG9faTNMQWlzeEswTVpYa2doSHNjNFVnaUxyaG9UNGhZRno5X0stS0U3QnY5a2NmYnFfX2ZwMmhnejE1NERDSmdtbzNCN2lvZExVcEg5aVp5OC0ybmFld3JzOTk5LUx0dDlvelItVk9XUTk4ZmJoSmZXODU1RU9ab0ZvdjBQSEtnRlRLbDNoMFhpanZZSGpha2RiUUc5ZnFTWVVHR3JQQUs5R0hfMEhmZHBNaV90R3VxY3c?oc=5
2026-02-23	Google	0.0	Legacy Financial Advisors Inc. Boosts Stock Holdings in Chevron Corporation $CVX - MarketBeat		https://news.google.com/rss/articles/CBMi1gFBVV95cUxQX0FoOWxFNTJUU2lVV3JqZEUwWUpUc2hpdXNFdVNBcWdaRzFLTlIzbFhuLTNwZWVMWjZkb2RnT1ZOcWRGY3doWTM2R1BBQTFUOEFXUG5CMzNVZFVJUEN0N05WcFVRZW1Xdm02MU9Cc1E3WnJkbzEyR1k2OFN2b05XT0tKVjdLdHk5T0dnN3c2VnphaDV1c1V0YXFfVTZSNERNWFdXdVBIMWVTdnFRYnQ5dWZEVnE2X05XVmtfanVJSFRzYTRUTDhBNHg4empVNUJJdEU2Z05n?oc=5
2026-02-23	Google	0.0	Payden & Rygel Grows Position in Chevron Corporation $CVX - MarketBeat		https://news.google.com/rss/articles/CBMitgFBVV95cUxOdnExV2dwNlBOUzh1NTd5Q0FCR0RKTV9JSDh0cDNjVGJhTzgwSWpobWZuMkJPcFFqTmp6dktYWWtSeVZNVlRFOEN5eGd0VXpENVNnc2VCM3JWelFTT2RIb0tIWDAwdEVUcGJRR3NkR0EtcnAxWHFMUjFqcVBmM293VkxQZGpIbDJVVWFYdWJGelZ6NkhFakIzLVpSQlNzOGxGTUZaRGNwTFM4NUkxVnhkZk5TZ1J3dw?oc=5
2026-02-23	Yahoo	0.0	Saudi Aramco begins Jafurah condensate exports with sales to US and India	Aramco may export four to six cargoes per month from Yanbu port, each comprising around 500,000bbl.	https://www.offshore-technology.com/news/saudi-aramco-begins-jafurah-condensate/?.tsrc=rss
2026-02-23	Google	-0.05	Chevron (CVX) Gains Bullish Outlook as Exploration Spending Rises - Insider Monkey		https://news.google.com/rss/articles/CBMiqwFBVV95cUxOVVR4Q3dNTWptSGlCVEdUZmNzZEZPbDBWSHZyNlNMZGI5TEJBNnFsOWQ3TFJ0VUsydWRiV2N6Nmd1RlJCTnlZWmFEOERoMk15b0JoLUpqZU1Pc3AyOExSbkdGZ2tBdzFvNGJadDNsSDdfTkl6bW5PQy1Wa3AyZ0F1TDlyY3FkaWw0MzhYSVpoS256cGpaQVhUS21KRFlubklWUnNHQTZZVTJjNDDSAbMBQVVfeXFMTTlHNTJoZDJiLWU4Qmp0enAwZFJCMmZVbXV3ZlRUcnUxX3BiWWtUQ1pyNi1Oc2c4ZzVjM21rMzNEcURuSFZBWUJwQU9VNGxZQlFYVUVMNzNiLWRKZllGZGhNWFVyR3BRZThSdWdhU0xqYlExRFZmTXNoSFVXT2RIY3lxWGFXYUpmZF9aZUo3aFBQejNiRnotMUd3RjIzaVJHcDRXTHV6VkhsWnJPTjZEWlgxRE0?oc=5
2026-02-23	Google	-0.059	What Chevron (CVX)'s New Ultra-Deepwater Greek Leases Mean for Its Eastern Med Strategy - simplywall.st		https://news.google.com/rss/articles/CBMivAFBVV95cUxOelRaSTlqSmZwekxwYkJrVTk3SkJoVEhUOGJ3T0tRczRIX1BiZXo4a2dsV0Ewb2gyMi1fdUp4cW96VEZfcmtSR01iLVd4dVQ2SF94RjU4WHFZdmhwdlZlRW1OWWxiNnMwVE04cFk2Vjd1YWdwb2dJZVpZdmdYNXZ1NnVPbjBUSnpIaDMwSUpqdFpWX1NOdjBpS1prTGI4ekFQcExMRk1WU0lxcTQ2TGxPRWdFR1c4Y2E2d1pMcdIBwgFBVV95cUxPZGZmcm1XYnV3eDlDbkhZMHJzN19NREJFZ2F1d2pPTHJKVTJuSVZyTjlpeExCMUxDclZZUkdnd2JTV2ltMHEzRHp4UDdPVHhQeFpPMFZoYnEzQXYyaERNS0FjT0RZU0p1bThIZGpCUVFZZ1dHZGkxRnVJTmU5TkJMR2hGQmZETmtXdnBkQ2NlVldLQ3NyY3NGUWtRQzFwUno1eXhFWkVVdWw2LUVtQU1vM1M4a1kyWU9OM0IwWFV6UmpqUQ?oc=5
2026-02-23	Yahoo	-0.075	Chevron, Iraq Enter Exclusive Negotiations Over Giant Oil Field	Chevron is entering exclusive talks with Iraq's Basra Oil for a stake in one of the world's largest onshore oilfields, West Qurna 2, the company said Monday.  Iraq took control of the oil field in January after the U.S. imposed sanctions on Lukoil to put pressure on Russia to end the war in Ukraine.  The sanctions forced the Russian oil company to declare force majeure at West Qurna 2, in southern Iraq, about 40 miles north of Basra.	https://finance.yahoo.com/m/e7c145d4-91fd-306c-a66b-d54a3270c9dc/chevron%2C-iraq-enter-exclusive.html?.tsrc=rss
2026-02-22	Yahoo	0.55	‘Money's moving out of tech’: Wall Street weighs stock market winners amid the AI scare trade	Investors are rotating out of the most popular tech stocks. Here's where they are finding gains.	https://finance.yahoo.com/news/moneys-moving-out-of-tech-wall-street-weighs-stock-market-winners-amid-the-ai-scare-trade-160024597.html?.tsrc=rss
2026-02-22	Yahoo	0.35	A Friendlier Regulatory Environment May Be on the Horizon for These 2 Energy Stocks as the Trump Administration Rolls Back Greenhouse Gas Regulation	The U.S. government is softening its stance on greenhouse gases, which is good news for these energy industry giants...for now.	https://www.fool.com/investing/2026/02/22/a-friendlier-regulatory-environment-may-be-on-the/?.tsrc=rss
2026-02-22	Yahoo	0.208	Chevron (CVX) Valuation Check After 52-Week High And New Offshore Expansion In Greece And Libya	Catalyzed by a fresh 52 week high, investor attention on Chevron (CVX) now centers on how new offshore exploration leases in Greece and Libya, sector rotation into energy, and consistent dividend growth intersect. See our latest analysis for Chevron. Chevron’s share price has climbed to $183.93 after a strong run, with a 30 day share price return of 10.32% and a 90 day gain of 22.82%. The 1 year total shareholder return of 22.49% and 5 year total shareholder return of 126.50% suggest momentum...	https://finance.yahoo.com/news/chevron-cvx-valuation-check-52-231126672.html?.tsrc=rss
2026-02-22	Google	0.16	Chevron (CVX) Stock Hits 52-Week High as Insiders Cash Out - CoinCentral		https://news.google.com/rss/articles/CBMiiAFBVV95cUxOcTlid3Z5emJCN3B6REFTbUEzQnIxMGNTMzBsSXF4ZGpaSndDZk9wdVNGd0VmWVZXbjRnSmlKYnpnY2ZoRVJ5RlJPWXJvQWNPTmtLak1OOG5uMGJjN2d2bk5PbWxrVEVadjBJUTFUMGpmdFRadTJuQzdqd3ViQTFTOXZ2MGxKaVhv?oc=5
2026-02-22	Google	0.136	Oppenheimer & Close LLC Makes New $3.92 Million Investment in Chevron Corporation $CVX - MarketBeat		https://news.google.com/rss/articles/CBMi2gFBVV95cUxQa0dVZ0NfclVTamZFNnB1Z0FnU2VoOEEzMTFYd1FBZVRra2tLTnQ1cEgtMnYxWDRyeEl4Sk9tampHd2t5MTFFSlZNUlVUWDF6TVJCS2R2cU1xcUN4OTFZVzNiZW5pZzZhWm9teDBURks2Ym9tcTBKSE5lZ19XZEJJMHZOeWo0bGsxbmt2XzRRWktfbFhoTHRfRi1ndWp0dWpQNU1lOXJMRHVXU0lxSUdwWTQtdklzNWpBQmx3bTBKM1MzWExCNlRjVk1JVDU0eWdkaFlYbTQ0SFd0Zw?oc=5
2026-02-22	Google	0.0	Bleakley Financial Group LLC Has $10.32 Million Position in Chevron Corporation $CVX - MarketBeat		https://news.google.com/rss/articles/CBMi2gFBVV95cUxNMi1rUmk4NHdUck1pSDRFWUZNS0dzR29oMmZpbzQzZ2NfbWpYd1NoZ2x1WFhHbmxHZU1tUGlOWmlJMldQemx3LTduZTQ1NjVWTUxTUnl2Z1NONXN2MHFOZFpUNXZfejBSMmMwbmxrdHJMNWlSQmNubndiRkZHcUU1QlVLejAwbGdhbk5DSHBEZG9RTUI1cnlLTUtOaDg2czFVMjV4UVlFWHcxYjNvUG9YcHZ3b2NqQXc0SVdid2lGQzREX3FidFZpWExYbUFhS0w4dHZPVjlqdUwxdw?oc=5
2026-02-22	Google	0.0	Chevron Corporation $CVX Stock Holdings Boosted by Partners in Financial Planning - MarketBeat		https://news.google.com/rss/articles/CBMi2AFBVV95cUxOV3ZURm5tSXo4VE5ob0w5MmFwVHgtYjNOazc5c1lUd2RwaWVLZ3hjUENqdXNRVV9BVENwa1NKVVZ6U0FIb1hvV1FSQlVhU0FUZXpNOVpCajBqRjhJZWlrMDhtTWpIc3VjMkpNUS1kaG1MTDBhZjdfd3MwZTBuZTBnSUtDaXBlWjJSbWdJMWswOC1FeEZKRWE5Wkd2Z3d6bk5Yb1VTSnFfQ2pqdHlTa1g3cU1RMDZqMVh2b3hfWm9lbVBlMWVmRmtlZE8wUVNOVGtDYlZxVnBFUnY?oc=5
2026-02-22	Google	0.0	Chevron Corporation $CVX is Inspire Trust Co. N.A.'s 10th Largest Position - MarketBeat		https://news.google.com/rss/articles/CBMiygFBVV95cUxPSlg2VlhpZE1FV2N0NVJscDJhUncydjJobUtrWTk3QnBVSUpnUjBJVHJGVkUzQ04wbEZiT3VIVDZUUkZKNHlWMEhmVWtwSGRJY1ZZa1JWcm54N3NaRk1oRE9tVVlpY0x1ZVd2aXdoQWMxb2d1Z2FwbWxma0pwb0xCWXh0RVpaTjBPZXlXczFyeVpCOTc2UFpxb0dNNHZORmhYbHhKT3FzZzJnTmQ2QmFlb1NWUlFud1BoUDZPTF9kMkNQYWZERkduM2h3?oc=5
2026-02-22	Google	0.0	Energy Giants Navigate Regulatory Changes - Intellectia AI		https://news.google.com/rss/articles/CBMigAFBVV95cUxNN0NsVHp5SlZsV3RTQmlwTk9JdDVCbjBVcmxOXzZSX0I0aUpScmdjUDI2ckVQU1pDVlk2UUJ0NjZWNmxpWnRLdFZPMDlEMW02ei05UW80VzJ1eVBCaEtUUC15cHdhTDNNaTFxcE1rQkE4M2kwVTVMcTNySXlzSl9wWA?oc=5
2026-02-22	Google	0.0	Sigma Planning Corp Boosts Stake in Chevron Corporation $CVX - MarketBeat		https://news.google.com/rss/articles/CBMivAFBVV95cUxNVUczWmNaOGVZTTdtYk45RUh5eDJIWk5RWksxaW90UGh3TXFvc2ctVWZxQm1NdzVCVnhYd3QybTJEbTZNaEg4endOOGt4dW1SSGh2UmI1LU9fanRtVnMxaFFIWmRMV3ZLY3ctSTltVk05ZXpMU2VRYVhEMk5IenNQUmlOaDlSMU1MSWwxdWdTN045ZEptVVVDRXV6a2VEdkdHQVgwZmZNOVRic2F6aXhDSnlpOFJidmtoOFZjNw?oc=5
2026-02-22	Google	0.0	Vestmark Advisory Solutions Inc. Buys 48,602 Shares of Chevron Corporation $CVX - MarketBeat		https://news.google.com/rss/articles/CBMi0wFBVV95cUxPY2VUYzdoTDk3UURtTlNIcXVlRm9Lb0lhWExNeE5TTnlONFAteWtqN3lIaUVqdmF0THV2VVV2YW1DMmZrV1VuTGhYX2o4WEpNcl90TzB2V2ZqVlhPWm9VaVNCRVl1azB1cUxGeGpzdldLLXVFRjVMSjJTZkVDbzFBMHdFeURFYlBsZWlqTzJiQnFMNU92QVgxby00SWVrT0o0R25OUVpZaHF6eFo1LTlDb2VKUFFrNmhJNGhHZVRnaGI4aHJhNmlWaTdDOEVGYWdBMHpF?oc=5
2026-02-22	Yahoo	-0.013	Global energy giant joins Chevron in major Venezuela oil push	Repsol may not be a household name in the U.S., but that could change in 2026. It's one of Europe's biggest oil and gas companies, and a recent decision to double down on oil and gas production in Venezuela places it in the race with Chevron to tap Venezuela's massive 303 billion barrels in ...	https://www.thestreet.com/investing/global-energy-giant-joins-chevron-in-major-venezuela-oil-push?.tsrc=rss
2026-02-21	Google	0.6	All It Takes is $3,000 in Chevron to Generate Hundreds in Passive Income - The Motley Fool		https://news.google.com/rss/articles/CBMimAFBVV95cUxQSGJyeWdrRlR5Zkl5RkNrRWlobEdLY3dXdk1XeUJ3emxBOGI4ZDBndGJ6UzBFTXRES25OV2pSYng5LWFVSGx6YW52dU94VVVCd0t3MHo1VURoaUZVSUw3d2phSEFnWlNUWlJwUmc2Nkt4TXRxQkN0TjJpWFpvRHctZW9sNUFNRFFlcU5wS09KRXpXOG9PYzA4Yw?oc=5
2026-02-21	Yahoo	0.5	Is Chevron the Smartest Dividend Investment You Can Make in 2026?	If you're seeking income growth and diversification through the energy sector, Chevron is a top stock to consider today.	https://www.fool.com/investing/2026/02/21/is-chevron-the-smartest-dividend-investment-you/?.tsrc=rss
2026-02-21	Yahoo	0.0	All It Takes is $3,000 in Chevron to Generate Hundreds in Passive Income	Chevron is a top-tier dividend stock.	https://www.fool.com/investing/2026/02/21/all-it-takes-is-3000-in-chevron-to-generate-hundre/?.tsrc=rss
2026-02-21	Google	0.0	Barings LLC Grows Position in Chevron Corporation $CVX - MarketBeat		https://news.google.com/rss/articles/CBMitAFBVV95cUxPaVJlTmkwcVpwaFlOUTdRM005SXpUR1czcGFrM0IwWnluRE1aM1lYVGNoaUtSZnlPVkRVMGpFMDJ3LTNfa0VnMUQ5QzZ5M1RuN0phZlJtTXdzWklZTTVtUXJLQm0wZjJJTWJURm52Mlk5LVRJamRDeGZiR2trMnV2Q0JRLU9tYWhoTmlfYjAxT0xtNmZDM2FSZ0hIQTNTelNfTmxVVUtENkwySm5nRzNyVVpRMHQ?oc=5
2026-02-21	Google	0.0	CVX Stock Quote Price and Forecast - CNN		https://news.google.com/rss/articles/CBMiT0FVX3lxTE9MaTZwb0FqZ3Z2ZnE0Z3JRWHBSSEp2WVE2akwyUGVQd2xQVnVkWkVaVlJNSnNXNGx0S1pNVnRtbkRnTXdPVzczMXgwSkM3bFU?oc=5
2026-02-21	Google	0.0	Personal CFO Solutions LLC Boosts Stake in Chevron Corporation $CVX - MarketBeat		https://news.google.com/rss/articles/CBMixgFBVV95cUxOQ3FnaXpjaVJqVEJFWGRsRUNNckE3V0d4TFZTY05PcGhwVHU3REoyQWFQY3BVMnlRMnNhU0dPcklsWXVPcmZQMjNxaVQ4Y3Rxemd6NEJGUl9lbzE5bC1YcUJSc2NYVUdFNzJNSFZJbFJjemJ3dUlhb1NZUzdyWm9NMDNJenN1dkZhTFdSVlo2ZzA2TElZd0NwWWFjQ3ExbjBFTlFQMlpWS1kwdWdaZk5lYldFYjFQWmdXdjFJaFZVY2F5QU9MR3c?oc=5
2026-02-20	Yahoo	0.15	Industrial Robotics Lubricants Market Size, Trends and Growth Outlook 2026-2030 Featuring Shell, ExxonMobil, Castrol, TotalEnergies, Chevron Corp. and More	"Key opportunities include the demand for precision robotics, IoT-enabled systems, and nano-additive lubricants. APAC leads due to robust manufacturing and robot installations. Industrial Robotics Lubricants Market Industrial Robotics Lubricants Market Dublin, Feb. 20, 2026 (GLOBE NEWSWIRE) -- The ""Industrial Robotics Lubricants Market"" has been added to ResearchAndMarkets.com's offering.The global market for industrial robotics lubricants is projected to expand significantly, reaching $16.2 bill"	https://finance.yahoo.com/news/industrial-robotics-lubricants-market-size-125100727.html?.tsrc=rss
2026-02-20	Google	0.0	Chevron (NYSE:CVX) Insider Sells $441,338.24 in Stock - MarketBeat		https://news.google.com/rss/articles/CBMiowFBVV95cUxNQUtwQXVhd0pGcjBLMGt4NmFkYXN5VktDQUh4dk9fVGpDand5dnVoOWJBd2JIX2pNSVhSYVVKdlFpZjlsNS1kQnF4b2hzTm95RFV0c3JRSU5NWkV0V2xITkhMUWhnUmFydDBUWGl1OEdSVGRFT3JiMU91amk1cVotVkh4Y1BUMTAzRUxxT2l4SGRRYUpJQ2VoSXV0ZEFMcnoyaGZv?oc=5
2026-02-20	Google	0.0	Factory Mutual Insurance Co. Buys 347,567 Shares of Chevron Corporation $CVX - MarketBeat		https://news.google.com/rss/articles/CBMizwFBVV95cUxPSGhEMVFMc0N4SVZJMUVXZEQ2ck5qSUU4elp5UTNhVkJ5bVBsSzljaGVONmMySmh6cjY2V2haU3QySldQekR2N1RDa0xDdjlhQ0ZXQmlnQXUyYTU0dnVkV3FqSVJSZ1R6YTR2ZzdGU0RSWnl4ajFvRThZV05YYlZKWDlUUlJZRFpleTJDTV83bWxwUTU5UUlOa0t1bFp0cVdyczdwRXdBSm5JR3N4dWkxaVBENGJ3ejg1Z0t0ZW9ldWowRkpHbkcyOTFSUWtJSTQ?oc=5
2026-02-20	Google	0.0	IWD, PG, CVX, BAC: ETF Inflow Alert - Nasdaq		https://news.google.com/rss/articles/CBMicEFVX3lxTE5DY2ZELXRXZFd3Q1lVdEE3Vm1kWURVNGFGbHlRSkktcVBtQnphaU9tNHVLWmhOb2RtbXFoaWhNTk9WMmNSUlZFMjBjRDF3Umx3RkFGSEJab2V4b3loenNmZFRRMXZTSHNsaHlPOFpQM2o?oc=5
2026-02-20	Google	0.0	Insider Selling: Chevron (NYSE:CVX) Insider Sells $268,943.29 in Stock - MarketBeat		https://news.google.com/rss/articles/CBMiuAFBVV95cUxOaHowY0NIdmJZdzh4NVhkdDhYSGU3YkttUHhqZm8wMTBwVC1wN0hQVHNpN2dWTktvRXBHbndnTHNDbENzdlRNMnhiVVJhMWVYQTFjUC0tY1VjZEtBQzd1eEpnNlhoWGtCMnR3X2xZQjVCLXk3eTNCYkg4bDFHSjkyRFBIX1NuUWZZbW91RHYyWm1lS2VDYUhiaG5BWFRsVUFtOGhuakR1blVqWHBKWExuT3VxYXpYa1hG?oc=5
2026-02-20	Google	0.0	Kovack Advisors Inc. Decreases Stock Position in Chevron Corporation $CVX - MarketBeat		https://news.google.com/rss/articles/CBMizAFBVV95cUxPaFBGYlBYUFRKdkktMFBxcG92Y2RrdkpZbnB3bFphbkFqbDBzbXpPV0VSdlVvbzA2VG5DX1Z2aGFRcVdLeXRGYnRib1I3Y0F1OWRzdVc4N25FUG01WHRsUndxQWZtemFZSUxqd0U0RE5RUU15TFVJT09BTUJfVGwwcWhXSTUyRjczdU5GWVpTUVVWbEwzVVVNSzNaajlKak84bFBBSUNmMkt3d21yb3E3RmpxTzFaSjBMMTNORGIwR1IzNkpLU3ZzaERrZWo?oc=5
2026-02-20	Yahoo	-0.011	Trump And Iran Put Oil Prices Near Six-Month Highs But This Energy Industry Was Already Rallying	President Donald Trump has set the stage for a possible military strike on Iran, presumably to pressure the country to meet demands for a nuclear deal.  The resulting tension between the U.S. and Iran sent oil prices near six-month highs and boosted some oil and gas stocks Thursday.  U.S. oil prices traded less than 1% lower Friday, holding above $66 per barrel.	https://finance.yahoo.com/m/e8b1178a-3447-3c3e-819f-5e7f9f9a4939/trump-and-iran-put-oil-prices.html?.tsrc=rss
2026-02-19	Yahoo	0.643	The Best Warren Buffett Stocks to Buy With $2,000 Right Now	These three high-quality stocks each have Warren Buffett's seal of approval.	https://www.fool.com/investing/2026/02/19/the-best-warren-buffett-stocks-to-buy-with-2000-ri/?.tsrc=rss
2026-02-19	Yahoo	0.483	Chevron Expands Mediterranean Reach With Greece Lease Win	Chevron (NYSE:CVX) on Monday disclosed that it is expanding its exploration portfolio in the Mediterranean region. In particular, the company inked lease agreements with the Hellenic Republic for four offshore blocks in Greece, enhancing its exploration efforts in the region....	https://finance.yahoo.com/news/chevron-expands-mediterranean-reach-greece-173054417.html?.tsrc=rss
2026-02-19	Google	0.4	Retirees Are Winning Big in 2026: 3 Popular Dividend Stocks Are Soaring - 24/7 Wall St.		https://news.google.com/rss/articles/CBMitAFBVV95cUxOamxRQldmMWNIbTBpVkRZOE5vaElqbm1KNEktbDZ0cXZ5VlZsSkEwT0pUVVREY1oyNXAtZUNjMWZKVzUwY0ppZkcxRkwwYVUycDR4TVZrcWdFUFRndTVSNURKUFFib0lmTHUzQWd5WFdaMHdRZ1o4NEVLaGF4RzIteXpOLTNOWnpvNmhvdk43NElFbG52NWJnRVFNUEZiUXJsZmYyWTFNVHRqZ0pLLWs1N25ieG0?oc=5
2026-02-19	Yahoo	0.375	Occidental Stock Heads for Best Day in a Year. It’s Not Just About Oil Prices.	Occidental Petroleum stock surged Thursday after the energy giant posted fourth-quarter earnings that topped expectations.  Occidental posted its latest earnings after the bell Wednesday.  ConocoPhillips  gained 1.4% while  Chevron  and  Exxon Mobil  were up 1.1% and 0.8%, respectively.	https://finance.yahoo.com/m/c88a3b34-9ab8-3030-b105-c6d16583aec4/occidental-stock-heads-for.html?.tsrc=rss
2026-02-19	Yahoo	0.332	Retirees Are Winning Big in 2026: 3 Popular Dividend Stocks Are Soaring	Retirees watching their portfolios in early 2026 have reason to smile. While tech stocks stumble, dividend stalwarts are delivering steady cash flow and capital appreciation. Consumer Staples (XLP) is up 13.3% year-to-date, while Technology (XLK) has dropped 2.1%. In a year when growth stocks are catching their breath, dividend payers are sprinting ahead. We ranked ... Retirees Are Winning Big in 2026: 3 Popular Dividend Stocks Are Soaring	https://247wallst.com/investing/2026/02/19/retirees-are-winning-big-in-2026-3-popular-dividend-stocks-are-soaring/?.tsrc=rss
2026-02-19	Google	0.148	Chevron (NYSE:CVX) Hits New 52-Week High - Still a Buy? - MarketBeat		https://news.google.com/rss/articles/CBMipgFBVV95cUxObWo2N052WHh1eXBKU2ZURUFhczd3WXU3Vk1pYU53dHlabWNUcWhmUDc5OW5CQVpwRjJKWkw4WkpKcF91MXdtVHVUczg2bVk3eUNZWF9YcVM0aXFEYnBQTVRFMTh2NU8xSHlWbHJrRl9SNURpTjhMemluX294aXowMnRFMWpVTEczMWZwRE5aOWpfQ2Zxcmh3eER5ZjJxQ0h3TVJ5bUZR?oc=5
2026-02-19	Yahoo	0.136	Stock Market Today: Dow Drops Amid U.S.-Iran Tensions; Warren Buffett Berkshire Holding Soars (Live Coverage)	Stock Market Today: The Dow Jones index drops Thursday as the U.S.-Iran nuclear standoff persists. Carvana stock plunges on earnings.	https://finance.yahoo.com/m/9e3bb4c8-8cbc-36ae-813a-4288622e532b/stock-market-today%3A-dow-drops.html?.tsrc=rss
2026-02-19	Yahoo	0.13	Chevron Expands Mediterranean Exploration With New Greek And Libyan Leases	Chevron (NYSE:CVX) signed lease agreements with the Hellenic Republic to explore four offshore hydrocarbon blocks in Greece, partnering with HELLENiQ ENERGY. The Greek blocks are located in ultra deepwater areas of the Eastern Mediterranean, targeting new hydrocarbon prospects. Chevron was also selected as a winning bidder for an onshore exploration block in Libya, marking its entry into the country. These agreements expand Chevron's international footprint and add new exploration options in...	https://finance.yahoo.com/news/chevron-expands-mediterranean-exploration-greek-081702235.html?.tsrc=rss
2026-02-19	Yahoo	0.117	Crypto Is Crashing — 4 Investments to Try Instead for the First Half of 2026	The crypto market's recent volatility has left many investors reconsidering their portfolios.	https://finance.yahoo.com/news/crypto-crashing-4-investments-try-143804963.html?.tsrc=rss
2026-02-19	Google	0.107	Chevron Corp Hits 52-Week High — What's Driving The Move? - Benzinga		https://news.google.com/rss/articles/CBMitAFBVV95cUxOWS0wd054Rjl4ZFVDQmRBNnlVbUNXcVdsTGlRMF9DZUg1ZmFKOUFCMldwbEhqS1VrbkhMVVZ0dkQ0WERTTE9uNmZVWHVfYlVkM0d1a1hJdjU3bWExaW5rZjY4ZnJNZERWMkxOWjZPMkk0MzZrZHluNlNOZDhjVmc4X2Z1T25KY0ItR3BlQldjOGpxWUVUamtoaEQzRzZWUGNlN3UzWU1xVDZnUDM3SDFIalFHUEU?oc=5
2026-02-19	Yahoo	0.094	Latest News In Energy Transition - Hydrogen Infrastructure Growth Driven By Global Decarbonization Policies	"Global decarbonization policies and subsidies are major drivers of the hydrogen infrastructure market, fostering demand for pipelines, storage, and refueling networks. Key initiatives like the US Inflation Reduction Act and EU plans such as REPowerEU are creating a policy ""floor"" that lowers investment risks and encourages the advancement of hydrogen infrastructure as part of the broader energy transition. This growing focus on building large-scale hydrogen infrastructure is supported by..."	https://finance.yahoo.com/news/latest-news-energy-transition-hydrogen-113734294.html?.tsrc=rss
2026-02-19	Yahoo	0.077	Is Chevron (CVX) Still Priced Attractively After Strong Multi Year Share Gains	If you are looking at Chevron and wondering whether the current share price still represents value, you are not alone. This article focuses squarely on what the numbers are saying about the stock. Chevron shares last closed at US$183.87, with a 1% decline over the past week, a 10.6% return over the past 30 days, 17.9% year to date, 22.2% over 1 year, 30.2% over 3 years, and 119.2% over 5 years. Recent headlines around Chevron have focused on its role as a major integrated energy company and...	https://finance.yahoo.com/news/chevron-cvx-still-priced-attractively-070956994.html?.tsrc=rss
2026-02-19	Google	0.0	7,427 Shares in Chevron Corporation $CVX Purchased by Prospector Partners LLC - MarketBeat		https://news.google.com/rss/articles/CBMi0gFBVV95cUxOUFBFbkxQa0VLeWVRMkRQM0l4aHlsVVRoWWVMcWxodXlFMjZxTW9hdnlPRGZBRElhSVNaZThEejZ1bkFCWkFrMTFlM0NyRmxoUGxhTENLZHRWWW5yMlNfaFdRZ3NUcVlmUmJveE5vTnBUY2xQckUzc2FEdEtqbHlnLVFWZ1JPMnpjSElqYmp1RVl4NjlPYjAxUEdWdTdPRnF0SEVBcjRmX3FHTHlsMmJ5U1JocC1OU3ZuTW50U1RPcXNINFduWFNqcUxucnVkeHktdVE?oc=5
2026-02-19	Google	0.0	Analyst resets Chevron stock price target as oil strategy shifts - thestreet.com		https://news.google.com/rss/articles/CBMioAFBVV95cUxOUVpaWENDbVd4anIzY2Jna3d6WUltOFYzTEt6bGRBZDJOUzg4SGxKUzNBa3FhMnVkRFZRSWFXZFM2LVFtcERaU2xobU9uNm11SmdLNlM0NVV1dnVKT2hvOTFOZDdhaEhrNXNYb0FFMGp5cFZBY2VYTEM5aEdpUGc3U3VMbWFXSWhHaGdCVXEwYXdiY3J0bWxQakpiTmRUeFV6?oc=5
2026-02-19	Google	0.0	Caterpillar, Honeywell, and Chevron Lead the Dow Jones in 2026 - 24/7 Wall St.		https://news.google.com/rss/articles/CBMipwFBVV95cUxNRXlWeTluN0p4cUdHeld1aC1tMTd3c1RhRFJ6R09QYUdlUUR0U3hOdy12RkttR0N4TnFSbHYySlAyX05DTzFja2YtcjhaSnBxMTNhajF2MFVMVnEwcERwQy1tdEV1VDlmTmJEcXU1b2I1V3VKN00tb3ZYcDdjQUlZM2U0RTN5b0pycjQ0V2NxZ2Mwb0VNZkp4SUtSQ0FpOGlIVGlFSHk0dw?oc=5
2026-02-19	Google	0.0	Chevron Corporation (CVX) Investor Outlook: Navigating a 3.87% Yield Amidst Market Volatility - DirectorsTalk Interviews		https://news.google.com/rss/articles/CBMi1wFBVV95cUxNV0I3NE5aTkxIUDZjcUVUOUxmXzM5UG1FVDJYdEk2VHpJQXJEY0xFQTI5aGxYM1UxTkJfbjZUVEtWaUQ0elJ1dmxpV1NkTllGOTd1d3VwSzRuQ285Uk93RmdyLUVWQkF6YzBrVkg4TzM0T2VJVTBvcnFTRURhRUhxbEhUVGtod1J1VURDZVQ3UkVEY1JEcWtydk9qWndZYlAxTmJUYzRpX25wbHdkSVpVcFJFc2pNQnBxU21LTmlLdUttaWMtaTRqYjk0OVpsNDFNS0QzUTNCMA?oc=5
2026-02-19	Google	0.0	Chevron: Buy And Hold Like Berkshire Hathaway (NYSE:CVX) - Seeking Alpha		https://news.google.com/rss/articles/CBMijgFBVV95cUxQb2lYQUZubFVhWldGVGdybGgwdVRjcWNXRzRQTTVqUmpIUXVwT0RVTEtHOUxURUp0SS11eWw1SEIwaV9SQk13RDFGMTRyLVl2RjVEVDBBV1BlZEJyOUlqOVoxRS1nUGZrSWlFa2RybmRla25CRzRFc0ZzVXN3cGczdVBhczhrSlNKa2o1OGx3?oc=5
2026-02-19	Google	0.0	Cornerstone Advisors LLC Raises Holdings in Chevron Corporation $CVX - MarketBeat		https://news.google.com/rss/articles/CBMixwFBVV95cUxNdjZQQjBVQWV1TEVvdW1OdXhIblBTQXBrdFZmdkVQSkVYZ2pSbVZESE4tVmR1TGotRGRtend2cDFtZkFOSFRlSzVDOWEteEcwREVyblJMcWU2Vk9BRG5OakFsWDBoMDhoNENPQ2E0ZUJYaXpyaDFESldmYkJqT2w1V0w0elNob1FXVU03VjVQazVmd3pFVW5SU0ZLQnRJUHNVZEVwc3NFUUNrcVB2UHhweGVIS0xlUWdJUjQ1OFI3TGo3ZkpWbjNn?oc=5
2026-02-19	Yahoo	0.0	ETFs to Gain as Japan Pledges to Invest $36B in U.S. Projects	Japan's $36B U.S. investment targets energy, exports and minerals. ETFs like XLE could ride the industrial boost from this landmark pledge.	https://finance.yahoo.com/news/etfs-gain-japan-pledges-invest-143600724.html?.tsrc=rss
2026-02-19	Google	0.0	Levin Capital Strategies L.P. Acquires 60,857 Shares of Chevron Corporation $CVX - MarketBeat		https://news.google.com/rss/articles/CBMi0wFBVV95cUxPWjNyYWNYYnpWOHhhN2tObUVHYXpOSDBPUmk4YVJxZ3Zpc00wODhGeUN2SFZjNEJESVJsMGFJNE9DUndnUEh1OU5QTkl3TW5aVHJOSDFjNFEtbXNnamE3eW0xWFhZYkRMbHk4T05VMnBhdFZVV3VqMURmSkt0MXFreWpTRDVLemhvajh4ZWlTMmtKaTlnSjh2eS1oQ1VkM1FLazFjVTdvRldMTU1nd3N3ZG9EeHlxWXlKN01ST2NBMm0wRGtjYWVnYmJ5aUwxbzFJQjRV?oc=5
2026-02-19	Google	0.0	NewEdge Wealth LLC Has $12.46 Million Stock Position in Chevron Corporation $CVX - MarketBeat		https://news.google.com/rss/articles/CBMi1AFBVV95cUxPTUhGVzRYSWhRYS1BcjA2UkVNU3ZINnM0eFMtclBDbE5mSm9LZ3gtd29odU1DTDFvdDZVLXhGNFlHYS0xLXNyOXBMMHQtR1pfak92eXVIRXRlQmdWUUJ3ejZpMHVkRjJoQVZ3ZDBtMUpnd3NRV3R1cDJjeXg5eVljRTBMdjFsMzBhTlNBTzM1VEM2Mmx5bkJJQkFsTEFUZU95cTFCRDhmVHlObkRHcm5aeHg2cnpSX1pQUVQxTzZXaXdRV3BOR2dYdEl0azY1RnhEUjFKRg?oc=5
2026-02-19	Yahoo	-0.05	Oil Price Rises Amid U.S.-Iran Tension. These Stocks Are Gaining.	Oil was building on recent gains amid reports that the U.S. military could be preparing for a strike against Iran.	https://finance.yahoo.com/m/ae62a8d8-f065-31a3-b582-1a8aa17b701a/oil-price-rises-amid.html?.tsrc=rss
2026-02-19	Yahoo	-0.062	Repsol Plans to Triple Venezuela Output After Securing U.S. Approval	Spanish energy company Repsol plans to sharply expand its oil production in Venezuela after receiving authorization from the U.S. Treasury to operate in the country.	https://finance.yahoo.com/news/repsol-plans-triple-venezuela-output-193747656.html?.tsrc=rss
2026-02-19	Yahoo	-0.275	Caterpillar, Honeywell, and Chevron Lead the Dow Jones in 2026	The Dow Jones Industrial Average (NYSEARCA:DIA) has climbed 3.4% year-to-date through Wednesday, but three industrial and energy giants are leaving the broader index behind. Caterpillar (NYSE:CAT), Honeywell (NASDAQ:HON), and Chevron (NYSE:CVX) are leading the Dow’s 2026 charge with double-digit gains driven by record earnings, strategic restructuring, and energy market resilience. The Dow’s 2026 Leaderboard Company ... Caterpillar, Honeywell, and Chevron Lead the Dow Jones in 2026	https://247wallst.com/investing/2026/02/19/caterpillar-honeywell-and-chevron-lead-the-dow-jones-in-2026/?.tsrc=rss
2026-02-18	Yahoo	0.7	Find Your Balance: 3 Stocks With Incredibly Durable Cash Flow, Dividends, Value and Growth	Finding perfection in the world of individual stocks is so darn difficult. That’s why so many investors resort to index funds, exchange traded funds, and other vehicles which allow for passive equity exposure. I’ve got nothing against such investing vehicles, and in fact, ETFs and index funds make up a sizable portion of my own ... Find Your Balance: 3 Stocks With Incredibly Durable Cash Flow, Dividends, Value and Growth	https://247wallst.com/investing/2026/02/18/find-your-balance-3-stocks-with-incredibly-durable-cash-flow-dividends-value-and-growth/?.tsrc=rss
2026-02-18	Google	0.136	Chevron (CVX) Faces New Competition for Venezuelan Oil Supplies - GuruFocus		https://news.google.com/rss/articles/CBMiogFBVV95cUxObHVoOVAzb25ZOUJ2MC1BNEpuX2ZLVGFoOE9zeU9OMXVTY205MTBjSmpzTjNGS3lFRzBiLTJFRExiaUZaajhLN1R2QTJhM2lGcGFMbGJSNzNvcFJUb05sUkxCbVA1Y1F1TmMtZEVfbkZURm9qeHQzbTllWG5BT2pFcEJwR0FwdFB5MUkxVVFlT2F0N2FPeTl3UVNsNHlnYkJqV0E?oc=5
2026-02-18	Google	0.125	First National Bank of Omaha Takes $15.71 Million Position in Chevron Corporation $CVX - MarketBeat		https://news.google.com/rss/articles/CBMi3AFBVV95cUxOV01RTG9GVF9NaDlteGEzUUR0a3NFSUF1d3dDVkNsYUt5U0dhbGlsOTJKelJmOUNfUWRzNE9EY19LYk5Mc2dIQVRTeTVxY2ZoS3F3QnRhN1dGRWJ0ZHhXOV9KeTVHRDBDNDFteVVudGhPaXdOV2MwUzhxVFhmbks0Nml6VHROUGNVQlpjdnNLTmVIQ3p0Xy1zMlR3ZEJZeENyOWp3MXNCVW5TYWZ1ZFd1WHJOTnB2M3Z0T05aNElESnhTTkQ3ZUZHcG9LaXg2S3VIb0tHZEFxU1V5OUhs?oc=5
2026-02-18	Google	0.0	Chevron (NYSE:CVX) CTO Sells $2,042,414.40 in Stock - MarketBeat		https://news.google.com/rss/articles/CBMinwFBVV95cUxPY3VhUzVHa0F0OVNEUHQxQUpFY0VHbGIzbWxIaXJ5VDJRdjI1Z1AwTHdxeGxYSEdCbjhjVTdhbktYYlVXU25sVGV6WWlRcUFHWXAtaVJ3aEQzcU5hS0hHQ2Y4VzVhVVRRdlFZMFRHbzRuSVZrYkZ4WDNsQ1Q2RnBhUmZyeGVhNGtnSVdzSDkyME40Yk80czF2bjVBb2FXbEU?oc=5
2026-02-18	Google	0.0	Chevron (NYSE:CVX) Trading Up 1.8% Following Analyst Upgrade - MarketBeat		https://news.google.com/rss/articles/CBMirgFBVV95cUxNTDJzTTc0Qmh6Nl9ET1lEbE1xU0RQZmp0SFBEYXZ2Ym1CY2tPZksxQnphVEExUjRTZ3FOLW51akMydmkwUjM0Mlk5RFN0Y1hJalRoemNNb3k0T2tjMEZKcDVjQm5FM0NwcG9SREdEVmZ1X053OWMzTkhMQkx0ZW5Id0dDTXpPVldsbWM0NFVWOHlfTVFrdC0zNTUtdWtWMk5Gb0pCUnpSUF9WZTJTRWc?oc=5
2026-02-18	Google	0.0	Chevron Corp (CVX) Stock Price, Trades & News - GuruFocus		https://news.google.com/rss/articles/CBMiVkFVX3lxTFA4MjMwUkZGWjR6WVdJbnpsajE2dUFCSWFyZUp0dnNRU1dzT2piRDM0eTNmWTF6SW1pb015VjZGQ2FrVDk2cHRjZG5uMHBzcW5UR3dTaEZn?oc=5
2026-02-18	Google	0.0	Chevron Corporation $CVX Stake Boosted by Advisors Capital Management LLC - MarketBeat		https://news.google.com/rss/articles/CBMizgFBVV95cUxQdGVaMndfNXRfWjdtR2ZDcU1iSkJBMWFTRHltQXdyamloNUNOQjY1Rm4zT1U0REp0YlhhVDJrWFRnMk11OWF5eUtoY2M4anhtN3p5c2EyMkVMQnJhOE53ZUNzVnltY0NqZFcxcVNZUU1hc0phTGZ3WmJLallVWW5fS3l2elphRW02V01pMFN3Smo2Ukk1Y0hXOE1udXV0cWlVdld1TUVNRDVyV0JpYlVxOHlERzY2M2VSZDRlVC1jcG9CTEVIU3Nrb1dNUWtwdw?oc=5
2026-02-18	Google	0.0	Drucker Wealth 3.0 LLC Increases Holdings in Chevron Corporation $CVX - MarketBeat		https://news.google.com/rss/articles/CBMixwFBVV95cUxNV3o5cnpmNTZhcUE2VTEwbDM5Ym9WTGozV0prelRRMWVpV1ZQa012WEE0TTBzSHZLdkFQeHAzX2dXc2VFbGNCc0syd1JtZFFOU0d5S3Nldjl5UDdQVDVEM3JvWUZQRDMtMXhJaU9wMThCUkVXcnozMEhEdExOM3FoVTdHTG1JUVhneUNQS1JGSzAzWVplNVc1b2k2c3ZIZFdvWTVDNEpUWWlrakpXWW1LZ21zV1dfSVl3dXA3bDdMLTk5RHJhNEZ3?oc=5
2026-02-18	Yahoo	0.0	Eni Unveils Energy Discovery in Block CI-501 With Murene South-1X Well	E unveils the Calao South gas discovery offshore Cote d'Ivoire, which is estimated to hold 5 Tcf of gas and 450M barrels of condensate, its second-largest find.	https://finance.yahoo.com/news/eni-unveils-energy-discovery-block-163900627.html?.tsrc=rss
2026-02-18	Google	0.0	Insider Selling: Chevron (NYSE:CVX) CTO Sells 1,122 Shares of Stock - MarketBeat		https://news.google.com/rss/articles/CBMitwFBVV95cUxNZ2VMdXlzN2lvaFdza0ZIbW5OdU1HR3VITTBTRlNIcEZIOTFKNnhsNG9NNkJTb1VOTW1TUTdNcjNJUTVXanl1WUVDQjlPRGpYNHM4UmdZeDFPY09RVC0yVmdzQmNYWFFGUEJLNGpLVXdTWmZNTUJpMVRXOU1zbFpUN1dEUlM2WEVIckhLREw4ZEhmdVVGYWtmcmp2TDZLdHQ1ODNjRkl2TWVjZml0TVZ0WGREaGFHUTA?oc=5
2026-02-18	Yahoo	0.0	Key Factors to Watch Ahead of Par Pacific's Q4 Earnings Release	PARR gears up for Q4 results as estimates point to a sharp EPS jump, with lower crude prices and a positive ESP hinting at a beat.	https://finance.yahoo.com/news/key-factors-watch-ahead-par-153400635.html?.tsrc=rss
2026-02-18	Google	0.0	Key Factors to Watch Ahead of Par Pacific's Q4 Earnings Release - TradingView		https://news.google.com/rss/articles/CBMiuwFBVV95cUxQdkktX3BSczdHdVg0bFBmWHZ4YTF2THNjb0JxZ3JFWjZ1MXc3Zjl3UFdHRXBFYk1xV3o0dER5dlk3SDFqVU5nSFdmWTBYRlBpR2ljaHlSRVF2ZUZnb1ZEZjIzUnprM0psUnAtTU1ycHFPNjNDdFFGVUhpRmpybGIzVWhld2FxaWMyb185bUFRa0FPTmdMcE9YU3J0aG5WZW9FZE51QjRxN1JULWNJZjh6dzZPeUhzSjZTRkxB?oc=5
2026-02-18	Google	-0.05	Chevron’s Greece And Libya Deals Add Long Term Upstream Options - simplywall.st		https://news.google.com/rss/articles/CBMivgFBVV95cUxNM3hKMVF5VVFEbnI1Y2RYV2xveUEydm1ESnJuRjV6TXM3dVozVldXcTZyU0NGbkpqQTJJYVpjUmstdnU1eVRydUdnMUtQYVVVUVpJN0hyTENBS3FQcUdMdHNZNHhlby1vSEZxb2dPX1d1VHNmN0d4VGNuMlU2TjBfay16RGQ1azVRZzViNS1KYXNEMHFpNGYydUM5WHpWVFpITm05RkR5MHk4OV92ZENCNzJxX1lNYndFdmE4Y2tB?oc=5
2026-02-18	Google	-0.156	Chevron (NYSE:CVX) Stock Price Down 1.8% on Insider Selling - MarketBeat		https://news.google.com/rss/articles/CBMirAFBVV95cUxOeXBWLVl6T0t0RzhNSjZlS0ZJdVdIdXBfbEJyem9DOFdkaFdRVl9QaEU1cVM0Mk9WQ05aTmRYSzYya18yWVRxNmNfbnVHM0dXNnljRWxVTFc0bV9SQXdSa3p5akkwcVpKRTU4b1RyRm5aanNtMFZuZnVEMVlPTFZONEFpSDM3WEJTNkJLbUxXNHhsaVdUdXdIXzNfeXUxLVdILTNMVzFJanJRM3JJ?oc=5
2026-02-17	Yahoo	0.629	Pacer’s Cash Cows ETF Might Be The Perfect ETF To Own Right Now | COWZ	While the S&amp;P 500 (NYSEARCA:SPY) sits flat year-to-date, the Pacer US Cash Cows 100 ETF (NYSEARCA:COWZ) has surged nearly 7%. This shift reflects growing concerns about expensive technology valuations and concentration risk, with the Magnificent Seven trading above 30x earnings on average while comprising over 30% of the S&amp;P 500. COWZ addresses a specific portfolio ... Pacer’s Cash Cows ETF Might Be The Perfect ETF To Own Right Now | COWZ	https://247wallst.com/investing/2026/02/17/pacers-cash-cows-etf-might-be-the-perfect-etf-to-own-right-now-cowz/?.tsrc=rss
2026-02-17	Yahoo	0.5	Chevron vs ConocoPhillips: Which Is the Better Buy as Energy Sector Crushes the Market?	Chevron (NYSE: CVX) and ConocoPhillips (NYSE: COP) have both delivered strong returns as energy dominates 2026. The Energy Select Sector SPDR Fund (NYSE: XLE) is up 21.56% year-to-date through February 13, making energy the top-performing sector. Chevron has climbed 20.56% year-to-date, slightly ahead of ConocoPhillips’ 19.04% gain. Both are crushing the S&amp;P 500, but their ... Chevron vs ConocoPhillips: Which Is the Better Buy as Energy Sector Crushes the Market?	https://247wallst.com/investing/2026/02/17/chevron-vs-conocophillips-which-is-the-better-buy-as-energy-sector-crushes-the-market/?.tsrc=rss
2026-02-17	Yahoo	0.35	Here Are Tuesday’s Top Wall Street Analyst Research Calls: Albemarle, BitGo Holdings, Chevron, Dollar General, Equifax, Shopify, Southwest Airlines, Visa, and More	Pre-Market Stock Futures: Futures are trading lower as investors and traders return from the three-day holiday break, after a wild week that saw just about everything. The catalyst on Friday was that the January consumer price index data came in below estimates at 2.4%. While anyone buying beef recently would dispute that inflation is lower, ... Here Are Tuesday’s Top Wall Street Analyst Research Calls: Albemarle, BitGo Holdings, Chevron, Dollar General, Equifax, Shopify, Southwest Airlines, Vis	https://247wallst.com/investing/2026/02/17/here-are-tuesdays-top-wall-street-analyst-research-calls-albemarle-bitgo-holdings-chevron-dollar-general-equifax-shopify-southwest-airlines-visa-and-more/?.tsrc=rss
2026-02-17	Yahoo	0.275	Dollar General downgraded, Dollar Tree upgraded: Wall Street's top analyst calls	Dollar General downgraded, Dollar Tree upgraded: Wall Street's top analyst calls	https://finance.yahoo.com/news/dollar-general-downgraded-dollar-tree-144304935.html?.tsrc=rss
2026-02-17	Yahoo	0.15	Chevron Wins Four Exploration Blocks in Greek Mediterranean	Two of the blocks are in the south of the island of Crete and two are in the Peloponnese peninsula.	https://finance.yahoo.com/news/chevron-wins-four-exploration-blocks-100632087.html?.tsrc=rss
2026-02-17	Yahoo	0.136	Warren Buffett's company invests in The New York Times 6 years after he sold all his newspapers	Six years after Warren Buffett sold off all of Berkshire Hathaway's newspapers and predicted unending declines for most of the industry, Berkshire disclosed a new $350 million investment in The New York Times on Tuesday.  The somewhat surprising move highlighted the quarterly update Berkshire filed with the Securities and Exchange Commission about the company's stock holdings in Buffett's last quarter as CEO.  Berkshire also increased its investment in Chevron just before President Donald Trump ordered the arrest of Venezuela's president, and the Omaha-based company continued selling off more of its Bank of America and Apple shares.	https://finance.yahoo.com/news/warren-buffetts-company-invests-york-234544558.html?.tsrc=rss
2026-02-17	Yahoo	0.091	Berkshire issues last 13F of Buffett-era, New York Times gains on new stake	Berkshire Hathaway (NYSE:BRKa) released its 13F for the quarter ended December 31, 2025, after the close of trading on Tuesday, offering a revealing look at how the firm is positioning its massive equity portfolio at a historic transition. With Warren Buffett officially retiring as chief executive officer on December 31, 2025, at age ninety-five, the filing carries added weight. It marks the last of the Buffett era and the first under successor Greg Abel, who assumed day-to-day leadership. The c	https://finance.yahoo.com/news/berkshire-issues-last-13f-buffett-221005128.html?.tsrc=rss
2026-02-17	Yahoo	0.0	BP and Eni Expand Angola Footprint With Algaita-01 Oil Discovery	BP plc unveils its fourth oil and gas discovery since 2025 beginning, as Azule Energy strikes oil at Angola's Algaita-01, eyeing faster, lower-cost development.	https://finance.yahoo.com/news/bp-eni-expand-angola-footprint-141200170.html?.tsrc=rss
2026-02-17	Google	0.0	CVX Stock Today: OFAC Lifts Venezuela Oil Sanctions, February 16 - Meyka		https://news.google.com/rss/articles/CBMilgFBVV95cUxNVFR5eDNxU1FfNkZkWmZEOE1qQ2RsLWpSRzBPclZrRnJXY1RIaHBGN0R1ZENTb3BURU13a1F5WmZCUXZ3dDZUd3dqTnVlNVNnM2NrdU81T2FkaVc0UTNfaWlxWGxuR0JhVjF0aklJeEw0cVFtOFJITEtFVnJrMnprQVVHSTFycE1UZ0VxQnA0dG5MalpNbGc?oc=5
2026-02-17	Google	0.0	Chevron (CVX) Expands Exploration Efforts in Eastern Mediterrane - GuruFocus		https://news.google.com/rss/articles/CBMipgFBVV95cUxNVmFnaEZpWGdEV1VQaFQyNDh1ck4wZmdLSUljeHhFRTUwMHBVc0V6WjY5T2dNT05maUZfQnJTNFZ0bzRzSjIzVHFGLVA0TVJNd0txTVNldHNCdlJGclRqQlNDaEhhTG9HSW45dEpfVFB0MEZTZGp5ZkUza3oyOGRtS1FRdWdpejlNOXhuaFp0bHhnZzNiYUZFaGR5QkFEZnNYbWFRdTlB?oc=5
2026-02-17	Google	0.0	Chevron (NYSE:CVX) Upgraded to Buy at Melius Research - MarketBeat		https://news.google.com/rss/articles/CBMipwFBVV95cUxPMlNkbXl3S0VqTGEzZVNVV2h2OHN3SjNNNHZxTjRoR0QtaFBXSnJ3cktzSzZTOHl6LVRUTmFyelhEbGxHV1ZzcGx0amdBaER5WnZMVEZLMjdGeG45YTVzTEk4dmpjdlQzS3oxQlJMZkxfYTd0RXNXb0Z2d05zeTNCQ2VYQXVuQi1Ua29qSkZsUkozekxiRzh5VS1INWpINDhRb1lxa01tVQ?oc=5
2026-02-17	Google	0.0	Chevron Corporation $CVX Holdings Raised by NJ State Employees Deferred Compensation Plan - MarketBeat		https://news.google.com/rss/articles/CBMi4wFBVV95cUxPZmtPQzdsejBFMm5HRUwzWWZoTDQ1SlNCd25zVWZBblRXOGNvQTQ2bzB4NHhuY3htUVFqTllUVGNPT1h2X2Z3aExmUHJ5RlVVLXRtMTctRFM0Z2N5YzRIX1RlS1JqT1Jjcl9DOGlYZm1ScV9IekVBcUdoeW05UW1zMUdTUEpRUnQzbHI4Uk9SUW1RXy1heDFlNHNRam9YdS1XdG4tMDlTN2tlZmE2RXlMSW5qV01fQm5rdWM3cEdUTjVLRndodTBsNmxSdDAyVG9jUVRteGNVMG1MMmtpVkxVRnNjbw?oc=5
2026-02-17	Yahoo	0.0	Chevron Corporation (CVX) Is a Trending Stock: Facts to Know Before Betting on It	Chevron (CVX) has been one of the stocks most watched by Zacks.com users lately. So, it is worth exploring what lies ahead for the stock.	https://finance.yahoo.com/news/chevron-corporation-cvx-trending-stock-140005804.html?.tsrc=rss
2026-02-17	Yahoo	0.0	Chevron Secures Offshore Greece Leases in Med Expansion Push	Chevron has signed lease agreements with Greece for four offshore exploration blocks south of Crete and Peloponnese.	https://finance.yahoo.com/news/chevron-secures-offshore-greece-leases-015824408.html?.tsrc=rss
2026-02-17	Google	0.0	Chevron Stock Brushes Off Upgrade, Price-Target Hike - Schaeffer's Investment Research		https://news.google.com/rss/articles/CBMirwFBVV95cUxQNE5mcDByWndmVWtVZ1pLSEpqaVF0WkRaQWU2VDBWQW9SNGpLZVpBYjFUSVR2Uk0yUlA0bERWZFFXS2RFcnBiWGhiaGJhQlZHelJYb1NhSS1fT19QSm04Vnd0QUtMcXdseThSSUk4dEpfNlAxb0VScVZ4OU1MbDVqWnVRcXJkbUxBQW5nN21wNzRJWFMyVUw2N0o1LXNkcXpxbVA5WEFzakJLeG05dEVV?oc=5
2026-02-17	Yahoo	0.0	Chevron and HELLENiQ sign offshore exploration leases in Greece	The prospects sit in ultra-deep-water terrain at water depths in excess of 1,500m, and involve complex geological structures.	https://www.offshore-technology.com/news/chevron-helleniq-sign-offshore-exploration-leases/?.tsrc=rss
2026-02-17	Google	0.0	Chevron-led consortium signs gas exploration deal in Greece (CVX:NYSE) - Seeking Alpha		https://news.google.com/rss/articles/CBMingFBVV95cUxNSkJDQXNRTFRFYnY1bGdtTGRlVXZraG5BQUxZMU5xS0RTTFZrTlprWllocFZTRmQwUTZLSnRDUmZvemxieTlPX1hxNnV1NXQ4c05NdjRmQ1h6bURXaTJHdDRlUjVlRXo1TUR5cDBoelUxX2JRTVJoaTBUSnFaS1lhTDBPc0l2czNTdFJnbl9rbHhPTzZpRFFlamdUd29Kdw?oc=5
2026-02-17	Google	0.0	Fund Update: BERKSHIRE HATHAWAY INC added 8,091,570 shares of CHEVRON ($CVX) to their portfolio - Quiver Quantitative		https://news.google.com/rss/articles/CBMi1wFBVV95cUxPMkFjYndtMmU1Y1ZvWnZIWTNiSUJTeDBTRGQ3Y1ZXeWV1empRQXM1cUMwUTEyNHRXanFucV9UYUlDVmdMNmNYbElxbGoteW85cUI2VGNTQlV1eDM5NUZtRE1NTWxkcGNacTVRV1RyWmF4eU5HQVBOVDQyMnJIZ3pILWlrRWp6TG5MTlBKR2hIR21HUk1QT0VWSXJtYnZwb3l4N3lCTC02Mzg1ZlFPV1NPQUUtMUx6R2NTdktIdGtkd0pnWFl5RG5EY2MwZXBySGM4YTItZ0Rsdw?oc=5
2026-02-17	Google	0.0	Is Chevron (CVX) Pricing Reflecting Recent Share Gains Or Future Expectations? - simplywall.st		https://news.google.com/rss/articles/CBMivgFBVV95cUxNaGFzSGxfd0ZpaUlDODJaekRCZGxQN2pEVUpTY0dVcEhfTkRVT01iNUZvb0ZGdTlfYVI2cmZuOEtHZVBhSjhONE1CZFdXOWtFZWNnb201SlZXak5HNUtNUzM1cEVsVTVyWHZfUnZ0eTBmZzZiN2paRElYalQ3R1M2cFpObW5jWWxfQkljNS1CM2ROdE15djNCRHU5SjdmWEpGZWJCdk9xbFpzRnRjRkxhbENjUWVSWFMtdHh3S0NR?oc=5
2026-02-17	Google	0.0	Melius Research Turns Bullish on Chevron (CVX) Stock. Here’s Why - TipRanks		https://news.google.com/rss/articles/CBMilAFBVV95cUxQcV9oaHRBRGt5WDVaQjUzZ1lhVmg5MzFQczUxWDdNd0NPaHIzV2lfUW5KNFZBZXpQbjN2NWhOVWZYNTNzQlhSeDdrLXJTVjRkVEVpdmpQSWhKUEJLNXZKb2xxUHNJUURHeG5QMmNSQXZKSnNKel9iNnJDeHd3bWdKcXh1QjVCcGk2VXluVzFVU1ZKUGVC?oc=5
2026-02-17	Google	0.0	Merit Financial Group LLC Buys 13,485 Shares of Chevron Corporation $CVX - MarketBeat		https://news.google.com/rss/articles/CBMiywFBVV95cUxOZ3lIN1NhYTlyOEttMEhKd2ZJRTQ3YVNHa09FX0FlUEhsbkJnZ1cybmllVF9zZW5lYkNmcWNEOUhjc3RaMEhoaDVhRHdVbWNYUDhyWHQ5X21ka0J3cTZnSU4zcDdjLTA1UDkwS0x1NHYwa3hCeDhSY2NMa3M2ZUpOeHZCNC02ZnREMS16MWpDVi1wTV9nTURqSjBGd1pDQl85ZFR4SGUwUlhSMFdYWF93S1JGcWk5T2x5alRaSTRPSWxGanRqdkZxNXdyTQ?oc=5
2026-02-17	Google	0.0	NEOS Investment Management LLC Buys 103,963 Shares of Chevron Corporation $CVX - MarketBeat		https://news.google.com/rss/articles/CBMi0wFBVV95cUxQRXh0WHgwZTlnTWVybGk0cjZyNHdJbnhvRGZOUENTdFk2Wkdlazk5OXM3OUZGWjNlMllWbkx2azBjRHZWc1NRbExfWmZ0eWJhekllRFV1aW1MNE9pMXY5RTBqT3ZzSkl0WGhCZFlqclctc056YnhGZmp6Qk5QSW54cTNvZ21wc2EtbG5wV1NrQ1M3WktIcmxrLUlBRlBIS2xJNnQ5UzBqb2xzTjlIY3hZd29qWmhBbmdGc0Zqcy1qU1NIQ1B2Yk1ocG9ZajNkTjNXNTNV?oc=5
2026-02-17	Google	0.0	Rep. Gilbert Ray Cisneros, Jr. Sells Off Shares of Chevron Corporation (NYSE:CVX) - MarketBeat		https://news.google.com/rss/articles/CBMiyAFBVV95cUxQWGx5V2J1LWlCWURGcEhndUcyNzN2RUM5TkIzY2F2T0pmaXBsOGZLazVJYnVoVS1zYXE1UnN5b0t5N3E1QTUwLUlFSDN0TDNiSk9kb3hOV1dCY1l6RXF6cEdvM3FacTdJdkljTHNRa0lwSklhY3BVclFNWUpSRGVvV2hQcDU2ekZiX1VrdHZBQWNobkZRRjA2Z1pjUmtMVE1IRmxwZXVCY0thMUZCeGROSHdtYVhJY05VVllJMU5mam1fME5IZEEwVQ?oc=5
2026-02-17	Google	0.0	Shell Asset Management Co. Decreases Stock Position in Chevron Corporation $CVX - MarketBeat		https://news.google.com/rss/articles/CBMi1AFBVV95cUxNVjN0b0ZQYVQxZ3lNQ2lNQWtJUlo4TnVabTNsYk9XVVlaSDJ2d2pyVzV6U1Ffekk4ZVNTZUZzWThpVldtWUZHRDdKeWIwOEN5NWRPS24zZ2hJRDhmTVFRLWozdktDUkcwc0NSZUZicDVVVUdtc3NIV1FZUGN3S1NtUjZqVVZfUFVQRDFia2pBMzZQeUFoUzB6eTlYMVdDVU5qM3RURG5XVEZCNHRJdTFQdEFoUEJCd0Q1S1N2UmRTU1VpRHJpaFkxWHBneTlYMmtIN2g3NA?oc=5
2026-02-17	Yahoo	0.0	This Week In Energy Transition - Global Energy Shift Unveils Multi-Trillion-Dollar Opportunities	The global alternative energy market is experiencing significant transformation, driven by technological advancements and cost reductions that are shifting the focus away from fossil fuels toward renewables. Solar and wind energy are projected to dramatically increase their share of global energy by 2045, while energy storage solutions and advanced nuclear technologies are also gaining importance. As Asia-Pacific continues to lead in manufacturing, North America pioneers innovation, and...	https://finance.yahoo.com/news/week-energy-transition-global-energy-113746915.html?.tsrc=rss
2026-02-17	Google	0.0	What's Going On With Chevron Stock Tuesday? - Chevron (NYSE:CVX) - Benzinga		https://news.google.com/rss/articles/CBMitgFBVV95cUxQOVB5b185SUpFUGNzZ3d3YXV3Nlo1YnViWXA0MlBNODlseE41bi1LLVZDNzJWX1dpT2UtM0ctcXZtcy0tcEFRSjNvMUc5ck5aMDlta29wbjF2X0JvaWpKdUNhcWZZR3AzQXZHRjFFNzRlZFNQNEpzVkt0OUFzTnR0TERiTHM5aE1WNkY1eVVEbkw5d0RlaVFrOGFmUkxPcFhCbVFVVzZXZEJCZzZ5S0VfQjN6SUE2dw?oc=5
2026-02-17	Google	0.0	Why Energy Stocks Are Rallying While Oil Prices Stall - Benzinga		https://news.google.com/rss/articles/CBMiowFBVV95cUxPeURLSHk5cFlMclVuTUh0Q3VreUpOc0VQM3I4S25aWFJva2t0UndxTm1WZDh6dHJWeVEtVHZ2UXJVajVfcE03RDlVcXdqYk9rQkhyYkZXNXZrUVRwNXNpQzFRU29jdkxLZWxUWm1OTTA0cm51Q1lIc19tMTBQbFpETE9jQjU4SW04QkZpRTF5aVQxSkZiVVRtMkNLUUh1d3RfWWQ4?oc=5
2026-02-17	Yahoo	0.0	Will Chevron’s (CVX) Ultra-Deepwater Greece Push Reshape Its Long-Term Upstream Optionality Narrative?	HELLENiQ ENERGY, together with Chevron, has signed lease agreements with the Greek state to explore four ultra-deepwater offshore blocks south of Crete and the Peloponnese, with Chevron holding a 70% operating stake and HELLENiQ ENERGY 30%, pending ratification by the Greek Parliament. This move extends Chevron’s upstream footprint in the Eastern Mediterranean, adding large frontier acreage to its portfolio at a time when energy security and supply diversification remain central policy...	https://finance.yahoo.com/news/chevron-cvx-ultra-deepwater-greece-121106190.html?.tsrc=rss
2026-02-16	Google	0.2	Energy Stocks Are Printing Cash — So Why Are They Still Cheap? - Benzinga		https://news.google.com/rss/articles/CBMiwgFBVV95cUxOcjQzMHYxUXlCZ1FCQUkxRU9YelA4ak9BVEhCaU1Gc1hkR3JjSmZ0Sl9vQVc3ZE8xcXUtTDhsRE0tTTY5Z3N0ZXNTNVlSWm05MVZuMlBKOGFTY2pzUWp2Z1YxdW90ZGlIX2l1SXdWRVZaX2NmME1CWnctZ1IyVGpOQWZKZDk0Uk4tV3lmX19odUFHUjBkd0JmcFJINUE1aTRFS1hVNE02dEhTSWVCa1FielBaODFxZTFuSnBoaHk1eHQ5Zw?oc=5
2026-02-16	Yahoo	0.062	Chevron-Led Joint Venture Signs Major Gas Exploration Deal Offshore Greece	A Chevron-led consortium, including Helleniq Energy, signed lease agreements with Greece for oil and gas exploration in four offshore blocks as the country aims to become a major gas supplier in the Mediterranean.	https://finance.yahoo.com/news/chevron-led-joint-venture-signs-153000802.html?.tsrc=rss
2026-02-16	Yahoo	0.0	California gas prices surge 40 cents in just 2 weeks as impact of refinery closures weighs	Refinery closures including Valero's Benicia facility leave California with six operating refineries, driving gas prices to the highest in nation at $4.58 per gallon.	https://www.foxbusiness.com/economy/california-gas-prices-surge-40-cents-just-2-weeks-impact-refinery-closures-weighs?.tsrc=rss
2026-02-16	Google	0.0	Chevron (CVX) Partners with HELLENiQ ENERGY for Greek Offshore E - GuruFocus		https://news.google.com/rss/articles/CBMisAFBVV95cUxOYjdiX2tNOUtYUEdaWWcwZnFUd04yWTY1QmhKZjN1ajJHdE15UlNxalVsck8tTFpERk1Hc2QzM0Q2UlE5LVh2RlBUV3JnSDBYS2dSNVczTmM3bDRhbGRMVUZVaUNZT2RsSXMxWV9waEl0ZkdMd3FYbW4xSXpqeWVVME80REd0dnluZE43S2dpWVNXZDA4VmRlbzUyUkRMVzZXeFJlUEVaUGNFcXB5TThIRg?oc=5
2026-02-16	Yahoo	0.0	Chevron Awarded Four Offshore Leases for Greece Exploration Blocks	HOUSTON, February 16, 2026--Chevron Corporation (NYSE: CVX), via its four Dutch subsidiaries, together with HELLENiQ ENERGY has today signed Lease Agreements with the Hellenic Republic which will enable exploration of four blocks offshore Greece.	https://finance.yahoo.com/news/chevron-awarded-four-offshore-leases-120500170.html?.tsrc=rss
2026-02-16	Google	0.0	Chevron Corporation $CVX Shares Bought by Vanguard Group Inc. - MarketBeat		https://news.google.com/rss/articles/CBMivAFBVV95cUxNdm9WNUpFZEZPdTFhei1NZnRFQmZCWUhBNFlKbG9faVJpNFFhODd1eThpWlFJQ25meEg3RFFJQU9SYnFDc0NfUHphQ1M2Ui1fY3FDUE5laEE4b0RJNlFHUldLbG00c2k2Vm10Wm85VUZ6WUlKQTFwdlhaOWhZMWJ6a1ZELVV4NlFSdmd2a1YxQVBCRVV6cjZyV3pjTEpfd2dIZ1o1N1JpdmFQME9kOHFzaEVVY2FqclFla05nSw?oc=5
2026-02-16	Google	0.0	Chevron Corporation $CVX Shares Purchased by Fifth Third Bancorp - MarketBeat		https://news.google.com/rss/articles/CBMiwgFBVV95cUxNY3Fxa3VUbzU5d2ZlWTBuNVVhNUJESGtsaC1OQjhHV1NnaU1KU2ZGOFlvZzhiS2dGalFrT2ljcXBGRVVrZEh2eWNYN0tKTzNZZzBJNS03Zkd5U3JZQVR4ck9hLUhhckQ3ZWZWOEZnSndZMndQQXBLdXdrWUl2NDV6QThYekl1YUdpQUs1cnR2dzhrbmZzbURLejZBTGloMFdNajBJRjFZbVhRaG5KUkVSYjRBOVQ5OVk4SEZ6Z2xTenhnQQ?oc=5
2026-02-16	Google	0.0	Chevron steps up Mediterranean search with four offshore Greece blocks - Stock Titan		https://news.google.com/rss/articles/CBMiswFBVV95cUxOX1lONFg3d0J3cEhyNjVtQ0k0S1I2WWFzcWN4QnlwZElvakNjRzNYRGNXc3lMUnRMUjJqVGtWd2VMemdCVDRFN25VWHIyTUFpU3RCMHJmYm1oeGpONHB3Wkw0RERQT1BiQXZJb2doTUFtend2ZXZWRDJEcHppZkUzOEdHeTRwWDR6ZksxYTdPOVRPaUstWlJvaGhpNnU1VG8zcVZDSWJfRnhrdVJoMGM4dVRnYw?oc=5
2026-02-16	Yahoo	0.0	Chevron’s Greece Ultra Deepwater Push Tests Valuation And Growth Story	Chevron has signed lease agreements with the Hellenic Republic to explore four ultra deepwater offshore blocks in Greece through a consortium with HELLENiQ ENERGY. The new Greek acreage sits in a complex and underexplored basin that is viewed as having significant hydrocarbon potential. Chevron is also expanding its upstream footprint with recently announced acreage wins in Libya and other regional ventures. For investors tracking NYSE:CVX, these moves come as the stock trades at $183.74,...	https://finance.yahoo.com/news/chevron-greece-ultra-deepwater-push-231207850.html?.tsrc=rss
2026-02-16	Yahoo	0.0	HELLENiQ ENERGY and Chevron Sign Offshore Concession Agreements for Hydrocarbon Exploration and Production with the Hellenic Republic	ATHENS, Greece, February 16, 2026--HELLENiQ ENERGY, in collaboration with Chevron, signed today the Lease Agreements with the Hellenic Republic for the exploration of four offshore blocks located south of Crete and the Peloponnese, marking a significant milestone for Greece’s upstream development.	https://finance.yahoo.com/news/helleniq-energy-chevron-sign-offshore-180700749.html?.tsrc=rss
2026-02-16	Google	0.0	Northwestern Mutual Investment Management Company LLC Increases Stake in Chevron Corporation $CVX - MarketBeat		https://news.google.com/rss/articles/CBMi7gFBVV95cUxNTzRLd1d0RnAtcXotLVJJd2xOQzFDcWlIcFpKZjhoakJIQkRtNlR0WUdRTHJvSjlTSzFtMDVsanBmQjN1OElXVXhmdmhzUVlhVFdhSm1vOGExZzBSWW5sRUJCZjRBYnlDOG54bTVjRnhweDJuTFZLR0ZvZWlxNjRqd0FZb0pJdldlTVp1Y3Z2Y0lZaTh2Z2pPd2h5LUNaTkpIN3RMUFpTOXl1YnBjWUtuUDZaSTlFQ0RiV2g4Nm9rTjhRV3p6VW90aTZkT0FxTDlYTmdyV0JTeXc3TXpVdlgyRzVMTVlDMGZqbzJvbmNn?oc=5
2026-02-16	Yahoo	0.0	US grants two licences to global companies in Venezuela oil sector	The OFAC issued general licences to Chevron, bp, Eni, Shell and Repsol for operating oil and gas projects in Venezuela.	https://www.offshore-technology.com/news/us-grants-two-licences-venezuela-oil-sector/?.tsrc=rss
2026-02-16	Google	0.0	Zions Bancorporation National Association UT Has $9.18 Million Stock Holdings in Chevron Corporation $CVX - MarketBeat		https://news.google.com/rss/articles/CBMi9gFBVV95cUxOMlZCYVQ0OV9tU2JjNm1HRmZNSVhxUkF6N1Bwc2o3MGNHM3dRLTVHMFc1SVNHbXVkbXZhQjdMM1hRUU83TW5Mb19kVzRIcTNXeUd2a2hHaHJ4OXVvaG50TlZnd1NhN3NGSGdJYW1TQWFwWmVDSFhUNUpkazFWb1V2UzFJNlBJU3plNEE5YmtaRGVVQXBaYUZqUmlPUmRDZzhzX0dSVEptMl9WSnNIejdOSVpEWUcwQ0xPNHdXeHY1bWoydHBlNG5kRTJiOFU1SjdHZ0VqaV9hVmc0YjdOQ1MzazVRemI1RkJYcHhYdERVTDlDdUdSS3c?oc=5
2026-02-16	Yahoo	-0.7	XLE Surged 21.6% This Year as Oil Majors Navigate $64 Crude Reality	The Energy Select Sector SPDR Fund (NYSEARCA:XLE) has surged 21.6% year to date as markets pivot from energy transition rhetoric toward energy security concerns. This performance reflects investor confidence that the fund’s $33 billion portfolio of oil majors can navigate volatile crude prices and deliver returns even when commodity markets remain unpredictable. The Oil Price ... XLE Surged 21.6% This Year as Oil Majors Navigate $64 Crude Reality	https://247wallst.com/investing/2026/02/16/xle-surged-21-6-this-year-as-oil-majors-navigate-64-crude-reality/?.tsrc=rss
2026-02-15	Google	0.167	Chevron stock price: CVX closes higher on $270 million Hong Kong deal as traders eye Tuesday restart - TechStock²		https://news.google.com/rss/articles/CBMiuwFBVV95cUxNbjhPUXdPaTFLQlFYOEFSelg3aVJhNTAyV1FLVExLeE0wUkxwSTUxaGM1OWJRa2JiLW5BZHR5d3pQNEJsbWk4Wi0yVmxySnoyaUxOM2FES2FLYS1BNURUcG9LSHMxRTMtQ01YRzlsd1llaTJUWWZTQ2hzOTE4TjhITDlhNXpWUG1vLUJ0MmRqZG5sOUJpQ3FWR2dQWmdRR3VsMllkV1Axc0lrakJiUF8wblI4eEpsb2UxU19Z?oc=5
2026-02-15	Google	0.0	Aberdeen Group plc Reduces Holdings in Chevron Corporation $CVX - MarketBeat		https://news.google.com/rss/articles/CBMiwAFBVV95cUxPOTBBVmtDLWZPUFlQNzVtLXJ4TUpWUHFlMzZKZU1IOGYtZEktbTZYQmgzT1JqUjZ2czdCZG40ZTZscFZaUWVuVHVaX01xbVI0WGo4OTd4VU5lM3ZWQ3pfaGNRZUd5emZPR25wcDNVNlZuTzhFdUpJY0Z0UmN6aFUxQW5LbXNCM05lVGVvU0dCVThEM3k3aGNDd21lclNnaThSNnZ5aTdwbzlUUUhXX0F0aERMeDQ2MUtBc3F4dWJ2d0Y?oc=5
2026-02-15	Google	0.0	Assetmark Inc. Boosts Holdings in Chevron Corporation $CVX - MarketBeat		https://news.google.com/rss/articles/CBMiuAFBVV95cUxNb0EtM004b0lmdy1qOTlydXRFTHdhWEtfVHRZcU9KUGtyMUtWbGoxZUlXdFVZV0FLZ3ctcFc3ejl4LUk3SGhmOTV6NlkxMWY1WHY2Z2huV2ZMZ1l4YTlVNkptUEVvN09aZVJHeU03a3Z2VnRjSk51cnY4RDR5ZVRQbWdyX0dZaDZCZ0hmeXZBTGplUTVWN1E4WGFGQ0FSd2VUOFN3RWxPM0daYkNZNlVjMzZlUE1MRkVt?oc=5
2026-02-15	Google	0.0	Calton & Associates Inc. Sells 5,609 Shares of Chevron Corporation $CVX - MarketBeat		https://news.google.com/rss/articles/CBMixgFBVV95cUxPVWItTkpvVHNPQmM1QkllVjZtLVNQclBCQ2lsSTRScUI0LTFQZlJ3Vkhlcm8tMTN1MnpRUlVGcXpLOF9YQ2NNWFdxd29faFVmYnJ5NklwSWFSU0M1TzRBckFHc05JNzBabnc2a3dET1hGb1pGekRBUXpYQ20yRGt5M05rdDNQYmczSTlmbkp4WEpURWtTTVhfS2J2TGVZRDNDZHZDVG5EYUVNamxZb3JUeTRwLThYOTR5Y1A2LWpRQnQ2b2dpTVE?oc=5
2026-02-15	Google	0.0	Chevron Corporation $CVX Shares Acquired by Berkshire Asset Management LLC PA - MarketBeat		https://news.google.com/rss/articles/CBMi0wFBVV95cUxNY0EtS2VEMjdqWDhLSnFnOVhrWV9tRHRVX3c2TFdVNzRxLTVCOWR0T3RGVkt4Wld5T0IwTTZxVmlPNk9fdl94eC1pc3dSdVdWUFJjQmk0aE1mdml4WjdBQ29zNnVtN1NZN25mOFlUNVRwY1ZrbEl2TXYwbzlSZlRoel9HLWtNOTVzNEJIZXdXcVdQUXBxZ3NkeHlDQ3ktakJsbkdzY1k3VzRNcnhER2U3b3ctdFV2SndzV0ZhNGpZd3BqNElxbExnazVYLXoxMHNMdXRv?oc=5
2026-02-15	Google	0.0	Chevron Corporation $CVX Shares Purchased by PNC Financial Services Group Inc. - MarketBeat		https://news.google.com/rss/articles/CBMi0wFBVV95cUxQODBwZ3VsNkNtOFBna09lZ0JtbUVfU28yR3VvWmxkOV9LS0xmME1URU9YZk0xdTlLX2I2bmI4UGhWdHBfMEJ1Q2ZTMy1zNjAxNkJxMUdNQjZKb18xelRSakljYzhQVlVEenBtQzlOcVhmOW1ZRUtEY1IzcnBJeGxPaFlua1V3MC1kS19nWUFyemdfeHFpUmRNODF6cHlSRDNvV1pEU21OcTJnUHRmUEZ3Sjc4UDlUQWZwZkZQcGdsa0RYYTc5NndYUzBqaFJvbzFEdEpj?oc=5
2026-02-15	Google	0.0	Chevron Corporation $CVX Shares Sold by HighTower Advisors LLC - MarketBeat		https://news.google.com/rss/articles/CBMivwFBVV95cUxOYV81aloxWHllbGpSMk5pV19uaWFXb1RuUVhmTEtvRmpIaVBtTFFuQS1zMERPU0RteHdKMGFCTWphNDJFSHZwcHJNYzZOVFF0b3JlcGNKeVFoaXd0bG93dlhQWGViWEhHNkF5UTVtZzJBbmNCS3pDdUpDY2tqWlFVYi1LTFZDa3U5STEzcXJCSGhpdXJ1MzBMYm1hcTZTWFNTaS03UTJ2VFZKTHc5VGZ6OHIwTUo0aGNEbDhhdjhTTQ?oc=5
2026-02-15	Yahoo	0.0	Chevron's (NYSE:CVX) Shareholders Will Receive A Bigger Dividend Than Last Year	Chevron Corporation ( NYSE:CVX ) has announced that it will be increasing its dividend from last year's comparable...	https://finance.yahoo.com/news/chevrons-nyse-cvx-shareholders-receive-130733448.html?.tsrc=rss
2026-02-15	Google	0.0	LSV Asset Management Sells 73,365 Shares of Chevron Corporation $CVX - MarketBeat		https://news.google.com/rss/articles/CBMixgFBVV95cUxQNFRiRG9iclRKYXBqMGZYakpuRUpXSlBLeGxlcXR4S3dySVhXeU1CWG5TOExLTmRHUGpMbTl4Q0ptV2dkLUZrbU9PYkRGeFNORFBoVHlDUWIyNHUzMDN0bTB1YVVUTy1wek5PNGNyd0tzUGZBQk0yNzdnejBRRXZ3UGdNQkVhOHMtbnFVWWZvOTQxaDJPbUZqcFIzZmFNVzlVU3JHNHVZQUw4YVZoZnZaaHBfS1R6SVZkZmpTTGRqUWlaaW1hUHc?oc=5
2026-02-15	Google	-0.082	Chevron Corporation $CVX Stake Raised by State of New Jersey Common Pension Fund D - MarketBeat		https://news.google.com/rss/articles/CBMi2gFBVV95cUxQMW1FdVVGa1NXaEJkWUlkZ1Z2aDN1UlRQa2tLZVN5eGV2SGFCNmk3SDVYOUxSLWpvYmxMUHhhaHlOMEVUX0pVZGEyMXI4UjRESFo5a3dQU1dqYmczTTNuLV8wNTVJVGNOSjdGTTloQ1BkSl9uSTdtSGxjQmptTnNPYUJqMUd6cHlwcHYxaXNtX0M4YkQwRDdZNjVEWk1aSG80UUJMR0VTUG4xdnhacURiX3NVV3A0V1hLWVc3ZEVtRy1NeGttbE5ZVHk3ZkxweUpfdk1WdkR4SHR5UQ?oc=5
2026-02-14	Yahoo	0.0	Chevron Reenters Libya And Expands Venezuela Footprint As Valuation Question Persists	Chevron (NYSE:CVX) has reentered Libya for the first time in 15 years with new exploration licenses in the Sirte Basin. The company is expanding operations in Venezuela after U.S. sanctions were eased and broader operational rights were granted. These moves follow international policy changes that reopened access to two oil rich regions that were previously restricted for many global majors. For investors watching NYSE:CVX, these developments highlight how policy shifts can open new...	https://finance.yahoo.com/news/chevron-reenters-libya-expands-venezuela-081140496.html?.tsrc=rss
2026-02-14	Google	0.0	DDD Partners LLC Lowers Stake in Chevron Corporation $CVX - MarketBeat		https://news.google.com/rss/articles/CBMiuAFBVV95cUxOUHU3UGg3RlVJMzRiVWpIOWZvNE5LbWRVRjkwTUU2T2hTeU9oU2VNdFN0R0N5OElMQ3kyMFA0QkNURjJkeUZNcVNGRjdoSzFxaU9ndW9pZnVsRThNcE85bTRLX1NqUmlJVVpKUk83MGIyOXBlT2VhUUpJaVNJUFNPUlVMTzVBaFY4bjdSTXlLUDNBTG9CLXI5SUhQMEkya0w0NnYtVUU4UU9MWEljZllsT2tWQ2FOU3Bm?oc=5
2026-02-13	Yahoo	0.5	Trump Greenlights More Oil-and-Gas Investments in Venezuela	The Treasury Department issued licenses Friday for oil companies including Chevron and certain European rivals to operate in the country.	https://finance.yahoo.com/m/f9e5cbd5-6d23-3e92-9325-64ddcc5e7fa5/trump-greenlights-more.html?.tsrc=rss
2026-02-13	Google	0.16	Chevron Sees Unusually High Options Volume (NYSE:CVX) - MarketBeat		https://news.google.com/rss/articles/CBMipwFBVV95cUxQb3VWdGQ1TGxEYWNjdlZFR3lYMjJBV01MbmREakxpbTBZNFRnMzZ3U19qTDR5Szc1SmU2dWxUdlR1Zk9DUTN0U180ODRCeFN0ajRQU19Da0RxR19sWU1LaEd3MVhkcWRpMjNkWFNYamVSVi1mbi1NUWlWbUQzbFUwbGxOVGIycVpRZW9xYkF0cndWckIwZGZ3cEpsaVdjeHR4dzJpMV9VZw?oc=5
2026-02-13	Yahoo	0.099	US allows oil majors to resume Venezuela operations, broadly okays new energy investments	By Timothy Gardner WASHINGTON, Feb 13 (Reuters) - The U.S. eased sanctions on Venezuela's energy sector on Friday, issuing two general licenses that allow global energy companies to resume oil and gas	https://ca.finance.yahoo.com/news/us-allows-oil-majors-resume-151828938.html?.tsrc=rss
2026-02-13	Yahoo	0.0	CEOs are still buying into the business case for sustainability, despite Trump’s climate rollbacks	Also: All the news and watercooler chat from Fortune.	https://finance.yahoo.com/news/ceos-still-buying-business-case-101507730.html?.tsrc=rss
2026-02-13	Yahoo	0.0	Exclusive-Venezuela's PDVSA selling oil only to individually licensed companies, sources say	HOUSTON, Feb 13 (Reuters) - Venezuela's state-run oil company PDVSA has refused to sell oil to companies without individual U. licenses in the past two weeks, four sources from companies seeking to buy cargoes told Reuters, limiting exports and preventing the country from draining brimming storage tanks ‌faster.	https://finance.yahoo.com/news/exclusive-venezuelas-pdvsa-selling-oil-170637369.html?.tsrc=rss
2026-02-13	Google	0.0	Thomas Booth plans Rule 144 sale of Chevron (NYSE: CVX) shares - Stock Titan		https://news.google.com/rss/articles/CBMikgFBVV95cUxNMWNBZExJdkpSUFFrNTFMMXNtSnZlaEk1NEN6RndPT3IzX0NSUTFIaGQ1N0xkVGJVU3QtaG01dW1GMDYxUXh5UWt1Z1BTU0drVW4wNUcxYjJzTTFQemZvMXhKVkM5MC1GV3B5UkVkWEdwQktNTmZaNEI0U3hTejVMRmc0SnUyNGcxa05oLWxSWmp0Zw?oc=5
2026-02-13	Yahoo	-0.7	Exclusive-US refiner Valero to import up to 6.5 million barrels of Venezuelan crude in March, sources say	By Nicole Jao, Shariq Khan, Marianna Parraga and Arathy Somasekhar NEW YORK, Feb 13 (Reuters) - Valero Energy is set to buy up to 6.5 million barrels of Venezuelan crude in March bound for its Gulf	https://finance.yahoo.com/news/exclusive-us-refiner-valero-import-234051624.html?.tsrc=rss
2026-02-12	Yahoo	0.114	Chevron Wins Libya License as 20-Block Tender Draws Limited Bids	Libya awards five valid bids in first licensing round since 2007, targeting 2 million barrels per day by 2030.	https://finance.yahoo.com/news/chevron-wins-libya-license-20-192428993.html?.tsrc=rss
2026-02-12	Yahoo	0.0	Chevron's Permian Scale Drives Cash Flow and Efficiency Edge	CVX hits 1M boe/d in Permian, leveraging AI, vast mineral rights and scale to cut costs, boost returns and strengthen free cash flow discipline.	https://finance.yahoo.com/news/chevrons-permian-scale-drives-cash-174800273.html?.tsrc=rss
2026-02-12	Yahoo	0.0	US-led oil sales from Venezuela to bring in $5 billion in months, energy chief Wright tells NBC News	Feb 12 (Reuters) - Oil sales from Venezuela controlled by the U. have totaled over $1 billion so far and in the next few months will bring in another $5 billion, ‌U.	https://finance.yahoo.com/news/us-led-oil-sales-venezuela-215402892.html?.tsrc=rss
2026-02-12	Yahoo	-0.05	Chevron’s Libya And Syria Return Reshapes Long Term Upstream Risk Reward	Chevron (NYSE:CVX) has re-entered Libya with a new exploration license in the Sirte Basin after a 15 year absence. The company has also secured fresh exploration awards in Syria, supported by government backing. These moves expand Chevron's upstream presence into post conflict regions that were previously closed to many Western energy companies. Chevron's latest moves in Libya and Syria come as the stock trades at $185.82, with returns of 14.5% over the past 30 days and 19.2% year to date...	https://finance.yahoo.com/news/chevron-libya-syria-return-reshapes-221556336.html?.tsrc=rss
2026-02-12	Yahoo	-0.1	BKR Secures Gas Turbine Deal to Power U.S. Data Center Projects	Baker Hughes wins deal to supply 10 gas turbines for U.S. data centers, generating up to 250 MW in a long-term partnership with Twenty20 Energy.	https://finance.yahoo.com/news/bkr-secures-gas-turbine-deal-172500642.html?.tsrc=rss
2026-02-11	Google	0.091	Chevron’s new Libya block extends its North Africa exploration push - Stock Titan		https://news.google.com/rss/articles/CBMitAFBVV95cUxONnBQcG9XRFYyZHVHZVVpbzh6RmE4X0U0MV9waFh1RjFweGRIV3NZNWV2VERwN1VnVjNhOXBTOEZNLVNMT0xCRUF4M3NlcnNZclRham1JQVBoNW8yQUVzUkRfdExJMngzd1V5SjZtNXlvck1qcWoybEVuSHdsT3hDUGZ6NE5falUxRVpYX2RkVVVmVUlTZ1k3aWoySXktZnpPVHdITjZfaFV0clBJUjUybmFQdEc?oc=5
2026-02-10	Google	0.0	Chevron | CVX Stock Price, Company Overview & News - Forbes		https://news.google.com/rss/articles/CBMiU0FVX3lxTE9VRUNjVmdtU3VJcEZId1lzb2ZHcVdzVDYyVlNKT2dNUmZiZjhCeUFJZUthYW1qc2hzbnJwVWk1OFJNRkFzR1JCb245UnpjODJibWh3?oc=5
2026-02-08	Google	0.114	HSBC Downgrades Chevron (CVX), JPMorgan Stays Positive - Yahoo Finance		https://news.google.com/rss/articles/CBMiigFBVV95cUxOWU0wc3FpRVlLa1J0UHpjeFJ3TlZtZkJudklpX1ZfVzBvbDNHQUw5cjNrOWVTelpNa01OekVJX3NQTUQyOW1SVk1VSEkzUUhZemVJZFlyUVdBbVM5eWR5SGpSTHFmMWExVkRadGNNMXVUa29GVnBVSDFscU9KeV9mZkh2TzJHanJ0T2c?oc=5
2026-02-07	Google	0.167	Chevron Corporation (CVX) Gets Higher Target at Argus Research as Shareholder Returns Stand Out - Yahoo Finance		https://news.google.com/rss/articles/CBMiiAFBVV95cUxQTGdLZ2loVjRjS21ieTdkVFJ0eXNGVFhzMVByU0RJa1ZQcGtlV3VxZXg4Y2djUjl4NU5vQUtJcjB4ZW1BQ1E3QmlaMzlxUnZQY29DZ2dWT1ZpZjZ2YkFlVTRZVWo5czI4TldTT0FCLVBUMUI1WThnVHVvbUJwb2hDVnpXZWo2VnFn?oc=5
2026-02-06	Google	0.0	Chevron (NYSE:CVX) Has Announced That It Will Be Increasing Its Dividend To $1.78 - simplywall.st		https://news.google.com/rss/articles/CBMiwAFBVV95cUxNeVBNZHlxS3duTWhsU3dQT0ZKcnBRMEhmSl9TeXdGbzZmMGZxMVVBQmZORkNXWFVqUjNKTlhacGNzeEVEWlVYMldBMkVHcWFDTHl0Zk1rZmNLckcycFhXSFU2aDNkY19BRGpJLXduRlFNekRXbnRtc3RsekRRcXhWaEtlLW5vZWlBMzFFRlczQjQybXhXQXVIcjUzai1ySGR4b2xXeGxGeXpma0lEYWwyMVA1Q0F6U3k2ZDJVU014T0w?oc=5
2026-02-06	Google	0.0	How Recent Analyst Shifts Are Rewriting The Story For Chevron (CVX) - Yahoo Finance		https://news.google.com/rss/articles/CBMiiwFBVV95cUxNeGllZkZ6WXMxNUh4cGRBTmVGTVd5aFhCUmVVZmtzOW5PN1oxRWxMX2VKU2sySDhTa1ljLTk5LVY2eDgtUmtUblBJMFVNTnVJYzJsQVgzWXJoRmFfUEcxT2xWVVJuTVQzNGdMTUhsNF84RWNsem1vUjhhbGRsVnhBTENnZnZVTTBfS3VF?oc=5
2026-02-05	Google	0.2	Chevron shakes up top ranks as three veteran leaders retire - Stock Titan		https://news.google.com/rss/articles/CBMikwFBVV95cUxQMm02YTJGNHRBM3ZERTZsWVhSb0ZSazhKbDZaQTdsUk14cUM4M2NqTDRQOUtHUHNYT1M0SGMyRlpTaE5VdHpUN000YmViTlV5RE5hSEs5U3U4N2hmMlRUQXE1TXJSUDNvRG45dmpoWnljTGNiN3ZEdjZpOVdzTE9MaDBidnJ5N25FV0xMYXBzSVVLQUE?oc=5
2026-02-05	Google	0.0	Chevron (CVX) Valuation Check After Recent Share Price Momentum - Yahoo Finance		https://news.google.com/rss/articles/CBMihwFBVV95cUxPTHJOX0hpNmNoWXk3MkVySEhQVUFRbVNmMndWblIxYnRBNktIMlAzUzBGNlgtbVZsNl9TbFBiTE5UUHEtWi1sdlNmdDdnWjRLTS02V3VmRWJQdU1Ua2FualVrRWE0eElzaGtoRU5PSFBCaG5ZM3ZnSzFlcmhtUkpwdDZSWHduQXM?oc=5
2026-02-04	Google	0.533	Is Chevron (CVX) Still Attractive After A 22% One-Year Share Price Gain? - Yahoo Finance		https://news.google.com/rss/articles/CBMigwFBVV95cUxPYTA1WFA0QkxuNDVGR0NWMWhRd1U5V0w1aTAxaW54QjNkNUpjYjVzMFR0cF9vUnNUd2I0RFNZTi1Bcnp3SFprODBuelpDRkNRcWJFTHoxN3NKZEdxVzdpdWpXMjlEbzRxNUpIOWxEdDQ0bngtQ0lTVC1STnI5aUtlOTNWSQ?oc=5
2026-02-04	Google	0.354	2 No-Brainer Dividend Stocks to Buy Right Now - The Motley Fool		https://news.google.com/rss/articles/CBMijAFBVV95cUxPdXE2MDBld1NOQ3VnbWFPUUJISllMa3dMTk1lVk1jcWl3VHdnU0xFR0FvdjVwSGJuX2RoRXNXdk0xcjN0ZUJGTmNTRFVzbG9HQVJrS3VVUDJFcVJGWDhncnpLN1MzbFpFTUNNb0hzUDFOY25aMjRkcXp6YVJKQkpINE8yZGIybmUweU0yMw?oc=5
2026-02-04	Google	0.333	Chevron: Why More Upside Looms In 2026 (NYSE:CVX) - Seeking Alpha		https://news.google.com/rss/articles/CBMihAFBVV95cUxOQUgzeGhuRWFIdHdtZ2c5WXlGRzhwWWg2aVJENDRDZ01ONThvQmZ4a2dpUDdxdDlWSFQzTnNSWFVnNERuTVVacnB5NXUydzNyVHZubWFoZmtaUWdfam9ROGIzdXI4SmZyekJHTnFMb19zTERKYjNNcWJLdFdYUWlfeURwNGk?oc=5
2026-02-04	Google	0.0	Chevron signs offshore oil and gas deal with Syria (CVX:NYSE) - Seeking Alpha		https://news.google.com/rss/articles/CBMikgFBVV95cUxNS09LcEl3aWZMejZwOHk3R3F3azQ1VllmSUlsWDVMSzNwMS1URnMyU0NDU2lPODRrNkZMRDBhdDdaOW1zZTBvTFVLYi1WRFlhb21GOXFjSWFFNGhYcnhtaXdPYWxMM1dsTVpmN3d1NHBPdDQwQ29DSEtLR2RseHJLVzR4M0tFMDVQOXJlSVVuMko4QQ?oc=5
2026-02-04	Google	0.0	Final Trade: LVS, CVX, SMH, HAL - CNBC		https://news.google.com/rss/articles/CBMiekFVX3lxTE9KcjZKNDdMUUpiVldaTjF1WUc3TFdNcDg0d01vZUdiQ2lmRG5aM1JmQ19ROHFUaEI5YzBMcmprbDlCWlp5eDNnaW8tcURXWjNzd3VsemlBel8tU3lxbnRsemN1X1VYTTA5MmJQTTRiU0dmeE9aTTRjU2x3?oc=5
2026-02-04	Google	0.0	Insider Sale: Vice Chairman of $CVX Sells 27,700 Shares - Quiver Quantitative		https://news.google.com/rss/articles/CBMimgFBVV95cUxQWF9BQ1JScWoyX083TzNNWDB4dEwzb1kzaEdNREV6NlRVSTdoa1ZCeGNaOGgyazZwOEt1bkNlV0JKVEtTbjd0S25CTmNIR0tiRDBEaFgyaE4wR3c4bzZoVlZGR2pOMzd6QTN5UlBRM3ptSWRkTlpIb3h2WmlHVnpFU3BHeXlyck5SWjBzUGZCek8wY1o1TlQ0UUd3?oc=5
2026-02-04	Google	-0.133	Investors Heavily Search Chevron Corporation (CVX): Here is What You Need to Know - Yahoo Finance		https://news.google.com/rss/articles/CBMilAFBVV95cUxNcWFOeWlvTWhYOEp6S3dKcXRYcERYYWlXUC1EOTk3LWRud1RULTBPRGtyazFUcUR4TFNuWEdMVlF4ejFIU1VFQnRmeVFETHhTbmtHVHl4MWt5a0Vwc184d1pCOUdhMFk2dmdnLXFERmpjd1FRak1pU1BSOFJfYkpLUmJRbHY4ZzlvRm8xbHltS0txaXdH?oc=5
2026-02-03	Google	0.0	Chevron Corporation (CVX) Reports Fiscal Q4 2025 Earnings - Yahoo Finance		https://news.google.com/rss/articles/CBMijAFBVV95cUxPZklwMFdWeVVzWEc4ZXRrbG14TnRQR1VnT2FvNEw3RnRYclVaMWJyNC1XMEtxQ0xFenBvVmNtSDByNC1QN2NhTEdJNlVfNjJwekxRVHZyT01fWXBET0tqSkR1YzI1WkpUM0lvNU85T19MU2RlTW43d2FzRVFROExtZ0R3WTlnWXBIOERldQ?oc=5
2026-02-02	Google	0.0	Chevron Corporation (CVX): A Bull Case Theory - Yahoo Finance		https://news.google.com/rss/articles/CBMihgFBVV95cUxQQm1XMEJMTTBXOVQ4Snk2eDBpRkR6dkFCZ0dMQmQ5cTNIQmJCSTB5bmpLNXlxWE5nZmNyUllMTmkyVGJsZFlmTzFmdFZTLUpjZDd0UmMxY2RGb2xXTVYzdnAwWU1oOC1rSXhHbmNKN0JsdGw3RFZjaDgwMW1XNVlpVDI0SXFwUQ?oc=5
2026-02-02	Google	0.0	Does Chevron’s Dividend Hike And Venezuelan Push Reshape The Bull Case For CVX? - Yahoo Finance		https://news.google.com/rss/articles/CBMiiwFBVV95cUxPZXd4eno5X1A3SWo2NUlIRDRidnFSRzg5ZTlRNGZGSjNXVkItUzNsdWdobkg5OXpUYUMxY1RVUG1ieGJ6WHEyREExeHp5VDg3cnV5TkotMVBWemRneFBscUtpUUJiMXRTVFVvd1lIek5tZ05PaWxlVG12dmJGeXE3cTVLZTd5ZXF6M0Jz?oc=5
2026-02-01	Google	0.168	Chevron Earnings Hint at New Highs—Is CVX Ready to Run? - Yahoo Finance		https://news.google.com/rss/articles/CBMigwFBVV95cUxPcnJIeG1EbjBpOHdJSUFCeUVsQlpwSjBOV29GQkZBTzVsZVhJMVdaeFFJN1VMVlhadkVxNGJ5M1RlbnQzOWNiRFViZmRKc0d6RVZhRDg4SVpSUUhUYzF2MWtoYlhqLXY5R1J6WE5MX3JQdGZ6Y2x0aVR1YkZTRGJFOXAySQ?oc=5
2026-02-01	Google	0.135	Chevron Earnings Hint at New Highs—Is CVX Ready to Run? - MarketBeat		https://news.google.com/rss/articles/CBMilgFBVV95cUxOZW9jeWNCZWVUd2RJX1RYb1RxaXNJMm9qbGZvZi03NnJCcWUzVGVWRmRVck9URlB4alZ4dGtMQVJDbmFmMkZmWU83VjNleGlmb2hRb2JwNXA2V20tLU1peW80MUUxV0F1d3RRX1lLN2ZTd2sxMm5aSDdyb0Z6VktkeGVzb3NHSHh2MnR1RGpaYUNEM1RPbFE?oc=5
2026-02-01	Google	-0.133	Chevron Hikes Its Dividend - But It's Less Than Expected - Is CVX Stock Fully Valued? - Barchart.com		https://news.google.com/rss/articles/CBMiwwFBVV95cUxQRGdmTjg4WnlBUC1BbWU5el93bDZNX2lwRVlUMmhNajNqXzVGWDdhTDZlSERSa2w5S05NVEJESjZBX0stMjlCajcwblREeXRjQjFWX2VmNXVZOTJiam9KTGZrUWNxakNGWERSNzU3QVBfeFhWU3RSMzg2Rk1BanpLSE5FTWR5Y1hScUtiNUlfdy1ZdDd2Q2ZNcjk5bkJrRnI0MktlNzEwMUdNeGNWZEprcTlDdUUyOGNnNlhKcU0xMkZKdkE?oc=5
2026-02-01	Google	-0.133	Chevron Hikes Its Dividend - But It's Less Than Expected - Is CVX Stock Fully Valued? - Yahoo Finance		https://news.google.com/rss/articles/CBMiigFBVV95cUxNVmhsdzNiSGliN1FfQWlHS3lucEVjQVViYW1FNU9kamZlVXlYY0VOQWh2Uk1JVm93NkdyNzZDM3MyenRRNXlWUkpFZDBzTnIzb1NzRThoOWRlaExvNkxnbmV1c3Ryd2hTeFZkZ0VHMWNINVJrWE9ucERUQ1hNcHA1LVkwX1RHVlU2aGc?oc=5
2026-01-30	Google	0.0	BofA Raises Chevron (CVX) Target as Geopolitical Shifts Lift Energy Outlook - Yahoo Finance		https://news.google.com/rss/articles/CBMiggFBVV95cUxQUWcxYW5FMEdxU3BuWmNLRHgxcDY0VDFXZ0NoNVJlSWhHODFWMHRrQUtJbDNtRXFZbVlnZ2R0T3kwaTlzRU1GUmtBQ1RBaFUyMFdyT0tPdjhMZmFBUFJIYmlCMnBIX2tHVkx3NUtFa3J5SERydkJvMmFPRTk5Tm4wZHVR?oc=5
2026-01-30	Google	0.0	Chevron (CVX) Beats Q4 Earnings Estimates - Nasdaq		https://news.google.com/rss/articles/CBMie0FVX3lxTE9HZVJuN2ZhNWFYOW5zYnk5blE5SXcxSENUbEppR3RzdG9UTExpZ2hXNE9YRWxleWF4eWxxVmhUTnEtWlNEQ25YV1ZJcFBKTmRGeXVid1VHdTY3NFE5TmI0RTUxTHdTOHZ0SW9ZY2R2UkVzT21iVHFDUDM5aw?oc=5
2026-01-30	Google	0.0	Chevron controller Knowles sells $544,000 in CVX stock - Investing.com		https://news.google.com/rss/articles/CBMiuAFBVV95cUxNeGc0N1ZldGQ0UWF4eDJkdWVBdzBYdUtTdXpTYnBhWEVvVlJhS0MwdXA3aE5iU1g1UnZFMlhlNWNFWTZCandjby10aTR0bFBqcU1lY3Y1WWRLWFJoUWhiVl8tUklhTlpUeFA2cEEySTZSa3RteWM0RjFjRDlvSDU4djE3OUhTY05fczZYQVlUcHR3bEJJZkdXRGNsMTJxbkxkRU9NNjV4My1kc18xMTd5TGVRQm5zTTFD?oc=5
2026-01-30	Google	-0.067	Chevron earnings beat as production hits record with upside expected in Venezuela - CNBC		https://news.google.com/rss/articles/CBMidEFVX3lxTFBMdXBxTjBpYXpLSWVRS0FHWGg2bmo4LWxsVXpQT283VWp3OTFHQkUtbzk4cEJEclROcWxEdTBfcjRoTnhHSjAtcVR4NXMzVHNJYzdIVHFNQ2k5dURDalBQNFJndXJKSnBWV2FGR3ZvaEpvV2Nf0gF6QVVfeXFMTVlyOVkzckVVS3hrZlNFS2ZYNGxsWEFRYllSZGNFWUFqSENIMzlZcHczMGxPYXhEZU1JNXlkUzJMSlRGcGNtanhQb29fUjNDN3Bwb095a3NPOWEwTElqdzdvX1h4N0dCTldfWThfOGhnV2RiU0huVHVCQ3c?oc=5
2026-01-27	Google	0.0	Morgan Stanley Updates Chevron (CVX) Valuation on Lower Oil Price Assumptions - Yahoo Finance		https://news.google.com/rss/articles/CBMihwFBVV95cUxQa0pIa01TNXBFdVZSbXBZMG81bTJzNk5xeldnMDBwajVPUUZING5fTUFsSUJXOWVyT1dTZGVCSlRBd3hnSFlmc1h4SkVKMmR6TjBnVlBPVWQtVUhUdmJJdnRCUVB2WjQ2YkxmZ1J6UERnXzRLZnRrNjhXWmFsX3J1OFExdENaaG8?oc=5
2026-01-23	Google	-0.067	Earnings Preview: Chevron (CVX) Q4 Earnings Expected to Decline - Yahoo Finance		https://news.google.com/rss/articles/CBMigwFBVV95cUxNZlF2Q3JiN0dVOWtYSVg0X1Q1TlA3NnZaTnpyVXpVeDJPZ0VNU01MUUhvVFpCZFA4NTBYQk1ZUWFZWmlGM0RyTVIzOWNhRGF4V2stb0J4TmtmX3BxRGxmaGZtb3VOY2sweVpkNmt6V3lGaEQ1MGVUREdsbDZoSXQzOGNWSQ?oc=5
2026-01-21	Google	0.0	JPMorgan Resumes Coverage of Chevron (CVX) with ‘Overweight’ Rating - Yahoo Finance		https://news.google.com/rss/articles/CBMiiwFBVV95cUxNZy01S0s4NzNsVnFqNDRabEpORkw2VGtUTGZKNVhNNTM0UFQ1c0dUM05xcHBtSFYyeWlGbkxOZGc4LXhUMG5WenlWVW1iNmp1Mk15c0NkVzBIQnl5RDNuSVVRZUpmQV9oOUZoRTVLaVJ2d0RMNG9EbDJyemhNTERjU1hCeExGZmVES2xV?oc=5
2026-01-20	Google	-0.025	Is Chevron (CVX) Pricing Reflect Long Term Value After Recent Energy Sector Strength - Yahoo Finance		https://news.google.com/rss/articles/CBMihAFBVV95cUxOSTVQdHNpdTljaW9ybkotSXQyeWdWZ0dhczB5d1lDV0FaWkliSzE3QVBsVmJ1TUZKZ3d2T21jS1dtRzNrR1QwOGhVLU12ak9HUEFZbHNmc1dLTHFUTURPUng5alo1Ri1rRDh4YklIdm05SF9QbENpNDZDN3plTUZUMGdTeHM?oc=5
2026-01-19	Google	0.227	Analysts Stay Positive on Chevron (CVX) Despite Challenges - Yahoo Finance		https://news.google.com/rss/articles/CBMihwFBVV95cUxQMEtKYVkwNmhoTWtzcFkzQk8wTEVkaGswY1J5ZktveHM4dktOejViTU1uYklnZGxTbE9YeV90blloeXBkVzVxMHFZWE9EUFFGdFlYd1cwQkhuWnZoM1FQZHprTTNGS24xTmI5eUdWODhYbXh4TlB6TlpFT1R2YmJhZXpIam9QbzA?oc=5
2026-01-13	Google	0.0	Chevron (CVX) in Talks to Expand Oil License in Venezuela - Yahoo Finance		https://news.google.com/rss/articles/CBMif0FVX3lxTFBoNGh6SEV1NzRBMm1GWFZSTE9XME5zWWQ4THQwM243WTBhc09sN0w4azhMLWFWVW5qTEFWazh1QXlqcV83emhBeGdSZ050ZmI3cVkxbk1JN3d4bjlLOGo3YWVJT2dSSU1jSXVjbWJXTjlURzI4WGNac3ZNemxsQmc?oc=5
2026-01-12	Google	0.0	Chevron Corporation's (NYSE:CVX) Stock On An Uptrend: Could Fundamentals Be Driving The Momentum? - Yahoo Finance		https://news.google.com/rss/articles/CBMiiAFBVV95cUxPdERJZ01lWWpqczU4VXhvempsZDcxd1BPR2EwWHhZM2NDMkc2cVd3NnVUcm92Mm9yYlRoQzRHdHZGSUtieXFPaGF4VUFwLUl1dWoxbHZuTFRROG1iN3h3LXFzNVpsRnVzd3ZQOFYtRVBSeVF6Yk9ma2xLTUxLUVgycUsyd21ZTEVq?oc=5
2026-01-09	Google	0.0	Jim Cramer Discusses Chevron (CVX) & Venezuela Operation - Yahoo Finance		https://news.google.com/rss/articles/CBMihAFBVV95cUxPS3pxUFE4ME05eHFObC1ZZnM3ZXl5WXRlZ0NEZjc3SmhseEdEMXFRM3l2Wm1ucTE4bUtPVlplSDBVOXFEb3BjbVJuMl9XanE1bkl2VHhyckRsZndXVlpDZ2RVTE1mbW51aFRzbjhHSUNDU1oyQklTVjNjYXNBM2ZrcWdjVXQ?oc=5
2026-01-08	Google	0.333	The Top 3 Chevron Shareholders - Investopedia		https://news.google.com/rss/articles/CBMikgFBVV95cUxNZzRLdlNJdHFGLUg0bkc1WEhvcVBSa2REcnQtZGs0SW90VEg5dUVzRW1JTUpsa1hRUGNWc3BsQ0dBTUpEakFrb0llb2xibWZFalBHMUEwV2VRQ1FQRnVJWDR0b1dXNzR4Q3lVdE5ISkFCc194RzlFM25hSFl0S0t3czZKMlRBODZiT2Q0eGRHNEhIQQ?oc=5
2026-01-08	Google	0.0	Bernstein Raises Chevron (CVX) Target as Oil Outlook Balances Volatility and Strength - Yahoo Finance		https://news.google.com/rss/articles/CBMiiAFBVV95cUxOWkphZUtBQTNTajZyZ29nNWJweS03eFVnS2pOZHRxQ3NjMThLWlp2UnZHOUN3cEJoS3o0M01DWWI3OUx6YU1hVGdVUDJFRXEyWnBPbXB4aS0taEZSZDhGa0dPMzdQblZrR0xIU2RMZk5lX2FtNTVoWXVRcVFWUm9uZmxzZXZWWk5y?oc=5
2026-01-07	Google	0.0	Analyst Trims Chevron (CVX) Price Target to $179 - Yahoo Finance		https://news.google.com/rss/articles/CBMigwFBVV95cUxPbmQ4cEd5cHZNLVppOFB3ZWJIUzl4WjFFMFlidnhnZlZyRi13WG1GOU9qcXJyd0RXb0R1UmIzZFZYQWNnNmJSRkhQQkJLZmlyblhmSWNGV2tWbUNKd3FPTXRjaGE1U0dyWFRIS2tQYURBN25SNXptaXRkQllLeW9Da3plZw?oc=5
2026-01-06	Google	0.2	Chevron slides by most since April, reversing big Venezuela-fueled gain (CVX:NYSE) - Seeking Alpha		https://news.google.com/rss/articles/CBMirAFBVV95cUxOMEJlSUE4NU5FTnRIMVpyVTYtNHRvUUVJMy1HWnZVbExVWnFPWFJ1NWlKQ3BjWkZybmRJX0VET2tsdGFUeVU4ZFoyWU9UNEl4azcyM1g5dEl4M0ZZMVN0VTlzT0dHdkV0dXlHakpoN1p2SU9mSmZEQlJFZDdwMkttUEpMMVF4VmNlTWxUZlFtQVFlcmxxWXozWDd4OEN3eG51SHQ2dEJ3MnZueDVR?oc=5
2026-01-06	Google	0.175	Chevron Stock Just Broke Through Resistance Levels in an Epic Move Higher. Should You Buy CVX Now? - Yahoo Finance		https://news.google.com/rss/articles/CBMiiAFBVV95cUxNd0FKRU10UlpvamJDYmU5NkM1RjVyTEVQa2ZqaEloZ3EwM3VCUHliUGMxdWlrMnpiUGplOS1pTVFSM0pxX3Y2RUN5NjhkdjRvb0gtVExQX0ZxTnlpUm9SRjBJWEhvOVk0ckhGM3Q4MlpsOHBqS0lwLUcxc2gzRUMyd1luLVI5cVgt?oc=5
2026-01-06	Google	0.0	Chevron (CVX) Soars 5.1%: Is Further Upside Left in the Stock? - Yahoo Finance		https://news.google.com/rss/articles/CBMidkFVX3lxTFBUQnROV0tXUnczbUpyRjBFcnVJd202ckNwVjZaOFhUbG1zc0NUTVBoaUxnWFJHOG9yNnRLQjllXzFVaFVDV0t0T3B6X0lDLUt4ZlgxNzBIWmlRelRwc0FRcDUxSmhXeUt5bjBaWDJvZklkNEFXcUE?oc=5
2026-01-06	Google	0.0	Chevron (CVX) Stock Slides as Market Rises: Facts to Know Before You Trade - Yahoo Finance		https://news.google.com/rss/articles/CBMigwFBVV95cUxPT0xBemF0elFUNU53emgzODc5N3AwWlRiRS12ZjYtMW80RHFxSXFnUWZudjZ5dnVaSDZUMTFyVHFFUnZKVlNMcy1XaXhRcXB5MjJCcU9XOXlXc0o5ajk0b3JJaW9POHpDVGpuVkpuUzVMWHg3bkljeVZ0eVEzenRYcWVyMA?oc=5
2026-01-06	Google	0.0	Chevron Stock Outlook: Can CVX Hold Up With Oil Under $60? - Yahoo Finance		https://news.google.com/rss/articles/CBMiggFBVV95cUxQekVvYmN2Ti16SEJlQ3FyTnBoQnJmWEFfUXhpdDdtei1WeHV0VHU4QUhuMldsbzVXRG5ENnowZnlERFRsbk9vVE95dnM0LTRqRmY2dU1fVzRCaF83OUZDejRLN1dGckNQb0pqRVpuMUk1c05xSjZPWG9uakgyWS1vR2hn?oc=5
2026-01-06	Google	0.0	Is Chevron (CVX) Offering Enough Value After Recent Share Price Gains? - Yahoo Finance		https://news.google.com/rss/articles/CBMihgFBVV95cUxObC1KWTZtVzJmampVOWE2bHZuY0lrdDZSb2pOamdkOUFTeWhwbVJ0RFNmRDhZTDh4cElONXRFM1FRdEIzMEtZNmZ3Q1prUHMybGFuM2FENVhVUnhwNDhmcmo1MnJwQVQzY1FBV1VVS19lc3hJeHdTRlo1cGF6bkV2YVhBX1dFQQ?oc=5
2026-01-06	Google	0.0	Why Chevron’s Venezuela Exposure Puts CVX Stock in Play for 2026 - MarketBeat		https://news.google.com/rss/articles/CBMiowFBVV95cUxPMjRuOVJ1dXBkRDBCUlJsOE9rRFBER3hXclBmcXQweWpwMU14UThqejdreG0tOVVOOVpCMGVXeWwtdWwwRWZhSXRuQzdFZk5LVmpaZzlzTlFZWDJramxVNU5BZHd3M0dTQW8tck5NbnJidTFkU2M3RDVKX2ZDaUpIakFpS1daSlIwTWJjcDlYUDBIeVg5ekZJc25zOWNnV0tfMjFB?oc=5
2026-01-06	Google	0.0	Why Chevron’s Venezuela Exposure Puts CVX Stock in Play for 2026 - Yahoo Finance		https://news.google.com/rss/articles/CBMiiAFBVV95cUxOVTN1dnNoOGM2YjAzVTh6cGRjTVUtWFhJWlYzbkZlTDNsMkJHY20yU2FWT0ZLSi1PNGhZd05GNjNYeC1hbUFjWUFCQWd2RlFkRFdlOXVKSXZvek15cHFsTVVyRkNfUklaMmtWSlQ0MzhScGdUX1hreDBrazNJMmxsNm0zbTlOdW4t?oc=5
2026-01-04	Google	0.0	Chevron stock: What the Ratings say (CVX:NYSE) - Seeking Alpha		https://news.google.com/rss/articles/CBMifEFVX3lxTE9HT1FvVi1EMGRaX1B0YmpMSVV0OXEyR2s3ZF9PS3F6MmJhRy1ERzViZDUxV3Q4aHhKQlplUWk1RDNFdzkxTEJ4eUVjSVJ5OHBMNHR2c0w0dzNMcmxkWklmSmlLNlZrZElwN0w5Vlc2UUdLaFRKQzhIeXQ1aGI?oc=5
2026-01-04	Google	0.0	With 67% ownership in Chevron Corporation (NYSE:CVX), institutional investors have a lot riding on the business - Yahoo Finance		https://news.google.com/rss/articles/CBMiiwFBVV95cUxNUnVPdndCQUY4SC1jMy1GbDJtRGxkbG5CVzZjZUR5bWllQ2U3aE1hSkdlX2lNME53bzNnWHRpSkJ4Y3hMaFdmRnJFZ0JTbUxaN3AxLVlUZGJndnRSdm1rbmx5OXpMa3UtdHI0X3NPelh0Tk83cDJNZzhEd2NCZWx3dVJLY19wdUtnMHBJ?oc=5
2026-01-04	Google	-0.179	Chevron: Tight Spot In Venezuela (NYSE:CVX) - Seeking Alpha		https://news.google.com/rss/articles/CBMifEFVX3lxTE9UeGhDakJuODliSzM2TlBnZm1fVDVqU05UOGx6WjF5M0hCVVFFRVYzOHIyQTZ2VGU5MmRjTGZoTnRVT1Ewd3d6c3lZanQ5YjdyVVptOXFpbkFSMk5iQW9WUGtLbWRpVEFua2t6YmFENklZS0VyTVdHMkl4Ulg?oc=5
2025-12-26	Google	0.0	Chevron (CVX) Maintains Presence in Venezuela Despite Tensions - Yahoo Finance		https://news.google.com/rss/articles/CBMijwFBVV95cUxPeW9XWHBkb0Z5eUdCM0lwT09PQUNvT09qaVpFbkZsa0FENldfYy1qaGVBbUtVYXA1dEVyMVlYd001VFNlTU1vZ1pWRF85ekxYQy1UaHQ1ZW5XMVRqTVFIWkY2RnVUNHF0bVRfQWY0X3k1UVhiV01mX0g4aVZEbVY4aGNGM0hubkZ2WXpMNGkyRQ?oc=5
2025-12-22	Google	0.0	Chevron (CVX) Laps the Stock Market: Here's Why - Yahoo Finance		https://news.google.com/rss/articles/CBMigAFBVV95cUxPbmZ4SlBUOHUtTi1sY3VIdWZMajMyTjlzNndRbUZ2TWxhVlhWTG5PWC0ya1BLX1YxLW9Mc3htbXY5ZzFJelh1QnhQblQ0VnZtc1h6WmRaNTJrWllXR1FKQU80bFVOZ0xaNmFTNWtTYVZJcDlPWEczWFRpdTBUY05hcw?oc=5
2025-12-21	Google	0.1	Chevron Could Raise Its Dividend Next Month - CVX Stock Looks Too Cheap - Yahoo Finance		https://news.google.com/rss/articles/CBMihgFBVV95cUxPbWxXalBMWU1icWMyVHZXdzd2cFVpdlJkS214azlOOXdXVXhEWlZFUjAzQ3IwNUQ5WUFKaDBfdzdKRTRLdkdmNWdPTFNrNGVFYmxqWlZXWHlzYml1djlNd19VQzJJS3RJQkZGMEp6N3NNZGN3cUlaWV96TUxnd3BPQWczWWFqUQ?oc=5
2025-12-17	Google	0.0	Chevron (CVX) Highlighted in Mizuho’s 2026 Energy Outlook - Yahoo Finance		https://news.google.com/rss/articles/CBMiiAFBVV95cUxOSXFFNVpYRTltRkVETkVkLTBLelhRQUJVbWRfSVhUZUo2SHBpbDV1RUYyM2FPbWpmRlI4QkRsTURCVzN0ZFRxaUZ4bVJ3N21KcFVhc0FfMlRqZDRJenRxSldsUE44TjRTLTdtSGVMd2VIN2RISF96YTczbHcwMlRYOThUTnJYMnR3?oc=5
2025-12-15	Google	0.0	BofA Remains Bullish On Chevron Corporation (CVX) - Yahoo Finance		https://news.google.com/rss/articles/CBMijwFBVV95cUxNN2s2Ul9HUjl5OXhjUmltRVJVd05yU2IyemJVaTVFd1pTQ3pJMGxVSU1GU19kNFRnM0loTFZRR0tuOWhwZnY5dW0wRTFWV2htVHNBMUwySXpCUklCUVVHSDdJa29UQmZpV2NCT044dXZRXzhTbjBLYkVKR0RFM3g4dkk2WnV6N2xmdVA2RGtyRQ?oc=5
2025-12-12	Google	0.24	CVX vs. SU: Which 2026 Plan Offers Better Upside for Investors - Yahoo Finance		https://news.google.com/rss/articles/CBMic0FVX3lxTE9sS0prSnVEdUhteXczV2NuMzFFdDdXMS1HMjQwbG52WjBGZWdsdzA3VFd1UmVydl9wdV9yTjFLTzhQY2ltaHBaOEo1SGdUVTN6bnVwaUR5RWIwS09SQV9LZVZ1Ujh5MU5rWE5LN0tUTk5kYUk?oc=5
2025-12-10	Google	0.0	Chevron (CVX) Announces 2026 Capital Budget of $18 – $19 Billion - Yahoo Finance		https://news.google.com/rss/articles/CBMihwFBVV95cUxPZTVCblB2YjI4NFJfU09OYUZpVGJ0X05NWFB4N3EtWDZpZzF4bEl1Y1V0dnhTMDJ2cUF5MkViNG9FT0lIbnQ1RFZNNUk3Q3NfZG9vUTZ4em5nQlVPMW95RnhfUGFZZWtWbDJNSzloS0xCc053VFcwZnNoNWlmMk5raGdGVk1Mblk?oc=5
2025-12-09	Google	0.0	Chevron (CVX): Taking Stock of Its Valuation After the Recent Pullback - Yahoo Finance		https://news.google.com/rss/articles/CBMihwFBVV95cUxObktMajlsR1pJY2dtN0RkTVB4QW5oRjlnaFRaQmEyUU1NV05zTUtYSHFSNm1ob2xzQzJmWWVtU0xPUjYxQ0lIN0x3Nm5RMm53Wm43bUdlQUJiWGFDd29hckxDNFhwclJOU1d0dVlJREVpMEN6dHg3UG5oYWV2ZzcwTDJiWlBwZ3c?oc=5
2025-12-02	Google	0.24	Evaluating Chevron (CVX) Stock's Actual Performance - The Motley Fool		https://news.google.com/rss/articles/CBMiiwFBVV95cUxQY2lKN0poOFBWRURhMU5ES0lHd0tyUVZEQlVsMTFqSDI3dmVNRWtVMkV2N3h4MTNKS3JvYmJGLVR3YWdqeWd2c290MlZzdjBBSzNMd1JrQlZMcUI3T0ZqMlZvcEZNNWoyVmNFeUhnajJnT1cwcXhnUDFXekthOHdFQ1k0ZzZJNE40Ymlr?oc=5
2025-12-01	Google	0.2	Are Chevron Corporation's (NYSE:CVX) Fundamentals Good Enough to Warrant Buying Given The Stock's Recent Weakness? - Yahoo Finance		https://news.google.com/rss/articles/CBMikgFBVV95cUxOZlpYQzNFQ1pwRGhPOHBMMnpCdUZ3VzVIdVFDX3hvRm5aaW9OLVFEeXBSQUF1MUo5aUtvYTRhbmc5UnZXbHJGNjFHZGhJNVpZLXM5OFp0V3hpODQ2VURfWUpESXh2TE9iZTZXc2h0ZWFyVkM2YmJuTHJRSTF6MTNxWFlpX2hjaFZ3MlVfdmxGdXdYZw?oc=5
2025-11-28	Google	0.0	Chevron Corporation (CVX) Is a Trending Stock: Facts to Know Before Betting on It - Yahoo Finance		https://news.google.com/rss/articles/CBMijAFBVV95cUxOR1ZWNTFZVHlfcER0Y1o0MDdSc2NENWUwNjc2Z3l4UVRKcW9vMW14eVJpRThwNE01cXM5U3hiUV9fclVsYUtQU2c4czhzNmVGLTRBXzd5eDZsVHRrcFdVNFM5c01weHFhTjRfeGFOeHpJWi1LM29zdjJiXzJiM0E4MGVyemltRDZoS3Z3cA?oc=5
2025-11-27	Google	0.062	Did Major Insider Sales and Strategic Moves Just Shift Chevron’s (CVX) Investment Narrative? - Yahoo Finance		https://news.google.com/rss/articles/CBMihgFBVV95cUxPR0hnYmduaWJhZkNYSEdVd1hIalF0ODRWaWFwX0ZTSnlSWjhqTmRrTnlDVVJxT2EyMFkxNjdoU1JlR3oyQ3ZPcVp2a2UyNGs4UnBrMFdFUmJEZlZFN2U0MDhubkc4MlRKMWxLelVfYkVUSmNDTFNoZ0tMckRVRVQ2ODNmdXVQUQ?oc=5
2025-11-27	Google	0.0	UBS Reaffirms Buy on Chevron (CVX) Following Investor Day Portfolio Updates and Growth Plans - Yahoo Finance		https://news.google.com/rss/articles/CBMigAFBVV95cUxNbEwwazgxaDEwLThQZ01ZZ3VqSkNqZDZVbW5fMUFJQnlpOUpmckxQOHBVbnptNVY1UTA3dkNZOGV4eGZyNE9ENkIzRWxLV21ZbEZCdDRzS1MxRFlWQVJhUE5MMHlSREN2M0VVUXQxbjFVOENOcVhKalFuX1J2OUJNdg?oc=5
2025-11-26	Google	0.0	Bear of the Day: Chevron (CVX) - Yahoo Finance		https://news.google.com/rss/articles/CBMidEFVX3lxTFBENUxNQURNdHZSblRFd3Z0bWRFYlZpZE9ZaFFxYTYtb3hLVEFhQmRkVUdBRlR4QXhzWF8xaHBaSXo5UEFSTjM1N0NSYjJaZFgydlNlWElXX0RhSlg0ck53M0dJdHphOVd1TTdFWGRzb2Z3dHht?oc=5
2025-11-24	Google	0.152	Wells Fargo Raises Chevron (CVX) Price Target to $196 After Positive Investor Day - Yahoo Finance		https://news.google.com/rss/articles/CBMiggFBVV95cUxNNEJUQXlCZ3VqTDRsaVNDWGtteEE1VDhLcU5QYkU0Ql9zMGRzVUUzY3p1VWYzQWtoOHNkdVNrelFYd25YcDBTeHRzWEZaQU9RZVU5ajBjREIzczc3eWJsdUhhZDdrUi1jUExFMWlzeld2Y3o1YmRSYnRKRlJXUWRqZDFB?oc=5
2025-11-19	Google	0.143	CVX or CNQ: Which Energy Giant Looks Stronger Right Now? - Nasdaq		https://news.google.com/rss/articles/CBMijwFBVV95cUxPMllncTFkZ0JEQWFlT2JuZkhpamwwcE5Zaloxclg2cmdOREdTV2NIX1RwV3l5Qy1abUNEeERsdkpXRFRZTzBWck1NWHVzbzhHd1NaZVU4d2ZkTXhnbHhsR1poR2FOeGRTbVdnc1ZnbjVYNFlJWE96R1Byb3Mwa1pSdWpITnRUV3ZfVnNyUlVvTQ?oc=5
2025-11-19	Google	0.143	CVX or CNQ: Which Energy Giant Looks Stronger Right Now? - Yahoo Finance		https://news.google.com/rss/articles/CBMifEFVX3lxTE9ILUVOVGRNVFY2WTJJNXE1aHhJMmd6UlAzVHFqQU1hb2RsMDlINkZPQ1YxVUwxVUhRbURibHdEZEVVbkNnS3FaWTdtNWNxNHJfMXZIZnVuMlA4NVNaTzVHQnBNdEpxblBsZ2lWYTlMdTNfM0tCU3lMZUNiX3A?oc=5
2025-11-15	Google	0.133	I Always Recommend Chevron (CVX) To Anyone Who Wants An Oil Company, Says JIm Cramer - Yahoo Finance		https://news.google.com/rss/articles/CBMiiAFBVV95cUxNQ3VwYTdSLUQ5U3BGTFdzdFg0eHl5NjV5Mks5VHpRcTA0TlhIbmlsamZyTnhxMGQzUVV3WWdFdkEwYjhRWkdxc1kwYllLV0pBOEx6ellKOG1VUG84OThkUEJvNWNlUk5veVFwXzNQdmhtZWROQUUwN1RXS0xmcTBWVFV1Y3VrS2JO?oc=5
2025-11-14	Google	0.0	Earnings Troubles May Signal Larger Issues for Chevron (NYSE:CVX) Shareholders - Yahoo Finance		https://news.google.com/rss/articles/CBMiiAFBVV95cUxNZnJvTUVINUt2Q2o3eGM5S2tNYXVZdGF2SzItN1ctcHlvaVFKdThZMnlNc3QzNEdiQkotSlhKWnI3RHpSTzhZaDJBYWxpMDVrdUNzcXp0WERwT1d1UlBneU5FSnBtQmlmeXBQbnJMdEpMeE52bnRRdkJGQUpDMVZ2NmpzelNMU05f?oc=5
2025-11-08	Google	0.0	Chevron (CVX): Assessing Valuation After Record Q3 Output, Hess Acquisition, and Shareholder Return Strength - Yahoo Finance		https://news.google.com/rss/articles/CBMijAFBVV95cUxOUUxKSXRoSFZLb0Z6OVRZdjc0VS1pZUV6YVlwcjB2U0c3RXVOUTJHTXdFUVNxMXJ4YmtiTUJYTjdMWUYzc2VTLVFrYThuLXlEcWdOQndhWU9nTV9hNF9NRDlfTnZOOUx5VExROU14a1lJekxyUFRCVjNkQ3dMSG93cFlmRFBINVhHUE5NNg?oc=5
2025-11-07	Google	0.0	Here's What Key Metrics Tell Us About Chevron (CVX) Q3 Earnings - Nasdaq		https://news.google.com/rss/articles/CBMilwFBVV95cUxPQnF4TE83UjZxQmFEbjhtYlJnWWo0bkM2bEFPWlQ3TlZ4N1RMZkNfTVpZMGdmVFFFcG1ydXJacEZkbUM0TEFvbGE3VWFnVW4zMmFNTGQ1djhObXJWdEdPRDFFWl8xalNwZlc2SWJmQTFWSUd6cUZVd3BHUWJkMlRUTDZJeWVibjVSRGNXVms4eF9WWDFBU3Nz?oc=5
2025-11-04	Google	0.0	Here is What to Know Beyond Why Chevron Corporation (CVX) is a Trending Stock - Yahoo Finance		https://news.google.com/rss/articles/CBMiiAFBVV95cUxPcWVXb2dVX3FkZWhQRHh6MUtQaC1RVEVlYXBXRnZVUWdYUWVmSU5yc25zMWFrTzhqUmpDM3UwUlZtaW5UUkNnRndudzktUWlZU2dXd3piT1E4WjFMYS16ZVRrdDZhdjkzOVZIbzBDTkxGcC1rbGZzckMyZDBxTmNyRjFrZktnbWYt?oc=5
2025-11-03	Google	0.183	Chevron's Free Cash Flow Rises - An Expected Dividend Hike Could Push CVX 14% Higher - Yahoo Finance		https://news.google.com/rss/articles/CBMigAFBVV95cUxOWEM1blotWl9SbHlCNC0zNHhWbXp6TC1yT0EzODg3T1ozYWRJRXBZNmZmWW8zNU5FYmx4NEVjaXJ6UkR0X0lQa3o1U0RMMWZhR0hXWFlESGRoQWFOVC1KTkFtUUxIY2g1YmotbEVMWDlkRndIQnlXTGpfMzhpTWc5LQ?oc=5
2025-10-31	Google	0.0	Chevron (CVX) Beats Q3 Earnings Estimates - Yahoo Finance		https://news.google.com/rss/articles/CBMigAFBVV95cUxNWG10TDlPbWthT1U3cXFTdWE0ZUo2cE9iSUw5YVVXNm03X2dlT1F0RFpTZVZaTEFuNXN5NzNDZzE4bk81T2d0RlJLZWFGZUdxdFozQ3NjY2tIcWhKNWtPTGZ5RmxLbjRHR2xXSjhOeUNvYlZycUhDamhLOG5RSFRzUg?oc=5
2025-10-31	Google	0.0	Chevron Corp (CVX) Q3 2025 Earnings Call Highlights: Record Production and Strategic Growth ... - Yahoo Finance		https://news.google.com/rss/articles/CBMiekFVX3lxTFBZQkJCMXNaQXhuTU9BTDZXdzgyZlFKQklpRHpDb1VMYTA4NkFSTjZyM1hxUi14a050ekc2Ykd2M1dYQm5jNXRRN0pOWGxTelJIbWRvNzNrS1N2Y2t5UGFVRHJ2cThpazVuYk1wQmRFeE5kcS1BMnBmN2p3?oc=5
2025-10-31	Google	0.0	Chevron earnings beat Wall Street estimates as oil production hits record boosted by Hess acquisition - CNBC		https://news.google.com/rss/articles/CBMiggFBVV95cUxOYUtHaUltU2dlUEtGaEtvaFdyZTdTbGotWWs0cW9BOVdNUUFxekN4RzVBU0pKeTJtRk9jallLWHg3MzhGU2dEdlFyWjVITGJjeWJILV9Dc3FVZ2VnS0JNOHBnNFczQlg1QlRwcHNWdUVsTVFnajVsUXRtcldNcXQyMWVR0gGHAUFVX3lxTE1PTUgwYU1OMGVsb3FuUk9DWXZaTDBFMUVRdXllYlFWeU9FTUZ0cVVrX3JlMkhDWnIxbWhSSm1CRVIyLV90TG5iM2xjQ0E0QmZhRmpUc01XTUpMbGJLQ3A5Zm5XUExoSW1fX2k3cEVSelJkUS0yVk1GMmNCckNXX0tnYjBscF81Yw?oc=5
2025-10-16	Google	0.0	UBS Reaffirms Buy Rating on Chevron (CVX) Ahead of Q3 Earnings, Sees Long-Term Growth in Guyana and Beyond - Yahoo Finance		https://news.google.com/rss/articles/CBMihAFBVV95cUxPeUMyUk0zcWEzQTZWRGRqcHFnQzJKTzZlclR5RjdlQ2M5VkVNSFRjMC1ZSnJkbHl1NVhHOVVFNmZFUDVjbURuWmxrYi1OeDJLemxOblVQSDFqbFV4ZFMzbTZldEdvSTRVNjJCR2hrUjlWOU5HWkJwMUZGNl9JRzhXaGxjSWI?oc=5
2025-10-13	Google	0.217	Chevron’s (CVX) Strong Cash Flows and Low Costs Support its Growing Dividend - Yahoo Finance		https://news.google.com/rss/articles/CBMigAFBVV95cUxNUWZPSVdyamdrQ1l0LTh6MmJsQ1dRdlpRbXhFQUF5QmVuc0hOS2tqeUVzVE1ZcWtPb3Q5RVByelR1WDBGeVZxeE5naUtEUFRPOElHb0NwdTRfSE91YV9nQ0wtbWI0bUJsZTFrTnNsQnVvRFVBT09lQ3dSMzFkS2ZORQ?oc=5
2025-10-13	Google	-0.083	After a year of 2.6% returns, Chevron Corporation's (NYSE:CVX) share price drop last week may have less of an impact on institutional investors - Yahoo Finance		https://news.google.com/rss/articles/CBMihAFBVV95cUxPeUhhelJidEozMTgtOGUtS0VvaE9VZHlQSDAzNW9ENEx0ZHZNT0o3bnpPaUM1Mld0SVVhYnJxVGR6N004NGk5d1d3d2VIOXN0eE12MjVSb1lBeFJBM0pFLTgtcXFrRG9XVktvS3lLcVlhaEl6SDJOY25PUUVyUzN5cElPU2I?oc=5
2025-09-30	Google	0.7	Why Chevron Corporation (CVX) is a Good Option to Invest in LNG - Yahoo Finance		https://news.google.com/rss/articles/CBMihAFBVV95cUxOQUYxdWZEZV9zUl9ESmVBcnN2N1RNdmlsemNrWnNvRkpkLXU4SjFOc1VJVlhydnBjcVdVUW5wNWp0NmNuT25NS1pBbWVUeFJmY0RKRnVHNUdwQ3RnMXFabXhwbzE3UzltMkk5Y0xmekptOEx2YVg5MVBkaFFxQnJQbHR4cW0?oc=5
2025-09-30	Google	0.0	UBS Reaffirms its Buy Rating on Chevron Corporation (CVX) with a Price Target of $197 - Yahoo Finance		https://news.google.com/rss/articles/CBMihAFBVV95cUxQbVdpZzZMbURmQ2pWODJxT3hBRWNqMXlRQnZvdldYbk9VR19BTHB6bW1WdUhlQnBxbllwS3F2eU84OTdqOEhCQXNtNFlGSThVd0N3ZkxaY01veXI0b2dBVEM2SWNjTE9BN3pZaERpby1VVFplcXVud0NDSDhZNHM0ZG85ckU?oc=5
2025-09-24	Google	0.2	CVX vs. EPD: Which Energy Giant Offers Better Dividend Value? - Yahoo Finance		https://news.google.com/rss/articles/CBMieEFVX3lxTE1LS0pROWtPTzl4RVRLXzB5M3FQQjhxZ0Q5dEYtVVpSMHVuQXhTU3EzZEVBRzN2WE5NRzUxVjZSdi1fTkZFQkIzSS1IOERiYVVHdE9wZnZUY2Nqbk5JcEgtaXpUdnBGVXI2X1NRajVSZThDaVFEZ3dXRw?oc=5
2025-09-20	Google	0.0	Chevron Corporation (CVX): A Reliable Energy Giant for Dividend Paying Stocks Investors - Yahoo Finance		https://news.google.com/rss/articles/CBMijgFBVV95cUxNcldYQ1UzRmNFNU5MQmR3VTFkVmE5bFJwMV9XVkZNdUZjWUNsOGFsSmNyMGdkRkJkZThHakVJYlpiSWd0ZzJnWXc1SGkzcWpmQXJXVHhWQW5mY0NvazlnaUFGeTNpMHhPNTRvLVNkcFNJRTZqdGozckJGREtoMEMwNXFBUWVwV3p0WGpNcUtR?oc=5
2025-09-18	Google	0.167	Chevron Corporation's (NYSE:CVX) Has Had A Decent Run On The Stock market: Are Fundamentals In The Driver's Seat? - Yahoo Finance		https://news.google.com/rss/articles/CBMihgFBVV95cUxNMDAwUjRZLUxZYVQ1aERzYXVoZEg0dDhIbXNUWklHd2F1S242Nl91eVRlbGJCWFBGdHczbHZJRk1NdTBQVEZCY252blBKMEhxTGo2eTdESlM1cGJrdWI0WFo5OVRDNUo4SlFoNzRpVTBGeFRDT2V4cnhzMGxBWmRoVGh0QnEyUQ?oc=5
2025-08-26	Google	-0.083	Chevron Corp. (CVX) Declined Due to a Combination of Uncertainty in Oil Markets - Yahoo Finance		https://news.google.com/rss/articles/CBMigAFBVV95cUxPZ3BOU3JFbGpMRzhSZVg3VkhhMzJZbmtPVGFvejJWT0pwYnIxalE1ejB1MTRkbFFqNFp3cmF1a0tYWXpQRm5SRGQ1VGR4QWhDUy1BMXFJY3BsbDNWYndmcWsyT3BOdkdkYUlPWDd4aGRKOURBaGNxbkpJNG9oQWc2Tg?oc=5
2025-08-26	Google	-0.104	Here’s Why Chevron Corp. (CVX) Traded Down in Q2 - Yahoo Finance		https://news.google.com/rss/articles/CBMifkFVX3lxTE00c2RvRF95OXltMnUyU2RMX3dxRzBRcGE0OTkyQ0g2cEp1eGZnMFNLS2J4Wmg3cmw4a3FYc3htTEFxNWVVUmpPQmZpLUJ5Z1d2Q2puUEFkVVFpcUFYdVN1QmhQbi01WmFBTk0zVUdmQjhGdlVaX0owZE9aSGF0UQ?oc=5
2025-08-06	Google	0.0	Chevron (CVX Stock) Powers Through Q2 With $5.5B Payout, Permian Growth, and Net-Zero Push - CarbonCredits.com		https://news.google.com/rss/articles/CBMisgFBVV95cUxOdUFVVWhBZE5Uc0l5T3h2bjVId0JWdERyVnVRS1NrelRoNDZyd3lfT1dfQXhzSTQ2ck5BQUlfa0xnMDAyZkVGRU11NmcyQjNPMUVRQ3c4TU9GQklhSXZ6MWZUVldDWVpxSFlYUXVCdER3MjVlUkdTYkhxZ1FOYWNCdFlTd3lhZnpqQ3MxV0l5ZkRlVXZVb0Q0MlZCMC1QMm9HdkdXV1lhZ01pS3JqSkNka0JB?oc=5
2025-08-01	Google	0.0	Chevron beats Wall Street estimates, expects Hess deal to boost earnings by year end - CNBC		https://news.google.com/rss/articles/CBMic0FVX3lxTE1wSjhxQU1JWTNZTXpCZDJmOXNUcUUzdU5HTEdJMFFVMFIzNFVKT1VhSzZQOUF2cGQ0Q3pzaFF5NzQ4T2VzblprRTNzdmZiUGxmTUFvNTdVdVNZdUtuNlVfamVsS0Vha1h3Z2NjaXFQWjAzVXfSAXhBVV95cUxOQ3NNTUFIWnZaM21XNmpBZEJzNzhwVkNjNGRGeDl2bGFfSTJfZEdfM3ZKVE5ocjZLUXVfVFcyUjNhaWMxX2pfUDdYNmxEdTFWMW5xYjhJSVNNZDYydG5rTktmS3Z2ckFFczh5UXFHVVBnZ1o0SGF5TzE?oc=5
2025-07-21	Google	0.7	Is Chevron (CVX) a Good Investment for Passive Income? - Yahoo Finance		https://news.google.com/rss/articles/CBMiiAFBVV95cUxQU1liZFJvRV9SZFVmQUFUeS04eVlnOXF2TEhaS3JzcmVWWXA4UElvMWREenBMX0NRMFFVODIyWk9HYlEyMmc1X0ZBOHUwMm9CajlvVFBOSGZPdGx3NWl1SjJxbnJqSm8tbm9LSUh2dDVMdkNJcjdUZkJUQXRNNFdkTlNtYVMtQTdZ?oc=5
