Date	Source	Sentiment	Headline	Summary	URL
2026-05-20	Yahoo	-0.002	Treasury Yields Slip as Bond Selloff Pauses	The Treasury selloff takes a break, causing yields to fall slightly as markets worry about the inflationary consequences of the U.S.-Iran standoff. Oil futures slip, but remain high enough to keep policymakers on their toes.	https://finance.yahoo.com/m/099e236e-d156-33e8-a743-aaba5dfa982c/treasury-yields-slip-as-bond.html?.tsrc=rss
2026-05-20	Yahoo	-0.428	Treasury Yields, Dollar Fall Along With Oil Prices	Treasury yields and the dollar deepen their decline as oil prices fall. Brent and WTI are down about 4%, reflecting hopes that the Strait of Hormuz could reopen soon. Meanwhile, U.S. crude inventories plummeted by 7.	https://finance.yahoo.com/m/f86187ea-f7bc-316e-a813-b11757ab9b97/treasury-yields%2C-dollar-fall.html?.tsrc=rss
2026-05-19	Google	0.0	Weverse TNX Media - TNX OFFICIAL FANCLUB ‘THX’ MEMBERSHIP - Weverse		https://news.google.com/rss/articles/CBMiUkFVX3lxTFBEYmdXTjBTMGdBc1drQlM2c21IeUdITXlWRDNjX2pFbTRlQ29RM29sRlduRzk3ak9sc2JjbnBTd1lZaG9aVEp1ZjFYdjQxbnB5bnc?oc=5
2026-05-18	Yahoo	0.018	Treasury Yields Little Changed as Markets Watch Global Oil Inventories	Bond markets are steady as Wall Street worries about the global supply of oil amid no signs that tankers will soon resume normal traffic through the Strait of Hormuz. President Trump again threatens Iran with military action if Tehran doesn't agree to a peace deal.	https://finance.yahoo.com/m/061e9eaf-05c0-3442-9460-e3007d60d155/treasury-yields-little.html?.tsrc=rss
2026-05-15	Google	0.0	Tonix (NASDAQ: TNXP) shares Phase 1 TNX-4800 Lyme prevention results - Stock Titan		https://news.google.com/rss/articles/CBMiwAFBVV95cUxOOHYzRW5rNVFLbTVuNzhUN2lWdDdCMC1YUS1tZGhoU0JKSkZxTWNDNFRvR2c0TWQ0eWVSaEVzSzE1WW5LTjItdmN3RGpxS1pQWngzWGRadjkxUWdQMFlaUi11YUpWMWJ4R2tQcTJrNmtpWmFyaHlEd2xfUGxtYUNfdzAwc2podFVpU3E4cENYMlF4NmotZWE1QkpUU3ctRkdYM2NfMGtUZHNUcjhweUJfLXVNdEFjSVhjTzRJeU1tSGc?oc=5
2026-05-15	Google	0.0	Tonix Pharma advances TNX-4800 Lyme vaccine program - TipRanks		https://news.google.com/rss/articles/CBMipgFBVV95cUxQdFNKN1pRakRtQ0pEa1Zka2NJUGw4WHptMm1vOFhJWlF3eU1oQU9fNHBZRERmVEpydm9JRTJEX3FkbFpNejZmWEdzVzFqcy1zMHE1SGw1THRYc0ZXdnlxRWhvc180UklJZk5zTGEycUpqcHR1UE4xN001SURSRFR5U3dkZ1pkckhEVkF3ek1id21ORE5WZm96M1YyWjZSLXVBNnJlbXdn?oc=5
2026-05-15	Yahoo	0.0	Why Soaring Treasury Yields Are Spooking the Stock Market	Rising Treasury yields are pressuring global stocks and forcing investors to rethink expectations for inflation and Federal Reserve interest-rate cuts.	https://finance.yahoo.com/m/780529fa-0669-32d8-8677-5fa38ea7b6b9/why-soaring-treasury-yields.html?.tsrc=rss
2026-05-15	Yahoo	-0.001	Macro Indicators at a Crossroads. Charts of Dow Industrials, Small Caps, 10-Year Yield Tell the Story.	Interest rates, economic growth expectations, inflation trends, and credit conditions often determine which parts of the market lead and which fall behind.  Dow Industrials trading near the very round 50,000 level is beginning to resemble a potential double top relative to the February peak.  Bearish RSI divergence, marked by lower highs in April and May even as the Dow pushed upward, suggests upside momentum is fading.	https://finance.yahoo.com/m/46f48d03-6ca6-330d-8d38-4d94bffdd344/macro-indicators-at-a.html?.tsrc=rss
2026-05-15	Yahoo	-0.033	Wall Street Is Worrying About Fed Rate Hikes	Hotter-than-expected consumer and wholesale price readings this week have rattled investors, who were already fretting about the war in the Middle East driving up fuel costs.  President Donald Trump said overnight that the U.S. doesn’t need the Strait of Hormuz open “at all,” adding to worries that the stalemate between the U.S. and Iran could drag on.	https://finance.yahoo.com/m/7476313f-b588-3c57-9ce1-37a2f5d0d4bb/wall-street-is-worrying-about.html?.tsrc=rss
2026-05-14	Yahoo	0.097	Treasury Yields Cool Down as Trump Meets Xi	Demand for Treasuries picks up overnight, and yields fall, as President Trump meets with China's Xi Jinping amid U.S. inflation jitters. Weekly jobless claims stay with a long-standing range, rising to 211,000 from a downwardly revised 199,000.	https://finance.yahoo.com/m/2f32784a-15f7-30d1-9a7e-5b6cb24fce8c/treasury-yields-cool-down-as.html?.tsrc=rss
2026-05-14	Yahoo	-0.1	The S&P 500's earnings boom is facing a bond market warning: Chart of the Day	Stocks are hitting records as earnings surge. Meanwhile, bonds are competing harder for investor cash.	https://finance.yahoo.com/markets/article/the-sp-500s-earnings-boom-is-facing-a-bond-market-warning-chart-of-the-day-100000591.html?.tsrc=rss
2026-05-13	Yahoo	0.6	10-year Treasury yield rises to highest level in 10 months on hotter-than-expected inflation data	US Treasury yields rose to their highest levels in 10 months as investors digested two hotter-than-expected inflation readings.	https://finance.yahoo.com/news/10-year-treasury-yield-rises-to-highest-level-in-10-months-on-hotter-than-expected-inflation-data-152901840.html?.tsrc=rss
2026-05-12	Yahoo	0.23	10-Year Treasury Note Auction Is Coming Up	The Treasury is set to auction $42 billion worth of bonds that expire in 10 years this afternoon.  The auction comes after the latest inflation report revealed that the central bank remains far from its 2% target.  Expectations of stubborn prices make investors demand higher yields to make up for the loss in a bonds’ purchasing power.	https://finance.yahoo.com/m/ecfe711e-eb32-3549-876d-aaded0d47c0d/10-year-treasury-note-auction.html?.tsrc=rss
2026-05-12	Yahoo	0.204	Inflation Picks Up Faster Than Expected in April	Consumer prices jumped more than expected in April, a sign that inflation is accelerating as the Iran war's fallout ripples through the economy.  The headline consumer price index rose 0.6% from the previous month and 3.8% from a year earlier, above the 0.59% monthly gain and 3.7% annual increase economists had forecast, according to a survey by FactSet.  The 3.8% annual increase marks the fastest pace of price growth since May 2023 and is also a notable jump from March, when CPI rose 3.3% year 	https://finance.yahoo.com/m/67a6cb19-8b06-3246-b67c-441828e59916/inflation-picks-up-faster.html?.tsrc=rss
2026-05-12	Yahoo	0.02	Treasury Yields Rise as Inflation Picks Up Speed	Treasury yields rise as U.S. inflation accelerates while Middle East tensions remain high. Consumer prices rise at a 3.8% 12-month pace, accelerating from 3.3% in March. Economists surveyed by WSJ expected 3.	https://finance.yahoo.com/m/822282af-9c03-3c1c-aa14-88416b88c06a/treasury-yields-rise-as.html?.tsrc=rss
2026-05-12	Google	0.0	Tenax Therapeutics (TENX) Shares Updates on TNX-103 Phase 3 Stud - GuruFocus		https://news.google.com/rss/articles/CBMiswFBVV95cUxQNHJ1YVhTcjZYX09KQjdWeHJBU0Rtc1dHX2ZCRl9nS3N0Z29uN1UxOThjR3JPT0Fvb0dITkRYS2VxQ1ltdmRadURIc3BhN2xGWElHd09EOXI3WDdlVzV2VVY3R2xXTW11S2NjbXFBaVJCaFVUTElaQlJOZW9hN3o1WFctSDhWMklxbGpySnIxd2NQZG9wcTdyTm5oZi12Y3ZudTl4bk9sTlJpYVN3NnNtVldZbw?oc=5
2026-05-12	Yahoo	-0.129	Treasury Yields Rise After Poor 10-Year Auction	The Treasury Department auction of $42 billion worth of 10-year notes saw poor demand.  Investors were awarded 4.468%, which was 0.4 basis points above the yield seen before the bidding deadline.  The average over the past six such auctions has been 4.305%.	https://finance.yahoo.com/m/2626a0eb-732a-34e5-9101-e87c1d74b01b/treasury-yields-rise-after.html?.tsrc=rss
2026-05-11	Google	0.0	Tonix Pharmaceuticals Holding Corp. 1Q 2026: Revenue $6.88M, EPS ($2.93) — 10-Q Summary - TradingView		https://news.google.com/rss/articles/CBMi1wFBVV95cUxNQUxnekVsTzlQR0lKSmd3eXJ4Y0h2LS1mTEJwVlZRLWR0QlZaS1JYczJ2clBRdnUyVklYaEtEOGNOS0pIRDQ4RjlMRWY0SjY4TTRURVl1d3JnQWQ4SnFUMFJmb0kzYzA0elZPdk5MQkN4ME1YX3Z0VG1FaGxGbEJNbHlYQnFBOFVleGJCeXczaGxIZWlXbnFWaTdkX0RZNVBWSXpFbnZVWlM3Z1VsUkdUWWxZbmJ5TTVfaHZUOGQzWFFhMXE0MVlLVEVOc3FfMGVNdW5lMVhvaw?oc=5
2026-05-08	Google	0.0	Treasury Rates Warning Recession: Stock Market Crash: TNX SPX SPY QQQ SMH IWM DIA VIX (iiDFUvEQdt) - fathomjournal.org		https://news.google.com/rss/articles/CBMidkFVX3lxTE0tMXN6cGVPSTk1YjR1T0ktZmo2LWtKalZnLXJOVDlSaVNjbFBhMkt4SVFvSmRQUHVNTzJXNWQ3TWVjTF9SUVlnUUlsYzdjX2NabVVVT0VqUWR3VU85aF9PVURlWGUyNENvd29CMVhnRVFFS0J6YVE?oc=5
2026-05-07	Google	0.0	Kipawa soccer academy pick key lessons from Germany tour - standardmedia.co.ke		https://news.google.com/rss/articles/CBMixgFBVV95cUxNSUxqRlRVNUFpaWpNNFI1a3Z6eW9HTkJYMGZWQjNzZ3JXVGo1ZEdObkRIRnFaYlplaHBlNUVNMlhETHAtQm9uWGdzOU9UVkZpQ0ZTVEYwLXROR2RzQnEwSXFQSElXdkJVb2k1bXVuSGY3aXMyX2V4ZE5WUG0xYXFEUkh3Tjc2T2ZMS3JqYUVXOXRFVG1lTy1yZVpQV2V4eWw3NHc5OGVUZ2ZQQUdteHoxSEpYVXMxTDZwRHpyT1NtMVNUbG5UUGc?oc=5
2026-05-07	Yahoo	-0.05	Treasury Yields Extend Decline as Markets Await Potential Peace Talks	Treasury yields keep falling as Wall Street expects U.S. and Iran to negotiate a peace deal. Oil prices keep falling. U.S. weekly jobless claims rise to 200,000 from a revised 190,000. Economists surveyed by WSJ expected 206,000.	https://finance.yahoo.com/m/eba4ece3-3d42-314b-862a-a16162c0218b/treasury-yields-extend.html?.tsrc=rss
2026-05-06	Google	0.0	Lyme Disease Prevention Breakthrough? TNX-4800 Monoclonal Antibody Shows Rapid Protection in Phase 1 Data at World Vaccine Congress 2026 - Infection Control Today		https://news.google.com/rss/articles/CBMiggJBVV95cUxPSHQtVEdJTmYwSnhSRFgyeGhoWm12VXktZHBzaHo0TS1LRXhxTW80clAtT0dLVGtodkdHbHRlTjl6emJ4MU1iVTZtQXpEazdka2RvSnpHMDJpWFlBT2lxaWtsdEtBV2ZJMXR5V1d4dEdMX1VHbGdKa0hFNUtDcjhPUUVCc0tCdjhBMzJVUWN0Q05PUHo4cFdzOTVhTjg5NXNEOUtnUXh2ZEFnNEJVQjRmd1BQNllyZWtDVlliZGZkMkp0NEYyUGV4ZEpjWTFwRHRSdE9hS25mMWxfbnZWUERLSnpFZ2ttZ0pnOTM5ODVYa3d0RFg5aDBrTk12azNrZTJEWUE?oc=5
2026-05-05	Google	0.0	Voter apathy in Rift Valley - standardmedia.co.ke		https://news.google.com/rss/articles/CBMiogFBVV95cUxQQzIyNV9zV09MeXpYc0Jjb01FLVV0RmhvRFcxcTh1a2N5VDF6OU1nMUVLYkR2d0k0RzIwa3BNNFhWZ2VqcFBkZXMzT1hfNm80LVNnUXE4TzhEdUw0WDFTR0p0NjV4MEM1a2FpMGgzVVVwT1hlcFNuRFJVY0tRSmdaQjdYOEFDRDZNRXVITm1HcFNWSGZtN1haMUFmSXkyUHNpT0HSAZYBQVVfeXFMT3lORXJ5TjZBOVZLa0N2SUFudUhaY1FiTkdkQllXQ3Zuem9yWkRXc0d4N2dnejc4OGQ2SnFDWDdtdHR4R1huY2VkTDRwaFU0b2VFVnFQYWstYmxTNEhXMFdYNWN4NjVlU1FsS3hDVTZZY2IwS2J2S1d2dXo5ZURMTG11cGtYakdsa05yZmJLOUhKUVBjX213?oc=5
2026-05-02	Google	0.2	Businesswoman Mary Wambui wants Google to bury fraud stories - standardmedia.co.ke		https://news.google.com/rss/articles/CBMi2gFBVV95cUxNMFVNbGFLZU9WbEpIM2ZYT1ZJMjEyQU0wMU0xSzNCcGlROVR0T1M0RzNaaUtWNFJyMUphd0N4NXA3anF5U2xKZWlDbEgtOTRLV1daRmNfbDBNbjFsWUM0bnNUd3hGLTA5dUotQzdzRUsxaGhtMl8zRXlXOWV2ZmsyQkJqbk5RY01PZDRPQlpKajA2allqelFzNThDRXRFVkFkYWdBdENqbF9oLW03OUZBVmRlVUZxb2VjMkR4NDR0cUhEdFlRTFdrcEQ4Tkw1SnY5NFJxQkZqQUF2dw?oc=5
2026-05-02	Google	0.0	We must give voter registration numbers same dignity as taxes - standardmedia.co.ke		https://news.google.com/rss/articles/CBMizgFBVV95cUxQbW5zczF5U0FUWXhJUU1JcHNqUnBLUGcxeWFuRDBjNDdRODIzM3hFS1NleFFyc2FnV2taOVBxTFJJZjBRM3F0NjV5ZldlMk1mZmFkVElZWVBERjlSdHNJVVROdm1va3hFUmZQWENuX2tOQ1doekItRW5BamltM1JieGFJcUxfN2FMMHE5N0J3a3JSRzgybHM5ai1lMUhmbnJLVmhPc0pUQUxrOE5TRlM2WEhfclpWMERSSFdJbmYwZG5WUHdzUTZNQTBDWFBNZw?oc=5
2026-05-01	Yahoo	0.005	Treasury Yields Steady After Brent Spike	Treasury yields traded steady early Friday, with continued uncertainty surrounding the war in the Middle East offset by oil prices dropping back following a large spike early on Thursday. Front-month Brent crude futures was last trading at $111.	https://finance.yahoo.com/m/29fe5c2e-28ca-3b1f-85c2-d1c5f034d1ad/treasury-yields-steady-after.html?.tsrc=rss
2026-04-29	Yahoo	0.14	10-Year Treasury Yield Nears 2026 High	The Treasury market selloff is not abating, rather it has reached a point where it’s not too far off from its 2026 high. The 10-year yield is at 4.412%. The highest settlement level for 2026, 4.439%, was hit March 27.	https://finance.yahoo.com/m/b28d41ea-498b-3f8d-8f51-446058fe3ba1/10-year-treasury-yield-nears.html?.tsrc=rss
2026-04-29	Yahoo	0.133	Treasury Sell-off Isn’t All That Alarming–Yet	Bond yields nearly rose to levels seen in March during the height of fears over the Iran War–but it shouldn’t frighten investors.  Much of the gains in yields came ahead of that hour as the Treasury market sold off alongside rising oil prices.  Multiple Fed presidents didn’t support the inclusion of an easing bias, or potential lower rates in the future, in the FOMC statement, telling traders the Fed is likely closer to hikes than cuts.	https://finance.yahoo.com/m/597af805-063f-3e02-b8ba-adc6b489f924/treasury-sell-off-isn%E2%80%99t-all.html?.tsrc=rss
2026-04-29	Yahoo	0.052	Markets Are Less Confident the Fed Will Cut Rates This Year	Inflation remains above the Fed's 2% target and Powell says there are too many factors set to hit inflation in the coming months to consider cutting interest rates right now.  After three Fed presidents said they disagreed with language in the April FOMC statement that indicated an easing bias for the Fed, markets are moving to price in lower odds of an interest-rate cut in 2026.  Markets are now pricing in just a 1.3% chance of a cut this year, down from an 18% chance just a day ago, per the CM	https://finance.yahoo.com/m/074837e5-cc3a-32b2-bf52-9b44c7c4a6f8/markets-are-less-confident.html?.tsrc=rss
2026-04-29	Yahoo	0.027	3 Things to Watch at Today's Fed Meeting— Powell’s Likely Last One as Chair	The Fed’s policy decision Wednesday will almost certainly be a non-event.  Rates are going nowhere and the Fed is expected to hold its federal-funds target range at 3.50%–3.75% for the third straight meeting.  With Sen. Thom Tillis (R-N.C.) dropping his block on Warsh’s nomination after the Department of Justice closed its investigation into the Fed’s building renovation, Wednesday is shaping up to be Powell’s last news conference as chair.	https://finance.yahoo.com/m/16c40545-d1ce-3ece-b64f-e6d7cd744bf6/3-things-to-watch-at-today%27s.html?.tsrc=rss
2026-04-29	Google	0.011	Almost half of French real estate agents enable racism: study - standardmedia.co.ke		https://news.google.com/rss/articles/CBMi0gFBVV95cUxPZ0EzS2F1SzNrM2pSbHhCX0pManZGcWFjbGJhRjlTMlpaZUVfTXVXS1pOTUY1WnFDbVk2aWIybWFFSnFHdjBKUjZMbTN0cHJLNDhvRGxHM1I1bTdabkFqNkN5Z3ZBamw5aWNNYlRqdlRQVno3WkFZVGVnQ1Vwal9XS21yM3VST1RfX21WSWdlM0I3c3NLTEp5d25uUXY3R2xQQ3FVWXBwb0UxQUZTUUZRUW9IenpuSlM0d3ZHWUVrUFh2R0NRc0ZBY1VmYzFQLURpMWc?oc=5
2026-04-29	Google	0.0	A two-dose Lyme prevention antibody is planned for a U.S. field study - Stock Titan		https://news.google.com/rss/articles/CBMiuwFBVV95cUxNdDlkcWM0WU1wUzlXQ1N6UlRvV0d2U3BmMEtvMlVtck5kalotNExicnNRbV9DWmhncDJoSTZIWnRndFM0VERwVjBpZGYtMUJET0dOM2xmN1otbzkwd1VBUFNLaUpJMW5KUjV6cXBSNWQwRWdlaVZsNVVaT3FXRlRkemNPN2FsaGFRcWJHNE1jOVp5XzFkUFBDTHJPY21NM3B1OG9Kd0NXVVdKY0VVdllRcjJJNld0WmI1NUo4?oc=5
2026-04-29	Google	0.0	Tonix (NASDAQ: TNXP) plans Phase 2 Lyme antibody study for 2027 - Stock Titan		https://news.google.com/rss/articles/CBMiwAFBVV95cUxQOFoxZHhXaGpuZzV3UXZoRXJKT3BjSGpjNDlYcGktOFg0MUxqQ3oxNWpSUmxxUmpjQzZ5TDFBa1Y2MkRFRURDUnFvcWVTM2RmdlNwRnZOcmg4Tm9VLWwxU0FlVHdsakVzNXUzZnBxX2dHd3BOQ2lwRUJ3bmxYQi1DZHBGVU9COHhDRjRQQlBlRHdLY0pVZXp1dWo5QjZlYnZnTjlLWDJldGpsakdzaGU2emVZM2FRUnFqOGVPbS1wZkY?oc=5
2026-04-29	Google	0.0	Tonix Pharma Advances TNX-4800 Lyme Disease Prevention Program - TipRanks		https://news.google.com/rss/articles/CBMitwFBVV95cUxQYTdUTkRsQS1QWk8zbzlsQ2NLal9lRWR2ZkZOblRXNTBUMzRTbFNkaUNTMTc4X2w0Z2RDb0NPTXlBeEw2TE5aQWs3VHZPb3ROVHlXS3JRa3duRlJIVm9pMWZPNUY3OWNJdmtsM21hc0h1cUhha0xkSWxUNzZhSHVFV1VYTnYxdmlxSWQxUDNtcVpzZnl2RFR0cTRjVVZKaGQyOTVuaVVvX0NIVzB4ZkpuOVNOcjEwUG8?oc=5
2026-04-29	Google	0.0	Tonix Pharmaceuticals Announces Presentation of Phase 1 - GlobeNewswire		https://news.google.com/rss/articles/CBMi7AJBVV95cUxNSkRFaGFwMnRDazhUb1NrWjBpejI5aEhSSG5POXFObDZNTnZqNGxVbGstTXpuMTNWNFZVWEhMN2p6V3BBWG5ZUlVLT1U0eVNFQXFjSEZrSklFWDlrV2ZsaWZvYmJySDRDX3VrdWlDYjVoclRPRmZxU2hrMGZ1ZTJtMTNDTGRCemJ3NU1Rb3Q2b1NOR0NNYkNqT0dYZmN2ajFKN1FlalJiTXVMVXNOVDRENXRESm5IU0s1SnBYSkVfUlg2anVUcHN3V0pETWZZdGtJa2YzSFhUdHkxVFdFNS1qbTRyaVMyck8wcTh2aTd2TDZub2YyTVk0X3hkajZPV2YweFM4UUoxOXF0QmpLZS1XaVQ4U3VldVMtSzdTS2ZYWEdEbmY0MWpRaDBKdUM1cFFLMW9kTk9VaHJMZEpfWjgwSzhpTTU1M0k1U3dYcmFJTnp2UllqS2E0bWNDaEhpV0t4Q2IyamNWX3Zhb0lV?oc=5
2026-04-29	Google	0.0	Tonix Pharmaceuticals Announces Presentation of Phase 1 Data and Plans for an Adaptive Phase 2 Field Study of TNX-4800 (anti-Borrelia OspA monoclonal antibody) for the Prevention of Lyme Disease at the 4th Annual Ticks and Tickborne Diseases Symp - GlobeNewswire		https://news.google.com/rss/articles/CBMi8gJBVV95cUxNaThaS0pRTXk5YlVPV01sbUJuTHgtQnUxUzNzRnJMeUI3dlRiQ2FmYldxdGJtRlpIRmxCY2puaEJXN3lDcEstZm9rSDhYOEU3cDcwcHVNMFE3MGtxbHJmM2JzZXpObWRTckhKbU1RYVVTRGxueXpyRDRVLXlUdmxrV29xc1VrXzhiTUd5aDg2THkwb0FQZmRNOHZieHVPUk83TFl1Vkw5d3BmdjIydzFjS004YXV3R2FSdG9MVktpOHk5Q0t1VjBlUXFHY1hESjBkU2JTT2YxVmJnNUw5c21JYnhsdFpQdHFaTXhvQllqejFIOHNJRDUyQ3B0TEFKMkM1aldJSmxUQlhkNEJMVDAyS29QdXpNVzNDQ0tPVzE0ZDYzVG01NUxDNHM1Smp1V01FaVNWMk04c1VvT0s0eXBuNmx6bWpnTUo3M2xZaDEwZllUVDR3Q2dRSUc3ZUxxMW9XMnJCMHdINzJUcmU2bG5fcVln?oc=5
2026-04-29	Google	0.0	Tonix Pharmaceuticals says on track to initiate Phase 2 study of TNX-4800 - TipRanks		https://news.google.com/rss/articles/CBMiwAFBVV95cUxNSGh0SnFSbXR1T2V0STFuQThxOEVLcGFhSmRDbkxDc1hwZkN2RWRkRkZDTFZkcG1Qb1YtNnhseVA3Tm5YTGE3NEpRODJUel85azdOUlVCMU9FeVQyQzROWGU0eWxsc0JtVE1TeUpnb0pCYTRYR2NHWG5YNHItVzhOQmRSb1JJampQcjRxZGFrTVlSRVRrSmpYUnFKRGNILV8ydndPLXlhOHhCLURrTzFCQ2JMQnlPbF8wUFVaTTVOR3U?oc=5
2026-04-29	Yahoo	-0.033	Investors Expect a Fed Pause Until October 2027	The majority of investors don't see the Fed cutting interest rates again until October 2027, according to the CME FedWatch tool. The outlook for an extended rate pause comes as oil prices surge once more and inflation remains well above the Fed's 2% for the fifth consecutive year.	https://finance.yahoo.com/m/e12d1040-a34d-3436-bfd8-77ad219f6274/investors-expect-a-fed-pause.html?.tsrc=rss
2026-04-28	Yahoo	0.5	Treasury Yields Rise as Iran's Proposal Meets Skepticism in Washington	Treasury yields and the dollar rise as the Trump administration receives with skepticism Iran's proposal to reopen Hormuz in exchange for the end of the U.S. blockade to its ports. Oil futures rise more than 3%.	https://finance.yahoo.com/m/019774cb-526c-3f49-be0a-68b8fa926e03/treasury-yields-rise-as.html?.tsrc=rss
2026-04-27	Yahoo	0.0	Treasury Yields Climb as Trump Says Peace Can Be Negotiated Over Phone	Treasury yields rise as political violence resurges in the U.S. and President Trump says peace talks with Iran can be done by phone. The gunman suspected of targeting Trump at Saturday's White House Correspondents' dinner in Washington, is set to appear in court.	https://finance.yahoo.com/m/0f931c49-a8d8-38d4-89aa-c2fabaf1bee3/treasury-yields-climb-as.html?.tsrc=rss
2026-04-24	Google	0.2	Tonix Pharmaceuticals Showcases Promising Preclinical Immuno-Oncology Advances with TNX-1700 and TNX-4700 at AACR 2026 1 - Minichart		https://news.google.com/rss/articles/CBMi8wFBVV95cUxPa05lbjBDV2hhRDFVdjZfLUFDNExGTGpNbHl0dmp1U0tnUGVUWmQ5a1d6NU1laTZud19wdVhqYTJTbWV5Y1lFVTBiTWo4VXd3OWR1ZnJqYkxyTVpaT2dpbnRFYkRGWnloNWlkN2s2Zk9jaDRCckhpWTk2bmdZaFBhcEpMVmNub3VnTWY5WG4zM2FmQ0U5MlF4MkdQNTJVczRKR0IybEU5cjYyV0UtXzlaOU1EMUhnbFR2MGdqVmx6WXROSi1iTjZXYWF6M3NnY1l3eWZDLXNnQW1TOHpMeld1T2w3cVdxOTY4ZnBPMG5xMmlUdDA?oc=5
2026-04-24	Yahoo	0.108	Treasury Yields Drop as DOJ Drops Probe on Powell	Prices of U.S. debt were higher across the board as the market saw a greater likelihood that Kevin Warsh will soon be confirmed as the next Fed chair.  The Department of Justice is expected to drop its criminal charges on Fed Chair Jerome Powell, according to a post by U.S. Attorney Jeanine Pirro.	https://finance.yahoo.com/m/dcf61228-c5a5-37e5-a635-c538ebe9b9fe/treasury-yields-drop-as-doj.html?.tsrc=rss
2026-04-24	Yahoo	0.0	Treasury Yields Fall as Middle East Tensions Loom	"Treasury yields slip as the standoff in the Middle East drags on and ahead of key U.S. sentiment data. Defense Secretary Hegseth says blockade of Iranian ports ""is growing and going global."" President Trump announces an extension of the Israel-Lebanon cease-fire."	https://finance.yahoo.com/m/434f80a7-7862-3599-8bb1-563561c85006/treasury-yields-fall-as.html?.tsrc=rss
2026-04-24	Google	-0.167	How black tax and cost of living are reshaping family size - standardmedia.co.ke		https://news.google.com/rss/articles/CBMizAFBVV95cUxOaE5LLXpsa3h1QlVqRlZ2ZktTZlpUYTJxSlh0dDJjdXF2X2JnRkhVWkE0UlBwRDVYRm81NXJ4UG96LVhpZGdzYTVMaU5uUDAxNFVycml2OXJHV1JlTDlUV1BDTzJ3MWNjcGdqUnBvQ0ZuLUZLZjJPQ2R4Nm9NbFVYZmF1TUN1cGVEaWFyWmM1UUlhUkJsTUluam5wV0ozOUtlWl9uSmV3TkIwZGV0ak5kbFpmazQwYjMtcUo5QVNHdGUyMkdHNHZDRkhIN3Y?oc=5
2026-04-23	Google	0.0	Preclinical cancer data for Tonix (NASDAQ: TNXP) TNX-1700 and TNX-4700 - Stock Titan		https://news.google.com/rss/articles/CBMiwAFBVV95cUxNX2lCYUF2SjdWeGNTR3JDblMwcWpQYmY0TVdSdTJsc2REblhHT0MzNDJTTWVFdFZfdzZZc1dMaTkxakVpTjJydzE4UGJWOWtnTXdqdGZTbmU3Q1pCUkY5WHRxQWNKN0czdVVhSm1CV0hXdDdHa3NNWmhmcERzTWFqNlF2VHVBVFd3MU5SRFZjMkVXZm0yZzB4MWFBWFM4Uklqd0xxbjlhdEtZRDNhVTg4ejQwOXpPUEUyODVwLUNWVTQ?oc=5
2026-04-23	Google	0.0	Tonix Pharmaceuticals Presents Updates on Preclinical Immuno-Oncology Programs at the American Association for Cancer Research (AACR) Annual Meeting 2026 - GlobeNewswire		https://news.google.com/rss/articles/CBMiywJBVV95cUxNdnZuRnVUak9jZk9JWmRkWVNYOVpBQllQV2pzMTUtSW83SHpidkRBNUp1cmt6SVlobnphcHI3Tnlpa3RXdHJZZEdLaGRqbmVyRTlhUV9jemhyLUY3ZGVvNVhMN0w0YjdBUTZfQzR1RFh2SVJoSFpuOEoyMjNYU2JEYUhLdUJmOGJaYlNnMWMtc0N4c1hUQTQwWXhRd2swV2FFdk1oVDM0RHlNb1puemhoVGpGbEtRWXRfWWZicXI4Wi01cXQ1bEdJeklDckVHWHNDTTcxcFRTNWJlZy1ldzY1SDVrWGtCRUtvdUpUcm9Wc0tnYUx2eHc4Rm5HWFRMVWw4bjhRLVMzX1JSRkUtME0tSlRhc2s1cHhfSWRaNGRqMXNwaW1hbFh1MVRTY1FZSHYxS1RVNi0yeENnZjZOQmtRS25hQktZWHo0Q053?oc=5
2026-04-22	Yahoo	-0.064	U.S. Treasury Yields, Dollar Edge Lower	"U.S. Treasury yields and the dollar are slightly lower after a cease-fire in the Middle East was extended.  ""The extension of the current ceasefire by President Donald Trump has reduced the risk of immediate escalation but left the broader outlook uncertain,"" says DHF Capital's Bas Kooijman in a note.  The two-year Treasury yield falls 1.1 basis point to 3.768%, while the 10-year yield is down 1.2 basis points at 4.280%, according to Tradeweb."	https://finance.yahoo.com/m/a0b7ea1b-ed66-3db3-9448-17b9c0689b35/u.s.-treasury-yields%2C-dollar.html?.tsrc=rss
2026-04-20	Yahoo	0.022	Treasury Yields Resume Wartime Rise	The prospect of a U.S.-Iran peace deal dwindles and Treasuries sell off, sending yields higher. Iranian officials threaten not to show up to an expected new round of talks. Oil rises and the WSJ Dollar Index is up 0.	https://finance.yahoo.com/m/13609fa9-8fa3-3d69-94cd-95bda5a69700/treasury-yields-resume.html?.tsrc=rss
2026-04-18	Google	0.2	The role of narratives in unmasking modern slavery - standardmedia.co.ke		https://news.google.com/rss/articles/CBMivwFBVV95cUxQSUhRa2pfWk5SZkRUOC1kOGx1ZjZFdDl2QlZyZWc4bVA5bjVkUnA4UnBIaXNnaWZ3WFpVR1JlU2JoOXdWWnpKeDM2eE5JanRka3JRNDZySTg4X2JnSElHM3BIWXRrbjdXelEtdExfN3g2WHNqQVplZ3lOX0ZqUDFBSjR0cDlBaFE2TGRxZ19CVy02N19TTUttYll6MFVjeGROOURJWlpZa2ZIU2o2Y0laOXhsb1VMTDliZERiSzJ2dw?oc=5
2026-04-17	Yahoo	0.011	Dollar, Treasury Yields Fall as Iran Declares Strait of Hormuz Now Open	The dollar weakens as oil prices plunge on reports that Iran is declaring the Strait of Hormuz is now open. President Trump refers to the announcement on social media. The news comes amid growing hopes of a peace deal.	https://finance.yahoo.com/m/7ea80276-eb3b-3e9a-96d0-8b6b45b02a17/dollar%2C-treasury-yields-fall.html?.tsrc=rss
2026-04-17	Google	0.0	TNX.CA Technical Analysis | Trend, Signals & Chart Patterns | TENX PROTOCOLS INC (TSX:TNX) - ChartMill		https://news.google.com/rss/articles/CBMicEFVX3lxTE1JT3ZLLWFsNks3VG5reTEtNkhhVmtaZDl1REM0ZlNqRFBuVDlINExmR3hmam4xd3djTlRVdm0xc0w0U3JuMXBJdHZ2dU9fbWpOZVE5RW54a2Z6QUR6SkxmUXFWdWtoWUVZaXI3XzFORHU?oc=5
2026-04-17	Yahoo	-0.35	Treasury Yields Fall Along With Oil Prices	"Treasury yields slip as crude prices fall around 5% on expectations a U.S.-Iran peace deal. ""If a deal is reached between the U.S. and Iran which now appears increasingly likely we would expect oil prices to move toward the mid-$70 range,"" Spartan's Peter Cardillo writes."	https://finance.yahoo.com/m/3b3153f5-78f0-3aae-a895-af02d8880f9f/treasury-yields-fall-along.html?.tsrc=rss
2026-04-16	Yahoo	0.128	Treasury Yields Mostly Fall on Cautious Hopes of Middle East Peace	"U.S. Treasury yields mostly fall as hopes remain for an eventual U.S.-Iran peace deal.  Yields on very long-dated Treasuries rise, however, as uncertainties surrounding the Middle East conflict remain and investors are cautious.  ""Although the war in Iran is becoming a secondary concern for investors, negative headlines that suggest that the end of the conflict is not imminent can still move price action,"" says XTB's Kathleen Brooks in a note."	https://finance.yahoo.com/m/0d298b25-2320-3a7e-9a23-4906f90296ff/treasury-yields-mostly-fall.html?.tsrc=rss
2026-04-16	Yahoo	0.0	Treasury Yields Reverse Course and Rise	Demand for Treasuries weakens and yields rise as U.S. indicators surprise on the upside and markets cling to talks of a possible extension of the U.S.-Iran cease-fire. President Trump says an Israel-Lebanon cease-fire will begin at 5 p.	https://finance.yahoo.com/m/d8ed992e-15f8-348d-bb1e-9ff145643dcb/treasury-yields-reverse.html?.tsrc=rss
2026-04-15	Google	0.227	Tonix Pharmaceuticals (TNXP) Reports Positive Findings on TNX-10 - GuruFocus		https://news.google.com/rss/articles/CBMi5AFBVV95cUxPZmc4NXFQeEhaMmZtak1ldHB0ZkJxQ3Y4NFJ3TWMtNFJNRDVqcUYwUVI3em5uNHF1VUpQVVhDUlg3TUVPd3RZZmtkeHJPa3RVT1pOMWZKV01lVDFDMXdSOXc3X2lSQ1lhS1l0cUpSTjdjZE9mQW90bll3WnIxZ09XUjRoYzRoTTFfb3lOY0NwOGtuZTFQdVFZTmtwM2tmREZSNWtLVy11NFFiMTFfb3dLbUhkUU5PaXZkejZuVHJIWThVSGxsSkMtTkdRb0txTTZXZ0FIUkJaaHZHQm95REE2X256c3g?oc=5
2026-04-10	Yahoo	-0.125	What's Keeping Buyers of Treasuries Away	Treasuries are selling across the curve as traders fear the shock to energy prices could spread to other sectors. The yield on the 2-, 10- and 30-year are each up by around two basis points. When yields rise, it suggests that investors are valuing the Treasuries lower.	https://finance.yahoo.com/m/2d083162-d6f9-3eb4-b8fd-26c146255c8e/what%27s-keeping-buyers-of.html?.tsrc=rss
2026-04-09	Google	0.2	Kilif-based Turkish billionaire wants terror charges against him dropped - standardmedia.co.ke		https://news.google.com/rss/articles/CBMi6gFBVV95cUxOQmVMdEJKYzVOc3otdVJNcF9ka0Y3MlhKX21fOWpPbzNVMVJNUDM3WlNpUGl1RkJwMWZvTTJjWUNTSk5xR1JLWHk3V0xKcVBleGRSRGxadnNidkNDRUZvbVUzUWpQNEdxM1VseHNuNGg2X2kwRmw0SXpUSTVza1lpcV9sdUxYak9xT0UyMVNaaHFfWXRTdkZnaWJBbVhjUVExVFFLeHBJR0U1aUs5cWVkMUFlaDkyeG0zYV83ZkJ2clZ5NjBmOUthLW00ZUZEMldwY1J1N01GeERtNkRRQVJSSUNJZG5YN3RGUVE?oc=5
2026-04-09	Google	0.0	Science X Network :: Phys.org, Medical Xpress, Tech Xplore - Science X Network		https://news.google.com/rss/articles/CBMirwFBVV95cUxNTkFQclFObmtsY1h0dlU0dmNhb05URUJGZUhjVVF5SE1qaEtFRUV4X3lScXpVTDVpdnZaMFl0Y1pRYnNER2RENEpicHV4NTVRa0tjRlhiLW9GcHJTV0pGWlhhQVZITTJvNXRhcElMZEw3S3pDbmItRllIUUpJbnpYLWd5dlQyMWdHeWI4Sl8yYUlYYmFDeXVkRnhHYTFyVkFNaDZtYmpISjQza0MxaFhF?oc=5
2026-04-08	Google	0.136	New monoclonal antibody shows promise for preventing Lyme disease - News-Medical		https://news.google.com/rss/articles/CBMiswFBVV95cUxPNEZxNDcyZWFteXN5Y19NS3BLZkgtNmk4ZTRHMC1YSGx4YU0xY0Z1WFdkblRRc3g3N0lZbDFJbDZMQTdDdC1lN29XbUZfSmd4eS1ScVdUVW85enJLengyeE9aQThQS3JOVlBxWXhpeW5kWmpBSDljMHRRM3VjY3Z0Z2w4RUZud1B1c3NPZkROOUhyQzNCN2tOR0htcmJVa3FlVUJCX1c3TVp6Z2xzTDU2bTZNNA?oc=5
2026-04-08	Yahoo	0.05	Dow Rips Higher as Stocks Surge on U.S.-Iran Cease-Fire	The eleventh-hour ceasefire between the U.S. and Iran sent global stock markets roaring higher on Wednesday.  The Nasdaq Composite gained 3.5%.  “The risk-on trade is now on steroids over this two-week ceasefire that has at least temporarily reopened the Strait of Hormuz — but apparently on Tehran’s terms,” writes Rosenberg Research’s David Rosenberg.	https://finance.yahoo.com/m/25cffe43-f748-3687-8141-0307cce1eee9/dow-rips-higher-as-stocks.html?.tsrc=rss
2026-04-08	Google	0.0	Phase I study for human monoclonal antibody for Lyme disease demonstrates safety, tolerability, pharmacokinetics - EurekAlert!		https://news.google.com/rss/articles/CBMiXEFVX3lxTE1NU3NXbS1YWm9xazlrNzFDZGtfMXZUOHMwaTZkYzdOYjQtT2hPT1NwMEpCSWVDblVlNWZOLWk4bGE3SzZXTkU0UEFKbWtNN1puel9VLXpZLXJzMlJ1?oc=5
2026-04-08	Yahoo	0.0	Treasuries Are Soaring in Relief Rally. A Key Auction Is Ahead.	Treasuries are trading at session highs, extending gains after the U.S. and Iran agreed to a two-week cease-fire. The 2-year yield is now trading at 3.746%, well below the over 4% seen during the height of the war.	https://finance.yahoo.com/m/c7c92947-8992-3461-a7aa-60845fed19da/treasuries-are-soaring-in.html?.tsrc=rss
2026-04-08	Yahoo	-0.044	Treasury Yields, Dollar Hold Up Above Early Lows	Treasury yields and the dollar stabilize off early lows as markets digest news of a cease-fire in Iran. President Trump posts on social media that some alleged negotiation points circulating in the media are false, without specifying which ones.	https://finance.yahoo.com/m/8043c4e7-cd36-3863-b504-562bcdc16114/treasury-yields%2C-dollar-hold.html?.tsrc=rss
2026-04-07	Google	-0.167	Political theatre is distracting citizens from serious issues - standardmedia.co.ke		https://news.google.com/rss/articles/CBMizgFBVV95cUxNaTFTYnlOeEpPUVFyN0tVS3VNOVpnb3FhY1JaYjM2RXJXMDc3WVRfR1YzdlhNdFFNamdGUEZQWjNBakNxLWctTTRIUXJRVEJGc1g3ZUUyRTZ1c2NtWThiRGFWVjFPT1VObTFZVmVZYzFTcFU4cHJoemc3bDBiVXdfdGdnUllLVVl6dWZoRjJCX05JaVdSRFFEbTdWZ1dsaFZSS3IxcDc0R2pBX1N3TXZTUUVTSWM4RFdZaS0wRHQtbHVQR2lFUkw3ems1UEpoUQ?oc=5
2026-04-06	Google	0.136	Live Flight Tracker - Real-Time Flight Tracker Map - Flightradar24		https://news.google.com/rss/articles/CBMiZkFVX3lxTFBXNEJ4UTZ1enJLVXdCekJlU0p1QmM3b01WeFloMlVCMmVoclY2QW1Sci01WXhSQWZ6OEMxaV9reXNvc01lZkZwTnkxYUU2ZTZnZ2dNZU4tZzhqdng4NG8tOUtwT2NmQQ?oc=5
2026-04-06	Yahoo	0.098	Treasury Yields Move Higher. Inflation Data, Long Bond Auctions Are in Focus.	Fixed income investors will face a busy week of economic data and new auction supply that will test the market’s recent rally and the safe-haven status of U.S. Treasury bonds.  The move erases most of last week’s decline, which saw the paper dip to the 4.3% mark, and likely reflects Friday’s stronger-than-expected March payroll report, which showed a net gain of 178,000 new jobs, and the ongoing rise in global oil prices.  In the meantime, investors will navigate three key Treasury auctions, inc	https://finance.yahoo.com/m/eac6d03f-1df8-3ac1-94a8-4e60455eb938/treasury-yields-move-higher..html?.tsrc=rss
2026-04-06	Google	0.0	Multimedia de TNX de Weverse - TNX - 'CA - Weverse		https://news.google.com/rss/articles/CBMiWkFVX3lxTE53LWgwdTJJZjlEYmFmM2RPdFVmMW5wUVU4T1JuTUtsV1Q5RE91TVFRM1pSQlUydGk4QXNQeWViYURQT0VwZEZnR19tbVlTc055WXF6T3pFU0NWUQ?oc=5
2026-04-06	Google	0.0	Weverse TNX 画像 - Call Me Again📞 - Weverse		https://news.google.com/rss/articles/CBMiWkFVX3lxTFBnbWdQQkJpaFp4Y3R0Vjg1V1lyRzFiN01Vb1lYRGhXRDhjUlVUMml2UG9YUzVBSDdub2ZKbVhNR2dsZU5XZkpfZ2xqVHMyZVhPX24xV2gtOUdLdw?oc=5
2026-04-06	Google	0.0	위버스 TNX Media - TNX - 'CALL ME BACK' Dan - Weverse		https://news.google.com/rss/articles/CBMiWkFVX3lxTFBaREE4a1BjVnZZaXNLQ3JPRFc3eU5WTW1yRzlvU2dvTDdFYlFIY1BUaUVlUW1MV3oybFNHMjN3dkFIOVhzb1F6aFFzSHpHcTh2ejFqeFpMUFlqUQ?oc=5
2026-04-06	Yahoo	-0.09	Treasuries See Choppy Trading After ISM Disappointed	The U.S. debt market is struggling to pick a direction after fresh data revealed a services sector that's struggling.  Economic activity in the services sector lost momentum from the prior month as evidenced by the Institute for Supply Management's services index, which came in at 54 in March versus 56.1 in February.  The data highlight the push and pull faced by the debt market.	https://finance.yahoo.com/m/a307f5ba-cd99-3dd5-aa14-3451c314c505/treasuries-see-choppy-trading.html?.tsrc=rss
2026-04-01	Google	0.0	Tory Lanez reveals father's marriage to Kenyan woman in resurfaced clip - standardmedia.co.ke		https://news.google.com/rss/articles/CBMi0AFBVV95cUxQZ3ctenRiRnRONWltb3cyQ240bkJXYnVOUGRjQWZCd3YxY0RTUUVxdGV1RkpLRkNzSkdPN2otSnZRYV9IbVRLenY1NTJ5VkhYWngwVWE0dXJqSW9ZYko5LUs0bDRuRmRETXp6M0ZMUXpPTkEwNkphRzRBcXlZS2w5RkFENE5WMWdoelFjUlkyeUkyWjVXZUVieGFmSWlvbXk5cmFaNHQ0RDlfaVlHME5pQ2thdVB4R2RUUzNsVWZuYUJXZUFtMkxIOHdiam1LM1Q5?oc=5
2026-03-31	Yahoo	0.0	Markets Just Made History. 23 Stats That Prove It.	Barron’s compiled a list of telling monthly and quarterly statistics with the Dow Jones Market Data team below.	https://finance.yahoo.com/m/84175dfa-18f7-3cec-bd6a-1c93fc6c14da/markets-just-made-history.-23.html?.tsrc=rss
2026-03-31	Google	0.0	Phase I study for human monoclonal antibody for Lyme disease demonstrates safety, tolerability, pharmacokinetics - UMass Chan Medical School		https://news.google.com/rss/articles/CBMi7wFBVV95cUxQMzFPY1JmbFhmNHZiX1VRMHhwc0hiVVRSdnFhUHQzMDhHblZUeHRiYUcybVZEcV8yV2tOelZfTEZITHlnQk5WQ2NFaUZrdXlXQ2N3cVhzZ2VBRzhvS0FESWRscFl0ZmppcUR1VERWTXJtdHJqREN5QTJvaUZpY1U2Y2pYaVlJZjhYM3lIaG5NdUxWY21KSVlTM0RsVGVlQkxDRk1yN0NOVzhHOVpVaUVIVGpoU0lueVJVcXJJZnRYaHVUM1FfaEItWmVRSkZ5NnV5c0dRTVp4dms3ajA5dGI4NWpROElCZWtldjQ3cWlGUQ?oc=5
2026-03-31	Google	0.0	Tonix (Nasdaq: TNXP) advances TNX-4800 Lyme prevention antibody on Phase 1 data - Stock Titan		https://news.google.com/rss/articles/CBMiwAFBVV95cUxPdkhCOTdNYmdnelBXZEJCUXdSa1U3akVKZFhDN0JROU1RSUFFX3IzdWo0clRWNkhacDlQZDNNcncyTzRoWjFhTXA2cEJPZ0JiUjQ1Vm1wNm5nZUk3RFRmekZVdHQzcUxvdHpzYzlUbWVaU29wNTktLXhaV3JmcG9HX3pZTktZZE51WW0tck1VdWtsWUNRR3FhU0doUmFZNVRIcEtydlRSS0dqSll0U2x5QjAtUllyZ3NJTFhjaUdNQ04?oc=5
2026-03-31	Google	0.0	Tonix Pharmaceuticals (TNXP) Advances TNX-4800 Lyme Disease Trea - GuruFocus		https://news.google.com/rss/articles/CBMi3gFBVV95cUxNZUtHTDloQVEzUWxqX282dFEtclo2eGRyS2tMVTVuUnMwWld0LS05NlhITjdydnp1bG55UXAxOHluRjdwd2FsVlM3ZmJpOGpqS2J3ZFdKeURkTU1FWW12YWVTNWV1WHc1SkowZFJzV2FwNjQzWWo1UmNjZFdxbV81QUNTSWlIQ3JfV21mS09hcTdEQ3NDYjFDZHVSNmsyLW4zaFJSb0NzR2JXS084VWJnWHdfTjZ2Rk52d2UwZmRDSFI1WWJPSGpOOEFBT1dOa0VvbWphSlFhSDBHekFIX0E?oc=5
2026-03-31	Google	0.0	Tonix Pharmaceuticals Announces Presentation of Phase 1 Data and Outlines Planned Adaptive Phase 2 Field Study of TNX-4800 for the Prevention of Lyme Disease, at the World Vaccine Congress Washington 2026 - Yahoo Finance		https://news.google.com/rss/articles/CBMiuwFBVV95cUxQZlNWTGtnUUVMREdVZ3dwME16RWZMWk5UanhtNXQwODJvYk4wNU5vNDZCZDFXaUJlM1ZVcEJ4eHRZWmlCeUFrSW84WTFoc0VYQm80cGtDcHROYUpOXzlaSnJBNGtwLXVYVVhhLUVIcV9nV3pYMi0xZzN1eFJERnV1cVpWYVREV1p2dnlPalJDTVFzeVNqSU9KNXFkNWdZeTR4V2kyandtVm1Xd0FpWmt4YWlfN09tdkx1WHNv?oc=5
2026-03-31	Google	0.0	Tonix Pharmaceuticals presents Phase 1 TNX-4800 data, aims for adaptive Phase 2 in H1 2027 - TradingView		https://news.google.com/rss/articles/CBMi5gFBVV95cUxQZkJTZHFOTmNCOXV5c3dFZjdJR1ZqMlJ6V3dDZy11dTVMblBwV2FRY0Qzd3dxNHlqQTQzQ2Q5akotVWVLUU43WDkxLV9mSkRHZFUzYlBQZExnQU9pbVQ1dF9pVmhjN3VON3lfM1E0SmhQQ3Zod1hGWmF3T1ZRUkF6cWFia3MxdUxEVEFyT3BsYWY5VGRqd1NNeHRMcFBkMGQ3M2M1eU1ReW5xQmQ4XzZrVkZpS0ZLdDZtZTY2SEVsWTFyYUdiQm0wbXRhaG52NnZiZG1jaWJycVdCdnAxelVVb1pKTWI3Zw?oc=5
2026-03-31	Google	0.0	Tonix Pharmaceuticals presents TNX-4800 data, to initiate adaptive field study - TipRanks		https://news.google.com/rss/articles/CBMixgFBVV95cUxQSE1TQTFORWpSbjdkcG5vQ05TeW1DajJHSTBIWnI2cWlndXE1bWFJcjVILXBsYUt0VklOY2xwaHNBbnlHWnBWTThhWDBaQXBZYlphdUpGQ0ROcTlXcVEtVUlueUhLZVk2N0xZeHl1VDYyWWFZTDJBVV9xOUJRVDlPYzZXanI4UW4wckpCSmFRTVIxNVZGeUJJWDlfUkN4cUQtRFplMzl5S3NLajlCUm5MVUVEampVbGhZeE56YkdCQjNmUDhGVkE?oc=5
2026-03-31	Google	-0.008	Omanga and Nyamu defend each other over false online sexual allegations - standardmedia.co.ke		https://news.google.com/rss/articles/CBMi0gFBVV95cUxORkozZ3FDb0YtTks1dTRIMGNVbFRaakRFd2RNd2NwVFBmY3VKQmc1QlkzSUVraUNRUjJHYTZGZkxmRU9KQ1BCRTZOdFBLZUhETzVlQzg0b3JHQjhJNUlWYkF1UDJXNml4b2labEw5UFBGLTlJU1N1a0xkQXA0Z1FpWjVtVXFOS2wyN2lMSGNrd2VfR01aS3pXZWdVb01DNEJiVlRYQU5qcDdwMUJ1VjRjMEIteGMwSWFMTlBjTUl0NkVjMnY0Y3g1Q2FVTHZocUNDZUE?oc=5
2026-03-31	Google	-0.071	No U.S. Lyme preventive exists; Tonix tests 4-month single dose - Stock Titan		https://news.google.com/rss/articles/CBMiuwFBVV95cUxNdTJoUG1qOWFuMWpSM3FydzZwNGNOY3R0cnN4MFdRenVjaUVPRlpIbzIyT1JqWTdYcWpxM2c0N0xCVkdZR3AxSFRvb2dWUE1wUzJrQXg0ZFNoU014SUVPXzVVQ2lHMkplb25UVTd0d3JuWXR4S2xPZXd0WmptLXVTSEVfdjRBLThuZ25XbE1zeWQwZWV0Uno5ekEtUmlPdUo1V2NfZVNBdkpHRTVXU1dzMjJRb2wyZHpzOG1n?oc=5
2026-03-30	Google	0.033	Why Tobaco firms have shifted to social media to lure youths - standardmedia.co.ke		https://news.google.com/rss/articles/CBMi1gFBVV95cUxOZzBxOElDczhRMHdxbnJkWFI0c3dFSnFVSjhDQnA4dzBObzZiMzdKZlBzTC1va1JiUzlqUExyUlc2T05UTENaX3ZoNW1OcGt4enVjbC1ETGc2MkEwNmhLeGpYWUVtUnRUMmM4ak5yZFc4SWdSMzNCZWhtRHNKOHVlbVZQT1ctcldaMHdSWGpxU3B5M3Bhenk2TnNjQWpha0pTNnhndm1fazVENEpTMElHcFM0MEFmZUdsLVE1dm96ZWxLd05XNzY5TDdiTXhVTExaRE5ZSXlR?oc=5
2026-03-30	Yahoo	0.0	Treasury Yields Fall; Upcoming Data Could Be Key for Fed Outlook	U.S. Treasury yields continue to fall from elevated levels. Investors are gradually turning their focus towards risks to growth from the Middle East war as well as inflation concerns. Surging energy prices have caused markets to slash expectations for U.	https://finance.yahoo.com/m/d2db632b-2f28-3b6f-b8a7-23a60c0a427e/treasury-yields-fall%3B.html?.tsrc=rss
2026-03-28	Google	0.0	Bitter-sweet Orange: Beginning of the end of Raila Odinga's ODM - standardmedia.co.ke		https://news.google.com/rss/articles/CBMizwFBVV95cUxOeThucm9QNnBQZlQtRldZWkRkaU4tcGJjWm1EWVBrX25iVDN5ajI4STZpc1JLcm9HckVqcjNpalp1MENBM0pGbUdmcm5Cc1NpWlpaM0ZqOGJXVE90SEoyTzVjZzBqWFA1cndjb1ZoQXF2a253QVBVNGY2UjM1YUczTGJjRGdkM2tkT1JsLXZmYk9aZ0RLX3JIa1J4MldpN1JXdHZFV2tITnZZUm42dUZKWlhJY19FN0pOeFE5b18zdWhyd0dzSjlIcGk3TUk2UEU?oc=5
2026-03-28	Google	0.0	Penalty anguish as Harambee Stars fall to Estonia - standardmedia.co.ke		https://news.google.com/rss/articles/CBMivwFBVV95cUxPNDRhZlkyNGlJRE5qal9aY21kand3amZmcldSMGM1V0V2ejN4SXZkOGRXaGNRdGd6Q2dleFQ5NHIwWFAtWGJVVTk2UmdYQldTYVlaZ2N3Z3RZSFQyWl83eU1ZbzNHaW9jZzRvaXJna3RmYmF4QmtXQUowQkFPX3ViUDVueF82bXdjNHFCcjFpdlBtclJyRDk5Y3dMSlF3bTJhX1B4a05DUloyeThNS3FtMGNlU3BpcnBXWFZKVzVIUdIBswFBVV95cUxQaEYzZGphZHlLSURyNjJpUnVkbWE2RExPcllwTVVhT0x5anpMRThvcWlmZEl6WTZfOTBoRlROaGpSNWdTVjdzeE5ibzV2b3l1UnlCWnlUQnhLcVM3QXc4aFdTWWVEY00xWE5YWUdXelp2R3VBdUFpQnBSZ09Fc0tlZXdNd1kwSVpCZ0FMTjlFUEg2em1qLTVCYy16U1huRTBWZVhCejRoOWVzaXdkMHZkM1lROA?oc=5
2026-03-27	Yahoo	0.188	The market is starting to think the Federal Reserve's next move is raising interest rates	The bond market is flashing signs that investors are expecting a more hawkish Federal Reserve amid concerns that oil prices will drive inflation higher.	https://finance.yahoo.com/news/the-market-is-starting-to-think-the-federal-reserves-next-move-is-raising-interest-rates-154704986.html?.tsrc=rss
2026-03-27	Google	0.0	Crime of passion: How rejection fuels rage and revenge in relationships - standardmedia.co.ke		https://news.google.com/rss/articles/CBMi5wFBVV95cUxPWENVUEs1U2FPckUtb1l2M1dNMDdlRHVNaWxrLVV4VmFNdC11RzEwRTBqLW05TGdkdFlEUlg4ejdQcm9hc3NzN0M4QV9MRHZQdzJyQjdybjhqcDVSbkMwTUFCRU41N2N0c1JQMFJfdWl2U1l4b2lzSWp2TXl4U1IyZXJLWFlWUGFYenlVaVpKVm5nUDRLUWFvMWJ5SDFWNW1qZGJ4NmduQ2tpQzVCMGVLbE1lWGs5X2FmRFFHRWU3VW5Zc2phMHlOQkk0TXJUQUg0TFVyY1FUR0N0a0IyZjhtX2xJa2pKVlk?oc=5
2026-03-27	Yahoo	0.0	Treasury Yields Mixed as Iran Peace Deal Remains Elusive	The 10-year Treasury yield rises, while the two-year yield declines with President Trump pausing strikes on Iran's energy sector by another 10 days. Investors remain concerned, as WSJ reports the Pentagon is looking at sending up to 10,000 additional ground troops to the region.	https://finance.yahoo.com/m/3c7ec4e2-5a97-364b-8058-d58623fe7861/treasury-yields-mixed-as-iran.html?.tsrc=rss
2026-03-27	Yahoo	-0.162	Bonds Set for Poor Month. Weak Auctions and High Oil Prices Weigh on U.S. Debt.	The $30 trillion dollar market for U.S. debt has struggled under rising oil prices, triggered by the war in Iran, while auctions of new debt have gone poorly, signaling weak demand from buyers.  The  is up nearly half a percentage point this month, while the  is up 0.55%—on track for their largest monthly gains since October 2024 and February 2023, respectively, according to Dow Jones Market Data.  Brent crude  oil prices have risen more than 50% this month.	https://finance.yahoo.com/m/7f11c6bd-34e9-38c6-b1cc-4d662a5092cd/bonds-set-for-poor-month..html?.tsrc=rss
2026-03-27	Google	-0.5	Regulator shuts 27 illegal security firms in nationwide crackdown - standardmedia.co.ke		https://news.google.com/rss/articles/CBMi1AFBVV95cUxPeFh4UzU4dlFJcUljZUxfMUdLVEczeEtxVkVLVTdLbU1iUW9mc1RLLXZwZ1F1enpOVHhyUEhaSjZWQVdqNU1YUVdjSVFSaGNGdHlON2NlMXplNjVhczV2UVN5Qjh4cVhYX0xaMGdjZFFkVkstdmVUN2dpSjlmM3RWaXlZWS1iV2xpYkNKRXZyb1gzSDQwZ1J6SlVvb0NvZWo1bHo1LXpiZlQwVE52RFo0SHZ3TGRKOGFoVG12akNDYW9iVE41UmNNNlA5MlhHZk85dEdUQg?oc=5
2026-03-26	Google	0.25	Tonix Pharmaceuticals Announces First Participant Dosed in - GlobeNewswire		https://news.google.com/rss/articles/CBMi8gJBVV95cUxQVlppaXdGTVNKNUpUcWYtdzY1S3dZcWRTaW1MaFZ1MWlMb3NfbzUyWWo2bkoxWVBMQ2dTUDNMUk1OQmE2RVIyREI0YklhTGFlUU1pOVVBT1d0elhUaTh0VWNpQmJBSzRpSDZGb0N3TWlWWFE0WWZQT1BfWXRSWjljejdxT3NxZXV3ay1FZnVmN3c5cTlUc2dpMlJSTExtdVpHUk9rczJQUWk4ZmVpTTFXV3Fkd0RNTWFmandVWUtLdEZjbEp5X3pOalpNVDZuUllMVVUwSElDN0tQay1kUVQweTZuQm5qQ0FzUDh5eGM5SkRESDBObllQUmVtMkFzNjFSQ1FUWFZWdndmdHFjOEdpNGcwWjVJQXlEMUhZN3FLMF94MlVYTUFwdFBKTlBRR0dldVRIbmlON05mZmlUSTdnZHU4TTZaV1BtNWM1NFowWkZtSXZFanZpc1hwX3QwM1JkODV1OUhTNEc5eThhdUxkWkV3?oc=5
2026-03-26	Google	0.25	Tonix Pharmaceuticals doses first patient in TNX-1900 study - TipRanks		https://news.google.com/rss/articles/CBMirgFBVV95cUxOS05oY0F0OHMxTmpPV3ZGU0FIb2t1cmlTdUZPVVlHQWYxbHpJNlJCclp3M1VRcTA5TWJtOXhOVHVHbXE5WGc0Sk14N2I3aDJlelIwWUdELWF5UVVJSE9UenQ5bzJfXzItRFNWSWFaMVhOZnBsTzNQY1V4UTI1WXgyWTg2Qnh5VnM2eGlkOHBGbU1PanlKSXNZV21rUk9fTFVTM05RN3VLbUlNbThGZnc?oc=5
2026-03-26	Google	0.125	Tonix Pharmaceuticals Announces First Participant Dosed in Phase 1 Investigator-Initiated Pharmacodynamic Study of TNX-1900 (Intranasal Potentiated Oxytocin) to Assess Potential for Treating Migraine and Craniofacial Pain - GlobeNewswire		https://news.google.com/rss/articles/CBMi7AJBVV95cUxNNEQ5UmFvTHBmd3VMbm1mbFJRcDg2Z0NtdC1LbEttclRXWjBiTE1kQ3hKVGVsWEw1bWdwLU43XzdpNDVQWmJtOWVFQmoxMDZ0RG9JX1RUSk1jcWRPUzNqNC1EVU5qWU5BWlpGVWFNamdFOHZSdXVjOW1DeDkzS20xSzlpazJObHdhZmVLTThocXJaSEtTa1plU1VyblF1NGVPMWYtN1NKdElYLVEyWVZnZWJDMlFoU1hPTmZJczdzZHRVQTVxZGpEQzg5M2h1QVpQcnY0bWFSVW1nSk5rek5LRXNQSUl1aldiRVlZMGYyOUpkQ2NHWGxsN1U4U2ZLUkFtSHYwMWZNbzl2elFGOXJMSWZCSnBFSFJXOXR6c1hzd1FsTWxfZllhaFprUGNDSWdfcjd6VWNlN2l5NzFXSG9sSlNSRnVCTG84UERQN19PTlJiYXRzeFVNd0Z6Mjlyb2IwVGFFaS05WWNnM0NG?oc=5
2026-03-26	Yahoo	0.088	Treasurys Remain Under Pressure After 7—Year Note Auction	Treasury yields are holding near session highs after a $44 billion auction of 7-year notes attracted soft demand from investors. Yields, which rise when bond prices fall, have climbed Thursday, continuing to broadly track oil prices and investor sentiment about the Iran war.	https://finance.yahoo.com/m/971d19a2-c994-3d76-b90d-290c16b5c0eb/treasurys-remain-under.html?.tsrc=rss
2026-03-26	Google	0.042	Tonix (NASDAQ: TNXP) doses first subject in TNX-1900 migraine study - Stock Titan		https://news.google.com/rss/articles/CBMiwAFBVV95cUxOUUJTd3ZqNVZUY3gyM0VTU0tVX1ppTlo3YmwtNkJQalFwcnRSMHF2SjZPcUVBaWJ3UzZBTzNGVzdEeVYyYURMVmZrWGpBcFBudk95RnJfTHRoM1VqSmt5OGh6QjFpX21ELTdmYVV3b3hZMmd2SFRybTdaS3V2VW1Cc0lDU1M5X2FTOENnUmI2MFE2YzJKN0IwenBtRmtGZ3lRVkM4eTJINDA4Z1JqTkJaMkJRWGRQZGlXNTJxTEVfS2E?oc=5
2026-03-26	Google	0.0	How Sonko won case seeking to freeze Sh574 million - standardmedia.co.ke		https://news.google.com/rss/articles/CBMizAFBVV95cUxNWjJUb2VaUExJTWVLM3NJRnRqZ1ZuY2RnRnNZY0lCQ1dra0NENHh0eFFUYkk3V3RZQXRPRlhraUhiVGo3SGpSRFNBMG1tek1CRHhBSUVMM1h4S1VYMHE0Z0FmQWEzVnNvQTl5cy1kallCM2pTMUtLdEVaT0hobDg4Z3dXQUFwMXVscmptLUJxM0pESW1INlpzX25RNkI3Y1BoMjBQNnJlMm15VzVDNkQzMzN1MDM4ZTg3VTg2NXh2NmpkZW9Cc3hJb3BSYmQ?oc=5
2026-03-26	Google	0.0	Tonix Pharma Begins Phase 1 Study of TNX-1900 - TipRanks		https://news.google.com/rss/articles/CBMingFBVV95cUxOMVFrR0FMdlVIbW1wT3JaaUhlRHhEUlp1bWVMaVRjQ0ZDY1NZaURtbE85RG1aSWxvS2J5VFlFdGR1SkxNeHhjcjB0dE94Z0RWdjZVVkdFaVhpVmxvS2FSZUVNQ1RtWV9qRnQ1U3lwWldtYXZQZF9nNkFNY3NMTkNfMW1OaEFnZmFieGY2anV0Qm51NGZ4bXJmWkhLU1V2dw?oc=5
2026-03-26	Google	0.0	Tonix Pharmaceuticals (TNXP) Advances with Phase 1 Study on TNX-1900 - GuruFocus		https://news.google.com/rss/articles/CBMipwFBVV95cUxPTF96RmY5b1I5eXNSdGVmelIyNGRudEFDeGZDa29pWGhrTUhPUi1tazlxVElmRWFCeDZ1VTF1MmM3a212Tk1VbUpsV1FrZUE4WXpDRmQ1aXNMdW84Z0F2VGM4c2NrZlJ0cEpYaFlkbkpTTG5nZF9zc2xtN200a2tJV3dRcnVhemhwcFh5Qnd2YU8yX0Z4bFRXUFoyVG9PdzI0QXNQaTRQSQ?oc=5
2026-03-26	Google	0.0	Tonix Pharmaceuticals Begins Phase 1 Study of Intranasal Oxytocin (TNX-1900) for Migraine and Craniofacial Pain Treatment - Minichart		https://news.google.com/rss/articles/CBMi8gFBVV95cUxQSFZaUXk0cllMX0NSSjZmT0xycXcteFVJT0pPaTB4M3lqZ1BkZWdCVjFyQ2lpcGdkMWJwQmd1M2c0aTdWVV9RZHlTNzFJUkJPU3JtLThYbzJhRkZITjVNZ2FFbUZyS0NkcWtYU19vUjQwQXhhczBUTjZhOGs3NjNSS3hnZGhWdUNmOEpxTTEwODc2bHh5OGk2dk8tSGJ1SzFBbW8xMXc1ckVKblRzZXExX0QzWVZHV2ZCMHFYRHRaMDAwQjFsS0M0dTYtTElreGhVUlcwMXlzaWJUVDc0am4tVXkyX3k5MWtaeElueEdmRE5HUQ?oc=5
2026-03-26	Yahoo	-0.125	Extended Conflict Keeps Treasury Yields Rising	A seven-year Treasury auction has weak demand, as did tenors for two-year and five-year notes earlier this week.  The 10-year yield rises 0.088 percentage point to 4.415% and the two-year adds 0.103 p.p. to 3.983%, each at their highest since last summer.	https://finance.yahoo.com/m/bafd57ce-f97f-35c2-a708-c08f28b693e1/extended-conflict-keeps.html?.tsrc=rss
2026-03-26	Yahoo	-0.167	Treasury Yields, Dollar Rise as Hostilities Continue	Treasury yields and the dollar rise as U.S. jobless claims increase slightly, in line with a WSJ consensus. The weekly figure remains rangebound, rising to 210,000 from 205,000 and indicating labor markets are holding up.	https://finance.yahoo.com/m/e0362fa7-5574-30e4-bdb2-7a2734405a69/treasury-yields%2C-dollar-rise.html?.tsrc=rss
2026-03-25	Google	0.0	TVC:TNX Chart Image by jeffraich - TradingView		https://news.google.com/rss/articles/CBMiUEFVX3lxTE1SRGhYaTRmTEFqRkJpUDlud2NrZ3loQzNvRTN1MUtqckluTGJwSW1TdmswNTVtVmNvS1czTFRvM2FiV2tvVFQxNFRZTjFRRWRK?oc=5
2026-03-25	Google	0.0	stormtech Cupertino Toiletry Bag - TNX-1 2026 | Clothing - Agorà Notizia		https://news.google.com/rss/articles/CBMiZEFVX3lxTE50NTRUdHM5TUxSaVFMWi1EVGptWDIyYkVTU2RVQ0JodE4zUW1UOVlnVTNSZHNqeVNVMWtnTjgzZTFvUWIzVGNEa0xjMXJ4bXhOUDdnSXlGOVZMUmlBNXJETVlkRGU?oc=5
2026-03-24	Yahoo	0.113	Treasury Yields, Dollar Rise as Peace Hopes Wane	A bout of optimism in global markets fades as Tehran denies direct talks with the U.S. and fresh attacks by Iran on its Gulf neighbors temper hopes for a quick resolution. Treasury yields rise slightly, while the dollar strengthens and oil prices rise.	https://finance.yahoo.com/m/d7df3ee7-a041-380b-bbba-e1ae3f628f36/treasury-yields%2C-dollar-rise.html?.tsrc=rss
2026-03-24	Google	0.0	Dawning reality of 2012 law on varsities and its impact - standardmedia.co.ke		https://news.google.com/rss/articles/CBMixwFBVV95cUxQQTdIdHZhZjlqNnc4VjcyVHRYTGNYMGtRYnF1R1ptWjc3TV9KemNkODVYVU9SRHN4Sk5sM19rZXpSazhYV0paQlU3eHJXaHBkWXRVXzNTOUMzNWJNRXpnQWZhd3d5cndLMjRuMTFDVFQ2SWY5LTQ0TVdRWmg5SUNOVVg4Z0tsc0dTdU5pOHpQMUZza3ZyY0w4bHhIYWNrV1ZDX3B3QlZ3cElLMkFicFBfNllCLXBGM3VJcWpnZDNLU1A2R0tOamxj?oc=5
2026-03-23	Yahoo	0.125	Treasury Yields Forge Higher as Investors Bet on Rate Hikes	U.S. Treasury yields continue to climb as the Middle East energy crisis shows no sign of abating, fueling expectations of higher inflation and interest-rate hikes by the Federal Reserve.  The yield on the 10-year Treasury note was recently up 0.03 percentage point at 4.42%, on course for its highest close since July.  The two-year yield was up 0.1 percentage point at 4%.	https://finance.yahoo.com/m/4cb11140-58a4-3e85-889b-198c1848205a/treasury-yields-forge-higher.html?.tsrc=rss
2026-03-23	Google	0.0	Tonix Pharmaceuticals Announces Upcoming Presentations on TNX-4800 and TNX-801 at World Vaccine Congress 2026 - Quiver Quantitative		https://news.google.com/rss/articles/CBMi2gFBVV95cUxQU0pxNk1DZmFOdUR3YjVOczZTaTc3UXZGTHJVLVktSHBHOGtzUDJ0LUVISnJlYldaNTlxeS1LeVZmelVrTnhjcEFvYkllZTc1TDRWb0c1YU13S1pyV05CY2xSc0FlVk9IWFpvcmt2b2Etd2VuX0paWnYxSnpReXN0ckRtdi1WaTJpZDJ1cUlmZjU1LTlrMVBBUTJ6N2RObzFxcmxPVXRnWEZKY0FoeFd2ZkRsRnF1d2NEcmNzYUlrbWVvZFFLT2F2SGxBMldMVkZGU1luZzZ2VVJmZw?oc=5
2026-03-22	Google	0.25	Has Winnie Odinga capitulated and fallen at the first hurdle? - standardmedia.co.ke		https://news.google.com/rss/articles/CBMi0AFBVV95cUxPYzNpaUtzQXhmM2ZUdXRLY0FCbEdzV0xXOVVIS2trd1paN2t0V0UwYlVwdTQyZXdaajYxMzBCdi11Nl9YTE90R3RQT2FxWEhVVExGYWdTajI5UVozWnd4QllScFBXRTdhSVowem5YcExmSFRQdFR4MmJwb1VKMWhNdmgwNTk1SV9PTDR2dFd0SXNScU10NVRNV2IwU1RFZ09FdzZ3ZTVZdEJSaFB1SUZkN3lxTWkwQWhIMGFYTGtPOEJLYUlnUXJLcGswRmRvclNu?oc=5
2026-03-22	Google	0.05	William Dyer: Meet the pilot behind Safari Rally's iconic aerial shots - standardmedia.co.ke		https://news.google.com/rss/articles/CBMixwFBVV95cUxQWVJsdTVVSmVjTDg3b3BoLU5TUzBDZHE0Wi10aGVkU3dqWFJOdl9qWW5ZMWlFeDVaVk5rb002TlpncUJwTDlqbUtmQlpJMFRHaWQ1eno3QnRkWmxpeUZWdURLLXBuSzNwUmpZUUZVZjBIMGxNNTZhT3h4X2cxWUhRdFJNY25QNC1SNzl1Xzk4Y2xuSnJyaERjbi1QVDVmWF9mR3h6dDhuWExuV09JTEdaeHZvTmlER3dIRmNfNF9ReHpkbWtvV2Zn?oc=5
2026-03-22	Google	0.0	The rains... - standardmedia.co.ke		https://news.google.com/rss/articles/CBMiigFBVV95cUxPSThFeC02bkw5dUFoVGFKenJQcHpDeEZfZnV2b2hKTkdIQkVCdkdfQmtMdGcwSVVlbHdsTjJtQ2xxV2VydkFFVGs4eVFaMU5Cb3llMEpnbFVnb3hGRXlMMnZzVkhTUVFSODhkbXk5VG4tVThCRDRtTTdGM3NBdWM1VWFVa1hURWlBTlHSAX5BVV95cUxPbXRDSkMta2ZVam4ybWJzbXlfZWU4Zm15STVOOUFfa19lRTZYZHlPdEtUcWpIS2VxNGhSSzMyZld2LXFkUmNZb1RMTTQ0SUhXbFRJU2lDYXEtSnM1T1RKLWU3ZTNnQ0J5eXRCeWhtdExRMTNkSTBJeGkwRFp0OFE?oc=5
2026-03-20	Yahoo	0.012	Treasury Yields Rise on Inflation Worries	"A selloff in the Treasury market continues, sending yields higher, as traders remain concerned about the inflation impact of the war in Iran and implications for the Fed's policy response.  With the risk of more escalation ahead, ""we suspect investors will be very wary of carrying a Treasury long into the weekend,"" Ian Lyngen of BMO writes."	https://finance.yahoo.com/m/a7fe0f08-a9b7-3c05-b744-1d76d9718c5a/treasury-yields-rise-on.html?.tsrc=rss
2026-03-20	Google	0.0	How to sell Tonex (TNX) via a crypto wallet - Bitget		https://news.google.com/rss/articles/CBMiWkFVX3lxTFBMeWNTN3NsZmpXd1dQOUE1MTl0MXdYQmQ4MGY3ak0yclR6eDBBbFYyNzM5YnRaa0FCVDllc2dTMnRobDlOMl9vNHgtdDlkYzFFZXlHanlveW1Ddw?oc=5
2026-03-20	Google	0.0	Rebuffal - standardmedia.co.ke		https://news.google.com/rss/articles/CBMiiAFBVV95cUxPWmhqWmRSQUJkM1pySlM2Z1RlMjkzUnFZbnA1Z0RudnF0WmhCWHJ0UkpYY2EzTjNrRXJWRHF1SGtua3FwUndZWmU3MVFMdEgwM29UOXE2ckJYUEFuX1lUZHBLTVpaN3JtRmZHMXdXbWxLSUVuX1pKd2M1X0JuMWpGUTE0a3p1ZFox0gF8QVVfeXFMTTNrY2lwUU80TmxxVW1iQVdZZ2ZPeXBwS3RQVk42d3E2dWRCdkZsQ3VLTl9BRG9Qejg0M055LXJndWVGUHZMNkZ5R28zV3I4NndzYjRiV1lDQnN1Z3pxXzJYOGx5T0lMd0xmelRnZEhNVW5VS3J4eUhKMkhENQ?oc=5
2026-03-18	Yahoo	0.222	Here are the top fixed-income opportunities post–Fed decision	The Federal Reserve voted to hold interest rates steady in its March FOMC meeting. BondBloxx Investment Management senior investment strategist JoAnne Bianco joins Market Domination host Josh Lipton to explain where investors can find fixed-income opportunities following the Fed's decision.	https://finance.yahoo.com/video/top-fixed-income-opportunities-post-192452677.html?.tsrc=rss
2026-03-18	Yahoo	0.133	Fed Holds Interest Rates Steady Again	The Fed opted to keep interest rates steady Wednesday, a decision that is in step with market expectations, but at odds with President Donald Trump’s economic agenda.  Ahead of the decision, the interest-rate futures market had the odds at 99% that officials would keep rates unchanged.  The decision comes as labor conditions continue to wobble, with the unemployment rate ticking back up to 4.4% in February.	https://finance.yahoo.com/m/c0fd515d-55d7-34d5-ab5c-206064c1aa17/fed-holds-interest-rates.html?.tsrc=rss
2026-03-18	Yahoo	0.038	Treasury Yields Rise on Fed Day as U.S. Prices Remain Hot	Treasury yields rise following three consecutive daily declines as hostilities in the Mideast continue, oil rises and U.S. wholesale inflation surprises to the upside. Hotter-than-expected February PPI bolsters the case for the Fed to remain on pause beyond today's expected hold.	https://finance.yahoo.com/m/1e64c2f4-6f40-361a-b4e4-11d38c99e636/treasury-yields-rise-on-fed.html?.tsrc=rss
2026-03-18	Yahoo	-0.019	Stock Futures Dip After Hot PPI Inflation Report	Stocks futures dipped and bond yields spiked after the producer price index for February was much hotter than economists expected. Dow futures were down 0.2%. S&amp;P 500 futures were down 0.2%. Nasdaq 100 futures were down 0.	https://finance.yahoo.com/m/46fc0f5b-4af6-32f6-b325-994bfa3a71be/stock-futures-dip-after-hot.html?.tsrc=rss
2026-03-18	Yahoo	-0.159	Dow Tumbles 770 Points and Marks Lowest Level Since November	Stocks marked their worst Federal Open Market Committee decision day since 2024 as higher oil prices clouded the path forward for interest rates.  The Dow Jones Industrial Average fell 769 points, or 1.6%.  The Nasdaq Composite was down 1.5%.	https://finance.yahoo.com/m/b5442526-872f-360e-b33b-a05d4a92bbe4/dow-tumbles-770-points-and.html?.tsrc=rss
2026-03-17	Google	0.3	Tuju alleges fresh plot to deny him justice - standardmedia.co.ke		https://news.google.com/rss/articles/CBMiwwFBVV95cUxPT25hSFl3SUstbmVkNWk4eGxUVFhnUW5qR2lQbkV3cURmb29xLTBXVVRidDdRTXV4Rkd1QVJOSEZCVE9YTVFxT1VsN0I3eUl5VTJVdUZYcXYxeHd3WkRTRmR2dFJuNGpoWGdjX1Z1cXdzUVF0SzZidi1ZYkUwbU01R3ROdHJyTUYxaTFLLThnWmRDeWRwb3ctOFhZWVN5T3RGOE9fc0hFSEU1TkdWVDZfaWNiMTctUXR1R0V5OHM0RThTTm8?oc=5
2026-03-17	Google	0.0	Exclusive BAC Article: Tenax Therapeutics; Q3 2026 Data Readout TNX-103 PH-HFpEF, LEVEL-2 Enrollment Completion End 2027, And Catalysts - Seeking Alpha		https://news.google.com/rss/articles/CBMirwJBVV95cUxNM040RGtMWDZ5el9BZjktVmhOcFhkYjBPWEhsUmk0c242eDJHM1VXcVBIbnpEVEdreURlaDJOdUlPTklQN1RwRlNMM2FOYUVLMGs2QVlscnFZNGRHc3Z2SWtweEtDNS1xdjZZWmNTaldxUjRuVkMwWW82NUJQMm43VlQzcXBpSzlHTXc2bk43b3NMQldVYUhMM2lzQzNRaEpHRE5SRE00Ti1QNTR4aVVROEdNZWRONDZVTzRFZUhBWFVqM2RYa1plZzgtcldaTm96bGFBMjFSWEViR19hOW4yM0FhMmFrUUlrc3hJMWlVMjMyWW1KeWRER3A2RUJIbDVuVEwwWjNjZ1BhTjRhN3BtNUJtLTdsZUY4ZWRqalhZR2tNLU5JeEc1TTFWRUZFTkk?oc=5
2026-03-17	Google	0.0	^TNX Today, March 17: 10-Year Yield Falls as Oil Eases, Fed in Focus - Meyka		https://news.google.com/rss/articles/CBMimAFBVV95cUxPNXdHQ3U4dU52V2I5eXdDc2dHSklZSmZLNnpSRnFJdnl1NWRpSXlCTDYtdGxocC1SMlJWRm1LSlNvUDYwOGNSazVUalRmNzRJUUtGQkxTeE1QMzVGQkloUEdnb0lkdDR4RjItN053dUM0RGpTQkR1Unp5enRfMFc5SFpqVmNaeUk5cTdIaU04ZDlRYm44X1hiag?oc=5
2026-03-17	Yahoo	-0.018	Treasury Yields Tick Lower in Cautious Market	Treasury yields are down slightly. U.S. government borrowing costs have risen decisively since the start of the Iran conflict as higher energy costs threaten inflation. But the trajectory for shorter-term yields especially may stabilize, bounded by dueling risks, JPMorgan's Jay Barry writes.	https://finance.yahoo.com/m/726d0f23-e83f-342c-8e68-ee67cca91e1e/treasury-yields-tick-lower-in.html?.tsrc=rss
2026-03-17	Google	-0.389	TNX 326 - Tough N Xtreme - Sherdog		https://news.google.com/rss/articles/CBMibEFVX3lxTE9rVU9YZTUxZHRiTTFwMURRclZncDUtVTg0RFl0QVQ5X2R0cDFTRW42U180ZWplOGxJRTZkb2JBdjVHT2x0VVRJb1lBQzY1b3BoSUtFeXBhbEhGcFlwYlQ1d0pDSGZRVHhOQjdNbA?oc=5
2026-03-16	Google	0.1	Why exposing young children to AI content could have irreversible consequences - standardmedia.co.ke		https://news.google.com/rss/articles/CBMi5gFBVV95cUxPZW9BNmZjWXRiZWYwbk9td1FiQVFfd2JFLW1YZWFFeU5mZjJtTFNSc2dSSzVPUnRZVHhsaEpoeVdEeWwxNVdCRmVKQUsyMG9JOTQtbkNCQTRsb1FDY3I1SFNmMnF6TTN3ejFyczBURzZ2dDRka0RleWl1Ql9zUUpkV1QzaWRLWmstRlkzRUtDdFpnNl9FOXNJSmdSUTNSWEQya3lXRFZUOUxmaUJkQmlSRUUwVmtPMkowVHJyeFp1TU5OZURMMmFoSnl3b1NJU0ktUUJ0cVp0Q29KLVZDNkMyd2NGenlJZw?oc=5
2026-03-16	Google	0.0	In six month's time... - standardmedia.co.ke		https://news.google.com/rss/articles/CBMilgFBVV95cUxOd0Rrb1JxcjdLNElndjVPRTRtNXFkWG9BRFppTHFqc293VV9kMzc4TFNmV0JIbmVwbXJHTllfRml6SXpOVXpyNzIzcXU4ckJRd3U3eTJxVEx1SVh0T3FIYVJmSGF6MUMyb2w3TmtRY2p3LVBFVTlHZlcxSEVYY1NHSUlpSVBxTkxrY1NqaWc2WHdyMENUOEHSAYoBQVVfeXFMUG9vOWJLSnlMT2R2WlRUSkRyaFczQ3kzTkczR05IZE1RV0czbWJwMHVJQUhPM094YkJ6S1V3dko3QnpSanVGa1FYaWozUC1CbXlhZ1A4VHpGMVdLVmxLb2Vsd1h3X083aURMVURTaW5La3FHYnBELTBPT2hmYWNHWXZLYkVrV2JVVjBn?oc=5
2026-03-15	Google	0.0	KIRI VS TNX - VALORANT Esports		https://news.google.com/rss/articles/CBMiakFVX3lxTE5Wc3RESFhfZkRFYjA1aWNzcWtLalNDR29BTWNtV05tMEJmRHJ3dGU0R095QWJMb3p4bG0xZUhvQ1JvdWxKcGV3bE5XZTVTVWRtUWIta0RGSHJrc0tZNG5ITTBVNTJVc1h6Nnc?oc=5
2026-03-14	Google	0.149	Kenya Rastafarians challenge cannabis ban in high court, claim spiritual right - standardmedia.co.ke		https://news.google.com/rss/articles/CBMi0wFBVV95cUxOblUxNDBlVHczSnlsSnZXcFNVYjlQM2x4TG9yV0IzX0hEMjV4anNvNWdCN2VHdml6M0FTNWRKTEQyU2ZQTnFjWk9OYUxFY3d0Q2xncE9YWExDb2FvVnY1NHFrMWVGN2VXcW5QQ2pDS1lUc3BmalowaFU0SUlCeW1Ga2ZiV01ycnkwRU9rRnUwNWdDYXR1QVpoT3A5N0JSYkNXWnlrbDRlSUxXcGxldUVkQlY5cVNwcHhZY3NacWxRV0pFMVVzLU9qTEhocTk1WXBfaXFJ?oc=5
2026-03-14	Google	0.0	Seven held over Sh60M scam run from Harambee House - standardmedia.co.ke		https://news.google.com/rss/articles/CBMizAFBVV95cUxNeUV0UzlqWEJoeFZfNEdHcWVpWUJuVXh1NUptNExETGlrd2lrMlNHT2hmN2Y3Y0gwbUh4QzZOaEFQbkNUZ0Rzdmhmc2o2c3RpaUszay1heDQydml5b3NpdXBjZ0FaNFVUSGF2WUFNYjY2MVAwSmVkNVg0bmxJcWY5aEQzNTgyekFSdFJzQW5RZDRSQVpFV0lBcHlJYTY1RXZvNGNtZ2hPV0ZONjkyNkJpb2xmVWlPd1JLTXVaTkttaUZQQWJKNDd2ODdPaG0?oc=5
2026-03-14	Google	0.0	Weverse TNX Image - THX🍭HAPPY WHITE DAY - Weverse		https://news.google.com/rss/articles/CBMiUkFVX3lxTE5GM3lJeWpkbEZwd1g4SFg0UG1yX2VxMldrczhJdG8xd0FOdjcyRzNTeER2WGtJN05Jd3Y5NHR5N3p1Vlp2czdPME5DQVpEdElUZEE?oc=5
2026-03-14	Google	0.0	Why Muchai murder suspects are staring at life imprisonment - standardmedia.co.ke		https://news.google.com/rss/articles/CBMi2AFBVV95cUxNT3h5cXFUQ3hLcXZENVlQYWhEWEdaZUdrTFJKSHFqTUlkWWJJNHpFSHpaU2pUUmNNSmpYaGpZUUJEWC04NEhNZFozRUNwVzR4c0xpc3d4a005azl3TXlrNXN1eGpQNFcwU05jRmZjNllHWXRqOWg2NXE5N1pfN1dlb2Y3dDU4R3ZEN2FEMnBFVV9yOWtjNXZIdFZuaEpzc3ZUdnJNUXppUXVpdmhhcGJTY3RKNTdRSXVWbk5mSnRwOVdROHh2ZmRFLTBwM245dDBWUXhHOFBTUHc?oc=5
2026-03-13	Yahoo	0.207	Inflation Runs Slightly Hot, Strengthening Case for a Fed Pause	The Fed’s preferred inflation gauge firmed up in January, complicating expectations for interest-rate cuts later this year.  The core personal consumption expenditures price index, which excludes food and energy and is the Fed’s preferred inflation gauge, rose 0.4% from the month prior and 3.1% year over year, compared with FactSet forecasts for a 0.41% monthly increase and a 2.9% annual rise.  Headline PCE, which includes food and energy, rose 0.3% on the month and 2.8% from a year earlier, abo	https://finance.yahoo.com/m/ed2e0bf3-c329-348d-84d8-d38344baaee9/inflation-runs-slightly-hot%2C.html?.tsrc=rss
2026-03-13	Yahoo	0.137	Stock Futures Tick Higher After PCE Inflation Data	Stock futures perked up slightly after Wall Street finally got a January update on the Federal Reserve’s preferred inflation gauge.  Dow futures were up 0.4%.  The personal consumption expenditures price index rose at a 2.8% annual rate, or a 0.3% monthly rate.	https://finance.yahoo.com/m/177f65db-e210-32c7-8b5d-af92a1bc1741/stock-futures-tick-higher.html?.tsrc=rss
2026-03-13	Google	0.068	"""Transparent digital klydexglobal exchange builds sustainable investor trust.tnx"" - Results on X | Live Posts & Updates - x.com"		https://news.google.com/rss/articles/CBMixAFBVV95cUxPNVRoRTFHaDhBYnFkVDNlX0FaZmlaRm1ZclRTQ0djOENUalZaa1Y5MjhjZENZZFJxSElYQ25iRk9RTVAtTXVpSS1OSmRNVnVLamRkWm04X1F4d0tPRVVHeTZCLU1mZkI4TGpndHFDYzRwaWc1V21VTGJHOHZ0WEVyWDZxSXNleTNyN29VRGNxVlhtZ0g2OEFNN3dQQlNkRHVJcUYxMDBoSVFUNXZMVDN2Y0pFckQxRURNeUJBLVFpVFBFNzNR?oc=5
2026-03-13	Yahoo	-0.488	Is Stagflation on the Horizon? What’s at Stake.	Friday’s disappointing inflation numbers, combined with February’s shockingly weak jobs report, are reviving fears of the dreaded S-word: stagflation. Markets dread that toxic mix of a weakening labor market and stubborn inflation—last seen during the energy crisis of the 1970s—because it puts both the economy and the Fed in a bind.	https://finance.yahoo.com/m/53d3b7ba-1d6f-3c57-a183-f2982d045086/is-stagflation-on-the.html?.tsrc=rss
2026-03-12	Yahoo	0.083	Treasury Yields Edge Higher Amid Robust U.S. Data, Middle East Tension	Treasury yields rise as U.S. labor market stays resilient amid the global turmoil. Weekly jobless claims decline to 213,000 from a revised 214,000, versus WSJ consensus of 215,000, indicating layoffs remain contained.	https://finance.yahoo.com/m/61b85cb5-aca2-37ab-80a1-df0d34a3afaa/treasury-yields-edge-higher.html?.tsrc=rss
2026-03-11	Yahoo	0.375	Treasury Yields Climb After In-Line Inflation Report	February inflation landed in line with investors' expectations. Treasury yields are higher after the report. Some analysts are diving into the numbers and, translating the monthly price gains into their impact on the personal-consumption expenditures inflation index, finding that the Fed's core preferred inflation gauge could remain at 3% or more in February.	https://finance.yahoo.com/m/db1250a9-17ba-332a-b139-93aca1ee103f/treasury-yields-climb-after.html?.tsrc=rss
2026-03-11	Yahoo	-0.016	Soft 10-Year Note Auction Keeps Pressure On Treasurys	Treasury yields settled near session highs Wednesday after a $39 billion auction of 10-year notes attracted soft demand from investors.  The Treasury Department sold the 10-year notes at a 4.217% yield, slightly above what traders were expecting.  Primary dealers, financial institutions that are required to bid at auctions, were forced to take down 12.7% of the sale—above the 8.6% average from the past six 10-year note auctions, according to BMO Capital Markets.	https://finance.yahoo.com/m/ef2f10de-37e6-39ae-8d57-50a6292fed4b/soft-10-year-note-auction.html?.tsrc=rss
2026-03-10	Google	0.0	How Wanga re-election bid could be affected by Magwanga quitting - standardmedia.co.ke		https://news.google.com/rss/articles/CBMi0wFBVV95cUxQaTdBckFTMkdFSkFsQXJMT3cyWnA5Y3NRUFNGajBwSG02OGYxSURBVkczTjZrczZweS0tV2NxMF9VLWl6dGh6VmRHS2o4Q01Ha0ZUVTFCUm1IQ1JIMUd3TTdBWTNUd25EbzdKSFJfSHZjYkwxczdEMk0zTTRVUlNUWXlPMXlSR0dqc2JjXzBTemhQeC1OU2tYQ2I2YmppRGdWUFpLclE4MWJiWm94WW5vN0JCODZoOGc4RmFBZVJBTHRuTDFwenlQRDVYY19iMW1xcjF3?oc=5
2026-03-10	Google	0.0	Marriage today... - standardmedia.co.ke		https://news.google.com/rss/articles/CBMikAFBVV95cUxQVkJuc01kZW5uUWxOZjVKeDl4aTg0XzFEZnV4VGNNZkVHTkJzT09KelJTU3Y5YUoxOHZHbXpOMTk2WVRzVFZfRVlKZEhHWEk2eXM2TUpSazduVVhHLVFfTk0tOXJtMzVJQlJKR0VSOUhIQzJXQmt0eVhFV2hSTXd3ZDc5ZnVkN0tzZnp6R3F0Z00?oc=5
2026-03-10	Google	0.0	NADCO handshake? - standardmedia.co.ke		https://news.google.com/rss/articles/CBMikgFBVV95cUxPWnFYUFJ2RGN3cWJha1pfVGhvc0Zmem1jU05nSFM5QkpvTlpDaWRzWkdwU3BtZGQ5X1NtR3NOMjdRdnhRYkFtRHFrZTc0cEMzaXM2R0k4NlIzclEzeFVfNlFJYkY4UDI0bHVLUmwxWEJPNVcxTlBVenUtUnYyc0Z5U2tMa0I2dUxhMHM4M2pIc1ZaUdIBhgFBVV95cUxNNkprS0dIaWc4RHRqLUFCWkZOUTk2eHVNY2d2QjZBVjBFdHZFME1kVWhxWVhfdGFpMGZfLW1idTlSS0UtcjA0SHo4UVE1VnBYY0cyS3M3cjlLRHNialppZi0ycUlPV3VvLXZnZ1JOTEJLVmctc1d1Sk5XNFpyMXltMnZFYmt0QQ?oc=5
2026-03-10	Google	0.0	RBA, bourse tussle over Sh2.3tr pension assets investments - standardmedia.co.ke		https://news.google.com/rss/articles/CBMi1gFBVV95cUxPZUduSnhnUWFkSW9oYmpfQUJ0VkZQd0pvZU5wYi1kc2hKV3FGTDduY0lGbzJwSHdONTVZNERNWVpwbjdCcExzWUhUV0xhQWcyQjh1bW9LVElva1pHZjJaRXJ3QVVVNW9yc01jdHVQdHlpaF85MUZNMC1QdVE1MVVodkZEUklENl9fV1R3V3VESmZfeXROZ0JGa1p2NThOMlFFUjJIMGUtemRjbDBuMi1zRkRhemJyUzZMQkdPTVRFbXlnNU53UGJrMzlXSFFQaFhfaFpGQmV3?oc=5
2026-03-10	Google	0.0	Tenax Therapeutics (NASDAQ: TENX) ramps Phase 3 TNX-103 trials and widens 2025 loss - Stock Titan		https://news.google.com/rss/articles/CBMisAFBVV95cUxPbjlZckdrVUJ2YlZLVlNWb2JUc0Q5Qkw5dGprcDlNbU1ZSno1Qm9KaUcyZFZhd2ltSl8xSVBXLTM3RXpsLW1jZkFmTUYwRVR2a3VmNWtoTlp0X1pLX21CMDdiTkpfTjl3cmVTVGsydEhCMC1PNUp0SndDX3U4WE5MMTA4c1hJczZtNjZzV2t6R2I4cmxQcEljQ0NzWnYwdmp1Z0Q4MFUwV1R4TXJ0RmY4YQ?oc=5
2026-03-10	Yahoo	-0.2	Treasury Yields Rise on Disappointing Auction. Pressure Mounts for Tomorrow’s Sale.	The U.S.'s war against Iran has been battering prices of Treasuries as investors fear surging oil prices will stoke inflation.  That's a key tenure that has historically been the benchmark for long-term rates as well as rates for mortgages and credit cards.	https://finance.yahoo.com/m/97d23c53-e4e1-3435-9328-1e09f0ded400/treasury-yields-rise-on.html?.tsrc=rss
2026-03-09	Yahoo	0.0	Stagflation Worries Fuel Global Bond Rout	Government bonds sold off around the world, pushing up yields, as a deepening energy-price shock fueled inflation fears.    The 10-year Treasury yield hit 4.19% this morning, after settling at 4.13% on Friday.	https://finance.yahoo.com/m/4e174237-2869-35fd-979d-404711de3746/stagflation-worries-fuel.html?.tsrc=rss
2026-03-09	Yahoo	-0.103	Treasury Yields, Dollar Rise as Oil Prices Soar	Treasury yields and the U.S. dollar rise amid the historical spike in oil prices. Economists surveyed by WSJ expect February CPI on Wednesday to be little changed from January. Inflation is expected to pick up due to the war, while some analysts believe the Fed will look through it and focus on weakening employment.	https://finance.yahoo.com/m/1c36ae74-7a94-30e9-9db9-66af7851f4b6/treasury-yields%2C-dollar-rise.html?.tsrc=rss
2026-03-06	Yahoo	0.0	Treasury Yields Whipsawed By Oil Prices, Jobs Data	A topsy turvy day has Treasury yields ending Friday’s session lower, while still logging hefty weekly gains. Yields, which move in the opposite direction of bond prices, initially climbed overnight with oil prices.	https://finance.yahoo.com/m/31ec8e46-440d-3d5a-ad8c-e9499e85fe4b/treasury-yields-whipsawed-by.html?.tsrc=rss
2026-03-06	Yahoo	-0.036	Treasury Yields Change Course and Fall on U.S. Job Loss	Treasury yields fall as the U.S. loses 92,000 jobs in February. The negative payrolls print follows January's positive surprise of 126,000, after revision. WSJ consensus was a positive 50,000 for February.	https://finance.yahoo.com/m/fc1e2c69-fe76-3635-beaf-1db6de2f7e9c/treasury-yields-change-course.html?.tsrc=rss
2026-03-06	Yahoo	-0.067	Treasury Rally Fizzles Despite a Surprisingly Soft Labor Data	Negative job growth usually convinces the market that rate cuts are coming from the Fed to support the economy.  Higher yields mean traders are unwilling to increase their bets on an imminent rate cuts.  For one, there's a divide between folks at the Fed who are worried about the labor market versus those that want to keep rates steady due to upside risks to inflation.	https://finance.yahoo.com/m/81285060-95f9-355a-934f-92cd97d9e272/treasury-rally-fizzles.html?.tsrc=rss
2026-03-06	Yahoo	-0.078	Stock Futures Drop After February Jobs Report Disappoints	Stocks fell and bonds rallied on Friday after the U.S. economy lost 92,000 nonfarm jobs in February. Dow futures dropped 0.7%. S&amp;P 500 futures fell 0.8%. Nasdaq 100 futures fell 1%. All three were down prior to the report but lost steam.	https://finance.yahoo.com/m/a2321b6f-d3d1-301d-93f8-1bda9d5059fe/stock-futures-drop-after.html?.tsrc=rss
2026-03-05	Google	0.0	Tonix Pharmaceuticals Announces Publication of Clinical - GlobeNewswire		https://news.google.com/rss/articles/CBMi4wJBVV95cUxNX3FFQUhGNU9rdGE0Smp0RkRqN3JKbmlNUmNYeVpYWDVYZ2dOQUVSbmw0N21QSW9HUnM3T1YzbDQxWmdQazl4T2VTUVFYSmd3QzFvQnoyV0NXQnBIVi1YbjdvVnc0Z0pYT2NjOTlneE9qcVlEdHU2cUc1QVBVRVM3ZFNEUjA4RmszZUFzR2hvZHBmWVVyalcxTmdwVV9kZHprR1loTWx4bnpNR1JKUHVKeldvcHBwZDhKMHFQRml2UkVTM0lhb1VXQUdZUGZ5UjVfOFd5YzFWNi1RQ1FOZTZ5MmkyNlpVYWlsY25ZSy1Vc2RQREtCODZXQ2tFc21OOGhqYmNmUEpzdWVobDlGVFI0MWxBUEF1UnlmdmZXWWJ4REVqczdlbEhKUG0zMjdNaElSMnpfRFo1YTE0VlJQazc2U2h4XzhvU0EyZnZaVl9vaHJJRHl0dnhqZmxiRl8zRHpmVDk0?oc=5
2026-03-05	Google	0.0	Tonix Pharmaceuticals publishes TNX-102 SL data in journal - TipRanks		https://news.google.com/rss/articles/CBMirAFBVV95cUxNSFFPMkdpSVkwZF9ZQmczYU14YV9XczFDZVRFdjNQc25UNmxoRW9PUGx4emI4SGRDSWFjOWhoelIxYmYxa0Q4NC1hNnhPRjN4ZFFwSWRmeDZ5WTR4SDg5Rk5YSnV4TjVXYi02N29uV0pmaGd1emVTMGZrSmIyMVNmeWFZWWdSTC1VSnlxZnVkbnpJajJnM2F1U2Fsc1NBSzFQcV9WVXJSOTJhR0ZX?oc=5
2026-03-05	Yahoo	-0.025	Treasury Yields Rise Amid Inflation Fears, Resilient U.S. Jobs	Treasury yields keep rising as the conflict in the Middle East fuels inflation fears while U.S. indicators show employers still reluctant to fire workers. Weekly jobless claims are steady at 213,000. The January import price index increases a less than expected 0.	https://finance.yahoo.com/m/56cb8461-cdbc-3757-acf7-74e74b161a0a/treasury-yields-rise-amid.html?.tsrc=rss
2026-03-04	Yahoo	0.25	Treasury Yields Rise Amid Robust U.S. Job Creation	Treasury yields tick higher as ADP reports better-than-expected employment in the U.S. Private-sector employers created 63,000 jobs in February, versus WSJ consensus of 48,000. The January figure is revised to 11,000 from 22,000.	https://finance.yahoo.com/m/d2077052-9b5c-3278-9b2b-0bc576ed1a64/treasury-yields-rise-amid.html?.tsrc=rss
2026-03-04	Yahoo	0.083	Treasury Yields Extend Recent Climb	Treasury yields continued to edge higher on Wednesday, even as oil prices ticked lower. The yield on the 10-year U.S. Treasury note stood at 4.082% in recent trading, according to Tradeweb, up from 4.	https://finance.yahoo.com/m/1ea26169-dd32-345a-909b-a14d5d7643dc/treasury-yields-extend-recent.html?.tsrc=rss
2026-03-04	Yahoo	0.0	Why surging oil prices 'may bite the hands' of the Fed	The recent surge in oil prices complicates the US inflation picture and the Fed's path forward.	https://finance.yahoo.com/news/why-surging-oil-prices-may-bite-the-hands-of-the-fed-110026136.html?.tsrc=rss
2026-03-03	Google	0.4	Dancehall star Vybz Kartel confirmed to perform in Nairobi in May - standardmedia.co.ke		https://news.google.com/rss/articles/CBMiygFBVV95cUxNZXJYVDNhNXoxTGwxS2VnREdFRVJ2U2xPNzJIZjBsZkprWE9sME02Wl84VkY0M05qMG5rbXh6eUJFd24zUEtIYkx1VjBTX1dvR20zNldvMi1aSVVmRURBWFoxUTJWLWY5VXJyRXd0WTV3QXNNSWtUc2JQZnRxQjdvdlZSMkRtbFgxLWw2YUUtb2JXcFRwZ2UwaWYtVmhfaEZsdnNQNnZpcTh0bUFMUnBXcG14cUFBcEZLLUJraS1NVlRWLTlPbjAwZ0lB?oc=5
2026-03-03	Yahoo	0.15	Bets on Rate Cuts Fall as Inflation Expectations Rise	Rising energy prices prompted traders to dial up their inflation expectations and scale back their bets on interest-rate cuts.  The five-year breakeven rate—a proxy for annual inflation expectations determined by the gap between yields on inflation-protected and nominal Treasurys—was 2.535%, in recent trading, according to Tradeweb.  The shifting outlook for inflation and rates has pushed up Treasury yields, with the yield on the 10-year note touching 4.1% early Tuesday.	https://finance.yahoo.com/m/0b84362b-cc59-3053-9fb2-b69dbdcc9a07/bets-on-rate-cuts-fall-as.html?.tsrc=rss
2026-03-03	Yahoo	0.033	Volatility Is Surging. Here’s the Level It Becomes a Buy Signal for Stocks.	After a subdued day of market action on Monday as investors digested the rising conflict in the Middle East, Tuesday brought a different tone.	https://finance.yahoo.com/m/bfc001a6-9671-32b5-aae2-db0b31bd7bf9/volatility-is-surging.-here%E2%80%99s.html?.tsrc=rss
2026-03-03	Yahoo	0.0	Treasury Yields, Dollar Rise Amid Inflation Concerns	Treasury yields keep rising while the dollar strengthens as the conflict in the Middle East rages on. Rising energy prices stoke inflation fears and support bets on a longer hold on interest rates by the Fed.	https://finance.yahoo.com/m/5fded8dc-8abe-361b-a33e-107b8ae75174/treasury-yields%2C-dollar-rise.html?.tsrc=rss
2026-03-03	Google	-0.1	Davido faces Sh93.4 million lawsuit over alleged harassment, defamation - standardmedia.co.ke		https://news.google.com/rss/articles/CBMizwFBVV95cUxOT0lmanNBQXp0ckVXTDNzVFJqTjg5eVYyNUE0X2k0RmxDd1dGbTVRZWtURExEZEVET3lXbW1PQWZldTR6UnZMSEhETmw4dGdDYVQxNkpGWUxvZmFKckhiYThrTmd0ZHpiQllNa0dKbmhFSkRUcjJWejFkbmtqbmhRTHRyVEhBLWVoZEZHeEFOTEZzbTBaN1F0WUxIMXBMRWxucnZuR0txMEs1NXA1eEJLY2dBT1lYcXUyd0VEckJHWUpZakpzQzdFU1BoN0hpTDQ?oc=5
2026-03-03	Yahoo	-0.225	Stocks Are Sliding as Oil Prices Surge	Stocks tumbled on Tuesday as oil prices surged in response to the latest escalations in the Middle East.  The Nasdaq Composite slid 1.4%.  Front-month WTI crude oil futures surged 5.5% to $75.13, while Brent crude oil futures were up 5.6% to $82.10.	https://finance.yahoo.com/m/c5108aa7-0d5b-316a-92fc-dc182186115e/stocks-are-sliding-as-oil.html?.tsrc=rss
2026-03-02	Google	0.333	'Ngong': The bold, unapologetic, and resolute leader who defied norms - standardmedia.co.ke		https://news.google.com/rss/articles/CBMi0wFBVV95cUxOd0tVRmlpVTFraDc0Z3RGQ1pELVpnZm44S1JqQmFkcVlxbTdSWlNnUVBRcHAxclRVMmM1TVNsSC15U3pYdV9hWUt3QThCRVJjMFBPdi1CZ0RGR3Z2RXVZN0tRTkdoX2NKZ2x2bmJjMFhObmozNkhjd21rSWhuN1JYU0hqREdYZXNtY3NvWWFhMmRaMzY3UmFJcTBQVWtaXzVXcXpLMDRMYnJoU2VJcEx4N0JPaEhTblVvR1k1WnJDc2gwRjhhQ050RjRSUXlBQXJKQTRV?oc=5
2026-03-02	Yahoo	0.212	Treasury Yields Rise as War Spreads Across Middle East	Treasuries sell off, sending yields higher, as the U.S.-Israel attack on Iran spreads across the region. Investors seek safe havens, sending gold up 2% and the WSJ Dollar Index up nearly 1%. Demand for Treasuries, however, dwindles.	https://finance.yahoo.com/m/0cbbf21d-e19c-389a-b64b-8562f0a11d08/treasury-yields-rise-as-war.html?.tsrc=rss
2026-03-02	Yahoo	0.096	Why Treasuries Are Selling Off	The yield on the 10-year Treasury note, which is the rate the U.S. pays on its debt for a decade, is at 4.055%, up 0.103 percentage points.  Higher yields mean investors are either demanding lower prices to buy the U.S. debt or selling it outright.  The classic inverse relationship between stocks and Treasuries, where when one falls, the other gains, gave them even more reason.	https://finance.yahoo.com/m/73eebe2d-c308-3d54-a5e8-688deb7fd259/why-treasuries-are-selling-off.html?.tsrc=rss
2026-03-02	Yahoo	0.031	Inflation Worries Push Bond Yields Higher	Worries that attacks on Iran could spur a lasting increase in energy prices are causing a selloff in government bonds, pushing the yield on the 10-year U.S. Treasury note back above 4%.  Treasury yields, which rise when bond prices fall, initially fell in overnight trading, reflecting a flight to safer assets sparked by the Middle East conflict.  Treasury yields got a further boost Monday morning from an Institute for Supply Management report that pointed to both solid activity and higher-than-e	https://finance.yahoo.com/m/a67366ad-c923-392e-b395-eef41c3c2592/inflation-worries-push-bond.html?.tsrc=rss
2026-03-01	Google	0.05	From Geneva Collapse to Market Shock – Technical Levels for DOW, TNX, DXY, CHF, Gold and WTI - Action Forex		https://news.google.com/rss/articles/CBMi-wFBVV95cUxNTlVWS0RqcVduS3ZIUE5hWE4yc1dxNUhVM1JRazk4azU4bXNsTEhSckpWU3NKZWxLdWlfY2RXMExtbG9JQ3hCSkllNmFBa0VSWWx4Wk9KdFhjTlB6X3FrWk1jV21Fbko1ei1veGV1VWRJWEQyaml0eEdvRWs1Nk5PNUZvN19kNHA0WmtuNE9Ga1oyNF9TUUtldExZXzZjdEVPTHZKcFRRcVVldFI5ZkVUekxzcWRiZTdSdUt0NE1CbU1mZVNXMHhGQlRiUGtQejFDc1JMNUtlUm01NVNBQnlDTm1YTS1uTGZKY05PdlliUnhZeHNJcFVtbHpUOA?oc=5
2026-02-28	Google	0.0	20 camels disqualified from Oman beauty pageant over cosmetic cheating - standardmedia.co.ke		https://news.google.com/rss/articles/CBMiygFBVV95cUxPMUt0S1ZRTkFvX1NxWUNVQkVmbFZtWXNJaHZ3RUZzTjBXSFBCQUpmcmdwM0U2S1B1N2Ziel9xNXcyQmw2aHZYUndlQnZ2VlU1RkpvRG1ZQzEyYjVQY2xjRXBkUXhoNm1VcGN0NndCYWZPUWVTUlgtY0pla204XzlQVnN1UWUxajc3RXEtWWEzTmlEa1NLSE50VWFxTHBJWVlvX2RRa3NaZ0ZhY0w3Q0xxTGJVWElieXpybzV1bm40ZjhRWHNxLVRrc1R3?oc=5
2026-02-28	Google	0.0	Netflix withdraws Sh9.2 trillion bid for Warner Bros - standardmedia.co.ke		https://news.google.com/rss/articles/CBMisAFBVV95cUxOUnBfU0k5cnNzbUJDRE52M2tGSWJWSktRV3ZEUzYwaVhoMTNDNGlKVEtEN3JWcDVUMU9YWThOdFVFeHhuczR6TVBlQjVBMjNCQVd5ZExfSGM1ZXNwSlhrQ3BrSzhEb3oxTHJHbWszTm9EaVhBcHg2UktZQTRpUXdQdmVtejlaR005OE5KVHhmZVZWcS1ZNFJ6d0ZrcDJLdGFzVnNEN29IUTl2MF91NHk3OA?oc=5
2026-02-27	Yahoo	0.25	Treasury Yield Falls Below 4%	U.S. government-bond prices rallied Friday, pushing the yield on the 10-year U.S. Treasury note below 4% for the first time since November. The move coincided with declines in U.S. stocks and came despite hotter-than-expected wholesale inflation data.	https://finance.yahoo.com/m/d4bd791c-242e-319c-b909-53015979c868/treasury-yield-falls-below-4%25.html?.tsrc=rss
2026-02-27	Google	0.0	Appeals court upholds Sossion's dismissal, notes procedural lapses - standardmedia.co.ke		https://news.google.com/rss/articles/CBMi3wFBVV95cUxPcnFWSERlcDQ5SE8zSzBRcEQyZTZtQnZPOW13emRXZEhsQUNiYWZRUGx0b1BFVEtRRzhMYnV3UUdwd3I0aFo5QlctT05Xd3pFWWNpalNjRElTcjRLR1lKMkhEcU4zZHFCWTdFS241UTVLYTNvbHF2UU9RZW44WERYTGRBNm5idmVwTDFlSzhvaUVFUjl3NE8tMVJfVHV3bXBhQVRHVHVTblFlNC0yN0pFSnNqZGlZV3lNZXU1aG82cmtBUUVYU25KaE9jOXhvOFd4dWk5UHUwX3FjSE92OVp3?oc=5
2026-02-27	Yahoo	0.0	January's Inflation Report Is the Spring Rate Cut's Obituary	The middlemen want their money back, tariffs are showing up in the data, and the Fed's spring plans just got quietly dismantled by a wholesale equipment margin	https://app.moby.co/home/news/news-januarys-inflation-report-is-the-spring-rate-cuts-obituary?utm_source=yahoo_finance&utm_medium=rss&.tsrc=rss
2026-02-27	Google	0.0	Tenax Extends Phase 3 TNX-103 Study, Signaling Long-Term Bet on Pulmonary Hypertension Franchise - TipRanks		https://news.google.com/rss/articles/CBMi4AFBVV95cUxQdnZXdjg3TXo2VkJRWmUtaUxpQW9YRTViOGFpYW9UeEFuVmkwNEMzdTM0ZWVSb2cySnJmaFUxcGlMTmE4NVN6ckNuU2JOYTJYQXJTYkJhbVZUSXlORjE4WVBLSnAwbkswSHkzNXYyODQzRWx5WEt3dTFnNmdTSkRocGNvV01tRTNFRkFnM0ZIaVZ6Sm14UU5WcmNybU1EbFJFMThVZUVkSVhLVFhNTHhnVG5JLU9Vb0JBNllOLWJZemtDdUpFZURBdHNGYzBaVmptUFpYZTd5dDZ4andrSUgxUQ?oc=5
2026-02-27	Yahoo	-0.164	Stocks Fall Sharply at the Open. The Dow Is Down 500 Points.	Stocks fell sharply to start Friday’s session, as Wall Street contended with a storm of headlines related to Iran, wholesale price inflation, and artificial intelligence.  The Dow Jones Industrial Average fell 700 points, or 1.4%.  The S&amp;P 500 was down 0.9%.	https://finance.yahoo.com/m/f8f94308-912e-3192-a685-3a84473506b5/stocks-fall-sharply-at-the.html?.tsrc=rss
2026-02-26	Google	0.0	Shameless CSs... - standardmedia.co.ke		https://news.google.com/rss/articles/CBMijwFBVV95cUxOSVpidC04aC1tN3hxS1R6NXF3aHpPNkJzTUFtcVRSd3BBMHdhVTVaVUJHcmZxODQ1aS0wbGVQcFZlWGpHaDFZVnJxQk9taXVKc19kVWtHQUlycTgwV1dlaGltem5ud29ieXJQckdweWNDbHhFSFFZTGdIclEyZ3NnX1ZDNGVyODl3b1VEdlRwVdIBgwFBVV95cUxOTFJVN0xualptZHVka1lDYWxKckxwT0RkQll3S0ZiVTdRUzJsbGlScG5CYzlpSTRZNTBseUlRWG00TFI1RThXYnNxT3dLa3hCTkRCRVZHcG5faW1CdHdyQ0FOTXBvaFVOREt3b0tGZ3VFbXEyNGhHbmxlQ3A2YTZON0pZbw?oc=5
2026-02-26	Google	0.0	Thamani Africa Awards goes continental in second edition - standardmedia.co.ke		https://news.google.com/rss/articles/CBMitAFBVV95cUxQS0x1X3lCaVAwMVpuQkNjRUh6N3JXa1hQNEU5MkxMeWtTcXpzV3NDYnF3VWU2LUI1QWY5a2xXZ1ZZU3NaczlBUXBuaHlESENTQUhLd1liQlQ2YkhmOWVwTEpnWGNYdno3R2tfRGJQdUEyR0gxMUQyY3RqSVJxTm1XOUJkbXlJQTZUbndPRUFNNXRHWTZSX3dZUWprLUxmeXBMRUw5SWtQT3drQ3hFRHFiMTFPcWU?oc=5
2026-02-26	Google	0.0	VIDEO: Daring Nairobi man blocks Lang'ata matatu overlapping on walkway - standardmedia.co.ke		https://news.google.com/rss/articles/CBMixgFBVV95cUxNeXRKaTlZd29vbnNvMXRNcC1xMmJjdVplR1g5dm9yNkcxQnNhSTQ3aW91UlMxZGRxci14dnNSMU9GLTFkNk5yRkdXVTBHcXQ3OVFuN2c2TU45cVNJdFAtbEVXbU0tc2hfV0FOOVZhU3ZaaHFoaVZZQVh1TkR1ei1IeG9xa1dNOUR0SDJaa0ZCTUZ1eDVRV2dJRHg5bkFOX3M0QlozQ0Rocml6WHZzVTltVEZKXzBwRVFMSjFuMkxrWUdXb3gzbGc?oc=5
2026-02-26	Yahoo	-0.054	Dow Opens Higher, but Tech Rebound Stalls	The stock market’s furious rebound pumped the brakes in Thursday morning trading.  The Nasdaq Composite was down 0.6%.  The yield on the 2-year Treasury note was down to 3.48%, while the 10-year yield was down to 4.04%.	https://finance.yahoo.com/m/aaafe1bb-ca4d-3c6e-91dc-0285e1831f0d/dow-opens-higher%2C-but-tech.html?.tsrc=rss
2026-02-26	Yahoo	-0.1	Treasury Yields Decline as U.S. Layoffs Remain Elusive	Treasury yields edge lower amid renewed signs that U.S. employers continue to hold on to their workers. Weekly jobless claims rise to 212,000 from an upwardly revised 208,000, while economists surveyed by WSJ expected 215,000.	https://finance.yahoo.com/m/aa44ec8f-b267-3980-8379-1a29f0e1eab4/treasury-yields-decline-as.html?.tsrc=rss
2026-02-25	Google	0.136	Filmmaker Daudi Anguka tackles organ trafficking in new series 'Mizani' - standardmedia.co.ke		https://news.google.com/rss/articles/CBMiyAFBVV95cUxPT0lGSzkzeTZGWWhCVjZIZlJDbnJZN3N6VGdoS215cDV4STJ2YWtaRkl2OTlFdU5MLTBOMS1zalY3cC1MaFpqMS02NnpIQy1RakQyRy1qTnZRcF9HSHBic2VLNERQZk9od2ZsXzh6R2htNWEzNHFVVjN6TktuZjE0ZUdmN1B5bFZkS1FrTHZid3B3TTVPQzRNLWxqVlZjbUJadVJEMVluVDhfZzEwYkRDSjJHNGZtV2pxcDI0MDdfWkl5MDhJSWVvdA?oc=5
2026-02-25	Google	0.0	Tonix Pharmaceuticals to Participate in Two Investor Conferences in March - The Manila Times		https://news.google.com/rss/articles/CBMi4AFBVV95cUxOZmdfNUxfN3Jrekc5YTFfcF92MVpqXzJkZVpPRUxaTzZyRlN1Q1dsV3FKaTB5UnRvQm1UQmdYSFk2R2NTUkJ5OWJSNVZ2d0tPWDEzNTJ1SEdoNGlmVXhiVV9qbXF6bDZtR3VoYlVzT3U2UGdNUzFKc3RjaGxuQXpZNmhQV3VGV0lheF9GYldxUElSZVJzWnV0MEVTandWd0pCZlAtclNTcUJ5OERWdUN2NUExZzFnSEVTUjBRX1oycHlTNkZSZDQ2d3EzWXhyVXFVRFUzNXJuRU9xb3ZRSXNlSNIB5gFBVV95cUxNd3JSc1otVlA5NUM0ZzFvWGo4TjBRT21WWFgxam9KVXpObkZ1UnBzNEJGaXZHNWtCcGkxbVpLVkpCQzg3RE5PTzB0VVFqa0VlM0k4N0J6MmdaTUwxZ1kycG53SHhfVVluU19CMms3T1Ewa0pIdWVhelh0VlVqUkZkZUdKRzFUbjN6SUZWS3lGMnEyZnZYZHJ4dDB4bnFtdDY5NDJOWnYyelowX2dCc1B4dE9MaExrbjZ2bDgtQ1ljYWc0UWxhMWJjM0o5ay1xVVlzYVpaUi1idkt2eTZGMnVNNHJRSFpjQQ?oc=5
2026-02-24	Yahoo	-0.046	Stocks Waver at the Open Following Another AI-Fueled Selloff	Stocks were mixed on Tuesday as Wall Street sorted through the prior session’s selloff on artificial intelligence fears.  The Nasdaq Composite was down 0.1%.  Wall Street’s recent panic that success for AI upstarts could usurp leaders in various industries including software, logistics, and financial services reemerged on Monday when a blog by Citrini Research on Substack went viral among traders.	https://finance.yahoo.com/m/3a519377-e349-3e5f-a9bd-b2b16f2a846f/stocks-waver-at-the-open.html?.tsrc=rss
2026-02-23	Google	0.455	Beyond the playbook: Inside secrets of successful high school tacticians - standardmedia.co.ke		https://news.google.com/rss/articles/CBMi2gFBVV95cUxQME8tWFRQOFBoSUloZGduRXRONXBHZHU0MWx3a1R5MUhTckthLThqWG9iSkhsQVdwVFNxd1JMSHJ5Q0p4T2ZyQTRqSDVkTVRhS1N0ejVOOXVkUDFDRENRYWM3UGJmODczazQtajhLdVh3ejRYaWxSeFpUWUpxdEU0S0pNempjNzlMYVd5WnB2cExjX3VkS1FYTW0tTWh6cVVkdEhNdm13aWpFUTR6cjlNUzF5YU5OUVh3Zm9kUGxlQXJEXzFNa3NnWE9aWGFjd2FPeFF0QmNNUWxOZw?oc=5
2026-02-23	Yahoo	0.135	Trump’s Push and Pull on Tariffs Lowers Rates but Raises Uncertainty in Global Markets	President Donald Trump’s decision to increase the level tariffs on U.S. imports, less than 24 hours after declaring his original schedule provided “great certainty” for the global economy, again has stoked concerns over trade policy and ignited another round of “Sell America” pressures in trading Monday.  Trump, who said Friday he would use an untested section of the Trade Act of 1974 to impose a 10% tariff on goods from abroad after losing a Supreme Court ruling on his use of emergency powers, 	https://finance.yahoo.com/m/83b9bf0b-6028-3a50-8eaa-5d77c4793608/trump%E2%80%99s-push-and-pull-on.html?.tsrc=rss
2026-02-23	Yahoo	0.007	Treasury Yields, Dollar Decline Amid Tariff Uncertainty	"Treasury yields and the dollar decline as Wall Street grapples with tariff uncertainty. President Trump slaps on a 15% global levy after the Supreme Court declared most of the previous ones illegal. The moves create ""a lot of noise and legal uncertainty,"" Deutsche Bank's Jim Reid writes."	https://finance.yahoo.com/m/8702b289-3653-3e4f-964b-88522d04cd50/treasury-yields%2C-dollar.html?.tsrc=rss
2026-02-23	Yahoo	-0.051	Stocks Slide After Trump Raises Global Tariffs to 15%	With more than a foot of snow blanketing Wall Street on Monday, the stock market received a chilly reception from traders to start the week.  The Nasdaq Composite was down 1.3%.  President Donald Trump said over the weekend that the 10% global tariff he announced Friday under Section 122 of the Trade Act of 1974 will be upped to 15%.	https://finance.yahoo.com/m/3178ee0a-4916-3360-bf0c-b5b9bb0725c4/stocks-slide-after-trump.html?.tsrc=rss
2026-02-20	Yahoo	0.233	Treasury Yields Spike After Tariffs Ruled Invalid. Here's Why.	The U.S. debt market saw prices drop as investors contended with the loss of tariff revenue.  The yield on a 10-year Treasury note rose to 4.109% in the aftermath of a Supreme Court ruling that concluded President Donald Trump didn't have the authority to impose global tariffs.  Tariffs have so far brought in $118 billion in revenue in fiscal year 2026 or the four months ended January.	https://finance.yahoo.com/m/5461dcc2-ad22-37ce-935d-fe57f50c0523/treasury-yields-spike-after.html?.tsrc=rss
2026-02-20	Yahoo	0.13	Treasury Yields Edge Higher After Tariff Decision	Treasury yields edged higher after the Supreme Court ruled against President Trump's tariffs, extending an upward move that began after inflation data came in slightly higher than expected.  The yield on the benchmark 10-year note climbed to a recent 4.	https://finance.yahoo.com/m/14bd2ffa-e8a7-3b69-86e8-4190b5644047/treasury-yields-edge-higher.html?.tsrc=rss
2026-02-20	Yahoo	0.043	Stocks Are Rising as Market Digests Supreme Court Ruling Against Trump's Tariffs	Wall Street is getting pulled in a few directions in the wake of the Supreme Court’s ruling against a large chunk of the president’s signature tariffs.  The Dow initially rallied more than 300 points from negative territory, but was up closer to 133 points, or 0.3%.  The Nasdaq Composite rallied 1%.	https://finance.yahoo.com/m/c42d118a-0762-39b1-b168-a7cd4b49a30a/stocks-are-rising-as-market.html?.tsrc=rss
2026-02-20	Yahoo	-0.021	Stocks Are Wavering After Mixed Bag of Economic Data	Stocks fell Friday morning in the wake of a double dose of data on inflation and the economy. The Dow Jones Industrial Average fell 204 points, or 0.4%. The S&amp;P 500 was down 0.1%. The Nasdaq Composite was up 0.	https://finance.yahoo.com/m/bd09589e-ab3d-34e6-abb8-02bcf132dd99/stocks-are-wavering-after.html?.tsrc=rss
2026-02-19	Yahoo	0.031	Treasury Yields Rise as U.S. Jobless Claims Decline, Trade Deficit Widens	Treasury yields rise as the U.S. trade balance deteriorates while layoffs cool down. December's trade deficit widens to $70.3 billion from November's downwardly revised $53 billion. Economists surveyed by WSJ expected $55.	https://finance.yahoo.com/m/5467343d-5134-3d83-86c8-ea5f0c263533/treasury-yields-rise-as-u.s..html?.tsrc=rss
2026-02-19	Yahoo	-0.102	Stocks Fall. U.S.-Iran Tensions Are Ramping Up.	Stocks dropped at the open on Thursday as investors digested a wave of data and kept an eye on tensions between Iran and the U.S. The Dow Jones Industrial Average fell 310 points, or 0.6%. The S&amp;P 500 was down 0.	https://finance.yahoo.com/m/5d1bf1a4-74d0-3439-87c2-c739a24cf704/stocks-fall.-u.s.-iran.html?.tsrc=rss
2026-02-18	Yahoo	0.0	Treasury Yields Rise as U.S. Data Beat Forecast	Treasury yields rise as delayed U.S. data surprise on the upside, while markets wait for Fed minutes and a $16 billion 20-year Treasury auction. December durable goods orders contract 1.4%, following November's 5.	https://finance.yahoo.com/m/b5124258-f6c9-3c47-b51c-df02454c00fb/treasury-yields-rise-as-u.s..html?.tsrc=rss
2026-02-17	Yahoo	0.143	'Unstability' weighs over Fed's options to cut rates: Strategist	Schwab Center for Financial Research fixed income strategist Cooper Howard shares his outlook on US Treasury yields (^TYX, ^TNX, ^FVX) and what the Federal Reserve's interest rate policy could mean for the economy, mortgage rates, and the yield curve. Also, catch Cooper Howard compare how January's jobs report contrasts with recent labor revisions. To watch more expert insights and analysis on the latest market action, check out more Market Catalysts.	https://finance.yahoo.com/video/unstability-weighs-over-feds-options-130023840.html?.tsrc=rss
2026-02-13	Yahoo	0.32	Stock Futures Off Lows After Cooler-Than-Expected Inflation Reading	Stock futures recovered from earlier declines after inflation cooled more than expected in January.  The consumer price index for January rose at a 2.4% annual rate, compared to expectations at 2.5%, according to FactSet.  The core CPI, which excludes volatile food and energy prices, rose in line with expectations with a 2.5% uptick.	https://finance.yahoo.com/m/5a8944b5-2e01-3ef7-9589-6ea774fae7fc/stock-futures-off-lows-after.html?.tsrc=rss
2026-02-13	Yahoo	0.117	Treasury Yields Fall Further After Inflation Data	Treasury yields extended recent declines following cooler-than-expected inflation data. Yields, which fall when bond prices rise, had already been sliding recently in response to some lackluster economic reports and volatility in the stock market, with investors turning to Treasurys as a safe haven.	https://finance.yahoo.com/m/6cf485d7-4ac6-3e07-99f7-0f2ae2b9ff31/treasury-yields-fall-further.html?.tsrc=rss
2026-02-13	Yahoo	0.106	Bonds, Dollar Rally as Investors Play It Safe Ahead of January Inflation Report	U.S. Treasury bonds rallied, while the dollar held steady and gold prices crept modestly higher, as investors set up cautious positioning into Friday’s crucial January inflation report.  The Bureau of Labor Statistics is likely to report that its benchmark consumer price index eased to 2.5% last month, from a reading of 2.7% in December, with core price pressures moderating from 2.6% from 2.5%, the slowest pace of increase in nearly five years.  “January is typically a ‘noisy’ month for CPI, as 	https://finance.yahoo.com/m/ea9cad8d-a799-3c9b-b7f4-0db7ad75d3d2/bonds%2C-dollar-rally-as.html?.tsrc=rss
2026-02-13	Yahoo	0.055	Bonds Extend Rally as January Inflation Report Stokes New Fed Rate-Cut Bets	Treasury bond yields extended their recent declines while the dollar gave back earlier gains and stocks bounced higher, following a tamer-than-expected January inflation report.  Headline CPI eased to 2.4% from 2.7% last month, the Bureau of Labor Statistics said, a reading that fell inside Wall Street’s 2.5% forecast.  The report may likely provide the Federal Reserve with enough cover on the inflation front to consider a spring time rate cut, particularly after the January jobs reading showed 	https://finance.yahoo.com/m/b16023b4-8a47-3744-b8ae-4d93e60bbce1/bonds-extend-rally-as-january.html?.tsrc=rss
2026-02-13	Yahoo	0.0	Treasury Yields, Dollar Edge Up Ahead of Inflation Data	"U.S. Treasury yields and the dollar rise slightly ahead of January inflation data. The release ""could recalibrate expectations for Federal Reserve monetary policy and inject volatility into both forex and bond markets,"" Kudotrade's Konstantinos Chrysikos says in a note."	https://finance.yahoo.com/m/69d75d58-2fa7-3b2c-b055-4efa3674a743/treasury-yields%2C-dollar-edge.html?.tsrc=rss
2026-02-13	Google	-0.05	TRX Gold (TSE:TNX) Stock Price Crosses Above 50 Day Moving Average - What's Next? - MarketBeat		https://news.google.com/rss/articles/CBMixwFBVV95cUxQYXNNZUxzQ0NQR3pxa25FMlBEcGc1RWo4MnU3ejBhaUdzUUJtNDhMQ1BTV2tUVVpuTzBQY3pNazhsdVIzYjNscmVQaU9FOUJSa0hSc0tmTWNTb1BUVHVGM3FqdGRKZ0RReFF5VXdQRVZQNmw3SkhYeU9zaGRQeENZMUp3YmxBcGlSVWVMNzBuS0x3TEVSWGh4YTBKMHpVVmY5a1Y3WnE5ZnRpZUJnWU1PczNfTzM4MTF4dUxpTnNhbm5PV1hKT284?oc=5
2026-02-12	Yahoo	0.433	Treasury Yields Fall as Investors Look Beyond Strong Labor Data	"U.S. Treasury yields fell in European trade Thursday as investors preferred to err on the side of caution on U.S. economic outlook, despite solid labor data on Wednesday.  Market attention now turns to the upcoming inflation release on Friday, where ""an upside surprise would likely push yields higher and strengthen the dollar by dampening easing bets,"" Naga's Frank Walbaum said in a note.  If data come in line with expectations, the dollar could remain confined to consolidation, particularly as investors remain attentive to leadership dynamics at the Federal Reserve and what they might imply for the policy outlook in 2026, the market analyst said."	https://finance.yahoo.com/m/ffd61b28-3c53-3c55-814b-d862dbf578d4/treasury-yields-fall-as.html?.tsrc=rss
2026-02-12	Yahoo	0.133	The Stock Selloff Is Accelerating. A Pattern Is Emerging.	"Stock market selling accelerated without a clear catalyst on Thursday. The Dow Jones Industrial Average fell 419 points, or 0.8%. The S&amp;P 500 dropped 1%. The Nasdaq Composite sank 1.5%.  ""This is becoming a pattern,"" Steve Sosnick, chief strategist of Interactive Brokers, told Barron's."	https://finance.yahoo.com/m/06a3bdaa-b6a8-3220-82ba-95d3de4d96fa/the-stock-selloff-is.html?.tsrc=rss
2026-02-12	Yahoo	0.08	Stocks Are Rising. S&P 500 Heads Back Toward Record High.	The S&amp;P 500 mounted another early push toward its closing highs on Thursday. The Dow Jones Industrial Average rose 180 points, or 0.4%. The S&amp;P 500 was up 0.4%. The Nasdaq Composite was up 0.4%. The S&amp;P was roughly 10 points away from its highest close on record.	https://finance.yahoo.com/m/82f397f3-88a4-36dc-ad19-7fe47edb7d35/stocks-are-rising.-s%26p-500.html?.tsrc=rss
2026-02-11	Yahoo	0.7	S&P 500 on Track for Record Close Because Good News Is Good News Again	The S&amp;P 500 rallied back toward 7000 because good news for the economy is once again good news for the stock market.  Following a wave of weaker-than-expected labor market data, many on Wall Street were bracing for bad news.  “Markets may have been expecting a downshift in today’s numbers after last week’s soft data, but the jobs market hit the gas pedal instead,” writes Ellen Zentner, chief economic strategist for Morgan Stanley Wealth Management.	https://finance.yahoo.com/m/09b48d73-2c4d-34d5-85d6-bf188c5a79dd/s%26p-500-on-track-for-record.html?.tsrc=rss
2026-02-11	Yahoo	0.2	Treasury Yields Rise as U.S. Creates More Jobs Than Expected	Treasury yields rise as U.S. job creation surprises on the upside. January payrolls rise by 130,000, significantly more than the 55,000 figure forecast in a WSJ consensus. December number is revised down to 48,000 from 50,000.	https://finance.yahoo.com/m/15d43bd1-9718-3f8e-b1ed-1a6ec7c4f91d/treasury-yields-rise-as-u.s..html?.tsrc=rss
2026-02-11	Yahoo	0.0	January jobs data shows 'different picture' compared to revisions	US Treasury yields (^TYX, ^TNX, ^FVX) are rising in response to January's overwhelmingly positive jobs report. Schwab Center for Financial Research fixed income strategist Cooper Howard sits down with Julie Hyman to discuss what the labor data print indicates about how the Federal Reserve may act on interest rates in 2026 as the US central bank works to draw inflation down to its 2% target. January's Consumer Price Index (CPI) is due out this Friday, February 13. To watch more expert insights and analysis on the latest market action, check out more Market Catalysts.	https://finance.yahoo.com/video/january-jobs-data-shows-different-183000339.html?.tsrc=rss
2026-02-11	Yahoo	0.0	Stock Futures Pop After Stronger-Than-Expected January Jobs Report	Stock futures jumped after the delayed January jobs report came in stronger than expected. Dow futures rose 0.3%. S&amp;P 500 rose 0.4%. Nasdaq 100 futures rose 0.4%. The U.S. economy added 130,000 nonfarm jobs in January.	https://finance.yahoo.com/m/eec8c7cd-5dfc-378a-8b47-87ec58372010/stock-futures-pop-after.html?.tsrc=rss
2026-02-11	Yahoo	0.0	Stocks Trade Sideways. S&P 500 Can't Break Through 7000.	The 7000 level is proving to be a major roadblock for the S&amp;P 500. The market benchmark was up just 0.1% after surging as high as 6993.48 shortly after the open. The Dow was down 30 points, or 0.1%, after moving near 50,499.	https://finance.yahoo.com/m/ccf1227b-8688-3af1-91b3-13e918ee6470/stocks-trade-sideways.-s%26p.html?.tsrc=rss
2026-02-11	Yahoo	0.0	Watch Out for a 10-Year Treasury Auction	After a busy morning digesting jobs data, traders now switch to a Treasury market auction this afternoon. Investors are tasked with buying $42 billion worth of 10-year notes. Yields are at 4.16%. Not too attractive given that the market was trading at 4.	https://finance.yahoo.com/m/46f1afd5-0f4f-34da-acef-1d97d48b71fc/watch-out-for-a-10-year.html?.tsrc=rss
2026-02-11	Yahoo	-0.138	Weak 10-Year Auction Raises Yields Modestly	The market reacted modestly this afternoon to a weak 10-year auction.  An auction of 10-year notes saw a result of 4.177%, which was higher than the yield in the pre-auction, indicating weak demand.  Higher yields mean investors demanded lower prices.	https://finance.yahoo.com/m/187c5982-35f8-347c-982e-766c1b660e5e/weak-10-year-auction-raises.html?.tsrc=rss
2026-02-10	Yahoo	0.25	Treasuries Jolt Higher on Retail Sales, Labor Data	The U.S. debt market saw prices rise after the release of fresh economic data. The benchmark 10-year Treasury yield was 4.4 basis points lower at 4.167%. Yields move in the opposite direction to prices.	https://finance.yahoo.com/m/8abdc0f6-5126-3de9-82f0-32d1aa1249a5/treasuries-jolt-higher-on.html?.tsrc=rss
2026-02-10	Google	0.0	Focusrite Introduces RedNet TNX Thunderbolt-Dante Interface - rAVe [PUBS]		https://news.google.com/rss/articles/CBMiiAFBVV95cUxOOEpDbEtJVzF3N05vU2JFZkdKdHBjTzZiTHJqWmhNWnJkRGdMUHBSU2lHUVJEWjVvRWpQTkt5ZFZpT0NsZVZpYndCLUxfcmx0bHlYWUJLdGpxVjhrcnZBekVncmc0V2hrdkMzSExWWkVUOEc4bXZpd29SZDB0QVJnSFZPR2NJLWRF0gGOAUFVX3lxTFA2YmVqbmVjcEZiMUVicGFab2VkM18tTFEyNjhISTlzOThQQ2o1V1ZmS2p4RXMxMFVoVlVqYjlRd0NZbWU3LUxZWDdscjFndkhhXzFDWGFFdWp6WkJ2azYxdU40QjRqM2J6S1pjU1FmQzU4aHRRc0oxNk8yVTI4b1lRQXZQYXRfTFFIQW9DTkE?oc=5
2026-02-10	Yahoo	0.0	Stocks Are Rising Following Lackluster Retail Sales Report	Stocks perked up on Tuesday despite December retail sales that came in short of expectations.  The Nasdaq Composite was up 0.1%.  Retail sales were flat in December compared to November, compared to economists' expectations for a 0.4% uptick for the month.	https://finance.yahoo.com/m/0381bb4b-8e0e-3456-bfcd-bca0ca80c6e5/stocks-are-rising-following.html?.tsrc=rss
2026-02-09	Yahoo	0.0	Stocks Are Falling. The Dow Is Hovering Around 50,000.	The stock market’s resurgence lost steam at the start of Monday’s session. The Dow Jones Industrial Average fell 150 points, or 0.3%. The S&amp;P 500 was down 0.1%. The Nasdaq Composite was flat. The Dow was pulling back after a furious rally on Friday that pushed the index north of 50,000 for the first time.	https://finance.yahoo.com/m/7560d7dc-6bd0-39d2-89af-257e442ecc59/stocks-are-falling.-the-dow.html?.tsrc=rss
2026-02-07	Google	0.25	[Photo] TNX Hyun-soo-Jun-hyeok-Hwi-Sung-jun stand confidently - CHOSUNBIZ - Chosunbiz		https://news.google.com/rss/articles/CBMigwFBVV95cUxPUUcyWmZUWUVZNDA3RzJyVkJ2akRnbHpaUGlZMFY2UzdPd0k5QXdfWFlKc1F3THlxaWMtM2M5eHFqU21LZk1aS0w5M1VKdXJQR3BINDJGaENkVzBnQkxJanhTckxpalI0SGRnT2toNThqd1J6Sk1OSDJwR1IyaEVnMkFzUdIBlwFBVV95cUxPMEJFNW13Wmt1YXZuR1VOR0JEOE1kaHQycnR5SkZrNWZSbWdsSWxueTA3RDFHNUN2aWFMRmo2dzFub2VnSHVhUE5RTlZtb2VZZUhPdW1hV2NfLTNSenp5bFc1SXR0QWNDamd2QWVCN3hBT2VCS0RwSHVFZVppeFhxSDlCZlNIZ2NxX1lTOGExMl80UmJ2dGQ0?oc=5
2026-02-07	Google	-0.389	TNX 226 - Tough N Xtreme - Sherdog		https://news.google.com/rss/articles/CBMibEFVX3lxTE9VaWUxamY1Wm9POWJkNXg2cURYNzNJcTVKWjNsQlQwdDhLMlh4YlYwamVRRktRa1RCNjRIa09WV2thbk5xbG9uMlQxMVpVNVJBZkhmdHBlNEx1RjZjVGdVTmZMOHBSMVlwSDd1Vw?oc=5
2026-02-06	Google	0.167	"TNX Eunhwi unveils first mixtape ""THAT'S ME"" - starnewskorea.com"		https://news.google.com/rss/articles/CBMid0FVX3lxTE1DWXhrQVB1OGxQVzR6S3ZFX2MwbnB0aGxjbXB4RUpRaGp3OHdEV01LeF9ocTYxRTFUZ2xyWXgtQmhmaGV0U1ZYSWVLYkhWUF82WHFMeWJHUmdhMDl2WkkzWGUwTmtuMWNwNHdOcHdzQUprT2plWVg0?oc=5
2026-02-05	Yahoo	0.0	Consumer Staples Is the Only S&P 500 Sector Rising	Of the 11 major S&amp;P 500 sectors, consumer staples is the only one on the rise. A flight to safety pushed the staples sector 0.7% higher. Utilities and health care were both down 0.4%. Real estate was down 0.	https://finance.yahoo.com/m/3edfefd9-32c4-3f04-bfaf-cbd9f02b42ea/consumer-staples-is-the-only.html?.tsrc=rss
2026-02-05	Yahoo	0.0	Stocks Slide. Tech Selloff Enters Its Third Day.	The Nasdaq Composite dropped 1.8%.  Outplacement firm Challenger, Gray & Christmas said U.S. employers announced 108,435 job cuts in January, which was the most in the first month of a year since 2009.  “Bottom line, the pace of firing’s has remained low but it’s hard to ignore the Challenger data,” writes Peter Boockvar, chief investment officer at One Point BFG Wealth Partners.	https://finance.yahoo.com/m/48a75c65-43e0-3dc6-b588-d01aaea595c9/stocks-slide.-tech-selloff.html?.tsrc=rss
2026-02-05	Google	-0.075	TRX Gold (TSE:TNX) Share Price Crosses Above Fifty Day Moving Average - Here's What Happened - MarketBeat		https://news.google.com/rss/articles/CBMi1wFBVV95cUxNSzNTUjBCbTAzOG1fMlI3Q2tQTzF2dVZsYlJ4UHdMZ3FfN0N5eFM5ZVM0SEhQTkE1ODBSV0VOWVd5UGoxZm5PaDJNcXB1Uk9Ndk5TNTJuanMtc2NMSGUzaFZVZlh4ZjRjRER1QVFDZklZWTBmcnEyeWxEMnRLMkdSaFVoZFpncUZoYXBfZ2pqMW10Yk1JejVHN0ZXR2tfVDQtdzVZQmhudlZfeF9EQ1BZaGNaWWZ5OTZDYUZOYzM2cmZPMjE3YjZPdmZ2NGtyZkdtN0RmR2lLaw?oc=5
2026-02-04	Google	0.0	"""Free-spirited Performance"" TNX, ""CALL ME BACK"" MV surpassed 10 million views - starnewskorea.com"		https://news.google.com/rss/articles/CBMieEFVX3lxTE5SZUx2MjdoYnNJbEVla21wVWx0NUZzTWFoQldGNXV5MlpyY0NnREdrSWtDLUJMVHdCNXU1NmN1Y3VtS1hmQVdldDFKUnJYTHI5MkxMUUlHcU14MWdfSGhRb0wtcWVvTFVKRDZTejB3QmVUWmFxU2NnRw?oc=5
2026-02-04	Google	0.0	"TNX surpasses 10 million views with ""CALL ME BACK"" MV - CHOSUNBIZ - Chosunbiz"		https://news.google.com/rss/articles/CBMiiAFBVV95cUxQdEFFdmJENnNybzFyXzZuQlhBN1Z5TlB3eUhqNnEtQ2NCSXU1ZGJvMU9JZHVHX3lndTRtLUlULUlkNWtIcXpsdWdvVjN6dVp4aHByLW1vY2V2NDVHLXpLOWtFbGRVVTdzVUt3NlNyVUt3dzhucVdsZWNKV0ZiOU1PREpYSnAybEdE0gGcAUFVX3lxTE9sRUhoZXpZYk9TZnZDdEZnd1Z2dE8xNU8tTzgwLW8xZDc1bF92UlFsRUdKQjFxMUNfSGpoM0Z6VHVGMmZHN0hybHFsazZVXzA0OVJxTkQ3SlJVTHVEQS0xS3p6em9XSmQyZFVtUWxLY0VTaGhPZ19ONnkzZl95Rk85aTdhNnVObjJNZk9mSUVVY2RnNjdxbjBGYjlFdg?oc=5
2026-02-04	Google	0.0	TNX's 'CALL ME BACK' MV Surpasses 10 Million Views - 조선일보		https://news.google.com/rss/articles/CBMijgFBVV95cUxPZEpVU0NnMXRXeUc4QmNlWWx0dzl2TXgwQjNrVTJoZTRfaW90eHZrMDlfdGhRU1M2bFhfQTFJWWVwRzZmYlZsUlA3TTRVdFlETUdQV3NPcVpERWNEWUd6dXFEbVpDMS16ajJyZ3hSSDJleWFwbk95aWR5cUpuYWNWVlowMDZDUmZmU1Z1Q1Rn?oc=5
2026-02-03	Google	0.0	Weverse TNX Media - The 2nd Digital Sing - Weverse		https://news.google.com/rss/articles/CBMiUkFVX3lxTE5BUjJnQmxHWmFrekh6a29fWUhVMjJLZzJsTEpROTBWa2t1T0stNWpLQU9ZbXo4SHR4S3A5dmdwVklVcEVHN0o5cXJpbm5hd2NfUkE?oc=5
2026-01-30	Google	0.5	TNXP - Tonix Pharmaceut Latest Stock News & Market Updates - Stock Titan		https://news.google.com/rss/articles/CBMiTkFVX3lxTE1UWlZSQVlKQnhpcW93TG1WZzkyc3JMX3d0UlZLXzdpNTVVc1ZoMXZzMEZzZ2ZvaXdub1Y2LVpwQ0lDWUZfdnFBeTVkMHZaQQ?oc=5
2026-01-30	Google	0.042	Tonix Receives FDA Clearance for Phase 2 Study of TNX-102 SL in Major Depressive Disorder - Intellectia AI		https://news.google.com/rss/articles/CBMivAFBVV95cUxQeE1YM3ZwZGJobXJ6OVZlbG5oSHZqcFVPeHpRQTF5ZDBDUnY4NzRlRElxUjVVSDFkRWtvR3FmVTh5OGMxbzJwUWJZNS1nTzlfMmltazFhb0VYMll6bkM1bkFHMldOT0lONHJjTS1YV2J0V0JNQVpqNFNKNS14aVJaVTAxU1FGWGU2ZlNNcU10YjM5czkwQmZUblBnTVNSM0hJR215Si04Zk80UlVQUnVQbF9GaG92VjZJY3ZhaA?oc=5
2026-01-30	Google	0.0	Tonix Pharmaceuticals Receives FDA Approval to Advance TNX-102 for Depression Treatment - Intellectia AI		https://news.google.com/rss/articles/CBMiugFBVV95cUxNVkZGNmVNT3dneksybllGNkpmc2VwdjA0WEQ0MjVmNWFjQkVKRzdYaXlDaGxOajZtR0gxRUtJYlFpelVhdDZxVk5lZTZGQWtjeVQtbGs5b0NmYmFDRDFQYWhBQnpwYkxLMDJ3eTFWaEs2eXhucnYwQmxybUNrQ0FiQ0M2VVBGaDkwZnlwQ3pDekUxVldlZFVBY1J2NFJJQUxzamFaTWx3Z3MwSWV4Y3ZreXI1RXZHdXN4OEE?oc=5
2026-01-30	Google	0.0	[4K] ONEUS, WHIB, LNGSHOT, KiiiKiii, SAY MY NAME, TNX, XG, 8TURN | On the way to Music Bank 260130 - KBS WORLD Radio		https://news.google.com/rss/articles/CBMilgFBVV95cUxQX2p4djdVLVB1RWEwTEN5emJzeVZWdU1BUE9GS1dpLVRmNEZkVUpOZFZTaWNhNTZiZ0lBSURyQTk4UVhyaHBMN0lxaDluWDU1dkRRc2Q3QTJOM3doYldrMHYyYUo5ZV9tRlQ0TzBrb0RsTXB0RWhsZFZoSnJUN1VNb2RsRWJZWm9SRlFWYmU2LWF3WlBwYWc?oc=5
2026-01-30	Google	0.0	[4K] ONEUS, WHIB, LNGSHOT, KiiiKiii, SAY MY NAME, TNX, XG, 8TURN | On the way to Music Bank 260130 - 대한민국 대표 공영미디어 KBS		https://news.google.com/rss/articles/CBMilAFBVV95cUxOVUNBM3RpQUNmMFN0UDItU2Rna2ZMZEk2dF9JTzlhWkJ0R05sTXlXNWhQMG4tNUk5TjZhb3FMUGpJTmpZWVhmSVBtWmZaX1BWSVBKTHoyLXpmbDQ5NnJ1Rjk4UzdTTW5NSklFa1hwdy1VTnEwbDQ5eXl6RmFnNDdaSGs3clY3empJc0FQZlFWSkMzREVB?oc=5
2026-01-30	Google	-0.057	"TNX Eun-hwi Passes Second Qualifying Round Of 'Show Me 12'Maximize synergy with ""CALL ME BACK"" comeback - starnewskorea.com"		https://news.google.com/rss/articles/CBMieEFVX3lxTE9MSWM5MTNERGwwT0E0amJBS2ZFQWE2ODZZb2N5ZUpVNFFKQVFtS1RTSmlBdUJ2cUFLTHFXWmFyRDJvWEtPdU9NTkcwZlg3NklLMWFnOVNIU3gwWTBzRkxzNVVDUmhwUEk0ME1BRWEwVGlhVVNVZk1ndg?oc=5
2026-01-28	Google	0.133	[Photo] TNX perform intensely - CHOSUNBIZ - Chosunbiz		https://news.google.com/rss/articles/CBMigwFBVV95cUxOSHBQeWw0TWJiZHR4eVlDbGhDWDdfeEFEUl8wSGRYY3dURkF5OHAtcFZOejhCTWFNaUdRajZjZ0RuN3V1S09PX0RLYTFMWm05WWJSQVFBVjRVbkN4UDZDNUsybG83MzN0UVBZZUVta215aFhIMGVxUzhGOG1nRWsyNnBlTdIBlwFBVV95cUxQaHluMWxlYmlEY3B1NHYzMVA0VHBqN1h6M0pHQ3dKOFpHOUdPSFZhSDM2eEVmbEtYSHRlUjBPWUFvYVJsVHo4UmZyR3dTZ0NJalFxWEtXZ05PQnBYVTZXRG1xVVhQamZaVjVVQjZNNzhtRmtzaGw3VzNpbGN2ek9GZkd0U3lJOGZ1UDdmdktBWUdLUjhXX2RV?oc=5
2026-01-26	Google	0.0	"TNX ""Call Me Back"" performance video released..a burst of youth energy - starnewskorea.com"		https://news.google.com/rss/articles/CBMieEFVX3lxTFBiX1BOU0ZvX3YzNGdIRnI1SlYtMzJCOVpJUTNDMDRPWmZ5OUFDZTJqQTF3Q2MxZmxtRk52d0VJUXFPUzBzUW9Bd1M4YWtSeFpib0pfR2E0bXNxVDNEd2hIbmIwM2cwSXFzWTB0Uk9oT2RRa2x6VzVldQ?oc=5
2026-01-23	Google	0.019	"TNX Talk Their New Single ""Call Me Back"" & How Their Bond Has Evolved - ELLE Singapore"		https://news.google.com/rss/articles/CBMibEFVX3lxTE5SWHNsbTBpUlNzQWNHdDlnLXpiTTVaOFdxVnAwU0tMcFNIRDhOMEJsNWkwdl9PNmVCZU5oU3hkMHdWbjZ6dG5PM3lubWpYd2JUelAyZTAwQXdMcHlCWVBaYnZhSFg0azJFVlZ4dQ?oc=5
2026-01-23	Google	0.0	[4K] EXO, ALPHA DRIVE ONE, n.SSign, ONEUS, idntt, SAY MY NAME, XG, LNGSHOT, TNX | On the way to Music Bank 260123 - KBS WORLD Radio		https://news.google.com/rss/articles/CBMilgFBVV95cUxNbG9sSjRDV0ttVktZaF9oY0NTNk83SGplN2lLcUtOcEc0aExydkZPYWljajZTRzFtcVI0bkgzazk5b0dzRUxpcnpvVEt6azJMaTZ1UXpwWElaUlJ1MG9ReVdSc0UzRG9ZeFVoTDFZYjczaWE2VGd2eFpOZWtTM245bGl2empBS1RsQmZMaFNwTkw3RjFHbXc?oc=5
2026-01-22	Google	0.022	TNX previews new single Call Me Back and launches 2026 comeback - CHOSUNBIZ - Chosunbiz		https://news.google.com/rss/articles/CBMiiAFBVV95cUxQMXU4WTdoZEhYOGhwa2FBQktPWllxamhKdlh4bUV4R2ZTSmZUVjExWk1MSFN1Sm8xSWQtelkzek9lMU9UZzBVay1EX1VwM19YVUN2TW9pck1ZR19CRFRCLWVhMWVrVlBKUy05b082ZXlBVV8zSEdBbDVKeG9OLVlGY0dXeENlMURM0gGcAUFVX3lxTE1odDFuVmxleVUzVFBkTDJ1ZHZaUkhUZkxQN0hfVVBITWlPVDFqQVI5eTVWeG90aDJiY0xGUXN0NmJ6UXV2SmtGNldaZlRXS0V2dFZzVWpRRzR0YzhXZDF4ek9CX3dfNWN6azdqZEE1Y2F3eDdGZDVDcC1hdXEyRVhxcTN3dklZWXBHbktGRnhqdzN6aVgycGFvbHh3SQ?oc=5
2026-01-22	Google	-0.012	TNX Releases 'CALL ME BACK' Digital Single - 조선일보		https://news.google.com/rss/articles/CBMijgFBVV95cUxNeG9Rdlh6NGNEU21GMXNtZF9SbGE4VUV2LV9CSkVLdzBYUXEwYUt1dVVwYzlFV1l4OHZSZ3p2N3A4d2JlTXBzRzdTTlR4ZEsxZFFBLXUweWtNNEdvTExsTGhsMU5VTjhhWjJrYks1SHBHQnJod3JHSlVveWZPR0QybTFUejBBT24xWW1sUW5n?oc=5
2026-01-21	Google	0.0	By Improving Sleep, TNX-102 SL Reduces Pain and Fatigue in Fibromyalgia - The American Journal of Managed Care® (AJMC®)		https://news.google.com/rss/articles/CBMinAFBVV95cUxPVlRvNmp0QjR6WUpSX0N4Mm5ndEoweXpqb1UwTFVHNk9xLXI5Yk5kRE5zRDEtSDBzdWw1aWk5Z2l2MW9FM1MxNEFYYzBxQlhQWEFCMUFmQmNvaU9WdzFBUVhlMmdBeWFUTTJtZm0zNjNFek9ZbndpYWI4MktpeUpObm5Ua3lhUnZZcnVNODBfSGk3ckNJbnhBWmdQRHM?oc=5
2026-01-21	Yahoo	0.0	The bond market is starting to speak up again	Instead of flocking to US assets over global instability, investors are trying to get out of them.	https://finance.yahoo.com/news/the-bond-market-is-starting-to-speak-up-again-110033330.html?.tsrc=rss
2026-01-20	Google	0.25	Tonix Eyes TNX‑102 SL Expansion, But We Need To See Tonmya Revenue First (NASDAQ:TNXP) - Seeking Alpha		https://news.google.com/rss/articles/CBMisAFBVV95cUxNX0RmLThRS0wtT29kY3R4aU5NZVlLOUhtU0FKQjF1eEhSTzhURnRmMlItNmpLMkd3YUczckR1dy1sUE1kWm5oVENkUWRhdmMtQmFzN212RG0ybXRVbWJ1Yk1UQ1NwZmdKNWd6Yk5UeWhabF9ucWE1WFVjTjh3R2tyeFNwWndVYkhJYXQ2bk9vdTlMNm50ZTRNeFg4OFUySmxDVHNpLWFUbzVyN1R3TUowMg?oc=5
2026-01-20	Google	0.0	TNX - TenX Protocols Adds Tez (XTZ) as Part of Strategic Partnership with the Tezos Foundation - mx.advfn.com		https://news.google.com/rss/articles/CBMitgFBVV95cUxPR2d6cU5DNXFlT1FTajNibWUwLTRSSUR3dDR4czg3WXRKYXZjSE8wTk1SckprNjZQZ05XUk1sYzVOWDViMUQ1TjJIbUtBRTVaMVFRT1oxM19acGM1bW1obTBOeElHMGRjWTlSdnRaV0d4b3RVSWY3d3NUVWJBWHpYaGdLSUY4OUR5Ukp4LVVicWttM1lIdWt4WkV1a1ZkOUJ6bkZaQkNBSnR5bGFFSTRQUElzNTUydw?oc=5
2026-01-20	Google	0.0	TNX Shares 'CALL ME BACK' MV Teaser Ahead of Comeback - 조선일보		https://news.google.com/rss/articles/CBMijgFBVV95cUxORHlDYjYwd1dTZmxXWkd4cGdTOEk1NzdMbTdScDFXYmgtWUctVUdXd3luQzI1U1ZtVDNCaUYxMzI5d1ZzUURhNjRCNWQtNFNFVEV4Sm1xMXg4MTBHUWJ1UWlhSHlRcFQ0azF2b3R2ZGFMaVdRem85dHpQeGhnaHFwSHVIVkhtYWdvM2tjaF9B?oc=5
2026-01-20	Google	0.0	TNX teases comeback with 'CALL ME BACK' MV teaser and D-2 poster - CHOSUNBIZ - Chosunbiz		https://news.google.com/rss/articles/CBMiiAFBVV95cUxORm4tamxtbFAySlU4VE90U0ZEd1dwbHctamZXakx5RW1SUkJscndKbWlhekQ1c3JTZFV4SGZ1ZFJVcWhKYWp5V1JOd1JJV3dMNURjY1Q1SEUzOGtjQUlzSy1KQXVGY2g3dDhkR1Q5RnBudm5hVWFFRmptR18zc0FMYl9VMGE2bFZs0gGcAUFVX3lxTE5FUU9BdlA5eGc0S1IteXJhdTV0M08yNU9zbUVTV29mMDZuV0MtNEQwNHJxd2JwbEpsdWE4R2RpVmlEbzlqZFdEMjdQWVc5Q2JjYVVXTzhfbXNvX0ZOM3p5dEhFLU9EaHRBY1JRWUtrbTh2dEZfb1AtY2IwOVVkUW45Um1oTEZ6d0V6MGNLM2xzdVQ2a1ZkOV9sT090Xw?oc=5
2026-01-19	Google	0.0	TNX Unveils D-3 Poster for 'CALL ME BACK' Comeback - 조선일보		https://news.google.com/rss/articles/CBMijgFBVV95cUxQaXBHVUpNN1g5X25jaHlmNEM1NlFjN0VTMm1yd1R2eUhyZHp6QzRmSGkycUJaUnBCZE1pSmVtczlJNDVPNjVzRFpieGkwQVRaODdoTVZSYlIxSXhTVFl0YkFkV0lKanFmaEJobUE0ZU5JRV8taklfU0d6T1pUeDJQMDlxdWlTd0ZCdlVqT2V3?oc=5
2026-01-19	Google	-0.018	"TNX counts down comeback with new single ""Call Me Back"" aimed at global fans - CHOSUNBIZ - Chosunbiz"		https://news.google.com/rss/articles/CBMiiAFBVV95cUxNcmpqMldUTGdnU0U3NGZ0RURCczhYbTJtT0EtUHFDRnh0YVlrc00yR1J1Tk55V0JrWGlRTXdGcTMtbHFpd3ZiZUNRamdCOWcwLU1oR211LXR4dEJ3TVk5TXVzSTVFamlaT0gxOW1uSzVNUmgybUVxMGEwVlhoTTBseURXOXZGWEFM0gGcAUFVX3lxTFAyYnN0QnVQaHVWcTdFbEREVXhFVmQxR3RUbGxsdllqOUJ1MUVOSnB5aE1Ta1VHeFdlUDB0MWRQYU9DRldmal9xNzVCWkxLLWJId2pMYzdKSUlWOExTX2lKS1RFVDFFVkxhY1JZZEFubjJqWmczTVRRRy1QbkV2My1lNElad3JZeU5xSjJuOHRnRGNMMVhxLW9WZ3hENQ?oc=5
2026-01-18	Google	0.0	Weverse TNX Image - Just call me #최태훈 #T - Weverse		https://news.google.com/rss/articles/CBMiUkFVX3lxTE5aMXpHSlNJZDFSSzZiY3pMdTN6Z19lbGxXUk1xS3NaTzZ3VWF4anViWjAxQ0pCNzRUdUhGc0FHYU1fcGhYVTRtVVZibWFaOHA1RGc?oc=5
2026-01-17	Google	0.016	TNX previews new single 'Call Me Back' and showcases deeper musical growth - CHOSUNBIZ - Chosunbiz		https://news.google.com/rss/articles/CBMiiAFBVV95cUxNY1U0V0VoRlFac0ZKZE45dVpPd0lhQTNZSC04UFNOMWFzSDctNlVIM01mWGl2YWx1aTZjLWlDODd6OS1fS25QbFNYM0UwOXcwZ1o5MW1LMkdqTUExeDlnTWwxWnZGbDFzNVBfZnVkNUc3el9mZURxeElPcU5VM2owYzY3Q0JFLTNx0gGcAUFVX3lxTFBGZ0tnenZDZEdkM3pQQVBpZjlkUm1iSmpiSENEOHdKZTRGZ1VMM2djRXhyOFlrQkl6YU1tRGhyWmN3UWtHSnNmX0Q5Q2U5ZHozeXJyYmdnQVRSNjBoUVI4Ujk2YjBuYUt3Z1ozNlExbEs5TUh5YU1OYjZlcktsREpTei1aZng5d3QxWFdNVkRsTjZwRkhaa3A4ZzJuag?oc=5
2026-01-17	Google	0.0	TNX's Self-Produced 'CALL ME BACK' Sparks Anticipation - 조선일보		https://news.google.com/rss/articles/CBMijgFBVV95cUxNclJPZVpDSllGUm9Ub0JseklWUDRaZHVPNXNNQ2JjQ0JlQUxmc1JocjA2YXQwVm0wS2R2VHhLWDlHR2Y3ZGxkem9CVWpDaHFRTDFiakkteTNucFQ1OE5PSzc1Y2pUdWhuWnd0dlNzNWVsd19fSDlMQ2NKbnNKZjJmcHl5NklvZ0VLZkFCRDJR?oc=5
2026-01-16	Google	0.0	Imagen de TNX de Weverse - Why don't you call me back? #천준혁 #JUNHYEOK - Weverse		https://news.google.com/rss/articles/CBMiWkFVX3lxTE9OMFc0XzYzeEpFWU11RjdrNExja1VqcVdJTzEwMzVSbWZnTFl6dmZFQXJTUXJVbDlGOTdoM2c5SUk2ejV2bk5zNVhFbnNHVzgxNjFpNlVHUEVIdw?oc=5
2026-01-15	Google	0.0	TNX Transforms from Boys to Men in 'CALL ME BACK' Comeback - 조선일보		https://news.google.com/rss/articles/CBMijgFBVV95cUxNa0tJMXBjcWxjSHBMaUVGZXUtZXE5Rk1uVFZfcmxhS3kxNVRzY0RqR09JckpoTHZQNW5kdTRINk54bVozYUYzZF9kSTBlWm54RlB5MklDSUs4dFBmT0dqUDJSV2RscXpDYm9zSHVvX1ZMLTc2aDREVWU3U2VYNVQ4cmk1a2JFcFNLVDBXMUtB?oc=5
2026-01-15	Google	-0.024	TNX unveils matured boy-to-man concept for comeback single CALL ME BACK - CHOSUNBIZ - Chosunbiz		https://news.google.com/rss/articles/CBMiiAFBVV95cUxNVTcydGZyV3NMMjdqX05vQ3FKYWxCRlpBYURWQmJHSHZQRDZYNVltVEF2NjhXTF9aN3c5azZYemFpTldzcWJFcjBrMjNrOHF2b1ljN2JHMnAzYzdUSV96WXFCRWhlcmpPaU9yejJuSjJEQ1RYWW1oWG1LZnF2a1J4aHAtUThCdlRY0gGcAUFVX3lxTE9SVHdJMTFDZUFwUDVHWlNMRDJQVV9nYl9tc1Zmd01Nel9Fc1JLVDhoZlg0UjB6Tmt0aGtYR2VWcHBOZGpKN2ZaOVViazBYS2VyOFR5c3hZMjhCNy1BUG5XUXEweHJRSlk2bzBlcG5EaEd5UHBGeXZQdGVxdnhsakpTUUZPOTdMX05rSGVoSVNFZTVjVi1CNWVadU5YeQ?oc=5
2026-01-14	Google	0.17	TNX-102 SL Significantly Reduces Daily Pain, Improves Fibromyalgia Symptoms - Rheumatology Live		https://news.google.com/rss/articles/CBMiqgFBVV95cUxPQ3BSRWhWaGs1RTRqa3poSjRnak56Uzc3UWhwUFNnb09NNFdmWVNkbHdVX1h1b1RTRUVkc0ZPeFYtc2JqNzQzblpoaWxKbjU0cGRsb0o2aFkzV0ZIWHVjWllqR3ZtbEJtZXl4Y2JCN3B4bkpXMFo0TmRjTzFOaGJQaHc2MTgtUl9NUDRUQndXaWd6OVh5ZWQ0SmFNX21RZDByOXN5dVZINEFXZw?oc=5
2026-01-14	Google	0.0	"""Psy Idol"" TNX, a mischievous boy..""Call Me Back"" concept photo open - starnewskorea.com"		https://news.google.com/rss/articles/CBMieEFVX3lxTE0wbE5sUFJvSnlwRVZuUmVWSUkxNENyMDBlOEdZMTJqTzdyekNZNDRoRWE1VFE1aGJKazJ5R1RGN2tCeWsxMlJBZmRiZnlLNlhwdmxwOVNYZmVEaHRPakUxVmZVVnBPdEJPUkJ6aE93VFc0dnUxbmdjbw?oc=5
2026-01-14	Google	0.0	TNX showcases five-member youthful charm in comeback 'CALL ME BACK' - CHOSUNBIZ - Chosunbiz		https://news.google.com/rss/articles/CBMiiAFBVV95cUxOaEdrY09TSjNwSm9kTm5kLXlyaG51czdtdDY2OVlfRnkydV9mc1ZyOWVUZHlpMGdGS1I2d1kzbElGSmV5UlE5V2J5Njh2cmNiNHQxTFA3UWx0cDAyY2VBQlNQN1NDeXRxTDh1c1FyWDQ4dllTTzFaNlVKaHhaWDh6M21hMjNiWU0y0gGcAUFVX3lxTE5YUS01VDFmaGR6SzR4SjFIS0xYVDBsenZRQ3l4OGpudndRcGo3Y3UyaEVBLWZ0bzlxZnBLcElFOGFGaGRLWF9xQnpYQWZKclBCM21ZcnlUQm9zbmhtYndzM216ckQ0TkZPY0pHLW9vNzFacjE1djB4WGlYTVFWNEI2SnFUQmp0Y1BDN2V0NFZZNHJOcnhuOWpHT3Jxbg?oc=5
2026-01-14	Google	0.0	TNX's 'CALL ME BACK' Marks Concept Expansion - 조선일보		https://news.google.com/rss/articles/CBMijgFBVV95cUxPbU11cUJFeW5nTElyd1NvNEttLVV5ZF9KR0xWUzMxZzNselpiNXJKQm5GcnVXd2IyMzFsd25zdmV2WG1IU3UyMG5BLU1UY2k0b0IwQWotbFhtWkZNZnhRZ2FmMm9NdExhQlB1bXMybHIydV9QMXg5OGs4WkU1R0g2WDZDR0VBdUthWXZoZFdR?oc=5
2026-01-14	Google	0.0	Weverse TNX Image - Why don't you call m - Weverse		https://news.google.com/rss/articles/CBMiUkFVX3lxTFBmWk1NQ05FM0VlYVJCV05ONXN4ajVQSFMwUkpkYzVUSG5lRnAzQ1Y4UXUwNjRCWXNsc2lWTnUyQWFjWllwaWhaajN0SFJHTXhOUmc?oc=5
2026-01-09	Google	0.0	TenX Protocols Inc. (TNX) Opens the Market - TMX Newsfile		https://news.google.com/rss/articles/CBMijAFBVV95cUxNMHR0UlJpbnB4c2h2b1hHb0dOZ1NvdzV3aXVvZVlJbDBEOGFCNDVfSlZqal9wTUhuanFwNkVVNXVZN0IzWnREU0FIRlZOZXBzNzZfY3VYWEVrLXlrSXNENXUzUUk0enBPNDM4TmMzQ3dKb3FYQUgwam9kcUp2cXh3cXJqU3BvZGpxSXdLbQ?oc=5
2026-01-09	Google	0.0	TenX Protocols Inc. (TNX) Opens the Market - TradingView		https://news.google.com/rss/articles/CBMitgFBVV95cUxPb0VIZERDYVM2QXd2R3NFU2lYdEtlRXZIeXEwUG5FdzZrOTE2VjV1RDhSYkktY0cyYldzd1FYMzc3WkhHQ0duS0JvWkVjbDl5R0I0Y3NVMkhkMnBXVy1qa0h5RExHRlFwSHFiM29Da0pmT0wxRE5yWW5zZTlwTmVqVXhXamFlbFFmWVV5MzdUNXZEZzFXNXNjTjVOTldOZTlwYVRQMjlLanRraDQ3d2UwU2ozZ1FuQQ?oc=5
2026-01-09	Google	0.0	TenX Protocols Inc. (TNX) ouvre les marchés - Barchart.com		https://news.google.com/rss/articles/CBMijgFBVV95cUxQXzF1aUhXbHVuRHBTZzkxMk5WT2Q2WmVzWEluWXhDRkI2M0R6Nm5Kamx6Y2cxdW4ycUdUWFNIQjVIWkUxLWNmc3BuRXRLSFZVX3BXWUdHWWUwRTlGSjhLTUFBRUVGMmJha2plMThrdGNfVVZfQXhFWmVZRlVhQzVMbGNodkVQNmZtaTRoc29R?oc=5
2026-01-03	Google	0.468	Weverse TNX Media - 🌅 HAPPY NEW YEAR 20 - Weverse		https://news.google.com/rss/articles/CBMiUkFVX3lxTE9tWWdubi1BSDhVSmN4QkFVeTR4U2lrLS1WdVM3cEpweE9md2ktbjUweWFBNjYzVmtYNzRJZXFsa0ZiV2NFTlBSSlYxSTYtaDNLN0E?oc=5
2025-12-31	Google	0.0	How Facebook 'like' cost KeNHA staffer his job - standardmedia.co.ke		https://news.google.com/rss/articles/CBMixAFBVV95cUxNRVpuV18zVy1aRmJhVFhoNGEwaE9sblNxWjFLdFRYWkxxcXl2VWE4LU5sX3hRcG5ibnl2bFVoc0VlV1g2a1ZETTNJTnBybHA2TDZNUnltQ3IyQmhxeTVKQWJzTjRSTGo1anRaRmtfMWxaQVdGeGpSOS1GSFBGMFFDTzJNVjRxNGVzVk9xeDBsc1lfTzBNU0hsS2tVVlNPZjZwRHA1dzNDRFplRmxNRUI2bFFGTWFJamYyMVp5UDVZMGlZT0lH?oc=5
2025-12-30	Google	0.136	Reframing Fibromyalgia Care in 2025: Restricted Impact of TNX-102 SL’s Approval - Rheumatology Live		https://news.google.com/rss/articles/CBMipAFBVV95cUxOdHo1eEdCU2J4R3VfbVJnaGVYUUFjSjl4ZmF3d2tZNGNpNi0wRURYZ3Etd0h0bzY1NkU4VzVIYW9pamt5SzJWSzgxN05mT242UUNCYTZUbmFFQy1sRnVBTFpaS3ktMjBWcVJNU0RTVXpqNVQyalZhdVNKODZfbXJWcGE0Q2l5Y29xR3lVS0lJbmFoUS1OekR5X2MxVzE5cTBoYU82bA?oc=5
2025-12-29	Google	0.0	Tonix Pharma advances TNX-4800 Lyme disease program - TipRanks		https://news.google.com/rss/articles/CBMipgFBVV95cUxNSnNlc2dfT1dKU2pzck9WZll0NmZKUVAzaVVVeDVFYm9JVW85NUpfQ1NpdDJTSWtDZlRPZ3V2elhMaEdCdEdpeGl4ODNvTzVWNUpNSHQ0XzdoNHZuS2xZUXFVbE1xSFF0MEtCYS1yWGlFMGpIaWRlQlllakRUQWxfR3lMOHNjRXB1djM1RldveXJwRFVaVVktd0QzMmtYMGxBdDNCWEln?oc=5
2025-12-29	Google	0.0	Tonix Pharmaceuticals Advances TNX-4800 for Lyme Disease with 2027 Testing Timeline - Intellectia AI		https://news.google.com/rss/articles/CBMitAFBVV95cUxOLXRsRWFFRUVmb2NITkJUZGJkdnhQbnJuWVRPakluQVdBdGtPME1pLTdCSHFMMDEtbDNDdHY5c3ZMZ3U4QWhhVW9heDU3RTljWkdyYUVrc1dtNGpxdHphWEZMSFhCVDFxTlRLOEdoUjBTN3BONEh2aExWejdCQTZwZ0kxWmptLVl0aUEycVpvUkc2Z1JRUzZrSFM2UTVLcWRyWVpWVmt2dXRSUnBIMFRXM2l1Mjg?oc=5
2025-12-29	Google	0.0	Tonix Pharmaceuticals Announces Program Updates on Phase 2/3-Ready Long-Acting Monoclonal Antibody (mAb) Designed for Seasonal Prevention of Lyme Disease (TNX-4800) - GlobeNewswire		https://news.google.com/rss/articles/CBMi1wJBVV95cUxQeTNPM29uY0JJSF9zVmM5NUtLbl9wWUMtUENsbFFLVWk5bDh4bjloQkUtcmpTX1F6ZEZaeGlrVjRiTVAwZzNnenB2NkhnU016TEVUb3pUbDJPeERKUXNkZkRXSEpfVklFOTcxWGk0bXVTWW5Yb1dkRnZEOVRzMWd4cVFPMVl5UC1BNVRhYkNRX3h2S2JnZnEzRk9aVEVaT1BSN0puY2x5UnBfcDdNZlZvamFabWRSRDhkdG1FSnBQYnVrWkpTZjR5TU9TN1NReWhQc1Z6bzRlVzQwbl9HcW4tbjFxUEhzV3o3Tmp0aWFnbGxGRzVpSkVsTmp6NDRHd0J3OE9RUUtVTFQwVlJNQW44LWJlV3ZZeEtmRk84QmlMZTQybmt1cFNUR3ROaV92Zi0ydU1CbE50SC1NVmFibDBQOEYwMUtldjhnTkVoWVdGOWd6VVY0a180?oc=5
2025-12-29	Google	0.0	Tonix Pharmaceuticals Announces Updates on TNX-4800 for Lyme Disease Prevention - TradingView		https://news.google.com/rss/articles/CBMi2AFBVV95cUxNV3pZRk1YaVpyMUZNWHVoS2M4a0FvUkVMMEltWGRoQUpfbGdTNzk2X2xzZWNCVFQ1b3NTdEtWa09vT09INUhzclBSVUZtNDBoeEhFRUlCaDFVWVVmTmpZdGo3MkxEQTlVeHd2ZFVBODlXei1tSnYtVlJ6cHJQLUpJZ0I5OS0yVGpkMk1xZEFuMlFJZlRuRERSVWktZWRFZWRmN29mLUdhQ2tZYnRhRnlTNTFqbUZvcVRHV213UUtVSnQtTEtLeFU0VjdvczA3Wkxlb1B6c05td0w?oc=5
2025-12-29	Google	0.0	Tonix Pharmaceuticals advances TNX-4800 for Lyme disease prevention - Investing.com		https://news.google.com/rss/articles/CBMiwAFBVV95cUxQeEVpZFVmdTFXQlNhSG44QTZXUFpJakdhN284eGR5TlVwdjRxYk1rVEtxMm9Cd1hBcy1icU02SVlPZVpZVExZTzJxRFc2UUZpRXNjWXVabzVwdDA0cVZ3aW5YQWo3Z2t6cGpBcnZMLS1OaVdMaTljS0hjbjJPaGg5SkhDRVYzRi1oZjB6dnBPSEtPVWZ6aDBPMHBxNTJrTUYxX1JtMUlCZDBMdTN2MTF3WWsyakNHbG4wbjIxZW8wUDg?oc=5
2025-12-29	Google	0.0	Tonix Pharmaceuticals advances TNX-4800 for Lyme disease prevention By Investing.com - Investing.com Canada		https://news.google.com/rss/articles/CBMivwFBVV95cUxOcTlyUmtPU19FYUZWZU1yWFk3dGRkY3VQOVcySmNUc0hka3hIdmFFXy1BaV9UUzNsdFVDekt6V3VsSml1azFrbGQtbzluTGRSQzRLeUJvbzhhSjdyV3NSYVVVOE16bklBYUtDYnZkdUwzOENWWERrUnJSdU9aX29GTEVOQ2JLcU9tZV9SWVNBdUF5MFlnWlN3RVBtb1REcGd2ZGh4akFqWFBvZFd6UUxvc1BoRzdWbkhzQ1ppalpDZw?oc=5
2025-12-29	Google	-0.048	A single shot to prevent Lyme each year? Inside Tonix’s antibody plan - Stock Titan		https://news.google.com/rss/articles/CBMivgFBVV95cUxPVWRORFYwM0NibkpWZDF1RUI0WUFqTGYtT3JjNXpvVGhqZUNwNnlYU1JqT1pWcFVSdER2clhRa1FIOGctbmoxSzJqMmtFTkpvTHYtUDRKekhldVBZQllhT2dZLTZ5SjJiVHJIalBLanBKX2hmN2RyaE51cHU5cVFGVkxKYUdIMnVwaG5XaGdSbGpTRFdiMzBkQ1c2RXhvN1lvMzE5c0FHOC1XdnBHamNTTExCQVE5eWpDOXp5NHpR?oc=5
2025-12-23	Google	0.0	Tonix licenses global rights to novel non-opioid neuropathic pain drug TNX-4900 - Proactive financial news		https://news.google.com/rss/articles/CBMi2gFBVV95cUxPa2lpNWxnV3U5QTgyYXdlZ05Yc091dmpaRnAwMDdzRFdyNGxTZlBCS2FSTG5LNFdrQXBkQ1E2NWZWdkNfM1J0cUxZRWVCTDgzOXFvSDQ3X0FxQ21OSlB0dmc2c05uOHdyckVjODRfZmc1TEEyOS1USmVFQl9HeV9WMTliU1ZicjhqS0RhOUNzMC1QYWIzUE9RUGg5Y1ZSYThHNlhnRGJOajNpd0drMTc3VkdLd09WSHd4RU1jbS1FMmYtUzR3RzVtNFFFV2d6NkNQaEQ4WFBXSEo3QQ?oc=5
2025-12-21	Google	0.0	How Kenya's athletics superstars dominated global events in 2025 - standardmedia.co.ke		https://news.google.com/rss/articles/CBMi0wFBVV95cUxNLXRmYkN1TXd0TlRZZjhPSXVuVVh5ZUhOTEkwT2xpNlFhLTJNNkR4RlliVlhiVTdpcWd3SUhBdzVpUG9EV1hUQXk2cWliOEVGV1J0NUZmYmJTWHBRME1oYXRteW9TX0dNMUhJM01wTFJfdnNXRUtUcV9TS3hrWld0OVNNSGpzLUtHckg3WmY1Y1dlMUtRclJuZzVHNm1oR2Zkb25ESnBDUXZRUG1Pb0xnYkhhSTJQc1lvLVZxVWRyVWlPa0F5VUg5UDhubS02YUlERk9R?oc=5
2025-12-19	Google	0.0	Phase 3 trials now recruiting people with PH-HFpEF to test TNX-103 - Pulmonary Hypertension News		https://news.google.com/rss/articles/CBMinwFBVV95cUxPQVZXUllPS29hdWphR2dNTTVLUTRNODVuSkpILW91QnRXR0FjTktFa3NWRFlodTVVSXVYWl95eEJ2WHktOUVFYVFXeVJaS3NCQ3hJOFphWHlWOGk0ZmR4UHhna1lQXzI2bmVleGFfQlllR2cxbjAwVXB5ckp0ODNDemtSMUlkUDhWelJ5RlVpQlh5WUF4UWRtWWRnc3JCYUk?oc=5
2025-12-17	Google	0.0	Tenax Therapeutics Announces Result of Prespecifed Blinded Sample Size Assessment - GlobeNewswire		https://news.google.com/rss/articles/CBMi6AFBVV95cUxNNWctNEF6OG1HLWNiSGZQRWw5V2hxa0hQelh2LWZyOTBNQWp2bmFoNnBNdHFpVUpTY2VjOUJ6V3lURkEtT0JQZ0t0VU9Zd3BZbGJvcUs5djgwd2YwdkFfVzZRMzJwZ1dwVUNERnpLZF9sdUNCdUNMSmFRZ2JzazhGZHhUX3d5eHdlcU9lTWhqLUhwWWtqMW5uSU10UGk4dUs3ZHQ0eS0yVnVDWTJQbnhlR2pUYXJ2ektmSDItUU5zUmsxd1E0N1RlcmtodU1DekFRdlVveGZwdUxBNkl0U3Jnb2NCOE1oWmly?oc=5
2025-12-17	Google	0.0	Tenax Therapeutics Confirms Enrollment Target for LEVEL Study; Initiates LEVEL-2 Phase 3 Study for TNX-103 - Quiver Quantitative		https://news.google.com/rss/articles/CBMi2AFBVV95cUxNVTFaT3M0d2lILV9RYzdGRllocjA4UlFGa1RtRzBKTTdxX3FybjUyanlLeWV5NTU5V2xZcTltaWpyYWZzak5URmhOWTdGbWVjNWNhZmc1eVRIQkRQQWZUaGFTVGtUb1hsdFlhSVktVVhvTmdHV05aaFp4b3RwQk10UzhIYzBCeGVfcmZaOWRLMFA3ZXZnYXJLc1MySHctNkd5QzlSYXhhdlQ0aGpURnlOb2gtTWRHSDVveXFqQy1vRXJKcG1QWExBYkVHRkktdlVqb0NJQmVBTTM?oc=5
2025-12-17	Google	0.0	Tonix licenses S1R antagonist from Rutgers University - BioWorld MedTech		https://news.google.com/rss/articles/CBMimgFBVV95cUxNZlByOEVYWFZHa0tuN2pSZWR0M1hTQTMwZUlQZE1vRUpKNVczTmktZHM1WkViRm9HaUZLbm1lcFdWa282MkZWcWZrUFhxeUNadWE2dF91Qmx6bEIzNWh6Q1JZTEw2LVFfQVB5YzBJWEo2VWhfUVItV2F1NHVSRFV0dlJ2b0lxSXBrZXhIZm9YYWNYdEQwX0lncUp3?oc=5
2025-12-16	Google	0.0	Tonix (Nasdaq: TNXP) licenses TNX-4900 for chronic neuropathic pain from Rutgers - Stock Titan		https://news.google.com/rss/articles/CBMiwAFBVV95cUxPTHBEMmxYdEhaOEo3WmdrWUZvSGxad2VTN2wtcnBnWU5ZWDhzWGtQcGloNGE3dnJJNkdZQkRMY2dWU3F5aFh0VDJ5SDJkY1JPaElhN1BtZUNwNnBpT0hiRGhkQjNNZXlidmJWNTE0MnZ3ZWxQRFA5MjVFb3M5aE9wdS1OWEo4R0dRcVFCX1Q4V0dRdVFUM1JSM3VLM2I1SmsxV3UySndPOENWTmZKa2JxVFpyaGF4RWxac3RQT1k4U3A?oc=5
2025-12-16	Google	0.0	Tonix Pharma Secures Rights to TNX-4900 for Pain Management - TipRanks		https://news.google.com/rss/articles/CBMisAFBVV95cUxQdEd1VTdGN25samRKcWg0S2RZblJ4bnVUb05UV003OWx3elhmaThmMzhGM1Z1UGlSNWtzbS1TRFMwamRzUzhXR2VTMVJjRVluU0lZd1g2dmtJSjRPV0dDQkRPRlVKSmZsRXFfZDRQNGJMTUgwSXRuOFF3d1VsaFJCWDBJNWpVdWU4Y0ZLYVJCUmNueTdnRko3TUVnTHZHYTIyNjNjYUEtLXlLVFZZU0ZXTg?oc=5
2025-12-16	Google	0.0	Tonix Pharmaceuticals Announces Licensing TNX-4900, a - GlobeNewswire		https://news.google.com/rss/articles/CBMiwAJBVV95cUxQNFpldE42WUxGb0tOS2JiWlJrTnBMejVJX0pRRmlyYkh1bnpEUzJhWU83WmItTmFrdU1SOHVtUHhyd0U1TzA2TEgzRmZIS1pabjRJWmNoTFNCU0hGYXdELUwxSzlGSkN6bWdXdU52TXNjX1MwQVlXUnFtVmNXZzNSQjhUdUhWS0daV21wMkhwNTYwUDZ1V1NJQzJvd0I1UnM5aGdoemJHSzUyc29SbnBOdWNmUWQ0cEdvZk90b2NBSjJwUm5vZ0NZV1NWNE5lT0VnNHlKblZDQlNxWXF6enlLNTVIZl9BN3lpcFVpWHlOSXVTbVlPNU5mQmFtVHpBWm04UkItci1qZHBJRC1rcE11eEtmd2R3WDhkZ2daMTlPUXZWVXhCSFkzQjlSV2Ezdmk2Y2V4cnRqN0xkaDN1XzhzMA?oc=5
2025-12-16	Google	0.0	Tonix Pharmaceuticals Announces Licensing TNX-4900, a Selective Sigma-1 Receptor Antagonist for Chronic Neuropathic Pain from Rutgers University - Yahoo Finance		https://news.google.com/rss/articles/CBMilgFBVV95cUxPSUszS0EwVnBsbDB6RFgxcWk3UXhnQ0FzeXlwZEtOYzVvdjRpQWpESEZYUEh0Y05NUEoxZlhXbTdMM1FGYjNjVXZ3UmRNVVBINzBubVVXZzgzRnFCVUZMdWNtS2piaktFcUo0OWc4ZnA1M3Z3Zm5TcDdBb25QQW9IVmYxM2FfLWgzb3g4YzlrbUJsd05valE?oc=5
2025-12-16	Google	0.0	Tonix Secures Exclusive Global Rights to TNX-4900, Advancing Non-Opioid Analgesic Development - Intellectia AI		https://news.google.com/rss/articles/CBMivwFBVV95cUxPTG44bTRKOW5WcG0xMFR2aHdnc2dzX0JjeTY2bU1pOVlJU2hTMUhSbEJTaWdNNFgzUTFvelBHb0J6OGgxdDVlN3BiS3VTRFRLRjdXMm1peHhXNmJINnI3eEpiX3ViTnVmRFJtR1VYNjQxbGwtcFZ2bEZUbTVaSHF6WGU5WHV4SlhvN1hGWWRkblZpcEoyaTBLYUI4WVczM2UxRFRQSVBuM3ZCZUZ2aUtZTTVURWFJYlJGX193MFNkNA?oc=5
2025-12-15	Google	0.0	TENX PROTOCOLS INC (TSX: TNX) - Share Price - intelligentinvestor.com.au		https://news.google.com/rss/articles/CBMijAFBVV95cUxPTzBxZFA3WW1Md0xiUUE1dFg0dkR3MTZTd1dUTWRxOHVobHZORlQ3bWRieVZ0dnFZdVliRTZRY3RObkxmaWR3YXJGTGVkNDhzUl84cFhodlIwLWNUcXZfUjhVWHNfSGhYUU9WUEtrYTVTb3ZqMXg2OW1xWGQtcGZUd3BxcTNTdDRPaFFuNg?oc=5
2025-12-15	Google	0.0	TENX PROTOCOLS INC (TSX:TNX) - intelligentinvestor.com.au		https://news.google.com/rss/articles/CBMifEFVX3lxTFAyR1R6aG9nME5rTXhFUzRmS1lqS3JkSV9KaUVxNnZiTW9WSGc5QzloR0VsZ2VJOEpiMXBLWkZ6OUwxQXJid00zdU1Sa3JKY20yenhicEZucllsNDh5M01xY0xzUzNSSGZkNTJrOVZzYl8zX254b1lXdm9oTkI?oc=5
2025-12-10	Google	0.375	"TenX Protocols, a DeFi Technologies Advisory Client and Venture Investment, Debuts on TSX Venture Exchange as ""TNX"" Following Successful $30 Million Financing - PR Newswire"		https://news.google.com/rss/articles/CBMiswJBVV95cUxNZUNrQWZBcDZLMFowQXp1R2YyTnA1aXVDRno2X1g1d2JTUS1UZG5EVjBfTWhiTmgtRDZ5NVlQUGJWM2dXeVBBbnlyVS1TemdlTEE4dlBIaUdQbVNDdHhrbDBhV2QxcWtqRU45WUlyWG4xelRDSjRjVm50Zm1FVEFRMTdsSklPdHZaNkZBRk50cjBEUDYtMDZwbGh5YkFZam40UTVjajZNSHhPZlppdWZkMmZkSzA0aTRqdDVKMlhUZDN4aWk1OV9WZW95amhvejVhdGFsQy1MdEhtWXJtVlRrWXplTkF0czliSE1CWVVaZTZHYkh3cmdSdzltQjdRaUVnaVpkdEppVVRCcEZ0NHFNTzZKQk5FY09YbnNWR3FFejR4WTFQZnprOWtYTEFlNHpES09V?oc=5
2025-12-10	Google	0.0	TNX Stock Price and Chart — TSXV:TNX - TradingView		https://news.google.com/rss/articles/CBMiWEFVX3lxTE1WYnY0b0pEV01LTGFNc2lKTVNIX0o4b19ER1M4RXlfMEprbGdhM0h5d19pMXFwcm5YU0VxY2JLUlNUeFFHUEVwWlFJa1RVN0x2ZnpzSDQzZU0?oc=5
2025-12-10	Google	0.0	TenX Protocols (TSX-V: TNX) lists after $30M financing, links with Stillman Digital - Stock Titan		https://news.google.com/rss/articles/CBMiuwFBVV95cUxPcG45UjV0YnZRRUtKUTJxZXdQdW5MZ3pyOVIyeDZvaTY2Rm1PMzJOQkJUWm51YU5wRWx1MVRYTEJGajROMDVYNkJXSXlDZFQ5TmZycmNleGJad0VjakZVWTZzSm5VOHpRczFxWktGQk5TZ2ZjVU56dnF6YUVEcTZ0UEdoaGZBRms3Z1hNVWFkWGMwRDZsemxRaUtKSGI1OEl3TEJCdktWUFJWc1Zycy1vQWlhVG9ZLUc2UHQ4?oc=5
2025-12-10	Google	0.0	TenX Protocols to Start Trading on TSX Venture Exchange After Raising $24M in 2025 - CoinDesk		https://news.google.com/rss/articles/CBMiyAFBVV95cUxNNGljbUdQQzJIb1E0OWljNWJZU0NUclZlSlowcXF6UGZ1Wk5rRzRlMkFIaTkxT0N6cG5ZeDRtNk0xLThKSGtWZk9nbmZmOWJxeUhJdThiNFJUeDRKUS04YWYzYzhKT2tSODktZWhQT3FZajlCWFJEci1YR0FRTjNvczFuYWhxQ0JJdmo4NkVWbG5ka21xNzRlYkMxbHNEaW1sNHJrcEx2VlJDZkJjREJmNW9sOE9uWnkxc2VMTVV1QVlmYmNhNTR3VQ?oc=5
2025-11-30	Google	0.183	Mexico's Unbeaten Regina Tarin Advances To 7-0 With Stunning First Round Knockout - LowKickMMA.com		https://news.google.com/rss/articles/CBMirAFBVV95cUxOUGdIY1VoZlFrZXQtdWUwUklIdXdKTkNqQVJzczlUY0NPOHdSNm1Sb3IxQ3Y3M3dQM1hfWWdPYWVQMWpYbVZwLVlZaGF2aEtOUEZqbi1BY19uODdUUUktN0dwOUMyVHJPME1BSWlZd2lKVGtWX2M0dDhyMnhURTU5VDhKWUlYbDEwUWhSZG1rQU9LR3U0WkpFZllOeEhBbjJSYnloUy1GZGJucWNH?oc=5
2025-11-29	Google	-0.389	TNX 1125 - Tough N Xtreme - Sherdog		https://news.google.com/rss/articles/CBMibkFVX3lxTE1NTWRpZTVSREU1QmdhZkZMNkVlSk55WEhVUXN3M0QyMXBMOFN2dzlNSzVUeFJIMl9EZ0czWTY3TmdHa0NqdmNlLVZTbnhUZWZpeWIxS2JYM1hGeHNzVHJEdDdvRW5ZRDduR1Rrbjhn?oc=5
2025-11-24	Google	0.099	FDA Clears Investigational New Drug Application for TNX-102 SL for Treatment of Major Depressive Disorder - Psychiatric Times		https://news.google.com/rss/articles/CBMi2wFBVV95cUxOaTMxZkRXMndVYWIwWnpOQ0JNYXBWTTI0UFo5RV9oWnpwMzJFYjVnTXlRdGN1YjJkZEs4dnJOc3ktRXNpUlY0V2hBR0JUM3FpZzkwd2FQRlJNQUtGZkxiNFFJR3JaRGwzQnRxMy1XNXoxeWFFZjlpUWpvQnR1R19IOGlQdWN4MzBjU0l2cTREbzBnS3JLWUxFLVhXbGl6VDNNSDJKRFNVWGIwemItRUNEVkZLak95Y0IxUld3ZE1CdnR2RERIZUFFRGpnb2lsZUhIU1NQWldzcXlmc3M?oc=5
2025-11-24	Google	0.062	Tonix Pharmaceuticals Announces FDA IND Clearance for Phase 2 Study of TNX-102 SL for the Treatment of Major Depressive Disorder - Yahoo Finance		https://news.google.com/rss/articles/CBMijgFBVV95cUxQSlVfeV9sUlduVWRKMUJ6VXllTzVtSUFGQXByZndfcXdQSWdybTVNbDVhQWNVZXRHbnhLNHR5M1JwWnZudVhjR1FQZDNldW9CWmhTeXV1N3VRdHQ0YUlzX3pSWnMwSVUtZlZ6MVRhTjJhbkUtaVI2TGdRRGhicDZ1alV2ajJaVm5LMjdmY3R3?oc=5
2025-11-24	Google	0.042	Tonix To Initiate Phase 2 Trial Of TNX-102 SL For Major Depressive Disorder In Mid-2026 - Nasdaq		https://news.google.com/rss/articles/CBMiqgFBVV95cUxQbVlmaDFhUVR3TUFlRjNXczAtQ0RwWnJ2YldkanJ2eVRLQkNhU0ljcjM4T2pBLTBJS3l2VU1hZ0xNdUZtYU1GTG9FX0dGUDFrd00wQndqNnYzS2hncG9scGJCSTdUS0RlTWU4RC01cjVaT0Z0N2x0THdGTjI4QzJfMlVjS2t1a200a0dWY3lqVnllb0tQQ1BLRjRDMVdUY2daLUpaU1dqRllDUQ?oc=5
2025-11-24	Google	0.0	Tonix Pharma (Nasdaq: TNXP) cleared to start Phase 2 HORIZON MDD study of TNX-102 SL - Stock Titan		https://news.google.com/rss/articles/CBMivwFBVV95cUxPM1NwWjdrYTRKQlJZNlVCeVVJYzVCbERWMGFWbnRSaHNBaDVoMGFDVjl1a0RpQVFXN2YtWG1VWHZTZFNlOEpud3lscmR6b19FVVBQRWxOa0lxNC1xQjdKbzRiR21RWVdSYmtoT1RHN09COVVZcTgyWXd3N3IwNnNvb0Q4R3ZLYzZJbFhuXzJSUk5pd0s0MVFnV21FNTdmMkZpNmRuQXhfbGJzSkh2T0tHNFctVlNrZXBiTWNraENtaw?oc=5
2025-11-24	Google	0.0	Tonix Pharmaceuticals Announces FDA Ind Clearance For Phase 2 Study Of Tnx-102 Sl - TradingView		https://news.google.com/rss/articles/CBMi5gFBVV95cUxORWxvSjhBaHQ0Rkp2X3Vwd3h3NTNJc1YxbTFaV1I5Yk9MemlIS0p5dlN5cVlKQzJMZ2syaWMwQktrci10X2FQZWFrUHJfeC1QdHQ0b0lia05kOXREbmNrem5XcWdQT09TWFFidDFtOHhQdTRuLVBHSjVJdTAybmpGN3BDT3VySGtlRm9yU2dIc3JCbTdRbldWLUlxeEt1SGowdHA4d2FLNWlSUnRuRzZSR2J4M1UxU3dGS3d2VGp1UjdFVUQtV3N2SHpJcHFMQmM1LUlVMi00YURsVnVyX1JNSTNfc2VZQQ?oc=5
2025-11-17	Google	0.0	Tonix Pharmaceuticals teams up with MGH to advance Phase 2 trial of TNX-1500 | NASDAQ:TNXP - Proactive financial news		https://news.google.com/rss/articles/CBMi1gFBVV95cUxObXd4YkdTbk51Ml9QT21lX09zRkZUNkZfOUdmLUN3akpvb01RNTk5R3VoSWVLMmt2RWNnd3JtdzlpZG90d0ZwNDZlQnJ6bUZqamsxZ0p3Tlkyc0kxLXotUkRGOVd5NUNaQ2VwNnhoLXdlM0R4SVhtM056ck5zeVg4VEE0a3I2aHcySW95c1NGZVZnWVRjYklXbzBmaldIbDZjQzA1SUxycVdoM2ZVY3JrM1J1VjdBbGxZaFhPRktxVTFMbnFTcnJuTUQycG9Vb2pHZ1l2OXlB?oc=5
2025-11-16	Google	0.0	Sidra Line launches TEA service, adjusts TNX - Container News		https://news.google.com/rss/articles/CBMie0FVX3lxTE9sNHBWWndyb1I5bml6OEU1RXNfZWVyT29MZjdrVVV4OFVHUmNmZk1PZ3M3MjR2QmFHXzV4aVVPanR4dzF6WE52dVlHM0Y2eUdweUpVejlqeUpXcnhHdGpEbTZUQTFibzdGdkFiSVBSUGozNlZxakd4VWpFVQ?oc=5
2025-11-16	Google	0.0	This analyst loves Tenax Therapeutics - Cantech Letter		https://news.google.com/rss/articles/CBMiggFBVV95cUxOQWFxalROQkl6RnNSd2JKU09WaFoxLUJ4a2dJMWpPU01hX3dmYlBfWDNZV0VER3BBU1ZBZk9uQldaeGk4Z3RRcWpOWVE3SXFOODVhRUY3dXlHWjdVSEpYUHR5UkI0SkhjNno1MGFhdHNVN3pocTY5S2F4S3NCMm5JT2dB0gGHAUFVX3lxTE9VWjkzelNhV2JseXl1RnlfbEZEVDQxeWd0Q3loTmo0bGJ6NTM4SkE3dkwxcndkcHc4eXFrOUh2Ry02VmFYMkNlVkZmYWRZYXFEZFM4OEdpZHBDNWhGRmVzYXZlRUw5eTBkYXJSMW5NMF8tMFZVS3VydEpZQlRxOHZsRzhLOXIwbw?oc=5
2025-11-14	Google	0.0	Tenax Therapeutics, Inc. (TENX) Discusses Scientific Rationale and Development Strategy for TNX-103 in PH-HFpEF - Slideshow (NASDAQ:TENX) 2025-11-14 - Seeking Alpha		https://news.google.com/rss/articles/CBMixwFBVV95cUxPWkVmUUZGV0RCNGl6dFdVRU9MSVN5UENMOGg4c3BRV3ZhaUliZ0NmVWpGVkRacUdMZWY4c1hpV2RIY3hPb0ZKN3FicmhYOXN6X1BBS05HLTlQTVBDb29OQjE4REo2Qk5UdFBmTjhJaldvZnVaNHhBeGExNnIwVDZENnZOX3d2QVpSMGhKSnBQQnNUeEJLQ04zUmpVdTlpRDBJbEpGYjU2MUQ0cGpfa3NnQkdaSDZZTHl2ckF4OS1BcHNyZVZsUHBB?oc=5
2025-11-06	Google	0.0	Tenax Therapeutics to Host Virtual KOL Call to Discuss TNX-103 (Oral Levosimendan) for the Treatment of PH-HFpEF - Yahoo Finance		https://news.google.com/rss/articles/CBMiiAFBVV95cUxNbVFjTnJVREcyTkdUTThRWlg3aV9IYmR1eXNLci1BQU5mekV5R2Y1aG5HRDl5aDVLYnFpMjkzbnVKVGJSSzBEbE5jTzFJUnV4X09ycVJhdHZHZmpQbXJPOW9YNjZVSnNxQTJ6MGpGVlhmczY3M1JvUE1FV21neFFQMkxrU0ozei1k?oc=5
2025-11-06	Google	0.0	Tenax Therapeutics to Host Virtual KOL Call to Discuss TNX-103 for the Treatment of PH-HFpEF - Investing News Network		https://news.google.com/rss/articles/CBMiuwFBVV95cUxNM3pDWm44eFVyQjNqVElRcHQtWGZLRFlzM2pTNVVaN0czc0VOQXJzRVJaVUkxOXBJdG1JZ1E2OGdqX29EQUVjX3FqaENSYTlZZUx3MlZHeW5vLTRrRUx6d0pSVkdzeWItVXpsc24yUFVTN0gyb21zT3ZFVUdKd1p3OXdzNVRlemx0TGVUdktLbFZRRWppU29ER1c2aVphTnBmTDItYWFKOWFHWnQyUUxLTEV2Zi10R3JCMnBJ?oc=5
2025-11-04	Google	0.05	Tonix Pharmaceuticals Announces Collaboration with Massachusetts General Hospital to Advance Phase 2 Clinical Trial of Dimeric Fc-modified anti-CD40L mAb, TNX-1500, to Prevent Kidney Transplant Organ Rejection - Yahoo Finance		https://news.google.com/rss/articles/CBMiqAFBVV95cUxOc2FoTjh6SGd3MERqT0lNaTJuS2dfSUJkdDNkNFB0VFRrVHUtVWVpNER1alA1X1I5VUxaV3AyOWt4bTUyeDJkVzNscExmeUh6dXBpeUliMUZhSmdBTWsybFZtamRsMm5oUjlaZFFLS2pfSTA2VWhHbl9CSHR3dGh0clNxUW9heDctc0kxN2RrajVSWENQNGE4MkNyaGFzZ2t6OUc2dHBONG4?oc=5
2025-11-04	Google	0.05	Tonix Pharmaceuticals Announces Phase 2 Study of TNX-1500 for Kidney Transplant Recipients in Collaboration with Massachusetts General Hospital - Quiver Quantitative		https://news.google.com/rss/articles/CBMihwJBVV95cUxOcG5TdjVzdm5wd0VqbEE5SW5pLW5JSDVXalg3MTF2MmxXSkk2c1pVWTl1ZDFWRUxOMUJLa055Uml1UWtPWXdrY1EweUFLdWhidnBZUmpZbklINlh0bzZQcS1qT3RGWU44TXRIWFpuMXZIY3VtbUc1c1JEd3JvX2owQWdLTzNHS2s2VkEycF9kR25KNkt4Rl9LczQzbUhRWV8tZDdrSUdQdndFdDRUdzhORXBWT0NXNndIUjZ5NzAwQklSYWVHYUZFaVNvZDFIeXJDcjh4cjJVV2NDdVp0Yk9vTEdLb2gzdnJaMV9SbldOOXppeDdlTk5EdmtZRnJMNXBwcnh6eF8wbw?oc=5
2025-10-29	Google	0.2	Tonix Pharmaceuticals Holding Corp (TNXP) Showcases Promising TNX-801 Vaccine Data - Yahoo Finance		https://news.google.com/rss/articles/CBMijgFBVV95cUxOMExoY2tsN0wtLUIyQlZIZ3NOakdfa2tjdWxGSEZPU09aM3J4OEFaTmp2TUJQWWstRHMtejBrZ21hc2NVOEJEb193U3FlWW1MVFNfU0g5MTVLcUE4Ul8wOVExeUpxWG82R1NxckF2M2NrTVR1T3FNcnpMb2VLNUppSk5PX3Nmd2ViYWowdUdR?oc=5
2025-10-23	Google	0.0	Weverse TNX Media - [🎥] PICKING UP COINS 🪙 - Weverse		https://news.google.com/rss/articles/CBMiUkFVX3lxTE5mVl9JMGYwMEM2UmEzX0dXVFc5Y2lSNk5nY1lwVXJ3dmk3Mm1uaGlaNVVUOWxEMzZpN1Vqb2dwTlhWa01Gb191RjF4MGd2NnpuVGc?oc=5
2025-10-17	Google	0.133	Tonix advances mpox vaccine candidate TNX-801 with promising data - Investing.com		https://news.google.com/rss/articles/CBMivgFBVV95cUxQOEJNYlhhNWlNSXIwQTFGXzJ1MmhnUVc2MmNxNGFsSnd5c3d4MzVZdzBMLXA4YjRlRXBrME9pY2NSNGc2SWtIeXBHSmlyTkI5T2lJYTZudlFKVl83UGoxU1ZremVRN01BZEM0eVBibFk3TmFPdGZPbWQ3ZjRuS2RzaVZOSDdTR0JnQzFGRjhyMVdwbElpNDZ6Z3Faa2tGY1FkV0xIVy04XzJhdGRoUnpmOGQyNGtJMEFudjJVN3RR?oc=5
2025-10-17	Google	0.0	Tonix Pharmaceuticals Presented Data on TNX-801 Mpox Vaccine at World Vaccine Congress–Europe 2025 - Yahoo Finance		https://news.google.com/rss/articles/CBMijwFBVV95cUxQaGQtUUZtd3ZkNEpKNmxHTkFQcXFzOFJDMmhXdExCeElXTE1KbWFvRFpqTFFybmJLLTFSN2ZRQ2RpNzV5LW5QVzhNODBzU2Z5VlBmOUxQRnJuTEw2Wk9JRzRMMDk4cTBtMVdVMnZrSWVJQVVBVGxpMmJaMFM0VklUTWp4OXVjTUFJRXdaWGNvUQ?oc=5
2025-10-15	Google	0.174	^TNX News Today: 10-Year Treasury Yield Hits Multi-Year High After Hot Economic Data - Meyka		https://news.google.com/rss/articles/CBMisAFBVV95cUxPMTJjM2loaExSTWw4azNRWHljSHd6ZEZsQ2dNSmlaa3UweWktMUZMRkJJSFhWcUtPY2FPZVg5LVFWbTF6QWRiRWNJdUhNRGJNZlI4MHlhbmkwUEIwcFJjWnNzOEpkak1FNlBpZ2FWNk9KRVptR18wLXY0bDFPVV9Pb1BsekRuVDcyU3g0aHk2QTVSWHJVNTlZekphTmdHRzk2TGotNk1pWDRGTXl1UDNFMw?oc=5
2025-10-14	Google	0.0	Tonix Pharmaceuticals Presented an Update on Fc-modified anti-CD40L mAb, TNX-1500, at the 61st Annual Congress of the Japan Society for Transplantation - Yahoo Finance		https://news.google.com/rss/articles/CBMikwFBVV95cUxNMnhtd1l6LWFIMzM3R181bnNudjg2NjBTZTVCeVZhZ0tBNDZ5dmdsZDVkaHgzNlFDdXJBaGN0ZDVGNWlJYWR0SU5mYllQTjM5TlEzaENzYTF4UGw4b2QtM2k1THc5aFdFN3dqN1JNckZQRXNjcUdST2t3V3gwdVJ4ZC1WZEFZUV9wOGd6UEVWSV9IZmc?oc=5
2025-10-09	Google	0.0	Single‑Dose TNX-801 Mpox Vaccine: Tonix to Present Safety & Durability Data at World Vaccine Congress Europe - Stock Titan		https://news.google.com/rss/articles/CBMiwAFBVV95cUxNUlNzRGRVRjBvUVhidzdiMEpsZDlPVWFscHpGM3lZeko2c3g5V2RRdUg4dFAzanVyU3cxblhWMVJzWUQwWXhNc2w0ekZPTVZSQ3drZktBR2NXMXE5bjFwc2dCMmttbnpmMmR6dG05QXlUQ3piUy1LaEJNcjBrQmZjSzh1Ni02M1NpRTR3NFc2MGxjOGFBTkxyYk1nT0ZnR25XOXg2dG1ScnE1RnhmYTl1d1UyZkxCVjM0b1oyc2VzcEE?oc=5
2025-10-03	Google	0.0	Tonix Pharmaceuticals advances TNX-2900 into Phase 2 trial for Prader-Willi Syndrome - Proactive financial news		https://news.google.com/rss/articles/CBMi4AFBVV95cUxQR3U0VmhQUDJ5RVFIajVBeTNvZ3F3eEs5WERfUUVZNllxbXlkdHdJakNtcnozazlkUHVVRlpoa2NDRFg4ek5yMURFdnd6V1FGQVhtQ3M3ZmgxalJpQUFoVkZoR1RTNk44NWVQMlFjZlk4QzBPYk5qaW02dVp1RWJuc25lNjZLbGhEWHlDT0stN2JRUmxEODM5MzVOZ2VOZ2NvX1ZxSElnX2w1aWRDbS1KTmVWVDNkRTNBMXRIaVRFTi1HQnJucHZhdVZ3VldER2tQS1RrYUJsYkh6VFRXTi1MZg?oc=5
2025-10-02	Google	0.0	Clinical trial being planned to test nasal spray using oxytocin for PWS - Prader-Willi Syndrome News		https://news.google.com/rss/articles/CBMiqgFBVV95cUxNaVp6UF9BY0RHV1FyUHUtVGdjeUpWY3Z6QjV4ZndyRy1HVmQtREk0NWUtR0s2ejF2cWZ3MUtfVlA1Qkh6TXFNOEhJbVF1UzlqaEJQNE9rNUplaEswMzg4OU5TSXU1eVg4V0FJdzVjQkE1ekFlbHp1dFljbWQxbzRZZXZrcWtBZGNaNXliM0xkNUtweEc3ZnotX2tKUC16NWlxTVJRTGFaa3JvUQ?oc=5
2025-09-30	Google	0.0	‘K. Tnx. Bye’: Lacson won’t trade barbs with Marcoleta - politiko.com.ph		https://news.google.com/rss/articles/CBMimgFBVV95cUxPRzlyX1ZTdzFudjdDTDE5RjdkRHRkSTU2QVZYRU9HY2hUOGtGdzBMcmFaZndKYldhVEkzQ3M0QzFqVzRIY1prNXV0V3hqRGdoWlVXVUppcFlMX1pCQk1fenVJM01vclBNSkNIVFh0RFdYVW5PUlZmbDB2ZGhWOG94QTFINFlaNjFEUzhXZ2RtZXVJZW5pUlpQbEpn?oc=5
2025-09-29	Google	0.136	Addressing Fibromyalgia Sleep and Pain With TNX-102 SL Approval: Q&A With Philip Mease, MD - Rheumatology Live		https://news.google.com/rss/articles/CBMilwFBVV95cUxNYW5OcDZTUWNsMkY3b180MzJiakFFSGFIcjd6LTg5cWoyN0szUThxTGxaOFVVZVoxY25DWE5KRW5XV0sxVEpZYjhqM2h5N0hZeGlCZ2RYeWJNdWl6OUhFdE1aWVZsYmFKVFB6Q3VpZm9BTVJuQ0oyU050a1hYd3dNUy03V3E2UDFuenNUdUMxaXM2TzB1TkdF?oc=5
2025-09-29	Google	0.068	Potential Breakthrough for Fatal Childhood Obesity: Tonix's New Drug Targets 30-Year Life Expectancy Crisis - Stock Titan		https://news.google.com/rss/articles/CBMivwFBVV95cUxNODVzVXVsMFdUZGVWZVdjRjdMTmhsOU9oeU9abkhQS2pwSFJiSk50T3hra1dpLVM4cEk3V2lkbmp4YVNxZmlVVlY1UEE4dExhc2dzaTFUd0Nfam9fSGJOR1FWdnlTNE1TV283MzRQczRnQzhpbUJYRVdrc2hLYXJVRnR3eEQ1OHo1eUpOMXR2cS02ZGNNc3BZYmFrTEEyblBRRzlRVng4Rll0VFdraVkxelBHTGdQWk15VVBuM1hsZw?oc=5
2025-09-29	Google	0.0	Tonix Pharma Advances TNX-2900 to Phase 2 Trial - TipRanks		https://news.google.com/rss/articles/CBMioAFBVV95cUxPNVNNQ2h2V3hsNG4zaHVQQmFtdTI5NkpoY1d0MElySFdWcGU4SWFiTDVmSWxOT3pxVnpCamJSTENfSmh0TDk0QXVGeUxwSU83RkFyOEV0blR0M29JRUQ0TDNlU1BSa0lzMXA2S2h5QlBGNjZjblZEZGlzSlB2emRHcVdmUkd6Ul9KcGJTcTFDVXQ0WWxBMTlIWE9SUGlXbVFr?oc=5
2025-09-29	Google	0.0	Tonix Pharmaceuticals (TNXP) Advances TNX-2900 for Prader-Willi Syndrome Treatment - GuruFocus		https://news.google.com/rss/articles/CBMiuAFBVV95cUxNcV95Q1E0WmFrclFyXzM3S20tM1VLY0ZlUXFaUGtLc1NhTlR1cUc4Q3VZUk13azFwSUVBX3VoVDBkYVU3UkN2UzBVbnVOTlBwNUVVSWN5QnR5eFpIWWg0VTlGVUtnc2w5LW9xZ2NLQkxZcF9rWUNHaE5jZU5xQUlLV0dzZ0ZIZFJYNTN0eFFBWGNhc1RFVGZBTmNZUXNhWmtEWTFHZG9zZDNUUFZFU3ktZkEtdVdNTTZh?oc=5
2025-09-29	Google	0.0	Tonix Pharmaceuticals Initiates Phase 2 Trial for TNX-2900 in Children with Prader-Willi Syndrome Following FDA Clearance and Orphan Drug Designation - Quiver Quantitative		https://news.google.com/rss/articles/CBMijwJBVV95cUxQYnI1OGY0ekxZY0JxV1lVd2l3MTZGNWZGWTZoYWNUeUk0QWFuT0FfQ1liOUZDT3RIaS15dDBpd3BraTljMjBfSWxBZFJPUjVhMEZBTE93TDlxRzhodGR1TC10bzhHYVJqVE5KOXlGQnNCNk5aVzlacENsTkxVRFdDb25CMUZxaUdkZXNzREdfUE0wQ04wRUhrR2lienpqVGh6dHBCR3pibDdzcTFfdFpveFM1S0lnWVRGTkVIS2pjbkZzTmh0OElDOTZLS016X1ZxbVlDUjVlaGRCRVFyVURkUkFQRGFKSmswaVp2NExVS3ltWkdXM0VCa0ZmSHd5Y09BUGFCdEFkUkVpN0pVZE1j?oc=5
2025-09-29	Google	0.0	Tonix Pharmaceuticals Plans to Initiate Prader-Willi - GlobeNewswire		https://news.google.com/rss/articles/CBMiqwJBVV95cUxQaDZMdTVOaS1vOWFpVkd3RTZtLWZ0WmR3cmRIVkJRcUptaGY1VndHa2tjN1c2T29hR1kyQzBDbzJvX19VS0VwNV9XY29PUXYxaTJlcV9TSTBTODZxNTJrMnBZSFUxckE5dFA4UmtIckpndXlUM1J1b0hDblpwR1N5QkVobVAwTUhPYjRkck1CTXNkcEhRcm5MQ0k3clZBdUt5YVBKRWc5dGQ4SExuck1oM2xNYm1nWWoyc3NTQTlldW9sblRwM0lRbmkyYklGNS1JRi14dldCRlpoMzVSbmYyQ0RvUHk2WDNqbUNlcEItXzhaSzNsY2t6bEpwNElRTDJTQ0lMbkk4cGg3QlhjTVh0d3NwaGZGN1Jnc3BZdWZCRnY0UHJFTW9UcGJyNA?oc=5
2025-09-29	Google	0.0	Tonix Pharmaceuticals Plans to Initiate Prader-Willi Syndrome Phase 2 Trial of TNX-2900 (Intranasal Potentiated Oxytocin) in 2026 - Yahoo Finance		https://news.google.com/rss/articles/CBMikwFBVV95cUxQLWU5bVN6TG1NdjMzNVZ0ZFhEVEU4dnNaWlo5cDM5eE9pUWNDZzl0a2wxcXVtLWVpNnlQcEJBcU1VVmpKWTdZSWV4dW0wd25uUU1veTl0N1MxYUlMTjlZaVcwZUhmRm9qS3NoWUowanBTbm1tcmVpN05qZnI2NGFfWC1oMDBJbTdtVEhDbm45OGs2WGs?oc=5
2025-09-24	Google	0.114	Tonix advances TNX-102 SL for depression after positive FDA meeting boosts development path - Proactive financial news		https://news.google.com/rss/articles/CBMi6gFBVV95cUxOU1ZwTEtfenBPQ3luWlQ0WnhTYWd2THE1ZlRFa0xCVkNPQ0hTZUR5MUVlQm5VOENmdjlsLXVwU0tJSEtJbDdSWXRqV1YxZFRuZnB2N19lejctdzlWenNlZERVTGJoT0pFV3pUVllZUUx6cHM2azloQk5EZDRveUJXMDV5VXJDNEFRSzVfUFh2VHZPZXRSRkE3MGxETWpJdjBNRlJfMmhnS2VDMC11dWpxclFobDdlYXJUZWZPZF9EZFd3YmZXNkZzeVEyRUZzbjFWZm1uUWxXaFJPT1o1My1BSm0wQTRpRkJzaEE?oc=5
2025-09-22	Google	0.0	Tonix gains global rights to TNX-4800, developing one-dose seasonal protection for Lyme disease - Proactive Investors		https://news.google.com/rss/articles/CBMi8AFBVV95cUxPYTduQlc2WlBDUy1NaUlhczc0LVh3NVZnR0RlYWc4ckliMWlxU2hoak5uQWdGMTZfZllOUDdRdHd5YUJKVzdrWl92OVRobDhMTDdtdHEydDVDQ1lzcnV6ZGY0cldsVS1kQ3NfeDhDbnRTbVBVY3FfdWREYkFIX1ZyWUUtaENCTXplOXlMdUhBNS0wcHFfdUNSeHB6eFN2aVUxQmJJUkUxX0MwRVdlSkVIdC1WN2ZzUGhabU15ZXNkV25RQUlVSW9OdkhYZWhlSkJoeVcwemYxM3lPbmtqTUJMZkY5OWxHYnJXd0ZLbkNlTEE?oc=5
2025-09-19	Google	0.0	Tenax sees European patent for levosimendan to treat PH-HFpEF - Pulmonary Hypertension News		https://news.google.com/rss/articles/CBMinwFBVV95cUxPcGd5SGxqd3ZmT2xBM3FoVWFOQWFscV9WZzNEUFFVZUprUGVkNmhWRTVRdkRmbTN6T0phamhHMWNkYnJmbm9KSmxQb1lndEZqZnVqTFpjWjUxSDUyYXlBeTZmV1psNVFWZ29UYXlCMzZpQlYzWmtnWEhYYW5oWVA1NWNqc3ExX0o3SjE4QmlXc1JwT0xpTEM5Z1BoRzNUNms?oc=5
2025-09-18	Google	0.145	Tonix Pharmaceuticals Announces Positive Pre-IND Meeting with FDA for TNX-102 SL for the Treatment of Major Depressive Disorder - Yahoo Finance		https://news.google.com/rss/articles/CBMilAFBVV95cUxPN2hIeUJhUmVuTDFYZDRRSlRxUFh2SlNIOW5uRWF2M05Va05FelRhem1kSElLd0hOU0pXbnFLTjBuMERCaGpQQnZ0QVl5VTQ3U29NeE5Yb042VW85NmVwVjJsTkFndGktOW9STWVQaEZmV1NZaEc4SS1GNXVIV0lGQlZRazBjTklLNnhEN3M3TEJCTGZP?oc=5
2025-09-18	Google	0.0	Tonix Licenses Phase 2/3-Ready Antibody for Lyme Prevention - The Clinical Trial Vanguard		https://news.google.com/rss/articles/CBMipgFBVV95cUxQanZaTHNRaWdERW9YdDRoVVFUZDNDNkxjemQ5MmZZeURWMGVHRTh4d3BjQU9STzIxVHltcl9rdlFVeFUxc3ZfUUV5c3V4UnJYaENSUmVPWEhtV3pKalVuRFBGdlByWW5CdnhMTzVIZ0wzdF8zUUhIQlhpUDlkTjc5Q0tfMXpoVHRMdEo5SnhLYldhd2NpWGVsU1VxUF9zRFJHOXM5T3Jn?oc=5
2025-09-18	Google	0.0	Tonix Pharma Completes FDA Meeting for TNX-102 SL - TipRanks		https://news.google.com/rss/articles/CBMiowFBVV95cUxNX2FaenNTREVlV195S1NCWDVHUjZVbHhKcy1uTzh1RGMzM0lqeUdNOFBKaVJSYUI3SjVydm03Y3AtR1hhaXRxV083T3NocFRBcW5BbzR2TnJKQzNEZUxfaXNwNmxEMXVrSG9jT3ZrM2ZfSzVPUmFCa2F6OXRRNGUyc05iMTdSRUZoejAyMFRtVFE3VTQxMFh0M0kxLVVTRGFCUmJJ?oc=5
2025-09-17	Google	0.136	Tonix In-Licenses TNX-4800 for Once-Seasonal Lyme Prophylaxis - Contagion Live		https://news.google.com/rss/articles/CBMiygFBVV95cUxQelZZOGk4REdOLWNXWUZROXVRZ3JvQnYwZUNSNV85QmEyNjNsd1FlaDBDcWlGNVBJVEs5ZG5JSHdLaXZoV0xjYWQtWHRjdWVDSUFVVUpyZENRdmtBbE1uYzE3ckU5QkVmdGVXbWdsYS1KeTJQaXgwZlc0RDFESmJVelF4aTdqSmZsZFZsVDVaUUlIVFdXaGRuZTdxUTVDNWY5WEhzUm1GV09QeVI3Z0hXR0VLUUt1NE1MRlloRUpFRmNtQTFXVEx4M0ZR?oc=5
2025-09-17	Google	0.091	70M Americans Could Benefit: Tonix's New Once-Yearly Antibody Shows Promise in Preventing Lyme Disease - Stock Titan		https://news.google.com/rss/articles/CBMitgFBVV95cUxPQXNmcEZISlBudjJucVlEZWw0a3VKeUdGWWIyR0VWNWJmR3NBbTNqX25FVEhNUlRoNDlVNERvdGZ0Vjc5RVJxMnZMWkJSc1UwR1pOMzU2VGE1WW1nUUdIai1CYzlBR3poV01XYkgyWFpTSEM1YUZtNWJKSFhsdHdHS1JtYV92emFSWEI3cWNIQzJ3bE03YkNjdVFJa2dxLWdiRnJPMGI1Szl0djNjVnA1UmlWWS0xQQ?oc=5
2025-09-17	Google	0.0	Tonix Pharmaceuticals Announces In-licensing Phase 2/3-Ready Monoclonal Antibody Designed for Seasonal Prevention of Lyme Disease (TNX-4800) - Yahoo Finance		https://news.google.com/rss/articles/CBMimAFBVV95cUxNY3hQbDRHYzM0d05JYkhQOXdfX2Jab0k1Y19wQ0NMTXhoN3ItSHRFRmpYLTBMVEZvQ2JEdTN4VDBSLWdLLWZwYXFkRS1qYldFZTZhU1QzaWdveVgxWVpaekhyZlNnU1BCZGp2bGtFQ0hna1Q0MXZhVlc1cG9yTHplbURpbHE2Y1ByNWQxZ0pvcXFUR2t1Q3ZxMw?oc=5
2025-09-17	Google	0.0	UMass Chan licenses monoclonal antibody for seasonal prevention of Lyme disease to Tonix Pharmaceuticals - UMass Chan Medical School		https://news.google.com/rss/articles/CBMi7gFBVV95cUxNcU03WDlMdG90c2NVS2dnNzI5bGEzdjBXd2hSc0ZNeFdLMHRYb3o3MDFFQ0hvVndZbWxYLWRFeVJFc29rTHJFc3Y5VzVYQmJjSjViMzgtRnNlOGcyM3NmSkdqWVNpV1R6bWdxaWxJTjc2blJsVmFRLS1TY2J0Y0V1c3A0WVlMV0Z5TmZJUWJ0RDQ4WXdtSEFzVVVBTk1RbERmdWpoUUJSdGE3dFFuUFU1QTRHbUl5b1ZpcTJaeW5zYzFQN0hvZnR0X1I5TEJHczh1azg2LUZGRVk2cWJnR29YYnpVVGtyV3Y4SjNnQkJR?oc=5
2025-09-16	Google	0.0	Tenax Therapeutics Secures European Patent Protection for TNX-103 and Levosimendan Formulations Until December 2040 | TENX Stock News - Quiver Quantitative		https://news.google.com/rss/articles/CBMi4gFBVV95cUxOdWNvSWc2Y3k4ZzlwaTlvNXluMHp0cnpWMmJZVzl0TXVQNWpUZmxRaTBQclAzTGVLOXhRX2dQVXN1Nl85VEJLZlJ3ZDlVVmxfTWwzSEJBVmNPamlwbWJqUk5yeThxbVdsVEdyTVFmZVBXX3lfN2tVcTZaLUI2bDNoWG5rY1pWdVUwQ21PTXlUNmZuOFFhVzB4TDljSTFuZTNxWFhhbzhSblU2V0FqNEVKai1OVGRUSnNVa2c0bnliSEplNEtCX2lVYnFYd3hXVG0wQkotLURIX1V2bWh2UmtvdWVB?oc=5
2025-09-12	Google	0.034	TNX-102 SL Data Supports Recent Fibromyalgia Approval - Rheumatology Live		https://news.google.com/rss/articles/CBMijgFBVV95cUxQNC0yTmNCVDF6SjlnVFBzTkQyb05Rc3VwWkZTVUtYSDI4dEllMUExNGlCS0pvSWowX3FFMDZ5enJsTHVQU1piSVQ1aDljc1FGX283bENOY0lwUnVvRjd4MG92NkxVQVNKc2ROTEJ2UG5TNVZ0WnluV2luM2paV0JxaERvTG1KSUVLU0w4MTJn?oc=5
2025-09-10	Google	0.0	TNX Index Charts and Quotes - TradingView		https://news.google.com/rss/articles/CBMiV0FVX3lxTE15ZlU4RmJGbnVTYTFsalBhOUhKeVdBR2RhV2tBS1RmYU1kX05ha0RSeHdMT2xyamxkRnF0andaX0hVLVdDVlUzRDIzaGRNekVxMlBMNW92WQ?oc=5
2025-08-26	Google	0.0	KIRI VS TNX - VALORANT Esports | Schedule		https://news.google.com/rss/articles/CBMiakFVX3lxTFBrTHQxakhGWVhlT1VRcXV2UVhodnA0ZXNQN19IaHFqTk5fTk5VRW42YTAzQWQzLVY4bzVQbzRFOU1Bb3NMVFh3RWp0dWVmUmNrRkVLV0NteVJ6Sm12SHV2NHZEaHNtU3VGaVE?oc=5
2025-08-20	Google	0.0	Focusrite launches RedNet TNX Thunderbolt and Dante Interface - Headliner Magazine		https://news.google.com/rss/articles/CBMimwFBVV95cUxNYXNlWjhIejlCWjc4Wi1yT1h3MnlpNXRMbFFfZ0tMeWhySzQzYVNDT0lkOW9jQnZCZEVyNWJ3anI1UHFtc3NhWXRXSzN1NHE2NUJKRVA1U0JKaTVnYm1KTDdvWGdJVU85aTBuMmtKbnRYbnVyNUZ5NlV0a0s0R1hCSkNKVUFGWkwzek9MVDMxWFVRS2xBSzlBbHR2dw?oc=5
2025-08-18	Google	0.0	FDA Approves Tonmya for Fibromyalgia - Medical Dialogues		https://news.google.com/rss/articles/CBMijgFBVV95cUxQelg4dVR1QWV6d0VEQTBTMnpXQ3lqTVBuZVV4SUF0QWZwczA2SWt0X18tN3Q4VjFLbWp4Y29ocmhRbHN6SE9UdTlBZW1tZ05KanpQV2t4MTdZWnZtX0szWXVVdjN3NUNwenhHWnJfYW9fMHVLc2l5YXdmUVc2M2VpcXZwMUtLcGFNYWNZYVdR0gGTAUFVX3lxTE1VVEwzRlZBX0FBd2RNeWRvUFpGcjFPWVMzcEE4R0hiVkljdnNZUEFsYnVXZVNhdXVPSDhJQ3JhNGdCVWd1MlVhX1drRk5sTGFseHhuYnEwWVFVa0o2TkhWR3liU2ozeWR5Q0NxXzlWQmdDeV9JeXU0NFE0Q0UyV2VyVzB3enRvVVV0aXNHa2tNa0pFdw?oc=5
2025-08-18	Google	0.0	TNX-102 SL Now Fourth FDA-Approved Treatment for Fibromyalgia - The American Journal of Managed Care® (AJMC®)		https://news.google.com/rss/articles/CBMikAFBVV95cUxQNS1yUkNHN0dTZDZYRWR6MVJZd0tBLWlYekhyN2sybkJKUGlPcTRNNVJWU2M0MTVSVUZJcDJ5bmE3WnAzVEdlX0xlNUpBOFNxTWF3enVKQy1RZlpZX0otTVpwVWxsZUZHTnNuXzRBZUxfTTNoR2hEcUptUUNrZDB0amVyOU5Ld2llNFdmcUtNckU?oc=5
2025-08-15	Google	0.136	Anticipating TNX-102 SL's Addition to the Fibromyalgia Toolkit, with Andrew Sharobeem, DO - Rheumatology Live		https://news.google.com/rss/articles/CBMijwFBVV95cUxNSkRwdlRJZmJmV012WFJiN2NLT01XM2tsVXV2TVVFeHctblZjMkhjNWdicWRTVlk5Y3prejRSU096Z0xQajVwSmlEaWFuTDdVUVVCOVBEQ0FQa2JlTFZMYTZqOWdmQjk3dUlZWUtnQmVBTkdmc1NIMGRBZUdKY3pWOV83RDI3RUdGNTVJYXJJdw?oc=5
2025-08-15	Google	0.068	New Fibromyalgia Treatment: FDA Approves Once-Daily Nonopioid Analgesic TNX-102 SL - Patient Care Online		https://news.google.com/rss/articles/CBMivAFBVV95cUxOcV80N25ZVDlDS21VMlFYSzFKWkU5elNUU3dnRDh3NGJ2ZkJicjVIbVRSczRUSTFEZkJBUlpIVDF2bkMwUkg0U2h3dDFhWkVpclBoUjNnMkpaZ291U0RSZmViaVdfcXhudFhzMjlxVnVMOFcybS1Oel9ZX3p4eG1ELWFGcVRXRFhrMm1kbFV6SE0wZG5kTGdnYU9JSDJHOGlWX3JqS1Y4N2hLS3pjeC1mczhPamplYU9kaGI1QQ?oc=5
2025-08-11	Google	0.3	FDA Action Alert: Biogen/Eisai, Sanofi, Ionis and More - BioSpace		https://news.google.com/rss/articles/CBMihwFBVV95cUxQV0kycmJRZkw5VXV4Y1RucTVyQ29kVndacGVrMUlOMzh2UUNZZ2t1NTRPeWkxZVRRUHZuclpOdUtnSjQzbFRqemt3bzBBRFdZQmRmLVBTaTNMakRSdTVSM2JYSk1uT3Z6VHIxcDNPa1lXM2U4WUczU2lJNlUwMGotR1FJSUU0WUk?oc=5
2025-08-11	Google	0.0	Tonix Pharmaceuticals Awaits FDA Verdict on Breakthrough Fibromyalgia Treatment After 16-Year Market Gap - Stock Titan		https://news.google.com/rss/articles/CBMivwFBVV95cUxPOUFwclBPQk1ZMXBERVZBTEZReWt0b1YzMVBQQXdEb3JsT2dPbWl4aFpZbnlXYmg1UU9FRk1RaFYzTV9UeEEzUGdMbDNPbDRRMWdUTTA4R2tQZ0xTQkNYelJYNHVWdHQ1OFVtVFNvMFd6Q2FfOXlVUWF4ZEV3WVczbXRnR1VYRWxPX2JxUXhQVnFXZlhvRy03SGw4RlZVaEJBbjFOeG9Nd3pPT2JJM3ZLOHFzalpmdS1yMHA1NXNfaw?oc=5
2025-08-11	Google	0.0	Tonix Pharmaceuticals Reports Financial Results and Highlights PDUFA Goal Date for TNX-102 SL in Fibromyalgia Treatment | TNXP Stock News - Quiver Quantitative		https://news.google.com/rss/articles/CBMi5wFBVV95cUxNYnNvcThfLXRSc2RiVE9vem50eHVFc1R5eHRXQmhtd1k4NEFxa0NJUTlWaHBpU1dvMGpncno2Wl9IOXVZeDVPYWpZX1U1cVJ0TS1wNll2bzV0V3E1czJmQ0gxemJOYjVzU3VUSjN5cUxXQ0FtNHhOOWVvbmphOVFPeDdtdEVKNDZwbmxLUk1oTkRpb0p0Vnp5TDhxNDUwdzdlN0tVc2YwMzQ0UXJrczc4My0zUEhVMkRDd2NRbDd4bzFEajFhVHd6LTEtTDNNQzRVVGgyYXpvdTdOcE5uNGZrWG5NcXhUdDQ?oc=5
2025-08-11	Google	0.0	Tonix Pharmaceuticals Reports Second Quarter 2025 Financial Results and Operational Highlights - GlobeNewswire		https://news.google.com/rss/articles/CBMi_wFBVV95cUxNZjNFRlJFbU1VUTJyaDIxbllGbXBMcndGWTJrX1JJa1R0Z0R0M1FPaHVQRzBUamE5bzVLandFN1RZRkMyWEl3VnE2N2pyRUJjNWUxQm4xU0xzblgwWGZFdHFGa2hiek5UQWtwWjYwWklZRy04bC1QbjdweWo5eXVLMXRUTjRMZkNna2ozX3ZNbFRuX0dTOTlNQTBoejFyRVdMQkcteXV1U084eU42WTlGRWozRm9Jby1yYmVsWG1QbGU4Z0xCMUhYQzFqX1VaTFcxQUtvdG9IdUg4em1obE12WUdzS3JHZXF0T1VJTlhSRjdldHJCdG1iWWpZT1A0ZmM?oc=5
2025-08-04	Google	0.0	TNXP’s Race Against Time: Market Buzz Remains High​ - StocksToTrade		https://news.google.com/rss/articles/CBMikAFBVV95cUxNU3YxckZDbWIyOWthSkgxRG1tdWlVaGViUHBCSDhFUDNhTldsM0VBeTliRG80UHZGUHFwUUJjQU5xbTFIOVFybzVZMmRfaDJrS203OUlfVGtCN2xkYnhNSm8xTlA1azF2TFg0cG02UjZJT19TTWtqcnhablpGdnpOZlg3UU51SHhiYmt2NDhlWGw?oc=5
2025-07-29	Google	0.0	TNXP: 2Q25 Financial Update and Deep Dive Into TNX-1500… - Yahoo Finance		https://news.google.com/rss/articles/CBMigAFBVV95cUxQN1ZZZWRqdF9vWnRWak9tMmRZUW94Um90TmNpMV9RLW5FZEhsVnd4bWtXTVdydnlDSktsU2g4eGM2VkFFZy01V3hJYU1EZ2ZPdHhoYkRub3RzSlFjVWRJNF9WS1ZDNHh2LUJkeVJWOUpfdDFON28wUU40NzJEa240NA?oc=5
2025-07-29	Google	0.0	TNXP: 2Q25 Financial Update and Deep Dive Into TNX-1500… - finance.yahoo.com		https://news.google.com/rss/articles/CBMigAFBVV95cUxNTm1MclFlaElpVFBXX0xjX3dqTDBabFMyZWxBYTlHQ0RKZERYc0E0U1VBTUdhOVE2REZYdW01cUZpbV80VDFld1NMZUlxTW9mZmFzUngyalR3b2VZeUZRTGp2d1dpeHhZRmxjczJzUU1FYWw0UHNsOE9LQzV1R2N5Qw?oc=5
2025-07-26	Google	0.091	Treasury Yield 10 Years Index Index (^TNX) Price $4.06 | Live Quote & Chart - Meyka		https://news.google.com/rss/articles/CBMiSEFVX3lxTE1sU0JrQUJHdy1xVzFXWmoxSmlPbHo3NWdaWndlYnJhVDN5aWZ3TEJaY0p6X0MxSEJoN29LemdqVHN6MUJiR1hIZQ?oc=5
2025-07-25	Google	0.2	Is TNXP Stock Ready for Takeoff? - StocksToTrade		https://news.google.com/rss/articles/CBMikAFBVV95cUxPZnhGUkVJX050SDBqSjQ4SmdBQnM5OG9TMUhKZjNMdlBsSEZJNVJzN3NscU1peUF1anJoT3lld1RPMjBmTGYwSlB6Snpjenc0Ym1RU0FINC03WENBSHIyb0ZGM25KMEo5eXNjejVydDJzYzJFTDlNN1VKS2V0SHB2R21kdjR3X3BoRkNaMndfdGc?oc=5
2025-07-16	Google	0.0	Tonix Pharma Plans Sales Force for TNX-102 SL - TipRanks		https://news.google.com/rss/articles/CBMingFBVV95cUxNdmFKc2YzNWxkRWJaYWpfdzJSOGR6NTBCSm9xbFdiRnBhWkJnNmZDS2Q2THdEdGxxWEpiQkl5NXR0Q09oN1NHVElUZF9wVHlac3A1SjlWWkxTWWJ4N2REUTdlZEhQRHJIWFFzSWxCcXYzcExDUHFtVEtJMVFKVGxkeEZJazFjc1ZRaFFvUHBVbmZPR0pOZWhBcFI2QmlEQQ?oc=5
2025-07-11	Google	0.0	Tonix Publishes Phase 3 Fibromyalgia Trial Results of TNX-102 SL - The Clinical Trial Vanguard		https://news.google.com/rss/articles/CBMirAFBVV95cUxNZEQ1Y0ltSUVDcmltdmR0c01lTWMxQ05xVDZyRWM5cGJMTk1RRTZpMHZPdjhHV1pFUDBtbUp2WG9vWlZQZHRWcGstM2x0dnRVNEdnQ0N4bjRVcGNtNGtUeHYyY29xaWw1QkJmRWJWcUVUY0xCVTU1WHpRUlF4Ml9oemRxZ2ZHdGFhUlZNMlNBN3h6d2x2RTd2QzJLSkZBUUdOM0hZd0ZLdDI3aHNp?oc=5
2025-07-10	Google	0.136	Tonix Pharmaceuticals Announces Presentation of New Data on - GlobeNewswire		https://news.google.com/rss/articles/CBMitgJBVV95cUxPMVQzUUdrUktJRVRRSXNLY3d5djNadmtod2J5SFF0aWlSOGtQckNNYTlTczRobHY3RUFhWWVQVWk1TVp3VHV5MURtLUZ6ajJ2c0puNnl2R2F1akpmMUd0THB2N3hLTXItbjgzXzNDcEhHenF4QV9RZk1tck9FbzdDdXMwbHlyX0VtVTZJOFZKOEh4dUpvY2lpLWU0RXdvVWwwakJhbWtzNURoMERxT3hTcjJlR08wd3hiY0VHb3JSbmQ3OUk3aXQzQXRXdW5OOC1aR2pyRGVNX2p6M0FIRF8xRXBLQ2hxdUdCb3ZWdFFWbWlOVHR2VGJuSlo3bWhWYmIzaGV2Tm1tQlM1VWJDbnlEYUpoWWppLWttejJyY29PQzJhd3hWZl8zQXBUMmd5eUQweU52QWF3?oc=5
2025-07-10	Google	0.091	Tonix Pharmaceuticals Announces Presentation of New Data on Mpox and Smallpox Vaccine Candidate TNX-801 at the Vaccine Congress 2025 - Yahoo Finance		https://news.google.com/rss/articles/CBMimwFBVV95cUxPd1ZGc0hhZXhQTXF6cWx3U1JTSjRxWkpqMk5xbkdfdGtWTDQyVUV0TFhYZk5USlVwSjdKM3plUnVUd0x2akJmRVpqRmNFb0ZsaC1RcndnYjhqQTVKV1ZqZl9FVFY5dDdlNTdFVU9Ub2x0TFBQTTI0dnFNdGd0SkxvdFBIRURIY1Y1VEtJZ3N1WllpWVdabTdydmw0OA?oc=5
2025-07-10	Google	0.0	Revolutionary Mpox and Smallpox Vaccine Achieves 100,000-Fold Safety Improvement with Single-Dose Protection - Stock Titan		https://news.google.com/rss/articles/CBMiwAFBVV95cUxNWU5TUVMzcWdvcFBrZlQxOV9CX2hXM0xFSjJxM3RkQVhQbTlsS0NqckRpR0xYMFJPZFkycjZYYXhVUHllVlJkalloRHBXWmk0ZVh0T3NCVlRnWGZ1NWVZVXdRZ1ZnMGtwaUdYVkVidmNXRF9kWmNGZTI0R1A4bF96bEhzV2M4Z1JYRnBLQWs1RlRxRVk3VEdPdkdOcVEzV2NUVVQ4U254eWhBSzRKQTlGd3R6dk5mMzJTbWpDOUxhSWQ?oc=5
2025-07-09	Google	0.7	Breakthrough Fibromyalgia Treatment Shows Superior Pain Relief in Phase 3 Trial, FDA Decision Looms - Stock Titan		https://news.google.com/rss/articles/CBMiuAFBVV95cUxNUnQxMXBkMWNMRHBTOW00cVVDTU1USEFBcmZMaWJtNVlQMldnVGlwUVhGS1lrR2VhM0J2MzJzMUs5M29nU2tXT1FBSzZLWWROWkc0WWwwUEFIRTBYSjVHeW54d1VZeTNKUjJvWTZDNHFfbC01bk0yZm90TndtWllJTjdLM0kxemdwZnRBa2hVbFZ6MTBoSTBhNDJKdzVNV2ZIUjdzaUZVa2hnV3pDQU5NdXBCeUQ3X0h3?oc=5
2025-07-09	Google	0.227	Tonix Pharmaceuticals Announces Publication of Positive Phase 3 RESILIENT Trial Data for TNX-102 SL in Fibromyalgia Management - Nasdaq		https://news.google.com/rss/articles/CBMivgFBVV95cUxNMEJCVXIwcVpiQXQ0VGJ3Q2ZqTHhCVEpqRmNrOEFuUjQzbHhJM3h6NjZCQkRVVjVFdm9ocnRabXZjWmVlNVpuWXd2ZjNkVE92Y3k4c3JlZUo3UnpKSTNWMUdHVTFwVXFKTzBZR05LM3BlbG5fSmFQZ0l6WU1xS0ZTXzdQQ19WMHRpSk1JYk0wZmNmMmdYM0VuS1QtSktXYzR1bmVndDVFZ2pPWTNZb3lwcE5qZzN5TXByRTV6eTdR?oc=5
2025-07-09	Google	0.152	Tonix Pharmaceuticals Announces Publication of Positive Phase 3 RESILIENT Trial Data for TNX-102 SL in Fibromyalgia Management | TNXP Stock News - Quiver Quantitative		https://news.google.com/rss/articles/CBMi8AFBVV95cUxQZkY4ejJpdDN3WXJBZ3luRHNFOWpyOXp5R2FZN1dkVUJzWFFxMmpfbGFaOVZtV2N3b09Wa3FNc0xQVEtHR1BuTG5NQy1Lc0VWX2pSaEo2RTF4MlI5Y0E5XzVGaEFUTjU4V1hYUDFGSzlpdU5UWEVqa0t3VWc0NFh4czd4TmZJOHl5ZXJpdkY5eE1rWnlrS0ZnZy03cEN2RjZHUTJrZy1HTjZoZEFkaGlRTWg0Y1ptUV9YWFFiUldHU1N0bnByNnZxWGNJTUg5YmpnV2NBSDlpenBXUGN3MmNFdFpqRlRBby02cHA0ZHgwS1Q?oc=5
2025-07-09	Google	0.0	Tonix Pharmaceuticals Announces On-line Publication of Phase 3 RESILIENT Trial Results of TNX-102 SL for Fibromyalgia in the Peer Reviewed Journal, Pain Medicine - Yahoo Finance		https://news.google.com/rss/articles/CBMimgFBVV95cUxQcDZFUU1wU2ktdkhjZk5VUkRJR2g2ZjVwLW5xMVphRk1aNy1DeGIycWM1WTVZaXIxRTRsOE96U2Vhdy1Ha0RubFNTd0UyZ0xHanpoM2g2UG56WXZuTnJkR0F0ZTdldlVBWG9WWk41SzlSbFl0XzQwM3hZcVVFS3RlWThmYUR1bUIzZm9PTnk1QUg5MVJjUWphWHVB?oc=5
2025-07-07	Google	0.0	Tonix Pharmaceuticals Announces Oral Presentation on Mpox and Smallpox vaccine candidate TNX-801 at the Vaccine Congress 2025 - The Manila Times		https://news.google.com/rss/articles/CBMipgJBVV95cUxNOFFEbjhBSTRWNVg3d184ZTNpOWNkb1JNeDlWNl9adWZIUXpFUDhXdFRaMW1MbU5IWUl5NVo3bnBJUEc4RzBtaDZ4b0JSWWVoUkhySXZWSFl6S3labjlua042LUQwZE5MQktBQ21fMFRuYUU1UHlDVjVqQVFTSzRMdXFTMHdDaU4yZUswRkxoMmd1NkdsbHhNWDNlQXlscWhkdXFKMHNndXNQMUw4dDdGWWhYVllGMUpSVW1mQmFRWXZORnFfRHlOWXZxTmR0RldUVl9WTmRBTXllbFUwQ3hZZ2VFMzVNV1ByWk5EcExjOHlEVHdrTlA2OGlFcEotbG9jX3E3TTRKZUxaelpyUjN0OFZwbkU3UGZtNXZwS2tkZWNpRnc3LVHSAasCQVVfeXFMUFRPVXR0RU9zcVBUV2lqeWoxSHVSN3FDNXltc0ZSRzNVQjlaMWU2NWg3LUx0NXdGM0R1d2N5dW9Ob1hqMVFWTXhDOHMyNWVpcWZWcXZTbl9ZbkdZMHFzdDRLdW50X3N5MHB2NG1laHJFamppTHZ1ekZYcW5uNDhyQ0J2dEM5d2M1QlhNZ1l1bGlfdXhSdERXajQ2S2hSa2ZETmFGSWptTjdCZzBnY1ZCbno2LWR5RjhoeGNoeGNzSEpENThrb21YQ29XeFZzNVNVelBzd0JZaFZsOGI4YnNUZUxwYXQ3ZHBzbzhDRmJOTVY2MmN5Wm0zX0FhdDNBc2pmam83R2JON0lhRzBjVVZLWExDMEMzakJYdDY0VFlBVlNtVGlxbWlpYTFSa1k?oc=5
2025-07-07	Google	0.0	Tonix’s TNX-801 mpox vaccine shows promise in animal studies - Investing.com		https://news.google.com/rss/articles/CBMitgFBVV95cUxObFlUTGdCRHRkM3hPalFQamZYcUtHNU5PUU52dXgzSnhBc3NlVVh0bTJoYUJRZXFaLXRtVFlUTEJwc2ViQTNMYTdIWmRibkNmTlg1TnBILXJCSThobEhwN1ZvOFVMdUQ1V2h5Ujc3RzRJUmpjZ2ZkVWlpeWU5UTYteFlEWVZRU1ZqOU9aWEcyTGotRkZsM2dlQmw0eXY2dUs2LTg5WWl1SGJEZHJJTjhBekpFZjVtdw?oc=5
2025-07-07	Google	-0.025	Breakthrough: New Single-Dose Vaccine Demonstrates 100% Protection Against Deadly Mpox Challenge - Stock Titan		https://news.google.com/rss/articles/CBMitwFBVV95cUxQdnNSUlBMZXFOeXRZUThWd1hrUThBaVZMZ2ZsQlpVekdUR01DTmRDWFRCU3Nra0cyVGNUYXoyVHBGNnlwMTJSQTMtaTIta19oMFFtSjRBZTd0NlRNZDN5czlwQ1VMTnk0UERTYjIxS1JtaVhZRkVlOWtkZHE3aDRVUHlkQlRaZTZGaUtSaVZXOHZFd3lpamZUUGxpcWhOcDVkcnQ4eEpFR25zbGVvbGlKTUpHcHhfR3c?oc=5
2025-07-02	Google	0.0	Cboe Interest Rate 10 Year T Note(.TNX) Stock Price Today | Quotes & News - Moomoo		https://news.google.com/rss/articles/CBMiTEFVX3lxTE1uRVB0aEZYakQ0REdyS1FYZEZuNW81Tk55cFVlMVM5ZHpFVzh2N294TFM3RmllQjNUTTlfdmJjN2x4Vmp3ZGVSNkRkbDM?oc=5
2025-07-02	Google	0.0	Tonix (TNXP) publishes TNX-1700 animal data in Cancer Cell journal - Stock Titan		https://news.google.com/rss/articles/CBMiwAFBVV95cUxNQWlhZ0hpZ0tZTzNYTG13aUE4eXE3SjNRUlV5NXMyQy02bVY1akVEbTAyM3dpM1ktLVZ1UjR0S3plSHFMWThIaHFrX2VKek95OS1mWjlXZV9hWXBjck81VGFFdlpaRTAxNElXLVVDNUl4TUpZWkRsRlBJLXVDQXNvZXJKTm5HTEZtSmw3clpMb1Rsb1lLVVBlNzM4U2JpRG1odkpTS1o1dVpJenFYeTJwTlI4RElJOHJVUUlKcW4tWmk?oc=5
2025-06-24	Yahoo	0.0	Global Stocks Rise, Oil Prices Fall, as Trump Announces Iran-Israel Truce	Global stocks are jumping and oil prices are dropping after U.S. President Donald Trump announced a ceasefire agreement between Iran and Israel.	https://www.investopedia.com/global-stocks-rise-oil-prices-fall-as-trump-announces-iran-israel-truce-11759912?.tsrc=rss
2025-06-17	Google	0.091	New Data Support TNX-102 SL Efficacy Ahead of PDUFA - Rheumatology Live		https://news.google.com/rss/articles/CBMijAFBVV95cUxOR09WTWlRLW0zZHZ0THR6eWcyNVN6Y2ZqNnctQkZGR2RvdEtEVHhLTFFSbEFpX1pnRDczd2dhLVhKRVBweXhoMTRBOGd6NFZmTWUyVmI1TVd3RURnbVR1ME1IV3V6SGlwQVdoMjh2V2dqd1k3QlhqSU03b0Y2SjhodnZnUDN1RzVRbG9tUQ?oc=5
2025-06-16	Google	0.136	Tonex Price Today | TNX to USD Live Price, Market Cap & Chart - Binance		https://news.google.com/rss/articles/CBMiT0FVX3lxTFBXeFM5ekNWdHplZ0IwazBkVUVjNUtHYjZwYTF6SHpNYmNOLXE3R0xSbmp0NlFjbENXcVJwRWxxaDNUN0NrR2lOdWhvM29NYUE?oc=5
2025-06-16	Google	0.131	First New Fibromyalgia Treatment in 15 Years Shows Breakthrough Results, FDA Decision Approaches - Stock Titan		https://news.google.com/rss/articles/CBMiugFBVV95cUxQSzA5Qmh5Nmc1cERiTDVPZlE2SXIxd0NyZzU1OXdicnRPRGVkZW80X3FTUmZIR3lNT2dySW8yVFZQZFRscjVxVVl3eGVYVzJkTVBPSDNRYTN5YWYyc2twdnNGTmdzSFpja3ZpZlJCX2hFdXFkTU9pLXlBY2J1aTRha3hraU8tbzZIRGF6RFJFXzN2M2lSZjZ2WldNUHM4NVUzTV9IaVVGM2VVYVFLMUlmaWpXS3Z0RHBXeWc?oc=5
2025-06-16	Google	0.0	Tonix Pharmaceuticals Presented Data and Analyses of TNX-102 SL - GuruFocus		https://news.google.com/rss/articles/CBMixAJBVV95cUxONFV2ZGJnUmNkN0s5T2lpeU05bWstZi1XNUd4a18tU3lwUWlTTDF3b05VaDZnSnVLVWpIUjR5Q004OWRsNFpiU3A1WkZzT1ltdk5pNDZzMi1uSGhQb0IyVktPQVVZZS1MNFNrUUFEOFY4WF8tRFlsUFlua0hYQms5RWdEQWpFLU1kR0VLVVlYZ0NOVjFmTjBpNmUtMjJ0N05fSU96MTV1bTV6MnYzM05Jb0NiRTc1NEJnTmR3ZnFtUE1nellybFk3YVRoUGtQYU9FLXE4TmVrbi1lUXNTX0lBU2IwWWdjOVU0QXA3eEhOUGhYd3Y0bHhWa0tGa25sMHBmSVc1RzlCTXYzRlpWMHFCS0llOTdEdVpmX0JHTUN4SHp1MzdoWEZYRkh0dFUyU082Vjc3alpZVUl1cXc4YlhmYlhPaXQ?oc=5
2025-06-16	Google	0.0	Tonix Pharmaceuticals Presented Data and Analyses of TNX-102 SL Treatment Effects on Fibromyalgia at the Annual European Congress of Rheumatology (EULAR) 2025 - Yahoo Finance		https://news.google.com/rss/articles/CBMilgFBVV95cUxNUDVaQXRKV3ZKeEtjR25YbXlPU2JwMWNlalR3ejFsQ3Nma0RqcHVqd0NOX3FIV1JDT1JIaEdLNnhERTJGaEJ4WEZXNXFoTU9MR05Wckx6V2g2alFLdGJEOFgzeUlNSjZFM0ZfU0hiWWc5b2JvbURwbDFlOWZXTGJSNjY4WnFULXhYOFloa21oOVc5akN1LVE?oc=5
2025-06-13	Yahoo	0.25	Top Stock Movers Now: United Airlines, Adobe, Halliburton, and More	U.S. equities dropped at midday on concerns about the potential of a wider Middle East war after Israel attacked Iran, and Iran retaliated.	https://www.investopedia.com/top-stock-movers-now-united-airlines-adobe-halliburton-and-more-11754163?.tsrc=rss
2025-06-13	Google	0.136	Focusrite Announces New RedNet TNX Thunderbolt and Dante Interface - rAVe [PUBS]		https://news.google.com/rss/articles/CBMikgFBVV95cUxNT3BjQTBiT29qUmk2azNJa3VYbS1aVEp6LWpaekh2MUhYeWFGQzFpWEZ2NzJHd3EwN2JDaXpLcHpMQkl3YUFwVDktLXJDQThvYXU4eVNOeWxOUnVDY1ZRcGYxRjJLWjJaSGFQVUNCUS0xaTFBWXVIZ19MUGJWaHc5NjF2QTJGOEdzRkRqWHFTYVpuUdIBlwFBVV95cUxNT0tzSlhabUFXWmFxN3h3RmJISmkyQlNKTVdNZ3BWaFdjaG14YlFRRUh3aW40SWRXV1k4cTlGRHFKbklGR0p2VlF1Q2Rnc2Y1VUZPbFFKSUN5Sjl1ZnoyZ0JqUWg3VHo1WThGVEVKZzNZVkRNVU50d2pscEtSMHF4aEdWZXpwVy12bVpzVkhhTThuRFNkamE4?oc=5
2025-06-13	Google	0.0	Tonix Pharmaceuticals: Is The Recent Sell-Off A Buy Occasion? (NASDAQ:TNXP) - Seeking Alpha		https://news.google.com/rss/articles/CBMimgFBVV95cUxQVmxiZjVtcXdLRS1hcXhudkVTWlE4Tk9OZjBaRGM1OFU4ZE5tZWhucUZaS2FXLTg4UUhabTBFaFlNSUhhcC1VLXdBeXpJRXJrOFphQmVIT044Zk8wcjhuMnpWdGZUS1FWb2V4WUx1VDJ6OW0tdS0tcGFnN2hZNlVONmlpU0JYazNKUjZNaDBTX3VRNlJnSXl0TEp3?oc=5
2025-06-12	Yahoo	0.25	Legendary fund manager sends blunt 3-word message on economy	The billionaire hedge fund manager delivered a startling message.	https://www.thestreet.com/economy/billionaire-fund-manager-sends-blunt-3-word-message-on-economy?.tsrc=rss
2025-06-11	Yahoo	0.0	5 Things to Know Before the Stock Market Opens	News of the day for June 11, 2025	https://www.investopedia.com/5-things-to-know-before-the-stock-market-opens-june-11-2025-11752274?.tsrc=rss
2025-06-10	Google	0.167	Tonix Fibromyalgia Drug Faces Critical FDA Decision: CEO to Present Latest Data at BIO 2025 - Stock Titan		https://news.google.com/rss/articles/CBMitgFBVV95cUxQWXFFWlE4MEdEMkNXTUVSc2FUejR3ZTVfRzFTZEZrN2F2czdvM3JwcHBTMWNRQ1lMd1FSN215cVRiUy04MnE1U21iWEx3bm9BbkJIX2xKSFpmOWtSZlRoMjhLUHE0NXZoVnRKR0VneFcxSFZxS3lleW9IVHFXTUhsOWF5YzFackN0RklHd1VGTU1GOHlkRW1vdzhaYzhSQi1ORjNqR1REVmphZjZkRnlYTm5EejE0dw?oc=5
2025-06-05	Yahoo	0.13	Dollar drops against euro after ECB indicates possible end to rate easing cycle	NEW YORK (Reuters) -The dollar dropped against the euro on Thursday after the European Central Bank indicated a possible end to its year-long policy easing cycle and U.S. data pointed to softening labor market conditions amid mounting economic headwinds from tariffs.  The ECB cut interest rates for the eighth time in a year on Thursday, acknowledging inflation was under control and turning more pessimistic about economic prospects amid risks of a trade war with the United States.  While not conf	https://finance.yahoo.com/news/dollar-frail-weak-economic-data-013832930.html?.tsrc=rss
2025-06-05	Yahoo	-0.3	Crypto Daybook Americas: Bitcoin Faces Bearish June Seasonality as ETF Flows Slow	Your day-ahead look for June 5, 2025	https://www.coindesk.com/daybook-us/2025/06/05/crypto-daybook-americas-bitcoin-faces-bearish-june-seasonality-as-etf-flows-slow?.tsrc=rss
2025-06-04	Yahoo	0.2	Bond yields fall as rate cut bets rise	Investing.com -- Bond yields fell on Wednesday as weaker-than-expected economic data boosted rate cut odds. The U.S. 10-year treasury yield fell 2.42% to 4.352% and the 30-year fell 1.95% to 4.886%.	https://finance.yahoo.com/news/bond-yields-fall-rate-cut-205824994.html?.tsrc=rss
2025-05-28	Google	0.0	TNXP: Preparations Continue for Potential Commercial Launch of TNX-102 SL in Fibromyalgia - Research Tree		https://news.google.com/rss/articles/CBMihgJBVV95cUxOYlNpRlpSdjZZd0hPak15Z1l3QWxYcTFMTnIzSzF1WEJCY2VJSlhSeGF4TGdNY1c5QVJRM2swdmRFOVEyNnRQVGtvc3IzdlZKSEJ2UXN6eWt5QVpFSC1wZEJiRTRXM1RXendwdWQyc0pFLWR5dUZSY0x4cV9MRHlFczF4Y01qZWxMVUliS3JnT3FVWi1yRnpLSmp6ZWFXUDBOeTBKWXMxVEcwRWRWMkJxXzg3am9KV21kMDNLX0pldFk4QnowdG8zaXE2elljX0l5cm42akxRWFBfVVlOZ25MXzlzWW5OWnQxdTh1VU9CSDBMZFU0VUdZM3Jsd1hSUmY1MDdPUjRR?oc=5
2025-05-28	Google	0.0	TNXP: Preparations Continue for Potential Commercial Launch of TNX-102 SL in Fibromyalgia… - Yahoo Finance		https://news.google.com/rss/articles/CBMimAFBVV95cUxONkNBdHVVWnpwVjhoTEVsMlUzeU9LNUZTNVNVbTNNMG5Bc3Z3ZFQtell5aVhOVnhiRFloQ205RXRBdll0QlBKTHByai1PY2J3akJyeXdDakdZYlYyYkFtcWZHNjFLR3A5V2NtNURBX1ZiNHRIal9CYm9WV2pNQUtCMlpsbEVnZmxPRzBLSzFFSWFNMlR5c3c2cA?oc=5
2025-05-27	Google	0.0	Focusrite Launches RedNet TNX Thunderbolt Interface - Mixonline		https://news.google.com/rss/articles/CBMipAFBVV95cUxOTXVEcEQwaEZuLTZxVjVva3hENlhwM3VHSTZhVzBWc1laSjNMSGRTdFZvTTdkaVh5VjBvOE04YjNmcGhYSm1PQzFwdHJUUHFvNUlFRlBuajJIT2cxREhLdXMwcVFsMGRScDdmMndXRTJqUVE0ZTB4LWRNV0xSVWt5dTVyR0JjWm9HdEZjOFVGZlg2aVdJX3hUUUFnY3JnN0RzT1lHVg?oc=5
2025-05-23	Google	0.068	New Focusrite Thunderbolt And Dante Interface - Sonicstate		https://news.google.com/rss/articles/CBMijgFBVV95cUxQbHpjaHFaX0xjRUh0X1UyUFl6TmxUeFFPRC1IakFuYjFZSDl3c2FhOW1tNHEzQzAtU1lCY21mVUM5aklmNTQtbDVsVEF3OE9ud1Z1elNBamtPeW9QcTZJMHF3dEtMeWc0dmNHUE1ONElMX2lHTVZwLS1mVkY4c0JlanVhWnpsay0td19sLVpn?oc=5
2025-05-23	Google	0.0	Focusrite announces Thunderbolt and Dante interface: the RedNet TNX - Mixdown Magazine		https://news.google.com/rss/articles/CBMinwFBVV95cUxQVlhFbk44dzRlTjhJamRVYnBfeFFrbklpbnVkNFFYVTlWc2I4VUdmVGdnb0txc3haY1JwZ2xTRlBPYXphTm1Kc1llQUJKNlBreERZaXdFYUNvcUJOMmhHcXQwY090OXNPMXlPanZNYXEybDdWWGxvcFdMRWlzd1I5YTNfTEoxckVXUHFKQkw3eFFCWXpISk5KYXEzeVZKcnM?oc=5
2025-05-23	Yahoo	-0.192	Stocks, dollar stumble after Trump reignites his trade war	Markets thought they had a serious debt problem. Now they have a trade war problem to worry about again.	https://www.cnn.com/2025/05/23/investing/dow-stock-market-tariffs-trade-war?.tsrc=rss
2025-05-22	Google	0.0	Focusrite Announces RedNet TNX Thunderbolt and Dante Interface - audioXpress		https://news.google.com/rss/articles/CBMilgFBVV95cUxNZncxRHV6UFVzdU5TS1ZfYTh3OHNTdS1DZmZGNzMxUnA0YjJLS0lkLWVSUjJWcnVzeUxUTHdicUN2aWdlNGFzcDl6X250Z0Q3MWZLYzE0UG1UaEhYR0YxUGg2ZnFBdEJvQ2dGeUc1MDdZQU1NT2R0OWR5VENkX0Q3OE1pSHlBbDBUMFFGQ2YxU2pGSjMxbEE?oc=5
2025-05-22	Google	0.0	Introducing RedNet TNX - Music Connection Magazine		https://news.google.com/rss/articles/CBMiZkFVX3lxTE1lVlFsRTZoTU1VWE56U0VOR0xlZXN4WDNBQ0gtb05rMFEyYzFVcjdya1U3T2RXdThEZGV3YjNtdG5FRjFhV1lLOHdPRGZwQlE4M0lGZ3pEVnh6eDU1M19UTTlRTTdCZw?oc=5
2025-05-21	Yahoo	0.075	These Six Charts Explain Why Bitcoin's Recent Move to Over $100K May Be More Durable Than January's Run	Financial conditions, stablecoin flows and other key metrics point to stronger foundation compared to the December-January twin peaks.	https://www.coindesk.com/markets/2025/05/21/these-six-charts-explain-why-bitcoin-s-recent-move-to-over-usd100k-may-be-more-durable-than-january-s-run?.tsrc=rss
2025-05-21	Yahoo	-0.05	Dow sinks 800 points as bond market starts to freak out over Trump’s tax bill	Stocks, bonds and the dollar fell on Wednesday as concerns mount about the premier status of American assets.	https://www.cnn.com/2025/05/21/investing/us-stock-market-bonds?.tsrc=rss
2025-05-20	Yahoo	0.112	Wall Street stocks slip, rising US Treasury yields in focus	NEW YORK (Reuters) -U.S. stocks fell on Tuesday, with the benchmark S&amp;P 500 ending six straight sessions of gains, under pressure from rising Treasury yields, with the U.S. sovereign debt profile in focus.  President Donald Trump traveled to Capitol Hill, seeking to persuade Republican lawmakers to pass a sweeping tax-cut bill, which analysts estimate will possibly add $3 trillion-$5 trillion to the federal government's $36.2 trillion in debt.  The Dow snapped three consecutive sessions of g	https://finance.yahoo.com/news/us-stock-futures-edge-down-095734964.html?.tsrc=rss
2025-05-19	Yahoo	0.0	Moody's Downgrades U.S. Rating: What's Next for S&P 500 ETFs?	S&amp;P 500 ETFs in focus as Moody's Investors lowers the United States' sovereign credit rating on escalating deficits and the rising burden of refinancing debt.	https://finance.yahoo.com/news/moodys-downgrades-u-rating-whats-140000079.html?.tsrc=rss
2025-05-15	Yahoo	0.206	Trading Day: Inflation - calm before the storm?	Cooler inflation pressures in the shape of surprisingly soft U.S. economic data and a slide in oil prices helped bring down Treasury yields and support stocks on Thursday, although the recent surge on Wall Street does appear to be losing steam.  In my column today I look at how the decline in U.S. inflation - a healthy development, in most people's eyes - is coming with an unwelcome side effect - rising real yields.	https://finance.yahoo.com/news/trading-day-inflation-calm-storm-210858822.html?.tsrc=rss
2025-05-14	Google	0.0	Tenax Therapeutics Completes Enrollment Phase for TNX-103 in Phase 3 LEVEL Study, Anticipates Topline Data in Mid-2026 - Nasdaq		https://news.google.com/rss/articles/CBMiuAFBVV95cUxQTUxrWE1iOGgzNDc1R1dWLUhFNXdQQ0dmUEVEWHlwd29vY3FkTGppY2xzdXJMcXh1dWtyUEZCZWo5ZGhZUEdYalpmUmd4VUdrdFVMLWJJUEM3dlR3emNHSUlSc3JuMFhSSFQ5VUpsS090ZnljOFM3NXVUVm12eVc3QURPN09mR3BtOEZPS0tIcElBQmdDTXR6MmVZUG9uTEkwOTJsc1NmWmF0RVRDRDgzME5YWTNDV2pV?oc=5
2025-05-13	Yahoo	0.233	Safe haven concerns mount as US Treasuries face twin recession and inflation risks - Reuters poll	"Concerns for the safe haven status of U.S. Treasuries are rising with benchmark 10-year yields expected to drift sideways over the coming year, pinned between trade war-driven recession and inflation, according to a Reuters poll of bond strategists.  Over 54% of bond strategists, 19 of 35, in a May 8-13 Reuters survey said they were concerned about the traditional safe haven status of U.S. Treasuries, which provide the benchmark for pricing in global capital markets.  ""I believe the appeal of Tr"	https://finance.yahoo.com/news/safe-haven-concerns-mount-us-115618564.html?.tsrc=rss
2025-05-12	Yahoo	0.0	Fed rate cut bets hammered by U.S.-China tariff truce	Federal Reserve Chairman Jerome Powell said last week he needed 'further clarity on tariffs' before moving on interest rates.	https://www.thestreet.com/economy/fed-rate-cut-bets-hammered-by-u-s-china-tariff-truce?.tsrc=rss
2025-05-10	Yahoo	0.0	Fidelity analyst explains what happens to stocks in a recession	Here's what you should know about how a recession affects stocks.	https://www.thestreet.com/investing/stocks/what-happens-to-the-stock-market-in-a-recession?.tsrc=rss
2025-05-08	Yahoo	0.1	Stock Market Today: Stocks end higher as markets react to US-UK tariff deal	A narrow agreement on tariffs between the U.S. and the U.K. sends stocks firmly higher.	https://www.thestreet.com/investing/stock-market-today-stocks-higher-as-markets-react-to-us-uk-tariff-deal?.tsrc=rss
2025-05-06	Google	0.071	Tonix Pharmaceuticals: Looking Past FDA Approval To Challenging Commercial Opportunity - Seeking Alpha		https://news.google.com/rss/articles/CBMixAFBVV95cUxPZzFaS2Y4NUUyWVA2NDlPcWRyaEkxMGxwUjViYkRRbW9MMkxjS2Zhekg0TmVIT0w4eVo4UzRiaWpEYTZhRDFSVUZrN0Q0OVo5ZEFlQXZGYlpMYkdJdzJiS3RVb0Y3ZTlMV1pVcEswaldtZUZQWHl6NllfeTlBRUZ1dW5TUVlnajRXTDZ5WlpQUEFQTk5XMVc5X1dUY2plaXlaNDdsMDVtWkhnbG9wNkZvWUoxZkoya0xaRGlXaDRtS1BEZF9V?oc=5
2025-04-28	Google	0.0	Tonix Pharmaceuticals culls cocaine intoxication trial amid enrollment woes - Fierce Biotech		https://news.google.com/rss/articles/CBMiswFBVV95cUxPTmJjMEo2V2NOd2ZyS3lHSTJDOXV2X2FqZnV6R3gtQ3duWUk5WU5QdEhnY2l4ZWdYMGl4eGoycC1sU2JDR3NWU01jbjA0aTVFNnpIR0ZnNE45VnBUNGE5V0Z1WTdncDcyYUR1ekgyWjlUaklrRkhDdEtTR1JJUWRpb2h0LUF1Ukt0eDA0Vlc0cGV3ZVRoMm11ZUNxR0s5U1JfeDRleENsOXZJRndBMG9YTTdnWQ?oc=5
2025-04-24	Google	0.0	Tonix Pharmaceuticals Presented Data On Potential Mpox Vaccine TNX-801 At World Vaccine Congress Washington 2025 - TradingView		https://news.google.com/rss/articles/CBMijwJBVV95cUxPOXVBc2VwTmFKTVI1ZEw1ODZ1cmVDSDVOdUFCY3RrWjNaYnJVOEFyNGNkU1BnMGx6dzJfWElNZkNxSFN3Y1hWTWJiM1M1WDZlNkY4emdMOGMxczZLOEdvR3BrakR4UWxjbDlHVWlWVjdlbG0yblgwUF9ZSjRYZlp5VU91Y2gzMjdGZ3JqX2xHNGhMcW0wdy14dGFZWXdFaTVGV3djMUJsbFpDNTdjdVlmbmp5SVhsU1pQSHl5ZnliSHFZX1o1cWtCV3pvQVdUeU5RMWsyVzRLbUFSSVE0VXJPOEQzb0kyZi1NQmFRazJ1MXQ3TUtCTlFhOUoxemJRRUVJZnVpTi1udjZ5bVRNa1pJ?oc=5
2025-04-24	Google	0.0	Tonix Pharmaceuticals present data on potential Mpox vaccine TNX-801 - TipRanks		https://news.google.com/rss/articles/CBMiqgFBVV95cUxOZHlFVjZTMDhsSjNrdmVWM1UyV2VWVUJqWFdDeTVzMmsydjlnaWh3NjBHU2tPWDE1dVhUbFRoMGZlRGNTVlBOTm1tYUgzR3NJM0pQUVFuY2t4OFBRV09BNjRKV1NJRWFYb0tQNHJMRm94ejluYkJLVTNtTVN6NUY1UFRwbWZrVjZCMkF2bkU2VDV4LWhlY2NiV3ozSFRsOWNpcnFxTGV2Y1pCQQ?oc=5
2025-04-18	Google	0.0	Tonix TNX-102 SL: Innovating Fibromyalgia Treatment in Development - The Clinical Trial Vanguard		https://news.google.com/rss/articles/CBMiwgFBVV95cUxPcnY4SnFZU2gxTm1NRmtEZjNERG91cFV4QkV6bEJ0aVgzTGVlbGVReDNRSUt3ZVpzZG1hdlhqemlDMG8xaXJtdW5EUTBFV1Q2d2lRbEVkX0phNndLZFZ6T1lXQXpVN2l3VGFrV0w5TkpFV3ozZ2dBTU1ScjBDU0tTeER3dHFqU2JqSXpidHh5RE5RU1I5N0wtMFVrWFFJZG1jbmp1cWZVMzNQUzBnVWxXcWRteGp1VWNyTkpya3NMVG1VQQ?oc=5
2025-04-09	Google	0.0	Tonix Pharmaceuticals and Makana Therapeutics Announce - GlobeNewswire		https://news.google.com/rss/articles/CBMi8gJBVV95cUxPQTQ4NHpDMEdKN1F4d2htTjFOLWFhUGNVTzZSWGZTSW1ZZ05CaHBvT01MRFJ3TGxRZkF1S20yWWVMU1QtM0x0ZFRkcEUtazBuaGJVYWNfVnFBZHIwUFQ4ZG0tcEJWb1gyaWdSSEJvaXp2N1g4bm1xRXAwVHFjZklwRWNNZHdFbkotNloxcFp5TG96dnNXWTJXN1ZGYldHcnBoeXpfUTVabUZNSjhrTXU3MGIyRzNwdWhqUHZvNEtXaVd6VExBaUJ2S2QzVDNMQlVwVl9BVndIaE40d0dLZDNpVnZQVFNhVFdTWmE3UVM4WVBaZWdnTnJNU3p2Mm1PUDE3TXY2aWc0ZHJrc1dELWk4ZTBNRXBpVDlVbmlnUGlyWjBZUzN0QWEwcVJpS2lXLVJmMHVGc2MwX1FaV1RUR2xhblJLV2drbFNQVDhHVkxQSHdhZTJHY0k1djZWUlZPOE16aUY2b1M2TnRmM1lPeERjOU5R?oc=5
2025-04-07	Google	0.3	Game-Changing Fibromyalgia Treatment Achieves Phase 3 Success, FDA Decision Looms - Stock Titan		https://news.google.com/rss/articles/CBMiugFBVV95cUxQZVB4MGdPTmRVc3RtaHZzS2ZJN1J0QVFtVWhKQUZ3dmtOS3AwcnBRblkzcTdBalJGTVlzRFRHVEVRM0xfZlcwSlJPLV9zSGJnaWJNUUhsNjJfTkNBYWVfQlBHZEwyR0JFUWRfTGd5MUY4d292M3VDUnRLV3FUamp3WDB0OWNiZ0dTUFgxWDlwMUZYcUlDNktZVGdTQzhfZjNMb2tacllGbS0wRVRlZEgwWjhsYWF2ZjJUTUE?oc=5
2025-04-07	Google	0.0	Tonix Pharmaceuticals Presented Data and Analyses of - GlobeNewswire		https://news.google.com/rss/articles/CBMi2wJBVV95cUxNNk1hcFZ3N2tqaVJhUWJfWlR4TlYxaFpSRWFDazVUZTNXU2VXTUtzSnZNRGZMcFYwcDFub1dKTng0Q3NOdWJNMEUwZzZCQktCbGh6dGxyMkpWM3ZUZm1Vb2p3SlI5d3JERE13QnFIMUVmVTgwdWFldmY3ZHd6ZUc1VEhtZDItX25ua2lDUTd2NlFRaUJfLXJiNERXN3gtU3BxdXhXNXBsTWJRYlI5Rmp2S0hlQ1ZIempDWURlYlB6WW5UNlh5RnNhbkR2Z19yNUduQUl6TXFXZlV1TGEzYUFDUHVIcHNGM1VIMS1GZmJNQ3FWNGhlV2FsQU5QREVqY3ZrUUhFSjlzdU9IVDVRRWY2S19RWE9FSGV6d1BzNmpmSlFXUlBHQ3BiRkNXcG9aMHlhMlppT2VMVXpLTkFPdjF3V1g0MXRPZWVJd01qVU55c1NCMno1OXJNTDJCTQ?oc=5
2025-04-07	Google	0.0	Tonix Pharmaceuticals Presented Data and Analyses of TNX-102 SL Treatment Effects on Fibromyalgia at the American Academy of Pain Medicine (AAPM) 2025 Annual Meeting - Yahoo Finance		https://news.google.com/rss/articles/CBMilgFBVV95cUxPVG9hQm5pRkxwN2VZQUJ0LVlWdVp2UUZWeGs4U2FvdmVvWnlfX2J4cmRQNTZrX0Q4dG9nVGlndXFxaVE5blVOM0FkWGFTcUh3WEt6NnJGWmR4ck5jcnN6SU5TX09TUzViOGRjNWtneE5ZVUFtcllSdzcwS1VUN1ZCLUZScE1paFBKSXR6QllMajNSMDRzNkE?oc=5
2025-04-04	Google	0.08	[Hanteo Chart Official] TNX Breaks Through 20,000 Initial Chodong with 'For Real?' - 한터뉴스		https://news.google.com/rss/articles/CBMiVkFVX3lxTE41RUoya0ZvVndITEFjVVdjQ3k5RkNyUjBtR2pfNjVCNmVjUFVNbDJQejN1SjZqT0Y3VkxTZWlNS3JRc3R2RFBVdzB5RFozZGpzNDF4d2Rn?oc=5
2025-04-03	Google	0.0	TNXP: No AdCom Required for TNX-102 SL NDA… - Yahoo Finance		https://news.google.com/rss/articles/CBMifEFVX3lxTFBReHNoQndHRFZMaGRFRGF3YkZmS3BKVkNyR3RVcWQ3bzlVMzhsNmVaZERiMEVIMWRsNzdKU3RqaVhKWGtianhXdFI5SmtDcWwxa1pEMTZOelJQU2VJTUl3Q0FFM3ZENEVkUmVYYy0xZDB0cW92UUY3dlAzMVA?oc=5
2025-03-31	Google	0.0	Revolutionary Non-Opioid Pain Drug Could Transform Fibromyalgia Treatment by 2025 - Stock Titan		https://news.google.com/rss/articles/CBMiwAFBVV95cUxQRXpfVF9iVG9jTVVNczVXZ2Z3ajJrdUkzMWJNd3poc1BmYU4tR2JNYUd3MFM3bXhRMHJDUC12Tl9rSl80MW0zbDhkREFRMzJQbHlYTGRYLWxDZWhmUlA1U3ktUjdPTGg3Z1F5ZjI2SWEzNDloRW9CRDYwRExvOHlyckQ2QmZmX256Ukx6NGVDNlRSRU1Fa09naFl6emd6eWlobzVpbjlZTWIzZ2tzNVp1Rmg5bEpyc3ZHVjFOQ3hHdVU?oc=5
2025-03-28	Google	-0.2	TNX on Making an Album That Feels Like the Warmth of Spring in the Cold Winter With ‘For Real’ - Rolling Stone India		https://news.google.com/rss/articles/CBMi2wFBVV95cUxOQ1dwSzRiaEY2R05CRXVQcGhfUHA5UFB1OFJKa3lYTUpsNllLM0RqSmVqbjVmU1ZSN3ZxY3d5OXpBNmx2UHUwazBnWjZwMTBRNVZtUEVnZ0NsZ2lIa2FzSmdrNVBVTE51cUxiRUt2WDZOaU5CbGpTLWIyWExBTTRDQlVERHJOTE1jR0JuU0JTMkU4LXM3YlFURGp0bnFNclRsWE01YjNDZzhNWE1vXzU2VlFZd3RuRUtPb013cXZxRzVWNTk1UGVrem92dlRlM3B5STlQSHlaY0dYUXc?oc=5
2025-03-27	Google	0.133	TNX returns with 'For Real?' - The Korea Herald		https://news.google.com/rss/articles/CBMiV0FVX3lxTFBOYzFzblFwRTBMa2M1akJwQm9vd1k2eUxXU2RMc2xQQ1BMT2NBNUpaUDdtanZhOWJvMHp0Rk4xS18waHhYeGRQWHU2cWxHX3RoT1h4T3Q4Zw?oc=5
2025-03-26	Google	0.15	TNX Returns After Nearly 2 Years with Self-Made Album ‘For Real?’—PSY “Let’s Go With This” - K-en News		https://news.google.com/rss/articles/CBMiaEFVX3lxTE0tVTZQUU84RXVpMjZtUnhuMzNrUlpFdE5FRmVOTFBTeVhCakgyNWtUM01YZDV1MjNob1o4NlpER1VITlFWZ2hjemlyUW5nQWU5UUtNcGhiNWVLdTFFUnlNWjlheXVURk9Y0gFsQVVfeXFMTTZWWmtMdkZISW14V3dHRU01dDdiZFNpLURHU0N4RnYwbDA0RVBfRHppTE1tQTlmMXdFWE9nMGlBMlZGRzFXalhseTczc0c0NVJfTlJ1YnBqbTFsVmNUNmx6M0JBWVVEdWpEYWtM?oc=5
2025-03-26	Google	0.067	TNX holds showcase for fourth EP 'For Real?' — in pictures - Korea JoongAng Daily		https://news.google.com/rss/articles/CBMizwFBVV95cUxNTTFsX1ZSNkpwYmpHbXVuU0xEWmxYNXdycktUTWU5QnZBNDNIZVBDVjFXMUV4X2hPSFRSemNBZ2c0bS1BZTRyck00TVlDWU5XRnBnOUhmNWlPMmdOS2FBcDR6bHNUSDRpOFdjd0dybUJzLS0tUERZaEpISmQ4dFJzSWhhajQ5RktuYnBuVEJFckVValZLcGdKblpzTGVydy1mU21vcjVxa2s1SUtYYVZjdzFxeVViblNZUUdUZDNDbEpvdURUcXMtYjR4OHQtZlk?oc=5
2025-03-25	Google	0.0	Tonix Pharmaceuticals Advances NDA: TNX-102 SL for Fibromyalgia - The Clinical Trial Vanguard		https://news.google.com/rss/articles/CBMiqgFBVV95cUxQMnJLQ0ZucEZKTU5KUER4bHhSWGlCdnZUcXJvajJ6ME1QNDRxLUMtWkZpVXBFbmw2SE14WjgydHN6dnpMc01fal9fQU50ZE1pYmMzaG5CVFE3RmdmeGtvUEQ4dHBfNjZpS2RrdGc1TnFQbUhWaDBibDRJMkhuOGhFT0xxZS1tUVRwdEJEMWlGTTFxaE9TMElwUlFaSFZSVFQ3Zm9RQklSTXpwQQ?oc=5
2025-03-24	Google	0.131	First New Fibromyalgia Treatment in 15 Years Advances: FDA Expedites TNX-102 SL Review - Stock Titan		https://news.google.com/rss/articles/CBMitgFBVV95cUxNTzdpNS1Ed21OejZyaTRFUjVkaUl5NmpVS1JYMkJ5QldkYXNrcnRLMFdJMzVPNlRiVC1KTjJaREFKQWlSemRjUmp2c1o3MXdIeWp3UUFGZm8tWXZBUDllQ3k4SnB5NTlsT1FOR0tYTWQ1VGE3ZTJ4TVZsaUVJLVYwT2hkNW01UHBYYmdXUmt2Yi0wQTdCNVQxcEVqWWtfbW5ERHZ2dzdyYVFZN2NfVF9FVVRNVTRLUQ?oc=5
2025-03-24	Google	0.0	Tonix Pharmaceuticals Announces that FDA Will Not Require - GlobeNewswire		https://news.google.com/rss/articles/CBMi4wJBVV95cUxPNTRUVUZyek1fbzVRSjdqaExmYmw1YVpaNXJqWERnaTVPeFNHdmlPcmRFR2xhY0Q1VlltUlAwUElPcjJ3b0VMRGo3YnU1LVdXMnBQaXdmMzJDbFlhZERSTldLYVdsdDhJQUFvcnlNd3d4YmhrVmVJeWFiWkpnOWdUZTBEblh6TVFCcHdzeVZBUTk2c21KTDN4dnhqLUF0RUxyVXRlSndHODNYZTF0ckpaVDBxQ0JXMzJVOW0wNllhTHlsdlo1Y3hueXRJYURlRnk5Sk4yLTM0NlJyMnZxQUlIVVJ6Q3NTRG9YYVhBNjlhRmhfb1RsdlgzZE5BRkdQdVpiaVUwbFdYQ25tLTM3NndwWW5pWHVLeDFMZEVkaGtzQjF6a3k3T1JEYkF0N0JjMHhwU3dRY2RGanFjcEt3V1NUZG5jVmVZbUhaYnE0Q1dJVkFSM1A2VlRzQWRuV0k2YXhlbjln?oc=5
2025-03-12	Google	0.0	Tonix’s TNX-1500 Shows Promise in Preventing Organ Transplant Rejections of Either Human or Pig Organs; Autoimmune Diseases Also a Target - BioSpace		https://news.google.com/rss/articles/CBMihgJBVV95cUxNZzBDUlpkX19kMk5rTGFQMWxTc1NEeXlWWFVDMTk5d2lDRFhyeGcybHdzeENremhVS0JUWEstQXVUU2wtWnByYnJrdlF1ZGszZkxNU3REVmU0ckItQ2tfb0ZQcjFJdTYtWTlTNVB5T2ZtVkhHblhxbW4yQUNFWXQ0cDg3d19TazFWMFBKa2tHUkVGaHFFQkdtSFMzd2VwcUlINEx1bDBma3RWNTh4Mi1pdkhVb1JjZmlUTjNBcmlVejlFRlJvblptc2RTNnA5OTloYXNLcFNWak51c3ZCalNTUnNjX0M2UW54UDhPSDJ1OGt2TVI2WHBCVjNMZlBvazhtNU55WFpn?oc=5
2025-03-07	Google	0.0	Tenax expands development of PH treatment TNX-103 - Pulmonary Hypertension News		https://news.google.com/rss/articles/CBMilAFBVV95cUxPSEE4UHJxVVl2N0ZYRzBGeERxN1pXSnBMLThtX3hxbDlndElwUlFOcHdGeVhhekcxTUVwclNfSjdBemtqakxmcEw4Y0VHSzBpckpYdzBnRlNBUnpjZi1kRnpOcVNHdzVvTmxRMEJnNEtxaFc3SzlmVDR5UXhKV3c2ZlVyckxlcGFqXzlvamJfaV9Oempp?oc=5
2025-03-05	Google	0.0	(03/05/25) TNX: What Treasury Yields are Saying About Stocks Here - moneyshow.com		https://news.google.com/rss/articles/CBMiqwFBVV95cUxQQVNORnRwRUJzZW5RdG9KRHJXTFZmNEN3ZVQtcXJDako1dThzSGtYU3R3YVU2VUxmaC1iMXY0SHRuY1FNU3lPRVpSLVRyaWVRN3FqX0s0TzA1anZRb0pqVkhzWnhqWm1wVEVtRzAyUExvYnhUaDlSZk1uekF6dmVJOVNsNFJpa25icUhwTm5fREpjWmtWbmFJdWRTSzdVSlNoRTZSblE1YVFVZDg?oc=5
2025-03-05	Google	0.0	Tenax Therapeutics Expands Phase 3 LEVEL Program, Advancing - GlobeNewswire		https://news.google.com/rss/articles/CBMivgJBVV95cUxPRTVPXzRuZnc0TTNIYUFKd3RnVzhTZy1OYUw3SnduRG9CaDJ4Y2xpQ0tsNHdVV0psUVJBSzRXUjF5bUdUdUk3a1lFNG5Wa0MtUHZUS0RyZmhRWGJOSHpkUk5qQkhPWFIxTDRjemxOSk0zcmxiVjRBbWNRZ3JVWnVOcmd4b09JWV8wNmozbnVPQW55T2hDb0o0ekMwa2E2NG44Z3ROQ1ZyVjAwZWxnWHJpMUpUUlpCSGlrMGl6dHc2Q2QyNVN1elZCT1FVclBydHJaekVBNjFDZ09kSlI1WDhYNzNpUHYxeDYtNThEcDZTa00yeDFTUzU4bk53TjZpcS1qNXllY1RFWTNzaW9GNm9qQTZVNExnNFRjYkdhY3hwTDYwemdfbTQzLVFYTFdaU2NBQ1VHUUUtN2lISXJNUXc?oc=5
